ARM GAS  C:\Users\HUAV\AppData\Local\Temp\cciXU3YP.s 			page 1


   1              		.cpu cortex-m7
   2              		.arch armv7e-m
   3              		.fpu fpv5-d16
   4              		.eabi_attribute 28, 1
   5              		.eabi_attribute 20, 1
   6              		.eabi_attribute 21, 1
   7              		.eabi_attribute 23, 3
   8              		.eabi_attribute 24, 1
   9              		.eabi_attribute 25, 1
  10              		.eabi_attribute 26, 1
  11              		.eabi_attribute 30, 6
  12              		.eabi_attribute 34, 1
  13              		.eabi_attribute 18, 4
  14              		.file	"Bsp_Uart.c"
  15              		.text
  16              	.Ltext0:
  17              		.cfi_sections	.debug_frame
  18              		.section	.bss.BspUart_Obj_List,"aw",%nobits
  19              		.align	2
  22              	BspUart_Obj_List:
  23 0000 00000000 		.space	16
  23      00000000 
  23      00000000 
  23      00000000 
  24              		.global	BspUart
  25              		.section	.data.BspUart,"aw"
  26              		.align	2
  29              	BspUart:
  30 0000 00000000 		.word	BspUart_Init
  31 0004 00000000 		.word	BspUart_DeInit
  32 0008 00000000 		.word	BspUart_Set_Parity
  33 000c 00000000 		.word	BspUart_Set_StopBit
  34 0010 00000000 		.word	BspUart_Set_DataBit
  35 0014 00000000 		.word	BspUart_Swap_Pin
  36 0018 00000000 		.space	4
  37 001c 00000000 		.word	BspUart_Transfer
  38 0020 00000000 		.word	BspUart_Set_Rx_Callback
  39 0024 00000000 		.word	BspUart_Set_Tx_Callback
  40              		.section	.text.BspUart_Init_Clock,"ax",%progbits
  41              		.align	1
  42              		.syntax unified
  43              		.thumb
  44              		.thumb_func
  46              	BspUart_Init_Clock:
  47              	.LFB333:
  48              		.file 1 "HW_Lib/STM32H7/BSP/Bsp_Uart.c"
   1:HW_Lib/STM32H7/BSP/Bsp_Uart.c **** /*
   2:HW_Lib/STM32H7/BSP/Bsp_Uart.c ****  * coder : 8_B!T0
   3:HW_Lib/STM32H7/BSP/Bsp_Uart.c ****  * bref : default using uart dma transfer
   4:HW_Lib/STM32H7/BSP/Bsp_Uart.c ****  */
   5:HW_Lib/STM32H7/BSP/Bsp_Uart.c **** #include "stm32h743xx.h"
   6:HW_Lib/STM32H7/BSP/Bsp_Uart.c **** #include "stm32h7xx_hal.h"
   7:HW_Lib/STM32H7/BSP/Bsp_Uart.c **** #include "stm32h7xx_hal_rcc.h"
   8:HW_Lib/STM32H7/BSP/Bsp_Uart.c **** #include "stm32h7xx_hal_uart.h"
   9:HW_Lib/STM32H7/BSP/Bsp_Uart.c **** #include "Bsp_Uart.h"
  10:HW_Lib/STM32H7/BSP/Bsp_Uart.c **** 
  11:HW_Lib/STM32H7/BSP/Bsp_Uart.c **** #define To_Uart_Instance(x) ((USART_TypeDef *)x)
ARM GAS  C:\Users\HUAV\AppData\Local\Temp\cciXU3YP.s 			page 2


  12:HW_Lib/STM32H7/BSP/Bsp_Uart.c **** #define To_Uart_Handle_Ptr(x) ((UART_HandleTypeDef *)x)
  13:HW_Lib/STM32H7/BSP/Bsp_Uart.c **** #define To_UartDMA_Handle_Ptr(x) ((DMA_HandleTypeDef *)x)
  14:HW_Lib/STM32H7/BSP/Bsp_Uart.c **** 
  15:HW_Lib/STM32H7/BSP/Bsp_Uart.c **** #define BspUart_Opr_TimeOut 100 // 100ms
  16:HW_Lib/STM32H7/BSP/Bsp_Uart.c **** 
  17:HW_Lib/STM32H7/BSP/Bsp_Uart.c **** /* internal variable */
  18:HW_Lib/STM32H7/BSP/Bsp_Uart.c **** static volatile BspUARTObj_TypeDef *BspUart_Obj_List[Bsp_UART_Port_Sum] = {NULL};
  19:HW_Lib/STM32H7/BSP/Bsp_Uart.c **** 
  20:HW_Lib/STM32H7/BSP/Bsp_Uart.c **** /* internal function */
  21:HW_Lib/STM32H7/BSP/Bsp_Uart.c **** 
  22:HW_Lib/STM32H7/BSP/Bsp_Uart.c **** /* external function */
  23:HW_Lib/STM32H7/BSP/Bsp_Uart.c **** static bool BspUart_Init(BspUARTObj_TypeDef *obj);
  24:HW_Lib/STM32H7/BSP/Bsp_Uart.c **** static bool BspUart_DeInit(BspUARTObj_TypeDef *obj);
  25:HW_Lib/STM32H7/BSP/Bsp_Uart.c **** static bool BspUart_Set_DataBit(BspUARTObj_TypeDef *obj, uint32_t bit);
  26:HW_Lib/STM32H7/BSP/Bsp_Uart.c **** static bool BspUart_Set_Parity(BspUARTObj_TypeDef *obj, uint32_t parity);
  27:HW_Lib/STM32H7/BSP/Bsp_Uart.c **** static bool BspUart_Set_StopBit(BspUARTObj_TypeDef *obj, uint32_t stop_bit);
  28:HW_Lib/STM32H7/BSP/Bsp_Uart.c **** static bool BspUart_Swap_Pin(BspUARTObj_TypeDef *obj, bool swap);
  29:HW_Lib/STM32H7/BSP/Bsp_Uart.c **** static bool BspUart_Transfer(BspUARTObj_TypeDef *obj, uint8_t *tx_buf, uint16_t size);
  30:HW_Lib/STM32H7/BSP/Bsp_Uart.c **** static bool BspUart_Set_Rx_Callback(BspUARTObj_TypeDef *obj, BspUART_Callback callback);
  31:HW_Lib/STM32H7/BSP/Bsp_Uart.c **** static bool BspUart_Set_Tx_Callback(BspUARTObj_TypeDef *obj, BspUART_Callback callback);
  32:HW_Lib/STM32H7/BSP/Bsp_Uart.c **** 
  33:HW_Lib/STM32H7/BSP/Bsp_Uart.c **** BspUART_TypeDef BspUart = {
  34:HW_Lib/STM32H7/BSP/Bsp_Uart.c ****     .init = BspUart_Init,
  35:HW_Lib/STM32H7/BSP/Bsp_Uart.c ****     .de_init = BspUart_DeInit,
  36:HW_Lib/STM32H7/BSP/Bsp_Uart.c ****     .set_parity = BspUart_Set_Parity,
  37:HW_Lib/STM32H7/BSP/Bsp_Uart.c ****     .set_stop_bit = BspUart_Set_StopBit,
  38:HW_Lib/STM32H7/BSP/Bsp_Uart.c ****     .set_data_bit = BspUart_Set_DataBit,
  39:HW_Lib/STM32H7/BSP/Bsp_Uart.c ****     .set_swap = BspUart_Swap_Pin,
  40:HW_Lib/STM32H7/BSP/Bsp_Uart.c ****     .send = BspUart_Transfer,
  41:HW_Lib/STM32H7/BSP/Bsp_Uart.c ****     .set_rx_callback = BspUart_Set_Rx_Callback,
  42:HW_Lib/STM32H7/BSP/Bsp_Uart.c ****     .set_tx_callback = BspUart_Set_Tx_Callback,
  43:HW_Lib/STM32H7/BSP/Bsp_Uart.c **** };
  44:HW_Lib/STM32H7/BSP/Bsp_Uart.c **** 
  45:HW_Lib/STM32H7/BSP/Bsp_Uart.c **** static int BspUart_Init_Clock(BspUARTObj_TypeDef *obj)
  46:HW_Lib/STM32H7/BSP/Bsp_Uart.c **** {
  49              		.loc 1 46 1
  50              		.cfi_startproc
  51              		@ args = 0, pretend = 0, frame = 216
  52              		@ frame_needed = 1, uses_anonymous_args = 0
  53 0000 90B5     		push	{r4, r7, lr}
  54              	.LCFI0:
  55              		.cfi_def_cfa_offset 12
  56              		.cfi_offset 4, -12
  57              		.cfi_offset 7, -8
  58              		.cfi_offset 14, -4
  59 0002 B7B0     		sub	sp, sp, #220
  60              	.LCFI1:
  61              		.cfi_def_cfa_offset 232
  62 0004 00AF     		add	r7, sp, #0
  63              	.LCFI2:
  64              		.cfi_def_cfa_register 7
  65 0006 7860     		str	r0, [r7, #4]
  47:HW_Lib/STM32H7/BSP/Bsp_Uart.c ****     RCC_PeriphCLKInitTypeDef PeriphClkInitStruct = {0};
  66              		.loc 1 47 30
  67 0008 07F11803 		add	r3, r7, #24
  68 000c BC22     		movs	r2, #188
  69 000e 0021     		movs	r1, #0
ARM GAS  C:\Users\HUAV\AppData\Local\Temp\cciXU3YP.s 			page 3


  70 0010 1846     		mov	r0, r3
  71 0012 FFF7FEFF 		bl	memset
  48:HW_Lib/STM32H7/BSP/Bsp_Uart.c ****     int8_t index = Bspuart_None_Index;
  72              		.loc 1 48 12
  73 0016 FF23     		movs	r3, #255
  74 0018 87F8D730 		strb	r3, [r7, #215]
  49:HW_Lib/STM32H7/BSP/Bsp_Uart.c **** 
  50:HW_Lib/STM32H7/BSP/Bsp_Uart.c ****     if ((obj == NULL) ||
  75              		.loc 1 50 8
  76 001c 7B68     		ldr	r3, [r7, #4]
  77 001e 002B     		cmp	r3, #0
  78 0020 03D0     		beq	.L2
  51:HW_Lib/STM32H7/BSP/Bsp_Uart.c ****         (To_Uart_Instance(obj->instance) == NULL))
  79              		.loc 1 51 10 discriminator 1
  80 0022 7B68     		ldr	r3, [r7, #4]
  81 0024 9B68     		ldr	r3, [r3, #8]
  50:HW_Lib/STM32H7/BSP/Bsp_Uart.c ****         (To_Uart_Instance(obj->instance) == NULL))
  82              		.loc 1 50 23 discriminator 1
  83 0026 002B     		cmp	r3, #0
  84 0028 02D1     		bne	.L3
  85              	.L2:
  52:HW_Lib/STM32H7/BSP/Bsp_Uart.c ****         return BspUart_Clock_Error;
  86              		.loc 1 52 16
  87 002a 4FF0FF33 		mov	r3, #-1
  88 002e B2E0     		b	.L14
  89              	.L3:
  53:HW_Lib/STM32H7/BSP/Bsp_Uart.c **** 
  54:HW_Lib/STM32H7/BSP/Bsp_Uart.c ****     if (To_Uart_Instance(obj->instance) == USART1)
  90              		.loc 1 54 9
  91 0030 7B68     		ldr	r3, [r7, #4]
  92 0032 9B68     		ldr	r3, [r3, #8]
  93              		.loc 1 54 8
  94 0034 5A4A     		ldr	r2, .L15
  95 0036 9342     		cmp	r3, r2
  96 0038 22D1     		bne	.L5
  55:HW_Lib/STM32H7/BSP/Bsp_Uart.c ****     {
  56:HW_Lib/STM32H7/BSP/Bsp_Uart.c ****         PeriphClkInitStruct.PeriphClockSelection = RCC_PERIPHCLK_USART1;
  97              		.loc 1 56 50
  98 003a 0123     		movs	r3, #1
  99 003c BB61     		str	r3, [r7, #24]
  57:HW_Lib/STM32H7/BSP/Bsp_Uart.c ****         PeriphClkInitStruct.Usart234578ClockSelection = RCC_USART1CLKSOURCE_D2PCLK2;
 100              		.loc 1 57 55
 101 003e 0023     		movs	r3, #0
 102 0040 C7F88C30 		str	r3, [r7, #140]
  58:HW_Lib/STM32H7/BSP/Bsp_Uart.c **** 
  59:HW_Lib/STM32H7/BSP/Bsp_Uart.c ****         if (HAL_RCCEx_PeriphCLKConfig(&PeriphClkInitStruct) != HAL_OK)
 103              		.loc 1 59 13
 104 0044 07F11803 		add	r3, r7, #24
 105 0048 1846     		mov	r0, r3
 106 004a FFF7FEFF 		bl	HAL_RCCEx_PeriphCLKConfig
 107 004e 0346     		mov	r3, r0
 108              		.loc 1 59 12
 109 0050 002B     		cmp	r3, #0
 110 0052 02D0     		beq	.L6
  60:HW_Lib/STM32H7/BSP/Bsp_Uart.c ****             return BspUart_Clock_Error;
 111              		.loc 1 60 20
 112 0054 4FF0FF33 		mov	r3, #-1
ARM GAS  C:\Users\HUAV\AppData\Local\Temp\cciXU3YP.s 			page 4


 113 0058 9DE0     		b	.L14
 114              	.L6:
 115              	.LBB18:
  61:HW_Lib/STM32H7/BSP/Bsp_Uart.c **** 
  62:HW_Lib/STM32H7/BSP/Bsp_Uart.c ****         __HAL_RCC_USART1_CLK_ENABLE();
 116              		.loc 1 62 9
 117 005a 524B     		ldr	r3, .L15+4
 118 005c D3F8F030 		ldr	r3, [r3, #240]
 119 0060 504A     		ldr	r2, .L15+4
 120 0062 43F01003 		orr	r3, r3, #16
 121 0066 C2F8F030 		str	r3, [r2, #240]
 122 006a 4E4B     		ldr	r3, .L15+4
 123 006c D3F8F030 		ldr	r3, [r3, #240]
 124 0070 03F01003 		and	r3, r3, #16
 125 0074 7B61     		str	r3, [r7, #20]
 126 0076 7B69     		ldr	r3, [r7, #20]
 127              	.LBE18:
  63:HW_Lib/STM32H7/BSP/Bsp_Uart.c ****         index = Bsp_UART_Port_1;
 128              		.loc 1 63 15
 129 0078 0023     		movs	r3, #0
 130 007a 87F8D730 		strb	r3, [r7, #215]
 131 007e 7AE0     		b	.L7
 132              	.L5:
  64:HW_Lib/STM32H7/BSP/Bsp_Uart.c ****     }
  65:HW_Lib/STM32H7/BSP/Bsp_Uart.c ****     else if (To_Uart_Instance(obj->instance) == UART4)
 133              		.loc 1 65 14
 134 0080 7B68     		ldr	r3, [r7, #4]
 135 0082 9B68     		ldr	r3, [r3, #8]
 136              		.loc 1 65 13
 137 0084 484A     		ldr	r2, .L15+8
 138 0086 9342     		cmp	r3, r2
 139 0088 22D1     		bne	.L8
  66:HW_Lib/STM32H7/BSP/Bsp_Uart.c ****     {
  67:HW_Lib/STM32H7/BSP/Bsp_Uart.c ****         PeriphClkInitStruct.PeriphClockSelection = RCC_PERIPHCLK_UART4;
 140              		.loc 1 67 50
 141 008a 0223     		movs	r3, #2
 142 008c BB61     		str	r3, [r7, #24]
  68:HW_Lib/STM32H7/BSP/Bsp_Uart.c ****         PeriphClkInitStruct.Usart234578ClockSelection = RCC_USART234578CLKSOURCE_D2PCLK1;
 143              		.loc 1 68 55
 144 008e 0023     		movs	r3, #0
 145 0090 C7F88C30 		str	r3, [r7, #140]
  69:HW_Lib/STM32H7/BSP/Bsp_Uart.c **** 
  70:HW_Lib/STM32H7/BSP/Bsp_Uart.c ****         if (HAL_RCCEx_PeriphCLKConfig(&PeriphClkInitStruct) != HAL_OK)
 146              		.loc 1 70 13
 147 0094 07F11803 		add	r3, r7, #24
 148 0098 1846     		mov	r0, r3
 149 009a FFF7FEFF 		bl	HAL_RCCEx_PeriphCLKConfig
 150 009e 0346     		mov	r3, r0
 151              		.loc 1 70 12
 152 00a0 002B     		cmp	r3, #0
 153 00a2 02D0     		beq	.L9
  71:HW_Lib/STM32H7/BSP/Bsp_Uart.c ****             return BspUart_Clock_Error;
 154              		.loc 1 71 20
 155 00a4 4FF0FF33 		mov	r3, #-1
 156 00a8 75E0     		b	.L14
 157              	.L9:
 158              	.LBB19:
ARM GAS  C:\Users\HUAV\AppData\Local\Temp\cciXU3YP.s 			page 5


  72:HW_Lib/STM32H7/BSP/Bsp_Uart.c **** 
  73:HW_Lib/STM32H7/BSP/Bsp_Uart.c ****         __HAL_RCC_UART4_CLK_ENABLE();
 159              		.loc 1 73 9
 160 00aa 3E4B     		ldr	r3, .L15+4
 161 00ac D3F8E830 		ldr	r3, [r3, #232]
 162 00b0 3C4A     		ldr	r2, .L15+4
 163 00b2 43F40023 		orr	r3, r3, #524288
 164 00b6 C2F8E830 		str	r3, [r2, #232]
 165 00ba 3A4B     		ldr	r3, .L15+4
 166 00bc D3F8E830 		ldr	r3, [r3, #232]
 167 00c0 03F40023 		and	r3, r3, #524288
 168 00c4 3B61     		str	r3, [r7, #16]
 169 00c6 3B69     		ldr	r3, [r7, #16]
 170              	.LBE19:
  74:HW_Lib/STM32H7/BSP/Bsp_Uart.c ****         index = Bsp_UART_Port_4;
 171              		.loc 1 74 15
 172 00c8 0123     		movs	r3, #1
 173 00ca 87F8D730 		strb	r3, [r7, #215]
 174 00ce 52E0     		b	.L7
 175              	.L8:
  75:HW_Lib/STM32H7/BSP/Bsp_Uart.c ****     }
  76:HW_Lib/STM32H7/BSP/Bsp_Uart.c ****     else if (To_Uart_Instance(obj->instance) == USART6)
 176              		.loc 1 76 14
 177 00d0 7B68     		ldr	r3, [r7, #4]
 178 00d2 9B68     		ldr	r3, [r3, #8]
 179              		.loc 1 76 13
 180 00d4 354A     		ldr	r2, .L15+12
 181 00d6 9342     		cmp	r3, r2
 182 00d8 22D1     		bne	.L10
  77:HW_Lib/STM32H7/BSP/Bsp_Uart.c ****     {
  78:HW_Lib/STM32H7/BSP/Bsp_Uart.c ****         PeriphClkInitStruct.PeriphClockSelection = RCC_PERIPHCLK_USART6;
 183              		.loc 1 78 50
 184 00da 0123     		movs	r3, #1
 185 00dc BB61     		str	r3, [r7, #24]
  79:HW_Lib/STM32H7/BSP/Bsp_Uart.c ****         PeriphClkInitStruct.Usart16ClockSelection = RCC_USART16CLKSOURCE_D2PCLK2;
 186              		.loc 1 79 51
 187 00de 0023     		movs	r3, #0
 188 00e0 C7F89030 		str	r3, [r7, #144]
  80:HW_Lib/STM32H7/BSP/Bsp_Uart.c **** 
  81:HW_Lib/STM32H7/BSP/Bsp_Uart.c ****         if (HAL_RCCEx_PeriphCLKConfig(&PeriphClkInitStruct) != HAL_OK)
 189              		.loc 1 81 13
 190 00e4 07F11803 		add	r3, r7, #24
 191 00e8 1846     		mov	r0, r3
 192 00ea FFF7FEFF 		bl	HAL_RCCEx_PeriphCLKConfig
 193 00ee 0346     		mov	r3, r0
 194              		.loc 1 81 12
 195 00f0 002B     		cmp	r3, #0
 196 00f2 02D0     		beq	.L11
  82:HW_Lib/STM32H7/BSP/Bsp_Uart.c ****             return BspUart_Clock_Error;
 197              		.loc 1 82 20
 198 00f4 4FF0FF33 		mov	r3, #-1
 199 00f8 4DE0     		b	.L14
 200              	.L11:
 201              	.LBB20:
  83:HW_Lib/STM32H7/BSP/Bsp_Uart.c **** 
  84:HW_Lib/STM32H7/BSP/Bsp_Uart.c ****         __HAL_RCC_USART6_CLK_ENABLE();
 202              		.loc 1 84 9
ARM GAS  C:\Users\HUAV\AppData\Local\Temp\cciXU3YP.s 			page 6


 203 00fa 2A4B     		ldr	r3, .L15+4
 204 00fc D3F8F030 		ldr	r3, [r3, #240]
 205 0100 284A     		ldr	r2, .L15+4
 206 0102 43F02003 		orr	r3, r3, #32
 207 0106 C2F8F030 		str	r3, [r2, #240]
 208 010a 264B     		ldr	r3, .L15+4
 209 010c D3F8F030 		ldr	r3, [r3, #240]
 210 0110 03F02003 		and	r3, r3, #32
 211 0114 FB60     		str	r3, [r7, #12]
 212 0116 FB68     		ldr	r3, [r7, #12]
 213              	.LBE20:
  85:HW_Lib/STM32H7/BSP/Bsp_Uart.c ****         index = Bsp_UART_Port_6;
 214              		.loc 1 85 15
 215 0118 0223     		movs	r3, #2
 216 011a 87F8D730 		strb	r3, [r7, #215]
 217 011e 2AE0     		b	.L7
 218              	.L10:
  86:HW_Lib/STM32H7/BSP/Bsp_Uart.c ****     }
  87:HW_Lib/STM32H7/BSP/Bsp_Uart.c ****     else if (To_Uart_Instance(obj->instance) == UART7)
 219              		.loc 1 87 14
 220 0120 7B68     		ldr	r3, [r7, #4]
 221 0122 9B68     		ldr	r3, [r3, #8]
 222              		.loc 1 87 13
 223 0124 224A     		ldr	r2, .L15+16
 224 0126 9342     		cmp	r3, r2
 225 0128 22D1     		bne	.L12
  88:HW_Lib/STM32H7/BSP/Bsp_Uart.c ****     {
  89:HW_Lib/STM32H7/BSP/Bsp_Uart.c ****         PeriphClkInitStruct.PeriphClockSelection = RCC_PERIPHCLK_UART7;
 226              		.loc 1 89 50
 227 012a 0223     		movs	r3, #2
 228 012c BB61     		str	r3, [r7, #24]
  90:HW_Lib/STM32H7/BSP/Bsp_Uart.c ****         PeriphClkInitStruct.Usart234578ClockSelection = RCC_USART234578CLKSOURCE_D2PCLK1;
 229              		.loc 1 90 55
 230 012e 0023     		movs	r3, #0
 231 0130 C7F88C30 		str	r3, [r7, #140]
  91:HW_Lib/STM32H7/BSP/Bsp_Uart.c **** 
  92:HW_Lib/STM32H7/BSP/Bsp_Uart.c ****         if (HAL_RCCEx_PeriphCLKConfig(&PeriphClkInitStruct) != HAL_OK)
 232              		.loc 1 92 13
 233 0134 07F11803 		add	r3, r7, #24
 234 0138 1846     		mov	r0, r3
 235 013a FFF7FEFF 		bl	HAL_RCCEx_PeriphCLKConfig
 236 013e 0346     		mov	r3, r0
 237              		.loc 1 92 12
 238 0140 002B     		cmp	r3, #0
 239 0142 02D0     		beq	.L13
  93:HW_Lib/STM32H7/BSP/Bsp_Uart.c ****             return BspUart_Clock_Error;
 240              		.loc 1 93 20
 241 0144 4FF0FF33 		mov	r3, #-1
 242 0148 25E0     		b	.L14
 243              	.L13:
 244              	.LBB21:
  94:HW_Lib/STM32H7/BSP/Bsp_Uart.c **** 
  95:HW_Lib/STM32H7/BSP/Bsp_Uart.c ****         __HAL_RCC_UART7_CLK_ENABLE();
 245              		.loc 1 95 9
 246 014a 164B     		ldr	r3, .L15+4
 247 014c D3F8E830 		ldr	r3, [r3, #232]
 248 0150 144A     		ldr	r2, .L15+4
ARM GAS  C:\Users\HUAV\AppData\Local\Temp\cciXU3YP.s 			page 7


 249 0152 43F08043 		orr	r3, r3, #1073741824
 250 0156 C2F8E830 		str	r3, [r2, #232]
 251 015a 124B     		ldr	r3, .L15+4
 252 015c D3F8E830 		ldr	r3, [r3, #232]
 253 0160 03F08043 		and	r3, r3, #1073741824
 254 0164 BB60     		str	r3, [r7, #8]
 255 0166 BB68     		ldr	r3, [r7, #8]
 256              	.LBE21:
  96:HW_Lib/STM32H7/BSP/Bsp_Uart.c ****         index = Bsp_UART_Port_7;
 257              		.loc 1 96 15
 258 0168 0323     		movs	r3, #3
 259 016a 87F8D730 		strb	r3, [r7, #215]
 260 016e 02E0     		b	.L7
 261              	.L12:
  97:HW_Lib/STM32H7/BSP/Bsp_Uart.c ****     }
  98:HW_Lib/STM32H7/BSP/Bsp_Uart.c ****     else
  99:HW_Lib/STM32H7/BSP/Bsp_Uart.c ****         return BspUart_Clock_Error;
 262              		.loc 1 99 16
 263 0170 4FF0FF33 		mov	r3, #-1
 264 0174 0FE0     		b	.L14
 265              	.L7:
 100:HW_Lib/STM32H7/BSP/Bsp_Uart.c **** 
 101:HW_Lib/STM32H7/BSP/Bsp_Uart.c ****     /* rx tx pin init */
 102:HW_Lib/STM32H7/BSP/Bsp_Uart.c ****     BspGPIO.alt_init(obj->rx_io, GPIO_MODE_AF_PP);
 266              		.loc 1 102 12
 267 0176 0F4B     		ldr	r3, .L15+20
 268 0178 DC68     		ldr	r4, [r3, #12]
 269              		.loc 1 102 5
 270 017a 7A68     		ldr	r2, [r7, #4]
 271 017c 0223     		movs	r3, #2
 272 017e 2C32     		adds	r2, r2, #44
 273 0180 07CA     		ldm	r2, {r0, r1, r2}
 274 0182 A047     		blx	r4
 275              	.LVL0:
 103:HW_Lib/STM32H7/BSP/Bsp_Uart.c ****     BspGPIO.alt_init(obj->tx_io, GPIO_MODE_AF_PP);
 276              		.loc 1 103 12
 277 0184 0B4B     		ldr	r3, .L15+20
 278 0186 DC68     		ldr	r4, [r3, #12]
 279              		.loc 1 103 5
 280 0188 7A68     		ldr	r2, [r7, #4]
 281 018a 0223     		movs	r3, #2
 282 018c 2032     		adds	r2, r2, #32
 283 018e 07CA     		ldm	r2, {r0, r1, r2}
 284 0190 A047     		blx	r4
 285              	.LVL1:
 104:HW_Lib/STM32H7/BSP/Bsp_Uart.c **** 
 105:HW_Lib/STM32H7/BSP/Bsp_Uart.c ****     return index;
 286              		.loc 1 105 12
 287 0192 97F9D730 		ldrsb	r3, [r7, #215]
 288              	.L14:
 106:HW_Lib/STM32H7/BSP/Bsp_Uart.c **** }
 289              		.loc 1 106 1 discriminator 1
 290 0196 1846     		mov	r0, r3
 291 0198 DC37     		adds	r7, r7, #220
 292              	.LCFI3:
 293              		.cfi_def_cfa_offset 12
 294 019a BD46     		mov	sp, r7
ARM GAS  C:\Users\HUAV\AppData\Local\Temp\cciXU3YP.s 			page 8


 295              	.LCFI4:
 296              		.cfi_def_cfa_register 13
 297              		@ sp needed
 298 019c 90BD     		pop	{r4, r7, pc}
 299              	.L16:
 300 019e 00BF     		.align	2
 301              	.L15:
 302 01a0 00100140 		.word	1073811456
 303 01a4 00440258 		.word	1476543488
 304 01a8 004C0040 		.word	1073761280
 305 01ac 00140140 		.word	1073812480
 306 01b0 00780040 		.word	1073772544
 307 01b4 00000000 		.word	BspGPIO
 308              		.cfi_endproc
 309              	.LFE333:
 311              		.section	.text.BspUart_Init_DMA,"ax",%progbits
 312              		.align	1
 313              		.syntax unified
 314              		.thumb
 315              		.thumb_func
 317              	BspUart_Init_DMA:
 318              	.LFB334:
 107:HW_Lib/STM32H7/BSP/Bsp_Uart.c **** 
 108:HW_Lib/STM32H7/BSP/Bsp_Uart.c **** static int BspUart_Init_DMA(BspUARTObj_TypeDef *obj)
 109:HW_Lib/STM32H7/BSP/Bsp_Uart.c **** {
 319              		.loc 1 109 1
 320              		.cfi_startproc
 321              		@ args = 0, pretend = 0, frame = 256
 322              		@ frame_needed = 1, uses_anonymous_args = 0
 323 0000 90B5     		push	{r4, r7, lr}
 324              	.LCFI5:
 325              		.cfi_def_cfa_offset 12
 326              		.cfi_offset 4, -12
 327              		.cfi_offset 7, -8
 328              		.cfi_offset 14, -4
 329 0002 C3B0     		sub	sp, sp, #268
 330              	.LCFI6:
 331              		.cfi_def_cfa_offset 280
 332 0004 02AF     		add	r7, sp, #8
 333              	.LCFI7:
 334              		.cfi_def_cfa 7, 272
 335 0006 7860     		str	r0, [r7, #4]
 110:HW_Lib/STM32H7/BSP/Bsp_Uart.c ****     DMA_HandleTypeDef tx_dma_cfg = {0};
 336              		.loc 1 110 23
 337 0008 07F18403 		add	r3, r7, #132
 338 000c 7822     		movs	r2, #120
 339 000e 0021     		movs	r1, #0
 340 0010 1846     		mov	r0, r3
 341 0012 FFF7FEFF 		bl	memset
 111:HW_Lib/STM32H7/BSP/Bsp_Uart.c ****     DMA_HandleTypeDef rx_dma_cfg = {0};
 342              		.loc 1 111 23
 343 0016 07F10C03 		add	r3, r7, #12
 344 001a 7822     		movs	r2, #120
 345 001c 0021     		movs	r1, #0
 346 001e 1846     		mov	r0, r3
 347 0020 FFF7FEFF 		bl	memset
 112:HW_Lib/STM32H7/BSP/Bsp_Uart.c ****     int8_t index = Bspuart_None_Index;
ARM GAS  C:\Users\HUAV\AppData\Local\Temp\cciXU3YP.s 			page 9


 348              		.loc 1 112 12
 349 0024 FF23     		movs	r3, #255
 350 0026 87F8FF30 		strb	r3, [r7, #255]
 113:HW_Lib/STM32H7/BSP/Bsp_Uart.c ****     bool rx_dma_reg_state = false;
 351              		.loc 1 113 10
 352 002a 0023     		movs	r3, #0
 353 002c 87F8FE30 		strb	r3, [r7, #254]
 114:HW_Lib/STM32H7/BSP/Bsp_Uart.c ****     bool tx_dma_reg_state = false;
 354              		.loc 1 114 10
 355 0030 0023     		movs	r3, #0
 356 0032 87F8FD30 		strb	r3, [r7, #253]
 115:HW_Lib/STM32H7/BSP/Bsp_Uart.c **** 
 116:HW_Lib/STM32H7/BSP/Bsp_Uart.c ****     tx_dma_cfg.Init.PeriphInc = DMA_PINC_DISABLE;
 357              		.loc 1 116 31
 358 0036 0023     		movs	r3, #0
 359 0038 C7F89030 		str	r3, [r7, #144]
 117:HW_Lib/STM32H7/BSP/Bsp_Uart.c ****     tx_dma_cfg.Init.MemInc = DMA_MINC_ENABLE;
 360              		.loc 1 117 28
 361 003c 4FF48063 		mov	r3, #1024
 362 0040 C7F89430 		str	r3, [r7, #148]
 118:HW_Lib/STM32H7/BSP/Bsp_Uart.c ****     tx_dma_cfg.Init.PeriphDataAlignment = DMA_PDATAALIGN_BYTE;
 363              		.loc 1 118 41
 364 0044 0023     		movs	r3, #0
 365 0046 C7F89830 		str	r3, [r7, #152]
 119:HW_Lib/STM32H7/BSP/Bsp_Uart.c ****     tx_dma_cfg.Init.MemDataAlignment = DMA_MDATAALIGN_BYTE;
 366              		.loc 1 119 38
 367 004a 0023     		movs	r3, #0
 368 004c C7F89C30 		str	r3, [r7, #156]
 120:HW_Lib/STM32H7/BSP/Bsp_Uart.c ****     tx_dma_cfg.Init.Mode = DMA_NORMAL;
 369              		.loc 1 120 26
 370 0050 0023     		movs	r3, #0
 371 0052 C7F8A030 		str	r3, [r7, #160]
 121:HW_Lib/STM32H7/BSP/Bsp_Uart.c ****     tx_dma_cfg.Init.Priority = DMA_PRIORITY_MEDIUM;
 372              		.loc 1 121 30
 373 0056 4FF48033 		mov	r3, #65536
 374 005a C7F8A430 		str	r3, [r7, #164]
 122:HW_Lib/STM32H7/BSP/Bsp_Uart.c ****     tx_dma_cfg.Init.FIFOMode = DMA_FIFOMODE_DISABLE;
 375              		.loc 1 122 30
 376 005e 0023     		movs	r3, #0
 377 0060 C7F8A830 		str	r3, [r7, #168]
 123:HW_Lib/STM32H7/BSP/Bsp_Uart.c ****     tx_dma_cfg.Init.Direction = DMA_MEMORY_TO_PERIPH;
 378              		.loc 1 123 31
 379 0064 4023     		movs	r3, #64
 380 0066 C7F88C30 		str	r3, [r7, #140]
 124:HW_Lib/STM32H7/BSP/Bsp_Uart.c **** 
 125:HW_Lib/STM32H7/BSP/Bsp_Uart.c ****     rx_dma_cfg.Init.PeriphInc = DMA_PINC_DISABLE;
 381              		.loc 1 125 31
 382 006a 0023     		movs	r3, #0
 383 006c BB61     		str	r3, [r7, #24]
 126:HW_Lib/STM32H7/BSP/Bsp_Uart.c ****     rx_dma_cfg.Init.MemInc = DMA_MINC_ENABLE;
 384              		.loc 1 126 28
 385 006e 4FF48063 		mov	r3, #1024
 386 0072 FB61     		str	r3, [r7, #28]
 127:HW_Lib/STM32H7/BSP/Bsp_Uart.c ****     rx_dma_cfg.Init.PeriphDataAlignment = DMA_PDATAALIGN_BYTE;
 387              		.loc 1 127 41
 388 0074 0023     		movs	r3, #0
 389 0076 3B62     		str	r3, [r7, #32]
ARM GAS  C:\Users\HUAV\AppData\Local\Temp\cciXU3YP.s 			page 10


 128:HW_Lib/STM32H7/BSP/Bsp_Uart.c ****     rx_dma_cfg.Init.MemDataAlignment = DMA_MDATAALIGN_BYTE;
 390              		.loc 1 128 38
 391 0078 0023     		movs	r3, #0
 392 007a 7B62     		str	r3, [r7, #36]
 129:HW_Lib/STM32H7/BSP/Bsp_Uart.c ****     rx_dma_cfg.Init.Mode = DMA_NORMAL;
 393              		.loc 1 129 26
 394 007c 0023     		movs	r3, #0
 395 007e BB62     		str	r3, [r7, #40]
 130:HW_Lib/STM32H7/BSP/Bsp_Uart.c ****     rx_dma_cfg.Init.Priority = DMA_PRIORITY_MEDIUM;
 396              		.loc 1 130 30
 397 0080 4FF48033 		mov	r3, #65536
 398 0084 FB62     		str	r3, [r7, #44]
 131:HW_Lib/STM32H7/BSP/Bsp_Uart.c ****     rx_dma_cfg.Init.FIFOMode = DMA_FIFOMODE_DISABLE;
 399              		.loc 1 131 30
 400 0086 0023     		movs	r3, #0
 401 0088 3B63     		str	r3, [r7, #48]
 132:HW_Lib/STM32H7/BSP/Bsp_Uart.c ****     rx_dma_cfg.Init.Direction = DMA_PERIPH_TO_MEMORY;
 402              		.loc 1 132 31
 403 008a 0023     		movs	r3, #0
 404 008c 7B61     		str	r3, [r7, #20]
 133:HW_Lib/STM32H7/BSP/Bsp_Uart.c **** 
 134:HW_Lib/STM32H7/BSP/Bsp_Uart.c ****     if ((obj == NULL) ||
 405              		.loc 1 134 8
 406 008e 7B68     		ldr	r3, [r7, #4]
 407 0090 002B     		cmp	r3, #0
 408 0092 03D0     		beq	.L18
 135:HW_Lib/STM32H7/BSP/Bsp_Uart.c ****         (To_Uart_Instance(obj->instance) == NULL))
 409              		.loc 1 135 10 discriminator 1
 410 0094 7B68     		ldr	r3, [r7, #4]
 411 0096 9B68     		ldr	r3, [r3, #8]
 134:HW_Lib/STM32H7/BSP/Bsp_Uart.c ****         (To_Uart_Instance(obj->instance) == NULL))
 412              		.loc 1 134 23 discriminator 1
 413 0098 002B     		cmp	r3, #0
 414 009a 02D1     		bne	.L19
 415              	.L18:
 136:HW_Lib/STM32H7/BSP/Bsp_Uart.c ****         return BspUart_Clock_Error;
 416              		.loc 1 136 16
 417 009c 4FF0FF33 		mov	r3, #-1
 418 00a0 C9E0     		b	.L31
 419              	.L19:
 137:HW_Lib/STM32H7/BSP/Bsp_Uart.c **** 
 138:HW_Lib/STM32H7/BSP/Bsp_Uart.c ****     if (To_Uart_Instance(obj->instance) == USART1)
 420              		.loc 1 138 9
 421 00a2 7B68     		ldr	r3, [r7, #4]
 422 00a4 9B68     		ldr	r3, [r3, #8]
 423              		.loc 1 138 8
 424 00a6 664A     		ldr	r2, .L32
 425 00a8 9342     		cmp	r3, r2
 426 00aa 08D1     		bne	.L21
 139:HW_Lib/STM32H7/BSP/Bsp_Uart.c ****     {
 140:HW_Lib/STM32H7/BSP/Bsp_Uart.c ****         rx_dma_cfg.Init.Request = DMA_REQUEST_USART1_RX;
 427              		.loc 1 140 33
 428 00ac 2923     		movs	r3, #41
 429 00ae 3B61     		str	r3, [r7, #16]
 141:HW_Lib/STM32H7/BSP/Bsp_Uart.c ****         tx_dma_cfg.Init.Request = DMA_REQUEST_USART1_TX;
 430              		.loc 1 141 33
 431 00b0 2A23     		movs	r3, #42
ARM GAS  C:\Users\HUAV\AppData\Local\Temp\cciXU3YP.s 			page 11


 432 00b2 C7F88830 		str	r3, [r7, #136]
 142:HW_Lib/STM32H7/BSP/Bsp_Uart.c **** 
 143:HW_Lib/STM32H7/BSP/Bsp_Uart.c ****         index = Bsp_UART_Port_1;
 433              		.loc 1 143 15
 434 00b6 0023     		movs	r3, #0
 435 00b8 87F8FF30 		strb	r3, [r7, #255]
 436 00bc 2CE0     		b	.L22
 437              	.L21:
 144:HW_Lib/STM32H7/BSP/Bsp_Uart.c ****     }
 145:HW_Lib/STM32H7/BSP/Bsp_Uart.c ****     else if (To_Uart_Instance(obj->instance) == UART4)
 438              		.loc 1 145 14
 439 00be 7B68     		ldr	r3, [r7, #4]
 440 00c0 9B68     		ldr	r3, [r3, #8]
 441              		.loc 1 145 13
 442 00c2 604A     		ldr	r2, .L32+4
 443 00c4 9342     		cmp	r3, r2
 444 00c6 08D1     		bne	.L23
 146:HW_Lib/STM32H7/BSP/Bsp_Uart.c ****     {
 147:HW_Lib/STM32H7/BSP/Bsp_Uart.c ****         rx_dma_cfg.Init.Request = DMA_REQUEST_UART4_RX;
 445              		.loc 1 147 33
 446 00c8 3F23     		movs	r3, #63
 447 00ca 3B61     		str	r3, [r7, #16]
 148:HW_Lib/STM32H7/BSP/Bsp_Uart.c ****         tx_dma_cfg.Init.Request = DMA_REQUEST_UART4_TX;
 448              		.loc 1 148 33
 449 00cc 4023     		movs	r3, #64
 450 00ce C7F88830 		str	r3, [r7, #136]
 149:HW_Lib/STM32H7/BSP/Bsp_Uart.c **** 
 150:HW_Lib/STM32H7/BSP/Bsp_Uart.c ****         index = Bsp_UART_Port_4;
 451              		.loc 1 150 15
 452 00d2 0123     		movs	r3, #1
 453 00d4 87F8FF30 		strb	r3, [r7, #255]
 454 00d8 1EE0     		b	.L22
 455              	.L23:
 151:HW_Lib/STM32H7/BSP/Bsp_Uart.c ****     }
 152:HW_Lib/STM32H7/BSP/Bsp_Uart.c ****     else if (To_Uart_Instance(obj->instance) == USART6)
 456              		.loc 1 152 14
 457 00da 7B68     		ldr	r3, [r7, #4]
 458 00dc 9B68     		ldr	r3, [r3, #8]
 459              		.loc 1 152 13
 460 00de 5A4A     		ldr	r2, .L32+8
 461 00e0 9342     		cmp	r3, r2
 462 00e2 08D1     		bne	.L24
 153:HW_Lib/STM32H7/BSP/Bsp_Uart.c ****     {
 154:HW_Lib/STM32H7/BSP/Bsp_Uart.c ****         rx_dma_cfg.Init.Request = DMA_REQUEST_USART6_RX;
 463              		.loc 1 154 33
 464 00e4 4723     		movs	r3, #71
 465 00e6 3B61     		str	r3, [r7, #16]
 155:HW_Lib/STM32H7/BSP/Bsp_Uart.c ****         tx_dma_cfg.Init.Request = DMA_REQUEST_USART6_TX;
 466              		.loc 1 155 33
 467 00e8 4823     		movs	r3, #72
 468 00ea C7F88830 		str	r3, [r7, #136]
 156:HW_Lib/STM32H7/BSP/Bsp_Uart.c **** 
 157:HW_Lib/STM32H7/BSP/Bsp_Uart.c ****         index = Bsp_UART_Port_6;
 469              		.loc 1 157 15
 470 00ee 0223     		movs	r3, #2
 471 00f0 87F8FF30 		strb	r3, [r7, #255]
 472 00f4 10E0     		b	.L22
ARM GAS  C:\Users\HUAV\AppData\Local\Temp\cciXU3YP.s 			page 12


 473              	.L24:
 158:HW_Lib/STM32H7/BSP/Bsp_Uart.c ****     }
 159:HW_Lib/STM32H7/BSP/Bsp_Uart.c ****     else if (To_Uart_Instance(obj->instance) == UART7)
 474              		.loc 1 159 14
 475 00f6 7B68     		ldr	r3, [r7, #4]
 476 00f8 9B68     		ldr	r3, [r3, #8]
 477              		.loc 1 159 13
 478 00fa 544A     		ldr	r2, .L32+12
 479 00fc 9342     		cmp	r3, r2
 480 00fe 08D1     		bne	.L25
 160:HW_Lib/STM32H7/BSP/Bsp_Uart.c ****     {
 161:HW_Lib/STM32H7/BSP/Bsp_Uart.c ****         rx_dma_cfg.Init.Request = DMA_REQUEST_UART7_RX;
 481              		.loc 1 161 33
 482 0100 4F23     		movs	r3, #79
 483 0102 3B61     		str	r3, [r7, #16]
 162:HW_Lib/STM32H7/BSP/Bsp_Uart.c ****         tx_dma_cfg.Init.Request = DMA_REQUEST_UART7_TX;
 484              		.loc 1 162 33
 485 0104 5023     		movs	r3, #80
 486 0106 C7F88830 		str	r3, [r7, #136]
 163:HW_Lib/STM32H7/BSP/Bsp_Uart.c **** 
 164:HW_Lib/STM32H7/BSP/Bsp_Uart.c ****         index = Bsp_UART_Port_7;
 487              		.loc 1 164 15
 488 010a 0323     		movs	r3, #3
 489 010c 87F8FF30 		strb	r3, [r7, #255]
 490 0110 02E0     		b	.L22
 491              	.L25:
 165:HW_Lib/STM32H7/BSP/Bsp_Uart.c ****     }
 166:HW_Lib/STM32H7/BSP/Bsp_Uart.c ****     else
 167:HW_Lib/STM32H7/BSP/Bsp_Uart.c ****         return BspUart_Clock_Error;
 492              		.loc 1 167 16
 493 0112 4FF0FF33 		mov	r3, #-1
 494 0116 8EE0     		b	.L31
 495              	.L22:
 168:HW_Lib/STM32H7/BSP/Bsp_Uart.c **** 
 169:HW_Lib/STM32H7/BSP/Bsp_Uart.c ****     memcpy(obj->tx_dma_hdl, &tx_dma_cfg, sizeof(DMA_HandleTypeDef));
 496              		.loc 1 169 5
 497 0118 7B68     		ldr	r3, [r7, #4]
 498 011a 5B69     		ldr	r3, [r3, #20]
 499 011c 07F18401 		add	r1, r7, #132
 500 0120 7822     		movs	r2, #120
 501 0122 1846     		mov	r0, r3
 502 0124 FFF7FEFF 		bl	memcpy
 170:HW_Lib/STM32H7/BSP/Bsp_Uart.c ****     memcpy(obj->rx_dma_hdl, &rx_dma_cfg, sizeof(DMA_HandleTypeDef));
 503              		.loc 1 170 5
 504 0128 7B68     		ldr	r3, [r7, #4]
 505 012a DB69     		ldr	r3, [r3, #28]
 506 012c 07F10C01 		add	r1, r7, #12
 507 0130 7822     		movs	r2, #120
 508 0132 1846     		mov	r0, r3
 509 0134 FFF7FEFF 		bl	memcpy
 171:HW_Lib/STM32H7/BSP/Bsp_Uart.c **** 
 172:HW_Lib/STM32H7/BSP/Bsp_Uart.c ****     rx_dma_reg_state = BspDMA.regist(obj->rx_dma, obj->rx_stream, obj->rx_dma_hdl);
 510              		.loc 1 172 30
 511 0138 454B     		ldr	r3, .L32+16
 512 013a 5B68     		ldr	r3, [r3, #4]
 513              		.loc 1 172 24
 514 013c 7A68     		ldr	r2, [r7, #4]
ARM GAS  C:\Users\HUAV\AppData\Local\Temp\cciXU3YP.s 			page 13


 515 013e 92F91800 		ldrsb	r0, [r2, #24]
 516 0142 7A68     		ldr	r2, [r7, #4]
 517 0144 92F91910 		ldrsb	r1, [r2, #25]
 518 0148 7A68     		ldr	r2, [r7, #4]
 519 014a D269     		ldr	r2, [r2, #28]
 520 014c 9847     		blx	r3
 521              	.LVL2:
 522 014e 0346     		mov	r3, r0
 523 0150 87F8FE30 		strb	r3, [r7, #254]
 173:HW_Lib/STM32H7/BSP/Bsp_Uart.c ****     tx_dma_reg_state = BspDMA.regist(obj->tx_dma, obj->tx_stream, obj->tx_dma_hdl);
 524              		.loc 1 173 30
 525 0154 3E4B     		ldr	r3, .L32+16
 526 0156 5B68     		ldr	r3, [r3, #4]
 527              		.loc 1 173 24
 528 0158 7A68     		ldr	r2, [r7, #4]
 529 015a 92F91000 		ldrsb	r0, [r2, #16]
 530 015e 7A68     		ldr	r2, [r7, #4]
 531 0160 92F91110 		ldrsb	r1, [r2, #17]
 532 0164 7A68     		ldr	r2, [r7, #4]
 533 0166 5269     		ldr	r2, [r2, #20]
 534 0168 9847     		blx	r3
 535              	.LVL3:
 536 016a 0346     		mov	r3, r0
 537 016c 87F8FD30 		strb	r3, [r7, #253]
 174:HW_Lib/STM32H7/BSP/Bsp_Uart.c **** 
 175:HW_Lib/STM32H7/BSP/Bsp_Uart.c ****     if (!rx_dma_reg_state && !tx_dma_reg_state)
 538              		.loc 1 175 9
 539 0170 97F8FE30 		ldrb	r3, [r7, #254]
 540 0174 83F00103 		eor	r3, r3, #1
 541 0178 DBB2     		uxtb	r3, r3
 542              		.loc 1 175 8
 543 017a 002B     		cmp	r3, #0
 544 017c 09D0     		beq	.L26
 545              		.loc 1 175 30 discriminator 1
 546 017e 97F8FD30 		ldrb	r3, [r7, #253]
 547 0182 83F00103 		eor	r3, r3, #1
 548 0186 DBB2     		uxtb	r3, r3
 549              		.loc 1 175 27 discriminator 1
 550 0188 002B     		cmp	r3, #0
 551 018a 02D0     		beq	.L26
 176:HW_Lib/STM32H7/BSP/Bsp_Uart.c ****         return BspUart_Clock_Error;
 552              		.loc 1 176 16
 553 018c 4FF0FF33 		mov	r3, #-1
 554 0190 51E0     		b	.L31
 555              	.L26:
 177:HW_Lib/STM32H7/BSP/Bsp_Uart.c **** 
 178:HW_Lib/STM32H7/BSP/Bsp_Uart.c ****     if(rx_dma_reg_state)
 556              		.loc 1 178 7
 557 0192 97F8FE30 		ldrb	r3, [r7, #254]	@ zero_extendqisi2
 558 0196 002B     		cmp	r3, #0
 559 0198 23D0     		beq	.L27
 179:HW_Lib/STM32H7/BSP/Bsp_Uart.c ****     {
 180:HW_Lib/STM32H7/BSP/Bsp_Uart.c ****         if (HAL_DMA_Init(To_UartDMA_Handle_Ptr(obj->rx_dma_hdl)) != HAL_OK)
 560              		.loc 1 180 26
 561 019a 7B68     		ldr	r3, [r7, #4]
 562 019c DB69     		ldr	r3, [r3, #28]
 563              		.loc 1 180 13
ARM GAS  C:\Users\HUAV\AppData\Local\Temp\cciXU3YP.s 			page 14


 564 019e 1846     		mov	r0, r3
 565 01a0 FFF7FEFF 		bl	HAL_DMA_Init
 566 01a4 0346     		mov	r3, r0
 567              		.loc 1 180 12
 568 01a6 002B     		cmp	r3, #0
 569 01a8 02D0     		beq	.L28
 181:HW_Lib/STM32H7/BSP/Bsp_Uart.c ****             return BspUart_Clock_Error;
 570              		.loc 1 181 20
 571 01aa 4FF0FF33 		mov	r3, #-1
 572 01ae 42E0     		b	.L31
 573              	.L28:
 182:HW_Lib/STM32H7/BSP/Bsp_Uart.c **** 
 183:HW_Lib/STM32H7/BSP/Bsp_Uart.c ****         __HAL_LINKDMA(To_Uart_Handle_Ptr(obj->hdl), hdmarx, *To_UartDMA_Handle_Ptr(obj->rx_dma_hdl)
 574              		.loc 1 183 9
 575 01b0 7B68     		ldr	r3, [r7, #4]
 576 01b2 DB68     		ldr	r3, [r3, #12]
 577 01b4 7A68     		ldr	r2, [r7, #4]
 578 01b6 D269     		ldr	r2, [r2, #28]
 579 01b8 DA67     		str	r2, [r3, #124]
 580 01ba 7B68     		ldr	r3, [r7, #4]
 581 01bc DB69     		ldr	r3, [r3, #28]
 582 01be 7A68     		ldr	r2, [r7, #4]
 583 01c0 D268     		ldr	r2, [r2, #12]
 584 01c2 9A63     		str	r2, [r3, #56]
 184:HW_Lib/STM32H7/BSP/Bsp_Uart.c **** 
 185:HW_Lib/STM32H7/BSP/Bsp_Uart.c ****         BspDMA.enable_irq(obj->rx_dma, obj->rx_stream, 5, 0, 0, NULL);
 585              		.loc 1 185 15
 586 01c4 224B     		ldr	r3, .L32+16
 587 01c6 5C69     		ldr	r4, [r3, #20]
 588              		.loc 1 185 9
 589 01c8 7B68     		ldr	r3, [r7, #4]
 590 01ca 93F91800 		ldrsb	r0, [r3, #24]
 591 01ce 7B68     		ldr	r3, [r7, #4]
 592 01d0 93F91910 		ldrsb	r1, [r3, #25]
 593 01d4 0023     		movs	r3, #0
 594 01d6 0193     		str	r3, [sp, #4]
 595 01d8 0023     		movs	r3, #0
 596 01da 0093     		str	r3, [sp]
 597 01dc 0023     		movs	r3, #0
 598 01de 0522     		movs	r2, #5
 599 01e0 A047     		blx	r4
 600              	.LVL4:
 601              	.L27:
 186:HW_Lib/STM32H7/BSP/Bsp_Uart.c ****     }
 187:HW_Lib/STM32H7/BSP/Bsp_Uart.c **** 
 188:HW_Lib/STM32H7/BSP/Bsp_Uart.c ****     if(tx_dma_reg_state)
 602              		.loc 1 188 7
 603 01e2 97F8FD30 		ldrb	r3, [r7, #253]	@ zero_extendqisi2
 604 01e6 002B     		cmp	r3, #0
 605 01e8 23D0     		beq	.L29
 189:HW_Lib/STM32H7/BSP/Bsp_Uart.c ****     {
 190:HW_Lib/STM32H7/BSP/Bsp_Uart.c ****         if (HAL_DMA_Init(To_UartDMA_Handle_Ptr(obj->tx_dma_hdl)) != HAL_OK)
 606              		.loc 1 190 26
 607 01ea 7B68     		ldr	r3, [r7, #4]
 608 01ec 5B69     		ldr	r3, [r3, #20]
 609              		.loc 1 190 13
 610 01ee 1846     		mov	r0, r3
ARM GAS  C:\Users\HUAV\AppData\Local\Temp\cciXU3YP.s 			page 15


 611 01f0 FFF7FEFF 		bl	HAL_DMA_Init
 612 01f4 0346     		mov	r3, r0
 613              		.loc 1 190 12
 614 01f6 002B     		cmp	r3, #0
 615 01f8 02D0     		beq	.L30
 191:HW_Lib/STM32H7/BSP/Bsp_Uart.c ****             return BspUart_Clock_Error;
 616              		.loc 1 191 20
 617 01fa 4FF0FF33 		mov	r3, #-1
 618 01fe 1AE0     		b	.L31
 619              	.L30:
 192:HW_Lib/STM32H7/BSP/Bsp_Uart.c **** 
 193:HW_Lib/STM32H7/BSP/Bsp_Uart.c ****         __HAL_LINKDMA(To_Uart_Handle_Ptr(obj->hdl), hdmatx, *To_UartDMA_Handle_Ptr(obj->tx_dma_hdl)
 620              		.loc 1 193 9
 621 0200 7B68     		ldr	r3, [r7, #4]
 622 0202 DB68     		ldr	r3, [r3, #12]
 623 0204 7A68     		ldr	r2, [r7, #4]
 624 0206 5269     		ldr	r2, [r2, #20]
 625 0208 9A67     		str	r2, [r3, #120]
 626 020a 7B68     		ldr	r3, [r7, #4]
 627 020c 5B69     		ldr	r3, [r3, #20]
 628 020e 7A68     		ldr	r2, [r7, #4]
 629 0210 D268     		ldr	r2, [r2, #12]
 630 0212 9A63     		str	r2, [r3, #56]
 194:HW_Lib/STM32H7/BSP/Bsp_Uart.c **** 
 195:HW_Lib/STM32H7/BSP/Bsp_Uart.c ****         BspDMA.enable_irq(obj->tx_dma, obj->tx_stream, 5, 0, 0, NULL);
 631              		.loc 1 195 15
 632 0214 0E4B     		ldr	r3, .L32+16
 633 0216 5C69     		ldr	r4, [r3, #20]
 634              		.loc 1 195 9
 635 0218 7B68     		ldr	r3, [r7, #4]
 636 021a 93F91000 		ldrsb	r0, [r3, #16]
 637 021e 7B68     		ldr	r3, [r7, #4]
 638 0220 93F91110 		ldrsb	r1, [r3, #17]
 639 0224 0023     		movs	r3, #0
 640 0226 0193     		str	r3, [sp, #4]
 641 0228 0023     		movs	r3, #0
 642 022a 0093     		str	r3, [sp]
 643 022c 0023     		movs	r3, #0
 644 022e 0522     		movs	r2, #5
 645 0230 A047     		blx	r4
 646              	.LVL5:
 647              	.L29:
 196:HW_Lib/STM32H7/BSP/Bsp_Uart.c ****     }
 197:HW_Lib/STM32H7/BSP/Bsp_Uart.c **** 
 198:HW_Lib/STM32H7/BSP/Bsp_Uart.c ****     return index;
 648              		.loc 1 198 12
 649 0232 97F9FF30 		ldrsb	r3, [r7, #255]
 650              	.L31:
 199:HW_Lib/STM32H7/BSP/Bsp_Uart.c **** }
 651              		.loc 1 199 1 discriminator 1
 652 0236 1846     		mov	r0, r3
 653 0238 07F58277 		add	r7, r7, #260
 654              	.LCFI8:
 655              		.cfi_def_cfa_offset 12
 656 023c BD46     		mov	sp, r7
 657              	.LCFI9:
 658              		.cfi_def_cfa_register 13
ARM GAS  C:\Users\HUAV\AppData\Local\Temp\cciXU3YP.s 			page 16


 659              		@ sp needed
 660 023e 90BD     		pop	{r4, r7, pc}
 661              	.L33:
 662              		.align	2
 663              	.L32:
 664 0240 00100140 		.word	1073811456
 665 0244 004C0040 		.word	1073761280
 666 0248 00140140 		.word	1073812480
 667 024c 00780040 		.word	1073772544
 668 0250 00000000 		.word	BspDMA
 669              		.cfi_endproc
 670              	.LFE334:
 672              		.section	.text.BspUart_SetIRQ,"ax",%progbits
 673              		.align	1
 674              		.syntax unified
 675              		.thumb
 676              		.thumb_func
 678              	BspUart_SetIRQ:
 679              	.LFB335:
 200:HW_Lib/STM32H7/BSP/Bsp_Uart.c **** 
 201:HW_Lib/STM32H7/BSP/Bsp_Uart.c **** static int BspUart_SetIRQ(BspUARTObj_TypeDef *obj, bool state)
 202:HW_Lib/STM32H7/BSP/Bsp_Uart.c **** {
 680              		.loc 1 202 1
 681              		.cfi_startproc
 682              		@ args = 0, pretend = 0, frame = 16
 683              		@ frame_needed = 1, uses_anonymous_args = 0
 684 0000 80B5     		push	{r7, lr}
 685              	.LCFI10:
 686              		.cfi_def_cfa_offset 8
 687              		.cfi_offset 7, -8
 688              		.cfi_offset 14, -4
 689 0002 84B0     		sub	sp, sp, #16
 690              	.LCFI11:
 691              		.cfi_def_cfa_offset 24
 692 0004 00AF     		add	r7, sp, #0
 693              	.LCFI12:
 694              		.cfi_def_cfa_register 7
 695 0006 7860     		str	r0, [r7, #4]
 696 0008 0B46     		mov	r3, r1
 697 000a FB70     		strb	r3, [r7, #3]
 203:HW_Lib/STM32H7/BSP/Bsp_Uart.c ****     IRQn_Type irqn;
 204:HW_Lib/STM32H7/BSP/Bsp_Uart.c ****     int8_t index = Bspuart_None_Index;
 698              		.loc 1 204 12
 699 000c FF23     		movs	r3, #255
 700 000e 7B73     		strb	r3, [r7, #13]
 205:HW_Lib/STM32H7/BSP/Bsp_Uart.c **** 
 206:HW_Lib/STM32H7/BSP/Bsp_Uart.c ****     if ((obj == NULL) ||
 701              		.loc 1 206 8
 702 0010 7B68     		ldr	r3, [r7, #4]
 703 0012 002B     		cmp	r3, #0
 704 0014 03D0     		beq	.L35
 207:HW_Lib/STM32H7/BSP/Bsp_Uart.c ****         (To_Uart_Instance(obj->instance) == NULL))
 705              		.loc 1 207 10 discriminator 1
 706 0016 7B68     		ldr	r3, [r7, #4]
 707 0018 9B68     		ldr	r3, [r3, #8]
 206:HW_Lib/STM32H7/BSP/Bsp_Uart.c ****         (To_Uart_Instance(obj->instance) == NULL))
 708              		.loc 1 206 23 discriminator 1
ARM GAS  C:\Users\HUAV\AppData\Local\Temp\cciXU3YP.s 			page 17


 709 001a 002B     		cmp	r3, #0
 710 001c 02D1     		bne	.L36
 711              	.L35:
 208:HW_Lib/STM32H7/BSP/Bsp_Uart.c ****         return BspUart_Clock_Error;
 712              		.loc 1 208 16
 713 001e 4FF0FF33 		mov	r3, #-1
 714 0022 41E0     		b	.L37
 715              	.L36:
 209:HW_Lib/STM32H7/BSP/Bsp_Uart.c **** 
 210:HW_Lib/STM32H7/BSP/Bsp_Uart.c ****     if (To_Uart_Instance(obj->instance) == USART1)
 716              		.loc 1 210 9
 717 0024 7B68     		ldr	r3, [r7, #4]
 718 0026 9B68     		ldr	r3, [r3, #8]
 719              		.loc 1 210 8
 720 0028 214A     		ldr	r2, .L45
 721 002a 9342     		cmp	r3, r2
 722 002c 04D1     		bne	.L38
 211:HW_Lib/STM32H7/BSP/Bsp_Uart.c ****     {
 212:HW_Lib/STM32H7/BSP/Bsp_Uart.c ****         irqn = USART1_IRQn;
 723              		.loc 1 212 14
 724 002e 2523     		movs	r3, #37
 725 0030 FB81     		strh	r3, [r7, #14]	@ movhi
 213:HW_Lib/STM32H7/BSP/Bsp_Uart.c ****         index = Bsp_UART_Port_1;
 726              		.loc 1 213 15
 727 0032 0023     		movs	r3, #0
 728 0034 7B73     		strb	r3, [r7, #13]
 729 0036 20E0     		b	.L39
 730              	.L38:
 214:HW_Lib/STM32H7/BSP/Bsp_Uart.c ****     }
 215:HW_Lib/STM32H7/BSP/Bsp_Uart.c ****     else if (To_Uart_Instance(obj->instance) == UART4)
 731              		.loc 1 215 14
 732 0038 7B68     		ldr	r3, [r7, #4]
 733 003a 9B68     		ldr	r3, [r3, #8]
 734              		.loc 1 215 13
 735 003c 1D4A     		ldr	r2, .L45+4
 736 003e 9342     		cmp	r3, r2
 737 0040 04D1     		bne	.L40
 216:HW_Lib/STM32H7/BSP/Bsp_Uart.c ****     {
 217:HW_Lib/STM32H7/BSP/Bsp_Uart.c ****         irqn = UART4_IRQn;
 738              		.loc 1 217 14
 739 0042 3423     		movs	r3, #52
 740 0044 FB81     		strh	r3, [r7, #14]	@ movhi
 218:HW_Lib/STM32H7/BSP/Bsp_Uart.c ****         index = Bsp_UART_Port_4;
 741              		.loc 1 218 15
 742 0046 0123     		movs	r3, #1
 743 0048 7B73     		strb	r3, [r7, #13]
 744 004a 16E0     		b	.L39
 745              	.L40:
 219:HW_Lib/STM32H7/BSP/Bsp_Uart.c ****     }
 220:HW_Lib/STM32H7/BSP/Bsp_Uart.c ****     else if (To_Uart_Instance(obj->instance) == USART6)
 746              		.loc 1 220 14
 747 004c 7B68     		ldr	r3, [r7, #4]
 748 004e 9B68     		ldr	r3, [r3, #8]
 749              		.loc 1 220 13
 750 0050 194A     		ldr	r2, .L45+8
 751 0052 9342     		cmp	r3, r2
 752 0054 04D1     		bne	.L41
ARM GAS  C:\Users\HUAV\AppData\Local\Temp\cciXU3YP.s 			page 18


 221:HW_Lib/STM32H7/BSP/Bsp_Uart.c ****     {
 222:HW_Lib/STM32H7/BSP/Bsp_Uart.c ****         irqn = USART6_IRQn;
 753              		.loc 1 222 14
 754 0056 4723     		movs	r3, #71
 755 0058 FB81     		strh	r3, [r7, #14]	@ movhi
 223:HW_Lib/STM32H7/BSP/Bsp_Uart.c ****         index = Bsp_UART_Port_6;
 756              		.loc 1 223 15
 757 005a 0223     		movs	r3, #2
 758 005c 7B73     		strb	r3, [r7, #13]
 759 005e 0CE0     		b	.L39
 760              	.L41:
 224:HW_Lib/STM32H7/BSP/Bsp_Uart.c ****     }
 225:HW_Lib/STM32H7/BSP/Bsp_Uart.c ****     else if (To_Uart_Instance(obj->instance) == UART7)
 761              		.loc 1 225 14
 762 0060 7B68     		ldr	r3, [r7, #4]
 763 0062 9B68     		ldr	r3, [r3, #8]
 764              		.loc 1 225 13
 765 0064 154A     		ldr	r2, .L45+12
 766 0066 9342     		cmp	r3, r2
 767 0068 04D1     		bne	.L42
 226:HW_Lib/STM32H7/BSP/Bsp_Uart.c ****     {
 227:HW_Lib/STM32H7/BSP/Bsp_Uart.c ****         irqn = UART7_IRQn;
 768              		.loc 1 227 14
 769 006a 5223     		movs	r3, #82
 770 006c FB81     		strh	r3, [r7, #14]	@ movhi
 228:HW_Lib/STM32H7/BSP/Bsp_Uart.c ****         index = Bsp_UART_Port_7;
 771              		.loc 1 228 15
 772 006e 0323     		movs	r3, #3
 773 0070 7B73     		strb	r3, [r7, #13]
 774 0072 02E0     		b	.L39
 775              	.L42:
 229:HW_Lib/STM32H7/BSP/Bsp_Uart.c ****     }
 230:HW_Lib/STM32H7/BSP/Bsp_Uart.c ****     else
 231:HW_Lib/STM32H7/BSP/Bsp_Uart.c ****         return Bspuart_None_Index;
 776              		.loc 1 231 16
 777 0074 4FF0FF33 		mov	r3, #-1
 778 0078 16E0     		b	.L37
 779              	.L39:
 232:HW_Lib/STM32H7/BSP/Bsp_Uart.c **** 
 233:HW_Lib/STM32H7/BSP/Bsp_Uart.c ****     if (state)
 780              		.loc 1 233 8
 781 007a FB78     		ldrb	r3, [r7, #3]	@ zero_extendqisi2
 782 007c 002B     		cmp	r3, #0
 783 007e 0CD0     		beq	.L43
 234:HW_Lib/STM32H7/BSP/Bsp_Uart.c ****     {
 235:HW_Lib/STM32H7/BSP/Bsp_Uart.c ****         HAL_NVIC_SetPriority(irqn, 5, 0);
 784              		.loc 1 235 9
 785 0080 B7F90E30 		ldrsh	r3, [r7, #14]
 786 0084 0022     		movs	r2, #0
 787 0086 0521     		movs	r1, #5
 788 0088 1846     		mov	r0, r3
 789 008a FFF7FEFF 		bl	HAL_NVIC_SetPriority
 236:HW_Lib/STM32H7/BSP/Bsp_Uart.c ****         HAL_NVIC_EnableIRQ(irqn);
 790              		.loc 1 236 9
 791 008e B7F90E30 		ldrsh	r3, [r7, #14]
 792 0092 1846     		mov	r0, r3
 793 0094 FFF7FEFF 		bl	HAL_NVIC_EnableIRQ
ARM GAS  C:\Users\HUAV\AppData\Local\Temp\cciXU3YP.s 			page 19


 794 0098 04E0     		b	.L44
 795              	.L43:
 237:HW_Lib/STM32H7/BSP/Bsp_Uart.c ****     }
 238:HW_Lib/STM32H7/BSP/Bsp_Uart.c ****     else
 239:HW_Lib/STM32H7/BSP/Bsp_Uart.c ****         HAL_NVIC_DisableIRQ(irqn);
 796              		.loc 1 239 9
 797 009a B7F90E30 		ldrsh	r3, [r7, #14]
 798 009e 1846     		mov	r0, r3
 799 00a0 FFF7FEFF 		bl	HAL_NVIC_DisableIRQ
 800              	.L44:
 240:HW_Lib/STM32H7/BSP/Bsp_Uart.c **** 
 241:HW_Lib/STM32H7/BSP/Bsp_Uart.c ****     return index;
 801              		.loc 1 241 12
 802 00a4 97F90D30 		ldrsb	r3, [r7, #13]
 803              	.L37:
 242:HW_Lib/STM32H7/BSP/Bsp_Uart.c **** }
 804              		.loc 1 242 1
 805 00a8 1846     		mov	r0, r3
 806 00aa 1037     		adds	r7, r7, #16
 807              	.LCFI13:
 808              		.cfi_def_cfa_offset 8
 809 00ac BD46     		mov	sp, r7
 810              	.LCFI14:
 811              		.cfi_def_cfa_register 13
 812              		@ sp needed
 813 00ae 80BD     		pop	{r7, pc}
 814              	.L46:
 815              		.align	2
 816              	.L45:
 817 00b0 00100140 		.word	1073811456
 818 00b4 004C0040 		.word	1073761280
 819 00b8 00140140 		.word	1073812480
 820 00bc 00780040 		.word	1073772544
 821              		.cfi_endproc
 822              	.LFE335:
 824              		.section	.text.BspUart_Init,"ax",%progbits
 825              		.align	1
 826              		.syntax unified
 827              		.thumb
 828              		.thumb_func
 830              	BspUart_Init:
 831              	.LFB336:
 243:HW_Lib/STM32H7/BSP/Bsp_Uart.c **** 
 244:HW_Lib/STM32H7/BSP/Bsp_Uart.c **** static bool BspUart_Init(BspUARTObj_TypeDef *obj)
 245:HW_Lib/STM32H7/BSP/Bsp_Uart.c **** {
 832              		.loc 1 245 1
 833              		.cfi_startproc
 834              		@ args = 0, pretend = 0, frame = 16
 835              		@ frame_needed = 1, uses_anonymous_args = 0
 836 0000 80B5     		push	{r7, lr}
 837              	.LCFI15:
 838              		.cfi_def_cfa_offset 8
 839              		.cfi_offset 7, -8
 840              		.cfi_offset 14, -4
 841 0002 84B0     		sub	sp, sp, #16
 842              	.LCFI16:
 843              		.cfi_def_cfa_offset 24
ARM GAS  C:\Users\HUAV\AppData\Local\Temp\cciXU3YP.s 			page 20


 844 0004 00AF     		add	r7, sp, #0
 845              	.LCFI17:
 846              		.cfi_def_cfa_register 7
 847 0006 7860     		str	r0, [r7, #4]
 246:HW_Lib/STM32H7/BSP/Bsp_Uart.c ****     int8_t port_index;
 247:HW_Lib/STM32H7/BSP/Bsp_Uart.c **** 
 248:HW_Lib/STM32H7/BSP/Bsp_Uart.c ****     obj->init_state = false;
 848              		.loc 1 248 21
 849 0008 7B68     		ldr	r3, [r7, #4]
 850 000a 0022     		movs	r2, #0
 851 000c 83F85420 		strb	r2, [r3, #84]
 249:HW_Lib/STM32H7/BSP/Bsp_Uart.c ****     port_index = BspUart_Init_Clock(obj);
 852              		.loc 1 249 18
 853 0010 7868     		ldr	r0, [r7, #4]
 854 0012 FFF7FEFF 		bl	BspUart_Init_Clock
 855 0016 0346     		mov	r3, r0
 856              		.loc 1 249 16
 857 0018 FB73     		strb	r3, [r7, #15]
 250:HW_Lib/STM32H7/BSP/Bsp_Uart.c **** 
 251:HW_Lib/STM32H7/BSP/Bsp_Uart.c ****     if ((port_index < 0) || (To_Uart_Handle_Ptr(obj->hdl) == NULL))
 858              		.loc 1 251 8
 859 001a 97F90F30 		ldrsb	r3, [r7, #15]
 860 001e 002B     		cmp	r3, #0
 861 0020 03DB     		blt	.L48
 862              		.loc 1 251 30 discriminator 1
 863 0022 7B68     		ldr	r3, [r7, #4]
 864 0024 DB68     		ldr	r3, [r3, #12]
 865              		.loc 1 251 26 discriminator 1
 866 0026 002B     		cmp	r3, #0
 867 0028 01D1     		bne	.L49
 868              	.L48:
 252:HW_Lib/STM32H7/BSP/Bsp_Uart.c ****         return false;
 869              		.loc 1 252 16
 870 002a 0023     		movs	r3, #0
 871 002c EBE0     		b	.L50
 872              	.L49:
 253:HW_Lib/STM32H7/BSP/Bsp_Uart.c **** 
 254:HW_Lib/STM32H7/BSP/Bsp_Uart.c ****     To_Uart_Handle_Ptr(obj->hdl)->Instance = To_Uart_Instance(obj->instance);
 873              		.loc 1 254 5
 874 002e 7B68     		ldr	r3, [r7, #4]
 875 0030 DB68     		ldr	r3, [r3, #12]
 876              		.loc 1 254 46
 877 0032 7A68     		ldr	r2, [r7, #4]
 878 0034 9268     		ldr	r2, [r2, #8]
 879              		.loc 1 254 44
 880 0036 1A60     		str	r2, [r3]
 255:HW_Lib/STM32H7/BSP/Bsp_Uart.c ****     To_Uart_Handle_Ptr(obj->hdl)->Init.BaudRate = obj->baudrate;
 881              		.loc 1 255 5
 882 0038 7B68     		ldr	r3, [r7, #4]
 883 003a DB68     		ldr	r3, [r3, #12]
 884              		.loc 1 255 54
 885 003c 7A68     		ldr	r2, [r7, #4]
 886 003e 1268     		ldr	r2, [r2]
 887              		.loc 1 255 49
 888 0040 5A60     		str	r2, [r3, #4]
 256:HW_Lib/STM32H7/BSP/Bsp_Uart.c ****     To_Uart_Handle_Ptr(obj->hdl)->Init.WordLength = UART_WORDLENGTH_8B;
 889              		.loc 1 256 5
ARM GAS  C:\Users\HUAV\AppData\Local\Temp\cciXU3YP.s 			page 21


 890 0042 7B68     		ldr	r3, [r7, #4]
 891 0044 DB68     		ldr	r3, [r3, #12]
 892              		.loc 1 256 51
 893 0046 0022     		movs	r2, #0
 894 0048 9A60     		str	r2, [r3, #8]
 257:HW_Lib/STM32H7/BSP/Bsp_Uart.c ****     To_Uart_Handle_Ptr(obj->hdl)->Init.StopBits = UART_STOPBITS_1;
 895              		.loc 1 257 5
 896 004a 7B68     		ldr	r3, [r7, #4]
 897 004c DB68     		ldr	r3, [r3, #12]
 898              		.loc 1 257 49
 899 004e 0022     		movs	r2, #0
 900 0050 DA60     		str	r2, [r3, #12]
 258:HW_Lib/STM32H7/BSP/Bsp_Uart.c ****     To_Uart_Handle_Ptr(obj->hdl)->Init.Parity = UART_PARITY_NONE;
 901              		.loc 1 258 5
 902 0052 7B68     		ldr	r3, [r7, #4]
 903 0054 DB68     		ldr	r3, [r3, #12]
 904              		.loc 1 258 47
 905 0056 0022     		movs	r2, #0
 906 0058 1A61     		str	r2, [r3, #16]
 259:HW_Lib/STM32H7/BSP/Bsp_Uart.c ****     To_Uart_Handle_Ptr(obj->hdl)->Init.Mode = UART_MODE_TX_RX;
 907              		.loc 1 259 5
 908 005a 7B68     		ldr	r3, [r7, #4]
 909 005c DB68     		ldr	r3, [r3, #12]
 910              		.loc 1 259 45
 911 005e 0C22     		movs	r2, #12
 912 0060 5A61     		str	r2, [r3, #20]
 260:HW_Lib/STM32H7/BSP/Bsp_Uart.c ****     To_Uart_Handle_Ptr(obj->hdl)->Init.HwFlowCtl = UART_HWCONTROL_NONE;
 913              		.loc 1 260 5
 914 0062 7B68     		ldr	r3, [r7, #4]
 915 0064 DB68     		ldr	r3, [r3, #12]
 916              		.loc 1 260 50
 917 0066 0022     		movs	r2, #0
 918 0068 9A61     		str	r2, [r3, #24]
 261:HW_Lib/STM32H7/BSP/Bsp_Uart.c ****     To_Uart_Handle_Ptr(obj->hdl)->Init.OverSampling = UART_OVERSAMPLING_16;
 919              		.loc 1 261 5
 920 006a 7B68     		ldr	r3, [r7, #4]
 921 006c DB68     		ldr	r3, [r3, #12]
 922              		.loc 1 261 53
 923 006e 0022     		movs	r2, #0
 924 0070 DA61     		str	r2, [r3, #28]
 262:HW_Lib/STM32H7/BSP/Bsp_Uart.c ****     To_Uart_Handle_Ptr(obj->hdl)->Init.OneBitSampling = UART_ONE_BIT_SAMPLE_DISABLE;
 925              		.loc 1 262 5
 926 0072 7B68     		ldr	r3, [r7, #4]
 927 0074 DB68     		ldr	r3, [r3, #12]
 928              		.loc 1 262 55
 929 0076 0022     		movs	r2, #0
 930 0078 1A62     		str	r2, [r3, #32]
 263:HW_Lib/STM32H7/BSP/Bsp_Uart.c ****     To_Uart_Handle_Ptr(obj->hdl)->Init.ClockPrescaler = UART_PRESCALER_DIV1;
 931              		.loc 1 263 5
 932 007a 7B68     		ldr	r3, [r7, #4]
 933 007c DB68     		ldr	r3, [r3, #12]
 934              		.loc 1 263 55
 935 007e 0022     		movs	r2, #0
 936 0080 5A62     		str	r2, [r3, #36]
 264:HW_Lib/STM32H7/BSP/Bsp_Uart.c ****     To_Uart_Handle_Ptr(obj->hdl)->AdvancedInit.AdvFeatureInit = UART_ADVFEATURE_NO_INIT;
 937              		.loc 1 264 5
 938 0082 7B68     		ldr	r3, [r7, #4]
ARM GAS  C:\Users\HUAV\AppData\Local\Temp\cciXU3YP.s 			page 22


 939 0084 DB68     		ldr	r3, [r3, #12]
 940              		.loc 1 264 63
 941 0086 0022     		movs	r2, #0
 942 0088 9A62     		str	r2, [r3, #40]
 265:HW_Lib/STM32H7/BSP/Bsp_Uart.c ****     To_Uart_Handle_Ptr(obj->hdl)->AdvancedInit.OverrunDisable = UART_ADVFEATURE_OVERRUN_DISABLE;
 943              		.loc 1 265 5
 944 008a 7B68     		ldr	r3, [r7, #4]
 945 008c DB68     		ldr	r3, [r3, #12]
 946              		.loc 1 265 63
 947 008e 4FF48052 		mov	r2, #4096
 948 0092 DA63     		str	r2, [r3, #60]
 266:HW_Lib/STM32H7/BSP/Bsp_Uart.c **** 
 267:HW_Lib/STM32H7/BSP/Bsp_Uart.c ****     /* swap tx rx pin */
 268:HW_Lib/STM32H7/BSP/Bsp_Uart.c ****     if (obj->pin_swap)
 949              		.loc 1 268 12
 950 0094 7B68     		ldr	r3, [r7, #4]
 951 0096 1B79     		ldrb	r3, [r3, #4]	@ zero_extendqisi2
 952              		.loc 1 268 8
 953 0098 002B     		cmp	r3, #0
 954 009a 04D0     		beq	.L51
 269:HW_Lib/STM32H7/BSP/Bsp_Uart.c ****         To_Uart_Handle_Ptr(obj->hdl)->AdvancedInit.Swap = UART_ADVFEATURE_SWAP_ENABLE;
 955              		.loc 1 269 9
 956 009c 7B68     		ldr	r3, [r7, #4]
 957 009e DB68     		ldr	r3, [r3, #12]
 958              		.loc 1 269 57
 959 00a0 4FF40042 		mov	r2, #32768
 960 00a4 9A63     		str	r2, [r3, #56]
 961              	.L51:
 270:HW_Lib/STM32H7/BSP/Bsp_Uart.c **** 
 271:HW_Lib/STM32H7/BSP/Bsp_Uart.c ****     if (HAL_UART_Init(To_Uart_Handle_Ptr(obj->hdl)) != HAL_OK)
 962              		.loc 1 271 23
 963 00a6 7B68     		ldr	r3, [r7, #4]
 964 00a8 DB68     		ldr	r3, [r3, #12]
 965              		.loc 1 271 9
 966 00aa 1846     		mov	r0, r3
 967 00ac FFF7FEFF 		bl	HAL_UART_Init
 968 00b0 0346     		mov	r3, r0
 969              		.loc 1 271 8
 970 00b2 002B     		cmp	r3, #0
 971 00b4 01D0     		beq	.L52
 272:HW_Lib/STM32H7/BSP/Bsp_Uart.c ****         return false;
 972              		.loc 1 272 16
 973 00b6 0023     		movs	r3, #0
 974 00b8 A5E0     		b	.L50
 975              	.L52:
 273:HW_Lib/STM32H7/BSP/Bsp_Uart.c **** 
 274:HW_Lib/STM32H7/BSP/Bsp_Uart.c ****     obj->irq_type = BspUart_IRQ_Type_Idle;
 976              		.loc 1 274 19
 977 00ba 7B68     		ldr	r3, [r7, #4]
 978 00bc 0122     		movs	r2, #1
 979 00be 83F85520 		strb	r2, [r3, #85]
 275:HW_Lib/STM32H7/BSP/Bsp_Uart.c ****     if (BspUart_Init_DMA(obj) < 0)
 980              		.loc 1 275 9
 981 00c2 7868     		ldr	r0, [r7, #4]
 982 00c4 FFF7FEFF 		bl	BspUart_Init_DMA
 983 00c8 0346     		mov	r3, r0
 984              		.loc 1 275 8
ARM GAS  C:\Users\HUAV\AppData\Local\Temp\cciXU3YP.s 			page 23


 985 00ca 002B     		cmp	r3, #0
 986 00cc 03DA     		bge	.L53
 276:HW_Lib/STM32H7/BSP/Bsp_Uart.c ****         obj->irq_type = BspUart_IRQ_Type_Byte;
 987              		.loc 1 276 23
 988 00ce 7B68     		ldr	r3, [r7, #4]
 989 00d0 0222     		movs	r2, #2
 990 00d2 83F85520 		strb	r2, [r3, #85]
 991              	.L53:
 277:HW_Lib/STM32H7/BSP/Bsp_Uart.c **** 
 278:HW_Lib/STM32H7/BSP/Bsp_Uart.c ****     uint32_t tick = HAL_GetTick();
 992              		.loc 1 278 21
 993 00d6 FFF7FEFF 		bl	HAL_GetTick
 994 00da B860     		str	r0, [r7, #8]
 279:HW_Lib/STM32H7/BSP/Bsp_Uart.c ****     while(HAL_GetTick() - tick < 50);
 995              		.loc 1 279 10
 996 00dc 00BF     		nop
 997              	.L54:
 998              		.loc 1 279 11 discriminator 1
 999 00de FFF7FEFF 		bl	HAL_GetTick
 1000 00e2 0246     		mov	r2, r0
 1001              		.loc 1 279 25 discriminator 1
 1002 00e4 BB68     		ldr	r3, [r7, #8]
 1003 00e6 D31A     		subs	r3, r2, r3
 1004              		.loc 1 279 10 discriminator 1
 1005 00e8 312B     		cmp	r3, #49
 1006 00ea F8D9     		bls	.L54
 280:HW_Lib/STM32H7/BSP/Bsp_Uart.c **** 
 281:HW_Lib/STM32H7/BSP/Bsp_Uart.c ****     if (HAL_UARTEx_SetTxFifoThreshold(To_Uart_Handle_Ptr(obj->hdl), UART_TXFIFO_THRESHOLD_1_8) != H
 1007              		.loc 1 281 39
 1008 00ec 7B68     		ldr	r3, [r7, #4]
 1009 00ee DB68     		ldr	r3, [r3, #12]
 1010              		.loc 1 281 9
 1011 00f0 0021     		movs	r1, #0
 1012 00f2 1846     		mov	r0, r3
 1013 00f4 FFF7FEFF 		bl	HAL_UARTEx_SetTxFifoThreshold
 1014 00f8 0346     		mov	r3, r0
 1015              		.loc 1 281 8
 1016 00fa 002B     		cmp	r3, #0
 1017 00fc 01D0     		beq	.L55
 282:HW_Lib/STM32H7/BSP/Bsp_Uart.c ****         return false;
 1018              		.loc 1 282 16
 1019 00fe 0023     		movs	r3, #0
 1020 0100 81E0     		b	.L50
 1021              	.L55:
 283:HW_Lib/STM32H7/BSP/Bsp_Uart.c **** 
 284:HW_Lib/STM32H7/BSP/Bsp_Uart.c ****     if (HAL_UARTEx_SetRxFifoThreshold(To_Uart_Handle_Ptr(obj->hdl), UART_RXFIFO_THRESHOLD_1_8) != H
 1022              		.loc 1 284 39
 1023 0102 7B68     		ldr	r3, [r7, #4]
 1024 0104 DB68     		ldr	r3, [r3, #12]
 1025              		.loc 1 284 9
 1026 0106 0021     		movs	r1, #0
 1027 0108 1846     		mov	r0, r3
 1028 010a FFF7FEFF 		bl	HAL_UARTEx_SetRxFifoThreshold
 1029 010e 0346     		mov	r3, r0
 1030              		.loc 1 284 8
 1031 0110 002B     		cmp	r3, #0
 1032 0112 01D0     		beq	.L56
ARM GAS  C:\Users\HUAV\AppData\Local\Temp\cciXU3YP.s 			page 24


 285:HW_Lib/STM32H7/BSP/Bsp_Uart.c ****         return false;
 1033              		.loc 1 285 16
 1034 0114 0023     		movs	r3, #0
 1035 0116 76E0     		b	.L50
 1036              	.L56:
 286:HW_Lib/STM32H7/BSP/Bsp_Uart.c **** 
 287:HW_Lib/STM32H7/BSP/Bsp_Uart.c ****     if (HAL_UARTEx_DisableFifoMode(To_Uart_Handle_Ptr(obj->hdl)) != HAL_OK)
 1037              		.loc 1 287 36
 1038 0118 7B68     		ldr	r3, [r7, #4]
 1039 011a DB68     		ldr	r3, [r3, #12]
 1040              		.loc 1 287 9
 1041 011c 1846     		mov	r0, r3
 1042 011e FFF7FEFF 		bl	HAL_UARTEx_DisableFifoMode
 1043 0122 0346     		mov	r3, r0
 1044              		.loc 1 287 8
 1045 0124 002B     		cmp	r3, #0
 1046 0126 01D0     		beq	.L57
 288:HW_Lib/STM32H7/BSP/Bsp_Uart.c ****         return false;
 1047              		.loc 1 288 16
 1048 0128 0023     		movs	r3, #0
 1049 012a 6CE0     		b	.L50
 1050              	.L57:
 289:HW_Lib/STM32H7/BSP/Bsp_Uart.c **** 
 290:HW_Lib/STM32H7/BSP/Bsp_Uart.c ****     BspUart_Obj_List[port_index] = obj;
 1051              		.loc 1 290 21
 1052 012c 97F90F30 		ldrsb	r3, [r7, #15]
 1053              		.loc 1 290 34
 1054 0130 3749     		ldr	r1, .L68
 1055 0132 7A68     		ldr	r2, [r7, #4]
 1056 0134 41F82320 		str	r2, [r1, r3, lsl #2]
 291:HW_Lib/STM32H7/BSP/Bsp_Uart.c **** 
 292:HW_Lib/STM32H7/BSP/Bsp_Uart.c ****     memset(&(obj->monitor), 0, sizeof(obj->monitor));
 1057              		.loc 1 292 12
 1058 0138 7B68     		ldr	r3, [r7, #4]
 1059 013a 5833     		adds	r3, r3, #88
 1060              		.loc 1 292 5
 1061 013c 2022     		movs	r2, #32
 1062 013e 0021     		movs	r1, #0
 1063 0140 1846     		mov	r0, r3
 1064 0142 FFF7FEFF 		bl	memset
 293:HW_Lib/STM32H7/BSP/Bsp_Uart.c **** 
 294:HW_Lib/STM32H7/BSP/Bsp_Uart.c ****     /* enable irq callback */
 295:HW_Lib/STM32H7/BSP/Bsp_Uart.c ****     switch (obj->irq_type)
 1065              		.loc 1 295 16
 1066 0146 7B68     		ldr	r3, [r7, #4]
 1067 0148 93F85530 		ldrb	r3, [r3, #85]	@ zero_extendqisi2
 1068              		.loc 1 295 5
 1069 014c 012B     		cmp	r3, #1
 1070 014e 02D0     		beq	.L58
 1071 0150 022B     		cmp	r3, #2
 1072 0152 0BD0     		beq	.L59
 1073 0154 15E0     		b	.L67
 1074              	.L58:
 296:HW_Lib/STM32H7/BSP/Bsp_Uart.c ****     {
 297:HW_Lib/STM32H7/BSP/Bsp_Uart.c ****         case BspUart_IRQ_Type_Idle: __HAL_UART_ENABLE_IT(To_Uart_Handle_Ptr(obj->hdl), UART_IT_IDLE
 1075              		.loc 1 297 37
 1076 0156 7B68     		ldr	r3, [r7, #4]
ARM GAS  C:\Users\HUAV\AppData\Local\Temp\cciXU3YP.s 			page 25


 1077 0158 DB68     		ldr	r3, [r3, #12]
 1078 015a 1B68     		ldr	r3, [r3]
 1079 015c 1A68     		ldr	r2, [r3]
 1080 015e 7B68     		ldr	r3, [r7, #4]
 1081 0160 DB68     		ldr	r3, [r3, #12]
 1082 0162 1B68     		ldr	r3, [r3]
 1083 0164 42F01002 		orr	r2, r2, #16
 1084 0168 1A60     		str	r2, [r3]
 1085              		.loc 1 297 9
 1086 016a 0CE0     		b	.L61
 1087              	.L59:
 298:HW_Lib/STM32H7/BSP/Bsp_Uart.c ****         case BspUart_IRQ_Type_Byte: __HAL_UART_ENABLE_IT(To_Uart_Handle_Ptr(obj->hdl), UART_IT_RXNE
 1088              		.loc 1 298 37
 1089 016c 7B68     		ldr	r3, [r7, #4]
 1090 016e DB68     		ldr	r3, [r3, #12]
 1091 0170 1B68     		ldr	r3, [r3]
 1092 0172 9A68     		ldr	r2, [r3, #8]
 1093 0174 7B68     		ldr	r3, [r7, #4]
 1094 0176 DB68     		ldr	r3, [r3, #12]
 1095 0178 1B68     		ldr	r3, [r3]
 1096 017a 42F02002 		orr	r2, r2, #32
 1097 017e 9A60     		str	r2, [r3, #8]
 1098              		.loc 1 298 9
 1099 0180 01E0     		b	.L61
 1100              	.L67:
 299:HW_Lib/STM32H7/BSP/Bsp_Uart.c ****         default: return false;
 1101              		.loc 1 299 25
 1102 0182 0023     		movs	r3, #0
 1103 0184 3FE0     		b	.L50
 1104              	.L61:
 300:HW_Lib/STM32H7/BSP/Bsp_Uart.c ****     }
 301:HW_Lib/STM32H7/BSP/Bsp_Uart.c **** 
 302:HW_Lib/STM32H7/BSP/Bsp_Uart.c ****     __HAL_UART_DISABLE_IT(To_Uart_Handle_Ptr(obj->hdl), UART_IT_PE);
 1105              		.loc 1 302 5
 1106 0186 7B68     		ldr	r3, [r7, #4]
 1107 0188 DB68     		ldr	r3, [r3, #12]
 1108 018a 1B68     		ldr	r3, [r3]
 1109 018c 1A68     		ldr	r2, [r3]
 1110 018e 7B68     		ldr	r3, [r7, #4]
 1111 0190 DB68     		ldr	r3, [r3, #12]
 1112 0192 1B68     		ldr	r3, [r3]
 1113 0194 22F48072 		bic	r2, r2, #256
 1114 0198 1A60     		str	r2, [r3]
 303:HW_Lib/STM32H7/BSP/Bsp_Uart.c **** 
 304:HW_Lib/STM32H7/BSP/Bsp_Uart.c ****     if (BspUart_SetIRQ(obj, true) < 0)
 1115              		.loc 1 304 9
 1116 019a 0121     		movs	r1, #1
 1117 019c 7868     		ldr	r0, [r7, #4]
 1118 019e FFF7FEFF 		bl	BspUart_SetIRQ
 1119 01a2 0346     		mov	r3, r0
 1120              		.loc 1 304 8
 1121 01a4 002B     		cmp	r3, #0
 1122 01a6 01DA     		bge	.L62
 305:HW_Lib/STM32H7/BSP/Bsp_Uart.c ****         return false;
 1123              		.loc 1 305 16
 1124 01a8 0023     		movs	r3, #0
 1125 01aa 2CE0     		b	.L50
ARM GAS  C:\Users\HUAV\AppData\Local\Temp\cciXU3YP.s 			page 26


 1126              	.L62:
 306:HW_Lib/STM32H7/BSP/Bsp_Uart.c **** 
 307:HW_Lib/STM32H7/BSP/Bsp_Uart.c ****     if (obj->irq_type == BspUart_IRQ_Type_Idle)
 1127              		.loc 1 307 12
 1128 01ac 7B68     		ldr	r3, [r7, #4]
 1129 01ae 93F85530 		ldrb	r3, [r3, #85]	@ zero_extendqisi2
 1130              		.loc 1 307 8
 1131 01b2 012B     		cmp	r3, #1
 1132 01b4 15D1     		bne	.L63
 308:HW_Lib/STM32H7/BSP/Bsp_Uart.c ****     {
 309:HW_Lib/STM32H7/BSP/Bsp_Uart.c ****         if ((obj->rx_buf == NULL) || (obj->rx_size == 0))
 1133              		.loc 1 309 17
 1134 01b6 7B68     		ldr	r3, [r7, #4]
 1135 01b8 1B6C     		ldr	r3, [r3, #64]
 1136              		.loc 1 309 12
 1137 01ba 002B     		cmp	r3, #0
 1138 01bc 04D0     		beq	.L64
 1139              		.loc 1 309 42 discriminator 1
 1140 01be 7B68     		ldr	r3, [r7, #4]
 1141 01c0 B3F84430 		ldrh	r3, [r3, #68]
 1142              		.loc 1 309 35 discriminator 1
 1143 01c4 002B     		cmp	r3, #0
 1144 01c6 01D1     		bne	.L65
 1145              	.L64:
 310:HW_Lib/STM32H7/BSP/Bsp_Uart.c ****             return false;
 1146              		.loc 1 310 20
 1147 01c8 0023     		movs	r3, #0
 1148 01ca 1CE0     		b	.L50
 1149              	.L65:
 311:HW_Lib/STM32H7/BSP/Bsp_Uart.c ****         
 312:HW_Lib/STM32H7/BSP/Bsp_Uart.c ****         /* start dma receive data */
 313:HW_Lib/STM32H7/BSP/Bsp_Uart.c ****         HAL_UART_Receive_DMA(To_Uart_Handle_Ptr(obj->hdl), obj->rx_buf, obj->rx_size);
 1150              		.loc 1 313 30
 1151 01cc 7B68     		ldr	r3, [r7, #4]
 1152 01ce D868     		ldr	r0, [r3, #12]
 1153              		.loc 1 313 9
 1154 01d0 7B68     		ldr	r3, [r7, #4]
 1155 01d2 196C     		ldr	r1, [r3, #64]
 1156 01d4 7B68     		ldr	r3, [r7, #4]
 1157 01d6 B3F84430 		ldrh	r3, [r3, #68]
 1158 01da 1A46     		mov	r2, r3
 1159 01dc FFF7FEFF 		bl	HAL_UART_Receive_DMA
 1160 01e0 0CE0     		b	.L66
 1161              	.L63:
 314:HW_Lib/STM32H7/BSP/Bsp_Uart.c ****     }
 315:HW_Lib/STM32H7/BSP/Bsp_Uart.c ****     else if (obj->irq_type == BspUart_IRQ_Type_Byte)
 1162              		.loc 1 315 17
 1163 01e2 7B68     		ldr	r3, [r7, #4]
 1164 01e4 93F85530 		ldrb	r3, [r3, #85]	@ zero_extendqisi2
 1165              		.loc 1 315 13
 1166 01e8 022B     		cmp	r3, #2
 1167 01ea 07D1     		bne	.L66
 316:HW_Lib/STM32H7/BSP/Bsp_Uart.c ****     {
 317:HW_Lib/STM32H7/BSP/Bsp_Uart.c ****         /* start receive irq */
 318:HW_Lib/STM32H7/BSP/Bsp_Uart.c ****         HAL_UART_Receive_IT(To_Uart_Handle_Ptr(obj->hdl), &obj->rx_single_byte, 1);
 1168              		.loc 1 318 29
 1169 01ec 7B68     		ldr	r3, [r7, #4]
ARM GAS  C:\Users\HUAV\AppData\Local\Temp\cciXU3YP.s 			page 27


 1170 01ee D868     		ldr	r0, [r3, #12]
 1171              		.loc 1 318 9
 1172 01f0 7B68     		ldr	r3, [r7, #4]
 1173 01f2 4E33     		adds	r3, r3, #78
 1174 01f4 0122     		movs	r2, #1
 1175 01f6 1946     		mov	r1, r3
 1176 01f8 FFF7FEFF 		bl	HAL_UART_Receive_IT
 1177              	.L66:
 319:HW_Lib/STM32H7/BSP/Bsp_Uart.c ****     }
 320:HW_Lib/STM32H7/BSP/Bsp_Uart.c **** 
 321:HW_Lib/STM32H7/BSP/Bsp_Uart.c ****     obj->init_state = true;
 1178              		.loc 1 321 21
 1179 01fc 7B68     		ldr	r3, [r7, #4]
 1180 01fe 0122     		movs	r2, #1
 1181 0200 83F85420 		strb	r2, [r3, #84]
 322:HW_Lib/STM32H7/BSP/Bsp_Uart.c ****     return true;
 1182              		.loc 1 322 12
 1183 0204 0123     		movs	r3, #1
 1184              	.L50:
 323:HW_Lib/STM32H7/BSP/Bsp_Uart.c **** }
 1185              		.loc 1 323 1
 1186 0206 1846     		mov	r0, r3
 1187 0208 1037     		adds	r7, r7, #16
 1188              	.LCFI18:
 1189              		.cfi_def_cfa_offset 8
 1190 020a BD46     		mov	sp, r7
 1191              	.LCFI19:
 1192              		.cfi_def_cfa_register 13
 1193              		@ sp needed
 1194 020c 80BD     		pop	{r7, pc}
 1195              	.L69:
 1196 020e 00BF     		.align	2
 1197              	.L68:
 1198 0210 00000000 		.word	BspUart_Obj_List
 1199              		.cfi_endproc
 1200              	.LFE336:
 1202              		.section	.text.BspUart_DeInit,"ax",%progbits
 1203              		.align	1
 1204              		.syntax unified
 1205              		.thumb
 1206              		.thumb_func
 1208              	BspUart_DeInit:
 1209              	.LFB337:
 324:HW_Lib/STM32H7/BSP/Bsp_Uart.c **** 
 325:HW_Lib/STM32H7/BSP/Bsp_Uart.c **** static bool BspUart_DeInit(BspUARTObj_TypeDef *obj)
 326:HW_Lib/STM32H7/BSP/Bsp_Uart.c **** {
 1210              		.loc 1 326 1
 1211              		.cfi_startproc
 1212              		@ args = 0, pretend = 0, frame = 8
 1213              		@ frame_needed = 1, uses_anonymous_args = 0
 1214 0000 80B5     		push	{r7, lr}
 1215              	.LCFI20:
 1216              		.cfi_def_cfa_offset 8
 1217              		.cfi_offset 7, -8
 1218              		.cfi_offset 14, -4
 1219 0002 82B0     		sub	sp, sp, #8
 1220              	.LCFI21:
ARM GAS  C:\Users\HUAV\AppData\Local\Temp\cciXU3YP.s 			page 28


 1221              		.cfi_def_cfa_offset 16
 1222 0004 00AF     		add	r7, sp, #0
 1223              	.LCFI22:
 1224              		.cfi_def_cfa_register 7
 1225 0006 7860     		str	r0, [r7, #4]
 327:HW_Lib/STM32H7/BSP/Bsp_Uart.c ****     if ((obj == NULL) || !obj->init_state || (obj->hdl == NULL))
 1226              		.loc 1 327 8
 1227 0008 7B68     		ldr	r3, [r7, #4]
 1228 000a 002B     		cmp	r3, #0
 1229 000c 0BD0     		beq	.L71
 1230              		.loc 1 327 30 discriminator 1
 1231 000e 7B68     		ldr	r3, [r7, #4]
 1232 0010 93F85430 		ldrb	r3, [r3, #84]	@ zero_extendqisi2
 1233              		.loc 1 327 26 discriminator 1
 1234 0014 83F00103 		eor	r3, r3, #1
 1235 0018 DBB2     		uxtb	r3, r3
 1236              		.loc 1 327 23 discriminator 1
 1237 001a 002B     		cmp	r3, #0
 1238 001c 03D1     		bne	.L71
 1239              		.loc 1 327 50 discriminator 2
 1240 001e 7B68     		ldr	r3, [r7, #4]
 1241 0020 DB68     		ldr	r3, [r3, #12]
 1242              		.loc 1 327 43 discriminator 2
 1243 0022 002B     		cmp	r3, #0
 1244 0024 01D1     		bne	.L72
 1245              	.L71:
 328:HW_Lib/STM32H7/BSP/Bsp_Uart.c ****         return false;
 1246              		.loc 1 328 16
 1247 0026 0023     		movs	r3, #0
 1248 0028 90E0     		b	.L73
 1249              	.L72:
 329:HW_Lib/STM32H7/BSP/Bsp_Uart.c ****     
 330:HW_Lib/STM32H7/BSP/Bsp_Uart.c ****     if (To_Uart_Handle_Ptr(obj->hdl)->Instance == USART1)
 1250              		.loc 1 330 9
 1251 002a 7B68     		ldr	r3, [r7, #4]
 1252 002c DB68     		ldr	r3, [r3, #12]
 1253              		.loc 1 330 37
 1254 002e 1B68     		ldr	r3, [r3]
 1255              		.loc 1 330 8
 1256 0030 484A     		ldr	r2, .L83
 1257 0032 9342     		cmp	r3, r2
 1258 0034 08D1     		bne	.L74
 331:HW_Lib/STM32H7/BSP/Bsp_Uart.c ****     {
 332:HW_Lib/STM32H7/BSP/Bsp_Uart.c ****         __HAL_RCC_USART1_CLK_DISABLE();
 1259              		.loc 1 332 9
 1260 0036 484B     		ldr	r3, .L83+4
 1261 0038 D3F8F030 		ldr	r3, [r3, #240]
 1262 003c 464A     		ldr	r2, .L83+4
 1263 003e 23F01003 		bic	r3, r3, #16
 1264 0042 C2F8F030 		str	r3, [r2, #240]
 1265 0046 2BE0     		b	.L75
 1266              	.L74:
 333:HW_Lib/STM32H7/BSP/Bsp_Uart.c ****     }
 334:HW_Lib/STM32H7/BSP/Bsp_Uart.c ****     else if (To_Uart_Handle_Ptr(obj->hdl)->Instance == UART4)
 1267              		.loc 1 334 14
 1268 0048 7B68     		ldr	r3, [r7, #4]
 1269 004a DB68     		ldr	r3, [r3, #12]
ARM GAS  C:\Users\HUAV\AppData\Local\Temp\cciXU3YP.s 			page 29


 1270              		.loc 1 334 42
 1271 004c 1B68     		ldr	r3, [r3]
 1272              		.loc 1 334 13
 1273 004e 434A     		ldr	r2, .L83+8
 1274 0050 9342     		cmp	r3, r2
 1275 0052 08D1     		bne	.L76
 335:HW_Lib/STM32H7/BSP/Bsp_Uart.c ****     {
 336:HW_Lib/STM32H7/BSP/Bsp_Uart.c ****         __HAL_RCC_UART4_CLK_DISABLE();
 1276              		.loc 1 336 9
 1277 0054 404B     		ldr	r3, .L83+4
 1278 0056 D3F8E830 		ldr	r3, [r3, #232]
 1279 005a 3F4A     		ldr	r2, .L83+4
 1280 005c 23F40023 		bic	r3, r3, #524288
 1281 0060 C2F8E830 		str	r3, [r2, #232]
 1282 0064 1CE0     		b	.L75
 1283              	.L76:
 337:HW_Lib/STM32H7/BSP/Bsp_Uart.c ****     }
 338:HW_Lib/STM32H7/BSP/Bsp_Uart.c ****     else if (To_Uart_Handle_Ptr(obj->hdl)->Instance == USART6)
 1284              		.loc 1 338 14
 1285 0066 7B68     		ldr	r3, [r7, #4]
 1286 0068 DB68     		ldr	r3, [r3, #12]
 1287              		.loc 1 338 42
 1288 006a 1B68     		ldr	r3, [r3]
 1289              		.loc 1 338 13
 1290 006c 3C4A     		ldr	r2, .L83+12
 1291 006e 9342     		cmp	r3, r2
 1292 0070 08D1     		bne	.L77
 339:HW_Lib/STM32H7/BSP/Bsp_Uart.c ****     {
 340:HW_Lib/STM32H7/BSP/Bsp_Uart.c ****         __HAL_RCC_USART6_CLK_DISABLE();
 1293              		.loc 1 340 9
 1294 0072 394B     		ldr	r3, .L83+4
 1295 0074 D3F8F030 		ldr	r3, [r3, #240]
 1296 0078 374A     		ldr	r2, .L83+4
 1297 007a 23F02003 		bic	r3, r3, #32
 1298 007e C2F8F030 		str	r3, [r2, #240]
 1299 0082 0DE0     		b	.L75
 1300              	.L77:
 341:HW_Lib/STM32H7/BSP/Bsp_Uart.c ****     }
 342:HW_Lib/STM32H7/BSP/Bsp_Uart.c ****     else if (To_Uart_Handle_Ptr(obj->hdl)->Instance == UART7)
 1301              		.loc 1 342 14
 1302 0084 7B68     		ldr	r3, [r7, #4]
 1303 0086 DB68     		ldr	r3, [r3, #12]
 1304              		.loc 1 342 42
 1305 0088 1B68     		ldr	r3, [r3]
 1306              		.loc 1 342 13
 1307 008a 364A     		ldr	r2, .L83+16
 1308 008c 9342     		cmp	r3, r2
 1309 008e 07D1     		bne	.L75
 343:HW_Lib/STM32H7/BSP/Bsp_Uart.c ****     {
 344:HW_Lib/STM32H7/BSP/Bsp_Uart.c ****         __HAL_RCC_UART7_CLK_DISABLE();
 1310              		.loc 1 344 9
 1311 0090 314B     		ldr	r3, .L83+4
 1312 0092 D3F8E830 		ldr	r3, [r3, #232]
 1313 0096 304A     		ldr	r2, .L83+4
 1314 0098 23F08043 		bic	r3, r3, #1073741824
 1315 009c C2F8E830 		str	r3, [r2, #232]
 1316              	.L75:
ARM GAS  C:\Users\HUAV\AppData\Local\Temp\cciXU3YP.s 			page 30


 345:HW_Lib/STM32H7/BSP/Bsp_Uart.c ****     }
 346:HW_Lib/STM32H7/BSP/Bsp_Uart.c ****     
 347:HW_Lib/STM32H7/BSP/Bsp_Uart.c ****     if (obj->irq_type == BspUart_IRQ_Type_Idle)
 1317              		.loc 1 347 12
 1318 00a0 7B68     		ldr	r3, [r7, #4]
 1319 00a2 93F85530 		ldrb	r3, [r3, #85]	@ zero_extendqisi2
 1320              		.loc 1 347 8
 1321 00a6 012B     		cmp	r3, #1
 1322 00a8 0FD1     		bne	.L78
 348:HW_Lib/STM32H7/BSP/Bsp_Uart.c ****     {
 349:HW_Lib/STM32H7/BSP/Bsp_Uart.c ****         HAL_UART_DMAStop(To_Uart_Handle_Ptr(obj->hdl));
 1323              		.loc 1 349 26
 1324 00aa 7B68     		ldr	r3, [r7, #4]
 1325 00ac DB68     		ldr	r3, [r3, #12]
 1326              		.loc 1 349 9
 1327 00ae 1846     		mov	r0, r3
 1328 00b0 FFF7FEFF 		bl	HAL_UART_DMAStop
 350:HW_Lib/STM32H7/BSP/Bsp_Uart.c ****         __HAL_UART_DISABLE_IT(To_Uart_Handle_Ptr(obj->hdl), UART_IT_IDLE);
 1329              		.loc 1 350 9
 1330 00b4 7B68     		ldr	r3, [r7, #4]
 1331 00b6 DB68     		ldr	r3, [r3, #12]
 1332 00b8 1B68     		ldr	r3, [r3]
 1333 00ba 1A68     		ldr	r2, [r3]
 1334 00bc 7B68     		ldr	r3, [r7, #4]
 1335 00be DB68     		ldr	r3, [r3, #12]
 1336 00c0 1B68     		ldr	r3, [r3]
 1337 00c2 22F01002 		bic	r2, r2, #16
 1338 00c6 1A60     		str	r2, [r3]
 1339 00c8 13E0     		b	.L79
 1340              	.L78:
 351:HW_Lib/STM32H7/BSP/Bsp_Uart.c ****     }
 352:HW_Lib/STM32H7/BSP/Bsp_Uart.c ****     else if (obj->irq_type == BspUart_IRQ_Type_Byte)
 1341              		.loc 1 352 17
 1342 00ca 7B68     		ldr	r3, [r7, #4]
 1343 00cc 93F85530 		ldrb	r3, [r3, #85]	@ zero_extendqisi2
 1344              		.loc 1 352 13
 1345 00d0 022B     		cmp	r3, #2
 1346 00d2 0ED1     		bne	.L79
 353:HW_Lib/STM32H7/BSP/Bsp_Uart.c ****     {
 354:HW_Lib/STM32H7/BSP/Bsp_Uart.c ****         HAL_UART_AbortReceive_IT(To_Uart_Handle_Ptr(obj->hdl));
 1347              		.loc 1 354 34
 1348 00d4 7B68     		ldr	r3, [r7, #4]
 1349 00d6 DB68     		ldr	r3, [r3, #12]
 1350              		.loc 1 354 9
 1351 00d8 1846     		mov	r0, r3
 1352 00da FFF7FEFF 		bl	HAL_UART_AbortReceive_IT
 355:HW_Lib/STM32H7/BSP/Bsp_Uart.c ****         __HAL_UART_DISABLE_IT(To_Uart_Handle_Ptr(obj->hdl), UART_IT_RXNE | UART_IT_ORE);
 1353              		.loc 1 355 9
 1354 00de 7B68     		ldr	r3, [r7, #4]
 1355 00e0 DB68     		ldr	r3, [r3, #12]
 1356 00e2 1B68     		ldr	r3, [r3]
 1357 00e4 1A68     		ldr	r2, [r3]
 1358 00e6 7B68     		ldr	r3, [r7, #4]
 1359 00e8 DB68     		ldr	r3, [r3, #12]
 1360 00ea 1B68     		ldr	r3, [r3]
 1361 00ec 22F02002 		bic	r2, r2, #32
 1362 00f0 1A60     		str	r2, [r3]
ARM GAS  C:\Users\HUAV\AppData\Local\Temp\cciXU3YP.s 			page 31


 1363              	.L79:
 356:HW_Lib/STM32H7/BSP/Bsp_Uart.c ****     }
 357:HW_Lib/STM32H7/BSP/Bsp_Uart.c **** 
 358:HW_Lib/STM32H7/BSP/Bsp_Uart.c ****     if (BspUart_SetIRQ(obj, false) < 0)
 1364              		.loc 1 358 9
 1365 00f2 0021     		movs	r1, #0
 1366 00f4 7868     		ldr	r0, [r7, #4]
 1367 00f6 FFF7FEFF 		bl	BspUart_SetIRQ
 1368 00fa 0346     		mov	r3, r0
 1369              		.loc 1 358 8
 1370 00fc 002B     		cmp	r3, #0
 1371 00fe 01DA     		bge	.L80
 359:HW_Lib/STM32H7/BSP/Bsp_Uart.c ****         return false;
 1372              		.loc 1 359 16
 1373 0100 0023     		movs	r3, #0
 1374 0102 23E0     		b	.L73
 1375              	.L80:
 360:HW_Lib/STM32H7/BSP/Bsp_Uart.c **** 
 361:HW_Lib/STM32H7/BSP/Bsp_Uart.c ****     HAL_UART_DeInit(To_Uart_Handle_Ptr(obj->hdl));
 1376              		.loc 1 361 21
 1377 0104 7B68     		ldr	r3, [r7, #4]
 1378 0106 DB68     		ldr	r3, [r3, #12]
 1379              		.loc 1 361 5
 1380 0108 1846     		mov	r0, r3
 1381 010a FFF7FEFF 		bl	HAL_UART_DeInit
 362:HW_Lib/STM32H7/BSP/Bsp_Uart.c **** 
 363:HW_Lib/STM32H7/BSP/Bsp_Uart.c ****     if (obj->tx_dma_hdl)
 1382              		.loc 1 363 12
 1383 010e 7B68     		ldr	r3, [r7, #4]
 1384 0110 5B69     		ldr	r3, [r3, #20]
 1385              		.loc 1 363 8
 1386 0112 002B     		cmp	r3, #0
 1387 0114 0AD0     		beq	.L81
 364:HW_Lib/STM32H7/BSP/Bsp_Uart.c ****         BspDMA.de_init(obj->tx_dma, obj->tx_stream, obj->tx_dma_hdl);
 1388              		.loc 1 364 15
 1389 0116 144B     		ldr	r3, .L83+20
 1390 0118 1B68     		ldr	r3, [r3]
 1391              		.loc 1 364 9
 1392 011a 7A68     		ldr	r2, [r7, #4]
 1393 011c 92F91000 		ldrsb	r0, [r2, #16]
 1394 0120 7A68     		ldr	r2, [r7, #4]
 1395 0122 92F91110 		ldrsb	r1, [r2, #17]
 1396 0126 7A68     		ldr	r2, [r7, #4]
 1397 0128 5269     		ldr	r2, [r2, #20]
 1398 012a 9847     		blx	r3
 1399              	.LVL6:
 1400              	.L81:
 365:HW_Lib/STM32H7/BSP/Bsp_Uart.c **** 
 366:HW_Lib/STM32H7/BSP/Bsp_Uart.c ****     if (obj->rx_dma_hdl)
 1401              		.loc 1 366 12
 1402 012c 7B68     		ldr	r3, [r7, #4]
 1403 012e DB69     		ldr	r3, [r3, #28]
 1404              		.loc 1 366 8
 1405 0130 002B     		cmp	r3, #0
 1406 0132 0AD0     		beq	.L82
 367:HW_Lib/STM32H7/BSP/Bsp_Uart.c ****         BspDMA.de_init(obj->rx_dma, obj->rx_stream, obj->rx_dma_hdl);
 1407              		.loc 1 367 15
ARM GAS  C:\Users\HUAV\AppData\Local\Temp\cciXU3YP.s 			page 32


 1408 0134 0C4B     		ldr	r3, .L83+20
 1409 0136 1B68     		ldr	r3, [r3]
 1410              		.loc 1 367 9
 1411 0138 7A68     		ldr	r2, [r7, #4]
 1412 013a 92F91800 		ldrsb	r0, [r2, #24]
 1413 013e 7A68     		ldr	r2, [r7, #4]
 1414 0140 92F91910 		ldrsb	r1, [r2, #25]
 1415 0144 7A68     		ldr	r2, [r7, #4]
 1416 0146 D269     		ldr	r2, [r2, #28]
 1417 0148 9847     		blx	r3
 1418              	.LVL7:
 1419              	.L82:
 368:HW_Lib/STM32H7/BSP/Bsp_Uart.c **** 
 369:HW_Lib/STM32H7/BSP/Bsp_Uart.c ****     return true;
 1420              		.loc 1 369 12
 1421 014a 0123     		movs	r3, #1
 1422              	.L73:
 370:HW_Lib/STM32H7/BSP/Bsp_Uart.c **** }
 1423              		.loc 1 370 1
 1424 014c 1846     		mov	r0, r3
 1425 014e 0837     		adds	r7, r7, #8
 1426              	.LCFI23:
 1427              		.cfi_def_cfa_offset 8
 1428 0150 BD46     		mov	sp, r7
 1429              	.LCFI24:
 1430              		.cfi_def_cfa_register 13
 1431              		@ sp needed
 1432 0152 80BD     		pop	{r7, pc}
 1433              	.L84:
 1434              		.align	2
 1435              	.L83:
 1436 0154 00100140 		.word	1073811456
 1437 0158 00440258 		.word	1476543488
 1438 015c 004C0040 		.word	1073761280
 1439 0160 00140140 		.word	1073812480
 1440 0164 00780040 		.word	1073772544
 1441 0168 00000000 		.word	BspDMA
 1442              		.cfi_endproc
 1443              	.LFE337:
 1445              		.section	.text.BspUart_Set_DataBit,"ax",%progbits
 1446              		.align	1
 1447              		.syntax unified
 1448              		.thumb
 1449              		.thumb_func
 1451              	BspUart_Set_DataBit:
 1452              	.LFB338:
 371:HW_Lib/STM32H7/BSP/Bsp_Uart.c **** 
 372:HW_Lib/STM32H7/BSP/Bsp_Uart.c **** static bool BspUart_Set_DataBit(BspUARTObj_TypeDef *obj, uint32_t bit)
 373:HW_Lib/STM32H7/BSP/Bsp_Uart.c **** {
 1453              		.loc 1 373 1
 1454              		.cfi_startproc
 1455              		@ args = 0, pretend = 0, frame = 8
 1456              		@ frame_needed = 1, uses_anonymous_args = 0
 1457 0000 80B5     		push	{r7, lr}
 1458              	.LCFI25:
 1459              		.cfi_def_cfa_offset 8
 1460              		.cfi_offset 7, -8
ARM GAS  C:\Users\HUAV\AppData\Local\Temp\cciXU3YP.s 			page 33


 1461              		.cfi_offset 14, -4
 1462 0002 82B0     		sub	sp, sp, #8
 1463              	.LCFI26:
 1464              		.cfi_def_cfa_offset 16
 1465 0004 00AF     		add	r7, sp, #0
 1466              	.LCFI27:
 1467              		.cfi_def_cfa_register 7
 1468 0006 7860     		str	r0, [r7, #4]
 1469 0008 3960     		str	r1, [r7]
 374:HW_Lib/STM32H7/BSP/Bsp_Uart.c ****     if (obj || !obj->init_state)
 1470              		.loc 1 374 8
 1471 000a 7B68     		ldr	r3, [r7, #4]
 1472 000c 002B     		cmp	r3, #0
 1473 000e 07D1     		bne	.L86
 1474              		.loc 1 374 20 discriminator 1
 1475 0010 7B68     		ldr	r3, [r7, #4]
 1476 0012 93F85430 		ldrb	r3, [r3, #84]	@ zero_extendqisi2
 1477              		.loc 1 374 16 discriminator 1
 1478 0016 83F00103 		eor	r3, r3, #1
 1479 001a DBB2     		uxtb	r3, r3
 1480              		.loc 1 374 13 discriminator 1
 1481 001c 002B     		cmp	r3, #0
 1482 001e 01D0     		beq	.L87
 1483              	.L86:
 375:HW_Lib/STM32H7/BSP/Bsp_Uart.c ****         return false;
 1484              		.loc 1 375 16
 1485 0020 0023     		movs	r3, #0
 1486 0022 0EE0     		b	.L88
 1487              	.L87:
 376:HW_Lib/STM32H7/BSP/Bsp_Uart.c **** 
 377:HW_Lib/STM32H7/BSP/Bsp_Uart.c ****     To_Uart_Handle_Ptr(obj->hdl)->Init.WordLength = bit;
 1488              		.loc 1 377 5
 1489 0024 7B68     		ldr	r3, [r7, #4]
 1490 0026 DB68     		ldr	r3, [r3, #12]
 1491              		.loc 1 377 51
 1492 0028 3A68     		ldr	r2, [r7]
 1493 002a 9A60     		str	r2, [r3, #8]
 378:HW_Lib/STM32H7/BSP/Bsp_Uart.c **** 
 379:HW_Lib/STM32H7/BSP/Bsp_Uart.c ****     if (HAL_UART_Init(To_Uart_Handle_Ptr(obj->hdl)) != HAL_OK)
 1494              		.loc 1 379 23
 1495 002c 7B68     		ldr	r3, [r7, #4]
 1496 002e DB68     		ldr	r3, [r3, #12]
 1497              		.loc 1 379 9
 1498 0030 1846     		mov	r0, r3
 1499 0032 FFF7FEFF 		bl	HAL_UART_Init
 1500 0036 0346     		mov	r3, r0
 1501              		.loc 1 379 8
 1502 0038 002B     		cmp	r3, #0
 1503 003a 01D0     		beq	.L89
 380:HW_Lib/STM32H7/BSP/Bsp_Uart.c ****         return false;
 1504              		.loc 1 380 16
 1505 003c 0023     		movs	r3, #0
 1506 003e 00E0     		b	.L88
 1507              	.L89:
 381:HW_Lib/STM32H7/BSP/Bsp_Uart.c **** 
 382:HW_Lib/STM32H7/BSP/Bsp_Uart.c ****     return true;
 1508              		.loc 1 382 12
ARM GAS  C:\Users\HUAV\AppData\Local\Temp\cciXU3YP.s 			page 34


 1509 0040 0123     		movs	r3, #1
 1510              	.L88:
 383:HW_Lib/STM32H7/BSP/Bsp_Uart.c **** }
 1511              		.loc 1 383 1
 1512 0042 1846     		mov	r0, r3
 1513 0044 0837     		adds	r7, r7, #8
 1514              	.LCFI28:
 1515              		.cfi_def_cfa_offset 8
 1516 0046 BD46     		mov	sp, r7
 1517              	.LCFI29:
 1518              		.cfi_def_cfa_register 13
 1519              		@ sp needed
 1520 0048 80BD     		pop	{r7, pc}
 1521              		.cfi_endproc
 1522              	.LFE338:
 1524              		.section	.text.BspUart_Set_Parity,"ax",%progbits
 1525              		.align	1
 1526              		.syntax unified
 1527              		.thumb
 1528              		.thumb_func
 1530              	BspUart_Set_Parity:
 1531              	.LFB339:
 384:HW_Lib/STM32H7/BSP/Bsp_Uart.c **** 
 385:HW_Lib/STM32H7/BSP/Bsp_Uart.c **** static bool BspUart_Set_Parity(BspUARTObj_TypeDef *obj, uint32_t parity)
 386:HW_Lib/STM32H7/BSP/Bsp_Uart.c **** {
 1532              		.loc 1 386 1
 1533              		.cfi_startproc
 1534              		@ args = 0, pretend = 0, frame = 8
 1535              		@ frame_needed = 1, uses_anonymous_args = 0
 1536 0000 80B5     		push	{r7, lr}
 1537              	.LCFI30:
 1538              		.cfi_def_cfa_offset 8
 1539              		.cfi_offset 7, -8
 1540              		.cfi_offset 14, -4
 1541 0002 82B0     		sub	sp, sp, #8
 1542              	.LCFI31:
 1543              		.cfi_def_cfa_offset 16
 1544 0004 00AF     		add	r7, sp, #0
 1545              	.LCFI32:
 1546              		.cfi_def_cfa_register 7
 1547 0006 7860     		str	r0, [r7, #4]
 1548 0008 3960     		str	r1, [r7]
 387:HW_Lib/STM32H7/BSP/Bsp_Uart.c ****     if (obj || !obj->init_state)
 1549              		.loc 1 387 8
 1550 000a 7B68     		ldr	r3, [r7, #4]
 1551 000c 002B     		cmp	r3, #0
 1552 000e 07D1     		bne	.L91
 1553              		.loc 1 387 20 discriminator 1
 1554 0010 7B68     		ldr	r3, [r7, #4]
 1555 0012 93F85430 		ldrb	r3, [r3, #84]	@ zero_extendqisi2
 1556              		.loc 1 387 16 discriminator 1
 1557 0016 83F00103 		eor	r3, r3, #1
 1558 001a DBB2     		uxtb	r3, r3
 1559              		.loc 1 387 13 discriminator 1
 1560 001c 002B     		cmp	r3, #0
 1561 001e 01D0     		beq	.L92
 1562              	.L91:
ARM GAS  C:\Users\HUAV\AppData\Local\Temp\cciXU3YP.s 			page 35


 388:HW_Lib/STM32H7/BSP/Bsp_Uart.c ****         return false;
 1563              		.loc 1 388 16
 1564 0020 0023     		movs	r3, #0
 1565 0022 0EE0     		b	.L93
 1566              	.L92:
 389:HW_Lib/STM32H7/BSP/Bsp_Uart.c **** 
 390:HW_Lib/STM32H7/BSP/Bsp_Uart.c ****     To_Uart_Handle_Ptr(obj->hdl)->Init.Parity = parity;
 1567              		.loc 1 390 5
 1568 0024 7B68     		ldr	r3, [r7, #4]
 1569 0026 DB68     		ldr	r3, [r3, #12]
 1570              		.loc 1 390 47
 1571 0028 3A68     		ldr	r2, [r7]
 1572 002a 1A61     		str	r2, [r3, #16]
 391:HW_Lib/STM32H7/BSP/Bsp_Uart.c **** 
 392:HW_Lib/STM32H7/BSP/Bsp_Uart.c ****     if (HAL_UART_Init(To_Uart_Handle_Ptr(obj->hdl)) != HAL_OK)
 1573              		.loc 1 392 23
 1574 002c 7B68     		ldr	r3, [r7, #4]
 1575 002e DB68     		ldr	r3, [r3, #12]
 1576              		.loc 1 392 9
 1577 0030 1846     		mov	r0, r3
 1578 0032 FFF7FEFF 		bl	HAL_UART_Init
 1579 0036 0346     		mov	r3, r0
 1580              		.loc 1 392 8
 1581 0038 002B     		cmp	r3, #0
 1582 003a 01D0     		beq	.L94
 393:HW_Lib/STM32H7/BSP/Bsp_Uart.c ****         return false;
 1583              		.loc 1 393 16
 1584 003c 0023     		movs	r3, #0
 1585 003e 00E0     		b	.L93
 1586              	.L94:
 394:HW_Lib/STM32H7/BSP/Bsp_Uart.c **** 
 395:HW_Lib/STM32H7/BSP/Bsp_Uart.c ****     return true;
 1587              		.loc 1 395 12
 1588 0040 0123     		movs	r3, #1
 1589              	.L93:
 396:HW_Lib/STM32H7/BSP/Bsp_Uart.c **** }
 1590              		.loc 1 396 1
 1591 0042 1846     		mov	r0, r3
 1592 0044 0837     		adds	r7, r7, #8
 1593              	.LCFI33:
 1594              		.cfi_def_cfa_offset 8
 1595 0046 BD46     		mov	sp, r7
 1596              	.LCFI34:
 1597              		.cfi_def_cfa_register 13
 1598              		@ sp needed
 1599 0048 80BD     		pop	{r7, pc}
 1600              		.cfi_endproc
 1601              	.LFE339:
 1603              		.section	.text.BspUart_Set_StopBit,"ax",%progbits
 1604              		.align	1
 1605              		.syntax unified
 1606              		.thumb
 1607              		.thumb_func
 1609              	BspUart_Set_StopBit:
 1610              	.LFB340:
 397:HW_Lib/STM32H7/BSP/Bsp_Uart.c **** 
 398:HW_Lib/STM32H7/BSP/Bsp_Uart.c **** static bool BspUart_Set_StopBit(BspUARTObj_TypeDef *obj, uint32_t stop_bit)
ARM GAS  C:\Users\HUAV\AppData\Local\Temp\cciXU3YP.s 			page 36


 399:HW_Lib/STM32H7/BSP/Bsp_Uart.c **** {
 1611              		.loc 1 399 1
 1612              		.cfi_startproc
 1613              		@ args = 0, pretend = 0, frame = 8
 1614              		@ frame_needed = 1, uses_anonymous_args = 0
 1615 0000 80B5     		push	{r7, lr}
 1616              	.LCFI35:
 1617              		.cfi_def_cfa_offset 8
 1618              		.cfi_offset 7, -8
 1619              		.cfi_offset 14, -4
 1620 0002 82B0     		sub	sp, sp, #8
 1621              	.LCFI36:
 1622              		.cfi_def_cfa_offset 16
 1623 0004 00AF     		add	r7, sp, #0
 1624              	.LCFI37:
 1625              		.cfi_def_cfa_register 7
 1626 0006 7860     		str	r0, [r7, #4]
 1627 0008 3960     		str	r1, [r7]
 400:HW_Lib/STM32H7/BSP/Bsp_Uart.c ****     if (obj || !obj->init_state)
 1628              		.loc 1 400 8
 1629 000a 7B68     		ldr	r3, [r7, #4]
 1630 000c 002B     		cmp	r3, #0
 1631 000e 07D1     		bne	.L96
 1632              		.loc 1 400 20 discriminator 1
 1633 0010 7B68     		ldr	r3, [r7, #4]
 1634 0012 93F85430 		ldrb	r3, [r3, #84]	@ zero_extendqisi2
 1635              		.loc 1 400 16 discriminator 1
 1636 0016 83F00103 		eor	r3, r3, #1
 1637 001a DBB2     		uxtb	r3, r3
 1638              		.loc 1 400 13 discriminator 1
 1639 001c 002B     		cmp	r3, #0
 1640 001e 01D0     		beq	.L97
 1641              	.L96:
 401:HW_Lib/STM32H7/BSP/Bsp_Uart.c ****         return false;
 1642              		.loc 1 401 16
 1643 0020 0023     		movs	r3, #0
 1644 0022 0EE0     		b	.L98
 1645              	.L97:
 402:HW_Lib/STM32H7/BSP/Bsp_Uart.c **** 
 403:HW_Lib/STM32H7/BSP/Bsp_Uart.c ****     To_Uart_Handle_Ptr(obj->hdl)->Init.StopBits = stop_bit;
 1646              		.loc 1 403 5
 1647 0024 7B68     		ldr	r3, [r7, #4]
 1648 0026 DB68     		ldr	r3, [r3, #12]
 1649              		.loc 1 403 49
 1650 0028 3A68     		ldr	r2, [r7]
 1651 002a DA60     		str	r2, [r3, #12]
 404:HW_Lib/STM32H7/BSP/Bsp_Uart.c **** 
 405:HW_Lib/STM32H7/BSP/Bsp_Uart.c ****     if (HAL_UART_Init(To_Uart_Handle_Ptr(obj->hdl)) != HAL_OK)
 1652              		.loc 1 405 23
 1653 002c 7B68     		ldr	r3, [r7, #4]
 1654 002e DB68     		ldr	r3, [r3, #12]
 1655              		.loc 1 405 9
 1656 0030 1846     		mov	r0, r3
 1657 0032 FFF7FEFF 		bl	HAL_UART_Init
 1658 0036 0346     		mov	r3, r0
 1659              		.loc 1 405 8
 1660 0038 002B     		cmp	r3, #0
ARM GAS  C:\Users\HUAV\AppData\Local\Temp\cciXU3YP.s 			page 37


 1661 003a 01D0     		beq	.L99
 406:HW_Lib/STM32H7/BSP/Bsp_Uart.c ****         return false;
 1662              		.loc 1 406 16
 1663 003c 0023     		movs	r3, #0
 1664 003e 00E0     		b	.L98
 1665              	.L99:
 407:HW_Lib/STM32H7/BSP/Bsp_Uart.c **** 
 408:HW_Lib/STM32H7/BSP/Bsp_Uart.c ****     return true;
 1666              		.loc 1 408 12
 1667 0040 0123     		movs	r3, #1
 1668              	.L98:
 409:HW_Lib/STM32H7/BSP/Bsp_Uart.c **** }
 1669              		.loc 1 409 1
 1670 0042 1846     		mov	r0, r3
 1671 0044 0837     		adds	r7, r7, #8
 1672              	.LCFI38:
 1673              		.cfi_def_cfa_offset 8
 1674 0046 BD46     		mov	sp, r7
 1675              	.LCFI39:
 1676              		.cfi_def_cfa_register 13
 1677              		@ sp needed
 1678 0048 80BD     		pop	{r7, pc}
 1679              		.cfi_endproc
 1680              	.LFE340:
 1682              		.section	.text.BspUart_Swap_Pin,"ax",%progbits
 1683              		.align	1
 1684              		.syntax unified
 1685              		.thumb
 1686              		.thumb_func
 1688              	BspUart_Swap_Pin:
 1689              	.LFB341:
 410:HW_Lib/STM32H7/BSP/Bsp_Uart.c **** 
 411:HW_Lib/STM32H7/BSP/Bsp_Uart.c **** static bool BspUart_Swap_Pin(BspUARTObj_TypeDef *obj, bool swap)
 412:HW_Lib/STM32H7/BSP/Bsp_Uart.c **** {
 1690              		.loc 1 412 1
 1691              		.cfi_startproc
 1692              		@ args = 0, pretend = 0, frame = 8
 1693              		@ frame_needed = 1, uses_anonymous_args = 0
 1694 0000 80B5     		push	{r7, lr}
 1695              	.LCFI40:
 1696              		.cfi_def_cfa_offset 8
 1697              		.cfi_offset 7, -8
 1698              		.cfi_offset 14, -4
 1699 0002 82B0     		sub	sp, sp, #8
 1700              	.LCFI41:
 1701              		.cfi_def_cfa_offset 16
 1702 0004 00AF     		add	r7, sp, #0
 1703              	.LCFI42:
 1704              		.cfi_def_cfa_register 7
 1705 0006 7860     		str	r0, [r7, #4]
 1706 0008 0B46     		mov	r3, r1
 1707 000a FB70     		strb	r3, [r7, #3]
 413:HW_Lib/STM32H7/BSP/Bsp_Uart.c ****     if (obj || !obj->init_state)
 1708              		.loc 1 413 8
 1709 000c 7B68     		ldr	r3, [r7, #4]
 1710 000e 002B     		cmp	r3, #0
 1711 0010 07D1     		bne	.L101
ARM GAS  C:\Users\HUAV\AppData\Local\Temp\cciXU3YP.s 			page 38


 1712              		.loc 1 413 20 discriminator 1
 1713 0012 7B68     		ldr	r3, [r7, #4]
 1714 0014 93F85430 		ldrb	r3, [r3, #84]	@ zero_extendqisi2
 1715              		.loc 1 413 16 discriminator 1
 1716 0018 83F00103 		eor	r3, r3, #1
 1717 001c DBB2     		uxtb	r3, r3
 1718              		.loc 1 413 13 discriminator 1
 1719 001e 002B     		cmp	r3, #0
 1720 0020 01D0     		beq	.L102
 1721              	.L101:
 414:HW_Lib/STM32H7/BSP/Bsp_Uart.c ****         return false;
 1722              		.loc 1 414 16
 1723 0022 0023     		movs	r3, #0
 1724 0024 1AE0     		b	.L103
 1725              	.L102:
 415:HW_Lib/STM32H7/BSP/Bsp_Uart.c **** 
 416:HW_Lib/STM32H7/BSP/Bsp_Uart.c ****     obj->pin_swap = swap;
 1726              		.loc 1 416 19
 1727 0026 7B68     		ldr	r3, [r7, #4]
 1728 0028 FA78     		ldrb	r2, [r7, #3]
 1729 002a 1A71     		strb	r2, [r3, #4]
 417:HW_Lib/STM32H7/BSP/Bsp_Uart.c **** 
 418:HW_Lib/STM32H7/BSP/Bsp_Uart.c ****     if (swap)
 1730              		.loc 1 418 8
 1731 002c FB78     		ldrb	r3, [r7, #3]	@ zero_extendqisi2
 1732 002e 002B     		cmp	r3, #0
 1733 0030 05D0     		beq	.L104
 419:HW_Lib/STM32H7/BSP/Bsp_Uart.c ****     {
 420:HW_Lib/STM32H7/BSP/Bsp_Uart.c ****         To_Uart_Handle_Ptr(obj->hdl)->AdvancedInit.Swap = UART_ADVFEATURE_SWAP_ENABLE;
 1734              		.loc 1 420 9
 1735 0032 7B68     		ldr	r3, [r7, #4]
 1736 0034 DB68     		ldr	r3, [r3, #12]
 1737              		.loc 1 420 57
 1738 0036 4FF40042 		mov	r2, #32768
 1739 003a 9A63     		str	r2, [r3, #56]
 1740 003c 03E0     		b	.L105
 1741              	.L104:
 421:HW_Lib/STM32H7/BSP/Bsp_Uart.c ****     }
 422:HW_Lib/STM32H7/BSP/Bsp_Uart.c ****     else
 423:HW_Lib/STM32H7/BSP/Bsp_Uart.c ****         To_Uart_Handle_Ptr(obj->hdl)->AdvancedInit.Swap = UART_ADVFEATURE_SWAP_DISABLE;
 1742              		.loc 1 423 9
 1743 003e 7B68     		ldr	r3, [r7, #4]
 1744 0040 DB68     		ldr	r3, [r3, #12]
 1745              		.loc 1 423 57
 1746 0042 0022     		movs	r2, #0
 1747 0044 9A63     		str	r2, [r3, #56]
 1748              	.L105:
 424:HW_Lib/STM32H7/BSP/Bsp_Uart.c **** 
 425:HW_Lib/STM32H7/BSP/Bsp_Uart.c ****     if (HAL_UART_Init(To_Uart_Handle_Ptr(obj->hdl)) != HAL_OK)
 1749              		.loc 1 425 23
 1750 0046 7B68     		ldr	r3, [r7, #4]
 1751 0048 DB68     		ldr	r3, [r3, #12]
 1752              		.loc 1 425 9
 1753 004a 1846     		mov	r0, r3
 1754 004c FFF7FEFF 		bl	HAL_UART_Init
 1755 0050 0346     		mov	r3, r0
 1756              		.loc 1 425 8
ARM GAS  C:\Users\HUAV\AppData\Local\Temp\cciXU3YP.s 			page 39


 1757 0052 002B     		cmp	r3, #0
 1758 0054 01D0     		beq	.L106
 426:HW_Lib/STM32H7/BSP/Bsp_Uart.c ****         return false;
 1759              		.loc 1 426 16
 1760 0056 0023     		movs	r3, #0
 1761 0058 00E0     		b	.L103
 1762              	.L106:
 427:HW_Lib/STM32H7/BSP/Bsp_Uart.c **** 
 428:HW_Lib/STM32H7/BSP/Bsp_Uart.c ****     return true;
 1763              		.loc 1 428 12
 1764 005a 0123     		movs	r3, #1
 1765              	.L103:
 429:HW_Lib/STM32H7/BSP/Bsp_Uart.c **** }
 1766              		.loc 1 429 1
 1767 005c 1846     		mov	r0, r3
 1768 005e 0837     		adds	r7, r7, #8
 1769              	.LCFI43:
 1770              		.cfi_def_cfa_offset 8
 1771 0060 BD46     		mov	sp, r7
 1772              	.LCFI44:
 1773              		.cfi_def_cfa_register 13
 1774              		@ sp needed
 1775 0062 80BD     		pop	{r7, pc}
 1776              		.cfi_endproc
 1777              	.LFE341:
 1779              		.section	.text.BspUart_GetObj_Handle,"ax",%progbits
 1780              		.align	1
 1781              		.global	BspUart_GetObj_Handle
 1782              		.syntax unified
 1783              		.thumb
 1784              		.thumb_func
 1786              	BspUart_GetObj_Handle:
 1787              	.LFB342:
 430:HW_Lib/STM32H7/BSP/Bsp_Uart.c **** 
 431:HW_Lib/STM32H7/BSP/Bsp_Uart.c **** UART_HandleTypeDef *BspUart_GetObj_Handle(BspUART_Port_List index)
 432:HW_Lib/STM32H7/BSP/Bsp_Uart.c **** {
 1788              		.loc 1 432 1
 1789              		.cfi_startproc
 1790              		@ args = 0, pretend = 0, frame = 8
 1791              		@ frame_needed = 1, uses_anonymous_args = 0
 1792              		@ link register save eliminated.
 1793 0000 80B4     		push	{r7}
 1794              	.LCFI45:
 1795              		.cfi_def_cfa_offset 4
 1796              		.cfi_offset 7, -4
 1797 0002 83B0     		sub	sp, sp, #12
 1798              	.LCFI46:
 1799              		.cfi_def_cfa_offset 16
 1800 0004 00AF     		add	r7, sp, #0
 1801              	.LCFI47:
 1802              		.cfi_def_cfa_register 7
 1803 0006 0346     		mov	r3, r0
 1804 0008 FB71     		strb	r3, [r7, #7]
 433:HW_Lib/STM32H7/BSP/Bsp_Uart.c ****     if (index >= Bsp_UART_Port_Sum)
 1805              		.loc 1 433 8
 1806 000a FB79     		ldrb	r3, [r7, #7]	@ zero_extendqisi2
 1807 000c 032B     		cmp	r3, #3
ARM GAS  C:\Users\HUAV\AppData\Local\Temp\cciXU3YP.s 			page 40


 1808 000e 01D9     		bls	.L108
 434:HW_Lib/STM32H7/BSP/Bsp_Uart.c ****         return NULL;
 1809              		.loc 1 434 16
 1810 0010 0023     		movs	r3, #0
 1811 0012 04E0     		b	.L109
 1812              	.L108:
 435:HW_Lib/STM32H7/BSP/Bsp_Uart.c **** 
 436:HW_Lib/STM32H7/BSP/Bsp_Uart.c ****     return (UART_HandleTypeDef *)(BspUart_Obj_List[index]->hdl);
 1813              		.loc 1 436 51
 1814 0014 FB79     		ldrb	r3, [r7, #7]	@ zero_extendqisi2
 1815 0016 054A     		ldr	r2, .L110
 1816 0018 52F82330 		ldr	r3, [r2, r3, lsl #2]
 1817              		.loc 1 436 12
 1818 001c DB68     		ldr	r3, [r3, #12]
 1819              	.L109:
 437:HW_Lib/STM32H7/BSP/Bsp_Uart.c **** }
 1820              		.loc 1 437 1
 1821 001e 1846     		mov	r0, r3
 1822 0020 0C37     		adds	r7, r7, #12
 1823              	.LCFI48:
 1824              		.cfi_def_cfa_offset 4
 1825 0022 BD46     		mov	sp, r7
 1826              	.LCFI49:
 1827              		.cfi_def_cfa_register 13
 1828              		@ sp needed
 1829 0024 5DF8047B 		ldr	r7, [sp], #4
 1830              	.LCFI50:
 1831              		.cfi_restore 7
 1832              		.cfi_def_cfa_offset 0
 1833 0028 7047     		bx	lr
 1834              	.L111:
 1835 002a 00BF     		.align	2
 1836              	.L110:
 1837 002c 00000000 		.word	BspUart_Obj_List
 1838              		.cfi_endproc
 1839              	.LFE342:
 1841              		.section	.text.BspUart_Transfer,"ax",%progbits
 1842              		.align	1
 1843              		.syntax unified
 1844              		.thumb
 1845              		.thumb_func
 1847              	BspUart_Transfer:
 1848              	.LFB343:
 438:HW_Lib/STM32H7/BSP/Bsp_Uart.c **** 
 439:HW_Lib/STM32H7/BSP/Bsp_Uart.c **** static bool BspUart_Transfer(BspUARTObj_TypeDef *obj, uint8_t *tx_buf, uint16_t size)
 440:HW_Lib/STM32H7/BSP/Bsp_Uart.c **** {
 1849              		.loc 1 440 1
 1850              		.cfi_startproc
 1851              		@ args = 0, pretend = 0, frame = 16
 1852              		@ frame_needed = 1, uses_anonymous_args = 0
 1853 0000 80B5     		push	{r7, lr}
 1854              	.LCFI51:
 1855              		.cfi_def_cfa_offset 8
 1856              		.cfi_offset 7, -8
 1857              		.cfi_offset 14, -4
 1858 0002 84B0     		sub	sp, sp, #16
 1859              	.LCFI52:
ARM GAS  C:\Users\HUAV\AppData\Local\Temp\cciXU3YP.s 			page 41


 1860              		.cfi_def_cfa_offset 24
 1861 0004 00AF     		add	r7, sp, #0
 1862              	.LCFI53:
 1863              		.cfi_def_cfa_register 7
 1864 0006 F860     		str	r0, [r7, #12]
 1865 0008 B960     		str	r1, [r7, #8]
 1866 000a 1346     		mov	r3, r2
 1867 000c FB80     		strh	r3, [r7, #6]	@ movhi
 441:HW_Lib/STM32H7/BSP/Bsp_Uart.c ****     if ((obj == NULL) || (tx_buf == NULL) || (size == 0))
 1868              		.loc 1 441 8
 1869 000e FB68     		ldr	r3, [r7, #12]
 1870 0010 002B     		cmp	r3, #0
 1871 0012 05D0     		beq	.L113
 1872              		.loc 1 441 23 discriminator 1
 1873 0014 BB68     		ldr	r3, [r7, #8]
 1874 0016 002B     		cmp	r3, #0
 1875 0018 02D0     		beq	.L113
 1876              		.loc 1 441 43 discriminator 2
 1877 001a FB88     		ldrh	r3, [r7, #6]
 1878 001c 002B     		cmp	r3, #0
 1879 001e 01D1     		bne	.L114
 1880              	.L113:
 442:HW_Lib/STM32H7/BSP/Bsp_Uart.c ****         return false;
 1881              		.loc 1 442 16
 1882 0020 0023     		movs	r3, #0
 1883 0022 2FE0     		b	.L115
 1884              	.L114:
 443:HW_Lib/STM32H7/BSP/Bsp_Uart.c **** 
 444:HW_Lib/STM32H7/BSP/Bsp_Uart.c ****     if (obj->tx_dma_hdl)
 1885              		.loc 1 444 12
 1886 0024 FB68     		ldr	r3, [r7, #12]
 1887 0026 5B69     		ldr	r3, [r3, #20]
 1888              		.loc 1 444 8
 1889 0028 002B     		cmp	r3, #0
 1890 002a 23D0     		beq	.L116
 445:HW_Lib/STM32H7/BSP/Bsp_Uart.c ****     {
 446:HW_Lib/STM32H7/BSP/Bsp_Uart.c ****         /* send data */
 447:HW_Lib/STM32H7/BSP/Bsp_Uart.c ****         switch (HAL_UART_Transmit_DMA(To_Uart_Handle_Ptr(obj->hdl), tx_buf, size))
 1891              		.loc 1 447 39
 1892 002c FB68     		ldr	r3, [r7, #12]
 1893 002e DB68     		ldr	r3, [r3, #12]
 1894              		.loc 1 447 17
 1895 0030 FA88     		ldrh	r2, [r7, #6]
 1896 0032 B968     		ldr	r1, [r7, #8]
 1897 0034 1846     		mov	r0, r3
 1898 0036 FFF7FEFF 		bl	HAL_UART_Transmit_DMA
 1899 003a 0346     		mov	r3, r0
 1900              		.loc 1 447 9
 1901 003c 002B     		cmp	r3, #0
 1902 003e 05D0     		beq	.L117
 1903 0040 002B     		cmp	r3, #0
 1904 0042 10DB     		blt	.L118
 1905 0044 013B     		subs	r3, r3, #1
 1906 0046 012B     		cmp	r3, #1
 1907 0048 0DD8     		bhi	.L118
 1908 004a 05E0     		b	.L122
 1909              	.L117:
ARM GAS  C:\Users\HUAV\AppData\Local\Temp\cciXU3YP.s 			page 42


 448:HW_Lib/STM32H7/BSP/Bsp_Uart.c ****         {
 449:HW_Lib/STM32H7/BSP/Bsp_Uart.c ****             case HAL_OK:
 450:HW_Lib/STM32H7/BSP/Bsp_Uart.c ****                 obj->monitor.tx_cnt++;
 1910              		.loc 1 450 29
 1911 004c FB68     		ldr	r3, [r7, #12]
 1912 004e DB6D     		ldr	r3, [r3, #92]
 1913              		.loc 1 450 36
 1914 0050 5A1C     		adds	r2, r3, #1
 1915 0052 FB68     		ldr	r3, [r7, #12]
 1916 0054 DA65     		str	r2, [r3, #92]
 451:HW_Lib/STM32H7/BSP/Bsp_Uart.c ****                 break;
 1917              		.loc 1 451 17
 1918 0056 14E0     		b	.L121
 1919              	.L122:
 452:HW_Lib/STM32H7/BSP/Bsp_Uart.c **** 
 453:HW_Lib/STM32H7/BSP/Bsp_Uart.c ****             case HAL_ERROR:
 454:HW_Lib/STM32H7/BSP/Bsp_Uart.c ****             case HAL_BUSY:
 455:HW_Lib/STM32H7/BSP/Bsp_Uart.c ****                 obj->monitor.tx_err_cnt++;
 1920              		.loc 1 455 29
 1921 0058 FB68     		ldr	r3, [r7, #12]
 1922 005a 1B6F     		ldr	r3, [r3, #112]
 1923              		.loc 1 455 40
 1924 005c 5A1C     		adds	r2, r3, #1
 1925 005e FB68     		ldr	r3, [r7, #12]
 1926 0060 1A67     		str	r2, [r3, #112]
 456:HW_Lib/STM32H7/BSP/Bsp_Uart.c ****                 return false;
 1927              		.loc 1 456 24
 1928 0062 0023     		movs	r3, #0
 1929 0064 0EE0     		b	.L115
 1930              	.L118:
 457:HW_Lib/STM32H7/BSP/Bsp_Uart.c **** 
 458:HW_Lib/STM32H7/BSP/Bsp_Uart.c ****             default:
 459:HW_Lib/STM32H7/BSP/Bsp_Uart.c ****                 obj->monitor.tx_unknow_err_cnt++;
 1931              		.loc 1 459 29
 1932 0066 FB68     		ldr	r3, [r7, #12]
 1933 0068 5B6F     		ldr	r3, [r3, #116]
 1934              		.loc 1 459 47
 1935 006a 5A1C     		adds	r2, r3, #1
 1936 006c FB68     		ldr	r3, [r7, #12]
 1937 006e 5A67     		str	r2, [r3, #116]
 460:HW_Lib/STM32H7/BSP/Bsp_Uart.c ****                 return false;
 1938              		.loc 1 460 24
 1939 0070 0023     		movs	r3, #0
 1940 0072 07E0     		b	.L115
 1941              	.L116:
 461:HW_Lib/STM32H7/BSP/Bsp_Uart.c ****         }
 462:HW_Lib/STM32H7/BSP/Bsp_Uart.c ****     }
 463:HW_Lib/STM32H7/BSP/Bsp_Uart.c ****     else
 464:HW_Lib/STM32H7/BSP/Bsp_Uart.c ****         HAL_UART_Transmit(To_Uart_Handle_Ptr(obj->hdl), tx_buf, size, 10);
 1942              		.loc 1 464 27
 1943 0074 FB68     		ldr	r3, [r7, #12]
 1944 0076 D868     		ldr	r0, [r3, #12]
 1945              		.loc 1 464 9
 1946 0078 FA88     		ldrh	r2, [r7, #6]
 1947 007a 0A23     		movs	r3, #10
 1948 007c B968     		ldr	r1, [r7, #8]
 1949 007e FFF7FEFF 		bl	HAL_UART_Transmit
ARM GAS  C:\Users\HUAV\AppData\Local\Temp\cciXU3YP.s 			page 43


 1950              	.L121:
 465:HW_Lib/STM32H7/BSP/Bsp_Uart.c **** 
 466:HW_Lib/STM32H7/BSP/Bsp_Uart.c ****     return true;
 1951              		.loc 1 466 12
 1952 0082 0123     		movs	r3, #1
 1953              	.L115:
 467:HW_Lib/STM32H7/BSP/Bsp_Uart.c **** }
 1954              		.loc 1 467 1
 1955 0084 1846     		mov	r0, r3
 1956 0086 1037     		adds	r7, r7, #16
 1957              	.LCFI54:
 1958              		.cfi_def_cfa_offset 8
 1959 0088 BD46     		mov	sp, r7
 1960              	.LCFI55:
 1961              		.cfi_def_cfa_register 13
 1962              		@ sp needed
 1963 008a 80BD     		pop	{r7, pc}
 1964              		.cfi_endproc
 1965              	.LFE343:
 1967              		.section	.text.BspUart_DMAStopRx,"ax",%progbits
 1968              		.align	1
 1969              		.syntax unified
 1970              		.thumb
 1971              		.thumb_func
 1973              	BspUart_DMAStopRx:
 1974              	.LFB344:
 468:HW_Lib/STM32H7/BSP/Bsp_Uart.c **** 
 469:HW_Lib/STM32H7/BSP/Bsp_Uart.c **** static void BspUart_DMAStopRx(BspUART_Port_List index)
 470:HW_Lib/STM32H7/BSP/Bsp_Uart.c **** {
 1975              		.loc 1 470 1
 1976              		.cfi_startproc
 1977              		@ args = 0, pretend = 0, frame = 16
 1978              		@ frame_needed = 1, uses_anonymous_args = 0
 1979 0000 80B5     		push	{r7, lr}
 1980              	.LCFI56:
 1981              		.cfi_def_cfa_offset 8
 1982              		.cfi_offset 7, -8
 1983              		.cfi_offset 14, -4
 1984 0002 84B0     		sub	sp, sp, #16
 1985              	.LCFI57:
 1986              		.cfi_def_cfa_offset 24
 1987 0004 00AF     		add	r7, sp, #0
 1988              	.LCFI58:
 1989              		.cfi_def_cfa_register 7
 1990 0006 0346     		mov	r3, r0
 1991 0008 FB71     		strb	r3, [r7, #7]
 471:HW_Lib/STM32H7/BSP/Bsp_Uart.c ****     UART_HandleTypeDef *hdl = NULL;
 1992              		.loc 1 471 25
 1993 000a 0023     		movs	r3, #0
 1994 000c FB60     		str	r3, [r7, #12]
 472:HW_Lib/STM32H7/BSP/Bsp_Uart.c **** 
 473:HW_Lib/STM32H7/BSP/Bsp_Uart.c ****     if (BspUart_Obj_List[index])
 1995              		.loc 1 473 25
 1996 000e FB79     		ldrb	r3, [r7, #7]	@ zero_extendqisi2
 1997 0010 1F4A     		ldr	r2, .L127
 1998 0012 52F82330 		ldr	r3, [r2, r3, lsl #2]
 1999              		.loc 1 473 8
ARM GAS  C:\Users\HUAV\AppData\Local\Temp\cciXU3YP.s 			page 44


 2000 0016 002B     		cmp	r3, #0
 2001 0018 36D0     		beq	.L126
 474:HW_Lib/STM32H7/BSP/Bsp_Uart.c ****     {
 475:HW_Lib/STM32H7/BSP/Bsp_Uart.c ****         hdl = BspUart_Obj_List[index]->hdl;
 2002              		.loc 1 475 31
 2003 001a FB79     		ldrb	r3, [r7, #7]	@ zero_extendqisi2
 2004 001c 1C4A     		ldr	r2, .L127
 2005 001e 52F82330 		ldr	r3, [r2, r3, lsl #2]
 2006              		.loc 1 475 13
 2007 0022 DB68     		ldr	r3, [r3, #12]
 2008 0024 FB60     		str	r3, [r7, #12]
 476:HW_Lib/STM32H7/BSP/Bsp_Uart.c **** 
 477:HW_Lib/STM32H7/BSP/Bsp_Uart.c ****         /* Stop UART DMA Rx request if ongoing */
 478:HW_Lib/STM32H7/BSP/Bsp_Uart.c ****         if ((HAL_IS_BIT_SET(hdl->Instance->CR3, USART_CR3_DMAR)) &&
 2009              		.loc 1 478 14
 2010 0026 FB68     		ldr	r3, [r7, #12]
 2011 0028 1B68     		ldr	r3, [r3]
 2012 002a 9B68     		ldr	r3, [r3, #8]
 2013 002c 03F04003 		and	r3, r3, #64
 2014              		.loc 1 478 12
 2015 0030 402B     		cmp	r3, #64
 2016 0032 29D1     		bne	.L126
 479:HW_Lib/STM32H7/BSP/Bsp_Uart.c ****             (hdl->RxState == HAL_UART_STATE_BUSY_RX))
 2017              		.loc 1 479 17 discriminator 1
 2018 0034 FB68     		ldr	r3, [r7, #12]
 2019 0036 D3F88830 		ldr	r3, [r3, #136]
 478:HW_Lib/STM32H7/BSP/Bsp_Uart.c ****             (hdl->RxState == HAL_UART_STATE_BUSY_RX))
 2020              		.loc 1 478 66 discriminator 1
 2021 003a 222B     		cmp	r3, #34
 2022 003c 24D1     		bne	.L126
 480:HW_Lib/STM32H7/BSP/Bsp_Uart.c ****         {
 481:HW_Lib/STM32H7/BSP/Bsp_Uart.c ****             CLEAR_BIT(hdl->Instance->CR3, USART_CR3_DMAR);
 2023              		.loc 1 481 13
 2024 003e FB68     		ldr	r3, [r7, #12]
 2025 0040 1B68     		ldr	r3, [r3]
 2026 0042 9A68     		ldr	r2, [r3, #8]
 2027 0044 FB68     		ldr	r3, [r7, #12]
 2028 0046 1B68     		ldr	r3, [r3]
 2029 0048 22F04002 		bic	r2, r2, #64
 2030 004c 9A60     		str	r2, [r3, #8]
 482:HW_Lib/STM32H7/BSP/Bsp_Uart.c **** 
 483:HW_Lib/STM32H7/BSP/Bsp_Uart.c ****             /* Abort the UART DMA Rx channel */
 484:HW_Lib/STM32H7/BSP/Bsp_Uart.c ****             if (hdl->hdmarx != NULL)
 2031              		.loc 1 484 20
 2032 004e FB68     		ldr	r3, [r7, #12]
 2033 0050 DB6F     		ldr	r3, [r3, #124]
 2034              		.loc 1 484 16
 2035 0052 002B     		cmp	r3, #0
 2036 0054 04D0     		beq	.L125
 485:HW_Lib/STM32H7/BSP/Bsp_Uart.c ****             {
 486:HW_Lib/STM32H7/BSP/Bsp_Uart.c ****                 HAL_DMA_Abort(hdl->hdmarx);
 2037              		.loc 1 486 17
 2038 0056 FB68     		ldr	r3, [r7, #12]
 2039 0058 DB6F     		ldr	r3, [r3, #124]
 2040 005a 1846     		mov	r0, r3
 2041 005c FFF7FEFF 		bl	HAL_DMA_Abort
 2042              	.L125:
ARM GAS  C:\Users\HUAV\AppData\Local\Temp\cciXU3YP.s 			page 45


 487:HW_Lib/STM32H7/BSP/Bsp_Uart.c ****             }
 488:HW_Lib/STM32H7/BSP/Bsp_Uart.c **** 
 489:HW_Lib/STM32H7/BSP/Bsp_Uart.c ****             /* Disable RXNE, PE and ERR (Frame error, noise error, overrun error) interrupts */
 490:HW_Lib/STM32H7/BSP/Bsp_Uart.c ****             CLEAR_BIT(hdl->Instance->CR1, (USART_CR1_RXNEIE | USART_CR1_PEIE));
 2043              		.loc 1 490 13
 2044 0060 FB68     		ldr	r3, [r7, #12]
 2045 0062 1B68     		ldr	r3, [r3]
 2046 0064 1A68     		ldr	r2, [r3]
 2047 0066 FB68     		ldr	r3, [r7, #12]
 2048 0068 1B68     		ldr	r3, [r3]
 2049 006a 22F49072 		bic	r2, r2, #288
 2050 006e 1A60     		str	r2, [r3]
 491:HW_Lib/STM32H7/BSP/Bsp_Uart.c ****             CLEAR_BIT(hdl->Instance->CR3, USART_CR3_EIE);
 2051              		.loc 1 491 13
 2052 0070 FB68     		ldr	r3, [r7, #12]
 2053 0072 1B68     		ldr	r3, [r3]
 2054 0074 9A68     		ldr	r2, [r3, #8]
 2055 0076 FB68     		ldr	r3, [r7, #12]
 2056 0078 1B68     		ldr	r3, [r3]
 2057 007a 22F00102 		bic	r2, r2, #1
 2058 007e 9A60     		str	r2, [r3, #8]
 492:HW_Lib/STM32H7/BSP/Bsp_Uart.c **** 
 493:HW_Lib/STM32H7/BSP/Bsp_Uart.c ****             /* At end of Rx process, restore huart->RxState to Ready */
 494:HW_Lib/STM32H7/BSP/Bsp_Uart.c ****             hdl->RxState = HAL_UART_STATE_READY;
 2059              		.loc 1 494 26
 2060 0080 FB68     		ldr	r3, [r7, #12]
 2061 0082 2022     		movs	r2, #32
 2062 0084 C3F88820 		str	r2, [r3, #136]
 2063              	.L126:
 495:HW_Lib/STM32H7/BSP/Bsp_Uart.c ****         }
 496:HW_Lib/STM32H7/BSP/Bsp_Uart.c ****     }
 497:HW_Lib/STM32H7/BSP/Bsp_Uart.c **** }
 2064              		.loc 1 497 1
 2065 0088 00BF     		nop
 2066 008a 1037     		adds	r7, r7, #16
 2067              	.LCFI59:
 2068              		.cfi_def_cfa_offset 8
 2069 008c BD46     		mov	sp, r7
 2070              	.LCFI60:
 2071              		.cfi_def_cfa_register 13
 2072              		@ sp needed
 2073 008e 80BD     		pop	{r7, pc}
 2074              	.L128:
 2075              		.align	2
 2076              	.L127:
 2077 0090 00000000 		.word	BspUart_Obj_List
 2078              		.cfi_endproc
 2079              	.LFE344:
 2081              		.section	.text.BspUart_Set_Rx_Callback,"ax",%progbits
 2082              		.align	1
 2083              		.syntax unified
 2084              		.thumb
 2085              		.thumb_func
 2087              	BspUart_Set_Rx_Callback:
 2088              	.LFB345:
 498:HW_Lib/STM32H7/BSP/Bsp_Uart.c **** 
 499:HW_Lib/STM32H7/BSP/Bsp_Uart.c **** static bool BspUart_Set_Rx_Callback(BspUARTObj_TypeDef *obj, BspUART_Callback callback)
ARM GAS  C:\Users\HUAV\AppData\Local\Temp\cciXU3YP.s 			page 46


 500:HW_Lib/STM32H7/BSP/Bsp_Uart.c **** {
 2089              		.loc 1 500 1
 2090              		.cfi_startproc
 2091              		@ args = 0, pretend = 0, frame = 8
 2092              		@ frame_needed = 1, uses_anonymous_args = 0
 2093              		@ link register save eliminated.
 2094 0000 80B4     		push	{r7}
 2095              	.LCFI61:
 2096              		.cfi_def_cfa_offset 4
 2097              		.cfi_offset 7, -4
 2098 0002 83B0     		sub	sp, sp, #12
 2099              	.LCFI62:
 2100              		.cfi_def_cfa_offset 16
 2101 0004 00AF     		add	r7, sp, #0
 2102              	.LCFI63:
 2103              		.cfi_def_cfa_register 7
 2104 0006 7860     		str	r0, [r7, #4]
 2105 0008 3960     		str	r1, [r7]
 501:HW_Lib/STM32H7/BSP/Bsp_Uart.c ****     if(obj)
 2106              		.loc 1 501 7
 2107 000a 7B68     		ldr	r3, [r7, #4]
 2108 000c 002B     		cmp	r3, #0
 2109 000e 04D0     		beq	.L130
 502:HW_Lib/STM32H7/BSP/Bsp_Uart.c ****     {
 503:HW_Lib/STM32H7/BSP/Bsp_Uart.c ****         obj->RxCallback = callback;
 2110              		.loc 1 503 25
 2111 0010 7B68     		ldr	r3, [r7, #4]
 2112 0012 3A68     		ldr	r2, [r7]
 2113 0014 DA63     		str	r2, [r3, #60]
 504:HW_Lib/STM32H7/BSP/Bsp_Uart.c ****         return true;
 2114              		.loc 1 504 16
 2115 0016 0123     		movs	r3, #1
 2116 0018 00E0     		b	.L131
 2117              	.L130:
 505:HW_Lib/STM32H7/BSP/Bsp_Uart.c ****     }
 506:HW_Lib/STM32H7/BSP/Bsp_Uart.c **** 
 507:HW_Lib/STM32H7/BSP/Bsp_Uart.c ****     return false;
 2118              		.loc 1 507 12
 2119 001a 0023     		movs	r3, #0
 2120              	.L131:
 508:HW_Lib/STM32H7/BSP/Bsp_Uart.c **** }
 2121              		.loc 1 508 1
 2122 001c 1846     		mov	r0, r3
 2123 001e 0C37     		adds	r7, r7, #12
 2124              	.LCFI64:
 2125              		.cfi_def_cfa_offset 4
 2126 0020 BD46     		mov	sp, r7
 2127              	.LCFI65:
 2128              		.cfi_def_cfa_register 13
 2129              		@ sp needed
 2130 0022 5DF8047B 		ldr	r7, [sp], #4
 2131              	.LCFI66:
 2132              		.cfi_restore 7
 2133              		.cfi_def_cfa_offset 0
 2134 0026 7047     		bx	lr
 2135              		.cfi_endproc
 2136              	.LFE345:
ARM GAS  C:\Users\HUAV\AppData\Local\Temp\cciXU3YP.s 			page 47


 2138              		.section	.text.BspUart_Set_Tx_Callback,"ax",%progbits
 2139              		.align	1
 2140              		.syntax unified
 2141              		.thumb
 2142              		.thumb_func
 2144              	BspUart_Set_Tx_Callback:
 2145              	.LFB346:
 509:HW_Lib/STM32H7/BSP/Bsp_Uart.c **** 
 510:HW_Lib/STM32H7/BSP/Bsp_Uart.c **** static bool BspUart_Set_Tx_Callback(BspUARTObj_TypeDef *obj, BspUART_Callback callback)
 511:HW_Lib/STM32H7/BSP/Bsp_Uart.c **** {
 2146              		.loc 1 511 1
 2147              		.cfi_startproc
 2148              		@ args = 0, pretend = 0, frame = 8
 2149              		@ frame_needed = 1, uses_anonymous_args = 0
 2150              		@ link register save eliminated.
 2151 0000 80B4     		push	{r7}
 2152              	.LCFI67:
 2153              		.cfi_def_cfa_offset 4
 2154              		.cfi_offset 7, -4
 2155 0002 83B0     		sub	sp, sp, #12
 2156              	.LCFI68:
 2157              		.cfi_def_cfa_offset 16
 2158 0004 00AF     		add	r7, sp, #0
 2159              	.LCFI69:
 2160              		.cfi_def_cfa_register 7
 2161 0006 7860     		str	r0, [r7, #4]
 2162 0008 3960     		str	r1, [r7]
 512:HW_Lib/STM32H7/BSP/Bsp_Uart.c ****     if(obj)
 2163              		.loc 1 512 7
 2164 000a 7B68     		ldr	r3, [r7, #4]
 2165 000c 002B     		cmp	r3, #0
 2166 000e 04D0     		beq	.L133
 513:HW_Lib/STM32H7/BSP/Bsp_Uart.c ****     {
 514:HW_Lib/STM32H7/BSP/Bsp_Uart.c ****         obj->TxCallback = callback;
 2167              		.loc 1 514 25
 2168 0010 7B68     		ldr	r3, [r7, #4]
 2169 0012 3A68     		ldr	r2, [r7]
 2170 0014 9A63     		str	r2, [r3, #56]
 515:HW_Lib/STM32H7/BSP/Bsp_Uart.c ****         return true;
 2171              		.loc 1 515 16
 2172 0016 0123     		movs	r3, #1
 2173 0018 00E0     		b	.L134
 2174              	.L133:
 516:HW_Lib/STM32H7/BSP/Bsp_Uart.c ****     }
 517:HW_Lib/STM32H7/BSP/Bsp_Uart.c **** 
 518:HW_Lib/STM32H7/BSP/Bsp_Uart.c ****     return false;
 2175              		.loc 1 518 12
 2176 001a 0023     		movs	r3, #0
 2177              	.L134:
 519:HW_Lib/STM32H7/BSP/Bsp_Uart.c **** }
 2178              		.loc 1 519 1
 2179 001c 1846     		mov	r0, r3
 2180 001e 0C37     		adds	r7, r7, #12
 2181              	.LCFI70:
 2182              		.cfi_def_cfa_offset 4
 2183 0020 BD46     		mov	sp, r7
 2184              	.LCFI71:
ARM GAS  C:\Users\HUAV\AppData\Local\Temp\cciXU3YP.s 			page 48


 2185              		.cfi_def_cfa_register 13
 2186              		@ sp needed
 2187 0022 5DF8047B 		ldr	r7, [sp], #4
 2188              	.LCFI72:
 2189              		.cfi_restore 7
 2190              		.cfi_def_cfa_offset 0
 2191 0026 7047     		bx	lr
 2192              		.cfi_endproc
 2193              	.LFE346:
 2195              		.section	.text.UART_IRQ_Callback,"ax",%progbits
 2196              		.align	1
 2197              		.global	UART_IRQ_Callback
 2198              		.syntax unified
 2199              		.thumb
 2200              		.thumb_func
 2202              	UART_IRQ_Callback:
 2203              	.LFB347:
 520:HW_Lib/STM32H7/BSP/Bsp_Uart.c **** 
 521:HW_Lib/STM32H7/BSP/Bsp_Uart.c **** /******************************** irq callback ***********************************/
 522:HW_Lib/STM32H7/BSP/Bsp_Uart.c **** void UART_IRQ_Callback(BspUART_Port_List index)
 523:HW_Lib/STM32H7/BSP/Bsp_Uart.c **** {
 2204              		.loc 1 523 1
 2205              		.cfi_startproc
 2206              		@ args = 0, pretend = 0, frame = 40
 2207              		@ frame_needed = 1, uses_anonymous_args = 0
 2208 0000 80B5     		push	{r7, lr}
 2209              	.LCFI73:
 2210              		.cfi_def_cfa_offset 8
 2211              		.cfi_offset 7, -8
 2212              		.cfi_offset 14, -4
 2213 0002 8AB0     		sub	sp, sp, #40
 2214              	.LCFI74:
 2215              		.cfi_def_cfa_offset 48
 2216 0004 00AF     		add	r7, sp, #0
 2217              	.LCFI75:
 2218              		.cfi_def_cfa_register 7
 2219 0006 0346     		mov	r3, r0
 2220 0008 FB71     		strb	r3, [r7, #7]
 524:HW_Lib/STM32H7/BSP/Bsp_Uart.c ****     static UART_HandleTypeDef *hdl = NULL;
 525:HW_Lib/STM32H7/BSP/Bsp_Uart.c ****     static DMA_HandleTypeDef *rx_dma = NULL;
 526:HW_Lib/STM32H7/BSP/Bsp_Uart.c ****     uint16_t len = 0;
 2221              		.loc 1 526 14
 2222 000a 0023     		movs	r3, #0
 2223 000c FB84     		strh	r3, [r7, #38]	@ movhi
 527:HW_Lib/STM32H7/BSP/Bsp_Uart.c ****     uint32_t isrflags = 0;
 2224              		.loc 1 527 14
 2225 000e 0023     		movs	r3, #0
 2226 0010 3B62     		str	r3, [r7, #32]
 528:HW_Lib/STM32H7/BSP/Bsp_Uart.c ****     uint32_t cr1its = 0;
 2227              		.loc 1 528 14
 2228 0012 0023     		movs	r3, #0
 2229 0014 FB61     		str	r3, [r7, #28]
 529:HW_Lib/STM32H7/BSP/Bsp_Uart.c **** 
 530:HW_Lib/STM32H7/BSP/Bsp_Uart.c ****     if ((BspUart_Obj_List[index] == NULL) || \
 2230              		.loc 1 530 26
 2231 0016 FB79     		ldrb	r3, [r7, #7]	@ zero_extendqisi2
 2232 0018 864A     		ldr	r2, .L156
ARM GAS  C:\Users\HUAV\AppData\Local\Temp\cciXU3YP.s 			page 49


 2233 001a 52F82330 		ldr	r3, [r2, r3, lsl #2]
 2234              		.loc 1 530 8
 2235 001e 002B     		cmp	r3, #0
 2236 0020 00F07581 		beq	.L153
 531:HW_Lib/STM32H7/BSP/Bsp_Uart.c ****         BspUart_Obj_List[index]->irq_type != BspUart_IRQ_Type_Idle)
 2237              		.loc 1 531 25 discriminator 1
 2238 0024 FB79     		ldrb	r3, [r7, #7]	@ zero_extendqisi2
 2239 0026 834A     		ldr	r2, .L156
 2240 0028 52F82330 		ldr	r3, [r2, r3, lsl #2]
 2241              		.loc 1 531 32 discriminator 1
 2242 002c 93F85530 		ldrb	r3, [r3, #85]
 2243 0030 DBB2     		uxtb	r3, r3
 530:HW_Lib/STM32H7/BSP/Bsp_Uart.c ****         BspUart_Obj_List[index]->irq_type != BspUart_IRQ_Type_Idle)
 2244              		.loc 1 530 43 discriminator 1
 2245 0032 012B     		cmp	r3, #1
 2246 0034 40F06B81 		bne	.L153
 532:HW_Lib/STM32H7/BSP/Bsp_Uart.c ****         return;
 533:HW_Lib/STM32H7/BSP/Bsp_Uart.c ****         
 534:HW_Lib/STM32H7/BSP/Bsp_Uart.c ****     hdl = BspUart_Obj_List[index]->hdl;
 2247              		.loc 1 534 27
 2248 0038 FB79     		ldrb	r3, [r7, #7]	@ zero_extendqisi2
 2249 003a 7E4A     		ldr	r2, .L156
 2250 003c 52F82330 		ldr	r3, [r2, r3, lsl #2]
 2251              		.loc 1 534 34
 2252 0040 DB68     		ldr	r3, [r3, #12]
 2253              		.loc 1 534 9
 2254 0042 7D4A     		ldr	r2, .L156+4
 2255 0044 1360     		str	r3, [r2]
 535:HW_Lib/STM32H7/BSP/Bsp_Uart.c ****     isrflags = READ_REG(hdl->Instance->ISR);
 2256              		.loc 1 535 16
 2257 0046 7C4B     		ldr	r3, .L156+4
 2258 0048 1B68     		ldr	r3, [r3]
 2259 004a 1B68     		ldr	r3, [r3]
 2260              		.loc 1 535 14
 2261 004c DB69     		ldr	r3, [r3, #28]
 2262 004e 3B62     		str	r3, [r7, #32]
 536:HW_Lib/STM32H7/BSP/Bsp_Uart.c ****     cr1its = READ_REG(hdl->Instance->CR1);
 2263              		.loc 1 536 14
 2264 0050 794B     		ldr	r3, .L156+4
 2265 0052 1B68     		ldr	r3, [r3]
 2266 0054 1B68     		ldr	r3, [r3]
 2267              		.loc 1 536 12
 2268 0056 1B68     		ldr	r3, [r3]
 2269 0058 FB61     		str	r3, [r7, #28]
 537:HW_Lib/STM32H7/BSP/Bsp_Uart.c **** 
 538:HW_Lib/STM32H7/BSP/Bsp_Uart.c ****     rx_dma = To_UartDMA_Handle_Ptr(BspUart_Obj_List[index]->rx_dma_hdl);
 2270              		.loc 1 538 14
 2271 005a FB79     		ldrb	r3, [r7, #7]	@ zero_extendqisi2
 2272 005c 754A     		ldr	r2, .L156
 2273 005e 52F82330 		ldr	r3, [r2, r3, lsl #2]
 2274 0062 DB69     		ldr	r3, [r3, #28]
 2275              		.loc 1 538 12
 2276 0064 754A     		ldr	r2, .L156+8
 2277 0066 1360     		str	r3, [r2]
 539:HW_Lib/STM32H7/BSP/Bsp_Uart.c **** 
 540:HW_Lib/STM32H7/BSP/Bsp_Uart.c ****     if ((hdl == NULL) || \
 2278              		.loc 1 540 14
ARM GAS  C:\Users\HUAV\AppData\Local\Temp\cciXU3YP.s 			page 50


 2279 0068 734B     		ldr	r3, .L156+4
 2280 006a 1B68     		ldr	r3, [r3]
 2281              		.loc 1 540 8
 2282 006c 002B     		cmp	r3, #0
 2283 006e 00F05081 		beq	.L154
 541:HW_Lib/STM32H7/BSP/Bsp_Uart.c ****         (rx_dma == NULL) || \
 2284              		.loc 1 541 17 discriminator 1
 2285 0072 724B     		ldr	r3, .L156+8
 2286 0074 1B68     		ldr	r3, [r3]
 540:HW_Lib/STM32H7/BSP/Bsp_Uart.c ****         (rx_dma == NULL) || \
 2287              		.loc 1 540 23 discriminator 1
 2288 0076 002B     		cmp	r3, #0
 2289 0078 00F04B81 		beq	.L154
 542:HW_Lib/STM32H7/BSP/Bsp_Uart.c ****         (RESET == (isrflags & USART_ISR_IDLE)) || \
 2290              		.loc 1 542 29
 2291 007c 3B6A     		ldr	r3, [r7, #32]
 2292 007e 03F01003 		and	r3, r3, #16
 541:HW_Lib/STM32H7/BSP/Bsp_Uart.c ****         (rx_dma == NULL) || \
 2293              		.loc 1 541 26
 2294 0082 002B     		cmp	r3, #0
 2295 0084 00F04581 		beq	.L154
 543:HW_Lib/STM32H7/BSP/Bsp_Uart.c ****         (RESET == (cr1its & USART_CR1_IDLEIE)))
 2296              		.loc 1 543 27
 2297 0088 FB69     		ldr	r3, [r7, #28]
 2298 008a 03F01003 		and	r3, r3, #16
 542:HW_Lib/STM32H7/BSP/Bsp_Uart.c ****         (RESET == (isrflags & USART_ISR_IDLE)) || \
 2299              		.loc 1 542 48
 2300 008e 002B     		cmp	r3, #0
 2301 0090 00F03F81 		beq	.L154
 544:HW_Lib/STM32H7/BSP/Bsp_Uart.c ****         return;
 545:HW_Lib/STM32H7/BSP/Bsp_Uart.c **** 
 546:HW_Lib/STM32H7/BSP/Bsp_Uart.c ****     __HAL_UART_CLEAR_IDLEFLAG(hdl);
 2302              		.loc 1 546 5
 2303 0094 684B     		ldr	r3, .L156+4
 2304 0096 1B68     		ldr	r3, [r3]
 2305 0098 1B68     		ldr	r3, [r3]
 2306 009a 1022     		movs	r2, #16
 2307 009c 1A62     		str	r2, [r3, #32]
 547:HW_Lib/STM32H7/BSP/Bsp_Uart.c ****     len = BspUart_Obj_List[index]->rx_size - __HAL_DMA_GET_COUNTER(rx_dma);
 2308              		.loc 1 547 27
 2309 009e FB79     		ldrb	r3, [r7, #7]	@ zero_extendqisi2
 2310 00a0 644A     		ldr	r2, .L156
 2311 00a2 52F82330 		ldr	r3, [r2, r3, lsl #2]
 2312              		.loc 1 547 34
 2313 00a6 B3F84430 		ldrh	r3, [r3, #68]	@ movhi
 2314 00aa 9AB2     		uxth	r2, r3
 2315              		.loc 1 547 46
 2316 00ac 634B     		ldr	r3, .L156+8
 2317 00ae 1B68     		ldr	r3, [r3]
 2318 00b0 1B68     		ldr	r3, [r3]
 2319              		.loc 1 547 44
 2320 00b2 6349     		ldr	r1, .L156+12
 2321 00b4 8B42     		cmp	r3, r1
 2322 00b6 59D0     		beq	.L141
 2323              		.loc 1 547 46 discriminator 2
 2324 00b8 604B     		ldr	r3, .L156+8
 2325 00ba 1B68     		ldr	r3, [r3]
ARM GAS  C:\Users\HUAV\AppData\Local\Temp\cciXU3YP.s 			page 51


 2326 00bc 1B68     		ldr	r3, [r3]
 2327 00be 6149     		ldr	r1, .L156+16
 2328 00c0 8B42     		cmp	r3, r1
 2329 00c2 53D0     		beq	.L141
 2330              		.loc 1 547 46 is_stmt 0 discriminator 4
 2331 00c4 5D4B     		ldr	r3, .L156+8
 2332 00c6 1B68     		ldr	r3, [r3]
 2333 00c8 1B68     		ldr	r3, [r3]
 2334 00ca 5F49     		ldr	r1, .L156+20
 2335 00cc 8B42     		cmp	r3, r1
 2336 00ce 4DD0     		beq	.L141
 2337              		.loc 1 547 46 discriminator 6
 2338 00d0 5A4B     		ldr	r3, .L156+8
 2339 00d2 1B68     		ldr	r3, [r3]
 2340 00d4 1B68     		ldr	r3, [r3]
 2341 00d6 5D49     		ldr	r1, .L156+24
 2342 00d8 8B42     		cmp	r3, r1
 2343 00da 47D0     		beq	.L141
 2344              		.loc 1 547 46 discriminator 8
 2345 00dc 574B     		ldr	r3, .L156+8
 2346 00de 1B68     		ldr	r3, [r3]
 2347 00e0 1B68     		ldr	r3, [r3]
 2348 00e2 5B49     		ldr	r1, .L156+28
 2349 00e4 8B42     		cmp	r3, r1
 2350 00e6 41D0     		beq	.L141
 2351              		.loc 1 547 46 discriminator 10
 2352 00e8 544B     		ldr	r3, .L156+8
 2353 00ea 1B68     		ldr	r3, [r3]
 2354 00ec 1B68     		ldr	r3, [r3]
 2355 00ee 5949     		ldr	r1, .L156+32
 2356 00f0 8B42     		cmp	r3, r1
 2357 00f2 3BD0     		beq	.L141
 2358              		.loc 1 547 46 discriminator 12
 2359 00f4 514B     		ldr	r3, .L156+8
 2360 00f6 1B68     		ldr	r3, [r3]
 2361 00f8 1B68     		ldr	r3, [r3]
 2362 00fa 5749     		ldr	r1, .L156+36
 2363 00fc 8B42     		cmp	r3, r1
 2364 00fe 35D0     		beq	.L141
 2365              		.loc 1 547 46 discriminator 14
 2366 0100 4E4B     		ldr	r3, .L156+8
 2367 0102 1B68     		ldr	r3, [r3]
 2368 0104 1B68     		ldr	r3, [r3]
 2369 0106 5549     		ldr	r1, .L156+40
 2370 0108 8B42     		cmp	r3, r1
 2371 010a 2FD0     		beq	.L141
 2372              		.loc 1 547 46 discriminator 16
 2373 010c 4B4B     		ldr	r3, .L156+8
 2374 010e 1B68     		ldr	r3, [r3]
 2375 0110 1B68     		ldr	r3, [r3]
 2376 0112 5349     		ldr	r1, .L156+44
 2377 0114 8B42     		cmp	r3, r1
 2378 0116 29D0     		beq	.L141
 2379              		.loc 1 547 46 discriminator 18
 2380 0118 484B     		ldr	r3, .L156+8
 2381 011a 1B68     		ldr	r3, [r3]
 2382 011c 1B68     		ldr	r3, [r3]
ARM GAS  C:\Users\HUAV\AppData\Local\Temp\cciXU3YP.s 			page 52


 2383 011e 5149     		ldr	r1, .L156+48
 2384 0120 8B42     		cmp	r3, r1
 2385 0122 23D0     		beq	.L141
 2386              		.loc 1 547 46 discriminator 20
 2387 0124 454B     		ldr	r3, .L156+8
 2388 0126 1B68     		ldr	r3, [r3]
 2389 0128 1B68     		ldr	r3, [r3]
 2390 012a 4F49     		ldr	r1, .L156+52
 2391 012c 8B42     		cmp	r3, r1
 2392 012e 1DD0     		beq	.L141
 2393              		.loc 1 547 46 discriminator 22
 2394 0130 424B     		ldr	r3, .L156+8
 2395 0132 1B68     		ldr	r3, [r3]
 2396 0134 1B68     		ldr	r3, [r3]
 2397 0136 4D49     		ldr	r1, .L156+56
 2398 0138 8B42     		cmp	r3, r1
 2399 013a 17D0     		beq	.L141
 2400              		.loc 1 547 46 discriminator 24
 2401 013c 3F4B     		ldr	r3, .L156+8
 2402 013e 1B68     		ldr	r3, [r3]
 2403 0140 1B68     		ldr	r3, [r3]
 2404 0142 4B49     		ldr	r1, .L156+60
 2405 0144 8B42     		cmp	r3, r1
 2406 0146 11D0     		beq	.L141
 2407              		.loc 1 547 46 discriminator 26
 2408 0148 3C4B     		ldr	r3, .L156+8
 2409 014a 1B68     		ldr	r3, [r3]
 2410 014c 1B68     		ldr	r3, [r3]
 2411 014e 4949     		ldr	r1, .L156+64
 2412 0150 8B42     		cmp	r3, r1
 2413 0152 0BD0     		beq	.L141
 2414              		.loc 1 547 46 discriminator 28
 2415 0154 394B     		ldr	r3, .L156+8
 2416 0156 1B68     		ldr	r3, [r3]
 2417 0158 1B68     		ldr	r3, [r3]
 2418 015a 4749     		ldr	r1, .L156+68
 2419 015c 8B42     		cmp	r3, r1
 2420 015e 05D0     		beq	.L141
 2421              		.loc 1 547 46 discriminator 30
 2422 0160 364B     		ldr	r3, .L156+8
 2423 0162 1B68     		ldr	r3, [r3]
 2424 0164 1B68     		ldr	r3, [r3]
 2425 0166 4549     		ldr	r1, .L156+72
 2426 0168 8B42     		cmp	r3, r1
 2427 016a 05D1     		bne	.L142
 2428              	.L141:
 2429              		.loc 1 547 46 discriminator 31
 2430 016c 334B     		ldr	r3, .L156+8
 2431 016e 1B68     		ldr	r3, [r3]
 2432 0170 1B68     		ldr	r3, [r3]
 2433 0172 5B68     		ldr	r3, [r3, #4]
 2434              		.loc 1 547 44 is_stmt 1 discriminator 31
 2435 0174 9BB2     		uxth	r3, r3
 2436 0176 04E0     		b	.L143
 2437              	.L142:
 2438              		.loc 1 547 46 discriminator 32
 2439 0178 304B     		ldr	r3, .L156+8
ARM GAS  C:\Users\HUAV\AppData\Local\Temp\cciXU3YP.s 			page 53


 2440 017a 1B68     		ldr	r3, [r3]
 2441 017c 1B68     		ldr	r3, [r3]
 2442 017e 5B68     		ldr	r3, [r3, #4]
 2443              		.loc 1 547 44 discriminator 32
 2444 0180 9BB2     		uxth	r3, r3
 2445              	.L143:
 2446              		.loc 1 547 9 discriminator 34
 2447 0182 D31A     		subs	r3, r2, r3
 2448 0184 FB84     		strh	r3, [r7, #38]	@ movhi
 548:HW_Lib/STM32H7/BSP/Bsp_Uart.c ****     BspUart_DMAStopRx(index);
 2449              		.loc 1 548 5 discriminator 34
 2450 0186 FB79     		ldrb	r3, [r7, #7]	@ zero_extendqisi2
 2451 0188 1846     		mov	r0, r3
 2452 018a FFF7FEFF 		bl	BspUart_DMAStopRx
 549:HW_Lib/STM32H7/BSP/Bsp_Uart.c ****     SCB_InvalidateDCache_by_Addr((uint32_t *)BspUart_Obj_List[index]->rx_buf, BspUart_Obj_List[inde
 2453              		.loc 1 549 62 discriminator 34
 2454 018e FB79     		ldrb	r3, [r7, #7]	@ zero_extendqisi2
 2455 0190 284A     		ldr	r2, .L156
 2456 0192 52F82330 		ldr	r3, [r2, r3, lsl #2]
 2457              		.loc 1 549 69 discriminator 34
 2458 0196 1B6C     		ldr	r3, [r3, #64]
 2459              		.loc 1 549 95 discriminator 34
 2460 0198 FA79     		ldrb	r2, [r7, #7]	@ zero_extendqisi2
 2461 019a 2649     		ldr	r1, .L156
 2462 019c 51F82220 		ldr	r2, [r1, r2, lsl #2]
 2463              		.loc 1 549 102 discriminator 34
 2464 01a0 B2F84420 		ldrh	r2, [r2, #68]	@ movhi
 2465 01a4 92B2     		uxth	r2, r2
 2466 01a6 BB61     		str	r3, [r7, #24]
 2467 01a8 7A61     		str	r2, [r7, #20]
 2468              	.LBB22:
 2469              	.LBB23:
 2470              		.file 2 "HW_Lib/STM32H7/HAL_Lib/CMSIS/Core/Include/core_cm7.h"
   1:HW_Lib/STM32H7/HAL_Lib/CMSIS/Core/Include/core_cm7.h **** /**************************************************************************//**
   2:HW_Lib/STM32H7/HAL_Lib/CMSIS/Core/Include/core_cm7.h ****  * @file     core_cm7.h
   3:HW_Lib/STM32H7/HAL_Lib/CMSIS/Core/Include/core_cm7.h ****  * @brief    CMSIS Cortex-M7 Core Peripheral Access Layer Header File
   4:HW_Lib/STM32H7/HAL_Lib/CMSIS/Core/Include/core_cm7.h ****  * @version  V5.1.1
   5:HW_Lib/STM32H7/HAL_Lib/CMSIS/Core/Include/core_cm7.h ****  * @date     28. March 2019
   6:HW_Lib/STM32H7/HAL_Lib/CMSIS/Core/Include/core_cm7.h ****  ******************************************************************************/
   7:HW_Lib/STM32H7/HAL_Lib/CMSIS/Core/Include/core_cm7.h **** /*
   8:HW_Lib/STM32H7/HAL_Lib/CMSIS/Core/Include/core_cm7.h ****  * Copyright (c) 2009-2019 Arm Limited. All rights reserved.
   9:HW_Lib/STM32H7/HAL_Lib/CMSIS/Core/Include/core_cm7.h ****  *
  10:HW_Lib/STM32H7/HAL_Lib/CMSIS/Core/Include/core_cm7.h ****  * SPDX-License-Identifier: Apache-2.0
  11:HW_Lib/STM32H7/HAL_Lib/CMSIS/Core/Include/core_cm7.h ****  *
  12:HW_Lib/STM32H7/HAL_Lib/CMSIS/Core/Include/core_cm7.h ****  * Licensed under the Apache License, Version 2.0 (the License); you may
  13:HW_Lib/STM32H7/HAL_Lib/CMSIS/Core/Include/core_cm7.h ****  * not use this file except in compliance with the License.
  14:HW_Lib/STM32H7/HAL_Lib/CMSIS/Core/Include/core_cm7.h ****  * You may obtain a copy of the License at
  15:HW_Lib/STM32H7/HAL_Lib/CMSIS/Core/Include/core_cm7.h ****  *
  16:HW_Lib/STM32H7/HAL_Lib/CMSIS/Core/Include/core_cm7.h ****  * www.apache.org/licenses/LICENSE-2.0
  17:HW_Lib/STM32H7/HAL_Lib/CMSIS/Core/Include/core_cm7.h ****  *
  18:HW_Lib/STM32H7/HAL_Lib/CMSIS/Core/Include/core_cm7.h ****  * Unless required by applicable law or agreed to in writing, software
  19:HW_Lib/STM32H7/HAL_Lib/CMSIS/Core/Include/core_cm7.h ****  * distributed under the License is distributed on an AS IS BASIS, WITHOUT
  20:HW_Lib/STM32H7/HAL_Lib/CMSIS/Core/Include/core_cm7.h ****  * WARRANTIES OR CONDITIONS OF ANY KIND, either express or implied.
  21:HW_Lib/STM32H7/HAL_Lib/CMSIS/Core/Include/core_cm7.h ****  * See the License for the specific language governing permissions and
  22:HW_Lib/STM32H7/HAL_Lib/CMSIS/Core/Include/core_cm7.h ****  * limitations under the License.
  23:HW_Lib/STM32H7/HAL_Lib/CMSIS/Core/Include/core_cm7.h ****  */
  24:HW_Lib/STM32H7/HAL_Lib/CMSIS/Core/Include/core_cm7.h **** 
ARM GAS  C:\Users\HUAV\AppData\Local\Temp\cciXU3YP.s 			page 54


  25:HW_Lib/STM32H7/HAL_Lib/CMSIS/Core/Include/core_cm7.h **** #if   defined ( __ICCARM__ )
  26:HW_Lib/STM32H7/HAL_Lib/CMSIS/Core/Include/core_cm7.h ****   #pragma system_include         /* treat file as system include file for MISRA check */
  27:HW_Lib/STM32H7/HAL_Lib/CMSIS/Core/Include/core_cm7.h **** #elif defined (__clang__)
  28:HW_Lib/STM32H7/HAL_Lib/CMSIS/Core/Include/core_cm7.h ****   #pragma clang system_header   /* treat file as system include file */
  29:HW_Lib/STM32H7/HAL_Lib/CMSIS/Core/Include/core_cm7.h **** #endif
  30:HW_Lib/STM32H7/HAL_Lib/CMSIS/Core/Include/core_cm7.h **** 
  31:HW_Lib/STM32H7/HAL_Lib/CMSIS/Core/Include/core_cm7.h **** #ifndef __CORE_CM7_H_GENERIC
  32:HW_Lib/STM32H7/HAL_Lib/CMSIS/Core/Include/core_cm7.h **** #define __CORE_CM7_H_GENERIC
  33:HW_Lib/STM32H7/HAL_Lib/CMSIS/Core/Include/core_cm7.h **** 
  34:HW_Lib/STM32H7/HAL_Lib/CMSIS/Core/Include/core_cm7.h **** #include <stdint.h>
  35:HW_Lib/STM32H7/HAL_Lib/CMSIS/Core/Include/core_cm7.h **** 
  36:HW_Lib/STM32H7/HAL_Lib/CMSIS/Core/Include/core_cm7.h **** #ifdef __cplusplus
  37:HW_Lib/STM32H7/HAL_Lib/CMSIS/Core/Include/core_cm7.h ****  extern "C" {
  38:HW_Lib/STM32H7/HAL_Lib/CMSIS/Core/Include/core_cm7.h **** #endif
  39:HW_Lib/STM32H7/HAL_Lib/CMSIS/Core/Include/core_cm7.h **** 
  40:HW_Lib/STM32H7/HAL_Lib/CMSIS/Core/Include/core_cm7.h **** /**
  41:HW_Lib/STM32H7/HAL_Lib/CMSIS/Core/Include/core_cm7.h ****   \page CMSIS_MISRA_Exceptions  MISRA-C:2004 Compliance Exceptions
  42:HW_Lib/STM32H7/HAL_Lib/CMSIS/Core/Include/core_cm7.h ****   CMSIS violates the following MISRA-C:2004 rules:
  43:HW_Lib/STM32H7/HAL_Lib/CMSIS/Core/Include/core_cm7.h **** 
  44:HW_Lib/STM32H7/HAL_Lib/CMSIS/Core/Include/core_cm7.h ****    \li Required Rule 8.5, object/function definition in header file.<br>
  45:HW_Lib/STM32H7/HAL_Lib/CMSIS/Core/Include/core_cm7.h ****      Function definitions in header files are used to allow 'inlining'.
  46:HW_Lib/STM32H7/HAL_Lib/CMSIS/Core/Include/core_cm7.h **** 
  47:HW_Lib/STM32H7/HAL_Lib/CMSIS/Core/Include/core_cm7.h ****    \li Required Rule 18.4, declaration of union type or object of union type: '{...}'.<br>
  48:HW_Lib/STM32H7/HAL_Lib/CMSIS/Core/Include/core_cm7.h ****      Unions are used for effective representation of core registers.
  49:HW_Lib/STM32H7/HAL_Lib/CMSIS/Core/Include/core_cm7.h **** 
  50:HW_Lib/STM32H7/HAL_Lib/CMSIS/Core/Include/core_cm7.h ****    \li Advisory Rule 19.7, Function-like macro defined.<br>
  51:HW_Lib/STM32H7/HAL_Lib/CMSIS/Core/Include/core_cm7.h ****      Function-like macros are used to allow more efficient code.
  52:HW_Lib/STM32H7/HAL_Lib/CMSIS/Core/Include/core_cm7.h ****  */
  53:HW_Lib/STM32H7/HAL_Lib/CMSIS/Core/Include/core_cm7.h **** 
  54:HW_Lib/STM32H7/HAL_Lib/CMSIS/Core/Include/core_cm7.h **** 
  55:HW_Lib/STM32H7/HAL_Lib/CMSIS/Core/Include/core_cm7.h **** /*******************************************************************************
  56:HW_Lib/STM32H7/HAL_Lib/CMSIS/Core/Include/core_cm7.h ****  *                 CMSIS definitions
  57:HW_Lib/STM32H7/HAL_Lib/CMSIS/Core/Include/core_cm7.h ****  ******************************************************************************/
  58:HW_Lib/STM32H7/HAL_Lib/CMSIS/Core/Include/core_cm7.h **** /**
  59:HW_Lib/STM32H7/HAL_Lib/CMSIS/Core/Include/core_cm7.h ****   \ingroup Cortex_M7
  60:HW_Lib/STM32H7/HAL_Lib/CMSIS/Core/Include/core_cm7.h ****   @{
  61:HW_Lib/STM32H7/HAL_Lib/CMSIS/Core/Include/core_cm7.h ****  */
  62:HW_Lib/STM32H7/HAL_Lib/CMSIS/Core/Include/core_cm7.h **** 
  63:HW_Lib/STM32H7/HAL_Lib/CMSIS/Core/Include/core_cm7.h **** #include "cmsis_version.h"
  64:HW_Lib/STM32H7/HAL_Lib/CMSIS/Core/Include/core_cm7.h **** 
  65:HW_Lib/STM32H7/HAL_Lib/CMSIS/Core/Include/core_cm7.h **** /* CMSIS CM7 definitions */
  66:HW_Lib/STM32H7/HAL_Lib/CMSIS/Core/Include/core_cm7.h **** #define __CM7_CMSIS_VERSION_MAIN  (__CM_CMSIS_VERSION_MAIN)                  /*!< \deprecated [31:1
  67:HW_Lib/STM32H7/HAL_Lib/CMSIS/Core/Include/core_cm7.h **** #define __CM7_CMSIS_VERSION_SUB   ( __CM_CMSIS_VERSION_SUB)                  /*!< \deprecated [15:0
  68:HW_Lib/STM32H7/HAL_Lib/CMSIS/Core/Include/core_cm7.h **** #define __CM7_CMSIS_VERSION       ((__CM7_CMSIS_VERSION_MAIN << 16U) | \
  69:HW_Lib/STM32H7/HAL_Lib/CMSIS/Core/Include/core_cm7.h ****                                     __CM7_CMSIS_VERSION_SUB           )      /*!< \deprecated CMSIS
  70:HW_Lib/STM32H7/HAL_Lib/CMSIS/Core/Include/core_cm7.h **** 
  71:HW_Lib/STM32H7/HAL_Lib/CMSIS/Core/Include/core_cm7.h **** #define __CORTEX_M                (7U)                                       /*!< Cortex-M Core */
  72:HW_Lib/STM32H7/HAL_Lib/CMSIS/Core/Include/core_cm7.h **** 
  73:HW_Lib/STM32H7/HAL_Lib/CMSIS/Core/Include/core_cm7.h **** /** __FPU_USED indicates whether an FPU is used or not.
  74:HW_Lib/STM32H7/HAL_Lib/CMSIS/Core/Include/core_cm7.h ****     For this, __FPU_PRESENT has to be checked prior to making use of FPU specific registers and fun
  75:HW_Lib/STM32H7/HAL_Lib/CMSIS/Core/Include/core_cm7.h **** */
  76:HW_Lib/STM32H7/HAL_Lib/CMSIS/Core/Include/core_cm7.h **** #if defined ( __CC_ARM )
  77:HW_Lib/STM32H7/HAL_Lib/CMSIS/Core/Include/core_cm7.h ****   #if defined __TARGET_FPU_VFP
  78:HW_Lib/STM32H7/HAL_Lib/CMSIS/Core/Include/core_cm7.h ****     #if defined (__FPU_PRESENT) && (__FPU_PRESENT == 1U)
  79:HW_Lib/STM32H7/HAL_Lib/CMSIS/Core/Include/core_cm7.h ****       #define __FPU_USED       1U
  80:HW_Lib/STM32H7/HAL_Lib/CMSIS/Core/Include/core_cm7.h ****     #else
  81:HW_Lib/STM32H7/HAL_Lib/CMSIS/Core/Include/core_cm7.h ****       #error "Compiler generates FPU instructions for a device without an FPU (check __FPU_PRESENT)
ARM GAS  C:\Users\HUAV\AppData\Local\Temp\cciXU3YP.s 			page 55


  82:HW_Lib/STM32H7/HAL_Lib/CMSIS/Core/Include/core_cm7.h ****       #define __FPU_USED       0U
  83:HW_Lib/STM32H7/HAL_Lib/CMSIS/Core/Include/core_cm7.h ****     #endif
  84:HW_Lib/STM32H7/HAL_Lib/CMSIS/Core/Include/core_cm7.h ****   #else
  85:HW_Lib/STM32H7/HAL_Lib/CMSIS/Core/Include/core_cm7.h ****     #define __FPU_USED         0U
  86:HW_Lib/STM32H7/HAL_Lib/CMSIS/Core/Include/core_cm7.h ****   #endif
  87:HW_Lib/STM32H7/HAL_Lib/CMSIS/Core/Include/core_cm7.h **** 
  88:HW_Lib/STM32H7/HAL_Lib/CMSIS/Core/Include/core_cm7.h **** #elif defined (__ARMCC_VERSION) && (__ARMCC_VERSION >= 6010050)
  89:HW_Lib/STM32H7/HAL_Lib/CMSIS/Core/Include/core_cm7.h ****   #if defined __ARM_FP
  90:HW_Lib/STM32H7/HAL_Lib/CMSIS/Core/Include/core_cm7.h ****     #if defined (__FPU_PRESENT) && (__FPU_PRESENT == 1U)
  91:HW_Lib/STM32H7/HAL_Lib/CMSIS/Core/Include/core_cm7.h ****       #define __FPU_USED       1U
  92:HW_Lib/STM32H7/HAL_Lib/CMSIS/Core/Include/core_cm7.h ****     #else
  93:HW_Lib/STM32H7/HAL_Lib/CMSIS/Core/Include/core_cm7.h ****       #warning "Compiler generates FPU instructions for a device without an FPU (check __FPU_PRESEN
  94:HW_Lib/STM32H7/HAL_Lib/CMSIS/Core/Include/core_cm7.h ****       #define __FPU_USED       0U
  95:HW_Lib/STM32H7/HAL_Lib/CMSIS/Core/Include/core_cm7.h ****     #endif
  96:HW_Lib/STM32H7/HAL_Lib/CMSIS/Core/Include/core_cm7.h ****   #else
  97:HW_Lib/STM32H7/HAL_Lib/CMSIS/Core/Include/core_cm7.h ****     #define __FPU_USED         0U
  98:HW_Lib/STM32H7/HAL_Lib/CMSIS/Core/Include/core_cm7.h ****   #endif
  99:HW_Lib/STM32H7/HAL_Lib/CMSIS/Core/Include/core_cm7.h **** 
 100:HW_Lib/STM32H7/HAL_Lib/CMSIS/Core/Include/core_cm7.h **** #elif defined ( __GNUC__ )
 101:HW_Lib/STM32H7/HAL_Lib/CMSIS/Core/Include/core_cm7.h ****   #if defined (__VFP_FP__) && !defined(__SOFTFP__)
 102:HW_Lib/STM32H7/HAL_Lib/CMSIS/Core/Include/core_cm7.h ****     #if defined (__FPU_PRESENT) && (__FPU_PRESENT == 1U)
 103:HW_Lib/STM32H7/HAL_Lib/CMSIS/Core/Include/core_cm7.h ****       #define __FPU_USED       1U
 104:HW_Lib/STM32H7/HAL_Lib/CMSIS/Core/Include/core_cm7.h ****     #else
 105:HW_Lib/STM32H7/HAL_Lib/CMSIS/Core/Include/core_cm7.h ****       #error "Compiler generates FPU instructions for a device without an FPU (check __FPU_PRESENT)
 106:HW_Lib/STM32H7/HAL_Lib/CMSIS/Core/Include/core_cm7.h ****       #define __FPU_USED       0U
 107:HW_Lib/STM32H7/HAL_Lib/CMSIS/Core/Include/core_cm7.h ****     #endif
 108:HW_Lib/STM32H7/HAL_Lib/CMSIS/Core/Include/core_cm7.h ****   #else
 109:HW_Lib/STM32H7/HAL_Lib/CMSIS/Core/Include/core_cm7.h ****     #define __FPU_USED         0U
 110:HW_Lib/STM32H7/HAL_Lib/CMSIS/Core/Include/core_cm7.h ****   #endif
 111:HW_Lib/STM32H7/HAL_Lib/CMSIS/Core/Include/core_cm7.h **** 
 112:HW_Lib/STM32H7/HAL_Lib/CMSIS/Core/Include/core_cm7.h **** #elif defined ( __ICCARM__ )
 113:HW_Lib/STM32H7/HAL_Lib/CMSIS/Core/Include/core_cm7.h ****   #if defined __ARMVFP__
 114:HW_Lib/STM32H7/HAL_Lib/CMSIS/Core/Include/core_cm7.h ****     #if defined (__FPU_PRESENT) && (__FPU_PRESENT == 1U)
 115:HW_Lib/STM32H7/HAL_Lib/CMSIS/Core/Include/core_cm7.h ****       #define __FPU_USED       1U
 116:HW_Lib/STM32H7/HAL_Lib/CMSIS/Core/Include/core_cm7.h ****     #else
 117:HW_Lib/STM32H7/HAL_Lib/CMSIS/Core/Include/core_cm7.h ****       #error "Compiler generates FPU instructions for a device without an FPU (check __FPU_PRESENT)
 118:HW_Lib/STM32H7/HAL_Lib/CMSIS/Core/Include/core_cm7.h ****       #define __FPU_USED       0U
 119:HW_Lib/STM32H7/HAL_Lib/CMSIS/Core/Include/core_cm7.h ****     #endif
 120:HW_Lib/STM32H7/HAL_Lib/CMSIS/Core/Include/core_cm7.h ****   #else
 121:HW_Lib/STM32H7/HAL_Lib/CMSIS/Core/Include/core_cm7.h ****     #define __FPU_USED         0U
 122:HW_Lib/STM32H7/HAL_Lib/CMSIS/Core/Include/core_cm7.h ****   #endif
 123:HW_Lib/STM32H7/HAL_Lib/CMSIS/Core/Include/core_cm7.h **** 
 124:HW_Lib/STM32H7/HAL_Lib/CMSIS/Core/Include/core_cm7.h **** #elif defined ( __TI_ARM__ )
 125:HW_Lib/STM32H7/HAL_Lib/CMSIS/Core/Include/core_cm7.h ****   #if defined __TI_VFP_SUPPORT__
 126:HW_Lib/STM32H7/HAL_Lib/CMSIS/Core/Include/core_cm7.h ****     #if defined (__FPU_PRESENT) && (__FPU_PRESENT == 1U)
 127:HW_Lib/STM32H7/HAL_Lib/CMSIS/Core/Include/core_cm7.h ****       #define __FPU_USED       1U
 128:HW_Lib/STM32H7/HAL_Lib/CMSIS/Core/Include/core_cm7.h ****     #else
 129:HW_Lib/STM32H7/HAL_Lib/CMSIS/Core/Include/core_cm7.h ****       #error "Compiler generates FPU instructions for a device without an FPU (check __FPU_PRESENT)
 130:HW_Lib/STM32H7/HAL_Lib/CMSIS/Core/Include/core_cm7.h ****       #define __FPU_USED       0U
 131:HW_Lib/STM32H7/HAL_Lib/CMSIS/Core/Include/core_cm7.h ****     #endif
 132:HW_Lib/STM32H7/HAL_Lib/CMSIS/Core/Include/core_cm7.h ****   #else
 133:HW_Lib/STM32H7/HAL_Lib/CMSIS/Core/Include/core_cm7.h ****     #define __FPU_USED         0U
 134:HW_Lib/STM32H7/HAL_Lib/CMSIS/Core/Include/core_cm7.h ****   #endif
 135:HW_Lib/STM32H7/HAL_Lib/CMSIS/Core/Include/core_cm7.h **** 
 136:HW_Lib/STM32H7/HAL_Lib/CMSIS/Core/Include/core_cm7.h **** #elif defined ( __TASKING__ )
 137:HW_Lib/STM32H7/HAL_Lib/CMSIS/Core/Include/core_cm7.h ****   #if defined __FPU_VFP__
 138:HW_Lib/STM32H7/HAL_Lib/CMSIS/Core/Include/core_cm7.h ****     #if defined (__FPU_PRESENT) && (__FPU_PRESENT == 1U)
ARM GAS  C:\Users\HUAV\AppData\Local\Temp\cciXU3YP.s 			page 56


 139:HW_Lib/STM32H7/HAL_Lib/CMSIS/Core/Include/core_cm7.h ****       #define __FPU_USED       1U
 140:HW_Lib/STM32H7/HAL_Lib/CMSIS/Core/Include/core_cm7.h ****     #else
 141:HW_Lib/STM32H7/HAL_Lib/CMSIS/Core/Include/core_cm7.h ****       #error "Compiler generates FPU instructions for a device without an FPU (check __FPU_PRESENT)
 142:HW_Lib/STM32H7/HAL_Lib/CMSIS/Core/Include/core_cm7.h ****       #define __FPU_USED       0U
 143:HW_Lib/STM32H7/HAL_Lib/CMSIS/Core/Include/core_cm7.h ****     #endif
 144:HW_Lib/STM32H7/HAL_Lib/CMSIS/Core/Include/core_cm7.h ****   #else
 145:HW_Lib/STM32H7/HAL_Lib/CMSIS/Core/Include/core_cm7.h ****     #define __FPU_USED         0U
 146:HW_Lib/STM32H7/HAL_Lib/CMSIS/Core/Include/core_cm7.h ****   #endif
 147:HW_Lib/STM32H7/HAL_Lib/CMSIS/Core/Include/core_cm7.h **** 
 148:HW_Lib/STM32H7/HAL_Lib/CMSIS/Core/Include/core_cm7.h **** #elif defined ( __CSMC__ )
 149:HW_Lib/STM32H7/HAL_Lib/CMSIS/Core/Include/core_cm7.h ****   #if ( __CSMC__ & 0x400U)
 150:HW_Lib/STM32H7/HAL_Lib/CMSIS/Core/Include/core_cm7.h ****     #if defined (__FPU_PRESENT) && (__FPU_PRESENT == 1U)
 151:HW_Lib/STM32H7/HAL_Lib/CMSIS/Core/Include/core_cm7.h ****       #define __FPU_USED       1U
 152:HW_Lib/STM32H7/HAL_Lib/CMSIS/Core/Include/core_cm7.h ****     #else
 153:HW_Lib/STM32H7/HAL_Lib/CMSIS/Core/Include/core_cm7.h ****       #error "Compiler generates FPU instructions for a device without an FPU (check __FPU_PRESENT)
 154:HW_Lib/STM32H7/HAL_Lib/CMSIS/Core/Include/core_cm7.h ****       #define __FPU_USED       0U
 155:HW_Lib/STM32H7/HAL_Lib/CMSIS/Core/Include/core_cm7.h ****     #endif
 156:HW_Lib/STM32H7/HAL_Lib/CMSIS/Core/Include/core_cm7.h ****   #else
 157:HW_Lib/STM32H7/HAL_Lib/CMSIS/Core/Include/core_cm7.h ****     #define __FPU_USED         0U
 158:HW_Lib/STM32H7/HAL_Lib/CMSIS/Core/Include/core_cm7.h ****   #endif
 159:HW_Lib/STM32H7/HAL_Lib/CMSIS/Core/Include/core_cm7.h **** 
 160:HW_Lib/STM32H7/HAL_Lib/CMSIS/Core/Include/core_cm7.h **** #endif
 161:HW_Lib/STM32H7/HAL_Lib/CMSIS/Core/Include/core_cm7.h **** 
 162:HW_Lib/STM32H7/HAL_Lib/CMSIS/Core/Include/core_cm7.h **** #include "cmsis_compiler.h"               /* CMSIS compiler specific defines */
 163:HW_Lib/STM32H7/HAL_Lib/CMSIS/Core/Include/core_cm7.h **** 
 164:HW_Lib/STM32H7/HAL_Lib/CMSIS/Core/Include/core_cm7.h **** 
 165:HW_Lib/STM32H7/HAL_Lib/CMSIS/Core/Include/core_cm7.h **** #ifdef __cplusplus
 166:HW_Lib/STM32H7/HAL_Lib/CMSIS/Core/Include/core_cm7.h **** }
 167:HW_Lib/STM32H7/HAL_Lib/CMSIS/Core/Include/core_cm7.h **** #endif
 168:HW_Lib/STM32H7/HAL_Lib/CMSIS/Core/Include/core_cm7.h **** 
 169:HW_Lib/STM32H7/HAL_Lib/CMSIS/Core/Include/core_cm7.h **** #endif /* __CORE_CM7_H_GENERIC */
 170:HW_Lib/STM32H7/HAL_Lib/CMSIS/Core/Include/core_cm7.h **** 
 171:HW_Lib/STM32H7/HAL_Lib/CMSIS/Core/Include/core_cm7.h **** #ifndef __CMSIS_GENERIC
 172:HW_Lib/STM32H7/HAL_Lib/CMSIS/Core/Include/core_cm7.h **** 
 173:HW_Lib/STM32H7/HAL_Lib/CMSIS/Core/Include/core_cm7.h **** #ifndef __CORE_CM7_H_DEPENDANT
 174:HW_Lib/STM32H7/HAL_Lib/CMSIS/Core/Include/core_cm7.h **** #define __CORE_CM7_H_DEPENDANT
 175:HW_Lib/STM32H7/HAL_Lib/CMSIS/Core/Include/core_cm7.h **** 
 176:HW_Lib/STM32H7/HAL_Lib/CMSIS/Core/Include/core_cm7.h **** #ifdef __cplusplus
 177:HW_Lib/STM32H7/HAL_Lib/CMSIS/Core/Include/core_cm7.h ****  extern "C" {
 178:HW_Lib/STM32H7/HAL_Lib/CMSIS/Core/Include/core_cm7.h **** #endif
 179:HW_Lib/STM32H7/HAL_Lib/CMSIS/Core/Include/core_cm7.h **** 
 180:HW_Lib/STM32H7/HAL_Lib/CMSIS/Core/Include/core_cm7.h **** /* check device defines and use defaults */
 181:HW_Lib/STM32H7/HAL_Lib/CMSIS/Core/Include/core_cm7.h **** #if defined __CHECK_DEVICE_DEFINES
 182:HW_Lib/STM32H7/HAL_Lib/CMSIS/Core/Include/core_cm7.h ****   #ifndef __CM7_REV
 183:HW_Lib/STM32H7/HAL_Lib/CMSIS/Core/Include/core_cm7.h ****     #define __CM7_REV               0x0000U
 184:HW_Lib/STM32H7/HAL_Lib/CMSIS/Core/Include/core_cm7.h ****     #warning "__CM7_REV not defined in device header file; using default!"
 185:HW_Lib/STM32H7/HAL_Lib/CMSIS/Core/Include/core_cm7.h ****   #endif
 186:HW_Lib/STM32H7/HAL_Lib/CMSIS/Core/Include/core_cm7.h **** 
 187:HW_Lib/STM32H7/HAL_Lib/CMSIS/Core/Include/core_cm7.h ****   #ifndef __FPU_PRESENT
 188:HW_Lib/STM32H7/HAL_Lib/CMSIS/Core/Include/core_cm7.h ****     #define __FPU_PRESENT             0U
 189:HW_Lib/STM32H7/HAL_Lib/CMSIS/Core/Include/core_cm7.h ****     #warning "__FPU_PRESENT not defined in device header file; using default!"
 190:HW_Lib/STM32H7/HAL_Lib/CMSIS/Core/Include/core_cm7.h ****   #endif
 191:HW_Lib/STM32H7/HAL_Lib/CMSIS/Core/Include/core_cm7.h **** 
 192:HW_Lib/STM32H7/HAL_Lib/CMSIS/Core/Include/core_cm7.h ****   #ifndef __MPU_PRESENT
 193:HW_Lib/STM32H7/HAL_Lib/CMSIS/Core/Include/core_cm7.h ****     #define __MPU_PRESENT             0U
 194:HW_Lib/STM32H7/HAL_Lib/CMSIS/Core/Include/core_cm7.h ****     #warning "__MPU_PRESENT not defined in device header file; using default!"
 195:HW_Lib/STM32H7/HAL_Lib/CMSIS/Core/Include/core_cm7.h ****   #endif
ARM GAS  C:\Users\HUAV\AppData\Local\Temp\cciXU3YP.s 			page 57


 196:HW_Lib/STM32H7/HAL_Lib/CMSIS/Core/Include/core_cm7.h **** 
 197:HW_Lib/STM32H7/HAL_Lib/CMSIS/Core/Include/core_cm7.h ****   #ifndef __ICACHE_PRESENT
 198:HW_Lib/STM32H7/HAL_Lib/CMSIS/Core/Include/core_cm7.h ****     #define __ICACHE_PRESENT          0U
 199:HW_Lib/STM32H7/HAL_Lib/CMSIS/Core/Include/core_cm7.h ****     #warning "__ICACHE_PRESENT not defined in device header file; using default!"
 200:HW_Lib/STM32H7/HAL_Lib/CMSIS/Core/Include/core_cm7.h ****   #endif
 201:HW_Lib/STM32H7/HAL_Lib/CMSIS/Core/Include/core_cm7.h **** 
 202:HW_Lib/STM32H7/HAL_Lib/CMSIS/Core/Include/core_cm7.h ****   #ifndef __DCACHE_PRESENT
 203:HW_Lib/STM32H7/HAL_Lib/CMSIS/Core/Include/core_cm7.h ****     #define __DCACHE_PRESENT          0U
 204:HW_Lib/STM32H7/HAL_Lib/CMSIS/Core/Include/core_cm7.h ****     #warning "__DCACHE_PRESENT not defined in device header file; using default!"
 205:HW_Lib/STM32H7/HAL_Lib/CMSIS/Core/Include/core_cm7.h ****   #endif
 206:HW_Lib/STM32H7/HAL_Lib/CMSIS/Core/Include/core_cm7.h **** 
 207:HW_Lib/STM32H7/HAL_Lib/CMSIS/Core/Include/core_cm7.h ****   #ifndef __DTCM_PRESENT
 208:HW_Lib/STM32H7/HAL_Lib/CMSIS/Core/Include/core_cm7.h ****     #define __DTCM_PRESENT            0U
 209:HW_Lib/STM32H7/HAL_Lib/CMSIS/Core/Include/core_cm7.h ****     #warning "__DTCM_PRESENT        not defined in device header file; using default!"
 210:HW_Lib/STM32H7/HAL_Lib/CMSIS/Core/Include/core_cm7.h ****   #endif
 211:HW_Lib/STM32H7/HAL_Lib/CMSIS/Core/Include/core_cm7.h **** 
 212:HW_Lib/STM32H7/HAL_Lib/CMSIS/Core/Include/core_cm7.h ****   #ifndef __NVIC_PRIO_BITS
 213:HW_Lib/STM32H7/HAL_Lib/CMSIS/Core/Include/core_cm7.h ****     #define __NVIC_PRIO_BITS          3U
 214:HW_Lib/STM32H7/HAL_Lib/CMSIS/Core/Include/core_cm7.h ****     #warning "__NVIC_PRIO_BITS not defined in device header file; using default!"
 215:HW_Lib/STM32H7/HAL_Lib/CMSIS/Core/Include/core_cm7.h ****   #endif
 216:HW_Lib/STM32H7/HAL_Lib/CMSIS/Core/Include/core_cm7.h **** 
 217:HW_Lib/STM32H7/HAL_Lib/CMSIS/Core/Include/core_cm7.h ****   #ifndef __Vendor_SysTickConfig
 218:HW_Lib/STM32H7/HAL_Lib/CMSIS/Core/Include/core_cm7.h ****     #define __Vendor_SysTickConfig    0U
 219:HW_Lib/STM32H7/HAL_Lib/CMSIS/Core/Include/core_cm7.h ****     #warning "__Vendor_SysTickConfig not defined in device header file; using default!"
 220:HW_Lib/STM32H7/HAL_Lib/CMSIS/Core/Include/core_cm7.h ****   #endif
 221:HW_Lib/STM32H7/HAL_Lib/CMSIS/Core/Include/core_cm7.h **** #endif
 222:HW_Lib/STM32H7/HAL_Lib/CMSIS/Core/Include/core_cm7.h **** 
 223:HW_Lib/STM32H7/HAL_Lib/CMSIS/Core/Include/core_cm7.h **** /* IO definitions (access restrictions to peripheral registers) */
 224:HW_Lib/STM32H7/HAL_Lib/CMSIS/Core/Include/core_cm7.h **** /**
 225:HW_Lib/STM32H7/HAL_Lib/CMSIS/Core/Include/core_cm7.h ****     \defgroup CMSIS_glob_defs CMSIS Global Defines
 226:HW_Lib/STM32H7/HAL_Lib/CMSIS/Core/Include/core_cm7.h **** 
 227:HW_Lib/STM32H7/HAL_Lib/CMSIS/Core/Include/core_cm7.h ****     <strong>IO Type Qualifiers</strong> are used
 228:HW_Lib/STM32H7/HAL_Lib/CMSIS/Core/Include/core_cm7.h ****     \li to specify the access to peripheral variables.
 229:HW_Lib/STM32H7/HAL_Lib/CMSIS/Core/Include/core_cm7.h ****     \li for automatic generation of peripheral register debug information.
 230:HW_Lib/STM32H7/HAL_Lib/CMSIS/Core/Include/core_cm7.h **** */
 231:HW_Lib/STM32H7/HAL_Lib/CMSIS/Core/Include/core_cm7.h **** #ifdef __cplusplus
 232:HW_Lib/STM32H7/HAL_Lib/CMSIS/Core/Include/core_cm7.h ****   #define   __I     volatile             /*!< Defines 'read only' permissions */
 233:HW_Lib/STM32H7/HAL_Lib/CMSIS/Core/Include/core_cm7.h **** #else
 234:HW_Lib/STM32H7/HAL_Lib/CMSIS/Core/Include/core_cm7.h ****   #define   __I     volatile const       /*!< Defines 'read only' permissions */
 235:HW_Lib/STM32H7/HAL_Lib/CMSIS/Core/Include/core_cm7.h **** #endif
 236:HW_Lib/STM32H7/HAL_Lib/CMSIS/Core/Include/core_cm7.h **** #define     __O     volatile             /*!< Defines 'write only' permissions */
 237:HW_Lib/STM32H7/HAL_Lib/CMSIS/Core/Include/core_cm7.h **** #define     __IO    volatile             /*!< Defines 'read / write' permissions */
 238:HW_Lib/STM32H7/HAL_Lib/CMSIS/Core/Include/core_cm7.h **** 
 239:HW_Lib/STM32H7/HAL_Lib/CMSIS/Core/Include/core_cm7.h **** /* following defines should be used for structure members */
 240:HW_Lib/STM32H7/HAL_Lib/CMSIS/Core/Include/core_cm7.h **** #define     __IM     volatile const      /*! Defines 'read only' structure member permissions */
 241:HW_Lib/STM32H7/HAL_Lib/CMSIS/Core/Include/core_cm7.h **** #define     __OM     volatile            /*! Defines 'write only' structure member permissions */
 242:HW_Lib/STM32H7/HAL_Lib/CMSIS/Core/Include/core_cm7.h **** #define     __IOM    volatile            /*! Defines 'read / write' structure member permissions */
 243:HW_Lib/STM32H7/HAL_Lib/CMSIS/Core/Include/core_cm7.h **** 
 244:HW_Lib/STM32H7/HAL_Lib/CMSIS/Core/Include/core_cm7.h **** /*@} end of group Cortex_M7 */
 245:HW_Lib/STM32H7/HAL_Lib/CMSIS/Core/Include/core_cm7.h **** 
 246:HW_Lib/STM32H7/HAL_Lib/CMSIS/Core/Include/core_cm7.h **** 
 247:HW_Lib/STM32H7/HAL_Lib/CMSIS/Core/Include/core_cm7.h **** 
 248:HW_Lib/STM32H7/HAL_Lib/CMSIS/Core/Include/core_cm7.h **** /*******************************************************************************
 249:HW_Lib/STM32H7/HAL_Lib/CMSIS/Core/Include/core_cm7.h ****  *                 Register Abstraction
 250:HW_Lib/STM32H7/HAL_Lib/CMSIS/Core/Include/core_cm7.h ****   Core Register contain:
 251:HW_Lib/STM32H7/HAL_Lib/CMSIS/Core/Include/core_cm7.h ****   - Core Register
 252:HW_Lib/STM32H7/HAL_Lib/CMSIS/Core/Include/core_cm7.h ****   - Core NVIC Register
ARM GAS  C:\Users\HUAV\AppData\Local\Temp\cciXU3YP.s 			page 58


 253:HW_Lib/STM32H7/HAL_Lib/CMSIS/Core/Include/core_cm7.h ****   - Core SCB Register
 254:HW_Lib/STM32H7/HAL_Lib/CMSIS/Core/Include/core_cm7.h ****   - Core SysTick Register
 255:HW_Lib/STM32H7/HAL_Lib/CMSIS/Core/Include/core_cm7.h ****   - Core Debug Register
 256:HW_Lib/STM32H7/HAL_Lib/CMSIS/Core/Include/core_cm7.h ****   - Core MPU Register
 257:HW_Lib/STM32H7/HAL_Lib/CMSIS/Core/Include/core_cm7.h ****   - Core FPU Register
 258:HW_Lib/STM32H7/HAL_Lib/CMSIS/Core/Include/core_cm7.h ****  ******************************************************************************/
 259:HW_Lib/STM32H7/HAL_Lib/CMSIS/Core/Include/core_cm7.h **** /**
 260:HW_Lib/STM32H7/HAL_Lib/CMSIS/Core/Include/core_cm7.h ****   \defgroup CMSIS_core_register Defines and Type Definitions
 261:HW_Lib/STM32H7/HAL_Lib/CMSIS/Core/Include/core_cm7.h ****   \brief Type definitions and defines for Cortex-M processor based devices.
 262:HW_Lib/STM32H7/HAL_Lib/CMSIS/Core/Include/core_cm7.h **** */
 263:HW_Lib/STM32H7/HAL_Lib/CMSIS/Core/Include/core_cm7.h **** 
 264:HW_Lib/STM32H7/HAL_Lib/CMSIS/Core/Include/core_cm7.h **** /**
 265:HW_Lib/STM32H7/HAL_Lib/CMSIS/Core/Include/core_cm7.h ****   \ingroup    CMSIS_core_register
 266:HW_Lib/STM32H7/HAL_Lib/CMSIS/Core/Include/core_cm7.h ****   \defgroup   CMSIS_CORE  Status and Control Registers
 267:HW_Lib/STM32H7/HAL_Lib/CMSIS/Core/Include/core_cm7.h ****   \brief      Core Register type definitions.
 268:HW_Lib/STM32H7/HAL_Lib/CMSIS/Core/Include/core_cm7.h ****   @{
 269:HW_Lib/STM32H7/HAL_Lib/CMSIS/Core/Include/core_cm7.h ****  */
 270:HW_Lib/STM32H7/HAL_Lib/CMSIS/Core/Include/core_cm7.h **** 
 271:HW_Lib/STM32H7/HAL_Lib/CMSIS/Core/Include/core_cm7.h **** /**
 272:HW_Lib/STM32H7/HAL_Lib/CMSIS/Core/Include/core_cm7.h ****   \brief  Union type to access the Application Program Status Register (APSR).
 273:HW_Lib/STM32H7/HAL_Lib/CMSIS/Core/Include/core_cm7.h ****  */
 274:HW_Lib/STM32H7/HAL_Lib/CMSIS/Core/Include/core_cm7.h **** typedef union
 275:HW_Lib/STM32H7/HAL_Lib/CMSIS/Core/Include/core_cm7.h **** {
 276:HW_Lib/STM32H7/HAL_Lib/CMSIS/Core/Include/core_cm7.h ****   struct
 277:HW_Lib/STM32H7/HAL_Lib/CMSIS/Core/Include/core_cm7.h ****   {
 278:HW_Lib/STM32H7/HAL_Lib/CMSIS/Core/Include/core_cm7.h ****     uint32_t _reserved0:16;              /*!< bit:  0..15  Reserved */
 279:HW_Lib/STM32H7/HAL_Lib/CMSIS/Core/Include/core_cm7.h ****     uint32_t GE:4;                       /*!< bit: 16..19  Greater than or Equal flags */
 280:HW_Lib/STM32H7/HAL_Lib/CMSIS/Core/Include/core_cm7.h ****     uint32_t _reserved1:7;               /*!< bit: 20..26  Reserved */
 281:HW_Lib/STM32H7/HAL_Lib/CMSIS/Core/Include/core_cm7.h ****     uint32_t Q:1;                        /*!< bit:     27  Saturation condition flag */
 282:HW_Lib/STM32H7/HAL_Lib/CMSIS/Core/Include/core_cm7.h ****     uint32_t V:1;                        /*!< bit:     28  Overflow condition code flag */
 283:HW_Lib/STM32H7/HAL_Lib/CMSIS/Core/Include/core_cm7.h ****     uint32_t C:1;                        /*!< bit:     29  Carry condition code flag */
 284:HW_Lib/STM32H7/HAL_Lib/CMSIS/Core/Include/core_cm7.h ****     uint32_t Z:1;                        /*!< bit:     30  Zero condition code flag */
 285:HW_Lib/STM32H7/HAL_Lib/CMSIS/Core/Include/core_cm7.h ****     uint32_t N:1;                        /*!< bit:     31  Negative condition code flag */
 286:HW_Lib/STM32H7/HAL_Lib/CMSIS/Core/Include/core_cm7.h ****   } b;                                   /*!< Structure used for bit  access */
 287:HW_Lib/STM32H7/HAL_Lib/CMSIS/Core/Include/core_cm7.h ****   uint32_t w;                            /*!< Type      used for word access */
 288:HW_Lib/STM32H7/HAL_Lib/CMSIS/Core/Include/core_cm7.h **** } APSR_Type;
 289:HW_Lib/STM32H7/HAL_Lib/CMSIS/Core/Include/core_cm7.h **** 
 290:HW_Lib/STM32H7/HAL_Lib/CMSIS/Core/Include/core_cm7.h **** /* APSR Register Definitions */
 291:HW_Lib/STM32H7/HAL_Lib/CMSIS/Core/Include/core_cm7.h **** #define APSR_N_Pos                         31U                                            /*!< APSR
 292:HW_Lib/STM32H7/HAL_Lib/CMSIS/Core/Include/core_cm7.h **** #define APSR_N_Msk                         (1UL << APSR_N_Pos)                            /*!< APSR
 293:HW_Lib/STM32H7/HAL_Lib/CMSIS/Core/Include/core_cm7.h **** 
 294:HW_Lib/STM32H7/HAL_Lib/CMSIS/Core/Include/core_cm7.h **** #define APSR_Z_Pos                         30U                                            /*!< APSR
 295:HW_Lib/STM32H7/HAL_Lib/CMSIS/Core/Include/core_cm7.h **** #define APSR_Z_Msk                         (1UL << APSR_Z_Pos)                            /*!< APSR
 296:HW_Lib/STM32H7/HAL_Lib/CMSIS/Core/Include/core_cm7.h **** 
 297:HW_Lib/STM32H7/HAL_Lib/CMSIS/Core/Include/core_cm7.h **** #define APSR_C_Pos                         29U                                            /*!< APSR
 298:HW_Lib/STM32H7/HAL_Lib/CMSIS/Core/Include/core_cm7.h **** #define APSR_C_Msk                         (1UL << APSR_C_Pos)                            /*!< APSR
 299:HW_Lib/STM32H7/HAL_Lib/CMSIS/Core/Include/core_cm7.h **** 
 300:HW_Lib/STM32H7/HAL_Lib/CMSIS/Core/Include/core_cm7.h **** #define APSR_V_Pos                         28U                                            /*!< APSR
 301:HW_Lib/STM32H7/HAL_Lib/CMSIS/Core/Include/core_cm7.h **** #define APSR_V_Msk                         (1UL << APSR_V_Pos)                            /*!< APSR
 302:HW_Lib/STM32H7/HAL_Lib/CMSIS/Core/Include/core_cm7.h **** 
 303:HW_Lib/STM32H7/HAL_Lib/CMSIS/Core/Include/core_cm7.h **** #define APSR_Q_Pos                         27U                                            /*!< APSR
 304:HW_Lib/STM32H7/HAL_Lib/CMSIS/Core/Include/core_cm7.h **** #define APSR_Q_Msk                         (1UL << APSR_Q_Pos)                            /*!< APSR
 305:HW_Lib/STM32H7/HAL_Lib/CMSIS/Core/Include/core_cm7.h **** 
 306:HW_Lib/STM32H7/HAL_Lib/CMSIS/Core/Include/core_cm7.h **** #define APSR_GE_Pos                        16U                                            /*!< APSR
 307:HW_Lib/STM32H7/HAL_Lib/CMSIS/Core/Include/core_cm7.h **** #define APSR_GE_Msk                        (0xFUL << APSR_GE_Pos)                         /*!< APSR
 308:HW_Lib/STM32H7/HAL_Lib/CMSIS/Core/Include/core_cm7.h **** 
 309:HW_Lib/STM32H7/HAL_Lib/CMSIS/Core/Include/core_cm7.h **** 
ARM GAS  C:\Users\HUAV\AppData\Local\Temp\cciXU3YP.s 			page 59


 310:HW_Lib/STM32H7/HAL_Lib/CMSIS/Core/Include/core_cm7.h **** /**
 311:HW_Lib/STM32H7/HAL_Lib/CMSIS/Core/Include/core_cm7.h ****   \brief  Union type to access the Interrupt Program Status Register (IPSR).
 312:HW_Lib/STM32H7/HAL_Lib/CMSIS/Core/Include/core_cm7.h ****  */
 313:HW_Lib/STM32H7/HAL_Lib/CMSIS/Core/Include/core_cm7.h **** typedef union
 314:HW_Lib/STM32H7/HAL_Lib/CMSIS/Core/Include/core_cm7.h **** {
 315:HW_Lib/STM32H7/HAL_Lib/CMSIS/Core/Include/core_cm7.h ****   struct
 316:HW_Lib/STM32H7/HAL_Lib/CMSIS/Core/Include/core_cm7.h ****   {
 317:HW_Lib/STM32H7/HAL_Lib/CMSIS/Core/Include/core_cm7.h ****     uint32_t ISR:9;                      /*!< bit:  0.. 8  Exception number */
 318:HW_Lib/STM32H7/HAL_Lib/CMSIS/Core/Include/core_cm7.h ****     uint32_t _reserved0:23;              /*!< bit:  9..31  Reserved */
 319:HW_Lib/STM32H7/HAL_Lib/CMSIS/Core/Include/core_cm7.h ****   } b;                                   /*!< Structure used for bit  access */
 320:HW_Lib/STM32H7/HAL_Lib/CMSIS/Core/Include/core_cm7.h ****   uint32_t w;                            /*!< Type      used for word access */
 321:HW_Lib/STM32H7/HAL_Lib/CMSIS/Core/Include/core_cm7.h **** } IPSR_Type;
 322:HW_Lib/STM32H7/HAL_Lib/CMSIS/Core/Include/core_cm7.h **** 
 323:HW_Lib/STM32H7/HAL_Lib/CMSIS/Core/Include/core_cm7.h **** /* IPSR Register Definitions */
 324:HW_Lib/STM32H7/HAL_Lib/CMSIS/Core/Include/core_cm7.h **** #define IPSR_ISR_Pos                        0U                                            /*!< IPSR
 325:HW_Lib/STM32H7/HAL_Lib/CMSIS/Core/Include/core_cm7.h **** #define IPSR_ISR_Msk                       (0x1FFUL /*<< IPSR_ISR_Pos*/)                  /*!< IPSR
 326:HW_Lib/STM32H7/HAL_Lib/CMSIS/Core/Include/core_cm7.h **** 
 327:HW_Lib/STM32H7/HAL_Lib/CMSIS/Core/Include/core_cm7.h **** 
 328:HW_Lib/STM32H7/HAL_Lib/CMSIS/Core/Include/core_cm7.h **** /**
 329:HW_Lib/STM32H7/HAL_Lib/CMSIS/Core/Include/core_cm7.h ****   \brief  Union type to access the Special-Purpose Program Status Registers (xPSR).
 330:HW_Lib/STM32H7/HAL_Lib/CMSIS/Core/Include/core_cm7.h ****  */
 331:HW_Lib/STM32H7/HAL_Lib/CMSIS/Core/Include/core_cm7.h **** typedef union
 332:HW_Lib/STM32H7/HAL_Lib/CMSIS/Core/Include/core_cm7.h **** {
 333:HW_Lib/STM32H7/HAL_Lib/CMSIS/Core/Include/core_cm7.h ****   struct
 334:HW_Lib/STM32H7/HAL_Lib/CMSIS/Core/Include/core_cm7.h ****   {
 335:HW_Lib/STM32H7/HAL_Lib/CMSIS/Core/Include/core_cm7.h ****     uint32_t ISR:9;                      /*!< bit:  0.. 8  Exception number */
 336:HW_Lib/STM32H7/HAL_Lib/CMSIS/Core/Include/core_cm7.h ****     uint32_t _reserved0:1;               /*!< bit:      9  Reserved */
 337:HW_Lib/STM32H7/HAL_Lib/CMSIS/Core/Include/core_cm7.h ****     uint32_t ICI_IT_1:6;                 /*!< bit: 10..15  ICI/IT part 1 */
 338:HW_Lib/STM32H7/HAL_Lib/CMSIS/Core/Include/core_cm7.h ****     uint32_t GE:4;                       /*!< bit: 16..19  Greater than or Equal flags */
 339:HW_Lib/STM32H7/HAL_Lib/CMSIS/Core/Include/core_cm7.h ****     uint32_t _reserved1:4;               /*!< bit: 20..23  Reserved */
 340:HW_Lib/STM32H7/HAL_Lib/CMSIS/Core/Include/core_cm7.h ****     uint32_t T:1;                        /*!< bit:     24  Thumb bit */
 341:HW_Lib/STM32H7/HAL_Lib/CMSIS/Core/Include/core_cm7.h ****     uint32_t ICI_IT_2:2;                 /*!< bit: 25..26  ICI/IT part 2 */
 342:HW_Lib/STM32H7/HAL_Lib/CMSIS/Core/Include/core_cm7.h ****     uint32_t Q:1;                        /*!< bit:     27  Saturation condition flag */
 343:HW_Lib/STM32H7/HAL_Lib/CMSIS/Core/Include/core_cm7.h ****     uint32_t V:1;                        /*!< bit:     28  Overflow condition code flag */
 344:HW_Lib/STM32H7/HAL_Lib/CMSIS/Core/Include/core_cm7.h ****     uint32_t C:1;                        /*!< bit:     29  Carry condition code flag */
 345:HW_Lib/STM32H7/HAL_Lib/CMSIS/Core/Include/core_cm7.h ****     uint32_t Z:1;                        /*!< bit:     30  Zero condition code flag */
 346:HW_Lib/STM32H7/HAL_Lib/CMSIS/Core/Include/core_cm7.h ****     uint32_t N:1;                        /*!< bit:     31  Negative condition code flag */
 347:HW_Lib/STM32H7/HAL_Lib/CMSIS/Core/Include/core_cm7.h ****   } b;                                   /*!< Structure used for bit  access */
 348:HW_Lib/STM32H7/HAL_Lib/CMSIS/Core/Include/core_cm7.h ****   uint32_t w;                            /*!< Type      used for word access */
 349:HW_Lib/STM32H7/HAL_Lib/CMSIS/Core/Include/core_cm7.h **** } xPSR_Type;
 350:HW_Lib/STM32H7/HAL_Lib/CMSIS/Core/Include/core_cm7.h **** 
 351:HW_Lib/STM32H7/HAL_Lib/CMSIS/Core/Include/core_cm7.h **** /* xPSR Register Definitions */
 352:HW_Lib/STM32H7/HAL_Lib/CMSIS/Core/Include/core_cm7.h **** #define xPSR_N_Pos                         31U                                            /*!< xPSR
 353:HW_Lib/STM32H7/HAL_Lib/CMSIS/Core/Include/core_cm7.h **** #define xPSR_N_Msk                         (1UL << xPSR_N_Pos)                            /*!< xPSR
 354:HW_Lib/STM32H7/HAL_Lib/CMSIS/Core/Include/core_cm7.h **** 
 355:HW_Lib/STM32H7/HAL_Lib/CMSIS/Core/Include/core_cm7.h **** #define xPSR_Z_Pos                         30U                                            /*!< xPSR
 356:HW_Lib/STM32H7/HAL_Lib/CMSIS/Core/Include/core_cm7.h **** #define xPSR_Z_Msk                         (1UL << xPSR_Z_Pos)                            /*!< xPSR
 357:HW_Lib/STM32H7/HAL_Lib/CMSIS/Core/Include/core_cm7.h **** 
 358:HW_Lib/STM32H7/HAL_Lib/CMSIS/Core/Include/core_cm7.h **** #define xPSR_C_Pos                         29U                                            /*!< xPSR
 359:HW_Lib/STM32H7/HAL_Lib/CMSIS/Core/Include/core_cm7.h **** #define xPSR_C_Msk                         (1UL << xPSR_C_Pos)                            /*!< xPSR
 360:HW_Lib/STM32H7/HAL_Lib/CMSIS/Core/Include/core_cm7.h **** 
 361:HW_Lib/STM32H7/HAL_Lib/CMSIS/Core/Include/core_cm7.h **** #define xPSR_V_Pos                         28U                                            /*!< xPSR
 362:HW_Lib/STM32H7/HAL_Lib/CMSIS/Core/Include/core_cm7.h **** #define xPSR_V_Msk                         (1UL << xPSR_V_Pos)                            /*!< xPSR
 363:HW_Lib/STM32H7/HAL_Lib/CMSIS/Core/Include/core_cm7.h **** 
 364:HW_Lib/STM32H7/HAL_Lib/CMSIS/Core/Include/core_cm7.h **** #define xPSR_Q_Pos                         27U                                            /*!< xPSR
 365:HW_Lib/STM32H7/HAL_Lib/CMSIS/Core/Include/core_cm7.h **** #define xPSR_Q_Msk                         (1UL << xPSR_Q_Pos)                            /*!< xPSR
 366:HW_Lib/STM32H7/HAL_Lib/CMSIS/Core/Include/core_cm7.h **** 
ARM GAS  C:\Users\HUAV\AppData\Local\Temp\cciXU3YP.s 			page 60


 367:HW_Lib/STM32H7/HAL_Lib/CMSIS/Core/Include/core_cm7.h **** #define xPSR_ICI_IT_2_Pos                  25U                                            /*!< xPSR
 368:HW_Lib/STM32H7/HAL_Lib/CMSIS/Core/Include/core_cm7.h **** #define xPSR_ICI_IT_2_Msk                  (3UL << xPSR_ICI_IT_2_Pos)                     /*!< xPSR
 369:HW_Lib/STM32H7/HAL_Lib/CMSIS/Core/Include/core_cm7.h **** 
 370:HW_Lib/STM32H7/HAL_Lib/CMSIS/Core/Include/core_cm7.h **** #define xPSR_T_Pos                         24U                                            /*!< xPSR
 371:HW_Lib/STM32H7/HAL_Lib/CMSIS/Core/Include/core_cm7.h **** #define xPSR_T_Msk                         (1UL << xPSR_T_Pos)                            /*!< xPSR
 372:HW_Lib/STM32H7/HAL_Lib/CMSIS/Core/Include/core_cm7.h **** 
 373:HW_Lib/STM32H7/HAL_Lib/CMSIS/Core/Include/core_cm7.h **** #define xPSR_GE_Pos                        16U                                            /*!< xPSR
 374:HW_Lib/STM32H7/HAL_Lib/CMSIS/Core/Include/core_cm7.h **** #define xPSR_GE_Msk                        (0xFUL << xPSR_GE_Pos)                         /*!< xPSR
 375:HW_Lib/STM32H7/HAL_Lib/CMSIS/Core/Include/core_cm7.h **** 
 376:HW_Lib/STM32H7/HAL_Lib/CMSIS/Core/Include/core_cm7.h **** #define xPSR_ICI_IT_1_Pos                  10U                                            /*!< xPSR
 377:HW_Lib/STM32H7/HAL_Lib/CMSIS/Core/Include/core_cm7.h **** #define xPSR_ICI_IT_1_Msk                  (0x3FUL << xPSR_ICI_IT_1_Pos)                  /*!< xPSR
 378:HW_Lib/STM32H7/HAL_Lib/CMSIS/Core/Include/core_cm7.h **** 
 379:HW_Lib/STM32H7/HAL_Lib/CMSIS/Core/Include/core_cm7.h **** #define xPSR_ISR_Pos                        0U                                            /*!< xPSR
 380:HW_Lib/STM32H7/HAL_Lib/CMSIS/Core/Include/core_cm7.h **** #define xPSR_ISR_Msk                       (0x1FFUL /*<< xPSR_ISR_Pos*/)                  /*!< xPSR
 381:HW_Lib/STM32H7/HAL_Lib/CMSIS/Core/Include/core_cm7.h **** 
 382:HW_Lib/STM32H7/HAL_Lib/CMSIS/Core/Include/core_cm7.h **** 
 383:HW_Lib/STM32H7/HAL_Lib/CMSIS/Core/Include/core_cm7.h **** /**
 384:HW_Lib/STM32H7/HAL_Lib/CMSIS/Core/Include/core_cm7.h ****   \brief  Union type to access the Control Registers (CONTROL).
 385:HW_Lib/STM32H7/HAL_Lib/CMSIS/Core/Include/core_cm7.h ****  */
 386:HW_Lib/STM32H7/HAL_Lib/CMSIS/Core/Include/core_cm7.h **** typedef union
 387:HW_Lib/STM32H7/HAL_Lib/CMSIS/Core/Include/core_cm7.h **** {
 388:HW_Lib/STM32H7/HAL_Lib/CMSIS/Core/Include/core_cm7.h ****   struct
 389:HW_Lib/STM32H7/HAL_Lib/CMSIS/Core/Include/core_cm7.h ****   {
 390:HW_Lib/STM32H7/HAL_Lib/CMSIS/Core/Include/core_cm7.h ****     uint32_t nPRIV:1;                    /*!< bit:      0  Execution privilege in Thread mode */
 391:HW_Lib/STM32H7/HAL_Lib/CMSIS/Core/Include/core_cm7.h ****     uint32_t SPSEL:1;                    /*!< bit:      1  Stack to be used */
 392:HW_Lib/STM32H7/HAL_Lib/CMSIS/Core/Include/core_cm7.h ****     uint32_t FPCA:1;                     /*!< bit:      2  FP extension active flag */
 393:HW_Lib/STM32H7/HAL_Lib/CMSIS/Core/Include/core_cm7.h ****     uint32_t _reserved0:29;              /*!< bit:  3..31  Reserved */
 394:HW_Lib/STM32H7/HAL_Lib/CMSIS/Core/Include/core_cm7.h ****   } b;                                   /*!< Structure used for bit  access */
 395:HW_Lib/STM32H7/HAL_Lib/CMSIS/Core/Include/core_cm7.h ****   uint32_t w;                            /*!< Type      used for word access */
 396:HW_Lib/STM32H7/HAL_Lib/CMSIS/Core/Include/core_cm7.h **** } CONTROL_Type;
 397:HW_Lib/STM32H7/HAL_Lib/CMSIS/Core/Include/core_cm7.h **** 
 398:HW_Lib/STM32H7/HAL_Lib/CMSIS/Core/Include/core_cm7.h **** /* CONTROL Register Definitions */
 399:HW_Lib/STM32H7/HAL_Lib/CMSIS/Core/Include/core_cm7.h **** #define CONTROL_FPCA_Pos                    2U                                            /*!< CONT
 400:HW_Lib/STM32H7/HAL_Lib/CMSIS/Core/Include/core_cm7.h **** #define CONTROL_FPCA_Msk                   (1UL << CONTROL_FPCA_Pos)                      /*!< CONT
 401:HW_Lib/STM32H7/HAL_Lib/CMSIS/Core/Include/core_cm7.h **** 
 402:HW_Lib/STM32H7/HAL_Lib/CMSIS/Core/Include/core_cm7.h **** #define CONTROL_SPSEL_Pos                   1U                                            /*!< CONT
 403:HW_Lib/STM32H7/HAL_Lib/CMSIS/Core/Include/core_cm7.h **** #define CONTROL_SPSEL_Msk                  (1UL << CONTROL_SPSEL_Pos)                     /*!< CONT
 404:HW_Lib/STM32H7/HAL_Lib/CMSIS/Core/Include/core_cm7.h **** 
 405:HW_Lib/STM32H7/HAL_Lib/CMSIS/Core/Include/core_cm7.h **** #define CONTROL_nPRIV_Pos                   0U                                            /*!< CONT
 406:HW_Lib/STM32H7/HAL_Lib/CMSIS/Core/Include/core_cm7.h **** #define CONTROL_nPRIV_Msk                  (1UL /*<< CONTROL_nPRIV_Pos*/)                 /*!< CONT
 407:HW_Lib/STM32H7/HAL_Lib/CMSIS/Core/Include/core_cm7.h **** 
 408:HW_Lib/STM32H7/HAL_Lib/CMSIS/Core/Include/core_cm7.h **** /*@} end of group CMSIS_CORE */
 409:HW_Lib/STM32H7/HAL_Lib/CMSIS/Core/Include/core_cm7.h **** 
 410:HW_Lib/STM32H7/HAL_Lib/CMSIS/Core/Include/core_cm7.h **** 
 411:HW_Lib/STM32H7/HAL_Lib/CMSIS/Core/Include/core_cm7.h **** /**
 412:HW_Lib/STM32H7/HAL_Lib/CMSIS/Core/Include/core_cm7.h ****   \ingroup    CMSIS_core_register
 413:HW_Lib/STM32H7/HAL_Lib/CMSIS/Core/Include/core_cm7.h ****   \defgroup   CMSIS_NVIC  Nested Vectored Interrupt Controller (NVIC)
 414:HW_Lib/STM32H7/HAL_Lib/CMSIS/Core/Include/core_cm7.h ****   \brief      Type definitions for the NVIC Registers
 415:HW_Lib/STM32H7/HAL_Lib/CMSIS/Core/Include/core_cm7.h ****   @{
 416:HW_Lib/STM32H7/HAL_Lib/CMSIS/Core/Include/core_cm7.h ****  */
 417:HW_Lib/STM32H7/HAL_Lib/CMSIS/Core/Include/core_cm7.h **** 
 418:HW_Lib/STM32H7/HAL_Lib/CMSIS/Core/Include/core_cm7.h **** /**
 419:HW_Lib/STM32H7/HAL_Lib/CMSIS/Core/Include/core_cm7.h ****   \brief  Structure type to access the Nested Vectored Interrupt Controller (NVIC).
 420:HW_Lib/STM32H7/HAL_Lib/CMSIS/Core/Include/core_cm7.h ****  */
 421:HW_Lib/STM32H7/HAL_Lib/CMSIS/Core/Include/core_cm7.h **** typedef struct
 422:HW_Lib/STM32H7/HAL_Lib/CMSIS/Core/Include/core_cm7.h **** {
 423:HW_Lib/STM32H7/HAL_Lib/CMSIS/Core/Include/core_cm7.h ****   __IOM uint32_t ISER[8U];               /*!< Offset: 0x000 (R/W)  Interrupt Set Enable Register */
ARM GAS  C:\Users\HUAV\AppData\Local\Temp\cciXU3YP.s 			page 61


 424:HW_Lib/STM32H7/HAL_Lib/CMSIS/Core/Include/core_cm7.h ****         uint32_t RESERVED0[24U];
 425:HW_Lib/STM32H7/HAL_Lib/CMSIS/Core/Include/core_cm7.h ****   __IOM uint32_t ICER[8U];               /*!< Offset: 0x080 (R/W)  Interrupt Clear Enable Register 
 426:HW_Lib/STM32H7/HAL_Lib/CMSIS/Core/Include/core_cm7.h ****         uint32_t RESERVED1[24U];
 427:HW_Lib/STM32H7/HAL_Lib/CMSIS/Core/Include/core_cm7.h ****   __IOM uint32_t ISPR[8U];               /*!< Offset: 0x100 (R/W)  Interrupt Set Pending Register *
 428:HW_Lib/STM32H7/HAL_Lib/CMSIS/Core/Include/core_cm7.h ****         uint32_t RESERVED2[24U];
 429:HW_Lib/STM32H7/HAL_Lib/CMSIS/Core/Include/core_cm7.h ****   __IOM uint32_t ICPR[8U];               /*!< Offset: 0x180 (R/W)  Interrupt Clear Pending Register
 430:HW_Lib/STM32H7/HAL_Lib/CMSIS/Core/Include/core_cm7.h ****         uint32_t RESERVED3[24U];
 431:HW_Lib/STM32H7/HAL_Lib/CMSIS/Core/Include/core_cm7.h ****   __IOM uint32_t IABR[8U];               /*!< Offset: 0x200 (R/W)  Interrupt Active bit Register */
 432:HW_Lib/STM32H7/HAL_Lib/CMSIS/Core/Include/core_cm7.h ****         uint32_t RESERVED4[56U];
 433:HW_Lib/STM32H7/HAL_Lib/CMSIS/Core/Include/core_cm7.h ****   __IOM uint8_t  IP[240U];               /*!< Offset: 0x300 (R/W)  Interrupt Priority Register (8Bi
 434:HW_Lib/STM32H7/HAL_Lib/CMSIS/Core/Include/core_cm7.h ****         uint32_t RESERVED5[644U];
 435:HW_Lib/STM32H7/HAL_Lib/CMSIS/Core/Include/core_cm7.h ****   __OM  uint32_t STIR;                   /*!< Offset: 0xE00 ( /W)  Software Trigger Interrupt Regis
 436:HW_Lib/STM32H7/HAL_Lib/CMSIS/Core/Include/core_cm7.h **** }  NVIC_Type;
 437:HW_Lib/STM32H7/HAL_Lib/CMSIS/Core/Include/core_cm7.h **** 
 438:HW_Lib/STM32H7/HAL_Lib/CMSIS/Core/Include/core_cm7.h **** /* Software Triggered Interrupt Register Definitions */
 439:HW_Lib/STM32H7/HAL_Lib/CMSIS/Core/Include/core_cm7.h **** #define NVIC_STIR_INTID_Pos                 0U                                         /*!< STIR: I
 440:HW_Lib/STM32H7/HAL_Lib/CMSIS/Core/Include/core_cm7.h **** #define NVIC_STIR_INTID_Msk                (0x1FFUL /*<< NVIC_STIR_INTID_Pos*/)        /*!< STIR: I
 441:HW_Lib/STM32H7/HAL_Lib/CMSIS/Core/Include/core_cm7.h **** 
 442:HW_Lib/STM32H7/HAL_Lib/CMSIS/Core/Include/core_cm7.h **** /*@} end of group CMSIS_NVIC */
 443:HW_Lib/STM32H7/HAL_Lib/CMSIS/Core/Include/core_cm7.h **** 
 444:HW_Lib/STM32H7/HAL_Lib/CMSIS/Core/Include/core_cm7.h **** 
 445:HW_Lib/STM32H7/HAL_Lib/CMSIS/Core/Include/core_cm7.h **** /**
 446:HW_Lib/STM32H7/HAL_Lib/CMSIS/Core/Include/core_cm7.h ****   \ingroup  CMSIS_core_register
 447:HW_Lib/STM32H7/HAL_Lib/CMSIS/Core/Include/core_cm7.h ****   \defgroup CMSIS_SCB     System Control Block (SCB)
 448:HW_Lib/STM32H7/HAL_Lib/CMSIS/Core/Include/core_cm7.h ****   \brief    Type definitions for the System Control Block Registers
 449:HW_Lib/STM32H7/HAL_Lib/CMSIS/Core/Include/core_cm7.h ****   @{
 450:HW_Lib/STM32H7/HAL_Lib/CMSIS/Core/Include/core_cm7.h ****  */
 451:HW_Lib/STM32H7/HAL_Lib/CMSIS/Core/Include/core_cm7.h **** 
 452:HW_Lib/STM32H7/HAL_Lib/CMSIS/Core/Include/core_cm7.h **** /**
 453:HW_Lib/STM32H7/HAL_Lib/CMSIS/Core/Include/core_cm7.h ****   \brief  Structure type to access the System Control Block (SCB).
 454:HW_Lib/STM32H7/HAL_Lib/CMSIS/Core/Include/core_cm7.h ****  */
 455:HW_Lib/STM32H7/HAL_Lib/CMSIS/Core/Include/core_cm7.h **** typedef struct
 456:HW_Lib/STM32H7/HAL_Lib/CMSIS/Core/Include/core_cm7.h **** {
 457:HW_Lib/STM32H7/HAL_Lib/CMSIS/Core/Include/core_cm7.h ****   __IM  uint32_t CPUID;                  /*!< Offset: 0x000 (R/ )  CPUID Base Register */
 458:HW_Lib/STM32H7/HAL_Lib/CMSIS/Core/Include/core_cm7.h ****   __IOM uint32_t ICSR;                   /*!< Offset: 0x004 (R/W)  Interrupt Control and State Regi
 459:HW_Lib/STM32H7/HAL_Lib/CMSIS/Core/Include/core_cm7.h ****   __IOM uint32_t VTOR;                   /*!< Offset: 0x008 (R/W)  Vector Table Offset Register */
 460:HW_Lib/STM32H7/HAL_Lib/CMSIS/Core/Include/core_cm7.h ****   __IOM uint32_t AIRCR;                  /*!< Offset: 0x00C (R/W)  Application Interrupt and Reset 
 461:HW_Lib/STM32H7/HAL_Lib/CMSIS/Core/Include/core_cm7.h ****   __IOM uint32_t SCR;                    /*!< Offset: 0x010 (R/W)  System Control Register */
 462:HW_Lib/STM32H7/HAL_Lib/CMSIS/Core/Include/core_cm7.h ****   __IOM uint32_t CCR;                    /*!< Offset: 0x014 (R/W)  Configuration Control Register *
 463:HW_Lib/STM32H7/HAL_Lib/CMSIS/Core/Include/core_cm7.h ****   __IOM uint8_t  SHPR[12U];              /*!< Offset: 0x018 (R/W)  System Handlers Priority Registe
 464:HW_Lib/STM32H7/HAL_Lib/CMSIS/Core/Include/core_cm7.h ****   __IOM uint32_t SHCSR;                  /*!< Offset: 0x024 (R/W)  System Handler Control and State
 465:HW_Lib/STM32H7/HAL_Lib/CMSIS/Core/Include/core_cm7.h ****   __IOM uint32_t CFSR;                   /*!< Offset: 0x028 (R/W)  Configurable Fault Status Regist
 466:HW_Lib/STM32H7/HAL_Lib/CMSIS/Core/Include/core_cm7.h ****   __IOM uint32_t HFSR;                   /*!< Offset: 0x02C (R/W)  HardFault Status Register */
 467:HW_Lib/STM32H7/HAL_Lib/CMSIS/Core/Include/core_cm7.h ****   __IOM uint32_t DFSR;                   /*!< Offset: 0x030 (R/W)  Debug Fault Status Register */
 468:HW_Lib/STM32H7/HAL_Lib/CMSIS/Core/Include/core_cm7.h ****   __IOM uint32_t MMFAR;                  /*!< Offset: 0x034 (R/W)  MemManage Fault Address Register
 469:HW_Lib/STM32H7/HAL_Lib/CMSIS/Core/Include/core_cm7.h ****   __IOM uint32_t BFAR;                   /*!< Offset: 0x038 (R/W)  BusFault Address Register */
 470:HW_Lib/STM32H7/HAL_Lib/CMSIS/Core/Include/core_cm7.h ****   __IOM uint32_t AFSR;                   /*!< Offset: 0x03C (R/W)  Auxiliary Fault Status Register 
 471:HW_Lib/STM32H7/HAL_Lib/CMSIS/Core/Include/core_cm7.h ****   __IM  uint32_t ID_PFR[2U];             /*!< Offset: 0x040 (R/ )  Processor Feature Register */
 472:HW_Lib/STM32H7/HAL_Lib/CMSIS/Core/Include/core_cm7.h ****   __IM  uint32_t ID_DFR;                 /*!< Offset: 0x048 (R/ )  Debug Feature Register */
 473:HW_Lib/STM32H7/HAL_Lib/CMSIS/Core/Include/core_cm7.h ****   __IM  uint32_t ID_AFR;                 /*!< Offset: 0x04C (R/ )  Auxiliary Feature Register */
 474:HW_Lib/STM32H7/HAL_Lib/CMSIS/Core/Include/core_cm7.h ****   __IM  uint32_t ID_MFR[4U];             /*!< Offset: 0x050 (R/ )  Memory Model Feature Register */
 475:HW_Lib/STM32H7/HAL_Lib/CMSIS/Core/Include/core_cm7.h ****   __IM  uint32_t ID_ISAR[5U];            /*!< Offset: 0x060 (R/ )  Instruction Set Attributes Regis
 476:HW_Lib/STM32H7/HAL_Lib/CMSIS/Core/Include/core_cm7.h ****         uint32_t RESERVED0[1U];
 477:HW_Lib/STM32H7/HAL_Lib/CMSIS/Core/Include/core_cm7.h ****   __IM  uint32_t CLIDR;                  /*!< Offset: 0x078 (R/ )  Cache Level ID register */
 478:HW_Lib/STM32H7/HAL_Lib/CMSIS/Core/Include/core_cm7.h ****   __IM  uint32_t CTR;                    /*!< Offset: 0x07C (R/ )  Cache Type register */
 479:HW_Lib/STM32H7/HAL_Lib/CMSIS/Core/Include/core_cm7.h ****   __IM  uint32_t CCSIDR;                 /*!< Offset: 0x080 (R/ )  Cache Size ID Register */
 480:HW_Lib/STM32H7/HAL_Lib/CMSIS/Core/Include/core_cm7.h ****   __IOM uint32_t CSSELR;                 /*!< Offset: 0x084 (R/W)  Cache Size Selection Register */
ARM GAS  C:\Users\HUAV\AppData\Local\Temp\cciXU3YP.s 			page 62


 481:HW_Lib/STM32H7/HAL_Lib/CMSIS/Core/Include/core_cm7.h ****   __IOM uint32_t CPACR;                  /*!< Offset: 0x088 (R/W)  Coprocessor Access Control Regis
 482:HW_Lib/STM32H7/HAL_Lib/CMSIS/Core/Include/core_cm7.h ****         uint32_t RESERVED3[93U];
 483:HW_Lib/STM32H7/HAL_Lib/CMSIS/Core/Include/core_cm7.h ****   __OM  uint32_t STIR;                   /*!< Offset: 0x200 ( /W)  Software Triggered Interrupt Reg
 484:HW_Lib/STM32H7/HAL_Lib/CMSIS/Core/Include/core_cm7.h ****         uint32_t RESERVED4[15U];
 485:HW_Lib/STM32H7/HAL_Lib/CMSIS/Core/Include/core_cm7.h ****   __IM  uint32_t MVFR0;                  /*!< Offset: 0x240 (R/ )  Media and VFP Feature Register 0
 486:HW_Lib/STM32H7/HAL_Lib/CMSIS/Core/Include/core_cm7.h ****   __IM  uint32_t MVFR1;                  /*!< Offset: 0x244 (R/ )  Media and VFP Feature Register 1
 487:HW_Lib/STM32H7/HAL_Lib/CMSIS/Core/Include/core_cm7.h ****   __IM  uint32_t MVFR2;                  /*!< Offset: 0x248 (R/ )  Media and VFP Feature Register 2
 488:HW_Lib/STM32H7/HAL_Lib/CMSIS/Core/Include/core_cm7.h ****         uint32_t RESERVED5[1U];
 489:HW_Lib/STM32H7/HAL_Lib/CMSIS/Core/Include/core_cm7.h ****   __OM  uint32_t ICIALLU;                /*!< Offset: 0x250 ( /W)  I-Cache Invalidate All to PoU */
 490:HW_Lib/STM32H7/HAL_Lib/CMSIS/Core/Include/core_cm7.h ****         uint32_t RESERVED6[1U];
 491:HW_Lib/STM32H7/HAL_Lib/CMSIS/Core/Include/core_cm7.h ****   __OM  uint32_t ICIMVAU;                /*!< Offset: 0x258 ( /W)  I-Cache Invalidate by MVA to PoU
 492:HW_Lib/STM32H7/HAL_Lib/CMSIS/Core/Include/core_cm7.h ****   __OM  uint32_t DCIMVAC;                /*!< Offset: 0x25C ( /W)  D-Cache Invalidate by MVA to PoC
 493:HW_Lib/STM32H7/HAL_Lib/CMSIS/Core/Include/core_cm7.h ****   __OM  uint32_t DCISW;                  /*!< Offset: 0x260 ( /W)  D-Cache Invalidate by Set-way */
 494:HW_Lib/STM32H7/HAL_Lib/CMSIS/Core/Include/core_cm7.h ****   __OM  uint32_t DCCMVAU;                /*!< Offset: 0x264 ( /W)  D-Cache Clean by MVA to PoU */
 495:HW_Lib/STM32H7/HAL_Lib/CMSIS/Core/Include/core_cm7.h ****   __OM  uint32_t DCCMVAC;                /*!< Offset: 0x268 ( /W)  D-Cache Clean by MVA to PoC */
 496:HW_Lib/STM32H7/HAL_Lib/CMSIS/Core/Include/core_cm7.h ****   __OM  uint32_t DCCSW;                  /*!< Offset: 0x26C ( /W)  D-Cache Clean by Set-way */
 497:HW_Lib/STM32H7/HAL_Lib/CMSIS/Core/Include/core_cm7.h ****   __OM  uint32_t DCCIMVAC;               /*!< Offset: 0x270 ( /W)  D-Cache Clean and Invalidate by 
 498:HW_Lib/STM32H7/HAL_Lib/CMSIS/Core/Include/core_cm7.h ****   __OM  uint32_t DCCISW;                 /*!< Offset: 0x274 ( /W)  D-Cache Clean and Invalidate by 
 499:HW_Lib/STM32H7/HAL_Lib/CMSIS/Core/Include/core_cm7.h ****         uint32_t RESERVED7[6U];
 500:HW_Lib/STM32H7/HAL_Lib/CMSIS/Core/Include/core_cm7.h ****   __IOM uint32_t ITCMCR;                 /*!< Offset: 0x290 (R/W)  Instruction Tightly-Coupled Memo
 501:HW_Lib/STM32H7/HAL_Lib/CMSIS/Core/Include/core_cm7.h ****   __IOM uint32_t DTCMCR;                 /*!< Offset: 0x294 (R/W)  Data Tightly-Coupled Memory Cont
 502:HW_Lib/STM32H7/HAL_Lib/CMSIS/Core/Include/core_cm7.h ****   __IOM uint32_t AHBPCR;                 /*!< Offset: 0x298 (R/W)  AHBP Control Register */
 503:HW_Lib/STM32H7/HAL_Lib/CMSIS/Core/Include/core_cm7.h ****   __IOM uint32_t CACR;                   /*!< Offset: 0x29C (R/W)  L1 Cache Control Register */
 504:HW_Lib/STM32H7/HAL_Lib/CMSIS/Core/Include/core_cm7.h ****   __IOM uint32_t AHBSCR;                 /*!< Offset: 0x2A0 (R/W)  AHB Slave Control Register */
 505:HW_Lib/STM32H7/HAL_Lib/CMSIS/Core/Include/core_cm7.h ****         uint32_t RESERVED8[1U];
 506:HW_Lib/STM32H7/HAL_Lib/CMSIS/Core/Include/core_cm7.h ****   __IOM uint32_t ABFSR;                  /*!< Offset: 0x2A8 (R/W)  Auxiliary Bus Fault Status Regis
 507:HW_Lib/STM32H7/HAL_Lib/CMSIS/Core/Include/core_cm7.h **** } SCB_Type;
 508:HW_Lib/STM32H7/HAL_Lib/CMSIS/Core/Include/core_cm7.h **** 
 509:HW_Lib/STM32H7/HAL_Lib/CMSIS/Core/Include/core_cm7.h **** /* SCB CPUID Register Definitions */
 510:HW_Lib/STM32H7/HAL_Lib/CMSIS/Core/Include/core_cm7.h **** #define SCB_CPUID_IMPLEMENTER_Pos          24U                                            /*!< SCB 
 511:HW_Lib/STM32H7/HAL_Lib/CMSIS/Core/Include/core_cm7.h **** #define SCB_CPUID_IMPLEMENTER_Msk          (0xFFUL << SCB_CPUID_IMPLEMENTER_Pos)          /*!< SCB 
 512:HW_Lib/STM32H7/HAL_Lib/CMSIS/Core/Include/core_cm7.h **** 
 513:HW_Lib/STM32H7/HAL_Lib/CMSIS/Core/Include/core_cm7.h **** #define SCB_CPUID_VARIANT_Pos              20U                                            /*!< SCB 
 514:HW_Lib/STM32H7/HAL_Lib/CMSIS/Core/Include/core_cm7.h **** #define SCB_CPUID_VARIANT_Msk              (0xFUL << SCB_CPUID_VARIANT_Pos)               /*!< SCB 
 515:HW_Lib/STM32H7/HAL_Lib/CMSIS/Core/Include/core_cm7.h **** 
 516:HW_Lib/STM32H7/HAL_Lib/CMSIS/Core/Include/core_cm7.h **** #define SCB_CPUID_ARCHITECTURE_Pos         16U                                            /*!< SCB 
 517:HW_Lib/STM32H7/HAL_Lib/CMSIS/Core/Include/core_cm7.h **** #define SCB_CPUID_ARCHITECTURE_Msk         (0xFUL << SCB_CPUID_ARCHITECTURE_Pos)          /*!< SCB 
 518:HW_Lib/STM32H7/HAL_Lib/CMSIS/Core/Include/core_cm7.h **** 
 519:HW_Lib/STM32H7/HAL_Lib/CMSIS/Core/Include/core_cm7.h **** #define SCB_CPUID_PARTNO_Pos                4U                                            /*!< SCB 
 520:HW_Lib/STM32H7/HAL_Lib/CMSIS/Core/Include/core_cm7.h **** #define SCB_CPUID_PARTNO_Msk               (0xFFFUL << SCB_CPUID_PARTNO_Pos)              /*!< SCB 
 521:HW_Lib/STM32H7/HAL_Lib/CMSIS/Core/Include/core_cm7.h **** 
 522:HW_Lib/STM32H7/HAL_Lib/CMSIS/Core/Include/core_cm7.h **** #define SCB_CPUID_REVISION_Pos              0U                                            /*!< SCB 
 523:HW_Lib/STM32H7/HAL_Lib/CMSIS/Core/Include/core_cm7.h **** #define SCB_CPUID_REVISION_Msk             (0xFUL /*<< SCB_CPUID_REVISION_Pos*/)          /*!< SCB 
 524:HW_Lib/STM32H7/HAL_Lib/CMSIS/Core/Include/core_cm7.h **** 
 525:HW_Lib/STM32H7/HAL_Lib/CMSIS/Core/Include/core_cm7.h **** /* SCB Interrupt Control State Register Definitions */
 526:HW_Lib/STM32H7/HAL_Lib/CMSIS/Core/Include/core_cm7.h **** #define SCB_ICSR_NMIPENDSET_Pos            31U                                            /*!< SCB 
 527:HW_Lib/STM32H7/HAL_Lib/CMSIS/Core/Include/core_cm7.h **** #define SCB_ICSR_NMIPENDSET_Msk            (1UL << SCB_ICSR_NMIPENDSET_Pos)               /*!< SCB 
 528:HW_Lib/STM32H7/HAL_Lib/CMSIS/Core/Include/core_cm7.h **** 
 529:HW_Lib/STM32H7/HAL_Lib/CMSIS/Core/Include/core_cm7.h **** #define SCB_ICSR_PENDSVSET_Pos             28U                                            /*!< SCB 
 530:HW_Lib/STM32H7/HAL_Lib/CMSIS/Core/Include/core_cm7.h **** #define SCB_ICSR_PENDSVSET_Msk             (1UL << SCB_ICSR_PENDSVSET_Pos)                /*!< SCB 
 531:HW_Lib/STM32H7/HAL_Lib/CMSIS/Core/Include/core_cm7.h **** 
 532:HW_Lib/STM32H7/HAL_Lib/CMSIS/Core/Include/core_cm7.h **** #define SCB_ICSR_PENDSVCLR_Pos             27U                                            /*!< SCB 
 533:HW_Lib/STM32H7/HAL_Lib/CMSIS/Core/Include/core_cm7.h **** #define SCB_ICSR_PENDSVCLR_Msk             (1UL << SCB_ICSR_PENDSVCLR_Pos)                /*!< SCB 
 534:HW_Lib/STM32H7/HAL_Lib/CMSIS/Core/Include/core_cm7.h **** 
 535:HW_Lib/STM32H7/HAL_Lib/CMSIS/Core/Include/core_cm7.h **** #define SCB_ICSR_PENDSTSET_Pos             26U                                            /*!< SCB 
 536:HW_Lib/STM32H7/HAL_Lib/CMSIS/Core/Include/core_cm7.h **** #define SCB_ICSR_PENDSTSET_Msk             (1UL << SCB_ICSR_PENDSTSET_Pos)                /*!< SCB 
 537:HW_Lib/STM32H7/HAL_Lib/CMSIS/Core/Include/core_cm7.h **** 
ARM GAS  C:\Users\HUAV\AppData\Local\Temp\cciXU3YP.s 			page 63


 538:HW_Lib/STM32H7/HAL_Lib/CMSIS/Core/Include/core_cm7.h **** #define SCB_ICSR_PENDSTCLR_Pos             25U                                            /*!< SCB 
 539:HW_Lib/STM32H7/HAL_Lib/CMSIS/Core/Include/core_cm7.h **** #define SCB_ICSR_PENDSTCLR_Msk             (1UL << SCB_ICSR_PENDSTCLR_Pos)                /*!< SCB 
 540:HW_Lib/STM32H7/HAL_Lib/CMSIS/Core/Include/core_cm7.h **** 
 541:HW_Lib/STM32H7/HAL_Lib/CMSIS/Core/Include/core_cm7.h **** #define SCB_ICSR_ISRPREEMPT_Pos            23U                                            /*!< SCB 
 542:HW_Lib/STM32H7/HAL_Lib/CMSIS/Core/Include/core_cm7.h **** #define SCB_ICSR_ISRPREEMPT_Msk            (1UL << SCB_ICSR_ISRPREEMPT_Pos)               /*!< SCB 
 543:HW_Lib/STM32H7/HAL_Lib/CMSIS/Core/Include/core_cm7.h **** 
 544:HW_Lib/STM32H7/HAL_Lib/CMSIS/Core/Include/core_cm7.h **** #define SCB_ICSR_ISRPENDING_Pos            22U                                            /*!< SCB 
 545:HW_Lib/STM32H7/HAL_Lib/CMSIS/Core/Include/core_cm7.h **** #define SCB_ICSR_ISRPENDING_Msk            (1UL << SCB_ICSR_ISRPENDING_Pos)               /*!< SCB 
 546:HW_Lib/STM32H7/HAL_Lib/CMSIS/Core/Include/core_cm7.h **** 
 547:HW_Lib/STM32H7/HAL_Lib/CMSIS/Core/Include/core_cm7.h **** #define SCB_ICSR_VECTPENDING_Pos           12U                                            /*!< SCB 
 548:HW_Lib/STM32H7/HAL_Lib/CMSIS/Core/Include/core_cm7.h **** #define SCB_ICSR_VECTPENDING_Msk           (0x1FFUL << SCB_ICSR_VECTPENDING_Pos)          /*!< SCB 
 549:HW_Lib/STM32H7/HAL_Lib/CMSIS/Core/Include/core_cm7.h **** 
 550:HW_Lib/STM32H7/HAL_Lib/CMSIS/Core/Include/core_cm7.h **** #define SCB_ICSR_RETTOBASE_Pos             11U                                            /*!< SCB 
 551:HW_Lib/STM32H7/HAL_Lib/CMSIS/Core/Include/core_cm7.h **** #define SCB_ICSR_RETTOBASE_Msk             (1UL << SCB_ICSR_RETTOBASE_Pos)                /*!< SCB 
 552:HW_Lib/STM32H7/HAL_Lib/CMSIS/Core/Include/core_cm7.h **** 
 553:HW_Lib/STM32H7/HAL_Lib/CMSIS/Core/Include/core_cm7.h **** #define SCB_ICSR_VECTACTIVE_Pos             0U                                            /*!< SCB 
 554:HW_Lib/STM32H7/HAL_Lib/CMSIS/Core/Include/core_cm7.h **** #define SCB_ICSR_VECTACTIVE_Msk            (0x1FFUL /*<< SCB_ICSR_VECTACTIVE_Pos*/)       /*!< SCB 
 555:HW_Lib/STM32H7/HAL_Lib/CMSIS/Core/Include/core_cm7.h **** 
 556:HW_Lib/STM32H7/HAL_Lib/CMSIS/Core/Include/core_cm7.h **** /* SCB Vector Table Offset Register Definitions */
 557:HW_Lib/STM32H7/HAL_Lib/CMSIS/Core/Include/core_cm7.h **** #define SCB_VTOR_TBLOFF_Pos                 7U                                            /*!< SCB 
 558:HW_Lib/STM32H7/HAL_Lib/CMSIS/Core/Include/core_cm7.h **** #define SCB_VTOR_TBLOFF_Msk                (0x1FFFFFFUL << SCB_VTOR_TBLOFF_Pos)           /*!< SCB 
 559:HW_Lib/STM32H7/HAL_Lib/CMSIS/Core/Include/core_cm7.h **** 
 560:HW_Lib/STM32H7/HAL_Lib/CMSIS/Core/Include/core_cm7.h **** /* SCB Application Interrupt and Reset Control Register Definitions */
 561:HW_Lib/STM32H7/HAL_Lib/CMSIS/Core/Include/core_cm7.h **** #define SCB_AIRCR_VECTKEY_Pos              16U                                            /*!< SCB 
 562:HW_Lib/STM32H7/HAL_Lib/CMSIS/Core/Include/core_cm7.h **** #define SCB_AIRCR_VECTKEY_Msk              (0xFFFFUL << SCB_AIRCR_VECTKEY_Pos)            /*!< SCB 
 563:HW_Lib/STM32H7/HAL_Lib/CMSIS/Core/Include/core_cm7.h **** 
 564:HW_Lib/STM32H7/HAL_Lib/CMSIS/Core/Include/core_cm7.h **** #define SCB_AIRCR_VECTKEYSTAT_Pos          16U                                            /*!< SCB 
 565:HW_Lib/STM32H7/HAL_Lib/CMSIS/Core/Include/core_cm7.h **** #define SCB_AIRCR_VECTKEYSTAT_Msk          (0xFFFFUL << SCB_AIRCR_VECTKEYSTAT_Pos)        /*!< SCB 
 566:HW_Lib/STM32H7/HAL_Lib/CMSIS/Core/Include/core_cm7.h **** 
 567:HW_Lib/STM32H7/HAL_Lib/CMSIS/Core/Include/core_cm7.h **** #define SCB_AIRCR_ENDIANESS_Pos            15U                                            /*!< SCB 
 568:HW_Lib/STM32H7/HAL_Lib/CMSIS/Core/Include/core_cm7.h **** #define SCB_AIRCR_ENDIANESS_Msk            (1UL << SCB_AIRCR_ENDIANESS_Pos)               /*!< SCB 
 569:HW_Lib/STM32H7/HAL_Lib/CMSIS/Core/Include/core_cm7.h **** 
 570:HW_Lib/STM32H7/HAL_Lib/CMSIS/Core/Include/core_cm7.h **** #define SCB_AIRCR_PRIGROUP_Pos              8U                                            /*!< SCB 
 571:HW_Lib/STM32H7/HAL_Lib/CMSIS/Core/Include/core_cm7.h **** #define SCB_AIRCR_PRIGROUP_Msk             (7UL << SCB_AIRCR_PRIGROUP_Pos)                /*!< SCB 
 572:HW_Lib/STM32H7/HAL_Lib/CMSIS/Core/Include/core_cm7.h **** 
 573:HW_Lib/STM32H7/HAL_Lib/CMSIS/Core/Include/core_cm7.h **** #define SCB_AIRCR_SYSRESETREQ_Pos           2U                                            /*!< SCB 
 574:HW_Lib/STM32H7/HAL_Lib/CMSIS/Core/Include/core_cm7.h **** #define SCB_AIRCR_SYSRESETREQ_Msk          (1UL << SCB_AIRCR_SYSRESETREQ_Pos)             /*!< SCB 
 575:HW_Lib/STM32H7/HAL_Lib/CMSIS/Core/Include/core_cm7.h **** 
 576:HW_Lib/STM32H7/HAL_Lib/CMSIS/Core/Include/core_cm7.h **** #define SCB_AIRCR_VECTCLRACTIVE_Pos         1U                                            /*!< SCB 
 577:HW_Lib/STM32H7/HAL_Lib/CMSIS/Core/Include/core_cm7.h **** #define SCB_AIRCR_VECTCLRACTIVE_Msk        (1UL << SCB_AIRCR_VECTCLRACTIVE_Pos)           /*!< SCB 
 578:HW_Lib/STM32H7/HAL_Lib/CMSIS/Core/Include/core_cm7.h **** 
 579:HW_Lib/STM32H7/HAL_Lib/CMSIS/Core/Include/core_cm7.h **** #define SCB_AIRCR_VECTRESET_Pos             0U                                            /*!< SCB 
 580:HW_Lib/STM32H7/HAL_Lib/CMSIS/Core/Include/core_cm7.h **** #define SCB_AIRCR_VECTRESET_Msk            (1UL /*<< SCB_AIRCR_VECTRESET_Pos*/)           /*!< SCB 
 581:HW_Lib/STM32H7/HAL_Lib/CMSIS/Core/Include/core_cm7.h **** 
 582:HW_Lib/STM32H7/HAL_Lib/CMSIS/Core/Include/core_cm7.h **** /* SCB System Control Register Definitions */
 583:HW_Lib/STM32H7/HAL_Lib/CMSIS/Core/Include/core_cm7.h **** #define SCB_SCR_SEVONPEND_Pos               4U                                            /*!< SCB 
 584:HW_Lib/STM32H7/HAL_Lib/CMSIS/Core/Include/core_cm7.h **** #define SCB_SCR_SEVONPEND_Msk              (1UL << SCB_SCR_SEVONPEND_Pos)                 /*!< SCB 
 585:HW_Lib/STM32H7/HAL_Lib/CMSIS/Core/Include/core_cm7.h **** 
 586:HW_Lib/STM32H7/HAL_Lib/CMSIS/Core/Include/core_cm7.h **** #define SCB_SCR_SLEEPDEEP_Pos               2U                                            /*!< SCB 
 587:HW_Lib/STM32H7/HAL_Lib/CMSIS/Core/Include/core_cm7.h **** #define SCB_SCR_SLEEPDEEP_Msk              (1UL << SCB_SCR_SLEEPDEEP_Pos)                 /*!< SCB 
 588:HW_Lib/STM32H7/HAL_Lib/CMSIS/Core/Include/core_cm7.h **** 
 589:HW_Lib/STM32H7/HAL_Lib/CMSIS/Core/Include/core_cm7.h **** #define SCB_SCR_SLEEPONEXIT_Pos             1U                                            /*!< SCB 
 590:HW_Lib/STM32H7/HAL_Lib/CMSIS/Core/Include/core_cm7.h **** #define SCB_SCR_SLEEPONEXIT_Msk            (1UL << SCB_SCR_SLEEPONEXIT_Pos)               /*!< SCB 
 591:HW_Lib/STM32H7/HAL_Lib/CMSIS/Core/Include/core_cm7.h **** 
 592:HW_Lib/STM32H7/HAL_Lib/CMSIS/Core/Include/core_cm7.h **** /* SCB Configuration Control Register Definitions */
 593:HW_Lib/STM32H7/HAL_Lib/CMSIS/Core/Include/core_cm7.h **** #define SCB_CCR_BP_Pos                      18U                                           /*!< SCB 
 594:HW_Lib/STM32H7/HAL_Lib/CMSIS/Core/Include/core_cm7.h **** #define SCB_CCR_BP_Msk                     (1UL << SCB_CCR_BP_Pos)                        /*!< SCB 
ARM GAS  C:\Users\HUAV\AppData\Local\Temp\cciXU3YP.s 			page 64


 595:HW_Lib/STM32H7/HAL_Lib/CMSIS/Core/Include/core_cm7.h **** 
 596:HW_Lib/STM32H7/HAL_Lib/CMSIS/Core/Include/core_cm7.h **** #define SCB_CCR_IC_Pos                      17U                                           /*!< SCB 
 597:HW_Lib/STM32H7/HAL_Lib/CMSIS/Core/Include/core_cm7.h **** #define SCB_CCR_IC_Msk                     (1UL << SCB_CCR_IC_Pos)                        /*!< SCB 
 598:HW_Lib/STM32H7/HAL_Lib/CMSIS/Core/Include/core_cm7.h **** 
 599:HW_Lib/STM32H7/HAL_Lib/CMSIS/Core/Include/core_cm7.h **** #define SCB_CCR_DC_Pos                      16U                                           /*!< SCB 
 600:HW_Lib/STM32H7/HAL_Lib/CMSIS/Core/Include/core_cm7.h **** #define SCB_CCR_DC_Msk                     (1UL << SCB_CCR_DC_Pos)                        /*!< SCB 
 601:HW_Lib/STM32H7/HAL_Lib/CMSIS/Core/Include/core_cm7.h **** 
 602:HW_Lib/STM32H7/HAL_Lib/CMSIS/Core/Include/core_cm7.h **** #define SCB_CCR_STKALIGN_Pos                9U                                            /*!< SCB 
 603:HW_Lib/STM32H7/HAL_Lib/CMSIS/Core/Include/core_cm7.h **** #define SCB_CCR_STKALIGN_Msk               (1UL << SCB_CCR_STKALIGN_Pos)                  /*!< SCB 
 604:HW_Lib/STM32H7/HAL_Lib/CMSIS/Core/Include/core_cm7.h **** 
 605:HW_Lib/STM32H7/HAL_Lib/CMSIS/Core/Include/core_cm7.h **** #define SCB_CCR_BFHFNMIGN_Pos               8U                                            /*!< SCB 
 606:HW_Lib/STM32H7/HAL_Lib/CMSIS/Core/Include/core_cm7.h **** #define SCB_CCR_BFHFNMIGN_Msk              (1UL << SCB_CCR_BFHFNMIGN_Pos)                 /*!< SCB 
 607:HW_Lib/STM32H7/HAL_Lib/CMSIS/Core/Include/core_cm7.h **** 
 608:HW_Lib/STM32H7/HAL_Lib/CMSIS/Core/Include/core_cm7.h **** #define SCB_CCR_DIV_0_TRP_Pos               4U                                            /*!< SCB 
 609:HW_Lib/STM32H7/HAL_Lib/CMSIS/Core/Include/core_cm7.h **** #define SCB_CCR_DIV_0_TRP_Msk              (1UL << SCB_CCR_DIV_0_TRP_Pos)                 /*!< SCB 
 610:HW_Lib/STM32H7/HAL_Lib/CMSIS/Core/Include/core_cm7.h **** 
 611:HW_Lib/STM32H7/HAL_Lib/CMSIS/Core/Include/core_cm7.h **** #define SCB_CCR_UNALIGN_TRP_Pos             3U                                            /*!< SCB 
 612:HW_Lib/STM32H7/HAL_Lib/CMSIS/Core/Include/core_cm7.h **** #define SCB_CCR_UNALIGN_TRP_Msk            (1UL << SCB_CCR_UNALIGN_TRP_Pos)               /*!< SCB 
 613:HW_Lib/STM32H7/HAL_Lib/CMSIS/Core/Include/core_cm7.h **** 
 614:HW_Lib/STM32H7/HAL_Lib/CMSIS/Core/Include/core_cm7.h **** #define SCB_CCR_USERSETMPEND_Pos            1U                                            /*!< SCB 
 615:HW_Lib/STM32H7/HAL_Lib/CMSIS/Core/Include/core_cm7.h **** #define SCB_CCR_USERSETMPEND_Msk           (1UL << SCB_CCR_USERSETMPEND_Pos)              /*!< SCB 
 616:HW_Lib/STM32H7/HAL_Lib/CMSIS/Core/Include/core_cm7.h **** 
 617:HW_Lib/STM32H7/HAL_Lib/CMSIS/Core/Include/core_cm7.h **** #define SCB_CCR_NONBASETHRDENA_Pos          0U                                            /*!< SCB 
 618:HW_Lib/STM32H7/HAL_Lib/CMSIS/Core/Include/core_cm7.h **** #define SCB_CCR_NONBASETHRDENA_Msk         (1UL /*<< SCB_CCR_NONBASETHRDENA_Pos*/)        /*!< SCB 
 619:HW_Lib/STM32H7/HAL_Lib/CMSIS/Core/Include/core_cm7.h **** 
 620:HW_Lib/STM32H7/HAL_Lib/CMSIS/Core/Include/core_cm7.h **** /* SCB System Handler Control and State Register Definitions */
 621:HW_Lib/STM32H7/HAL_Lib/CMSIS/Core/Include/core_cm7.h **** #define SCB_SHCSR_USGFAULTENA_Pos          18U                                            /*!< SCB 
 622:HW_Lib/STM32H7/HAL_Lib/CMSIS/Core/Include/core_cm7.h **** #define SCB_SHCSR_USGFAULTENA_Msk          (1UL << SCB_SHCSR_USGFAULTENA_Pos)             /*!< SCB 
 623:HW_Lib/STM32H7/HAL_Lib/CMSIS/Core/Include/core_cm7.h **** 
 624:HW_Lib/STM32H7/HAL_Lib/CMSIS/Core/Include/core_cm7.h **** #define SCB_SHCSR_BUSFAULTENA_Pos          17U                                            /*!< SCB 
 625:HW_Lib/STM32H7/HAL_Lib/CMSIS/Core/Include/core_cm7.h **** #define SCB_SHCSR_BUSFAULTENA_Msk          (1UL << SCB_SHCSR_BUSFAULTENA_Pos)             /*!< SCB 
 626:HW_Lib/STM32H7/HAL_Lib/CMSIS/Core/Include/core_cm7.h **** 
 627:HW_Lib/STM32H7/HAL_Lib/CMSIS/Core/Include/core_cm7.h **** #define SCB_SHCSR_MEMFAULTENA_Pos          16U                                            /*!< SCB 
 628:HW_Lib/STM32H7/HAL_Lib/CMSIS/Core/Include/core_cm7.h **** #define SCB_SHCSR_MEMFAULTENA_Msk          (1UL << SCB_SHCSR_MEMFAULTENA_Pos)             /*!< SCB 
 629:HW_Lib/STM32H7/HAL_Lib/CMSIS/Core/Include/core_cm7.h **** 
 630:HW_Lib/STM32H7/HAL_Lib/CMSIS/Core/Include/core_cm7.h **** #define SCB_SHCSR_SVCALLPENDED_Pos         15U                                            /*!< SCB 
 631:HW_Lib/STM32H7/HAL_Lib/CMSIS/Core/Include/core_cm7.h **** #define SCB_SHCSR_SVCALLPENDED_Msk         (1UL << SCB_SHCSR_SVCALLPENDED_Pos)            /*!< SCB 
 632:HW_Lib/STM32H7/HAL_Lib/CMSIS/Core/Include/core_cm7.h **** 
 633:HW_Lib/STM32H7/HAL_Lib/CMSIS/Core/Include/core_cm7.h **** #define SCB_SHCSR_BUSFAULTPENDED_Pos       14U                                            /*!< SCB 
 634:HW_Lib/STM32H7/HAL_Lib/CMSIS/Core/Include/core_cm7.h **** #define SCB_SHCSR_BUSFAULTPENDED_Msk       (1UL << SCB_SHCSR_BUSFAULTPENDED_Pos)          /*!< SCB 
 635:HW_Lib/STM32H7/HAL_Lib/CMSIS/Core/Include/core_cm7.h **** 
 636:HW_Lib/STM32H7/HAL_Lib/CMSIS/Core/Include/core_cm7.h **** #define SCB_SHCSR_MEMFAULTPENDED_Pos       13U                                            /*!< SCB 
 637:HW_Lib/STM32H7/HAL_Lib/CMSIS/Core/Include/core_cm7.h **** #define SCB_SHCSR_MEMFAULTPENDED_Msk       (1UL << SCB_SHCSR_MEMFAULTPENDED_Pos)          /*!< SCB 
 638:HW_Lib/STM32H7/HAL_Lib/CMSIS/Core/Include/core_cm7.h **** 
 639:HW_Lib/STM32H7/HAL_Lib/CMSIS/Core/Include/core_cm7.h **** #define SCB_SHCSR_USGFAULTPENDED_Pos       12U                                            /*!< SCB 
 640:HW_Lib/STM32H7/HAL_Lib/CMSIS/Core/Include/core_cm7.h **** #define SCB_SHCSR_USGFAULTPENDED_Msk       (1UL << SCB_SHCSR_USGFAULTPENDED_Pos)          /*!< SCB 
 641:HW_Lib/STM32H7/HAL_Lib/CMSIS/Core/Include/core_cm7.h **** 
 642:HW_Lib/STM32H7/HAL_Lib/CMSIS/Core/Include/core_cm7.h **** #define SCB_SHCSR_SYSTICKACT_Pos           11U                                            /*!< SCB 
 643:HW_Lib/STM32H7/HAL_Lib/CMSIS/Core/Include/core_cm7.h **** #define SCB_SHCSR_SYSTICKACT_Msk           (1UL << SCB_SHCSR_SYSTICKACT_Pos)              /*!< SCB 
 644:HW_Lib/STM32H7/HAL_Lib/CMSIS/Core/Include/core_cm7.h **** 
 645:HW_Lib/STM32H7/HAL_Lib/CMSIS/Core/Include/core_cm7.h **** #define SCB_SHCSR_PENDSVACT_Pos            10U                                            /*!< SCB 
 646:HW_Lib/STM32H7/HAL_Lib/CMSIS/Core/Include/core_cm7.h **** #define SCB_SHCSR_PENDSVACT_Msk            (1UL << SCB_SHCSR_PENDSVACT_Pos)               /*!< SCB 
 647:HW_Lib/STM32H7/HAL_Lib/CMSIS/Core/Include/core_cm7.h **** 
 648:HW_Lib/STM32H7/HAL_Lib/CMSIS/Core/Include/core_cm7.h **** #define SCB_SHCSR_MONITORACT_Pos            8U                                            /*!< SCB 
 649:HW_Lib/STM32H7/HAL_Lib/CMSIS/Core/Include/core_cm7.h **** #define SCB_SHCSR_MONITORACT_Msk           (1UL << SCB_SHCSR_MONITORACT_Pos)              /*!< SCB 
 650:HW_Lib/STM32H7/HAL_Lib/CMSIS/Core/Include/core_cm7.h **** 
 651:HW_Lib/STM32H7/HAL_Lib/CMSIS/Core/Include/core_cm7.h **** #define SCB_SHCSR_SVCALLACT_Pos             7U                                            /*!< SCB 
ARM GAS  C:\Users\HUAV\AppData\Local\Temp\cciXU3YP.s 			page 65


 652:HW_Lib/STM32H7/HAL_Lib/CMSIS/Core/Include/core_cm7.h **** #define SCB_SHCSR_SVCALLACT_Msk            (1UL << SCB_SHCSR_SVCALLACT_Pos)               /*!< SCB 
 653:HW_Lib/STM32H7/HAL_Lib/CMSIS/Core/Include/core_cm7.h **** 
 654:HW_Lib/STM32H7/HAL_Lib/CMSIS/Core/Include/core_cm7.h **** #define SCB_SHCSR_USGFAULTACT_Pos           3U                                            /*!< SCB 
 655:HW_Lib/STM32H7/HAL_Lib/CMSIS/Core/Include/core_cm7.h **** #define SCB_SHCSR_USGFAULTACT_Msk          (1UL << SCB_SHCSR_USGFAULTACT_Pos)             /*!< SCB 
 656:HW_Lib/STM32H7/HAL_Lib/CMSIS/Core/Include/core_cm7.h **** 
 657:HW_Lib/STM32H7/HAL_Lib/CMSIS/Core/Include/core_cm7.h **** #define SCB_SHCSR_BUSFAULTACT_Pos           1U                                            /*!< SCB 
 658:HW_Lib/STM32H7/HAL_Lib/CMSIS/Core/Include/core_cm7.h **** #define SCB_SHCSR_BUSFAULTACT_Msk          (1UL << SCB_SHCSR_BUSFAULTACT_Pos)             /*!< SCB 
 659:HW_Lib/STM32H7/HAL_Lib/CMSIS/Core/Include/core_cm7.h **** 
 660:HW_Lib/STM32H7/HAL_Lib/CMSIS/Core/Include/core_cm7.h **** #define SCB_SHCSR_MEMFAULTACT_Pos           0U                                            /*!< SCB 
 661:HW_Lib/STM32H7/HAL_Lib/CMSIS/Core/Include/core_cm7.h **** #define SCB_SHCSR_MEMFAULTACT_Msk          (1UL /*<< SCB_SHCSR_MEMFAULTACT_Pos*/)         /*!< SCB 
 662:HW_Lib/STM32H7/HAL_Lib/CMSIS/Core/Include/core_cm7.h **** 
 663:HW_Lib/STM32H7/HAL_Lib/CMSIS/Core/Include/core_cm7.h **** /* SCB Configurable Fault Status Register Definitions */
 664:HW_Lib/STM32H7/HAL_Lib/CMSIS/Core/Include/core_cm7.h **** #define SCB_CFSR_USGFAULTSR_Pos            16U                                            /*!< SCB 
 665:HW_Lib/STM32H7/HAL_Lib/CMSIS/Core/Include/core_cm7.h **** #define SCB_CFSR_USGFAULTSR_Msk            (0xFFFFUL << SCB_CFSR_USGFAULTSR_Pos)          /*!< SCB 
 666:HW_Lib/STM32H7/HAL_Lib/CMSIS/Core/Include/core_cm7.h **** 
 667:HW_Lib/STM32H7/HAL_Lib/CMSIS/Core/Include/core_cm7.h **** #define SCB_CFSR_BUSFAULTSR_Pos             8U                                            /*!< SCB 
 668:HW_Lib/STM32H7/HAL_Lib/CMSIS/Core/Include/core_cm7.h **** #define SCB_CFSR_BUSFAULTSR_Msk            (0xFFUL << SCB_CFSR_BUSFAULTSR_Pos)            /*!< SCB 
 669:HW_Lib/STM32H7/HAL_Lib/CMSIS/Core/Include/core_cm7.h **** 
 670:HW_Lib/STM32H7/HAL_Lib/CMSIS/Core/Include/core_cm7.h **** #define SCB_CFSR_MEMFAULTSR_Pos             0U                                            /*!< SCB 
 671:HW_Lib/STM32H7/HAL_Lib/CMSIS/Core/Include/core_cm7.h **** #define SCB_CFSR_MEMFAULTSR_Msk            (0xFFUL /*<< SCB_CFSR_MEMFAULTSR_Pos*/)        /*!< SCB 
 672:HW_Lib/STM32H7/HAL_Lib/CMSIS/Core/Include/core_cm7.h **** 
 673:HW_Lib/STM32H7/HAL_Lib/CMSIS/Core/Include/core_cm7.h **** /* MemManage Fault Status Register (part of SCB Configurable Fault Status Register) */
 674:HW_Lib/STM32H7/HAL_Lib/CMSIS/Core/Include/core_cm7.h **** #define SCB_CFSR_MMARVALID_Pos             (SCB_SHCSR_MEMFAULTACT_Pos + 7U)               /*!< SCB 
 675:HW_Lib/STM32H7/HAL_Lib/CMSIS/Core/Include/core_cm7.h **** #define SCB_CFSR_MMARVALID_Msk             (1UL << SCB_CFSR_MMARVALID_Pos)                /*!< SCB 
 676:HW_Lib/STM32H7/HAL_Lib/CMSIS/Core/Include/core_cm7.h **** 
 677:HW_Lib/STM32H7/HAL_Lib/CMSIS/Core/Include/core_cm7.h **** #define SCB_CFSR_MLSPERR_Pos               (SCB_SHCSR_MEMFAULTACT_Pos + 5U)               /*!< SCB 
 678:HW_Lib/STM32H7/HAL_Lib/CMSIS/Core/Include/core_cm7.h **** #define SCB_CFSR_MLSPERR_Msk               (1UL << SCB_CFSR_MLSPERR_Pos)                  /*!< SCB 
 679:HW_Lib/STM32H7/HAL_Lib/CMSIS/Core/Include/core_cm7.h **** 
 680:HW_Lib/STM32H7/HAL_Lib/CMSIS/Core/Include/core_cm7.h **** #define SCB_CFSR_MSTKERR_Pos               (SCB_SHCSR_MEMFAULTACT_Pos + 4U)               /*!< SCB 
 681:HW_Lib/STM32H7/HAL_Lib/CMSIS/Core/Include/core_cm7.h **** #define SCB_CFSR_MSTKERR_Msk               (1UL << SCB_CFSR_MSTKERR_Pos)                  /*!< SCB 
 682:HW_Lib/STM32H7/HAL_Lib/CMSIS/Core/Include/core_cm7.h **** 
 683:HW_Lib/STM32H7/HAL_Lib/CMSIS/Core/Include/core_cm7.h **** #define SCB_CFSR_MUNSTKERR_Pos             (SCB_SHCSR_MEMFAULTACT_Pos + 3U)               /*!< SCB 
 684:HW_Lib/STM32H7/HAL_Lib/CMSIS/Core/Include/core_cm7.h **** #define SCB_CFSR_MUNSTKERR_Msk             (1UL << SCB_CFSR_MUNSTKERR_Pos)                /*!< SCB 
 685:HW_Lib/STM32H7/HAL_Lib/CMSIS/Core/Include/core_cm7.h **** 
 686:HW_Lib/STM32H7/HAL_Lib/CMSIS/Core/Include/core_cm7.h **** #define SCB_CFSR_DACCVIOL_Pos              (SCB_SHCSR_MEMFAULTACT_Pos + 1U)               /*!< SCB 
 687:HW_Lib/STM32H7/HAL_Lib/CMSIS/Core/Include/core_cm7.h **** #define SCB_CFSR_DACCVIOL_Msk              (1UL << SCB_CFSR_DACCVIOL_Pos)                 /*!< SCB 
 688:HW_Lib/STM32H7/HAL_Lib/CMSIS/Core/Include/core_cm7.h **** 
 689:HW_Lib/STM32H7/HAL_Lib/CMSIS/Core/Include/core_cm7.h **** #define SCB_CFSR_IACCVIOL_Pos              (SCB_SHCSR_MEMFAULTACT_Pos + 0U)               /*!< SCB 
 690:HW_Lib/STM32H7/HAL_Lib/CMSIS/Core/Include/core_cm7.h **** #define SCB_CFSR_IACCVIOL_Msk              (1UL /*<< SCB_CFSR_IACCVIOL_Pos*/)             /*!< SCB 
 691:HW_Lib/STM32H7/HAL_Lib/CMSIS/Core/Include/core_cm7.h **** 
 692:HW_Lib/STM32H7/HAL_Lib/CMSIS/Core/Include/core_cm7.h **** /* BusFault Status Register (part of SCB Configurable Fault Status Register) */
 693:HW_Lib/STM32H7/HAL_Lib/CMSIS/Core/Include/core_cm7.h **** #define SCB_CFSR_BFARVALID_Pos            (SCB_CFSR_BUSFAULTSR_Pos + 7U)                  /*!< SCB 
 694:HW_Lib/STM32H7/HAL_Lib/CMSIS/Core/Include/core_cm7.h **** #define SCB_CFSR_BFARVALID_Msk            (1UL << SCB_CFSR_BFARVALID_Pos)                 /*!< SCB 
 695:HW_Lib/STM32H7/HAL_Lib/CMSIS/Core/Include/core_cm7.h **** 
 696:HW_Lib/STM32H7/HAL_Lib/CMSIS/Core/Include/core_cm7.h **** #define SCB_CFSR_LSPERR_Pos               (SCB_CFSR_BUSFAULTSR_Pos + 5U)                  /*!< SCB 
 697:HW_Lib/STM32H7/HAL_Lib/CMSIS/Core/Include/core_cm7.h **** #define SCB_CFSR_LSPERR_Msk               (1UL << SCB_CFSR_LSPERR_Pos)                    /*!< SCB 
 698:HW_Lib/STM32H7/HAL_Lib/CMSIS/Core/Include/core_cm7.h **** 
 699:HW_Lib/STM32H7/HAL_Lib/CMSIS/Core/Include/core_cm7.h **** #define SCB_CFSR_STKERR_Pos               (SCB_CFSR_BUSFAULTSR_Pos + 4U)                  /*!< SCB 
 700:HW_Lib/STM32H7/HAL_Lib/CMSIS/Core/Include/core_cm7.h **** #define SCB_CFSR_STKERR_Msk               (1UL << SCB_CFSR_STKERR_Pos)                    /*!< SCB 
 701:HW_Lib/STM32H7/HAL_Lib/CMSIS/Core/Include/core_cm7.h **** 
 702:HW_Lib/STM32H7/HAL_Lib/CMSIS/Core/Include/core_cm7.h **** #define SCB_CFSR_UNSTKERR_Pos             (SCB_CFSR_BUSFAULTSR_Pos + 3U)                  /*!< SCB 
 703:HW_Lib/STM32H7/HAL_Lib/CMSIS/Core/Include/core_cm7.h **** #define SCB_CFSR_UNSTKERR_Msk             (1UL << SCB_CFSR_UNSTKERR_Pos)                  /*!< SCB 
 704:HW_Lib/STM32H7/HAL_Lib/CMSIS/Core/Include/core_cm7.h **** 
 705:HW_Lib/STM32H7/HAL_Lib/CMSIS/Core/Include/core_cm7.h **** #define SCB_CFSR_IMPRECISERR_Pos          (SCB_CFSR_BUSFAULTSR_Pos + 2U)                  /*!< SCB 
 706:HW_Lib/STM32H7/HAL_Lib/CMSIS/Core/Include/core_cm7.h **** #define SCB_CFSR_IMPRECISERR_Msk          (1UL << SCB_CFSR_IMPRECISERR_Pos)               /*!< SCB 
 707:HW_Lib/STM32H7/HAL_Lib/CMSIS/Core/Include/core_cm7.h **** 
 708:HW_Lib/STM32H7/HAL_Lib/CMSIS/Core/Include/core_cm7.h **** #define SCB_CFSR_PRECISERR_Pos            (SCB_CFSR_BUSFAULTSR_Pos + 1U)                  /*!< SCB 
ARM GAS  C:\Users\HUAV\AppData\Local\Temp\cciXU3YP.s 			page 66


 709:HW_Lib/STM32H7/HAL_Lib/CMSIS/Core/Include/core_cm7.h **** #define SCB_CFSR_PRECISERR_Msk            (1UL << SCB_CFSR_PRECISERR_Pos)                 /*!< SCB 
 710:HW_Lib/STM32H7/HAL_Lib/CMSIS/Core/Include/core_cm7.h **** 
 711:HW_Lib/STM32H7/HAL_Lib/CMSIS/Core/Include/core_cm7.h **** #define SCB_CFSR_IBUSERR_Pos              (SCB_CFSR_BUSFAULTSR_Pos + 0U)                  /*!< SCB 
 712:HW_Lib/STM32H7/HAL_Lib/CMSIS/Core/Include/core_cm7.h **** #define SCB_CFSR_IBUSERR_Msk              (1UL << SCB_CFSR_IBUSERR_Pos)                   /*!< SCB 
 713:HW_Lib/STM32H7/HAL_Lib/CMSIS/Core/Include/core_cm7.h **** 
 714:HW_Lib/STM32H7/HAL_Lib/CMSIS/Core/Include/core_cm7.h **** /* UsageFault Status Register (part of SCB Configurable Fault Status Register) */
 715:HW_Lib/STM32H7/HAL_Lib/CMSIS/Core/Include/core_cm7.h **** #define SCB_CFSR_DIVBYZERO_Pos            (SCB_CFSR_USGFAULTSR_Pos + 9U)                  /*!< SCB 
 716:HW_Lib/STM32H7/HAL_Lib/CMSIS/Core/Include/core_cm7.h **** #define SCB_CFSR_DIVBYZERO_Msk            (1UL << SCB_CFSR_DIVBYZERO_Pos)                 /*!< SCB 
 717:HW_Lib/STM32H7/HAL_Lib/CMSIS/Core/Include/core_cm7.h **** 
 718:HW_Lib/STM32H7/HAL_Lib/CMSIS/Core/Include/core_cm7.h **** #define SCB_CFSR_UNALIGNED_Pos            (SCB_CFSR_USGFAULTSR_Pos + 8U)                  /*!< SCB 
 719:HW_Lib/STM32H7/HAL_Lib/CMSIS/Core/Include/core_cm7.h **** #define SCB_CFSR_UNALIGNED_Msk            (1UL << SCB_CFSR_UNALIGNED_Pos)                 /*!< SCB 
 720:HW_Lib/STM32H7/HAL_Lib/CMSIS/Core/Include/core_cm7.h **** 
 721:HW_Lib/STM32H7/HAL_Lib/CMSIS/Core/Include/core_cm7.h **** #define SCB_CFSR_NOCP_Pos                 (SCB_CFSR_USGFAULTSR_Pos + 3U)                  /*!< SCB 
 722:HW_Lib/STM32H7/HAL_Lib/CMSIS/Core/Include/core_cm7.h **** #define SCB_CFSR_NOCP_Msk                 (1UL << SCB_CFSR_NOCP_Pos)                      /*!< SCB 
 723:HW_Lib/STM32H7/HAL_Lib/CMSIS/Core/Include/core_cm7.h **** 
 724:HW_Lib/STM32H7/HAL_Lib/CMSIS/Core/Include/core_cm7.h **** #define SCB_CFSR_INVPC_Pos                (SCB_CFSR_USGFAULTSR_Pos + 2U)                  /*!< SCB 
 725:HW_Lib/STM32H7/HAL_Lib/CMSIS/Core/Include/core_cm7.h **** #define SCB_CFSR_INVPC_Msk                (1UL << SCB_CFSR_INVPC_Pos)                     /*!< SCB 
 726:HW_Lib/STM32H7/HAL_Lib/CMSIS/Core/Include/core_cm7.h **** 
 727:HW_Lib/STM32H7/HAL_Lib/CMSIS/Core/Include/core_cm7.h **** #define SCB_CFSR_INVSTATE_Pos             (SCB_CFSR_USGFAULTSR_Pos + 1U)                  /*!< SCB 
 728:HW_Lib/STM32H7/HAL_Lib/CMSIS/Core/Include/core_cm7.h **** #define SCB_CFSR_INVSTATE_Msk             (1UL << SCB_CFSR_INVSTATE_Pos)                  /*!< SCB 
 729:HW_Lib/STM32H7/HAL_Lib/CMSIS/Core/Include/core_cm7.h **** 
 730:HW_Lib/STM32H7/HAL_Lib/CMSIS/Core/Include/core_cm7.h **** #define SCB_CFSR_UNDEFINSTR_Pos           (SCB_CFSR_USGFAULTSR_Pos + 0U)                  /*!< SCB 
 731:HW_Lib/STM32H7/HAL_Lib/CMSIS/Core/Include/core_cm7.h **** #define SCB_CFSR_UNDEFINSTR_Msk           (1UL << SCB_CFSR_UNDEFINSTR_Pos)                /*!< SCB 
 732:HW_Lib/STM32H7/HAL_Lib/CMSIS/Core/Include/core_cm7.h **** 
 733:HW_Lib/STM32H7/HAL_Lib/CMSIS/Core/Include/core_cm7.h **** /* SCB Hard Fault Status Register Definitions */
 734:HW_Lib/STM32H7/HAL_Lib/CMSIS/Core/Include/core_cm7.h **** #define SCB_HFSR_DEBUGEVT_Pos              31U                                            /*!< SCB 
 735:HW_Lib/STM32H7/HAL_Lib/CMSIS/Core/Include/core_cm7.h **** #define SCB_HFSR_DEBUGEVT_Msk              (1UL << SCB_HFSR_DEBUGEVT_Pos)                 /*!< SCB 
 736:HW_Lib/STM32H7/HAL_Lib/CMSIS/Core/Include/core_cm7.h **** 
 737:HW_Lib/STM32H7/HAL_Lib/CMSIS/Core/Include/core_cm7.h **** #define SCB_HFSR_FORCED_Pos                30U                                            /*!< SCB 
 738:HW_Lib/STM32H7/HAL_Lib/CMSIS/Core/Include/core_cm7.h **** #define SCB_HFSR_FORCED_Msk                (1UL << SCB_HFSR_FORCED_Pos)                   /*!< SCB 
 739:HW_Lib/STM32H7/HAL_Lib/CMSIS/Core/Include/core_cm7.h **** 
 740:HW_Lib/STM32H7/HAL_Lib/CMSIS/Core/Include/core_cm7.h **** #define SCB_HFSR_VECTTBL_Pos                1U                                            /*!< SCB 
 741:HW_Lib/STM32H7/HAL_Lib/CMSIS/Core/Include/core_cm7.h **** #define SCB_HFSR_VECTTBL_Msk               (1UL << SCB_HFSR_VECTTBL_Pos)                  /*!< SCB 
 742:HW_Lib/STM32H7/HAL_Lib/CMSIS/Core/Include/core_cm7.h **** 
 743:HW_Lib/STM32H7/HAL_Lib/CMSIS/Core/Include/core_cm7.h **** /* SCB Debug Fault Status Register Definitions */
 744:HW_Lib/STM32H7/HAL_Lib/CMSIS/Core/Include/core_cm7.h **** #define SCB_DFSR_EXTERNAL_Pos               4U                                            /*!< SCB 
 745:HW_Lib/STM32H7/HAL_Lib/CMSIS/Core/Include/core_cm7.h **** #define SCB_DFSR_EXTERNAL_Msk              (1UL << SCB_DFSR_EXTERNAL_Pos)                 /*!< SCB 
 746:HW_Lib/STM32H7/HAL_Lib/CMSIS/Core/Include/core_cm7.h **** 
 747:HW_Lib/STM32H7/HAL_Lib/CMSIS/Core/Include/core_cm7.h **** #define SCB_DFSR_VCATCH_Pos                 3U                                            /*!< SCB 
 748:HW_Lib/STM32H7/HAL_Lib/CMSIS/Core/Include/core_cm7.h **** #define SCB_DFSR_VCATCH_Msk                (1UL << SCB_DFSR_VCATCH_Pos)                   /*!< SCB 
 749:HW_Lib/STM32H7/HAL_Lib/CMSIS/Core/Include/core_cm7.h **** 
 750:HW_Lib/STM32H7/HAL_Lib/CMSIS/Core/Include/core_cm7.h **** #define SCB_DFSR_DWTTRAP_Pos                2U                                            /*!< SCB 
 751:HW_Lib/STM32H7/HAL_Lib/CMSIS/Core/Include/core_cm7.h **** #define SCB_DFSR_DWTTRAP_Msk               (1UL << SCB_DFSR_DWTTRAP_Pos)                  /*!< SCB 
 752:HW_Lib/STM32H7/HAL_Lib/CMSIS/Core/Include/core_cm7.h **** 
 753:HW_Lib/STM32H7/HAL_Lib/CMSIS/Core/Include/core_cm7.h **** #define SCB_DFSR_BKPT_Pos                   1U                                            /*!< SCB 
 754:HW_Lib/STM32H7/HAL_Lib/CMSIS/Core/Include/core_cm7.h **** #define SCB_DFSR_BKPT_Msk                  (1UL << SCB_DFSR_BKPT_Pos)                     /*!< SCB 
 755:HW_Lib/STM32H7/HAL_Lib/CMSIS/Core/Include/core_cm7.h **** 
 756:HW_Lib/STM32H7/HAL_Lib/CMSIS/Core/Include/core_cm7.h **** #define SCB_DFSR_HALTED_Pos                 0U                                            /*!< SCB 
 757:HW_Lib/STM32H7/HAL_Lib/CMSIS/Core/Include/core_cm7.h **** #define SCB_DFSR_HALTED_Msk                (1UL /*<< SCB_DFSR_HALTED_Pos*/)               /*!< SCB 
 758:HW_Lib/STM32H7/HAL_Lib/CMSIS/Core/Include/core_cm7.h **** 
 759:HW_Lib/STM32H7/HAL_Lib/CMSIS/Core/Include/core_cm7.h **** /* SCB Cache Level ID Register Definitions */
 760:HW_Lib/STM32H7/HAL_Lib/CMSIS/Core/Include/core_cm7.h **** #define SCB_CLIDR_LOUU_Pos                 27U                                            /*!< SCB 
 761:HW_Lib/STM32H7/HAL_Lib/CMSIS/Core/Include/core_cm7.h **** #define SCB_CLIDR_LOUU_Msk                 (7UL << SCB_CLIDR_LOUU_Pos)                    /*!< SCB 
 762:HW_Lib/STM32H7/HAL_Lib/CMSIS/Core/Include/core_cm7.h **** 
 763:HW_Lib/STM32H7/HAL_Lib/CMSIS/Core/Include/core_cm7.h **** #define SCB_CLIDR_LOC_Pos                  24U                                            /*!< SCB 
 764:HW_Lib/STM32H7/HAL_Lib/CMSIS/Core/Include/core_cm7.h **** #define SCB_CLIDR_LOC_Msk                  (7UL << SCB_CLIDR_LOC_Pos)                     /*!< SCB 
 765:HW_Lib/STM32H7/HAL_Lib/CMSIS/Core/Include/core_cm7.h **** 
ARM GAS  C:\Users\HUAV\AppData\Local\Temp\cciXU3YP.s 			page 67


 766:HW_Lib/STM32H7/HAL_Lib/CMSIS/Core/Include/core_cm7.h **** /* SCB Cache Type Register Definitions */
 767:HW_Lib/STM32H7/HAL_Lib/CMSIS/Core/Include/core_cm7.h **** #define SCB_CTR_FORMAT_Pos                 29U                                            /*!< SCB 
 768:HW_Lib/STM32H7/HAL_Lib/CMSIS/Core/Include/core_cm7.h **** #define SCB_CTR_FORMAT_Msk                 (7UL << SCB_CTR_FORMAT_Pos)                    /*!< SCB 
 769:HW_Lib/STM32H7/HAL_Lib/CMSIS/Core/Include/core_cm7.h **** 
 770:HW_Lib/STM32H7/HAL_Lib/CMSIS/Core/Include/core_cm7.h **** #define SCB_CTR_CWG_Pos                    24U                                            /*!< SCB 
 771:HW_Lib/STM32H7/HAL_Lib/CMSIS/Core/Include/core_cm7.h **** #define SCB_CTR_CWG_Msk                    (0xFUL << SCB_CTR_CWG_Pos)                     /*!< SCB 
 772:HW_Lib/STM32H7/HAL_Lib/CMSIS/Core/Include/core_cm7.h **** 
 773:HW_Lib/STM32H7/HAL_Lib/CMSIS/Core/Include/core_cm7.h **** #define SCB_CTR_ERG_Pos                    20U                                            /*!< SCB 
 774:HW_Lib/STM32H7/HAL_Lib/CMSIS/Core/Include/core_cm7.h **** #define SCB_CTR_ERG_Msk                    (0xFUL << SCB_CTR_ERG_Pos)                     /*!< SCB 
 775:HW_Lib/STM32H7/HAL_Lib/CMSIS/Core/Include/core_cm7.h **** 
 776:HW_Lib/STM32H7/HAL_Lib/CMSIS/Core/Include/core_cm7.h **** #define SCB_CTR_DMINLINE_Pos               16U                                            /*!< SCB 
 777:HW_Lib/STM32H7/HAL_Lib/CMSIS/Core/Include/core_cm7.h **** #define SCB_CTR_DMINLINE_Msk               (0xFUL << SCB_CTR_DMINLINE_Pos)                /*!< SCB 
 778:HW_Lib/STM32H7/HAL_Lib/CMSIS/Core/Include/core_cm7.h **** 
 779:HW_Lib/STM32H7/HAL_Lib/CMSIS/Core/Include/core_cm7.h **** #define SCB_CTR_IMINLINE_Pos                0U                                            /*!< SCB 
 780:HW_Lib/STM32H7/HAL_Lib/CMSIS/Core/Include/core_cm7.h **** #define SCB_CTR_IMINLINE_Msk               (0xFUL /*<< SCB_CTR_IMINLINE_Pos*/)            /*!< SCB 
 781:HW_Lib/STM32H7/HAL_Lib/CMSIS/Core/Include/core_cm7.h **** 
 782:HW_Lib/STM32H7/HAL_Lib/CMSIS/Core/Include/core_cm7.h **** /* SCB Cache Size ID Register Definitions */
 783:HW_Lib/STM32H7/HAL_Lib/CMSIS/Core/Include/core_cm7.h **** #define SCB_CCSIDR_WT_Pos                  31U                                            /*!< SCB 
 784:HW_Lib/STM32H7/HAL_Lib/CMSIS/Core/Include/core_cm7.h **** #define SCB_CCSIDR_WT_Msk                  (1UL << SCB_CCSIDR_WT_Pos)                     /*!< SCB 
 785:HW_Lib/STM32H7/HAL_Lib/CMSIS/Core/Include/core_cm7.h **** 
 786:HW_Lib/STM32H7/HAL_Lib/CMSIS/Core/Include/core_cm7.h **** #define SCB_CCSIDR_WB_Pos                  30U                                            /*!< SCB 
 787:HW_Lib/STM32H7/HAL_Lib/CMSIS/Core/Include/core_cm7.h **** #define SCB_CCSIDR_WB_Msk                  (1UL << SCB_CCSIDR_WB_Pos)                     /*!< SCB 
 788:HW_Lib/STM32H7/HAL_Lib/CMSIS/Core/Include/core_cm7.h **** 
 789:HW_Lib/STM32H7/HAL_Lib/CMSIS/Core/Include/core_cm7.h **** #define SCB_CCSIDR_RA_Pos                  29U                                            /*!< SCB 
 790:HW_Lib/STM32H7/HAL_Lib/CMSIS/Core/Include/core_cm7.h **** #define SCB_CCSIDR_RA_Msk                  (1UL << SCB_CCSIDR_RA_Pos)                     /*!< SCB 
 791:HW_Lib/STM32H7/HAL_Lib/CMSIS/Core/Include/core_cm7.h **** 
 792:HW_Lib/STM32H7/HAL_Lib/CMSIS/Core/Include/core_cm7.h **** #define SCB_CCSIDR_WA_Pos                  28U                                            /*!< SCB 
 793:HW_Lib/STM32H7/HAL_Lib/CMSIS/Core/Include/core_cm7.h **** #define SCB_CCSIDR_WA_Msk                  (1UL << SCB_CCSIDR_WA_Pos)                     /*!< SCB 
 794:HW_Lib/STM32H7/HAL_Lib/CMSIS/Core/Include/core_cm7.h **** 
 795:HW_Lib/STM32H7/HAL_Lib/CMSIS/Core/Include/core_cm7.h **** #define SCB_CCSIDR_NUMSETS_Pos             13U                                            /*!< SCB 
 796:HW_Lib/STM32H7/HAL_Lib/CMSIS/Core/Include/core_cm7.h **** #define SCB_CCSIDR_NUMSETS_Msk             (0x7FFFUL << SCB_CCSIDR_NUMSETS_Pos)           /*!< SCB 
 797:HW_Lib/STM32H7/HAL_Lib/CMSIS/Core/Include/core_cm7.h **** 
 798:HW_Lib/STM32H7/HAL_Lib/CMSIS/Core/Include/core_cm7.h **** #define SCB_CCSIDR_ASSOCIATIVITY_Pos        3U                                            /*!< SCB 
 799:HW_Lib/STM32H7/HAL_Lib/CMSIS/Core/Include/core_cm7.h **** #define SCB_CCSIDR_ASSOCIATIVITY_Msk       (0x3FFUL << SCB_CCSIDR_ASSOCIATIVITY_Pos)      /*!< SCB 
 800:HW_Lib/STM32H7/HAL_Lib/CMSIS/Core/Include/core_cm7.h **** 
 801:HW_Lib/STM32H7/HAL_Lib/CMSIS/Core/Include/core_cm7.h **** #define SCB_CCSIDR_LINESIZE_Pos             0U                                            /*!< SCB 
 802:HW_Lib/STM32H7/HAL_Lib/CMSIS/Core/Include/core_cm7.h **** #define SCB_CCSIDR_LINESIZE_Msk            (7UL /*<< SCB_CCSIDR_LINESIZE_Pos*/)           /*!< SCB 
 803:HW_Lib/STM32H7/HAL_Lib/CMSIS/Core/Include/core_cm7.h **** 
 804:HW_Lib/STM32H7/HAL_Lib/CMSIS/Core/Include/core_cm7.h **** /* SCB Cache Size Selection Register Definitions */
 805:HW_Lib/STM32H7/HAL_Lib/CMSIS/Core/Include/core_cm7.h **** #define SCB_CSSELR_LEVEL_Pos                1U                                            /*!< SCB 
 806:HW_Lib/STM32H7/HAL_Lib/CMSIS/Core/Include/core_cm7.h **** #define SCB_CSSELR_LEVEL_Msk               (7UL << SCB_CSSELR_LEVEL_Pos)                  /*!< SCB 
 807:HW_Lib/STM32H7/HAL_Lib/CMSIS/Core/Include/core_cm7.h **** 
 808:HW_Lib/STM32H7/HAL_Lib/CMSIS/Core/Include/core_cm7.h **** #define SCB_CSSELR_IND_Pos                  0U                                            /*!< SCB 
 809:HW_Lib/STM32H7/HAL_Lib/CMSIS/Core/Include/core_cm7.h **** #define SCB_CSSELR_IND_Msk                 (1UL /*<< SCB_CSSELR_IND_Pos*/)                /*!< SCB 
 810:HW_Lib/STM32H7/HAL_Lib/CMSIS/Core/Include/core_cm7.h **** 
 811:HW_Lib/STM32H7/HAL_Lib/CMSIS/Core/Include/core_cm7.h **** /* SCB Software Triggered Interrupt Register Definitions */
 812:HW_Lib/STM32H7/HAL_Lib/CMSIS/Core/Include/core_cm7.h **** #define SCB_STIR_INTID_Pos                  0U                                            /*!< SCB 
 813:HW_Lib/STM32H7/HAL_Lib/CMSIS/Core/Include/core_cm7.h **** #define SCB_STIR_INTID_Msk                 (0x1FFUL /*<< SCB_STIR_INTID_Pos*/)            /*!< SCB 
 814:HW_Lib/STM32H7/HAL_Lib/CMSIS/Core/Include/core_cm7.h **** 
 815:HW_Lib/STM32H7/HAL_Lib/CMSIS/Core/Include/core_cm7.h **** /* SCB D-Cache Invalidate by Set-way Register Definitions */
 816:HW_Lib/STM32H7/HAL_Lib/CMSIS/Core/Include/core_cm7.h **** #define SCB_DCISW_WAY_Pos                  30U                                            /*!< SCB 
 817:HW_Lib/STM32H7/HAL_Lib/CMSIS/Core/Include/core_cm7.h **** #define SCB_DCISW_WAY_Msk                  (3UL << SCB_DCISW_WAY_Pos)                     /*!< SCB 
 818:HW_Lib/STM32H7/HAL_Lib/CMSIS/Core/Include/core_cm7.h **** 
 819:HW_Lib/STM32H7/HAL_Lib/CMSIS/Core/Include/core_cm7.h **** #define SCB_DCISW_SET_Pos                   5U                                            /*!< SCB 
 820:HW_Lib/STM32H7/HAL_Lib/CMSIS/Core/Include/core_cm7.h **** #define SCB_DCISW_SET_Msk                  (0x1FFUL << SCB_DCISW_SET_Pos)                 /*!< SCB 
 821:HW_Lib/STM32H7/HAL_Lib/CMSIS/Core/Include/core_cm7.h **** 
 822:HW_Lib/STM32H7/HAL_Lib/CMSIS/Core/Include/core_cm7.h **** /* SCB D-Cache Clean by Set-way Register Definitions */
ARM GAS  C:\Users\HUAV\AppData\Local\Temp\cciXU3YP.s 			page 68


 823:HW_Lib/STM32H7/HAL_Lib/CMSIS/Core/Include/core_cm7.h **** #define SCB_DCCSW_WAY_Pos                  30U                                            /*!< SCB 
 824:HW_Lib/STM32H7/HAL_Lib/CMSIS/Core/Include/core_cm7.h **** #define SCB_DCCSW_WAY_Msk                  (3UL << SCB_DCCSW_WAY_Pos)                     /*!< SCB 
 825:HW_Lib/STM32H7/HAL_Lib/CMSIS/Core/Include/core_cm7.h **** 
 826:HW_Lib/STM32H7/HAL_Lib/CMSIS/Core/Include/core_cm7.h **** #define SCB_DCCSW_SET_Pos                   5U                                            /*!< SCB 
 827:HW_Lib/STM32H7/HAL_Lib/CMSIS/Core/Include/core_cm7.h **** #define SCB_DCCSW_SET_Msk                  (0x1FFUL << SCB_DCCSW_SET_Pos)                 /*!< SCB 
 828:HW_Lib/STM32H7/HAL_Lib/CMSIS/Core/Include/core_cm7.h **** 
 829:HW_Lib/STM32H7/HAL_Lib/CMSIS/Core/Include/core_cm7.h **** /* SCB D-Cache Clean and Invalidate by Set-way Register Definitions */
 830:HW_Lib/STM32H7/HAL_Lib/CMSIS/Core/Include/core_cm7.h **** #define SCB_DCCISW_WAY_Pos                 30U                                            /*!< SCB 
 831:HW_Lib/STM32H7/HAL_Lib/CMSIS/Core/Include/core_cm7.h **** #define SCB_DCCISW_WAY_Msk                 (3UL << SCB_DCCISW_WAY_Pos)                    /*!< SCB 
 832:HW_Lib/STM32H7/HAL_Lib/CMSIS/Core/Include/core_cm7.h **** 
 833:HW_Lib/STM32H7/HAL_Lib/CMSIS/Core/Include/core_cm7.h **** #define SCB_DCCISW_SET_Pos                  5U                                            /*!< SCB 
 834:HW_Lib/STM32H7/HAL_Lib/CMSIS/Core/Include/core_cm7.h **** #define SCB_DCCISW_SET_Msk                 (0x1FFUL << SCB_DCCISW_SET_Pos)                /*!< SCB 
 835:HW_Lib/STM32H7/HAL_Lib/CMSIS/Core/Include/core_cm7.h **** 
 836:HW_Lib/STM32H7/HAL_Lib/CMSIS/Core/Include/core_cm7.h **** /* Instruction Tightly-Coupled Memory Control Register Definitions */
 837:HW_Lib/STM32H7/HAL_Lib/CMSIS/Core/Include/core_cm7.h **** #define SCB_ITCMCR_SZ_Pos                   3U                                            /*!< SCB 
 838:HW_Lib/STM32H7/HAL_Lib/CMSIS/Core/Include/core_cm7.h **** #define SCB_ITCMCR_SZ_Msk                  (0xFUL << SCB_ITCMCR_SZ_Pos)                   /*!< SCB 
 839:HW_Lib/STM32H7/HAL_Lib/CMSIS/Core/Include/core_cm7.h **** 
 840:HW_Lib/STM32H7/HAL_Lib/CMSIS/Core/Include/core_cm7.h **** #define SCB_ITCMCR_RETEN_Pos                2U                                            /*!< SCB 
 841:HW_Lib/STM32H7/HAL_Lib/CMSIS/Core/Include/core_cm7.h **** #define SCB_ITCMCR_RETEN_Msk               (1UL << SCB_ITCMCR_RETEN_Pos)                  /*!< SCB 
 842:HW_Lib/STM32H7/HAL_Lib/CMSIS/Core/Include/core_cm7.h **** 
 843:HW_Lib/STM32H7/HAL_Lib/CMSIS/Core/Include/core_cm7.h **** #define SCB_ITCMCR_RMW_Pos                  1U                                            /*!< SCB 
 844:HW_Lib/STM32H7/HAL_Lib/CMSIS/Core/Include/core_cm7.h **** #define SCB_ITCMCR_RMW_Msk                 (1UL << SCB_ITCMCR_RMW_Pos)                    /*!< SCB 
 845:HW_Lib/STM32H7/HAL_Lib/CMSIS/Core/Include/core_cm7.h **** 
 846:HW_Lib/STM32H7/HAL_Lib/CMSIS/Core/Include/core_cm7.h **** #define SCB_ITCMCR_EN_Pos                   0U                                            /*!< SCB 
 847:HW_Lib/STM32H7/HAL_Lib/CMSIS/Core/Include/core_cm7.h **** #define SCB_ITCMCR_EN_Msk                  (1UL /*<< SCB_ITCMCR_EN_Pos*/)                 /*!< SCB 
 848:HW_Lib/STM32H7/HAL_Lib/CMSIS/Core/Include/core_cm7.h **** 
 849:HW_Lib/STM32H7/HAL_Lib/CMSIS/Core/Include/core_cm7.h **** /* Data Tightly-Coupled Memory Control Register Definitions */
 850:HW_Lib/STM32H7/HAL_Lib/CMSIS/Core/Include/core_cm7.h **** #define SCB_DTCMCR_SZ_Pos                   3U                                            /*!< SCB 
 851:HW_Lib/STM32H7/HAL_Lib/CMSIS/Core/Include/core_cm7.h **** #define SCB_DTCMCR_SZ_Msk                  (0xFUL << SCB_DTCMCR_SZ_Pos)                   /*!< SCB 
 852:HW_Lib/STM32H7/HAL_Lib/CMSIS/Core/Include/core_cm7.h **** 
 853:HW_Lib/STM32H7/HAL_Lib/CMSIS/Core/Include/core_cm7.h **** #define SCB_DTCMCR_RETEN_Pos                2U                                            /*!< SCB 
 854:HW_Lib/STM32H7/HAL_Lib/CMSIS/Core/Include/core_cm7.h **** #define SCB_DTCMCR_RETEN_Msk               (1UL << SCB_DTCMCR_RETEN_Pos)                   /*!< SCB
 855:HW_Lib/STM32H7/HAL_Lib/CMSIS/Core/Include/core_cm7.h **** 
 856:HW_Lib/STM32H7/HAL_Lib/CMSIS/Core/Include/core_cm7.h **** #define SCB_DTCMCR_RMW_Pos                  1U                                            /*!< SCB 
 857:HW_Lib/STM32H7/HAL_Lib/CMSIS/Core/Include/core_cm7.h **** #define SCB_DTCMCR_RMW_Msk                 (1UL << SCB_DTCMCR_RMW_Pos)                    /*!< SCB 
 858:HW_Lib/STM32H7/HAL_Lib/CMSIS/Core/Include/core_cm7.h **** 
 859:HW_Lib/STM32H7/HAL_Lib/CMSIS/Core/Include/core_cm7.h **** #define SCB_DTCMCR_EN_Pos                   0U                                            /*!< SCB 
 860:HW_Lib/STM32H7/HAL_Lib/CMSIS/Core/Include/core_cm7.h **** #define SCB_DTCMCR_EN_Msk                  (1UL /*<< SCB_DTCMCR_EN_Pos*/)                 /*!< SCB 
 861:HW_Lib/STM32H7/HAL_Lib/CMSIS/Core/Include/core_cm7.h **** 
 862:HW_Lib/STM32H7/HAL_Lib/CMSIS/Core/Include/core_cm7.h **** /* AHBP Control Register Definitions */
 863:HW_Lib/STM32H7/HAL_Lib/CMSIS/Core/Include/core_cm7.h **** #define SCB_AHBPCR_SZ_Pos                   1U                                            /*!< SCB 
 864:HW_Lib/STM32H7/HAL_Lib/CMSIS/Core/Include/core_cm7.h **** #define SCB_AHBPCR_SZ_Msk                  (7UL << SCB_AHBPCR_SZ_Pos)                     /*!< SCB 
 865:HW_Lib/STM32H7/HAL_Lib/CMSIS/Core/Include/core_cm7.h **** 
 866:HW_Lib/STM32H7/HAL_Lib/CMSIS/Core/Include/core_cm7.h **** #define SCB_AHBPCR_EN_Pos                   0U                                            /*!< SCB 
 867:HW_Lib/STM32H7/HAL_Lib/CMSIS/Core/Include/core_cm7.h **** #define SCB_AHBPCR_EN_Msk                  (1UL /*<< SCB_AHBPCR_EN_Pos*/)                 /*!< SCB 
 868:HW_Lib/STM32H7/HAL_Lib/CMSIS/Core/Include/core_cm7.h **** 
 869:HW_Lib/STM32H7/HAL_Lib/CMSIS/Core/Include/core_cm7.h **** /* L1 Cache Control Register Definitions */
 870:HW_Lib/STM32H7/HAL_Lib/CMSIS/Core/Include/core_cm7.h **** #define SCB_CACR_FORCEWT_Pos                2U                                            /*!< SCB 
 871:HW_Lib/STM32H7/HAL_Lib/CMSIS/Core/Include/core_cm7.h **** #define SCB_CACR_FORCEWT_Msk               (1UL << SCB_CACR_FORCEWT_Pos)                  /*!< SCB 
 872:HW_Lib/STM32H7/HAL_Lib/CMSIS/Core/Include/core_cm7.h **** 
 873:HW_Lib/STM32H7/HAL_Lib/CMSIS/Core/Include/core_cm7.h **** #define SCB_CACR_ECCEN_Pos                  1U                                            /*!< SCB 
 874:HW_Lib/STM32H7/HAL_Lib/CMSIS/Core/Include/core_cm7.h **** #define SCB_CACR_ECCEN_Msk                 (1UL << SCB_CACR_ECCEN_Pos)                    /*!< SCB 
 875:HW_Lib/STM32H7/HAL_Lib/CMSIS/Core/Include/core_cm7.h **** 
 876:HW_Lib/STM32H7/HAL_Lib/CMSIS/Core/Include/core_cm7.h **** #define SCB_CACR_SIWT_Pos                   0U                                            /*!< SCB 
 877:HW_Lib/STM32H7/HAL_Lib/CMSIS/Core/Include/core_cm7.h **** #define SCB_CACR_SIWT_Msk                  (1UL /*<< SCB_CACR_SIWT_Pos*/)                 /*!< SCB 
 878:HW_Lib/STM32H7/HAL_Lib/CMSIS/Core/Include/core_cm7.h **** 
 879:HW_Lib/STM32H7/HAL_Lib/CMSIS/Core/Include/core_cm7.h **** /* AHBS Control Register Definitions */
ARM GAS  C:\Users\HUAV\AppData\Local\Temp\cciXU3YP.s 			page 69


 880:HW_Lib/STM32H7/HAL_Lib/CMSIS/Core/Include/core_cm7.h **** #define SCB_AHBSCR_INITCOUNT_Pos           11U                                            /*!< SCB 
 881:HW_Lib/STM32H7/HAL_Lib/CMSIS/Core/Include/core_cm7.h **** #define SCB_AHBSCR_INITCOUNT_Msk           (0x1FUL << SCB_AHBPCR_INITCOUNT_Pos)           /*!< SCB 
 882:HW_Lib/STM32H7/HAL_Lib/CMSIS/Core/Include/core_cm7.h **** 
 883:HW_Lib/STM32H7/HAL_Lib/CMSIS/Core/Include/core_cm7.h **** #define SCB_AHBSCR_TPRI_Pos                 2U                                            /*!< SCB 
 884:HW_Lib/STM32H7/HAL_Lib/CMSIS/Core/Include/core_cm7.h **** #define SCB_AHBSCR_TPRI_Msk                (0x1FFUL << SCB_AHBPCR_TPRI_Pos)               /*!< SCB 
 885:HW_Lib/STM32H7/HAL_Lib/CMSIS/Core/Include/core_cm7.h **** 
 886:HW_Lib/STM32H7/HAL_Lib/CMSIS/Core/Include/core_cm7.h **** #define SCB_AHBSCR_CTL_Pos                  0U                                            /*!< SCB 
 887:HW_Lib/STM32H7/HAL_Lib/CMSIS/Core/Include/core_cm7.h **** #define SCB_AHBSCR_CTL_Msk                 (3UL /*<< SCB_AHBPCR_CTL_Pos*/)                /*!< SCB 
 888:HW_Lib/STM32H7/HAL_Lib/CMSIS/Core/Include/core_cm7.h **** 
 889:HW_Lib/STM32H7/HAL_Lib/CMSIS/Core/Include/core_cm7.h **** /* Auxiliary Bus Fault Status Register Definitions */
 890:HW_Lib/STM32H7/HAL_Lib/CMSIS/Core/Include/core_cm7.h **** #define SCB_ABFSR_AXIMTYPE_Pos              8U                                            /*!< SCB 
 891:HW_Lib/STM32H7/HAL_Lib/CMSIS/Core/Include/core_cm7.h **** #define SCB_ABFSR_AXIMTYPE_Msk             (3UL << SCB_ABFSR_AXIMTYPE_Pos)                /*!< SCB 
 892:HW_Lib/STM32H7/HAL_Lib/CMSIS/Core/Include/core_cm7.h **** 
 893:HW_Lib/STM32H7/HAL_Lib/CMSIS/Core/Include/core_cm7.h **** #define SCB_ABFSR_EPPB_Pos                  4U                                            /*!< SCB 
 894:HW_Lib/STM32H7/HAL_Lib/CMSIS/Core/Include/core_cm7.h **** #define SCB_ABFSR_EPPB_Msk                 (1UL << SCB_ABFSR_EPPB_Pos)                    /*!< SCB 
 895:HW_Lib/STM32H7/HAL_Lib/CMSIS/Core/Include/core_cm7.h **** 
 896:HW_Lib/STM32H7/HAL_Lib/CMSIS/Core/Include/core_cm7.h **** #define SCB_ABFSR_AXIM_Pos                  3U                                            /*!< SCB 
 897:HW_Lib/STM32H7/HAL_Lib/CMSIS/Core/Include/core_cm7.h **** #define SCB_ABFSR_AXIM_Msk                 (1UL << SCB_ABFSR_AXIM_Pos)                    /*!< SCB 
 898:HW_Lib/STM32H7/HAL_Lib/CMSIS/Core/Include/core_cm7.h **** 
 899:HW_Lib/STM32H7/HAL_Lib/CMSIS/Core/Include/core_cm7.h **** #define SCB_ABFSR_AHBP_Pos                  2U                                            /*!< SCB 
 900:HW_Lib/STM32H7/HAL_Lib/CMSIS/Core/Include/core_cm7.h **** #define SCB_ABFSR_AHBP_Msk                 (1UL << SCB_ABFSR_AHBP_Pos)                    /*!< SCB 
 901:HW_Lib/STM32H7/HAL_Lib/CMSIS/Core/Include/core_cm7.h **** 
 902:HW_Lib/STM32H7/HAL_Lib/CMSIS/Core/Include/core_cm7.h **** #define SCB_ABFSR_DTCM_Pos                  1U                                            /*!< SCB 
 903:HW_Lib/STM32H7/HAL_Lib/CMSIS/Core/Include/core_cm7.h **** #define SCB_ABFSR_DTCM_Msk                 (1UL << SCB_ABFSR_DTCM_Pos)                    /*!< SCB 
 904:HW_Lib/STM32H7/HAL_Lib/CMSIS/Core/Include/core_cm7.h **** 
 905:HW_Lib/STM32H7/HAL_Lib/CMSIS/Core/Include/core_cm7.h **** #define SCB_ABFSR_ITCM_Pos                  0U                                            /*!< SCB 
 906:HW_Lib/STM32H7/HAL_Lib/CMSIS/Core/Include/core_cm7.h **** #define SCB_ABFSR_ITCM_Msk                 (1UL /*<< SCB_ABFSR_ITCM_Pos*/)                /*!< SCB 
 907:HW_Lib/STM32H7/HAL_Lib/CMSIS/Core/Include/core_cm7.h **** 
 908:HW_Lib/STM32H7/HAL_Lib/CMSIS/Core/Include/core_cm7.h **** /*@} end of group CMSIS_SCB */
 909:HW_Lib/STM32H7/HAL_Lib/CMSIS/Core/Include/core_cm7.h **** 
 910:HW_Lib/STM32H7/HAL_Lib/CMSIS/Core/Include/core_cm7.h **** 
 911:HW_Lib/STM32H7/HAL_Lib/CMSIS/Core/Include/core_cm7.h **** /**
 912:HW_Lib/STM32H7/HAL_Lib/CMSIS/Core/Include/core_cm7.h ****   \ingroup  CMSIS_core_register
 913:HW_Lib/STM32H7/HAL_Lib/CMSIS/Core/Include/core_cm7.h ****   \defgroup CMSIS_SCnSCB System Controls not in SCB (SCnSCB)
 914:HW_Lib/STM32H7/HAL_Lib/CMSIS/Core/Include/core_cm7.h ****   \brief    Type definitions for the System Control and ID Register not in the SCB
 915:HW_Lib/STM32H7/HAL_Lib/CMSIS/Core/Include/core_cm7.h ****   @{
 916:HW_Lib/STM32H7/HAL_Lib/CMSIS/Core/Include/core_cm7.h ****  */
 917:HW_Lib/STM32H7/HAL_Lib/CMSIS/Core/Include/core_cm7.h **** 
 918:HW_Lib/STM32H7/HAL_Lib/CMSIS/Core/Include/core_cm7.h **** /**
 919:HW_Lib/STM32H7/HAL_Lib/CMSIS/Core/Include/core_cm7.h ****   \brief  Structure type to access the System Control and ID Register not in the SCB.
 920:HW_Lib/STM32H7/HAL_Lib/CMSIS/Core/Include/core_cm7.h ****  */
 921:HW_Lib/STM32H7/HAL_Lib/CMSIS/Core/Include/core_cm7.h **** typedef struct
 922:HW_Lib/STM32H7/HAL_Lib/CMSIS/Core/Include/core_cm7.h **** {
 923:HW_Lib/STM32H7/HAL_Lib/CMSIS/Core/Include/core_cm7.h ****         uint32_t RESERVED0[1U];
 924:HW_Lib/STM32H7/HAL_Lib/CMSIS/Core/Include/core_cm7.h ****   __IM  uint32_t ICTR;                   /*!< Offset: 0x004 (R/ )  Interrupt Controller Type Regist
 925:HW_Lib/STM32H7/HAL_Lib/CMSIS/Core/Include/core_cm7.h ****   __IOM uint32_t ACTLR;                  /*!< Offset: 0x008 (R/W)  Auxiliary Control Register */
 926:HW_Lib/STM32H7/HAL_Lib/CMSIS/Core/Include/core_cm7.h **** } SCnSCB_Type;
 927:HW_Lib/STM32H7/HAL_Lib/CMSIS/Core/Include/core_cm7.h **** 
 928:HW_Lib/STM32H7/HAL_Lib/CMSIS/Core/Include/core_cm7.h **** /* Interrupt Controller Type Register Definitions */
 929:HW_Lib/STM32H7/HAL_Lib/CMSIS/Core/Include/core_cm7.h **** #define SCnSCB_ICTR_INTLINESNUM_Pos         0U                                         /*!< ICTR: I
 930:HW_Lib/STM32H7/HAL_Lib/CMSIS/Core/Include/core_cm7.h **** #define SCnSCB_ICTR_INTLINESNUM_Msk        (0xFUL /*<< SCnSCB_ICTR_INTLINESNUM_Pos*/)  /*!< ICTR: I
 931:HW_Lib/STM32H7/HAL_Lib/CMSIS/Core/Include/core_cm7.h **** 
 932:HW_Lib/STM32H7/HAL_Lib/CMSIS/Core/Include/core_cm7.h **** /* Auxiliary Control Register Definitions */
 933:HW_Lib/STM32H7/HAL_Lib/CMSIS/Core/Include/core_cm7.h **** #define SCnSCB_ACTLR_DISDYNADD_Pos         26U                                         /*!< ACTLR: 
 934:HW_Lib/STM32H7/HAL_Lib/CMSIS/Core/Include/core_cm7.h **** #define SCnSCB_ACTLR_DISDYNADD_Msk         (1UL << SCnSCB_ACTLR_DISDYNADD_Pos)         /*!< ACTLR: 
 935:HW_Lib/STM32H7/HAL_Lib/CMSIS/Core/Include/core_cm7.h **** 
 936:HW_Lib/STM32H7/HAL_Lib/CMSIS/Core/Include/core_cm7.h **** #define SCnSCB_ACTLR_DISISSCH1_Pos         21U                                         /*!< ACTLR: 
ARM GAS  C:\Users\HUAV\AppData\Local\Temp\cciXU3YP.s 			page 70


 937:HW_Lib/STM32H7/HAL_Lib/CMSIS/Core/Include/core_cm7.h **** #define SCnSCB_ACTLR_DISISSCH1_Msk         (0x1FUL << SCnSCB_ACTLR_DISISSCH1_Pos)      /*!< ACTLR: 
 938:HW_Lib/STM32H7/HAL_Lib/CMSIS/Core/Include/core_cm7.h **** 
 939:HW_Lib/STM32H7/HAL_Lib/CMSIS/Core/Include/core_cm7.h **** #define SCnSCB_ACTLR_DISDI_Pos             16U                                         /*!< ACTLR: 
 940:HW_Lib/STM32H7/HAL_Lib/CMSIS/Core/Include/core_cm7.h **** #define SCnSCB_ACTLR_DISDI_Msk             (0x1FUL << SCnSCB_ACTLR_DISDI_Pos)          /*!< ACTLR: 
 941:HW_Lib/STM32H7/HAL_Lib/CMSIS/Core/Include/core_cm7.h **** 
 942:HW_Lib/STM32H7/HAL_Lib/CMSIS/Core/Include/core_cm7.h **** #define SCnSCB_ACTLR_DISCRITAXIRUR_Pos     15U                                         /*!< ACTLR: 
 943:HW_Lib/STM32H7/HAL_Lib/CMSIS/Core/Include/core_cm7.h **** #define SCnSCB_ACTLR_DISCRITAXIRUR_Msk     (1UL << SCnSCB_ACTLR_DISCRITAXIRUR_Pos)     /*!< ACTLR: 
 944:HW_Lib/STM32H7/HAL_Lib/CMSIS/Core/Include/core_cm7.h **** 
 945:HW_Lib/STM32H7/HAL_Lib/CMSIS/Core/Include/core_cm7.h **** #define SCnSCB_ACTLR_DISBTACALLOC_Pos      14U                                         /*!< ACTLR: 
 946:HW_Lib/STM32H7/HAL_Lib/CMSIS/Core/Include/core_cm7.h **** #define SCnSCB_ACTLR_DISBTACALLOC_Msk      (1UL << SCnSCB_ACTLR_DISBTACALLOC_Pos)      /*!< ACTLR: 
 947:HW_Lib/STM32H7/HAL_Lib/CMSIS/Core/Include/core_cm7.h **** 
 948:HW_Lib/STM32H7/HAL_Lib/CMSIS/Core/Include/core_cm7.h **** #define SCnSCB_ACTLR_DISBTACREAD_Pos       13U                                         /*!< ACTLR: 
 949:HW_Lib/STM32H7/HAL_Lib/CMSIS/Core/Include/core_cm7.h **** #define SCnSCB_ACTLR_DISBTACREAD_Msk       (1UL << SCnSCB_ACTLR_DISBTACREAD_Pos)       /*!< ACTLR: 
 950:HW_Lib/STM32H7/HAL_Lib/CMSIS/Core/Include/core_cm7.h **** 
 951:HW_Lib/STM32H7/HAL_Lib/CMSIS/Core/Include/core_cm7.h **** #define SCnSCB_ACTLR_DISITMATBFLUSH_Pos    12U                                         /*!< ACTLR: 
 952:HW_Lib/STM32H7/HAL_Lib/CMSIS/Core/Include/core_cm7.h **** #define SCnSCB_ACTLR_DISITMATBFLUSH_Msk    (1UL << SCnSCB_ACTLR_DISITMATBFLUSH_Pos)    /*!< ACTLR: 
 953:HW_Lib/STM32H7/HAL_Lib/CMSIS/Core/Include/core_cm7.h **** 
 954:HW_Lib/STM32H7/HAL_Lib/CMSIS/Core/Include/core_cm7.h **** #define SCnSCB_ACTLR_DISRAMODE_Pos         11U                                         /*!< ACTLR: 
 955:HW_Lib/STM32H7/HAL_Lib/CMSIS/Core/Include/core_cm7.h **** #define SCnSCB_ACTLR_DISRAMODE_Msk         (1UL << SCnSCB_ACTLR_DISRAMODE_Pos)         /*!< ACTLR: 
 956:HW_Lib/STM32H7/HAL_Lib/CMSIS/Core/Include/core_cm7.h **** 
 957:HW_Lib/STM32H7/HAL_Lib/CMSIS/Core/Include/core_cm7.h **** #define SCnSCB_ACTLR_FPEXCODIS_Pos         10U                                         /*!< ACTLR: 
 958:HW_Lib/STM32H7/HAL_Lib/CMSIS/Core/Include/core_cm7.h **** #define SCnSCB_ACTLR_FPEXCODIS_Msk         (1UL << SCnSCB_ACTLR_FPEXCODIS_Pos)         /*!< ACTLR: 
 959:HW_Lib/STM32H7/HAL_Lib/CMSIS/Core/Include/core_cm7.h **** 
 960:HW_Lib/STM32H7/HAL_Lib/CMSIS/Core/Include/core_cm7.h **** #define SCnSCB_ACTLR_DISFOLD_Pos            2U                                         /*!< ACTLR: 
 961:HW_Lib/STM32H7/HAL_Lib/CMSIS/Core/Include/core_cm7.h **** #define SCnSCB_ACTLR_DISFOLD_Msk           (1UL << SCnSCB_ACTLR_DISFOLD_Pos)           /*!< ACTLR: 
 962:HW_Lib/STM32H7/HAL_Lib/CMSIS/Core/Include/core_cm7.h **** 
 963:HW_Lib/STM32H7/HAL_Lib/CMSIS/Core/Include/core_cm7.h **** #define SCnSCB_ACTLR_DISMCYCINT_Pos         0U                                         /*!< ACTLR: 
 964:HW_Lib/STM32H7/HAL_Lib/CMSIS/Core/Include/core_cm7.h **** #define SCnSCB_ACTLR_DISMCYCINT_Msk        (1UL /*<< SCnSCB_ACTLR_DISMCYCINT_Pos*/)    /*!< ACTLR: 
 965:HW_Lib/STM32H7/HAL_Lib/CMSIS/Core/Include/core_cm7.h **** 
 966:HW_Lib/STM32H7/HAL_Lib/CMSIS/Core/Include/core_cm7.h **** /*@} end of group CMSIS_SCnotSCB */
 967:HW_Lib/STM32H7/HAL_Lib/CMSIS/Core/Include/core_cm7.h **** 
 968:HW_Lib/STM32H7/HAL_Lib/CMSIS/Core/Include/core_cm7.h **** 
 969:HW_Lib/STM32H7/HAL_Lib/CMSIS/Core/Include/core_cm7.h **** /**
 970:HW_Lib/STM32H7/HAL_Lib/CMSIS/Core/Include/core_cm7.h ****   \ingroup  CMSIS_core_register
 971:HW_Lib/STM32H7/HAL_Lib/CMSIS/Core/Include/core_cm7.h ****   \defgroup CMSIS_SysTick     System Tick Timer (SysTick)
 972:HW_Lib/STM32H7/HAL_Lib/CMSIS/Core/Include/core_cm7.h ****   \brief    Type definitions for the System Timer Registers.
 973:HW_Lib/STM32H7/HAL_Lib/CMSIS/Core/Include/core_cm7.h ****   @{
 974:HW_Lib/STM32H7/HAL_Lib/CMSIS/Core/Include/core_cm7.h ****  */
 975:HW_Lib/STM32H7/HAL_Lib/CMSIS/Core/Include/core_cm7.h **** 
 976:HW_Lib/STM32H7/HAL_Lib/CMSIS/Core/Include/core_cm7.h **** /**
 977:HW_Lib/STM32H7/HAL_Lib/CMSIS/Core/Include/core_cm7.h ****   \brief  Structure type to access the System Timer (SysTick).
 978:HW_Lib/STM32H7/HAL_Lib/CMSIS/Core/Include/core_cm7.h ****  */
 979:HW_Lib/STM32H7/HAL_Lib/CMSIS/Core/Include/core_cm7.h **** typedef struct
 980:HW_Lib/STM32H7/HAL_Lib/CMSIS/Core/Include/core_cm7.h **** {
 981:HW_Lib/STM32H7/HAL_Lib/CMSIS/Core/Include/core_cm7.h ****   __IOM uint32_t CTRL;                   /*!< Offset: 0x000 (R/W)  SysTick Control and Status Regis
 982:HW_Lib/STM32H7/HAL_Lib/CMSIS/Core/Include/core_cm7.h ****   __IOM uint32_t LOAD;                   /*!< Offset: 0x004 (R/W)  SysTick Reload Value Register */
 983:HW_Lib/STM32H7/HAL_Lib/CMSIS/Core/Include/core_cm7.h ****   __IOM uint32_t VAL;                    /*!< Offset: 0x008 (R/W)  SysTick Current Value Register *
 984:HW_Lib/STM32H7/HAL_Lib/CMSIS/Core/Include/core_cm7.h ****   __IM  uint32_t CALIB;                  /*!< Offset: 0x00C (R/ )  SysTick Calibration Register */
 985:HW_Lib/STM32H7/HAL_Lib/CMSIS/Core/Include/core_cm7.h **** } SysTick_Type;
 986:HW_Lib/STM32H7/HAL_Lib/CMSIS/Core/Include/core_cm7.h **** 
 987:HW_Lib/STM32H7/HAL_Lib/CMSIS/Core/Include/core_cm7.h **** /* SysTick Control / Status Register Definitions */
 988:HW_Lib/STM32H7/HAL_Lib/CMSIS/Core/Include/core_cm7.h **** #define SysTick_CTRL_COUNTFLAG_Pos         16U                                            /*!< SysT
 989:HW_Lib/STM32H7/HAL_Lib/CMSIS/Core/Include/core_cm7.h **** #define SysTick_CTRL_COUNTFLAG_Msk         (1UL << SysTick_CTRL_COUNTFLAG_Pos)            /*!< SysT
 990:HW_Lib/STM32H7/HAL_Lib/CMSIS/Core/Include/core_cm7.h **** 
 991:HW_Lib/STM32H7/HAL_Lib/CMSIS/Core/Include/core_cm7.h **** #define SysTick_CTRL_CLKSOURCE_Pos          2U                                            /*!< SysT
 992:HW_Lib/STM32H7/HAL_Lib/CMSIS/Core/Include/core_cm7.h **** #define SysTick_CTRL_CLKSOURCE_Msk         (1UL << SysTick_CTRL_CLKSOURCE_Pos)            /*!< SysT
 993:HW_Lib/STM32H7/HAL_Lib/CMSIS/Core/Include/core_cm7.h **** 
ARM GAS  C:\Users\HUAV\AppData\Local\Temp\cciXU3YP.s 			page 71


 994:HW_Lib/STM32H7/HAL_Lib/CMSIS/Core/Include/core_cm7.h **** #define SysTick_CTRL_TICKINT_Pos            1U                                            /*!< SysT
 995:HW_Lib/STM32H7/HAL_Lib/CMSIS/Core/Include/core_cm7.h **** #define SysTick_CTRL_TICKINT_Msk           (1UL << SysTick_CTRL_TICKINT_Pos)              /*!< SysT
 996:HW_Lib/STM32H7/HAL_Lib/CMSIS/Core/Include/core_cm7.h **** 
 997:HW_Lib/STM32H7/HAL_Lib/CMSIS/Core/Include/core_cm7.h **** #define SysTick_CTRL_ENABLE_Pos             0U                                            /*!< SysT
 998:HW_Lib/STM32H7/HAL_Lib/CMSIS/Core/Include/core_cm7.h **** #define SysTick_CTRL_ENABLE_Msk            (1UL /*<< SysTick_CTRL_ENABLE_Pos*/)           /*!< SysT
 999:HW_Lib/STM32H7/HAL_Lib/CMSIS/Core/Include/core_cm7.h **** 
1000:HW_Lib/STM32H7/HAL_Lib/CMSIS/Core/Include/core_cm7.h **** /* SysTick Reload Register Definitions */
1001:HW_Lib/STM32H7/HAL_Lib/CMSIS/Core/Include/core_cm7.h **** #define SysTick_LOAD_RELOAD_Pos             0U                                            /*!< SysT
1002:HW_Lib/STM32H7/HAL_Lib/CMSIS/Core/Include/core_cm7.h **** #define SysTick_LOAD_RELOAD_Msk            (0xFFFFFFUL /*<< SysTick_LOAD_RELOAD_Pos*/)    /*!< SysT
1003:HW_Lib/STM32H7/HAL_Lib/CMSIS/Core/Include/core_cm7.h **** 
1004:HW_Lib/STM32H7/HAL_Lib/CMSIS/Core/Include/core_cm7.h **** /* SysTick Current Register Definitions */
1005:HW_Lib/STM32H7/HAL_Lib/CMSIS/Core/Include/core_cm7.h **** #define SysTick_VAL_CURRENT_Pos             0U                                            /*!< SysT
1006:HW_Lib/STM32H7/HAL_Lib/CMSIS/Core/Include/core_cm7.h **** #define SysTick_VAL_CURRENT_Msk            (0xFFFFFFUL /*<< SysTick_VAL_CURRENT_Pos*/)    /*!< SysT
1007:HW_Lib/STM32H7/HAL_Lib/CMSIS/Core/Include/core_cm7.h **** 
1008:HW_Lib/STM32H7/HAL_Lib/CMSIS/Core/Include/core_cm7.h **** /* SysTick Calibration Register Definitions */
1009:HW_Lib/STM32H7/HAL_Lib/CMSIS/Core/Include/core_cm7.h **** #define SysTick_CALIB_NOREF_Pos            31U                                            /*!< SysT
1010:HW_Lib/STM32H7/HAL_Lib/CMSIS/Core/Include/core_cm7.h **** #define SysTick_CALIB_NOREF_Msk            (1UL << SysTick_CALIB_NOREF_Pos)               /*!< SysT
1011:HW_Lib/STM32H7/HAL_Lib/CMSIS/Core/Include/core_cm7.h **** 
1012:HW_Lib/STM32H7/HAL_Lib/CMSIS/Core/Include/core_cm7.h **** #define SysTick_CALIB_SKEW_Pos             30U                                            /*!< SysT
1013:HW_Lib/STM32H7/HAL_Lib/CMSIS/Core/Include/core_cm7.h **** #define SysTick_CALIB_SKEW_Msk             (1UL << SysTick_CALIB_SKEW_Pos)                /*!< SysT
1014:HW_Lib/STM32H7/HAL_Lib/CMSIS/Core/Include/core_cm7.h **** 
1015:HW_Lib/STM32H7/HAL_Lib/CMSIS/Core/Include/core_cm7.h **** #define SysTick_CALIB_TENMS_Pos             0U                                            /*!< SysT
1016:HW_Lib/STM32H7/HAL_Lib/CMSIS/Core/Include/core_cm7.h **** #define SysTick_CALIB_TENMS_Msk            (0xFFFFFFUL /*<< SysTick_CALIB_TENMS_Pos*/)    /*!< SysT
1017:HW_Lib/STM32H7/HAL_Lib/CMSIS/Core/Include/core_cm7.h **** 
1018:HW_Lib/STM32H7/HAL_Lib/CMSIS/Core/Include/core_cm7.h **** /*@} end of group CMSIS_SysTick */
1019:HW_Lib/STM32H7/HAL_Lib/CMSIS/Core/Include/core_cm7.h **** 
1020:HW_Lib/STM32H7/HAL_Lib/CMSIS/Core/Include/core_cm7.h **** 
1021:HW_Lib/STM32H7/HAL_Lib/CMSIS/Core/Include/core_cm7.h **** /**
1022:HW_Lib/STM32H7/HAL_Lib/CMSIS/Core/Include/core_cm7.h ****   \ingroup  CMSIS_core_register
1023:HW_Lib/STM32H7/HAL_Lib/CMSIS/Core/Include/core_cm7.h ****   \defgroup CMSIS_ITM     Instrumentation Trace Macrocell (ITM)
1024:HW_Lib/STM32H7/HAL_Lib/CMSIS/Core/Include/core_cm7.h ****   \brief    Type definitions for the Instrumentation Trace Macrocell (ITM)
1025:HW_Lib/STM32H7/HAL_Lib/CMSIS/Core/Include/core_cm7.h ****   @{
1026:HW_Lib/STM32H7/HAL_Lib/CMSIS/Core/Include/core_cm7.h ****  */
1027:HW_Lib/STM32H7/HAL_Lib/CMSIS/Core/Include/core_cm7.h **** 
1028:HW_Lib/STM32H7/HAL_Lib/CMSIS/Core/Include/core_cm7.h **** /**
1029:HW_Lib/STM32H7/HAL_Lib/CMSIS/Core/Include/core_cm7.h ****   \brief  Structure type to access the Instrumentation Trace Macrocell Register (ITM).
1030:HW_Lib/STM32H7/HAL_Lib/CMSIS/Core/Include/core_cm7.h ****  */
1031:HW_Lib/STM32H7/HAL_Lib/CMSIS/Core/Include/core_cm7.h **** typedef struct
1032:HW_Lib/STM32H7/HAL_Lib/CMSIS/Core/Include/core_cm7.h **** {
1033:HW_Lib/STM32H7/HAL_Lib/CMSIS/Core/Include/core_cm7.h ****   __OM  union
1034:HW_Lib/STM32H7/HAL_Lib/CMSIS/Core/Include/core_cm7.h ****   {
1035:HW_Lib/STM32H7/HAL_Lib/CMSIS/Core/Include/core_cm7.h ****     __OM  uint8_t    u8;                 /*!< Offset: 0x000 ( /W)  ITM Stimulus Port 8-bit */
1036:HW_Lib/STM32H7/HAL_Lib/CMSIS/Core/Include/core_cm7.h ****     __OM  uint16_t   u16;                /*!< Offset: 0x000 ( /W)  ITM Stimulus Port 16-bit */
1037:HW_Lib/STM32H7/HAL_Lib/CMSIS/Core/Include/core_cm7.h ****     __OM  uint32_t   u32;                /*!< Offset: 0x000 ( /W)  ITM Stimulus Port 32-bit */
1038:HW_Lib/STM32H7/HAL_Lib/CMSIS/Core/Include/core_cm7.h ****   }  PORT [32U];                         /*!< Offset: 0x000 ( /W)  ITM Stimulus Port Registers */
1039:HW_Lib/STM32H7/HAL_Lib/CMSIS/Core/Include/core_cm7.h ****         uint32_t RESERVED0[864U];
1040:HW_Lib/STM32H7/HAL_Lib/CMSIS/Core/Include/core_cm7.h ****   __IOM uint32_t TER;                    /*!< Offset: 0xE00 (R/W)  ITM Trace Enable Register */
1041:HW_Lib/STM32H7/HAL_Lib/CMSIS/Core/Include/core_cm7.h ****         uint32_t RESERVED1[15U];
1042:HW_Lib/STM32H7/HAL_Lib/CMSIS/Core/Include/core_cm7.h ****   __IOM uint32_t TPR;                    /*!< Offset: 0xE40 (R/W)  ITM Trace Privilege Register */
1043:HW_Lib/STM32H7/HAL_Lib/CMSIS/Core/Include/core_cm7.h ****         uint32_t RESERVED2[15U];
1044:HW_Lib/STM32H7/HAL_Lib/CMSIS/Core/Include/core_cm7.h ****   __IOM uint32_t TCR;                    /*!< Offset: 0xE80 (R/W)  ITM Trace Control Register */
1045:HW_Lib/STM32H7/HAL_Lib/CMSIS/Core/Include/core_cm7.h ****         uint32_t RESERVED3[32U];
1046:HW_Lib/STM32H7/HAL_Lib/CMSIS/Core/Include/core_cm7.h ****         uint32_t RESERVED4[43U];
1047:HW_Lib/STM32H7/HAL_Lib/CMSIS/Core/Include/core_cm7.h ****   __OM  uint32_t LAR;                    /*!< Offset: 0xFB0 ( /W)  ITM Lock Access Register */
1048:HW_Lib/STM32H7/HAL_Lib/CMSIS/Core/Include/core_cm7.h ****   __IM  uint32_t LSR;                    /*!< Offset: 0xFB4 (R/ )  ITM Lock Status Register */
1049:HW_Lib/STM32H7/HAL_Lib/CMSIS/Core/Include/core_cm7.h ****         uint32_t RESERVED5[6U];
1050:HW_Lib/STM32H7/HAL_Lib/CMSIS/Core/Include/core_cm7.h ****   __IM  uint32_t PID4;                   /*!< Offset: 0xFD0 (R/ )  ITM Peripheral Identification Re
ARM GAS  C:\Users\HUAV\AppData\Local\Temp\cciXU3YP.s 			page 72


1051:HW_Lib/STM32H7/HAL_Lib/CMSIS/Core/Include/core_cm7.h ****   __IM  uint32_t PID5;                   /*!< Offset: 0xFD4 (R/ )  ITM Peripheral Identification Re
1052:HW_Lib/STM32H7/HAL_Lib/CMSIS/Core/Include/core_cm7.h ****   __IM  uint32_t PID6;                   /*!< Offset: 0xFD8 (R/ )  ITM Peripheral Identification Re
1053:HW_Lib/STM32H7/HAL_Lib/CMSIS/Core/Include/core_cm7.h ****   __IM  uint32_t PID7;                   /*!< Offset: 0xFDC (R/ )  ITM Peripheral Identification Re
1054:HW_Lib/STM32H7/HAL_Lib/CMSIS/Core/Include/core_cm7.h ****   __IM  uint32_t PID0;                   /*!< Offset: 0xFE0 (R/ )  ITM Peripheral Identification Re
1055:HW_Lib/STM32H7/HAL_Lib/CMSIS/Core/Include/core_cm7.h ****   __IM  uint32_t PID1;                   /*!< Offset: 0xFE4 (R/ )  ITM Peripheral Identification Re
1056:HW_Lib/STM32H7/HAL_Lib/CMSIS/Core/Include/core_cm7.h ****   __IM  uint32_t PID2;                   /*!< Offset: 0xFE8 (R/ )  ITM Peripheral Identification Re
1057:HW_Lib/STM32H7/HAL_Lib/CMSIS/Core/Include/core_cm7.h ****   __IM  uint32_t PID3;                   /*!< Offset: 0xFEC (R/ )  ITM Peripheral Identification Re
1058:HW_Lib/STM32H7/HAL_Lib/CMSIS/Core/Include/core_cm7.h ****   __IM  uint32_t CID0;                   /*!< Offset: 0xFF0 (R/ )  ITM Component  Identification Re
1059:HW_Lib/STM32H7/HAL_Lib/CMSIS/Core/Include/core_cm7.h ****   __IM  uint32_t CID1;                   /*!< Offset: 0xFF4 (R/ )  ITM Component  Identification Re
1060:HW_Lib/STM32H7/HAL_Lib/CMSIS/Core/Include/core_cm7.h ****   __IM  uint32_t CID2;                   /*!< Offset: 0xFF8 (R/ )  ITM Component  Identification Re
1061:HW_Lib/STM32H7/HAL_Lib/CMSIS/Core/Include/core_cm7.h ****   __IM  uint32_t CID3;                   /*!< Offset: 0xFFC (R/ )  ITM Component  Identification Re
1062:HW_Lib/STM32H7/HAL_Lib/CMSIS/Core/Include/core_cm7.h **** } ITM_Type;
1063:HW_Lib/STM32H7/HAL_Lib/CMSIS/Core/Include/core_cm7.h **** 
1064:HW_Lib/STM32H7/HAL_Lib/CMSIS/Core/Include/core_cm7.h **** /* ITM Trace Privilege Register Definitions */
1065:HW_Lib/STM32H7/HAL_Lib/CMSIS/Core/Include/core_cm7.h **** #define ITM_TPR_PRIVMASK_Pos                0U                                            /*!< ITM 
1066:HW_Lib/STM32H7/HAL_Lib/CMSIS/Core/Include/core_cm7.h **** #define ITM_TPR_PRIVMASK_Msk               (0xFFFFFFFFUL /*<< ITM_TPR_PRIVMASK_Pos*/)     /*!< ITM 
1067:HW_Lib/STM32H7/HAL_Lib/CMSIS/Core/Include/core_cm7.h **** 
1068:HW_Lib/STM32H7/HAL_Lib/CMSIS/Core/Include/core_cm7.h **** /* ITM Trace Control Register Definitions */
1069:HW_Lib/STM32H7/HAL_Lib/CMSIS/Core/Include/core_cm7.h **** #define ITM_TCR_BUSY_Pos                   23U                                            /*!< ITM 
1070:HW_Lib/STM32H7/HAL_Lib/CMSIS/Core/Include/core_cm7.h **** #define ITM_TCR_BUSY_Msk                   (1UL << ITM_TCR_BUSY_Pos)                      /*!< ITM 
1071:HW_Lib/STM32H7/HAL_Lib/CMSIS/Core/Include/core_cm7.h **** 
1072:HW_Lib/STM32H7/HAL_Lib/CMSIS/Core/Include/core_cm7.h **** #define ITM_TCR_TraceBusID_Pos             16U                                            /*!< ITM 
1073:HW_Lib/STM32H7/HAL_Lib/CMSIS/Core/Include/core_cm7.h **** #define ITM_TCR_TraceBusID_Msk             (0x7FUL << ITM_TCR_TraceBusID_Pos)             /*!< ITM 
1074:HW_Lib/STM32H7/HAL_Lib/CMSIS/Core/Include/core_cm7.h **** 
1075:HW_Lib/STM32H7/HAL_Lib/CMSIS/Core/Include/core_cm7.h **** #define ITM_TCR_GTSFREQ_Pos                10U                                            /*!< ITM 
1076:HW_Lib/STM32H7/HAL_Lib/CMSIS/Core/Include/core_cm7.h **** #define ITM_TCR_GTSFREQ_Msk                (3UL << ITM_TCR_GTSFREQ_Pos)                   /*!< ITM 
1077:HW_Lib/STM32H7/HAL_Lib/CMSIS/Core/Include/core_cm7.h **** 
1078:HW_Lib/STM32H7/HAL_Lib/CMSIS/Core/Include/core_cm7.h **** #define ITM_TCR_TSPrescale_Pos              8U                                            /*!< ITM 
1079:HW_Lib/STM32H7/HAL_Lib/CMSIS/Core/Include/core_cm7.h **** #define ITM_TCR_TSPrescale_Msk             (3UL << ITM_TCR_TSPrescale_Pos)                /*!< ITM 
1080:HW_Lib/STM32H7/HAL_Lib/CMSIS/Core/Include/core_cm7.h **** 
1081:HW_Lib/STM32H7/HAL_Lib/CMSIS/Core/Include/core_cm7.h **** #define ITM_TCR_SWOENA_Pos                  4U                                            /*!< ITM 
1082:HW_Lib/STM32H7/HAL_Lib/CMSIS/Core/Include/core_cm7.h **** #define ITM_TCR_SWOENA_Msk                 (1UL << ITM_TCR_SWOENA_Pos)                    /*!< ITM 
1083:HW_Lib/STM32H7/HAL_Lib/CMSIS/Core/Include/core_cm7.h **** 
1084:HW_Lib/STM32H7/HAL_Lib/CMSIS/Core/Include/core_cm7.h **** #define ITM_TCR_DWTENA_Pos                  3U                                            /*!< ITM 
1085:HW_Lib/STM32H7/HAL_Lib/CMSIS/Core/Include/core_cm7.h **** #define ITM_TCR_DWTENA_Msk                 (1UL << ITM_TCR_DWTENA_Pos)                    /*!< ITM 
1086:HW_Lib/STM32H7/HAL_Lib/CMSIS/Core/Include/core_cm7.h **** 
1087:HW_Lib/STM32H7/HAL_Lib/CMSIS/Core/Include/core_cm7.h **** #define ITM_TCR_SYNCENA_Pos                 2U                                            /*!< ITM 
1088:HW_Lib/STM32H7/HAL_Lib/CMSIS/Core/Include/core_cm7.h **** #define ITM_TCR_SYNCENA_Msk                (1UL << ITM_TCR_SYNCENA_Pos)                   /*!< ITM 
1089:HW_Lib/STM32H7/HAL_Lib/CMSIS/Core/Include/core_cm7.h **** 
1090:HW_Lib/STM32H7/HAL_Lib/CMSIS/Core/Include/core_cm7.h **** #define ITM_TCR_TSENA_Pos                   1U                                            /*!< ITM 
1091:HW_Lib/STM32H7/HAL_Lib/CMSIS/Core/Include/core_cm7.h **** #define ITM_TCR_TSENA_Msk                  (1UL << ITM_TCR_TSENA_Pos)                     /*!< ITM 
1092:HW_Lib/STM32H7/HAL_Lib/CMSIS/Core/Include/core_cm7.h **** 
1093:HW_Lib/STM32H7/HAL_Lib/CMSIS/Core/Include/core_cm7.h **** #define ITM_TCR_ITMENA_Pos                  0U                                            /*!< ITM 
1094:HW_Lib/STM32H7/HAL_Lib/CMSIS/Core/Include/core_cm7.h **** #define ITM_TCR_ITMENA_Msk                 (1UL /*<< ITM_TCR_ITMENA_Pos*/)                /*!< ITM 
1095:HW_Lib/STM32H7/HAL_Lib/CMSIS/Core/Include/core_cm7.h **** 
1096:HW_Lib/STM32H7/HAL_Lib/CMSIS/Core/Include/core_cm7.h **** /* ITM Lock Status Register Definitions */
1097:HW_Lib/STM32H7/HAL_Lib/CMSIS/Core/Include/core_cm7.h **** #define ITM_LSR_ByteAcc_Pos                 2U                                            /*!< ITM 
1098:HW_Lib/STM32H7/HAL_Lib/CMSIS/Core/Include/core_cm7.h **** #define ITM_LSR_ByteAcc_Msk                (1UL << ITM_LSR_ByteAcc_Pos)                   /*!< ITM 
1099:HW_Lib/STM32H7/HAL_Lib/CMSIS/Core/Include/core_cm7.h **** 
1100:HW_Lib/STM32H7/HAL_Lib/CMSIS/Core/Include/core_cm7.h **** #define ITM_LSR_Access_Pos                  1U                                            /*!< ITM 
1101:HW_Lib/STM32H7/HAL_Lib/CMSIS/Core/Include/core_cm7.h **** #define ITM_LSR_Access_Msk                 (1UL << ITM_LSR_Access_Pos)                    /*!< ITM 
1102:HW_Lib/STM32H7/HAL_Lib/CMSIS/Core/Include/core_cm7.h **** 
1103:HW_Lib/STM32H7/HAL_Lib/CMSIS/Core/Include/core_cm7.h **** #define ITM_LSR_Present_Pos                 0U                                            /*!< ITM 
1104:HW_Lib/STM32H7/HAL_Lib/CMSIS/Core/Include/core_cm7.h **** #define ITM_LSR_Present_Msk                (1UL /*<< ITM_LSR_Present_Pos*/)               /*!< ITM 
1105:HW_Lib/STM32H7/HAL_Lib/CMSIS/Core/Include/core_cm7.h **** 
1106:HW_Lib/STM32H7/HAL_Lib/CMSIS/Core/Include/core_cm7.h **** /*@}*/ /* end of group CMSIS_ITM */
1107:HW_Lib/STM32H7/HAL_Lib/CMSIS/Core/Include/core_cm7.h **** 
ARM GAS  C:\Users\HUAV\AppData\Local\Temp\cciXU3YP.s 			page 73


1108:HW_Lib/STM32H7/HAL_Lib/CMSIS/Core/Include/core_cm7.h **** 
1109:HW_Lib/STM32H7/HAL_Lib/CMSIS/Core/Include/core_cm7.h **** /**
1110:HW_Lib/STM32H7/HAL_Lib/CMSIS/Core/Include/core_cm7.h ****   \ingroup  CMSIS_core_register
1111:HW_Lib/STM32H7/HAL_Lib/CMSIS/Core/Include/core_cm7.h ****   \defgroup CMSIS_DWT     Data Watchpoint and Trace (DWT)
1112:HW_Lib/STM32H7/HAL_Lib/CMSIS/Core/Include/core_cm7.h ****   \brief    Type definitions for the Data Watchpoint and Trace (DWT)
1113:HW_Lib/STM32H7/HAL_Lib/CMSIS/Core/Include/core_cm7.h ****   @{
1114:HW_Lib/STM32H7/HAL_Lib/CMSIS/Core/Include/core_cm7.h ****  */
1115:HW_Lib/STM32H7/HAL_Lib/CMSIS/Core/Include/core_cm7.h **** 
1116:HW_Lib/STM32H7/HAL_Lib/CMSIS/Core/Include/core_cm7.h **** /**
1117:HW_Lib/STM32H7/HAL_Lib/CMSIS/Core/Include/core_cm7.h ****   \brief  Structure type to access the Data Watchpoint and Trace Register (DWT).
1118:HW_Lib/STM32H7/HAL_Lib/CMSIS/Core/Include/core_cm7.h ****  */
1119:HW_Lib/STM32H7/HAL_Lib/CMSIS/Core/Include/core_cm7.h **** typedef struct
1120:HW_Lib/STM32H7/HAL_Lib/CMSIS/Core/Include/core_cm7.h **** {
1121:HW_Lib/STM32H7/HAL_Lib/CMSIS/Core/Include/core_cm7.h ****   __IOM uint32_t CTRL;                   /*!< Offset: 0x000 (R/W)  Control Register */
1122:HW_Lib/STM32H7/HAL_Lib/CMSIS/Core/Include/core_cm7.h ****   __IOM uint32_t CYCCNT;                 /*!< Offset: 0x004 (R/W)  Cycle Count Register */
1123:HW_Lib/STM32H7/HAL_Lib/CMSIS/Core/Include/core_cm7.h ****   __IOM uint32_t CPICNT;                 /*!< Offset: 0x008 (R/W)  CPI Count Register */
1124:HW_Lib/STM32H7/HAL_Lib/CMSIS/Core/Include/core_cm7.h ****   __IOM uint32_t EXCCNT;                 /*!< Offset: 0x00C (R/W)  Exception Overhead Count Registe
1125:HW_Lib/STM32H7/HAL_Lib/CMSIS/Core/Include/core_cm7.h ****   __IOM uint32_t SLEEPCNT;               /*!< Offset: 0x010 (R/W)  Sleep Count Register */
1126:HW_Lib/STM32H7/HAL_Lib/CMSIS/Core/Include/core_cm7.h ****   __IOM uint32_t LSUCNT;                 /*!< Offset: 0x014 (R/W)  LSU Count Register */
1127:HW_Lib/STM32H7/HAL_Lib/CMSIS/Core/Include/core_cm7.h ****   __IOM uint32_t FOLDCNT;                /*!< Offset: 0x018 (R/W)  Folded-instruction Count Registe
1128:HW_Lib/STM32H7/HAL_Lib/CMSIS/Core/Include/core_cm7.h ****   __IM  uint32_t PCSR;                   /*!< Offset: 0x01C (R/ )  Program Counter Sample Register 
1129:HW_Lib/STM32H7/HAL_Lib/CMSIS/Core/Include/core_cm7.h ****   __IOM uint32_t COMP0;                  /*!< Offset: 0x020 (R/W)  Comparator Register 0 */
1130:HW_Lib/STM32H7/HAL_Lib/CMSIS/Core/Include/core_cm7.h ****   __IOM uint32_t MASK0;                  /*!< Offset: 0x024 (R/W)  Mask Register 0 */
1131:HW_Lib/STM32H7/HAL_Lib/CMSIS/Core/Include/core_cm7.h ****   __IOM uint32_t FUNCTION0;              /*!< Offset: 0x028 (R/W)  Function Register 0 */
1132:HW_Lib/STM32H7/HAL_Lib/CMSIS/Core/Include/core_cm7.h ****         uint32_t RESERVED0[1U];
1133:HW_Lib/STM32H7/HAL_Lib/CMSIS/Core/Include/core_cm7.h ****   __IOM uint32_t COMP1;                  /*!< Offset: 0x030 (R/W)  Comparator Register 1 */
1134:HW_Lib/STM32H7/HAL_Lib/CMSIS/Core/Include/core_cm7.h ****   __IOM uint32_t MASK1;                  /*!< Offset: 0x034 (R/W)  Mask Register 1 */
1135:HW_Lib/STM32H7/HAL_Lib/CMSIS/Core/Include/core_cm7.h ****   __IOM uint32_t FUNCTION1;              /*!< Offset: 0x038 (R/W)  Function Register 1 */
1136:HW_Lib/STM32H7/HAL_Lib/CMSIS/Core/Include/core_cm7.h ****         uint32_t RESERVED1[1U];
1137:HW_Lib/STM32H7/HAL_Lib/CMSIS/Core/Include/core_cm7.h ****   __IOM uint32_t COMP2;                  /*!< Offset: 0x040 (R/W)  Comparator Register 2 */
1138:HW_Lib/STM32H7/HAL_Lib/CMSIS/Core/Include/core_cm7.h ****   __IOM uint32_t MASK2;                  /*!< Offset: 0x044 (R/W)  Mask Register 2 */
1139:HW_Lib/STM32H7/HAL_Lib/CMSIS/Core/Include/core_cm7.h ****   __IOM uint32_t FUNCTION2;              /*!< Offset: 0x048 (R/W)  Function Register 2 */
1140:HW_Lib/STM32H7/HAL_Lib/CMSIS/Core/Include/core_cm7.h ****         uint32_t RESERVED2[1U];
1141:HW_Lib/STM32H7/HAL_Lib/CMSIS/Core/Include/core_cm7.h ****   __IOM uint32_t COMP3;                  /*!< Offset: 0x050 (R/W)  Comparator Register 3 */
1142:HW_Lib/STM32H7/HAL_Lib/CMSIS/Core/Include/core_cm7.h ****   __IOM uint32_t MASK3;                  /*!< Offset: 0x054 (R/W)  Mask Register 3 */
1143:HW_Lib/STM32H7/HAL_Lib/CMSIS/Core/Include/core_cm7.h ****   __IOM uint32_t FUNCTION3;              /*!< Offset: 0x058 (R/W)  Function Register 3 */
1144:HW_Lib/STM32H7/HAL_Lib/CMSIS/Core/Include/core_cm7.h ****         uint32_t RESERVED3[981U];
1145:HW_Lib/STM32H7/HAL_Lib/CMSIS/Core/Include/core_cm7.h ****   __OM  uint32_t LAR;                    /*!< Offset: 0xFB0 (  W)  Lock Access Register */
1146:HW_Lib/STM32H7/HAL_Lib/CMSIS/Core/Include/core_cm7.h ****   __IM  uint32_t LSR;                    /*!< Offset: 0xFB4 (R  )  Lock Status Register */
1147:HW_Lib/STM32H7/HAL_Lib/CMSIS/Core/Include/core_cm7.h **** } DWT_Type;
1148:HW_Lib/STM32H7/HAL_Lib/CMSIS/Core/Include/core_cm7.h **** 
1149:HW_Lib/STM32H7/HAL_Lib/CMSIS/Core/Include/core_cm7.h **** /* DWT Control Register Definitions */
1150:HW_Lib/STM32H7/HAL_Lib/CMSIS/Core/Include/core_cm7.h **** #define DWT_CTRL_NUMCOMP_Pos               28U                                         /*!< DWT CTR
1151:HW_Lib/STM32H7/HAL_Lib/CMSIS/Core/Include/core_cm7.h **** #define DWT_CTRL_NUMCOMP_Msk               (0xFUL << DWT_CTRL_NUMCOMP_Pos)             /*!< DWT CTR
1152:HW_Lib/STM32H7/HAL_Lib/CMSIS/Core/Include/core_cm7.h **** 
1153:HW_Lib/STM32H7/HAL_Lib/CMSIS/Core/Include/core_cm7.h **** #define DWT_CTRL_NOTRCPKT_Pos              27U                                         /*!< DWT CTR
1154:HW_Lib/STM32H7/HAL_Lib/CMSIS/Core/Include/core_cm7.h **** #define DWT_CTRL_NOTRCPKT_Msk              (0x1UL << DWT_CTRL_NOTRCPKT_Pos)            /*!< DWT CTR
1155:HW_Lib/STM32H7/HAL_Lib/CMSIS/Core/Include/core_cm7.h **** 
1156:HW_Lib/STM32H7/HAL_Lib/CMSIS/Core/Include/core_cm7.h **** #define DWT_CTRL_NOEXTTRIG_Pos             26U                                         /*!< DWT CTR
1157:HW_Lib/STM32H7/HAL_Lib/CMSIS/Core/Include/core_cm7.h **** #define DWT_CTRL_NOEXTTRIG_Msk             (0x1UL << DWT_CTRL_NOEXTTRIG_Pos)           /*!< DWT CTR
1158:HW_Lib/STM32H7/HAL_Lib/CMSIS/Core/Include/core_cm7.h **** 
1159:HW_Lib/STM32H7/HAL_Lib/CMSIS/Core/Include/core_cm7.h **** #define DWT_CTRL_NOCYCCNT_Pos              25U                                         /*!< DWT CTR
1160:HW_Lib/STM32H7/HAL_Lib/CMSIS/Core/Include/core_cm7.h **** #define DWT_CTRL_NOCYCCNT_Msk              (0x1UL << DWT_CTRL_NOCYCCNT_Pos)            /*!< DWT CTR
1161:HW_Lib/STM32H7/HAL_Lib/CMSIS/Core/Include/core_cm7.h **** 
1162:HW_Lib/STM32H7/HAL_Lib/CMSIS/Core/Include/core_cm7.h **** #define DWT_CTRL_NOPRFCNT_Pos              24U                                         /*!< DWT CTR
1163:HW_Lib/STM32H7/HAL_Lib/CMSIS/Core/Include/core_cm7.h **** #define DWT_CTRL_NOPRFCNT_Msk              (0x1UL << DWT_CTRL_NOPRFCNT_Pos)            /*!< DWT CTR
1164:HW_Lib/STM32H7/HAL_Lib/CMSIS/Core/Include/core_cm7.h **** 
ARM GAS  C:\Users\HUAV\AppData\Local\Temp\cciXU3YP.s 			page 74


1165:HW_Lib/STM32H7/HAL_Lib/CMSIS/Core/Include/core_cm7.h **** #define DWT_CTRL_CYCEVTENA_Pos             22U                                         /*!< DWT CTR
1166:HW_Lib/STM32H7/HAL_Lib/CMSIS/Core/Include/core_cm7.h **** #define DWT_CTRL_CYCEVTENA_Msk             (0x1UL << DWT_CTRL_CYCEVTENA_Pos)           /*!< DWT CTR
1167:HW_Lib/STM32H7/HAL_Lib/CMSIS/Core/Include/core_cm7.h **** 
1168:HW_Lib/STM32H7/HAL_Lib/CMSIS/Core/Include/core_cm7.h **** #define DWT_CTRL_FOLDEVTENA_Pos            21U                                         /*!< DWT CTR
1169:HW_Lib/STM32H7/HAL_Lib/CMSIS/Core/Include/core_cm7.h **** #define DWT_CTRL_FOLDEVTENA_Msk            (0x1UL << DWT_CTRL_FOLDEVTENA_Pos)          /*!< DWT CTR
1170:HW_Lib/STM32H7/HAL_Lib/CMSIS/Core/Include/core_cm7.h **** 
1171:HW_Lib/STM32H7/HAL_Lib/CMSIS/Core/Include/core_cm7.h **** #define DWT_CTRL_LSUEVTENA_Pos             20U                                         /*!< DWT CTR
1172:HW_Lib/STM32H7/HAL_Lib/CMSIS/Core/Include/core_cm7.h **** #define DWT_CTRL_LSUEVTENA_Msk             (0x1UL << DWT_CTRL_LSUEVTENA_Pos)           /*!< DWT CTR
1173:HW_Lib/STM32H7/HAL_Lib/CMSIS/Core/Include/core_cm7.h **** 
1174:HW_Lib/STM32H7/HAL_Lib/CMSIS/Core/Include/core_cm7.h **** #define DWT_CTRL_SLEEPEVTENA_Pos           19U                                         /*!< DWT CTR
1175:HW_Lib/STM32H7/HAL_Lib/CMSIS/Core/Include/core_cm7.h **** #define DWT_CTRL_SLEEPEVTENA_Msk           (0x1UL << DWT_CTRL_SLEEPEVTENA_Pos)         /*!< DWT CTR
1176:HW_Lib/STM32H7/HAL_Lib/CMSIS/Core/Include/core_cm7.h **** 
1177:HW_Lib/STM32H7/HAL_Lib/CMSIS/Core/Include/core_cm7.h **** #define DWT_CTRL_EXCEVTENA_Pos             18U                                         /*!< DWT CTR
1178:HW_Lib/STM32H7/HAL_Lib/CMSIS/Core/Include/core_cm7.h **** #define DWT_CTRL_EXCEVTENA_Msk             (0x1UL << DWT_CTRL_EXCEVTENA_Pos)           /*!< DWT CTR
1179:HW_Lib/STM32H7/HAL_Lib/CMSIS/Core/Include/core_cm7.h **** 
1180:HW_Lib/STM32H7/HAL_Lib/CMSIS/Core/Include/core_cm7.h **** #define DWT_CTRL_CPIEVTENA_Pos             17U                                         /*!< DWT CTR
1181:HW_Lib/STM32H7/HAL_Lib/CMSIS/Core/Include/core_cm7.h **** #define DWT_CTRL_CPIEVTENA_Msk             (0x1UL << DWT_CTRL_CPIEVTENA_Pos)           /*!< DWT CTR
1182:HW_Lib/STM32H7/HAL_Lib/CMSIS/Core/Include/core_cm7.h **** 
1183:HW_Lib/STM32H7/HAL_Lib/CMSIS/Core/Include/core_cm7.h **** #define DWT_CTRL_EXCTRCENA_Pos             16U                                         /*!< DWT CTR
1184:HW_Lib/STM32H7/HAL_Lib/CMSIS/Core/Include/core_cm7.h **** #define DWT_CTRL_EXCTRCENA_Msk             (0x1UL << DWT_CTRL_EXCTRCENA_Pos)           /*!< DWT CTR
1185:HW_Lib/STM32H7/HAL_Lib/CMSIS/Core/Include/core_cm7.h **** 
1186:HW_Lib/STM32H7/HAL_Lib/CMSIS/Core/Include/core_cm7.h **** #define DWT_CTRL_PCSAMPLENA_Pos            12U                                         /*!< DWT CTR
1187:HW_Lib/STM32H7/HAL_Lib/CMSIS/Core/Include/core_cm7.h **** #define DWT_CTRL_PCSAMPLENA_Msk            (0x1UL << DWT_CTRL_PCSAMPLENA_Pos)          /*!< DWT CTR
1188:HW_Lib/STM32H7/HAL_Lib/CMSIS/Core/Include/core_cm7.h **** 
1189:HW_Lib/STM32H7/HAL_Lib/CMSIS/Core/Include/core_cm7.h **** #define DWT_CTRL_SYNCTAP_Pos               10U                                         /*!< DWT CTR
1190:HW_Lib/STM32H7/HAL_Lib/CMSIS/Core/Include/core_cm7.h **** #define DWT_CTRL_SYNCTAP_Msk               (0x3UL << DWT_CTRL_SYNCTAP_Pos)             /*!< DWT CTR
1191:HW_Lib/STM32H7/HAL_Lib/CMSIS/Core/Include/core_cm7.h **** 
1192:HW_Lib/STM32H7/HAL_Lib/CMSIS/Core/Include/core_cm7.h **** #define DWT_CTRL_CYCTAP_Pos                 9U                                         /*!< DWT CTR
1193:HW_Lib/STM32H7/HAL_Lib/CMSIS/Core/Include/core_cm7.h **** #define DWT_CTRL_CYCTAP_Msk                (0x1UL << DWT_CTRL_CYCTAP_Pos)              /*!< DWT CTR
1194:HW_Lib/STM32H7/HAL_Lib/CMSIS/Core/Include/core_cm7.h **** 
1195:HW_Lib/STM32H7/HAL_Lib/CMSIS/Core/Include/core_cm7.h **** #define DWT_CTRL_POSTINIT_Pos               5U                                         /*!< DWT CTR
1196:HW_Lib/STM32H7/HAL_Lib/CMSIS/Core/Include/core_cm7.h **** #define DWT_CTRL_POSTINIT_Msk              (0xFUL << DWT_CTRL_POSTINIT_Pos)            /*!< DWT CTR
1197:HW_Lib/STM32H7/HAL_Lib/CMSIS/Core/Include/core_cm7.h **** 
1198:HW_Lib/STM32H7/HAL_Lib/CMSIS/Core/Include/core_cm7.h **** #define DWT_CTRL_POSTPRESET_Pos             1U                                         /*!< DWT CTR
1199:HW_Lib/STM32H7/HAL_Lib/CMSIS/Core/Include/core_cm7.h **** #define DWT_CTRL_POSTPRESET_Msk            (0xFUL << DWT_CTRL_POSTPRESET_Pos)          /*!< DWT CTR
1200:HW_Lib/STM32H7/HAL_Lib/CMSIS/Core/Include/core_cm7.h **** 
1201:HW_Lib/STM32H7/HAL_Lib/CMSIS/Core/Include/core_cm7.h **** #define DWT_CTRL_CYCCNTENA_Pos              0U                                         /*!< DWT CTR
1202:HW_Lib/STM32H7/HAL_Lib/CMSIS/Core/Include/core_cm7.h **** #define DWT_CTRL_CYCCNTENA_Msk             (0x1UL /*<< DWT_CTRL_CYCCNTENA_Pos*/)       /*!< DWT CTR
1203:HW_Lib/STM32H7/HAL_Lib/CMSIS/Core/Include/core_cm7.h **** 
1204:HW_Lib/STM32H7/HAL_Lib/CMSIS/Core/Include/core_cm7.h **** /* DWT CPI Count Register Definitions */
1205:HW_Lib/STM32H7/HAL_Lib/CMSIS/Core/Include/core_cm7.h **** #define DWT_CPICNT_CPICNT_Pos               0U                                         /*!< DWT CPI
1206:HW_Lib/STM32H7/HAL_Lib/CMSIS/Core/Include/core_cm7.h **** #define DWT_CPICNT_CPICNT_Msk              (0xFFUL /*<< DWT_CPICNT_CPICNT_Pos*/)       /*!< DWT CPI
1207:HW_Lib/STM32H7/HAL_Lib/CMSIS/Core/Include/core_cm7.h **** 
1208:HW_Lib/STM32H7/HAL_Lib/CMSIS/Core/Include/core_cm7.h **** /* DWT Exception Overhead Count Register Definitions */
1209:HW_Lib/STM32H7/HAL_Lib/CMSIS/Core/Include/core_cm7.h **** #define DWT_EXCCNT_EXCCNT_Pos               0U                                         /*!< DWT EXC
1210:HW_Lib/STM32H7/HAL_Lib/CMSIS/Core/Include/core_cm7.h **** #define DWT_EXCCNT_EXCCNT_Msk              (0xFFUL /*<< DWT_EXCCNT_EXCCNT_Pos*/)       /*!< DWT EXC
1211:HW_Lib/STM32H7/HAL_Lib/CMSIS/Core/Include/core_cm7.h **** 
1212:HW_Lib/STM32H7/HAL_Lib/CMSIS/Core/Include/core_cm7.h **** /* DWT Sleep Count Register Definitions */
1213:HW_Lib/STM32H7/HAL_Lib/CMSIS/Core/Include/core_cm7.h **** #define DWT_SLEEPCNT_SLEEPCNT_Pos           0U                                         /*!< DWT SLE
1214:HW_Lib/STM32H7/HAL_Lib/CMSIS/Core/Include/core_cm7.h **** #define DWT_SLEEPCNT_SLEEPCNT_Msk          (0xFFUL /*<< DWT_SLEEPCNT_SLEEPCNT_Pos*/)   /*!< DWT SLE
1215:HW_Lib/STM32H7/HAL_Lib/CMSIS/Core/Include/core_cm7.h **** 
1216:HW_Lib/STM32H7/HAL_Lib/CMSIS/Core/Include/core_cm7.h **** /* DWT LSU Count Register Definitions */
1217:HW_Lib/STM32H7/HAL_Lib/CMSIS/Core/Include/core_cm7.h **** #define DWT_LSUCNT_LSUCNT_Pos               0U                                         /*!< DWT LSU
1218:HW_Lib/STM32H7/HAL_Lib/CMSIS/Core/Include/core_cm7.h **** #define DWT_LSUCNT_LSUCNT_Msk              (0xFFUL /*<< DWT_LSUCNT_LSUCNT_Pos*/)       /*!< DWT LSU
1219:HW_Lib/STM32H7/HAL_Lib/CMSIS/Core/Include/core_cm7.h **** 
1220:HW_Lib/STM32H7/HAL_Lib/CMSIS/Core/Include/core_cm7.h **** /* DWT Folded-instruction Count Register Definitions */
1221:HW_Lib/STM32H7/HAL_Lib/CMSIS/Core/Include/core_cm7.h **** #define DWT_FOLDCNT_FOLDCNT_Pos             0U                                         /*!< DWT FOL
ARM GAS  C:\Users\HUAV\AppData\Local\Temp\cciXU3YP.s 			page 75


1222:HW_Lib/STM32H7/HAL_Lib/CMSIS/Core/Include/core_cm7.h **** #define DWT_FOLDCNT_FOLDCNT_Msk            (0xFFUL /*<< DWT_FOLDCNT_FOLDCNT_Pos*/)     /*!< DWT FOL
1223:HW_Lib/STM32H7/HAL_Lib/CMSIS/Core/Include/core_cm7.h **** 
1224:HW_Lib/STM32H7/HAL_Lib/CMSIS/Core/Include/core_cm7.h **** /* DWT Comparator Mask Register Definitions */
1225:HW_Lib/STM32H7/HAL_Lib/CMSIS/Core/Include/core_cm7.h **** #define DWT_MASK_MASK_Pos                   0U                                         /*!< DWT MAS
1226:HW_Lib/STM32H7/HAL_Lib/CMSIS/Core/Include/core_cm7.h **** #define DWT_MASK_MASK_Msk                  (0x1FUL /*<< DWT_MASK_MASK_Pos*/)           /*!< DWT MAS
1227:HW_Lib/STM32H7/HAL_Lib/CMSIS/Core/Include/core_cm7.h **** 
1228:HW_Lib/STM32H7/HAL_Lib/CMSIS/Core/Include/core_cm7.h **** /* DWT Comparator Function Register Definitions */
1229:HW_Lib/STM32H7/HAL_Lib/CMSIS/Core/Include/core_cm7.h **** #define DWT_FUNCTION_MATCHED_Pos           24U                                         /*!< DWT FUN
1230:HW_Lib/STM32H7/HAL_Lib/CMSIS/Core/Include/core_cm7.h **** #define DWT_FUNCTION_MATCHED_Msk           (0x1UL << DWT_FUNCTION_MATCHED_Pos)         /*!< DWT FUN
1231:HW_Lib/STM32H7/HAL_Lib/CMSIS/Core/Include/core_cm7.h **** 
1232:HW_Lib/STM32H7/HAL_Lib/CMSIS/Core/Include/core_cm7.h **** #define DWT_FUNCTION_DATAVADDR1_Pos        16U                                         /*!< DWT FUN
1233:HW_Lib/STM32H7/HAL_Lib/CMSIS/Core/Include/core_cm7.h **** #define DWT_FUNCTION_DATAVADDR1_Msk        (0xFUL << DWT_FUNCTION_DATAVADDR1_Pos)      /*!< DWT FUN
1234:HW_Lib/STM32H7/HAL_Lib/CMSIS/Core/Include/core_cm7.h **** 
1235:HW_Lib/STM32H7/HAL_Lib/CMSIS/Core/Include/core_cm7.h **** #define DWT_FUNCTION_DATAVADDR0_Pos        12U                                         /*!< DWT FUN
1236:HW_Lib/STM32H7/HAL_Lib/CMSIS/Core/Include/core_cm7.h **** #define DWT_FUNCTION_DATAVADDR0_Msk        (0xFUL << DWT_FUNCTION_DATAVADDR0_Pos)      /*!< DWT FUN
1237:HW_Lib/STM32H7/HAL_Lib/CMSIS/Core/Include/core_cm7.h **** 
1238:HW_Lib/STM32H7/HAL_Lib/CMSIS/Core/Include/core_cm7.h **** #define DWT_FUNCTION_DATAVSIZE_Pos         10U                                         /*!< DWT FUN
1239:HW_Lib/STM32H7/HAL_Lib/CMSIS/Core/Include/core_cm7.h **** #define DWT_FUNCTION_DATAVSIZE_Msk         (0x3UL << DWT_FUNCTION_DATAVSIZE_Pos)       /*!< DWT FUN
1240:HW_Lib/STM32H7/HAL_Lib/CMSIS/Core/Include/core_cm7.h **** 
1241:HW_Lib/STM32H7/HAL_Lib/CMSIS/Core/Include/core_cm7.h **** #define DWT_FUNCTION_LNK1ENA_Pos            9U                                         /*!< DWT FUN
1242:HW_Lib/STM32H7/HAL_Lib/CMSIS/Core/Include/core_cm7.h **** #define DWT_FUNCTION_LNK1ENA_Msk           (0x1UL << DWT_FUNCTION_LNK1ENA_Pos)         /*!< DWT FUN
1243:HW_Lib/STM32H7/HAL_Lib/CMSIS/Core/Include/core_cm7.h **** 
1244:HW_Lib/STM32H7/HAL_Lib/CMSIS/Core/Include/core_cm7.h **** #define DWT_FUNCTION_DATAVMATCH_Pos         8U                                         /*!< DWT FUN
1245:HW_Lib/STM32H7/HAL_Lib/CMSIS/Core/Include/core_cm7.h **** #define DWT_FUNCTION_DATAVMATCH_Msk        (0x1UL << DWT_FUNCTION_DATAVMATCH_Pos)      /*!< DWT FUN
1246:HW_Lib/STM32H7/HAL_Lib/CMSIS/Core/Include/core_cm7.h **** 
1247:HW_Lib/STM32H7/HAL_Lib/CMSIS/Core/Include/core_cm7.h **** #define DWT_FUNCTION_CYCMATCH_Pos           7U                                         /*!< DWT FUN
1248:HW_Lib/STM32H7/HAL_Lib/CMSIS/Core/Include/core_cm7.h **** #define DWT_FUNCTION_CYCMATCH_Msk          (0x1UL << DWT_FUNCTION_CYCMATCH_Pos)        /*!< DWT FUN
1249:HW_Lib/STM32H7/HAL_Lib/CMSIS/Core/Include/core_cm7.h **** 
1250:HW_Lib/STM32H7/HAL_Lib/CMSIS/Core/Include/core_cm7.h **** #define DWT_FUNCTION_EMITRANGE_Pos          5U                                         /*!< DWT FUN
1251:HW_Lib/STM32H7/HAL_Lib/CMSIS/Core/Include/core_cm7.h **** #define DWT_FUNCTION_EMITRANGE_Msk         (0x1UL << DWT_FUNCTION_EMITRANGE_Pos)       /*!< DWT FUN
1252:HW_Lib/STM32H7/HAL_Lib/CMSIS/Core/Include/core_cm7.h **** 
1253:HW_Lib/STM32H7/HAL_Lib/CMSIS/Core/Include/core_cm7.h **** #define DWT_FUNCTION_FUNCTION_Pos           0U                                         /*!< DWT FUN
1254:HW_Lib/STM32H7/HAL_Lib/CMSIS/Core/Include/core_cm7.h **** #define DWT_FUNCTION_FUNCTION_Msk          (0xFUL /*<< DWT_FUNCTION_FUNCTION_Pos*/)    /*!< DWT FUN
1255:HW_Lib/STM32H7/HAL_Lib/CMSIS/Core/Include/core_cm7.h **** 
1256:HW_Lib/STM32H7/HAL_Lib/CMSIS/Core/Include/core_cm7.h **** /*@}*/ /* end of group CMSIS_DWT */
1257:HW_Lib/STM32H7/HAL_Lib/CMSIS/Core/Include/core_cm7.h **** 
1258:HW_Lib/STM32H7/HAL_Lib/CMSIS/Core/Include/core_cm7.h **** 
1259:HW_Lib/STM32H7/HAL_Lib/CMSIS/Core/Include/core_cm7.h **** /**
1260:HW_Lib/STM32H7/HAL_Lib/CMSIS/Core/Include/core_cm7.h ****   \ingroup  CMSIS_core_register
1261:HW_Lib/STM32H7/HAL_Lib/CMSIS/Core/Include/core_cm7.h ****   \defgroup CMSIS_TPI     Trace Port Interface (TPI)
1262:HW_Lib/STM32H7/HAL_Lib/CMSIS/Core/Include/core_cm7.h ****   \brief    Type definitions for the Trace Port Interface (TPI)
1263:HW_Lib/STM32H7/HAL_Lib/CMSIS/Core/Include/core_cm7.h ****   @{
1264:HW_Lib/STM32H7/HAL_Lib/CMSIS/Core/Include/core_cm7.h ****  */
1265:HW_Lib/STM32H7/HAL_Lib/CMSIS/Core/Include/core_cm7.h **** 
1266:HW_Lib/STM32H7/HAL_Lib/CMSIS/Core/Include/core_cm7.h **** /**
1267:HW_Lib/STM32H7/HAL_Lib/CMSIS/Core/Include/core_cm7.h ****   \brief  Structure type to access the Trace Port Interface Register (TPI).
1268:HW_Lib/STM32H7/HAL_Lib/CMSIS/Core/Include/core_cm7.h ****  */
1269:HW_Lib/STM32H7/HAL_Lib/CMSIS/Core/Include/core_cm7.h **** typedef struct
1270:HW_Lib/STM32H7/HAL_Lib/CMSIS/Core/Include/core_cm7.h **** {
1271:HW_Lib/STM32H7/HAL_Lib/CMSIS/Core/Include/core_cm7.h ****   __IM  uint32_t SSPSR;                  /*!< Offset: 0x000 (R/ )  Supported Parallel Port Size Reg
1272:HW_Lib/STM32H7/HAL_Lib/CMSIS/Core/Include/core_cm7.h ****   __IOM uint32_t CSPSR;                  /*!< Offset: 0x004 (R/W)  Current Parallel Port Size Regis
1273:HW_Lib/STM32H7/HAL_Lib/CMSIS/Core/Include/core_cm7.h ****         uint32_t RESERVED0[2U];
1274:HW_Lib/STM32H7/HAL_Lib/CMSIS/Core/Include/core_cm7.h ****   __IOM uint32_t ACPR;                   /*!< Offset: 0x010 (R/W)  Asynchronous Clock Prescaler Reg
1275:HW_Lib/STM32H7/HAL_Lib/CMSIS/Core/Include/core_cm7.h ****         uint32_t RESERVED1[55U];
1276:HW_Lib/STM32H7/HAL_Lib/CMSIS/Core/Include/core_cm7.h ****   __IOM uint32_t SPPR;                   /*!< Offset: 0x0F0 (R/W)  Selected Pin Protocol Register *
1277:HW_Lib/STM32H7/HAL_Lib/CMSIS/Core/Include/core_cm7.h ****         uint32_t RESERVED2[131U];
1278:HW_Lib/STM32H7/HAL_Lib/CMSIS/Core/Include/core_cm7.h ****   __IM  uint32_t FFSR;                   /*!< Offset: 0x300 (R/ )  Formatter and Flush Status Regis
ARM GAS  C:\Users\HUAV\AppData\Local\Temp\cciXU3YP.s 			page 76


1279:HW_Lib/STM32H7/HAL_Lib/CMSIS/Core/Include/core_cm7.h ****   __IOM uint32_t FFCR;                   /*!< Offset: 0x304 (R/W)  Formatter and Flush Control Regi
1280:HW_Lib/STM32H7/HAL_Lib/CMSIS/Core/Include/core_cm7.h ****   __IM  uint32_t FSCR;                   /*!< Offset: 0x308 (R/ )  Formatter Synchronization Counte
1281:HW_Lib/STM32H7/HAL_Lib/CMSIS/Core/Include/core_cm7.h ****         uint32_t RESERVED3[759U];
1282:HW_Lib/STM32H7/HAL_Lib/CMSIS/Core/Include/core_cm7.h ****   __IM  uint32_t TRIGGER;                /*!< Offset: 0xEE8 (R/ )  TRIGGER Register */
1283:HW_Lib/STM32H7/HAL_Lib/CMSIS/Core/Include/core_cm7.h ****   __IM  uint32_t FIFO0;                  /*!< Offset: 0xEEC (R/ )  Integration ETM Data */
1284:HW_Lib/STM32H7/HAL_Lib/CMSIS/Core/Include/core_cm7.h ****   __IM  uint32_t ITATBCTR2;              /*!< Offset: 0xEF0 (R/ )  ITATBCTR2 */
1285:HW_Lib/STM32H7/HAL_Lib/CMSIS/Core/Include/core_cm7.h ****         uint32_t RESERVED4[1U];
1286:HW_Lib/STM32H7/HAL_Lib/CMSIS/Core/Include/core_cm7.h ****   __IM  uint32_t ITATBCTR0;              /*!< Offset: 0xEF8 (R/ )  ITATBCTR0 */
1287:HW_Lib/STM32H7/HAL_Lib/CMSIS/Core/Include/core_cm7.h ****   __IM  uint32_t FIFO1;                  /*!< Offset: 0xEFC (R/ )  Integration ITM Data */
1288:HW_Lib/STM32H7/HAL_Lib/CMSIS/Core/Include/core_cm7.h ****   __IOM uint32_t ITCTRL;                 /*!< Offset: 0xF00 (R/W)  Integration Mode Control */
1289:HW_Lib/STM32H7/HAL_Lib/CMSIS/Core/Include/core_cm7.h ****         uint32_t RESERVED5[39U];
1290:HW_Lib/STM32H7/HAL_Lib/CMSIS/Core/Include/core_cm7.h ****   __IOM uint32_t CLAIMSET;               /*!< Offset: 0xFA0 (R/W)  Claim tag set */
1291:HW_Lib/STM32H7/HAL_Lib/CMSIS/Core/Include/core_cm7.h ****   __IOM uint32_t CLAIMCLR;               /*!< Offset: 0xFA4 (R/W)  Claim tag clear */
1292:HW_Lib/STM32H7/HAL_Lib/CMSIS/Core/Include/core_cm7.h ****         uint32_t RESERVED7[8U];
1293:HW_Lib/STM32H7/HAL_Lib/CMSIS/Core/Include/core_cm7.h ****   __IM  uint32_t DEVID;                  /*!< Offset: 0xFC8 (R/ )  TPIU_DEVID */
1294:HW_Lib/STM32H7/HAL_Lib/CMSIS/Core/Include/core_cm7.h ****   __IM  uint32_t DEVTYPE;                /*!< Offset: 0xFCC (R/ )  TPIU_DEVTYPE */
1295:HW_Lib/STM32H7/HAL_Lib/CMSIS/Core/Include/core_cm7.h **** } TPI_Type;
1296:HW_Lib/STM32H7/HAL_Lib/CMSIS/Core/Include/core_cm7.h **** 
1297:HW_Lib/STM32H7/HAL_Lib/CMSIS/Core/Include/core_cm7.h **** /* TPI Asynchronous Clock Prescaler Register Definitions */
1298:HW_Lib/STM32H7/HAL_Lib/CMSIS/Core/Include/core_cm7.h **** #define TPI_ACPR_PRESCALER_Pos              0U                                         /*!< TPI ACP
1299:HW_Lib/STM32H7/HAL_Lib/CMSIS/Core/Include/core_cm7.h **** #define TPI_ACPR_PRESCALER_Msk             (0x1FFFUL /*<< TPI_ACPR_PRESCALER_Pos*/)    /*!< TPI ACP
1300:HW_Lib/STM32H7/HAL_Lib/CMSIS/Core/Include/core_cm7.h **** 
1301:HW_Lib/STM32H7/HAL_Lib/CMSIS/Core/Include/core_cm7.h **** /* TPI Selected Pin Protocol Register Definitions */
1302:HW_Lib/STM32H7/HAL_Lib/CMSIS/Core/Include/core_cm7.h **** #define TPI_SPPR_TXMODE_Pos                 0U                                         /*!< TPI SPP
1303:HW_Lib/STM32H7/HAL_Lib/CMSIS/Core/Include/core_cm7.h **** #define TPI_SPPR_TXMODE_Msk                (0x3UL /*<< TPI_SPPR_TXMODE_Pos*/)          /*!< TPI SPP
1304:HW_Lib/STM32H7/HAL_Lib/CMSIS/Core/Include/core_cm7.h **** 
1305:HW_Lib/STM32H7/HAL_Lib/CMSIS/Core/Include/core_cm7.h **** /* TPI Formatter and Flush Status Register Definitions */
1306:HW_Lib/STM32H7/HAL_Lib/CMSIS/Core/Include/core_cm7.h **** #define TPI_FFSR_FtNonStop_Pos              3U                                         /*!< TPI FFS
1307:HW_Lib/STM32H7/HAL_Lib/CMSIS/Core/Include/core_cm7.h **** #define TPI_FFSR_FtNonStop_Msk             (0x1UL << TPI_FFSR_FtNonStop_Pos)           /*!< TPI FFS
1308:HW_Lib/STM32H7/HAL_Lib/CMSIS/Core/Include/core_cm7.h **** 
1309:HW_Lib/STM32H7/HAL_Lib/CMSIS/Core/Include/core_cm7.h **** #define TPI_FFSR_TCPresent_Pos              2U                                         /*!< TPI FFS
1310:HW_Lib/STM32H7/HAL_Lib/CMSIS/Core/Include/core_cm7.h **** #define TPI_FFSR_TCPresent_Msk             (0x1UL << TPI_FFSR_TCPresent_Pos)           /*!< TPI FFS
1311:HW_Lib/STM32H7/HAL_Lib/CMSIS/Core/Include/core_cm7.h **** 
1312:HW_Lib/STM32H7/HAL_Lib/CMSIS/Core/Include/core_cm7.h **** #define TPI_FFSR_FtStopped_Pos              1U                                         /*!< TPI FFS
1313:HW_Lib/STM32H7/HAL_Lib/CMSIS/Core/Include/core_cm7.h **** #define TPI_FFSR_FtStopped_Msk             (0x1UL << TPI_FFSR_FtStopped_Pos)           /*!< TPI FFS
1314:HW_Lib/STM32H7/HAL_Lib/CMSIS/Core/Include/core_cm7.h **** 
1315:HW_Lib/STM32H7/HAL_Lib/CMSIS/Core/Include/core_cm7.h **** #define TPI_FFSR_FlInProg_Pos               0U                                         /*!< TPI FFS
1316:HW_Lib/STM32H7/HAL_Lib/CMSIS/Core/Include/core_cm7.h **** #define TPI_FFSR_FlInProg_Msk              (0x1UL /*<< TPI_FFSR_FlInProg_Pos*/)        /*!< TPI FFS
1317:HW_Lib/STM32H7/HAL_Lib/CMSIS/Core/Include/core_cm7.h **** 
1318:HW_Lib/STM32H7/HAL_Lib/CMSIS/Core/Include/core_cm7.h **** /* TPI Formatter and Flush Control Register Definitions */
1319:HW_Lib/STM32H7/HAL_Lib/CMSIS/Core/Include/core_cm7.h **** #define TPI_FFCR_TrigIn_Pos                 8U                                         /*!< TPI FFC
1320:HW_Lib/STM32H7/HAL_Lib/CMSIS/Core/Include/core_cm7.h **** #define TPI_FFCR_TrigIn_Msk                (0x1UL << TPI_FFCR_TrigIn_Pos)              /*!< TPI FFC
1321:HW_Lib/STM32H7/HAL_Lib/CMSIS/Core/Include/core_cm7.h **** 
1322:HW_Lib/STM32H7/HAL_Lib/CMSIS/Core/Include/core_cm7.h **** #define TPI_FFCR_EnFCont_Pos                1U                                         /*!< TPI FFC
1323:HW_Lib/STM32H7/HAL_Lib/CMSIS/Core/Include/core_cm7.h **** #define TPI_FFCR_EnFCont_Msk               (0x1UL << TPI_FFCR_EnFCont_Pos)             /*!< TPI FFC
1324:HW_Lib/STM32H7/HAL_Lib/CMSIS/Core/Include/core_cm7.h **** 
1325:HW_Lib/STM32H7/HAL_Lib/CMSIS/Core/Include/core_cm7.h **** /* TPI TRIGGER Register Definitions */
1326:HW_Lib/STM32H7/HAL_Lib/CMSIS/Core/Include/core_cm7.h **** #define TPI_TRIGGER_TRIGGER_Pos             0U                                         /*!< TPI TRI
1327:HW_Lib/STM32H7/HAL_Lib/CMSIS/Core/Include/core_cm7.h **** #define TPI_TRIGGER_TRIGGER_Msk            (0x1UL /*<< TPI_TRIGGER_TRIGGER_Pos*/)      /*!< TPI TRI
1328:HW_Lib/STM32H7/HAL_Lib/CMSIS/Core/Include/core_cm7.h **** 
1329:HW_Lib/STM32H7/HAL_Lib/CMSIS/Core/Include/core_cm7.h **** /* TPI Integration ETM Data Register Definitions (FIFO0) */
1330:HW_Lib/STM32H7/HAL_Lib/CMSIS/Core/Include/core_cm7.h **** #define TPI_FIFO0_ITM_ATVALID_Pos          29U                                         /*!< TPI FIF
1331:HW_Lib/STM32H7/HAL_Lib/CMSIS/Core/Include/core_cm7.h **** #define TPI_FIFO0_ITM_ATVALID_Msk          (0x1UL << TPI_FIFO0_ITM_ATVALID_Pos)        /*!< TPI FIF
1332:HW_Lib/STM32H7/HAL_Lib/CMSIS/Core/Include/core_cm7.h **** 
1333:HW_Lib/STM32H7/HAL_Lib/CMSIS/Core/Include/core_cm7.h **** #define TPI_FIFO0_ITM_bytecount_Pos        27U                                         /*!< TPI FIF
1334:HW_Lib/STM32H7/HAL_Lib/CMSIS/Core/Include/core_cm7.h **** #define TPI_FIFO0_ITM_bytecount_Msk        (0x3UL << TPI_FIFO0_ITM_bytecount_Pos)      /*!< TPI FIF
1335:HW_Lib/STM32H7/HAL_Lib/CMSIS/Core/Include/core_cm7.h **** 
ARM GAS  C:\Users\HUAV\AppData\Local\Temp\cciXU3YP.s 			page 77


1336:HW_Lib/STM32H7/HAL_Lib/CMSIS/Core/Include/core_cm7.h **** #define TPI_FIFO0_ETM_ATVALID_Pos          26U                                         /*!< TPI FIF
1337:HW_Lib/STM32H7/HAL_Lib/CMSIS/Core/Include/core_cm7.h **** #define TPI_FIFO0_ETM_ATVALID_Msk          (0x1UL << TPI_FIFO0_ETM_ATVALID_Pos)        /*!< TPI FIF
1338:HW_Lib/STM32H7/HAL_Lib/CMSIS/Core/Include/core_cm7.h **** 
1339:HW_Lib/STM32H7/HAL_Lib/CMSIS/Core/Include/core_cm7.h **** #define TPI_FIFO0_ETM_bytecount_Pos        24U                                         /*!< TPI FIF
1340:HW_Lib/STM32H7/HAL_Lib/CMSIS/Core/Include/core_cm7.h **** #define TPI_FIFO0_ETM_bytecount_Msk        (0x3UL << TPI_FIFO0_ETM_bytecount_Pos)      /*!< TPI FIF
1341:HW_Lib/STM32H7/HAL_Lib/CMSIS/Core/Include/core_cm7.h **** 
1342:HW_Lib/STM32H7/HAL_Lib/CMSIS/Core/Include/core_cm7.h **** #define TPI_FIFO0_ETM2_Pos                 16U                                         /*!< TPI FIF
1343:HW_Lib/STM32H7/HAL_Lib/CMSIS/Core/Include/core_cm7.h **** #define TPI_FIFO0_ETM2_Msk                 (0xFFUL << TPI_FIFO0_ETM2_Pos)              /*!< TPI FIF
1344:HW_Lib/STM32H7/HAL_Lib/CMSIS/Core/Include/core_cm7.h **** 
1345:HW_Lib/STM32H7/HAL_Lib/CMSIS/Core/Include/core_cm7.h **** #define TPI_FIFO0_ETM1_Pos                  8U                                         /*!< TPI FIF
1346:HW_Lib/STM32H7/HAL_Lib/CMSIS/Core/Include/core_cm7.h **** #define TPI_FIFO0_ETM1_Msk                 (0xFFUL << TPI_FIFO0_ETM1_Pos)              /*!< TPI FIF
1347:HW_Lib/STM32H7/HAL_Lib/CMSIS/Core/Include/core_cm7.h **** 
1348:HW_Lib/STM32H7/HAL_Lib/CMSIS/Core/Include/core_cm7.h **** #define TPI_FIFO0_ETM0_Pos                  0U                                         /*!< TPI FIF
1349:HW_Lib/STM32H7/HAL_Lib/CMSIS/Core/Include/core_cm7.h **** #define TPI_FIFO0_ETM0_Msk                 (0xFFUL /*<< TPI_FIFO0_ETM0_Pos*/)          /*!< TPI FIF
1350:HW_Lib/STM32H7/HAL_Lib/CMSIS/Core/Include/core_cm7.h **** 
1351:HW_Lib/STM32H7/HAL_Lib/CMSIS/Core/Include/core_cm7.h **** /* TPI ITATBCTR2 Register Definitions */
1352:HW_Lib/STM32H7/HAL_Lib/CMSIS/Core/Include/core_cm7.h **** #define TPI_ITATBCTR2_ATREADY2_Pos          0U                                         /*!< TPI ITA
1353:HW_Lib/STM32H7/HAL_Lib/CMSIS/Core/Include/core_cm7.h **** #define TPI_ITATBCTR2_ATREADY2_Msk         (0x1UL /*<< TPI_ITATBCTR2_ATREADY2_Pos*/)   /*!< TPI ITA
1354:HW_Lib/STM32H7/HAL_Lib/CMSIS/Core/Include/core_cm7.h **** 
1355:HW_Lib/STM32H7/HAL_Lib/CMSIS/Core/Include/core_cm7.h **** #define TPI_ITATBCTR2_ATREADY1_Pos          0U                                         /*!< TPI ITA
1356:HW_Lib/STM32H7/HAL_Lib/CMSIS/Core/Include/core_cm7.h **** #define TPI_ITATBCTR2_ATREADY1_Msk         (0x1UL /*<< TPI_ITATBCTR2_ATREADY1_Pos*/)   /*!< TPI ITA
1357:HW_Lib/STM32H7/HAL_Lib/CMSIS/Core/Include/core_cm7.h **** 
1358:HW_Lib/STM32H7/HAL_Lib/CMSIS/Core/Include/core_cm7.h **** /* TPI Integration ITM Data Register Definitions (FIFO1) */
1359:HW_Lib/STM32H7/HAL_Lib/CMSIS/Core/Include/core_cm7.h **** #define TPI_FIFO1_ITM_ATVALID_Pos          29U                                         /*!< TPI FIF
1360:HW_Lib/STM32H7/HAL_Lib/CMSIS/Core/Include/core_cm7.h **** #define TPI_FIFO1_ITM_ATVALID_Msk          (0x1UL << TPI_FIFO1_ITM_ATVALID_Pos)        /*!< TPI FIF
1361:HW_Lib/STM32H7/HAL_Lib/CMSIS/Core/Include/core_cm7.h **** 
1362:HW_Lib/STM32H7/HAL_Lib/CMSIS/Core/Include/core_cm7.h **** #define TPI_FIFO1_ITM_bytecount_Pos        27U                                         /*!< TPI FIF
1363:HW_Lib/STM32H7/HAL_Lib/CMSIS/Core/Include/core_cm7.h **** #define TPI_FIFO1_ITM_bytecount_Msk        (0x3UL << TPI_FIFO1_ITM_bytecount_Pos)      /*!< TPI FIF
1364:HW_Lib/STM32H7/HAL_Lib/CMSIS/Core/Include/core_cm7.h **** 
1365:HW_Lib/STM32H7/HAL_Lib/CMSIS/Core/Include/core_cm7.h **** #define TPI_FIFO1_ETM_ATVALID_Pos          26U                                         /*!< TPI FIF
1366:HW_Lib/STM32H7/HAL_Lib/CMSIS/Core/Include/core_cm7.h **** #define TPI_FIFO1_ETM_ATVALID_Msk          (0x1UL << TPI_FIFO1_ETM_ATVALID_Pos)        /*!< TPI FIF
1367:HW_Lib/STM32H7/HAL_Lib/CMSIS/Core/Include/core_cm7.h **** 
1368:HW_Lib/STM32H7/HAL_Lib/CMSIS/Core/Include/core_cm7.h **** #define TPI_FIFO1_ETM_bytecount_Pos        24U                                         /*!< TPI FIF
1369:HW_Lib/STM32H7/HAL_Lib/CMSIS/Core/Include/core_cm7.h **** #define TPI_FIFO1_ETM_bytecount_Msk        (0x3UL << TPI_FIFO1_ETM_bytecount_Pos)      /*!< TPI FIF
1370:HW_Lib/STM32H7/HAL_Lib/CMSIS/Core/Include/core_cm7.h **** 
1371:HW_Lib/STM32H7/HAL_Lib/CMSIS/Core/Include/core_cm7.h **** #define TPI_FIFO1_ITM2_Pos                 16U                                         /*!< TPI FIF
1372:HW_Lib/STM32H7/HAL_Lib/CMSIS/Core/Include/core_cm7.h **** #define TPI_FIFO1_ITM2_Msk                 (0xFFUL << TPI_FIFO1_ITM2_Pos)              /*!< TPI FIF
1373:HW_Lib/STM32H7/HAL_Lib/CMSIS/Core/Include/core_cm7.h **** 
1374:HW_Lib/STM32H7/HAL_Lib/CMSIS/Core/Include/core_cm7.h **** #define TPI_FIFO1_ITM1_Pos                  8U                                         /*!< TPI FIF
1375:HW_Lib/STM32H7/HAL_Lib/CMSIS/Core/Include/core_cm7.h **** #define TPI_FIFO1_ITM1_Msk                 (0xFFUL << TPI_FIFO1_ITM1_Pos)              /*!< TPI FIF
1376:HW_Lib/STM32H7/HAL_Lib/CMSIS/Core/Include/core_cm7.h **** 
1377:HW_Lib/STM32H7/HAL_Lib/CMSIS/Core/Include/core_cm7.h **** #define TPI_FIFO1_ITM0_Pos                  0U                                         /*!< TPI FIF
1378:HW_Lib/STM32H7/HAL_Lib/CMSIS/Core/Include/core_cm7.h **** #define TPI_FIFO1_ITM0_Msk                 (0xFFUL /*<< TPI_FIFO1_ITM0_Pos*/)          /*!< TPI FIF
1379:HW_Lib/STM32H7/HAL_Lib/CMSIS/Core/Include/core_cm7.h **** 
1380:HW_Lib/STM32H7/HAL_Lib/CMSIS/Core/Include/core_cm7.h **** /* TPI ITATBCTR0 Register Definitions */
1381:HW_Lib/STM32H7/HAL_Lib/CMSIS/Core/Include/core_cm7.h **** #define TPI_ITATBCTR0_ATREADY2_Pos          0U                                         /*!< TPI ITA
1382:HW_Lib/STM32H7/HAL_Lib/CMSIS/Core/Include/core_cm7.h **** #define TPI_ITATBCTR0_ATREADY2_Msk         (0x1UL /*<< TPI_ITATBCTR0_ATREADY2_Pos*/)   /*!< TPI ITA
1383:HW_Lib/STM32H7/HAL_Lib/CMSIS/Core/Include/core_cm7.h **** 
1384:HW_Lib/STM32H7/HAL_Lib/CMSIS/Core/Include/core_cm7.h **** #define TPI_ITATBCTR0_ATREADY1_Pos          0U                                         /*!< TPI ITA
1385:HW_Lib/STM32H7/HAL_Lib/CMSIS/Core/Include/core_cm7.h **** #define TPI_ITATBCTR0_ATREADY1_Msk         (0x1UL /*<< TPI_ITATBCTR0_ATREADY1_Pos*/)   /*!< TPI ITA
1386:HW_Lib/STM32H7/HAL_Lib/CMSIS/Core/Include/core_cm7.h **** 
1387:HW_Lib/STM32H7/HAL_Lib/CMSIS/Core/Include/core_cm7.h **** /* TPI Integration Mode Control Register Definitions */
1388:HW_Lib/STM32H7/HAL_Lib/CMSIS/Core/Include/core_cm7.h **** #define TPI_ITCTRL_Mode_Pos                 0U                                         /*!< TPI ITC
1389:HW_Lib/STM32H7/HAL_Lib/CMSIS/Core/Include/core_cm7.h **** #define TPI_ITCTRL_Mode_Msk                (0x3UL /*<< TPI_ITCTRL_Mode_Pos*/)          /*!< TPI ITC
1390:HW_Lib/STM32H7/HAL_Lib/CMSIS/Core/Include/core_cm7.h **** 
1391:HW_Lib/STM32H7/HAL_Lib/CMSIS/Core/Include/core_cm7.h **** /* TPI DEVID Register Definitions */
1392:HW_Lib/STM32H7/HAL_Lib/CMSIS/Core/Include/core_cm7.h **** #define TPI_DEVID_NRZVALID_Pos             11U                                         /*!< TPI DEV
ARM GAS  C:\Users\HUAV\AppData\Local\Temp\cciXU3YP.s 			page 78


1393:HW_Lib/STM32H7/HAL_Lib/CMSIS/Core/Include/core_cm7.h **** #define TPI_DEVID_NRZVALID_Msk             (0x1UL << TPI_DEVID_NRZVALID_Pos)           /*!< TPI DEV
1394:HW_Lib/STM32H7/HAL_Lib/CMSIS/Core/Include/core_cm7.h **** 
1395:HW_Lib/STM32H7/HAL_Lib/CMSIS/Core/Include/core_cm7.h **** #define TPI_DEVID_MANCVALID_Pos            10U                                         /*!< TPI DEV
1396:HW_Lib/STM32H7/HAL_Lib/CMSIS/Core/Include/core_cm7.h **** #define TPI_DEVID_MANCVALID_Msk            (0x1UL << TPI_DEVID_MANCVALID_Pos)          /*!< TPI DEV
1397:HW_Lib/STM32H7/HAL_Lib/CMSIS/Core/Include/core_cm7.h **** 
1398:HW_Lib/STM32H7/HAL_Lib/CMSIS/Core/Include/core_cm7.h **** #define TPI_DEVID_PTINVALID_Pos             9U                                         /*!< TPI DEV
1399:HW_Lib/STM32H7/HAL_Lib/CMSIS/Core/Include/core_cm7.h **** #define TPI_DEVID_PTINVALID_Msk            (0x1UL << TPI_DEVID_PTINVALID_Pos)          /*!< TPI DEV
1400:HW_Lib/STM32H7/HAL_Lib/CMSIS/Core/Include/core_cm7.h **** 
1401:HW_Lib/STM32H7/HAL_Lib/CMSIS/Core/Include/core_cm7.h **** #define TPI_DEVID_MinBufSz_Pos              6U                                         /*!< TPI DEV
1402:HW_Lib/STM32H7/HAL_Lib/CMSIS/Core/Include/core_cm7.h **** #define TPI_DEVID_MinBufSz_Msk             (0x7UL << TPI_DEVID_MinBufSz_Pos)           /*!< TPI DEV
1403:HW_Lib/STM32H7/HAL_Lib/CMSIS/Core/Include/core_cm7.h **** 
1404:HW_Lib/STM32H7/HAL_Lib/CMSIS/Core/Include/core_cm7.h **** #define TPI_DEVID_AsynClkIn_Pos             5U                                         /*!< TPI DEV
1405:HW_Lib/STM32H7/HAL_Lib/CMSIS/Core/Include/core_cm7.h **** #define TPI_DEVID_AsynClkIn_Msk            (0x1UL << TPI_DEVID_AsynClkIn_Pos)          /*!< TPI DEV
1406:HW_Lib/STM32H7/HAL_Lib/CMSIS/Core/Include/core_cm7.h **** 
1407:HW_Lib/STM32H7/HAL_Lib/CMSIS/Core/Include/core_cm7.h **** #define TPI_DEVID_NrTraceInput_Pos          0U                                         /*!< TPI DEV
1408:HW_Lib/STM32H7/HAL_Lib/CMSIS/Core/Include/core_cm7.h **** #define TPI_DEVID_NrTraceInput_Msk         (0x1FUL /*<< TPI_DEVID_NrTraceInput_Pos*/)  /*!< TPI DEV
1409:HW_Lib/STM32H7/HAL_Lib/CMSIS/Core/Include/core_cm7.h **** 
1410:HW_Lib/STM32H7/HAL_Lib/CMSIS/Core/Include/core_cm7.h **** /* TPI DEVTYPE Register Definitions */
1411:HW_Lib/STM32H7/HAL_Lib/CMSIS/Core/Include/core_cm7.h **** #define TPI_DEVTYPE_SubType_Pos             4U                                         /*!< TPI DEV
1412:HW_Lib/STM32H7/HAL_Lib/CMSIS/Core/Include/core_cm7.h **** #define TPI_DEVTYPE_SubType_Msk            (0xFUL /*<< TPI_DEVTYPE_SubType_Pos*/)      /*!< TPI DEV
1413:HW_Lib/STM32H7/HAL_Lib/CMSIS/Core/Include/core_cm7.h **** 
1414:HW_Lib/STM32H7/HAL_Lib/CMSIS/Core/Include/core_cm7.h **** #define TPI_DEVTYPE_MajorType_Pos           0U                                         /*!< TPI DEV
1415:HW_Lib/STM32H7/HAL_Lib/CMSIS/Core/Include/core_cm7.h **** #define TPI_DEVTYPE_MajorType_Msk          (0xFUL << TPI_DEVTYPE_MajorType_Pos)        /*!< TPI DEV
1416:HW_Lib/STM32H7/HAL_Lib/CMSIS/Core/Include/core_cm7.h **** 
1417:HW_Lib/STM32H7/HAL_Lib/CMSIS/Core/Include/core_cm7.h **** /*@}*/ /* end of group CMSIS_TPI */
1418:HW_Lib/STM32H7/HAL_Lib/CMSIS/Core/Include/core_cm7.h **** 
1419:HW_Lib/STM32H7/HAL_Lib/CMSIS/Core/Include/core_cm7.h **** 
1420:HW_Lib/STM32H7/HAL_Lib/CMSIS/Core/Include/core_cm7.h **** #if defined (__MPU_PRESENT) && (__MPU_PRESENT == 1U)
1421:HW_Lib/STM32H7/HAL_Lib/CMSIS/Core/Include/core_cm7.h **** /**
1422:HW_Lib/STM32H7/HAL_Lib/CMSIS/Core/Include/core_cm7.h ****   \ingroup  CMSIS_core_register
1423:HW_Lib/STM32H7/HAL_Lib/CMSIS/Core/Include/core_cm7.h ****   \defgroup CMSIS_MPU     Memory Protection Unit (MPU)
1424:HW_Lib/STM32H7/HAL_Lib/CMSIS/Core/Include/core_cm7.h ****   \brief    Type definitions for the Memory Protection Unit (MPU)
1425:HW_Lib/STM32H7/HAL_Lib/CMSIS/Core/Include/core_cm7.h ****   @{
1426:HW_Lib/STM32H7/HAL_Lib/CMSIS/Core/Include/core_cm7.h ****  */
1427:HW_Lib/STM32H7/HAL_Lib/CMSIS/Core/Include/core_cm7.h **** 
1428:HW_Lib/STM32H7/HAL_Lib/CMSIS/Core/Include/core_cm7.h **** /**
1429:HW_Lib/STM32H7/HAL_Lib/CMSIS/Core/Include/core_cm7.h ****   \brief  Structure type to access the Memory Protection Unit (MPU).
1430:HW_Lib/STM32H7/HAL_Lib/CMSIS/Core/Include/core_cm7.h ****  */
1431:HW_Lib/STM32H7/HAL_Lib/CMSIS/Core/Include/core_cm7.h **** typedef struct
1432:HW_Lib/STM32H7/HAL_Lib/CMSIS/Core/Include/core_cm7.h **** {
1433:HW_Lib/STM32H7/HAL_Lib/CMSIS/Core/Include/core_cm7.h ****   __IM  uint32_t TYPE;                   /*!< Offset: 0x000 (R/ )  MPU Type Register */
1434:HW_Lib/STM32H7/HAL_Lib/CMSIS/Core/Include/core_cm7.h ****   __IOM uint32_t CTRL;                   /*!< Offset: 0x004 (R/W)  MPU Control Register */
1435:HW_Lib/STM32H7/HAL_Lib/CMSIS/Core/Include/core_cm7.h ****   __IOM uint32_t RNR;                    /*!< Offset: 0x008 (R/W)  MPU Region RNRber Register */
1436:HW_Lib/STM32H7/HAL_Lib/CMSIS/Core/Include/core_cm7.h ****   __IOM uint32_t RBAR;                   /*!< Offset: 0x00C (R/W)  MPU Region Base Address Register
1437:HW_Lib/STM32H7/HAL_Lib/CMSIS/Core/Include/core_cm7.h ****   __IOM uint32_t RASR;                   /*!< Offset: 0x010 (R/W)  MPU Region Attribute and Size Re
1438:HW_Lib/STM32H7/HAL_Lib/CMSIS/Core/Include/core_cm7.h ****   __IOM uint32_t RBAR_A1;                /*!< Offset: 0x014 (R/W)  MPU Alias 1 Region Base Address 
1439:HW_Lib/STM32H7/HAL_Lib/CMSIS/Core/Include/core_cm7.h ****   __IOM uint32_t RASR_A1;                /*!< Offset: 0x018 (R/W)  MPU Alias 1 Region Attribute and
1440:HW_Lib/STM32H7/HAL_Lib/CMSIS/Core/Include/core_cm7.h ****   __IOM uint32_t RBAR_A2;                /*!< Offset: 0x01C (R/W)  MPU Alias 2 Region Base Address 
1441:HW_Lib/STM32H7/HAL_Lib/CMSIS/Core/Include/core_cm7.h ****   __IOM uint32_t RASR_A2;                /*!< Offset: 0x020 (R/W)  MPU Alias 2 Region Attribute and
1442:HW_Lib/STM32H7/HAL_Lib/CMSIS/Core/Include/core_cm7.h ****   __IOM uint32_t RBAR_A3;                /*!< Offset: 0x024 (R/W)  MPU Alias 3 Region Base Address 
1443:HW_Lib/STM32H7/HAL_Lib/CMSIS/Core/Include/core_cm7.h ****   __IOM uint32_t RASR_A3;                /*!< Offset: 0x028 (R/W)  MPU Alias 3 Region Attribute and
1444:HW_Lib/STM32H7/HAL_Lib/CMSIS/Core/Include/core_cm7.h **** } MPU_Type;
1445:HW_Lib/STM32H7/HAL_Lib/CMSIS/Core/Include/core_cm7.h **** 
1446:HW_Lib/STM32H7/HAL_Lib/CMSIS/Core/Include/core_cm7.h **** #define MPU_TYPE_RALIASES                  4U
1447:HW_Lib/STM32H7/HAL_Lib/CMSIS/Core/Include/core_cm7.h **** 
1448:HW_Lib/STM32H7/HAL_Lib/CMSIS/Core/Include/core_cm7.h **** /* MPU Type Register Definitions */
1449:HW_Lib/STM32H7/HAL_Lib/CMSIS/Core/Include/core_cm7.h **** #define MPU_TYPE_IREGION_Pos               16U                                            /*!< MPU 
ARM GAS  C:\Users\HUAV\AppData\Local\Temp\cciXU3YP.s 			page 79


1450:HW_Lib/STM32H7/HAL_Lib/CMSIS/Core/Include/core_cm7.h **** #define MPU_TYPE_IREGION_Msk               (0xFFUL << MPU_TYPE_IREGION_Pos)               /*!< MPU 
1451:HW_Lib/STM32H7/HAL_Lib/CMSIS/Core/Include/core_cm7.h **** 
1452:HW_Lib/STM32H7/HAL_Lib/CMSIS/Core/Include/core_cm7.h **** #define MPU_TYPE_DREGION_Pos                8U                                            /*!< MPU 
1453:HW_Lib/STM32H7/HAL_Lib/CMSIS/Core/Include/core_cm7.h **** #define MPU_TYPE_DREGION_Msk               (0xFFUL << MPU_TYPE_DREGION_Pos)               /*!< MPU 
1454:HW_Lib/STM32H7/HAL_Lib/CMSIS/Core/Include/core_cm7.h **** 
1455:HW_Lib/STM32H7/HAL_Lib/CMSIS/Core/Include/core_cm7.h **** #define MPU_TYPE_SEPARATE_Pos               0U                                            /*!< MPU 
1456:HW_Lib/STM32H7/HAL_Lib/CMSIS/Core/Include/core_cm7.h **** #define MPU_TYPE_SEPARATE_Msk              (1UL /*<< MPU_TYPE_SEPARATE_Pos*/)             /*!< MPU 
1457:HW_Lib/STM32H7/HAL_Lib/CMSIS/Core/Include/core_cm7.h **** 
1458:HW_Lib/STM32H7/HAL_Lib/CMSIS/Core/Include/core_cm7.h **** /* MPU Control Register Definitions */
1459:HW_Lib/STM32H7/HAL_Lib/CMSIS/Core/Include/core_cm7.h **** #define MPU_CTRL_PRIVDEFENA_Pos             2U                                            /*!< MPU 
1460:HW_Lib/STM32H7/HAL_Lib/CMSIS/Core/Include/core_cm7.h **** #define MPU_CTRL_PRIVDEFENA_Msk            (1UL << MPU_CTRL_PRIVDEFENA_Pos)               /*!< MPU 
1461:HW_Lib/STM32H7/HAL_Lib/CMSIS/Core/Include/core_cm7.h **** 
1462:HW_Lib/STM32H7/HAL_Lib/CMSIS/Core/Include/core_cm7.h **** #define MPU_CTRL_HFNMIENA_Pos               1U                                            /*!< MPU 
1463:HW_Lib/STM32H7/HAL_Lib/CMSIS/Core/Include/core_cm7.h **** #define MPU_CTRL_HFNMIENA_Msk              (1UL << MPU_CTRL_HFNMIENA_Pos)                 /*!< MPU 
1464:HW_Lib/STM32H7/HAL_Lib/CMSIS/Core/Include/core_cm7.h **** 
1465:HW_Lib/STM32H7/HAL_Lib/CMSIS/Core/Include/core_cm7.h **** #define MPU_CTRL_ENABLE_Pos                 0U                                            /*!< MPU 
1466:HW_Lib/STM32H7/HAL_Lib/CMSIS/Core/Include/core_cm7.h **** #define MPU_CTRL_ENABLE_Msk                (1UL /*<< MPU_CTRL_ENABLE_Pos*/)               /*!< MPU 
1467:HW_Lib/STM32H7/HAL_Lib/CMSIS/Core/Include/core_cm7.h **** 
1468:HW_Lib/STM32H7/HAL_Lib/CMSIS/Core/Include/core_cm7.h **** /* MPU Region Number Register Definitions */
1469:HW_Lib/STM32H7/HAL_Lib/CMSIS/Core/Include/core_cm7.h **** #define MPU_RNR_REGION_Pos                  0U                                            /*!< MPU 
1470:HW_Lib/STM32H7/HAL_Lib/CMSIS/Core/Include/core_cm7.h **** #define MPU_RNR_REGION_Msk                 (0xFFUL /*<< MPU_RNR_REGION_Pos*/)             /*!< MPU 
1471:HW_Lib/STM32H7/HAL_Lib/CMSIS/Core/Include/core_cm7.h **** 
1472:HW_Lib/STM32H7/HAL_Lib/CMSIS/Core/Include/core_cm7.h **** /* MPU Region Base Address Register Definitions */
1473:HW_Lib/STM32H7/HAL_Lib/CMSIS/Core/Include/core_cm7.h **** #define MPU_RBAR_ADDR_Pos                   5U                                            /*!< MPU 
1474:HW_Lib/STM32H7/HAL_Lib/CMSIS/Core/Include/core_cm7.h **** #define MPU_RBAR_ADDR_Msk                  (0x7FFFFFFUL << MPU_RBAR_ADDR_Pos)             /*!< MPU 
1475:HW_Lib/STM32H7/HAL_Lib/CMSIS/Core/Include/core_cm7.h **** 
1476:HW_Lib/STM32H7/HAL_Lib/CMSIS/Core/Include/core_cm7.h **** #define MPU_RBAR_VALID_Pos                  4U                                            /*!< MPU 
1477:HW_Lib/STM32H7/HAL_Lib/CMSIS/Core/Include/core_cm7.h **** #define MPU_RBAR_VALID_Msk                 (1UL << MPU_RBAR_VALID_Pos)                    /*!< MPU 
1478:HW_Lib/STM32H7/HAL_Lib/CMSIS/Core/Include/core_cm7.h **** 
1479:HW_Lib/STM32H7/HAL_Lib/CMSIS/Core/Include/core_cm7.h **** #define MPU_RBAR_REGION_Pos                 0U                                            /*!< MPU 
1480:HW_Lib/STM32H7/HAL_Lib/CMSIS/Core/Include/core_cm7.h **** #define MPU_RBAR_REGION_Msk                (0xFUL /*<< MPU_RBAR_REGION_Pos*/)             /*!< MPU 
1481:HW_Lib/STM32H7/HAL_Lib/CMSIS/Core/Include/core_cm7.h **** 
1482:HW_Lib/STM32H7/HAL_Lib/CMSIS/Core/Include/core_cm7.h **** /* MPU Region Attribute and Size Register Definitions */
1483:HW_Lib/STM32H7/HAL_Lib/CMSIS/Core/Include/core_cm7.h **** #define MPU_RASR_ATTRS_Pos                 16U                                            /*!< MPU 
1484:HW_Lib/STM32H7/HAL_Lib/CMSIS/Core/Include/core_cm7.h **** #define MPU_RASR_ATTRS_Msk                 (0xFFFFUL << MPU_RASR_ATTRS_Pos)               /*!< MPU 
1485:HW_Lib/STM32H7/HAL_Lib/CMSIS/Core/Include/core_cm7.h **** 
1486:HW_Lib/STM32H7/HAL_Lib/CMSIS/Core/Include/core_cm7.h **** #define MPU_RASR_XN_Pos                    28U                                            /*!< MPU 
1487:HW_Lib/STM32H7/HAL_Lib/CMSIS/Core/Include/core_cm7.h **** #define MPU_RASR_XN_Msk                    (1UL << MPU_RASR_XN_Pos)                       /*!< MPU 
1488:HW_Lib/STM32H7/HAL_Lib/CMSIS/Core/Include/core_cm7.h **** 
1489:HW_Lib/STM32H7/HAL_Lib/CMSIS/Core/Include/core_cm7.h **** #define MPU_RASR_AP_Pos                    24U                                            /*!< MPU 
1490:HW_Lib/STM32H7/HAL_Lib/CMSIS/Core/Include/core_cm7.h **** #define MPU_RASR_AP_Msk                    (0x7UL << MPU_RASR_AP_Pos)                     /*!< MPU 
1491:HW_Lib/STM32H7/HAL_Lib/CMSIS/Core/Include/core_cm7.h **** 
1492:HW_Lib/STM32H7/HAL_Lib/CMSIS/Core/Include/core_cm7.h **** #define MPU_RASR_TEX_Pos                   19U                                            /*!< MPU 
1493:HW_Lib/STM32H7/HAL_Lib/CMSIS/Core/Include/core_cm7.h **** #define MPU_RASR_TEX_Msk                   (0x7UL << MPU_RASR_TEX_Pos)                    /*!< MPU 
1494:HW_Lib/STM32H7/HAL_Lib/CMSIS/Core/Include/core_cm7.h **** 
1495:HW_Lib/STM32H7/HAL_Lib/CMSIS/Core/Include/core_cm7.h **** #define MPU_RASR_S_Pos                     18U                                            /*!< MPU 
1496:HW_Lib/STM32H7/HAL_Lib/CMSIS/Core/Include/core_cm7.h **** #define MPU_RASR_S_Msk                     (1UL << MPU_RASR_S_Pos)                        /*!< MPU 
1497:HW_Lib/STM32H7/HAL_Lib/CMSIS/Core/Include/core_cm7.h **** 
1498:HW_Lib/STM32H7/HAL_Lib/CMSIS/Core/Include/core_cm7.h **** #define MPU_RASR_C_Pos                     17U                                            /*!< MPU 
1499:HW_Lib/STM32H7/HAL_Lib/CMSIS/Core/Include/core_cm7.h **** #define MPU_RASR_C_Msk                     (1UL << MPU_RASR_C_Pos)                        /*!< MPU 
1500:HW_Lib/STM32H7/HAL_Lib/CMSIS/Core/Include/core_cm7.h **** 
1501:HW_Lib/STM32H7/HAL_Lib/CMSIS/Core/Include/core_cm7.h **** #define MPU_RASR_B_Pos                     16U                                            /*!< MPU 
1502:HW_Lib/STM32H7/HAL_Lib/CMSIS/Core/Include/core_cm7.h **** #define MPU_RASR_B_Msk                     (1UL << MPU_RASR_B_Pos)                        /*!< MPU 
1503:HW_Lib/STM32H7/HAL_Lib/CMSIS/Core/Include/core_cm7.h **** 
1504:HW_Lib/STM32H7/HAL_Lib/CMSIS/Core/Include/core_cm7.h **** #define MPU_RASR_SRD_Pos                    8U                                            /*!< MPU 
1505:HW_Lib/STM32H7/HAL_Lib/CMSIS/Core/Include/core_cm7.h **** #define MPU_RASR_SRD_Msk                   (0xFFUL << MPU_RASR_SRD_Pos)                   /*!< MPU 
1506:HW_Lib/STM32H7/HAL_Lib/CMSIS/Core/Include/core_cm7.h **** 
ARM GAS  C:\Users\HUAV\AppData\Local\Temp\cciXU3YP.s 			page 80


1507:HW_Lib/STM32H7/HAL_Lib/CMSIS/Core/Include/core_cm7.h **** #define MPU_RASR_SIZE_Pos                   1U                                            /*!< MPU 
1508:HW_Lib/STM32H7/HAL_Lib/CMSIS/Core/Include/core_cm7.h **** #define MPU_RASR_SIZE_Msk                  (0x1FUL << MPU_RASR_SIZE_Pos)                  /*!< MPU 
1509:HW_Lib/STM32H7/HAL_Lib/CMSIS/Core/Include/core_cm7.h **** 
1510:HW_Lib/STM32H7/HAL_Lib/CMSIS/Core/Include/core_cm7.h **** #define MPU_RASR_ENABLE_Pos                 0U                                            /*!< MPU 
1511:HW_Lib/STM32H7/HAL_Lib/CMSIS/Core/Include/core_cm7.h **** #define MPU_RASR_ENABLE_Msk                (1UL /*<< MPU_RASR_ENABLE_Pos*/)               /*!< MPU 
1512:HW_Lib/STM32H7/HAL_Lib/CMSIS/Core/Include/core_cm7.h **** 
1513:HW_Lib/STM32H7/HAL_Lib/CMSIS/Core/Include/core_cm7.h **** /*@} end of group CMSIS_MPU */
1514:HW_Lib/STM32H7/HAL_Lib/CMSIS/Core/Include/core_cm7.h **** #endif /* defined (__MPU_PRESENT) && (__MPU_PRESENT == 1U) */
1515:HW_Lib/STM32H7/HAL_Lib/CMSIS/Core/Include/core_cm7.h **** 
1516:HW_Lib/STM32H7/HAL_Lib/CMSIS/Core/Include/core_cm7.h **** 
1517:HW_Lib/STM32H7/HAL_Lib/CMSIS/Core/Include/core_cm7.h **** /**
1518:HW_Lib/STM32H7/HAL_Lib/CMSIS/Core/Include/core_cm7.h ****   \ingroup  CMSIS_core_register
1519:HW_Lib/STM32H7/HAL_Lib/CMSIS/Core/Include/core_cm7.h ****   \defgroup CMSIS_FPU     Floating Point Unit (FPU)
1520:HW_Lib/STM32H7/HAL_Lib/CMSIS/Core/Include/core_cm7.h ****   \brief    Type definitions for the Floating Point Unit (FPU)
1521:HW_Lib/STM32H7/HAL_Lib/CMSIS/Core/Include/core_cm7.h ****   @{
1522:HW_Lib/STM32H7/HAL_Lib/CMSIS/Core/Include/core_cm7.h ****  */
1523:HW_Lib/STM32H7/HAL_Lib/CMSIS/Core/Include/core_cm7.h **** 
1524:HW_Lib/STM32H7/HAL_Lib/CMSIS/Core/Include/core_cm7.h **** /**
1525:HW_Lib/STM32H7/HAL_Lib/CMSIS/Core/Include/core_cm7.h ****   \brief  Structure type to access the Floating Point Unit (FPU).
1526:HW_Lib/STM32H7/HAL_Lib/CMSIS/Core/Include/core_cm7.h ****  */
1527:HW_Lib/STM32H7/HAL_Lib/CMSIS/Core/Include/core_cm7.h **** typedef struct
1528:HW_Lib/STM32H7/HAL_Lib/CMSIS/Core/Include/core_cm7.h **** {
1529:HW_Lib/STM32H7/HAL_Lib/CMSIS/Core/Include/core_cm7.h ****         uint32_t RESERVED0[1U];
1530:HW_Lib/STM32H7/HAL_Lib/CMSIS/Core/Include/core_cm7.h ****   __IOM uint32_t FPCCR;                  /*!< Offset: 0x004 (R/W)  Floating-Point Context Control R
1531:HW_Lib/STM32H7/HAL_Lib/CMSIS/Core/Include/core_cm7.h ****   __IOM uint32_t FPCAR;                  /*!< Offset: 0x008 (R/W)  Floating-Point Context Address R
1532:HW_Lib/STM32H7/HAL_Lib/CMSIS/Core/Include/core_cm7.h ****   __IOM uint32_t FPDSCR;                 /*!< Offset: 0x00C (R/W)  Floating-Point Default Status Co
1533:HW_Lib/STM32H7/HAL_Lib/CMSIS/Core/Include/core_cm7.h ****   __IM  uint32_t MVFR0;                  /*!< Offset: 0x010 (R/ )  Media and FP Feature Register 0 
1534:HW_Lib/STM32H7/HAL_Lib/CMSIS/Core/Include/core_cm7.h ****   __IM  uint32_t MVFR1;                  /*!< Offset: 0x014 (R/ )  Media and FP Feature Register 1 
1535:HW_Lib/STM32H7/HAL_Lib/CMSIS/Core/Include/core_cm7.h ****   __IM  uint32_t MVFR2;                  /*!< Offset: 0x018 (R/ )  Media and FP Feature Register 2 
1536:HW_Lib/STM32H7/HAL_Lib/CMSIS/Core/Include/core_cm7.h **** } FPU_Type;
1537:HW_Lib/STM32H7/HAL_Lib/CMSIS/Core/Include/core_cm7.h **** 
1538:HW_Lib/STM32H7/HAL_Lib/CMSIS/Core/Include/core_cm7.h **** /* Floating-Point Context Control Register Definitions */
1539:HW_Lib/STM32H7/HAL_Lib/CMSIS/Core/Include/core_cm7.h **** #define FPU_FPCCR_ASPEN_Pos                31U                                            /*!< FPCC
1540:HW_Lib/STM32H7/HAL_Lib/CMSIS/Core/Include/core_cm7.h **** #define FPU_FPCCR_ASPEN_Msk                (1UL << FPU_FPCCR_ASPEN_Pos)                   /*!< FPCC
1541:HW_Lib/STM32H7/HAL_Lib/CMSIS/Core/Include/core_cm7.h **** 
1542:HW_Lib/STM32H7/HAL_Lib/CMSIS/Core/Include/core_cm7.h **** #define FPU_FPCCR_LSPEN_Pos                30U                                            /*!< FPCC
1543:HW_Lib/STM32H7/HAL_Lib/CMSIS/Core/Include/core_cm7.h **** #define FPU_FPCCR_LSPEN_Msk                (1UL << FPU_FPCCR_LSPEN_Pos)                   /*!< FPCC
1544:HW_Lib/STM32H7/HAL_Lib/CMSIS/Core/Include/core_cm7.h **** 
1545:HW_Lib/STM32H7/HAL_Lib/CMSIS/Core/Include/core_cm7.h **** #define FPU_FPCCR_MONRDY_Pos                8U                                            /*!< FPCC
1546:HW_Lib/STM32H7/HAL_Lib/CMSIS/Core/Include/core_cm7.h **** #define FPU_FPCCR_MONRDY_Msk               (1UL << FPU_FPCCR_MONRDY_Pos)                  /*!< FPCC
1547:HW_Lib/STM32H7/HAL_Lib/CMSIS/Core/Include/core_cm7.h **** 
1548:HW_Lib/STM32H7/HAL_Lib/CMSIS/Core/Include/core_cm7.h **** #define FPU_FPCCR_BFRDY_Pos                 6U                                            /*!< FPCC
1549:HW_Lib/STM32H7/HAL_Lib/CMSIS/Core/Include/core_cm7.h **** #define FPU_FPCCR_BFRDY_Msk                (1UL << FPU_FPCCR_BFRDY_Pos)                   /*!< FPCC
1550:HW_Lib/STM32H7/HAL_Lib/CMSIS/Core/Include/core_cm7.h **** 
1551:HW_Lib/STM32H7/HAL_Lib/CMSIS/Core/Include/core_cm7.h **** #define FPU_FPCCR_MMRDY_Pos                 5U                                            /*!< FPCC
1552:HW_Lib/STM32H7/HAL_Lib/CMSIS/Core/Include/core_cm7.h **** #define FPU_FPCCR_MMRDY_Msk                (1UL << FPU_FPCCR_MMRDY_Pos)                   /*!< FPCC
1553:HW_Lib/STM32H7/HAL_Lib/CMSIS/Core/Include/core_cm7.h **** 
1554:HW_Lib/STM32H7/HAL_Lib/CMSIS/Core/Include/core_cm7.h **** #define FPU_FPCCR_HFRDY_Pos                 4U                                            /*!< FPCC
1555:HW_Lib/STM32H7/HAL_Lib/CMSIS/Core/Include/core_cm7.h **** #define FPU_FPCCR_HFRDY_Msk                (1UL << FPU_FPCCR_HFRDY_Pos)                   /*!< FPCC
1556:HW_Lib/STM32H7/HAL_Lib/CMSIS/Core/Include/core_cm7.h **** 
1557:HW_Lib/STM32H7/HAL_Lib/CMSIS/Core/Include/core_cm7.h **** #define FPU_FPCCR_THREAD_Pos                3U                                            /*!< FPCC
1558:HW_Lib/STM32H7/HAL_Lib/CMSIS/Core/Include/core_cm7.h **** #define FPU_FPCCR_THREAD_Msk               (1UL << FPU_FPCCR_THREAD_Pos)                  /*!< FPCC
1559:HW_Lib/STM32H7/HAL_Lib/CMSIS/Core/Include/core_cm7.h **** 
1560:HW_Lib/STM32H7/HAL_Lib/CMSIS/Core/Include/core_cm7.h **** #define FPU_FPCCR_USER_Pos                  1U                                            /*!< FPCC
1561:HW_Lib/STM32H7/HAL_Lib/CMSIS/Core/Include/core_cm7.h **** #define FPU_FPCCR_USER_Msk                 (1UL << FPU_FPCCR_USER_Pos)                    /*!< FPCC
1562:HW_Lib/STM32H7/HAL_Lib/CMSIS/Core/Include/core_cm7.h **** 
1563:HW_Lib/STM32H7/HAL_Lib/CMSIS/Core/Include/core_cm7.h **** #define FPU_FPCCR_LSPACT_Pos                0U                                            /*!< FPCC
ARM GAS  C:\Users\HUAV\AppData\Local\Temp\cciXU3YP.s 			page 81


1564:HW_Lib/STM32H7/HAL_Lib/CMSIS/Core/Include/core_cm7.h **** #define FPU_FPCCR_LSPACT_Msk               (1UL /*<< FPU_FPCCR_LSPACT_Pos*/)              /*!< FPCC
1565:HW_Lib/STM32H7/HAL_Lib/CMSIS/Core/Include/core_cm7.h **** 
1566:HW_Lib/STM32H7/HAL_Lib/CMSIS/Core/Include/core_cm7.h **** /* Floating-Point Context Address Register Definitions */
1567:HW_Lib/STM32H7/HAL_Lib/CMSIS/Core/Include/core_cm7.h **** #define FPU_FPCAR_ADDRESS_Pos               3U                                            /*!< FPCA
1568:HW_Lib/STM32H7/HAL_Lib/CMSIS/Core/Include/core_cm7.h **** #define FPU_FPCAR_ADDRESS_Msk              (0x1FFFFFFFUL << FPU_FPCAR_ADDRESS_Pos)        /*!< FPCA
1569:HW_Lib/STM32H7/HAL_Lib/CMSIS/Core/Include/core_cm7.h **** 
1570:HW_Lib/STM32H7/HAL_Lib/CMSIS/Core/Include/core_cm7.h **** /* Floating-Point Default Status Control Register Definitions */
1571:HW_Lib/STM32H7/HAL_Lib/CMSIS/Core/Include/core_cm7.h **** #define FPU_FPDSCR_AHP_Pos                 26U                                            /*!< FPDS
1572:HW_Lib/STM32H7/HAL_Lib/CMSIS/Core/Include/core_cm7.h **** #define FPU_FPDSCR_AHP_Msk                 (1UL << FPU_FPDSCR_AHP_Pos)                    /*!< FPDS
1573:HW_Lib/STM32H7/HAL_Lib/CMSIS/Core/Include/core_cm7.h **** 
1574:HW_Lib/STM32H7/HAL_Lib/CMSIS/Core/Include/core_cm7.h **** #define FPU_FPDSCR_DN_Pos                  25U                                            /*!< FPDS
1575:HW_Lib/STM32H7/HAL_Lib/CMSIS/Core/Include/core_cm7.h **** #define FPU_FPDSCR_DN_Msk                  (1UL << FPU_FPDSCR_DN_Pos)                     /*!< FPDS
1576:HW_Lib/STM32H7/HAL_Lib/CMSIS/Core/Include/core_cm7.h **** 
1577:HW_Lib/STM32H7/HAL_Lib/CMSIS/Core/Include/core_cm7.h **** #define FPU_FPDSCR_FZ_Pos                  24U                                            /*!< FPDS
1578:HW_Lib/STM32H7/HAL_Lib/CMSIS/Core/Include/core_cm7.h **** #define FPU_FPDSCR_FZ_Msk                  (1UL << FPU_FPDSCR_FZ_Pos)                     /*!< FPDS
1579:HW_Lib/STM32H7/HAL_Lib/CMSIS/Core/Include/core_cm7.h **** 
1580:HW_Lib/STM32H7/HAL_Lib/CMSIS/Core/Include/core_cm7.h **** #define FPU_FPDSCR_RMode_Pos               22U                                            /*!< FPDS
1581:HW_Lib/STM32H7/HAL_Lib/CMSIS/Core/Include/core_cm7.h **** #define FPU_FPDSCR_RMode_Msk               (3UL << FPU_FPDSCR_RMode_Pos)                  /*!< FPDS
1582:HW_Lib/STM32H7/HAL_Lib/CMSIS/Core/Include/core_cm7.h **** 
1583:HW_Lib/STM32H7/HAL_Lib/CMSIS/Core/Include/core_cm7.h **** /* Media and FP Feature Register 0 Definitions */
1584:HW_Lib/STM32H7/HAL_Lib/CMSIS/Core/Include/core_cm7.h **** #define FPU_MVFR0_FP_rounding_modes_Pos    28U                                            /*!< MVFR
1585:HW_Lib/STM32H7/HAL_Lib/CMSIS/Core/Include/core_cm7.h **** #define FPU_MVFR0_FP_rounding_modes_Msk    (0xFUL << FPU_MVFR0_FP_rounding_modes_Pos)     /*!< MVFR
1586:HW_Lib/STM32H7/HAL_Lib/CMSIS/Core/Include/core_cm7.h **** 
1587:HW_Lib/STM32H7/HAL_Lib/CMSIS/Core/Include/core_cm7.h **** #define FPU_MVFR0_Short_vectors_Pos        24U                                            /*!< MVFR
1588:HW_Lib/STM32H7/HAL_Lib/CMSIS/Core/Include/core_cm7.h **** #define FPU_MVFR0_Short_vectors_Msk        (0xFUL << FPU_MVFR0_Short_vectors_Pos)         /*!< MVFR
1589:HW_Lib/STM32H7/HAL_Lib/CMSIS/Core/Include/core_cm7.h **** 
1590:HW_Lib/STM32H7/HAL_Lib/CMSIS/Core/Include/core_cm7.h **** #define FPU_MVFR0_Square_root_Pos          20U                                            /*!< MVFR
1591:HW_Lib/STM32H7/HAL_Lib/CMSIS/Core/Include/core_cm7.h **** #define FPU_MVFR0_Square_root_Msk          (0xFUL << FPU_MVFR0_Square_root_Pos)           /*!< MVFR
1592:HW_Lib/STM32H7/HAL_Lib/CMSIS/Core/Include/core_cm7.h **** 
1593:HW_Lib/STM32H7/HAL_Lib/CMSIS/Core/Include/core_cm7.h **** #define FPU_MVFR0_Divide_Pos               16U                                            /*!< MVFR
1594:HW_Lib/STM32H7/HAL_Lib/CMSIS/Core/Include/core_cm7.h **** #define FPU_MVFR0_Divide_Msk               (0xFUL << FPU_MVFR0_Divide_Pos)                /*!< MVFR
1595:HW_Lib/STM32H7/HAL_Lib/CMSIS/Core/Include/core_cm7.h **** 
1596:HW_Lib/STM32H7/HAL_Lib/CMSIS/Core/Include/core_cm7.h **** #define FPU_MVFR0_FP_excep_trapping_Pos    12U                                            /*!< MVFR
1597:HW_Lib/STM32H7/HAL_Lib/CMSIS/Core/Include/core_cm7.h **** #define FPU_MVFR0_FP_excep_trapping_Msk    (0xFUL << FPU_MVFR0_FP_excep_trapping_Pos)     /*!< MVFR
1598:HW_Lib/STM32H7/HAL_Lib/CMSIS/Core/Include/core_cm7.h **** 
1599:HW_Lib/STM32H7/HAL_Lib/CMSIS/Core/Include/core_cm7.h **** #define FPU_MVFR0_Double_precision_Pos      8U                                            /*!< MVFR
1600:HW_Lib/STM32H7/HAL_Lib/CMSIS/Core/Include/core_cm7.h **** #define FPU_MVFR0_Double_precision_Msk     (0xFUL << FPU_MVFR0_Double_precision_Pos)      /*!< MVFR
1601:HW_Lib/STM32H7/HAL_Lib/CMSIS/Core/Include/core_cm7.h **** 
1602:HW_Lib/STM32H7/HAL_Lib/CMSIS/Core/Include/core_cm7.h **** #define FPU_MVFR0_Single_precision_Pos      4U                                            /*!< MVFR
1603:HW_Lib/STM32H7/HAL_Lib/CMSIS/Core/Include/core_cm7.h **** #define FPU_MVFR0_Single_precision_Msk     (0xFUL << FPU_MVFR0_Single_precision_Pos)      /*!< MVFR
1604:HW_Lib/STM32H7/HAL_Lib/CMSIS/Core/Include/core_cm7.h **** 
1605:HW_Lib/STM32H7/HAL_Lib/CMSIS/Core/Include/core_cm7.h **** #define FPU_MVFR0_A_SIMD_registers_Pos      0U                                            /*!< MVFR
1606:HW_Lib/STM32H7/HAL_Lib/CMSIS/Core/Include/core_cm7.h **** #define FPU_MVFR0_A_SIMD_registers_Msk     (0xFUL /*<< FPU_MVFR0_A_SIMD_registers_Pos*/)  /*!< MVFR
1607:HW_Lib/STM32H7/HAL_Lib/CMSIS/Core/Include/core_cm7.h **** 
1608:HW_Lib/STM32H7/HAL_Lib/CMSIS/Core/Include/core_cm7.h **** /* Media and FP Feature Register 1 Definitions */
1609:HW_Lib/STM32H7/HAL_Lib/CMSIS/Core/Include/core_cm7.h **** #define FPU_MVFR1_FP_fused_MAC_Pos         28U                                            /*!< MVFR
1610:HW_Lib/STM32H7/HAL_Lib/CMSIS/Core/Include/core_cm7.h **** #define FPU_MVFR1_FP_fused_MAC_Msk         (0xFUL << FPU_MVFR1_FP_fused_MAC_Pos)          /*!< MVFR
1611:HW_Lib/STM32H7/HAL_Lib/CMSIS/Core/Include/core_cm7.h **** 
1612:HW_Lib/STM32H7/HAL_Lib/CMSIS/Core/Include/core_cm7.h **** #define FPU_MVFR1_FP_HPFP_Pos              24U                                            /*!< MVFR
1613:HW_Lib/STM32H7/HAL_Lib/CMSIS/Core/Include/core_cm7.h **** #define FPU_MVFR1_FP_HPFP_Msk              (0xFUL << FPU_MVFR1_FP_HPFP_Pos)               /*!< MVFR
1614:HW_Lib/STM32H7/HAL_Lib/CMSIS/Core/Include/core_cm7.h **** 
1615:HW_Lib/STM32H7/HAL_Lib/CMSIS/Core/Include/core_cm7.h **** #define FPU_MVFR1_D_NaN_mode_Pos            4U                                            /*!< MVFR
1616:HW_Lib/STM32H7/HAL_Lib/CMSIS/Core/Include/core_cm7.h **** #define FPU_MVFR1_D_NaN_mode_Msk           (0xFUL << FPU_MVFR1_D_NaN_mode_Pos)            /*!< MVFR
1617:HW_Lib/STM32H7/HAL_Lib/CMSIS/Core/Include/core_cm7.h **** 
1618:HW_Lib/STM32H7/HAL_Lib/CMSIS/Core/Include/core_cm7.h **** #define FPU_MVFR1_FtZ_mode_Pos              0U                                            /*!< MVFR
1619:HW_Lib/STM32H7/HAL_Lib/CMSIS/Core/Include/core_cm7.h **** #define FPU_MVFR1_FtZ_mode_Msk             (0xFUL /*<< FPU_MVFR1_FtZ_mode_Pos*/)          /*!< MVFR
1620:HW_Lib/STM32H7/HAL_Lib/CMSIS/Core/Include/core_cm7.h **** 
ARM GAS  C:\Users\HUAV\AppData\Local\Temp\cciXU3YP.s 			page 82


1621:HW_Lib/STM32H7/HAL_Lib/CMSIS/Core/Include/core_cm7.h **** /* Media and FP Feature Register 2 Definitions */
1622:HW_Lib/STM32H7/HAL_Lib/CMSIS/Core/Include/core_cm7.h **** 
1623:HW_Lib/STM32H7/HAL_Lib/CMSIS/Core/Include/core_cm7.h **** #define FPU_MVFR2_VFP_Misc_Pos              4U                                            /*!< MVFR
1624:HW_Lib/STM32H7/HAL_Lib/CMSIS/Core/Include/core_cm7.h **** #define FPU_MVFR2_VFP_Misc_Msk             (0xFUL << FPU_MVFR2_VFP_Misc_Pos)              /*!< MVFR
1625:HW_Lib/STM32H7/HAL_Lib/CMSIS/Core/Include/core_cm7.h **** 
1626:HW_Lib/STM32H7/HAL_Lib/CMSIS/Core/Include/core_cm7.h **** /*@} end of group CMSIS_FPU */
1627:HW_Lib/STM32H7/HAL_Lib/CMSIS/Core/Include/core_cm7.h **** 
1628:HW_Lib/STM32H7/HAL_Lib/CMSIS/Core/Include/core_cm7.h **** 
1629:HW_Lib/STM32H7/HAL_Lib/CMSIS/Core/Include/core_cm7.h **** /**
1630:HW_Lib/STM32H7/HAL_Lib/CMSIS/Core/Include/core_cm7.h ****   \ingroup  CMSIS_core_register
1631:HW_Lib/STM32H7/HAL_Lib/CMSIS/Core/Include/core_cm7.h ****   \defgroup CMSIS_CoreDebug       Core Debug Registers (CoreDebug)
1632:HW_Lib/STM32H7/HAL_Lib/CMSIS/Core/Include/core_cm7.h ****   \brief    Type definitions for the Core Debug Registers
1633:HW_Lib/STM32H7/HAL_Lib/CMSIS/Core/Include/core_cm7.h ****   @{
1634:HW_Lib/STM32H7/HAL_Lib/CMSIS/Core/Include/core_cm7.h ****  */
1635:HW_Lib/STM32H7/HAL_Lib/CMSIS/Core/Include/core_cm7.h **** 
1636:HW_Lib/STM32H7/HAL_Lib/CMSIS/Core/Include/core_cm7.h **** /**
1637:HW_Lib/STM32H7/HAL_Lib/CMSIS/Core/Include/core_cm7.h ****   \brief  Structure type to access the Core Debug Register (CoreDebug).
1638:HW_Lib/STM32H7/HAL_Lib/CMSIS/Core/Include/core_cm7.h ****  */
1639:HW_Lib/STM32H7/HAL_Lib/CMSIS/Core/Include/core_cm7.h **** typedef struct
1640:HW_Lib/STM32H7/HAL_Lib/CMSIS/Core/Include/core_cm7.h **** {
1641:HW_Lib/STM32H7/HAL_Lib/CMSIS/Core/Include/core_cm7.h ****   __IOM uint32_t DHCSR;                  /*!< Offset: 0x000 (R/W)  Debug Halting Control and Status
1642:HW_Lib/STM32H7/HAL_Lib/CMSIS/Core/Include/core_cm7.h ****   __OM  uint32_t DCRSR;                  /*!< Offset: 0x004 ( /W)  Debug Core Register Selector Reg
1643:HW_Lib/STM32H7/HAL_Lib/CMSIS/Core/Include/core_cm7.h ****   __IOM uint32_t DCRDR;                  /*!< Offset: 0x008 (R/W)  Debug Core Register Data Registe
1644:HW_Lib/STM32H7/HAL_Lib/CMSIS/Core/Include/core_cm7.h ****   __IOM uint32_t DEMCR;                  /*!< Offset: 0x00C (R/W)  Debug Exception and Monitor Cont
1645:HW_Lib/STM32H7/HAL_Lib/CMSIS/Core/Include/core_cm7.h **** } CoreDebug_Type;
1646:HW_Lib/STM32H7/HAL_Lib/CMSIS/Core/Include/core_cm7.h **** 
1647:HW_Lib/STM32H7/HAL_Lib/CMSIS/Core/Include/core_cm7.h **** /* Debug Halting Control and Status Register Definitions */
1648:HW_Lib/STM32H7/HAL_Lib/CMSIS/Core/Include/core_cm7.h **** #define CoreDebug_DHCSR_DBGKEY_Pos         16U                                            /*!< Core
1649:HW_Lib/STM32H7/HAL_Lib/CMSIS/Core/Include/core_cm7.h **** #define CoreDebug_DHCSR_DBGKEY_Msk         (0xFFFFUL << CoreDebug_DHCSR_DBGKEY_Pos)       /*!< Core
1650:HW_Lib/STM32H7/HAL_Lib/CMSIS/Core/Include/core_cm7.h **** 
1651:HW_Lib/STM32H7/HAL_Lib/CMSIS/Core/Include/core_cm7.h **** #define CoreDebug_DHCSR_S_RESET_ST_Pos     25U                                            /*!< Core
1652:HW_Lib/STM32H7/HAL_Lib/CMSIS/Core/Include/core_cm7.h **** #define CoreDebug_DHCSR_S_RESET_ST_Msk     (1UL << CoreDebug_DHCSR_S_RESET_ST_Pos)        /*!< Core
1653:HW_Lib/STM32H7/HAL_Lib/CMSIS/Core/Include/core_cm7.h **** 
1654:HW_Lib/STM32H7/HAL_Lib/CMSIS/Core/Include/core_cm7.h **** #define CoreDebug_DHCSR_S_RETIRE_ST_Pos    24U                                            /*!< Core
1655:HW_Lib/STM32H7/HAL_Lib/CMSIS/Core/Include/core_cm7.h **** #define CoreDebug_DHCSR_S_RETIRE_ST_Msk    (1UL << CoreDebug_DHCSR_S_RETIRE_ST_Pos)       /*!< Core
1656:HW_Lib/STM32H7/HAL_Lib/CMSIS/Core/Include/core_cm7.h **** 
1657:HW_Lib/STM32H7/HAL_Lib/CMSIS/Core/Include/core_cm7.h **** #define CoreDebug_DHCSR_S_LOCKUP_Pos       19U                                            /*!< Core
1658:HW_Lib/STM32H7/HAL_Lib/CMSIS/Core/Include/core_cm7.h **** #define CoreDebug_DHCSR_S_LOCKUP_Msk       (1UL << CoreDebug_DHCSR_S_LOCKUP_Pos)          /*!< Core
1659:HW_Lib/STM32H7/HAL_Lib/CMSIS/Core/Include/core_cm7.h **** 
1660:HW_Lib/STM32H7/HAL_Lib/CMSIS/Core/Include/core_cm7.h **** #define CoreDebug_DHCSR_S_SLEEP_Pos        18U                                            /*!< Core
1661:HW_Lib/STM32H7/HAL_Lib/CMSIS/Core/Include/core_cm7.h **** #define CoreDebug_DHCSR_S_SLEEP_Msk        (1UL << CoreDebug_DHCSR_S_SLEEP_Pos)           /*!< Core
1662:HW_Lib/STM32H7/HAL_Lib/CMSIS/Core/Include/core_cm7.h **** 
1663:HW_Lib/STM32H7/HAL_Lib/CMSIS/Core/Include/core_cm7.h **** #define CoreDebug_DHCSR_S_HALT_Pos         17U                                            /*!< Core
1664:HW_Lib/STM32H7/HAL_Lib/CMSIS/Core/Include/core_cm7.h **** #define CoreDebug_DHCSR_S_HALT_Msk         (1UL << CoreDebug_DHCSR_S_HALT_Pos)            /*!< Core
1665:HW_Lib/STM32H7/HAL_Lib/CMSIS/Core/Include/core_cm7.h **** 
1666:HW_Lib/STM32H7/HAL_Lib/CMSIS/Core/Include/core_cm7.h **** #define CoreDebug_DHCSR_S_REGRDY_Pos       16U                                            /*!< Core
1667:HW_Lib/STM32H7/HAL_Lib/CMSIS/Core/Include/core_cm7.h **** #define CoreDebug_DHCSR_S_REGRDY_Msk       (1UL << CoreDebug_DHCSR_S_REGRDY_Pos)          /*!< Core
1668:HW_Lib/STM32H7/HAL_Lib/CMSIS/Core/Include/core_cm7.h **** 
1669:HW_Lib/STM32H7/HAL_Lib/CMSIS/Core/Include/core_cm7.h **** #define CoreDebug_DHCSR_C_SNAPSTALL_Pos     5U                                            /*!< Core
1670:HW_Lib/STM32H7/HAL_Lib/CMSIS/Core/Include/core_cm7.h **** #define CoreDebug_DHCSR_C_SNAPSTALL_Msk    (1UL << CoreDebug_DHCSR_C_SNAPSTALL_Pos)       /*!< Core
1671:HW_Lib/STM32H7/HAL_Lib/CMSIS/Core/Include/core_cm7.h **** 
1672:HW_Lib/STM32H7/HAL_Lib/CMSIS/Core/Include/core_cm7.h **** #define CoreDebug_DHCSR_C_MASKINTS_Pos      3U                                            /*!< Core
1673:HW_Lib/STM32H7/HAL_Lib/CMSIS/Core/Include/core_cm7.h **** #define CoreDebug_DHCSR_C_MASKINTS_Msk     (1UL << CoreDebug_DHCSR_C_MASKINTS_Pos)        /*!< Core
1674:HW_Lib/STM32H7/HAL_Lib/CMSIS/Core/Include/core_cm7.h **** 
1675:HW_Lib/STM32H7/HAL_Lib/CMSIS/Core/Include/core_cm7.h **** #define CoreDebug_DHCSR_C_STEP_Pos          2U                                            /*!< Core
1676:HW_Lib/STM32H7/HAL_Lib/CMSIS/Core/Include/core_cm7.h **** #define CoreDebug_DHCSR_C_STEP_Msk         (1UL << CoreDebug_DHCSR_C_STEP_Pos)            /*!< Core
1677:HW_Lib/STM32H7/HAL_Lib/CMSIS/Core/Include/core_cm7.h **** 
ARM GAS  C:\Users\HUAV\AppData\Local\Temp\cciXU3YP.s 			page 83


1678:HW_Lib/STM32H7/HAL_Lib/CMSIS/Core/Include/core_cm7.h **** #define CoreDebug_DHCSR_C_HALT_Pos          1U                                            /*!< Core
1679:HW_Lib/STM32H7/HAL_Lib/CMSIS/Core/Include/core_cm7.h **** #define CoreDebug_DHCSR_C_HALT_Msk         (1UL << CoreDebug_DHCSR_C_HALT_Pos)            /*!< Core
1680:HW_Lib/STM32H7/HAL_Lib/CMSIS/Core/Include/core_cm7.h **** 
1681:HW_Lib/STM32H7/HAL_Lib/CMSIS/Core/Include/core_cm7.h **** #define CoreDebug_DHCSR_C_DEBUGEN_Pos       0U                                            /*!< Core
1682:HW_Lib/STM32H7/HAL_Lib/CMSIS/Core/Include/core_cm7.h **** #define CoreDebug_DHCSR_C_DEBUGEN_Msk      (1UL /*<< CoreDebug_DHCSR_C_DEBUGEN_Pos*/)     /*!< Core
1683:HW_Lib/STM32H7/HAL_Lib/CMSIS/Core/Include/core_cm7.h **** 
1684:HW_Lib/STM32H7/HAL_Lib/CMSIS/Core/Include/core_cm7.h **** /* Debug Core Register Selector Register Definitions */
1685:HW_Lib/STM32H7/HAL_Lib/CMSIS/Core/Include/core_cm7.h **** #define CoreDebug_DCRSR_REGWnR_Pos         16U                                            /*!< Core
1686:HW_Lib/STM32H7/HAL_Lib/CMSIS/Core/Include/core_cm7.h **** #define CoreDebug_DCRSR_REGWnR_Msk         (1UL << CoreDebug_DCRSR_REGWnR_Pos)            /*!< Core
1687:HW_Lib/STM32H7/HAL_Lib/CMSIS/Core/Include/core_cm7.h **** 
1688:HW_Lib/STM32H7/HAL_Lib/CMSIS/Core/Include/core_cm7.h **** #define CoreDebug_DCRSR_REGSEL_Pos          0U                                            /*!< Core
1689:HW_Lib/STM32H7/HAL_Lib/CMSIS/Core/Include/core_cm7.h **** #define CoreDebug_DCRSR_REGSEL_Msk         (0x1FUL /*<< CoreDebug_DCRSR_REGSEL_Pos*/)     /*!< Core
1690:HW_Lib/STM32H7/HAL_Lib/CMSIS/Core/Include/core_cm7.h **** 
1691:HW_Lib/STM32H7/HAL_Lib/CMSIS/Core/Include/core_cm7.h **** /* Debug Exception and Monitor Control Register Definitions */
1692:HW_Lib/STM32H7/HAL_Lib/CMSIS/Core/Include/core_cm7.h **** #define CoreDebug_DEMCR_TRCENA_Pos         24U                                            /*!< Core
1693:HW_Lib/STM32H7/HAL_Lib/CMSIS/Core/Include/core_cm7.h **** #define CoreDebug_DEMCR_TRCENA_Msk         (1UL << CoreDebug_DEMCR_TRCENA_Pos)            /*!< Core
1694:HW_Lib/STM32H7/HAL_Lib/CMSIS/Core/Include/core_cm7.h **** 
1695:HW_Lib/STM32H7/HAL_Lib/CMSIS/Core/Include/core_cm7.h **** #define CoreDebug_DEMCR_MON_REQ_Pos        19U                                            /*!< Core
1696:HW_Lib/STM32H7/HAL_Lib/CMSIS/Core/Include/core_cm7.h **** #define CoreDebug_DEMCR_MON_REQ_Msk        (1UL << CoreDebug_DEMCR_MON_REQ_Pos)           /*!< Core
1697:HW_Lib/STM32H7/HAL_Lib/CMSIS/Core/Include/core_cm7.h **** 
1698:HW_Lib/STM32H7/HAL_Lib/CMSIS/Core/Include/core_cm7.h **** #define CoreDebug_DEMCR_MON_STEP_Pos       18U                                            /*!< Core
1699:HW_Lib/STM32H7/HAL_Lib/CMSIS/Core/Include/core_cm7.h **** #define CoreDebug_DEMCR_MON_STEP_Msk       (1UL << CoreDebug_DEMCR_MON_STEP_Pos)          /*!< Core
1700:HW_Lib/STM32H7/HAL_Lib/CMSIS/Core/Include/core_cm7.h **** 
1701:HW_Lib/STM32H7/HAL_Lib/CMSIS/Core/Include/core_cm7.h **** #define CoreDebug_DEMCR_MON_PEND_Pos       17U                                            /*!< Core
1702:HW_Lib/STM32H7/HAL_Lib/CMSIS/Core/Include/core_cm7.h **** #define CoreDebug_DEMCR_MON_PEND_Msk       (1UL << CoreDebug_DEMCR_MON_PEND_Pos)          /*!< Core
1703:HW_Lib/STM32H7/HAL_Lib/CMSIS/Core/Include/core_cm7.h **** 
1704:HW_Lib/STM32H7/HAL_Lib/CMSIS/Core/Include/core_cm7.h **** #define CoreDebug_DEMCR_MON_EN_Pos         16U                                            /*!< Core
1705:HW_Lib/STM32H7/HAL_Lib/CMSIS/Core/Include/core_cm7.h **** #define CoreDebug_DEMCR_MON_EN_Msk         (1UL << CoreDebug_DEMCR_MON_EN_Pos)            /*!< Core
1706:HW_Lib/STM32H7/HAL_Lib/CMSIS/Core/Include/core_cm7.h **** 
1707:HW_Lib/STM32H7/HAL_Lib/CMSIS/Core/Include/core_cm7.h **** #define CoreDebug_DEMCR_VC_HARDERR_Pos     10U                                            /*!< Core
1708:HW_Lib/STM32H7/HAL_Lib/CMSIS/Core/Include/core_cm7.h **** #define CoreDebug_DEMCR_VC_HARDERR_Msk     (1UL << CoreDebug_DEMCR_VC_HARDERR_Pos)        /*!< Core
1709:HW_Lib/STM32H7/HAL_Lib/CMSIS/Core/Include/core_cm7.h **** 
1710:HW_Lib/STM32H7/HAL_Lib/CMSIS/Core/Include/core_cm7.h **** #define CoreDebug_DEMCR_VC_INTERR_Pos       9U                                            /*!< Core
1711:HW_Lib/STM32H7/HAL_Lib/CMSIS/Core/Include/core_cm7.h **** #define CoreDebug_DEMCR_VC_INTERR_Msk      (1UL << CoreDebug_DEMCR_VC_INTERR_Pos)         /*!< Core
1712:HW_Lib/STM32H7/HAL_Lib/CMSIS/Core/Include/core_cm7.h **** 
1713:HW_Lib/STM32H7/HAL_Lib/CMSIS/Core/Include/core_cm7.h **** #define CoreDebug_DEMCR_VC_BUSERR_Pos       8U                                            /*!< Core
1714:HW_Lib/STM32H7/HAL_Lib/CMSIS/Core/Include/core_cm7.h **** #define CoreDebug_DEMCR_VC_BUSERR_Msk      (1UL << CoreDebug_DEMCR_VC_BUSERR_Pos)         /*!< Core
1715:HW_Lib/STM32H7/HAL_Lib/CMSIS/Core/Include/core_cm7.h **** 
1716:HW_Lib/STM32H7/HAL_Lib/CMSIS/Core/Include/core_cm7.h **** #define CoreDebug_DEMCR_VC_STATERR_Pos      7U                                            /*!< Core
1717:HW_Lib/STM32H7/HAL_Lib/CMSIS/Core/Include/core_cm7.h **** #define CoreDebug_DEMCR_VC_STATERR_Msk     (1UL << CoreDebug_DEMCR_VC_STATERR_Pos)        /*!< Core
1718:HW_Lib/STM32H7/HAL_Lib/CMSIS/Core/Include/core_cm7.h **** 
1719:HW_Lib/STM32H7/HAL_Lib/CMSIS/Core/Include/core_cm7.h **** #define CoreDebug_DEMCR_VC_CHKERR_Pos       6U                                            /*!< Core
1720:HW_Lib/STM32H7/HAL_Lib/CMSIS/Core/Include/core_cm7.h **** #define CoreDebug_DEMCR_VC_CHKERR_Msk      (1UL << CoreDebug_DEMCR_VC_CHKERR_Pos)         /*!< Core
1721:HW_Lib/STM32H7/HAL_Lib/CMSIS/Core/Include/core_cm7.h **** 
1722:HW_Lib/STM32H7/HAL_Lib/CMSIS/Core/Include/core_cm7.h **** #define CoreDebug_DEMCR_VC_NOCPERR_Pos      5U                                            /*!< Core
1723:HW_Lib/STM32H7/HAL_Lib/CMSIS/Core/Include/core_cm7.h **** #define CoreDebug_DEMCR_VC_NOCPERR_Msk     (1UL << CoreDebug_DEMCR_VC_NOCPERR_Pos)        /*!< Core
1724:HW_Lib/STM32H7/HAL_Lib/CMSIS/Core/Include/core_cm7.h **** 
1725:HW_Lib/STM32H7/HAL_Lib/CMSIS/Core/Include/core_cm7.h **** #define CoreDebug_DEMCR_VC_MMERR_Pos        4U                                            /*!< Core
1726:HW_Lib/STM32H7/HAL_Lib/CMSIS/Core/Include/core_cm7.h **** #define CoreDebug_DEMCR_VC_MMERR_Msk       (1UL << CoreDebug_DEMCR_VC_MMERR_Pos)          /*!< Core
1727:HW_Lib/STM32H7/HAL_Lib/CMSIS/Core/Include/core_cm7.h **** 
1728:HW_Lib/STM32H7/HAL_Lib/CMSIS/Core/Include/core_cm7.h **** #define CoreDebug_DEMCR_VC_CORERESET_Pos    0U                                            /*!< Core
1729:HW_Lib/STM32H7/HAL_Lib/CMSIS/Core/Include/core_cm7.h **** #define CoreDebug_DEMCR_VC_CORERESET_Msk   (1UL /*<< CoreDebug_DEMCR_VC_CORERESET_Pos*/)  /*!< Core
1730:HW_Lib/STM32H7/HAL_Lib/CMSIS/Core/Include/core_cm7.h **** 
1731:HW_Lib/STM32H7/HAL_Lib/CMSIS/Core/Include/core_cm7.h **** /*@} end of group CMSIS_CoreDebug */
1732:HW_Lib/STM32H7/HAL_Lib/CMSIS/Core/Include/core_cm7.h **** 
1733:HW_Lib/STM32H7/HAL_Lib/CMSIS/Core/Include/core_cm7.h **** 
1734:HW_Lib/STM32H7/HAL_Lib/CMSIS/Core/Include/core_cm7.h **** /**
ARM GAS  C:\Users\HUAV\AppData\Local\Temp\cciXU3YP.s 			page 84


1735:HW_Lib/STM32H7/HAL_Lib/CMSIS/Core/Include/core_cm7.h ****   \ingroup    CMSIS_core_register
1736:HW_Lib/STM32H7/HAL_Lib/CMSIS/Core/Include/core_cm7.h ****   \defgroup   CMSIS_core_bitfield     Core register bit field macros
1737:HW_Lib/STM32H7/HAL_Lib/CMSIS/Core/Include/core_cm7.h ****   \brief      Macros for use with bit field definitions (xxx_Pos, xxx_Msk).
1738:HW_Lib/STM32H7/HAL_Lib/CMSIS/Core/Include/core_cm7.h ****   @{
1739:HW_Lib/STM32H7/HAL_Lib/CMSIS/Core/Include/core_cm7.h ****  */
1740:HW_Lib/STM32H7/HAL_Lib/CMSIS/Core/Include/core_cm7.h **** 
1741:HW_Lib/STM32H7/HAL_Lib/CMSIS/Core/Include/core_cm7.h **** /**
1742:HW_Lib/STM32H7/HAL_Lib/CMSIS/Core/Include/core_cm7.h ****   \brief   Mask and shift a bit field value for use in a register bit range.
1743:HW_Lib/STM32H7/HAL_Lib/CMSIS/Core/Include/core_cm7.h ****   \param[in] field  Name of the register bit field.
1744:HW_Lib/STM32H7/HAL_Lib/CMSIS/Core/Include/core_cm7.h ****   \param[in] value  Value of the bit field. This parameter is interpreted as an uint32_t type.
1745:HW_Lib/STM32H7/HAL_Lib/CMSIS/Core/Include/core_cm7.h ****   \return           Masked and shifted value.
1746:HW_Lib/STM32H7/HAL_Lib/CMSIS/Core/Include/core_cm7.h **** */
1747:HW_Lib/STM32H7/HAL_Lib/CMSIS/Core/Include/core_cm7.h **** #define _VAL2FLD(field, value)    (((uint32_t)(value) << field ## _Pos) & field ## _Msk)
1748:HW_Lib/STM32H7/HAL_Lib/CMSIS/Core/Include/core_cm7.h **** 
1749:HW_Lib/STM32H7/HAL_Lib/CMSIS/Core/Include/core_cm7.h **** /**
1750:HW_Lib/STM32H7/HAL_Lib/CMSIS/Core/Include/core_cm7.h ****   \brief     Mask and shift a register value to extract a bit filed value.
1751:HW_Lib/STM32H7/HAL_Lib/CMSIS/Core/Include/core_cm7.h ****   \param[in] field  Name of the register bit field.
1752:HW_Lib/STM32H7/HAL_Lib/CMSIS/Core/Include/core_cm7.h ****   \param[in] value  Value of register. This parameter is interpreted as an uint32_t type.
1753:HW_Lib/STM32H7/HAL_Lib/CMSIS/Core/Include/core_cm7.h ****   \return           Masked and shifted bit field value.
1754:HW_Lib/STM32H7/HAL_Lib/CMSIS/Core/Include/core_cm7.h **** */
1755:HW_Lib/STM32H7/HAL_Lib/CMSIS/Core/Include/core_cm7.h **** #define _FLD2VAL(field, value)    (((uint32_t)(value) & field ## _Msk) >> field ## _Pos)
1756:HW_Lib/STM32H7/HAL_Lib/CMSIS/Core/Include/core_cm7.h **** 
1757:HW_Lib/STM32H7/HAL_Lib/CMSIS/Core/Include/core_cm7.h **** /*@} end of group CMSIS_core_bitfield */
1758:HW_Lib/STM32H7/HAL_Lib/CMSIS/Core/Include/core_cm7.h **** 
1759:HW_Lib/STM32H7/HAL_Lib/CMSIS/Core/Include/core_cm7.h **** 
1760:HW_Lib/STM32H7/HAL_Lib/CMSIS/Core/Include/core_cm7.h **** /**
1761:HW_Lib/STM32H7/HAL_Lib/CMSIS/Core/Include/core_cm7.h ****   \ingroup    CMSIS_core_register
1762:HW_Lib/STM32H7/HAL_Lib/CMSIS/Core/Include/core_cm7.h ****   \defgroup   CMSIS_core_base     Core Definitions
1763:HW_Lib/STM32H7/HAL_Lib/CMSIS/Core/Include/core_cm7.h ****   \brief      Definitions for base addresses, unions, and structures.
1764:HW_Lib/STM32H7/HAL_Lib/CMSIS/Core/Include/core_cm7.h ****   @{
1765:HW_Lib/STM32H7/HAL_Lib/CMSIS/Core/Include/core_cm7.h ****  */
1766:HW_Lib/STM32H7/HAL_Lib/CMSIS/Core/Include/core_cm7.h **** 
1767:HW_Lib/STM32H7/HAL_Lib/CMSIS/Core/Include/core_cm7.h **** /* Memory mapping of Core Hardware */
1768:HW_Lib/STM32H7/HAL_Lib/CMSIS/Core/Include/core_cm7.h **** #define SCS_BASE            (0xE000E000UL)                            /*!< System Control Space Bas
1769:HW_Lib/STM32H7/HAL_Lib/CMSIS/Core/Include/core_cm7.h **** #define ITM_BASE            (0xE0000000UL)                            /*!< ITM Base Address */
1770:HW_Lib/STM32H7/HAL_Lib/CMSIS/Core/Include/core_cm7.h **** #define DWT_BASE            (0xE0001000UL)                            /*!< DWT Base Address */
1771:HW_Lib/STM32H7/HAL_Lib/CMSIS/Core/Include/core_cm7.h **** #define TPI_BASE            (0xE0040000UL)                            /*!< TPI Base Address */
1772:HW_Lib/STM32H7/HAL_Lib/CMSIS/Core/Include/core_cm7.h **** #define CoreDebug_BASE      (0xE000EDF0UL)                            /*!< Core Debug Base Address 
1773:HW_Lib/STM32H7/HAL_Lib/CMSIS/Core/Include/core_cm7.h **** #define SysTick_BASE        (SCS_BASE +  0x0010UL)                    /*!< SysTick Base Address */
1774:HW_Lib/STM32H7/HAL_Lib/CMSIS/Core/Include/core_cm7.h **** #define NVIC_BASE           (SCS_BASE +  0x0100UL)                    /*!< NVIC Base Address */
1775:HW_Lib/STM32H7/HAL_Lib/CMSIS/Core/Include/core_cm7.h **** #define SCB_BASE            (SCS_BASE +  0x0D00UL)                    /*!< System Control Block Bas
1776:HW_Lib/STM32H7/HAL_Lib/CMSIS/Core/Include/core_cm7.h **** 
1777:HW_Lib/STM32H7/HAL_Lib/CMSIS/Core/Include/core_cm7.h **** #define SCnSCB              ((SCnSCB_Type    *)     SCS_BASE      )   /*!< System control Register 
1778:HW_Lib/STM32H7/HAL_Lib/CMSIS/Core/Include/core_cm7.h **** #define SCB                 ((SCB_Type       *)     SCB_BASE      )   /*!< SCB configuration struct
1779:HW_Lib/STM32H7/HAL_Lib/CMSIS/Core/Include/core_cm7.h **** #define SysTick             ((SysTick_Type   *)     SysTick_BASE  )   /*!< SysTick configuration st
1780:HW_Lib/STM32H7/HAL_Lib/CMSIS/Core/Include/core_cm7.h **** #define NVIC                ((NVIC_Type      *)     NVIC_BASE     )   /*!< NVIC configuration struc
1781:HW_Lib/STM32H7/HAL_Lib/CMSIS/Core/Include/core_cm7.h **** #define ITM                 ((ITM_Type       *)     ITM_BASE      )   /*!< ITM configuration struct
1782:HW_Lib/STM32H7/HAL_Lib/CMSIS/Core/Include/core_cm7.h **** #define DWT                 ((DWT_Type       *)     DWT_BASE      )   /*!< DWT configuration struct
1783:HW_Lib/STM32H7/HAL_Lib/CMSIS/Core/Include/core_cm7.h **** #define TPI                 ((TPI_Type       *)     TPI_BASE      )   /*!< TPI configuration struct
1784:HW_Lib/STM32H7/HAL_Lib/CMSIS/Core/Include/core_cm7.h **** #define CoreDebug           ((CoreDebug_Type *)     CoreDebug_BASE)   /*!< Core Debug configuration
1785:HW_Lib/STM32H7/HAL_Lib/CMSIS/Core/Include/core_cm7.h **** 
1786:HW_Lib/STM32H7/HAL_Lib/CMSIS/Core/Include/core_cm7.h **** #if defined (__MPU_PRESENT) && (__MPU_PRESENT == 1U)
1787:HW_Lib/STM32H7/HAL_Lib/CMSIS/Core/Include/core_cm7.h ****   #define MPU_BASE          (SCS_BASE +  0x0D90UL)                    /*!< Memory Protection Unit *
1788:HW_Lib/STM32H7/HAL_Lib/CMSIS/Core/Include/core_cm7.h ****   #define MPU               ((MPU_Type       *)     MPU_BASE      )   /*!< Memory Protection Unit *
1789:HW_Lib/STM32H7/HAL_Lib/CMSIS/Core/Include/core_cm7.h **** #endif
1790:HW_Lib/STM32H7/HAL_Lib/CMSIS/Core/Include/core_cm7.h **** 
1791:HW_Lib/STM32H7/HAL_Lib/CMSIS/Core/Include/core_cm7.h **** #define FPU_BASE            (SCS_BASE +  0x0F30UL)                    /*!< Floating Point Unit */
ARM GAS  C:\Users\HUAV\AppData\Local\Temp\cciXU3YP.s 			page 85


1792:HW_Lib/STM32H7/HAL_Lib/CMSIS/Core/Include/core_cm7.h **** #define FPU                 ((FPU_Type       *)     FPU_BASE      )   /*!< Floating Point Unit */
1793:HW_Lib/STM32H7/HAL_Lib/CMSIS/Core/Include/core_cm7.h **** 
1794:HW_Lib/STM32H7/HAL_Lib/CMSIS/Core/Include/core_cm7.h **** /*@} */
1795:HW_Lib/STM32H7/HAL_Lib/CMSIS/Core/Include/core_cm7.h **** 
1796:HW_Lib/STM32H7/HAL_Lib/CMSIS/Core/Include/core_cm7.h **** 
1797:HW_Lib/STM32H7/HAL_Lib/CMSIS/Core/Include/core_cm7.h **** 
1798:HW_Lib/STM32H7/HAL_Lib/CMSIS/Core/Include/core_cm7.h **** /*******************************************************************************
1799:HW_Lib/STM32H7/HAL_Lib/CMSIS/Core/Include/core_cm7.h ****  *                Hardware Abstraction Layer
1800:HW_Lib/STM32H7/HAL_Lib/CMSIS/Core/Include/core_cm7.h ****   Core Function Interface contains:
1801:HW_Lib/STM32H7/HAL_Lib/CMSIS/Core/Include/core_cm7.h ****   - Core NVIC Functions
1802:HW_Lib/STM32H7/HAL_Lib/CMSIS/Core/Include/core_cm7.h ****   - Core SysTick Functions
1803:HW_Lib/STM32H7/HAL_Lib/CMSIS/Core/Include/core_cm7.h ****   - Core Debug Functions
1804:HW_Lib/STM32H7/HAL_Lib/CMSIS/Core/Include/core_cm7.h ****   - Core Register Access Functions
1805:HW_Lib/STM32H7/HAL_Lib/CMSIS/Core/Include/core_cm7.h ****  ******************************************************************************/
1806:HW_Lib/STM32H7/HAL_Lib/CMSIS/Core/Include/core_cm7.h **** /**
1807:HW_Lib/STM32H7/HAL_Lib/CMSIS/Core/Include/core_cm7.h ****   \defgroup CMSIS_Core_FunctionInterface Functions and Instructions Reference
1808:HW_Lib/STM32H7/HAL_Lib/CMSIS/Core/Include/core_cm7.h **** */
1809:HW_Lib/STM32H7/HAL_Lib/CMSIS/Core/Include/core_cm7.h **** 
1810:HW_Lib/STM32H7/HAL_Lib/CMSIS/Core/Include/core_cm7.h **** 
1811:HW_Lib/STM32H7/HAL_Lib/CMSIS/Core/Include/core_cm7.h **** 
1812:HW_Lib/STM32H7/HAL_Lib/CMSIS/Core/Include/core_cm7.h **** /* ##########################   NVIC functions  #################################### */
1813:HW_Lib/STM32H7/HAL_Lib/CMSIS/Core/Include/core_cm7.h **** /**
1814:HW_Lib/STM32H7/HAL_Lib/CMSIS/Core/Include/core_cm7.h ****   \ingroup  CMSIS_Core_FunctionInterface
1815:HW_Lib/STM32H7/HAL_Lib/CMSIS/Core/Include/core_cm7.h ****   \defgroup CMSIS_Core_NVICFunctions NVIC Functions
1816:HW_Lib/STM32H7/HAL_Lib/CMSIS/Core/Include/core_cm7.h ****   \brief    Functions that manage interrupts and exceptions via the NVIC.
1817:HW_Lib/STM32H7/HAL_Lib/CMSIS/Core/Include/core_cm7.h ****   @{
1818:HW_Lib/STM32H7/HAL_Lib/CMSIS/Core/Include/core_cm7.h ****  */
1819:HW_Lib/STM32H7/HAL_Lib/CMSIS/Core/Include/core_cm7.h **** 
1820:HW_Lib/STM32H7/HAL_Lib/CMSIS/Core/Include/core_cm7.h **** #ifdef CMSIS_NVIC_VIRTUAL
1821:HW_Lib/STM32H7/HAL_Lib/CMSIS/Core/Include/core_cm7.h ****   #ifndef CMSIS_NVIC_VIRTUAL_HEADER_FILE
1822:HW_Lib/STM32H7/HAL_Lib/CMSIS/Core/Include/core_cm7.h ****     #define CMSIS_NVIC_VIRTUAL_HEADER_FILE "cmsis_nvic_virtual.h"
1823:HW_Lib/STM32H7/HAL_Lib/CMSIS/Core/Include/core_cm7.h ****   #endif
1824:HW_Lib/STM32H7/HAL_Lib/CMSIS/Core/Include/core_cm7.h ****   #include CMSIS_NVIC_VIRTUAL_HEADER_FILE
1825:HW_Lib/STM32H7/HAL_Lib/CMSIS/Core/Include/core_cm7.h **** #else
1826:HW_Lib/STM32H7/HAL_Lib/CMSIS/Core/Include/core_cm7.h ****   #define NVIC_SetPriorityGrouping    __NVIC_SetPriorityGrouping
1827:HW_Lib/STM32H7/HAL_Lib/CMSIS/Core/Include/core_cm7.h ****   #define NVIC_GetPriorityGrouping    __NVIC_GetPriorityGrouping
1828:HW_Lib/STM32H7/HAL_Lib/CMSIS/Core/Include/core_cm7.h ****   #define NVIC_EnableIRQ              __NVIC_EnableIRQ
1829:HW_Lib/STM32H7/HAL_Lib/CMSIS/Core/Include/core_cm7.h ****   #define NVIC_GetEnableIRQ           __NVIC_GetEnableIRQ
1830:HW_Lib/STM32H7/HAL_Lib/CMSIS/Core/Include/core_cm7.h ****   #define NVIC_DisableIRQ             __NVIC_DisableIRQ
1831:HW_Lib/STM32H7/HAL_Lib/CMSIS/Core/Include/core_cm7.h ****   #define NVIC_GetPendingIRQ          __NVIC_GetPendingIRQ
1832:HW_Lib/STM32H7/HAL_Lib/CMSIS/Core/Include/core_cm7.h ****   #define NVIC_SetPendingIRQ          __NVIC_SetPendingIRQ
1833:HW_Lib/STM32H7/HAL_Lib/CMSIS/Core/Include/core_cm7.h ****   #define NVIC_ClearPendingIRQ        __NVIC_ClearPendingIRQ
1834:HW_Lib/STM32H7/HAL_Lib/CMSIS/Core/Include/core_cm7.h ****   #define NVIC_GetActive              __NVIC_GetActive
1835:HW_Lib/STM32H7/HAL_Lib/CMSIS/Core/Include/core_cm7.h ****   #define NVIC_SetPriority            __NVIC_SetPriority
1836:HW_Lib/STM32H7/HAL_Lib/CMSIS/Core/Include/core_cm7.h ****   #define NVIC_GetPriority            __NVIC_GetPriority
1837:HW_Lib/STM32H7/HAL_Lib/CMSIS/Core/Include/core_cm7.h ****   #define NVIC_SystemReset            __NVIC_SystemReset
1838:HW_Lib/STM32H7/HAL_Lib/CMSIS/Core/Include/core_cm7.h **** #endif /* CMSIS_NVIC_VIRTUAL */
1839:HW_Lib/STM32H7/HAL_Lib/CMSIS/Core/Include/core_cm7.h **** 
1840:HW_Lib/STM32H7/HAL_Lib/CMSIS/Core/Include/core_cm7.h **** #ifdef CMSIS_VECTAB_VIRTUAL
1841:HW_Lib/STM32H7/HAL_Lib/CMSIS/Core/Include/core_cm7.h ****   #ifndef CMSIS_VECTAB_VIRTUAL_HEADER_FILE
1842:HW_Lib/STM32H7/HAL_Lib/CMSIS/Core/Include/core_cm7.h ****     #define CMSIS_VECTAB_VIRTUAL_HEADER_FILE "cmsis_vectab_virtual.h"
1843:HW_Lib/STM32H7/HAL_Lib/CMSIS/Core/Include/core_cm7.h ****   #endif
1844:HW_Lib/STM32H7/HAL_Lib/CMSIS/Core/Include/core_cm7.h ****   #include CMSIS_VECTAB_VIRTUAL_HEADER_FILE
1845:HW_Lib/STM32H7/HAL_Lib/CMSIS/Core/Include/core_cm7.h **** #else
1846:HW_Lib/STM32H7/HAL_Lib/CMSIS/Core/Include/core_cm7.h ****   #define NVIC_SetVector              __NVIC_SetVector
1847:HW_Lib/STM32H7/HAL_Lib/CMSIS/Core/Include/core_cm7.h ****   #define NVIC_GetVector              __NVIC_GetVector
1848:HW_Lib/STM32H7/HAL_Lib/CMSIS/Core/Include/core_cm7.h **** #endif  /* (CMSIS_VECTAB_VIRTUAL) */
ARM GAS  C:\Users\HUAV\AppData\Local\Temp\cciXU3YP.s 			page 86


1849:HW_Lib/STM32H7/HAL_Lib/CMSIS/Core/Include/core_cm7.h **** 
1850:HW_Lib/STM32H7/HAL_Lib/CMSIS/Core/Include/core_cm7.h **** #define NVIC_USER_IRQ_OFFSET          16
1851:HW_Lib/STM32H7/HAL_Lib/CMSIS/Core/Include/core_cm7.h **** 
1852:HW_Lib/STM32H7/HAL_Lib/CMSIS/Core/Include/core_cm7.h **** 
1853:HW_Lib/STM32H7/HAL_Lib/CMSIS/Core/Include/core_cm7.h **** /* The following EXC_RETURN values are saved the LR on exception entry */
1854:HW_Lib/STM32H7/HAL_Lib/CMSIS/Core/Include/core_cm7.h **** #define EXC_RETURN_HANDLER         (0xFFFFFFF1UL)     /* return to Handler mode, uses MSP after ret
1855:HW_Lib/STM32H7/HAL_Lib/CMSIS/Core/Include/core_cm7.h **** #define EXC_RETURN_THREAD_MSP      (0xFFFFFFF9UL)     /* return to Thread mode, uses MSP after retu
1856:HW_Lib/STM32H7/HAL_Lib/CMSIS/Core/Include/core_cm7.h **** #define EXC_RETURN_THREAD_PSP      (0xFFFFFFFDUL)     /* return to Thread mode, uses PSP after retu
1857:HW_Lib/STM32H7/HAL_Lib/CMSIS/Core/Include/core_cm7.h **** #define EXC_RETURN_HANDLER_FPU     (0xFFFFFFE1UL)     /* return to Handler mode, uses MSP after ret
1858:HW_Lib/STM32H7/HAL_Lib/CMSIS/Core/Include/core_cm7.h **** #define EXC_RETURN_THREAD_MSP_FPU  (0xFFFFFFE9UL)     /* return to Thread mode, uses MSP after retu
1859:HW_Lib/STM32H7/HAL_Lib/CMSIS/Core/Include/core_cm7.h **** #define EXC_RETURN_THREAD_PSP_FPU  (0xFFFFFFEDUL)     /* return to Thread mode, uses PSP after retu
1860:HW_Lib/STM32H7/HAL_Lib/CMSIS/Core/Include/core_cm7.h **** 
1861:HW_Lib/STM32H7/HAL_Lib/CMSIS/Core/Include/core_cm7.h **** 
1862:HW_Lib/STM32H7/HAL_Lib/CMSIS/Core/Include/core_cm7.h **** /**
1863:HW_Lib/STM32H7/HAL_Lib/CMSIS/Core/Include/core_cm7.h ****   \brief   Set Priority Grouping
1864:HW_Lib/STM32H7/HAL_Lib/CMSIS/Core/Include/core_cm7.h ****   \details Sets the priority grouping field using the required unlock sequence.
1865:HW_Lib/STM32H7/HAL_Lib/CMSIS/Core/Include/core_cm7.h ****            The parameter PriorityGroup is assigned to the field SCB->AIRCR [10:8] PRIGROUP field.
1866:HW_Lib/STM32H7/HAL_Lib/CMSIS/Core/Include/core_cm7.h ****            Only values from 0..7 are used.
1867:HW_Lib/STM32H7/HAL_Lib/CMSIS/Core/Include/core_cm7.h ****            In case of a conflict between priority grouping and available
1868:HW_Lib/STM32H7/HAL_Lib/CMSIS/Core/Include/core_cm7.h ****            priority bits (__NVIC_PRIO_BITS), the smallest possible priority group is set.
1869:HW_Lib/STM32H7/HAL_Lib/CMSIS/Core/Include/core_cm7.h ****   \param [in]      PriorityGroup  Priority grouping field.
1870:HW_Lib/STM32H7/HAL_Lib/CMSIS/Core/Include/core_cm7.h ****  */
1871:HW_Lib/STM32H7/HAL_Lib/CMSIS/Core/Include/core_cm7.h **** __STATIC_INLINE void __NVIC_SetPriorityGrouping(uint32_t PriorityGroup)
1872:HW_Lib/STM32H7/HAL_Lib/CMSIS/Core/Include/core_cm7.h **** {
1873:HW_Lib/STM32H7/HAL_Lib/CMSIS/Core/Include/core_cm7.h ****   uint32_t reg_value;
1874:HW_Lib/STM32H7/HAL_Lib/CMSIS/Core/Include/core_cm7.h ****   uint32_t PriorityGroupTmp = (PriorityGroup & (uint32_t)0x07UL);             /* only values 0..7 a
1875:HW_Lib/STM32H7/HAL_Lib/CMSIS/Core/Include/core_cm7.h **** 
1876:HW_Lib/STM32H7/HAL_Lib/CMSIS/Core/Include/core_cm7.h ****   reg_value  =  SCB->AIRCR;                                                   /* read old register 
1877:HW_Lib/STM32H7/HAL_Lib/CMSIS/Core/Include/core_cm7.h ****   reg_value &= ~((uint32_t)(SCB_AIRCR_VECTKEY_Msk | SCB_AIRCR_PRIGROUP_Msk)); /* clear bits to chan
1878:HW_Lib/STM32H7/HAL_Lib/CMSIS/Core/Include/core_cm7.h ****   reg_value  =  (reg_value                                   |
1879:HW_Lib/STM32H7/HAL_Lib/CMSIS/Core/Include/core_cm7.h ****                 ((uint32_t)0x5FAUL << SCB_AIRCR_VECTKEY_Pos) |
1880:HW_Lib/STM32H7/HAL_Lib/CMSIS/Core/Include/core_cm7.h ****                 (PriorityGroupTmp << SCB_AIRCR_PRIGROUP_Pos)  );              /* Insert write key a
1881:HW_Lib/STM32H7/HAL_Lib/CMSIS/Core/Include/core_cm7.h ****   SCB->AIRCR =  reg_value;
1882:HW_Lib/STM32H7/HAL_Lib/CMSIS/Core/Include/core_cm7.h **** }
1883:HW_Lib/STM32H7/HAL_Lib/CMSIS/Core/Include/core_cm7.h **** 
1884:HW_Lib/STM32H7/HAL_Lib/CMSIS/Core/Include/core_cm7.h **** 
1885:HW_Lib/STM32H7/HAL_Lib/CMSIS/Core/Include/core_cm7.h **** /**
1886:HW_Lib/STM32H7/HAL_Lib/CMSIS/Core/Include/core_cm7.h ****   \brief   Get Priority Grouping
1887:HW_Lib/STM32H7/HAL_Lib/CMSIS/Core/Include/core_cm7.h ****   \details Reads the priority grouping field from the NVIC Interrupt Controller.
1888:HW_Lib/STM32H7/HAL_Lib/CMSIS/Core/Include/core_cm7.h ****   \return                Priority grouping field (SCB->AIRCR [10:8] PRIGROUP field).
1889:HW_Lib/STM32H7/HAL_Lib/CMSIS/Core/Include/core_cm7.h ****  */
1890:HW_Lib/STM32H7/HAL_Lib/CMSIS/Core/Include/core_cm7.h **** __STATIC_INLINE uint32_t __NVIC_GetPriorityGrouping(void)
1891:HW_Lib/STM32H7/HAL_Lib/CMSIS/Core/Include/core_cm7.h **** {
1892:HW_Lib/STM32H7/HAL_Lib/CMSIS/Core/Include/core_cm7.h ****   return ((uint32_t)((SCB->AIRCR & SCB_AIRCR_PRIGROUP_Msk) >> SCB_AIRCR_PRIGROUP_Pos));
1893:HW_Lib/STM32H7/HAL_Lib/CMSIS/Core/Include/core_cm7.h **** }
1894:HW_Lib/STM32H7/HAL_Lib/CMSIS/Core/Include/core_cm7.h **** 
1895:HW_Lib/STM32H7/HAL_Lib/CMSIS/Core/Include/core_cm7.h **** 
1896:HW_Lib/STM32H7/HAL_Lib/CMSIS/Core/Include/core_cm7.h **** /**
1897:HW_Lib/STM32H7/HAL_Lib/CMSIS/Core/Include/core_cm7.h ****   \brief   Enable Interrupt
1898:HW_Lib/STM32H7/HAL_Lib/CMSIS/Core/Include/core_cm7.h ****   \details Enables a device specific interrupt in the NVIC interrupt controller.
1899:HW_Lib/STM32H7/HAL_Lib/CMSIS/Core/Include/core_cm7.h ****   \param [in]      IRQn  Device specific interrupt number.
1900:HW_Lib/STM32H7/HAL_Lib/CMSIS/Core/Include/core_cm7.h ****   \note    IRQn must not be negative.
1901:HW_Lib/STM32H7/HAL_Lib/CMSIS/Core/Include/core_cm7.h ****  */
1902:HW_Lib/STM32H7/HAL_Lib/CMSIS/Core/Include/core_cm7.h **** __STATIC_INLINE void __NVIC_EnableIRQ(IRQn_Type IRQn)
1903:HW_Lib/STM32H7/HAL_Lib/CMSIS/Core/Include/core_cm7.h **** {
1904:HW_Lib/STM32H7/HAL_Lib/CMSIS/Core/Include/core_cm7.h ****   if ((int32_t)(IRQn) >= 0)
1905:HW_Lib/STM32H7/HAL_Lib/CMSIS/Core/Include/core_cm7.h ****   {
ARM GAS  C:\Users\HUAV\AppData\Local\Temp\cciXU3YP.s 			page 87


1906:HW_Lib/STM32H7/HAL_Lib/CMSIS/Core/Include/core_cm7.h ****     __COMPILER_BARRIER();
1907:HW_Lib/STM32H7/HAL_Lib/CMSIS/Core/Include/core_cm7.h ****     NVIC->ISER[(((uint32_t)IRQn) >> 5UL)] = (uint32_t)(1UL << (((uint32_t)IRQn) & 0x1FUL));
1908:HW_Lib/STM32H7/HAL_Lib/CMSIS/Core/Include/core_cm7.h ****     __COMPILER_BARRIER();
1909:HW_Lib/STM32H7/HAL_Lib/CMSIS/Core/Include/core_cm7.h ****   }
1910:HW_Lib/STM32H7/HAL_Lib/CMSIS/Core/Include/core_cm7.h **** }
1911:HW_Lib/STM32H7/HAL_Lib/CMSIS/Core/Include/core_cm7.h **** 
1912:HW_Lib/STM32H7/HAL_Lib/CMSIS/Core/Include/core_cm7.h **** 
1913:HW_Lib/STM32H7/HAL_Lib/CMSIS/Core/Include/core_cm7.h **** /**
1914:HW_Lib/STM32H7/HAL_Lib/CMSIS/Core/Include/core_cm7.h ****   \brief   Get Interrupt Enable status
1915:HW_Lib/STM32H7/HAL_Lib/CMSIS/Core/Include/core_cm7.h ****   \details Returns a device specific interrupt enable status from the NVIC interrupt controller.
1916:HW_Lib/STM32H7/HAL_Lib/CMSIS/Core/Include/core_cm7.h ****   \param [in]      IRQn  Device specific interrupt number.
1917:HW_Lib/STM32H7/HAL_Lib/CMSIS/Core/Include/core_cm7.h ****   \return             0  Interrupt is not enabled.
1918:HW_Lib/STM32H7/HAL_Lib/CMSIS/Core/Include/core_cm7.h ****   \return             1  Interrupt is enabled.
1919:HW_Lib/STM32H7/HAL_Lib/CMSIS/Core/Include/core_cm7.h ****   \note    IRQn must not be negative.
1920:HW_Lib/STM32H7/HAL_Lib/CMSIS/Core/Include/core_cm7.h ****  */
1921:HW_Lib/STM32H7/HAL_Lib/CMSIS/Core/Include/core_cm7.h **** __STATIC_INLINE uint32_t __NVIC_GetEnableIRQ(IRQn_Type IRQn)
1922:HW_Lib/STM32H7/HAL_Lib/CMSIS/Core/Include/core_cm7.h **** {
1923:HW_Lib/STM32H7/HAL_Lib/CMSIS/Core/Include/core_cm7.h ****   if ((int32_t)(IRQn) >= 0)
1924:HW_Lib/STM32H7/HAL_Lib/CMSIS/Core/Include/core_cm7.h ****   {
1925:HW_Lib/STM32H7/HAL_Lib/CMSIS/Core/Include/core_cm7.h ****     return((uint32_t)(((NVIC->ISER[(((uint32_t)IRQn) >> 5UL)] & (1UL << (((uint32_t)IRQn) & 0x1FUL)
1926:HW_Lib/STM32H7/HAL_Lib/CMSIS/Core/Include/core_cm7.h ****   }
1927:HW_Lib/STM32H7/HAL_Lib/CMSIS/Core/Include/core_cm7.h ****   else
1928:HW_Lib/STM32H7/HAL_Lib/CMSIS/Core/Include/core_cm7.h ****   {
1929:HW_Lib/STM32H7/HAL_Lib/CMSIS/Core/Include/core_cm7.h ****     return(0U);
1930:HW_Lib/STM32H7/HAL_Lib/CMSIS/Core/Include/core_cm7.h ****   }
1931:HW_Lib/STM32H7/HAL_Lib/CMSIS/Core/Include/core_cm7.h **** }
1932:HW_Lib/STM32H7/HAL_Lib/CMSIS/Core/Include/core_cm7.h **** 
1933:HW_Lib/STM32H7/HAL_Lib/CMSIS/Core/Include/core_cm7.h **** 
1934:HW_Lib/STM32H7/HAL_Lib/CMSIS/Core/Include/core_cm7.h **** /**
1935:HW_Lib/STM32H7/HAL_Lib/CMSIS/Core/Include/core_cm7.h ****   \brief   Disable Interrupt
1936:HW_Lib/STM32H7/HAL_Lib/CMSIS/Core/Include/core_cm7.h ****   \details Disables a device specific interrupt in the NVIC interrupt controller.
1937:HW_Lib/STM32H7/HAL_Lib/CMSIS/Core/Include/core_cm7.h ****   \param [in]      IRQn  Device specific interrupt number.
1938:HW_Lib/STM32H7/HAL_Lib/CMSIS/Core/Include/core_cm7.h ****   \note    IRQn must not be negative.
1939:HW_Lib/STM32H7/HAL_Lib/CMSIS/Core/Include/core_cm7.h ****  */
1940:HW_Lib/STM32H7/HAL_Lib/CMSIS/Core/Include/core_cm7.h **** __STATIC_INLINE void __NVIC_DisableIRQ(IRQn_Type IRQn)
1941:HW_Lib/STM32H7/HAL_Lib/CMSIS/Core/Include/core_cm7.h **** {
1942:HW_Lib/STM32H7/HAL_Lib/CMSIS/Core/Include/core_cm7.h ****   if ((int32_t)(IRQn) >= 0)
1943:HW_Lib/STM32H7/HAL_Lib/CMSIS/Core/Include/core_cm7.h ****   {
1944:HW_Lib/STM32H7/HAL_Lib/CMSIS/Core/Include/core_cm7.h ****     NVIC->ICER[(((uint32_t)IRQn) >> 5UL)] = (uint32_t)(1UL << (((uint32_t)IRQn) & 0x1FUL));
1945:HW_Lib/STM32H7/HAL_Lib/CMSIS/Core/Include/core_cm7.h ****     __DSB();
1946:HW_Lib/STM32H7/HAL_Lib/CMSIS/Core/Include/core_cm7.h ****     __ISB();
1947:HW_Lib/STM32H7/HAL_Lib/CMSIS/Core/Include/core_cm7.h ****   }
1948:HW_Lib/STM32H7/HAL_Lib/CMSIS/Core/Include/core_cm7.h **** }
1949:HW_Lib/STM32H7/HAL_Lib/CMSIS/Core/Include/core_cm7.h **** 
1950:HW_Lib/STM32H7/HAL_Lib/CMSIS/Core/Include/core_cm7.h **** 
1951:HW_Lib/STM32H7/HAL_Lib/CMSIS/Core/Include/core_cm7.h **** /**
1952:HW_Lib/STM32H7/HAL_Lib/CMSIS/Core/Include/core_cm7.h ****   \brief   Get Pending Interrupt
1953:HW_Lib/STM32H7/HAL_Lib/CMSIS/Core/Include/core_cm7.h ****   \details Reads the NVIC pending register and returns the pending bit for the specified device spe
1954:HW_Lib/STM32H7/HAL_Lib/CMSIS/Core/Include/core_cm7.h ****   \param [in]      IRQn  Device specific interrupt number.
1955:HW_Lib/STM32H7/HAL_Lib/CMSIS/Core/Include/core_cm7.h ****   \return             0  Interrupt status is not pending.
1956:HW_Lib/STM32H7/HAL_Lib/CMSIS/Core/Include/core_cm7.h ****   \return             1  Interrupt status is pending.
1957:HW_Lib/STM32H7/HAL_Lib/CMSIS/Core/Include/core_cm7.h ****   \note    IRQn must not be negative.
1958:HW_Lib/STM32H7/HAL_Lib/CMSIS/Core/Include/core_cm7.h ****  */
1959:HW_Lib/STM32H7/HAL_Lib/CMSIS/Core/Include/core_cm7.h **** __STATIC_INLINE uint32_t __NVIC_GetPendingIRQ(IRQn_Type IRQn)
1960:HW_Lib/STM32H7/HAL_Lib/CMSIS/Core/Include/core_cm7.h **** {
1961:HW_Lib/STM32H7/HAL_Lib/CMSIS/Core/Include/core_cm7.h ****   if ((int32_t)(IRQn) >= 0)
1962:HW_Lib/STM32H7/HAL_Lib/CMSIS/Core/Include/core_cm7.h ****   {
ARM GAS  C:\Users\HUAV\AppData\Local\Temp\cciXU3YP.s 			page 88


1963:HW_Lib/STM32H7/HAL_Lib/CMSIS/Core/Include/core_cm7.h ****     return((uint32_t)(((NVIC->ISPR[(((uint32_t)IRQn) >> 5UL)] & (1UL << (((uint32_t)IRQn) & 0x1FUL)
1964:HW_Lib/STM32H7/HAL_Lib/CMSIS/Core/Include/core_cm7.h ****   }
1965:HW_Lib/STM32H7/HAL_Lib/CMSIS/Core/Include/core_cm7.h ****   else
1966:HW_Lib/STM32H7/HAL_Lib/CMSIS/Core/Include/core_cm7.h ****   {
1967:HW_Lib/STM32H7/HAL_Lib/CMSIS/Core/Include/core_cm7.h ****     return(0U);
1968:HW_Lib/STM32H7/HAL_Lib/CMSIS/Core/Include/core_cm7.h ****   }
1969:HW_Lib/STM32H7/HAL_Lib/CMSIS/Core/Include/core_cm7.h **** }
1970:HW_Lib/STM32H7/HAL_Lib/CMSIS/Core/Include/core_cm7.h **** 
1971:HW_Lib/STM32H7/HAL_Lib/CMSIS/Core/Include/core_cm7.h **** 
1972:HW_Lib/STM32H7/HAL_Lib/CMSIS/Core/Include/core_cm7.h **** /**
1973:HW_Lib/STM32H7/HAL_Lib/CMSIS/Core/Include/core_cm7.h ****   \brief   Set Pending Interrupt
1974:HW_Lib/STM32H7/HAL_Lib/CMSIS/Core/Include/core_cm7.h ****   \details Sets the pending bit of a device specific interrupt in the NVIC pending register.
1975:HW_Lib/STM32H7/HAL_Lib/CMSIS/Core/Include/core_cm7.h ****   \param [in]      IRQn  Device specific interrupt number.
1976:HW_Lib/STM32H7/HAL_Lib/CMSIS/Core/Include/core_cm7.h ****   \note    IRQn must not be negative.
1977:HW_Lib/STM32H7/HAL_Lib/CMSIS/Core/Include/core_cm7.h ****  */
1978:HW_Lib/STM32H7/HAL_Lib/CMSIS/Core/Include/core_cm7.h **** __STATIC_INLINE void __NVIC_SetPendingIRQ(IRQn_Type IRQn)
1979:HW_Lib/STM32H7/HAL_Lib/CMSIS/Core/Include/core_cm7.h **** {
1980:HW_Lib/STM32H7/HAL_Lib/CMSIS/Core/Include/core_cm7.h ****   if ((int32_t)(IRQn) >= 0)
1981:HW_Lib/STM32H7/HAL_Lib/CMSIS/Core/Include/core_cm7.h ****   {
1982:HW_Lib/STM32H7/HAL_Lib/CMSIS/Core/Include/core_cm7.h ****     NVIC->ISPR[(((uint32_t)IRQn) >> 5UL)] = (uint32_t)(1UL << (((uint32_t)IRQn) & 0x1FUL));
1983:HW_Lib/STM32H7/HAL_Lib/CMSIS/Core/Include/core_cm7.h ****   }
1984:HW_Lib/STM32H7/HAL_Lib/CMSIS/Core/Include/core_cm7.h **** }
1985:HW_Lib/STM32H7/HAL_Lib/CMSIS/Core/Include/core_cm7.h **** 
1986:HW_Lib/STM32H7/HAL_Lib/CMSIS/Core/Include/core_cm7.h **** 
1987:HW_Lib/STM32H7/HAL_Lib/CMSIS/Core/Include/core_cm7.h **** /**
1988:HW_Lib/STM32H7/HAL_Lib/CMSIS/Core/Include/core_cm7.h ****   \brief   Clear Pending Interrupt
1989:HW_Lib/STM32H7/HAL_Lib/CMSIS/Core/Include/core_cm7.h ****   \details Clears the pending bit of a device specific interrupt in the NVIC pending register.
1990:HW_Lib/STM32H7/HAL_Lib/CMSIS/Core/Include/core_cm7.h ****   \param [in]      IRQn  Device specific interrupt number.
1991:HW_Lib/STM32H7/HAL_Lib/CMSIS/Core/Include/core_cm7.h ****   \note    IRQn must not be negative.
1992:HW_Lib/STM32H7/HAL_Lib/CMSIS/Core/Include/core_cm7.h ****  */
1993:HW_Lib/STM32H7/HAL_Lib/CMSIS/Core/Include/core_cm7.h **** __STATIC_INLINE void __NVIC_ClearPendingIRQ(IRQn_Type IRQn)
1994:HW_Lib/STM32H7/HAL_Lib/CMSIS/Core/Include/core_cm7.h **** {
1995:HW_Lib/STM32H7/HAL_Lib/CMSIS/Core/Include/core_cm7.h ****   if ((int32_t)(IRQn) >= 0)
1996:HW_Lib/STM32H7/HAL_Lib/CMSIS/Core/Include/core_cm7.h ****   {
1997:HW_Lib/STM32H7/HAL_Lib/CMSIS/Core/Include/core_cm7.h ****     NVIC->ICPR[(((uint32_t)IRQn) >> 5UL)] = (uint32_t)(1UL << (((uint32_t)IRQn) & 0x1FUL));
1998:HW_Lib/STM32H7/HAL_Lib/CMSIS/Core/Include/core_cm7.h ****   }
1999:HW_Lib/STM32H7/HAL_Lib/CMSIS/Core/Include/core_cm7.h **** }
2000:HW_Lib/STM32H7/HAL_Lib/CMSIS/Core/Include/core_cm7.h **** 
2001:HW_Lib/STM32H7/HAL_Lib/CMSIS/Core/Include/core_cm7.h **** 
2002:HW_Lib/STM32H7/HAL_Lib/CMSIS/Core/Include/core_cm7.h **** /**
2003:HW_Lib/STM32H7/HAL_Lib/CMSIS/Core/Include/core_cm7.h ****   \brief   Get Active Interrupt
2004:HW_Lib/STM32H7/HAL_Lib/CMSIS/Core/Include/core_cm7.h ****   \details Reads the active register in the NVIC and returns the active bit for the device specific
2005:HW_Lib/STM32H7/HAL_Lib/CMSIS/Core/Include/core_cm7.h ****   \param [in]      IRQn  Device specific interrupt number.
2006:HW_Lib/STM32H7/HAL_Lib/CMSIS/Core/Include/core_cm7.h ****   \return             0  Interrupt status is not active.
2007:HW_Lib/STM32H7/HAL_Lib/CMSIS/Core/Include/core_cm7.h ****   \return             1  Interrupt status is active.
2008:HW_Lib/STM32H7/HAL_Lib/CMSIS/Core/Include/core_cm7.h ****   \note    IRQn must not be negative.
2009:HW_Lib/STM32H7/HAL_Lib/CMSIS/Core/Include/core_cm7.h ****  */
2010:HW_Lib/STM32H7/HAL_Lib/CMSIS/Core/Include/core_cm7.h **** __STATIC_INLINE uint32_t __NVIC_GetActive(IRQn_Type IRQn)
2011:HW_Lib/STM32H7/HAL_Lib/CMSIS/Core/Include/core_cm7.h **** {
2012:HW_Lib/STM32H7/HAL_Lib/CMSIS/Core/Include/core_cm7.h ****   if ((int32_t)(IRQn) >= 0)
2013:HW_Lib/STM32H7/HAL_Lib/CMSIS/Core/Include/core_cm7.h ****   {
2014:HW_Lib/STM32H7/HAL_Lib/CMSIS/Core/Include/core_cm7.h ****     return((uint32_t)(((NVIC->IABR[(((uint32_t)IRQn) >> 5UL)] & (1UL << (((uint32_t)IRQn) & 0x1FUL)
2015:HW_Lib/STM32H7/HAL_Lib/CMSIS/Core/Include/core_cm7.h ****   }
2016:HW_Lib/STM32H7/HAL_Lib/CMSIS/Core/Include/core_cm7.h ****   else
2017:HW_Lib/STM32H7/HAL_Lib/CMSIS/Core/Include/core_cm7.h ****   {
2018:HW_Lib/STM32H7/HAL_Lib/CMSIS/Core/Include/core_cm7.h ****     return(0U);
2019:HW_Lib/STM32H7/HAL_Lib/CMSIS/Core/Include/core_cm7.h ****   }
ARM GAS  C:\Users\HUAV\AppData\Local\Temp\cciXU3YP.s 			page 89


2020:HW_Lib/STM32H7/HAL_Lib/CMSIS/Core/Include/core_cm7.h **** }
2021:HW_Lib/STM32H7/HAL_Lib/CMSIS/Core/Include/core_cm7.h **** 
2022:HW_Lib/STM32H7/HAL_Lib/CMSIS/Core/Include/core_cm7.h **** 
2023:HW_Lib/STM32H7/HAL_Lib/CMSIS/Core/Include/core_cm7.h **** /**
2024:HW_Lib/STM32H7/HAL_Lib/CMSIS/Core/Include/core_cm7.h ****   \brief   Set Interrupt Priority
2025:HW_Lib/STM32H7/HAL_Lib/CMSIS/Core/Include/core_cm7.h ****   \details Sets the priority of a device specific interrupt or a processor exception.
2026:HW_Lib/STM32H7/HAL_Lib/CMSIS/Core/Include/core_cm7.h ****            The interrupt number can be positive to specify a device specific interrupt,
2027:HW_Lib/STM32H7/HAL_Lib/CMSIS/Core/Include/core_cm7.h ****            or negative to specify a processor exception.
2028:HW_Lib/STM32H7/HAL_Lib/CMSIS/Core/Include/core_cm7.h ****   \param [in]      IRQn  Interrupt number.
2029:HW_Lib/STM32H7/HAL_Lib/CMSIS/Core/Include/core_cm7.h ****   \param [in]  priority  Priority to set.
2030:HW_Lib/STM32H7/HAL_Lib/CMSIS/Core/Include/core_cm7.h ****   \note    The priority cannot be set for every processor exception.
2031:HW_Lib/STM32H7/HAL_Lib/CMSIS/Core/Include/core_cm7.h ****  */
2032:HW_Lib/STM32H7/HAL_Lib/CMSIS/Core/Include/core_cm7.h **** __STATIC_INLINE void __NVIC_SetPriority(IRQn_Type IRQn, uint32_t priority)
2033:HW_Lib/STM32H7/HAL_Lib/CMSIS/Core/Include/core_cm7.h **** {
2034:HW_Lib/STM32H7/HAL_Lib/CMSIS/Core/Include/core_cm7.h ****   if ((int32_t)(IRQn) >= 0)
2035:HW_Lib/STM32H7/HAL_Lib/CMSIS/Core/Include/core_cm7.h ****   {
2036:HW_Lib/STM32H7/HAL_Lib/CMSIS/Core/Include/core_cm7.h ****     NVIC->IP[((uint32_t)IRQn)]                = (uint8_t)((priority << (8U - __NVIC_PRIO_BITS)) & (
2037:HW_Lib/STM32H7/HAL_Lib/CMSIS/Core/Include/core_cm7.h ****   }
2038:HW_Lib/STM32H7/HAL_Lib/CMSIS/Core/Include/core_cm7.h ****   else
2039:HW_Lib/STM32H7/HAL_Lib/CMSIS/Core/Include/core_cm7.h ****   {
2040:HW_Lib/STM32H7/HAL_Lib/CMSIS/Core/Include/core_cm7.h ****     SCB->SHPR[(((uint32_t)IRQn) & 0xFUL)-4UL] = (uint8_t)((priority << (8U - __NVIC_PRIO_BITS)) & (
2041:HW_Lib/STM32H7/HAL_Lib/CMSIS/Core/Include/core_cm7.h ****   }
2042:HW_Lib/STM32H7/HAL_Lib/CMSIS/Core/Include/core_cm7.h **** }
2043:HW_Lib/STM32H7/HAL_Lib/CMSIS/Core/Include/core_cm7.h **** 
2044:HW_Lib/STM32H7/HAL_Lib/CMSIS/Core/Include/core_cm7.h **** 
2045:HW_Lib/STM32H7/HAL_Lib/CMSIS/Core/Include/core_cm7.h **** /**
2046:HW_Lib/STM32H7/HAL_Lib/CMSIS/Core/Include/core_cm7.h ****   \brief   Get Interrupt Priority
2047:HW_Lib/STM32H7/HAL_Lib/CMSIS/Core/Include/core_cm7.h ****   \details Reads the priority of a device specific interrupt or a processor exception.
2048:HW_Lib/STM32H7/HAL_Lib/CMSIS/Core/Include/core_cm7.h ****            The interrupt number can be positive to specify a device specific interrupt,
2049:HW_Lib/STM32H7/HAL_Lib/CMSIS/Core/Include/core_cm7.h ****            or negative to specify a processor exception.
2050:HW_Lib/STM32H7/HAL_Lib/CMSIS/Core/Include/core_cm7.h ****   \param [in]   IRQn  Interrupt number.
2051:HW_Lib/STM32H7/HAL_Lib/CMSIS/Core/Include/core_cm7.h ****   \return             Interrupt Priority.
2052:HW_Lib/STM32H7/HAL_Lib/CMSIS/Core/Include/core_cm7.h ****                       Value is aligned automatically to the implemented priority bits of the microc
2053:HW_Lib/STM32H7/HAL_Lib/CMSIS/Core/Include/core_cm7.h ****  */
2054:HW_Lib/STM32H7/HAL_Lib/CMSIS/Core/Include/core_cm7.h **** __STATIC_INLINE uint32_t __NVIC_GetPriority(IRQn_Type IRQn)
2055:HW_Lib/STM32H7/HAL_Lib/CMSIS/Core/Include/core_cm7.h **** {
2056:HW_Lib/STM32H7/HAL_Lib/CMSIS/Core/Include/core_cm7.h **** 
2057:HW_Lib/STM32H7/HAL_Lib/CMSIS/Core/Include/core_cm7.h ****   if ((int32_t)(IRQn) >= 0)
2058:HW_Lib/STM32H7/HAL_Lib/CMSIS/Core/Include/core_cm7.h ****   {
2059:HW_Lib/STM32H7/HAL_Lib/CMSIS/Core/Include/core_cm7.h ****     return(((uint32_t)NVIC->IP[((uint32_t)IRQn)]                >> (8U - __NVIC_PRIO_BITS)));
2060:HW_Lib/STM32H7/HAL_Lib/CMSIS/Core/Include/core_cm7.h ****   }
2061:HW_Lib/STM32H7/HAL_Lib/CMSIS/Core/Include/core_cm7.h ****   else
2062:HW_Lib/STM32H7/HAL_Lib/CMSIS/Core/Include/core_cm7.h ****   {
2063:HW_Lib/STM32H7/HAL_Lib/CMSIS/Core/Include/core_cm7.h ****     return(((uint32_t)SCB->SHPR[(((uint32_t)IRQn) & 0xFUL)-4UL] >> (8U - __NVIC_PRIO_BITS)));
2064:HW_Lib/STM32H7/HAL_Lib/CMSIS/Core/Include/core_cm7.h ****   }
2065:HW_Lib/STM32H7/HAL_Lib/CMSIS/Core/Include/core_cm7.h **** }
2066:HW_Lib/STM32H7/HAL_Lib/CMSIS/Core/Include/core_cm7.h **** 
2067:HW_Lib/STM32H7/HAL_Lib/CMSIS/Core/Include/core_cm7.h **** 
2068:HW_Lib/STM32H7/HAL_Lib/CMSIS/Core/Include/core_cm7.h **** /**
2069:HW_Lib/STM32H7/HAL_Lib/CMSIS/Core/Include/core_cm7.h ****   \brief   Encode Priority
2070:HW_Lib/STM32H7/HAL_Lib/CMSIS/Core/Include/core_cm7.h ****   \details Encodes the priority for an interrupt with the given priority group,
2071:HW_Lib/STM32H7/HAL_Lib/CMSIS/Core/Include/core_cm7.h ****            preemptive priority value, and subpriority value.
2072:HW_Lib/STM32H7/HAL_Lib/CMSIS/Core/Include/core_cm7.h ****            In case of a conflict between priority grouping and available
2073:HW_Lib/STM32H7/HAL_Lib/CMSIS/Core/Include/core_cm7.h ****            priority bits (__NVIC_PRIO_BITS), the smallest possible priority group is set.
2074:HW_Lib/STM32H7/HAL_Lib/CMSIS/Core/Include/core_cm7.h ****   \param [in]     PriorityGroup  Used priority group.
2075:HW_Lib/STM32H7/HAL_Lib/CMSIS/Core/Include/core_cm7.h ****   \param [in]   PreemptPriority  Preemptive priority value (starting from 0).
2076:HW_Lib/STM32H7/HAL_Lib/CMSIS/Core/Include/core_cm7.h ****   \param [in]       SubPriority  Subpriority value (starting from 0).
ARM GAS  C:\Users\HUAV\AppData\Local\Temp\cciXU3YP.s 			page 90


2077:HW_Lib/STM32H7/HAL_Lib/CMSIS/Core/Include/core_cm7.h ****   \return                        Encoded priority. Value can be used in the function \ref NVIC_SetP
2078:HW_Lib/STM32H7/HAL_Lib/CMSIS/Core/Include/core_cm7.h ****  */
2079:HW_Lib/STM32H7/HAL_Lib/CMSIS/Core/Include/core_cm7.h **** __STATIC_INLINE uint32_t NVIC_EncodePriority (uint32_t PriorityGroup, uint32_t PreemptPriority, uin
2080:HW_Lib/STM32H7/HAL_Lib/CMSIS/Core/Include/core_cm7.h **** {
2081:HW_Lib/STM32H7/HAL_Lib/CMSIS/Core/Include/core_cm7.h ****   uint32_t PriorityGroupTmp = (PriorityGroup & (uint32_t)0x07UL);   /* only values 0..7 are used   
2082:HW_Lib/STM32H7/HAL_Lib/CMSIS/Core/Include/core_cm7.h ****   uint32_t PreemptPriorityBits;
2083:HW_Lib/STM32H7/HAL_Lib/CMSIS/Core/Include/core_cm7.h ****   uint32_t SubPriorityBits;
2084:HW_Lib/STM32H7/HAL_Lib/CMSIS/Core/Include/core_cm7.h **** 
2085:HW_Lib/STM32H7/HAL_Lib/CMSIS/Core/Include/core_cm7.h ****   PreemptPriorityBits = ((7UL - PriorityGroupTmp) > (uint32_t)(__NVIC_PRIO_BITS)) ? (uint32_t)(__NV
2086:HW_Lib/STM32H7/HAL_Lib/CMSIS/Core/Include/core_cm7.h ****   SubPriorityBits     = ((PriorityGroupTmp + (uint32_t)(__NVIC_PRIO_BITS)) < (uint32_t)7UL) ? (uint
2087:HW_Lib/STM32H7/HAL_Lib/CMSIS/Core/Include/core_cm7.h **** 
2088:HW_Lib/STM32H7/HAL_Lib/CMSIS/Core/Include/core_cm7.h ****   return (
2089:HW_Lib/STM32H7/HAL_Lib/CMSIS/Core/Include/core_cm7.h ****            ((PreemptPriority & (uint32_t)((1UL << (PreemptPriorityBits)) - 1UL)) << SubPriorityBits
2090:HW_Lib/STM32H7/HAL_Lib/CMSIS/Core/Include/core_cm7.h ****            ((SubPriority     & (uint32_t)((1UL << (SubPriorityBits    )) - 1UL)))
2091:HW_Lib/STM32H7/HAL_Lib/CMSIS/Core/Include/core_cm7.h ****          );
2092:HW_Lib/STM32H7/HAL_Lib/CMSIS/Core/Include/core_cm7.h **** }
2093:HW_Lib/STM32H7/HAL_Lib/CMSIS/Core/Include/core_cm7.h **** 
2094:HW_Lib/STM32H7/HAL_Lib/CMSIS/Core/Include/core_cm7.h **** 
2095:HW_Lib/STM32H7/HAL_Lib/CMSIS/Core/Include/core_cm7.h **** /**
2096:HW_Lib/STM32H7/HAL_Lib/CMSIS/Core/Include/core_cm7.h ****   \brief   Decode Priority
2097:HW_Lib/STM32H7/HAL_Lib/CMSIS/Core/Include/core_cm7.h ****   \details Decodes an interrupt priority value with a given priority group to
2098:HW_Lib/STM32H7/HAL_Lib/CMSIS/Core/Include/core_cm7.h ****            preemptive priority value and subpriority value.
2099:HW_Lib/STM32H7/HAL_Lib/CMSIS/Core/Include/core_cm7.h ****            In case of a conflict between priority grouping and available
2100:HW_Lib/STM32H7/HAL_Lib/CMSIS/Core/Include/core_cm7.h ****            priority bits (__NVIC_PRIO_BITS) the smallest possible priority group is set.
2101:HW_Lib/STM32H7/HAL_Lib/CMSIS/Core/Include/core_cm7.h ****   \param [in]         Priority   Priority value, which can be retrieved with the function \ref NVIC
2102:HW_Lib/STM32H7/HAL_Lib/CMSIS/Core/Include/core_cm7.h ****   \param [in]     PriorityGroup  Used priority group.
2103:HW_Lib/STM32H7/HAL_Lib/CMSIS/Core/Include/core_cm7.h ****   \param [out] pPreemptPriority  Preemptive priority value (starting from 0).
2104:HW_Lib/STM32H7/HAL_Lib/CMSIS/Core/Include/core_cm7.h ****   \param [out]     pSubPriority  Subpriority value (starting from 0).
2105:HW_Lib/STM32H7/HAL_Lib/CMSIS/Core/Include/core_cm7.h ****  */
2106:HW_Lib/STM32H7/HAL_Lib/CMSIS/Core/Include/core_cm7.h **** __STATIC_INLINE void NVIC_DecodePriority (uint32_t Priority, uint32_t PriorityGroup, uint32_t* cons
2107:HW_Lib/STM32H7/HAL_Lib/CMSIS/Core/Include/core_cm7.h **** {
2108:HW_Lib/STM32H7/HAL_Lib/CMSIS/Core/Include/core_cm7.h ****   uint32_t PriorityGroupTmp = (PriorityGroup & (uint32_t)0x07UL);   /* only values 0..7 are used   
2109:HW_Lib/STM32H7/HAL_Lib/CMSIS/Core/Include/core_cm7.h ****   uint32_t PreemptPriorityBits;
2110:HW_Lib/STM32H7/HAL_Lib/CMSIS/Core/Include/core_cm7.h ****   uint32_t SubPriorityBits;
2111:HW_Lib/STM32H7/HAL_Lib/CMSIS/Core/Include/core_cm7.h **** 
2112:HW_Lib/STM32H7/HAL_Lib/CMSIS/Core/Include/core_cm7.h ****   PreemptPriorityBits = ((7UL - PriorityGroupTmp) > (uint32_t)(__NVIC_PRIO_BITS)) ? (uint32_t)(__NV
2113:HW_Lib/STM32H7/HAL_Lib/CMSIS/Core/Include/core_cm7.h ****   SubPriorityBits     = ((PriorityGroupTmp + (uint32_t)(__NVIC_PRIO_BITS)) < (uint32_t)7UL) ? (uint
2114:HW_Lib/STM32H7/HAL_Lib/CMSIS/Core/Include/core_cm7.h **** 
2115:HW_Lib/STM32H7/HAL_Lib/CMSIS/Core/Include/core_cm7.h ****   *pPreemptPriority = (Priority >> SubPriorityBits) & (uint32_t)((1UL << (PreemptPriorityBits)) - 1
2116:HW_Lib/STM32H7/HAL_Lib/CMSIS/Core/Include/core_cm7.h ****   *pSubPriority     = (Priority                   ) & (uint32_t)((1UL << (SubPriorityBits    )) - 1
2117:HW_Lib/STM32H7/HAL_Lib/CMSIS/Core/Include/core_cm7.h **** }
2118:HW_Lib/STM32H7/HAL_Lib/CMSIS/Core/Include/core_cm7.h **** 
2119:HW_Lib/STM32H7/HAL_Lib/CMSIS/Core/Include/core_cm7.h **** 
2120:HW_Lib/STM32H7/HAL_Lib/CMSIS/Core/Include/core_cm7.h **** /**
2121:HW_Lib/STM32H7/HAL_Lib/CMSIS/Core/Include/core_cm7.h ****   \brief   Set Interrupt Vector
2122:HW_Lib/STM32H7/HAL_Lib/CMSIS/Core/Include/core_cm7.h ****   \details Sets an interrupt vector in SRAM based interrupt vector table.
2123:HW_Lib/STM32H7/HAL_Lib/CMSIS/Core/Include/core_cm7.h ****            The interrupt number can be positive to specify a device specific interrupt,
2124:HW_Lib/STM32H7/HAL_Lib/CMSIS/Core/Include/core_cm7.h ****            or negative to specify a processor exception.
2125:HW_Lib/STM32H7/HAL_Lib/CMSIS/Core/Include/core_cm7.h ****            VTOR must been relocated to SRAM before.
2126:HW_Lib/STM32H7/HAL_Lib/CMSIS/Core/Include/core_cm7.h ****   \param [in]   IRQn      Interrupt number
2127:HW_Lib/STM32H7/HAL_Lib/CMSIS/Core/Include/core_cm7.h ****   \param [in]   vector    Address of interrupt handler function
2128:HW_Lib/STM32H7/HAL_Lib/CMSIS/Core/Include/core_cm7.h ****  */
2129:HW_Lib/STM32H7/HAL_Lib/CMSIS/Core/Include/core_cm7.h **** __STATIC_INLINE void __NVIC_SetVector(IRQn_Type IRQn, uint32_t vector)
2130:HW_Lib/STM32H7/HAL_Lib/CMSIS/Core/Include/core_cm7.h **** {
2131:HW_Lib/STM32H7/HAL_Lib/CMSIS/Core/Include/core_cm7.h ****   uint32_t vectors = (uint32_t )SCB->VTOR;
2132:HW_Lib/STM32H7/HAL_Lib/CMSIS/Core/Include/core_cm7.h ****   (* (int *) (vectors + ((int32_t)IRQn + NVIC_USER_IRQ_OFFSET) * 4)) = vector;
2133:HW_Lib/STM32H7/HAL_Lib/CMSIS/Core/Include/core_cm7.h ****   __DSB();
ARM GAS  C:\Users\HUAV\AppData\Local\Temp\cciXU3YP.s 			page 91


2134:HW_Lib/STM32H7/HAL_Lib/CMSIS/Core/Include/core_cm7.h **** }
2135:HW_Lib/STM32H7/HAL_Lib/CMSIS/Core/Include/core_cm7.h **** 
2136:HW_Lib/STM32H7/HAL_Lib/CMSIS/Core/Include/core_cm7.h **** 
2137:HW_Lib/STM32H7/HAL_Lib/CMSIS/Core/Include/core_cm7.h **** /**
2138:HW_Lib/STM32H7/HAL_Lib/CMSIS/Core/Include/core_cm7.h ****   \brief   Get Interrupt Vector
2139:HW_Lib/STM32H7/HAL_Lib/CMSIS/Core/Include/core_cm7.h ****   \details Reads an interrupt vector from interrupt vector table.
2140:HW_Lib/STM32H7/HAL_Lib/CMSIS/Core/Include/core_cm7.h ****            The interrupt number can be positive to specify a device specific interrupt,
2141:HW_Lib/STM32H7/HAL_Lib/CMSIS/Core/Include/core_cm7.h ****            or negative to specify a processor exception.
2142:HW_Lib/STM32H7/HAL_Lib/CMSIS/Core/Include/core_cm7.h ****   \param [in]   IRQn      Interrupt number.
2143:HW_Lib/STM32H7/HAL_Lib/CMSIS/Core/Include/core_cm7.h ****   \return                 Address of interrupt handler function
2144:HW_Lib/STM32H7/HAL_Lib/CMSIS/Core/Include/core_cm7.h ****  */
2145:HW_Lib/STM32H7/HAL_Lib/CMSIS/Core/Include/core_cm7.h **** __STATIC_INLINE uint32_t __NVIC_GetVector(IRQn_Type IRQn)
2146:HW_Lib/STM32H7/HAL_Lib/CMSIS/Core/Include/core_cm7.h **** {
2147:HW_Lib/STM32H7/HAL_Lib/CMSIS/Core/Include/core_cm7.h ****   uint32_t vectors = (uint32_t )SCB->VTOR;
2148:HW_Lib/STM32H7/HAL_Lib/CMSIS/Core/Include/core_cm7.h ****   return (uint32_t)(* (int *) (vectors + ((int32_t)IRQn + NVIC_USER_IRQ_OFFSET) * 4));
2149:HW_Lib/STM32H7/HAL_Lib/CMSIS/Core/Include/core_cm7.h **** }
2150:HW_Lib/STM32H7/HAL_Lib/CMSIS/Core/Include/core_cm7.h **** 
2151:HW_Lib/STM32H7/HAL_Lib/CMSIS/Core/Include/core_cm7.h **** 
2152:HW_Lib/STM32H7/HAL_Lib/CMSIS/Core/Include/core_cm7.h **** /**
2153:HW_Lib/STM32H7/HAL_Lib/CMSIS/Core/Include/core_cm7.h ****   \brief   System Reset
2154:HW_Lib/STM32H7/HAL_Lib/CMSIS/Core/Include/core_cm7.h ****   \details Initiates a system reset request to reset the MCU.
2155:HW_Lib/STM32H7/HAL_Lib/CMSIS/Core/Include/core_cm7.h ****  */
2156:HW_Lib/STM32H7/HAL_Lib/CMSIS/Core/Include/core_cm7.h **** __NO_RETURN __STATIC_INLINE void __NVIC_SystemReset(void)
2157:HW_Lib/STM32H7/HAL_Lib/CMSIS/Core/Include/core_cm7.h **** {
2158:HW_Lib/STM32H7/HAL_Lib/CMSIS/Core/Include/core_cm7.h ****   __DSB();                                                          /* Ensure all outstanding memor
2159:HW_Lib/STM32H7/HAL_Lib/CMSIS/Core/Include/core_cm7.h ****                                                                        buffered write are completed
2160:HW_Lib/STM32H7/HAL_Lib/CMSIS/Core/Include/core_cm7.h ****   SCB->AIRCR  = (uint32_t)((0x5FAUL << SCB_AIRCR_VECTKEY_Pos)    |
2161:HW_Lib/STM32H7/HAL_Lib/CMSIS/Core/Include/core_cm7.h ****                            (SCB->AIRCR & SCB_AIRCR_PRIGROUP_Msk) |
2162:HW_Lib/STM32H7/HAL_Lib/CMSIS/Core/Include/core_cm7.h ****                             SCB_AIRCR_SYSRESETREQ_Msk    );         /* Keep priority group unchange
2163:HW_Lib/STM32H7/HAL_Lib/CMSIS/Core/Include/core_cm7.h ****   __DSB();                                                          /* Ensure completion of memory 
2164:HW_Lib/STM32H7/HAL_Lib/CMSIS/Core/Include/core_cm7.h **** 
2165:HW_Lib/STM32H7/HAL_Lib/CMSIS/Core/Include/core_cm7.h ****   for(;;)                                                           /* wait until reset */
2166:HW_Lib/STM32H7/HAL_Lib/CMSIS/Core/Include/core_cm7.h ****   {
2167:HW_Lib/STM32H7/HAL_Lib/CMSIS/Core/Include/core_cm7.h ****     __NOP();
2168:HW_Lib/STM32H7/HAL_Lib/CMSIS/Core/Include/core_cm7.h ****   }
2169:HW_Lib/STM32H7/HAL_Lib/CMSIS/Core/Include/core_cm7.h **** }
2170:HW_Lib/STM32H7/HAL_Lib/CMSIS/Core/Include/core_cm7.h **** 
2171:HW_Lib/STM32H7/HAL_Lib/CMSIS/Core/Include/core_cm7.h **** /*@} end of CMSIS_Core_NVICFunctions */
2172:HW_Lib/STM32H7/HAL_Lib/CMSIS/Core/Include/core_cm7.h **** 
2173:HW_Lib/STM32H7/HAL_Lib/CMSIS/Core/Include/core_cm7.h **** 
2174:HW_Lib/STM32H7/HAL_Lib/CMSIS/Core/Include/core_cm7.h **** /* ##########################  MPU functions  #################################### */
2175:HW_Lib/STM32H7/HAL_Lib/CMSIS/Core/Include/core_cm7.h **** 
2176:HW_Lib/STM32H7/HAL_Lib/CMSIS/Core/Include/core_cm7.h **** #if defined (__MPU_PRESENT) && (__MPU_PRESENT == 1U)
2177:HW_Lib/STM32H7/HAL_Lib/CMSIS/Core/Include/core_cm7.h **** 
2178:HW_Lib/STM32H7/HAL_Lib/CMSIS/Core/Include/core_cm7.h **** #include "mpu_armv7.h"
2179:HW_Lib/STM32H7/HAL_Lib/CMSIS/Core/Include/core_cm7.h **** 
2180:HW_Lib/STM32H7/HAL_Lib/CMSIS/Core/Include/core_cm7.h **** #endif
2181:HW_Lib/STM32H7/HAL_Lib/CMSIS/Core/Include/core_cm7.h **** 
2182:HW_Lib/STM32H7/HAL_Lib/CMSIS/Core/Include/core_cm7.h **** 
2183:HW_Lib/STM32H7/HAL_Lib/CMSIS/Core/Include/core_cm7.h **** /* ##########################  FPU functions  #################################### */
2184:HW_Lib/STM32H7/HAL_Lib/CMSIS/Core/Include/core_cm7.h **** /**
2185:HW_Lib/STM32H7/HAL_Lib/CMSIS/Core/Include/core_cm7.h ****   \ingroup  CMSIS_Core_FunctionInterface
2186:HW_Lib/STM32H7/HAL_Lib/CMSIS/Core/Include/core_cm7.h ****   \defgroup CMSIS_Core_FpuFunctions FPU Functions
2187:HW_Lib/STM32H7/HAL_Lib/CMSIS/Core/Include/core_cm7.h ****   \brief    Function that provides FPU type.
2188:HW_Lib/STM32H7/HAL_Lib/CMSIS/Core/Include/core_cm7.h ****   @{
2189:HW_Lib/STM32H7/HAL_Lib/CMSIS/Core/Include/core_cm7.h ****  */
2190:HW_Lib/STM32H7/HAL_Lib/CMSIS/Core/Include/core_cm7.h **** 
ARM GAS  C:\Users\HUAV\AppData\Local\Temp\cciXU3YP.s 			page 92


2191:HW_Lib/STM32H7/HAL_Lib/CMSIS/Core/Include/core_cm7.h **** /**
2192:HW_Lib/STM32H7/HAL_Lib/CMSIS/Core/Include/core_cm7.h ****   \brief   get FPU type
2193:HW_Lib/STM32H7/HAL_Lib/CMSIS/Core/Include/core_cm7.h ****   \details returns the FPU type
2194:HW_Lib/STM32H7/HAL_Lib/CMSIS/Core/Include/core_cm7.h ****   \returns
2195:HW_Lib/STM32H7/HAL_Lib/CMSIS/Core/Include/core_cm7.h ****    - \b  0: No FPU
2196:HW_Lib/STM32H7/HAL_Lib/CMSIS/Core/Include/core_cm7.h ****    - \b  1: Single precision FPU
2197:HW_Lib/STM32H7/HAL_Lib/CMSIS/Core/Include/core_cm7.h ****    - \b  2: Double + Single precision FPU
2198:HW_Lib/STM32H7/HAL_Lib/CMSIS/Core/Include/core_cm7.h ****  */
2199:HW_Lib/STM32H7/HAL_Lib/CMSIS/Core/Include/core_cm7.h **** __STATIC_INLINE uint32_t SCB_GetFPUType(void)
2200:HW_Lib/STM32H7/HAL_Lib/CMSIS/Core/Include/core_cm7.h **** {
2201:HW_Lib/STM32H7/HAL_Lib/CMSIS/Core/Include/core_cm7.h ****   uint32_t mvfr0;
2202:HW_Lib/STM32H7/HAL_Lib/CMSIS/Core/Include/core_cm7.h **** 
2203:HW_Lib/STM32H7/HAL_Lib/CMSIS/Core/Include/core_cm7.h ****   mvfr0 = SCB->MVFR0;
2204:HW_Lib/STM32H7/HAL_Lib/CMSIS/Core/Include/core_cm7.h ****   if      ((mvfr0 & (FPU_MVFR0_Single_precision_Msk | FPU_MVFR0_Double_precision_Msk)) == 0x220U)
2205:HW_Lib/STM32H7/HAL_Lib/CMSIS/Core/Include/core_cm7.h ****   {
2206:HW_Lib/STM32H7/HAL_Lib/CMSIS/Core/Include/core_cm7.h ****     return 2U;           /* Double + Single precision FPU */
2207:HW_Lib/STM32H7/HAL_Lib/CMSIS/Core/Include/core_cm7.h ****   }
2208:HW_Lib/STM32H7/HAL_Lib/CMSIS/Core/Include/core_cm7.h ****   else if ((mvfr0 & (FPU_MVFR0_Single_precision_Msk | FPU_MVFR0_Double_precision_Msk)) == 0x020U)
2209:HW_Lib/STM32H7/HAL_Lib/CMSIS/Core/Include/core_cm7.h ****   {
2210:HW_Lib/STM32H7/HAL_Lib/CMSIS/Core/Include/core_cm7.h ****     return 1U;           /* Single precision FPU */
2211:HW_Lib/STM32H7/HAL_Lib/CMSIS/Core/Include/core_cm7.h ****   }
2212:HW_Lib/STM32H7/HAL_Lib/CMSIS/Core/Include/core_cm7.h ****   else
2213:HW_Lib/STM32H7/HAL_Lib/CMSIS/Core/Include/core_cm7.h ****   {
2214:HW_Lib/STM32H7/HAL_Lib/CMSIS/Core/Include/core_cm7.h ****     return 0U;           /* No FPU */
2215:HW_Lib/STM32H7/HAL_Lib/CMSIS/Core/Include/core_cm7.h ****   }
2216:HW_Lib/STM32H7/HAL_Lib/CMSIS/Core/Include/core_cm7.h **** }
2217:HW_Lib/STM32H7/HAL_Lib/CMSIS/Core/Include/core_cm7.h **** 
2218:HW_Lib/STM32H7/HAL_Lib/CMSIS/Core/Include/core_cm7.h **** /*@} end of CMSIS_Core_FpuFunctions */
2219:HW_Lib/STM32H7/HAL_Lib/CMSIS/Core/Include/core_cm7.h **** 
2220:HW_Lib/STM32H7/HAL_Lib/CMSIS/Core/Include/core_cm7.h **** 
2221:HW_Lib/STM32H7/HAL_Lib/CMSIS/Core/Include/core_cm7.h **** 
2222:HW_Lib/STM32H7/HAL_Lib/CMSIS/Core/Include/core_cm7.h **** /* ##########################  Cache functions  #################################### */
2223:HW_Lib/STM32H7/HAL_Lib/CMSIS/Core/Include/core_cm7.h **** /**
2224:HW_Lib/STM32H7/HAL_Lib/CMSIS/Core/Include/core_cm7.h ****   \ingroup  CMSIS_Core_FunctionInterface
2225:HW_Lib/STM32H7/HAL_Lib/CMSIS/Core/Include/core_cm7.h ****   \defgroup CMSIS_Core_CacheFunctions Cache Functions
2226:HW_Lib/STM32H7/HAL_Lib/CMSIS/Core/Include/core_cm7.h ****   \brief    Functions that configure Instruction and Data cache.
2227:HW_Lib/STM32H7/HAL_Lib/CMSIS/Core/Include/core_cm7.h ****   @{
2228:HW_Lib/STM32H7/HAL_Lib/CMSIS/Core/Include/core_cm7.h ****  */
2229:HW_Lib/STM32H7/HAL_Lib/CMSIS/Core/Include/core_cm7.h **** 
2230:HW_Lib/STM32H7/HAL_Lib/CMSIS/Core/Include/core_cm7.h **** /* Cache Size ID Register Macros */
2231:HW_Lib/STM32H7/HAL_Lib/CMSIS/Core/Include/core_cm7.h **** #define CCSIDR_WAYS(x)         (((x) & SCB_CCSIDR_ASSOCIATIVITY_Msk) >> SCB_CCSIDR_ASSOCIATIVITY_Po
2232:HW_Lib/STM32H7/HAL_Lib/CMSIS/Core/Include/core_cm7.h **** #define CCSIDR_SETS(x)         (((x) & SCB_CCSIDR_NUMSETS_Msk      ) >> SCB_CCSIDR_NUMSETS_Pos     
2233:HW_Lib/STM32H7/HAL_Lib/CMSIS/Core/Include/core_cm7.h **** 
2234:HW_Lib/STM32H7/HAL_Lib/CMSIS/Core/Include/core_cm7.h **** #define __SCB_DCACHE_LINE_SIZE  32U /*!< Cortex-M7 cache line size is fixed to 32 bytes (8 words). 
2235:HW_Lib/STM32H7/HAL_Lib/CMSIS/Core/Include/core_cm7.h **** #define __SCB_ICACHE_LINE_SIZE  32U /*!< Cortex-M7 cache line size is fixed to 32 bytes (8 words). 
2236:HW_Lib/STM32H7/HAL_Lib/CMSIS/Core/Include/core_cm7.h **** 
2237:HW_Lib/STM32H7/HAL_Lib/CMSIS/Core/Include/core_cm7.h **** /**
2238:HW_Lib/STM32H7/HAL_Lib/CMSIS/Core/Include/core_cm7.h ****   \brief   Enable I-Cache
2239:HW_Lib/STM32H7/HAL_Lib/CMSIS/Core/Include/core_cm7.h ****   \details Turns on I-Cache
2240:HW_Lib/STM32H7/HAL_Lib/CMSIS/Core/Include/core_cm7.h ****   */
2241:HW_Lib/STM32H7/HAL_Lib/CMSIS/Core/Include/core_cm7.h **** __STATIC_FORCEINLINE void SCB_EnableICache (void)
2242:HW_Lib/STM32H7/HAL_Lib/CMSIS/Core/Include/core_cm7.h **** {
2243:HW_Lib/STM32H7/HAL_Lib/CMSIS/Core/Include/core_cm7.h ****   #if defined (__ICACHE_PRESENT) && (__ICACHE_PRESENT == 1U)
2244:HW_Lib/STM32H7/HAL_Lib/CMSIS/Core/Include/core_cm7.h ****     if (SCB->CCR & SCB_CCR_IC_Msk) return;  /* return if ICache is already enabled */
2245:HW_Lib/STM32H7/HAL_Lib/CMSIS/Core/Include/core_cm7.h **** 
2246:HW_Lib/STM32H7/HAL_Lib/CMSIS/Core/Include/core_cm7.h ****     __DSB();
2247:HW_Lib/STM32H7/HAL_Lib/CMSIS/Core/Include/core_cm7.h ****     __ISB();
ARM GAS  C:\Users\HUAV\AppData\Local\Temp\cciXU3YP.s 			page 93


2248:HW_Lib/STM32H7/HAL_Lib/CMSIS/Core/Include/core_cm7.h ****     SCB->ICIALLU = 0UL;                     /* invalidate I-Cache */
2249:HW_Lib/STM32H7/HAL_Lib/CMSIS/Core/Include/core_cm7.h ****     __DSB();
2250:HW_Lib/STM32H7/HAL_Lib/CMSIS/Core/Include/core_cm7.h ****     __ISB();
2251:HW_Lib/STM32H7/HAL_Lib/CMSIS/Core/Include/core_cm7.h ****     SCB->CCR |=  (uint32_t)SCB_CCR_IC_Msk;  /* enable I-Cache */
2252:HW_Lib/STM32H7/HAL_Lib/CMSIS/Core/Include/core_cm7.h ****     __DSB();
2253:HW_Lib/STM32H7/HAL_Lib/CMSIS/Core/Include/core_cm7.h ****     __ISB();
2254:HW_Lib/STM32H7/HAL_Lib/CMSIS/Core/Include/core_cm7.h ****   #endif
2255:HW_Lib/STM32H7/HAL_Lib/CMSIS/Core/Include/core_cm7.h **** }
2256:HW_Lib/STM32H7/HAL_Lib/CMSIS/Core/Include/core_cm7.h **** 
2257:HW_Lib/STM32H7/HAL_Lib/CMSIS/Core/Include/core_cm7.h **** 
2258:HW_Lib/STM32H7/HAL_Lib/CMSIS/Core/Include/core_cm7.h **** /**
2259:HW_Lib/STM32H7/HAL_Lib/CMSIS/Core/Include/core_cm7.h ****   \brief   Disable I-Cache
2260:HW_Lib/STM32H7/HAL_Lib/CMSIS/Core/Include/core_cm7.h ****   \details Turns off I-Cache
2261:HW_Lib/STM32H7/HAL_Lib/CMSIS/Core/Include/core_cm7.h ****   */
2262:HW_Lib/STM32H7/HAL_Lib/CMSIS/Core/Include/core_cm7.h **** __STATIC_FORCEINLINE void SCB_DisableICache (void)
2263:HW_Lib/STM32H7/HAL_Lib/CMSIS/Core/Include/core_cm7.h **** {
2264:HW_Lib/STM32H7/HAL_Lib/CMSIS/Core/Include/core_cm7.h ****   #if defined (__ICACHE_PRESENT) && (__ICACHE_PRESENT == 1U)
2265:HW_Lib/STM32H7/HAL_Lib/CMSIS/Core/Include/core_cm7.h ****     __DSB();
2266:HW_Lib/STM32H7/HAL_Lib/CMSIS/Core/Include/core_cm7.h ****     __ISB();
2267:HW_Lib/STM32H7/HAL_Lib/CMSIS/Core/Include/core_cm7.h ****     SCB->CCR &= ~(uint32_t)SCB_CCR_IC_Msk;  /* disable I-Cache */
2268:HW_Lib/STM32H7/HAL_Lib/CMSIS/Core/Include/core_cm7.h ****     SCB->ICIALLU = 0UL;                     /* invalidate I-Cache */
2269:HW_Lib/STM32H7/HAL_Lib/CMSIS/Core/Include/core_cm7.h ****     __DSB();
2270:HW_Lib/STM32H7/HAL_Lib/CMSIS/Core/Include/core_cm7.h ****     __ISB();
2271:HW_Lib/STM32H7/HAL_Lib/CMSIS/Core/Include/core_cm7.h ****   #endif
2272:HW_Lib/STM32H7/HAL_Lib/CMSIS/Core/Include/core_cm7.h **** }
2273:HW_Lib/STM32H7/HAL_Lib/CMSIS/Core/Include/core_cm7.h **** 
2274:HW_Lib/STM32H7/HAL_Lib/CMSIS/Core/Include/core_cm7.h **** 
2275:HW_Lib/STM32H7/HAL_Lib/CMSIS/Core/Include/core_cm7.h **** /**
2276:HW_Lib/STM32H7/HAL_Lib/CMSIS/Core/Include/core_cm7.h ****   \brief   Invalidate I-Cache
2277:HW_Lib/STM32H7/HAL_Lib/CMSIS/Core/Include/core_cm7.h ****   \details Invalidates I-Cache
2278:HW_Lib/STM32H7/HAL_Lib/CMSIS/Core/Include/core_cm7.h ****   */
2279:HW_Lib/STM32H7/HAL_Lib/CMSIS/Core/Include/core_cm7.h **** __STATIC_FORCEINLINE void SCB_InvalidateICache (void)
2280:HW_Lib/STM32H7/HAL_Lib/CMSIS/Core/Include/core_cm7.h **** {
2281:HW_Lib/STM32H7/HAL_Lib/CMSIS/Core/Include/core_cm7.h ****   #if defined (__ICACHE_PRESENT) && (__ICACHE_PRESENT == 1U)
2282:HW_Lib/STM32H7/HAL_Lib/CMSIS/Core/Include/core_cm7.h ****     __DSB();
2283:HW_Lib/STM32H7/HAL_Lib/CMSIS/Core/Include/core_cm7.h ****     __ISB();
2284:HW_Lib/STM32H7/HAL_Lib/CMSIS/Core/Include/core_cm7.h ****     SCB->ICIALLU = 0UL;
2285:HW_Lib/STM32H7/HAL_Lib/CMSIS/Core/Include/core_cm7.h ****     __DSB();
2286:HW_Lib/STM32H7/HAL_Lib/CMSIS/Core/Include/core_cm7.h ****     __ISB();
2287:HW_Lib/STM32H7/HAL_Lib/CMSIS/Core/Include/core_cm7.h ****   #endif
2288:HW_Lib/STM32H7/HAL_Lib/CMSIS/Core/Include/core_cm7.h **** }
2289:HW_Lib/STM32H7/HAL_Lib/CMSIS/Core/Include/core_cm7.h **** 
2290:HW_Lib/STM32H7/HAL_Lib/CMSIS/Core/Include/core_cm7.h **** 
2291:HW_Lib/STM32H7/HAL_Lib/CMSIS/Core/Include/core_cm7.h **** /**
2292:HW_Lib/STM32H7/HAL_Lib/CMSIS/Core/Include/core_cm7.h ****   \brief   I-Cache Invalidate by address
2293:HW_Lib/STM32H7/HAL_Lib/CMSIS/Core/Include/core_cm7.h ****   \details Invalidates I-Cache for the given address.
2294:HW_Lib/STM32H7/HAL_Lib/CMSIS/Core/Include/core_cm7.h ****            I-Cache is invalidated starting from a 32 byte aligned address in 32 byte granularity.
2295:HW_Lib/STM32H7/HAL_Lib/CMSIS/Core/Include/core_cm7.h ****            I-Cache memory blocks which are part of given address + given size are invalidated.
2296:HW_Lib/STM32H7/HAL_Lib/CMSIS/Core/Include/core_cm7.h ****   \param[in]   addr    address
2297:HW_Lib/STM32H7/HAL_Lib/CMSIS/Core/Include/core_cm7.h ****   \param[in]   isize   size of memory block (in number of bytes)
2298:HW_Lib/STM32H7/HAL_Lib/CMSIS/Core/Include/core_cm7.h **** */
2299:HW_Lib/STM32H7/HAL_Lib/CMSIS/Core/Include/core_cm7.h **** __STATIC_FORCEINLINE void SCB_InvalidateICache_by_Addr (void *addr, int32_t isize)
2300:HW_Lib/STM32H7/HAL_Lib/CMSIS/Core/Include/core_cm7.h **** {
2301:HW_Lib/STM32H7/HAL_Lib/CMSIS/Core/Include/core_cm7.h ****   #if defined (__ICACHE_PRESENT) && (__ICACHE_PRESENT == 1U)
2302:HW_Lib/STM32H7/HAL_Lib/CMSIS/Core/Include/core_cm7.h ****     if ( isize > 0 ) {
2303:HW_Lib/STM32H7/HAL_Lib/CMSIS/Core/Include/core_cm7.h ****        int32_t op_size = isize + (((uint32_t)addr) & (__SCB_ICACHE_LINE_SIZE - 1U));
2304:HW_Lib/STM32H7/HAL_Lib/CMSIS/Core/Include/core_cm7.h ****       uint32_t op_addr = (uint32_t)addr /* & ~(__SCB_ICACHE_LINE_SIZE - 1U) */;
ARM GAS  C:\Users\HUAV\AppData\Local\Temp\cciXU3YP.s 			page 94


2305:HW_Lib/STM32H7/HAL_Lib/CMSIS/Core/Include/core_cm7.h **** 
2306:HW_Lib/STM32H7/HAL_Lib/CMSIS/Core/Include/core_cm7.h ****       __DSB();
2307:HW_Lib/STM32H7/HAL_Lib/CMSIS/Core/Include/core_cm7.h **** 
2308:HW_Lib/STM32H7/HAL_Lib/CMSIS/Core/Include/core_cm7.h ****       do {
2309:HW_Lib/STM32H7/HAL_Lib/CMSIS/Core/Include/core_cm7.h ****         SCB->ICIMVAU = op_addr;             /* register accepts only 32byte aligned values, only bi
2310:HW_Lib/STM32H7/HAL_Lib/CMSIS/Core/Include/core_cm7.h ****         op_addr += __SCB_ICACHE_LINE_SIZE;
2311:HW_Lib/STM32H7/HAL_Lib/CMSIS/Core/Include/core_cm7.h ****         op_size -= __SCB_ICACHE_LINE_SIZE;
2312:HW_Lib/STM32H7/HAL_Lib/CMSIS/Core/Include/core_cm7.h ****       } while ( op_size > 0 );
2313:HW_Lib/STM32H7/HAL_Lib/CMSIS/Core/Include/core_cm7.h **** 
2314:HW_Lib/STM32H7/HAL_Lib/CMSIS/Core/Include/core_cm7.h ****       __DSB();
2315:HW_Lib/STM32H7/HAL_Lib/CMSIS/Core/Include/core_cm7.h ****       __ISB();
2316:HW_Lib/STM32H7/HAL_Lib/CMSIS/Core/Include/core_cm7.h ****     }
2317:HW_Lib/STM32H7/HAL_Lib/CMSIS/Core/Include/core_cm7.h ****   #endif
2318:HW_Lib/STM32H7/HAL_Lib/CMSIS/Core/Include/core_cm7.h **** }
2319:HW_Lib/STM32H7/HAL_Lib/CMSIS/Core/Include/core_cm7.h **** 
2320:HW_Lib/STM32H7/HAL_Lib/CMSIS/Core/Include/core_cm7.h **** 
2321:HW_Lib/STM32H7/HAL_Lib/CMSIS/Core/Include/core_cm7.h **** /**
2322:HW_Lib/STM32H7/HAL_Lib/CMSIS/Core/Include/core_cm7.h ****   \brief   Enable D-Cache
2323:HW_Lib/STM32H7/HAL_Lib/CMSIS/Core/Include/core_cm7.h ****   \details Turns on D-Cache
2324:HW_Lib/STM32H7/HAL_Lib/CMSIS/Core/Include/core_cm7.h ****   */
2325:HW_Lib/STM32H7/HAL_Lib/CMSIS/Core/Include/core_cm7.h **** __STATIC_FORCEINLINE void SCB_EnableDCache (void)
2326:HW_Lib/STM32H7/HAL_Lib/CMSIS/Core/Include/core_cm7.h **** {
2327:HW_Lib/STM32H7/HAL_Lib/CMSIS/Core/Include/core_cm7.h ****   #if defined (__DCACHE_PRESENT) && (__DCACHE_PRESENT == 1U)
2328:HW_Lib/STM32H7/HAL_Lib/CMSIS/Core/Include/core_cm7.h ****     uint32_t ccsidr;
2329:HW_Lib/STM32H7/HAL_Lib/CMSIS/Core/Include/core_cm7.h ****     uint32_t sets;
2330:HW_Lib/STM32H7/HAL_Lib/CMSIS/Core/Include/core_cm7.h ****     uint32_t ways;
2331:HW_Lib/STM32H7/HAL_Lib/CMSIS/Core/Include/core_cm7.h **** 
2332:HW_Lib/STM32H7/HAL_Lib/CMSIS/Core/Include/core_cm7.h ****     if (SCB->CCR & SCB_CCR_DC_Msk) return;  /* return if DCache is already enabled */
2333:HW_Lib/STM32H7/HAL_Lib/CMSIS/Core/Include/core_cm7.h **** 
2334:HW_Lib/STM32H7/HAL_Lib/CMSIS/Core/Include/core_cm7.h ****     SCB->CSSELR = 0U;                       /* select Level 1 data cache */
2335:HW_Lib/STM32H7/HAL_Lib/CMSIS/Core/Include/core_cm7.h ****     __DSB();
2336:HW_Lib/STM32H7/HAL_Lib/CMSIS/Core/Include/core_cm7.h **** 
2337:HW_Lib/STM32H7/HAL_Lib/CMSIS/Core/Include/core_cm7.h ****     ccsidr = SCB->CCSIDR;
2338:HW_Lib/STM32H7/HAL_Lib/CMSIS/Core/Include/core_cm7.h **** 
2339:HW_Lib/STM32H7/HAL_Lib/CMSIS/Core/Include/core_cm7.h ****                                             /* invalidate D-Cache */
2340:HW_Lib/STM32H7/HAL_Lib/CMSIS/Core/Include/core_cm7.h ****     sets = (uint32_t)(CCSIDR_SETS(ccsidr));
2341:HW_Lib/STM32H7/HAL_Lib/CMSIS/Core/Include/core_cm7.h ****     do {
2342:HW_Lib/STM32H7/HAL_Lib/CMSIS/Core/Include/core_cm7.h ****       ways = (uint32_t)(CCSIDR_WAYS(ccsidr));
2343:HW_Lib/STM32H7/HAL_Lib/CMSIS/Core/Include/core_cm7.h ****       do {
2344:HW_Lib/STM32H7/HAL_Lib/CMSIS/Core/Include/core_cm7.h ****         SCB->DCISW = (((sets << SCB_DCISW_SET_Pos) & SCB_DCISW_SET_Msk) |
2345:HW_Lib/STM32H7/HAL_Lib/CMSIS/Core/Include/core_cm7.h ****                       ((ways << SCB_DCISW_WAY_Pos) & SCB_DCISW_WAY_Msk)  );
2346:HW_Lib/STM32H7/HAL_Lib/CMSIS/Core/Include/core_cm7.h ****         #if defined ( __CC_ARM )
2347:HW_Lib/STM32H7/HAL_Lib/CMSIS/Core/Include/core_cm7.h ****           __schedule_barrier();
2348:HW_Lib/STM32H7/HAL_Lib/CMSIS/Core/Include/core_cm7.h ****         #endif
2349:HW_Lib/STM32H7/HAL_Lib/CMSIS/Core/Include/core_cm7.h ****       } while (ways-- != 0U);
2350:HW_Lib/STM32H7/HAL_Lib/CMSIS/Core/Include/core_cm7.h ****     } while(sets-- != 0U);
2351:HW_Lib/STM32H7/HAL_Lib/CMSIS/Core/Include/core_cm7.h ****     __DSB();
2352:HW_Lib/STM32H7/HAL_Lib/CMSIS/Core/Include/core_cm7.h **** 
2353:HW_Lib/STM32H7/HAL_Lib/CMSIS/Core/Include/core_cm7.h ****     SCB->CCR |=  (uint32_t)SCB_CCR_DC_Msk;  /* enable D-Cache */
2354:HW_Lib/STM32H7/HAL_Lib/CMSIS/Core/Include/core_cm7.h **** 
2355:HW_Lib/STM32H7/HAL_Lib/CMSIS/Core/Include/core_cm7.h ****     __DSB();
2356:HW_Lib/STM32H7/HAL_Lib/CMSIS/Core/Include/core_cm7.h ****     __ISB();
2357:HW_Lib/STM32H7/HAL_Lib/CMSIS/Core/Include/core_cm7.h ****   #endif
2358:HW_Lib/STM32H7/HAL_Lib/CMSIS/Core/Include/core_cm7.h **** }
2359:HW_Lib/STM32H7/HAL_Lib/CMSIS/Core/Include/core_cm7.h **** 
2360:HW_Lib/STM32H7/HAL_Lib/CMSIS/Core/Include/core_cm7.h **** 
2361:HW_Lib/STM32H7/HAL_Lib/CMSIS/Core/Include/core_cm7.h **** /**
ARM GAS  C:\Users\HUAV\AppData\Local\Temp\cciXU3YP.s 			page 95


2362:HW_Lib/STM32H7/HAL_Lib/CMSIS/Core/Include/core_cm7.h ****   \brief   Disable D-Cache
2363:HW_Lib/STM32H7/HAL_Lib/CMSIS/Core/Include/core_cm7.h ****   \details Turns off D-Cache
2364:HW_Lib/STM32H7/HAL_Lib/CMSIS/Core/Include/core_cm7.h ****   */
2365:HW_Lib/STM32H7/HAL_Lib/CMSIS/Core/Include/core_cm7.h **** __STATIC_FORCEINLINE void SCB_DisableDCache (void)
2366:HW_Lib/STM32H7/HAL_Lib/CMSIS/Core/Include/core_cm7.h **** {
2367:HW_Lib/STM32H7/HAL_Lib/CMSIS/Core/Include/core_cm7.h ****   #if defined (__DCACHE_PRESENT) && (__DCACHE_PRESENT == 1U)
2368:HW_Lib/STM32H7/HAL_Lib/CMSIS/Core/Include/core_cm7.h ****     uint32_t ccsidr;
2369:HW_Lib/STM32H7/HAL_Lib/CMSIS/Core/Include/core_cm7.h ****     uint32_t sets;
2370:HW_Lib/STM32H7/HAL_Lib/CMSIS/Core/Include/core_cm7.h ****     uint32_t ways;
2371:HW_Lib/STM32H7/HAL_Lib/CMSIS/Core/Include/core_cm7.h **** 
2372:HW_Lib/STM32H7/HAL_Lib/CMSIS/Core/Include/core_cm7.h ****     SCB->CSSELR = 0U;                       /* select Level 1 data cache */
2373:HW_Lib/STM32H7/HAL_Lib/CMSIS/Core/Include/core_cm7.h ****     __DSB();
2374:HW_Lib/STM32H7/HAL_Lib/CMSIS/Core/Include/core_cm7.h **** 
2375:HW_Lib/STM32H7/HAL_Lib/CMSIS/Core/Include/core_cm7.h ****     SCB->CCR &= ~(uint32_t)SCB_CCR_DC_Msk;  /* disable D-Cache */
2376:HW_Lib/STM32H7/HAL_Lib/CMSIS/Core/Include/core_cm7.h ****     __DSB();
2377:HW_Lib/STM32H7/HAL_Lib/CMSIS/Core/Include/core_cm7.h **** 
2378:HW_Lib/STM32H7/HAL_Lib/CMSIS/Core/Include/core_cm7.h ****     ccsidr = SCB->CCSIDR;
2379:HW_Lib/STM32H7/HAL_Lib/CMSIS/Core/Include/core_cm7.h **** 
2380:HW_Lib/STM32H7/HAL_Lib/CMSIS/Core/Include/core_cm7.h ****                                             /* clean & invalidate D-Cache */
2381:HW_Lib/STM32H7/HAL_Lib/CMSIS/Core/Include/core_cm7.h ****     sets = (uint32_t)(CCSIDR_SETS(ccsidr));
2382:HW_Lib/STM32H7/HAL_Lib/CMSIS/Core/Include/core_cm7.h ****     do {
2383:HW_Lib/STM32H7/HAL_Lib/CMSIS/Core/Include/core_cm7.h ****       ways = (uint32_t)(CCSIDR_WAYS(ccsidr));
2384:HW_Lib/STM32H7/HAL_Lib/CMSIS/Core/Include/core_cm7.h ****       do {
2385:HW_Lib/STM32H7/HAL_Lib/CMSIS/Core/Include/core_cm7.h ****         SCB->DCCISW = (((sets << SCB_DCCISW_SET_Pos) & SCB_DCCISW_SET_Msk) |
2386:HW_Lib/STM32H7/HAL_Lib/CMSIS/Core/Include/core_cm7.h ****                        ((ways << SCB_DCCISW_WAY_Pos) & SCB_DCCISW_WAY_Msk)  );
2387:HW_Lib/STM32H7/HAL_Lib/CMSIS/Core/Include/core_cm7.h ****         #if defined ( __CC_ARM )
2388:HW_Lib/STM32H7/HAL_Lib/CMSIS/Core/Include/core_cm7.h ****           __schedule_barrier();
2389:HW_Lib/STM32H7/HAL_Lib/CMSIS/Core/Include/core_cm7.h ****         #endif
2390:HW_Lib/STM32H7/HAL_Lib/CMSIS/Core/Include/core_cm7.h ****       } while (ways-- != 0U);
2391:HW_Lib/STM32H7/HAL_Lib/CMSIS/Core/Include/core_cm7.h ****     } while(sets-- != 0U);
2392:HW_Lib/STM32H7/HAL_Lib/CMSIS/Core/Include/core_cm7.h **** 
2393:HW_Lib/STM32H7/HAL_Lib/CMSIS/Core/Include/core_cm7.h ****     __DSB();
2394:HW_Lib/STM32H7/HAL_Lib/CMSIS/Core/Include/core_cm7.h ****     __ISB();
2395:HW_Lib/STM32H7/HAL_Lib/CMSIS/Core/Include/core_cm7.h ****   #endif
2396:HW_Lib/STM32H7/HAL_Lib/CMSIS/Core/Include/core_cm7.h **** }
2397:HW_Lib/STM32H7/HAL_Lib/CMSIS/Core/Include/core_cm7.h **** 
2398:HW_Lib/STM32H7/HAL_Lib/CMSIS/Core/Include/core_cm7.h **** 
2399:HW_Lib/STM32H7/HAL_Lib/CMSIS/Core/Include/core_cm7.h **** /**
2400:HW_Lib/STM32H7/HAL_Lib/CMSIS/Core/Include/core_cm7.h ****   \brief   Invalidate D-Cache
2401:HW_Lib/STM32H7/HAL_Lib/CMSIS/Core/Include/core_cm7.h ****   \details Invalidates D-Cache
2402:HW_Lib/STM32H7/HAL_Lib/CMSIS/Core/Include/core_cm7.h ****   */
2403:HW_Lib/STM32H7/HAL_Lib/CMSIS/Core/Include/core_cm7.h **** __STATIC_FORCEINLINE void SCB_InvalidateDCache (void)
2404:HW_Lib/STM32H7/HAL_Lib/CMSIS/Core/Include/core_cm7.h **** {
2405:HW_Lib/STM32H7/HAL_Lib/CMSIS/Core/Include/core_cm7.h ****   #if defined (__DCACHE_PRESENT) && (__DCACHE_PRESENT == 1U)
2406:HW_Lib/STM32H7/HAL_Lib/CMSIS/Core/Include/core_cm7.h ****     uint32_t ccsidr;
2407:HW_Lib/STM32H7/HAL_Lib/CMSIS/Core/Include/core_cm7.h ****     uint32_t sets;
2408:HW_Lib/STM32H7/HAL_Lib/CMSIS/Core/Include/core_cm7.h ****     uint32_t ways;
2409:HW_Lib/STM32H7/HAL_Lib/CMSIS/Core/Include/core_cm7.h **** 
2410:HW_Lib/STM32H7/HAL_Lib/CMSIS/Core/Include/core_cm7.h ****     SCB->CSSELR = 0U;                       /* select Level 1 data cache */
2411:HW_Lib/STM32H7/HAL_Lib/CMSIS/Core/Include/core_cm7.h ****     __DSB();
2412:HW_Lib/STM32H7/HAL_Lib/CMSIS/Core/Include/core_cm7.h **** 
2413:HW_Lib/STM32H7/HAL_Lib/CMSIS/Core/Include/core_cm7.h ****     ccsidr = SCB->CCSIDR;
2414:HW_Lib/STM32H7/HAL_Lib/CMSIS/Core/Include/core_cm7.h **** 
2415:HW_Lib/STM32H7/HAL_Lib/CMSIS/Core/Include/core_cm7.h ****                                             /* invalidate D-Cache */
2416:HW_Lib/STM32H7/HAL_Lib/CMSIS/Core/Include/core_cm7.h ****     sets = (uint32_t)(CCSIDR_SETS(ccsidr));
2417:HW_Lib/STM32H7/HAL_Lib/CMSIS/Core/Include/core_cm7.h ****     do {
2418:HW_Lib/STM32H7/HAL_Lib/CMSIS/Core/Include/core_cm7.h ****       ways = (uint32_t)(CCSIDR_WAYS(ccsidr));
ARM GAS  C:\Users\HUAV\AppData\Local\Temp\cciXU3YP.s 			page 96


2419:HW_Lib/STM32H7/HAL_Lib/CMSIS/Core/Include/core_cm7.h ****       do {
2420:HW_Lib/STM32H7/HAL_Lib/CMSIS/Core/Include/core_cm7.h ****         SCB->DCISW = (((sets << SCB_DCISW_SET_Pos) & SCB_DCISW_SET_Msk) |
2421:HW_Lib/STM32H7/HAL_Lib/CMSIS/Core/Include/core_cm7.h ****                       ((ways << SCB_DCISW_WAY_Pos) & SCB_DCISW_WAY_Msk)  );
2422:HW_Lib/STM32H7/HAL_Lib/CMSIS/Core/Include/core_cm7.h ****         #if defined ( __CC_ARM )
2423:HW_Lib/STM32H7/HAL_Lib/CMSIS/Core/Include/core_cm7.h ****           __schedule_barrier();
2424:HW_Lib/STM32H7/HAL_Lib/CMSIS/Core/Include/core_cm7.h ****         #endif
2425:HW_Lib/STM32H7/HAL_Lib/CMSIS/Core/Include/core_cm7.h ****       } while (ways-- != 0U);
2426:HW_Lib/STM32H7/HAL_Lib/CMSIS/Core/Include/core_cm7.h ****     } while(sets-- != 0U);
2427:HW_Lib/STM32H7/HAL_Lib/CMSIS/Core/Include/core_cm7.h **** 
2428:HW_Lib/STM32H7/HAL_Lib/CMSIS/Core/Include/core_cm7.h ****     __DSB();
2429:HW_Lib/STM32H7/HAL_Lib/CMSIS/Core/Include/core_cm7.h ****     __ISB();
2430:HW_Lib/STM32H7/HAL_Lib/CMSIS/Core/Include/core_cm7.h ****   #endif
2431:HW_Lib/STM32H7/HAL_Lib/CMSIS/Core/Include/core_cm7.h **** }
2432:HW_Lib/STM32H7/HAL_Lib/CMSIS/Core/Include/core_cm7.h **** 
2433:HW_Lib/STM32H7/HAL_Lib/CMSIS/Core/Include/core_cm7.h **** 
2434:HW_Lib/STM32H7/HAL_Lib/CMSIS/Core/Include/core_cm7.h **** /**
2435:HW_Lib/STM32H7/HAL_Lib/CMSIS/Core/Include/core_cm7.h ****   \brief   Clean D-Cache
2436:HW_Lib/STM32H7/HAL_Lib/CMSIS/Core/Include/core_cm7.h ****   \details Cleans D-Cache
2437:HW_Lib/STM32H7/HAL_Lib/CMSIS/Core/Include/core_cm7.h ****   */
2438:HW_Lib/STM32H7/HAL_Lib/CMSIS/Core/Include/core_cm7.h **** __STATIC_FORCEINLINE void SCB_CleanDCache (void)
2439:HW_Lib/STM32H7/HAL_Lib/CMSIS/Core/Include/core_cm7.h **** {
2440:HW_Lib/STM32H7/HAL_Lib/CMSIS/Core/Include/core_cm7.h ****   #if defined (__DCACHE_PRESENT) && (__DCACHE_PRESENT == 1U)
2441:HW_Lib/STM32H7/HAL_Lib/CMSIS/Core/Include/core_cm7.h ****     uint32_t ccsidr;
2442:HW_Lib/STM32H7/HAL_Lib/CMSIS/Core/Include/core_cm7.h ****     uint32_t sets;
2443:HW_Lib/STM32H7/HAL_Lib/CMSIS/Core/Include/core_cm7.h ****     uint32_t ways;
2444:HW_Lib/STM32H7/HAL_Lib/CMSIS/Core/Include/core_cm7.h **** 
2445:HW_Lib/STM32H7/HAL_Lib/CMSIS/Core/Include/core_cm7.h ****     SCB->CSSELR = 0U;                       /* select Level 1 data cache */
2446:HW_Lib/STM32H7/HAL_Lib/CMSIS/Core/Include/core_cm7.h ****     __DSB();
2447:HW_Lib/STM32H7/HAL_Lib/CMSIS/Core/Include/core_cm7.h **** 
2448:HW_Lib/STM32H7/HAL_Lib/CMSIS/Core/Include/core_cm7.h ****     ccsidr = SCB->CCSIDR;
2449:HW_Lib/STM32H7/HAL_Lib/CMSIS/Core/Include/core_cm7.h **** 
2450:HW_Lib/STM32H7/HAL_Lib/CMSIS/Core/Include/core_cm7.h ****                                             /* clean D-Cache */
2451:HW_Lib/STM32H7/HAL_Lib/CMSIS/Core/Include/core_cm7.h ****     sets = (uint32_t)(CCSIDR_SETS(ccsidr));
2452:HW_Lib/STM32H7/HAL_Lib/CMSIS/Core/Include/core_cm7.h ****     do {
2453:HW_Lib/STM32H7/HAL_Lib/CMSIS/Core/Include/core_cm7.h ****       ways = (uint32_t)(CCSIDR_WAYS(ccsidr));
2454:HW_Lib/STM32H7/HAL_Lib/CMSIS/Core/Include/core_cm7.h ****       do {
2455:HW_Lib/STM32H7/HAL_Lib/CMSIS/Core/Include/core_cm7.h ****         SCB->DCCSW = (((sets << SCB_DCCSW_SET_Pos) & SCB_DCCSW_SET_Msk) |
2456:HW_Lib/STM32H7/HAL_Lib/CMSIS/Core/Include/core_cm7.h ****                       ((ways << SCB_DCCSW_WAY_Pos) & SCB_DCCSW_WAY_Msk)  );
2457:HW_Lib/STM32H7/HAL_Lib/CMSIS/Core/Include/core_cm7.h ****         #if defined ( __CC_ARM )
2458:HW_Lib/STM32H7/HAL_Lib/CMSIS/Core/Include/core_cm7.h ****           __schedule_barrier();
2459:HW_Lib/STM32H7/HAL_Lib/CMSIS/Core/Include/core_cm7.h ****         #endif
2460:HW_Lib/STM32H7/HAL_Lib/CMSIS/Core/Include/core_cm7.h ****       } while (ways-- != 0U);
2461:HW_Lib/STM32H7/HAL_Lib/CMSIS/Core/Include/core_cm7.h ****     } while(sets-- != 0U);
2462:HW_Lib/STM32H7/HAL_Lib/CMSIS/Core/Include/core_cm7.h **** 
2463:HW_Lib/STM32H7/HAL_Lib/CMSIS/Core/Include/core_cm7.h ****     __DSB();
2464:HW_Lib/STM32H7/HAL_Lib/CMSIS/Core/Include/core_cm7.h ****     __ISB();
2465:HW_Lib/STM32H7/HAL_Lib/CMSIS/Core/Include/core_cm7.h ****   #endif
2466:HW_Lib/STM32H7/HAL_Lib/CMSIS/Core/Include/core_cm7.h **** }
2467:HW_Lib/STM32H7/HAL_Lib/CMSIS/Core/Include/core_cm7.h **** 
2468:HW_Lib/STM32H7/HAL_Lib/CMSIS/Core/Include/core_cm7.h **** 
2469:HW_Lib/STM32H7/HAL_Lib/CMSIS/Core/Include/core_cm7.h **** /**
2470:HW_Lib/STM32H7/HAL_Lib/CMSIS/Core/Include/core_cm7.h ****   \brief   Clean & Invalidate D-Cache
2471:HW_Lib/STM32H7/HAL_Lib/CMSIS/Core/Include/core_cm7.h ****   \details Cleans and Invalidates D-Cache
2472:HW_Lib/STM32H7/HAL_Lib/CMSIS/Core/Include/core_cm7.h ****   */
2473:HW_Lib/STM32H7/HAL_Lib/CMSIS/Core/Include/core_cm7.h **** __STATIC_FORCEINLINE void SCB_CleanInvalidateDCache (void)
2474:HW_Lib/STM32H7/HAL_Lib/CMSIS/Core/Include/core_cm7.h **** {
2475:HW_Lib/STM32H7/HAL_Lib/CMSIS/Core/Include/core_cm7.h ****   #if defined (__DCACHE_PRESENT) && (__DCACHE_PRESENT == 1U)
ARM GAS  C:\Users\HUAV\AppData\Local\Temp\cciXU3YP.s 			page 97


2476:HW_Lib/STM32H7/HAL_Lib/CMSIS/Core/Include/core_cm7.h ****     uint32_t ccsidr;
2477:HW_Lib/STM32H7/HAL_Lib/CMSIS/Core/Include/core_cm7.h ****     uint32_t sets;
2478:HW_Lib/STM32H7/HAL_Lib/CMSIS/Core/Include/core_cm7.h ****     uint32_t ways;
2479:HW_Lib/STM32H7/HAL_Lib/CMSIS/Core/Include/core_cm7.h **** 
2480:HW_Lib/STM32H7/HAL_Lib/CMSIS/Core/Include/core_cm7.h ****     SCB->CSSELR = 0U;                       /* select Level 1 data cache */
2481:HW_Lib/STM32H7/HAL_Lib/CMSIS/Core/Include/core_cm7.h ****     __DSB();
2482:HW_Lib/STM32H7/HAL_Lib/CMSIS/Core/Include/core_cm7.h **** 
2483:HW_Lib/STM32H7/HAL_Lib/CMSIS/Core/Include/core_cm7.h ****     ccsidr = SCB->CCSIDR;
2484:HW_Lib/STM32H7/HAL_Lib/CMSIS/Core/Include/core_cm7.h **** 
2485:HW_Lib/STM32H7/HAL_Lib/CMSIS/Core/Include/core_cm7.h ****                                             /* clean & invalidate D-Cache */
2486:HW_Lib/STM32H7/HAL_Lib/CMSIS/Core/Include/core_cm7.h ****     sets = (uint32_t)(CCSIDR_SETS(ccsidr));
2487:HW_Lib/STM32H7/HAL_Lib/CMSIS/Core/Include/core_cm7.h ****     do {
2488:HW_Lib/STM32H7/HAL_Lib/CMSIS/Core/Include/core_cm7.h ****       ways = (uint32_t)(CCSIDR_WAYS(ccsidr));
2489:HW_Lib/STM32H7/HAL_Lib/CMSIS/Core/Include/core_cm7.h ****       do {
2490:HW_Lib/STM32H7/HAL_Lib/CMSIS/Core/Include/core_cm7.h ****         SCB->DCCISW = (((sets << SCB_DCCISW_SET_Pos) & SCB_DCCISW_SET_Msk) |
2491:HW_Lib/STM32H7/HAL_Lib/CMSIS/Core/Include/core_cm7.h ****                        ((ways << SCB_DCCISW_WAY_Pos) & SCB_DCCISW_WAY_Msk)  );
2492:HW_Lib/STM32H7/HAL_Lib/CMSIS/Core/Include/core_cm7.h ****         #if defined ( __CC_ARM )
2493:HW_Lib/STM32H7/HAL_Lib/CMSIS/Core/Include/core_cm7.h ****           __schedule_barrier();
2494:HW_Lib/STM32H7/HAL_Lib/CMSIS/Core/Include/core_cm7.h ****         #endif
2495:HW_Lib/STM32H7/HAL_Lib/CMSIS/Core/Include/core_cm7.h ****       } while (ways-- != 0U);
2496:HW_Lib/STM32H7/HAL_Lib/CMSIS/Core/Include/core_cm7.h ****     } while(sets-- != 0U);
2497:HW_Lib/STM32H7/HAL_Lib/CMSIS/Core/Include/core_cm7.h **** 
2498:HW_Lib/STM32H7/HAL_Lib/CMSIS/Core/Include/core_cm7.h ****     __DSB();
2499:HW_Lib/STM32H7/HAL_Lib/CMSIS/Core/Include/core_cm7.h ****     __ISB();
2500:HW_Lib/STM32H7/HAL_Lib/CMSIS/Core/Include/core_cm7.h ****   #endif
2501:HW_Lib/STM32H7/HAL_Lib/CMSIS/Core/Include/core_cm7.h **** }
2502:HW_Lib/STM32H7/HAL_Lib/CMSIS/Core/Include/core_cm7.h **** 
2503:HW_Lib/STM32H7/HAL_Lib/CMSIS/Core/Include/core_cm7.h **** 
2504:HW_Lib/STM32H7/HAL_Lib/CMSIS/Core/Include/core_cm7.h **** /**
2505:HW_Lib/STM32H7/HAL_Lib/CMSIS/Core/Include/core_cm7.h ****   \brief   D-Cache Invalidate by address
2506:HW_Lib/STM32H7/HAL_Lib/CMSIS/Core/Include/core_cm7.h ****   \details Invalidates D-Cache for the given address.
2507:HW_Lib/STM32H7/HAL_Lib/CMSIS/Core/Include/core_cm7.h ****            D-Cache is invalidated starting from a 32 byte aligned address in 32 byte granularity.
2508:HW_Lib/STM32H7/HAL_Lib/CMSIS/Core/Include/core_cm7.h ****            D-Cache memory blocks which are part of given address + given size are invalidated.
2509:HW_Lib/STM32H7/HAL_Lib/CMSIS/Core/Include/core_cm7.h ****   \param[in]   addr    address
2510:HW_Lib/STM32H7/HAL_Lib/CMSIS/Core/Include/core_cm7.h ****   \param[in]   dsize   size of memory block (in number of bytes)
2511:HW_Lib/STM32H7/HAL_Lib/CMSIS/Core/Include/core_cm7.h **** */
2512:HW_Lib/STM32H7/HAL_Lib/CMSIS/Core/Include/core_cm7.h **** __STATIC_FORCEINLINE void SCB_InvalidateDCache_by_Addr (void *addr, int32_t dsize)
2513:HW_Lib/STM32H7/HAL_Lib/CMSIS/Core/Include/core_cm7.h **** {
2514:HW_Lib/STM32H7/HAL_Lib/CMSIS/Core/Include/core_cm7.h ****   #if defined (__DCACHE_PRESENT) && (__DCACHE_PRESENT == 1U)
2515:HW_Lib/STM32H7/HAL_Lib/CMSIS/Core/Include/core_cm7.h ****     if ( dsize > 0 ) { 
 2471              		.loc 2 2515 8 discriminator 34
 2472 01aa 7B69     		ldr	r3, [r7, #20]
 2473 01ac 002B     		cmp	r3, #0
 2474 01ae 1DDD     		ble	.L155
 2475              	.LBB24:
2516:HW_Lib/STM32H7/HAL_Lib/CMSIS/Core/Include/core_cm7.h ****        int32_t op_size = dsize + (((uint32_t)addr) & (__SCB_DCACHE_LINE_SIZE - 1U));
 2476              		.loc 2 2516 36
 2477 01b0 BB69     		ldr	r3, [r7, #24]
 2478              		.loc 2 2516 52
 2479 01b2 03F01F02 		and	r2, r3, #31
 2480              		.loc 2 2516 32
 2481 01b6 7B69     		ldr	r3, [r7, #20]
 2482 01b8 1344     		add	r3, r3, r2
 2483              		.loc 2 2516 16
 2484 01ba 3B61     		str	r3, [r7, #16]
2517:HW_Lib/STM32H7/HAL_Lib/CMSIS/Core/Include/core_cm7.h ****       uint32_t op_addr = (uint32_t)addr /* & ~(__SCB_DCACHE_LINE_SIZE - 1U) */;
 2485              		.loc 2 2517 16
ARM GAS  C:\Users\HUAV\AppData\Local\Temp\cciXU3YP.s 			page 98


 2486 01bc BB69     		ldr	r3, [r7, #24]
 2487 01be FB60     		str	r3, [r7, #12]
 2488              	.LBB25:
 2489              	.LBB26:
 2490              		.file 3 "HW_Lib/STM32H7/HAL_Lib/CMSIS/Core/Include/cmsis_gcc.h"
   1:HW_Lib/STM32H7/HAL_Lib/CMSIS/Core/Include/cmsis_gcc.h **** /**************************************************************************//**
   2:HW_Lib/STM32H7/HAL_Lib/CMSIS/Core/Include/cmsis_gcc.h ****  * @file     cmsis_gcc.h
   3:HW_Lib/STM32H7/HAL_Lib/CMSIS/Core/Include/cmsis_gcc.h ****  * @brief    CMSIS compiler GCC header file
   4:HW_Lib/STM32H7/HAL_Lib/CMSIS/Core/Include/cmsis_gcc.h ****  * @version  V5.2.0
   5:HW_Lib/STM32H7/HAL_Lib/CMSIS/Core/Include/cmsis_gcc.h ****  * @date     08. May 2019
   6:HW_Lib/STM32H7/HAL_Lib/CMSIS/Core/Include/cmsis_gcc.h ****  ******************************************************************************/
   7:HW_Lib/STM32H7/HAL_Lib/CMSIS/Core/Include/cmsis_gcc.h **** /*
   8:HW_Lib/STM32H7/HAL_Lib/CMSIS/Core/Include/cmsis_gcc.h ****  * Copyright (c) 2009-2019 Arm Limited. All rights reserved.
   9:HW_Lib/STM32H7/HAL_Lib/CMSIS/Core/Include/cmsis_gcc.h ****  *
  10:HW_Lib/STM32H7/HAL_Lib/CMSIS/Core/Include/cmsis_gcc.h ****  * SPDX-License-Identifier: Apache-2.0
  11:HW_Lib/STM32H7/HAL_Lib/CMSIS/Core/Include/cmsis_gcc.h ****  *
  12:HW_Lib/STM32H7/HAL_Lib/CMSIS/Core/Include/cmsis_gcc.h ****  * Licensed under the Apache License, Version 2.0 (the License); you may
  13:HW_Lib/STM32H7/HAL_Lib/CMSIS/Core/Include/cmsis_gcc.h ****  * not use this file except in compliance with the License.
  14:HW_Lib/STM32H7/HAL_Lib/CMSIS/Core/Include/cmsis_gcc.h ****  * You may obtain a copy of the License at
  15:HW_Lib/STM32H7/HAL_Lib/CMSIS/Core/Include/cmsis_gcc.h ****  *
  16:HW_Lib/STM32H7/HAL_Lib/CMSIS/Core/Include/cmsis_gcc.h ****  * www.apache.org/licenses/LICENSE-2.0
  17:HW_Lib/STM32H7/HAL_Lib/CMSIS/Core/Include/cmsis_gcc.h ****  *
  18:HW_Lib/STM32H7/HAL_Lib/CMSIS/Core/Include/cmsis_gcc.h ****  * Unless required by applicable law or agreed to in writing, software
  19:HW_Lib/STM32H7/HAL_Lib/CMSIS/Core/Include/cmsis_gcc.h ****  * distributed under the License is distributed on an AS IS BASIS, WITHOUT
  20:HW_Lib/STM32H7/HAL_Lib/CMSIS/Core/Include/cmsis_gcc.h ****  * WARRANTIES OR CONDITIONS OF ANY KIND, either express or implied.
  21:HW_Lib/STM32H7/HAL_Lib/CMSIS/Core/Include/cmsis_gcc.h ****  * See the License for the specific language governing permissions and
  22:HW_Lib/STM32H7/HAL_Lib/CMSIS/Core/Include/cmsis_gcc.h ****  * limitations under the License.
  23:HW_Lib/STM32H7/HAL_Lib/CMSIS/Core/Include/cmsis_gcc.h ****  */
  24:HW_Lib/STM32H7/HAL_Lib/CMSIS/Core/Include/cmsis_gcc.h **** 
  25:HW_Lib/STM32H7/HAL_Lib/CMSIS/Core/Include/cmsis_gcc.h **** #ifndef __CMSIS_GCC_H
  26:HW_Lib/STM32H7/HAL_Lib/CMSIS/Core/Include/cmsis_gcc.h **** #define __CMSIS_GCC_H
  27:HW_Lib/STM32H7/HAL_Lib/CMSIS/Core/Include/cmsis_gcc.h **** 
  28:HW_Lib/STM32H7/HAL_Lib/CMSIS/Core/Include/cmsis_gcc.h **** /* ignore some GCC warnings */
  29:HW_Lib/STM32H7/HAL_Lib/CMSIS/Core/Include/cmsis_gcc.h **** #pragma GCC diagnostic push
  30:HW_Lib/STM32H7/HAL_Lib/CMSIS/Core/Include/cmsis_gcc.h **** #pragma GCC diagnostic ignored "-Wsign-conversion"
  31:HW_Lib/STM32H7/HAL_Lib/CMSIS/Core/Include/cmsis_gcc.h **** #pragma GCC diagnostic ignored "-Wconversion"
  32:HW_Lib/STM32H7/HAL_Lib/CMSIS/Core/Include/cmsis_gcc.h **** #pragma GCC diagnostic ignored "-Wunused-parameter"
  33:HW_Lib/STM32H7/HAL_Lib/CMSIS/Core/Include/cmsis_gcc.h **** 
  34:HW_Lib/STM32H7/HAL_Lib/CMSIS/Core/Include/cmsis_gcc.h **** /* Fallback for __has_builtin */
  35:HW_Lib/STM32H7/HAL_Lib/CMSIS/Core/Include/cmsis_gcc.h **** #ifndef __has_builtin
  36:HW_Lib/STM32H7/HAL_Lib/CMSIS/Core/Include/cmsis_gcc.h ****   #define __has_builtin(x) (0)
  37:HW_Lib/STM32H7/HAL_Lib/CMSIS/Core/Include/cmsis_gcc.h **** #endif
  38:HW_Lib/STM32H7/HAL_Lib/CMSIS/Core/Include/cmsis_gcc.h **** 
  39:HW_Lib/STM32H7/HAL_Lib/CMSIS/Core/Include/cmsis_gcc.h **** /* CMSIS compiler specific defines */
  40:HW_Lib/STM32H7/HAL_Lib/CMSIS/Core/Include/cmsis_gcc.h **** #ifndef   __ASM
  41:HW_Lib/STM32H7/HAL_Lib/CMSIS/Core/Include/cmsis_gcc.h ****   #define __ASM                                  __asm
  42:HW_Lib/STM32H7/HAL_Lib/CMSIS/Core/Include/cmsis_gcc.h **** #endif
  43:HW_Lib/STM32H7/HAL_Lib/CMSIS/Core/Include/cmsis_gcc.h **** #ifndef   __INLINE
  44:HW_Lib/STM32H7/HAL_Lib/CMSIS/Core/Include/cmsis_gcc.h ****   #define __INLINE                               inline
  45:HW_Lib/STM32H7/HAL_Lib/CMSIS/Core/Include/cmsis_gcc.h **** #endif
  46:HW_Lib/STM32H7/HAL_Lib/CMSIS/Core/Include/cmsis_gcc.h **** #ifndef   __STATIC_INLINE
  47:HW_Lib/STM32H7/HAL_Lib/CMSIS/Core/Include/cmsis_gcc.h ****   #define __STATIC_INLINE                        static inline
  48:HW_Lib/STM32H7/HAL_Lib/CMSIS/Core/Include/cmsis_gcc.h **** #endif
  49:HW_Lib/STM32H7/HAL_Lib/CMSIS/Core/Include/cmsis_gcc.h **** #ifndef   __STATIC_FORCEINLINE                 
  50:HW_Lib/STM32H7/HAL_Lib/CMSIS/Core/Include/cmsis_gcc.h ****   #define __STATIC_FORCEINLINE                   __attribute__((always_inline)) static inline
  51:HW_Lib/STM32H7/HAL_Lib/CMSIS/Core/Include/cmsis_gcc.h **** #endif                                           
  52:HW_Lib/STM32H7/HAL_Lib/CMSIS/Core/Include/cmsis_gcc.h **** #ifndef   __NO_RETURN
ARM GAS  C:\Users\HUAV\AppData\Local\Temp\cciXU3YP.s 			page 99


  53:HW_Lib/STM32H7/HAL_Lib/CMSIS/Core/Include/cmsis_gcc.h ****   #define __NO_RETURN                            __attribute__((__noreturn__))
  54:HW_Lib/STM32H7/HAL_Lib/CMSIS/Core/Include/cmsis_gcc.h **** #endif
  55:HW_Lib/STM32H7/HAL_Lib/CMSIS/Core/Include/cmsis_gcc.h **** #ifndef   __USED
  56:HW_Lib/STM32H7/HAL_Lib/CMSIS/Core/Include/cmsis_gcc.h ****   #define __USED                                 __attribute__((used))
  57:HW_Lib/STM32H7/HAL_Lib/CMSIS/Core/Include/cmsis_gcc.h **** #endif
  58:HW_Lib/STM32H7/HAL_Lib/CMSIS/Core/Include/cmsis_gcc.h **** #ifndef   __WEAK
  59:HW_Lib/STM32H7/HAL_Lib/CMSIS/Core/Include/cmsis_gcc.h ****   #define __WEAK                                 __attribute__((weak))
  60:HW_Lib/STM32H7/HAL_Lib/CMSIS/Core/Include/cmsis_gcc.h **** #endif
  61:HW_Lib/STM32H7/HAL_Lib/CMSIS/Core/Include/cmsis_gcc.h **** #ifndef   __PACKED
  62:HW_Lib/STM32H7/HAL_Lib/CMSIS/Core/Include/cmsis_gcc.h ****   #define __PACKED                               __attribute__((packed, aligned(1)))
  63:HW_Lib/STM32H7/HAL_Lib/CMSIS/Core/Include/cmsis_gcc.h **** #endif
  64:HW_Lib/STM32H7/HAL_Lib/CMSIS/Core/Include/cmsis_gcc.h **** #ifndef   __PACKED_STRUCT
  65:HW_Lib/STM32H7/HAL_Lib/CMSIS/Core/Include/cmsis_gcc.h ****   #define __PACKED_STRUCT                        struct __attribute__((packed, aligned(1)))
  66:HW_Lib/STM32H7/HAL_Lib/CMSIS/Core/Include/cmsis_gcc.h **** #endif
  67:HW_Lib/STM32H7/HAL_Lib/CMSIS/Core/Include/cmsis_gcc.h **** #ifndef   __PACKED_UNION
  68:HW_Lib/STM32H7/HAL_Lib/CMSIS/Core/Include/cmsis_gcc.h ****   #define __PACKED_UNION                         union __attribute__((packed, aligned(1)))
  69:HW_Lib/STM32H7/HAL_Lib/CMSIS/Core/Include/cmsis_gcc.h **** #endif
  70:HW_Lib/STM32H7/HAL_Lib/CMSIS/Core/Include/cmsis_gcc.h **** #ifndef   __UNALIGNED_UINT32        /* deprecated */
  71:HW_Lib/STM32H7/HAL_Lib/CMSIS/Core/Include/cmsis_gcc.h ****   #pragma GCC diagnostic push
  72:HW_Lib/STM32H7/HAL_Lib/CMSIS/Core/Include/cmsis_gcc.h ****   #pragma GCC diagnostic ignored "-Wpacked"
  73:HW_Lib/STM32H7/HAL_Lib/CMSIS/Core/Include/cmsis_gcc.h ****   #pragma GCC diagnostic ignored "-Wattributes"
  74:HW_Lib/STM32H7/HAL_Lib/CMSIS/Core/Include/cmsis_gcc.h ****   struct __attribute__((packed)) T_UINT32 { uint32_t v; };
  75:HW_Lib/STM32H7/HAL_Lib/CMSIS/Core/Include/cmsis_gcc.h ****   #pragma GCC diagnostic pop
  76:HW_Lib/STM32H7/HAL_Lib/CMSIS/Core/Include/cmsis_gcc.h ****   #define __UNALIGNED_UINT32(x)                  (((struct T_UINT32 *)(x))->v)
  77:HW_Lib/STM32H7/HAL_Lib/CMSIS/Core/Include/cmsis_gcc.h **** #endif
  78:HW_Lib/STM32H7/HAL_Lib/CMSIS/Core/Include/cmsis_gcc.h **** #ifndef   __UNALIGNED_UINT16_WRITE
  79:HW_Lib/STM32H7/HAL_Lib/CMSIS/Core/Include/cmsis_gcc.h ****   #pragma GCC diagnostic push
  80:HW_Lib/STM32H7/HAL_Lib/CMSIS/Core/Include/cmsis_gcc.h ****   #pragma GCC diagnostic ignored "-Wpacked"
  81:HW_Lib/STM32H7/HAL_Lib/CMSIS/Core/Include/cmsis_gcc.h ****   #pragma GCC diagnostic ignored "-Wattributes"
  82:HW_Lib/STM32H7/HAL_Lib/CMSIS/Core/Include/cmsis_gcc.h ****   __PACKED_STRUCT T_UINT16_WRITE { uint16_t v; };
  83:HW_Lib/STM32H7/HAL_Lib/CMSIS/Core/Include/cmsis_gcc.h ****   #pragma GCC diagnostic pop
  84:HW_Lib/STM32H7/HAL_Lib/CMSIS/Core/Include/cmsis_gcc.h ****   #define __UNALIGNED_UINT16_WRITE(addr, val)    (void)((((struct T_UINT16_WRITE *)(void *)(addr))-
  85:HW_Lib/STM32H7/HAL_Lib/CMSIS/Core/Include/cmsis_gcc.h **** #endif
  86:HW_Lib/STM32H7/HAL_Lib/CMSIS/Core/Include/cmsis_gcc.h **** #ifndef   __UNALIGNED_UINT16_READ
  87:HW_Lib/STM32H7/HAL_Lib/CMSIS/Core/Include/cmsis_gcc.h ****   #pragma GCC diagnostic push
  88:HW_Lib/STM32H7/HAL_Lib/CMSIS/Core/Include/cmsis_gcc.h ****   #pragma GCC diagnostic ignored "-Wpacked"
  89:HW_Lib/STM32H7/HAL_Lib/CMSIS/Core/Include/cmsis_gcc.h ****   #pragma GCC diagnostic ignored "-Wattributes"
  90:HW_Lib/STM32H7/HAL_Lib/CMSIS/Core/Include/cmsis_gcc.h ****   __PACKED_STRUCT T_UINT16_READ { uint16_t v; };
  91:HW_Lib/STM32H7/HAL_Lib/CMSIS/Core/Include/cmsis_gcc.h ****   #pragma GCC diagnostic pop
  92:HW_Lib/STM32H7/HAL_Lib/CMSIS/Core/Include/cmsis_gcc.h ****   #define __UNALIGNED_UINT16_READ(addr)          (((const struct T_UINT16_READ *)(const void *)(add
  93:HW_Lib/STM32H7/HAL_Lib/CMSIS/Core/Include/cmsis_gcc.h **** #endif
  94:HW_Lib/STM32H7/HAL_Lib/CMSIS/Core/Include/cmsis_gcc.h **** #ifndef   __UNALIGNED_UINT32_WRITE
  95:HW_Lib/STM32H7/HAL_Lib/CMSIS/Core/Include/cmsis_gcc.h ****   #pragma GCC diagnostic push
  96:HW_Lib/STM32H7/HAL_Lib/CMSIS/Core/Include/cmsis_gcc.h ****   #pragma GCC diagnostic ignored "-Wpacked"
  97:HW_Lib/STM32H7/HAL_Lib/CMSIS/Core/Include/cmsis_gcc.h ****   #pragma GCC diagnostic ignored "-Wattributes"
  98:HW_Lib/STM32H7/HAL_Lib/CMSIS/Core/Include/cmsis_gcc.h ****   __PACKED_STRUCT T_UINT32_WRITE { uint32_t v; };
  99:HW_Lib/STM32H7/HAL_Lib/CMSIS/Core/Include/cmsis_gcc.h ****   #pragma GCC diagnostic pop
 100:HW_Lib/STM32H7/HAL_Lib/CMSIS/Core/Include/cmsis_gcc.h ****   #define __UNALIGNED_UINT32_WRITE(addr, val)    (void)((((struct T_UINT32_WRITE *)(void *)(addr))-
 101:HW_Lib/STM32H7/HAL_Lib/CMSIS/Core/Include/cmsis_gcc.h **** #endif
 102:HW_Lib/STM32H7/HAL_Lib/CMSIS/Core/Include/cmsis_gcc.h **** #ifndef   __UNALIGNED_UINT32_READ
 103:HW_Lib/STM32H7/HAL_Lib/CMSIS/Core/Include/cmsis_gcc.h ****   #pragma GCC diagnostic push
 104:HW_Lib/STM32H7/HAL_Lib/CMSIS/Core/Include/cmsis_gcc.h ****   #pragma GCC diagnostic ignored "-Wpacked"
 105:HW_Lib/STM32H7/HAL_Lib/CMSIS/Core/Include/cmsis_gcc.h ****   #pragma GCC diagnostic ignored "-Wattributes"
 106:HW_Lib/STM32H7/HAL_Lib/CMSIS/Core/Include/cmsis_gcc.h ****   __PACKED_STRUCT T_UINT32_READ { uint32_t v; };
 107:HW_Lib/STM32H7/HAL_Lib/CMSIS/Core/Include/cmsis_gcc.h ****   #pragma GCC diagnostic pop
 108:HW_Lib/STM32H7/HAL_Lib/CMSIS/Core/Include/cmsis_gcc.h ****   #define __UNALIGNED_UINT32_READ(addr)          (((const struct T_UINT32_READ *)(const void *)(add
 109:HW_Lib/STM32H7/HAL_Lib/CMSIS/Core/Include/cmsis_gcc.h **** #endif
ARM GAS  C:\Users\HUAV\AppData\Local\Temp\cciXU3YP.s 			page 100


 110:HW_Lib/STM32H7/HAL_Lib/CMSIS/Core/Include/cmsis_gcc.h **** #ifndef   __ALIGNED
 111:HW_Lib/STM32H7/HAL_Lib/CMSIS/Core/Include/cmsis_gcc.h ****   #define __ALIGNED(x)                           __attribute__((aligned(x)))
 112:HW_Lib/STM32H7/HAL_Lib/CMSIS/Core/Include/cmsis_gcc.h **** #endif
 113:HW_Lib/STM32H7/HAL_Lib/CMSIS/Core/Include/cmsis_gcc.h **** #ifndef   __RESTRICT
 114:HW_Lib/STM32H7/HAL_Lib/CMSIS/Core/Include/cmsis_gcc.h ****   #define __RESTRICT                             __restrict
 115:HW_Lib/STM32H7/HAL_Lib/CMSIS/Core/Include/cmsis_gcc.h **** #endif
 116:HW_Lib/STM32H7/HAL_Lib/CMSIS/Core/Include/cmsis_gcc.h **** #ifndef   __COMPILER_BARRIER
 117:HW_Lib/STM32H7/HAL_Lib/CMSIS/Core/Include/cmsis_gcc.h ****   #define __COMPILER_BARRIER()                   __ASM volatile("":::"memory")
 118:HW_Lib/STM32H7/HAL_Lib/CMSIS/Core/Include/cmsis_gcc.h **** #endif
 119:HW_Lib/STM32H7/HAL_Lib/CMSIS/Core/Include/cmsis_gcc.h **** 
 120:HW_Lib/STM32H7/HAL_Lib/CMSIS/Core/Include/cmsis_gcc.h **** /* #########################  Startup and Lowlevel Init  ######################## */
 121:HW_Lib/STM32H7/HAL_Lib/CMSIS/Core/Include/cmsis_gcc.h **** 
 122:HW_Lib/STM32H7/HAL_Lib/CMSIS/Core/Include/cmsis_gcc.h **** #ifndef __PROGRAM_START
 123:HW_Lib/STM32H7/HAL_Lib/CMSIS/Core/Include/cmsis_gcc.h **** 
 124:HW_Lib/STM32H7/HAL_Lib/CMSIS/Core/Include/cmsis_gcc.h **** /**
 125:HW_Lib/STM32H7/HAL_Lib/CMSIS/Core/Include/cmsis_gcc.h ****   \brief   Initializes data and bss sections
 126:HW_Lib/STM32H7/HAL_Lib/CMSIS/Core/Include/cmsis_gcc.h ****   \details This default implementations initialized all data and additional bss
 127:HW_Lib/STM32H7/HAL_Lib/CMSIS/Core/Include/cmsis_gcc.h ****            sections relying on .copy.table and .zero.table specified properly
 128:HW_Lib/STM32H7/HAL_Lib/CMSIS/Core/Include/cmsis_gcc.h ****            in the used linker script.
 129:HW_Lib/STM32H7/HAL_Lib/CMSIS/Core/Include/cmsis_gcc.h ****   
 130:HW_Lib/STM32H7/HAL_Lib/CMSIS/Core/Include/cmsis_gcc.h ****  */
 131:HW_Lib/STM32H7/HAL_Lib/CMSIS/Core/Include/cmsis_gcc.h **** __STATIC_FORCEINLINE __NO_RETURN void __cmsis_start(void)
 132:HW_Lib/STM32H7/HAL_Lib/CMSIS/Core/Include/cmsis_gcc.h **** {
 133:HW_Lib/STM32H7/HAL_Lib/CMSIS/Core/Include/cmsis_gcc.h ****   extern void _start(void) __NO_RETURN;
 134:HW_Lib/STM32H7/HAL_Lib/CMSIS/Core/Include/cmsis_gcc.h ****   
 135:HW_Lib/STM32H7/HAL_Lib/CMSIS/Core/Include/cmsis_gcc.h ****   typedef struct {
 136:HW_Lib/STM32H7/HAL_Lib/CMSIS/Core/Include/cmsis_gcc.h ****     uint32_t const* src;
 137:HW_Lib/STM32H7/HAL_Lib/CMSIS/Core/Include/cmsis_gcc.h ****     uint32_t* dest;
 138:HW_Lib/STM32H7/HAL_Lib/CMSIS/Core/Include/cmsis_gcc.h ****     uint32_t  wlen;
 139:HW_Lib/STM32H7/HAL_Lib/CMSIS/Core/Include/cmsis_gcc.h ****   } __copy_table_t;
 140:HW_Lib/STM32H7/HAL_Lib/CMSIS/Core/Include/cmsis_gcc.h ****   
 141:HW_Lib/STM32H7/HAL_Lib/CMSIS/Core/Include/cmsis_gcc.h ****   typedef struct {
 142:HW_Lib/STM32H7/HAL_Lib/CMSIS/Core/Include/cmsis_gcc.h ****     uint32_t* dest;
 143:HW_Lib/STM32H7/HAL_Lib/CMSIS/Core/Include/cmsis_gcc.h ****     uint32_t  wlen;
 144:HW_Lib/STM32H7/HAL_Lib/CMSIS/Core/Include/cmsis_gcc.h ****   } __zero_table_t;
 145:HW_Lib/STM32H7/HAL_Lib/CMSIS/Core/Include/cmsis_gcc.h ****   
 146:HW_Lib/STM32H7/HAL_Lib/CMSIS/Core/Include/cmsis_gcc.h ****   extern const __copy_table_t __copy_table_start__;
 147:HW_Lib/STM32H7/HAL_Lib/CMSIS/Core/Include/cmsis_gcc.h ****   extern const __copy_table_t __copy_table_end__;
 148:HW_Lib/STM32H7/HAL_Lib/CMSIS/Core/Include/cmsis_gcc.h ****   extern const __zero_table_t __zero_table_start__;
 149:HW_Lib/STM32H7/HAL_Lib/CMSIS/Core/Include/cmsis_gcc.h ****   extern const __zero_table_t __zero_table_end__;
 150:HW_Lib/STM32H7/HAL_Lib/CMSIS/Core/Include/cmsis_gcc.h **** 
 151:HW_Lib/STM32H7/HAL_Lib/CMSIS/Core/Include/cmsis_gcc.h ****   for (__copy_table_t const* pTable = &__copy_table_start__; pTable < &__copy_table_end__; ++pTable
 152:HW_Lib/STM32H7/HAL_Lib/CMSIS/Core/Include/cmsis_gcc.h ****     for(uint32_t i=0u; i<pTable->wlen; ++i) {
 153:HW_Lib/STM32H7/HAL_Lib/CMSIS/Core/Include/cmsis_gcc.h ****       pTable->dest[i] = pTable->src[i];
 154:HW_Lib/STM32H7/HAL_Lib/CMSIS/Core/Include/cmsis_gcc.h ****     }
 155:HW_Lib/STM32H7/HAL_Lib/CMSIS/Core/Include/cmsis_gcc.h ****   }
 156:HW_Lib/STM32H7/HAL_Lib/CMSIS/Core/Include/cmsis_gcc.h ****  
 157:HW_Lib/STM32H7/HAL_Lib/CMSIS/Core/Include/cmsis_gcc.h ****   for (__zero_table_t const* pTable = &__zero_table_start__; pTable < &__zero_table_end__; ++pTable
 158:HW_Lib/STM32H7/HAL_Lib/CMSIS/Core/Include/cmsis_gcc.h ****     for(uint32_t i=0u; i<pTable->wlen; ++i) {
 159:HW_Lib/STM32H7/HAL_Lib/CMSIS/Core/Include/cmsis_gcc.h ****       pTable->dest[i] = 0u;
 160:HW_Lib/STM32H7/HAL_Lib/CMSIS/Core/Include/cmsis_gcc.h ****     }
 161:HW_Lib/STM32H7/HAL_Lib/CMSIS/Core/Include/cmsis_gcc.h ****   }
 162:HW_Lib/STM32H7/HAL_Lib/CMSIS/Core/Include/cmsis_gcc.h ****  
 163:HW_Lib/STM32H7/HAL_Lib/CMSIS/Core/Include/cmsis_gcc.h ****   _start();
 164:HW_Lib/STM32H7/HAL_Lib/CMSIS/Core/Include/cmsis_gcc.h **** }
 165:HW_Lib/STM32H7/HAL_Lib/CMSIS/Core/Include/cmsis_gcc.h ****   
 166:HW_Lib/STM32H7/HAL_Lib/CMSIS/Core/Include/cmsis_gcc.h **** #define __PROGRAM_START           __cmsis_start
ARM GAS  C:\Users\HUAV\AppData\Local\Temp\cciXU3YP.s 			page 101


 167:HW_Lib/STM32H7/HAL_Lib/CMSIS/Core/Include/cmsis_gcc.h **** #endif
 168:HW_Lib/STM32H7/HAL_Lib/CMSIS/Core/Include/cmsis_gcc.h **** 
 169:HW_Lib/STM32H7/HAL_Lib/CMSIS/Core/Include/cmsis_gcc.h **** #ifndef __INITIAL_SP
 170:HW_Lib/STM32H7/HAL_Lib/CMSIS/Core/Include/cmsis_gcc.h **** #define __INITIAL_SP              __StackTop
 171:HW_Lib/STM32H7/HAL_Lib/CMSIS/Core/Include/cmsis_gcc.h **** #endif
 172:HW_Lib/STM32H7/HAL_Lib/CMSIS/Core/Include/cmsis_gcc.h **** 
 173:HW_Lib/STM32H7/HAL_Lib/CMSIS/Core/Include/cmsis_gcc.h **** #ifndef __STACK_LIMIT
 174:HW_Lib/STM32H7/HAL_Lib/CMSIS/Core/Include/cmsis_gcc.h **** #define __STACK_LIMIT             __StackLimit
 175:HW_Lib/STM32H7/HAL_Lib/CMSIS/Core/Include/cmsis_gcc.h **** #endif
 176:HW_Lib/STM32H7/HAL_Lib/CMSIS/Core/Include/cmsis_gcc.h **** 
 177:HW_Lib/STM32H7/HAL_Lib/CMSIS/Core/Include/cmsis_gcc.h **** #ifndef __VECTOR_TABLE
 178:HW_Lib/STM32H7/HAL_Lib/CMSIS/Core/Include/cmsis_gcc.h **** #define __VECTOR_TABLE            __Vectors
 179:HW_Lib/STM32H7/HAL_Lib/CMSIS/Core/Include/cmsis_gcc.h **** #endif
 180:HW_Lib/STM32H7/HAL_Lib/CMSIS/Core/Include/cmsis_gcc.h **** 
 181:HW_Lib/STM32H7/HAL_Lib/CMSIS/Core/Include/cmsis_gcc.h **** #ifndef __VECTOR_TABLE_ATTRIBUTE
 182:HW_Lib/STM32H7/HAL_Lib/CMSIS/Core/Include/cmsis_gcc.h **** #define __VECTOR_TABLE_ATTRIBUTE  __attribute((used, section(".vectors")))
 183:HW_Lib/STM32H7/HAL_Lib/CMSIS/Core/Include/cmsis_gcc.h **** #endif
 184:HW_Lib/STM32H7/HAL_Lib/CMSIS/Core/Include/cmsis_gcc.h **** 
 185:HW_Lib/STM32H7/HAL_Lib/CMSIS/Core/Include/cmsis_gcc.h **** /* ###########################  Core Function Access  ########################### */
 186:HW_Lib/STM32H7/HAL_Lib/CMSIS/Core/Include/cmsis_gcc.h **** /** \ingroup  CMSIS_Core_FunctionInterface
 187:HW_Lib/STM32H7/HAL_Lib/CMSIS/Core/Include/cmsis_gcc.h ****     \defgroup CMSIS_Core_RegAccFunctions CMSIS Core Register Access Functions
 188:HW_Lib/STM32H7/HAL_Lib/CMSIS/Core/Include/cmsis_gcc.h ****   @{
 189:HW_Lib/STM32H7/HAL_Lib/CMSIS/Core/Include/cmsis_gcc.h ****  */
 190:HW_Lib/STM32H7/HAL_Lib/CMSIS/Core/Include/cmsis_gcc.h **** 
 191:HW_Lib/STM32H7/HAL_Lib/CMSIS/Core/Include/cmsis_gcc.h **** /**
 192:HW_Lib/STM32H7/HAL_Lib/CMSIS/Core/Include/cmsis_gcc.h ****   \brief   Enable IRQ Interrupts
 193:HW_Lib/STM32H7/HAL_Lib/CMSIS/Core/Include/cmsis_gcc.h ****   \details Enables IRQ interrupts by clearing the I-bit in the CPSR.
 194:HW_Lib/STM32H7/HAL_Lib/CMSIS/Core/Include/cmsis_gcc.h ****            Can only be executed in Privileged modes.
 195:HW_Lib/STM32H7/HAL_Lib/CMSIS/Core/Include/cmsis_gcc.h ****  */
 196:HW_Lib/STM32H7/HAL_Lib/CMSIS/Core/Include/cmsis_gcc.h **** __STATIC_FORCEINLINE void __enable_irq(void)
 197:HW_Lib/STM32H7/HAL_Lib/CMSIS/Core/Include/cmsis_gcc.h **** {
 198:HW_Lib/STM32H7/HAL_Lib/CMSIS/Core/Include/cmsis_gcc.h ****   __ASM volatile ("cpsie i" : : : "memory");
 199:HW_Lib/STM32H7/HAL_Lib/CMSIS/Core/Include/cmsis_gcc.h **** }
 200:HW_Lib/STM32H7/HAL_Lib/CMSIS/Core/Include/cmsis_gcc.h **** 
 201:HW_Lib/STM32H7/HAL_Lib/CMSIS/Core/Include/cmsis_gcc.h **** 
 202:HW_Lib/STM32H7/HAL_Lib/CMSIS/Core/Include/cmsis_gcc.h **** /**
 203:HW_Lib/STM32H7/HAL_Lib/CMSIS/Core/Include/cmsis_gcc.h ****   \brief   Disable IRQ Interrupts
 204:HW_Lib/STM32H7/HAL_Lib/CMSIS/Core/Include/cmsis_gcc.h ****   \details Disables IRQ interrupts by setting the I-bit in the CPSR.
 205:HW_Lib/STM32H7/HAL_Lib/CMSIS/Core/Include/cmsis_gcc.h ****            Can only be executed in Privileged modes.
 206:HW_Lib/STM32H7/HAL_Lib/CMSIS/Core/Include/cmsis_gcc.h ****  */
 207:HW_Lib/STM32H7/HAL_Lib/CMSIS/Core/Include/cmsis_gcc.h **** __STATIC_FORCEINLINE void __disable_irq(void)
 208:HW_Lib/STM32H7/HAL_Lib/CMSIS/Core/Include/cmsis_gcc.h **** {
 209:HW_Lib/STM32H7/HAL_Lib/CMSIS/Core/Include/cmsis_gcc.h ****   __ASM volatile ("cpsid i" : : : "memory");
 210:HW_Lib/STM32H7/HAL_Lib/CMSIS/Core/Include/cmsis_gcc.h **** }
 211:HW_Lib/STM32H7/HAL_Lib/CMSIS/Core/Include/cmsis_gcc.h **** 
 212:HW_Lib/STM32H7/HAL_Lib/CMSIS/Core/Include/cmsis_gcc.h **** 
 213:HW_Lib/STM32H7/HAL_Lib/CMSIS/Core/Include/cmsis_gcc.h **** /**
 214:HW_Lib/STM32H7/HAL_Lib/CMSIS/Core/Include/cmsis_gcc.h ****   \brief   Get Control Register
 215:HW_Lib/STM32H7/HAL_Lib/CMSIS/Core/Include/cmsis_gcc.h ****   \details Returns the content of the Control Register.
 216:HW_Lib/STM32H7/HAL_Lib/CMSIS/Core/Include/cmsis_gcc.h ****   \return               Control Register value
 217:HW_Lib/STM32H7/HAL_Lib/CMSIS/Core/Include/cmsis_gcc.h ****  */
 218:HW_Lib/STM32H7/HAL_Lib/CMSIS/Core/Include/cmsis_gcc.h **** __STATIC_FORCEINLINE uint32_t __get_CONTROL(void)
 219:HW_Lib/STM32H7/HAL_Lib/CMSIS/Core/Include/cmsis_gcc.h **** {
 220:HW_Lib/STM32H7/HAL_Lib/CMSIS/Core/Include/cmsis_gcc.h ****   uint32_t result;
 221:HW_Lib/STM32H7/HAL_Lib/CMSIS/Core/Include/cmsis_gcc.h **** 
 222:HW_Lib/STM32H7/HAL_Lib/CMSIS/Core/Include/cmsis_gcc.h ****   __ASM volatile ("MRS %0, control" : "=r" (result) );
 223:HW_Lib/STM32H7/HAL_Lib/CMSIS/Core/Include/cmsis_gcc.h ****   return(result);
ARM GAS  C:\Users\HUAV\AppData\Local\Temp\cciXU3YP.s 			page 102


 224:HW_Lib/STM32H7/HAL_Lib/CMSIS/Core/Include/cmsis_gcc.h **** }
 225:HW_Lib/STM32H7/HAL_Lib/CMSIS/Core/Include/cmsis_gcc.h **** 
 226:HW_Lib/STM32H7/HAL_Lib/CMSIS/Core/Include/cmsis_gcc.h **** 
 227:HW_Lib/STM32H7/HAL_Lib/CMSIS/Core/Include/cmsis_gcc.h **** #if (defined (__ARM_FEATURE_CMSE ) && (__ARM_FEATURE_CMSE == 3))
 228:HW_Lib/STM32H7/HAL_Lib/CMSIS/Core/Include/cmsis_gcc.h **** /**
 229:HW_Lib/STM32H7/HAL_Lib/CMSIS/Core/Include/cmsis_gcc.h ****   \brief   Get Control Register (non-secure)
 230:HW_Lib/STM32H7/HAL_Lib/CMSIS/Core/Include/cmsis_gcc.h ****   \details Returns the content of the non-secure Control Register when in secure mode.
 231:HW_Lib/STM32H7/HAL_Lib/CMSIS/Core/Include/cmsis_gcc.h ****   \return               non-secure Control Register value
 232:HW_Lib/STM32H7/HAL_Lib/CMSIS/Core/Include/cmsis_gcc.h ****  */
 233:HW_Lib/STM32H7/HAL_Lib/CMSIS/Core/Include/cmsis_gcc.h **** __STATIC_FORCEINLINE uint32_t __TZ_get_CONTROL_NS(void)
 234:HW_Lib/STM32H7/HAL_Lib/CMSIS/Core/Include/cmsis_gcc.h **** {
 235:HW_Lib/STM32H7/HAL_Lib/CMSIS/Core/Include/cmsis_gcc.h ****   uint32_t result;
 236:HW_Lib/STM32H7/HAL_Lib/CMSIS/Core/Include/cmsis_gcc.h **** 
 237:HW_Lib/STM32H7/HAL_Lib/CMSIS/Core/Include/cmsis_gcc.h ****   __ASM volatile ("MRS %0, control_ns" : "=r" (result) );
 238:HW_Lib/STM32H7/HAL_Lib/CMSIS/Core/Include/cmsis_gcc.h ****   return(result);
 239:HW_Lib/STM32H7/HAL_Lib/CMSIS/Core/Include/cmsis_gcc.h **** }
 240:HW_Lib/STM32H7/HAL_Lib/CMSIS/Core/Include/cmsis_gcc.h **** #endif
 241:HW_Lib/STM32H7/HAL_Lib/CMSIS/Core/Include/cmsis_gcc.h **** 
 242:HW_Lib/STM32H7/HAL_Lib/CMSIS/Core/Include/cmsis_gcc.h **** 
 243:HW_Lib/STM32H7/HAL_Lib/CMSIS/Core/Include/cmsis_gcc.h **** /**
 244:HW_Lib/STM32H7/HAL_Lib/CMSIS/Core/Include/cmsis_gcc.h ****   \brief   Set Control Register
 245:HW_Lib/STM32H7/HAL_Lib/CMSIS/Core/Include/cmsis_gcc.h ****   \details Writes the given value to the Control Register.
 246:HW_Lib/STM32H7/HAL_Lib/CMSIS/Core/Include/cmsis_gcc.h ****   \param [in]    control  Control Register value to set
 247:HW_Lib/STM32H7/HAL_Lib/CMSIS/Core/Include/cmsis_gcc.h ****  */
 248:HW_Lib/STM32H7/HAL_Lib/CMSIS/Core/Include/cmsis_gcc.h **** __STATIC_FORCEINLINE void __set_CONTROL(uint32_t control)
 249:HW_Lib/STM32H7/HAL_Lib/CMSIS/Core/Include/cmsis_gcc.h **** {
 250:HW_Lib/STM32H7/HAL_Lib/CMSIS/Core/Include/cmsis_gcc.h ****   __ASM volatile ("MSR control, %0" : : "r" (control) : "memory");
 251:HW_Lib/STM32H7/HAL_Lib/CMSIS/Core/Include/cmsis_gcc.h **** }
 252:HW_Lib/STM32H7/HAL_Lib/CMSIS/Core/Include/cmsis_gcc.h **** 
 253:HW_Lib/STM32H7/HAL_Lib/CMSIS/Core/Include/cmsis_gcc.h **** 
 254:HW_Lib/STM32H7/HAL_Lib/CMSIS/Core/Include/cmsis_gcc.h **** #if (defined (__ARM_FEATURE_CMSE ) && (__ARM_FEATURE_CMSE == 3))
 255:HW_Lib/STM32H7/HAL_Lib/CMSIS/Core/Include/cmsis_gcc.h **** /**
 256:HW_Lib/STM32H7/HAL_Lib/CMSIS/Core/Include/cmsis_gcc.h ****   \brief   Set Control Register (non-secure)
 257:HW_Lib/STM32H7/HAL_Lib/CMSIS/Core/Include/cmsis_gcc.h ****   \details Writes the given value to the non-secure Control Register when in secure state.
 258:HW_Lib/STM32H7/HAL_Lib/CMSIS/Core/Include/cmsis_gcc.h ****   \param [in]    control  Control Register value to set
 259:HW_Lib/STM32H7/HAL_Lib/CMSIS/Core/Include/cmsis_gcc.h ****  */
 260:HW_Lib/STM32H7/HAL_Lib/CMSIS/Core/Include/cmsis_gcc.h **** __STATIC_FORCEINLINE void __TZ_set_CONTROL_NS(uint32_t control)
 261:HW_Lib/STM32H7/HAL_Lib/CMSIS/Core/Include/cmsis_gcc.h **** {
 262:HW_Lib/STM32H7/HAL_Lib/CMSIS/Core/Include/cmsis_gcc.h ****   __ASM volatile ("MSR control_ns, %0" : : "r" (control) : "memory");
 263:HW_Lib/STM32H7/HAL_Lib/CMSIS/Core/Include/cmsis_gcc.h **** }
 264:HW_Lib/STM32H7/HAL_Lib/CMSIS/Core/Include/cmsis_gcc.h **** #endif
 265:HW_Lib/STM32H7/HAL_Lib/CMSIS/Core/Include/cmsis_gcc.h **** 
 266:HW_Lib/STM32H7/HAL_Lib/CMSIS/Core/Include/cmsis_gcc.h **** 
 267:HW_Lib/STM32H7/HAL_Lib/CMSIS/Core/Include/cmsis_gcc.h **** /**
 268:HW_Lib/STM32H7/HAL_Lib/CMSIS/Core/Include/cmsis_gcc.h ****   \brief   Get IPSR Register
 269:HW_Lib/STM32H7/HAL_Lib/CMSIS/Core/Include/cmsis_gcc.h ****   \details Returns the content of the IPSR Register.
 270:HW_Lib/STM32H7/HAL_Lib/CMSIS/Core/Include/cmsis_gcc.h ****   \return               IPSR Register value
 271:HW_Lib/STM32H7/HAL_Lib/CMSIS/Core/Include/cmsis_gcc.h ****  */
 272:HW_Lib/STM32H7/HAL_Lib/CMSIS/Core/Include/cmsis_gcc.h **** __STATIC_FORCEINLINE uint32_t __get_IPSR(void)
 273:HW_Lib/STM32H7/HAL_Lib/CMSIS/Core/Include/cmsis_gcc.h **** {
 274:HW_Lib/STM32H7/HAL_Lib/CMSIS/Core/Include/cmsis_gcc.h ****   uint32_t result;
 275:HW_Lib/STM32H7/HAL_Lib/CMSIS/Core/Include/cmsis_gcc.h **** 
 276:HW_Lib/STM32H7/HAL_Lib/CMSIS/Core/Include/cmsis_gcc.h ****   __ASM volatile ("MRS %0, ipsr" : "=r" (result) );
 277:HW_Lib/STM32H7/HAL_Lib/CMSIS/Core/Include/cmsis_gcc.h ****   return(result);
 278:HW_Lib/STM32H7/HAL_Lib/CMSIS/Core/Include/cmsis_gcc.h **** }
 279:HW_Lib/STM32H7/HAL_Lib/CMSIS/Core/Include/cmsis_gcc.h **** 
 280:HW_Lib/STM32H7/HAL_Lib/CMSIS/Core/Include/cmsis_gcc.h **** 
ARM GAS  C:\Users\HUAV\AppData\Local\Temp\cciXU3YP.s 			page 103


 281:HW_Lib/STM32H7/HAL_Lib/CMSIS/Core/Include/cmsis_gcc.h **** /**
 282:HW_Lib/STM32H7/HAL_Lib/CMSIS/Core/Include/cmsis_gcc.h ****   \brief   Get APSR Register
 283:HW_Lib/STM32H7/HAL_Lib/CMSIS/Core/Include/cmsis_gcc.h ****   \details Returns the content of the APSR Register.
 284:HW_Lib/STM32H7/HAL_Lib/CMSIS/Core/Include/cmsis_gcc.h ****   \return               APSR Register value
 285:HW_Lib/STM32H7/HAL_Lib/CMSIS/Core/Include/cmsis_gcc.h ****  */
 286:HW_Lib/STM32H7/HAL_Lib/CMSIS/Core/Include/cmsis_gcc.h **** __STATIC_FORCEINLINE uint32_t __get_APSR(void)
 287:HW_Lib/STM32H7/HAL_Lib/CMSIS/Core/Include/cmsis_gcc.h **** {
 288:HW_Lib/STM32H7/HAL_Lib/CMSIS/Core/Include/cmsis_gcc.h ****   uint32_t result;
 289:HW_Lib/STM32H7/HAL_Lib/CMSIS/Core/Include/cmsis_gcc.h **** 
 290:HW_Lib/STM32H7/HAL_Lib/CMSIS/Core/Include/cmsis_gcc.h ****   __ASM volatile ("MRS %0, apsr" : "=r" (result) );
 291:HW_Lib/STM32H7/HAL_Lib/CMSIS/Core/Include/cmsis_gcc.h ****   return(result);
 292:HW_Lib/STM32H7/HAL_Lib/CMSIS/Core/Include/cmsis_gcc.h **** }
 293:HW_Lib/STM32H7/HAL_Lib/CMSIS/Core/Include/cmsis_gcc.h **** 
 294:HW_Lib/STM32H7/HAL_Lib/CMSIS/Core/Include/cmsis_gcc.h **** 
 295:HW_Lib/STM32H7/HAL_Lib/CMSIS/Core/Include/cmsis_gcc.h **** /**
 296:HW_Lib/STM32H7/HAL_Lib/CMSIS/Core/Include/cmsis_gcc.h ****   \brief   Get xPSR Register
 297:HW_Lib/STM32H7/HAL_Lib/CMSIS/Core/Include/cmsis_gcc.h ****   \details Returns the content of the xPSR Register.
 298:HW_Lib/STM32H7/HAL_Lib/CMSIS/Core/Include/cmsis_gcc.h ****   \return               xPSR Register value
 299:HW_Lib/STM32H7/HAL_Lib/CMSIS/Core/Include/cmsis_gcc.h ****  */
 300:HW_Lib/STM32H7/HAL_Lib/CMSIS/Core/Include/cmsis_gcc.h **** __STATIC_FORCEINLINE uint32_t __get_xPSR(void)
 301:HW_Lib/STM32H7/HAL_Lib/CMSIS/Core/Include/cmsis_gcc.h **** {
 302:HW_Lib/STM32H7/HAL_Lib/CMSIS/Core/Include/cmsis_gcc.h ****   uint32_t result;
 303:HW_Lib/STM32H7/HAL_Lib/CMSIS/Core/Include/cmsis_gcc.h **** 
 304:HW_Lib/STM32H7/HAL_Lib/CMSIS/Core/Include/cmsis_gcc.h ****   __ASM volatile ("MRS %0, xpsr" : "=r" (result) );
 305:HW_Lib/STM32H7/HAL_Lib/CMSIS/Core/Include/cmsis_gcc.h ****   return(result);
 306:HW_Lib/STM32H7/HAL_Lib/CMSIS/Core/Include/cmsis_gcc.h **** }
 307:HW_Lib/STM32H7/HAL_Lib/CMSIS/Core/Include/cmsis_gcc.h **** 
 308:HW_Lib/STM32H7/HAL_Lib/CMSIS/Core/Include/cmsis_gcc.h **** 
 309:HW_Lib/STM32H7/HAL_Lib/CMSIS/Core/Include/cmsis_gcc.h **** /**
 310:HW_Lib/STM32H7/HAL_Lib/CMSIS/Core/Include/cmsis_gcc.h ****   \brief   Get Process Stack Pointer
 311:HW_Lib/STM32H7/HAL_Lib/CMSIS/Core/Include/cmsis_gcc.h ****   \details Returns the current value of the Process Stack Pointer (PSP).
 312:HW_Lib/STM32H7/HAL_Lib/CMSIS/Core/Include/cmsis_gcc.h ****   \return               PSP Register value
 313:HW_Lib/STM32H7/HAL_Lib/CMSIS/Core/Include/cmsis_gcc.h ****  */
 314:HW_Lib/STM32H7/HAL_Lib/CMSIS/Core/Include/cmsis_gcc.h **** __STATIC_FORCEINLINE uint32_t __get_PSP(void)
 315:HW_Lib/STM32H7/HAL_Lib/CMSIS/Core/Include/cmsis_gcc.h **** {
 316:HW_Lib/STM32H7/HAL_Lib/CMSIS/Core/Include/cmsis_gcc.h ****   uint32_t result;
 317:HW_Lib/STM32H7/HAL_Lib/CMSIS/Core/Include/cmsis_gcc.h **** 
 318:HW_Lib/STM32H7/HAL_Lib/CMSIS/Core/Include/cmsis_gcc.h ****   __ASM volatile ("MRS %0, psp"  : "=r" (result) );
 319:HW_Lib/STM32H7/HAL_Lib/CMSIS/Core/Include/cmsis_gcc.h ****   return(result);
 320:HW_Lib/STM32H7/HAL_Lib/CMSIS/Core/Include/cmsis_gcc.h **** }
 321:HW_Lib/STM32H7/HAL_Lib/CMSIS/Core/Include/cmsis_gcc.h **** 
 322:HW_Lib/STM32H7/HAL_Lib/CMSIS/Core/Include/cmsis_gcc.h **** 
 323:HW_Lib/STM32H7/HAL_Lib/CMSIS/Core/Include/cmsis_gcc.h **** #if (defined (__ARM_FEATURE_CMSE ) && (__ARM_FEATURE_CMSE == 3))
 324:HW_Lib/STM32H7/HAL_Lib/CMSIS/Core/Include/cmsis_gcc.h **** /**
 325:HW_Lib/STM32H7/HAL_Lib/CMSIS/Core/Include/cmsis_gcc.h ****   \brief   Get Process Stack Pointer (non-secure)
 326:HW_Lib/STM32H7/HAL_Lib/CMSIS/Core/Include/cmsis_gcc.h ****   \details Returns the current value of the non-secure Process Stack Pointer (PSP) when in secure s
 327:HW_Lib/STM32H7/HAL_Lib/CMSIS/Core/Include/cmsis_gcc.h ****   \return               PSP Register value
 328:HW_Lib/STM32H7/HAL_Lib/CMSIS/Core/Include/cmsis_gcc.h ****  */
 329:HW_Lib/STM32H7/HAL_Lib/CMSIS/Core/Include/cmsis_gcc.h **** __STATIC_FORCEINLINE uint32_t __TZ_get_PSP_NS(void)
 330:HW_Lib/STM32H7/HAL_Lib/CMSIS/Core/Include/cmsis_gcc.h **** {
 331:HW_Lib/STM32H7/HAL_Lib/CMSIS/Core/Include/cmsis_gcc.h ****   uint32_t result;
 332:HW_Lib/STM32H7/HAL_Lib/CMSIS/Core/Include/cmsis_gcc.h **** 
 333:HW_Lib/STM32H7/HAL_Lib/CMSIS/Core/Include/cmsis_gcc.h ****   __ASM volatile ("MRS %0, psp_ns"  : "=r" (result) );
 334:HW_Lib/STM32H7/HAL_Lib/CMSIS/Core/Include/cmsis_gcc.h ****   return(result);
 335:HW_Lib/STM32H7/HAL_Lib/CMSIS/Core/Include/cmsis_gcc.h **** }
 336:HW_Lib/STM32H7/HAL_Lib/CMSIS/Core/Include/cmsis_gcc.h **** #endif
 337:HW_Lib/STM32H7/HAL_Lib/CMSIS/Core/Include/cmsis_gcc.h **** 
ARM GAS  C:\Users\HUAV\AppData\Local\Temp\cciXU3YP.s 			page 104


 338:HW_Lib/STM32H7/HAL_Lib/CMSIS/Core/Include/cmsis_gcc.h **** 
 339:HW_Lib/STM32H7/HAL_Lib/CMSIS/Core/Include/cmsis_gcc.h **** /**
 340:HW_Lib/STM32H7/HAL_Lib/CMSIS/Core/Include/cmsis_gcc.h ****   \brief   Set Process Stack Pointer
 341:HW_Lib/STM32H7/HAL_Lib/CMSIS/Core/Include/cmsis_gcc.h ****   \details Assigns the given value to the Process Stack Pointer (PSP).
 342:HW_Lib/STM32H7/HAL_Lib/CMSIS/Core/Include/cmsis_gcc.h ****   \param [in]    topOfProcStack  Process Stack Pointer value to set
 343:HW_Lib/STM32H7/HAL_Lib/CMSIS/Core/Include/cmsis_gcc.h ****  */
 344:HW_Lib/STM32H7/HAL_Lib/CMSIS/Core/Include/cmsis_gcc.h **** __STATIC_FORCEINLINE void __set_PSP(uint32_t topOfProcStack)
 345:HW_Lib/STM32H7/HAL_Lib/CMSIS/Core/Include/cmsis_gcc.h **** {
 346:HW_Lib/STM32H7/HAL_Lib/CMSIS/Core/Include/cmsis_gcc.h ****   __ASM volatile ("MSR psp, %0" : : "r" (topOfProcStack) : );
 347:HW_Lib/STM32H7/HAL_Lib/CMSIS/Core/Include/cmsis_gcc.h **** }
 348:HW_Lib/STM32H7/HAL_Lib/CMSIS/Core/Include/cmsis_gcc.h **** 
 349:HW_Lib/STM32H7/HAL_Lib/CMSIS/Core/Include/cmsis_gcc.h **** 
 350:HW_Lib/STM32H7/HAL_Lib/CMSIS/Core/Include/cmsis_gcc.h **** #if (defined (__ARM_FEATURE_CMSE ) && (__ARM_FEATURE_CMSE == 3))
 351:HW_Lib/STM32H7/HAL_Lib/CMSIS/Core/Include/cmsis_gcc.h **** /**
 352:HW_Lib/STM32H7/HAL_Lib/CMSIS/Core/Include/cmsis_gcc.h ****   \brief   Set Process Stack Pointer (non-secure)
 353:HW_Lib/STM32H7/HAL_Lib/CMSIS/Core/Include/cmsis_gcc.h ****   \details Assigns the given value to the non-secure Process Stack Pointer (PSP) when in secure sta
 354:HW_Lib/STM32H7/HAL_Lib/CMSIS/Core/Include/cmsis_gcc.h ****   \param [in]    topOfProcStack  Process Stack Pointer value to set
 355:HW_Lib/STM32H7/HAL_Lib/CMSIS/Core/Include/cmsis_gcc.h ****  */
 356:HW_Lib/STM32H7/HAL_Lib/CMSIS/Core/Include/cmsis_gcc.h **** __STATIC_FORCEINLINE void __TZ_set_PSP_NS(uint32_t topOfProcStack)
 357:HW_Lib/STM32H7/HAL_Lib/CMSIS/Core/Include/cmsis_gcc.h **** {
 358:HW_Lib/STM32H7/HAL_Lib/CMSIS/Core/Include/cmsis_gcc.h ****   __ASM volatile ("MSR psp_ns, %0" : : "r" (topOfProcStack) : );
 359:HW_Lib/STM32H7/HAL_Lib/CMSIS/Core/Include/cmsis_gcc.h **** }
 360:HW_Lib/STM32H7/HAL_Lib/CMSIS/Core/Include/cmsis_gcc.h **** #endif
 361:HW_Lib/STM32H7/HAL_Lib/CMSIS/Core/Include/cmsis_gcc.h **** 
 362:HW_Lib/STM32H7/HAL_Lib/CMSIS/Core/Include/cmsis_gcc.h **** 
 363:HW_Lib/STM32H7/HAL_Lib/CMSIS/Core/Include/cmsis_gcc.h **** /**
 364:HW_Lib/STM32H7/HAL_Lib/CMSIS/Core/Include/cmsis_gcc.h ****   \brief   Get Main Stack Pointer
 365:HW_Lib/STM32H7/HAL_Lib/CMSIS/Core/Include/cmsis_gcc.h ****   \details Returns the current value of the Main Stack Pointer (MSP).
 366:HW_Lib/STM32H7/HAL_Lib/CMSIS/Core/Include/cmsis_gcc.h ****   \return               MSP Register value
 367:HW_Lib/STM32H7/HAL_Lib/CMSIS/Core/Include/cmsis_gcc.h ****  */
 368:HW_Lib/STM32H7/HAL_Lib/CMSIS/Core/Include/cmsis_gcc.h **** __STATIC_FORCEINLINE uint32_t __get_MSP(void)
 369:HW_Lib/STM32H7/HAL_Lib/CMSIS/Core/Include/cmsis_gcc.h **** {
 370:HW_Lib/STM32H7/HAL_Lib/CMSIS/Core/Include/cmsis_gcc.h ****   uint32_t result;
 371:HW_Lib/STM32H7/HAL_Lib/CMSIS/Core/Include/cmsis_gcc.h **** 
 372:HW_Lib/STM32H7/HAL_Lib/CMSIS/Core/Include/cmsis_gcc.h ****   __ASM volatile ("MRS %0, msp" : "=r" (result) );
 373:HW_Lib/STM32H7/HAL_Lib/CMSIS/Core/Include/cmsis_gcc.h ****   return(result);
 374:HW_Lib/STM32H7/HAL_Lib/CMSIS/Core/Include/cmsis_gcc.h **** }
 375:HW_Lib/STM32H7/HAL_Lib/CMSIS/Core/Include/cmsis_gcc.h **** 
 376:HW_Lib/STM32H7/HAL_Lib/CMSIS/Core/Include/cmsis_gcc.h **** 
 377:HW_Lib/STM32H7/HAL_Lib/CMSIS/Core/Include/cmsis_gcc.h **** #if (defined (__ARM_FEATURE_CMSE ) && (__ARM_FEATURE_CMSE == 3))
 378:HW_Lib/STM32H7/HAL_Lib/CMSIS/Core/Include/cmsis_gcc.h **** /**
 379:HW_Lib/STM32H7/HAL_Lib/CMSIS/Core/Include/cmsis_gcc.h ****   \brief   Get Main Stack Pointer (non-secure)
 380:HW_Lib/STM32H7/HAL_Lib/CMSIS/Core/Include/cmsis_gcc.h ****   \details Returns the current value of the non-secure Main Stack Pointer (MSP) when in secure stat
 381:HW_Lib/STM32H7/HAL_Lib/CMSIS/Core/Include/cmsis_gcc.h ****   \return               MSP Register value
 382:HW_Lib/STM32H7/HAL_Lib/CMSIS/Core/Include/cmsis_gcc.h ****  */
 383:HW_Lib/STM32H7/HAL_Lib/CMSIS/Core/Include/cmsis_gcc.h **** __STATIC_FORCEINLINE uint32_t __TZ_get_MSP_NS(void)
 384:HW_Lib/STM32H7/HAL_Lib/CMSIS/Core/Include/cmsis_gcc.h **** {
 385:HW_Lib/STM32H7/HAL_Lib/CMSIS/Core/Include/cmsis_gcc.h ****   uint32_t result;
 386:HW_Lib/STM32H7/HAL_Lib/CMSIS/Core/Include/cmsis_gcc.h **** 
 387:HW_Lib/STM32H7/HAL_Lib/CMSIS/Core/Include/cmsis_gcc.h ****   __ASM volatile ("MRS %0, msp_ns" : "=r" (result) );
 388:HW_Lib/STM32H7/HAL_Lib/CMSIS/Core/Include/cmsis_gcc.h ****   return(result);
 389:HW_Lib/STM32H7/HAL_Lib/CMSIS/Core/Include/cmsis_gcc.h **** }
 390:HW_Lib/STM32H7/HAL_Lib/CMSIS/Core/Include/cmsis_gcc.h **** #endif
 391:HW_Lib/STM32H7/HAL_Lib/CMSIS/Core/Include/cmsis_gcc.h **** 
 392:HW_Lib/STM32H7/HAL_Lib/CMSIS/Core/Include/cmsis_gcc.h **** 
 393:HW_Lib/STM32H7/HAL_Lib/CMSIS/Core/Include/cmsis_gcc.h **** /**
 394:HW_Lib/STM32H7/HAL_Lib/CMSIS/Core/Include/cmsis_gcc.h ****   \brief   Set Main Stack Pointer
ARM GAS  C:\Users\HUAV\AppData\Local\Temp\cciXU3YP.s 			page 105


 395:HW_Lib/STM32H7/HAL_Lib/CMSIS/Core/Include/cmsis_gcc.h ****   \details Assigns the given value to the Main Stack Pointer (MSP).
 396:HW_Lib/STM32H7/HAL_Lib/CMSIS/Core/Include/cmsis_gcc.h ****   \param [in]    topOfMainStack  Main Stack Pointer value to set
 397:HW_Lib/STM32H7/HAL_Lib/CMSIS/Core/Include/cmsis_gcc.h ****  */
 398:HW_Lib/STM32H7/HAL_Lib/CMSIS/Core/Include/cmsis_gcc.h **** __STATIC_FORCEINLINE void __set_MSP(uint32_t topOfMainStack)
 399:HW_Lib/STM32H7/HAL_Lib/CMSIS/Core/Include/cmsis_gcc.h **** {
 400:HW_Lib/STM32H7/HAL_Lib/CMSIS/Core/Include/cmsis_gcc.h ****   __ASM volatile ("MSR msp, %0" : : "r" (topOfMainStack) : );
 401:HW_Lib/STM32H7/HAL_Lib/CMSIS/Core/Include/cmsis_gcc.h **** }
 402:HW_Lib/STM32H7/HAL_Lib/CMSIS/Core/Include/cmsis_gcc.h **** 
 403:HW_Lib/STM32H7/HAL_Lib/CMSIS/Core/Include/cmsis_gcc.h **** 
 404:HW_Lib/STM32H7/HAL_Lib/CMSIS/Core/Include/cmsis_gcc.h **** #if (defined (__ARM_FEATURE_CMSE ) && (__ARM_FEATURE_CMSE == 3))
 405:HW_Lib/STM32H7/HAL_Lib/CMSIS/Core/Include/cmsis_gcc.h **** /**
 406:HW_Lib/STM32H7/HAL_Lib/CMSIS/Core/Include/cmsis_gcc.h ****   \brief   Set Main Stack Pointer (non-secure)
 407:HW_Lib/STM32H7/HAL_Lib/CMSIS/Core/Include/cmsis_gcc.h ****   \details Assigns the given value to the non-secure Main Stack Pointer (MSP) when in secure state.
 408:HW_Lib/STM32H7/HAL_Lib/CMSIS/Core/Include/cmsis_gcc.h ****   \param [in]    topOfMainStack  Main Stack Pointer value to set
 409:HW_Lib/STM32H7/HAL_Lib/CMSIS/Core/Include/cmsis_gcc.h ****  */
 410:HW_Lib/STM32H7/HAL_Lib/CMSIS/Core/Include/cmsis_gcc.h **** __STATIC_FORCEINLINE void __TZ_set_MSP_NS(uint32_t topOfMainStack)
 411:HW_Lib/STM32H7/HAL_Lib/CMSIS/Core/Include/cmsis_gcc.h **** {
 412:HW_Lib/STM32H7/HAL_Lib/CMSIS/Core/Include/cmsis_gcc.h ****   __ASM volatile ("MSR msp_ns, %0" : : "r" (topOfMainStack) : );
 413:HW_Lib/STM32H7/HAL_Lib/CMSIS/Core/Include/cmsis_gcc.h **** }
 414:HW_Lib/STM32H7/HAL_Lib/CMSIS/Core/Include/cmsis_gcc.h **** #endif
 415:HW_Lib/STM32H7/HAL_Lib/CMSIS/Core/Include/cmsis_gcc.h **** 
 416:HW_Lib/STM32H7/HAL_Lib/CMSIS/Core/Include/cmsis_gcc.h **** 
 417:HW_Lib/STM32H7/HAL_Lib/CMSIS/Core/Include/cmsis_gcc.h **** #if (defined (__ARM_FEATURE_CMSE ) && (__ARM_FEATURE_CMSE == 3))
 418:HW_Lib/STM32H7/HAL_Lib/CMSIS/Core/Include/cmsis_gcc.h **** /**
 419:HW_Lib/STM32H7/HAL_Lib/CMSIS/Core/Include/cmsis_gcc.h ****   \brief   Get Stack Pointer (non-secure)
 420:HW_Lib/STM32H7/HAL_Lib/CMSIS/Core/Include/cmsis_gcc.h ****   \details Returns the current value of the non-secure Stack Pointer (SP) when in secure state.
 421:HW_Lib/STM32H7/HAL_Lib/CMSIS/Core/Include/cmsis_gcc.h ****   \return               SP Register value
 422:HW_Lib/STM32H7/HAL_Lib/CMSIS/Core/Include/cmsis_gcc.h ****  */
 423:HW_Lib/STM32H7/HAL_Lib/CMSIS/Core/Include/cmsis_gcc.h **** __STATIC_FORCEINLINE uint32_t __TZ_get_SP_NS(void)
 424:HW_Lib/STM32H7/HAL_Lib/CMSIS/Core/Include/cmsis_gcc.h **** {
 425:HW_Lib/STM32H7/HAL_Lib/CMSIS/Core/Include/cmsis_gcc.h ****   uint32_t result;
 426:HW_Lib/STM32H7/HAL_Lib/CMSIS/Core/Include/cmsis_gcc.h **** 
 427:HW_Lib/STM32H7/HAL_Lib/CMSIS/Core/Include/cmsis_gcc.h ****   __ASM volatile ("MRS %0, sp_ns" : "=r" (result) );
 428:HW_Lib/STM32H7/HAL_Lib/CMSIS/Core/Include/cmsis_gcc.h ****   return(result);
 429:HW_Lib/STM32H7/HAL_Lib/CMSIS/Core/Include/cmsis_gcc.h **** }
 430:HW_Lib/STM32H7/HAL_Lib/CMSIS/Core/Include/cmsis_gcc.h **** 
 431:HW_Lib/STM32H7/HAL_Lib/CMSIS/Core/Include/cmsis_gcc.h **** 
 432:HW_Lib/STM32H7/HAL_Lib/CMSIS/Core/Include/cmsis_gcc.h **** /**
 433:HW_Lib/STM32H7/HAL_Lib/CMSIS/Core/Include/cmsis_gcc.h ****   \brief   Set Stack Pointer (non-secure)
 434:HW_Lib/STM32H7/HAL_Lib/CMSIS/Core/Include/cmsis_gcc.h ****   \details Assigns the given value to the non-secure Stack Pointer (SP) when in secure state.
 435:HW_Lib/STM32H7/HAL_Lib/CMSIS/Core/Include/cmsis_gcc.h ****   \param [in]    topOfStack  Stack Pointer value to set
 436:HW_Lib/STM32H7/HAL_Lib/CMSIS/Core/Include/cmsis_gcc.h ****  */
 437:HW_Lib/STM32H7/HAL_Lib/CMSIS/Core/Include/cmsis_gcc.h **** __STATIC_FORCEINLINE void __TZ_set_SP_NS(uint32_t topOfStack)
 438:HW_Lib/STM32H7/HAL_Lib/CMSIS/Core/Include/cmsis_gcc.h **** {
 439:HW_Lib/STM32H7/HAL_Lib/CMSIS/Core/Include/cmsis_gcc.h ****   __ASM volatile ("MSR sp_ns, %0" : : "r" (topOfStack) : );
 440:HW_Lib/STM32H7/HAL_Lib/CMSIS/Core/Include/cmsis_gcc.h **** }
 441:HW_Lib/STM32H7/HAL_Lib/CMSIS/Core/Include/cmsis_gcc.h **** #endif
 442:HW_Lib/STM32H7/HAL_Lib/CMSIS/Core/Include/cmsis_gcc.h **** 
 443:HW_Lib/STM32H7/HAL_Lib/CMSIS/Core/Include/cmsis_gcc.h **** 
 444:HW_Lib/STM32H7/HAL_Lib/CMSIS/Core/Include/cmsis_gcc.h **** /**
 445:HW_Lib/STM32H7/HAL_Lib/CMSIS/Core/Include/cmsis_gcc.h ****   \brief   Get Priority Mask
 446:HW_Lib/STM32H7/HAL_Lib/CMSIS/Core/Include/cmsis_gcc.h ****   \details Returns the current state of the priority mask bit from the Priority Mask Register.
 447:HW_Lib/STM32H7/HAL_Lib/CMSIS/Core/Include/cmsis_gcc.h ****   \return               Priority Mask value
 448:HW_Lib/STM32H7/HAL_Lib/CMSIS/Core/Include/cmsis_gcc.h ****  */
 449:HW_Lib/STM32H7/HAL_Lib/CMSIS/Core/Include/cmsis_gcc.h **** __STATIC_FORCEINLINE uint32_t __get_PRIMASK(void)
 450:HW_Lib/STM32H7/HAL_Lib/CMSIS/Core/Include/cmsis_gcc.h **** {
 451:HW_Lib/STM32H7/HAL_Lib/CMSIS/Core/Include/cmsis_gcc.h ****   uint32_t result;
ARM GAS  C:\Users\HUAV\AppData\Local\Temp\cciXU3YP.s 			page 106


 452:HW_Lib/STM32H7/HAL_Lib/CMSIS/Core/Include/cmsis_gcc.h **** 
 453:HW_Lib/STM32H7/HAL_Lib/CMSIS/Core/Include/cmsis_gcc.h ****   __ASM volatile ("MRS %0, primask" : "=r" (result) :: "memory");
 454:HW_Lib/STM32H7/HAL_Lib/CMSIS/Core/Include/cmsis_gcc.h ****   return(result);
 455:HW_Lib/STM32H7/HAL_Lib/CMSIS/Core/Include/cmsis_gcc.h **** }
 456:HW_Lib/STM32H7/HAL_Lib/CMSIS/Core/Include/cmsis_gcc.h **** 
 457:HW_Lib/STM32H7/HAL_Lib/CMSIS/Core/Include/cmsis_gcc.h **** 
 458:HW_Lib/STM32H7/HAL_Lib/CMSIS/Core/Include/cmsis_gcc.h **** #if (defined (__ARM_FEATURE_CMSE ) && (__ARM_FEATURE_CMSE == 3))
 459:HW_Lib/STM32H7/HAL_Lib/CMSIS/Core/Include/cmsis_gcc.h **** /**
 460:HW_Lib/STM32H7/HAL_Lib/CMSIS/Core/Include/cmsis_gcc.h ****   \brief   Get Priority Mask (non-secure)
 461:HW_Lib/STM32H7/HAL_Lib/CMSIS/Core/Include/cmsis_gcc.h ****   \details Returns the current state of the non-secure priority mask bit from the Priority Mask Reg
 462:HW_Lib/STM32H7/HAL_Lib/CMSIS/Core/Include/cmsis_gcc.h ****   \return               Priority Mask value
 463:HW_Lib/STM32H7/HAL_Lib/CMSIS/Core/Include/cmsis_gcc.h ****  */
 464:HW_Lib/STM32H7/HAL_Lib/CMSIS/Core/Include/cmsis_gcc.h **** __STATIC_FORCEINLINE uint32_t __TZ_get_PRIMASK_NS(void)
 465:HW_Lib/STM32H7/HAL_Lib/CMSIS/Core/Include/cmsis_gcc.h **** {
 466:HW_Lib/STM32H7/HAL_Lib/CMSIS/Core/Include/cmsis_gcc.h ****   uint32_t result;
 467:HW_Lib/STM32H7/HAL_Lib/CMSIS/Core/Include/cmsis_gcc.h **** 
 468:HW_Lib/STM32H7/HAL_Lib/CMSIS/Core/Include/cmsis_gcc.h ****   __ASM volatile ("MRS %0, primask_ns" : "=r" (result) :: "memory");
 469:HW_Lib/STM32H7/HAL_Lib/CMSIS/Core/Include/cmsis_gcc.h ****   return(result);
 470:HW_Lib/STM32H7/HAL_Lib/CMSIS/Core/Include/cmsis_gcc.h **** }
 471:HW_Lib/STM32H7/HAL_Lib/CMSIS/Core/Include/cmsis_gcc.h **** #endif
 472:HW_Lib/STM32H7/HAL_Lib/CMSIS/Core/Include/cmsis_gcc.h **** 
 473:HW_Lib/STM32H7/HAL_Lib/CMSIS/Core/Include/cmsis_gcc.h **** 
 474:HW_Lib/STM32H7/HAL_Lib/CMSIS/Core/Include/cmsis_gcc.h **** /**
 475:HW_Lib/STM32H7/HAL_Lib/CMSIS/Core/Include/cmsis_gcc.h ****   \brief   Set Priority Mask
 476:HW_Lib/STM32H7/HAL_Lib/CMSIS/Core/Include/cmsis_gcc.h ****   \details Assigns the given value to the Priority Mask Register.
 477:HW_Lib/STM32H7/HAL_Lib/CMSIS/Core/Include/cmsis_gcc.h ****   \param [in]    priMask  Priority Mask
 478:HW_Lib/STM32H7/HAL_Lib/CMSIS/Core/Include/cmsis_gcc.h ****  */
 479:HW_Lib/STM32H7/HAL_Lib/CMSIS/Core/Include/cmsis_gcc.h **** __STATIC_FORCEINLINE void __set_PRIMASK(uint32_t priMask)
 480:HW_Lib/STM32H7/HAL_Lib/CMSIS/Core/Include/cmsis_gcc.h **** {
 481:HW_Lib/STM32H7/HAL_Lib/CMSIS/Core/Include/cmsis_gcc.h ****   __ASM volatile ("MSR primask, %0" : : "r" (priMask) : "memory");
 482:HW_Lib/STM32H7/HAL_Lib/CMSIS/Core/Include/cmsis_gcc.h **** }
 483:HW_Lib/STM32H7/HAL_Lib/CMSIS/Core/Include/cmsis_gcc.h **** 
 484:HW_Lib/STM32H7/HAL_Lib/CMSIS/Core/Include/cmsis_gcc.h **** 
 485:HW_Lib/STM32H7/HAL_Lib/CMSIS/Core/Include/cmsis_gcc.h **** #if (defined (__ARM_FEATURE_CMSE ) && (__ARM_FEATURE_CMSE == 3))
 486:HW_Lib/STM32H7/HAL_Lib/CMSIS/Core/Include/cmsis_gcc.h **** /**
 487:HW_Lib/STM32H7/HAL_Lib/CMSIS/Core/Include/cmsis_gcc.h ****   \brief   Set Priority Mask (non-secure)
 488:HW_Lib/STM32H7/HAL_Lib/CMSIS/Core/Include/cmsis_gcc.h ****   \details Assigns the given value to the non-secure Priority Mask Register when in secure state.
 489:HW_Lib/STM32H7/HAL_Lib/CMSIS/Core/Include/cmsis_gcc.h ****   \param [in]    priMask  Priority Mask
 490:HW_Lib/STM32H7/HAL_Lib/CMSIS/Core/Include/cmsis_gcc.h ****  */
 491:HW_Lib/STM32H7/HAL_Lib/CMSIS/Core/Include/cmsis_gcc.h **** __STATIC_FORCEINLINE void __TZ_set_PRIMASK_NS(uint32_t priMask)
 492:HW_Lib/STM32H7/HAL_Lib/CMSIS/Core/Include/cmsis_gcc.h **** {
 493:HW_Lib/STM32H7/HAL_Lib/CMSIS/Core/Include/cmsis_gcc.h ****   __ASM volatile ("MSR primask_ns, %0" : : "r" (priMask) : "memory");
 494:HW_Lib/STM32H7/HAL_Lib/CMSIS/Core/Include/cmsis_gcc.h **** }
 495:HW_Lib/STM32H7/HAL_Lib/CMSIS/Core/Include/cmsis_gcc.h **** #endif
 496:HW_Lib/STM32H7/HAL_Lib/CMSIS/Core/Include/cmsis_gcc.h **** 
 497:HW_Lib/STM32H7/HAL_Lib/CMSIS/Core/Include/cmsis_gcc.h **** 
 498:HW_Lib/STM32H7/HAL_Lib/CMSIS/Core/Include/cmsis_gcc.h **** #if ((defined (__ARM_ARCH_7M__      ) && (__ARM_ARCH_7M__      == 1)) || \
 499:HW_Lib/STM32H7/HAL_Lib/CMSIS/Core/Include/cmsis_gcc.h ****      (defined (__ARM_ARCH_7EM__     ) && (__ARM_ARCH_7EM__     == 1)) || \
 500:HW_Lib/STM32H7/HAL_Lib/CMSIS/Core/Include/cmsis_gcc.h ****      (defined (__ARM_ARCH_8M_MAIN__ ) && (__ARM_ARCH_8M_MAIN__ == 1))    )
 501:HW_Lib/STM32H7/HAL_Lib/CMSIS/Core/Include/cmsis_gcc.h **** /**
 502:HW_Lib/STM32H7/HAL_Lib/CMSIS/Core/Include/cmsis_gcc.h ****   \brief   Enable FIQ
 503:HW_Lib/STM32H7/HAL_Lib/CMSIS/Core/Include/cmsis_gcc.h ****   \details Enables FIQ interrupts by clearing the F-bit in the CPSR.
 504:HW_Lib/STM32H7/HAL_Lib/CMSIS/Core/Include/cmsis_gcc.h ****            Can only be executed in Privileged modes.
 505:HW_Lib/STM32H7/HAL_Lib/CMSIS/Core/Include/cmsis_gcc.h ****  */
 506:HW_Lib/STM32H7/HAL_Lib/CMSIS/Core/Include/cmsis_gcc.h **** __STATIC_FORCEINLINE void __enable_fault_irq(void)
 507:HW_Lib/STM32H7/HAL_Lib/CMSIS/Core/Include/cmsis_gcc.h **** {
 508:HW_Lib/STM32H7/HAL_Lib/CMSIS/Core/Include/cmsis_gcc.h ****   __ASM volatile ("cpsie f" : : : "memory");
ARM GAS  C:\Users\HUAV\AppData\Local\Temp\cciXU3YP.s 			page 107


 509:HW_Lib/STM32H7/HAL_Lib/CMSIS/Core/Include/cmsis_gcc.h **** }
 510:HW_Lib/STM32H7/HAL_Lib/CMSIS/Core/Include/cmsis_gcc.h **** 
 511:HW_Lib/STM32H7/HAL_Lib/CMSIS/Core/Include/cmsis_gcc.h **** 
 512:HW_Lib/STM32H7/HAL_Lib/CMSIS/Core/Include/cmsis_gcc.h **** /**
 513:HW_Lib/STM32H7/HAL_Lib/CMSIS/Core/Include/cmsis_gcc.h ****   \brief   Disable FIQ
 514:HW_Lib/STM32H7/HAL_Lib/CMSIS/Core/Include/cmsis_gcc.h ****   \details Disables FIQ interrupts by setting the F-bit in the CPSR.
 515:HW_Lib/STM32H7/HAL_Lib/CMSIS/Core/Include/cmsis_gcc.h ****            Can only be executed in Privileged modes.
 516:HW_Lib/STM32H7/HAL_Lib/CMSIS/Core/Include/cmsis_gcc.h ****  */
 517:HW_Lib/STM32H7/HAL_Lib/CMSIS/Core/Include/cmsis_gcc.h **** __STATIC_FORCEINLINE void __disable_fault_irq(void)
 518:HW_Lib/STM32H7/HAL_Lib/CMSIS/Core/Include/cmsis_gcc.h **** {
 519:HW_Lib/STM32H7/HAL_Lib/CMSIS/Core/Include/cmsis_gcc.h ****   __ASM volatile ("cpsid f" : : : "memory");
 520:HW_Lib/STM32H7/HAL_Lib/CMSIS/Core/Include/cmsis_gcc.h **** }
 521:HW_Lib/STM32H7/HAL_Lib/CMSIS/Core/Include/cmsis_gcc.h **** 
 522:HW_Lib/STM32H7/HAL_Lib/CMSIS/Core/Include/cmsis_gcc.h **** 
 523:HW_Lib/STM32H7/HAL_Lib/CMSIS/Core/Include/cmsis_gcc.h **** /**
 524:HW_Lib/STM32H7/HAL_Lib/CMSIS/Core/Include/cmsis_gcc.h ****   \brief   Get Base Priority
 525:HW_Lib/STM32H7/HAL_Lib/CMSIS/Core/Include/cmsis_gcc.h ****   \details Returns the current value of the Base Priority register.
 526:HW_Lib/STM32H7/HAL_Lib/CMSIS/Core/Include/cmsis_gcc.h ****   \return               Base Priority register value
 527:HW_Lib/STM32H7/HAL_Lib/CMSIS/Core/Include/cmsis_gcc.h ****  */
 528:HW_Lib/STM32H7/HAL_Lib/CMSIS/Core/Include/cmsis_gcc.h **** __STATIC_FORCEINLINE uint32_t __get_BASEPRI(void)
 529:HW_Lib/STM32H7/HAL_Lib/CMSIS/Core/Include/cmsis_gcc.h **** {
 530:HW_Lib/STM32H7/HAL_Lib/CMSIS/Core/Include/cmsis_gcc.h ****   uint32_t result;
 531:HW_Lib/STM32H7/HAL_Lib/CMSIS/Core/Include/cmsis_gcc.h **** 
 532:HW_Lib/STM32H7/HAL_Lib/CMSIS/Core/Include/cmsis_gcc.h ****   __ASM volatile ("MRS %0, basepri" : "=r" (result) );
 533:HW_Lib/STM32H7/HAL_Lib/CMSIS/Core/Include/cmsis_gcc.h ****   return(result);
 534:HW_Lib/STM32H7/HAL_Lib/CMSIS/Core/Include/cmsis_gcc.h **** }
 535:HW_Lib/STM32H7/HAL_Lib/CMSIS/Core/Include/cmsis_gcc.h **** 
 536:HW_Lib/STM32H7/HAL_Lib/CMSIS/Core/Include/cmsis_gcc.h **** 
 537:HW_Lib/STM32H7/HAL_Lib/CMSIS/Core/Include/cmsis_gcc.h **** #if (defined (__ARM_FEATURE_CMSE ) && (__ARM_FEATURE_CMSE == 3))
 538:HW_Lib/STM32H7/HAL_Lib/CMSIS/Core/Include/cmsis_gcc.h **** /**
 539:HW_Lib/STM32H7/HAL_Lib/CMSIS/Core/Include/cmsis_gcc.h ****   \brief   Get Base Priority (non-secure)
 540:HW_Lib/STM32H7/HAL_Lib/CMSIS/Core/Include/cmsis_gcc.h ****   \details Returns the current value of the non-secure Base Priority register when in secure state.
 541:HW_Lib/STM32H7/HAL_Lib/CMSIS/Core/Include/cmsis_gcc.h ****   \return               Base Priority register value
 542:HW_Lib/STM32H7/HAL_Lib/CMSIS/Core/Include/cmsis_gcc.h ****  */
 543:HW_Lib/STM32H7/HAL_Lib/CMSIS/Core/Include/cmsis_gcc.h **** __STATIC_FORCEINLINE uint32_t __TZ_get_BASEPRI_NS(void)
 544:HW_Lib/STM32H7/HAL_Lib/CMSIS/Core/Include/cmsis_gcc.h **** {
 545:HW_Lib/STM32H7/HAL_Lib/CMSIS/Core/Include/cmsis_gcc.h ****   uint32_t result;
 546:HW_Lib/STM32H7/HAL_Lib/CMSIS/Core/Include/cmsis_gcc.h **** 
 547:HW_Lib/STM32H7/HAL_Lib/CMSIS/Core/Include/cmsis_gcc.h ****   __ASM volatile ("MRS %0, basepri_ns" : "=r" (result) );
 548:HW_Lib/STM32H7/HAL_Lib/CMSIS/Core/Include/cmsis_gcc.h ****   return(result);
 549:HW_Lib/STM32H7/HAL_Lib/CMSIS/Core/Include/cmsis_gcc.h **** }
 550:HW_Lib/STM32H7/HAL_Lib/CMSIS/Core/Include/cmsis_gcc.h **** #endif
 551:HW_Lib/STM32H7/HAL_Lib/CMSIS/Core/Include/cmsis_gcc.h **** 
 552:HW_Lib/STM32H7/HAL_Lib/CMSIS/Core/Include/cmsis_gcc.h **** 
 553:HW_Lib/STM32H7/HAL_Lib/CMSIS/Core/Include/cmsis_gcc.h **** /**
 554:HW_Lib/STM32H7/HAL_Lib/CMSIS/Core/Include/cmsis_gcc.h ****   \brief   Set Base Priority
 555:HW_Lib/STM32H7/HAL_Lib/CMSIS/Core/Include/cmsis_gcc.h ****   \details Assigns the given value to the Base Priority register.
 556:HW_Lib/STM32H7/HAL_Lib/CMSIS/Core/Include/cmsis_gcc.h ****   \param [in]    basePri  Base Priority value to set
 557:HW_Lib/STM32H7/HAL_Lib/CMSIS/Core/Include/cmsis_gcc.h ****  */
 558:HW_Lib/STM32H7/HAL_Lib/CMSIS/Core/Include/cmsis_gcc.h **** __STATIC_FORCEINLINE void __set_BASEPRI(uint32_t basePri)
 559:HW_Lib/STM32H7/HAL_Lib/CMSIS/Core/Include/cmsis_gcc.h **** {
 560:HW_Lib/STM32H7/HAL_Lib/CMSIS/Core/Include/cmsis_gcc.h ****   __ASM volatile ("MSR basepri, %0" : : "r" (basePri) : "memory");
 561:HW_Lib/STM32H7/HAL_Lib/CMSIS/Core/Include/cmsis_gcc.h **** }
 562:HW_Lib/STM32H7/HAL_Lib/CMSIS/Core/Include/cmsis_gcc.h **** 
 563:HW_Lib/STM32H7/HAL_Lib/CMSIS/Core/Include/cmsis_gcc.h **** 
 564:HW_Lib/STM32H7/HAL_Lib/CMSIS/Core/Include/cmsis_gcc.h **** #if (defined (__ARM_FEATURE_CMSE ) && (__ARM_FEATURE_CMSE == 3))
 565:HW_Lib/STM32H7/HAL_Lib/CMSIS/Core/Include/cmsis_gcc.h **** /**
ARM GAS  C:\Users\HUAV\AppData\Local\Temp\cciXU3YP.s 			page 108


 566:HW_Lib/STM32H7/HAL_Lib/CMSIS/Core/Include/cmsis_gcc.h ****   \brief   Set Base Priority (non-secure)
 567:HW_Lib/STM32H7/HAL_Lib/CMSIS/Core/Include/cmsis_gcc.h ****   \details Assigns the given value to the non-secure Base Priority register when in secure state.
 568:HW_Lib/STM32H7/HAL_Lib/CMSIS/Core/Include/cmsis_gcc.h ****   \param [in]    basePri  Base Priority value to set
 569:HW_Lib/STM32H7/HAL_Lib/CMSIS/Core/Include/cmsis_gcc.h ****  */
 570:HW_Lib/STM32H7/HAL_Lib/CMSIS/Core/Include/cmsis_gcc.h **** __STATIC_FORCEINLINE void __TZ_set_BASEPRI_NS(uint32_t basePri)
 571:HW_Lib/STM32H7/HAL_Lib/CMSIS/Core/Include/cmsis_gcc.h **** {
 572:HW_Lib/STM32H7/HAL_Lib/CMSIS/Core/Include/cmsis_gcc.h ****   __ASM volatile ("MSR basepri_ns, %0" : : "r" (basePri) : "memory");
 573:HW_Lib/STM32H7/HAL_Lib/CMSIS/Core/Include/cmsis_gcc.h **** }
 574:HW_Lib/STM32H7/HAL_Lib/CMSIS/Core/Include/cmsis_gcc.h **** #endif
 575:HW_Lib/STM32H7/HAL_Lib/CMSIS/Core/Include/cmsis_gcc.h **** 
 576:HW_Lib/STM32H7/HAL_Lib/CMSIS/Core/Include/cmsis_gcc.h **** 
 577:HW_Lib/STM32H7/HAL_Lib/CMSIS/Core/Include/cmsis_gcc.h **** /**
 578:HW_Lib/STM32H7/HAL_Lib/CMSIS/Core/Include/cmsis_gcc.h ****   \brief   Set Base Priority with condition
 579:HW_Lib/STM32H7/HAL_Lib/CMSIS/Core/Include/cmsis_gcc.h ****   \details Assigns the given value to the Base Priority register only if BASEPRI masking is disable
 580:HW_Lib/STM32H7/HAL_Lib/CMSIS/Core/Include/cmsis_gcc.h ****            or the new value increases the BASEPRI priority level.
 581:HW_Lib/STM32H7/HAL_Lib/CMSIS/Core/Include/cmsis_gcc.h ****   \param [in]    basePri  Base Priority value to set
 582:HW_Lib/STM32H7/HAL_Lib/CMSIS/Core/Include/cmsis_gcc.h ****  */
 583:HW_Lib/STM32H7/HAL_Lib/CMSIS/Core/Include/cmsis_gcc.h **** __STATIC_FORCEINLINE void __set_BASEPRI_MAX(uint32_t basePri)
 584:HW_Lib/STM32H7/HAL_Lib/CMSIS/Core/Include/cmsis_gcc.h **** {
 585:HW_Lib/STM32H7/HAL_Lib/CMSIS/Core/Include/cmsis_gcc.h ****   __ASM volatile ("MSR basepri_max, %0" : : "r" (basePri) : "memory");
 586:HW_Lib/STM32H7/HAL_Lib/CMSIS/Core/Include/cmsis_gcc.h **** }
 587:HW_Lib/STM32H7/HAL_Lib/CMSIS/Core/Include/cmsis_gcc.h **** 
 588:HW_Lib/STM32H7/HAL_Lib/CMSIS/Core/Include/cmsis_gcc.h **** 
 589:HW_Lib/STM32H7/HAL_Lib/CMSIS/Core/Include/cmsis_gcc.h **** /**
 590:HW_Lib/STM32H7/HAL_Lib/CMSIS/Core/Include/cmsis_gcc.h ****   \brief   Get Fault Mask
 591:HW_Lib/STM32H7/HAL_Lib/CMSIS/Core/Include/cmsis_gcc.h ****   \details Returns the current value of the Fault Mask register.
 592:HW_Lib/STM32H7/HAL_Lib/CMSIS/Core/Include/cmsis_gcc.h ****   \return               Fault Mask register value
 593:HW_Lib/STM32H7/HAL_Lib/CMSIS/Core/Include/cmsis_gcc.h ****  */
 594:HW_Lib/STM32H7/HAL_Lib/CMSIS/Core/Include/cmsis_gcc.h **** __STATIC_FORCEINLINE uint32_t __get_FAULTMASK(void)
 595:HW_Lib/STM32H7/HAL_Lib/CMSIS/Core/Include/cmsis_gcc.h **** {
 596:HW_Lib/STM32H7/HAL_Lib/CMSIS/Core/Include/cmsis_gcc.h ****   uint32_t result;
 597:HW_Lib/STM32H7/HAL_Lib/CMSIS/Core/Include/cmsis_gcc.h **** 
 598:HW_Lib/STM32H7/HAL_Lib/CMSIS/Core/Include/cmsis_gcc.h ****   __ASM volatile ("MRS %0, faultmask" : "=r" (result) );
 599:HW_Lib/STM32H7/HAL_Lib/CMSIS/Core/Include/cmsis_gcc.h ****   return(result);
 600:HW_Lib/STM32H7/HAL_Lib/CMSIS/Core/Include/cmsis_gcc.h **** }
 601:HW_Lib/STM32H7/HAL_Lib/CMSIS/Core/Include/cmsis_gcc.h **** 
 602:HW_Lib/STM32H7/HAL_Lib/CMSIS/Core/Include/cmsis_gcc.h **** 
 603:HW_Lib/STM32H7/HAL_Lib/CMSIS/Core/Include/cmsis_gcc.h **** #if (defined (__ARM_FEATURE_CMSE ) && (__ARM_FEATURE_CMSE == 3))
 604:HW_Lib/STM32H7/HAL_Lib/CMSIS/Core/Include/cmsis_gcc.h **** /**
 605:HW_Lib/STM32H7/HAL_Lib/CMSIS/Core/Include/cmsis_gcc.h ****   \brief   Get Fault Mask (non-secure)
 606:HW_Lib/STM32H7/HAL_Lib/CMSIS/Core/Include/cmsis_gcc.h ****   \details Returns the current value of the non-secure Fault Mask register when in secure state.
 607:HW_Lib/STM32H7/HAL_Lib/CMSIS/Core/Include/cmsis_gcc.h ****   \return               Fault Mask register value
 608:HW_Lib/STM32H7/HAL_Lib/CMSIS/Core/Include/cmsis_gcc.h ****  */
 609:HW_Lib/STM32H7/HAL_Lib/CMSIS/Core/Include/cmsis_gcc.h **** __STATIC_FORCEINLINE uint32_t __TZ_get_FAULTMASK_NS(void)
 610:HW_Lib/STM32H7/HAL_Lib/CMSIS/Core/Include/cmsis_gcc.h **** {
 611:HW_Lib/STM32H7/HAL_Lib/CMSIS/Core/Include/cmsis_gcc.h ****   uint32_t result;
 612:HW_Lib/STM32H7/HAL_Lib/CMSIS/Core/Include/cmsis_gcc.h **** 
 613:HW_Lib/STM32H7/HAL_Lib/CMSIS/Core/Include/cmsis_gcc.h ****   __ASM volatile ("MRS %0, faultmask_ns" : "=r" (result) );
 614:HW_Lib/STM32H7/HAL_Lib/CMSIS/Core/Include/cmsis_gcc.h ****   return(result);
 615:HW_Lib/STM32H7/HAL_Lib/CMSIS/Core/Include/cmsis_gcc.h **** }
 616:HW_Lib/STM32H7/HAL_Lib/CMSIS/Core/Include/cmsis_gcc.h **** #endif
 617:HW_Lib/STM32H7/HAL_Lib/CMSIS/Core/Include/cmsis_gcc.h **** 
 618:HW_Lib/STM32H7/HAL_Lib/CMSIS/Core/Include/cmsis_gcc.h **** 
 619:HW_Lib/STM32H7/HAL_Lib/CMSIS/Core/Include/cmsis_gcc.h **** /**
 620:HW_Lib/STM32H7/HAL_Lib/CMSIS/Core/Include/cmsis_gcc.h ****   \brief   Set Fault Mask
 621:HW_Lib/STM32H7/HAL_Lib/CMSIS/Core/Include/cmsis_gcc.h ****   \details Assigns the given value to the Fault Mask register.
 622:HW_Lib/STM32H7/HAL_Lib/CMSIS/Core/Include/cmsis_gcc.h ****   \param [in]    faultMask  Fault Mask value to set
ARM GAS  C:\Users\HUAV\AppData\Local\Temp\cciXU3YP.s 			page 109


 623:HW_Lib/STM32H7/HAL_Lib/CMSIS/Core/Include/cmsis_gcc.h ****  */
 624:HW_Lib/STM32H7/HAL_Lib/CMSIS/Core/Include/cmsis_gcc.h **** __STATIC_FORCEINLINE void __set_FAULTMASK(uint32_t faultMask)
 625:HW_Lib/STM32H7/HAL_Lib/CMSIS/Core/Include/cmsis_gcc.h **** {
 626:HW_Lib/STM32H7/HAL_Lib/CMSIS/Core/Include/cmsis_gcc.h ****   __ASM volatile ("MSR faultmask, %0" : : "r" (faultMask) : "memory");
 627:HW_Lib/STM32H7/HAL_Lib/CMSIS/Core/Include/cmsis_gcc.h **** }
 628:HW_Lib/STM32H7/HAL_Lib/CMSIS/Core/Include/cmsis_gcc.h **** 
 629:HW_Lib/STM32H7/HAL_Lib/CMSIS/Core/Include/cmsis_gcc.h **** 
 630:HW_Lib/STM32H7/HAL_Lib/CMSIS/Core/Include/cmsis_gcc.h **** #if (defined (__ARM_FEATURE_CMSE ) && (__ARM_FEATURE_CMSE == 3))
 631:HW_Lib/STM32H7/HAL_Lib/CMSIS/Core/Include/cmsis_gcc.h **** /**
 632:HW_Lib/STM32H7/HAL_Lib/CMSIS/Core/Include/cmsis_gcc.h ****   \brief   Set Fault Mask (non-secure)
 633:HW_Lib/STM32H7/HAL_Lib/CMSIS/Core/Include/cmsis_gcc.h ****   \details Assigns the given value to the non-secure Fault Mask register when in secure state.
 634:HW_Lib/STM32H7/HAL_Lib/CMSIS/Core/Include/cmsis_gcc.h ****   \param [in]    faultMask  Fault Mask value to set
 635:HW_Lib/STM32H7/HAL_Lib/CMSIS/Core/Include/cmsis_gcc.h ****  */
 636:HW_Lib/STM32H7/HAL_Lib/CMSIS/Core/Include/cmsis_gcc.h **** __STATIC_FORCEINLINE void __TZ_set_FAULTMASK_NS(uint32_t faultMask)
 637:HW_Lib/STM32H7/HAL_Lib/CMSIS/Core/Include/cmsis_gcc.h **** {
 638:HW_Lib/STM32H7/HAL_Lib/CMSIS/Core/Include/cmsis_gcc.h ****   __ASM volatile ("MSR faultmask_ns, %0" : : "r" (faultMask) : "memory");
 639:HW_Lib/STM32H7/HAL_Lib/CMSIS/Core/Include/cmsis_gcc.h **** }
 640:HW_Lib/STM32H7/HAL_Lib/CMSIS/Core/Include/cmsis_gcc.h **** #endif
 641:HW_Lib/STM32H7/HAL_Lib/CMSIS/Core/Include/cmsis_gcc.h **** 
 642:HW_Lib/STM32H7/HAL_Lib/CMSIS/Core/Include/cmsis_gcc.h **** #endif /* ((defined (__ARM_ARCH_7M__      ) && (__ARM_ARCH_7M__      == 1)) || \
 643:HW_Lib/STM32H7/HAL_Lib/CMSIS/Core/Include/cmsis_gcc.h ****            (defined (__ARM_ARCH_7EM__     ) && (__ARM_ARCH_7EM__     == 1)) || \
 644:HW_Lib/STM32H7/HAL_Lib/CMSIS/Core/Include/cmsis_gcc.h ****            (defined (__ARM_ARCH_8M_MAIN__ ) && (__ARM_ARCH_8M_MAIN__ == 1))    ) */
 645:HW_Lib/STM32H7/HAL_Lib/CMSIS/Core/Include/cmsis_gcc.h **** 
 646:HW_Lib/STM32H7/HAL_Lib/CMSIS/Core/Include/cmsis_gcc.h **** 
 647:HW_Lib/STM32H7/HAL_Lib/CMSIS/Core/Include/cmsis_gcc.h **** #if ((defined (__ARM_ARCH_8M_MAIN__ ) && (__ARM_ARCH_8M_MAIN__ == 1)) || \
 648:HW_Lib/STM32H7/HAL_Lib/CMSIS/Core/Include/cmsis_gcc.h ****      (defined (__ARM_ARCH_8M_BASE__ ) && (__ARM_ARCH_8M_BASE__ == 1))    )
 649:HW_Lib/STM32H7/HAL_Lib/CMSIS/Core/Include/cmsis_gcc.h **** 
 650:HW_Lib/STM32H7/HAL_Lib/CMSIS/Core/Include/cmsis_gcc.h **** /**
 651:HW_Lib/STM32H7/HAL_Lib/CMSIS/Core/Include/cmsis_gcc.h ****   \brief   Get Process Stack Pointer Limit
 652:HW_Lib/STM32H7/HAL_Lib/CMSIS/Core/Include/cmsis_gcc.h ****   Devices without ARMv8-M Main Extensions (i.e. Cortex-M23) lack the non-secure
 653:HW_Lib/STM32H7/HAL_Lib/CMSIS/Core/Include/cmsis_gcc.h ****   Stack Pointer Limit register hence zero is returned always in non-secure
 654:HW_Lib/STM32H7/HAL_Lib/CMSIS/Core/Include/cmsis_gcc.h ****   mode.
 655:HW_Lib/STM32H7/HAL_Lib/CMSIS/Core/Include/cmsis_gcc.h ****   
 656:HW_Lib/STM32H7/HAL_Lib/CMSIS/Core/Include/cmsis_gcc.h ****   \details Returns the current value of the Process Stack Pointer Limit (PSPLIM).
 657:HW_Lib/STM32H7/HAL_Lib/CMSIS/Core/Include/cmsis_gcc.h ****   \return               PSPLIM Register value
 658:HW_Lib/STM32H7/HAL_Lib/CMSIS/Core/Include/cmsis_gcc.h ****  */
 659:HW_Lib/STM32H7/HAL_Lib/CMSIS/Core/Include/cmsis_gcc.h **** __STATIC_FORCEINLINE uint32_t __get_PSPLIM(void)
 660:HW_Lib/STM32H7/HAL_Lib/CMSIS/Core/Include/cmsis_gcc.h **** {
 661:HW_Lib/STM32H7/HAL_Lib/CMSIS/Core/Include/cmsis_gcc.h **** #if (!(defined (__ARM_ARCH_8M_MAIN__ ) && (__ARM_ARCH_8M_MAIN__ == 1)) && \
 662:HW_Lib/STM32H7/HAL_Lib/CMSIS/Core/Include/cmsis_gcc.h ****     (!defined (__ARM_FEATURE_CMSE) || (__ARM_FEATURE_CMSE < 3)))
 663:HW_Lib/STM32H7/HAL_Lib/CMSIS/Core/Include/cmsis_gcc.h ****     // without main extensions, the non-secure PSPLIM is RAZ/WI
 664:HW_Lib/STM32H7/HAL_Lib/CMSIS/Core/Include/cmsis_gcc.h ****   return 0U;
 665:HW_Lib/STM32H7/HAL_Lib/CMSIS/Core/Include/cmsis_gcc.h **** #else
 666:HW_Lib/STM32H7/HAL_Lib/CMSIS/Core/Include/cmsis_gcc.h ****   uint32_t result;
 667:HW_Lib/STM32H7/HAL_Lib/CMSIS/Core/Include/cmsis_gcc.h ****   __ASM volatile ("MRS %0, psplim"  : "=r" (result) );
 668:HW_Lib/STM32H7/HAL_Lib/CMSIS/Core/Include/cmsis_gcc.h ****   return result;
 669:HW_Lib/STM32H7/HAL_Lib/CMSIS/Core/Include/cmsis_gcc.h **** #endif
 670:HW_Lib/STM32H7/HAL_Lib/CMSIS/Core/Include/cmsis_gcc.h **** }
 671:HW_Lib/STM32H7/HAL_Lib/CMSIS/Core/Include/cmsis_gcc.h **** 
 672:HW_Lib/STM32H7/HAL_Lib/CMSIS/Core/Include/cmsis_gcc.h **** #if (defined (__ARM_FEATURE_CMSE) && (__ARM_FEATURE_CMSE == 3))
 673:HW_Lib/STM32H7/HAL_Lib/CMSIS/Core/Include/cmsis_gcc.h **** /**
 674:HW_Lib/STM32H7/HAL_Lib/CMSIS/Core/Include/cmsis_gcc.h ****   \brief   Get Process Stack Pointer Limit (non-secure)
 675:HW_Lib/STM32H7/HAL_Lib/CMSIS/Core/Include/cmsis_gcc.h ****   Devices without ARMv8-M Main Extensions (i.e. Cortex-M23) lack the non-secure
 676:HW_Lib/STM32H7/HAL_Lib/CMSIS/Core/Include/cmsis_gcc.h ****   Stack Pointer Limit register hence zero is returned always.
 677:HW_Lib/STM32H7/HAL_Lib/CMSIS/Core/Include/cmsis_gcc.h **** 
 678:HW_Lib/STM32H7/HAL_Lib/CMSIS/Core/Include/cmsis_gcc.h ****   \details Returns the current value of the non-secure Process Stack Pointer Limit (PSPLIM) when in
 679:HW_Lib/STM32H7/HAL_Lib/CMSIS/Core/Include/cmsis_gcc.h ****   \return               PSPLIM Register value
ARM GAS  C:\Users\HUAV\AppData\Local\Temp\cciXU3YP.s 			page 110


 680:HW_Lib/STM32H7/HAL_Lib/CMSIS/Core/Include/cmsis_gcc.h ****  */
 681:HW_Lib/STM32H7/HAL_Lib/CMSIS/Core/Include/cmsis_gcc.h **** __STATIC_FORCEINLINE uint32_t __TZ_get_PSPLIM_NS(void)
 682:HW_Lib/STM32H7/HAL_Lib/CMSIS/Core/Include/cmsis_gcc.h **** {
 683:HW_Lib/STM32H7/HAL_Lib/CMSIS/Core/Include/cmsis_gcc.h **** #if (!(defined (__ARM_ARCH_8M_MAIN__ ) && (__ARM_ARCH_8M_MAIN__ == 1)))
 684:HW_Lib/STM32H7/HAL_Lib/CMSIS/Core/Include/cmsis_gcc.h ****   // without main extensions, the non-secure PSPLIM is RAZ/WI
 685:HW_Lib/STM32H7/HAL_Lib/CMSIS/Core/Include/cmsis_gcc.h ****   return 0U;
 686:HW_Lib/STM32H7/HAL_Lib/CMSIS/Core/Include/cmsis_gcc.h **** #else
 687:HW_Lib/STM32H7/HAL_Lib/CMSIS/Core/Include/cmsis_gcc.h ****   uint32_t result;
 688:HW_Lib/STM32H7/HAL_Lib/CMSIS/Core/Include/cmsis_gcc.h ****   __ASM volatile ("MRS %0, psplim_ns"  : "=r" (result) );
 689:HW_Lib/STM32H7/HAL_Lib/CMSIS/Core/Include/cmsis_gcc.h ****   return result;
 690:HW_Lib/STM32H7/HAL_Lib/CMSIS/Core/Include/cmsis_gcc.h **** #endif
 691:HW_Lib/STM32H7/HAL_Lib/CMSIS/Core/Include/cmsis_gcc.h **** }
 692:HW_Lib/STM32H7/HAL_Lib/CMSIS/Core/Include/cmsis_gcc.h **** #endif
 693:HW_Lib/STM32H7/HAL_Lib/CMSIS/Core/Include/cmsis_gcc.h **** 
 694:HW_Lib/STM32H7/HAL_Lib/CMSIS/Core/Include/cmsis_gcc.h **** 
 695:HW_Lib/STM32H7/HAL_Lib/CMSIS/Core/Include/cmsis_gcc.h **** /**
 696:HW_Lib/STM32H7/HAL_Lib/CMSIS/Core/Include/cmsis_gcc.h ****   \brief   Set Process Stack Pointer Limit
 697:HW_Lib/STM32H7/HAL_Lib/CMSIS/Core/Include/cmsis_gcc.h ****   Devices without ARMv8-M Main Extensions (i.e. Cortex-M23) lack the non-secure
 698:HW_Lib/STM32H7/HAL_Lib/CMSIS/Core/Include/cmsis_gcc.h ****   Stack Pointer Limit register hence the write is silently ignored in non-secure
 699:HW_Lib/STM32H7/HAL_Lib/CMSIS/Core/Include/cmsis_gcc.h ****   mode.
 700:HW_Lib/STM32H7/HAL_Lib/CMSIS/Core/Include/cmsis_gcc.h ****   
 701:HW_Lib/STM32H7/HAL_Lib/CMSIS/Core/Include/cmsis_gcc.h ****   \details Assigns the given value to the Process Stack Pointer Limit (PSPLIM).
 702:HW_Lib/STM32H7/HAL_Lib/CMSIS/Core/Include/cmsis_gcc.h ****   \param [in]    ProcStackPtrLimit  Process Stack Pointer Limit value to set
 703:HW_Lib/STM32H7/HAL_Lib/CMSIS/Core/Include/cmsis_gcc.h ****  */
 704:HW_Lib/STM32H7/HAL_Lib/CMSIS/Core/Include/cmsis_gcc.h **** __STATIC_FORCEINLINE void __set_PSPLIM(uint32_t ProcStackPtrLimit)
 705:HW_Lib/STM32H7/HAL_Lib/CMSIS/Core/Include/cmsis_gcc.h **** {
 706:HW_Lib/STM32H7/HAL_Lib/CMSIS/Core/Include/cmsis_gcc.h **** #if (!(defined (__ARM_ARCH_8M_MAIN__ ) && (__ARM_ARCH_8M_MAIN__ == 1)) && \
 707:HW_Lib/STM32H7/HAL_Lib/CMSIS/Core/Include/cmsis_gcc.h ****     (!defined (__ARM_FEATURE_CMSE) || (__ARM_FEATURE_CMSE < 3)))
 708:HW_Lib/STM32H7/HAL_Lib/CMSIS/Core/Include/cmsis_gcc.h ****   // without main extensions, the non-secure PSPLIM is RAZ/WI
 709:HW_Lib/STM32H7/HAL_Lib/CMSIS/Core/Include/cmsis_gcc.h ****   (void)ProcStackPtrLimit;
 710:HW_Lib/STM32H7/HAL_Lib/CMSIS/Core/Include/cmsis_gcc.h **** #else
 711:HW_Lib/STM32H7/HAL_Lib/CMSIS/Core/Include/cmsis_gcc.h ****   __ASM volatile ("MSR psplim, %0" : : "r" (ProcStackPtrLimit));
 712:HW_Lib/STM32H7/HAL_Lib/CMSIS/Core/Include/cmsis_gcc.h **** #endif
 713:HW_Lib/STM32H7/HAL_Lib/CMSIS/Core/Include/cmsis_gcc.h **** }
 714:HW_Lib/STM32H7/HAL_Lib/CMSIS/Core/Include/cmsis_gcc.h **** 
 715:HW_Lib/STM32H7/HAL_Lib/CMSIS/Core/Include/cmsis_gcc.h **** 
 716:HW_Lib/STM32H7/HAL_Lib/CMSIS/Core/Include/cmsis_gcc.h **** #if (defined (__ARM_FEATURE_CMSE  ) && (__ARM_FEATURE_CMSE   == 3))
 717:HW_Lib/STM32H7/HAL_Lib/CMSIS/Core/Include/cmsis_gcc.h **** /**
 718:HW_Lib/STM32H7/HAL_Lib/CMSIS/Core/Include/cmsis_gcc.h ****   \brief   Set Process Stack Pointer (non-secure)
 719:HW_Lib/STM32H7/HAL_Lib/CMSIS/Core/Include/cmsis_gcc.h ****   Devices without ARMv8-M Main Extensions (i.e. Cortex-M23) lack the non-secure
 720:HW_Lib/STM32H7/HAL_Lib/CMSIS/Core/Include/cmsis_gcc.h ****   Stack Pointer Limit register hence the write is silently ignored.
 721:HW_Lib/STM32H7/HAL_Lib/CMSIS/Core/Include/cmsis_gcc.h **** 
 722:HW_Lib/STM32H7/HAL_Lib/CMSIS/Core/Include/cmsis_gcc.h ****   \details Assigns the given value to the non-secure Process Stack Pointer Limit (PSPLIM) when in s
 723:HW_Lib/STM32H7/HAL_Lib/CMSIS/Core/Include/cmsis_gcc.h ****   \param [in]    ProcStackPtrLimit  Process Stack Pointer Limit value to set
 724:HW_Lib/STM32H7/HAL_Lib/CMSIS/Core/Include/cmsis_gcc.h ****  */
 725:HW_Lib/STM32H7/HAL_Lib/CMSIS/Core/Include/cmsis_gcc.h **** __STATIC_FORCEINLINE void __TZ_set_PSPLIM_NS(uint32_t ProcStackPtrLimit)
 726:HW_Lib/STM32H7/HAL_Lib/CMSIS/Core/Include/cmsis_gcc.h **** {
 727:HW_Lib/STM32H7/HAL_Lib/CMSIS/Core/Include/cmsis_gcc.h **** #if (!(defined (__ARM_ARCH_8M_MAIN__ ) && (__ARM_ARCH_8M_MAIN__ == 1)))
 728:HW_Lib/STM32H7/HAL_Lib/CMSIS/Core/Include/cmsis_gcc.h ****   // without main extensions, the non-secure PSPLIM is RAZ/WI
 729:HW_Lib/STM32H7/HAL_Lib/CMSIS/Core/Include/cmsis_gcc.h ****   (void)ProcStackPtrLimit;
 730:HW_Lib/STM32H7/HAL_Lib/CMSIS/Core/Include/cmsis_gcc.h **** #else
 731:HW_Lib/STM32H7/HAL_Lib/CMSIS/Core/Include/cmsis_gcc.h ****   __ASM volatile ("MSR psplim_ns, %0\n" : : "r" (ProcStackPtrLimit));
 732:HW_Lib/STM32H7/HAL_Lib/CMSIS/Core/Include/cmsis_gcc.h **** #endif
 733:HW_Lib/STM32H7/HAL_Lib/CMSIS/Core/Include/cmsis_gcc.h **** }
 734:HW_Lib/STM32H7/HAL_Lib/CMSIS/Core/Include/cmsis_gcc.h **** #endif
 735:HW_Lib/STM32H7/HAL_Lib/CMSIS/Core/Include/cmsis_gcc.h **** 
 736:HW_Lib/STM32H7/HAL_Lib/CMSIS/Core/Include/cmsis_gcc.h **** 
ARM GAS  C:\Users\HUAV\AppData\Local\Temp\cciXU3YP.s 			page 111


 737:HW_Lib/STM32H7/HAL_Lib/CMSIS/Core/Include/cmsis_gcc.h **** /**
 738:HW_Lib/STM32H7/HAL_Lib/CMSIS/Core/Include/cmsis_gcc.h ****   \brief   Get Main Stack Pointer Limit
 739:HW_Lib/STM32H7/HAL_Lib/CMSIS/Core/Include/cmsis_gcc.h ****   Devices without ARMv8-M Main Extensions (i.e. Cortex-M23) lack the non-secure
 740:HW_Lib/STM32H7/HAL_Lib/CMSIS/Core/Include/cmsis_gcc.h ****   Stack Pointer Limit register hence zero is returned always in non-secure
 741:HW_Lib/STM32H7/HAL_Lib/CMSIS/Core/Include/cmsis_gcc.h ****   mode.
 742:HW_Lib/STM32H7/HAL_Lib/CMSIS/Core/Include/cmsis_gcc.h **** 
 743:HW_Lib/STM32H7/HAL_Lib/CMSIS/Core/Include/cmsis_gcc.h ****   \details Returns the current value of the Main Stack Pointer Limit (MSPLIM).
 744:HW_Lib/STM32H7/HAL_Lib/CMSIS/Core/Include/cmsis_gcc.h ****   \return               MSPLIM Register value
 745:HW_Lib/STM32H7/HAL_Lib/CMSIS/Core/Include/cmsis_gcc.h ****  */
 746:HW_Lib/STM32H7/HAL_Lib/CMSIS/Core/Include/cmsis_gcc.h **** __STATIC_FORCEINLINE uint32_t __get_MSPLIM(void)
 747:HW_Lib/STM32H7/HAL_Lib/CMSIS/Core/Include/cmsis_gcc.h **** {
 748:HW_Lib/STM32H7/HAL_Lib/CMSIS/Core/Include/cmsis_gcc.h **** #if (!(defined (__ARM_ARCH_8M_MAIN__ ) && (__ARM_ARCH_8M_MAIN__ == 1)) && \
 749:HW_Lib/STM32H7/HAL_Lib/CMSIS/Core/Include/cmsis_gcc.h ****     (!defined (__ARM_FEATURE_CMSE) || (__ARM_FEATURE_CMSE < 3)))
 750:HW_Lib/STM32H7/HAL_Lib/CMSIS/Core/Include/cmsis_gcc.h ****   // without main extensions, the non-secure MSPLIM is RAZ/WI
 751:HW_Lib/STM32H7/HAL_Lib/CMSIS/Core/Include/cmsis_gcc.h ****   return 0U;
 752:HW_Lib/STM32H7/HAL_Lib/CMSIS/Core/Include/cmsis_gcc.h **** #else
 753:HW_Lib/STM32H7/HAL_Lib/CMSIS/Core/Include/cmsis_gcc.h ****   uint32_t result;
 754:HW_Lib/STM32H7/HAL_Lib/CMSIS/Core/Include/cmsis_gcc.h ****   __ASM volatile ("MRS %0, msplim" : "=r" (result) );
 755:HW_Lib/STM32H7/HAL_Lib/CMSIS/Core/Include/cmsis_gcc.h ****   return result;
 756:HW_Lib/STM32H7/HAL_Lib/CMSIS/Core/Include/cmsis_gcc.h **** #endif
 757:HW_Lib/STM32H7/HAL_Lib/CMSIS/Core/Include/cmsis_gcc.h **** }
 758:HW_Lib/STM32H7/HAL_Lib/CMSIS/Core/Include/cmsis_gcc.h **** 
 759:HW_Lib/STM32H7/HAL_Lib/CMSIS/Core/Include/cmsis_gcc.h **** 
 760:HW_Lib/STM32H7/HAL_Lib/CMSIS/Core/Include/cmsis_gcc.h **** #if (defined (__ARM_FEATURE_CMSE  ) && (__ARM_FEATURE_CMSE   == 3))
 761:HW_Lib/STM32H7/HAL_Lib/CMSIS/Core/Include/cmsis_gcc.h **** /**
 762:HW_Lib/STM32H7/HAL_Lib/CMSIS/Core/Include/cmsis_gcc.h ****   \brief   Get Main Stack Pointer Limit (non-secure)
 763:HW_Lib/STM32H7/HAL_Lib/CMSIS/Core/Include/cmsis_gcc.h ****   Devices without ARMv8-M Main Extensions (i.e. Cortex-M23) lack the non-secure
 764:HW_Lib/STM32H7/HAL_Lib/CMSIS/Core/Include/cmsis_gcc.h ****   Stack Pointer Limit register hence zero is returned always.
 765:HW_Lib/STM32H7/HAL_Lib/CMSIS/Core/Include/cmsis_gcc.h **** 
 766:HW_Lib/STM32H7/HAL_Lib/CMSIS/Core/Include/cmsis_gcc.h ****   \details Returns the current value of the non-secure Main Stack Pointer Limit(MSPLIM) when in sec
 767:HW_Lib/STM32H7/HAL_Lib/CMSIS/Core/Include/cmsis_gcc.h ****   \return               MSPLIM Register value
 768:HW_Lib/STM32H7/HAL_Lib/CMSIS/Core/Include/cmsis_gcc.h ****  */
 769:HW_Lib/STM32H7/HAL_Lib/CMSIS/Core/Include/cmsis_gcc.h **** __STATIC_FORCEINLINE uint32_t __TZ_get_MSPLIM_NS(void)
 770:HW_Lib/STM32H7/HAL_Lib/CMSIS/Core/Include/cmsis_gcc.h **** {
 771:HW_Lib/STM32H7/HAL_Lib/CMSIS/Core/Include/cmsis_gcc.h **** #if (!(defined (__ARM_ARCH_8M_MAIN__ ) && (__ARM_ARCH_8M_MAIN__ == 1)))
 772:HW_Lib/STM32H7/HAL_Lib/CMSIS/Core/Include/cmsis_gcc.h ****   // without main extensions, the non-secure MSPLIM is RAZ/WI
 773:HW_Lib/STM32H7/HAL_Lib/CMSIS/Core/Include/cmsis_gcc.h ****   return 0U;
 774:HW_Lib/STM32H7/HAL_Lib/CMSIS/Core/Include/cmsis_gcc.h **** #else
 775:HW_Lib/STM32H7/HAL_Lib/CMSIS/Core/Include/cmsis_gcc.h ****   uint32_t result;
 776:HW_Lib/STM32H7/HAL_Lib/CMSIS/Core/Include/cmsis_gcc.h ****   __ASM volatile ("MRS %0, msplim_ns" : "=r" (result) );
 777:HW_Lib/STM32H7/HAL_Lib/CMSIS/Core/Include/cmsis_gcc.h ****   return result;
 778:HW_Lib/STM32H7/HAL_Lib/CMSIS/Core/Include/cmsis_gcc.h **** #endif
 779:HW_Lib/STM32H7/HAL_Lib/CMSIS/Core/Include/cmsis_gcc.h **** }
 780:HW_Lib/STM32H7/HAL_Lib/CMSIS/Core/Include/cmsis_gcc.h **** #endif
 781:HW_Lib/STM32H7/HAL_Lib/CMSIS/Core/Include/cmsis_gcc.h **** 
 782:HW_Lib/STM32H7/HAL_Lib/CMSIS/Core/Include/cmsis_gcc.h **** 
 783:HW_Lib/STM32H7/HAL_Lib/CMSIS/Core/Include/cmsis_gcc.h **** /**
 784:HW_Lib/STM32H7/HAL_Lib/CMSIS/Core/Include/cmsis_gcc.h ****   \brief   Set Main Stack Pointer Limit
 785:HW_Lib/STM32H7/HAL_Lib/CMSIS/Core/Include/cmsis_gcc.h ****   Devices without ARMv8-M Main Extensions (i.e. Cortex-M23) lack the non-secure
 786:HW_Lib/STM32H7/HAL_Lib/CMSIS/Core/Include/cmsis_gcc.h ****   Stack Pointer Limit register hence the write is silently ignored in non-secure
 787:HW_Lib/STM32H7/HAL_Lib/CMSIS/Core/Include/cmsis_gcc.h ****   mode.
 788:HW_Lib/STM32H7/HAL_Lib/CMSIS/Core/Include/cmsis_gcc.h **** 
 789:HW_Lib/STM32H7/HAL_Lib/CMSIS/Core/Include/cmsis_gcc.h ****   \details Assigns the given value to the Main Stack Pointer Limit (MSPLIM).
 790:HW_Lib/STM32H7/HAL_Lib/CMSIS/Core/Include/cmsis_gcc.h ****   \param [in]    MainStackPtrLimit  Main Stack Pointer Limit value to set
 791:HW_Lib/STM32H7/HAL_Lib/CMSIS/Core/Include/cmsis_gcc.h ****  */
 792:HW_Lib/STM32H7/HAL_Lib/CMSIS/Core/Include/cmsis_gcc.h **** __STATIC_FORCEINLINE void __set_MSPLIM(uint32_t MainStackPtrLimit)
 793:HW_Lib/STM32H7/HAL_Lib/CMSIS/Core/Include/cmsis_gcc.h **** {
ARM GAS  C:\Users\HUAV\AppData\Local\Temp\cciXU3YP.s 			page 112


 794:HW_Lib/STM32H7/HAL_Lib/CMSIS/Core/Include/cmsis_gcc.h **** #if (!(defined (__ARM_ARCH_8M_MAIN__ ) && (__ARM_ARCH_8M_MAIN__ == 1)) && \
 795:HW_Lib/STM32H7/HAL_Lib/CMSIS/Core/Include/cmsis_gcc.h ****     (!defined (__ARM_FEATURE_CMSE) || (__ARM_FEATURE_CMSE < 3)))
 796:HW_Lib/STM32H7/HAL_Lib/CMSIS/Core/Include/cmsis_gcc.h ****   // without main extensions, the non-secure MSPLIM is RAZ/WI
 797:HW_Lib/STM32H7/HAL_Lib/CMSIS/Core/Include/cmsis_gcc.h ****   (void)MainStackPtrLimit;
 798:HW_Lib/STM32H7/HAL_Lib/CMSIS/Core/Include/cmsis_gcc.h **** #else
 799:HW_Lib/STM32H7/HAL_Lib/CMSIS/Core/Include/cmsis_gcc.h ****   __ASM volatile ("MSR msplim, %0" : : "r" (MainStackPtrLimit));
 800:HW_Lib/STM32H7/HAL_Lib/CMSIS/Core/Include/cmsis_gcc.h **** #endif
 801:HW_Lib/STM32H7/HAL_Lib/CMSIS/Core/Include/cmsis_gcc.h **** }
 802:HW_Lib/STM32H7/HAL_Lib/CMSIS/Core/Include/cmsis_gcc.h **** 
 803:HW_Lib/STM32H7/HAL_Lib/CMSIS/Core/Include/cmsis_gcc.h **** 
 804:HW_Lib/STM32H7/HAL_Lib/CMSIS/Core/Include/cmsis_gcc.h **** #if (defined (__ARM_FEATURE_CMSE  ) && (__ARM_FEATURE_CMSE   == 3))
 805:HW_Lib/STM32H7/HAL_Lib/CMSIS/Core/Include/cmsis_gcc.h **** /**
 806:HW_Lib/STM32H7/HAL_Lib/CMSIS/Core/Include/cmsis_gcc.h ****   \brief   Set Main Stack Pointer Limit (non-secure)
 807:HW_Lib/STM32H7/HAL_Lib/CMSIS/Core/Include/cmsis_gcc.h ****   Devices without ARMv8-M Main Extensions (i.e. Cortex-M23) lack the non-secure
 808:HW_Lib/STM32H7/HAL_Lib/CMSIS/Core/Include/cmsis_gcc.h ****   Stack Pointer Limit register hence the write is silently ignored.
 809:HW_Lib/STM32H7/HAL_Lib/CMSIS/Core/Include/cmsis_gcc.h **** 
 810:HW_Lib/STM32H7/HAL_Lib/CMSIS/Core/Include/cmsis_gcc.h ****   \details Assigns the given value to the non-secure Main Stack Pointer Limit (MSPLIM) when in secu
 811:HW_Lib/STM32H7/HAL_Lib/CMSIS/Core/Include/cmsis_gcc.h ****   \param [in]    MainStackPtrLimit  Main Stack Pointer value to set
 812:HW_Lib/STM32H7/HAL_Lib/CMSIS/Core/Include/cmsis_gcc.h ****  */
 813:HW_Lib/STM32H7/HAL_Lib/CMSIS/Core/Include/cmsis_gcc.h **** __STATIC_FORCEINLINE void __TZ_set_MSPLIM_NS(uint32_t MainStackPtrLimit)
 814:HW_Lib/STM32H7/HAL_Lib/CMSIS/Core/Include/cmsis_gcc.h **** {
 815:HW_Lib/STM32H7/HAL_Lib/CMSIS/Core/Include/cmsis_gcc.h **** #if (!(defined (__ARM_ARCH_8M_MAIN__ ) && (__ARM_ARCH_8M_MAIN__ == 1)))
 816:HW_Lib/STM32H7/HAL_Lib/CMSIS/Core/Include/cmsis_gcc.h ****   // without main extensions, the non-secure MSPLIM is RAZ/WI
 817:HW_Lib/STM32H7/HAL_Lib/CMSIS/Core/Include/cmsis_gcc.h ****   (void)MainStackPtrLimit;
 818:HW_Lib/STM32H7/HAL_Lib/CMSIS/Core/Include/cmsis_gcc.h **** #else
 819:HW_Lib/STM32H7/HAL_Lib/CMSIS/Core/Include/cmsis_gcc.h ****   __ASM volatile ("MSR msplim_ns, %0" : : "r" (MainStackPtrLimit));
 820:HW_Lib/STM32H7/HAL_Lib/CMSIS/Core/Include/cmsis_gcc.h **** #endif
 821:HW_Lib/STM32H7/HAL_Lib/CMSIS/Core/Include/cmsis_gcc.h **** }
 822:HW_Lib/STM32H7/HAL_Lib/CMSIS/Core/Include/cmsis_gcc.h **** #endif
 823:HW_Lib/STM32H7/HAL_Lib/CMSIS/Core/Include/cmsis_gcc.h **** 
 824:HW_Lib/STM32H7/HAL_Lib/CMSIS/Core/Include/cmsis_gcc.h **** #endif /* ((defined (__ARM_ARCH_8M_MAIN__ ) && (__ARM_ARCH_8M_MAIN__ == 1)) || \
 825:HW_Lib/STM32H7/HAL_Lib/CMSIS/Core/Include/cmsis_gcc.h ****            (defined (__ARM_ARCH_8M_BASE__ ) && (__ARM_ARCH_8M_BASE__ == 1))    ) */
 826:HW_Lib/STM32H7/HAL_Lib/CMSIS/Core/Include/cmsis_gcc.h **** 
 827:HW_Lib/STM32H7/HAL_Lib/CMSIS/Core/Include/cmsis_gcc.h **** 
 828:HW_Lib/STM32H7/HAL_Lib/CMSIS/Core/Include/cmsis_gcc.h **** /**
 829:HW_Lib/STM32H7/HAL_Lib/CMSIS/Core/Include/cmsis_gcc.h ****   \brief   Get FPSCR
 830:HW_Lib/STM32H7/HAL_Lib/CMSIS/Core/Include/cmsis_gcc.h ****   \details Returns the current value of the Floating Point Status/Control register.
 831:HW_Lib/STM32H7/HAL_Lib/CMSIS/Core/Include/cmsis_gcc.h ****   \return               Floating Point Status/Control register value
 832:HW_Lib/STM32H7/HAL_Lib/CMSIS/Core/Include/cmsis_gcc.h ****  */
 833:HW_Lib/STM32H7/HAL_Lib/CMSIS/Core/Include/cmsis_gcc.h **** __STATIC_FORCEINLINE uint32_t __get_FPSCR(void)
 834:HW_Lib/STM32H7/HAL_Lib/CMSIS/Core/Include/cmsis_gcc.h **** {
 835:HW_Lib/STM32H7/HAL_Lib/CMSIS/Core/Include/cmsis_gcc.h **** #if ((defined (__FPU_PRESENT) && (__FPU_PRESENT == 1U)) && \
 836:HW_Lib/STM32H7/HAL_Lib/CMSIS/Core/Include/cmsis_gcc.h ****      (defined (__FPU_USED   ) && (__FPU_USED    == 1U))     )
 837:HW_Lib/STM32H7/HAL_Lib/CMSIS/Core/Include/cmsis_gcc.h **** #if __has_builtin(__builtin_arm_get_fpscr) 
 838:HW_Lib/STM32H7/HAL_Lib/CMSIS/Core/Include/cmsis_gcc.h **** // Re-enable using built-in when GCC has been fixed
 839:HW_Lib/STM32H7/HAL_Lib/CMSIS/Core/Include/cmsis_gcc.h **** // || (__GNUC__ > 7) || (__GNUC__ == 7 && __GNUC_MINOR__ >= 2)
 840:HW_Lib/STM32H7/HAL_Lib/CMSIS/Core/Include/cmsis_gcc.h ****   /* see https://gcc.gnu.org/ml/gcc-patches/2017-04/msg00443.html */
 841:HW_Lib/STM32H7/HAL_Lib/CMSIS/Core/Include/cmsis_gcc.h ****   return __builtin_arm_get_fpscr();
 842:HW_Lib/STM32H7/HAL_Lib/CMSIS/Core/Include/cmsis_gcc.h **** #else
 843:HW_Lib/STM32H7/HAL_Lib/CMSIS/Core/Include/cmsis_gcc.h ****   uint32_t result;
 844:HW_Lib/STM32H7/HAL_Lib/CMSIS/Core/Include/cmsis_gcc.h **** 
 845:HW_Lib/STM32H7/HAL_Lib/CMSIS/Core/Include/cmsis_gcc.h ****   __ASM volatile ("VMRS %0, fpscr" : "=r" (result) );
 846:HW_Lib/STM32H7/HAL_Lib/CMSIS/Core/Include/cmsis_gcc.h ****   return(result);
 847:HW_Lib/STM32H7/HAL_Lib/CMSIS/Core/Include/cmsis_gcc.h **** #endif
 848:HW_Lib/STM32H7/HAL_Lib/CMSIS/Core/Include/cmsis_gcc.h **** #else
 849:HW_Lib/STM32H7/HAL_Lib/CMSIS/Core/Include/cmsis_gcc.h ****   return(0U);
 850:HW_Lib/STM32H7/HAL_Lib/CMSIS/Core/Include/cmsis_gcc.h **** #endif
ARM GAS  C:\Users\HUAV\AppData\Local\Temp\cciXU3YP.s 			page 113


 851:HW_Lib/STM32H7/HAL_Lib/CMSIS/Core/Include/cmsis_gcc.h **** }
 852:HW_Lib/STM32H7/HAL_Lib/CMSIS/Core/Include/cmsis_gcc.h **** 
 853:HW_Lib/STM32H7/HAL_Lib/CMSIS/Core/Include/cmsis_gcc.h **** 
 854:HW_Lib/STM32H7/HAL_Lib/CMSIS/Core/Include/cmsis_gcc.h **** /**
 855:HW_Lib/STM32H7/HAL_Lib/CMSIS/Core/Include/cmsis_gcc.h ****   \brief   Set FPSCR
 856:HW_Lib/STM32H7/HAL_Lib/CMSIS/Core/Include/cmsis_gcc.h ****   \details Assigns the given value to the Floating Point Status/Control register.
 857:HW_Lib/STM32H7/HAL_Lib/CMSIS/Core/Include/cmsis_gcc.h ****   \param [in]    fpscr  Floating Point Status/Control value to set
 858:HW_Lib/STM32H7/HAL_Lib/CMSIS/Core/Include/cmsis_gcc.h ****  */
 859:HW_Lib/STM32H7/HAL_Lib/CMSIS/Core/Include/cmsis_gcc.h **** __STATIC_FORCEINLINE void __set_FPSCR(uint32_t fpscr)
 860:HW_Lib/STM32H7/HAL_Lib/CMSIS/Core/Include/cmsis_gcc.h **** {
 861:HW_Lib/STM32H7/HAL_Lib/CMSIS/Core/Include/cmsis_gcc.h **** #if ((defined (__FPU_PRESENT) && (__FPU_PRESENT == 1U)) && \
 862:HW_Lib/STM32H7/HAL_Lib/CMSIS/Core/Include/cmsis_gcc.h ****      (defined (__FPU_USED   ) && (__FPU_USED    == 1U))     )
 863:HW_Lib/STM32H7/HAL_Lib/CMSIS/Core/Include/cmsis_gcc.h **** #if __has_builtin(__builtin_arm_set_fpscr)
 864:HW_Lib/STM32H7/HAL_Lib/CMSIS/Core/Include/cmsis_gcc.h **** // Re-enable using built-in when GCC has been fixed
 865:HW_Lib/STM32H7/HAL_Lib/CMSIS/Core/Include/cmsis_gcc.h **** // || (__GNUC__ > 7) || (__GNUC__ == 7 && __GNUC_MINOR__ >= 2)
 866:HW_Lib/STM32H7/HAL_Lib/CMSIS/Core/Include/cmsis_gcc.h ****   /* see https://gcc.gnu.org/ml/gcc-patches/2017-04/msg00443.html */
 867:HW_Lib/STM32H7/HAL_Lib/CMSIS/Core/Include/cmsis_gcc.h ****   __builtin_arm_set_fpscr(fpscr);
 868:HW_Lib/STM32H7/HAL_Lib/CMSIS/Core/Include/cmsis_gcc.h **** #else
 869:HW_Lib/STM32H7/HAL_Lib/CMSIS/Core/Include/cmsis_gcc.h ****   __ASM volatile ("VMSR fpscr, %0" : : "r" (fpscr) : "vfpcc", "memory");
 870:HW_Lib/STM32H7/HAL_Lib/CMSIS/Core/Include/cmsis_gcc.h **** #endif
 871:HW_Lib/STM32H7/HAL_Lib/CMSIS/Core/Include/cmsis_gcc.h **** #else
 872:HW_Lib/STM32H7/HAL_Lib/CMSIS/Core/Include/cmsis_gcc.h ****   (void)fpscr;
 873:HW_Lib/STM32H7/HAL_Lib/CMSIS/Core/Include/cmsis_gcc.h **** #endif
 874:HW_Lib/STM32H7/HAL_Lib/CMSIS/Core/Include/cmsis_gcc.h **** }
 875:HW_Lib/STM32H7/HAL_Lib/CMSIS/Core/Include/cmsis_gcc.h **** 
 876:HW_Lib/STM32H7/HAL_Lib/CMSIS/Core/Include/cmsis_gcc.h **** 
 877:HW_Lib/STM32H7/HAL_Lib/CMSIS/Core/Include/cmsis_gcc.h **** /*@} end of CMSIS_Core_RegAccFunctions */
 878:HW_Lib/STM32H7/HAL_Lib/CMSIS/Core/Include/cmsis_gcc.h **** 
 879:HW_Lib/STM32H7/HAL_Lib/CMSIS/Core/Include/cmsis_gcc.h **** 
 880:HW_Lib/STM32H7/HAL_Lib/CMSIS/Core/Include/cmsis_gcc.h **** /* ##########################  Core Instruction Access  ######################### */
 881:HW_Lib/STM32H7/HAL_Lib/CMSIS/Core/Include/cmsis_gcc.h **** /** \defgroup CMSIS_Core_InstructionInterface CMSIS Core Instruction Interface
 882:HW_Lib/STM32H7/HAL_Lib/CMSIS/Core/Include/cmsis_gcc.h ****   Access to dedicated instructions
 883:HW_Lib/STM32H7/HAL_Lib/CMSIS/Core/Include/cmsis_gcc.h ****   @{
 884:HW_Lib/STM32H7/HAL_Lib/CMSIS/Core/Include/cmsis_gcc.h **** */
 885:HW_Lib/STM32H7/HAL_Lib/CMSIS/Core/Include/cmsis_gcc.h **** 
 886:HW_Lib/STM32H7/HAL_Lib/CMSIS/Core/Include/cmsis_gcc.h **** /* Define macros for porting to both thumb1 and thumb2.
 887:HW_Lib/STM32H7/HAL_Lib/CMSIS/Core/Include/cmsis_gcc.h ****  * For thumb1, use low register (r0-r7), specified by constraint "l"
 888:HW_Lib/STM32H7/HAL_Lib/CMSIS/Core/Include/cmsis_gcc.h ****  * Otherwise, use general registers, specified by constraint "r" */
 889:HW_Lib/STM32H7/HAL_Lib/CMSIS/Core/Include/cmsis_gcc.h **** #if defined (__thumb__) && !defined (__thumb2__)
 890:HW_Lib/STM32H7/HAL_Lib/CMSIS/Core/Include/cmsis_gcc.h **** #define __CMSIS_GCC_OUT_REG(r) "=l" (r)
 891:HW_Lib/STM32H7/HAL_Lib/CMSIS/Core/Include/cmsis_gcc.h **** #define __CMSIS_GCC_RW_REG(r) "+l" (r)
 892:HW_Lib/STM32H7/HAL_Lib/CMSIS/Core/Include/cmsis_gcc.h **** #define __CMSIS_GCC_USE_REG(r) "l" (r)
 893:HW_Lib/STM32H7/HAL_Lib/CMSIS/Core/Include/cmsis_gcc.h **** #else
 894:HW_Lib/STM32H7/HAL_Lib/CMSIS/Core/Include/cmsis_gcc.h **** #define __CMSIS_GCC_OUT_REG(r) "=r" (r)
 895:HW_Lib/STM32H7/HAL_Lib/CMSIS/Core/Include/cmsis_gcc.h **** #define __CMSIS_GCC_RW_REG(r) "+r" (r)
 896:HW_Lib/STM32H7/HAL_Lib/CMSIS/Core/Include/cmsis_gcc.h **** #define __CMSIS_GCC_USE_REG(r) "r" (r)
 897:HW_Lib/STM32H7/HAL_Lib/CMSIS/Core/Include/cmsis_gcc.h **** #endif
 898:HW_Lib/STM32H7/HAL_Lib/CMSIS/Core/Include/cmsis_gcc.h **** 
 899:HW_Lib/STM32H7/HAL_Lib/CMSIS/Core/Include/cmsis_gcc.h **** /**
 900:HW_Lib/STM32H7/HAL_Lib/CMSIS/Core/Include/cmsis_gcc.h ****   \brief   No Operation
 901:HW_Lib/STM32H7/HAL_Lib/CMSIS/Core/Include/cmsis_gcc.h ****   \details No Operation does nothing. This instruction can be used for code alignment purposes.
 902:HW_Lib/STM32H7/HAL_Lib/CMSIS/Core/Include/cmsis_gcc.h ****  */
 903:HW_Lib/STM32H7/HAL_Lib/CMSIS/Core/Include/cmsis_gcc.h **** #define __NOP()                             __ASM volatile ("nop")
 904:HW_Lib/STM32H7/HAL_Lib/CMSIS/Core/Include/cmsis_gcc.h **** 
 905:HW_Lib/STM32H7/HAL_Lib/CMSIS/Core/Include/cmsis_gcc.h **** /**
 906:HW_Lib/STM32H7/HAL_Lib/CMSIS/Core/Include/cmsis_gcc.h ****   \brief   Wait For Interrupt
 907:HW_Lib/STM32H7/HAL_Lib/CMSIS/Core/Include/cmsis_gcc.h ****   \details Wait For Interrupt is a hint instruction that suspends execution until one of a number o
ARM GAS  C:\Users\HUAV\AppData\Local\Temp\cciXU3YP.s 			page 114


 908:HW_Lib/STM32H7/HAL_Lib/CMSIS/Core/Include/cmsis_gcc.h ****  */
 909:HW_Lib/STM32H7/HAL_Lib/CMSIS/Core/Include/cmsis_gcc.h **** #define __WFI()                             __ASM volatile ("wfi")
 910:HW_Lib/STM32H7/HAL_Lib/CMSIS/Core/Include/cmsis_gcc.h **** 
 911:HW_Lib/STM32H7/HAL_Lib/CMSIS/Core/Include/cmsis_gcc.h **** 
 912:HW_Lib/STM32H7/HAL_Lib/CMSIS/Core/Include/cmsis_gcc.h **** /**
 913:HW_Lib/STM32H7/HAL_Lib/CMSIS/Core/Include/cmsis_gcc.h ****   \brief   Wait For Event
 914:HW_Lib/STM32H7/HAL_Lib/CMSIS/Core/Include/cmsis_gcc.h ****   \details Wait For Event is a hint instruction that permits the processor to enter
 915:HW_Lib/STM32H7/HAL_Lib/CMSIS/Core/Include/cmsis_gcc.h ****            a low-power state until one of a number of events occurs.
 916:HW_Lib/STM32H7/HAL_Lib/CMSIS/Core/Include/cmsis_gcc.h ****  */
 917:HW_Lib/STM32H7/HAL_Lib/CMSIS/Core/Include/cmsis_gcc.h **** #define __WFE()                             __ASM volatile ("wfe")
 918:HW_Lib/STM32H7/HAL_Lib/CMSIS/Core/Include/cmsis_gcc.h **** 
 919:HW_Lib/STM32H7/HAL_Lib/CMSIS/Core/Include/cmsis_gcc.h **** 
 920:HW_Lib/STM32H7/HAL_Lib/CMSIS/Core/Include/cmsis_gcc.h **** /**
 921:HW_Lib/STM32H7/HAL_Lib/CMSIS/Core/Include/cmsis_gcc.h ****   \brief   Send Event
 922:HW_Lib/STM32H7/HAL_Lib/CMSIS/Core/Include/cmsis_gcc.h ****   \details Send Event is a hint instruction. It causes an event to be signaled to the CPU.
 923:HW_Lib/STM32H7/HAL_Lib/CMSIS/Core/Include/cmsis_gcc.h ****  */
 924:HW_Lib/STM32H7/HAL_Lib/CMSIS/Core/Include/cmsis_gcc.h **** #define __SEV()                             __ASM volatile ("sev")
 925:HW_Lib/STM32H7/HAL_Lib/CMSIS/Core/Include/cmsis_gcc.h **** 
 926:HW_Lib/STM32H7/HAL_Lib/CMSIS/Core/Include/cmsis_gcc.h **** 
 927:HW_Lib/STM32H7/HAL_Lib/CMSIS/Core/Include/cmsis_gcc.h **** /**
 928:HW_Lib/STM32H7/HAL_Lib/CMSIS/Core/Include/cmsis_gcc.h ****   \brief   Instruction Synchronization Barrier
 929:HW_Lib/STM32H7/HAL_Lib/CMSIS/Core/Include/cmsis_gcc.h ****   \details Instruction Synchronization Barrier flushes the pipeline in the processor,
 930:HW_Lib/STM32H7/HAL_Lib/CMSIS/Core/Include/cmsis_gcc.h ****            so that all instructions following the ISB are fetched from cache or memory,
 931:HW_Lib/STM32H7/HAL_Lib/CMSIS/Core/Include/cmsis_gcc.h ****            after the instruction has been completed.
 932:HW_Lib/STM32H7/HAL_Lib/CMSIS/Core/Include/cmsis_gcc.h ****  */
 933:HW_Lib/STM32H7/HAL_Lib/CMSIS/Core/Include/cmsis_gcc.h **** __STATIC_FORCEINLINE void __ISB(void)
 934:HW_Lib/STM32H7/HAL_Lib/CMSIS/Core/Include/cmsis_gcc.h **** {
 935:HW_Lib/STM32H7/HAL_Lib/CMSIS/Core/Include/cmsis_gcc.h ****   __ASM volatile ("isb 0xF":::"memory");
 936:HW_Lib/STM32H7/HAL_Lib/CMSIS/Core/Include/cmsis_gcc.h **** }
 937:HW_Lib/STM32H7/HAL_Lib/CMSIS/Core/Include/cmsis_gcc.h **** 
 938:HW_Lib/STM32H7/HAL_Lib/CMSIS/Core/Include/cmsis_gcc.h **** 
 939:HW_Lib/STM32H7/HAL_Lib/CMSIS/Core/Include/cmsis_gcc.h **** /**
 940:HW_Lib/STM32H7/HAL_Lib/CMSIS/Core/Include/cmsis_gcc.h ****   \brief   Data Synchronization Barrier
 941:HW_Lib/STM32H7/HAL_Lib/CMSIS/Core/Include/cmsis_gcc.h ****   \details Acts as a special kind of Data Memory Barrier.
 942:HW_Lib/STM32H7/HAL_Lib/CMSIS/Core/Include/cmsis_gcc.h ****            It completes when all explicit memory accesses before this instruction complete.
 943:HW_Lib/STM32H7/HAL_Lib/CMSIS/Core/Include/cmsis_gcc.h ****  */
 944:HW_Lib/STM32H7/HAL_Lib/CMSIS/Core/Include/cmsis_gcc.h **** __STATIC_FORCEINLINE void __DSB(void)
 945:HW_Lib/STM32H7/HAL_Lib/CMSIS/Core/Include/cmsis_gcc.h **** {
 946:HW_Lib/STM32H7/HAL_Lib/CMSIS/Core/Include/cmsis_gcc.h ****   __ASM volatile ("dsb 0xF":::"memory");
 2491              		.loc 3 946 3
 2492              		.syntax unified
 2493              	@ 946 "HW_Lib/STM32H7/HAL_Lib/CMSIS/Core/Include/cmsis_gcc.h" 1
 2494 01c0 BFF34F8F 		dsb 0xF
 2495              	@ 0 "" 2
 947:HW_Lib/STM32H7/HAL_Lib/CMSIS/Core/Include/cmsis_gcc.h **** }
 2496              		.loc 3 947 1
 2497              		.thumb
 2498              		.syntax unified
 2499 01c4 00BF     		nop
 2500              	.L145:
 2501              	.LBE26:
 2502              	.LBE25:
2518:HW_Lib/STM32H7/HAL_Lib/CMSIS/Core/Include/core_cm7.h ****     
2519:HW_Lib/STM32H7/HAL_Lib/CMSIS/Core/Include/core_cm7.h ****       __DSB();
2520:HW_Lib/STM32H7/HAL_Lib/CMSIS/Core/Include/core_cm7.h **** 
2521:HW_Lib/STM32H7/HAL_Lib/CMSIS/Core/Include/core_cm7.h ****       do {
2522:HW_Lib/STM32H7/HAL_Lib/CMSIS/Core/Include/core_cm7.h ****         SCB->DCIMVAC = op_addr;             /* register accepts only 32byte aligned values, only bi
ARM GAS  C:\Users\HUAV\AppData\Local\Temp\cciXU3YP.s 			page 115


 2503              		.loc 2 2522 12
 2504 01c6 2E4A     		ldr	r2, .L156+76
 2505              		.loc 2 2522 22
 2506 01c8 FB68     		ldr	r3, [r7, #12]
 2507 01ca C2F85C32 		str	r3, [r2, #604]
2523:HW_Lib/STM32H7/HAL_Lib/CMSIS/Core/Include/core_cm7.h ****         op_addr += __SCB_DCACHE_LINE_SIZE;
 2508              		.loc 2 2523 17
 2509 01ce FB68     		ldr	r3, [r7, #12]
 2510 01d0 2033     		adds	r3, r3, #32
 2511 01d2 FB60     		str	r3, [r7, #12]
2524:HW_Lib/STM32H7/HAL_Lib/CMSIS/Core/Include/core_cm7.h ****         op_size -= __SCB_DCACHE_LINE_SIZE;
 2512              		.loc 2 2524 17
 2513 01d4 3B69     		ldr	r3, [r7, #16]
 2514 01d6 203B     		subs	r3, r3, #32
 2515 01d8 3B61     		str	r3, [r7, #16]
2525:HW_Lib/STM32H7/HAL_Lib/CMSIS/Core/Include/core_cm7.h ****       } while ( op_size > 0 );
 2516              		.loc 2 2525 7
 2517 01da 3B69     		ldr	r3, [r7, #16]
 2518 01dc 002B     		cmp	r3, #0
 2519 01de F2DC     		bgt	.L145
 2520              	.LBB27:
 2521              	.LBB28:
 946:HW_Lib/STM32H7/HAL_Lib/CMSIS/Core/Include/cmsis_gcc.h **** }
 2522              		.loc 3 946 3
 2523              		.syntax unified
 2524              	@ 946 "HW_Lib/STM32H7/HAL_Lib/CMSIS/Core/Include/cmsis_gcc.h" 1
 2525 01e0 BFF34F8F 		dsb 0xF
 2526              	@ 0 "" 2
 2527              		.loc 3 947 1
 2528              		.thumb
 2529              		.syntax unified
 2530 01e4 00BF     		nop
 2531              	.LBE28:
 2532              	.LBE27:
 2533              	.LBB29:
 2534              	.LBB30:
 935:HW_Lib/STM32H7/HAL_Lib/CMSIS/Core/Include/cmsis_gcc.h **** }
 2535              		.loc 3 935 3
 2536              		.syntax unified
 2537              	@ 935 "HW_Lib/STM32H7/HAL_Lib/CMSIS/Core/Include/cmsis_gcc.h" 1
 2538 01e6 BFF36F8F 		isb 0xF
 2539              	@ 0 "" 2
 936:HW_Lib/STM32H7/HAL_Lib/CMSIS/Core/Include/cmsis_gcc.h **** 
 2540              		.loc 3 936 1
 2541              		.thumb
 2542              		.syntax unified
 2543 01ea 00BF     		nop
 2544              	.L155:
 2545              	.LBE30:
 2546              	.LBE29:
 2547              	.LBE24:
2526:HW_Lib/STM32H7/HAL_Lib/CMSIS/Core/Include/core_cm7.h **** 
2527:HW_Lib/STM32H7/HAL_Lib/CMSIS/Core/Include/core_cm7.h ****       __DSB();
2528:HW_Lib/STM32H7/HAL_Lib/CMSIS/Core/Include/core_cm7.h ****       __ISB();
2529:HW_Lib/STM32H7/HAL_Lib/CMSIS/Core/Include/core_cm7.h ****     }
2530:HW_Lib/STM32H7/HAL_Lib/CMSIS/Core/Include/core_cm7.h ****   #endif
2531:HW_Lib/STM32H7/HAL_Lib/CMSIS/Core/Include/core_cm7.h **** }
ARM GAS  C:\Users\HUAV\AppData\Local\Temp\cciXU3YP.s 			page 116


 2548              		.loc 2 2531 1
 2549 01ec 00BF     		nop
 2550              	.LBE23:
 2551              	.LBE22:
 550:HW_Lib/STM32H7/BSP/Bsp_Uart.c **** 
 551:HW_Lib/STM32H7/BSP/Bsp_Uart.c ****     if (len)
 2552              		.loc 1 551 8
 2553 01ee FB8C     		ldrh	r3, [r7, #38]
 2554 01f0 002B     		cmp	r3, #0
 2555 01f2 47D0     		beq	.L146
 552:HW_Lib/STM32H7/BSP/Bsp_Uart.c ****     {
 553:HW_Lib/STM32H7/BSP/Bsp_Uart.c ****         /* idle receive callback process */
 554:HW_Lib/STM32H7/BSP/Bsp_Uart.c ****         if (BspUart_Obj_List[index]->RxCallback)
 2556              		.loc 1 554 29
 2557 01f4 FB79     		ldrb	r3, [r7, #7]	@ zero_extendqisi2
 2558 01f6 0F4A     		ldr	r2, .L156
 2559 01f8 52F82330 		ldr	r3, [r2, r3, lsl #2]
 2560              		.loc 1 554 36
 2561 01fc DB6B     		ldr	r3, [r3, #60]
 2562              		.loc 1 554 12
 2563 01fe 002B     		cmp	r3, #0
 2564 0200 10D0     		beq	.L147
 555:HW_Lib/STM32H7/BSP/Bsp_Uart.c ****             BspUart_Obj_List[index]->RxCallback(BspUart_Obj_List[index]->cust_data_addr,
 2565              		.loc 1 555 29
 2566 0202 FB79     		ldrb	r3, [r7, #7]	@ zero_extendqisi2
 2567 0204 0B4A     		ldr	r2, .L156
 2568 0206 52F82330 		ldr	r3, [r2, r3, lsl #2]
 2569              		.loc 1 555 36
 2570 020a DB6B     		ldr	r3, [r3, #60]
 2571              		.loc 1 555 65
 2572 020c FA79     		ldrb	r2, [r7, #7]	@ zero_extendqisi2
 2573 020e 0949     		ldr	r1, .L156
 2574 0210 51F82220 		ldr	r2, [r1, r2, lsl #2]
 2575              		.loc 1 555 13
 2576 0214 106D     		ldr	r0, [r2, #80]
 556:HW_Lib/STM32H7/BSP/Bsp_Uart.c ****                                                 BspUart_Obj_List[index]->rx_buf, len);
 2577              		.loc 1 556 65
 2578 0216 FA79     		ldrb	r2, [r7, #7]	@ zero_extendqisi2
 2579 0218 0649     		ldr	r1, .L156
 2580 021a 51F82220 		ldr	r2, [r1, r2, lsl #2]
 555:HW_Lib/STM32H7/BSP/Bsp_Uart.c ****             BspUart_Obj_List[index]->RxCallback(BspUart_Obj_List[index]->cust_data_addr,
 2581              		.loc 1 555 13
 2582 021e 116C     		ldr	r1, [r2, #64]
 2583 0220 FA8C     		ldrh	r2, [r7, #38]
 2584 0222 9847     		blx	r3
 2585              	.LVL8:
 2586              	.L147:
 557:HW_Lib/STM32H7/BSP/Bsp_Uart.c **** 
 558:HW_Lib/STM32H7/BSP/Bsp_Uart.c ****         BspUart_Obj_List[index]->monitor.rx_cnt++;
 2587              		.loc 1 558 25
 2588 0224 FB79     		ldrb	r3, [r7, #7]	@ zero_extendqisi2
 2589 0226 034A     		ldr	r2, .L156
 2590 0228 52F82330 		ldr	r3, [r2, r3, lsl #2]
 2591              		.loc 1 558 41
 2592 022c 9A6D     		ldr	r2, [r3, #88]
 2593              		.loc 1 558 48
 2594 022e 0132     		adds	r2, r2, #1
ARM GAS  C:\Users\HUAV\AppData\Local\Temp\cciXU3YP.s 			page 117


 2595 0230 9A65     		str	r2, [r3, #88]
 2596 0232 5AE0     		b	.L148
 2597              	.L157:
 2598              		.align	2
 2599              	.L156:
 2600 0234 00000000 		.word	BspUart_Obj_List
 2601 0238 00000000 		.word	hdl.1
 2602 023c 00000000 		.word	rx_dma.0
 2603 0240 10000240 		.word	1073872912
 2604 0244 28000240 		.word	1073872936
 2605 0248 40000240 		.word	1073872960
 2606 024c 58000240 		.word	1073872984
 2607 0250 70000240 		.word	1073873008
 2608 0254 88000240 		.word	1073873032
 2609 0258 A0000240 		.word	1073873056
 2610 025c B8000240 		.word	1073873080
 2611 0260 10040240 		.word	1073873936
 2612 0264 28040240 		.word	1073873960
 2613 0268 40040240 		.word	1073873984
 2614 026c 58040240 		.word	1073874008
 2615 0270 70040240 		.word	1073874032
 2616 0274 88040240 		.word	1073874056
 2617 0278 A0040240 		.word	1073874080
 2618 027c B8040240 		.word	1073874104
 2619 0280 00ED00E0 		.word	-536810240
 2620              	.L146:
 559:HW_Lib/STM32H7/BSP/Bsp_Uart.c ****     }
 560:HW_Lib/STM32H7/BSP/Bsp_Uart.c ****     else
 561:HW_Lib/STM32H7/BSP/Bsp_Uart.c ****     {
 562:HW_Lib/STM32H7/BSP/Bsp_Uart.c ****         BspUart_Obj_List[index]->monitor.rx_err_cnt++;
 2621              		.loc 1 562 25
 2622 0284 FB79     		ldrb	r3, [r7, #7]	@ zero_extendqisi2
 2623 0286 254A     		ldr	r2, .L158
 2624 0288 52F82330 		ldr	r3, [r2, r3, lsl #2]
 2625              		.loc 1 562 41
 2626 028c 1A6E     		ldr	r2, [r3, #96]
 2627              		.loc 1 562 52
 2628 028e 0132     		adds	r2, r2, #1
 2629 0290 1A66     		str	r2, [r3, #96]
 563:HW_Lib/STM32H7/BSP/Bsp_Uart.c ****         READ_REG(hdl->Instance->RDR);
 2630              		.loc 1 563 9
 2631 0292 234B     		ldr	r3, .L158+4
 2632 0294 1B68     		ldr	r3, [r3]
 2633 0296 1B68     		ldr	r3, [r3]
 2634 0298 5B6A     		ldr	r3, [r3, #36]
 564:HW_Lib/STM32H7/BSP/Bsp_Uart.c **** 
 565:HW_Lib/STM32H7/BSP/Bsp_Uart.c ****         if (isrflags & USART_ISR_ORE)
 2635              		.loc 1 565 22
 2636 029a 3B6A     		ldr	r3, [r7, #32]
 2637 029c 03F00803 		and	r3, r3, #8
 2638              		.loc 1 565 12
 2639 02a0 002B     		cmp	r3, #0
 2640 02a2 04D0     		beq	.L149
 566:HW_Lib/STM32H7/BSP/Bsp_Uart.c ****             __HAL_UART_CLEAR_OREFLAG(hdl);
 2641              		.loc 1 566 13
 2642 02a4 1E4B     		ldr	r3, .L158+4
 2643 02a6 1B68     		ldr	r3, [r3]
ARM GAS  C:\Users\HUAV\AppData\Local\Temp\cciXU3YP.s 			page 118


 2644 02a8 1B68     		ldr	r3, [r3]
 2645 02aa 0822     		movs	r2, #8
 2646 02ac 1A62     		str	r2, [r3, #32]
 2647              	.L149:
 567:HW_Lib/STM32H7/BSP/Bsp_Uart.c **** 
 568:HW_Lib/STM32H7/BSP/Bsp_Uart.c ****         if (isrflags & USART_ISR_FE)
 2648              		.loc 1 568 22
 2649 02ae 3B6A     		ldr	r3, [r7, #32]
 2650 02b0 03F00203 		and	r3, r3, #2
 2651              		.loc 1 568 12
 2652 02b4 002B     		cmp	r3, #0
 2653 02b6 04D0     		beq	.L150
 569:HW_Lib/STM32H7/BSP/Bsp_Uart.c ****             __HAL_UART_CLEAR_FEFLAG(hdl);
 2654              		.loc 1 569 13
 2655 02b8 194B     		ldr	r3, .L158+4
 2656 02ba 1B68     		ldr	r3, [r3]
 2657 02bc 1B68     		ldr	r3, [r3]
 2658 02be 0222     		movs	r2, #2
 2659 02c0 1A62     		str	r2, [r3, #32]
 2660              	.L150:
 570:HW_Lib/STM32H7/BSP/Bsp_Uart.c **** 
 571:HW_Lib/STM32H7/BSP/Bsp_Uart.c ****         if (isrflags & USART_ISR_NE)
 2661              		.loc 1 571 22
 2662 02c2 3B6A     		ldr	r3, [r7, #32]
 2663 02c4 03F00403 		and	r3, r3, #4
 2664              		.loc 1 571 12
 2665 02c8 002B     		cmp	r3, #0
 2666 02ca 04D0     		beq	.L151
 572:HW_Lib/STM32H7/BSP/Bsp_Uart.c ****             __HAL_UART_CLEAR_NEFLAG(hdl);
 2667              		.loc 1 572 13
 2668 02cc 144B     		ldr	r3, .L158+4
 2669 02ce 1B68     		ldr	r3, [r3]
 2670 02d0 1B68     		ldr	r3, [r3]
 2671 02d2 0422     		movs	r2, #4
 2672 02d4 1A62     		str	r2, [r3, #32]
 2673              	.L151:
 573:HW_Lib/STM32H7/BSP/Bsp_Uart.c **** 
 574:HW_Lib/STM32H7/BSP/Bsp_Uart.c ****         if (isrflags & USART_ISR_PE)
 2674              		.loc 1 574 22
 2675 02d6 3B6A     		ldr	r3, [r7, #32]
 2676 02d8 03F00103 		and	r3, r3, #1
 2677              		.loc 1 574 12
 2678 02dc 002B     		cmp	r3, #0
 2679 02de 04D0     		beq	.L148
 575:HW_Lib/STM32H7/BSP/Bsp_Uart.c ****             __HAL_UART_CLEAR_PEFLAG(hdl);
 2680              		.loc 1 575 13
 2681 02e0 0F4B     		ldr	r3, .L158+4
 2682 02e2 1B68     		ldr	r3, [r3]
 2683 02e4 1B68     		ldr	r3, [r3]
 2684 02e6 0122     		movs	r2, #1
 2685 02e8 1A62     		str	r2, [r3, #32]
 2686              	.L148:
 576:HW_Lib/STM32H7/BSP/Bsp_Uart.c ****     }
 577:HW_Lib/STM32H7/BSP/Bsp_Uart.c ****     
 578:HW_Lib/STM32H7/BSP/Bsp_Uart.c ****     HAL_UART_Receive_DMA(hdl, BspUart_Obj_List[index]->rx_buf, BspUart_Obj_List[index]->rx_size);
 2687              		.loc 1 578 5
 2688 02ea 0D4B     		ldr	r3, .L158+4
ARM GAS  C:\Users\HUAV\AppData\Local\Temp\cciXU3YP.s 			page 119


 2689 02ec 1868     		ldr	r0, [r3]
 2690              		.loc 1 578 47
 2691 02ee FB79     		ldrb	r3, [r7, #7]	@ zero_extendqisi2
 2692 02f0 0A4A     		ldr	r2, .L158
 2693 02f2 52F82330 		ldr	r3, [r2, r3, lsl #2]
 2694              		.loc 1 578 5
 2695 02f6 196C     		ldr	r1, [r3, #64]
 2696              		.loc 1 578 80
 2697 02f8 FB79     		ldrb	r3, [r7, #7]	@ zero_extendqisi2
 2698 02fa 084A     		ldr	r2, .L158
 2699 02fc 52F82330 		ldr	r3, [r2, r3, lsl #2]
 2700              		.loc 1 578 5
 2701 0300 B3F84430 		ldrh	r3, [r3, #68]	@ movhi
 2702 0304 9BB2     		uxth	r3, r3
 2703 0306 1A46     		mov	r2, r3
 2704 0308 FFF7FEFF 		bl	HAL_UART_Receive_DMA
 2705 030c 02E0     		b	.L135
 2706              	.L153:
 532:HW_Lib/STM32H7/BSP/Bsp_Uart.c ****         
 2707              		.loc 1 532 9
 2708 030e 00BF     		nop
 2709 0310 00E0     		b	.L135
 2710              	.L154:
 544:HW_Lib/STM32H7/BSP/Bsp_Uart.c **** 
 2711              		.loc 1 544 9
 2712 0312 00BF     		nop
 2713              	.L135:
 579:HW_Lib/STM32H7/BSP/Bsp_Uart.c **** }
 2714              		.loc 1 579 1
 2715 0314 2837     		adds	r7, r7, #40
 2716              	.LCFI76:
 2717              		.cfi_def_cfa_offset 8
 2718 0316 BD46     		mov	sp, r7
 2719              	.LCFI77:
 2720              		.cfi_def_cfa_register 13
 2721              		@ sp needed
 2722 0318 80BD     		pop	{r7, pc}
 2723              	.L159:
 2724 031a 00BF     		.align	2
 2725              	.L158:
 2726 031c 00000000 		.word	BspUart_Obj_List
 2727 0320 00000000 		.word	hdl.1
 2728              		.cfi_endproc
 2729              	.LFE347:
 2731              		.section	.text.HAL_UART_RxCpltCallback,"ax",%progbits
 2732              		.align	1
 2733              		.global	HAL_UART_RxCpltCallback
 2734              		.syntax unified
 2735              		.thumb
 2736              		.thumb_func
 2738              	HAL_UART_RxCpltCallback:
 2739              	.LFB348:
 580:HW_Lib/STM32H7/BSP/Bsp_Uart.c **** 
 581:HW_Lib/STM32H7/BSP/Bsp_Uart.c **** /* receive full */
 582:HW_Lib/STM32H7/BSP/Bsp_Uart.c **** void HAL_UART_RxCpltCallback(UART_HandleTypeDef *huart)
 583:HW_Lib/STM32H7/BSP/Bsp_Uart.c **** {
 2740              		.loc 1 583 1
ARM GAS  C:\Users\HUAV\AppData\Local\Temp\cciXU3YP.s 			page 120


 2741              		.cfi_startproc
 2742              		@ args = 0, pretend = 0, frame = 16
 2743              		@ frame_needed = 1, uses_anonymous_args = 0
 2744 0000 90B5     		push	{r4, r7, lr}
 2745              	.LCFI78:
 2746              		.cfi_def_cfa_offset 12
 2747              		.cfi_offset 4, -12
 2748              		.cfi_offset 7, -8
 2749              		.cfi_offset 14, -4
 2750 0002 85B0     		sub	sp, sp, #20
 2751              	.LCFI79:
 2752              		.cfi_def_cfa_offset 32
 2753 0004 00AF     		add	r7, sp, #0
 2754              	.LCFI80:
 2755              		.cfi_def_cfa_register 7
 2756 0006 7860     		str	r0, [r7, #4]
 584:HW_Lib/STM32H7/BSP/Bsp_Uart.c ****     uint8_t index = 0;
 2757              		.loc 1 584 13
 2758 0008 0023     		movs	r3, #0
 2759 000a FB73     		strb	r3, [r7, #15]
 585:HW_Lib/STM32H7/BSP/Bsp_Uart.c **** 
 586:HW_Lib/STM32H7/BSP/Bsp_Uart.c ****     if (huart->Instance == USART1)
 2760              		.loc 1 586 14
 2761 000c 7B68     		ldr	r3, [r7, #4]
 2762 000e 1B68     		ldr	r3, [r3]
 2763              		.loc 1 586 8
 2764 0010 4D4A     		ldr	r2, .L171
 2765 0012 9342     		cmp	r3, r2
 2766 0014 02D1     		bne	.L161
 587:HW_Lib/STM32H7/BSP/Bsp_Uart.c ****     {
 588:HW_Lib/STM32H7/BSP/Bsp_Uart.c ****         index = Bsp_UART_Port_1;
 2767              		.loc 1 588 15
 2768 0016 0023     		movs	r3, #0
 2769 0018 FB73     		strb	r3, [r7, #15]
 2770 001a 16E0     		b	.L162
 2771              	.L161:
 589:HW_Lib/STM32H7/BSP/Bsp_Uart.c ****     }
 590:HW_Lib/STM32H7/BSP/Bsp_Uart.c ****     else if (huart->Instance == UART4)
 2772              		.loc 1 590 19
 2773 001c 7B68     		ldr	r3, [r7, #4]
 2774 001e 1B68     		ldr	r3, [r3]
 2775              		.loc 1 590 13
 2776 0020 4A4A     		ldr	r2, .L171+4
 2777 0022 9342     		cmp	r3, r2
 2778 0024 02D1     		bne	.L163
 591:HW_Lib/STM32H7/BSP/Bsp_Uart.c ****     {
 592:HW_Lib/STM32H7/BSP/Bsp_Uart.c ****         index = Bsp_UART_Port_4;
 2779              		.loc 1 592 15
 2780 0026 0123     		movs	r3, #1
 2781 0028 FB73     		strb	r3, [r7, #15]
 2782 002a 0EE0     		b	.L162
 2783              	.L163:
 593:HW_Lib/STM32H7/BSP/Bsp_Uart.c ****     }
 594:HW_Lib/STM32H7/BSP/Bsp_Uart.c ****     else if (huart->Instance == USART6)
 2784              		.loc 1 594 19
 2785 002c 7B68     		ldr	r3, [r7, #4]
 2786 002e 1B68     		ldr	r3, [r3]
ARM GAS  C:\Users\HUAV\AppData\Local\Temp\cciXU3YP.s 			page 121


 2787              		.loc 1 594 13
 2788 0030 474A     		ldr	r2, .L171+8
 2789 0032 9342     		cmp	r3, r2
 2790 0034 02D1     		bne	.L164
 595:HW_Lib/STM32H7/BSP/Bsp_Uart.c ****     {
 596:HW_Lib/STM32H7/BSP/Bsp_Uart.c ****         index = Bsp_UART_Port_6;
 2791              		.loc 1 596 15
 2792 0036 0223     		movs	r3, #2
 2793 0038 FB73     		strb	r3, [r7, #15]
 2794 003a 06E0     		b	.L162
 2795              	.L164:
 597:HW_Lib/STM32H7/BSP/Bsp_Uart.c ****     }
 598:HW_Lib/STM32H7/BSP/Bsp_Uart.c ****     else if (huart->Instance == UART7)
 2796              		.loc 1 598 19
 2797 003c 7B68     		ldr	r3, [r7, #4]
 2798 003e 1B68     		ldr	r3, [r3]
 2799              		.loc 1 598 13
 2800 0040 444A     		ldr	r2, .L171+12
 2801 0042 9342     		cmp	r3, r2
 2802 0044 7BD1     		bne	.L170
 599:HW_Lib/STM32H7/BSP/Bsp_Uart.c ****     {
 600:HW_Lib/STM32H7/BSP/Bsp_Uart.c ****         index = Bsp_UART_Port_7;
 2803              		.loc 1 600 15
 2804 0046 0323     		movs	r3, #3
 2805 0048 FB73     		strb	r3, [r7, #15]
 2806              	.L162:
 601:HW_Lib/STM32H7/BSP/Bsp_Uart.c ****     }
 602:HW_Lib/STM32H7/BSP/Bsp_Uart.c ****     else
 603:HW_Lib/STM32H7/BSP/Bsp_Uart.c ****         return;
 604:HW_Lib/STM32H7/BSP/Bsp_Uart.c **** 
 605:HW_Lib/STM32H7/BSP/Bsp_Uart.c ****     if (BspUart_Obj_List[index])
 2807              		.loc 1 605 25
 2808 004a FB7B     		ldrb	r3, [r7, #15]	@ zero_extendqisi2
 2809 004c 424A     		ldr	r2, .L171+16
 2810 004e 52F82330 		ldr	r3, [r2, r3, lsl #2]
 2811              		.loc 1 605 8
 2812 0052 002B     		cmp	r3, #0
 2813 0054 74D0     		beq	.L160
 606:HW_Lib/STM32H7/BSP/Bsp_Uart.c ****     {
 607:HW_Lib/STM32H7/BSP/Bsp_Uart.c ****         if (BspUart_Obj_List[index]->irq_type == BspUart_IRQ_Type_Idle)
 2814              		.loc 1 607 29
 2815 0056 FB7B     		ldrb	r3, [r7, #15]	@ zero_extendqisi2
 2816 0058 3F4A     		ldr	r2, .L171+16
 2817 005a 52F82330 		ldr	r3, [r2, r3, lsl #2]
 2818              		.loc 1 607 36
 2819 005e 93F85530 		ldrb	r3, [r3, #85]
 2820 0062 DBB2     		uxtb	r3, r3
 2821              		.loc 1 607 12
 2822 0064 012B     		cmp	r3, #1
 2823 0066 39D1     		bne	.L167
 608:HW_Lib/STM32H7/BSP/Bsp_Uart.c ****         {
 609:HW_Lib/STM32H7/BSP/Bsp_Uart.c ****             if (BspUart_Obj_List[index]->RxCallback)
 2824              		.loc 1 609 33
 2825 0068 FB7B     		ldrb	r3, [r7, #15]	@ zero_extendqisi2
 2826 006a 3B4A     		ldr	r2, .L171+16
 2827 006c 52F82330 		ldr	r3, [r2, r3, lsl #2]
 2828              		.loc 1 609 40
ARM GAS  C:\Users\HUAV\AppData\Local\Temp\cciXU3YP.s 			page 122


 2829 0070 DB6B     		ldr	r3, [r3, #60]
 2830              		.loc 1 609 16
 2831 0072 002B     		cmp	r3, #0
 2832 0074 16D0     		beq	.L168
 610:HW_Lib/STM32H7/BSP/Bsp_Uart.c ****                 BspUart_Obj_List[index]->RxCallback(BspUart_Obj_List[index]->cust_data_addr,
 2833              		.loc 1 610 33
 2834 0076 FB7B     		ldrb	r3, [r7, #15]	@ zero_extendqisi2
 2835 0078 374A     		ldr	r2, .L171+16
 2836 007a 52F82330 		ldr	r3, [r2, r3, lsl #2]
 2837              		.loc 1 610 40
 2838 007e DB6B     		ldr	r3, [r3, #60]
 2839              		.loc 1 610 69
 2840 0080 FA7B     		ldrb	r2, [r7, #15]	@ zero_extendqisi2
 2841 0082 3549     		ldr	r1, .L171+16
 2842 0084 51F82220 		ldr	r2, [r1, r2, lsl #2]
 2843              		.loc 1 610 17
 2844 0088 106D     		ldr	r0, [r2, #80]
 611:HW_Lib/STM32H7/BSP/Bsp_Uart.c ****                                                     BspUart_Obj_List[index]->rx_buf,
 2845              		.loc 1 611 69
 2846 008a FA7B     		ldrb	r2, [r7, #15]	@ zero_extendqisi2
 2847 008c 3249     		ldr	r1, .L171+16
 2848 008e 51F82220 		ldr	r2, [r1, r2, lsl #2]
 610:HW_Lib/STM32H7/BSP/Bsp_Uart.c ****                 BspUart_Obj_List[index]->RxCallback(BspUart_Obj_List[index]->cust_data_addr,
 2849              		.loc 1 610 17
 2850 0092 116C     		ldr	r1, [r2, #64]
 612:HW_Lib/STM32H7/BSP/Bsp_Uart.c ****                                                     BspUart_Obj_List[index]->rx_size);
 2851              		.loc 1 612 69
 2852 0094 FA7B     		ldrb	r2, [r7, #15]	@ zero_extendqisi2
 2853 0096 304C     		ldr	r4, .L171+16
 2854 0098 54F82220 		ldr	r2, [r4, r2, lsl #2]
 610:HW_Lib/STM32H7/BSP/Bsp_Uart.c ****                 BspUart_Obj_List[index]->RxCallback(BspUart_Obj_List[index]->cust_data_addr,
 2855              		.loc 1 610 17
 2856 009c B2F84420 		ldrh	r2, [r2, #68]	@ movhi
 2857 00a0 92B2     		uxth	r2, r2
 2858 00a2 9847     		blx	r3
 2859              	.LVL9:
 2860              	.L168:
 613:HW_Lib/STM32H7/BSP/Bsp_Uart.c **** 
 614:HW_Lib/STM32H7/BSP/Bsp_Uart.c ****             HAL_UART_Receive_DMA((UART_HandleTypeDef *)(BspUart_Obj_List[index]->hdl), BspUart_Obj_
 2861              		.loc 1 614 73
 2862 00a4 FB7B     		ldrb	r3, [r7, #15]	@ zero_extendqisi2
 2863 00a6 2C4A     		ldr	r2, .L171+16
 2864 00a8 52F82330 		ldr	r3, [r2, r3, lsl #2]
 2865              		.loc 1 614 80
 2866 00ac D868     		ldr	r0, [r3, #12]
 2867              		.loc 1 614 104
 2868 00ae FB7B     		ldrb	r3, [r7, #15]	@ zero_extendqisi2
 2869 00b0 294A     		ldr	r2, .L171+16
 2870 00b2 52F82330 		ldr	r3, [r2, r3, lsl #2]
 2871              		.loc 1 614 13
 2872 00b6 196C     		ldr	r1, [r3, #64]
 2873              		.loc 1 614 137
 2874 00b8 FB7B     		ldrb	r3, [r7, #15]	@ zero_extendqisi2
 2875 00ba 274A     		ldr	r2, .L171+16
 2876 00bc 52F82330 		ldr	r3, [r2, r3, lsl #2]
 2877              		.loc 1 614 13
 2878 00c0 B3F84430 		ldrh	r3, [r3, #68]	@ movhi
ARM GAS  C:\Users\HUAV\AppData\Local\Temp\cciXU3YP.s 			page 123


 2879 00c4 9BB2     		uxth	r3, r3
 2880 00c6 1A46     		mov	r2, r3
 2881 00c8 FFF7FEFF 		bl	HAL_UART_Receive_DMA
 615:HW_Lib/STM32H7/BSP/Bsp_Uart.c **** 
 616:HW_Lib/STM32H7/BSP/Bsp_Uart.c ****             BspUart_Obj_List[index]->monitor.rx_full_cnt++;
 2882              		.loc 1 616 29
 2883 00cc FB7B     		ldrb	r3, [r7, #15]	@ zero_extendqisi2
 2884 00ce 224A     		ldr	r2, .L171+16
 2885 00d0 52F82330 		ldr	r3, [r2, r3, lsl #2]
 2886              		.loc 1 616 45
 2887 00d4 9A6E     		ldr	r2, [r3, #104]
 2888              		.loc 1 616 57
 2889 00d6 0132     		adds	r2, r2, #1
 2890 00d8 9A66     		str	r2, [r3, #104]
 2891 00da 31E0     		b	.L160
 2892              	.L167:
 617:HW_Lib/STM32H7/BSP/Bsp_Uart.c ****         }
 618:HW_Lib/STM32H7/BSP/Bsp_Uart.c ****         else if (BspUart_Obj_List[index]->irq_type == BspUart_IRQ_Type_Byte)
 2893              		.loc 1 618 34
 2894 00dc FB7B     		ldrb	r3, [r7, #15]	@ zero_extendqisi2
 2895 00de 1E4A     		ldr	r2, .L171+16
 2896 00e0 52F82330 		ldr	r3, [r2, r3, lsl #2]
 2897              		.loc 1 618 41
 2898 00e4 93F85530 		ldrb	r3, [r3, #85]
 2899 00e8 DBB2     		uxtb	r3, r3
 2900              		.loc 1 618 17
 2901 00ea 022B     		cmp	r3, #2
 2902 00ec 28D1     		bne	.L160
 619:HW_Lib/STM32H7/BSP/Bsp_Uart.c ****         {
 620:HW_Lib/STM32H7/BSP/Bsp_Uart.c ****             if (BspUart_Obj_List[index]->RxCallback)
 2903              		.loc 1 620 33
 2904 00ee FB7B     		ldrb	r3, [r7, #15]	@ zero_extendqisi2
 2905 00f0 194A     		ldr	r2, .L171+16
 2906 00f2 52F82330 		ldr	r3, [r2, r3, lsl #2]
 2907              		.loc 1 620 40
 2908 00f6 DB6B     		ldr	r3, [r3, #60]
 2909              		.loc 1 620 16
 2910 00f8 002B     		cmp	r3, #0
 2911 00fa 11D0     		beq	.L169
 621:HW_Lib/STM32H7/BSP/Bsp_Uart.c ****                 BspUart_Obj_List[index]->RxCallback(BspUart_Obj_List[index]->cust_data_addr, &BspUa
 2912              		.loc 1 621 33
 2913 00fc FB7B     		ldrb	r3, [r7, #15]	@ zero_extendqisi2
 2914 00fe 164A     		ldr	r2, .L171+16
 2915 0100 52F82330 		ldr	r3, [r2, r3, lsl #2]
 2916              		.loc 1 621 40
 2917 0104 DB6B     		ldr	r3, [r3, #60]
 2918              		.loc 1 621 69
 2919 0106 FA7B     		ldrb	r2, [r7, #15]	@ zero_extendqisi2
 2920 0108 1349     		ldr	r1, .L171+16
 2921 010a 51F82220 		ldr	r2, [r1, r2, lsl #2]
 2922              		.loc 1 621 17
 2923 010e 106D     		ldr	r0, [r2, #80]
 2924              		.loc 1 621 111
 2925 0110 FA7B     		ldrb	r2, [r7, #15]	@ zero_extendqisi2
 2926 0112 1149     		ldr	r1, .L171+16
 2927 0114 51F82220 		ldr	r2, [r1, r2, lsl #2]
 2928              		.loc 1 621 94
ARM GAS  C:\Users\HUAV\AppData\Local\Temp\cciXU3YP.s 			page 124


 2929 0118 02F14E01 		add	r1, r2, #78
 2930              		.loc 1 621 17
 2931 011c 0122     		movs	r2, #1
 2932 011e 9847     		blx	r3
 2933              	.LVL10:
 2934              	.L169:
 622:HW_Lib/STM32H7/BSP/Bsp_Uart.c **** 
 623:HW_Lib/STM32H7/BSP/Bsp_Uart.c ****             HAL_UART_Receive_IT((UART_HandleTypeDef *)(BspUart_Obj_List[index]->hdl), &BspUart_Obj_
 2935              		.loc 1 623 72
 2936 0120 FB7B     		ldrb	r3, [r7, #15]	@ zero_extendqisi2
 2937 0122 0D4A     		ldr	r2, .L171+16
 2938 0124 52F82330 		ldr	r3, [r2, r3, lsl #2]
 2939              		.loc 1 623 79
 2940 0128 D868     		ldr	r0, [r3, #12]
 2941              		.loc 1 623 104
 2942 012a FB7B     		ldrb	r3, [r7, #15]	@ zero_extendqisi2
 2943 012c 0A4A     		ldr	r2, .L171+16
 2944 012e 52F82330 		ldr	r3, [r2, r3, lsl #2]
 2945              		.loc 1 623 87
 2946 0132 4E33     		adds	r3, r3, #78
 2947              		.loc 1 623 13
 2948 0134 0122     		movs	r2, #1
 2949 0136 1946     		mov	r1, r3
 2950 0138 FFF7FEFF 		bl	HAL_UART_Receive_IT
 2951 013c 00E0     		b	.L160
 2952              	.L170:
 603:HW_Lib/STM32H7/BSP/Bsp_Uart.c **** 
 2953              		.loc 1 603 9
 2954 013e 00BF     		nop
 2955              	.L160:
 624:HW_Lib/STM32H7/BSP/Bsp_Uart.c ****         }
 625:HW_Lib/STM32H7/BSP/Bsp_Uart.c ****     }
 626:HW_Lib/STM32H7/BSP/Bsp_Uart.c **** }
 2956              		.loc 1 626 1
 2957 0140 1437     		adds	r7, r7, #20
 2958              	.LCFI81:
 2959              		.cfi_def_cfa_offset 12
 2960 0142 BD46     		mov	sp, r7
 2961              	.LCFI82:
 2962              		.cfi_def_cfa_register 13
 2963              		@ sp needed
 2964 0144 90BD     		pop	{r4, r7, pc}
 2965              	.L172:
 2966 0146 00BF     		.align	2
 2967              	.L171:
 2968 0148 00100140 		.word	1073811456
 2969 014c 004C0040 		.word	1073761280
 2970 0150 00140140 		.word	1073812480
 2971 0154 00780040 		.word	1073772544
 2972 0158 00000000 		.word	BspUart_Obj_List
 2973              		.cfi_endproc
 2974              	.LFE348:
 2976              		.section	.text.HAL_UART_TxCpltCallback,"ax",%progbits
 2977              		.align	1
 2978              		.global	HAL_UART_TxCpltCallback
 2979              		.syntax unified
 2980              		.thumb
ARM GAS  C:\Users\HUAV\AppData\Local\Temp\cciXU3YP.s 			page 125


 2981              		.thumb_func
 2983              	HAL_UART_TxCpltCallback:
 2984              	.LFB349:
 627:HW_Lib/STM32H7/BSP/Bsp_Uart.c **** 
 628:HW_Lib/STM32H7/BSP/Bsp_Uart.c **** /* transfer full */
 629:HW_Lib/STM32H7/BSP/Bsp_Uart.c **** void HAL_UART_TxCpltCallback(UART_HandleTypeDef *huart)
 630:HW_Lib/STM32H7/BSP/Bsp_Uart.c **** {
 2985              		.loc 1 630 1
 2986              		.cfi_startproc
 2987              		@ args = 0, pretend = 0, frame = 16
 2988              		@ frame_needed = 1, uses_anonymous_args = 0
 2989 0000 80B5     		push	{r7, lr}
 2990              	.LCFI83:
 2991              		.cfi_def_cfa_offset 8
 2992              		.cfi_offset 7, -8
 2993              		.cfi_offset 14, -4
 2994 0002 84B0     		sub	sp, sp, #16
 2995              	.LCFI84:
 2996              		.cfi_def_cfa_offset 24
 2997 0004 00AF     		add	r7, sp, #0
 2998              	.LCFI85:
 2999              		.cfi_def_cfa_register 7
 3000 0006 7860     		str	r0, [r7, #4]
 631:HW_Lib/STM32H7/BSP/Bsp_Uart.c ****     uint8_t index = 0;
 3001              		.loc 1 631 13
 3002 0008 0023     		movs	r3, #0
 3003 000a FB73     		strb	r3, [r7, #15]
 632:HW_Lib/STM32H7/BSP/Bsp_Uart.c **** 
 633:HW_Lib/STM32H7/BSP/Bsp_Uart.c ****     if(huart == NULL)
 3004              		.loc 1 633 7
 3005 000c 7B68     		ldr	r3, [r7, #4]
 3006 000e 002B     		cmp	r3, #0
 3007 0010 40D0     		beq	.L181
 634:HW_Lib/STM32H7/BSP/Bsp_Uart.c ****         return;
 635:HW_Lib/STM32H7/BSP/Bsp_Uart.c **** 
 636:HW_Lib/STM32H7/BSP/Bsp_Uart.c ****     if(huart->Instance == USART1)
 3008              		.loc 1 636 13
 3009 0012 7B68     		ldr	r3, [r7, #4]
 3010 0014 1B68     		ldr	r3, [r3]
 3011              		.loc 1 636 7
 3012 0016 224A     		ldr	r2, .L183
 3013 0018 9342     		cmp	r3, r2
 3014 001a 02D1     		bne	.L176
 637:HW_Lib/STM32H7/BSP/Bsp_Uart.c ****     {
 638:HW_Lib/STM32H7/BSP/Bsp_Uart.c ****         index = Bsp_UART_Port_1;
 3015              		.loc 1 638 15
 3016 001c 0023     		movs	r3, #0
 3017 001e FB73     		strb	r3, [r7, #15]
 3018 0020 16E0     		b	.L177
 3019              	.L176:
 639:HW_Lib/STM32H7/BSP/Bsp_Uart.c ****     }
 640:HW_Lib/STM32H7/BSP/Bsp_Uart.c ****     else if (huart->Instance == UART4)
 3020              		.loc 1 640 19
 3021 0022 7B68     		ldr	r3, [r7, #4]
 3022 0024 1B68     		ldr	r3, [r3]
 3023              		.loc 1 640 13
 3024 0026 1F4A     		ldr	r2, .L183+4
ARM GAS  C:\Users\HUAV\AppData\Local\Temp\cciXU3YP.s 			page 126


 3025 0028 9342     		cmp	r3, r2
 3026 002a 02D1     		bne	.L178
 641:HW_Lib/STM32H7/BSP/Bsp_Uart.c ****     {
 642:HW_Lib/STM32H7/BSP/Bsp_Uart.c ****         index = Bsp_UART_Port_4;
 3027              		.loc 1 642 15
 3028 002c 0123     		movs	r3, #1
 3029 002e FB73     		strb	r3, [r7, #15]
 3030 0030 0EE0     		b	.L177
 3031              	.L178:
 643:HW_Lib/STM32H7/BSP/Bsp_Uart.c ****     }
 644:HW_Lib/STM32H7/BSP/Bsp_Uart.c ****     else if (huart->Instance == USART6)
 3032              		.loc 1 644 19
 3033 0032 7B68     		ldr	r3, [r7, #4]
 3034 0034 1B68     		ldr	r3, [r3]
 3035              		.loc 1 644 13
 3036 0036 1C4A     		ldr	r2, .L183+8
 3037 0038 9342     		cmp	r3, r2
 3038 003a 02D1     		bne	.L179
 645:HW_Lib/STM32H7/BSP/Bsp_Uart.c ****     {
 646:HW_Lib/STM32H7/BSP/Bsp_Uart.c ****         index = Bsp_UART_Port_6;
 3039              		.loc 1 646 15
 3040 003c 0223     		movs	r3, #2
 3041 003e FB73     		strb	r3, [r7, #15]
 3042 0040 06E0     		b	.L177
 3043              	.L179:
 647:HW_Lib/STM32H7/BSP/Bsp_Uart.c ****     }
 648:HW_Lib/STM32H7/BSP/Bsp_Uart.c ****     else if (huart->Instance == UART7)
 3044              		.loc 1 648 19
 3045 0042 7B68     		ldr	r3, [r7, #4]
 3046 0044 1B68     		ldr	r3, [r3]
 3047              		.loc 1 648 13
 3048 0046 194A     		ldr	r2, .L183+12
 3049 0048 9342     		cmp	r3, r2
 3050 004a 25D1     		bne	.L182
 649:HW_Lib/STM32H7/BSP/Bsp_Uart.c ****     {
 650:HW_Lib/STM32H7/BSP/Bsp_Uart.c ****         index = Bsp_UART_Port_7;
 3051              		.loc 1 650 15
 3052 004c 0323     		movs	r3, #3
 3053 004e FB73     		strb	r3, [r7, #15]
 3054              	.L177:
 651:HW_Lib/STM32H7/BSP/Bsp_Uart.c ****     }
 652:HW_Lib/STM32H7/BSP/Bsp_Uart.c ****     else
 653:HW_Lib/STM32H7/BSP/Bsp_Uart.c ****         return;
 654:HW_Lib/STM32H7/BSP/Bsp_Uart.c **** 
 655:HW_Lib/STM32H7/BSP/Bsp_Uart.c ****     if (BspUart_Obj_List[index])
 3055              		.loc 1 655 25
 3056 0050 FB7B     		ldrb	r3, [r7, #15]	@ zero_extendqisi2
 3057 0052 174A     		ldr	r2, .L183+16
 3058 0054 52F82330 		ldr	r3, [r2, r3, lsl #2]
 3059              		.loc 1 655 8
 3060 0058 002B     		cmp	r3, #0
 3061 005a 1ED0     		beq	.L173
 656:HW_Lib/STM32H7/BSP/Bsp_Uart.c ****     {
 657:HW_Lib/STM32H7/BSP/Bsp_Uart.c ****         BspUart_Obj_List[index]->monitor.tx_success_cnt ++;
 3062              		.loc 1 657 25
 3063 005c FB7B     		ldrb	r3, [r7, #15]	@ zero_extendqisi2
 3064 005e 144A     		ldr	r2, .L183+16
ARM GAS  C:\Users\HUAV\AppData\Local\Temp\cciXU3YP.s 			page 127


 3065 0060 52F82330 		ldr	r3, [r2, r3, lsl #2]
 3066              		.loc 1 657 41
 3067 0064 DA6E     		ldr	r2, [r3, #108]
 3068              		.loc 1 657 57
 3069 0066 0132     		adds	r2, r2, #1
 3070 0068 DA66     		str	r2, [r3, #108]
 658:HW_Lib/STM32H7/BSP/Bsp_Uart.c **** 
 659:HW_Lib/STM32H7/BSP/Bsp_Uart.c ****         if(BspUart_Obj_List[index]->TxCallback)
 3071              		.loc 1 659 28
 3072 006a FB7B     		ldrb	r3, [r7, #15]	@ zero_extendqisi2
 3073 006c 104A     		ldr	r2, .L183+16
 3074 006e 52F82330 		ldr	r3, [r2, r3, lsl #2]
 3075              		.loc 1 659 35
 3076 0072 9B6B     		ldr	r3, [r3, #56]
 3077              		.loc 1 659 11
 3078 0074 002B     		cmp	r3, #0
 3079 0076 10D0     		beq	.L173
 660:HW_Lib/STM32H7/BSP/Bsp_Uart.c ****             BspUart_Obj_List[index]->TxCallback(BspUart_Obj_List[index]->cust_data_addr, NULL, 0);
 3080              		.loc 1 660 29
 3081 0078 FB7B     		ldrb	r3, [r7, #15]	@ zero_extendqisi2
 3082 007a 0D4A     		ldr	r2, .L183+16
 3083 007c 52F82330 		ldr	r3, [r2, r3, lsl #2]
 3084              		.loc 1 660 36
 3085 0080 9B6B     		ldr	r3, [r3, #56]
 3086              		.loc 1 660 65
 3087 0082 FA7B     		ldrb	r2, [r7, #15]	@ zero_extendqisi2
 3088 0084 0A49     		ldr	r1, .L183+16
 3089 0086 51F82220 		ldr	r2, [r1, r2, lsl #2]
 3090              		.loc 1 660 13
 3091 008a 106D     		ldr	r0, [r2, #80]
 3092 008c 0022     		movs	r2, #0
 3093 008e 0021     		movs	r1, #0
 3094 0090 9847     		blx	r3
 3095              	.LVL11:
 3096 0092 02E0     		b	.L173
 3097              	.L181:
 634:HW_Lib/STM32H7/BSP/Bsp_Uart.c **** 
 3098              		.loc 1 634 9
 3099 0094 00BF     		nop
 3100 0096 00E0     		b	.L173
 3101              	.L182:
 653:HW_Lib/STM32H7/BSP/Bsp_Uart.c **** 
 3102              		.loc 1 653 9
 3103 0098 00BF     		nop
 3104              	.L173:
 661:HW_Lib/STM32H7/BSP/Bsp_Uart.c ****     }
 662:HW_Lib/STM32H7/BSP/Bsp_Uart.c **** }
 3105              		.loc 1 662 1
 3106 009a 1037     		adds	r7, r7, #16
 3107              	.LCFI86:
 3108              		.cfi_def_cfa_offset 8
 3109 009c BD46     		mov	sp, r7
 3110              	.LCFI87:
 3111              		.cfi_def_cfa_register 13
 3112              		@ sp needed
 3113 009e 80BD     		pop	{r7, pc}
 3114              	.L184:
ARM GAS  C:\Users\HUAV\AppData\Local\Temp\cciXU3YP.s 			page 128


 3115              		.align	2
 3116              	.L183:
 3117 00a0 00100140 		.word	1073811456
 3118 00a4 004C0040 		.word	1073761280
 3119 00a8 00140140 		.word	1073812480
 3120 00ac 00780040 		.word	1073772544
 3121 00b0 00000000 		.word	BspUart_Obj_List
 3122              		.cfi_endproc
 3123              	.LFE349:
 3125              		.section	.text.HAL_UART_ErrorCallback,"ax",%progbits
 3126              		.align	1
 3127              		.global	HAL_UART_ErrorCallback
 3128              		.syntax unified
 3129              		.thumb
 3130              		.thumb_func
 3132              	HAL_UART_ErrorCallback:
 3133              	.LFB350:
 663:HW_Lib/STM32H7/BSP/Bsp_Uart.c **** 
 664:HW_Lib/STM32H7/BSP/Bsp_Uart.c **** void HAL_UART_ErrorCallback(UART_HandleTypeDef *huart)
 665:HW_Lib/STM32H7/BSP/Bsp_Uart.c **** {
 3134              		.loc 1 665 1
 3135              		.cfi_startproc
 3136              		@ args = 0, pretend = 0, frame = 16
 3137              		@ frame_needed = 1, uses_anonymous_args = 0
 3138 0000 80B5     		push	{r7, lr}
 3139              	.LCFI88:
 3140              		.cfi_def_cfa_offset 8
 3141              		.cfi_offset 7, -8
 3142              		.cfi_offset 14, -4
 3143 0002 84B0     		sub	sp, sp, #16
 3144              	.LCFI89:
 3145              		.cfi_def_cfa_offset 24
 3146 0004 00AF     		add	r7, sp, #0
 3147              	.LCFI90:
 3148              		.cfi_def_cfa_register 7
 3149 0006 7860     		str	r0, [r7, #4]
 666:HW_Lib/STM32H7/BSP/Bsp_Uart.c ****     uint8_t index = 0;
 3150              		.loc 1 666 13
 3151 0008 0023     		movs	r3, #0
 3152 000a FB73     		strb	r3, [r7, #15]
 667:HW_Lib/STM32H7/BSP/Bsp_Uart.c ****     
 668:HW_Lib/STM32H7/BSP/Bsp_Uart.c ****     if(huart == NULL)
 3153              		.loc 1 668 7
 3154 000c 7B68     		ldr	r3, [r7, #4]
 3155 000e 002B     		cmp	r3, #0
 3156 0010 58D0     		beq	.L193
 669:HW_Lib/STM32H7/BSP/Bsp_Uart.c ****         return;
 670:HW_Lib/STM32H7/BSP/Bsp_Uart.c **** 
 671:HW_Lib/STM32H7/BSP/Bsp_Uart.c ****     if(huart->Instance == USART1)
 3157              		.loc 1 671 13
 3158 0012 7B68     		ldr	r3, [r7, #4]
 3159 0014 1B68     		ldr	r3, [r3]
 3160              		.loc 1 671 7
 3161 0016 2E4A     		ldr	r2, .L195
 3162 0018 9342     		cmp	r3, r2
 3163 001a 02D1     		bne	.L188
 672:HW_Lib/STM32H7/BSP/Bsp_Uart.c ****     {
ARM GAS  C:\Users\HUAV\AppData\Local\Temp\cciXU3YP.s 			page 129


 673:HW_Lib/STM32H7/BSP/Bsp_Uart.c ****         index = Bsp_UART_Port_1;
 3164              		.loc 1 673 15
 3165 001c 0023     		movs	r3, #0
 3166 001e FB73     		strb	r3, [r7, #15]
 3167 0020 16E0     		b	.L189
 3168              	.L188:
 674:HW_Lib/STM32H7/BSP/Bsp_Uart.c ****     }
 675:HW_Lib/STM32H7/BSP/Bsp_Uart.c ****     else if (huart->Instance == UART4)
 3169              		.loc 1 675 19
 3170 0022 7B68     		ldr	r3, [r7, #4]
 3171 0024 1B68     		ldr	r3, [r3]
 3172              		.loc 1 675 13
 3173 0026 2B4A     		ldr	r2, .L195+4
 3174 0028 9342     		cmp	r3, r2
 3175 002a 02D1     		bne	.L190
 676:HW_Lib/STM32H7/BSP/Bsp_Uart.c ****     {
 677:HW_Lib/STM32H7/BSP/Bsp_Uart.c ****         index = Bsp_UART_Port_4;
 3176              		.loc 1 677 15
 3177 002c 0123     		movs	r3, #1
 3178 002e FB73     		strb	r3, [r7, #15]
 3179 0030 0EE0     		b	.L189
 3180              	.L190:
 678:HW_Lib/STM32H7/BSP/Bsp_Uart.c ****     }
 679:HW_Lib/STM32H7/BSP/Bsp_Uart.c ****     else if (huart->Instance == USART6)
 3181              		.loc 1 679 19
 3182 0032 7B68     		ldr	r3, [r7, #4]
 3183 0034 1B68     		ldr	r3, [r3]
 3184              		.loc 1 679 13
 3185 0036 284A     		ldr	r2, .L195+8
 3186 0038 9342     		cmp	r3, r2
 3187 003a 02D1     		bne	.L191
 680:HW_Lib/STM32H7/BSP/Bsp_Uart.c ****     {
 681:HW_Lib/STM32H7/BSP/Bsp_Uart.c ****         index = Bsp_UART_Port_6;
 3188              		.loc 1 681 15
 3189 003c 0223     		movs	r3, #2
 3190 003e FB73     		strb	r3, [r7, #15]
 3191 0040 06E0     		b	.L189
 3192              	.L191:
 682:HW_Lib/STM32H7/BSP/Bsp_Uart.c ****     }
 683:HW_Lib/STM32H7/BSP/Bsp_Uart.c ****     else if (huart->Instance == UART7)
 3193              		.loc 1 683 19
 3194 0042 7B68     		ldr	r3, [r7, #4]
 3195 0044 1B68     		ldr	r3, [r3]
 3196              		.loc 1 683 13
 3197 0046 254A     		ldr	r2, .L195+12
 3198 0048 9342     		cmp	r3, r2
 3199 004a 3DD1     		bne	.L194
 684:HW_Lib/STM32H7/BSP/Bsp_Uart.c ****     {
 685:HW_Lib/STM32H7/BSP/Bsp_Uart.c ****         index = Bsp_UART_Port_7;
 3200              		.loc 1 685 15
 3201 004c 0323     		movs	r3, #3
 3202 004e FB73     		strb	r3, [r7, #15]
 3203              	.L189:
 686:HW_Lib/STM32H7/BSP/Bsp_Uart.c ****     }
 687:HW_Lib/STM32H7/BSP/Bsp_Uart.c ****     else
 688:HW_Lib/STM32H7/BSP/Bsp_Uart.c ****         return;
 689:HW_Lib/STM32H7/BSP/Bsp_Uart.c ****  
ARM GAS  C:\Users\HUAV\AppData\Local\Temp\cciXU3YP.s 			page 130


 690:HW_Lib/STM32H7/BSP/Bsp_Uart.c ****     if (BspUart_Obj_List[index] && huart->ErrorCode)
 3204              		.loc 1 690 25
 3205 0050 FB7B     		ldrb	r3, [r7, #15]	@ zero_extendqisi2
 3206 0052 234A     		ldr	r2, .L195+16
 3207 0054 52F82330 		ldr	r3, [r2, r3, lsl #2]
 3208              		.loc 1 690 8
 3209 0058 002B     		cmp	r3, #0
 3210 005a 36D0     		beq	.L185
 3211              		.loc 1 690 41 discriminator 1
 3212 005c 7B68     		ldr	r3, [r7, #4]
 3213 005e D3F88C30 		ldr	r3, [r3, #140]
 3214              		.loc 1 690 33 discriminator 1
 3215 0062 002B     		cmp	r3, #0
 3216 0064 31D0     		beq	.L185
 691:HW_Lib/STM32H7/BSP/Bsp_Uart.c ****     {
 692:HW_Lib/STM32H7/BSP/Bsp_Uart.c ****         BspUart_Obj_List[index]->monitor.rx_err_cnt ++;
 3217              		.loc 1 692 25
 3218 0066 FB7B     		ldrb	r3, [r7, #15]	@ zero_extendqisi2
 3219 0068 1D4A     		ldr	r2, .L195+16
 3220 006a 52F82330 		ldr	r3, [r2, r3, lsl #2]
 3221              		.loc 1 692 41
 3222 006e 1A6E     		ldr	r2, [r3, #96]
 3223              		.loc 1 692 53
 3224 0070 0132     		adds	r2, r2, #1
 3225 0072 1A66     		str	r2, [r3, #96]
 693:HW_Lib/STM32H7/BSP/Bsp_Uart.c ****         
 694:HW_Lib/STM32H7/BSP/Bsp_Uart.c ****         if(BspUart_Obj_List[index]->irq_type == BspUart_IRQ_Type_Byte)
 3226              		.loc 1 694 28
 3227 0074 FB7B     		ldrb	r3, [r7, #15]	@ zero_extendqisi2
 3228 0076 1A4A     		ldr	r2, .L195+16
 3229 0078 52F82330 		ldr	r3, [r2, r3, lsl #2]
 3230              		.loc 1 694 35
 3231 007c 93F85530 		ldrb	r3, [r3, #85]
 3232 0080 DBB2     		uxtb	r3, r3
 3233              		.loc 1 694 11
 3234 0082 022B     		cmp	r3, #2
 3235 0084 21D1     		bne	.L185
 695:HW_Lib/STM32H7/BSP/Bsp_Uart.c ****         {
 696:HW_Lib/STM32H7/BSP/Bsp_Uart.c ****             if(huart->ErrorCode && HAL_UART_ERROR_ORE)
 3236              		.loc 1 696 21
 3237 0086 7B68     		ldr	r3, [r7, #4]
 3238 0088 D3F88C30 		ldr	r3, [r3, #140]
 3239              		.loc 1 696 15
 3240 008c 002B     		cmp	r3, #0
 3241 008e 1CD0     		beq	.L185
 3242              	.LBB31:
 697:HW_Lib/STM32H7/BSP/Bsp_Uart.c ****             {
 698:HW_Lib/STM32H7/BSP/Bsp_Uart.c ****                 BspUart_Obj_List[index]->monitor.ore_cnt ++;
 3243              		.loc 1 698 33
 3244 0090 FB7B     		ldrb	r3, [r7, #15]	@ zero_extendqisi2
 3245 0092 134A     		ldr	r2, .L195+16
 3246 0094 52F82330 		ldr	r3, [r2, r3, lsl #2]
 3247              		.loc 1 698 49
 3248 0098 5A6E     		ldr	r2, [r3, #100]
 3249              		.loc 1 698 58
 3250 009a 0132     		adds	r2, r2, #1
 3251 009c 5A66     		str	r2, [r3, #100]
ARM GAS  C:\Users\HUAV\AppData\Local\Temp\cciXU3YP.s 			page 131


 699:HW_Lib/STM32H7/BSP/Bsp_Uart.c **** 
 700:HW_Lib/STM32H7/BSP/Bsp_Uart.c ****                 uint8_t temp = huart->Instance->RDR;
 3252              		.loc 1 700 37
 3253 009e 7B68     		ldr	r3, [r7, #4]
 3254 00a0 1B68     		ldr	r3, [r3]
 3255              		.loc 1 700 47
 3256 00a2 5B6A     		ldr	r3, [r3, #36]
 3257              		.loc 1 700 25
 3258 00a4 BB73     		strb	r3, [r7, #14]
 701:HW_Lib/STM32H7/BSP/Bsp_Uart.c ****                 HAL_UART_Receive_IT((UART_HandleTypeDef *)(BspUart_Obj_List[index]->hdl), (uint8_t 
 3259              		.loc 1 701 76
 3260 00a6 FB7B     		ldrb	r3, [r7, #15]	@ zero_extendqisi2
 3261 00a8 0D4A     		ldr	r2, .L195+16
 3262 00aa 52F82330 		ldr	r3, [r2, r3, lsl #2]
 3263              		.loc 1 701 83
 3264 00ae D868     		ldr	r0, [r3, #12]
 3265              		.loc 1 701 119
 3266 00b0 FB7B     		ldrb	r3, [r7, #15]	@ zero_extendqisi2
 3267 00b2 0B4A     		ldr	r2, .L195+16
 3268 00b4 52F82330 		ldr	r3, [r2, r3, lsl #2]
 3269              		.loc 1 701 102
 3270 00b8 4E33     		adds	r3, r3, #78
 3271              		.loc 1 701 17
 3272 00ba 0122     		movs	r2, #1
 3273 00bc 1946     		mov	r1, r3
 3274 00be FFF7FEFF 		bl	HAL_UART_Receive_IT
 3275 00c2 02E0     		b	.L185
 3276              	.L193:
 3277              	.LBE31:
 669:HW_Lib/STM32H7/BSP/Bsp_Uart.c **** 
 3278              		.loc 1 669 9
 3279 00c4 00BF     		nop
 3280 00c6 00E0     		b	.L185
 3281              	.L194:
 688:HW_Lib/STM32H7/BSP/Bsp_Uart.c ****  
 3282              		.loc 1 688 9
 3283 00c8 00BF     		nop
 3284              	.L185:
 702:HW_Lib/STM32H7/BSP/Bsp_Uart.c ****             }
 703:HW_Lib/STM32H7/BSP/Bsp_Uart.c ****         }
 704:HW_Lib/STM32H7/BSP/Bsp_Uart.c ****     }
 705:HW_Lib/STM32H7/BSP/Bsp_Uart.c **** }
 3285              		.loc 1 705 1
 3286 00ca 1037     		adds	r7, r7, #16
 3287              	.LCFI91:
 3288              		.cfi_def_cfa_offset 8
 3289 00cc BD46     		mov	sp, r7
 3290              	.LCFI92:
 3291              		.cfi_def_cfa_register 13
 3292              		@ sp needed
 3293 00ce 80BD     		pop	{r7, pc}
 3294              	.L196:
 3295              		.align	2
 3296              	.L195:
 3297 00d0 00100140 		.word	1073811456
 3298 00d4 004C0040 		.word	1073761280
 3299 00d8 00140140 		.word	1073812480
ARM GAS  C:\Users\HUAV\AppData\Local\Temp\cciXU3YP.s 			page 132


 3300 00dc 00780040 		.word	1073772544
 3301 00e0 00000000 		.word	BspUart_Obj_List
 3302              		.cfi_endproc
 3303              	.LFE350:
 3305              		.section	.bss.hdl.1,"aw",%nobits
 3306              		.align	2
 3309              	hdl.1:
 3310 0000 00000000 		.space	4
 3311              		.section	.bss.rx_dma.0,"aw",%nobits
 3312              		.align	2
 3315              	rx_dma.0:
 3316 0000 00000000 		.space	4
 3317              		.text
 3318              	.Letext0:
 3319              		.file 4 "HW_Lib/STM32H7/HAL_Lib/CMSIS/Device/ST/STM32H7xx/Include/stm32h743xx.h"
 3320              		.file 5 "d:\\hpm-compile-tool\\gcc-arm-none-eabi-10.3-win\\arm-none-eabi\\include\\machine\\_defau
 3321              		.file 6 "d:\\hpm-compile-tool\\gcc-arm-none-eabi-10.3-win\\arm-none-eabi\\include\\sys\\_stdint.h"
 3322              		.file 7 "HW_Lib/STM32H7/HAL_Lib/CMSIS/Device/ST/STM32H7xx/Include/stm32h7xx.h"
 3323              		.file 8 "HW_Lib/STM32H7/HAL_Lib/STM32H7xx_HAL_Driver/Inc/stm32h7xx_hal_def.h"
 3324              		.file 9 "HW_Lib/STM32H7/HAL_Lib/STM32H7xx_HAL_Driver/Inc/stm32h7xx_hal_rcc_ex.h"
 3325              		.file 10 "HW_Lib/STM32H7/HAL_Lib/STM32H7xx_HAL_Driver/Inc/stm32h7xx_hal_dma.h"
 3326              		.file 11 "HW_Lib/STM32H7/HAL_Lib/STM32H7xx_HAL_Driver/Inc/stm32h7xx_hal_uart.h"
 3327              		.file 12 "HW_Lib/PortApi_Def/Bsp_GPIO_Port_Def.h"
 3328              		.file 13 "HW_Lib/PortApi_Def/Bsp_Uart_Port_Def.h"
 3329              		.file 14 "HW_Lib/PortApi_Def/Bsp_DMA_Port_Def.h"
 3330              		.file 15 "HW_Lib/STM32H7/BSP/Bsp_GPIO.h"
 3331              		.file 16 "HW_Lib/STM32H7/BSP/Bsp_DMA.h"
 3332              		.file 17 "HW_Lib/STM32H7/BSP/Bsp_Uart.h"
ARM GAS  C:\Users\HUAV\AppData\Local\Temp\cciXU3YP.s 			page 133


DEFINED SYMBOLS
                            *ABS*:00000000 Bsp_Uart.c
C:\Users\HUAV\AppData\Local\Temp\cciXU3YP.s:19     .bss.BspUart_Obj_List:00000000 $d
C:\Users\HUAV\AppData\Local\Temp\cciXU3YP.s:22     .bss.BspUart_Obj_List:00000000 BspUart_Obj_List
C:\Users\HUAV\AppData\Local\Temp\cciXU3YP.s:29     .data.BspUart:00000000 BspUart
C:\Users\HUAV\AppData\Local\Temp\cciXU3YP.s:26     .data.BspUart:00000000 $d
C:\Users\HUAV\AppData\Local\Temp\cciXU3YP.s:830    .text.BspUart_Init:00000000 BspUart_Init
C:\Users\HUAV\AppData\Local\Temp\cciXU3YP.s:1208   .text.BspUart_DeInit:00000000 BspUart_DeInit
C:\Users\HUAV\AppData\Local\Temp\cciXU3YP.s:1530   .text.BspUart_Set_Parity:00000000 BspUart_Set_Parity
C:\Users\HUAV\AppData\Local\Temp\cciXU3YP.s:1609   .text.BspUart_Set_StopBit:00000000 BspUart_Set_StopBit
C:\Users\HUAV\AppData\Local\Temp\cciXU3YP.s:1451   .text.BspUart_Set_DataBit:00000000 BspUart_Set_DataBit
C:\Users\HUAV\AppData\Local\Temp\cciXU3YP.s:1688   .text.BspUart_Swap_Pin:00000000 BspUart_Swap_Pin
C:\Users\HUAV\AppData\Local\Temp\cciXU3YP.s:1847   .text.BspUart_Transfer:00000000 BspUart_Transfer
C:\Users\HUAV\AppData\Local\Temp\cciXU3YP.s:2087   .text.BspUart_Set_Rx_Callback:00000000 BspUart_Set_Rx_Callback
C:\Users\HUAV\AppData\Local\Temp\cciXU3YP.s:2144   .text.BspUart_Set_Tx_Callback:00000000 BspUart_Set_Tx_Callback
C:\Users\HUAV\AppData\Local\Temp\cciXU3YP.s:41     .text.BspUart_Init_Clock:00000000 $t
C:\Users\HUAV\AppData\Local\Temp\cciXU3YP.s:46     .text.BspUart_Init_Clock:00000000 BspUart_Init_Clock
C:\Users\HUAV\AppData\Local\Temp\cciXU3YP.s:302    .text.BspUart_Init_Clock:000001a0 $d
C:\Users\HUAV\AppData\Local\Temp\cciXU3YP.s:312    .text.BspUart_Init_DMA:00000000 $t
C:\Users\HUAV\AppData\Local\Temp\cciXU3YP.s:317    .text.BspUart_Init_DMA:00000000 BspUart_Init_DMA
C:\Users\HUAV\AppData\Local\Temp\cciXU3YP.s:664    .text.BspUart_Init_DMA:00000240 $d
C:\Users\HUAV\AppData\Local\Temp\cciXU3YP.s:673    .text.BspUart_SetIRQ:00000000 $t
C:\Users\HUAV\AppData\Local\Temp\cciXU3YP.s:678    .text.BspUart_SetIRQ:00000000 BspUart_SetIRQ
C:\Users\HUAV\AppData\Local\Temp\cciXU3YP.s:817    .text.BspUart_SetIRQ:000000b0 $d
C:\Users\HUAV\AppData\Local\Temp\cciXU3YP.s:825    .text.BspUart_Init:00000000 $t
C:\Users\HUAV\AppData\Local\Temp\cciXU3YP.s:1198   .text.BspUart_Init:00000210 $d
C:\Users\HUAV\AppData\Local\Temp\cciXU3YP.s:1203   .text.BspUart_DeInit:00000000 $t
C:\Users\HUAV\AppData\Local\Temp\cciXU3YP.s:1436   .text.BspUart_DeInit:00000154 $d
C:\Users\HUAV\AppData\Local\Temp\cciXU3YP.s:1446   .text.BspUart_Set_DataBit:00000000 $t
C:\Users\HUAV\AppData\Local\Temp\cciXU3YP.s:1525   .text.BspUart_Set_Parity:00000000 $t
C:\Users\HUAV\AppData\Local\Temp\cciXU3YP.s:1604   .text.BspUart_Set_StopBit:00000000 $t
C:\Users\HUAV\AppData\Local\Temp\cciXU3YP.s:1683   .text.BspUart_Swap_Pin:00000000 $t
C:\Users\HUAV\AppData\Local\Temp\cciXU3YP.s:1780   .text.BspUart_GetObj_Handle:00000000 $t
C:\Users\HUAV\AppData\Local\Temp\cciXU3YP.s:1786   .text.BspUart_GetObj_Handle:00000000 BspUart_GetObj_Handle
C:\Users\HUAV\AppData\Local\Temp\cciXU3YP.s:1837   .text.BspUart_GetObj_Handle:0000002c $d
C:\Users\HUAV\AppData\Local\Temp\cciXU3YP.s:1842   .text.BspUart_Transfer:00000000 $t
C:\Users\HUAV\AppData\Local\Temp\cciXU3YP.s:1968   .text.BspUart_DMAStopRx:00000000 $t
C:\Users\HUAV\AppData\Local\Temp\cciXU3YP.s:1973   .text.BspUart_DMAStopRx:00000000 BspUart_DMAStopRx
C:\Users\HUAV\AppData\Local\Temp\cciXU3YP.s:2077   .text.BspUart_DMAStopRx:00000090 $d
C:\Users\HUAV\AppData\Local\Temp\cciXU3YP.s:2082   .text.BspUart_Set_Rx_Callback:00000000 $t
C:\Users\HUAV\AppData\Local\Temp\cciXU3YP.s:2139   .text.BspUart_Set_Tx_Callback:00000000 $t
C:\Users\HUAV\AppData\Local\Temp\cciXU3YP.s:2196   .text.UART_IRQ_Callback:00000000 $t
C:\Users\HUAV\AppData\Local\Temp\cciXU3YP.s:2202   .text.UART_IRQ_Callback:00000000 UART_IRQ_Callback
C:\Users\HUAV\AppData\Local\Temp\cciXU3YP.s:2600   .text.UART_IRQ_Callback:00000234 $d
C:\Users\HUAV\AppData\Local\Temp\cciXU3YP.s:3309   .bss.hdl.1:00000000 hdl.1
C:\Users\HUAV\AppData\Local\Temp\cciXU3YP.s:3315   .bss.rx_dma.0:00000000 rx_dma.0
C:\Users\HUAV\AppData\Local\Temp\cciXU3YP.s:2622   .text.UART_IRQ_Callback:00000284 $t
C:\Users\HUAV\AppData\Local\Temp\cciXU3YP.s:2726   .text.UART_IRQ_Callback:0000031c $d
C:\Users\HUAV\AppData\Local\Temp\cciXU3YP.s:2732   .text.HAL_UART_RxCpltCallback:00000000 $t
C:\Users\HUAV\AppData\Local\Temp\cciXU3YP.s:2738   .text.HAL_UART_RxCpltCallback:00000000 HAL_UART_RxCpltCallback
C:\Users\HUAV\AppData\Local\Temp\cciXU3YP.s:2968   .text.HAL_UART_RxCpltCallback:00000148 $d
C:\Users\HUAV\AppData\Local\Temp\cciXU3YP.s:2977   .text.HAL_UART_TxCpltCallback:00000000 $t
C:\Users\HUAV\AppData\Local\Temp\cciXU3YP.s:2983   .text.HAL_UART_TxCpltCallback:00000000 HAL_UART_TxCpltCallback
C:\Users\HUAV\AppData\Local\Temp\cciXU3YP.s:3117   .text.HAL_UART_TxCpltCallback:000000a0 $d
C:\Users\HUAV\AppData\Local\Temp\cciXU3YP.s:3126   .text.HAL_UART_ErrorCallback:00000000 $t
C:\Users\HUAV\AppData\Local\Temp\cciXU3YP.s:3132   .text.HAL_UART_ErrorCallback:00000000 HAL_UART_ErrorCallback
C:\Users\HUAV\AppData\Local\Temp\cciXU3YP.s:3297   .text.HAL_UART_ErrorCallback:000000d0 $d
ARM GAS  C:\Users\HUAV\AppData\Local\Temp\cciXU3YP.s 			page 134


C:\Users\HUAV\AppData\Local\Temp\cciXU3YP.s:3306   .bss.hdl.1:00000000 $d
C:\Users\HUAV\AppData\Local\Temp\cciXU3YP.s:3312   .bss.rx_dma.0:00000000 $d

UNDEFINED SYMBOLS
memset
HAL_RCCEx_PeriphCLKConfig
BspGPIO
memcpy
HAL_DMA_Init
BspDMA
HAL_NVIC_SetPriority
HAL_NVIC_EnableIRQ
HAL_NVIC_DisableIRQ
HAL_UART_Init
HAL_GetTick
HAL_UARTEx_SetTxFifoThreshold
HAL_UARTEx_SetRxFifoThreshold
HAL_UARTEx_DisableFifoMode
HAL_UART_Receive_DMA
HAL_UART_Receive_IT
HAL_UART_DMAStop
HAL_UART_AbortReceive_IT
HAL_UART_DeInit
HAL_UART_Transmit_DMA
HAL_UART_Transmit
HAL_DMA_Abort
