ARM GAS  C:\Users\HUAV\AppData\Local\Temp\cc8AyDdj.s 			page 1


   1              		.cpu cortex-m7
   2              		.arch armv7e-m
   3              		.fpu fpv5-d16
   4              		.eabi_attribute 28, 1
   5              		.eabi_attribute 20, 1
   6              		.eabi_attribute 21, 1
   7              		.eabi_attribute 23, 3
   8              		.eabi_attribute 24, 1
   9              		.eabi_attribute 25, 1
  10              		.eabi_attribute 26, 1
  11              		.eabi_attribute 30, 6
  12              		.eabi_attribute 34, 1
  13              		.eabi_attribute 18, 4
  14              		.file	"cmsis_os.c"
  15              		.text
  16              	.Ltext0:
  17              		.cfi_sections	.debug_frame
  18              		.section	.text.makeFreeRtosPriority,"ax",%progbits
  19              		.align	1
  20              		.syntax unified
  21              		.thumb
  22              		.thumb_func
  24              	makeFreeRtosPriority:
  25              	.LFB109:
  26              		.file 1 "System/FreeRTOS/CMSIS_RTOS/cmsis_os.c"
   1:System/FreeRTOS/CMSIS_RTOS/cmsis_os.c **** /* ----------------------------------------------------------------------
   2:System/FreeRTOS/CMSIS_RTOS/cmsis_os.c ****  * $Date:        5. February 2013
   3:System/FreeRTOS/CMSIS_RTOS/cmsis_os.c ****  * $Revision:    V1.02
   4:System/FreeRTOS/CMSIS_RTOS/cmsis_os.c ****  *
   5:System/FreeRTOS/CMSIS_RTOS/cmsis_os.c ****  * Project:      CMSIS-RTOS API
   6:System/FreeRTOS/CMSIS_RTOS/cmsis_os.c ****  * Title:        cmsis_os.c
   7:System/FreeRTOS/CMSIS_RTOS/cmsis_os.c ****  *
   8:System/FreeRTOS/CMSIS_RTOS/cmsis_os.c ****  * Version 0.02
   9:System/FreeRTOS/CMSIS_RTOS/cmsis_os.c ****  *    Initial Proposal Phase
  10:System/FreeRTOS/CMSIS_RTOS/cmsis_os.c ****  * Version 0.03
  11:System/FreeRTOS/CMSIS_RTOS/cmsis_os.c ****  *    osKernelStart added, optional feature: main started as thread
  12:System/FreeRTOS/CMSIS_RTOS/cmsis_os.c ****  *    osSemaphores have standard behavior
  13:System/FreeRTOS/CMSIS_RTOS/cmsis_os.c ****  *    osTimerCreate does not start the timer, added osTimerStart
  14:System/FreeRTOS/CMSIS_RTOS/cmsis_os.c ****  *    osThreadPass is renamed to osThreadYield
  15:System/FreeRTOS/CMSIS_RTOS/cmsis_os.c ****  * Version 1.01
  16:System/FreeRTOS/CMSIS_RTOS/cmsis_os.c ****  *    Support for C++ interface
  17:System/FreeRTOS/CMSIS_RTOS/cmsis_os.c ****  *     - const attribute removed from the osXxxxDef_t typedef's
  18:System/FreeRTOS/CMSIS_RTOS/cmsis_os.c ****  *     - const attribute added to the osXxxxDef macros
  19:System/FreeRTOS/CMSIS_RTOS/cmsis_os.c ****  *    Added: osTimerDelete, osMutexDelete, osSemaphoreDelete
  20:System/FreeRTOS/CMSIS_RTOS/cmsis_os.c ****  *    Added: osKernelInitialize
  21:System/FreeRTOS/CMSIS_RTOS/cmsis_os.c ****  * Version 1.02
  22:System/FreeRTOS/CMSIS_RTOS/cmsis_os.c ****  *    Control functions for short timeouts in microsecond resolution:
  23:System/FreeRTOS/CMSIS_RTOS/cmsis_os.c ****  *    Added: osKernelSysTick, osKernelSysTickFrequency, osKernelSysTickMicroSec
  24:System/FreeRTOS/CMSIS_RTOS/cmsis_os.c ****  *    Removed: osSignalGet 
  25:System/FreeRTOS/CMSIS_RTOS/cmsis_os.c ****  *    
  26:System/FreeRTOS/CMSIS_RTOS/cmsis_os.c ****  *  
  27:System/FreeRTOS/CMSIS_RTOS/cmsis_os.c ****  *----------------------------------------------------------------------------
  28:System/FreeRTOS/CMSIS_RTOS/cmsis_os.c ****  *
  29:System/FreeRTOS/CMSIS_RTOS/cmsis_os.c ****  * Portions Copyright © 2016 STMicroelectronics International N.V. All rights reserved.
  30:System/FreeRTOS/CMSIS_RTOS/cmsis_os.c ****  * Portions Copyright (c) 2013 ARM LIMITED
  31:System/FreeRTOS/CMSIS_RTOS/cmsis_os.c ****  * All rights reserved.
  32:System/FreeRTOS/CMSIS_RTOS/cmsis_os.c ****  * Redistribution and use in source and binary forms, with or without
ARM GAS  C:\Users\HUAV\AppData\Local\Temp\cc8AyDdj.s 			page 2


  33:System/FreeRTOS/CMSIS_RTOS/cmsis_os.c ****  * modification, are permitted provided that the following conditions are met:
  34:System/FreeRTOS/CMSIS_RTOS/cmsis_os.c ****  *  - Redistributions of source code must retain the above copyright
  35:System/FreeRTOS/CMSIS_RTOS/cmsis_os.c ****  *    notice, this list of conditions and the following disclaimer.
  36:System/FreeRTOS/CMSIS_RTOS/cmsis_os.c ****  *  - Redistributions in binary form must reproduce the above copyright
  37:System/FreeRTOS/CMSIS_RTOS/cmsis_os.c ****  *    notice, this list of conditions and the following disclaimer in the
  38:System/FreeRTOS/CMSIS_RTOS/cmsis_os.c ****  *    documentation and/or other materials provided with the distribution.
  39:System/FreeRTOS/CMSIS_RTOS/cmsis_os.c ****  *  - Neither the name of ARM  nor the names of its contributors may be used
  40:System/FreeRTOS/CMSIS_RTOS/cmsis_os.c ****  *    to endorse or promote products derived from this software without
  41:System/FreeRTOS/CMSIS_RTOS/cmsis_os.c ****  *    specific prior written permission.
  42:System/FreeRTOS/CMSIS_RTOS/cmsis_os.c ****  *
  43:System/FreeRTOS/CMSIS_RTOS/cmsis_os.c ****  * THIS SOFTWARE IS PROVIDED BY THE COPYRIGHT HOLDERS AND CONTRIBUTORS "AS IS"
  44:System/FreeRTOS/CMSIS_RTOS/cmsis_os.c ****  * AND ANY EXPRESS OR IMPLIED WARRANTIES, INCLUDING, BUT NOT LIMITED TO, THE
  45:System/FreeRTOS/CMSIS_RTOS/cmsis_os.c ****  * IMPLIED WARRANTIES OF MERCHANTABILITY AND FITNESS FOR A PARTICULAR PURPOSE
  46:System/FreeRTOS/CMSIS_RTOS/cmsis_os.c ****  * ARE DISCLAIMED. IN NO EVENT SHALL COPYRIGHT HOLDERS AND CONTRIBUTORS BE
  47:System/FreeRTOS/CMSIS_RTOS/cmsis_os.c ****  * LIABLE FOR ANY DIRECT, INDIRECT, INCIDENTAL, SPECIAL, EXEMPLARY, OR
  48:System/FreeRTOS/CMSIS_RTOS/cmsis_os.c ****  * CONSEQUENTIAL DAMAGES (INCLUDING, BUT NOT LIMITED TO, PROCUREMENT OF
  49:System/FreeRTOS/CMSIS_RTOS/cmsis_os.c ****  * SUBSTITUTE GOODS OR SERVICES; LOSS OF USE, DATA, OR PROFITS; OR BUSINESS
  50:System/FreeRTOS/CMSIS_RTOS/cmsis_os.c ****  * INTERRUPTION) HOWEVER CAUSED AND ON ANY THEORY OF LIABILITY, WHETHER IN
  51:System/FreeRTOS/CMSIS_RTOS/cmsis_os.c ****  * CONTRACT, STRICT LIABILITY, OR TORT (INCLUDING NEGLIGENCE OR OTHERWISE)
  52:System/FreeRTOS/CMSIS_RTOS/cmsis_os.c ****  * ARISING IN ANY WAY OUT OF THE USE OF THIS SOFTWARE, EVEN IF ADVISED OF THE
  53:System/FreeRTOS/CMSIS_RTOS/cmsis_os.c ****  * POSSIBILITY OF SUCH DAMAGE.
  54:System/FreeRTOS/CMSIS_RTOS/cmsis_os.c ****  *---------------------------------------------------------------------------*/
  55:System/FreeRTOS/CMSIS_RTOS/cmsis_os.c **** 
  56:System/FreeRTOS/CMSIS_RTOS/cmsis_os.c **** #include <string.h>
  57:System/FreeRTOS/CMSIS_RTOS/cmsis_os.c **** #include "cmsis_os.h"
  58:System/FreeRTOS/CMSIS_RTOS/cmsis_os.c **** 
  59:System/FreeRTOS/CMSIS_RTOS/cmsis_os.c **** /*
  60:System/FreeRTOS/CMSIS_RTOS/cmsis_os.c ****  * ARM Compiler 4/5
  61:System/FreeRTOS/CMSIS_RTOS/cmsis_os.c ****  */
  62:System/FreeRTOS/CMSIS_RTOS/cmsis_os.c **** #if   defined ( __CC_ARM )
  63:System/FreeRTOS/CMSIS_RTOS/cmsis_os.c **** 
  64:System/FreeRTOS/CMSIS_RTOS/cmsis_os.c ****   #define __ASM            __asm                                      
  65:System/FreeRTOS/CMSIS_RTOS/cmsis_os.c ****   #define __INLINE         __inline                                     
  66:System/FreeRTOS/CMSIS_RTOS/cmsis_os.c ****   #define __STATIC_INLINE  static __inline
  67:System/FreeRTOS/CMSIS_RTOS/cmsis_os.c **** 
  68:System/FreeRTOS/CMSIS_RTOS/cmsis_os.c ****   #include "cmsis_armcc.h"
  69:System/FreeRTOS/CMSIS_RTOS/cmsis_os.c **** 
  70:System/FreeRTOS/CMSIS_RTOS/cmsis_os.c **** /*
  71:System/FreeRTOS/CMSIS_RTOS/cmsis_os.c ****  * GNU Compiler
  72:System/FreeRTOS/CMSIS_RTOS/cmsis_os.c ****  */
  73:System/FreeRTOS/CMSIS_RTOS/cmsis_os.c **** #elif defined ( __GNUC__ )
  74:System/FreeRTOS/CMSIS_RTOS/cmsis_os.c **** 
  75:System/FreeRTOS/CMSIS_RTOS/cmsis_os.c ****   #define __ASM            __asm                                      /*!< asm keyword for GNU Comp
  76:System/FreeRTOS/CMSIS_RTOS/cmsis_os.c ****   #define __INLINE         inline                                     /*!< inline keyword for GNU C
  77:System/FreeRTOS/CMSIS_RTOS/cmsis_os.c ****   #define __STATIC_INLINE  static inline
  78:System/FreeRTOS/CMSIS_RTOS/cmsis_os.c **** 
  79:System/FreeRTOS/CMSIS_RTOS/cmsis_os.c ****   #include "cmsis_gcc.h"
  80:System/FreeRTOS/CMSIS_RTOS/cmsis_os.c **** 
  81:System/FreeRTOS/CMSIS_RTOS/cmsis_os.c **** 
  82:System/FreeRTOS/CMSIS_RTOS/cmsis_os.c **** /*
  83:System/FreeRTOS/CMSIS_RTOS/cmsis_os.c ****  * IAR Compiler
  84:System/FreeRTOS/CMSIS_RTOS/cmsis_os.c ****  */
  85:System/FreeRTOS/CMSIS_RTOS/cmsis_os.c **** #elif defined ( __ICCARM__ )
  86:System/FreeRTOS/CMSIS_RTOS/cmsis_os.c **** 
  87:System/FreeRTOS/CMSIS_RTOS/cmsis_os.c ****   #ifndef   __ASM
  88:System/FreeRTOS/CMSIS_RTOS/cmsis_os.c ****     #define __ASM                     __asm
  89:System/FreeRTOS/CMSIS_RTOS/cmsis_os.c ****   #endif
ARM GAS  C:\Users\HUAV\AppData\Local\Temp\cc8AyDdj.s 			page 3


  90:System/FreeRTOS/CMSIS_RTOS/cmsis_os.c ****   #ifndef   __INLINE
  91:System/FreeRTOS/CMSIS_RTOS/cmsis_os.c ****     #define __INLINE                  inline
  92:System/FreeRTOS/CMSIS_RTOS/cmsis_os.c ****   #endif
  93:System/FreeRTOS/CMSIS_RTOS/cmsis_os.c ****   #ifndef   __STATIC_INLINE
  94:System/FreeRTOS/CMSIS_RTOS/cmsis_os.c ****     #define __STATIC_INLINE           static inline
  95:System/FreeRTOS/CMSIS_RTOS/cmsis_os.c ****   #endif
  96:System/FreeRTOS/CMSIS_RTOS/cmsis_os.c **** 
  97:System/FreeRTOS/CMSIS_RTOS/cmsis_os.c ****   #include <cmsis_iar.h>
  98:System/FreeRTOS/CMSIS_RTOS/cmsis_os.c **** #endif
  99:System/FreeRTOS/CMSIS_RTOS/cmsis_os.c **** 
 100:System/FreeRTOS/CMSIS_RTOS/cmsis_os.c **** extern void xPortSysTickHandler(void);
 101:System/FreeRTOS/CMSIS_RTOS/cmsis_os.c **** 
 102:System/FreeRTOS/CMSIS_RTOS/cmsis_os.c **** /* Convert from CMSIS type osPriority to FreeRTOS priority number */
 103:System/FreeRTOS/CMSIS_RTOS/cmsis_os.c **** static unsigned portBASE_TYPE makeFreeRtosPriority (osPriority priority)
 104:System/FreeRTOS/CMSIS_RTOS/cmsis_os.c **** {
  27              		.loc 1 104 1
  28              		.cfi_startproc
  29              		@ args = 0, pretend = 0, frame = 16
  30              		@ frame_needed = 1, uses_anonymous_args = 0
  31              		@ link register save eliminated.
  32 0000 80B4     		push	{r7}
  33              	.LCFI0:
  34              		.cfi_def_cfa_offset 4
  35              		.cfi_offset 7, -4
  36 0002 85B0     		sub	sp, sp, #20
  37              	.LCFI1:
  38              		.cfi_def_cfa_offset 24
  39 0004 00AF     		add	r7, sp, #0
  40              	.LCFI2:
  41              		.cfi_def_cfa_register 7
  42 0006 0346     		mov	r3, r0
  43 0008 FB80     		strh	r3, [r7, #6]	@ movhi
 105:System/FreeRTOS/CMSIS_RTOS/cmsis_os.c ****   unsigned portBASE_TYPE fpriority = tskIDLE_PRIORITY;
  44              		.loc 1 105 26
  45 000a 0023     		movs	r3, #0
  46 000c FB60     		str	r3, [r7, #12]
 106:System/FreeRTOS/CMSIS_RTOS/cmsis_os.c ****   
 107:System/FreeRTOS/CMSIS_RTOS/cmsis_os.c ****   if (priority != osPriorityError) {
  47              		.loc 1 107 6
  48 000e B7F90630 		ldrsh	r3, [r7, #6]
  49 0012 842B     		cmp	r3, #132
  50 0014 05D0     		beq	.L2
 108:System/FreeRTOS/CMSIS_RTOS/cmsis_os.c ****     fpriority += (priority - osPriorityIdle);
  51              		.loc 1 108 15
  52 0016 B7F90620 		ldrsh	r2, [r7, #6]
  53 001a FB68     		ldr	r3, [r7, #12]
  54 001c 1344     		add	r3, r3, r2
  55 001e 0333     		adds	r3, r3, #3
  56 0020 FB60     		str	r3, [r7, #12]
  57              	.L2:
 109:System/FreeRTOS/CMSIS_RTOS/cmsis_os.c ****   }
 110:System/FreeRTOS/CMSIS_RTOS/cmsis_os.c ****   
 111:System/FreeRTOS/CMSIS_RTOS/cmsis_os.c ****   return fpriority;
  58              		.loc 1 111 10
  59 0022 FB68     		ldr	r3, [r7, #12]
 112:System/FreeRTOS/CMSIS_RTOS/cmsis_os.c **** }
  60              		.loc 1 112 1
ARM GAS  C:\Users\HUAV\AppData\Local\Temp\cc8AyDdj.s 			page 4


  61 0024 1846     		mov	r0, r3
  62 0026 1437     		adds	r7, r7, #20
  63              	.LCFI3:
  64              		.cfi_def_cfa_offset 4
  65 0028 BD46     		mov	sp, r7
  66              	.LCFI4:
  67              		.cfi_def_cfa_register 13
  68              		@ sp needed
  69 002a 5DF8047B 		ldr	r7, [sp], #4
  70              	.LCFI5:
  71              		.cfi_restore 7
  72              		.cfi_def_cfa_offset 0
  73 002e 7047     		bx	lr
  74              		.cfi_endproc
  75              	.LFE109:
  77              		.section	.text.makeCmsisPriority,"ax",%progbits
  78              		.align	1
  79              		.syntax unified
  80              		.thumb
  81              		.thumb_func
  83              	makeCmsisPriority:
  84              	.LFB110:
 113:System/FreeRTOS/CMSIS_RTOS/cmsis_os.c **** 
 114:System/FreeRTOS/CMSIS_RTOS/cmsis_os.c **** #if (INCLUDE_uxTaskPriorityGet == 1)
 115:System/FreeRTOS/CMSIS_RTOS/cmsis_os.c **** /* Convert from FreeRTOS priority number to CMSIS type osPriority */
 116:System/FreeRTOS/CMSIS_RTOS/cmsis_os.c **** static osPriority makeCmsisPriority (unsigned portBASE_TYPE fpriority)
 117:System/FreeRTOS/CMSIS_RTOS/cmsis_os.c **** {
  85              		.loc 1 117 1
  86              		.cfi_startproc
  87              		@ args = 0, pretend = 0, frame = 16
  88              		@ frame_needed = 1, uses_anonymous_args = 0
  89              		@ link register save eliminated.
  90 0000 80B4     		push	{r7}
  91              	.LCFI6:
  92              		.cfi_def_cfa_offset 4
  93              		.cfi_offset 7, -4
  94 0002 85B0     		sub	sp, sp, #20
  95              	.LCFI7:
  96              		.cfi_def_cfa_offset 24
  97 0004 00AF     		add	r7, sp, #0
  98              	.LCFI8:
  99              		.cfi_def_cfa_register 7
 100 0006 7860     		str	r0, [r7, #4]
 118:System/FreeRTOS/CMSIS_RTOS/cmsis_os.c ****   osPriority priority = osPriorityError;
 101              		.loc 1 118 14
 102 0008 8423     		movs	r3, #132
 103 000a FB81     		strh	r3, [r7, #14]	@ movhi
 119:System/FreeRTOS/CMSIS_RTOS/cmsis_os.c ****   
 120:System/FreeRTOS/CMSIS_RTOS/cmsis_os.c ****   if ((fpriority - tskIDLE_PRIORITY) <= (osPriorityRealtime - osPriorityIdle)) {
 104              		.loc 1 120 6
 105 000c 7B68     		ldr	r3, [r7, #4]
 106 000e 062B     		cmp	r3, #6
 107 0010 04D8     		bhi	.L5
 121:System/FreeRTOS/CMSIS_RTOS/cmsis_os.c ****     priority = (osPriority)((int)osPriorityIdle + (int)(fpriority - tskIDLE_PRIORITY));
 108              		.loc 1 121 49
 109 0012 7B68     		ldr	r3, [r7, #4]
 110 0014 9BB2     		uxth	r3, r3
ARM GAS  C:\Users\HUAV\AppData\Local\Temp\cc8AyDdj.s 			page 5


 111 0016 033B     		subs	r3, r3, #3
 112 0018 9BB2     		uxth	r3, r3
 113              		.loc 1 121 14
 114 001a FB81     		strh	r3, [r7, #14]	@ movhi
 115              	.L5:
 122:System/FreeRTOS/CMSIS_RTOS/cmsis_os.c ****   }
 123:System/FreeRTOS/CMSIS_RTOS/cmsis_os.c ****   
 124:System/FreeRTOS/CMSIS_RTOS/cmsis_os.c ****   return priority;
 116              		.loc 1 124 10
 117 001c B7F90E30 		ldrsh	r3, [r7, #14]
 125:System/FreeRTOS/CMSIS_RTOS/cmsis_os.c **** }
 118              		.loc 1 125 1
 119 0020 1846     		mov	r0, r3
 120 0022 1437     		adds	r7, r7, #20
 121              	.LCFI9:
 122              		.cfi_def_cfa_offset 4
 123 0024 BD46     		mov	sp, r7
 124              	.LCFI10:
 125              		.cfi_def_cfa_register 13
 126              		@ sp needed
 127 0026 5DF8047B 		ldr	r7, [sp], #4
 128              	.LCFI11:
 129              		.cfi_restore 7
 130              		.cfi_def_cfa_offset 0
 131 002a 7047     		bx	lr
 132              		.cfi_endproc
 133              	.LFE110:
 135              		.section	.text.inHandlerMode,"ax",%progbits
 136              		.align	1
 137              		.syntax unified
 138              		.thumb
 139              		.thumb_func
 141              	inHandlerMode:
 142              	.LFB111:
 126:System/FreeRTOS/CMSIS_RTOS/cmsis_os.c **** #endif
 127:System/FreeRTOS/CMSIS_RTOS/cmsis_os.c **** 
 128:System/FreeRTOS/CMSIS_RTOS/cmsis_os.c **** 
 129:System/FreeRTOS/CMSIS_RTOS/cmsis_os.c **** /* Determine whether we are in thread mode or handler mode. */
 130:System/FreeRTOS/CMSIS_RTOS/cmsis_os.c **** static int inHandlerMode (void)
 131:System/FreeRTOS/CMSIS_RTOS/cmsis_os.c **** {
 143              		.loc 1 131 1
 144              		.cfi_startproc
 145              		@ args = 0, pretend = 0, frame = 8
 146              		@ frame_needed = 1, uses_anonymous_args = 0
 147              		@ link register save eliminated.
 148 0000 80B4     		push	{r7}
 149              	.LCFI12:
 150              		.cfi_def_cfa_offset 4
 151              		.cfi_offset 7, -4
 152 0002 83B0     		sub	sp, sp, #12
 153              	.LCFI13:
 154              		.cfi_def_cfa_offset 16
 155 0004 00AF     		add	r7, sp, #0
 156              	.LCFI14:
 157              		.cfi_def_cfa_register 7
 158              	.LBB8:
 159              	.LBB9:
ARM GAS  C:\Users\HUAV\AppData\Local\Temp\cc8AyDdj.s 			page 6


 160              		.file 2 "HW_Lib/STM32H7/HAL_Lib/CMSIS/Core/Include/cmsis_gcc.h"
   1:HW_Lib/STM32H7/HAL_Lib/CMSIS/Core/Include/cmsis_gcc.h **** /**************************************************************************//**
   2:HW_Lib/STM32H7/HAL_Lib/CMSIS/Core/Include/cmsis_gcc.h ****  * @file     cmsis_gcc.h
   3:HW_Lib/STM32H7/HAL_Lib/CMSIS/Core/Include/cmsis_gcc.h ****  * @brief    CMSIS compiler GCC header file
   4:HW_Lib/STM32H7/HAL_Lib/CMSIS/Core/Include/cmsis_gcc.h ****  * @version  V5.2.0
   5:HW_Lib/STM32H7/HAL_Lib/CMSIS/Core/Include/cmsis_gcc.h ****  * @date     08. May 2019
   6:HW_Lib/STM32H7/HAL_Lib/CMSIS/Core/Include/cmsis_gcc.h ****  ******************************************************************************/
   7:HW_Lib/STM32H7/HAL_Lib/CMSIS/Core/Include/cmsis_gcc.h **** /*
   8:HW_Lib/STM32H7/HAL_Lib/CMSIS/Core/Include/cmsis_gcc.h ****  * Copyright (c) 2009-2019 Arm Limited. All rights reserved.
   9:HW_Lib/STM32H7/HAL_Lib/CMSIS/Core/Include/cmsis_gcc.h ****  *
  10:HW_Lib/STM32H7/HAL_Lib/CMSIS/Core/Include/cmsis_gcc.h ****  * SPDX-License-Identifier: Apache-2.0
  11:HW_Lib/STM32H7/HAL_Lib/CMSIS/Core/Include/cmsis_gcc.h ****  *
  12:HW_Lib/STM32H7/HAL_Lib/CMSIS/Core/Include/cmsis_gcc.h ****  * Licensed under the Apache License, Version 2.0 (the License); you may
  13:HW_Lib/STM32H7/HAL_Lib/CMSIS/Core/Include/cmsis_gcc.h ****  * not use this file except in compliance with the License.
  14:HW_Lib/STM32H7/HAL_Lib/CMSIS/Core/Include/cmsis_gcc.h ****  * You may obtain a copy of the License at
  15:HW_Lib/STM32H7/HAL_Lib/CMSIS/Core/Include/cmsis_gcc.h ****  *
  16:HW_Lib/STM32H7/HAL_Lib/CMSIS/Core/Include/cmsis_gcc.h ****  * www.apache.org/licenses/LICENSE-2.0
  17:HW_Lib/STM32H7/HAL_Lib/CMSIS/Core/Include/cmsis_gcc.h ****  *
  18:HW_Lib/STM32H7/HAL_Lib/CMSIS/Core/Include/cmsis_gcc.h ****  * Unless required by applicable law or agreed to in writing, software
  19:HW_Lib/STM32H7/HAL_Lib/CMSIS/Core/Include/cmsis_gcc.h ****  * distributed under the License is distributed on an AS IS BASIS, WITHOUT
  20:HW_Lib/STM32H7/HAL_Lib/CMSIS/Core/Include/cmsis_gcc.h ****  * WARRANTIES OR CONDITIONS OF ANY KIND, either express or implied.
  21:HW_Lib/STM32H7/HAL_Lib/CMSIS/Core/Include/cmsis_gcc.h ****  * See the License for the specific language governing permissions and
  22:HW_Lib/STM32H7/HAL_Lib/CMSIS/Core/Include/cmsis_gcc.h ****  * limitations under the License.
  23:HW_Lib/STM32H7/HAL_Lib/CMSIS/Core/Include/cmsis_gcc.h ****  */
  24:HW_Lib/STM32H7/HAL_Lib/CMSIS/Core/Include/cmsis_gcc.h **** 
  25:HW_Lib/STM32H7/HAL_Lib/CMSIS/Core/Include/cmsis_gcc.h **** #ifndef __CMSIS_GCC_H
  26:HW_Lib/STM32H7/HAL_Lib/CMSIS/Core/Include/cmsis_gcc.h **** #define __CMSIS_GCC_H
  27:HW_Lib/STM32H7/HAL_Lib/CMSIS/Core/Include/cmsis_gcc.h **** 
  28:HW_Lib/STM32H7/HAL_Lib/CMSIS/Core/Include/cmsis_gcc.h **** /* ignore some GCC warnings */
  29:HW_Lib/STM32H7/HAL_Lib/CMSIS/Core/Include/cmsis_gcc.h **** #pragma GCC diagnostic push
  30:HW_Lib/STM32H7/HAL_Lib/CMSIS/Core/Include/cmsis_gcc.h **** #pragma GCC diagnostic ignored "-Wsign-conversion"
  31:HW_Lib/STM32H7/HAL_Lib/CMSIS/Core/Include/cmsis_gcc.h **** #pragma GCC diagnostic ignored "-Wconversion"
  32:HW_Lib/STM32H7/HAL_Lib/CMSIS/Core/Include/cmsis_gcc.h **** #pragma GCC diagnostic ignored "-Wunused-parameter"
  33:HW_Lib/STM32H7/HAL_Lib/CMSIS/Core/Include/cmsis_gcc.h **** 
  34:HW_Lib/STM32H7/HAL_Lib/CMSIS/Core/Include/cmsis_gcc.h **** /* Fallback for __has_builtin */
  35:HW_Lib/STM32H7/HAL_Lib/CMSIS/Core/Include/cmsis_gcc.h **** #ifndef __has_builtin
  36:HW_Lib/STM32H7/HAL_Lib/CMSIS/Core/Include/cmsis_gcc.h ****   #define __has_builtin(x) (0)
  37:HW_Lib/STM32H7/HAL_Lib/CMSIS/Core/Include/cmsis_gcc.h **** #endif
  38:HW_Lib/STM32H7/HAL_Lib/CMSIS/Core/Include/cmsis_gcc.h **** 
  39:HW_Lib/STM32H7/HAL_Lib/CMSIS/Core/Include/cmsis_gcc.h **** /* CMSIS compiler specific defines */
  40:HW_Lib/STM32H7/HAL_Lib/CMSIS/Core/Include/cmsis_gcc.h **** #ifndef   __ASM
  41:HW_Lib/STM32H7/HAL_Lib/CMSIS/Core/Include/cmsis_gcc.h ****   #define __ASM                                  __asm
  42:HW_Lib/STM32H7/HAL_Lib/CMSIS/Core/Include/cmsis_gcc.h **** #endif
  43:HW_Lib/STM32H7/HAL_Lib/CMSIS/Core/Include/cmsis_gcc.h **** #ifndef   __INLINE
  44:HW_Lib/STM32H7/HAL_Lib/CMSIS/Core/Include/cmsis_gcc.h ****   #define __INLINE                               inline
  45:HW_Lib/STM32H7/HAL_Lib/CMSIS/Core/Include/cmsis_gcc.h **** #endif
  46:HW_Lib/STM32H7/HAL_Lib/CMSIS/Core/Include/cmsis_gcc.h **** #ifndef   __STATIC_INLINE
  47:HW_Lib/STM32H7/HAL_Lib/CMSIS/Core/Include/cmsis_gcc.h ****   #define __STATIC_INLINE                        static inline
  48:HW_Lib/STM32H7/HAL_Lib/CMSIS/Core/Include/cmsis_gcc.h **** #endif
  49:HW_Lib/STM32H7/HAL_Lib/CMSIS/Core/Include/cmsis_gcc.h **** #ifndef   __STATIC_FORCEINLINE                 
  50:HW_Lib/STM32H7/HAL_Lib/CMSIS/Core/Include/cmsis_gcc.h ****   #define __STATIC_FORCEINLINE                   __attribute__((always_inline)) static inline
  51:HW_Lib/STM32H7/HAL_Lib/CMSIS/Core/Include/cmsis_gcc.h **** #endif                                           
  52:HW_Lib/STM32H7/HAL_Lib/CMSIS/Core/Include/cmsis_gcc.h **** #ifndef   __NO_RETURN
  53:HW_Lib/STM32H7/HAL_Lib/CMSIS/Core/Include/cmsis_gcc.h ****   #define __NO_RETURN                            __attribute__((__noreturn__))
  54:HW_Lib/STM32H7/HAL_Lib/CMSIS/Core/Include/cmsis_gcc.h **** #endif
  55:HW_Lib/STM32H7/HAL_Lib/CMSIS/Core/Include/cmsis_gcc.h **** #ifndef   __USED
  56:HW_Lib/STM32H7/HAL_Lib/CMSIS/Core/Include/cmsis_gcc.h ****   #define __USED                                 __attribute__((used))
ARM GAS  C:\Users\HUAV\AppData\Local\Temp\cc8AyDdj.s 			page 7


  57:HW_Lib/STM32H7/HAL_Lib/CMSIS/Core/Include/cmsis_gcc.h **** #endif
  58:HW_Lib/STM32H7/HAL_Lib/CMSIS/Core/Include/cmsis_gcc.h **** #ifndef   __WEAK
  59:HW_Lib/STM32H7/HAL_Lib/CMSIS/Core/Include/cmsis_gcc.h ****   #define __WEAK                                 __attribute__((weak))
  60:HW_Lib/STM32H7/HAL_Lib/CMSIS/Core/Include/cmsis_gcc.h **** #endif
  61:HW_Lib/STM32H7/HAL_Lib/CMSIS/Core/Include/cmsis_gcc.h **** #ifndef   __PACKED
  62:HW_Lib/STM32H7/HAL_Lib/CMSIS/Core/Include/cmsis_gcc.h ****   #define __PACKED                               __attribute__((packed, aligned(1)))
  63:HW_Lib/STM32H7/HAL_Lib/CMSIS/Core/Include/cmsis_gcc.h **** #endif
  64:HW_Lib/STM32H7/HAL_Lib/CMSIS/Core/Include/cmsis_gcc.h **** #ifndef   __PACKED_STRUCT
  65:HW_Lib/STM32H7/HAL_Lib/CMSIS/Core/Include/cmsis_gcc.h ****   #define __PACKED_STRUCT                        struct __attribute__((packed, aligned(1)))
  66:HW_Lib/STM32H7/HAL_Lib/CMSIS/Core/Include/cmsis_gcc.h **** #endif
  67:HW_Lib/STM32H7/HAL_Lib/CMSIS/Core/Include/cmsis_gcc.h **** #ifndef   __PACKED_UNION
  68:HW_Lib/STM32H7/HAL_Lib/CMSIS/Core/Include/cmsis_gcc.h ****   #define __PACKED_UNION                         union __attribute__((packed, aligned(1)))
  69:HW_Lib/STM32H7/HAL_Lib/CMSIS/Core/Include/cmsis_gcc.h **** #endif
  70:HW_Lib/STM32H7/HAL_Lib/CMSIS/Core/Include/cmsis_gcc.h **** #ifndef   __UNALIGNED_UINT32        /* deprecated */
  71:HW_Lib/STM32H7/HAL_Lib/CMSIS/Core/Include/cmsis_gcc.h ****   #pragma GCC diagnostic push
  72:HW_Lib/STM32H7/HAL_Lib/CMSIS/Core/Include/cmsis_gcc.h ****   #pragma GCC diagnostic ignored "-Wpacked"
  73:HW_Lib/STM32H7/HAL_Lib/CMSIS/Core/Include/cmsis_gcc.h ****   #pragma GCC diagnostic ignored "-Wattributes"
  74:HW_Lib/STM32H7/HAL_Lib/CMSIS/Core/Include/cmsis_gcc.h ****   struct __attribute__((packed)) T_UINT32 { uint32_t v; };
  75:HW_Lib/STM32H7/HAL_Lib/CMSIS/Core/Include/cmsis_gcc.h ****   #pragma GCC diagnostic pop
  76:HW_Lib/STM32H7/HAL_Lib/CMSIS/Core/Include/cmsis_gcc.h ****   #define __UNALIGNED_UINT32(x)                  (((struct T_UINT32 *)(x))->v)
  77:HW_Lib/STM32H7/HAL_Lib/CMSIS/Core/Include/cmsis_gcc.h **** #endif
  78:HW_Lib/STM32H7/HAL_Lib/CMSIS/Core/Include/cmsis_gcc.h **** #ifndef   __UNALIGNED_UINT16_WRITE
  79:HW_Lib/STM32H7/HAL_Lib/CMSIS/Core/Include/cmsis_gcc.h ****   #pragma GCC diagnostic push
  80:HW_Lib/STM32H7/HAL_Lib/CMSIS/Core/Include/cmsis_gcc.h ****   #pragma GCC diagnostic ignored "-Wpacked"
  81:HW_Lib/STM32H7/HAL_Lib/CMSIS/Core/Include/cmsis_gcc.h ****   #pragma GCC diagnostic ignored "-Wattributes"
  82:HW_Lib/STM32H7/HAL_Lib/CMSIS/Core/Include/cmsis_gcc.h ****   __PACKED_STRUCT T_UINT16_WRITE { uint16_t v; };
  83:HW_Lib/STM32H7/HAL_Lib/CMSIS/Core/Include/cmsis_gcc.h ****   #pragma GCC diagnostic pop
  84:HW_Lib/STM32H7/HAL_Lib/CMSIS/Core/Include/cmsis_gcc.h ****   #define __UNALIGNED_UINT16_WRITE(addr, val)    (void)((((struct T_UINT16_WRITE *)(void *)(addr))-
  85:HW_Lib/STM32H7/HAL_Lib/CMSIS/Core/Include/cmsis_gcc.h **** #endif
  86:HW_Lib/STM32H7/HAL_Lib/CMSIS/Core/Include/cmsis_gcc.h **** #ifndef   __UNALIGNED_UINT16_READ
  87:HW_Lib/STM32H7/HAL_Lib/CMSIS/Core/Include/cmsis_gcc.h ****   #pragma GCC diagnostic push
  88:HW_Lib/STM32H7/HAL_Lib/CMSIS/Core/Include/cmsis_gcc.h ****   #pragma GCC diagnostic ignored "-Wpacked"
  89:HW_Lib/STM32H7/HAL_Lib/CMSIS/Core/Include/cmsis_gcc.h ****   #pragma GCC diagnostic ignored "-Wattributes"
  90:HW_Lib/STM32H7/HAL_Lib/CMSIS/Core/Include/cmsis_gcc.h ****   __PACKED_STRUCT T_UINT16_READ { uint16_t v; };
  91:HW_Lib/STM32H7/HAL_Lib/CMSIS/Core/Include/cmsis_gcc.h ****   #pragma GCC diagnostic pop
  92:HW_Lib/STM32H7/HAL_Lib/CMSIS/Core/Include/cmsis_gcc.h ****   #define __UNALIGNED_UINT16_READ(addr)          (((const struct T_UINT16_READ *)(const void *)(add
  93:HW_Lib/STM32H7/HAL_Lib/CMSIS/Core/Include/cmsis_gcc.h **** #endif
  94:HW_Lib/STM32H7/HAL_Lib/CMSIS/Core/Include/cmsis_gcc.h **** #ifndef   __UNALIGNED_UINT32_WRITE
  95:HW_Lib/STM32H7/HAL_Lib/CMSIS/Core/Include/cmsis_gcc.h ****   #pragma GCC diagnostic push
  96:HW_Lib/STM32H7/HAL_Lib/CMSIS/Core/Include/cmsis_gcc.h ****   #pragma GCC diagnostic ignored "-Wpacked"
  97:HW_Lib/STM32H7/HAL_Lib/CMSIS/Core/Include/cmsis_gcc.h ****   #pragma GCC diagnostic ignored "-Wattributes"
  98:HW_Lib/STM32H7/HAL_Lib/CMSIS/Core/Include/cmsis_gcc.h ****   __PACKED_STRUCT T_UINT32_WRITE { uint32_t v; };
  99:HW_Lib/STM32H7/HAL_Lib/CMSIS/Core/Include/cmsis_gcc.h ****   #pragma GCC diagnostic pop
 100:HW_Lib/STM32H7/HAL_Lib/CMSIS/Core/Include/cmsis_gcc.h ****   #define __UNALIGNED_UINT32_WRITE(addr, val)    (void)((((struct T_UINT32_WRITE *)(void *)(addr))-
 101:HW_Lib/STM32H7/HAL_Lib/CMSIS/Core/Include/cmsis_gcc.h **** #endif
 102:HW_Lib/STM32H7/HAL_Lib/CMSIS/Core/Include/cmsis_gcc.h **** #ifndef   __UNALIGNED_UINT32_READ
 103:HW_Lib/STM32H7/HAL_Lib/CMSIS/Core/Include/cmsis_gcc.h ****   #pragma GCC diagnostic push
 104:HW_Lib/STM32H7/HAL_Lib/CMSIS/Core/Include/cmsis_gcc.h ****   #pragma GCC diagnostic ignored "-Wpacked"
 105:HW_Lib/STM32H7/HAL_Lib/CMSIS/Core/Include/cmsis_gcc.h ****   #pragma GCC diagnostic ignored "-Wattributes"
 106:HW_Lib/STM32H7/HAL_Lib/CMSIS/Core/Include/cmsis_gcc.h ****   __PACKED_STRUCT T_UINT32_READ { uint32_t v; };
 107:HW_Lib/STM32H7/HAL_Lib/CMSIS/Core/Include/cmsis_gcc.h ****   #pragma GCC diagnostic pop
 108:HW_Lib/STM32H7/HAL_Lib/CMSIS/Core/Include/cmsis_gcc.h ****   #define __UNALIGNED_UINT32_READ(addr)          (((const struct T_UINT32_READ *)(const void *)(add
 109:HW_Lib/STM32H7/HAL_Lib/CMSIS/Core/Include/cmsis_gcc.h **** #endif
 110:HW_Lib/STM32H7/HAL_Lib/CMSIS/Core/Include/cmsis_gcc.h **** #ifndef   __ALIGNED
 111:HW_Lib/STM32H7/HAL_Lib/CMSIS/Core/Include/cmsis_gcc.h ****   #define __ALIGNED(x)                           __attribute__((aligned(x)))
 112:HW_Lib/STM32H7/HAL_Lib/CMSIS/Core/Include/cmsis_gcc.h **** #endif
 113:HW_Lib/STM32H7/HAL_Lib/CMSIS/Core/Include/cmsis_gcc.h **** #ifndef   __RESTRICT
ARM GAS  C:\Users\HUAV\AppData\Local\Temp\cc8AyDdj.s 			page 8


 114:HW_Lib/STM32H7/HAL_Lib/CMSIS/Core/Include/cmsis_gcc.h ****   #define __RESTRICT                             __restrict
 115:HW_Lib/STM32H7/HAL_Lib/CMSIS/Core/Include/cmsis_gcc.h **** #endif
 116:HW_Lib/STM32H7/HAL_Lib/CMSIS/Core/Include/cmsis_gcc.h **** #ifndef   __COMPILER_BARRIER
 117:HW_Lib/STM32H7/HAL_Lib/CMSIS/Core/Include/cmsis_gcc.h ****   #define __COMPILER_BARRIER()                   __ASM volatile("":::"memory")
 118:HW_Lib/STM32H7/HAL_Lib/CMSIS/Core/Include/cmsis_gcc.h **** #endif
 119:HW_Lib/STM32H7/HAL_Lib/CMSIS/Core/Include/cmsis_gcc.h **** 
 120:HW_Lib/STM32H7/HAL_Lib/CMSIS/Core/Include/cmsis_gcc.h **** /* #########################  Startup and Lowlevel Init  ######################## */
 121:HW_Lib/STM32H7/HAL_Lib/CMSIS/Core/Include/cmsis_gcc.h **** 
 122:HW_Lib/STM32H7/HAL_Lib/CMSIS/Core/Include/cmsis_gcc.h **** #ifndef __PROGRAM_START
 123:HW_Lib/STM32H7/HAL_Lib/CMSIS/Core/Include/cmsis_gcc.h **** 
 124:HW_Lib/STM32H7/HAL_Lib/CMSIS/Core/Include/cmsis_gcc.h **** /**
 125:HW_Lib/STM32H7/HAL_Lib/CMSIS/Core/Include/cmsis_gcc.h ****   \brief   Initializes data and bss sections
 126:HW_Lib/STM32H7/HAL_Lib/CMSIS/Core/Include/cmsis_gcc.h ****   \details This default implementations initialized all data and additional bss
 127:HW_Lib/STM32H7/HAL_Lib/CMSIS/Core/Include/cmsis_gcc.h ****            sections relying on .copy.table and .zero.table specified properly
 128:HW_Lib/STM32H7/HAL_Lib/CMSIS/Core/Include/cmsis_gcc.h ****            in the used linker script.
 129:HW_Lib/STM32H7/HAL_Lib/CMSIS/Core/Include/cmsis_gcc.h ****   
 130:HW_Lib/STM32H7/HAL_Lib/CMSIS/Core/Include/cmsis_gcc.h ****  */
 131:HW_Lib/STM32H7/HAL_Lib/CMSIS/Core/Include/cmsis_gcc.h **** __STATIC_FORCEINLINE __NO_RETURN void __cmsis_start(void)
 132:HW_Lib/STM32H7/HAL_Lib/CMSIS/Core/Include/cmsis_gcc.h **** {
 133:HW_Lib/STM32H7/HAL_Lib/CMSIS/Core/Include/cmsis_gcc.h ****   extern void _start(void) __NO_RETURN;
 134:HW_Lib/STM32H7/HAL_Lib/CMSIS/Core/Include/cmsis_gcc.h ****   
 135:HW_Lib/STM32H7/HAL_Lib/CMSIS/Core/Include/cmsis_gcc.h ****   typedef struct {
 136:HW_Lib/STM32H7/HAL_Lib/CMSIS/Core/Include/cmsis_gcc.h ****     uint32_t const* src;
 137:HW_Lib/STM32H7/HAL_Lib/CMSIS/Core/Include/cmsis_gcc.h ****     uint32_t* dest;
 138:HW_Lib/STM32H7/HAL_Lib/CMSIS/Core/Include/cmsis_gcc.h ****     uint32_t  wlen;
 139:HW_Lib/STM32H7/HAL_Lib/CMSIS/Core/Include/cmsis_gcc.h ****   } __copy_table_t;
 140:HW_Lib/STM32H7/HAL_Lib/CMSIS/Core/Include/cmsis_gcc.h ****   
 141:HW_Lib/STM32H7/HAL_Lib/CMSIS/Core/Include/cmsis_gcc.h ****   typedef struct {
 142:HW_Lib/STM32H7/HAL_Lib/CMSIS/Core/Include/cmsis_gcc.h ****     uint32_t* dest;
 143:HW_Lib/STM32H7/HAL_Lib/CMSIS/Core/Include/cmsis_gcc.h ****     uint32_t  wlen;
 144:HW_Lib/STM32H7/HAL_Lib/CMSIS/Core/Include/cmsis_gcc.h ****   } __zero_table_t;
 145:HW_Lib/STM32H7/HAL_Lib/CMSIS/Core/Include/cmsis_gcc.h ****   
 146:HW_Lib/STM32H7/HAL_Lib/CMSIS/Core/Include/cmsis_gcc.h ****   extern const __copy_table_t __copy_table_start__;
 147:HW_Lib/STM32H7/HAL_Lib/CMSIS/Core/Include/cmsis_gcc.h ****   extern const __copy_table_t __copy_table_end__;
 148:HW_Lib/STM32H7/HAL_Lib/CMSIS/Core/Include/cmsis_gcc.h ****   extern const __zero_table_t __zero_table_start__;
 149:HW_Lib/STM32H7/HAL_Lib/CMSIS/Core/Include/cmsis_gcc.h ****   extern const __zero_table_t __zero_table_end__;
 150:HW_Lib/STM32H7/HAL_Lib/CMSIS/Core/Include/cmsis_gcc.h **** 
 151:HW_Lib/STM32H7/HAL_Lib/CMSIS/Core/Include/cmsis_gcc.h ****   for (__copy_table_t const* pTable = &__copy_table_start__; pTable < &__copy_table_end__; ++pTable
 152:HW_Lib/STM32H7/HAL_Lib/CMSIS/Core/Include/cmsis_gcc.h ****     for(uint32_t i=0u; i<pTable->wlen; ++i) {
 153:HW_Lib/STM32H7/HAL_Lib/CMSIS/Core/Include/cmsis_gcc.h ****       pTable->dest[i] = pTable->src[i];
 154:HW_Lib/STM32H7/HAL_Lib/CMSIS/Core/Include/cmsis_gcc.h ****     }
 155:HW_Lib/STM32H7/HAL_Lib/CMSIS/Core/Include/cmsis_gcc.h ****   }
 156:HW_Lib/STM32H7/HAL_Lib/CMSIS/Core/Include/cmsis_gcc.h ****  
 157:HW_Lib/STM32H7/HAL_Lib/CMSIS/Core/Include/cmsis_gcc.h ****   for (__zero_table_t const* pTable = &__zero_table_start__; pTable < &__zero_table_end__; ++pTable
 158:HW_Lib/STM32H7/HAL_Lib/CMSIS/Core/Include/cmsis_gcc.h ****     for(uint32_t i=0u; i<pTable->wlen; ++i) {
 159:HW_Lib/STM32H7/HAL_Lib/CMSIS/Core/Include/cmsis_gcc.h ****       pTable->dest[i] = 0u;
 160:HW_Lib/STM32H7/HAL_Lib/CMSIS/Core/Include/cmsis_gcc.h ****     }
 161:HW_Lib/STM32H7/HAL_Lib/CMSIS/Core/Include/cmsis_gcc.h ****   }
 162:HW_Lib/STM32H7/HAL_Lib/CMSIS/Core/Include/cmsis_gcc.h ****  
 163:HW_Lib/STM32H7/HAL_Lib/CMSIS/Core/Include/cmsis_gcc.h ****   _start();
 164:HW_Lib/STM32H7/HAL_Lib/CMSIS/Core/Include/cmsis_gcc.h **** }
 165:HW_Lib/STM32H7/HAL_Lib/CMSIS/Core/Include/cmsis_gcc.h ****   
 166:HW_Lib/STM32H7/HAL_Lib/CMSIS/Core/Include/cmsis_gcc.h **** #define __PROGRAM_START           __cmsis_start
 167:HW_Lib/STM32H7/HAL_Lib/CMSIS/Core/Include/cmsis_gcc.h **** #endif
 168:HW_Lib/STM32H7/HAL_Lib/CMSIS/Core/Include/cmsis_gcc.h **** 
 169:HW_Lib/STM32H7/HAL_Lib/CMSIS/Core/Include/cmsis_gcc.h **** #ifndef __INITIAL_SP
 170:HW_Lib/STM32H7/HAL_Lib/CMSIS/Core/Include/cmsis_gcc.h **** #define __INITIAL_SP              __StackTop
ARM GAS  C:\Users\HUAV\AppData\Local\Temp\cc8AyDdj.s 			page 9


 171:HW_Lib/STM32H7/HAL_Lib/CMSIS/Core/Include/cmsis_gcc.h **** #endif
 172:HW_Lib/STM32H7/HAL_Lib/CMSIS/Core/Include/cmsis_gcc.h **** 
 173:HW_Lib/STM32H7/HAL_Lib/CMSIS/Core/Include/cmsis_gcc.h **** #ifndef __STACK_LIMIT
 174:HW_Lib/STM32H7/HAL_Lib/CMSIS/Core/Include/cmsis_gcc.h **** #define __STACK_LIMIT             __StackLimit
 175:HW_Lib/STM32H7/HAL_Lib/CMSIS/Core/Include/cmsis_gcc.h **** #endif
 176:HW_Lib/STM32H7/HAL_Lib/CMSIS/Core/Include/cmsis_gcc.h **** 
 177:HW_Lib/STM32H7/HAL_Lib/CMSIS/Core/Include/cmsis_gcc.h **** #ifndef __VECTOR_TABLE
 178:HW_Lib/STM32H7/HAL_Lib/CMSIS/Core/Include/cmsis_gcc.h **** #define __VECTOR_TABLE            __Vectors
 179:HW_Lib/STM32H7/HAL_Lib/CMSIS/Core/Include/cmsis_gcc.h **** #endif
 180:HW_Lib/STM32H7/HAL_Lib/CMSIS/Core/Include/cmsis_gcc.h **** 
 181:HW_Lib/STM32H7/HAL_Lib/CMSIS/Core/Include/cmsis_gcc.h **** #ifndef __VECTOR_TABLE_ATTRIBUTE
 182:HW_Lib/STM32H7/HAL_Lib/CMSIS/Core/Include/cmsis_gcc.h **** #define __VECTOR_TABLE_ATTRIBUTE  __attribute((used, section(".vectors")))
 183:HW_Lib/STM32H7/HAL_Lib/CMSIS/Core/Include/cmsis_gcc.h **** #endif
 184:HW_Lib/STM32H7/HAL_Lib/CMSIS/Core/Include/cmsis_gcc.h **** 
 185:HW_Lib/STM32H7/HAL_Lib/CMSIS/Core/Include/cmsis_gcc.h **** /* ###########################  Core Function Access  ########################### */
 186:HW_Lib/STM32H7/HAL_Lib/CMSIS/Core/Include/cmsis_gcc.h **** /** \ingroup  CMSIS_Core_FunctionInterface
 187:HW_Lib/STM32H7/HAL_Lib/CMSIS/Core/Include/cmsis_gcc.h ****     \defgroup CMSIS_Core_RegAccFunctions CMSIS Core Register Access Functions
 188:HW_Lib/STM32H7/HAL_Lib/CMSIS/Core/Include/cmsis_gcc.h ****   @{
 189:HW_Lib/STM32H7/HAL_Lib/CMSIS/Core/Include/cmsis_gcc.h ****  */
 190:HW_Lib/STM32H7/HAL_Lib/CMSIS/Core/Include/cmsis_gcc.h **** 
 191:HW_Lib/STM32H7/HAL_Lib/CMSIS/Core/Include/cmsis_gcc.h **** /**
 192:HW_Lib/STM32H7/HAL_Lib/CMSIS/Core/Include/cmsis_gcc.h ****   \brief   Enable IRQ Interrupts
 193:HW_Lib/STM32H7/HAL_Lib/CMSIS/Core/Include/cmsis_gcc.h ****   \details Enables IRQ interrupts by clearing the I-bit in the CPSR.
 194:HW_Lib/STM32H7/HAL_Lib/CMSIS/Core/Include/cmsis_gcc.h ****            Can only be executed in Privileged modes.
 195:HW_Lib/STM32H7/HAL_Lib/CMSIS/Core/Include/cmsis_gcc.h ****  */
 196:HW_Lib/STM32H7/HAL_Lib/CMSIS/Core/Include/cmsis_gcc.h **** __STATIC_FORCEINLINE void __enable_irq(void)
 197:HW_Lib/STM32H7/HAL_Lib/CMSIS/Core/Include/cmsis_gcc.h **** {
 198:HW_Lib/STM32H7/HAL_Lib/CMSIS/Core/Include/cmsis_gcc.h ****   __ASM volatile ("cpsie i" : : : "memory");
 199:HW_Lib/STM32H7/HAL_Lib/CMSIS/Core/Include/cmsis_gcc.h **** }
 200:HW_Lib/STM32H7/HAL_Lib/CMSIS/Core/Include/cmsis_gcc.h **** 
 201:HW_Lib/STM32H7/HAL_Lib/CMSIS/Core/Include/cmsis_gcc.h **** 
 202:HW_Lib/STM32H7/HAL_Lib/CMSIS/Core/Include/cmsis_gcc.h **** /**
 203:HW_Lib/STM32H7/HAL_Lib/CMSIS/Core/Include/cmsis_gcc.h ****   \brief   Disable IRQ Interrupts
 204:HW_Lib/STM32H7/HAL_Lib/CMSIS/Core/Include/cmsis_gcc.h ****   \details Disables IRQ interrupts by setting the I-bit in the CPSR.
 205:HW_Lib/STM32H7/HAL_Lib/CMSIS/Core/Include/cmsis_gcc.h ****            Can only be executed in Privileged modes.
 206:HW_Lib/STM32H7/HAL_Lib/CMSIS/Core/Include/cmsis_gcc.h ****  */
 207:HW_Lib/STM32H7/HAL_Lib/CMSIS/Core/Include/cmsis_gcc.h **** __STATIC_FORCEINLINE void __disable_irq(void)
 208:HW_Lib/STM32H7/HAL_Lib/CMSIS/Core/Include/cmsis_gcc.h **** {
 209:HW_Lib/STM32H7/HAL_Lib/CMSIS/Core/Include/cmsis_gcc.h ****   __ASM volatile ("cpsid i" : : : "memory");
 210:HW_Lib/STM32H7/HAL_Lib/CMSIS/Core/Include/cmsis_gcc.h **** }
 211:HW_Lib/STM32H7/HAL_Lib/CMSIS/Core/Include/cmsis_gcc.h **** 
 212:HW_Lib/STM32H7/HAL_Lib/CMSIS/Core/Include/cmsis_gcc.h **** 
 213:HW_Lib/STM32H7/HAL_Lib/CMSIS/Core/Include/cmsis_gcc.h **** /**
 214:HW_Lib/STM32H7/HAL_Lib/CMSIS/Core/Include/cmsis_gcc.h ****   \brief   Get Control Register
 215:HW_Lib/STM32H7/HAL_Lib/CMSIS/Core/Include/cmsis_gcc.h ****   \details Returns the content of the Control Register.
 216:HW_Lib/STM32H7/HAL_Lib/CMSIS/Core/Include/cmsis_gcc.h ****   \return               Control Register value
 217:HW_Lib/STM32H7/HAL_Lib/CMSIS/Core/Include/cmsis_gcc.h ****  */
 218:HW_Lib/STM32H7/HAL_Lib/CMSIS/Core/Include/cmsis_gcc.h **** __STATIC_FORCEINLINE uint32_t __get_CONTROL(void)
 219:HW_Lib/STM32H7/HAL_Lib/CMSIS/Core/Include/cmsis_gcc.h **** {
 220:HW_Lib/STM32H7/HAL_Lib/CMSIS/Core/Include/cmsis_gcc.h ****   uint32_t result;
 221:HW_Lib/STM32H7/HAL_Lib/CMSIS/Core/Include/cmsis_gcc.h **** 
 222:HW_Lib/STM32H7/HAL_Lib/CMSIS/Core/Include/cmsis_gcc.h ****   __ASM volatile ("MRS %0, control" : "=r" (result) );
 223:HW_Lib/STM32H7/HAL_Lib/CMSIS/Core/Include/cmsis_gcc.h ****   return(result);
 224:HW_Lib/STM32H7/HAL_Lib/CMSIS/Core/Include/cmsis_gcc.h **** }
 225:HW_Lib/STM32H7/HAL_Lib/CMSIS/Core/Include/cmsis_gcc.h **** 
 226:HW_Lib/STM32H7/HAL_Lib/CMSIS/Core/Include/cmsis_gcc.h **** 
 227:HW_Lib/STM32H7/HAL_Lib/CMSIS/Core/Include/cmsis_gcc.h **** #if (defined (__ARM_FEATURE_CMSE ) && (__ARM_FEATURE_CMSE == 3))
ARM GAS  C:\Users\HUAV\AppData\Local\Temp\cc8AyDdj.s 			page 10


 228:HW_Lib/STM32H7/HAL_Lib/CMSIS/Core/Include/cmsis_gcc.h **** /**
 229:HW_Lib/STM32H7/HAL_Lib/CMSIS/Core/Include/cmsis_gcc.h ****   \brief   Get Control Register (non-secure)
 230:HW_Lib/STM32H7/HAL_Lib/CMSIS/Core/Include/cmsis_gcc.h ****   \details Returns the content of the non-secure Control Register when in secure mode.
 231:HW_Lib/STM32H7/HAL_Lib/CMSIS/Core/Include/cmsis_gcc.h ****   \return               non-secure Control Register value
 232:HW_Lib/STM32H7/HAL_Lib/CMSIS/Core/Include/cmsis_gcc.h ****  */
 233:HW_Lib/STM32H7/HAL_Lib/CMSIS/Core/Include/cmsis_gcc.h **** __STATIC_FORCEINLINE uint32_t __TZ_get_CONTROL_NS(void)
 234:HW_Lib/STM32H7/HAL_Lib/CMSIS/Core/Include/cmsis_gcc.h **** {
 235:HW_Lib/STM32H7/HAL_Lib/CMSIS/Core/Include/cmsis_gcc.h ****   uint32_t result;
 236:HW_Lib/STM32H7/HAL_Lib/CMSIS/Core/Include/cmsis_gcc.h **** 
 237:HW_Lib/STM32H7/HAL_Lib/CMSIS/Core/Include/cmsis_gcc.h ****   __ASM volatile ("MRS %0, control_ns" : "=r" (result) );
 238:HW_Lib/STM32H7/HAL_Lib/CMSIS/Core/Include/cmsis_gcc.h ****   return(result);
 239:HW_Lib/STM32H7/HAL_Lib/CMSIS/Core/Include/cmsis_gcc.h **** }
 240:HW_Lib/STM32H7/HAL_Lib/CMSIS/Core/Include/cmsis_gcc.h **** #endif
 241:HW_Lib/STM32H7/HAL_Lib/CMSIS/Core/Include/cmsis_gcc.h **** 
 242:HW_Lib/STM32H7/HAL_Lib/CMSIS/Core/Include/cmsis_gcc.h **** 
 243:HW_Lib/STM32H7/HAL_Lib/CMSIS/Core/Include/cmsis_gcc.h **** /**
 244:HW_Lib/STM32H7/HAL_Lib/CMSIS/Core/Include/cmsis_gcc.h ****   \brief   Set Control Register
 245:HW_Lib/STM32H7/HAL_Lib/CMSIS/Core/Include/cmsis_gcc.h ****   \details Writes the given value to the Control Register.
 246:HW_Lib/STM32H7/HAL_Lib/CMSIS/Core/Include/cmsis_gcc.h ****   \param [in]    control  Control Register value to set
 247:HW_Lib/STM32H7/HAL_Lib/CMSIS/Core/Include/cmsis_gcc.h ****  */
 248:HW_Lib/STM32H7/HAL_Lib/CMSIS/Core/Include/cmsis_gcc.h **** __STATIC_FORCEINLINE void __set_CONTROL(uint32_t control)
 249:HW_Lib/STM32H7/HAL_Lib/CMSIS/Core/Include/cmsis_gcc.h **** {
 250:HW_Lib/STM32H7/HAL_Lib/CMSIS/Core/Include/cmsis_gcc.h ****   __ASM volatile ("MSR control, %0" : : "r" (control) : "memory");
 251:HW_Lib/STM32H7/HAL_Lib/CMSIS/Core/Include/cmsis_gcc.h **** }
 252:HW_Lib/STM32H7/HAL_Lib/CMSIS/Core/Include/cmsis_gcc.h **** 
 253:HW_Lib/STM32H7/HAL_Lib/CMSIS/Core/Include/cmsis_gcc.h **** 
 254:HW_Lib/STM32H7/HAL_Lib/CMSIS/Core/Include/cmsis_gcc.h **** #if (defined (__ARM_FEATURE_CMSE ) && (__ARM_FEATURE_CMSE == 3))
 255:HW_Lib/STM32H7/HAL_Lib/CMSIS/Core/Include/cmsis_gcc.h **** /**
 256:HW_Lib/STM32H7/HAL_Lib/CMSIS/Core/Include/cmsis_gcc.h ****   \brief   Set Control Register (non-secure)
 257:HW_Lib/STM32H7/HAL_Lib/CMSIS/Core/Include/cmsis_gcc.h ****   \details Writes the given value to the non-secure Control Register when in secure state.
 258:HW_Lib/STM32H7/HAL_Lib/CMSIS/Core/Include/cmsis_gcc.h ****   \param [in]    control  Control Register value to set
 259:HW_Lib/STM32H7/HAL_Lib/CMSIS/Core/Include/cmsis_gcc.h ****  */
 260:HW_Lib/STM32H7/HAL_Lib/CMSIS/Core/Include/cmsis_gcc.h **** __STATIC_FORCEINLINE void __TZ_set_CONTROL_NS(uint32_t control)
 261:HW_Lib/STM32H7/HAL_Lib/CMSIS/Core/Include/cmsis_gcc.h **** {
 262:HW_Lib/STM32H7/HAL_Lib/CMSIS/Core/Include/cmsis_gcc.h ****   __ASM volatile ("MSR control_ns, %0" : : "r" (control) : "memory");
 263:HW_Lib/STM32H7/HAL_Lib/CMSIS/Core/Include/cmsis_gcc.h **** }
 264:HW_Lib/STM32H7/HAL_Lib/CMSIS/Core/Include/cmsis_gcc.h **** #endif
 265:HW_Lib/STM32H7/HAL_Lib/CMSIS/Core/Include/cmsis_gcc.h **** 
 266:HW_Lib/STM32H7/HAL_Lib/CMSIS/Core/Include/cmsis_gcc.h **** 
 267:HW_Lib/STM32H7/HAL_Lib/CMSIS/Core/Include/cmsis_gcc.h **** /**
 268:HW_Lib/STM32H7/HAL_Lib/CMSIS/Core/Include/cmsis_gcc.h ****   \brief   Get IPSR Register
 269:HW_Lib/STM32H7/HAL_Lib/CMSIS/Core/Include/cmsis_gcc.h ****   \details Returns the content of the IPSR Register.
 270:HW_Lib/STM32H7/HAL_Lib/CMSIS/Core/Include/cmsis_gcc.h ****   \return               IPSR Register value
 271:HW_Lib/STM32H7/HAL_Lib/CMSIS/Core/Include/cmsis_gcc.h ****  */
 272:HW_Lib/STM32H7/HAL_Lib/CMSIS/Core/Include/cmsis_gcc.h **** __STATIC_FORCEINLINE uint32_t __get_IPSR(void)
 273:HW_Lib/STM32H7/HAL_Lib/CMSIS/Core/Include/cmsis_gcc.h **** {
 274:HW_Lib/STM32H7/HAL_Lib/CMSIS/Core/Include/cmsis_gcc.h ****   uint32_t result;
 275:HW_Lib/STM32H7/HAL_Lib/CMSIS/Core/Include/cmsis_gcc.h **** 
 276:HW_Lib/STM32H7/HAL_Lib/CMSIS/Core/Include/cmsis_gcc.h ****   __ASM volatile ("MRS %0, ipsr" : "=r" (result) );
 161              		.loc 2 276 3
 162              		.syntax unified
 163              	@ 276 "HW_Lib/STM32H7/HAL_Lib/CMSIS/Core/Include/cmsis_gcc.h" 1
 164 0006 EFF30583 		MRS r3, ipsr
 165              	@ 0 "" 2
 166              		.thumb
 167              		.syntax unified
 168 000a 7B60     		str	r3, [r7, #4]
ARM GAS  C:\Users\HUAV\AppData\Local\Temp\cc8AyDdj.s 			page 11


 277:HW_Lib/STM32H7/HAL_Lib/CMSIS/Core/Include/cmsis_gcc.h ****   return(result);
 169              		.loc 2 277 9
 170 000c 7B68     		ldr	r3, [r7, #4]
 171              	.LBE9:
 172              	.LBE8:
 132:System/FreeRTOS/CMSIS_RTOS/cmsis_os.c ****   return __get_IPSR() != 0;
 173              		.loc 1 132 23
 174 000e 002B     		cmp	r3, #0
 175 0010 14BF     		ite	ne
 176 0012 0123     		movne	r3, #1
 177 0014 0023     		moveq	r3, #0
 178 0016 DBB2     		uxtb	r3, r3
 133:System/FreeRTOS/CMSIS_RTOS/cmsis_os.c **** }
 179              		.loc 1 133 1
 180 0018 1846     		mov	r0, r3
 181 001a 0C37     		adds	r7, r7, #12
 182              	.LCFI15:
 183              		.cfi_def_cfa_offset 4
 184 001c BD46     		mov	sp, r7
 185              	.LCFI16:
 186              		.cfi_def_cfa_register 13
 187              		@ sp needed
 188 001e 5DF8047B 		ldr	r7, [sp], #4
 189              	.LCFI17:
 190              		.cfi_restore 7
 191              		.cfi_def_cfa_offset 0
 192 0022 7047     		bx	lr
 193              		.cfi_endproc
 194              	.LFE111:
 196              		.section	.text.osKernelStart,"ax",%progbits
 197              		.align	1
 198              		.global	osKernelStart
 199              		.syntax unified
 200              		.thumb
 201              		.thumb_func
 203              	osKernelStart:
 204              	.LFB112:
 134:System/FreeRTOS/CMSIS_RTOS/cmsis_os.c **** 
 135:System/FreeRTOS/CMSIS_RTOS/cmsis_os.c **** /*********************** Kernel Control Functions *****************************/
 136:System/FreeRTOS/CMSIS_RTOS/cmsis_os.c **** /**
 137:System/FreeRTOS/CMSIS_RTOS/cmsis_os.c **** * @brief  Initialize the RTOS Kernel for creating objects.
 138:System/FreeRTOS/CMSIS_RTOS/cmsis_os.c **** * @retval status code that indicates the execution status of the function.
 139:System/FreeRTOS/CMSIS_RTOS/cmsis_os.c **** * @note   MUST REMAIN UNCHANGED: \b osKernelInitialize shall be consistent in every CMSIS-RTOS.
 140:System/FreeRTOS/CMSIS_RTOS/cmsis_os.c **** */
 141:System/FreeRTOS/CMSIS_RTOS/cmsis_os.c **** osStatus osKernelInitialize (void);
 142:System/FreeRTOS/CMSIS_RTOS/cmsis_os.c **** 
 143:System/FreeRTOS/CMSIS_RTOS/cmsis_os.c **** /**
 144:System/FreeRTOS/CMSIS_RTOS/cmsis_os.c **** * @brief  Start the RTOS Kernel with executing the specified thread.
 145:System/FreeRTOS/CMSIS_RTOS/cmsis_os.c **** * @param  thread_def    thread definition referenced with \ref osThread.
 146:System/FreeRTOS/CMSIS_RTOS/cmsis_os.c **** * @param  argument      pointer that is passed to the thread function as start argument.
 147:System/FreeRTOS/CMSIS_RTOS/cmsis_os.c **** * @retval status code that indicates the execution status of the function
 148:System/FreeRTOS/CMSIS_RTOS/cmsis_os.c **** * @note   MUST REMAIN UNCHANGED: \b osKernelStart shall be consistent in every CMSIS-RTOS.
 149:System/FreeRTOS/CMSIS_RTOS/cmsis_os.c **** */
 150:System/FreeRTOS/CMSIS_RTOS/cmsis_os.c **** osStatus osKernelStart (void)
 151:System/FreeRTOS/CMSIS_RTOS/cmsis_os.c **** {
 205              		.loc 1 151 1
 206              		.cfi_startproc
ARM GAS  C:\Users\HUAV\AppData\Local\Temp\cc8AyDdj.s 			page 12


 207              		@ args = 0, pretend = 0, frame = 0
 208              		@ frame_needed = 1, uses_anonymous_args = 0
 209 0000 80B5     		push	{r7, lr}
 210              	.LCFI18:
 211              		.cfi_def_cfa_offset 8
 212              		.cfi_offset 7, -8
 213              		.cfi_offset 14, -4
 214 0002 00AF     		add	r7, sp, #0
 215              	.LCFI19:
 216              		.cfi_def_cfa_register 7
 152:System/FreeRTOS/CMSIS_RTOS/cmsis_os.c ****   vTaskStartScheduler();
 217              		.loc 1 152 3
 218 0004 FFF7FEFF 		bl	vTaskStartScheduler
 153:System/FreeRTOS/CMSIS_RTOS/cmsis_os.c ****   
 154:System/FreeRTOS/CMSIS_RTOS/cmsis_os.c ****   return osOK;
 219              		.loc 1 154 10
 220 0008 0023     		movs	r3, #0
 155:System/FreeRTOS/CMSIS_RTOS/cmsis_os.c **** }
 221              		.loc 1 155 1
 222 000a 1846     		mov	r0, r3
 223 000c 80BD     		pop	{r7, pc}
 224              		.cfi_endproc
 225              	.LFE112:
 227              		.section	.text.osKernelRunning,"ax",%progbits
 228              		.align	1
 229              		.global	osKernelRunning
 230              		.syntax unified
 231              		.thumb
 232              		.thumb_func
 234              	osKernelRunning:
 235              	.LFB113:
 156:System/FreeRTOS/CMSIS_RTOS/cmsis_os.c **** 
 157:System/FreeRTOS/CMSIS_RTOS/cmsis_os.c **** /**
 158:System/FreeRTOS/CMSIS_RTOS/cmsis_os.c **** * @brief  Check if the RTOS kernel is already started
 159:System/FreeRTOS/CMSIS_RTOS/cmsis_os.c **** * @param  None
 160:System/FreeRTOS/CMSIS_RTOS/cmsis_os.c **** * @retval (0) RTOS is not started
 161:System/FreeRTOS/CMSIS_RTOS/cmsis_os.c **** *         (1) RTOS is started
 162:System/FreeRTOS/CMSIS_RTOS/cmsis_os.c **** *         (-1) if this feature is disabled in FreeRTOSConfig.h 
 163:System/FreeRTOS/CMSIS_RTOS/cmsis_os.c **** * @note  MUST REMAIN UNCHANGED: \b osKernelRunning shall be consistent in every CMSIS-RTOS.
 164:System/FreeRTOS/CMSIS_RTOS/cmsis_os.c **** */
 165:System/FreeRTOS/CMSIS_RTOS/cmsis_os.c **** int32_t osKernelRunning(void)
 166:System/FreeRTOS/CMSIS_RTOS/cmsis_os.c **** {
 236              		.loc 1 166 1
 237              		.cfi_startproc
 238              		@ args = 0, pretend = 0, frame = 0
 239              		@ frame_needed = 1, uses_anonymous_args = 0
 240 0000 80B5     		push	{r7, lr}
 241              	.LCFI20:
 242              		.cfi_def_cfa_offset 8
 243              		.cfi_offset 7, -8
 244              		.cfi_offset 14, -4
 245 0002 00AF     		add	r7, sp, #0
 246              	.LCFI21:
 247              		.cfi_def_cfa_register 7
 167:System/FreeRTOS/CMSIS_RTOS/cmsis_os.c **** #if ( ( INCLUDE_xTaskGetSchedulerState == 1 ) || ( configUSE_TIMERS == 1 ) )
 168:System/FreeRTOS/CMSIS_RTOS/cmsis_os.c ****   if (xTaskGetSchedulerState() == taskSCHEDULER_NOT_STARTED)
 248              		.loc 1 168 7
ARM GAS  C:\Users\HUAV\AppData\Local\Temp\cc8AyDdj.s 			page 13


 249 0004 FFF7FEFF 		bl	xTaskGetSchedulerState
 250 0008 0346     		mov	r3, r0
 251              		.loc 1 168 6
 252 000a 012B     		cmp	r3, #1
 253 000c 01D1     		bne	.L13
 169:System/FreeRTOS/CMSIS_RTOS/cmsis_os.c ****     return 0;
 254              		.loc 1 169 12
 255 000e 0023     		movs	r3, #0
 256 0010 00E0     		b	.L14
 257              	.L13:
 170:System/FreeRTOS/CMSIS_RTOS/cmsis_os.c ****   else
 171:System/FreeRTOS/CMSIS_RTOS/cmsis_os.c ****     return 1;
 258              		.loc 1 171 12
 259 0012 0123     		movs	r3, #1
 260              	.L14:
 172:System/FreeRTOS/CMSIS_RTOS/cmsis_os.c **** #else
 173:System/FreeRTOS/CMSIS_RTOS/cmsis_os.c **** 	return (-1);
 174:System/FreeRTOS/CMSIS_RTOS/cmsis_os.c **** #endif	
 175:System/FreeRTOS/CMSIS_RTOS/cmsis_os.c **** }
 261              		.loc 1 175 1
 262 0014 1846     		mov	r0, r3
 263 0016 80BD     		pop	{r7, pc}
 264              		.cfi_endproc
 265              	.LFE113:
 267              		.section	.text.osKernelSysTick,"ax",%progbits
 268              		.align	1
 269              		.global	osKernelSysTick
 270              		.syntax unified
 271              		.thumb
 272              		.thumb_func
 274              	osKernelSysTick:
 275              	.LFB114:
 176:System/FreeRTOS/CMSIS_RTOS/cmsis_os.c **** 
 177:System/FreeRTOS/CMSIS_RTOS/cmsis_os.c **** #if (defined (osFeature_SysTick)  &&  (osFeature_SysTick != 0))     // System Timer available
 178:System/FreeRTOS/CMSIS_RTOS/cmsis_os.c **** /**
 179:System/FreeRTOS/CMSIS_RTOS/cmsis_os.c **** * @brief  Get the value of the Kernel SysTick timer
 180:System/FreeRTOS/CMSIS_RTOS/cmsis_os.c **** * @param  None
 181:System/FreeRTOS/CMSIS_RTOS/cmsis_os.c **** * @retval None
 182:System/FreeRTOS/CMSIS_RTOS/cmsis_os.c **** * @note   MUST REMAIN UNCHANGED: \b osKernelSysTick shall be consistent in every CMSIS-RTOS.
 183:System/FreeRTOS/CMSIS_RTOS/cmsis_os.c **** */
 184:System/FreeRTOS/CMSIS_RTOS/cmsis_os.c **** uint32_t osKernelSysTick(void)
 185:System/FreeRTOS/CMSIS_RTOS/cmsis_os.c **** {
 276              		.loc 1 185 1
 277              		.cfi_startproc
 278              		@ args = 0, pretend = 0, frame = 0
 279              		@ frame_needed = 1, uses_anonymous_args = 0
 280 0000 80B5     		push	{r7, lr}
 281              	.LCFI22:
 282              		.cfi_def_cfa_offset 8
 283              		.cfi_offset 7, -8
 284              		.cfi_offset 14, -4
 285 0002 00AF     		add	r7, sp, #0
 286              	.LCFI23:
 287              		.cfi_def_cfa_register 7
 186:System/FreeRTOS/CMSIS_RTOS/cmsis_os.c ****   if (inHandlerMode()) {
 288              		.loc 1 186 7
 289 0004 FFF7FEFF 		bl	inHandlerMode
ARM GAS  C:\Users\HUAV\AppData\Local\Temp\cc8AyDdj.s 			page 14


 290 0008 0346     		mov	r3, r0
 291              		.loc 1 186 6
 292 000a 002B     		cmp	r3, #0
 293 000c 03D0     		beq	.L16
 187:System/FreeRTOS/CMSIS_RTOS/cmsis_os.c ****     return xTaskGetTickCountFromISR();
 294              		.loc 1 187 12
 295 000e FFF7FEFF 		bl	xTaskGetTickCountFromISR
 296 0012 0346     		mov	r3, r0
 297 0014 02E0     		b	.L17
 298              	.L16:
 188:System/FreeRTOS/CMSIS_RTOS/cmsis_os.c ****   }
 189:System/FreeRTOS/CMSIS_RTOS/cmsis_os.c ****   else {
 190:System/FreeRTOS/CMSIS_RTOS/cmsis_os.c ****     return xTaskGetTickCount();
 299              		.loc 1 190 12
 300 0016 FFF7FEFF 		bl	xTaskGetTickCount
 301 001a 0346     		mov	r3, r0
 302              	.L17:
 191:System/FreeRTOS/CMSIS_RTOS/cmsis_os.c ****   }
 192:System/FreeRTOS/CMSIS_RTOS/cmsis_os.c **** }
 303              		.loc 1 192 1
 304 001c 1846     		mov	r0, r3
 305 001e 80BD     		pop	{r7, pc}
 306              		.cfi_endproc
 307              	.LFE114:
 309              		.section	.text.osThreadCreate,"ax",%progbits
 310              		.align	1
 311              		.global	osThreadCreate
 312              		.syntax unified
 313              		.thumb
 314              		.thumb_func
 316              	osThreadCreate:
 317              	.LFB115:
 193:System/FreeRTOS/CMSIS_RTOS/cmsis_os.c **** #endif    // System Timer available
 194:System/FreeRTOS/CMSIS_RTOS/cmsis_os.c **** /*********************** Thread Management *****************************/
 195:System/FreeRTOS/CMSIS_RTOS/cmsis_os.c **** /**
 196:System/FreeRTOS/CMSIS_RTOS/cmsis_os.c **** * @brief  Create a thread and add it to Active Threads and set it to state READY.
 197:System/FreeRTOS/CMSIS_RTOS/cmsis_os.c **** * @param  thread_def    thread definition referenced with \ref osThread.
 198:System/FreeRTOS/CMSIS_RTOS/cmsis_os.c **** * @param  argument      pointer that is passed to the thread function as start argument.
 199:System/FreeRTOS/CMSIS_RTOS/cmsis_os.c **** * @retval thread ID for reference by other functions or NULL in case of error.
 200:System/FreeRTOS/CMSIS_RTOS/cmsis_os.c **** * @note   MUST REMAIN UNCHANGED: \b osThreadCreate shall be consistent in every CMSIS-RTOS.
 201:System/FreeRTOS/CMSIS_RTOS/cmsis_os.c **** */
 202:System/FreeRTOS/CMSIS_RTOS/cmsis_os.c **** osThreadId osThreadCreate (const osThreadDef_t *thread_def, void *argument)
 203:System/FreeRTOS/CMSIS_RTOS/cmsis_os.c **** {
 318              		.loc 1 203 1
 319              		.cfi_startproc
 320              		@ args = 0, pretend = 0, frame = 16
 321              		@ frame_needed = 1, uses_anonymous_args = 0
 322 0000 F0B5     		push	{r4, r5, r6, r7, lr}
 323              	.LCFI24:
 324              		.cfi_def_cfa_offset 20
 325              		.cfi_offset 4, -20
 326              		.cfi_offset 5, -16
 327              		.cfi_offset 6, -12
 328              		.cfi_offset 7, -8
 329              		.cfi_offset 14, -4
 330 0002 89B0     		sub	sp, sp, #36
 331              	.LCFI25:
ARM GAS  C:\Users\HUAV\AppData\Local\Temp\cc8AyDdj.s 			page 15


 332              		.cfi_def_cfa_offset 56
 333 0004 04AF     		add	r7, sp, #16
 334              	.LCFI26:
 335              		.cfi_def_cfa 7, 40
 336 0006 7860     		str	r0, [r7, #4]
 337 0008 3960     		str	r1, [r7]
 204:System/FreeRTOS/CMSIS_RTOS/cmsis_os.c ****   TaskHandle_t handle;
 205:System/FreeRTOS/CMSIS_RTOS/cmsis_os.c ****   
 206:System/FreeRTOS/CMSIS_RTOS/cmsis_os.c **** #if( configSUPPORT_STATIC_ALLOCATION == 1 ) &&  ( configSUPPORT_DYNAMIC_ALLOCATION == 1 )
 207:System/FreeRTOS/CMSIS_RTOS/cmsis_os.c ****   if((thread_def->buffer != NULL) && (thread_def->controlblock != NULL)) {
 338              		.loc 1 207 17
 339 000a 7B68     		ldr	r3, [r7, #4]
 340 000c 5B69     		ldr	r3, [r3, #20]
 341              		.loc 1 207 5
 342 000e 002B     		cmp	r3, #0
 343 0010 20D0     		beq	.L19
 344              		.loc 1 207 49 discriminator 1
 345 0012 7B68     		ldr	r3, [r7, #4]
 346 0014 9B69     		ldr	r3, [r3, #24]
 347              		.loc 1 207 35 discriminator 1
 348 0016 002B     		cmp	r3, #0
 349 0018 1CD0     		beq	.L19
 208:System/FreeRTOS/CMSIS_RTOS/cmsis_os.c ****     handle = xTaskCreateStatic((TaskFunction_t)thread_def->pthread,(const portCHAR *)thread_def->na
 350              		.loc 1 208 58
 351 001a 7B68     		ldr	r3, [r7, #4]
 352 001c 5C68     		ldr	r4, [r3, #4]
 353              		.loc 1 208 96
 354 001e 7B68     		ldr	r3, [r7, #4]
 355 0020 1D68     		ldr	r5, [r3]
 356              		.loc 1 208 14
 357 0022 7B68     		ldr	r3, [r7, #4]
 358 0024 1E69     		ldr	r6, [r3, #16]
 359 0026 7B68     		ldr	r3, [r7, #4]
 360 0028 B3F90830 		ldrsh	r3, [r3, #8]
 361 002c 1846     		mov	r0, r3
 362 002e FFF7FEFF 		bl	makeFreeRtosPriority
 363 0032 0146     		mov	r1, r0
 209:System/FreeRTOS/CMSIS_RTOS/cmsis_os.c ****               thread_def->stacksize, argument, makeFreeRtosPriority(thread_def->tpriority),
 210:System/FreeRTOS/CMSIS_RTOS/cmsis_os.c ****               thread_def->buffer, thread_def->controlblock);
 364              		.loc 1 210 25
 365 0034 7B68     		ldr	r3, [r7, #4]
 366 0036 5B69     		ldr	r3, [r3, #20]
 367              		.loc 1 210 45
 368 0038 7A68     		ldr	r2, [r7, #4]
 369 003a 9269     		ldr	r2, [r2, #24]
 208:System/FreeRTOS/CMSIS_RTOS/cmsis_os.c ****     handle = xTaskCreateStatic((TaskFunction_t)thread_def->pthread,(const portCHAR *)thread_def->na
 370              		.loc 1 208 14
 371 003c 0292     		str	r2, [sp, #8]
 372 003e 0193     		str	r3, [sp, #4]
 373 0040 0091     		str	r1, [sp]
 374 0042 3B68     		ldr	r3, [r7]
 375 0044 3246     		mov	r2, r6
 376 0046 2946     		mov	r1, r5
 377 0048 2046     		mov	r0, r4
 378 004a FFF7FEFF 		bl	xTaskCreateStatic
 379 004e 0346     		mov	r3, r0
 208:System/FreeRTOS/CMSIS_RTOS/cmsis_os.c ****     handle = xTaskCreateStatic((TaskFunction_t)thread_def->pthread,(const portCHAR *)thread_def->na
ARM GAS  C:\Users\HUAV\AppData\Local\Temp\cc8AyDdj.s 			page 16


 380              		.loc 1 208 12
 381 0050 FB60     		str	r3, [r7, #12]
 382 0052 1CE0     		b	.L20
 383              	.L19:
 211:System/FreeRTOS/CMSIS_RTOS/cmsis_os.c ****   }
 212:System/FreeRTOS/CMSIS_RTOS/cmsis_os.c ****   else {
 213:System/FreeRTOS/CMSIS_RTOS/cmsis_os.c ****     if (xTaskCreate((TaskFunction_t)thread_def->pthread,(const portCHAR *)thread_def->name,
 384              		.loc 1 213 47
 385 0054 7B68     		ldr	r3, [r7, #4]
 386 0056 5C68     		ldr	r4, [r3, #4]
 387              		.loc 1 213 85
 388 0058 7B68     		ldr	r3, [r7, #4]
 389 005a 1D68     		ldr	r5, [r3]
 214:System/FreeRTOS/CMSIS_RTOS/cmsis_os.c ****               thread_def->stacksize, argument, makeFreeRtosPriority(thread_def->tpriority),
 390              		.loc 1 214 25
 391 005c 7B68     		ldr	r3, [r7, #4]
 392 005e 1B69     		ldr	r3, [r3, #16]
 213:System/FreeRTOS/CMSIS_RTOS/cmsis_os.c ****               thread_def->stacksize, argument, makeFreeRtosPriority(thread_def->tpriority),
 393              		.loc 1 213 9
 394 0060 9EB2     		uxth	r6, r3
 395 0062 7B68     		ldr	r3, [r7, #4]
 396 0064 B3F90830 		ldrsh	r3, [r3, #8]
 397 0068 1846     		mov	r0, r3
 398 006a FFF7FEFF 		bl	makeFreeRtosPriority
 399 006e 0246     		mov	r2, r0
 400 0070 07F10C03 		add	r3, r7, #12
 401 0074 0193     		str	r3, [sp, #4]
 402 0076 0092     		str	r2, [sp]
 403 0078 3B68     		ldr	r3, [r7]
 404 007a 3246     		mov	r2, r6
 405 007c 2946     		mov	r1, r5
 406 007e 2046     		mov	r0, r4
 407 0080 FFF7FEFF 		bl	xTaskCreate
 408 0084 0346     		mov	r3, r0
 213:System/FreeRTOS/CMSIS_RTOS/cmsis_os.c ****               thread_def->stacksize, argument, makeFreeRtosPriority(thread_def->tpriority),
 409              		.loc 1 213 8
 410 0086 012B     		cmp	r3, #1
 411 0088 01D0     		beq	.L20
 215:System/FreeRTOS/CMSIS_RTOS/cmsis_os.c ****               &handle) != pdPASS)  {
 216:System/FreeRTOS/CMSIS_RTOS/cmsis_os.c ****       return NULL;
 412              		.loc 1 216 14
 413 008a 0023     		movs	r3, #0
 414 008c 00E0     		b	.L22
 415              	.L20:
 217:System/FreeRTOS/CMSIS_RTOS/cmsis_os.c ****     } 
 218:System/FreeRTOS/CMSIS_RTOS/cmsis_os.c ****   }
 219:System/FreeRTOS/CMSIS_RTOS/cmsis_os.c **** #elif( configSUPPORT_STATIC_ALLOCATION == 1 )
 220:System/FreeRTOS/CMSIS_RTOS/cmsis_os.c **** 
 221:System/FreeRTOS/CMSIS_RTOS/cmsis_os.c ****     handle = xTaskCreateStatic((TaskFunction_t)thread_def->pthread,(const portCHAR *)thread_def->na
 222:System/FreeRTOS/CMSIS_RTOS/cmsis_os.c ****               thread_def->stacksize, argument, makeFreeRtosPriority(thread_def->tpriority),
 223:System/FreeRTOS/CMSIS_RTOS/cmsis_os.c ****               thread_def->buffer, thread_def->controlblock);
 224:System/FreeRTOS/CMSIS_RTOS/cmsis_os.c **** #else
 225:System/FreeRTOS/CMSIS_RTOS/cmsis_os.c ****   if (xTaskCreate((TaskFunction_t)thread_def->pthread,(const portCHAR *)thread_def->name,
 226:System/FreeRTOS/CMSIS_RTOS/cmsis_os.c ****                    thread_def->stacksize, argument, makeFreeRtosPriority(thread_def->tpriority),
 227:System/FreeRTOS/CMSIS_RTOS/cmsis_os.c ****                    &handle) != pdPASS)  {
 228:System/FreeRTOS/CMSIS_RTOS/cmsis_os.c ****     return NULL;
 229:System/FreeRTOS/CMSIS_RTOS/cmsis_os.c ****   }     
ARM GAS  C:\Users\HUAV\AppData\Local\Temp\cc8AyDdj.s 			page 17


 230:System/FreeRTOS/CMSIS_RTOS/cmsis_os.c **** #endif
 231:System/FreeRTOS/CMSIS_RTOS/cmsis_os.c ****   
 232:System/FreeRTOS/CMSIS_RTOS/cmsis_os.c ****   return handle;
 416              		.loc 1 232 10
 417 008e FB68     		ldr	r3, [r7, #12]
 418              	.L22:
 233:System/FreeRTOS/CMSIS_RTOS/cmsis_os.c **** }
 419              		.loc 1 233 1 discriminator 1
 420 0090 1846     		mov	r0, r3
 421 0092 1437     		adds	r7, r7, #20
 422              	.LCFI27:
 423              		.cfi_def_cfa_offset 20
 424 0094 BD46     		mov	sp, r7
 425              	.LCFI28:
 426              		.cfi_def_cfa_register 13
 427              		@ sp needed
 428 0096 F0BD     		pop	{r4, r5, r6, r7, pc}
 429              		.cfi_endproc
 430              	.LFE115:
 432              		.section	.text.osThreadGetId,"ax",%progbits
 433              		.align	1
 434              		.global	osThreadGetId
 435              		.syntax unified
 436              		.thumb
 437              		.thumb_func
 439              	osThreadGetId:
 440              	.LFB116:
 234:System/FreeRTOS/CMSIS_RTOS/cmsis_os.c **** 
 235:System/FreeRTOS/CMSIS_RTOS/cmsis_os.c **** /**
 236:System/FreeRTOS/CMSIS_RTOS/cmsis_os.c **** * @brief  Return the thread ID of the current running thread.
 237:System/FreeRTOS/CMSIS_RTOS/cmsis_os.c **** * @retval thread ID for reference by other functions or NULL in case of error.
 238:System/FreeRTOS/CMSIS_RTOS/cmsis_os.c **** * @note   MUST REMAIN UNCHANGED: \b osThreadGetId shall be consistent in every CMSIS-RTOS.
 239:System/FreeRTOS/CMSIS_RTOS/cmsis_os.c **** */
 240:System/FreeRTOS/CMSIS_RTOS/cmsis_os.c **** osThreadId osThreadGetId (void)
 241:System/FreeRTOS/CMSIS_RTOS/cmsis_os.c **** {
 441              		.loc 1 241 1
 442              		.cfi_startproc
 443              		@ args = 0, pretend = 0, frame = 0
 444              		@ frame_needed = 1, uses_anonymous_args = 0
 445 0000 80B5     		push	{r7, lr}
 446              	.LCFI29:
 447              		.cfi_def_cfa_offset 8
 448              		.cfi_offset 7, -8
 449              		.cfi_offset 14, -4
 450 0002 00AF     		add	r7, sp, #0
 451              	.LCFI30:
 452              		.cfi_def_cfa_register 7
 242:System/FreeRTOS/CMSIS_RTOS/cmsis_os.c **** #if ( ( INCLUDE_xTaskGetCurrentTaskHandle == 1 ) || ( configUSE_MUTEXES == 1 ) )
 243:System/FreeRTOS/CMSIS_RTOS/cmsis_os.c ****   return xTaskGetCurrentTaskHandle();
 453              		.loc 1 243 10
 454 0004 FFF7FEFF 		bl	xTaskGetCurrentTaskHandle
 455 0008 0346     		mov	r3, r0
 244:System/FreeRTOS/CMSIS_RTOS/cmsis_os.c **** #else
 245:System/FreeRTOS/CMSIS_RTOS/cmsis_os.c **** 	return NULL;
 246:System/FreeRTOS/CMSIS_RTOS/cmsis_os.c **** #endif
 247:System/FreeRTOS/CMSIS_RTOS/cmsis_os.c **** }
 456              		.loc 1 247 1
ARM GAS  C:\Users\HUAV\AppData\Local\Temp\cc8AyDdj.s 			page 18


 457 000a 1846     		mov	r0, r3
 458 000c 80BD     		pop	{r7, pc}
 459              		.cfi_endproc
 460              	.LFE116:
 462              		.section	.text.osThreadTerminate,"ax",%progbits
 463              		.align	1
 464              		.global	osThreadTerminate
 465              		.syntax unified
 466              		.thumb
 467              		.thumb_func
 469              	osThreadTerminate:
 470              	.LFB117:
 248:System/FreeRTOS/CMSIS_RTOS/cmsis_os.c **** 
 249:System/FreeRTOS/CMSIS_RTOS/cmsis_os.c **** /**
 250:System/FreeRTOS/CMSIS_RTOS/cmsis_os.c **** * @brief  Terminate execution of a thread and remove it from Active Threads.
 251:System/FreeRTOS/CMSIS_RTOS/cmsis_os.c **** * @param   thread_id   thread ID obtained by \ref osThreadCreate or \ref osThreadGetId.
 252:System/FreeRTOS/CMSIS_RTOS/cmsis_os.c **** * @retval  status code that indicates the execution status of the function.
 253:System/FreeRTOS/CMSIS_RTOS/cmsis_os.c **** * @note   MUST REMAIN UNCHANGED: \b osThreadTerminate shall be consistent in every CMSIS-RTOS.
 254:System/FreeRTOS/CMSIS_RTOS/cmsis_os.c **** */
 255:System/FreeRTOS/CMSIS_RTOS/cmsis_os.c **** osStatus osThreadTerminate (osThreadId thread_id)
 256:System/FreeRTOS/CMSIS_RTOS/cmsis_os.c **** {
 471              		.loc 1 256 1
 472              		.cfi_startproc
 473              		@ args = 0, pretend = 0, frame = 8
 474              		@ frame_needed = 1, uses_anonymous_args = 0
 475 0000 80B5     		push	{r7, lr}
 476              	.LCFI31:
 477              		.cfi_def_cfa_offset 8
 478              		.cfi_offset 7, -8
 479              		.cfi_offset 14, -4
 480 0002 82B0     		sub	sp, sp, #8
 481              	.LCFI32:
 482              		.cfi_def_cfa_offset 16
 483 0004 00AF     		add	r7, sp, #0
 484              	.LCFI33:
 485              		.cfi_def_cfa_register 7
 486 0006 7860     		str	r0, [r7, #4]
 257:System/FreeRTOS/CMSIS_RTOS/cmsis_os.c **** #if (INCLUDE_vTaskDelete == 1)
 258:System/FreeRTOS/CMSIS_RTOS/cmsis_os.c ****   vTaskDelete(thread_id);
 487              		.loc 1 258 3
 488 0008 7868     		ldr	r0, [r7, #4]
 489 000a FFF7FEFF 		bl	vTaskDelete
 259:System/FreeRTOS/CMSIS_RTOS/cmsis_os.c ****   return osOK;
 490              		.loc 1 259 10
 491 000e 0023     		movs	r3, #0
 260:System/FreeRTOS/CMSIS_RTOS/cmsis_os.c **** #else
 261:System/FreeRTOS/CMSIS_RTOS/cmsis_os.c ****   return osErrorOS;
 262:System/FreeRTOS/CMSIS_RTOS/cmsis_os.c **** #endif
 263:System/FreeRTOS/CMSIS_RTOS/cmsis_os.c **** }
 492              		.loc 1 263 1
 493 0010 1846     		mov	r0, r3
 494 0012 0837     		adds	r7, r7, #8
 495              	.LCFI34:
 496              		.cfi_def_cfa_offset 8
 497 0014 BD46     		mov	sp, r7
 498              	.LCFI35:
 499              		.cfi_def_cfa_register 13
ARM GAS  C:\Users\HUAV\AppData\Local\Temp\cc8AyDdj.s 			page 19


 500              		@ sp needed
 501 0016 80BD     		pop	{r7, pc}
 502              		.cfi_endproc
 503              	.LFE117:
 505              		.section	.text.osThreadYield,"ax",%progbits
 506              		.align	1
 507              		.global	osThreadYield
 508              		.syntax unified
 509              		.thumb
 510              		.thumb_func
 512              	osThreadYield:
 513              	.LFB118:
 264:System/FreeRTOS/CMSIS_RTOS/cmsis_os.c **** 
 265:System/FreeRTOS/CMSIS_RTOS/cmsis_os.c **** /**
 266:System/FreeRTOS/CMSIS_RTOS/cmsis_os.c **** * @brief  Pass control to next thread that is in state \b READY.
 267:System/FreeRTOS/CMSIS_RTOS/cmsis_os.c **** * @retval status code that indicates the execution status of the function.
 268:System/FreeRTOS/CMSIS_RTOS/cmsis_os.c **** * @note   MUST REMAIN UNCHANGED: \b osThreadYield shall be consistent in every CMSIS-RTOS.
 269:System/FreeRTOS/CMSIS_RTOS/cmsis_os.c **** */
 270:System/FreeRTOS/CMSIS_RTOS/cmsis_os.c **** osStatus osThreadYield (void)
 271:System/FreeRTOS/CMSIS_RTOS/cmsis_os.c **** {
 514              		.loc 1 271 1
 515              		.cfi_startproc
 516              		@ args = 0, pretend = 0, frame = 0
 517              		@ frame_needed = 1, uses_anonymous_args = 0
 518              		@ link register save eliminated.
 519 0000 80B4     		push	{r7}
 520              	.LCFI36:
 521              		.cfi_def_cfa_offset 4
 522              		.cfi_offset 7, -4
 523 0002 00AF     		add	r7, sp, #0
 524              	.LCFI37:
 525              		.cfi_def_cfa_register 7
 272:System/FreeRTOS/CMSIS_RTOS/cmsis_os.c ****   taskYIELD();
 526              		.loc 1 272 3
 527 0004 064B     		ldr	r3, .L29
 528 0006 4FF08052 		mov	r2, #268435456
 529 000a 1A60     		str	r2, [r3]
 530              		.syntax unified
 531              	@ 272 "System/FreeRTOS/CMSIS_RTOS/cmsis_os.c" 1
 532 000c BFF34F8F 		dsb
 533              	@ 0 "" 2
 534              	@ 272 "System/FreeRTOS/CMSIS_RTOS/cmsis_os.c" 1
 535 0010 BFF36F8F 		isb
 536              	@ 0 "" 2
 273:System/FreeRTOS/CMSIS_RTOS/cmsis_os.c ****   
 274:System/FreeRTOS/CMSIS_RTOS/cmsis_os.c ****   return osOK;
 537              		.loc 1 274 10
 538              		.thumb
 539              		.syntax unified
 540 0014 0023     		movs	r3, #0
 275:System/FreeRTOS/CMSIS_RTOS/cmsis_os.c **** }
 541              		.loc 1 275 1
 542 0016 1846     		mov	r0, r3
 543 0018 BD46     		mov	sp, r7
 544              	.LCFI38:
 545              		.cfi_def_cfa_register 13
 546              		@ sp needed
ARM GAS  C:\Users\HUAV\AppData\Local\Temp\cc8AyDdj.s 			page 20


 547 001a 5DF8047B 		ldr	r7, [sp], #4
 548              	.LCFI39:
 549              		.cfi_restore 7
 550              		.cfi_def_cfa_offset 0
 551 001e 7047     		bx	lr
 552              	.L30:
 553              		.align	2
 554              	.L29:
 555 0020 04ED00E0 		.word	-536810236
 556              		.cfi_endproc
 557              	.LFE118:
 559              		.section	.text.osThreadSetPriority,"ax",%progbits
 560              		.align	1
 561              		.global	osThreadSetPriority
 562              		.syntax unified
 563              		.thumb
 564              		.thumb_func
 566              	osThreadSetPriority:
 567              	.LFB119:
 276:System/FreeRTOS/CMSIS_RTOS/cmsis_os.c **** 
 277:System/FreeRTOS/CMSIS_RTOS/cmsis_os.c **** /**
 278:System/FreeRTOS/CMSIS_RTOS/cmsis_os.c **** * @brief   Change priority of an active thread.
 279:System/FreeRTOS/CMSIS_RTOS/cmsis_os.c **** * @param   thread_id     thread ID obtained by \ref osThreadCreate or \ref osThreadGetId.
 280:System/FreeRTOS/CMSIS_RTOS/cmsis_os.c **** * @param   priority      new priority value for the thread function.
 281:System/FreeRTOS/CMSIS_RTOS/cmsis_os.c **** * @retval  status code that indicates the execution status of the function.
 282:System/FreeRTOS/CMSIS_RTOS/cmsis_os.c **** * @note   MUST REMAIN UNCHANGED: \b osThreadSetPriority shall be consistent in every CMSIS-RTOS.
 283:System/FreeRTOS/CMSIS_RTOS/cmsis_os.c **** */
 284:System/FreeRTOS/CMSIS_RTOS/cmsis_os.c **** osStatus osThreadSetPriority (osThreadId thread_id, osPriority priority)
 285:System/FreeRTOS/CMSIS_RTOS/cmsis_os.c **** {
 568              		.loc 1 285 1
 569              		.cfi_startproc
 570              		@ args = 0, pretend = 0, frame = 8
 571              		@ frame_needed = 1, uses_anonymous_args = 0
 572 0000 80B5     		push	{r7, lr}
 573              	.LCFI40:
 574              		.cfi_def_cfa_offset 8
 575              		.cfi_offset 7, -8
 576              		.cfi_offset 14, -4
 577 0002 82B0     		sub	sp, sp, #8
 578              	.LCFI41:
 579              		.cfi_def_cfa_offset 16
 580 0004 00AF     		add	r7, sp, #0
 581              	.LCFI42:
 582              		.cfi_def_cfa_register 7
 583 0006 7860     		str	r0, [r7, #4]
 584 0008 0B46     		mov	r3, r1
 585 000a 7B80     		strh	r3, [r7, #2]	@ movhi
 286:System/FreeRTOS/CMSIS_RTOS/cmsis_os.c **** #if (INCLUDE_vTaskPrioritySet == 1)
 287:System/FreeRTOS/CMSIS_RTOS/cmsis_os.c ****   vTaskPrioritySet(thread_id, makeFreeRtosPriority(priority));
 586              		.loc 1 287 3
 587 000c B7F90230 		ldrsh	r3, [r7, #2]
 588 0010 1846     		mov	r0, r3
 589 0012 FFF7FEFF 		bl	makeFreeRtosPriority
 590 0016 0346     		mov	r3, r0
 591 0018 1946     		mov	r1, r3
 592 001a 7868     		ldr	r0, [r7, #4]
 593 001c FFF7FEFF 		bl	vTaskPrioritySet
ARM GAS  C:\Users\HUAV\AppData\Local\Temp\cc8AyDdj.s 			page 21


 288:System/FreeRTOS/CMSIS_RTOS/cmsis_os.c ****   return osOK;
 594              		.loc 1 288 10
 595 0020 0023     		movs	r3, #0
 289:System/FreeRTOS/CMSIS_RTOS/cmsis_os.c **** #else
 290:System/FreeRTOS/CMSIS_RTOS/cmsis_os.c ****   return osErrorOS;
 291:System/FreeRTOS/CMSIS_RTOS/cmsis_os.c **** #endif
 292:System/FreeRTOS/CMSIS_RTOS/cmsis_os.c **** }
 596              		.loc 1 292 1
 597 0022 1846     		mov	r0, r3
 598 0024 0837     		adds	r7, r7, #8
 599              	.LCFI43:
 600              		.cfi_def_cfa_offset 8
 601 0026 BD46     		mov	sp, r7
 602              	.LCFI44:
 603              		.cfi_def_cfa_register 13
 604              		@ sp needed
 605 0028 80BD     		pop	{r7, pc}
 606              		.cfi_endproc
 607              	.LFE119:
 609              		.section	.text.osThreadGetPriority,"ax",%progbits
 610              		.align	1
 611              		.global	osThreadGetPriority
 612              		.syntax unified
 613              		.thumb
 614              		.thumb_func
 616              	osThreadGetPriority:
 617              	.LFB120:
 293:System/FreeRTOS/CMSIS_RTOS/cmsis_os.c **** 
 294:System/FreeRTOS/CMSIS_RTOS/cmsis_os.c **** /**
 295:System/FreeRTOS/CMSIS_RTOS/cmsis_os.c **** * @brief   Get current priority of an active thread.
 296:System/FreeRTOS/CMSIS_RTOS/cmsis_os.c **** * @param   thread_id     thread ID obtained by \ref osThreadCreate or \ref osThreadGetId.
 297:System/FreeRTOS/CMSIS_RTOS/cmsis_os.c **** * @retval  current priority value of the thread function.
 298:System/FreeRTOS/CMSIS_RTOS/cmsis_os.c **** * @note   MUST REMAIN UNCHANGED: \b osThreadGetPriority shall be consistent in every CMSIS-RTOS.
 299:System/FreeRTOS/CMSIS_RTOS/cmsis_os.c **** */
 300:System/FreeRTOS/CMSIS_RTOS/cmsis_os.c **** osPriority osThreadGetPriority (osThreadId thread_id)
 301:System/FreeRTOS/CMSIS_RTOS/cmsis_os.c **** {
 618              		.loc 1 301 1
 619              		.cfi_startproc
 620              		@ args = 0, pretend = 0, frame = 8
 621              		@ frame_needed = 1, uses_anonymous_args = 0
 622 0000 80B5     		push	{r7, lr}
 623              	.LCFI45:
 624              		.cfi_def_cfa_offset 8
 625              		.cfi_offset 7, -8
 626              		.cfi_offset 14, -4
 627 0002 82B0     		sub	sp, sp, #8
 628              	.LCFI46:
 629              		.cfi_def_cfa_offset 16
 630 0004 00AF     		add	r7, sp, #0
 631              	.LCFI47:
 632              		.cfi_def_cfa_register 7
 633 0006 7860     		str	r0, [r7, #4]
 302:System/FreeRTOS/CMSIS_RTOS/cmsis_os.c **** #if (INCLUDE_uxTaskPriorityGet == 1)
 303:System/FreeRTOS/CMSIS_RTOS/cmsis_os.c ****   if (inHandlerMode())
 634              		.loc 1 303 7
 635 0008 FFF7FEFF 		bl	inHandlerMode
 636 000c 0346     		mov	r3, r0
ARM GAS  C:\Users\HUAV\AppData\Local\Temp\cc8AyDdj.s 			page 22


 637              		.loc 1 303 6
 638 000e 002B     		cmp	r3, #0
 639 0010 08D0     		beq	.L34
 304:System/FreeRTOS/CMSIS_RTOS/cmsis_os.c ****   {
 305:System/FreeRTOS/CMSIS_RTOS/cmsis_os.c ****     return makeCmsisPriority(uxTaskPriorityGetFromISR(thread_id));  
 640              		.loc 1 305 12
 641 0012 7868     		ldr	r0, [r7, #4]
 642 0014 FFF7FEFF 		bl	uxTaskPriorityGetFromISR
 643 0018 0346     		mov	r3, r0
 644 001a 1846     		mov	r0, r3
 645 001c FFF7FEFF 		bl	makeCmsisPriority
 646 0020 0346     		mov	r3, r0
 647 0022 07E0     		b	.L35
 648              	.L34:
 306:System/FreeRTOS/CMSIS_RTOS/cmsis_os.c ****   }
 307:System/FreeRTOS/CMSIS_RTOS/cmsis_os.c ****   else
 308:System/FreeRTOS/CMSIS_RTOS/cmsis_os.c ****   {  
 309:System/FreeRTOS/CMSIS_RTOS/cmsis_os.c ****     return makeCmsisPriority(uxTaskPriorityGet(thread_id));
 649              		.loc 1 309 12
 650 0024 7868     		ldr	r0, [r7, #4]
 651 0026 FFF7FEFF 		bl	uxTaskPriorityGet
 652 002a 0346     		mov	r3, r0
 653 002c 1846     		mov	r0, r3
 654 002e FFF7FEFF 		bl	makeCmsisPriority
 655 0032 0346     		mov	r3, r0
 656              	.L35:
 310:System/FreeRTOS/CMSIS_RTOS/cmsis_os.c ****   }
 311:System/FreeRTOS/CMSIS_RTOS/cmsis_os.c **** #else
 312:System/FreeRTOS/CMSIS_RTOS/cmsis_os.c ****   return osPriorityError;
 313:System/FreeRTOS/CMSIS_RTOS/cmsis_os.c **** #endif
 314:System/FreeRTOS/CMSIS_RTOS/cmsis_os.c **** }
 657              		.loc 1 314 1
 658 0034 1846     		mov	r0, r3
 659 0036 0837     		adds	r7, r7, #8
 660              	.LCFI48:
 661              		.cfi_def_cfa_offset 8
 662 0038 BD46     		mov	sp, r7
 663              	.LCFI49:
 664              		.cfi_def_cfa_register 13
 665              		@ sp needed
 666 003a 80BD     		pop	{r7, pc}
 667              		.cfi_endproc
 668              	.LFE120:
 670              		.section	.text.osDelay,"ax",%progbits
 671              		.align	1
 672              		.global	osDelay
 673              		.syntax unified
 674              		.thumb
 675              		.thumb_func
 677              	osDelay:
 678              	.LFB121:
 315:System/FreeRTOS/CMSIS_RTOS/cmsis_os.c **** 
 316:System/FreeRTOS/CMSIS_RTOS/cmsis_os.c **** /*********************** Generic Wait Functions *******************************/
 317:System/FreeRTOS/CMSIS_RTOS/cmsis_os.c **** /**
 318:System/FreeRTOS/CMSIS_RTOS/cmsis_os.c **** * @brief   Wait for Timeout (Time Delay)
 319:System/FreeRTOS/CMSIS_RTOS/cmsis_os.c **** * @param   millisec      time delay value
 320:System/FreeRTOS/CMSIS_RTOS/cmsis_os.c **** * @retval  status code that indicates the execution status of the function.
ARM GAS  C:\Users\HUAV\AppData\Local\Temp\cc8AyDdj.s 			page 23


 321:System/FreeRTOS/CMSIS_RTOS/cmsis_os.c **** */
 322:System/FreeRTOS/CMSIS_RTOS/cmsis_os.c **** osStatus osDelay (uint32_t millisec)
 323:System/FreeRTOS/CMSIS_RTOS/cmsis_os.c **** {
 679              		.loc 1 323 1
 680              		.cfi_startproc
 681              		@ args = 0, pretend = 0, frame = 16
 682              		@ frame_needed = 1, uses_anonymous_args = 0
 683 0000 80B5     		push	{r7, lr}
 684              	.LCFI50:
 685              		.cfi_def_cfa_offset 8
 686              		.cfi_offset 7, -8
 687              		.cfi_offset 14, -4
 688 0002 84B0     		sub	sp, sp, #16
 689              	.LCFI51:
 690              		.cfi_def_cfa_offset 24
 691 0004 00AF     		add	r7, sp, #0
 692              	.LCFI52:
 693              		.cfi_def_cfa_register 7
 694 0006 7860     		str	r0, [r7, #4]
 324:System/FreeRTOS/CMSIS_RTOS/cmsis_os.c **** #if INCLUDE_vTaskDelay
 325:System/FreeRTOS/CMSIS_RTOS/cmsis_os.c ****   TickType_t ticks = millisec / portTICK_PERIOD_MS;
 695              		.loc 1 325 14
 696 0008 7B68     		ldr	r3, [r7, #4]
 697 000a FB60     		str	r3, [r7, #12]
 326:System/FreeRTOS/CMSIS_RTOS/cmsis_os.c ****   
 327:System/FreeRTOS/CMSIS_RTOS/cmsis_os.c ****   vTaskDelay(ticks ? ticks : 1);          /* Minimum delay = 1 tick */
 698              		.loc 1 327 3
 699 000c FB68     		ldr	r3, [r7, #12]
 700 000e 002B     		cmp	r3, #0
 701 0010 01D0     		beq	.L37
 702              		.loc 1 327 3 is_stmt 0 discriminator 1
 703 0012 FB68     		ldr	r3, [r7, #12]
 704 0014 00E0     		b	.L38
 705              	.L37:
 706              		.loc 1 327 3 discriminator 2
 707 0016 0123     		movs	r3, #1
 708              	.L38:
 709              		.loc 1 327 3 discriminator 4
 710 0018 1846     		mov	r0, r3
 711 001a FFF7FEFF 		bl	vTaskDelay
 328:System/FreeRTOS/CMSIS_RTOS/cmsis_os.c ****   
 329:System/FreeRTOS/CMSIS_RTOS/cmsis_os.c ****   return osOK;
 712              		.loc 1 329 10 is_stmt 1 discriminator 4
 713 001e 0023     		movs	r3, #0
 330:System/FreeRTOS/CMSIS_RTOS/cmsis_os.c **** #else
 331:System/FreeRTOS/CMSIS_RTOS/cmsis_os.c ****   (void) millisec;
 332:System/FreeRTOS/CMSIS_RTOS/cmsis_os.c ****   
 333:System/FreeRTOS/CMSIS_RTOS/cmsis_os.c ****   return osErrorResource;
 334:System/FreeRTOS/CMSIS_RTOS/cmsis_os.c **** #endif
 335:System/FreeRTOS/CMSIS_RTOS/cmsis_os.c **** }
 714              		.loc 1 335 1 discriminator 4
 715 0020 1846     		mov	r0, r3
 716 0022 1037     		adds	r7, r7, #16
 717              	.LCFI53:
 718              		.cfi_def_cfa_offset 8
 719 0024 BD46     		mov	sp, r7
 720              	.LCFI54:
ARM GAS  C:\Users\HUAV\AppData\Local\Temp\cc8AyDdj.s 			page 24


 721              		.cfi_def_cfa_register 13
 722              		@ sp needed
 723 0026 80BD     		pop	{r7, pc}
 724              		.cfi_endproc
 725              	.LFE121:
 727              		.section	.text.osTimerCreate,"ax",%progbits
 728              		.align	1
 729              		.global	osTimerCreate
 730              		.syntax unified
 731              		.thumb
 732              		.thumb_func
 734              	osTimerCreate:
 735              	.LFB122:
 336:System/FreeRTOS/CMSIS_RTOS/cmsis_os.c **** 
 337:System/FreeRTOS/CMSIS_RTOS/cmsis_os.c **** #if (defined (osFeature_Wait)  &&  (osFeature_Wait != 0)) /* Generic Wait available */
 338:System/FreeRTOS/CMSIS_RTOS/cmsis_os.c **** /**
 339:System/FreeRTOS/CMSIS_RTOS/cmsis_os.c **** * @brief  Wait for Signal, Message, Mail, or Timeout
 340:System/FreeRTOS/CMSIS_RTOS/cmsis_os.c **** * @param   millisec  timeout value or 0 in case of no time-out
 341:System/FreeRTOS/CMSIS_RTOS/cmsis_os.c **** * @retval  event that contains signal, message, or mail information or error code.
 342:System/FreeRTOS/CMSIS_RTOS/cmsis_os.c **** * @note   MUST REMAIN UNCHANGED: \b osWait shall be consistent in every CMSIS-RTOS.
 343:System/FreeRTOS/CMSIS_RTOS/cmsis_os.c **** */
 344:System/FreeRTOS/CMSIS_RTOS/cmsis_os.c **** osEvent osWait (uint32_t millisec);
 345:System/FreeRTOS/CMSIS_RTOS/cmsis_os.c **** 
 346:System/FreeRTOS/CMSIS_RTOS/cmsis_os.c **** #endif  /* Generic Wait available */
 347:System/FreeRTOS/CMSIS_RTOS/cmsis_os.c **** 
 348:System/FreeRTOS/CMSIS_RTOS/cmsis_os.c **** /***********************  Timer Management Functions ***************************/
 349:System/FreeRTOS/CMSIS_RTOS/cmsis_os.c **** /**
 350:System/FreeRTOS/CMSIS_RTOS/cmsis_os.c **** * @brief  Create a timer.
 351:System/FreeRTOS/CMSIS_RTOS/cmsis_os.c **** * @param  timer_def     timer object referenced with \ref osTimer.
 352:System/FreeRTOS/CMSIS_RTOS/cmsis_os.c **** * @param  type          osTimerOnce for one-shot or osTimerPeriodic for periodic behavior.
 353:System/FreeRTOS/CMSIS_RTOS/cmsis_os.c **** * @param  argument      argument to the timer call back function.
 354:System/FreeRTOS/CMSIS_RTOS/cmsis_os.c **** * @retval  timer ID for reference by other functions or NULL in case of error.
 355:System/FreeRTOS/CMSIS_RTOS/cmsis_os.c **** * @note   MUST REMAIN UNCHANGED: \b osTimerCreate shall be consistent in every CMSIS-RTOS.
 356:System/FreeRTOS/CMSIS_RTOS/cmsis_os.c **** */
 357:System/FreeRTOS/CMSIS_RTOS/cmsis_os.c **** osTimerId osTimerCreate (const osTimerDef_t *timer_def, os_timer_type type, void *argument)
 358:System/FreeRTOS/CMSIS_RTOS/cmsis_os.c **** {
 736              		.loc 1 358 1
 737              		.cfi_startproc
 738              		@ args = 0, pretend = 0, frame = 16
 739              		@ frame_needed = 1, uses_anonymous_args = 0
 740              		@ link register save eliminated.
 741 0000 80B4     		push	{r7}
 742              	.LCFI55:
 743              		.cfi_def_cfa_offset 4
 744              		.cfi_offset 7, -4
 745 0002 85B0     		sub	sp, sp, #20
 746              	.LCFI56:
 747              		.cfi_def_cfa_offset 24
 748 0004 00AF     		add	r7, sp, #0
 749              	.LCFI57:
 750              		.cfi_def_cfa_register 7
 751 0006 F860     		str	r0, [r7, #12]
 752 0008 0B46     		mov	r3, r1
 753 000a 7A60     		str	r2, [r7, #4]
 754 000c FB72     		strb	r3, [r7, #11]
 359:System/FreeRTOS/CMSIS_RTOS/cmsis_os.c **** #if (configUSE_TIMERS == 1)
 360:System/FreeRTOS/CMSIS_RTOS/cmsis_os.c **** 
ARM GAS  C:\Users\HUAV\AppData\Local\Temp\cc8AyDdj.s 			page 25


 361:System/FreeRTOS/CMSIS_RTOS/cmsis_os.c **** #if( ( configSUPPORT_STATIC_ALLOCATION == 1 ) && ( configSUPPORT_DYNAMIC_ALLOCATION == 1 ) ) 
 362:System/FreeRTOS/CMSIS_RTOS/cmsis_os.c ****   if(timer_def->controlblock != NULL) {
 363:System/FreeRTOS/CMSIS_RTOS/cmsis_os.c ****     return xTimerCreateStatic((const char *)"",
 364:System/FreeRTOS/CMSIS_RTOS/cmsis_os.c ****                       1, // period should be filled when starting the Timer using osTimerStart
 365:System/FreeRTOS/CMSIS_RTOS/cmsis_os.c ****                       (type == osTimerPeriodic) ? pdTRUE : pdFALSE,
 366:System/FreeRTOS/CMSIS_RTOS/cmsis_os.c ****                       (void *) argument,
 367:System/FreeRTOS/CMSIS_RTOS/cmsis_os.c ****                       (TimerCallbackFunction_t)timer_def->ptimer,
 368:System/FreeRTOS/CMSIS_RTOS/cmsis_os.c ****                       (StaticTimer_t *)timer_def->controlblock);
 369:System/FreeRTOS/CMSIS_RTOS/cmsis_os.c ****   }
 370:System/FreeRTOS/CMSIS_RTOS/cmsis_os.c ****   else {
 371:System/FreeRTOS/CMSIS_RTOS/cmsis_os.c ****     return xTimerCreate((const char *)"",
 372:System/FreeRTOS/CMSIS_RTOS/cmsis_os.c ****                       1, // period should be filled when starting the Timer using osTimerStart
 373:System/FreeRTOS/CMSIS_RTOS/cmsis_os.c ****                       (type == osTimerPeriodic) ? pdTRUE : pdFALSE,
 374:System/FreeRTOS/CMSIS_RTOS/cmsis_os.c ****                       (void *) argument,
 375:System/FreeRTOS/CMSIS_RTOS/cmsis_os.c ****                       (TimerCallbackFunction_t)timer_def->ptimer);
 376:System/FreeRTOS/CMSIS_RTOS/cmsis_os.c ****  }
 377:System/FreeRTOS/CMSIS_RTOS/cmsis_os.c **** #elif( configSUPPORT_STATIC_ALLOCATION == 1 )
 378:System/FreeRTOS/CMSIS_RTOS/cmsis_os.c ****   return xTimerCreateStatic((const char *)"",
 379:System/FreeRTOS/CMSIS_RTOS/cmsis_os.c ****                       1, // period should be filled when starting the Timer using osTimerStart
 380:System/FreeRTOS/CMSIS_RTOS/cmsis_os.c ****                       (type == osTimerPeriodic) ? pdTRUE : pdFALSE,
 381:System/FreeRTOS/CMSIS_RTOS/cmsis_os.c ****                       (void *) argument,
 382:System/FreeRTOS/CMSIS_RTOS/cmsis_os.c ****                       (TimerCallbackFunction_t)timer_def->ptimer,
 383:System/FreeRTOS/CMSIS_RTOS/cmsis_os.c ****                       (StaticTimer_t *)timer_def->controlblock);  
 384:System/FreeRTOS/CMSIS_RTOS/cmsis_os.c **** #else
 385:System/FreeRTOS/CMSIS_RTOS/cmsis_os.c ****   return xTimerCreate((const char *)"",
 386:System/FreeRTOS/CMSIS_RTOS/cmsis_os.c ****                       1, // period should be filled when starting the Timer using osTimerStart
 387:System/FreeRTOS/CMSIS_RTOS/cmsis_os.c ****                       (type == osTimerPeriodic) ? pdTRUE : pdFALSE,
 388:System/FreeRTOS/CMSIS_RTOS/cmsis_os.c ****                       (void *) argument,
 389:System/FreeRTOS/CMSIS_RTOS/cmsis_os.c ****                       (TimerCallbackFunction_t)timer_def->ptimer);
 390:System/FreeRTOS/CMSIS_RTOS/cmsis_os.c **** #endif
 391:System/FreeRTOS/CMSIS_RTOS/cmsis_os.c **** 
 392:System/FreeRTOS/CMSIS_RTOS/cmsis_os.c **** #else 
 393:System/FreeRTOS/CMSIS_RTOS/cmsis_os.c **** 	return NULL;
 755              		.loc 1 393 9
 756 000e 0023     		movs	r3, #0
 394:System/FreeRTOS/CMSIS_RTOS/cmsis_os.c **** #endif
 395:System/FreeRTOS/CMSIS_RTOS/cmsis_os.c **** }
 757              		.loc 1 395 1
 758 0010 1846     		mov	r0, r3
 759 0012 1437     		adds	r7, r7, #20
 760              	.LCFI58:
 761              		.cfi_def_cfa_offset 4
 762 0014 BD46     		mov	sp, r7
 763              	.LCFI59:
 764              		.cfi_def_cfa_register 13
 765              		@ sp needed
 766 0016 5DF8047B 		ldr	r7, [sp], #4
 767              	.LCFI60:
 768              		.cfi_restore 7
 769              		.cfi_def_cfa_offset 0
 770 001a 7047     		bx	lr
 771              		.cfi_endproc
 772              	.LFE122:
 774              		.section	.text.osTimerStart,"ax",%progbits
 775              		.align	1
 776              		.global	osTimerStart
 777              		.syntax unified
ARM GAS  C:\Users\HUAV\AppData\Local\Temp\cc8AyDdj.s 			page 26


 778              		.thumb
 779              		.thumb_func
 781              	osTimerStart:
 782              	.LFB123:
 396:System/FreeRTOS/CMSIS_RTOS/cmsis_os.c **** 
 397:System/FreeRTOS/CMSIS_RTOS/cmsis_os.c **** /**
 398:System/FreeRTOS/CMSIS_RTOS/cmsis_os.c **** * @brief  Start or restart a timer.
 399:System/FreeRTOS/CMSIS_RTOS/cmsis_os.c **** * @param  timer_id      timer ID obtained by \ref osTimerCreate.
 400:System/FreeRTOS/CMSIS_RTOS/cmsis_os.c **** * @param  millisec      time delay value of the timer.
 401:System/FreeRTOS/CMSIS_RTOS/cmsis_os.c **** * @retval  status code that indicates the execution status of the function
 402:System/FreeRTOS/CMSIS_RTOS/cmsis_os.c **** * @note   MUST REMAIN UNCHANGED: \b osTimerStart shall be consistent in every CMSIS-RTOS.
 403:System/FreeRTOS/CMSIS_RTOS/cmsis_os.c **** */
 404:System/FreeRTOS/CMSIS_RTOS/cmsis_os.c **** osStatus osTimerStart (osTimerId timer_id, uint32_t millisec)
 405:System/FreeRTOS/CMSIS_RTOS/cmsis_os.c **** {
 783              		.loc 1 405 1
 784              		.cfi_startproc
 785              		@ args = 0, pretend = 0, frame = 16
 786              		@ frame_needed = 1, uses_anonymous_args = 0
 787              		@ link register save eliminated.
 788 0000 80B4     		push	{r7}
 789              	.LCFI61:
 790              		.cfi_def_cfa_offset 4
 791              		.cfi_offset 7, -4
 792 0002 85B0     		sub	sp, sp, #20
 793              	.LCFI62:
 794              		.cfi_def_cfa_offset 24
 795 0004 00AF     		add	r7, sp, #0
 796              	.LCFI63:
 797              		.cfi_def_cfa_register 7
 798 0006 7860     		str	r0, [r7, #4]
 799 0008 3960     		str	r1, [r7]
 406:System/FreeRTOS/CMSIS_RTOS/cmsis_os.c ****   osStatus result = osOK;
 800              		.loc 1 406 12
 801 000a 0023     		movs	r3, #0
 802 000c FB60     		str	r3, [r7, #12]
 407:System/FreeRTOS/CMSIS_RTOS/cmsis_os.c **** #if (configUSE_TIMERS == 1)  
 408:System/FreeRTOS/CMSIS_RTOS/cmsis_os.c ****   portBASE_TYPE taskWoken = pdFALSE;
 409:System/FreeRTOS/CMSIS_RTOS/cmsis_os.c ****   TickType_t ticks = millisec / portTICK_PERIOD_MS;
 410:System/FreeRTOS/CMSIS_RTOS/cmsis_os.c **** 
 411:System/FreeRTOS/CMSIS_RTOS/cmsis_os.c ****   if (ticks == 0)
 412:System/FreeRTOS/CMSIS_RTOS/cmsis_os.c ****     ticks = 1;
 413:System/FreeRTOS/CMSIS_RTOS/cmsis_os.c ****     
 414:System/FreeRTOS/CMSIS_RTOS/cmsis_os.c ****   if (inHandlerMode()) 
 415:System/FreeRTOS/CMSIS_RTOS/cmsis_os.c ****   {
 416:System/FreeRTOS/CMSIS_RTOS/cmsis_os.c ****     if (xTimerChangePeriodFromISR(timer_id, ticks, &taskWoken) != pdPASS)
 417:System/FreeRTOS/CMSIS_RTOS/cmsis_os.c ****     {
 418:System/FreeRTOS/CMSIS_RTOS/cmsis_os.c ****       result = osErrorOS;
 419:System/FreeRTOS/CMSIS_RTOS/cmsis_os.c ****     }
 420:System/FreeRTOS/CMSIS_RTOS/cmsis_os.c ****     else
 421:System/FreeRTOS/CMSIS_RTOS/cmsis_os.c ****     {
 422:System/FreeRTOS/CMSIS_RTOS/cmsis_os.c ****       portEND_SWITCHING_ISR(taskWoken);     
 423:System/FreeRTOS/CMSIS_RTOS/cmsis_os.c ****     }
 424:System/FreeRTOS/CMSIS_RTOS/cmsis_os.c ****   }
 425:System/FreeRTOS/CMSIS_RTOS/cmsis_os.c ****   else 
 426:System/FreeRTOS/CMSIS_RTOS/cmsis_os.c ****   {
 427:System/FreeRTOS/CMSIS_RTOS/cmsis_os.c ****     if (xTimerChangePeriod(timer_id, ticks, 0) != pdPASS)
 428:System/FreeRTOS/CMSIS_RTOS/cmsis_os.c ****       result = osErrorOS;
ARM GAS  C:\Users\HUAV\AppData\Local\Temp\cc8AyDdj.s 			page 27


 429:System/FreeRTOS/CMSIS_RTOS/cmsis_os.c ****   }
 430:System/FreeRTOS/CMSIS_RTOS/cmsis_os.c **** 
 431:System/FreeRTOS/CMSIS_RTOS/cmsis_os.c **** #else 
 432:System/FreeRTOS/CMSIS_RTOS/cmsis_os.c ****   result = osErrorOS;
 803              		.loc 1 432 10
 804 000e FF23     		movs	r3, #255
 805 0010 FB60     		str	r3, [r7, #12]
 433:System/FreeRTOS/CMSIS_RTOS/cmsis_os.c **** #endif
 434:System/FreeRTOS/CMSIS_RTOS/cmsis_os.c ****   return result;
 806              		.loc 1 434 10
 807 0012 FB68     		ldr	r3, [r7, #12]
 435:System/FreeRTOS/CMSIS_RTOS/cmsis_os.c **** }
 808              		.loc 1 435 1
 809 0014 1846     		mov	r0, r3
 810 0016 1437     		adds	r7, r7, #20
 811              	.LCFI64:
 812              		.cfi_def_cfa_offset 4
 813 0018 BD46     		mov	sp, r7
 814              	.LCFI65:
 815              		.cfi_def_cfa_register 13
 816              		@ sp needed
 817 001a 5DF8047B 		ldr	r7, [sp], #4
 818              	.LCFI66:
 819              		.cfi_restore 7
 820              		.cfi_def_cfa_offset 0
 821 001e 7047     		bx	lr
 822              		.cfi_endproc
 823              	.LFE123:
 825              		.section	.text.osTimerStop,"ax",%progbits
 826              		.align	1
 827              		.global	osTimerStop
 828              		.syntax unified
 829              		.thumb
 830              		.thumb_func
 832              	osTimerStop:
 833              	.LFB124:
 436:System/FreeRTOS/CMSIS_RTOS/cmsis_os.c **** 
 437:System/FreeRTOS/CMSIS_RTOS/cmsis_os.c **** /**
 438:System/FreeRTOS/CMSIS_RTOS/cmsis_os.c **** * @brief  Stop a timer.
 439:System/FreeRTOS/CMSIS_RTOS/cmsis_os.c **** * @param  timer_id      timer ID obtained by \ref osTimerCreate
 440:System/FreeRTOS/CMSIS_RTOS/cmsis_os.c **** * @retval  status code that indicates the execution status of the function.
 441:System/FreeRTOS/CMSIS_RTOS/cmsis_os.c **** * @note   MUST REMAIN UNCHANGED: \b osTimerStop shall be consistent in every CMSIS-RTOS.
 442:System/FreeRTOS/CMSIS_RTOS/cmsis_os.c **** */
 443:System/FreeRTOS/CMSIS_RTOS/cmsis_os.c **** osStatus osTimerStop (osTimerId timer_id)
 444:System/FreeRTOS/CMSIS_RTOS/cmsis_os.c **** {
 834              		.loc 1 444 1
 835              		.cfi_startproc
 836              		@ args = 0, pretend = 0, frame = 16
 837              		@ frame_needed = 1, uses_anonymous_args = 0
 838              		@ link register save eliminated.
 839 0000 80B4     		push	{r7}
 840              	.LCFI67:
 841              		.cfi_def_cfa_offset 4
 842              		.cfi_offset 7, -4
 843 0002 85B0     		sub	sp, sp, #20
 844              	.LCFI68:
 845              		.cfi_def_cfa_offset 24
ARM GAS  C:\Users\HUAV\AppData\Local\Temp\cc8AyDdj.s 			page 28


 846 0004 00AF     		add	r7, sp, #0
 847              	.LCFI69:
 848              		.cfi_def_cfa_register 7
 849 0006 7860     		str	r0, [r7, #4]
 445:System/FreeRTOS/CMSIS_RTOS/cmsis_os.c ****   osStatus result = osOK;
 850              		.loc 1 445 12
 851 0008 0023     		movs	r3, #0
 852 000a FB60     		str	r3, [r7, #12]
 446:System/FreeRTOS/CMSIS_RTOS/cmsis_os.c **** #if (configUSE_TIMERS == 1)  
 447:System/FreeRTOS/CMSIS_RTOS/cmsis_os.c ****   portBASE_TYPE taskWoken = pdFALSE;
 448:System/FreeRTOS/CMSIS_RTOS/cmsis_os.c **** 
 449:System/FreeRTOS/CMSIS_RTOS/cmsis_os.c ****   if (inHandlerMode()) {
 450:System/FreeRTOS/CMSIS_RTOS/cmsis_os.c ****     if (xTimerStopFromISR(timer_id, &taskWoken) != pdPASS) {
 451:System/FreeRTOS/CMSIS_RTOS/cmsis_os.c ****       return osErrorOS;
 452:System/FreeRTOS/CMSIS_RTOS/cmsis_os.c ****     }
 453:System/FreeRTOS/CMSIS_RTOS/cmsis_os.c ****     portEND_SWITCHING_ISR(taskWoken);
 454:System/FreeRTOS/CMSIS_RTOS/cmsis_os.c ****   }
 455:System/FreeRTOS/CMSIS_RTOS/cmsis_os.c ****   else {
 456:System/FreeRTOS/CMSIS_RTOS/cmsis_os.c ****     if (xTimerStop(timer_id, 0) != pdPASS) {
 457:System/FreeRTOS/CMSIS_RTOS/cmsis_os.c ****       result = osErrorOS;
 458:System/FreeRTOS/CMSIS_RTOS/cmsis_os.c ****     }
 459:System/FreeRTOS/CMSIS_RTOS/cmsis_os.c ****   }
 460:System/FreeRTOS/CMSIS_RTOS/cmsis_os.c **** #else 
 461:System/FreeRTOS/CMSIS_RTOS/cmsis_os.c ****   result = osErrorOS;
 853              		.loc 1 461 10
 854 000c FF23     		movs	r3, #255
 855 000e FB60     		str	r3, [r7, #12]
 462:System/FreeRTOS/CMSIS_RTOS/cmsis_os.c **** #endif 
 463:System/FreeRTOS/CMSIS_RTOS/cmsis_os.c ****   return result;
 856              		.loc 1 463 10
 857 0010 FB68     		ldr	r3, [r7, #12]
 464:System/FreeRTOS/CMSIS_RTOS/cmsis_os.c **** }
 858              		.loc 1 464 1
 859 0012 1846     		mov	r0, r3
 860 0014 1437     		adds	r7, r7, #20
 861              	.LCFI70:
 862              		.cfi_def_cfa_offset 4
 863 0016 BD46     		mov	sp, r7
 864              	.LCFI71:
 865              		.cfi_def_cfa_register 13
 866              		@ sp needed
 867 0018 5DF8047B 		ldr	r7, [sp], #4
 868              	.LCFI72:
 869              		.cfi_restore 7
 870              		.cfi_def_cfa_offset 0
 871 001c 7047     		bx	lr
 872              		.cfi_endproc
 873              	.LFE124:
 875              		.section	.text.osTimerDelete,"ax",%progbits
 876              		.align	1
 877              		.global	osTimerDelete
 878              		.syntax unified
 879              		.thumb
 880              		.thumb_func
 882              	osTimerDelete:
 883              	.LFB125:
 465:System/FreeRTOS/CMSIS_RTOS/cmsis_os.c **** 
ARM GAS  C:\Users\HUAV\AppData\Local\Temp\cc8AyDdj.s 			page 29


 466:System/FreeRTOS/CMSIS_RTOS/cmsis_os.c **** /**
 467:System/FreeRTOS/CMSIS_RTOS/cmsis_os.c **** * @brief  Delete a timer.
 468:System/FreeRTOS/CMSIS_RTOS/cmsis_os.c **** * @param  timer_id      timer ID obtained by \ref osTimerCreate
 469:System/FreeRTOS/CMSIS_RTOS/cmsis_os.c **** * @retval  status code that indicates the execution status of the function.
 470:System/FreeRTOS/CMSIS_RTOS/cmsis_os.c **** * @note   MUST REMAIN UNCHANGED: \b osTimerDelete shall be consistent in every CMSIS-RTOS.
 471:System/FreeRTOS/CMSIS_RTOS/cmsis_os.c **** */
 472:System/FreeRTOS/CMSIS_RTOS/cmsis_os.c **** osStatus osTimerDelete (osTimerId timer_id)
 473:System/FreeRTOS/CMSIS_RTOS/cmsis_os.c **** {
 884              		.loc 1 473 1
 885              		.cfi_startproc
 886              		@ args = 0, pretend = 0, frame = 16
 887              		@ frame_needed = 1, uses_anonymous_args = 0
 888              		@ link register save eliminated.
 889 0000 80B4     		push	{r7}
 890              	.LCFI73:
 891              		.cfi_def_cfa_offset 4
 892              		.cfi_offset 7, -4
 893 0002 85B0     		sub	sp, sp, #20
 894              	.LCFI74:
 895              		.cfi_def_cfa_offset 24
 896 0004 00AF     		add	r7, sp, #0
 897              	.LCFI75:
 898              		.cfi_def_cfa_register 7
 899 0006 7860     		str	r0, [r7, #4]
 474:System/FreeRTOS/CMSIS_RTOS/cmsis_os.c **** osStatus result = osOK;
 900              		.loc 1 474 10
 901 0008 0023     		movs	r3, #0
 902 000a FB60     		str	r3, [r7, #12]
 475:System/FreeRTOS/CMSIS_RTOS/cmsis_os.c **** 
 476:System/FreeRTOS/CMSIS_RTOS/cmsis_os.c **** #if (configUSE_TIMERS == 1)
 477:System/FreeRTOS/CMSIS_RTOS/cmsis_os.c **** 
 478:System/FreeRTOS/CMSIS_RTOS/cmsis_os.c ****    if (inHandlerMode()) {
 479:System/FreeRTOS/CMSIS_RTOS/cmsis_os.c ****      return osErrorISR;
 480:System/FreeRTOS/CMSIS_RTOS/cmsis_os.c ****   }
 481:System/FreeRTOS/CMSIS_RTOS/cmsis_os.c ****   else { 
 482:System/FreeRTOS/CMSIS_RTOS/cmsis_os.c ****     if ((xTimerDelete(timer_id, osWaitForever )) != pdPASS) {
 483:System/FreeRTOS/CMSIS_RTOS/cmsis_os.c ****       result = osErrorOS;
 484:System/FreeRTOS/CMSIS_RTOS/cmsis_os.c ****     }
 485:System/FreeRTOS/CMSIS_RTOS/cmsis_os.c ****   } 
 486:System/FreeRTOS/CMSIS_RTOS/cmsis_os.c ****     
 487:System/FreeRTOS/CMSIS_RTOS/cmsis_os.c **** #else 
 488:System/FreeRTOS/CMSIS_RTOS/cmsis_os.c ****   result = osErrorOS;
 903              		.loc 1 488 10
 904 000c FF23     		movs	r3, #255
 905 000e FB60     		str	r3, [r7, #12]
 489:System/FreeRTOS/CMSIS_RTOS/cmsis_os.c **** #endif 
 490:System/FreeRTOS/CMSIS_RTOS/cmsis_os.c ****  
 491:System/FreeRTOS/CMSIS_RTOS/cmsis_os.c ****   return result;
 906              		.loc 1 491 10
 907 0010 FB68     		ldr	r3, [r7, #12]
 492:System/FreeRTOS/CMSIS_RTOS/cmsis_os.c **** }
 908              		.loc 1 492 1
 909 0012 1846     		mov	r0, r3
 910 0014 1437     		adds	r7, r7, #20
 911              	.LCFI76:
 912              		.cfi_def_cfa_offset 4
 913 0016 BD46     		mov	sp, r7
ARM GAS  C:\Users\HUAV\AppData\Local\Temp\cc8AyDdj.s 			page 30


 914              	.LCFI77:
 915              		.cfi_def_cfa_register 13
 916              		@ sp needed
 917 0018 5DF8047B 		ldr	r7, [sp], #4
 918              	.LCFI78:
 919              		.cfi_restore 7
 920              		.cfi_def_cfa_offset 0
 921 001c 7047     		bx	lr
 922              		.cfi_endproc
 923              	.LFE125:
 925              		.section	.text.osSignalSet,"ax",%progbits
 926              		.align	1
 927              		.global	osSignalSet
 928              		.syntax unified
 929              		.thumb
 930              		.thumb_func
 932              	osSignalSet:
 933              	.LFB126:
 493:System/FreeRTOS/CMSIS_RTOS/cmsis_os.c **** 
 494:System/FreeRTOS/CMSIS_RTOS/cmsis_os.c **** /***************************  Signal Management ********************************/
 495:System/FreeRTOS/CMSIS_RTOS/cmsis_os.c **** /**
 496:System/FreeRTOS/CMSIS_RTOS/cmsis_os.c **** * @brief  Set the specified Signal Flags of an active thread.
 497:System/FreeRTOS/CMSIS_RTOS/cmsis_os.c **** * @param  thread_id     thread ID obtained by \ref osThreadCreate or \ref osThreadGetId.
 498:System/FreeRTOS/CMSIS_RTOS/cmsis_os.c **** * @param  signals       specifies the signal flags of the thread that should be set.
 499:System/FreeRTOS/CMSIS_RTOS/cmsis_os.c **** * @retval previous signal flags of the specified thread or 0x80000000 in case of incorrect paramete
 500:System/FreeRTOS/CMSIS_RTOS/cmsis_os.c **** * @note   MUST REMAIN UNCHANGED: \b osSignalSet shall be consistent in every CMSIS-RTOS.
 501:System/FreeRTOS/CMSIS_RTOS/cmsis_os.c **** */
 502:System/FreeRTOS/CMSIS_RTOS/cmsis_os.c **** int32_t osSignalSet (osThreadId thread_id, int32_t signal)
 503:System/FreeRTOS/CMSIS_RTOS/cmsis_os.c **** {
 934              		.loc 1 503 1
 935              		.cfi_startproc
 936              		@ args = 0, pretend = 0, frame = 16
 937              		@ frame_needed = 1, uses_anonymous_args = 0
 938 0000 80B5     		push	{r7, lr}
 939              	.LCFI79:
 940              		.cfi_def_cfa_offset 8
 941              		.cfi_offset 7, -8
 942              		.cfi_offset 14, -4
 943 0002 86B0     		sub	sp, sp, #24
 944              	.LCFI80:
 945              		.cfi_def_cfa_offset 32
 946 0004 02AF     		add	r7, sp, #8
 947              	.LCFI81:
 948              		.cfi_def_cfa 7, 24
 949 0006 7860     		str	r0, [r7, #4]
 950 0008 3960     		str	r1, [r7]
 504:System/FreeRTOS/CMSIS_RTOS/cmsis_os.c **** #if( configUSE_TASK_NOTIFICATIONS == 1 )	
 505:System/FreeRTOS/CMSIS_RTOS/cmsis_os.c ****   BaseType_t xHigherPriorityTaskWoken = pdFALSE;
 951              		.loc 1 505 14
 952 000a 0023     		movs	r3, #0
 953 000c FB60     		str	r3, [r7, #12]
 506:System/FreeRTOS/CMSIS_RTOS/cmsis_os.c ****   uint32_t ulPreviousNotificationValue = 0;
 954              		.loc 1 506 12
 955 000e 0023     		movs	r3, #0
 956 0010 BB60     		str	r3, [r7, #8]
 507:System/FreeRTOS/CMSIS_RTOS/cmsis_os.c ****   
 508:System/FreeRTOS/CMSIS_RTOS/cmsis_os.c ****   if (inHandlerMode())
ARM GAS  C:\Users\HUAV\AppData\Local\Temp\cc8AyDdj.s 			page 31


 957              		.loc 1 508 7
 958 0012 FFF7FEFF 		bl	inHandlerMode
 959 0016 0346     		mov	r3, r0
 960              		.loc 1 508 6
 961 0018 002B     		cmp	r3, #0
 962 001a 1CD0     		beq	.L49
 509:System/FreeRTOS/CMSIS_RTOS/cmsis_os.c ****   {
 510:System/FreeRTOS/CMSIS_RTOS/cmsis_os.c ****     if(xTaskGenericNotifyFromISR( thread_id , (uint32_t)signal, eSetBits, &ulPreviousNotificationVa
 963              		.loc 1 510 8
 964 001c 3968     		ldr	r1, [r7]
 965 001e 07F10802 		add	r2, r7, #8
 966 0022 07F10C03 		add	r3, r7, #12
 967 0026 0093     		str	r3, [sp]
 968 0028 1346     		mov	r3, r2
 969 002a 0122     		movs	r2, #1
 970 002c 7868     		ldr	r0, [r7, #4]
 971 002e FFF7FEFF 		bl	xTaskGenericNotifyFromISR
 972 0032 0346     		mov	r3, r0
 973              		.loc 1 510 7
 974 0034 012B     		cmp	r3, #1
 975 0036 02D0     		beq	.L50
 511:System/FreeRTOS/CMSIS_RTOS/cmsis_os.c ****       return 0x80000000;
 976              		.loc 1 511 14
 977 0038 4FF00043 		mov	r3, #-2147483648
 978 003c 19E0     		b	.L53
 979              	.L50:
 512:System/FreeRTOS/CMSIS_RTOS/cmsis_os.c ****     
 513:System/FreeRTOS/CMSIS_RTOS/cmsis_os.c ****     portYIELD_FROM_ISR( xHigherPriorityTaskWoken );
 980              		.loc 1 513 5
 981 003e FB68     		ldr	r3, [r7, #12]
 982 0040 002B     		cmp	r3, #0
 983 0042 15D0     		beq	.L52
 984              		.loc 1 513 5 is_stmt 0 discriminator 1
 985 0044 0D4B     		ldr	r3, .L54
 986 0046 4FF08052 		mov	r2, #268435456
 987 004a 1A60     		str	r2, [r3]
 988              		.syntax unified
 989              	@ 513 "System/FreeRTOS/CMSIS_RTOS/cmsis_os.c" 1
 990 004c BFF34F8F 		dsb
 991              	@ 0 "" 2
 992              	@ 513 "System/FreeRTOS/CMSIS_RTOS/cmsis_os.c" 1
 993 0050 BFF36F8F 		isb
 994              	@ 0 "" 2
 995              		.thumb
 996              		.syntax unified
 997 0054 0CE0     		b	.L52
 998              	.L49:
 514:System/FreeRTOS/CMSIS_RTOS/cmsis_os.c ****   }  
 515:System/FreeRTOS/CMSIS_RTOS/cmsis_os.c ****   else if(xTaskGenericNotify( thread_id , (uint32_t)signal, eSetBits, &ulPreviousNotificationValue)
 999              		.loc 1 515 11 is_stmt 1
 1000 0056 3968     		ldr	r1, [r7]
 1001 0058 07F10803 		add	r3, r7, #8
 1002 005c 0122     		movs	r2, #1
 1003 005e 7868     		ldr	r0, [r7, #4]
 1004 0060 FFF7FEFF 		bl	xTaskGenericNotify
 1005 0064 0346     		mov	r3, r0
 1006              		.loc 1 515 10
ARM GAS  C:\Users\HUAV\AppData\Local\Temp\cc8AyDdj.s 			page 32


 1007 0066 012B     		cmp	r3, #1
 1008 0068 02D0     		beq	.L52
 516:System/FreeRTOS/CMSIS_RTOS/cmsis_os.c ****     return 0x80000000;
 1009              		.loc 1 516 12
 1010 006a 4FF00043 		mov	r3, #-2147483648
 1011 006e 00E0     		b	.L53
 1012              	.L52:
 517:System/FreeRTOS/CMSIS_RTOS/cmsis_os.c ****   
 518:System/FreeRTOS/CMSIS_RTOS/cmsis_os.c ****   return ulPreviousNotificationValue;
 1013              		.loc 1 518 10
 1014 0070 BB68     		ldr	r3, [r7, #8]
 1015              	.L53:
 519:System/FreeRTOS/CMSIS_RTOS/cmsis_os.c **** #else
 520:System/FreeRTOS/CMSIS_RTOS/cmsis_os.c ****   (void) thread_id;
 521:System/FreeRTOS/CMSIS_RTOS/cmsis_os.c ****   (void) signal;
 522:System/FreeRTOS/CMSIS_RTOS/cmsis_os.c **** 
 523:System/FreeRTOS/CMSIS_RTOS/cmsis_os.c ****   return 0x80000000; /* Task Notification not supported */ 	
 524:System/FreeRTOS/CMSIS_RTOS/cmsis_os.c **** #endif
 525:System/FreeRTOS/CMSIS_RTOS/cmsis_os.c **** }
 1016              		.loc 1 525 1 discriminator 1
 1017 0072 1846     		mov	r0, r3
 1018 0074 1037     		adds	r7, r7, #16
 1019              	.LCFI82:
 1020              		.cfi_def_cfa_offset 8
 1021 0076 BD46     		mov	sp, r7
 1022              	.LCFI83:
 1023              		.cfi_def_cfa_register 13
 1024              		@ sp needed
 1025 0078 80BD     		pop	{r7, pc}
 1026              	.L55:
 1027 007a 00BF     		.align	2
 1028              	.L54:
 1029 007c 04ED00E0 		.word	-536810236
 1030              		.cfi_endproc
 1031              	.LFE126:
 1033              		.section	.text.osSignalWait,"ax",%progbits
 1034              		.align	1
 1035              		.global	osSignalWait
 1036              		.syntax unified
 1037              		.thumb
 1038              		.thumb_func
 1040              	osSignalWait:
 1041              	.LFB127:
 526:System/FreeRTOS/CMSIS_RTOS/cmsis_os.c **** 
 527:System/FreeRTOS/CMSIS_RTOS/cmsis_os.c **** /**
 528:System/FreeRTOS/CMSIS_RTOS/cmsis_os.c **** * @brief  Clear the specified Signal Flags of an active thread.
 529:System/FreeRTOS/CMSIS_RTOS/cmsis_os.c **** * @param  thread_id  thread ID obtained by \ref osThreadCreate or \ref osThreadGetId.
 530:System/FreeRTOS/CMSIS_RTOS/cmsis_os.c **** * @param  signals    specifies the signal flags of the thread that shall be cleared.
 531:System/FreeRTOS/CMSIS_RTOS/cmsis_os.c **** * @retval  previous signal flags of the specified thread or 0x80000000 in case of incorrect paramet
 532:System/FreeRTOS/CMSIS_RTOS/cmsis_os.c **** * @note   MUST REMAIN UNCHANGED: \b osSignalClear shall be consistent in every CMSIS-RTOS.
 533:System/FreeRTOS/CMSIS_RTOS/cmsis_os.c **** */
 534:System/FreeRTOS/CMSIS_RTOS/cmsis_os.c **** int32_t osSignalClear (osThreadId thread_id, int32_t signal);
 535:System/FreeRTOS/CMSIS_RTOS/cmsis_os.c **** 
 536:System/FreeRTOS/CMSIS_RTOS/cmsis_os.c **** /**
 537:System/FreeRTOS/CMSIS_RTOS/cmsis_os.c **** * @brief  Wait for one or more Signal Flags to become signaled for the current \b RUNNING thread.
 538:System/FreeRTOS/CMSIS_RTOS/cmsis_os.c **** * @param  signals   wait until all specified signal flags set or 0 for any single signal flag.
 539:System/FreeRTOS/CMSIS_RTOS/cmsis_os.c **** * @param  millisec  timeout value or 0 in case of no time-out.
ARM GAS  C:\Users\HUAV\AppData\Local\Temp\cc8AyDdj.s 			page 33


 540:System/FreeRTOS/CMSIS_RTOS/cmsis_os.c **** * @retval  event flag information or error code.
 541:System/FreeRTOS/CMSIS_RTOS/cmsis_os.c **** * @note   MUST REMAIN UNCHANGED: \b osSignalWait shall be consistent in every CMSIS-RTOS.
 542:System/FreeRTOS/CMSIS_RTOS/cmsis_os.c **** */
 543:System/FreeRTOS/CMSIS_RTOS/cmsis_os.c **** osEvent osSignalWait (int32_t signals, uint32_t millisec)
 544:System/FreeRTOS/CMSIS_RTOS/cmsis_os.c **** {
 1042              		.loc 1 544 1
 1043              		.cfi_startproc
 1044              		@ args = 0, pretend = 0, frame = 32
 1045              		@ frame_needed = 1, uses_anonymous_args = 0
 1046 0000 90B5     		push	{r4, r7, lr}
 1047              	.LCFI84:
 1048              		.cfi_def_cfa_offset 12
 1049              		.cfi_offset 4, -12
 1050              		.cfi_offset 7, -8
 1051              		.cfi_offset 14, -4
 1052 0002 89B0     		sub	sp, sp, #36
 1053              	.LCFI85:
 1054              		.cfi_def_cfa_offset 48
 1055 0004 00AF     		add	r7, sp, #0
 1056              	.LCFI86:
 1057              		.cfi_def_cfa_register 7
 1058 0006 F860     		str	r0, [r7, #12]
 1059 0008 B960     		str	r1, [r7, #8]
 1060 000a 7A60     		str	r2, [r7, #4]
 545:System/FreeRTOS/CMSIS_RTOS/cmsis_os.c ****   osEvent ret;
 546:System/FreeRTOS/CMSIS_RTOS/cmsis_os.c **** 
 547:System/FreeRTOS/CMSIS_RTOS/cmsis_os.c **** #if( configUSE_TASK_NOTIFICATIONS == 1 )
 548:System/FreeRTOS/CMSIS_RTOS/cmsis_os.c **** 	
 549:System/FreeRTOS/CMSIS_RTOS/cmsis_os.c ****   TickType_t ticks;
 550:System/FreeRTOS/CMSIS_RTOS/cmsis_os.c **** 
 551:System/FreeRTOS/CMSIS_RTOS/cmsis_os.c ****   ret.value.signals = 0;  
 1061              		.loc 1 551 21
 1062 000c 0023     		movs	r3, #0
 1063 000e 7B61     		str	r3, [r7, #20]
 552:System/FreeRTOS/CMSIS_RTOS/cmsis_os.c ****   ticks = 0;
 1064              		.loc 1 552 9
 1065 0010 0023     		movs	r3, #0
 1066 0012 FB61     		str	r3, [r7, #28]
 553:System/FreeRTOS/CMSIS_RTOS/cmsis_os.c ****   if (millisec == osWaitForever) {
 1067              		.loc 1 553 6
 1068 0014 7B68     		ldr	r3, [r7, #4]
 1069 0016 B3F1FF3F 		cmp	r3, #-1
 1070 001a 03D1     		bne	.L57
 554:System/FreeRTOS/CMSIS_RTOS/cmsis_os.c ****     ticks = portMAX_DELAY;
 1071              		.loc 1 554 11
 1072 001c 4FF0FF33 		mov	r3, #-1
 1073 0020 FB61     		str	r3, [r7, #28]
 1074 0022 09E0     		b	.L58
 1075              	.L57:
 555:System/FreeRTOS/CMSIS_RTOS/cmsis_os.c ****   }
 556:System/FreeRTOS/CMSIS_RTOS/cmsis_os.c ****   else if (millisec != 0) {
 1076              		.loc 1 556 11
 1077 0024 7B68     		ldr	r3, [r7, #4]
 1078 0026 002B     		cmp	r3, #0
 1079 0028 06D0     		beq	.L58
 557:System/FreeRTOS/CMSIS_RTOS/cmsis_os.c ****     ticks = millisec / portTICK_PERIOD_MS;
 1080              		.loc 1 557 11
ARM GAS  C:\Users\HUAV\AppData\Local\Temp\cc8AyDdj.s 			page 34


 1081 002a 7B68     		ldr	r3, [r7, #4]
 1082 002c FB61     		str	r3, [r7, #28]
 558:System/FreeRTOS/CMSIS_RTOS/cmsis_os.c ****     if (ticks == 0) {
 1083              		.loc 1 558 8
 1084 002e FB69     		ldr	r3, [r7, #28]
 1085 0030 002B     		cmp	r3, #0
 1086 0032 01D1     		bne	.L58
 559:System/FreeRTOS/CMSIS_RTOS/cmsis_os.c ****       ticks = 1;
 1087              		.loc 1 559 13
 1088 0034 0123     		movs	r3, #1
 1089 0036 FB61     		str	r3, [r7, #28]
 1090              	.L58:
 560:System/FreeRTOS/CMSIS_RTOS/cmsis_os.c ****     }
 561:System/FreeRTOS/CMSIS_RTOS/cmsis_os.c ****   }  
 562:System/FreeRTOS/CMSIS_RTOS/cmsis_os.c ****   
 563:System/FreeRTOS/CMSIS_RTOS/cmsis_os.c ****   if (inHandlerMode())
 1091              		.loc 1 563 7
 1092 0038 FFF7FEFF 		bl	inHandlerMode
 1093 003c 0346     		mov	r3, r0
 1094              		.loc 1 563 6
 1095 003e 002B     		cmp	r3, #0
 1096 0040 02D0     		beq	.L59
 564:System/FreeRTOS/CMSIS_RTOS/cmsis_os.c ****   {
 565:System/FreeRTOS/CMSIS_RTOS/cmsis_os.c ****     ret.status = osErrorISR;  /*Not allowed in ISR*/
 1097              		.loc 1 565 16
 1098 0042 8223     		movs	r3, #130
 1099 0044 3B61     		str	r3, [r7, #16]
 1100 0046 1BE0     		b	.L60
 1101              	.L59:
 566:System/FreeRTOS/CMSIS_RTOS/cmsis_os.c ****   }
 567:System/FreeRTOS/CMSIS_RTOS/cmsis_os.c ****   else
 568:System/FreeRTOS/CMSIS_RTOS/cmsis_os.c ****   {
 569:System/FreeRTOS/CMSIS_RTOS/cmsis_os.c ****     if(xTaskNotifyWait( 0,(uint32_t) signals, (uint32_t *)&ret.value.signals, ticks) != pdTRUE)
 1102              		.loc 1 569 8
 1103 0048 B968     		ldr	r1, [r7, #8]
 1104 004a 07F11003 		add	r3, r7, #16
 1105 004e 1A1D     		adds	r2, r3, #4
 1106 0050 FB69     		ldr	r3, [r7, #28]
 1107 0052 0020     		movs	r0, #0
 1108 0054 FFF7FEFF 		bl	xTaskNotifyWait
 1109 0058 0346     		mov	r3, r0
 1110              		.loc 1 569 7
 1111 005a 012B     		cmp	r3, #1
 1112 005c 08D0     		beq	.L61
 570:System/FreeRTOS/CMSIS_RTOS/cmsis_os.c ****     {
 571:System/FreeRTOS/CMSIS_RTOS/cmsis_os.c ****       if(ticks == 0)  ret.status = osOK;
 1113              		.loc 1 571 9
 1114 005e FB69     		ldr	r3, [r7, #28]
 1115 0060 002B     		cmp	r3, #0
 1116 0062 02D1     		bne	.L62
 1117              		.loc 1 571 34 discriminator 1
 1118 0064 0023     		movs	r3, #0
 1119 0066 3B61     		str	r3, [r7, #16]
 1120 0068 0AE0     		b	.L60
 1121              	.L62:
 572:System/FreeRTOS/CMSIS_RTOS/cmsis_os.c ****       else  ret.status = osEventTimeout;
 1122              		.loc 1 572 24
ARM GAS  C:\Users\HUAV\AppData\Local\Temp\cc8AyDdj.s 			page 35


 1123 006a 4023     		movs	r3, #64
 1124 006c 3B61     		str	r3, [r7, #16]
 1125 006e 07E0     		b	.L60
 1126              	.L61:
 573:System/FreeRTOS/CMSIS_RTOS/cmsis_os.c ****     }
 574:System/FreeRTOS/CMSIS_RTOS/cmsis_os.c ****     else if(ret.value.signals < 0)
 1127              		.loc 1 574 22
 1128 0070 7B69     		ldr	r3, [r7, #20]
 1129              		.loc 1 574 12
 1130 0072 002B     		cmp	r3, #0
 1131 0074 02DA     		bge	.L63
 575:System/FreeRTOS/CMSIS_RTOS/cmsis_os.c ****     {
 576:System/FreeRTOS/CMSIS_RTOS/cmsis_os.c ****       ret.status =  osErrorValue;     
 1132              		.loc 1 576 18
 1133 0076 8623     		movs	r3, #134
 1134 0078 3B61     		str	r3, [r7, #16]
 1135 007a 01E0     		b	.L60
 1136              	.L63:
 577:System/FreeRTOS/CMSIS_RTOS/cmsis_os.c ****     }
 578:System/FreeRTOS/CMSIS_RTOS/cmsis_os.c ****     else  ret.status =  osEventSignal;
 1137              		.loc 1 578 22
 1138 007c 0823     		movs	r3, #8
 1139 007e 3B61     		str	r3, [r7, #16]
 1140              	.L60:
 579:System/FreeRTOS/CMSIS_RTOS/cmsis_os.c ****   }
 580:System/FreeRTOS/CMSIS_RTOS/cmsis_os.c **** #else
 581:System/FreeRTOS/CMSIS_RTOS/cmsis_os.c ****   (void) signals;
 582:System/FreeRTOS/CMSIS_RTOS/cmsis_os.c ****   (void) millisec;
 583:System/FreeRTOS/CMSIS_RTOS/cmsis_os.c **** 	
 584:System/FreeRTOS/CMSIS_RTOS/cmsis_os.c ****   ret.status =  osErrorOS;	/* Task Notification not supported */
 585:System/FreeRTOS/CMSIS_RTOS/cmsis_os.c **** #endif
 586:System/FreeRTOS/CMSIS_RTOS/cmsis_os.c ****   
 587:System/FreeRTOS/CMSIS_RTOS/cmsis_os.c ****   return ret;
 1141              		.loc 1 587 10
 1142 0080 FB68     		ldr	r3, [r7, #12]
 1143 0082 1C46     		mov	r4, r3
 1144 0084 07F11003 		add	r3, r7, #16
 1145 0088 93E80700 		ldm	r3, {r0, r1, r2}
 1146 008c 84E80700 		stm	r4, {r0, r1, r2}
 588:System/FreeRTOS/CMSIS_RTOS/cmsis_os.c **** }
 1147              		.loc 1 588 1
 1148 0090 F868     		ldr	r0, [r7, #12]
 1149 0092 2437     		adds	r7, r7, #36
 1150              	.LCFI87:
 1151              		.cfi_def_cfa_offset 12
 1152 0094 BD46     		mov	sp, r7
 1153              	.LCFI88:
 1154              		.cfi_def_cfa_register 13
 1155              		@ sp needed
 1156 0096 90BD     		pop	{r4, r7, pc}
 1157              		.cfi_endproc
 1158              	.LFE127:
 1160              		.section	.text.osMutexCreate,"ax",%progbits
 1161              		.align	1
 1162              		.global	osMutexCreate
 1163              		.syntax unified
 1164              		.thumb
ARM GAS  C:\Users\HUAV\AppData\Local\Temp\cc8AyDdj.s 			page 36


 1165              		.thumb_func
 1167              	osMutexCreate:
 1168              	.LFB128:
 589:System/FreeRTOS/CMSIS_RTOS/cmsis_os.c **** 
 590:System/FreeRTOS/CMSIS_RTOS/cmsis_os.c **** /****************************  Mutex Management ********************************/
 591:System/FreeRTOS/CMSIS_RTOS/cmsis_os.c **** /**
 592:System/FreeRTOS/CMSIS_RTOS/cmsis_os.c **** * @brief  Create and Initialize a Mutex object
 593:System/FreeRTOS/CMSIS_RTOS/cmsis_os.c **** * @param  mutex_def     mutex definition referenced with \ref osMutex.
 594:System/FreeRTOS/CMSIS_RTOS/cmsis_os.c **** * @retval  mutex ID for reference by other functions or NULL in case of error.
 595:System/FreeRTOS/CMSIS_RTOS/cmsis_os.c **** * @note   MUST REMAIN UNCHANGED: \b osMutexCreate shall be consistent in every CMSIS-RTOS.
 596:System/FreeRTOS/CMSIS_RTOS/cmsis_os.c **** */
 597:System/FreeRTOS/CMSIS_RTOS/cmsis_os.c **** osMutexId osMutexCreate (const osMutexDef_t *mutex_def)
 598:System/FreeRTOS/CMSIS_RTOS/cmsis_os.c **** {
 1169              		.loc 1 598 1
 1170              		.cfi_startproc
 1171              		@ args = 0, pretend = 0, frame = 8
 1172              		@ frame_needed = 1, uses_anonymous_args = 0
 1173 0000 80B5     		push	{r7, lr}
 1174              	.LCFI89:
 1175              		.cfi_def_cfa_offset 8
 1176              		.cfi_offset 7, -8
 1177              		.cfi_offset 14, -4
 1178 0002 82B0     		sub	sp, sp, #8
 1179              	.LCFI90:
 1180              		.cfi_def_cfa_offset 16
 1181 0004 00AF     		add	r7, sp, #0
 1182              	.LCFI91:
 1183              		.cfi_def_cfa_register 7
 1184 0006 7860     		str	r0, [r7, #4]
 599:System/FreeRTOS/CMSIS_RTOS/cmsis_os.c **** #if ( configUSE_MUTEXES == 1)
 600:System/FreeRTOS/CMSIS_RTOS/cmsis_os.c **** 
 601:System/FreeRTOS/CMSIS_RTOS/cmsis_os.c **** #if( configSUPPORT_STATIC_ALLOCATION == 1 ) && ( configSUPPORT_DYNAMIC_ALLOCATION == 1 )
 602:System/FreeRTOS/CMSIS_RTOS/cmsis_os.c **** 
 603:System/FreeRTOS/CMSIS_RTOS/cmsis_os.c ****   if (mutex_def->controlblock != NULL) {
 1185              		.loc 1 603 16
 1186 0008 7B68     		ldr	r3, [r7, #4]
 1187 000a 5B68     		ldr	r3, [r3, #4]
 1188              		.loc 1 603 6
 1189 000c 002B     		cmp	r3, #0
 1190 000e 07D0     		beq	.L66
 604:System/FreeRTOS/CMSIS_RTOS/cmsis_os.c ****     return xSemaphoreCreateMutexStatic( mutex_def->controlblock );
 1191              		.loc 1 604 12
 1192 0010 7B68     		ldr	r3, [r7, #4]
 1193 0012 5B68     		ldr	r3, [r3, #4]
 1194 0014 1946     		mov	r1, r3
 1195 0016 0120     		movs	r0, #1
 1196 0018 FFF7FEFF 		bl	xQueueCreateMutexStatic
 1197 001c 0346     		mov	r3, r0
 1198 001e 03E0     		b	.L67
 1199              	.L66:
 605:System/FreeRTOS/CMSIS_RTOS/cmsis_os.c ****      }
 606:System/FreeRTOS/CMSIS_RTOS/cmsis_os.c ****   else {
 607:System/FreeRTOS/CMSIS_RTOS/cmsis_os.c ****     return xSemaphoreCreateMutex(); 
 1200              		.loc 1 607 12
 1201 0020 0120     		movs	r0, #1
 1202 0022 FFF7FEFF 		bl	xQueueCreateMutex
 1203 0026 0346     		mov	r3, r0
ARM GAS  C:\Users\HUAV\AppData\Local\Temp\cc8AyDdj.s 			page 37


 1204              	.L67:
 608:System/FreeRTOS/CMSIS_RTOS/cmsis_os.c ****   }
 609:System/FreeRTOS/CMSIS_RTOS/cmsis_os.c **** #elif ( configSUPPORT_STATIC_ALLOCATION == 1 )
 610:System/FreeRTOS/CMSIS_RTOS/cmsis_os.c ****   return xSemaphoreCreateMutexStatic( mutex_def->controlblock );
 611:System/FreeRTOS/CMSIS_RTOS/cmsis_os.c **** #else  
 612:System/FreeRTOS/CMSIS_RTOS/cmsis_os.c ****     return xSemaphoreCreateMutex(); 
 613:System/FreeRTOS/CMSIS_RTOS/cmsis_os.c **** #endif
 614:System/FreeRTOS/CMSIS_RTOS/cmsis_os.c **** #else
 615:System/FreeRTOS/CMSIS_RTOS/cmsis_os.c ****   return NULL;
 616:System/FreeRTOS/CMSIS_RTOS/cmsis_os.c **** #endif
 617:System/FreeRTOS/CMSIS_RTOS/cmsis_os.c **** }
 1205              		.loc 1 617 1
 1206 0028 1846     		mov	r0, r3
 1207 002a 0837     		adds	r7, r7, #8
 1208              	.LCFI92:
 1209              		.cfi_def_cfa_offset 8
 1210 002c BD46     		mov	sp, r7
 1211              	.LCFI93:
 1212              		.cfi_def_cfa_register 13
 1213              		@ sp needed
 1214 002e 80BD     		pop	{r7, pc}
 1215              		.cfi_endproc
 1216              	.LFE128:
 1218              		.section	.text.osMutexWait,"ax",%progbits
 1219              		.align	1
 1220              		.global	osMutexWait
 1221              		.syntax unified
 1222              		.thumb
 1223              		.thumb_func
 1225              	osMutexWait:
 1226              	.LFB129:
 618:System/FreeRTOS/CMSIS_RTOS/cmsis_os.c **** 
 619:System/FreeRTOS/CMSIS_RTOS/cmsis_os.c **** /**
 620:System/FreeRTOS/CMSIS_RTOS/cmsis_os.c **** * @brief Wait until a Mutex becomes available
 621:System/FreeRTOS/CMSIS_RTOS/cmsis_os.c **** * @param mutex_id      mutex ID obtained by \ref osMutexCreate.
 622:System/FreeRTOS/CMSIS_RTOS/cmsis_os.c **** * @param millisec      timeout value or 0 in case of no time-out.
 623:System/FreeRTOS/CMSIS_RTOS/cmsis_os.c **** * @retval  status code that indicates the execution status of the function.
 624:System/FreeRTOS/CMSIS_RTOS/cmsis_os.c **** * @note   MUST REMAIN UNCHANGED: \b osMutexWait shall be consistent in every CMSIS-RTOS.
 625:System/FreeRTOS/CMSIS_RTOS/cmsis_os.c **** */
 626:System/FreeRTOS/CMSIS_RTOS/cmsis_os.c **** osStatus osMutexWait (osMutexId mutex_id, uint32_t millisec)
 627:System/FreeRTOS/CMSIS_RTOS/cmsis_os.c **** {
 1227              		.loc 1 627 1
 1228              		.cfi_startproc
 1229              		@ args = 0, pretend = 0, frame = 16
 1230              		@ frame_needed = 1, uses_anonymous_args = 0
 1231 0000 80B5     		push	{r7, lr}
 1232              	.LCFI94:
 1233              		.cfi_def_cfa_offset 8
 1234              		.cfi_offset 7, -8
 1235              		.cfi_offset 14, -4
 1236 0002 84B0     		sub	sp, sp, #16
 1237              	.LCFI95:
 1238              		.cfi_def_cfa_offset 24
 1239 0004 00AF     		add	r7, sp, #0
 1240              	.LCFI96:
 1241              		.cfi_def_cfa_register 7
 1242 0006 7860     		str	r0, [r7, #4]
ARM GAS  C:\Users\HUAV\AppData\Local\Temp\cc8AyDdj.s 			page 38


 1243 0008 3960     		str	r1, [r7]
 628:System/FreeRTOS/CMSIS_RTOS/cmsis_os.c ****   TickType_t ticks;
 629:System/FreeRTOS/CMSIS_RTOS/cmsis_os.c ****   portBASE_TYPE taskWoken = pdFALSE;  
 1244              		.loc 1 629 17
 1245 000a 0023     		movs	r3, #0
 1246 000c BB60     		str	r3, [r7, #8]
 630:System/FreeRTOS/CMSIS_RTOS/cmsis_os.c ****   
 631:System/FreeRTOS/CMSIS_RTOS/cmsis_os.c ****   
 632:System/FreeRTOS/CMSIS_RTOS/cmsis_os.c ****   if (mutex_id == NULL) {
 1247              		.loc 1 632 6
 1248 000e 7B68     		ldr	r3, [r7, #4]
 1249 0010 002B     		cmp	r3, #0
 1250 0012 01D1     		bne	.L69
 633:System/FreeRTOS/CMSIS_RTOS/cmsis_os.c ****     return osErrorParameter;
 1251              		.loc 1 633 12
 1252 0014 8023     		movs	r3, #128
 1253 0016 3AE0     		b	.L76
 1254              	.L69:
 634:System/FreeRTOS/CMSIS_RTOS/cmsis_os.c ****   }
 635:System/FreeRTOS/CMSIS_RTOS/cmsis_os.c ****   
 636:System/FreeRTOS/CMSIS_RTOS/cmsis_os.c ****   ticks = 0;
 1255              		.loc 1 636 9
 1256 0018 0023     		movs	r3, #0
 1257 001a FB60     		str	r3, [r7, #12]
 637:System/FreeRTOS/CMSIS_RTOS/cmsis_os.c ****   if (millisec == osWaitForever) {
 1258              		.loc 1 637 6
 1259 001c 3B68     		ldr	r3, [r7]
 1260 001e B3F1FF3F 		cmp	r3, #-1
 1261 0022 03D1     		bne	.L71
 638:System/FreeRTOS/CMSIS_RTOS/cmsis_os.c ****     ticks = portMAX_DELAY;
 1262              		.loc 1 638 11
 1263 0024 4FF0FF33 		mov	r3, #-1
 1264 0028 FB60     		str	r3, [r7, #12]
 1265 002a 09E0     		b	.L72
 1266              	.L71:
 639:System/FreeRTOS/CMSIS_RTOS/cmsis_os.c ****   }
 640:System/FreeRTOS/CMSIS_RTOS/cmsis_os.c ****   else if (millisec != 0) {
 1267              		.loc 1 640 11
 1268 002c 3B68     		ldr	r3, [r7]
 1269 002e 002B     		cmp	r3, #0
 1270 0030 06D0     		beq	.L72
 641:System/FreeRTOS/CMSIS_RTOS/cmsis_os.c ****     ticks = millisec / portTICK_PERIOD_MS;
 1271              		.loc 1 641 11
 1272 0032 3B68     		ldr	r3, [r7]
 1273 0034 FB60     		str	r3, [r7, #12]
 642:System/FreeRTOS/CMSIS_RTOS/cmsis_os.c ****     if (ticks == 0) {
 1274              		.loc 1 642 8
 1275 0036 FB68     		ldr	r3, [r7, #12]
 1276 0038 002B     		cmp	r3, #0
 1277 003a 01D1     		bne	.L72
 643:System/FreeRTOS/CMSIS_RTOS/cmsis_os.c ****       ticks = 1;
 1278              		.loc 1 643 13
 1279 003c 0123     		movs	r3, #1
 1280 003e FB60     		str	r3, [r7, #12]
 1281              	.L72:
 644:System/FreeRTOS/CMSIS_RTOS/cmsis_os.c ****     }
 645:System/FreeRTOS/CMSIS_RTOS/cmsis_os.c ****   }
ARM GAS  C:\Users\HUAV\AppData\Local\Temp\cc8AyDdj.s 			page 39


 646:System/FreeRTOS/CMSIS_RTOS/cmsis_os.c ****   
 647:System/FreeRTOS/CMSIS_RTOS/cmsis_os.c ****   if (inHandlerMode()) {
 1282              		.loc 1 647 7
 1283 0040 FFF7FEFF 		bl	inHandlerMode
 1284 0044 0346     		mov	r3, r0
 1285              		.loc 1 647 6
 1286 0046 002B     		cmp	r3, #0
 1287 0048 17D0     		beq	.L73
 648:System/FreeRTOS/CMSIS_RTOS/cmsis_os.c ****     if (xSemaphoreTakeFromISR(mutex_id, &taskWoken) != pdTRUE) {
 1288              		.loc 1 648 9
 1289 004a 07F10803 		add	r3, r7, #8
 1290 004e 1A46     		mov	r2, r3
 1291 0050 0021     		movs	r1, #0
 1292 0052 7868     		ldr	r0, [r7, #4]
 1293 0054 FFF7FEFF 		bl	xQueueReceiveFromISR
 1294 0058 0346     		mov	r3, r0
 1295              		.loc 1 648 8
 1296 005a 012B     		cmp	r3, #1
 1297 005c 01D0     		beq	.L74
 649:System/FreeRTOS/CMSIS_RTOS/cmsis_os.c ****       return osErrorOS;
 1298              		.loc 1 649 14
 1299 005e FF23     		movs	r3, #255
 1300 0060 15E0     		b	.L76
 1301              	.L74:
 650:System/FreeRTOS/CMSIS_RTOS/cmsis_os.c ****     }
 651:System/FreeRTOS/CMSIS_RTOS/cmsis_os.c **** 	portEND_SWITCHING_ISR(taskWoken);
 1302              		.loc 1 651 2
 1303 0062 BB68     		ldr	r3, [r7, #8]
 1304 0064 002B     		cmp	r3, #0
 1305 0066 11D0     		beq	.L75
 1306              		.loc 1 651 2 is_stmt 0 discriminator 1
 1307 0068 0B4B     		ldr	r3, .L77
 1308 006a 4FF08052 		mov	r2, #268435456
 1309 006e 1A60     		str	r2, [r3]
 1310              		.syntax unified
 1311              	@ 651 "System/FreeRTOS/CMSIS_RTOS/cmsis_os.c" 1
 1312 0070 BFF34F8F 		dsb
 1313              	@ 0 "" 2
 1314              	@ 651 "System/FreeRTOS/CMSIS_RTOS/cmsis_os.c" 1
 1315 0074 BFF36F8F 		isb
 1316              	@ 0 "" 2
 1317              		.thumb
 1318              		.syntax unified
 1319 0078 08E0     		b	.L75
 1320              	.L73:
 652:System/FreeRTOS/CMSIS_RTOS/cmsis_os.c ****   } 
 653:System/FreeRTOS/CMSIS_RTOS/cmsis_os.c ****   else if (xSemaphoreTake(mutex_id, ticks) != pdTRUE) {
 1321              		.loc 1 653 12 is_stmt 1
 1322 007a F968     		ldr	r1, [r7, #12]
 1323 007c 7868     		ldr	r0, [r7, #4]
 1324 007e FFF7FEFF 		bl	xQueueSemaphoreTake
 1325 0082 0346     		mov	r3, r0
 1326              		.loc 1 653 11
 1327 0084 012B     		cmp	r3, #1
 1328 0086 01D0     		beq	.L75
 654:System/FreeRTOS/CMSIS_RTOS/cmsis_os.c ****     return osErrorOS;
 1329              		.loc 1 654 12
ARM GAS  C:\Users\HUAV\AppData\Local\Temp\cc8AyDdj.s 			page 40


 1330 0088 FF23     		movs	r3, #255
 1331 008a 00E0     		b	.L76
 1332              	.L75:
 655:System/FreeRTOS/CMSIS_RTOS/cmsis_os.c ****   }
 656:System/FreeRTOS/CMSIS_RTOS/cmsis_os.c ****   
 657:System/FreeRTOS/CMSIS_RTOS/cmsis_os.c ****   return osOK;
 1333              		.loc 1 657 10
 1334 008c 0023     		movs	r3, #0
 1335              	.L76:
 658:System/FreeRTOS/CMSIS_RTOS/cmsis_os.c **** }
 1336              		.loc 1 658 1 discriminator 1
 1337 008e 1846     		mov	r0, r3
 1338 0090 1037     		adds	r7, r7, #16
 1339              	.LCFI97:
 1340              		.cfi_def_cfa_offset 8
 1341 0092 BD46     		mov	sp, r7
 1342              	.LCFI98:
 1343              		.cfi_def_cfa_register 13
 1344              		@ sp needed
 1345 0094 80BD     		pop	{r7, pc}
 1346              	.L78:
 1347 0096 00BF     		.align	2
 1348              	.L77:
 1349 0098 04ED00E0 		.word	-536810236
 1350              		.cfi_endproc
 1351              	.LFE129:
 1353              		.section	.text.osMutexRelease,"ax",%progbits
 1354              		.align	1
 1355              		.global	osMutexRelease
 1356              		.syntax unified
 1357              		.thumb
 1358              		.thumb_func
 1360              	osMutexRelease:
 1361              	.LFB130:
 659:System/FreeRTOS/CMSIS_RTOS/cmsis_os.c **** 
 660:System/FreeRTOS/CMSIS_RTOS/cmsis_os.c **** /**
 661:System/FreeRTOS/CMSIS_RTOS/cmsis_os.c **** * @brief Release a Mutex that was obtained by \ref osMutexWait
 662:System/FreeRTOS/CMSIS_RTOS/cmsis_os.c **** * @param mutex_id      mutex ID obtained by \ref osMutexCreate.
 663:System/FreeRTOS/CMSIS_RTOS/cmsis_os.c **** * @retval  status code that indicates the execution status of the function.
 664:System/FreeRTOS/CMSIS_RTOS/cmsis_os.c **** * @note   MUST REMAIN UNCHANGED: \b osMutexRelease shall be consistent in every CMSIS-RTOS.
 665:System/FreeRTOS/CMSIS_RTOS/cmsis_os.c **** */
 666:System/FreeRTOS/CMSIS_RTOS/cmsis_os.c **** osStatus osMutexRelease (osMutexId mutex_id)
 667:System/FreeRTOS/CMSIS_RTOS/cmsis_os.c **** {
 1362              		.loc 1 667 1
 1363              		.cfi_startproc
 1364              		@ args = 0, pretend = 0, frame = 16
 1365              		@ frame_needed = 1, uses_anonymous_args = 0
 1366 0000 80B5     		push	{r7, lr}
 1367              	.LCFI99:
 1368              		.cfi_def_cfa_offset 8
 1369              		.cfi_offset 7, -8
 1370              		.cfi_offset 14, -4
 1371 0002 84B0     		sub	sp, sp, #16
 1372              	.LCFI100:
 1373              		.cfi_def_cfa_offset 24
 1374 0004 00AF     		add	r7, sp, #0
 1375              	.LCFI101:
ARM GAS  C:\Users\HUAV\AppData\Local\Temp\cc8AyDdj.s 			page 41


 1376              		.cfi_def_cfa_register 7
 1377 0006 7860     		str	r0, [r7, #4]
 668:System/FreeRTOS/CMSIS_RTOS/cmsis_os.c ****   osStatus result = osOK;
 1378              		.loc 1 668 12
 1379 0008 0023     		movs	r3, #0
 1380 000a FB60     		str	r3, [r7, #12]
 669:System/FreeRTOS/CMSIS_RTOS/cmsis_os.c ****   portBASE_TYPE taskWoken = pdFALSE;
 1381              		.loc 1 669 17
 1382 000c 0023     		movs	r3, #0
 1383 000e BB60     		str	r3, [r7, #8]
 670:System/FreeRTOS/CMSIS_RTOS/cmsis_os.c ****   
 671:System/FreeRTOS/CMSIS_RTOS/cmsis_os.c ****   if (inHandlerMode()) {
 1384              		.loc 1 671 7
 1385 0010 FFF7FEFF 		bl	inHandlerMode
 1386 0014 0346     		mov	r3, r0
 1387              		.loc 1 671 6
 1388 0016 002B     		cmp	r3, #0
 1389 0018 16D0     		beq	.L80
 672:System/FreeRTOS/CMSIS_RTOS/cmsis_os.c ****     if (xSemaphoreGiveFromISR(mutex_id, &taskWoken) != pdTRUE) {
 1390              		.loc 1 672 9
 1391 001a 07F10803 		add	r3, r7, #8
 1392 001e 1946     		mov	r1, r3
 1393 0020 7868     		ldr	r0, [r7, #4]
 1394 0022 FFF7FEFF 		bl	xQueueGiveFromISR
 1395 0026 0346     		mov	r3, r0
 1396              		.loc 1 672 8
 1397 0028 012B     		cmp	r3, #1
 1398 002a 01D0     		beq	.L81
 673:System/FreeRTOS/CMSIS_RTOS/cmsis_os.c ****       return osErrorOS;
 1399              		.loc 1 673 14
 1400 002c FF23     		movs	r3, #255
 1401 002e 17E0     		b	.L84
 1402              	.L81:
 674:System/FreeRTOS/CMSIS_RTOS/cmsis_os.c ****     }
 675:System/FreeRTOS/CMSIS_RTOS/cmsis_os.c ****     portEND_SWITCHING_ISR(taskWoken);
 1403              		.loc 1 675 5
 1404 0030 BB68     		ldr	r3, [r7, #8]
 1405 0032 002B     		cmp	r3, #0
 1406 0034 13D0     		beq	.L83
 1407              		.loc 1 675 5 is_stmt 0 discriminator 1
 1408 0036 0C4B     		ldr	r3, .L85
 1409 0038 4FF08052 		mov	r2, #268435456
 1410 003c 1A60     		str	r2, [r3]
 1411              		.syntax unified
 1412              	@ 675 "System/FreeRTOS/CMSIS_RTOS/cmsis_os.c" 1
 1413 003e BFF34F8F 		dsb
 1414              	@ 0 "" 2
 1415              	@ 675 "System/FreeRTOS/CMSIS_RTOS/cmsis_os.c" 1
 1416 0042 BFF36F8F 		isb
 1417              	@ 0 "" 2
 1418              		.thumb
 1419              		.syntax unified
 1420 0046 0AE0     		b	.L83
 1421              	.L80:
 676:System/FreeRTOS/CMSIS_RTOS/cmsis_os.c ****   }
 677:System/FreeRTOS/CMSIS_RTOS/cmsis_os.c ****   else if (xSemaphoreGive(mutex_id) != pdTRUE) 
 1422              		.loc 1 677 12 is_stmt 1
ARM GAS  C:\Users\HUAV\AppData\Local\Temp\cc8AyDdj.s 			page 42


 1423 0048 0023     		movs	r3, #0
 1424 004a 0022     		movs	r2, #0
 1425 004c 0021     		movs	r1, #0
 1426 004e 7868     		ldr	r0, [r7, #4]
 1427 0050 FFF7FEFF 		bl	xQueueGenericSend
 1428 0054 0346     		mov	r3, r0
 1429              		.loc 1 677 11
 1430 0056 012B     		cmp	r3, #1
 1431 0058 01D0     		beq	.L83
 678:System/FreeRTOS/CMSIS_RTOS/cmsis_os.c ****   {
 679:System/FreeRTOS/CMSIS_RTOS/cmsis_os.c ****     result = osErrorOS;
 1432              		.loc 1 679 12
 1433 005a FF23     		movs	r3, #255
 1434 005c FB60     		str	r3, [r7, #12]
 1435              	.L83:
 680:System/FreeRTOS/CMSIS_RTOS/cmsis_os.c ****   }
 681:System/FreeRTOS/CMSIS_RTOS/cmsis_os.c ****   return result;
 1436              		.loc 1 681 10
 1437 005e FB68     		ldr	r3, [r7, #12]
 1438              	.L84:
 682:System/FreeRTOS/CMSIS_RTOS/cmsis_os.c **** }
 1439              		.loc 1 682 1 discriminator 1
 1440 0060 1846     		mov	r0, r3
 1441 0062 1037     		adds	r7, r7, #16
 1442              	.LCFI102:
 1443              		.cfi_def_cfa_offset 8
 1444 0064 BD46     		mov	sp, r7
 1445              	.LCFI103:
 1446              		.cfi_def_cfa_register 13
 1447              		@ sp needed
 1448 0066 80BD     		pop	{r7, pc}
 1449              	.L86:
 1450              		.align	2
 1451              	.L85:
 1452 0068 04ED00E0 		.word	-536810236
 1453              		.cfi_endproc
 1454              	.LFE130:
 1456              		.section	.text.osMutexDelete,"ax",%progbits
 1457              		.align	1
 1458              		.global	osMutexDelete
 1459              		.syntax unified
 1460              		.thumb
 1461              		.thumb_func
 1463              	osMutexDelete:
 1464              	.LFB131:
 683:System/FreeRTOS/CMSIS_RTOS/cmsis_os.c **** 
 684:System/FreeRTOS/CMSIS_RTOS/cmsis_os.c **** /**
 685:System/FreeRTOS/CMSIS_RTOS/cmsis_os.c **** * @brief Delete a Mutex
 686:System/FreeRTOS/CMSIS_RTOS/cmsis_os.c **** * @param mutex_id  mutex ID obtained by \ref osMutexCreate.
 687:System/FreeRTOS/CMSIS_RTOS/cmsis_os.c **** * @retval  status code that indicates the execution status of the function.
 688:System/FreeRTOS/CMSIS_RTOS/cmsis_os.c **** * @note   MUST REMAIN UNCHANGED: \b osMutexDelete shall be consistent in every CMSIS-RTOS.
 689:System/FreeRTOS/CMSIS_RTOS/cmsis_os.c **** */
 690:System/FreeRTOS/CMSIS_RTOS/cmsis_os.c **** osStatus osMutexDelete (osMutexId mutex_id)
 691:System/FreeRTOS/CMSIS_RTOS/cmsis_os.c **** {
 1465              		.loc 1 691 1
 1466              		.cfi_startproc
 1467              		@ args = 0, pretend = 0, frame = 8
ARM GAS  C:\Users\HUAV\AppData\Local\Temp\cc8AyDdj.s 			page 43


 1468              		@ frame_needed = 1, uses_anonymous_args = 0
 1469 0000 80B5     		push	{r7, lr}
 1470              	.LCFI104:
 1471              		.cfi_def_cfa_offset 8
 1472              		.cfi_offset 7, -8
 1473              		.cfi_offset 14, -4
 1474 0002 82B0     		sub	sp, sp, #8
 1475              	.LCFI105:
 1476              		.cfi_def_cfa_offset 16
 1477 0004 00AF     		add	r7, sp, #0
 1478              	.LCFI106:
 1479              		.cfi_def_cfa_register 7
 1480 0006 7860     		str	r0, [r7, #4]
 692:System/FreeRTOS/CMSIS_RTOS/cmsis_os.c ****   if (inHandlerMode()) {
 1481              		.loc 1 692 7
 1482 0008 FFF7FEFF 		bl	inHandlerMode
 1483 000c 0346     		mov	r3, r0
 1484              		.loc 1 692 6
 1485 000e 002B     		cmp	r3, #0
 1486 0010 01D0     		beq	.L88
 693:System/FreeRTOS/CMSIS_RTOS/cmsis_os.c ****     return osErrorISR;
 1487              		.loc 1 693 12
 1488 0012 8223     		movs	r3, #130
 1489 0014 03E0     		b	.L89
 1490              	.L88:
 694:System/FreeRTOS/CMSIS_RTOS/cmsis_os.c ****   }
 695:System/FreeRTOS/CMSIS_RTOS/cmsis_os.c **** 
 696:System/FreeRTOS/CMSIS_RTOS/cmsis_os.c ****   vQueueDelete(mutex_id);
 1491              		.loc 1 696 3
 1492 0016 7868     		ldr	r0, [r7, #4]
 1493 0018 FFF7FEFF 		bl	vQueueDelete
 697:System/FreeRTOS/CMSIS_RTOS/cmsis_os.c **** 
 698:System/FreeRTOS/CMSIS_RTOS/cmsis_os.c ****   return osOK;
 1494              		.loc 1 698 10
 1495 001c 0023     		movs	r3, #0
 1496              	.L89:
 699:System/FreeRTOS/CMSIS_RTOS/cmsis_os.c **** }
 1497              		.loc 1 699 1
 1498 001e 1846     		mov	r0, r3
 1499 0020 0837     		adds	r7, r7, #8
 1500              	.LCFI107:
 1501              		.cfi_def_cfa_offset 8
 1502 0022 BD46     		mov	sp, r7
 1503              	.LCFI108:
 1504              		.cfi_def_cfa_register 13
 1505              		@ sp needed
 1506 0024 80BD     		pop	{r7, pc}
 1507              		.cfi_endproc
 1508              	.LFE131:
 1510              		.section	.text.osSemaphoreCreate,"ax",%progbits
 1511              		.align	1
 1512              		.global	osSemaphoreCreate
 1513              		.syntax unified
 1514              		.thumb
 1515              		.thumb_func
 1517              	osSemaphoreCreate:
 1518              	.LFB132:
ARM GAS  C:\Users\HUAV\AppData\Local\Temp\cc8AyDdj.s 			page 44


 700:System/FreeRTOS/CMSIS_RTOS/cmsis_os.c **** 
 701:System/FreeRTOS/CMSIS_RTOS/cmsis_os.c **** /********************  Semaphore Management Functions **************************/
 702:System/FreeRTOS/CMSIS_RTOS/cmsis_os.c **** 
 703:System/FreeRTOS/CMSIS_RTOS/cmsis_os.c **** #if (defined (osFeature_Semaphore)  &&  (osFeature_Semaphore != 0))
 704:System/FreeRTOS/CMSIS_RTOS/cmsis_os.c **** 
 705:System/FreeRTOS/CMSIS_RTOS/cmsis_os.c **** /**
 706:System/FreeRTOS/CMSIS_RTOS/cmsis_os.c **** * @brief Create and Initialize a Semaphore object used for managing resources
 707:System/FreeRTOS/CMSIS_RTOS/cmsis_os.c **** * @param semaphore_def semaphore definition referenced with \ref osSemaphore.
 708:System/FreeRTOS/CMSIS_RTOS/cmsis_os.c **** * @param count         number of available resources.
 709:System/FreeRTOS/CMSIS_RTOS/cmsis_os.c **** * @retval  semaphore ID for reference by other functions or NULL in case of error.
 710:System/FreeRTOS/CMSIS_RTOS/cmsis_os.c **** * @note   MUST REMAIN UNCHANGED: \b osSemaphoreCreate shall be consistent in every CMSIS-RTOS.
 711:System/FreeRTOS/CMSIS_RTOS/cmsis_os.c **** */
 712:System/FreeRTOS/CMSIS_RTOS/cmsis_os.c **** osSemaphoreId osSemaphoreCreate (const osSemaphoreDef_t *semaphore_def, int32_t count)
 713:System/FreeRTOS/CMSIS_RTOS/cmsis_os.c **** { 
 1519              		.loc 1 713 1
 1520              		.cfi_startproc
 1521              		@ args = 0, pretend = 0, frame = 16
 1522              		@ frame_needed = 1, uses_anonymous_args = 0
 1523 0000 80B5     		push	{r7, lr}
 1524              	.LCFI109:
 1525              		.cfi_def_cfa_offset 8
 1526              		.cfi_offset 7, -8
 1527              		.cfi_offset 14, -4
 1528 0002 86B0     		sub	sp, sp, #24
 1529              	.LCFI110:
 1530              		.cfi_def_cfa_offset 32
 1531 0004 02AF     		add	r7, sp, #8
 1532              	.LCFI111:
 1533              		.cfi_def_cfa 7, 24
 1534 0006 7860     		str	r0, [r7, #4]
 1535 0008 3960     		str	r1, [r7]
 714:System/FreeRTOS/CMSIS_RTOS/cmsis_os.c **** #if( configSUPPORT_STATIC_ALLOCATION == 1 ) && ( configSUPPORT_DYNAMIC_ALLOCATION == 1 )
 715:System/FreeRTOS/CMSIS_RTOS/cmsis_os.c **** 
 716:System/FreeRTOS/CMSIS_RTOS/cmsis_os.c ****   osSemaphoreId sema;
 717:System/FreeRTOS/CMSIS_RTOS/cmsis_os.c ****   
 718:System/FreeRTOS/CMSIS_RTOS/cmsis_os.c ****   if (semaphore_def->controlblock != NULL){
 1536              		.loc 1 718 20
 1537 000a 7B68     		ldr	r3, [r7, #4]
 1538 000c 5B68     		ldr	r3, [r3, #4]
 1539              		.loc 1 718 6
 1540 000e 002B     		cmp	r3, #0
 1541 0010 16D0     		beq	.L91
 719:System/FreeRTOS/CMSIS_RTOS/cmsis_os.c ****     if (count == 1) {
 1542              		.loc 1 719 8
 1543 0012 3B68     		ldr	r3, [r7]
 1544 0014 012B     		cmp	r3, #1
 1545 0016 0AD1     		bne	.L92
 720:System/FreeRTOS/CMSIS_RTOS/cmsis_os.c ****       return xSemaphoreCreateBinaryStatic( semaphore_def->controlblock );
 1546              		.loc 1 720 14
 1547 0018 7B68     		ldr	r3, [r7, #4]
 1548 001a 5B68     		ldr	r3, [r3, #4]
 1549 001c 0322     		movs	r2, #3
 1550 001e 0092     		str	r2, [sp]
 1551 0020 0022     		movs	r2, #0
 1552 0022 0021     		movs	r1, #0
 1553 0024 0120     		movs	r0, #1
 1554 0026 FFF7FEFF 		bl	xQueueGenericCreateStatic
ARM GAS  C:\Users\HUAV\AppData\Local\Temp\cc8AyDdj.s 			page 45


 1555 002a 0346     		mov	r3, r0
 1556 002c 23E0     		b	.L93
 1557              	.L92:
 721:System/FreeRTOS/CMSIS_RTOS/cmsis_os.c ****     }
 722:System/FreeRTOS/CMSIS_RTOS/cmsis_os.c ****     else {
 723:System/FreeRTOS/CMSIS_RTOS/cmsis_os.c **** #if (configUSE_COUNTING_SEMAPHORES == 1 )
 724:System/FreeRTOS/CMSIS_RTOS/cmsis_os.c ****       return xSemaphoreCreateCountingStatic( count, count, semaphore_def->controlblock );
 1558              		.loc 1 724 14
 1559 002e 3868     		ldr	r0, [r7]
 1560 0030 3968     		ldr	r1, [r7]
 1561 0032 7B68     		ldr	r3, [r7, #4]
 1562 0034 5B68     		ldr	r3, [r3, #4]
 1563 0036 1A46     		mov	r2, r3
 1564 0038 FFF7FEFF 		bl	xQueueCreateCountingSemaphoreStatic
 1565 003c 0346     		mov	r3, r0
 1566 003e 1AE0     		b	.L93
 1567              	.L91:
 725:System/FreeRTOS/CMSIS_RTOS/cmsis_os.c **** #else
 726:System/FreeRTOS/CMSIS_RTOS/cmsis_os.c ****       return NULL;
 727:System/FreeRTOS/CMSIS_RTOS/cmsis_os.c **** #endif
 728:System/FreeRTOS/CMSIS_RTOS/cmsis_os.c ****     }
 729:System/FreeRTOS/CMSIS_RTOS/cmsis_os.c ****   }
 730:System/FreeRTOS/CMSIS_RTOS/cmsis_os.c ****   else {
 731:System/FreeRTOS/CMSIS_RTOS/cmsis_os.c ****     if (count == 1) {
 1568              		.loc 1 731 8
 1569 0040 3B68     		ldr	r3, [r7]
 1570 0042 012B     		cmp	r3, #1
 1571 0044 10D1     		bne	.L94
 732:System/FreeRTOS/CMSIS_RTOS/cmsis_os.c ****       vSemaphoreCreateBinary(sema);
 1572              		.loc 1 732 7
 1573 0046 0322     		movs	r2, #3
 1574 0048 0021     		movs	r1, #0
 1575 004a 0120     		movs	r0, #1
 1576 004c FFF7FEFF 		bl	xQueueGenericCreate
 1577 0050 F860     		str	r0, [r7, #12]
 1578 0052 FB68     		ldr	r3, [r7, #12]
 1579 0054 002B     		cmp	r3, #0
 1580 0056 05D0     		beq	.L95
 1581              		.loc 1 732 7 is_stmt 0 discriminator 1
 1582 0058 0023     		movs	r3, #0
 1583 005a 0022     		movs	r2, #0
 1584 005c 0021     		movs	r1, #0
 1585 005e F868     		ldr	r0, [r7, #12]
 1586 0060 FFF7FEFF 		bl	xQueueGenericSend
 1587              	.L95:
 733:System/FreeRTOS/CMSIS_RTOS/cmsis_os.c ****       return sema;
 1588              		.loc 1 733 14 is_stmt 1
 1589 0064 FB68     		ldr	r3, [r7, #12]
 1590 0066 06E0     		b	.L93
 1591              	.L94:
 734:System/FreeRTOS/CMSIS_RTOS/cmsis_os.c ****     }
 735:System/FreeRTOS/CMSIS_RTOS/cmsis_os.c ****     else {
 736:System/FreeRTOS/CMSIS_RTOS/cmsis_os.c **** #if (configUSE_COUNTING_SEMAPHORES == 1 )	
 737:System/FreeRTOS/CMSIS_RTOS/cmsis_os.c ****       return xSemaphoreCreateCounting(count, count);
 1592              		.loc 1 737 14
 1593 0068 3B68     		ldr	r3, [r7]
 1594 006a 3A68     		ldr	r2, [r7]
ARM GAS  C:\Users\HUAV\AppData\Local\Temp\cc8AyDdj.s 			page 46


 1595 006c 1146     		mov	r1, r2
 1596 006e 1846     		mov	r0, r3
 1597 0070 FFF7FEFF 		bl	xQueueCreateCountingSemaphore
 1598 0074 0346     		mov	r3, r0
 1599              	.L93:
 738:System/FreeRTOS/CMSIS_RTOS/cmsis_os.c **** #else
 739:System/FreeRTOS/CMSIS_RTOS/cmsis_os.c ****       return NULL;
 740:System/FreeRTOS/CMSIS_RTOS/cmsis_os.c **** #endif    
 741:System/FreeRTOS/CMSIS_RTOS/cmsis_os.c ****     }
 742:System/FreeRTOS/CMSIS_RTOS/cmsis_os.c ****   }
 743:System/FreeRTOS/CMSIS_RTOS/cmsis_os.c **** #elif ( configSUPPORT_STATIC_ALLOCATION == 1 ) // configSUPPORT_DYNAMIC_ALLOCATION == 0
 744:System/FreeRTOS/CMSIS_RTOS/cmsis_os.c ****   if(count == 1) {
 745:System/FreeRTOS/CMSIS_RTOS/cmsis_os.c ****     return xSemaphoreCreateBinaryStatic( semaphore_def->controlblock );
 746:System/FreeRTOS/CMSIS_RTOS/cmsis_os.c ****   }
 747:System/FreeRTOS/CMSIS_RTOS/cmsis_os.c ****   else
 748:System/FreeRTOS/CMSIS_RTOS/cmsis_os.c ****   {
 749:System/FreeRTOS/CMSIS_RTOS/cmsis_os.c **** #if (configUSE_COUNTING_SEMAPHORES == 1 )
 750:System/FreeRTOS/CMSIS_RTOS/cmsis_os.c ****       return xSemaphoreCreateCountingStatic( count, count, semaphore_def->controlblock );
 751:System/FreeRTOS/CMSIS_RTOS/cmsis_os.c **** #else
 752:System/FreeRTOS/CMSIS_RTOS/cmsis_os.c ****       return NULL;
 753:System/FreeRTOS/CMSIS_RTOS/cmsis_os.c **** #endif    
 754:System/FreeRTOS/CMSIS_RTOS/cmsis_os.c ****   }
 755:System/FreeRTOS/CMSIS_RTOS/cmsis_os.c **** #else  // configSUPPORT_STATIC_ALLOCATION == 0  && configSUPPORT_DYNAMIC_ALLOCATION == 1
 756:System/FreeRTOS/CMSIS_RTOS/cmsis_os.c ****   osSemaphoreId sema;
 757:System/FreeRTOS/CMSIS_RTOS/cmsis_os.c ****  
 758:System/FreeRTOS/CMSIS_RTOS/cmsis_os.c ****   if (count == 1) {
 759:System/FreeRTOS/CMSIS_RTOS/cmsis_os.c ****     vSemaphoreCreateBinary(sema);
 760:System/FreeRTOS/CMSIS_RTOS/cmsis_os.c ****     return sema;
 761:System/FreeRTOS/CMSIS_RTOS/cmsis_os.c ****   }
 762:System/FreeRTOS/CMSIS_RTOS/cmsis_os.c ****   else {
 763:System/FreeRTOS/CMSIS_RTOS/cmsis_os.c **** #if (configUSE_COUNTING_SEMAPHORES == 1 )	
 764:System/FreeRTOS/CMSIS_RTOS/cmsis_os.c ****     return xSemaphoreCreateCounting(count, count);
 765:System/FreeRTOS/CMSIS_RTOS/cmsis_os.c **** #else
 766:System/FreeRTOS/CMSIS_RTOS/cmsis_os.c ****     return NULL;
 767:System/FreeRTOS/CMSIS_RTOS/cmsis_os.c **** #endif
 768:System/FreeRTOS/CMSIS_RTOS/cmsis_os.c ****   }
 769:System/FreeRTOS/CMSIS_RTOS/cmsis_os.c **** #endif
 770:System/FreeRTOS/CMSIS_RTOS/cmsis_os.c **** }
 1600              		.loc 1 770 1
 1601 0076 1846     		mov	r0, r3
 1602 0078 1037     		adds	r7, r7, #16
 1603              	.LCFI112:
 1604              		.cfi_def_cfa_offset 8
 1605 007a BD46     		mov	sp, r7
 1606              	.LCFI113:
 1607              		.cfi_def_cfa_register 13
 1608              		@ sp needed
 1609 007c 80BD     		pop	{r7, pc}
 1610              		.cfi_endproc
 1611              	.LFE132:
 1613              		.section	.text.osSemaphoreWait,"ax",%progbits
 1614              		.align	1
 1615              		.global	osSemaphoreWait
 1616              		.syntax unified
 1617              		.thumb
 1618              		.thumb_func
 1620              	osSemaphoreWait:
ARM GAS  C:\Users\HUAV\AppData\Local\Temp\cc8AyDdj.s 			page 47


 1621              	.LFB133:
 771:System/FreeRTOS/CMSIS_RTOS/cmsis_os.c **** 
 772:System/FreeRTOS/CMSIS_RTOS/cmsis_os.c **** /**
 773:System/FreeRTOS/CMSIS_RTOS/cmsis_os.c **** * @brief Wait until a Semaphore token becomes available
 774:System/FreeRTOS/CMSIS_RTOS/cmsis_os.c **** * @param  semaphore_id  semaphore object referenced with \ref osSemaphore.
 775:System/FreeRTOS/CMSIS_RTOS/cmsis_os.c **** * @param  millisec      timeout value or 0 in case of no time-out.
 776:System/FreeRTOS/CMSIS_RTOS/cmsis_os.c **** * @retval  number of available tokens, or -1 in case of incorrect parameters.
 777:System/FreeRTOS/CMSIS_RTOS/cmsis_os.c **** * @note   MUST REMAIN UNCHANGED: \b osSemaphoreWait shall be consistent in every CMSIS-RTOS.
 778:System/FreeRTOS/CMSIS_RTOS/cmsis_os.c **** */
 779:System/FreeRTOS/CMSIS_RTOS/cmsis_os.c **** int32_t osSemaphoreWait (osSemaphoreId semaphore_id, uint32_t millisec)
 780:System/FreeRTOS/CMSIS_RTOS/cmsis_os.c **** {
 1622              		.loc 1 780 1
 1623              		.cfi_startproc
 1624              		@ args = 0, pretend = 0, frame = 16
 1625              		@ frame_needed = 1, uses_anonymous_args = 0
 1626 0000 80B5     		push	{r7, lr}
 1627              	.LCFI114:
 1628              		.cfi_def_cfa_offset 8
 1629              		.cfi_offset 7, -8
 1630              		.cfi_offset 14, -4
 1631 0002 84B0     		sub	sp, sp, #16
 1632              	.LCFI115:
 1633              		.cfi_def_cfa_offset 24
 1634 0004 00AF     		add	r7, sp, #0
 1635              	.LCFI116:
 1636              		.cfi_def_cfa_register 7
 1637 0006 7860     		str	r0, [r7, #4]
 1638 0008 3960     		str	r1, [r7]
 781:System/FreeRTOS/CMSIS_RTOS/cmsis_os.c ****   TickType_t ticks;
 782:System/FreeRTOS/CMSIS_RTOS/cmsis_os.c ****   portBASE_TYPE taskWoken = pdFALSE;  
 1639              		.loc 1 782 17
 1640 000a 0023     		movs	r3, #0
 1641 000c BB60     		str	r3, [r7, #8]
 783:System/FreeRTOS/CMSIS_RTOS/cmsis_os.c ****   
 784:System/FreeRTOS/CMSIS_RTOS/cmsis_os.c ****   
 785:System/FreeRTOS/CMSIS_RTOS/cmsis_os.c ****   if (semaphore_id == NULL) {
 1642              		.loc 1 785 6
 1643 000e 7B68     		ldr	r3, [r7, #4]
 1644 0010 002B     		cmp	r3, #0
 1645 0012 01D1     		bne	.L97
 786:System/FreeRTOS/CMSIS_RTOS/cmsis_os.c ****     return osErrorParameter;
 1646              		.loc 1 786 12
 1647 0014 8023     		movs	r3, #128
 1648 0016 3AE0     		b	.L104
 1649              	.L97:
 787:System/FreeRTOS/CMSIS_RTOS/cmsis_os.c ****   }
 788:System/FreeRTOS/CMSIS_RTOS/cmsis_os.c ****   
 789:System/FreeRTOS/CMSIS_RTOS/cmsis_os.c ****   ticks = 0;
 1650              		.loc 1 789 9
 1651 0018 0023     		movs	r3, #0
 1652 001a FB60     		str	r3, [r7, #12]
 790:System/FreeRTOS/CMSIS_RTOS/cmsis_os.c ****   if (millisec == osWaitForever) {
 1653              		.loc 1 790 6
 1654 001c 3B68     		ldr	r3, [r7]
 1655 001e B3F1FF3F 		cmp	r3, #-1
 1656 0022 03D1     		bne	.L99
 791:System/FreeRTOS/CMSIS_RTOS/cmsis_os.c ****     ticks = portMAX_DELAY;
ARM GAS  C:\Users\HUAV\AppData\Local\Temp\cc8AyDdj.s 			page 48


 1657              		.loc 1 791 11
 1658 0024 4FF0FF33 		mov	r3, #-1
 1659 0028 FB60     		str	r3, [r7, #12]
 1660 002a 09E0     		b	.L100
 1661              	.L99:
 792:System/FreeRTOS/CMSIS_RTOS/cmsis_os.c ****   }
 793:System/FreeRTOS/CMSIS_RTOS/cmsis_os.c ****   else if (millisec != 0) {
 1662              		.loc 1 793 11
 1663 002c 3B68     		ldr	r3, [r7]
 1664 002e 002B     		cmp	r3, #0
 1665 0030 06D0     		beq	.L100
 794:System/FreeRTOS/CMSIS_RTOS/cmsis_os.c ****     ticks = millisec / portTICK_PERIOD_MS;
 1666              		.loc 1 794 11
 1667 0032 3B68     		ldr	r3, [r7]
 1668 0034 FB60     		str	r3, [r7, #12]
 795:System/FreeRTOS/CMSIS_RTOS/cmsis_os.c ****     if (ticks == 0) {
 1669              		.loc 1 795 8
 1670 0036 FB68     		ldr	r3, [r7, #12]
 1671 0038 002B     		cmp	r3, #0
 1672 003a 01D1     		bne	.L100
 796:System/FreeRTOS/CMSIS_RTOS/cmsis_os.c ****       ticks = 1;
 1673              		.loc 1 796 13
 1674 003c 0123     		movs	r3, #1
 1675 003e FB60     		str	r3, [r7, #12]
 1676              	.L100:
 797:System/FreeRTOS/CMSIS_RTOS/cmsis_os.c ****     }
 798:System/FreeRTOS/CMSIS_RTOS/cmsis_os.c ****   }
 799:System/FreeRTOS/CMSIS_RTOS/cmsis_os.c ****   
 800:System/FreeRTOS/CMSIS_RTOS/cmsis_os.c ****   if (inHandlerMode()) {
 1677              		.loc 1 800 7
 1678 0040 FFF7FEFF 		bl	inHandlerMode
 1679 0044 0346     		mov	r3, r0
 1680              		.loc 1 800 6
 1681 0046 002B     		cmp	r3, #0
 1682 0048 17D0     		beq	.L101
 801:System/FreeRTOS/CMSIS_RTOS/cmsis_os.c ****     if (xSemaphoreTakeFromISR(semaphore_id, &taskWoken) != pdTRUE) {
 1683              		.loc 1 801 9
 1684 004a 07F10803 		add	r3, r7, #8
 1685 004e 1A46     		mov	r2, r3
 1686 0050 0021     		movs	r1, #0
 1687 0052 7868     		ldr	r0, [r7, #4]
 1688 0054 FFF7FEFF 		bl	xQueueReceiveFromISR
 1689 0058 0346     		mov	r3, r0
 1690              		.loc 1 801 8
 1691 005a 012B     		cmp	r3, #1
 1692 005c 01D0     		beq	.L102
 802:System/FreeRTOS/CMSIS_RTOS/cmsis_os.c ****       return osErrorOS;
 1693              		.loc 1 802 14
 1694 005e FF23     		movs	r3, #255
 1695 0060 15E0     		b	.L104
 1696              	.L102:
 803:System/FreeRTOS/CMSIS_RTOS/cmsis_os.c ****     }
 804:System/FreeRTOS/CMSIS_RTOS/cmsis_os.c **** 	portEND_SWITCHING_ISR(taskWoken);
 1697              		.loc 1 804 2
 1698 0062 BB68     		ldr	r3, [r7, #8]
 1699 0064 002B     		cmp	r3, #0
 1700 0066 11D0     		beq	.L103
ARM GAS  C:\Users\HUAV\AppData\Local\Temp\cc8AyDdj.s 			page 49


 1701              		.loc 1 804 2 is_stmt 0 discriminator 1
 1702 0068 0B4B     		ldr	r3, .L105
 1703 006a 4FF08052 		mov	r2, #268435456
 1704 006e 1A60     		str	r2, [r3]
 1705              		.syntax unified
 1706              	@ 804 "System/FreeRTOS/CMSIS_RTOS/cmsis_os.c" 1
 1707 0070 BFF34F8F 		dsb
 1708              	@ 0 "" 2
 1709              	@ 804 "System/FreeRTOS/CMSIS_RTOS/cmsis_os.c" 1
 1710 0074 BFF36F8F 		isb
 1711              	@ 0 "" 2
 1712              		.thumb
 1713              		.syntax unified
 1714 0078 08E0     		b	.L103
 1715              	.L101:
 805:System/FreeRTOS/CMSIS_RTOS/cmsis_os.c ****   }  
 806:System/FreeRTOS/CMSIS_RTOS/cmsis_os.c ****   else if (xSemaphoreTake(semaphore_id, ticks) != pdTRUE) {
 1716              		.loc 1 806 12 is_stmt 1
 1717 007a F968     		ldr	r1, [r7, #12]
 1718 007c 7868     		ldr	r0, [r7, #4]
 1719 007e FFF7FEFF 		bl	xQueueSemaphoreTake
 1720 0082 0346     		mov	r3, r0
 1721              		.loc 1 806 11
 1722 0084 012B     		cmp	r3, #1
 1723 0086 01D0     		beq	.L103
 807:System/FreeRTOS/CMSIS_RTOS/cmsis_os.c ****     return osErrorOS;
 1724              		.loc 1 807 12
 1725 0088 FF23     		movs	r3, #255
 1726 008a 00E0     		b	.L104
 1727              	.L103:
 808:System/FreeRTOS/CMSIS_RTOS/cmsis_os.c ****   }
 809:System/FreeRTOS/CMSIS_RTOS/cmsis_os.c ****   
 810:System/FreeRTOS/CMSIS_RTOS/cmsis_os.c ****   return osOK;
 1728              		.loc 1 810 10
 1729 008c 0023     		movs	r3, #0
 1730              	.L104:
 811:System/FreeRTOS/CMSIS_RTOS/cmsis_os.c **** }
 1731              		.loc 1 811 1 discriminator 1
 1732 008e 1846     		mov	r0, r3
 1733 0090 1037     		adds	r7, r7, #16
 1734              	.LCFI117:
 1735              		.cfi_def_cfa_offset 8
 1736 0092 BD46     		mov	sp, r7
 1737              	.LCFI118:
 1738              		.cfi_def_cfa_register 13
 1739              		@ sp needed
 1740 0094 80BD     		pop	{r7, pc}
 1741              	.L106:
 1742 0096 00BF     		.align	2
 1743              	.L105:
 1744 0098 04ED00E0 		.word	-536810236
 1745              		.cfi_endproc
 1746              	.LFE133:
 1748              		.section	.text.osSemaphoreRelease,"ax",%progbits
 1749              		.align	1
 1750              		.global	osSemaphoreRelease
 1751              		.syntax unified
ARM GAS  C:\Users\HUAV\AppData\Local\Temp\cc8AyDdj.s 			page 50


 1752              		.thumb
 1753              		.thumb_func
 1755              	osSemaphoreRelease:
 1756              	.LFB134:
 812:System/FreeRTOS/CMSIS_RTOS/cmsis_os.c **** 
 813:System/FreeRTOS/CMSIS_RTOS/cmsis_os.c **** /**
 814:System/FreeRTOS/CMSIS_RTOS/cmsis_os.c **** * @brief Release a Semaphore token
 815:System/FreeRTOS/CMSIS_RTOS/cmsis_os.c **** * @param  semaphore_id  semaphore object referenced with \ref osSemaphore.
 816:System/FreeRTOS/CMSIS_RTOS/cmsis_os.c **** * @retval  status code that indicates the execution status of the function.
 817:System/FreeRTOS/CMSIS_RTOS/cmsis_os.c **** * @note   MUST REMAIN UNCHANGED: \b osSemaphoreRelease shall be consistent in every CMSIS-RTOS.
 818:System/FreeRTOS/CMSIS_RTOS/cmsis_os.c **** */
 819:System/FreeRTOS/CMSIS_RTOS/cmsis_os.c **** osStatus osSemaphoreRelease (osSemaphoreId semaphore_id)
 820:System/FreeRTOS/CMSIS_RTOS/cmsis_os.c **** {
 1757              		.loc 1 820 1
 1758              		.cfi_startproc
 1759              		@ args = 0, pretend = 0, frame = 16
 1760              		@ frame_needed = 1, uses_anonymous_args = 0
 1761 0000 80B5     		push	{r7, lr}
 1762              	.LCFI119:
 1763              		.cfi_def_cfa_offset 8
 1764              		.cfi_offset 7, -8
 1765              		.cfi_offset 14, -4
 1766 0002 84B0     		sub	sp, sp, #16
 1767              	.LCFI120:
 1768              		.cfi_def_cfa_offset 24
 1769 0004 00AF     		add	r7, sp, #0
 1770              	.LCFI121:
 1771              		.cfi_def_cfa_register 7
 1772 0006 7860     		str	r0, [r7, #4]
 821:System/FreeRTOS/CMSIS_RTOS/cmsis_os.c ****   osStatus result = osOK;
 1773              		.loc 1 821 12
 1774 0008 0023     		movs	r3, #0
 1775 000a FB60     		str	r3, [r7, #12]
 822:System/FreeRTOS/CMSIS_RTOS/cmsis_os.c ****   portBASE_TYPE taskWoken = pdFALSE;
 1776              		.loc 1 822 17
 1777 000c 0023     		movs	r3, #0
 1778 000e BB60     		str	r3, [r7, #8]
 823:System/FreeRTOS/CMSIS_RTOS/cmsis_os.c ****   
 824:System/FreeRTOS/CMSIS_RTOS/cmsis_os.c ****   
 825:System/FreeRTOS/CMSIS_RTOS/cmsis_os.c ****   if (inHandlerMode()) {
 1779              		.loc 1 825 7
 1780 0010 FFF7FEFF 		bl	inHandlerMode
 1781 0014 0346     		mov	r3, r0
 1782              		.loc 1 825 6
 1783 0016 002B     		cmp	r3, #0
 1784 0018 16D0     		beq	.L108
 826:System/FreeRTOS/CMSIS_RTOS/cmsis_os.c ****     if (xSemaphoreGiveFromISR(semaphore_id, &taskWoken) != pdTRUE) {
 1785              		.loc 1 826 9
 1786 001a 07F10803 		add	r3, r7, #8
 1787 001e 1946     		mov	r1, r3
 1788 0020 7868     		ldr	r0, [r7, #4]
 1789 0022 FFF7FEFF 		bl	xQueueGiveFromISR
 1790 0026 0346     		mov	r3, r0
 1791              		.loc 1 826 8
 1792 0028 012B     		cmp	r3, #1
 1793 002a 01D0     		beq	.L109
 827:System/FreeRTOS/CMSIS_RTOS/cmsis_os.c ****       return osErrorOS;
ARM GAS  C:\Users\HUAV\AppData\Local\Temp\cc8AyDdj.s 			page 51


 1794              		.loc 1 827 14
 1795 002c FF23     		movs	r3, #255
 1796 002e 17E0     		b	.L112
 1797              	.L109:
 828:System/FreeRTOS/CMSIS_RTOS/cmsis_os.c ****     }
 829:System/FreeRTOS/CMSIS_RTOS/cmsis_os.c ****     portEND_SWITCHING_ISR(taskWoken);
 1798              		.loc 1 829 5
 1799 0030 BB68     		ldr	r3, [r7, #8]
 1800 0032 002B     		cmp	r3, #0
 1801 0034 13D0     		beq	.L111
 1802              		.loc 1 829 5 is_stmt 0 discriminator 1
 1803 0036 0C4B     		ldr	r3, .L113
 1804 0038 4FF08052 		mov	r2, #268435456
 1805 003c 1A60     		str	r2, [r3]
 1806              		.syntax unified
 1807              	@ 829 "System/FreeRTOS/CMSIS_RTOS/cmsis_os.c" 1
 1808 003e BFF34F8F 		dsb
 1809              	@ 0 "" 2
 1810              	@ 829 "System/FreeRTOS/CMSIS_RTOS/cmsis_os.c" 1
 1811 0042 BFF36F8F 		isb
 1812              	@ 0 "" 2
 1813              		.thumb
 1814              		.syntax unified
 1815 0046 0AE0     		b	.L111
 1816              	.L108:
 830:System/FreeRTOS/CMSIS_RTOS/cmsis_os.c ****   }
 831:System/FreeRTOS/CMSIS_RTOS/cmsis_os.c ****   else {
 832:System/FreeRTOS/CMSIS_RTOS/cmsis_os.c ****     if (xSemaphoreGive(semaphore_id) != pdTRUE) {
 1817              		.loc 1 832 9 is_stmt 1
 1818 0048 0023     		movs	r3, #0
 1819 004a 0022     		movs	r2, #0
 1820 004c 0021     		movs	r1, #0
 1821 004e 7868     		ldr	r0, [r7, #4]
 1822 0050 FFF7FEFF 		bl	xQueueGenericSend
 1823 0054 0346     		mov	r3, r0
 1824              		.loc 1 832 8
 1825 0056 012B     		cmp	r3, #1
 1826 0058 01D0     		beq	.L111
 833:System/FreeRTOS/CMSIS_RTOS/cmsis_os.c ****       result = osErrorOS;
 1827              		.loc 1 833 14
 1828 005a FF23     		movs	r3, #255
 1829 005c FB60     		str	r3, [r7, #12]
 1830              	.L111:
 834:System/FreeRTOS/CMSIS_RTOS/cmsis_os.c ****     }
 835:System/FreeRTOS/CMSIS_RTOS/cmsis_os.c ****   }
 836:System/FreeRTOS/CMSIS_RTOS/cmsis_os.c ****   
 837:System/FreeRTOS/CMSIS_RTOS/cmsis_os.c ****   return result;
 1831              		.loc 1 837 10
 1832 005e FB68     		ldr	r3, [r7, #12]
 1833              	.L112:
 838:System/FreeRTOS/CMSIS_RTOS/cmsis_os.c **** }
 1834              		.loc 1 838 1 discriminator 1
 1835 0060 1846     		mov	r0, r3
 1836 0062 1037     		adds	r7, r7, #16
 1837              	.LCFI122:
 1838              		.cfi_def_cfa_offset 8
 1839 0064 BD46     		mov	sp, r7
ARM GAS  C:\Users\HUAV\AppData\Local\Temp\cc8AyDdj.s 			page 52


 1840              	.LCFI123:
 1841              		.cfi_def_cfa_register 13
 1842              		@ sp needed
 1843 0066 80BD     		pop	{r7, pc}
 1844              	.L114:
 1845              		.align	2
 1846              	.L113:
 1847 0068 04ED00E0 		.word	-536810236
 1848              		.cfi_endproc
 1849              	.LFE134:
 1851              		.section	.text.osSemaphoreDelete,"ax",%progbits
 1852              		.align	1
 1853              		.global	osSemaphoreDelete
 1854              		.syntax unified
 1855              		.thumb
 1856              		.thumb_func
 1858              	osSemaphoreDelete:
 1859              	.LFB135:
 839:System/FreeRTOS/CMSIS_RTOS/cmsis_os.c **** 
 840:System/FreeRTOS/CMSIS_RTOS/cmsis_os.c **** /**
 841:System/FreeRTOS/CMSIS_RTOS/cmsis_os.c **** * @brief Delete a Semaphore
 842:System/FreeRTOS/CMSIS_RTOS/cmsis_os.c **** * @param  semaphore_id  semaphore object referenced with \ref osSemaphore.
 843:System/FreeRTOS/CMSIS_RTOS/cmsis_os.c **** * @retval  status code that indicates the execution status of the function.
 844:System/FreeRTOS/CMSIS_RTOS/cmsis_os.c **** * @note   MUST REMAIN UNCHANGED: \b osSemaphoreDelete shall be consistent in every CMSIS-RTOS.
 845:System/FreeRTOS/CMSIS_RTOS/cmsis_os.c **** */
 846:System/FreeRTOS/CMSIS_RTOS/cmsis_os.c **** osStatus osSemaphoreDelete (osSemaphoreId semaphore_id)
 847:System/FreeRTOS/CMSIS_RTOS/cmsis_os.c **** {
 1860              		.loc 1 847 1
 1861              		.cfi_startproc
 1862              		@ args = 0, pretend = 0, frame = 8
 1863              		@ frame_needed = 1, uses_anonymous_args = 0
 1864 0000 80B5     		push	{r7, lr}
 1865              	.LCFI124:
 1866              		.cfi_def_cfa_offset 8
 1867              		.cfi_offset 7, -8
 1868              		.cfi_offset 14, -4
 1869 0002 82B0     		sub	sp, sp, #8
 1870              	.LCFI125:
 1871              		.cfi_def_cfa_offset 16
 1872 0004 00AF     		add	r7, sp, #0
 1873              	.LCFI126:
 1874              		.cfi_def_cfa_register 7
 1875 0006 7860     		str	r0, [r7, #4]
 848:System/FreeRTOS/CMSIS_RTOS/cmsis_os.c ****   if (inHandlerMode()) {
 1876              		.loc 1 848 7
 1877 0008 FFF7FEFF 		bl	inHandlerMode
 1878 000c 0346     		mov	r3, r0
 1879              		.loc 1 848 6
 1880 000e 002B     		cmp	r3, #0
 1881 0010 01D0     		beq	.L116
 849:System/FreeRTOS/CMSIS_RTOS/cmsis_os.c ****     return osErrorISR;
 1882              		.loc 1 849 12
 1883 0012 8223     		movs	r3, #130
 1884 0014 03E0     		b	.L117
 1885              	.L116:
 850:System/FreeRTOS/CMSIS_RTOS/cmsis_os.c ****   }
 851:System/FreeRTOS/CMSIS_RTOS/cmsis_os.c **** 
ARM GAS  C:\Users\HUAV\AppData\Local\Temp\cc8AyDdj.s 			page 53


 852:System/FreeRTOS/CMSIS_RTOS/cmsis_os.c ****   vSemaphoreDelete(semaphore_id);
 1886              		.loc 1 852 3
 1887 0016 7868     		ldr	r0, [r7, #4]
 1888 0018 FFF7FEFF 		bl	vQueueDelete
 853:System/FreeRTOS/CMSIS_RTOS/cmsis_os.c **** 
 854:System/FreeRTOS/CMSIS_RTOS/cmsis_os.c ****   return osOK; 
 1889              		.loc 1 854 10
 1890 001c 0023     		movs	r3, #0
 1891              	.L117:
 855:System/FreeRTOS/CMSIS_RTOS/cmsis_os.c **** }
 1892              		.loc 1 855 1
 1893 001e 1846     		mov	r0, r3
 1894 0020 0837     		adds	r7, r7, #8
 1895              	.LCFI127:
 1896              		.cfi_def_cfa_offset 8
 1897 0022 BD46     		mov	sp, r7
 1898              	.LCFI128:
 1899              		.cfi_def_cfa_register 13
 1900              		@ sp needed
 1901 0024 80BD     		pop	{r7, pc}
 1902              		.cfi_endproc
 1903              	.LFE135:
 1905              		.section	.text.osPoolCreate,"ax",%progbits
 1906              		.align	1
 1907              		.global	osPoolCreate
 1908              		.syntax unified
 1909              		.thumb
 1910              		.thumb_func
 1912              	osPoolCreate:
 1913              	.LFB136:
 856:System/FreeRTOS/CMSIS_RTOS/cmsis_os.c **** 
 857:System/FreeRTOS/CMSIS_RTOS/cmsis_os.c **** #endif    /* Use Semaphores */
 858:System/FreeRTOS/CMSIS_RTOS/cmsis_os.c **** 
 859:System/FreeRTOS/CMSIS_RTOS/cmsis_os.c **** /*******************   Memory Pool Management Functions  ***********************/
 860:System/FreeRTOS/CMSIS_RTOS/cmsis_os.c **** 
 861:System/FreeRTOS/CMSIS_RTOS/cmsis_os.c **** #if (defined (osFeature_Pool)  &&  (osFeature_Pool != 0)) 
 862:System/FreeRTOS/CMSIS_RTOS/cmsis_os.c **** 
 863:System/FreeRTOS/CMSIS_RTOS/cmsis_os.c **** //TODO
 864:System/FreeRTOS/CMSIS_RTOS/cmsis_os.c **** //This is a primitive and inefficient wrapper around the existing FreeRTOS memory management.
 865:System/FreeRTOS/CMSIS_RTOS/cmsis_os.c **** //A better implementation will have to modify heap_x.c!
 866:System/FreeRTOS/CMSIS_RTOS/cmsis_os.c **** 
 867:System/FreeRTOS/CMSIS_RTOS/cmsis_os.c **** 
 868:System/FreeRTOS/CMSIS_RTOS/cmsis_os.c **** typedef struct os_pool_cb {
 869:System/FreeRTOS/CMSIS_RTOS/cmsis_os.c ****   void *pool;
 870:System/FreeRTOS/CMSIS_RTOS/cmsis_os.c ****   uint8_t *markers;
 871:System/FreeRTOS/CMSIS_RTOS/cmsis_os.c ****   uint32_t pool_sz;
 872:System/FreeRTOS/CMSIS_RTOS/cmsis_os.c ****   uint32_t item_sz;
 873:System/FreeRTOS/CMSIS_RTOS/cmsis_os.c ****   uint32_t currentIndex;
 874:System/FreeRTOS/CMSIS_RTOS/cmsis_os.c **** } os_pool_cb_t;
 875:System/FreeRTOS/CMSIS_RTOS/cmsis_os.c **** 
 876:System/FreeRTOS/CMSIS_RTOS/cmsis_os.c **** 
 877:System/FreeRTOS/CMSIS_RTOS/cmsis_os.c **** /**
 878:System/FreeRTOS/CMSIS_RTOS/cmsis_os.c **** * @brief Create and Initialize a memory pool
 879:System/FreeRTOS/CMSIS_RTOS/cmsis_os.c **** * @param  pool_def      memory pool definition referenced with \ref osPool.
 880:System/FreeRTOS/CMSIS_RTOS/cmsis_os.c **** * @retval  memory pool ID for reference by other functions or NULL in case of error.
 881:System/FreeRTOS/CMSIS_RTOS/cmsis_os.c **** * @note   MUST REMAIN UNCHANGED: \b osPoolCreate shall be consistent in every CMSIS-RTOS.
 882:System/FreeRTOS/CMSIS_RTOS/cmsis_os.c **** */
ARM GAS  C:\Users\HUAV\AppData\Local\Temp\cc8AyDdj.s 			page 54


 883:System/FreeRTOS/CMSIS_RTOS/cmsis_os.c **** osPoolId osPoolCreate (const osPoolDef_t *pool_def)
 884:System/FreeRTOS/CMSIS_RTOS/cmsis_os.c **** {
 1914              		.loc 1 884 1
 1915              		.cfi_startproc
 1916              		@ args = 0, pretend = 0, frame = 24
 1917              		@ frame_needed = 1, uses_anonymous_args = 0
 1918 0000 80B5     		push	{r7, lr}
 1919              	.LCFI129:
 1920              		.cfi_def_cfa_offset 8
 1921              		.cfi_offset 7, -8
 1922              		.cfi_offset 14, -4
 1923 0002 86B0     		sub	sp, sp, #24
 1924              	.LCFI130:
 1925              		.cfi_def_cfa_offset 32
 1926 0004 00AF     		add	r7, sp, #0
 1927              	.LCFI131:
 1928              		.cfi_def_cfa_register 7
 1929 0006 7860     		str	r0, [r7, #4]
 885:System/FreeRTOS/CMSIS_RTOS/cmsis_os.c **** #if (configSUPPORT_DYNAMIC_ALLOCATION == 1)
 886:System/FreeRTOS/CMSIS_RTOS/cmsis_os.c ****   osPoolId thePool;
 887:System/FreeRTOS/CMSIS_RTOS/cmsis_os.c ****   int itemSize = 4 * ((pool_def->item_sz + 3) / 4);
 1930              		.loc 1 887 32
 1931 0008 7B68     		ldr	r3, [r7, #4]
 1932 000a 5B68     		ldr	r3, [r3, #4]
 1933              		.loc 1 887 42
 1934 000c 0333     		adds	r3, r3, #3
 1935              		.loc 1 887 7
 1936 000e 23F00303 		bic	r3, r3, #3
 1937 0012 FB60     		str	r3, [r7, #12]
 888:System/FreeRTOS/CMSIS_RTOS/cmsis_os.c ****   uint32_t i;
 889:System/FreeRTOS/CMSIS_RTOS/cmsis_os.c ****   
 890:System/FreeRTOS/CMSIS_RTOS/cmsis_os.c ****   /* First have to allocate memory for the pool control block. */
 891:System/FreeRTOS/CMSIS_RTOS/cmsis_os.c ****  thePool = pvPortMalloc(sizeof(os_pool_cb_t));
 1938              		.loc 1 891 12
 1939 0014 1420     		movs	r0, #20
 1940 0016 FFF7FEFF 		bl	pvPortMalloc
 1941 001a 7861     		str	r0, [r7, #20]
 892:System/FreeRTOS/CMSIS_RTOS/cmsis_os.c **** 
 893:System/FreeRTOS/CMSIS_RTOS/cmsis_os.c ****   
 894:System/FreeRTOS/CMSIS_RTOS/cmsis_os.c ****   if (thePool) {
 1942              		.loc 1 894 6
 1943 001c 7B69     		ldr	r3, [r7, #20]
 1944 001e 002B     		cmp	r3, #0
 1945 0020 46D0     		beq	.L119
 895:System/FreeRTOS/CMSIS_RTOS/cmsis_os.c ****     thePool->pool_sz = pool_def->pool_sz;
 1946              		.loc 1 895 32
 1947 0022 7B68     		ldr	r3, [r7, #4]
 1948 0024 1A68     		ldr	r2, [r3]
 1949              		.loc 1 895 22
 1950 0026 7B69     		ldr	r3, [r7, #20]
 1951 0028 9A60     		str	r2, [r3, #8]
 896:System/FreeRTOS/CMSIS_RTOS/cmsis_os.c ****     thePool->item_sz = itemSize;
 1952              		.loc 1 896 22
 1953 002a FA68     		ldr	r2, [r7, #12]
 1954 002c 7B69     		ldr	r3, [r7, #20]
 1955 002e DA60     		str	r2, [r3, #12]
 897:System/FreeRTOS/CMSIS_RTOS/cmsis_os.c ****     thePool->currentIndex = 0;
ARM GAS  C:\Users\HUAV\AppData\Local\Temp\cc8AyDdj.s 			page 55


 1956              		.loc 1 897 27
 1957 0030 7B69     		ldr	r3, [r7, #20]
 1958 0032 0022     		movs	r2, #0
 1959 0034 1A61     		str	r2, [r3, #16]
 898:System/FreeRTOS/CMSIS_RTOS/cmsis_os.c ****     
 899:System/FreeRTOS/CMSIS_RTOS/cmsis_os.c ****     /* Memory for markers */
 900:System/FreeRTOS/CMSIS_RTOS/cmsis_os.c ****     thePool->markers = pvPortMalloc(pool_def->pool_sz);
 1960              		.loc 1 900 45
 1961 0036 7B68     		ldr	r3, [r7, #4]
 1962 0038 1B68     		ldr	r3, [r3]
 1963              		.loc 1 900 24
 1964 003a 1846     		mov	r0, r3
 1965 003c FFF7FEFF 		bl	pvPortMalloc
 1966 0040 0246     		mov	r2, r0
 1967              		.loc 1 900 22
 1968 0042 7B69     		ldr	r3, [r7, #20]
 1969 0044 5A60     		str	r2, [r3, #4]
 901:System/FreeRTOS/CMSIS_RTOS/cmsis_os.c ****    
 902:System/FreeRTOS/CMSIS_RTOS/cmsis_os.c ****     if (thePool->markers) {
 1970              		.loc 1 902 16
 1971 0046 7B69     		ldr	r3, [r7, #20]
 1972 0048 5B68     		ldr	r3, [r3, #4]
 1973              		.loc 1 902 8
 1974 004a 002B     		cmp	r3, #0
 1975 004c 2BD0     		beq	.L120
 903:System/FreeRTOS/CMSIS_RTOS/cmsis_os.c ****       /* Now allocate the pool itself. */
 904:System/FreeRTOS/CMSIS_RTOS/cmsis_os.c ****      thePool->pool = pvPortMalloc(pool_def->pool_sz * itemSize);
 1976              		.loc 1 904 43
 1977 004e 7B68     		ldr	r3, [r7, #4]
 1978 0050 1B68     		ldr	r3, [r3]
 1979              		.loc 1 904 22
 1980 0052 FA68     		ldr	r2, [r7, #12]
 1981              		.loc 1 904 53
 1982 0054 02FB03F3 		mul	r3, r2, r3
 1983              		.loc 1 904 22
 1984 0058 1846     		mov	r0, r3
 1985 005a FFF7FEFF 		bl	pvPortMalloc
 1986 005e 0246     		mov	r2, r0
 1987              		.loc 1 904 20
 1988 0060 7B69     		ldr	r3, [r7, #20]
 1989 0062 1A60     		str	r2, [r3]
 905:System/FreeRTOS/CMSIS_RTOS/cmsis_os.c ****       
 906:System/FreeRTOS/CMSIS_RTOS/cmsis_os.c ****       if (thePool->pool) {
 1990              		.loc 1 906 18
 1991 0064 7B69     		ldr	r3, [r7, #20]
 1992 0066 1B68     		ldr	r3, [r3]
 1993              		.loc 1 906 10
 1994 0068 002B     		cmp	r3, #0
 1995 006a 11D0     		beq	.L121
 907:System/FreeRTOS/CMSIS_RTOS/cmsis_os.c ****         for (i = 0; i < pool_def->pool_sz; i++) {
 1996              		.loc 1 907 16
 1997 006c 0023     		movs	r3, #0
 1998 006e 3B61     		str	r3, [r7, #16]
 1999              		.loc 1 907 9
 2000 0070 08E0     		b	.L122
 2001              	.L123:
 908:System/FreeRTOS/CMSIS_RTOS/cmsis_os.c ****           thePool->markers[i] = 0;
ARM GAS  C:\Users\HUAV\AppData\Local\Temp\cc8AyDdj.s 			page 56


 2002              		.loc 1 908 18 discriminator 3
 2003 0072 7B69     		ldr	r3, [r7, #20]
 2004 0074 5A68     		ldr	r2, [r3, #4]
 2005              		.loc 1 908 27 discriminator 3
 2006 0076 3B69     		ldr	r3, [r7, #16]
 2007 0078 1344     		add	r3, r3, r2
 2008              		.loc 1 908 31 discriminator 3
 2009 007a 0022     		movs	r2, #0
 2010 007c 1A70     		strb	r2, [r3]
 907:System/FreeRTOS/CMSIS_RTOS/cmsis_os.c ****         for (i = 0; i < pool_def->pool_sz; i++) {
 2011              		.loc 1 907 45 discriminator 3
 2012 007e 3B69     		ldr	r3, [r7, #16]
 2013 0080 0133     		adds	r3, r3, #1
 2014 0082 3B61     		str	r3, [r7, #16]
 2015              	.L122:
 907:System/FreeRTOS/CMSIS_RTOS/cmsis_os.c ****         for (i = 0; i < pool_def->pool_sz; i++) {
 2016              		.loc 1 907 33 discriminator 1
 2017 0084 7B68     		ldr	r3, [r7, #4]
 2018 0086 1B68     		ldr	r3, [r3]
 907:System/FreeRTOS/CMSIS_RTOS/cmsis_os.c ****         for (i = 0; i < pool_def->pool_sz; i++) {
 2019              		.loc 1 907 9 discriminator 1
 2020 0088 3A69     		ldr	r2, [r7, #16]
 2021 008a 9A42     		cmp	r2, r3
 2022 008c F1D3     		bcc	.L123
 2023 008e 0FE0     		b	.L119
 2024              	.L121:
 909:System/FreeRTOS/CMSIS_RTOS/cmsis_os.c ****         }
 910:System/FreeRTOS/CMSIS_RTOS/cmsis_os.c ****       }
 911:System/FreeRTOS/CMSIS_RTOS/cmsis_os.c ****       else {
 912:System/FreeRTOS/CMSIS_RTOS/cmsis_os.c ****         vPortFree(thePool->markers);
 2025              		.loc 1 912 26
 2026 0090 7B69     		ldr	r3, [r7, #20]
 2027 0092 5B68     		ldr	r3, [r3, #4]
 2028              		.loc 1 912 9
 2029 0094 1846     		mov	r0, r3
 2030 0096 FFF7FEFF 		bl	vPortFree
 913:System/FreeRTOS/CMSIS_RTOS/cmsis_os.c ****         vPortFree(thePool);
 2031              		.loc 1 913 9
 2032 009a 7869     		ldr	r0, [r7, #20]
 2033 009c FFF7FEFF 		bl	vPortFree
 914:System/FreeRTOS/CMSIS_RTOS/cmsis_os.c ****         thePool = NULL;
 2034              		.loc 1 914 17
 2035 00a0 0023     		movs	r3, #0
 2036 00a2 7B61     		str	r3, [r7, #20]
 2037 00a4 04E0     		b	.L119
 2038              	.L120:
 915:System/FreeRTOS/CMSIS_RTOS/cmsis_os.c ****       }
 916:System/FreeRTOS/CMSIS_RTOS/cmsis_os.c ****     }
 917:System/FreeRTOS/CMSIS_RTOS/cmsis_os.c ****     else {
 918:System/FreeRTOS/CMSIS_RTOS/cmsis_os.c ****       vPortFree(thePool);
 2039              		.loc 1 918 7
 2040 00a6 7869     		ldr	r0, [r7, #20]
 2041 00a8 FFF7FEFF 		bl	vPortFree
 919:System/FreeRTOS/CMSIS_RTOS/cmsis_os.c ****       thePool = NULL;
 2042              		.loc 1 919 15
 2043 00ac 0023     		movs	r3, #0
 2044 00ae 7B61     		str	r3, [r7, #20]
ARM GAS  C:\Users\HUAV\AppData\Local\Temp\cc8AyDdj.s 			page 57


 2045              	.L119:
 920:System/FreeRTOS/CMSIS_RTOS/cmsis_os.c ****     }
 921:System/FreeRTOS/CMSIS_RTOS/cmsis_os.c ****   }
 922:System/FreeRTOS/CMSIS_RTOS/cmsis_os.c **** 
 923:System/FreeRTOS/CMSIS_RTOS/cmsis_os.c ****   return thePool;
 2046              		.loc 1 923 10
 2047 00b0 7B69     		ldr	r3, [r7, #20]
 924:System/FreeRTOS/CMSIS_RTOS/cmsis_os.c ****  
 925:System/FreeRTOS/CMSIS_RTOS/cmsis_os.c **** #else
 926:System/FreeRTOS/CMSIS_RTOS/cmsis_os.c ****   return NULL;
 927:System/FreeRTOS/CMSIS_RTOS/cmsis_os.c **** #endif
 928:System/FreeRTOS/CMSIS_RTOS/cmsis_os.c **** }
 2048              		.loc 1 928 1
 2049 00b2 1846     		mov	r0, r3
 2050 00b4 1837     		adds	r7, r7, #24
 2051              	.LCFI132:
 2052              		.cfi_def_cfa_offset 8
 2053 00b6 BD46     		mov	sp, r7
 2054              	.LCFI133:
 2055              		.cfi_def_cfa_register 13
 2056              		@ sp needed
 2057 00b8 80BD     		pop	{r7, pc}
 2058              		.cfi_endproc
 2059              	.LFE136:
 2061              		.section	.text.osPoolAlloc,"ax",%progbits
 2062              		.align	1
 2063              		.global	osPoolAlloc
 2064              		.syntax unified
 2065              		.thumb
 2066              		.thumb_func
 2068              	osPoolAlloc:
 2069              	.LFB137:
 929:System/FreeRTOS/CMSIS_RTOS/cmsis_os.c **** 
 930:System/FreeRTOS/CMSIS_RTOS/cmsis_os.c **** /**
 931:System/FreeRTOS/CMSIS_RTOS/cmsis_os.c **** * @brief Allocate a memory block from a memory pool
 932:System/FreeRTOS/CMSIS_RTOS/cmsis_os.c **** * @param pool_id       memory pool ID obtain referenced with \ref osPoolCreate.
 933:System/FreeRTOS/CMSIS_RTOS/cmsis_os.c **** * @retval  address of the allocated memory block or NULL in case of no memory available.
 934:System/FreeRTOS/CMSIS_RTOS/cmsis_os.c **** * @note   MUST REMAIN UNCHANGED: \b osPoolAlloc shall be consistent in every CMSIS-RTOS.
 935:System/FreeRTOS/CMSIS_RTOS/cmsis_os.c **** */
 936:System/FreeRTOS/CMSIS_RTOS/cmsis_os.c **** void *osPoolAlloc (osPoolId pool_id)
 937:System/FreeRTOS/CMSIS_RTOS/cmsis_os.c **** {
 2070              		.loc 1 937 1
 2071              		.cfi_startproc
 2072              		@ args = 0, pretend = 0, frame = 40
 2073              		@ frame_needed = 1, uses_anonymous_args = 0
 2074 0000 80B5     		push	{r7, lr}
 2075              	.LCFI134:
 2076              		.cfi_def_cfa_offset 8
 2077              		.cfi_offset 7, -8
 2078              		.cfi_offset 14, -4
 2079 0002 8AB0     		sub	sp, sp, #40
 2080              	.LCFI135:
 2081              		.cfi_def_cfa_offset 48
 2082 0004 00AF     		add	r7, sp, #0
 2083              	.LCFI136:
 2084              		.cfi_def_cfa_register 7
 2085 0006 7860     		str	r0, [r7, #4]
ARM GAS  C:\Users\HUAV\AppData\Local\Temp\cc8AyDdj.s 			page 58


 938:System/FreeRTOS/CMSIS_RTOS/cmsis_os.c ****   int dummy = 0;
 2086              		.loc 1 938 7
 2087 0008 0023     		movs	r3, #0
 2088 000a 7B62     		str	r3, [r7, #36]
 939:System/FreeRTOS/CMSIS_RTOS/cmsis_os.c ****   void *p = NULL;
 2089              		.loc 1 939 9
 2090 000c 0023     		movs	r3, #0
 2091 000e 3B62     		str	r3, [r7, #32]
 940:System/FreeRTOS/CMSIS_RTOS/cmsis_os.c ****   uint32_t i;
 941:System/FreeRTOS/CMSIS_RTOS/cmsis_os.c ****   uint32_t index;
 942:System/FreeRTOS/CMSIS_RTOS/cmsis_os.c ****   
 943:System/FreeRTOS/CMSIS_RTOS/cmsis_os.c ****   if (inHandlerMode()) {
 2092              		.loc 1 943 7
 2093 0010 FFF7FEFF 		bl	inHandlerMode
 2094 0014 0346     		mov	r3, r0
 2095              		.loc 1 943 6
 2096 0016 002B     		cmp	r3, #0
 2097 0018 0ED0     		beq	.L126
 2098              	.LBB10:
 2099              	.LBB11:
 2100              		.file 3 "System/FreeRTOS/portable/GCC/ARM_CM4F/portmacro.h"
   1:System/FreeRTOS/portable/GCC/ARM_CM4F/portmacro.h **** /*
   2:System/FreeRTOS/portable/GCC/ARM_CM4F/portmacro.h ****  * FreeRTOS Kernel V10.3.1
   3:System/FreeRTOS/portable/GCC/ARM_CM4F/portmacro.h ****  * Copyright (C) 2020 Amazon.com, Inc. or its affiliates.  All Rights Reserved.
   4:System/FreeRTOS/portable/GCC/ARM_CM4F/portmacro.h ****  *
   5:System/FreeRTOS/portable/GCC/ARM_CM4F/portmacro.h ****  * Permission is hereby granted, free of charge, to any person obtaining a copy of
   6:System/FreeRTOS/portable/GCC/ARM_CM4F/portmacro.h ****  * this software and associated documentation files (the "Software"), to deal in
   7:System/FreeRTOS/portable/GCC/ARM_CM4F/portmacro.h ****  * the Software without restriction, including without limitation the rights to
   8:System/FreeRTOS/portable/GCC/ARM_CM4F/portmacro.h ****  * use, copy, modify, merge, publish, distribute, sublicense, and/or sell copies of
   9:System/FreeRTOS/portable/GCC/ARM_CM4F/portmacro.h ****  * the Software, and to permit persons to whom the Software is furnished to do so,
  10:System/FreeRTOS/portable/GCC/ARM_CM4F/portmacro.h ****  * subject to the following conditions:
  11:System/FreeRTOS/portable/GCC/ARM_CM4F/portmacro.h ****  *
  12:System/FreeRTOS/portable/GCC/ARM_CM4F/portmacro.h ****  * The above copyright notice and this permission notice shall be included in all
  13:System/FreeRTOS/portable/GCC/ARM_CM4F/portmacro.h ****  * copies or substantial portions of the Software.
  14:System/FreeRTOS/portable/GCC/ARM_CM4F/portmacro.h ****  *
  15:System/FreeRTOS/portable/GCC/ARM_CM4F/portmacro.h ****  * THE SOFTWARE IS PROVIDED "AS IS", WITHOUT WARRANTY OF ANY KIND, EXPRESS OR
  16:System/FreeRTOS/portable/GCC/ARM_CM4F/portmacro.h ****  * IMPLIED, INCLUDING BUT NOT LIMITED TO THE WARRANTIES OF MERCHANTABILITY, FITNESS
  17:System/FreeRTOS/portable/GCC/ARM_CM4F/portmacro.h ****  * FOR A PARTICULAR PURPOSE AND NONINFRINGEMENT. IN NO EVENT SHALL THE AUTHORS OR
  18:System/FreeRTOS/portable/GCC/ARM_CM4F/portmacro.h ****  * COPYRIGHT HOLDERS BE LIABLE FOR ANY CLAIM, DAMAGES OR OTHER LIABILITY, WHETHER
  19:System/FreeRTOS/portable/GCC/ARM_CM4F/portmacro.h ****  * IN AN ACTION OF CONTRACT, TORT OR OTHERWISE, ARISING FROM, OUT OF OR IN
  20:System/FreeRTOS/portable/GCC/ARM_CM4F/portmacro.h ****  * CONNECTION WITH THE SOFTWARE OR THE USE OR OTHER DEALINGS IN THE SOFTWARE.
  21:System/FreeRTOS/portable/GCC/ARM_CM4F/portmacro.h ****  *
  22:System/FreeRTOS/portable/GCC/ARM_CM4F/portmacro.h ****  * http://www.FreeRTOS.org
  23:System/FreeRTOS/portable/GCC/ARM_CM4F/portmacro.h ****  * http://aws.amazon.com/freertos
  24:System/FreeRTOS/portable/GCC/ARM_CM4F/portmacro.h ****  *
  25:System/FreeRTOS/portable/GCC/ARM_CM4F/portmacro.h ****  * 1 tab == 4 spaces!
  26:System/FreeRTOS/portable/GCC/ARM_CM4F/portmacro.h ****  */
  27:System/FreeRTOS/portable/GCC/ARM_CM4F/portmacro.h **** 
  28:System/FreeRTOS/portable/GCC/ARM_CM4F/portmacro.h **** 
  29:System/FreeRTOS/portable/GCC/ARM_CM4F/portmacro.h **** #ifndef PORTMACRO_H
  30:System/FreeRTOS/portable/GCC/ARM_CM4F/portmacro.h **** #define PORTMACRO_H
  31:System/FreeRTOS/portable/GCC/ARM_CM4F/portmacro.h **** 
  32:System/FreeRTOS/portable/GCC/ARM_CM4F/portmacro.h **** #ifdef __cplusplus
  33:System/FreeRTOS/portable/GCC/ARM_CM4F/portmacro.h **** extern "C" {
  34:System/FreeRTOS/portable/GCC/ARM_CM4F/portmacro.h **** #endif
  35:System/FreeRTOS/portable/GCC/ARM_CM4F/portmacro.h **** 
  36:System/FreeRTOS/portable/GCC/ARM_CM4F/portmacro.h **** /*-----------------------------------------------------------
ARM GAS  C:\Users\HUAV\AppData\Local\Temp\cc8AyDdj.s 			page 59


  37:System/FreeRTOS/portable/GCC/ARM_CM4F/portmacro.h ****  * Port specific definitions.
  38:System/FreeRTOS/portable/GCC/ARM_CM4F/portmacro.h ****  *
  39:System/FreeRTOS/portable/GCC/ARM_CM4F/portmacro.h ****  * The settings in this file configure FreeRTOS correctly for the
  40:System/FreeRTOS/portable/GCC/ARM_CM4F/portmacro.h ****  * given hardware and compiler.
  41:System/FreeRTOS/portable/GCC/ARM_CM4F/portmacro.h ****  *
  42:System/FreeRTOS/portable/GCC/ARM_CM4F/portmacro.h ****  * These settings should not be altered.
  43:System/FreeRTOS/portable/GCC/ARM_CM4F/portmacro.h ****  *-----------------------------------------------------------
  44:System/FreeRTOS/portable/GCC/ARM_CM4F/portmacro.h ****  */
  45:System/FreeRTOS/portable/GCC/ARM_CM4F/portmacro.h **** 
  46:System/FreeRTOS/portable/GCC/ARM_CM4F/portmacro.h **** /* Type definitions. */
  47:System/FreeRTOS/portable/GCC/ARM_CM4F/portmacro.h **** #define portCHAR		char
  48:System/FreeRTOS/portable/GCC/ARM_CM4F/portmacro.h **** #define portFLOAT		float
  49:System/FreeRTOS/portable/GCC/ARM_CM4F/portmacro.h **** #define portDOUBLE		double
  50:System/FreeRTOS/portable/GCC/ARM_CM4F/portmacro.h **** #define portLONG		long
  51:System/FreeRTOS/portable/GCC/ARM_CM4F/portmacro.h **** #define portSHORT		short
  52:System/FreeRTOS/portable/GCC/ARM_CM4F/portmacro.h **** #define portSTACK_TYPE	uint32_t
  53:System/FreeRTOS/portable/GCC/ARM_CM4F/portmacro.h **** #define portBASE_TYPE	long
  54:System/FreeRTOS/portable/GCC/ARM_CM4F/portmacro.h **** 
  55:System/FreeRTOS/portable/GCC/ARM_CM4F/portmacro.h **** typedef portSTACK_TYPE StackType_t;
  56:System/FreeRTOS/portable/GCC/ARM_CM4F/portmacro.h **** typedef long BaseType_t;
  57:System/FreeRTOS/portable/GCC/ARM_CM4F/portmacro.h **** typedef unsigned long UBaseType_t;
  58:System/FreeRTOS/portable/GCC/ARM_CM4F/portmacro.h **** 
  59:System/FreeRTOS/portable/GCC/ARM_CM4F/portmacro.h **** #if( configUSE_16_BIT_TICKS == 1 )
  60:System/FreeRTOS/portable/GCC/ARM_CM4F/portmacro.h **** 	typedef uint16_t TickType_t;
  61:System/FreeRTOS/portable/GCC/ARM_CM4F/portmacro.h **** 	#define portMAX_DELAY ( TickType_t ) 0xffff
  62:System/FreeRTOS/portable/GCC/ARM_CM4F/portmacro.h **** #else
  63:System/FreeRTOS/portable/GCC/ARM_CM4F/portmacro.h **** 	typedef uint32_t TickType_t;
  64:System/FreeRTOS/portable/GCC/ARM_CM4F/portmacro.h **** 	#define portMAX_DELAY ( TickType_t ) 0xffffffffUL
  65:System/FreeRTOS/portable/GCC/ARM_CM4F/portmacro.h **** 
  66:System/FreeRTOS/portable/GCC/ARM_CM4F/portmacro.h **** 	/* 32-bit tick type on a 32-bit architecture, so reads of the tick count do
  67:System/FreeRTOS/portable/GCC/ARM_CM4F/portmacro.h **** 	not need to be guarded with a critical section. */
  68:System/FreeRTOS/portable/GCC/ARM_CM4F/portmacro.h **** 	#define portTICK_TYPE_IS_ATOMIC 1
  69:System/FreeRTOS/portable/GCC/ARM_CM4F/portmacro.h **** #endif
  70:System/FreeRTOS/portable/GCC/ARM_CM4F/portmacro.h **** /*-----------------------------------------------------------*/
  71:System/FreeRTOS/portable/GCC/ARM_CM4F/portmacro.h **** 
  72:System/FreeRTOS/portable/GCC/ARM_CM4F/portmacro.h **** /* Architecture specifics. */
  73:System/FreeRTOS/portable/GCC/ARM_CM4F/portmacro.h **** #define portSTACK_GROWTH			( -1 )
  74:System/FreeRTOS/portable/GCC/ARM_CM4F/portmacro.h **** #define portTICK_PERIOD_MS			( ( TickType_t ) 1000 / configTICK_RATE_HZ )
  75:System/FreeRTOS/portable/GCC/ARM_CM4F/portmacro.h **** #define portBYTE_ALIGNMENT			8
  76:System/FreeRTOS/portable/GCC/ARM_CM4F/portmacro.h **** /*-----------------------------------------------------------*/
  77:System/FreeRTOS/portable/GCC/ARM_CM4F/portmacro.h **** 
  78:System/FreeRTOS/portable/GCC/ARM_CM4F/portmacro.h **** /* Scheduler utilities. */
  79:System/FreeRTOS/portable/GCC/ARM_CM4F/portmacro.h **** #define portYIELD() 															\
  80:System/FreeRTOS/portable/GCC/ARM_CM4F/portmacro.h **** {																				\
  81:System/FreeRTOS/portable/GCC/ARM_CM4F/portmacro.h **** 	/* Set a PendSV to request a context switch. */								\
  82:System/FreeRTOS/portable/GCC/ARM_CM4F/portmacro.h **** 	portNVIC_INT_CTRL_REG = portNVIC_PENDSVSET_BIT;								\
  83:System/FreeRTOS/portable/GCC/ARM_CM4F/portmacro.h **** 																				\
  84:System/FreeRTOS/portable/GCC/ARM_CM4F/portmacro.h **** 	/* Barriers are normally not required but do ensure the code is completely	\
  85:System/FreeRTOS/portable/GCC/ARM_CM4F/portmacro.h **** 	within the specified behaviour for the architecture. */						\
  86:System/FreeRTOS/portable/GCC/ARM_CM4F/portmacro.h **** 	__asm volatile( "dsb" ::: "memory" );										\
  87:System/FreeRTOS/portable/GCC/ARM_CM4F/portmacro.h **** 	__asm volatile( "isb" );													\
  88:System/FreeRTOS/portable/GCC/ARM_CM4F/portmacro.h **** }
  89:System/FreeRTOS/portable/GCC/ARM_CM4F/portmacro.h **** 
  90:System/FreeRTOS/portable/GCC/ARM_CM4F/portmacro.h **** #define portNVIC_INT_CTRL_REG		( * ( ( volatile uint32_t * ) 0xe000ed04 ) )
  91:System/FreeRTOS/portable/GCC/ARM_CM4F/portmacro.h **** #define portNVIC_PENDSVSET_BIT		( 1UL << 28UL )
  92:System/FreeRTOS/portable/GCC/ARM_CM4F/portmacro.h **** #define portEND_SWITCHING_ISR( xSwitchRequired ) if( xSwitchRequired != pdFALSE ) portYIELD()
  93:System/FreeRTOS/portable/GCC/ARM_CM4F/portmacro.h **** #define portYIELD_FROM_ISR( x ) portEND_SWITCHING_ISR( x )
ARM GAS  C:\Users\HUAV\AppData\Local\Temp\cc8AyDdj.s 			page 60


  94:System/FreeRTOS/portable/GCC/ARM_CM4F/portmacro.h **** /*-----------------------------------------------------------*/
  95:System/FreeRTOS/portable/GCC/ARM_CM4F/portmacro.h **** 
  96:System/FreeRTOS/portable/GCC/ARM_CM4F/portmacro.h **** /* Critical section management. */
  97:System/FreeRTOS/portable/GCC/ARM_CM4F/portmacro.h **** extern void vPortEnterCritical( void );
  98:System/FreeRTOS/portable/GCC/ARM_CM4F/portmacro.h **** extern void vPortExitCritical( void );
  99:System/FreeRTOS/portable/GCC/ARM_CM4F/portmacro.h **** #define portSET_INTERRUPT_MASK_FROM_ISR()		ulPortRaiseBASEPRI()
 100:System/FreeRTOS/portable/GCC/ARM_CM4F/portmacro.h **** #define portCLEAR_INTERRUPT_MASK_FROM_ISR(x)	vPortSetBASEPRI(x)
 101:System/FreeRTOS/portable/GCC/ARM_CM4F/portmacro.h **** #define portDISABLE_INTERRUPTS()				vPortRaiseBASEPRI()
 102:System/FreeRTOS/portable/GCC/ARM_CM4F/portmacro.h **** #define portENABLE_INTERRUPTS()					vPortSetBASEPRI(0)
 103:System/FreeRTOS/portable/GCC/ARM_CM4F/portmacro.h **** #define portENTER_CRITICAL()					vPortEnterCritical()
 104:System/FreeRTOS/portable/GCC/ARM_CM4F/portmacro.h **** #define portEXIT_CRITICAL()						vPortExitCritical()
 105:System/FreeRTOS/portable/GCC/ARM_CM4F/portmacro.h **** 
 106:System/FreeRTOS/portable/GCC/ARM_CM4F/portmacro.h **** /*-----------------------------------------------------------*/
 107:System/FreeRTOS/portable/GCC/ARM_CM4F/portmacro.h **** 
 108:System/FreeRTOS/portable/GCC/ARM_CM4F/portmacro.h **** /* Task function macros as described on the FreeRTOS.org WEB site.  These are
 109:System/FreeRTOS/portable/GCC/ARM_CM4F/portmacro.h **** not necessary for to use this port.  They are defined so the common demo files
 110:System/FreeRTOS/portable/GCC/ARM_CM4F/portmacro.h **** (which build with all the ports) will build. */
 111:System/FreeRTOS/portable/GCC/ARM_CM4F/portmacro.h **** #define portTASK_FUNCTION_PROTO( vFunction, pvParameters ) void vFunction( void *pvParameters )
 112:System/FreeRTOS/portable/GCC/ARM_CM4F/portmacro.h **** #define portTASK_FUNCTION( vFunction, pvParameters ) void vFunction( void *pvParameters )
 113:System/FreeRTOS/portable/GCC/ARM_CM4F/portmacro.h **** /*-----------------------------------------------------------*/
 114:System/FreeRTOS/portable/GCC/ARM_CM4F/portmacro.h **** 
 115:System/FreeRTOS/portable/GCC/ARM_CM4F/portmacro.h **** /* Tickless idle/low power functionality. */
 116:System/FreeRTOS/portable/GCC/ARM_CM4F/portmacro.h **** #ifndef portSUPPRESS_TICKS_AND_SLEEP
 117:System/FreeRTOS/portable/GCC/ARM_CM4F/portmacro.h **** 	extern void vPortSuppressTicksAndSleep( TickType_t xExpectedIdleTime );
 118:System/FreeRTOS/portable/GCC/ARM_CM4F/portmacro.h **** 	#define portSUPPRESS_TICKS_AND_SLEEP( xExpectedIdleTime ) vPortSuppressTicksAndSleep( xExpectedIdl
 119:System/FreeRTOS/portable/GCC/ARM_CM4F/portmacro.h **** #endif
 120:System/FreeRTOS/portable/GCC/ARM_CM4F/portmacro.h **** /*-----------------------------------------------------------*/
 121:System/FreeRTOS/portable/GCC/ARM_CM4F/portmacro.h **** 
 122:System/FreeRTOS/portable/GCC/ARM_CM4F/portmacro.h **** /* Architecture specific optimisations. */
 123:System/FreeRTOS/portable/GCC/ARM_CM4F/portmacro.h **** #ifndef configUSE_PORT_OPTIMISED_TASK_SELECTION
 124:System/FreeRTOS/portable/GCC/ARM_CM4F/portmacro.h **** 	#define configUSE_PORT_OPTIMISED_TASK_SELECTION 1
 125:System/FreeRTOS/portable/GCC/ARM_CM4F/portmacro.h **** #endif
 126:System/FreeRTOS/portable/GCC/ARM_CM4F/portmacro.h **** 
 127:System/FreeRTOS/portable/GCC/ARM_CM4F/portmacro.h **** #if configUSE_PORT_OPTIMISED_TASK_SELECTION == 1
 128:System/FreeRTOS/portable/GCC/ARM_CM4F/portmacro.h **** 
 129:System/FreeRTOS/portable/GCC/ARM_CM4F/portmacro.h **** 	/* Generic helper function. */
 130:System/FreeRTOS/portable/GCC/ARM_CM4F/portmacro.h **** 	__attribute__( ( always_inline ) ) static inline uint8_t ucPortCountLeadingZeros( uint32_t ulBitma
 131:System/FreeRTOS/portable/GCC/ARM_CM4F/portmacro.h **** 	{
 132:System/FreeRTOS/portable/GCC/ARM_CM4F/portmacro.h **** 	uint8_t ucReturn;
 133:System/FreeRTOS/portable/GCC/ARM_CM4F/portmacro.h **** 
 134:System/FreeRTOS/portable/GCC/ARM_CM4F/portmacro.h **** 		__asm volatile ( "clz %0, %1" : "=r" ( ucReturn ) : "r" ( ulBitmap ) : "memory" );
 135:System/FreeRTOS/portable/GCC/ARM_CM4F/portmacro.h **** 		return ucReturn;
 136:System/FreeRTOS/portable/GCC/ARM_CM4F/portmacro.h **** 	}
 137:System/FreeRTOS/portable/GCC/ARM_CM4F/portmacro.h **** 
 138:System/FreeRTOS/portable/GCC/ARM_CM4F/portmacro.h **** 	/* Check the configuration. */
 139:System/FreeRTOS/portable/GCC/ARM_CM4F/portmacro.h **** 	#if( configMAX_PRIORITIES > 32 )
 140:System/FreeRTOS/portable/GCC/ARM_CM4F/portmacro.h **** 		#error configUSE_PORT_OPTIMISED_TASK_SELECTION can only be set to 1 when configMAX_PRIORITIES is 
 141:System/FreeRTOS/portable/GCC/ARM_CM4F/portmacro.h **** 	#endif
 142:System/FreeRTOS/portable/GCC/ARM_CM4F/portmacro.h **** 
 143:System/FreeRTOS/portable/GCC/ARM_CM4F/portmacro.h **** 	/* Store/clear the ready priorities in a bit map. */
 144:System/FreeRTOS/portable/GCC/ARM_CM4F/portmacro.h **** 	#define portRECORD_READY_PRIORITY( uxPriority, uxReadyPriorities ) ( uxReadyPriorities ) |= ( 1UL 
 145:System/FreeRTOS/portable/GCC/ARM_CM4F/portmacro.h **** 	#define portRESET_READY_PRIORITY( uxPriority, uxReadyPriorities ) ( uxReadyPriorities ) &= ~( 1UL 
 146:System/FreeRTOS/portable/GCC/ARM_CM4F/portmacro.h **** 
 147:System/FreeRTOS/portable/GCC/ARM_CM4F/portmacro.h **** 	/*-----------------------------------------------------------*/
 148:System/FreeRTOS/portable/GCC/ARM_CM4F/portmacro.h **** 
 149:System/FreeRTOS/portable/GCC/ARM_CM4F/portmacro.h **** 	#define portGET_HIGHEST_PRIORITY( uxTopPriority, uxReadyPriorities ) uxTopPriority = ( 31UL - ( ui
 150:System/FreeRTOS/portable/GCC/ARM_CM4F/portmacro.h **** 
ARM GAS  C:\Users\HUAV\AppData\Local\Temp\cc8AyDdj.s 			page 61


 151:System/FreeRTOS/portable/GCC/ARM_CM4F/portmacro.h **** #endif /* configUSE_PORT_OPTIMISED_TASK_SELECTION */
 152:System/FreeRTOS/portable/GCC/ARM_CM4F/portmacro.h **** 
 153:System/FreeRTOS/portable/GCC/ARM_CM4F/portmacro.h **** /*-----------------------------------------------------------*/
 154:System/FreeRTOS/portable/GCC/ARM_CM4F/portmacro.h **** 
 155:System/FreeRTOS/portable/GCC/ARM_CM4F/portmacro.h **** #ifdef configASSERT
 156:System/FreeRTOS/portable/GCC/ARM_CM4F/portmacro.h **** 	void vPortValidateInterruptPriority( void );
 157:System/FreeRTOS/portable/GCC/ARM_CM4F/portmacro.h **** 	#define portASSERT_IF_INTERRUPT_PRIORITY_INVALID() 	vPortValidateInterruptPriority()
 158:System/FreeRTOS/portable/GCC/ARM_CM4F/portmacro.h **** #endif
 159:System/FreeRTOS/portable/GCC/ARM_CM4F/portmacro.h **** 
 160:System/FreeRTOS/portable/GCC/ARM_CM4F/portmacro.h **** /* portNOP() is not required by this port. */
 161:System/FreeRTOS/portable/GCC/ARM_CM4F/portmacro.h **** #define portNOP()
 162:System/FreeRTOS/portable/GCC/ARM_CM4F/portmacro.h **** 
 163:System/FreeRTOS/portable/GCC/ARM_CM4F/portmacro.h **** #define portINLINE	__inline
 164:System/FreeRTOS/portable/GCC/ARM_CM4F/portmacro.h **** 
 165:System/FreeRTOS/portable/GCC/ARM_CM4F/portmacro.h **** #ifndef portFORCE_INLINE
 166:System/FreeRTOS/portable/GCC/ARM_CM4F/portmacro.h **** 	#define portFORCE_INLINE inline __attribute__(( always_inline))
 167:System/FreeRTOS/portable/GCC/ARM_CM4F/portmacro.h **** #endif
 168:System/FreeRTOS/portable/GCC/ARM_CM4F/portmacro.h **** 
 169:System/FreeRTOS/portable/GCC/ARM_CM4F/portmacro.h **** portFORCE_INLINE static BaseType_t xPortIsInsideInterrupt( void )
 170:System/FreeRTOS/portable/GCC/ARM_CM4F/portmacro.h **** {
 171:System/FreeRTOS/portable/GCC/ARM_CM4F/portmacro.h **** uint32_t ulCurrentInterrupt;
 172:System/FreeRTOS/portable/GCC/ARM_CM4F/portmacro.h **** BaseType_t xReturn;
 173:System/FreeRTOS/portable/GCC/ARM_CM4F/portmacro.h **** 
 174:System/FreeRTOS/portable/GCC/ARM_CM4F/portmacro.h **** 	/* Obtain the number of the currently executing interrupt. */
 175:System/FreeRTOS/portable/GCC/ARM_CM4F/portmacro.h **** 	__asm volatile( "mrs %0, ipsr" : "=r"( ulCurrentInterrupt ) :: "memory" );
 176:System/FreeRTOS/portable/GCC/ARM_CM4F/portmacro.h **** 
 177:System/FreeRTOS/portable/GCC/ARM_CM4F/portmacro.h **** 	if( ulCurrentInterrupt == 0 )
 178:System/FreeRTOS/portable/GCC/ARM_CM4F/portmacro.h **** 	{
 179:System/FreeRTOS/portable/GCC/ARM_CM4F/portmacro.h **** 		xReturn = pdFALSE;
 180:System/FreeRTOS/portable/GCC/ARM_CM4F/portmacro.h **** 	}
 181:System/FreeRTOS/portable/GCC/ARM_CM4F/portmacro.h **** 	else
 182:System/FreeRTOS/portable/GCC/ARM_CM4F/portmacro.h **** 	{
 183:System/FreeRTOS/portable/GCC/ARM_CM4F/portmacro.h **** 		xReturn = pdTRUE;
 184:System/FreeRTOS/portable/GCC/ARM_CM4F/portmacro.h **** 	}
 185:System/FreeRTOS/portable/GCC/ARM_CM4F/portmacro.h **** 
 186:System/FreeRTOS/portable/GCC/ARM_CM4F/portmacro.h **** 	return xReturn;
 187:System/FreeRTOS/portable/GCC/ARM_CM4F/portmacro.h **** }
 188:System/FreeRTOS/portable/GCC/ARM_CM4F/portmacro.h **** 
 189:System/FreeRTOS/portable/GCC/ARM_CM4F/portmacro.h **** /*-----------------------------------------------------------*/
 190:System/FreeRTOS/portable/GCC/ARM_CM4F/portmacro.h **** 
 191:System/FreeRTOS/portable/GCC/ARM_CM4F/portmacro.h **** portFORCE_INLINE static void vPortRaiseBASEPRI( void )
 192:System/FreeRTOS/portable/GCC/ARM_CM4F/portmacro.h **** {
 193:System/FreeRTOS/portable/GCC/ARM_CM4F/portmacro.h **** uint32_t ulNewBASEPRI;
 194:System/FreeRTOS/portable/GCC/ARM_CM4F/portmacro.h **** 
 195:System/FreeRTOS/portable/GCC/ARM_CM4F/portmacro.h **** 	__asm volatile
 196:System/FreeRTOS/portable/GCC/ARM_CM4F/portmacro.h **** 	(
 197:System/FreeRTOS/portable/GCC/ARM_CM4F/portmacro.h **** 		"	mov %0, %1												\n"	\
 198:System/FreeRTOS/portable/GCC/ARM_CM4F/portmacro.h **** 		"	msr basepri, %0											\n" \
 199:System/FreeRTOS/portable/GCC/ARM_CM4F/portmacro.h **** 		"	isb														\n" \
 200:System/FreeRTOS/portable/GCC/ARM_CM4F/portmacro.h **** 		"	dsb														\n" \
 201:System/FreeRTOS/portable/GCC/ARM_CM4F/portmacro.h **** 		:"=r" (ulNewBASEPRI) : "i" ( configMAX_SYSCALL_INTERRUPT_PRIORITY ) : "memory"
 202:System/FreeRTOS/portable/GCC/ARM_CM4F/portmacro.h **** 	);
 203:System/FreeRTOS/portable/GCC/ARM_CM4F/portmacro.h **** }
 204:System/FreeRTOS/portable/GCC/ARM_CM4F/portmacro.h **** 
 205:System/FreeRTOS/portable/GCC/ARM_CM4F/portmacro.h **** /*-----------------------------------------------------------*/
 206:System/FreeRTOS/portable/GCC/ARM_CM4F/portmacro.h **** 
 207:System/FreeRTOS/portable/GCC/ARM_CM4F/portmacro.h **** portFORCE_INLINE static uint32_t ulPortRaiseBASEPRI( void )
ARM GAS  C:\Users\HUAV\AppData\Local\Temp\cc8AyDdj.s 			page 62


 208:System/FreeRTOS/portable/GCC/ARM_CM4F/portmacro.h **** {
 209:System/FreeRTOS/portable/GCC/ARM_CM4F/portmacro.h **** uint32_t ulOriginalBASEPRI, ulNewBASEPRI;
 210:System/FreeRTOS/portable/GCC/ARM_CM4F/portmacro.h **** 
 211:System/FreeRTOS/portable/GCC/ARM_CM4F/portmacro.h **** 	__asm volatile
 2101              		.loc 3 211 2
 2102              		.syntax unified
 2103              	@ 211 "System/FreeRTOS/portable/GCC/ARM_CM4F/portmacro.h" 1
 2104 001a EFF31182 			mrs r2, basepri											
 2105 001e 4FF05003 		mov r3, #80												
 2106 0022 83F31188 		msr basepri, r3											
 2107 0026 BFF36F8F 		isb														
 2108 002a BFF34F8F 		dsb														
 2109              	
 2110              	@ 0 "" 2
 2111              		.thumb
 2112              		.syntax unified
 2113 002e 7A61     		str	r2, [r7, #20]
 2114 0030 3B61     		str	r3, [r7, #16]
 212:System/FreeRTOS/portable/GCC/ARM_CM4F/portmacro.h **** 	(
 213:System/FreeRTOS/portable/GCC/ARM_CM4F/portmacro.h **** 		"	mrs %0, basepri											\n" \
 214:System/FreeRTOS/portable/GCC/ARM_CM4F/portmacro.h **** 		"	mov %1, %2												\n"	\
 215:System/FreeRTOS/portable/GCC/ARM_CM4F/portmacro.h **** 		"	msr basepri, %1											\n" \
 216:System/FreeRTOS/portable/GCC/ARM_CM4F/portmacro.h **** 		"	isb														\n" \
 217:System/FreeRTOS/portable/GCC/ARM_CM4F/portmacro.h **** 		"	dsb														\n" \
 218:System/FreeRTOS/portable/GCC/ARM_CM4F/portmacro.h **** 		:"=r" (ulOriginalBASEPRI), "=r" (ulNewBASEPRI) : "i" ( configMAX_SYSCALL_INTERRUPT_PRIORITY ) : "
 219:System/FreeRTOS/portable/GCC/ARM_CM4F/portmacro.h **** 	);
 220:System/FreeRTOS/portable/GCC/ARM_CM4F/portmacro.h **** 
 221:System/FreeRTOS/portable/GCC/ARM_CM4F/portmacro.h **** 	/* This return will not be reached but is necessary to prevent compiler
 222:System/FreeRTOS/portable/GCC/ARM_CM4F/portmacro.h **** 	warnings. */
 223:System/FreeRTOS/portable/GCC/ARM_CM4F/portmacro.h **** 	return ulOriginalBASEPRI;
 2115              		.loc 3 223 9
 2116 0032 7B69     		ldr	r3, [r7, #20]
 2117              	.LBE11:
 2118              	.LBE10:
 944:System/FreeRTOS/CMSIS_RTOS/cmsis_os.c ****     dummy = portSET_INTERRUPT_MASK_FROM_ISR();
 2119              		.loc 1 944 11
 2120 0034 7B62     		str	r3, [r7, #36]
 2121 0036 01E0     		b	.L128
 2122              	.L126:
 945:System/FreeRTOS/CMSIS_RTOS/cmsis_os.c ****   }
 946:System/FreeRTOS/CMSIS_RTOS/cmsis_os.c ****   else {
 947:System/FreeRTOS/CMSIS_RTOS/cmsis_os.c ****     vPortEnterCritical();
 2123              		.loc 1 947 5
 2124 0038 FFF7FEFF 		bl	vPortEnterCritical
 2125              	.L128:
 948:System/FreeRTOS/CMSIS_RTOS/cmsis_os.c ****   }
 949:System/FreeRTOS/CMSIS_RTOS/cmsis_os.c ****   
 950:System/FreeRTOS/CMSIS_RTOS/cmsis_os.c ****   for (i = 0; i < pool_id->pool_sz; i++) {
 2126              		.loc 1 950 10
 2127 003c 0023     		movs	r3, #0
 2128 003e FB61     		str	r3, [r7, #28]
 2129              		.loc 1 950 3
 2130 0040 29E0     		b	.L129
 2131              	.L132:
 951:System/FreeRTOS/CMSIS_RTOS/cmsis_os.c ****     index = (pool_id->currentIndex + i) % pool_id->pool_sz;
 2132              		.loc 1 951 21
 2133 0042 7B68     		ldr	r3, [r7, #4]
ARM GAS  C:\Users\HUAV\AppData\Local\Temp\cc8AyDdj.s 			page 63


 2134 0044 1A69     		ldr	r2, [r3, #16]
 2135              		.loc 1 951 36
 2136 0046 FB69     		ldr	r3, [r7, #28]
 2137 0048 1344     		add	r3, r3, r2
 2138              		.loc 1 951 50
 2139 004a 7A68     		ldr	r2, [r7, #4]
 2140 004c 9268     		ldr	r2, [r2, #8]
 2141              		.loc 1 951 11
 2142 004e B3FBF2F1 		udiv	r1, r3, r2
 2143 0052 01FB02F2 		mul	r2, r1, r2
 2144 0056 9B1A     		subs	r3, r3, r2
 2145 0058 BB61     		str	r3, [r7, #24]
 952:System/FreeRTOS/CMSIS_RTOS/cmsis_os.c ****     
 953:System/FreeRTOS/CMSIS_RTOS/cmsis_os.c ****     if (pool_id->markers[index] == 0) {
 2146              		.loc 1 953 16
 2147 005a 7B68     		ldr	r3, [r7, #4]
 2148 005c 5A68     		ldr	r2, [r3, #4]
 2149              		.loc 1 953 25
 2150 005e BB69     		ldr	r3, [r7, #24]
 2151 0060 1344     		add	r3, r3, r2
 2152 0062 1B78     		ldrb	r3, [r3]	@ zero_extendqisi2
 2153              		.loc 1 953 8
 2154 0064 002B     		cmp	r3, #0
 2155 0066 13D1     		bne	.L130
 954:System/FreeRTOS/CMSIS_RTOS/cmsis_os.c ****       pool_id->markers[index] = 1;
 2156              		.loc 1 954 14
 2157 0068 7B68     		ldr	r3, [r7, #4]
 2158 006a 5A68     		ldr	r2, [r3, #4]
 2159              		.loc 1 954 23
 2160 006c BB69     		ldr	r3, [r7, #24]
 2161 006e 1344     		add	r3, r3, r2
 2162              		.loc 1 954 31
 2163 0070 0122     		movs	r2, #1
 2164 0072 1A70     		strb	r2, [r3]
 955:System/FreeRTOS/CMSIS_RTOS/cmsis_os.c ****       p = (void *)((uint32_t)(pool_id->pool) + (index * pool_id->item_sz));
 2165              		.loc 1 955 38
 2166 0074 7B68     		ldr	r3, [r7, #4]
 2167 0076 1B68     		ldr	r3, [r3]
 2168              		.loc 1 955 20
 2169 0078 1946     		mov	r1, r3
 2170              		.loc 1 955 64
 2171 007a 7B68     		ldr	r3, [r7, #4]
 2172 007c DB68     		ldr	r3, [r3, #12]
 2173              		.loc 1 955 55
 2174 007e BA69     		ldr	r2, [r7, #24]
 2175 0080 02FB03F3 		mul	r3, r2, r3
 2176              		.loc 1 955 46
 2177 0084 0B44     		add	r3, r3, r1
 2178              		.loc 1 955 9
 2179 0086 3B62     		str	r3, [r7, #32]
 956:System/FreeRTOS/CMSIS_RTOS/cmsis_os.c ****       pool_id->currentIndex = index;
 2180              		.loc 1 956 29
 2181 0088 7B68     		ldr	r3, [r7, #4]
 2182 008a BA69     		ldr	r2, [r7, #24]
 2183 008c 1A61     		str	r2, [r3, #16]
 957:System/FreeRTOS/CMSIS_RTOS/cmsis_os.c ****       break;
 2184              		.loc 1 957 7
ARM GAS  C:\Users\HUAV\AppData\Local\Temp\cc8AyDdj.s 			page 64


 2185 008e 07E0     		b	.L131
 2186              	.L130:
 950:System/FreeRTOS/CMSIS_RTOS/cmsis_os.c ****     index = (pool_id->currentIndex + i) % pool_id->pool_sz;
 2187              		.loc 1 950 38 discriminator 2
 2188 0090 FB69     		ldr	r3, [r7, #28]
 2189 0092 0133     		adds	r3, r3, #1
 2190 0094 FB61     		str	r3, [r7, #28]
 2191              	.L129:
 950:System/FreeRTOS/CMSIS_RTOS/cmsis_os.c ****     index = (pool_id->currentIndex + i) % pool_id->pool_sz;
 2192              		.loc 1 950 26 discriminator 1
 2193 0096 7B68     		ldr	r3, [r7, #4]
 2194 0098 9B68     		ldr	r3, [r3, #8]
 950:System/FreeRTOS/CMSIS_RTOS/cmsis_os.c ****     index = (pool_id->currentIndex + i) % pool_id->pool_sz;
 2195              		.loc 1 950 3 discriminator 1
 2196 009a FA69     		ldr	r2, [r7, #28]
 2197 009c 9A42     		cmp	r2, r3
 2198 009e D0D3     		bcc	.L132
 2199              	.L131:
 958:System/FreeRTOS/CMSIS_RTOS/cmsis_os.c ****     }
 959:System/FreeRTOS/CMSIS_RTOS/cmsis_os.c ****   }
 960:System/FreeRTOS/CMSIS_RTOS/cmsis_os.c ****   
 961:System/FreeRTOS/CMSIS_RTOS/cmsis_os.c ****   if (inHandlerMode()) {
 2200              		.loc 1 961 7
 2201 00a0 FFF7FEFF 		bl	inHandlerMode
 2202 00a4 0346     		mov	r3, r0
 2203              		.loc 1 961 6
 2204 00a6 002B     		cmp	r3, #0
 2205 00a8 05D0     		beq	.L133
 962:System/FreeRTOS/CMSIS_RTOS/cmsis_os.c ****     portCLEAR_INTERRUPT_MASK_FROM_ISR(dummy);
 2206              		.loc 1 962 5
 2207 00aa 7B6A     		ldr	r3, [r7, #36]
 2208 00ac FB60     		str	r3, [r7, #12]
 2209              	.LBB12:
 2210              	.LBB13:
 224:System/FreeRTOS/portable/GCC/ARM_CM4F/portmacro.h **** }
 225:System/FreeRTOS/portable/GCC/ARM_CM4F/portmacro.h **** /*-----------------------------------------------------------*/
 226:System/FreeRTOS/portable/GCC/ARM_CM4F/portmacro.h **** 
 227:System/FreeRTOS/portable/GCC/ARM_CM4F/portmacro.h **** portFORCE_INLINE static void vPortSetBASEPRI( uint32_t ulNewMaskValue )
 228:System/FreeRTOS/portable/GCC/ARM_CM4F/portmacro.h **** {
 229:System/FreeRTOS/portable/GCC/ARM_CM4F/portmacro.h **** 	__asm volatile
 2211              		.loc 3 229 2
 2212 00ae FB68     		ldr	r3, [r7, #12]
 2213              		.syntax unified
 2214              	@ 229 "System/FreeRTOS/portable/GCC/ARM_CM4F/portmacro.h" 1
 2215 00b0 83F31188 			msr basepri, r3	
 2216              	@ 0 "" 2
 230:System/FreeRTOS/portable/GCC/ARM_CM4F/portmacro.h **** 	(
 231:System/FreeRTOS/portable/GCC/ARM_CM4F/portmacro.h **** 		"	msr basepri, %0	" :: "r" ( ulNewMaskValue ) : "memory"
 232:System/FreeRTOS/portable/GCC/ARM_CM4F/portmacro.h **** 	);
 233:System/FreeRTOS/portable/GCC/ARM_CM4F/portmacro.h **** }
 2217              		.loc 3 233 1
 2218              		.thumb
 2219              		.syntax unified
 2220 00b4 01E0     		b	.L134
 2221              	.L133:
 2222              	.LBE13:
 2223              	.LBE12:
ARM GAS  C:\Users\HUAV\AppData\Local\Temp\cc8AyDdj.s 			page 65


 963:System/FreeRTOS/CMSIS_RTOS/cmsis_os.c ****   }
 964:System/FreeRTOS/CMSIS_RTOS/cmsis_os.c ****   else {
 965:System/FreeRTOS/CMSIS_RTOS/cmsis_os.c ****     vPortExitCritical();
 2224              		.loc 1 965 5
 2225 00b6 FFF7FEFF 		bl	vPortExitCritical
 2226              	.L134:
 966:System/FreeRTOS/CMSIS_RTOS/cmsis_os.c ****   }
 967:System/FreeRTOS/CMSIS_RTOS/cmsis_os.c ****   
 968:System/FreeRTOS/CMSIS_RTOS/cmsis_os.c ****   return p;
 2227              		.loc 1 968 10
 2228 00ba 3B6A     		ldr	r3, [r7, #32]
 969:System/FreeRTOS/CMSIS_RTOS/cmsis_os.c **** }
 2229              		.loc 1 969 1
 2230 00bc 1846     		mov	r0, r3
 2231 00be 2837     		adds	r7, r7, #40
 2232              	.LCFI137:
 2233              		.cfi_def_cfa_offset 8
 2234 00c0 BD46     		mov	sp, r7
 2235              	.LCFI138:
 2236              		.cfi_def_cfa_register 13
 2237              		@ sp needed
 2238 00c2 80BD     		pop	{r7, pc}
 2239              		.cfi_endproc
 2240              	.LFE137:
 2242              		.section	.text.osPoolCAlloc,"ax",%progbits
 2243              		.align	1
 2244              		.global	osPoolCAlloc
 2245              		.syntax unified
 2246              		.thumb
 2247              		.thumb_func
 2249              	osPoolCAlloc:
 2250              	.LFB138:
 970:System/FreeRTOS/CMSIS_RTOS/cmsis_os.c **** 
 971:System/FreeRTOS/CMSIS_RTOS/cmsis_os.c **** /**
 972:System/FreeRTOS/CMSIS_RTOS/cmsis_os.c **** * @brief Allocate a memory block from a memory pool and set memory block to zero
 973:System/FreeRTOS/CMSIS_RTOS/cmsis_os.c **** * @param  pool_id       memory pool ID obtain referenced with \ref osPoolCreate.
 974:System/FreeRTOS/CMSIS_RTOS/cmsis_os.c **** * @retval  address of the allocated memory block or NULL in case of no memory available.
 975:System/FreeRTOS/CMSIS_RTOS/cmsis_os.c **** * @note   MUST REMAIN UNCHANGED: \b osPoolCAlloc shall be consistent in every CMSIS-RTOS.
 976:System/FreeRTOS/CMSIS_RTOS/cmsis_os.c **** */
 977:System/FreeRTOS/CMSIS_RTOS/cmsis_os.c **** void *osPoolCAlloc (osPoolId pool_id)
 978:System/FreeRTOS/CMSIS_RTOS/cmsis_os.c **** {
 2251              		.loc 1 978 1
 2252              		.cfi_startproc
 2253              		@ args = 0, pretend = 0, frame = 16
 2254              		@ frame_needed = 1, uses_anonymous_args = 0
 2255 0000 80B5     		push	{r7, lr}
 2256              	.LCFI139:
 2257              		.cfi_def_cfa_offset 8
 2258              		.cfi_offset 7, -8
 2259              		.cfi_offset 14, -4
 2260 0002 84B0     		sub	sp, sp, #16
 2261              	.LCFI140:
 2262              		.cfi_def_cfa_offset 24
 2263 0004 00AF     		add	r7, sp, #0
 2264              	.LCFI141:
 2265              		.cfi_def_cfa_register 7
 2266 0006 7860     		str	r0, [r7, #4]
ARM GAS  C:\Users\HUAV\AppData\Local\Temp\cc8AyDdj.s 			page 66


 979:System/FreeRTOS/CMSIS_RTOS/cmsis_os.c ****   void *p = osPoolAlloc(pool_id);
 2267              		.loc 1 979 13
 2268 0008 7868     		ldr	r0, [r7, #4]
 2269 000a FFF7FEFF 		bl	osPoolAlloc
 2270 000e F860     		str	r0, [r7, #12]
 980:System/FreeRTOS/CMSIS_RTOS/cmsis_os.c ****   
 981:System/FreeRTOS/CMSIS_RTOS/cmsis_os.c ****   if (p != NULL)
 2271              		.loc 1 981 6
 2272 0010 FB68     		ldr	r3, [r7, #12]
 2273 0012 002B     		cmp	r3, #0
 2274 0014 04D0     		beq	.L137
 982:System/FreeRTOS/CMSIS_RTOS/cmsis_os.c ****   {
 983:System/FreeRTOS/CMSIS_RTOS/cmsis_os.c ****     memset(p, 0, sizeof(pool_id->pool_sz));
 2275              		.loc 1 983 5
 2276 0016 0422     		movs	r2, #4
 2277 0018 0021     		movs	r1, #0
 2278 001a F868     		ldr	r0, [r7, #12]
 2279 001c FFF7FEFF 		bl	memset
 2280              	.L137:
 984:System/FreeRTOS/CMSIS_RTOS/cmsis_os.c ****   }
 985:System/FreeRTOS/CMSIS_RTOS/cmsis_os.c ****   
 986:System/FreeRTOS/CMSIS_RTOS/cmsis_os.c ****   return p;
 2281              		.loc 1 986 10
 2282 0020 FB68     		ldr	r3, [r7, #12]
 987:System/FreeRTOS/CMSIS_RTOS/cmsis_os.c **** }
 2283              		.loc 1 987 1
 2284 0022 1846     		mov	r0, r3
 2285 0024 1037     		adds	r7, r7, #16
 2286              	.LCFI142:
 2287              		.cfi_def_cfa_offset 8
 2288 0026 BD46     		mov	sp, r7
 2289              	.LCFI143:
 2290              		.cfi_def_cfa_register 13
 2291              		@ sp needed
 2292 0028 80BD     		pop	{r7, pc}
 2293              		.cfi_endproc
 2294              	.LFE138:
 2296              		.section	.text.osPoolFree,"ax",%progbits
 2297              		.align	1
 2298              		.global	osPoolFree
 2299              		.syntax unified
 2300              		.thumb
 2301              		.thumb_func
 2303              	osPoolFree:
 2304              	.LFB139:
 988:System/FreeRTOS/CMSIS_RTOS/cmsis_os.c **** 
 989:System/FreeRTOS/CMSIS_RTOS/cmsis_os.c **** /**
 990:System/FreeRTOS/CMSIS_RTOS/cmsis_os.c **** * @brief Return an allocated memory block back to a specific memory pool
 991:System/FreeRTOS/CMSIS_RTOS/cmsis_os.c **** * @param  pool_id       memory pool ID obtain referenced with \ref osPoolCreate.
 992:System/FreeRTOS/CMSIS_RTOS/cmsis_os.c **** * @param  block         address of the allocated memory block that is returned to the memory pool.
 993:System/FreeRTOS/CMSIS_RTOS/cmsis_os.c **** * @retval  status code that indicates the execution status of the function.
 994:System/FreeRTOS/CMSIS_RTOS/cmsis_os.c **** * @note   MUST REMAIN UNCHANGED: \b osPoolFree shall be consistent in every CMSIS-RTOS.
 995:System/FreeRTOS/CMSIS_RTOS/cmsis_os.c **** */
 996:System/FreeRTOS/CMSIS_RTOS/cmsis_os.c **** osStatus osPoolFree (osPoolId pool_id, void *block)
 997:System/FreeRTOS/CMSIS_RTOS/cmsis_os.c **** {
 2305              		.loc 1 997 1
 2306              		.cfi_startproc
ARM GAS  C:\Users\HUAV\AppData\Local\Temp\cc8AyDdj.s 			page 67


 2307              		@ args = 0, pretend = 0, frame = 16
 2308              		@ frame_needed = 1, uses_anonymous_args = 0
 2309              		@ link register save eliminated.
 2310 0000 80B4     		push	{r7}
 2311              	.LCFI144:
 2312              		.cfi_def_cfa_offset 4
 2313              		.cfi_offset 7, -4
 2314 0002 85B0     		sub	sp, sp, #20
 2315              	.LCFI145:
 2316              		.cfi_def_cfa_offset 24
 2317 0004 00AF     		add	r7, sp, #0
 2318              	.LCFI146:
 2319              		.cfi_def_cfa_register 7
 2320 0006 7860     		str	r0, [r7, #4]
 2321 0008 3960     		str	r1, [r7]
 998:System/FreeRTOS/CMSIS_RTOS/cmsis_os.c ****   uint32_t index;
 999:System/FreeRTOS/CMSIS_RTOS/cmsis_os.c ****   
1000:System/FreeRTOS/CMSIS_RTOS/cmsis_os.c ****   if (pool_id == NULL) {
 2322              		.loc 1 1000 6
 2323 000a 7B68     		ldr	r3, [r7, #4]
 2324 000c 002B     		cmp	r3, #0
 2325 000e 01D1     		bne	.L140
1001:System/FreeRTOS/CMSIS_RTOS/cmsis_os.c ****     return osErrorParameter;
 2326              		.loc 1 1001 12
 2327 0010 8023     		movs	r3, #128
 2328 0012 30E0     		b	.L141
 2329              	.L140:
1002:System/FreeRTOS/CMSIS_RTOS/cmsis_os.c ****   }
1003:System/FreeRTOS/CMSIS_RTOS/cmsis_os.c ****   
1004:System/FreeRTOS/CMSIS_RTOS/cmsis_os.c ****   if (block == NULL) {
 2330              		.loc 1 1004 6
 2331 0014 3B68     		ldr	r3, [r7]
 2332 0016 002B     		cmp	r3, #0
 2333 0018 01D1     		bne	.L142
1005:System/FreeRTOS/CMSIS_RTOS/cmsis_os.c ****     return osErrorParameter;
 2334              		.loc 1 1005 12
 2335 001a 8023     		movs	r3, #128
 2336 001c 2BE0     		b	.L141
 2337              	.L142:
1006:System/FreeRTOS/CMSIS_RTOS/cmsis_os.c ****   }
1007:System/FreeRTOS/CMSIS_RTOS/cmsis_os.c ****   
1008:System/FreeRTOS/CMSIS_RTOS/cmsis_os.c ****   if (block < pool_id->pool) {
 2338              		.loc 1 1008 22
 2339 001e 7B68     		ldr	r3, [r7, #4]
 2340 0020 1B68     		ldr	r3, [r3]
 2341              		.loc 1 1008 6
 2342 0022 3A68     		ldr	r2, [r7]
 2343 0024 9A42     		cmp	r2, r3
 2344 0026 01D2     		bcs	.L143
1009:System/FreeRTOS/CMSIS_RTOS/cmsis_os.c ****     return osErrorParameter;
 2345              		.loc 1 1009 12
 2346 0028 8023     		movs	r3, #128
 2347 002a 24E0     		b	.L141
 2348              	.L143:
1010:System/FreeRTOS/CMSIS_RTOS/cmsis_os.c ****   }
1011:System/FreeRTOS/CMSIS_RTOS/cmsis_os.c ****   
1012:System/FreeRTOS/CMSIS_RTOS/cmsis_os.c ****   index = (uint32_t)block - (uint32_t)(pool_id->pool);
ARM GAS  C:\Users\HUAV\AppData\Local\Temp\cc8AyDdj.s 			page 68


 2349              		.loc 1 1012 11
 2350 002c 3B68     		ldr	r3, [r7]
 2351              		.loc 1 1012 47
 2352 002e 7A68     		ldr	r2, [r7, #4]
 2353 0030 1268     		ldr	r2, [r2]
 2354              		.loc 1 1012 9
 2355 0032 9B1A     		subs	r3, r3, r2
 2356 0034 FB60     		str	r3, [r7, #12]
1013:System/FreeRTOS/CMSIS_RTOS/cmsis_os.c ****   if (index % pool_id->item_sz) {
 2357              		.loc 1 1013 22
 2358 0036 7B68     		ldr	r3, [r7, #4]
 2359 0038 DA68     		ldr	r2, [r3, #12]
 2360              		.loc 1 1013 13
 2361 003a FB68     		ldr	r3, [r7, #12]
 2362 003c B3FBF2F1 		udiv	r1, r3, r2
 2363 0040 01FB02F2 		mul	r2, r1, r2
 2364 0044 9B1A     		subs	r3, r3, r2
 2365              		.loc 1 1013 6
 2366 0046 002B     		cmp	r3, #0
 2367 0048 01D0     		beq	.L144
1014:System/FreeRTOS/CMSIS_RTOS/cmsis_os.c ****     return osErrorParameter;
 2368              		.loc 1 1014 12
 2369 004a 8023     		movs	r3, #128
 2370 004c 13E0     		b	.L141
 2371              	.L144:
1015:System/FreeRTOS/CMSIS_RTOS/cmsis_os.c ****   }
1016:System/FreeRTOS/CMSIS_RTOS/cmsis_os.c ****   index = index / pool_id->item_sz;
 2372              		.loc 1 1016 26
 2373 004e 7B68     		ldr	r3, [r7, #4]
 2374 0050 DB68     		ldr	r3, [r3, #12]
 2375              		.loc 1 1016 9
 2376 0052 FA68     		ldr	r2, [r7, #12]
 2377 0054 B2FBF3F3 		udiv	r3, r2, r3
 2378 0058 FB60     		str	r3, [r7, #12]
1017:System/FreeRTOS/CMSIS_RTOS/cmsis_os.c ****   if (index >= pool_id->pool_sz) {
 2379              		.loc 1 1017 23
 2380 005a 7B68     		ldr	r3, [r7, #4]
 2381 005c 9B68     		ldr	r3, [r3, #8]
 2382              		.loc 1 1017 6
 2383 005e FA68     		ldr	r2, [r7, #12]
 2384 0060 9A42     		cmp	r2, r3
 2385 0062 01D3     		bcc	.L145
1018:System/FreeRTOS/CMSIS_RTOS/cmsis_os.c ****     return osErrorParameter;
 2386              		.loc 1 1018 12
 2387 0064 8023     		movs	r3, #128
 2388 0066 06E0     		b	.L141
 2389              	.L145:
1019:System/FreeRTOS/CMSIS_RTOS/cmsis_os.c ****   }
1020:System/FreeRTOS/CMSIS_RTOS/cmsis_os.c ****   
1021:System/FreeRTOS/CMSIS_RTOS/cmsis_os.c ****   pool_id->markers[index] = 0;
 2390              		.loc 1 1021 10
 2391 0068 7B68     		ldr	r3, [r7, #4]
 2392 006a 5A68     		ldr	r2, [r3, #4]
 2393              		.loc 1 1021 19
 2394 006c FB68     		ldr	r3, [r7, #12]
 2395 006e 1344     		add	r3, r3, r2
 2396              		.loc 1 1021 27
ARM GAS  C:\Users\HUAV\AppData\Local\Temp\cc8AyDdj.s 			page 69


 2397 0070 0022     		movs	r2, #0
 2398 0072 1A70     		strb	r2, [r3]
1022:System/FreeRTOS/CMSIS_RTOS/cmsis_os.c ****   
1023:System/FreeRTOS/CMSIS_RTOS/cmsis_os.c ****   return osOK;
 2399              		.loc 1 1023 10
 2400 0074 0023     		movs	r3, #0
 2401              	.L141:
1024:System/FreeRTOS/CMSIS_RTOS/cmsis_os.c **** }
 2402              		.loc 1 1024 1
 2403 0076 1846     		mov	r0, r3
 2404 0078 1437     		adds	r7, r7, #20
 2405              	.LCFI147:
 2406              		.cfi_def_cfa_offset 4
 2407 007a BD46     		mov	sp, r7
 2408              	.LCFI148:
 2409              		.cfi_def_cfa_register 13
 2410              		@ sp needed
 2411 007c 5DF8047B 		ldr	r7, [sp], #4
 2412              	.LCFI149:
 2413              		.cfi_restore 7
 2414              		.cfi_def_cfa_offset 0
 2415 0080 7047     		bx	lr
 2416              		.cfi_endproc
 2417              	.LFE139:
 2419              		.section	.text.osMessageCreate,"ax",%progbits
 2420              		.align	1
 2421              		.global	osMessageCreate
 2422              		.syntax unified
 2423              		.thumb
 2424              		.thumb_func
 2426              	osMessageCreate:
 2427              	.LFB140:
1025:System/FreeRTOS/CMSIS_RTOS/cmsis_os.c **** 
1026:System/FreeRTOS/CMSIS_RTOS/cmsis_os.c **** 
1027:System/FreeRTOS/CMSIS_RTOS/cmsis_os.c **** #endif   /* Use Memory Pool Management */
1028:System/FreeRTOS/CMSIS_RTOS/cmsis_os.c **** 
1029:System/FreeRTOS/CMSIS_RTOS/cmsis_os.c **** /*******************   Message Queue Management Functions  *********************/
1030:System/FreeRTOS/CMSIS_RTOS/cmsis_os.c **** 
1031:System/FreeRTOS/CMSIS_RTOS/cmsis_os.c **** #if (defined (osFeature_MessageQ)  &&  (osFeature_MessageQ != 0)) /* Use Message Queues */
1032:System/FreeRTOS/CMSIS_RTOS/cmsis_os.c **** 
1033:System/FreeRTOS/CMSIS_RTOS/cmsis_os.c **** /**
1034:System/FreeRTOS/CMSIS_RTOS/cmsis_os.c **** * @brief Create and Initialize a Message Queue
1035:System/FreeRTOS/CMSIS_RTOS/cmsis_os.c **** * @param queue_def     queue definition referenced with \ref osMessageQ.
1036:System/FreeRTOS/CMSIS_RTOS/cmsis_os.c **** * @param  thread_id     thread ID (obtained by \ref osThreadCreate or \ref osThreadGetId) or NULL.
1037:System/FreeRTOS/CMSIS_RTOS/cmsis_os.c **** * @retval  message queue ID for reference by other functions or NULL in case of error.
1038:System/FreeRTOS/CMSIS_RTOS/cmsis_os.c **** * @note   MUST REMAIN UNCHANGED: \b osMessageCreate shall be consistent in every CMSIS-RTOS.
1039:System/FreeRTOS/CMSIS_RTOS/cmsis_os.c **** */
1040:System/FreeRTOS/CMSIS_RTOS/cmsis_os.c **** osMessageQId osMessageCreate (const osMessageQDef_t *queue_def, osThreadId thread_id)
1041:System/FreeRTOS/CMSIS_RTOS/cmsis_os.c **** {
 2428              		.loc 1 1041 1
 2429              		.cfi_startproc
 2430              		@ args = 0, pretend = 0, frame = 8
 2431              		@ frame_needed = 1, uses_anonymous_args = 0
 2432 0000 90B5     		push	{r4, r7, lr}
 2433              	.LCFI150:
 2434              		.cfi_def_cfa_offset 12
 2435              		.cfi_offset 4, -12
ARM GAS  C:\Users\HUAV\AppData\Local\Temp\cc8AyDdj.s 			page 70


 2436              		.cfi_offset 7, -8
 2437              		.cfi_offset 14, -4
 2438 0002 85B0     		sub	sp, sp, #20
 2439              	.LCFI151:
 2440              		.cfi_def_cfa_offset 32
 2441 0004 02AF     		add	r7, sp, #8
 2442              	.LCFI152:
 2443              		.cfi_def_cfa 7, 24
 2444 0006 7860     		str	r0, [r7, #4]
 2445 0008 3960     		str	r1, [r7]
1042:System/FreeRTOS/CMSIS_RTOS/cmsis_os.c ****   (void) thread_id;
1043:System/FreeRTOS/CMSIS_RTOS/cmsis_os.c ****   
1044:System/FreeRTOS/CMSIS_RTOS/cmsis_os.c **** #if( configSUPPORT_STATIC_ALLOCATION == 1 ) && ( configSUPPORT_DYNAMIC_ALLOCATION == 1 )
1045:System/FreeRTOS/CMSIS_RTOS/cmsis_os.c **** 
1046:System/FreeRTOS/CMSIS_RTOS/cmsis_os.c ****   if ((queue_def->buffer != NULL) && (queue_def->controlblock != NULL)) {
 2446              		.loc 1 1046 17
 2447 000a 7B68     		ldr	r3, [r7, #4]
 2448 000c 9B68     		ldr	r3, [r3, #8]
 2449              		.loc 1 1046 6
 2450 000e 002B     		cmp	r3, #0
 2451 0010 11D0     		beq	.L147
 2452              		.loc 1 1046 48 discriminator 1
 2453 0012 7B68     		ldr	r3, [r7, #4]
 2454 0014 DB68     		ldr	r3, [r3, #12]
 2455              		.loc 1 1046 35 discriminator 1
 2456 0016 002B     		cmp	r3, #0
 2457 0018 0DD0     		beq	.L147
1047:System/FreeRTOS/CMSIS_RTOS/cmsis_os.c ****     return xQueueCreateStatic(queue_def->queue_sz, queue_def->item_sz, queue_def->buffer, queue_def
 2458              		.loc 1 1047 12
 2459 001a 7B68     		ldr	r3, [r7, #4]
 2460 001c 1868     		ldr	r0, [r3]
 2461 001e 7B68     		ldr	r3, [r7, #4]
 2462 0020 5968     		ldr	r1, [r3, #4]
 2463 0022 7B68     		ldr	r3, [r7, #4]
 2464 0024 9A68     		ldr	r2, [r3, #8]
 2465 0026 7B68     		ldr	r3, [r7, #4]
 2466 0028 DB68     		ldr	r3, [r3, #12]
 2467 002a 0024     		movs	r4, #0
 2468 002c 0094     		str	r4, [sp]
 2469 002e FFF7FEFF 		bl	xQueueGenericCreateStatic
 2470 0032 0346     		mov	r3, r0
 2471 0034 08E0     		b	.L148
 2472              	.L147:
1048:System/FreeRTOS/CMSIS_RTOS/cmsis_os.c ****   }
1049:System/FreeRTOS/CMSIS_RTOS/cmsis_os.c ****   else {
1050:System/FreeRTOS/CMSIS_RTOS/cmsis_os.c ****     return xQueueCreate(queue_def->queue_sz, queue_def->item_sz);
 2473              		.loc 1 1050 12
 2474 0036 7B68     		ldr	r3, [r7, #4]
 2475 0038 1868     		ldr	r0, [r3]
 2476 003a 7B68     		ldr	r3, [r7, #4]
 2477 003c 5B68     		ldr	r3, [r3, #4]
 2478 003e 0022     		movs	r2, #0
 2479 0040 1946     		mov	r1, r3
 2480 0042 FFF7FEFF 		bl	xQueueGenericCreate
 2481 0046 0346     		mov	r3, r0
 2482              	.L148:
1051:System/FreeRTOS/CMSIS_RTOS/cmsis_os.c ****   }
ARM GAS  C:\Users\HUAV\AppData\Local\Temp\cc8AyDdj.s 			page 71


1052:System/FreeRTOS/CMSIS_RTOS/cmsis_os.c **** #elif ( configSUPPORT_STATIC_ALLOCATION == 1 )
1053:System/FreeRTOS/CMSIS_RTOS/cmsis_os.c ****   return xQueueCreateStatic(queue_def->queue_sz, queue_def->item_sz, queue_def->buffer, queue_def->
1054:System/FreeRTOS/CMSIS_RTOS/cmsis_os.c **** #else  
1055:System/FreeRTOS/CMSIS_RTOS/cmsis_os.c ****   return xQueueCreate(queue_def->queue_sz, queue_def->item_sz);
1056:System/FreeRTOS/CMSIS_RTOS/cmsis_os.c **** #endif
1057:System/FreeRTOS/CMSIS_RTOS/cmsis_os.c **** }
 2483              		.loc 1 1057 1
 2484 0048 1846     		mov	r0, r3
 2485 004a 0C37     		adds	r7, r7, #12
 2486              	.LCFI153:
 2487              		.cfi_def_cfa_offset 12
 2488 004c BD46     		mov	sp, r7
 2489              	.LCFI154:
 2490              		.cfi_def_cfa_register 13
 2491              		@ sp needed
 2492 004e 90BD     		pop	{r4, r7, pc}
 2493              		.cfi_endproc
 2494              	.LFE140:
 2496              		.section	.text.osMessagePut,"ax",%progbits
 2497              		.align	1
 2498              		.global	osMessagePut
 2499              		.syntax unified
 2500              		.thumb
 2501              		.thumb_func
 2503              	osMessagePut:
 2504              	.LFB141:
1058:System/FreeRTOS/CMSIS_RTOS/cmsis_os.c **** 
1059:System/FreeRTOS/CMSIS_RTOS/cmsis_os.c **** /**
1060:System/FreeRTOS/CMSIS_RTOS/cmsis_os.c **** * @brief Put a Message to a Queue.
1061:System/FreeRTOS/CMSIS_RTOS/cmsis_os.c **** * @param  queue_id  message queue ID obtained with \ref osMessageCreate.
1062:System/FreeRTOS/CMSIS_RTOS/cmsis_os.c **** * @param  info      message information.
1063:System/FreeRTOS/CMSIS_RTOS/cmsis_os.c **** * @param  millisec  timeout value or 0 in case of no time-out.
1064:System/FreeRTOS/CMSIS_RTOS/cmsis_os.c **** * @retval status code that indicates the execution status of the function.
1065:System/FreeRTOS/CMSIS_RTOS/cmsis_os.c **** * @note   MUST REMAIN UNCHANGED: \b osMessagePut shall be consistent in every CMSIS-RTOS.
1066:System/FreeRTOS/CMSIS_RTOS/cmsis_os.c **** */
1067:System/FreeRTOS/CMSIS_RTOS/cmsis_os.c **** osStatus osMessagePut (osMessageQId queue_id, uint32_t info, uint32_t millisec)
1068:System/FreeRTOS/CMSIS_RTOS/cmsis_os.c **** {
 2505              		.loc 1 1068 1
 2506              		.cfi_startproc
 2507              		@ args = 0, pretend = 0, frame = 24
 2508              		@ frame_needed = 1, uses_anonymous_args = 0
 2509 0000 80B5     		push	{r7, lr}
 2510              	.LCFI155:
 2511              		.cfi_def_cfa_offset 8
 2512              		.cfi_offset 7, -8
 2513              		.cfi_offset 14, -4
 2514 0002 86B0     		sub	sp, sp, #24
 2515              	.LCFI156:
 2516              		.cfi_def_cfa_offset 32
 2517 0004 00AF     		add	r7, sp, #0
 2518              	.LCFI157:
 2519              		.cfi_def_cfa_register 7
 2520 0006 F860     		str	r0, [r7, #12]
 2521 0008 B960     		str	r1, [r7, #8]
 2522 000a 7A60     		str	r2, [r7, #4]
1069:System/FreeRTOS/CMSIS_RTOS/cmsis_os.c ****   portBASE_TYPE taskWoken = pdFALSE;
 2523              		.loc 1 1069 17
ARM GAS  C:\Users\HUAV\AppData\Local\Temp\cc8AyDdj.s 			page 72


 2524 000c 0023     		movs	r3, #0
 2525 000e 3B61     		str	r3, [r7, #16]
1070:System/FreeRTOS/CMSIS_RTOS/cmsis_os.c ****   TickType_t ticks;
1071:System/FreeRTOS/CMSIS_RTOS/cmsis_os.c ****   
1072:System/FreeRTOS/CMSIS_RTOS/cmsis_os.c ****   ticks = millisec / portTICK_PERIOD_MS;
 2526              		.loc 1 1072 9
 2527 0010 7B68     		ldr	r3, [r7, #4]
 2528 0012 7B61     		str	r3, [r7, #20]
1073:System/FreeRTOS/CMSIS_RTOS/cmsis_os.c ****   if (ticks == 0) {
 2529              		.loc 1 1073 6
 2530 0014 7B69     		ldr	r3, [r7, #20]
 2531 0016 002B     		cmp	r3, #0
 2532 0018 01D1     		bne	.L150
1074:System/FreeRTOS/CMSIS_RTOS/cmsis_os.c ****     ticks = 1;
 2533              		.loc 1 1074 11
 2534 001a 0123     		movs	r3, #1
 2535 001c 7B61     		str	r3, [r7, #20]
 2536              	.L150:
1075:System/FreeRTOS/CMSIS_RTOS/cmsis_os.c ****   }
1076:System/FreeRTOS/CMSIS_RTOS/cmsis_os.c ****   
1077:System/FreeRTOS/CMSIS_RTOS/cmsis_os.c ****   if (inHandlerMode()) {
 2537              		.loc 1 1077 7
 2538 001e FFF7FEFF 		bl	inHandlerMode
 2539 0022 0346     		mov	r3, r0
 2540              		.loc 1 1077 6
 2541 0024 002B     		cmp	r3, #0
 2542 0026 18D0     		beq	.L151
1078:System/FreeRTOS/CMSIS_RTOS/cmsis_os.c ****     if (xQueueSendFromISR(queue_id, &info, &taskWoken) != pdTRUE) {
 2543              		.loc 1 1078 9
 2544 0028 07F11002 		add	r2, r7, #16
 2545 002c 07F10801 		add	r1, r7, #8
 2546 0030 0023     		movs	r3, #0
 2547 0032 F868     		ldr	r0, [r7, #12]
 2548 0034 FFF7FEFF 		bl	xQueueGenericSendFromISR
 2549 0038 0346     		mov	r3, r0
 2550              		.loc 1 1078 8
 2551 003a 012B     		cmp	r3, #1
 2552 003c 01D0     		beq	.L152
1079:System/FreeRTOS/CMSIS_RTOS/cmsis_os.c ****       return osErrorOS;
 2553              		.loc 1 1079 14
 2554 003e FF23     		movs	r3, #255
 2555 0040 18E0     		b	.L155
 2556              	.L152:
1080:System/FreeRTOS/CMSIS_RTOS/cmsis_os.c ****     }
1081:System/FreeRTOS/CMSIS_RTOS/cmsis_os.c ****     portEND_SWITCHING_ISR(taskWoken);
 2557              		.loc 1 1081 5
 2558 0042 3B69     		ldr	r3, [r7, #16]
 2559 0044 002B     		cmp	r3, #0
 2560 0046 14D0     		beq	.L154
 2561              		.loc 1 1081 5 is_stmt 0 discriminator 1
 2562 0048 0C4B     		ldr	r3, .L156
 2563 004a 4FF08052 		mov	r2, #268435456
 2564 004e 1A60     		str	r2, [r3]
 2565              		.syntax unified
 2566              	@ 1081 "System/FreeRTOS/CMSIS_RTOS/cmsis_os.c" 1
 2567 0050 BFF34F8F 		dsb
 2568              	@ 0 "" 2
ARM GAS  C:\Users\HUAV\AppData\Local\Temp\cc8AyDdj.s 			page 73


 2569              	@ 1081 "System/FreeRTOS/CMSIS_RTOS/cmsis_os.c" 1
 2570 0054 BFF36F8F 		isb
 2571              	@ 0 "" 2
 2572              		.thumb
 2573              		.syntax unified
 2574 0058 0BE0     		b	.L154
 2575              	.L151:
1082:System/FreeRTOS/CMSIS_RTOS/cmsis_os.c ****   }
1083:System/FreeRTOS/CMSIS_RTOS/cmsis_os.c ****   else {
1084:System/FreeRTOS/CMSIS_RTOS/cmsis_os.c ****     if (xQueueSend(queue_id, &info, ticks) != pdTRUE) {
 2576              		.loc 1 1084 9 is_stmt 1
 2577 005a 07F10801 		add	r1, r7, #8
 2578 005e 0023     		movs	r3, #0
 2579 0060 7A69     		ldr	r2, [r7, #20]
 2580 0062 F868     		ldr	r0, [r7, #12]
 2581 0064 FFF7FEFF 		bl	xQueueGenericSend
 2582 0068 0346     		mov	r3, r0
 2583              		.loc 1 1084 8
 2584 006a 012B     		cmp	r3, #1
 2585 006c 01D0     		beq	.L154
1085:System/FreeRTOS/CMSIS_RTOS/cmsis_os.c ****       return osErrorOS;
 2586              		.loc 1 1085 14
 2587 006e FF23     		movs	r3, #255
 2588 0070 00E0     		b	.L155
 2589              	.L154:
1086:System/FreeRTOS/CMSIS_RTOS/cmsis_os.c ****     }
1087:System/FreeRTOS/CMSIS_RTOS/cmsis_os.c ****   }
1088:System/FreeRTOS/CMSIS_RTOS/cmsis_os.c ****   
1089:System/FreeRTOS/CMSIS_RTOS/cmsis_os.c ****   return osOK;
 2590              		.loc 1 1089 10
 2591 0072 0023     		movs	r3, #0
 2592              	.L155:
1090:System/FreeRTOS/CMSIS_RTOS/cmsis_os.c **** }
 2593              		.loc 1 1090 1 discriminator 1
 2594 0074 1846     		mov	r0, r3
 2595 0076 1837     		adds	r7, r7, #24
 2596              	.LCFI158:
 2597              		.cfi_def_cfa_offset 8
 2598 0078 BD46     		mov	sp, r7
 2599              	.LCFI159:
 2600              		.cfi_def_cfa_register 13
 2601              		@ sp needed
 2602 007a 80BD     		pop	{r7, pc}
 2603              	.L157:
 2604              		.align	2
 2605              	.L156:
 2606 007c 04ED00E0 		.word	-536810236
 2607              		.cfi_endproc
 2608              	.LFE141:
 2610              		.section	.text.osMessageGet,"ax",%progbits
 2611              		.align	1
 2612              		.global	osMessageGet
 2613              		.syntax unified
 2614              		.thumb
 2615              		.thumb_func
 2617              	osMessageGet:
 2618              	.LFB142:
ARM GAS  C:\Users\HUAV\AppData\Local\Temp\cc8AyDdj.s 			page 74


1091:System/FreeRTOS/CMSIS_RTOS/cmsis_os.c **** 
1092:System/FreeRTOS/CMSIS_RTOS/cmsis_os.c **** /**
1093:System/FreeRTOS/CMSIS_RTOS/cmsis_os.c **** * @brief Get a Message or Wait for a Message from a Queue.
1094:System/FreeRTOS/CMSIS_RTOS/cmsis_os.c **** * @param  queue_id  message queue ID obtained with \ref osMessageCreate.
1095:System/FreeRTOS/CMSIS_RTOS/cmsis_os.c **** * @param  millisec  timeout value or 0 in case of no time-out.
1096:System/FreeRTOS/CMSIS_RTOS/cmsis_os.c **** * @retval event information that includes status code.
1097:System/FreeRTOS/CMSIS_RTOS/cmsis_os.c **** * @note   MUST REMAIN UNCHANGED: \b osMessageGet shall be consistent in every CMSIS-RTOS.
1098:System/FreeRTOS/CMSIS_RTOS/cmsis_os.c **** */
1099:System/FreeRTOS/CMSIS_RTOS/cmsis_os.c **** osEvent osMessageGet (osMessageQId queue_id, uint32_t millisec)
1100:System/FreeRTOS/CMSIS_RTOS/cmsis_os.c **** {
 2619              		.loc 1 1100 1
 2620              		.cfi_startproc
 2621              		@ args = 0, pretend = 0, frame = 40
 2622              		@ frame_needed = 1, uses_anonymous_args = 0
 2623 0000 90B5     		push	{r4, r7, lr}
 2624              	.LCFI160:
 2625              		.cfi_def_cfa_offset 12
 2626              		.cfi_offset 4, -12
 2627              		.cfi_offset 7, -8
 2628              		.cfi_offset 14, -4
 2629 0002 8BB0     		sub	sp, sp, #44
 2630              	.LCFI161:
 2631              		.cfi_def_cfa_offset 56
 2632 0004 00AF     		add	r7, sp, #0
 2633              	.LCFI162:
 2634              		.cfi_def_cfa_register 7
 2635 0006 F860     		str	r0, [r7, #12]
 2636 0008 B960     		str	r1, [r7, #8]
 2637 000a 7A60     		str	r2, [r7, #4]
1101:System/FreeRTOS/CMSIS_RTOS/cmsis_os.c ****   portBASE_TYPE taskWoken;
1102:System/FreeRTOS/CMSIS_RTOS/cmsis_os.c ****   TickType_t ticks;
1103:System/FreeRTOS/CMSIS_RTOS/cmsis_os.c ****   osEvent event;
1104:System/FreeRTOS/CMSIS_RTOS/cmsis_os.c ****   
1105:System/FreeRTOS/CMSIS_RTOS/cmsis_os.c ****   event.def.message_id = queue_id;
 2638              		.loc 1 1105 24
 2639 000c BB68     		ldr	r3, [r7, #8]
 2640 000e FB61     		str	r3, [r7, #28]
1106:System/FreeRTOS/CMSIS_RTOS/cmsis_os.c ****   event.value.v = 0;
 2641              		.loc 1 1106 17
 2642 0010 0023     		movs	r3, #0
 2643 0012 BB61     		str	r3, [r7, #24]
1107:System/FreeRTOS/CMSIS_RTOS/cmsis_os.c ****   
1108:System/FreeRTOS/CMSIS_RTOS/cmsis_os.c ****   if (queue_id == NULL) {
 2644              		.loc 1 1108 6
 2645 0014 BB68     		ldr	r3, [r7, #8]
 2646 0016 002B     		cmp	r3, #0
 2647 0018 0AD1     		bne	.L159
1109:System/FreeRTOS/CMSIS_RTOS/cmsis_os.c ****     event.status = osErrorParameter;
 2648              		.loc 1 1109 18
 2649 001a 8023     		movs	r3, #128
 2650 001c 7B61     		str	r3, [r7, #20]
1110:System/FreeRTOS/CMSIS_RTOS/cmsis_os.c ****     return event;
 2651              		.loc 1 1110 12
 2652 001e FB68     		ldr	r3, [r7, #12]
 2653 0020 1C46     		mov	r4, r3
 2654 0022 07F11403 		add	r3, r7, #20
 2655 0026 93E80700 		ldm	r3, {r0, r1, r2}
ARM GAS  C:\Users\HUAV\AppData\Local\Temp\cc8AyDdj.s 			page 75


 2656 002a 84E80700 		stm	r4, {r0, r1, r2}
 2657 002e 54E0     		b	.L170
 2658              	.L159:
1111:System/FreeRTOS/CMSIS_RTOS/cmsis_os.c ****   }
1112:System/FreeRTOS/CMSIS_RTOS/cmsis_os.c ****   
1113:System/FreeRTOS/CMSIS_RTOS/cmsis_os.c ****   taskWoken = pdFALSE;
 2659              		.loc 1 1113 13
 2660 0030 0023     		movs	r3, #0
 2661 0032 3B62     		str	r3, [r7, #32]
1114:System/FreeRTOS/CMSIS_RTOS/cmsis_os.c ****   
1115:System/FreeRTOS/CMSIS_RTOS/cmsis_os.c ****   ticks = 0;
 2662              		.loc 1 1115 9
 2663 0034 0023     		movs	r3, #0
 2664 0036 7B62     		str	r3, [r7, #36]
1116:System/FreeRTOS/CMSIS_RTOS/cmsis_os.c ****   if (millisec == osWaitForever) {
 2665              		.loc 1 1116 6
 2666 0038 7B68     		ldr	r3, [r7, #4]
 2667 003a B3F1FF3F 		cmp	r3, #-1
 2668 003e 03D1     		bne	.L161
1117:System/FreeRTOS/CMSIS_RTOS/cmsis_os.c ****     ticks = portMAX_DELAY;
 2669              		.loc 1 1117 11
 2670 0040 4FF0FF33 		mov	r3, #-1
 2671 0044 7B62     		str	r3, [r7, #36]
 2672 0046 09E0     		b	.L162
 2673              	.L161:
1118:System/FreeRTOS/CMSIS_RTOS/cmsis_os.c ****   }
1119:System/FreeRTOS/CMSIS_RTOS/cmsis_os.c ****   else if (millisec != 0) {
 2674              		.loc 1 1119 11
 2675 0048 7B68     		ldr	r3, [r7, #4]
 2676 004a 002B     		cmp	r3, #0
 2677 004c 06D0     		beq	.L162
1120:System/FreeRTOS/CMSIS_RTOS/cmsis_os.c ****     ticks = millisec / portTICK_PERIOD_MS;
 2678              		.loc 1 1120 11
 2679 004e 7B68     		ldr	r3, [r7, #4]
 2680 0050 7B62     		str	r3, [r7, #36]
1121:System/FreeRTOS/CMSIS_RTOS/cmsis_os.c ****     if (ticks == 0) {
 2681              		.loc 1 1121 8
 2682 0052 7B6A     		ldr	r3, [r7, #36]
 2683 0054 002B     		cmp	r3, #0
 2684 0056 01D1     		bne	.L162
1122:System/FreeRTOS/CMSIS_RTOS/cmsis_os.c ****       ticks = 1;
 2685              		.loc 1 1122 13
 2686 0058 0123     		movs	r3, #1
 2687 005a 7B62     		str	r3, [r7, #36]
 2688              	.L162:
1123:System/FreeRTOS/CMSIS_RTOS/cmsis_os.c ****     }
1124:System/FreeRTOS/CMSIS_RTOS/cmsis_os.c ****   }
1125:System/FreeRTOS/CMSIS_RTOS/cmsis_os.c ****   
1126:System/FreeRTOS/CMSIS_RTOS/cmsis_os.c ****   if (inHandlerMode()) {
 2689              		.loc 1 1126 7
 2690 005c FFF7FEFF 		bl	inHandlerMode
 2691 0060 0346     		mov	r3, r0
 2692              		.loc 1 1126 6
 2693 0062 002B     		cmp	r3, #0
 2694 0064 1CD0     		beq	.L163
1127:System/FreeRTOS/CMSIS_RTOS/cmsis_os.c ****     if (xQueueReceiveFromISR(queue_id, &event.value.v, &taskWoken) == pdTRUE) {
 2695              		.loc 1 1127 9
ARM GAS  C:\Users\HUAV\AppData\Local\Temp\cc8AyDdj.s 			page 76


 2696 0066 07F12002 		add	r2, r7, #32
 2697 006a 07F11403 		add	r3, r7, #20
 2698 006e 0433     		adds	r3, r3, #4
 2699 0070 1946     		mov	r1, r3
 2700 0072 B868     		ldr	r0, [r7, #8]
 2701 0074 FFF7FEFF 		bl	xQueueReceiveFromISR
 2702 0078 0346     		mov	r3, r0
 2703              		.loc 1 1127 8
 2704 007a 012B     		cmp	r3, #1
 2705 007c 02D1     		bne	.L164
1128:System/FreeRTOS/CMSIS_RTOS/cmsis_os.c ****       /* We have mail */
1129:System/FreeRTOS/CMSIS_RTOS/cmsis_os.c ****       event.status = osEventMessage;
 2706              		.loc 1 1129 20
 2707 007e 1023     		movs	r3, #16
 2708 0080 7B61     		str	r3, [r7, #20]
 2709 0082 01E0     		b	.L165
 2710              	.L164:
1130:System/FreeRTOS/CMSIS_RTOS/cmsis_os.c ****     }
1131:System/FreeRTOS/CMSIS_RTOS/cmsis_os.c ****     else {
1132:System/FreeRTOS/CMSIS_RTOS/cmsis_os.c ****       event.status = osOK;
 2711              		.loc 1 1132 20
 2712 0084 0023     		movs	r3, #0
 2713 0086 7B61     		str	r3, [r7, #20]
 2714              	.L165:
1133:System/FreeRTOS/CMSIS_RTOS/cmsis_os.c ****     }
1134:System/FreeRTOS/CMSIS_RTOS/cmsis_os.c ****     portEND_SWITCHING_ISR(taskWoken);
 2715              		.loc 1 1134 5
 2716 0088 3B6A     		ldr	r3, [r7, #32]
 2717 008a 002B     		cmp	r3, #0
 2718 008c 1DD0     		beq	.L166
 2719              		.loc 1 1134 5 is_stmt 0 discriminator 1
 2720 008e 154B     		ldr	r3, .L171
 2721 0090 4FF08052 		mov	r2, #268435456
 2722 0094 1A60     		str	r2, [r3]
 2723              		.syntax unified
 2724              	@ 1134 "System/FreeRTOS/CMSIS_RTOS/cmsis_os.c" 1
 2725 0096 BFF34F8F 		dsb
 2726              	@ 0 "" 2
 2727              	@ 1134 "System/FreeRTOS/CMSIS_RTOS/cmsis_os.c" 1
 2728 009a BFF36F8F 		isb
 2729              	@ 0 "" 2
 2730              		.thumb
 2731              		.syntax unified
 2732 009e 14E0     		b	.L166
 2733              	.L163:
1135:System/FreeRTOS/CMSIS_RTOS/cmsis_os.c ****   }
1136:System/FreeRTOS/CMSIS_RTOS/cmsis_os.c ****   else {
1137:System/FreeRTOS/CMSIS_RTOS/cmsis_os.c ****     if (xQueueReceive(queue_id, &event.value.v, ticks) == pdTRUE) {
 2734              		.loc 1 1137 9 is_stmt 1
 2735 00a0 07F11403 		add	r3, r7, #20
 2736 00a4 0433     		adds	r3, r3, #4
 2737 00a6 7A6A     		ldr	r2, [r7, #36]
 2738 00a8 1946     		mov	r1, r3
 2739 00aa B868     		ldr	r0, [r7, #8]
 2740 00ac FFF7FEFF 		bl	xQueueReceive
 2741 00b0 0346     		mov	r3, r0
 2742              		.loc 1 1137 8
ARM GAS  C:\Users\HUAV\AppData\Local\Temp\cc8AyDdj.s 			page 77


 2743 00b2 012B     		cmp	r3, #1
 2744 00b4 02D1     		bne	.L167
1138:System/FreeRTOS/CMSIS_RTOS/cmsis_os.c ****       /* We have mail */
1139:System/FreeRTOS/CMSIS_RTOS/cmsis_os.c ****       event.status = osEventMessage;
 2745              		.loc 1 1139 20
 2746 00b6 1023     		movs	r3, #16
 2747 00b8 7B61     		str	r3, [r7, #20]
 2748 00ba 06E0     		b	.L166
 2749              	.L167:
1140:System/FreeRTOS/CMSIS_RTOS/cmsis_os.c ****     }
1141:System/FreeRTOS/CMSIS_RTOS/cmsis_os.c ****     else {
1142:System/FreeRTOS/CMSIS_RTOS/cmsis_os.c ****       event.status = (ticks == 0) ? osOK : osEventTimeout;
 2750              		.loc 1 1142 42
 2751 00bc 7B6A     		ldr	r3, [r7, #36]
 2752 00be 002B     		cmp	r3, #0
 2753 00c0 01D1     		bne	.L168
 2754              		.loc 1 1142 42 is_stmt 0 discriminator 1
 2755 00c2 0023     		movs	r3, #0
 2756 00c4 00E0     		b	.L169
 2757              	.L168:
 2758              		.loc 1 1142 42 discriminator 2
 2759 00c6 4023     		movs	r3, #64
 2760              	.L169:
 2761              		.loc 1 1142 20 is_stmt 1 discriminator 4
 2762 00c8 7B61     		str	r3, [r7, #20]
 2763              	.L166:
1143:System/FreeRTOS/CMSIS_RTOS/cmsis_os.c ****     }
1144:System/FreeRTOS/CMSIS_RTOS/cmsis_os.c ****   }
1145:System/FreeRTOS/CMSIS_RTOS/cmsis_os.c ****   
1146:System/FreeRTOS/CMSIS_RTOS/cmsis_os.c ****   return event;
 2764              		.loc 1 1146 10
 2765 00ca FB68     		ldr	r3, [r7, #12]
 2766 00cc 1C46     		mov	r4, r3
 2767 00ce 07F11403 		add	r3, r7, #20
 2768 00d2 93E80700 		ldm	r3, {r0, r1, r2}
 2769 00d6 84E80700 		stm	r4, {r0, r1, r2}
 2770              	.L170:
1147:System/FreeRTOS/CMSIS_RTOS/cmsis_os.c **** }
 2771              		.loc 1 1147 1 discriminator 1
 2772 00da F868     		ldr	r0, [r7, #12]
 2773 00dc 2C37     		adds	r7, r7, #44
 2774              	.LCFI163:
 2775              		.cfi_def_cfa_offset 12
 2776 00de BD46     		mov	sp, r7
 2777              	.LCFI164:
 2778              		.cfi_def_cfa_register 13
 2779              		@ sp needed
 2780 00e0 90BD     		pop	{r4, r7, pc}
 2781              	.L172:
 2782 00e2 00BF     		.align	2
 2783              	.L171:
 2784 00e4 04ED00E0 		.word	-536810236
 2785              		.cfi_endproc
 2786              	.LFE142:
 2788              		.section	.text.osMailCreate,"ax",%progbits
 2789              		.align	1
 2790              		.global	osMailCreate
ARM GAS  C:\Users\HUAV\AppData\Local\Temp\cc8AyDdj.s 			page 78


 2791              		.syntax unified
 2792              		.thumb
 2793              		.thumb_func
 2795              	osMailCreate:
 2796              	.LFB143:
1148:System/FreeRTOS/CMSIS_RTOS/cmsis_os.c **** 
1149:System/FreeRTOS/CMSIS_RTOS/cmsis_os.c **** #endif     /* Use Message Queues */
1150:System/FreeRTOS/CMSIS_RTOS/cmsis_os.c **** 
1151:System/FreeRTOS/CMSIS_RTOS/cmsis_os.c **** /********************   Mail Queue Management Functions  ***********************/
1152:System/FreeRTOS/CMSIS_RTOS/cmsis_os.c **** #if (defined (osFeature_MailQ)  &&  (osFeature_MailQ != 0))  /* Use Mail Queues */
1153:System/FreeRTOS/CMSIS_RTOS/cmsis_os.c **** 
1154:System/FreeRTOS/CMSIS_RTOS/cmsis_os.c **** 
1155:System/FreeRTOS/CMSIS_RTOS/cmsis_os.c **** typedef struct os_mailQ_cb {
1156:System/FreeRTOS/CMSIS_RTOS/cmsis_os.c ****   const osMailQDef_t *queue_def;
1157:System/FreeRTOS/CMSIS_RTOS/cmsis_os.c ****   QueueHandle_t handle;
1158:System/FreeRTOS/CMSIS_RTOS/cmsis_os.c ****   osPoolId pool;
1159:System/FreeRTOS/CMSIS_RTOS/cmsis_os.c **** } os_mailQ_cb_t;
1160:System/FreeRTOS/CMSIS_RTOS/cmsis_os.c **** 
1161:System/FreeRTOS/CMSIS_RTOS/cmsis_os.c **** /**
1162:System/FreeRTOS/CMSIS_RTOS/cmsis_os.c **** * @brief Create and Initialize mail queue
1163:System/FreeRTOS/CMSIS_RTOS/cmsis_os.c **** * @param  queue_def     reference to the mail queue definition obtain with \ref osMailQ
1164:System/FreeRTOS/CMSIS_RTOS/cmsis_os.c **** * @param   thread_id     thread ID (obtained by \ref osThreadCreate or \ref osThreadGetId) or NULL.
1165:System/FreeRTOS/CMSIS_RTOS/cmsis_os.c **** * @retval mail queue ID for reference by other functions or NULL in case of error.
1166:System/FreeRTOS/CMSIS_RTOS/cmsis_os.c **** * @note   MUST REMAIN UNCHANGED: \b osMailCreate shall be consistent in every CMSIS-RTOS.
1167:System/FreeRTOS/CMSIS_RTOS/cmsis_os.c **** */
1168:System/FreeRTOS/CMSIS_RTOS/cmsis_os.c **** osMailQId osMailCreate (const osMailQDef_t *queue_def, osThreadId thread_id)
1169:System/FreeRTOS/CMSIS_RTOS/cmsis_os.c **** {
 2797              		.loc 1 1169 1
 2798              		.cfi_startproc
 2799              		@ args = 0, pretend = 0, frame = 24
 2800              		@ frame_needed = 1, uses_anonymous_args = 0
 2801 0000 90B5     		push	{r4, r7, lr}
 2802              	.LCFI165:
 2803              		.cfi_def_cfa_offset 12
 2804              		.cfi_offset 4, -12
 2805              		.cfi_offset 7, -8
 2806              		.cfi_offset 14, -4
 2807 0002 87B0     		sub	sp, sp, #28
 2808              	.LCFI166:
 2809              		.cfi_def_cfa_offset 40
 2810 0004 00AF     		add	r7, sp, #0
 2811              	.LCFI167:
 2812              		.cfi_def_cfa_register 7
 2813 0006 7860     		str	r0, [r7, #4]
 2814 0008 3960     		str	r1, [r7]
1170:System/FreeRTOS/CMSIS_RTOS/cmsis_os.c **** #if (configSUPPORT_DYNAMIC_ALLOCATION == 1)
1171:System/FreeRTOS/CMSIS_RTOS/cmsis_os.c ****   (void) thread_id;
1172:System/FreeRTOS/CMSIS_RTOS/cmsis_os.c ****   
1173:System/FreeRTOS/CMSIS_RTOS/cmsis_os.c ****   osPoolDef_t pool_def = {queue_def->queue_sz, queue_def->item_sz, NULL};
 2815              		.loc 1 1173 36
 2816 000a 7B68     		ldr	r3, [r7, #4]
 2817 000c 1B68     		ldr	r3, [r3]
 2818              		.loc 1 1173 15
 2819 000e FB60     		str	r3, [r7, #12]
 2820              		.loc 1 1173 57
 2821 0010 7B68     		ldr	r3, [r7, #4]
 2822 0012 5B68     		ldr	r3, [r3, #4]
ARM GAS  C:\Users\HUAV\AppData\Local\Temp\cc8AyDdj.s 			page 79


 2823              		.loc 1 1173 15
 2824 0014 3B61     		str	r3, [r7, #16]
 2825 0016 0023     		movs	r3, #0
 2826 0018 7B61     		str	r3, [r7, #20]
1174:System/FreeRTOS/CMSIS_RTOS/cmsis_os.c ****   
1175:System/FreeRTOS/CMSIS_RTOS/cmsis_os.c ****   /* Create a mail queue control block */
1176:System/FreeRTOS/CMSIS_RTOS/cmsis_os.c **** 
1177:System/FreeRTOS/CMSIS_RTOS/cmsis_os.c ****   *(queue_def->cb) = pvPortMalloc(sizeof(struct os_mailQ_cb));
 2827              		.loc 1 1177 14
 2828 001a 7B68     		ldr	r3, [r7, #4]
 2829 001c 9C68     		ldr	r4, [r3, #8]
 2830              		.loc 1 1177 22
 2831 001e 0C20     		movs	r0, #12
 2832 0020 FFF7FEFF 		bl	pvPortMalloc
 2833 0024 0346     		mov	r3, r0
 2834              		.loc 1 1177 20
 2835 0026 2360     		str	r3, [r4]
1178:System/FreeRTOS/CMSIS_RTOS/cmsis_os.c **** 
1179:System/FreeRTOS/CMSIS_RTOS/cmsis_os.c ****   if (*(queue_def->cb) == NULL) {
 2836              		.loc 1 1179 18
 2837 0028 7B68     		ldr	r3, [r7, #4]
 2838 002a 9B68     		ldr	r3, [r3, #8]
 2839              		.loc 1 1179 7
 2840 002c 1B68     		ldr	r3, [r3]
 2841              		.loc 1 1179 6
 2842 002e 002B     		cmp	r3, #0
 2843 0030 01D1     		bne	.L174
1180:System/FreeRTOS/CMSIS_RTOS/cmsis_os.c ****     return NULL;
 2844              		.loc 1 1180 12
 2845 0032 0023     		movs	r3, #0
 2846 0034 38E0     		b	.L178
 2847              	.L174:
1181:System/FreeRTOS/CMSIS_RTOS/cmsis_os.c ****   }
1182:System/FreeRTOS/CMSIS_RTOS/cmsis_os.c ****   (*(queue_def->cb))->queue_def = queue_def;
 2848              		.loc 1 1182 15
 2849 0036 7B68     		ldr	r3, [r7, #4]
 2850 0038 9B68     		ldr	r3, [r3, #8]
 2851              		.loc 1 1182 4
 2852 003a 1B68     		ldr	r3, [r3]
 2853              		.loc 1 1182 33
 2854 003c 7A68     		ldr	r2, [r7, #4]
 2855 003e 1A60     		str	r2, [r3]
1183:System/FreeRTOS/CMSIS_RTOS/cmsis_os.c ****   
1184:System/FreeRTOS/CMSIS_RTOS/cmsis_os.c ****   /* Create a queue in FreeRTOS */
1185:System/FreeRTOS/CMSIS_RTOS/cmsis_os.c ****   (*(queue_def->cb))->handle = xQueueCreate(queue_def->queue_sz, sizeof(void *));
 2856              		.loc 1 1185 32
 2857 0040 7B68     		ldr	r3, [r7, #4]
 2858 0042 1868     		ldr	r0, [r3]
 2859              		.loc 1 1185 15
 2860 0044 7B68     		ldr	r3, [r7, #4]
 2861 0046 9B68     		ldr	r3, [r3, #8]
 2862              		.loc 1 1185 4
 2863 0048 1C68     		ldr	r4, [r3]
 2864              		.loc 1 1185 32
 2865 004a 0022     		movs	r2, #0
 2866 004c 0421     		movs	r1, #4
 2867 004e FFF7FEFF 		bl	xQueueGenericCreate
ARM GAS  C:\Users\HUAV\AppData\Local\Temp\cc8AyDdj.s 			page 80


 2868 0052 0346     		mov	r3, r0
 2869              		.loc 1 1185 30
 2870 0054 6360     		str	r3, [r4, #4]
1186:System/FreeRTOS/CMSIS_RTOS/cmsis_os.c **** 
1187:System/FreeRTOS/CMSIS_RTOS/cmsis_os.c **** 
1188:System/FreeRTOS/CMSIS_RTOS/cmsis_os.c ****   if ((*(queue_def->cb))->handle == NULL) {
 2871              		.loc 1 1188 19
 2872 0056 7B68     		ldr	r3, [r7, #4]
 2873 0058 9B68     		ldr	r3, [r3, #8]
 2874              		.loc 1 1188 8
 2875 005a 1B68     		ldr	r3, [r3]
 2876              		.loc 1 1188 25
 2877 005c 5B68     		ldr	r3, [r3, #4]
 2878              		.loc 1 1188 6
 2879 005e 002B     		cmp	r3, #0
 2880 0060 07D1     		bne	.L176
1189:System/FreeRTOS/CMSIS_RTOS/cmsis_os.c ****     vPortFree(*(queue_def->cb));
 2881              		.loc 1 1189 26
 2882 0062 7B68     		ldr	r3, [r7, #4]
 2883 0064 9B68     		ldr	r3, [r3, #8]
 2884              		.loc 1 1189 5
 2885 0066 1B68     		ldr	r3, [r3]
 2886 0068 1846     		mov	r0, r3
 2887 006a FFF7FEFF 		bl	vPortFree
1190:System/FreeRTOS/CMSIS_RTOS/cmsis_os.c ****     return NULL;
 2888              		.loc 1 1190 12
 2889 006e 0023     		movs	r3, #0
 2890 0070 1AE0     		b	.L178
 2891              	.L176:
1191:System/FreeRTOS/CMSIS_RTOS/cmsis_os.c ****   }
1192:System/FreeRTOS/CMSIS_RTOS/cmsis_os.c ****   
1193:System/FreeRTOS/CMSIS_RTOS/cmsis_os.c ****   /* Create a mail pool */
1194:System/FreeRTOS/CMSIS_RTOS/cmsis_os.c ****   (*(queue_def->cb))->pool = osPoolCreate(&pool_def);
 2892              		.loc 1 1194 15
 2893 0072 7B68     		ldr	r3, [r7, #4]
 2894 0074 9B68     		ldr	r3, [r3, #8]
 2895              		.loc 1 1194 4
 2896 0076 1C68     		ldr	r4, [r3]
 2897              		.loc 1 1194 30
 2898 0078 07F10C03 		add	r3, r7, #12
 2899 007c 1846     		mov	r0, r3
 2900 007e FFF7FEFF 		bl	osPoolCreate
 2901 0082 0346     		mov	r3, r0
 2902              		.loc 1 1194 28
 2903 0084 A360     		str	r3, [r4, #8]
1195:System/FreeRTOS/CMSIS_RTOS/cmsis_os.c ****   if ((*(queue_def->cb))->pool == NULL) {
 2904              		.loc 1 1195 19
 2905 0086 7B68     		ldr	r3, [r7, #4]
 2906 0088 9B68     		ldr	r3, [r3, #8]
 2907              		.loc 1 1195 8
 2908 008a 1B68     		ldr	r3, [r3]
 2909              		.loc 1 1195 25
 2910 008c 9B68     		ldr	r3, [r3, #8]
 2911              		.loc 1 1195 6
 2912 008e 002B     		cmp	r3, #0
 2913 0090 07D1     		bne	.L177
1196:System/FreeRTOS/CMSIS_RTOS/cmsis_os.c ****     //TODO: Delete queue. How to do it in FreeRTOS?
ARM GAS  C:\Users\HUAV\AppData\Local\Temp\cc8AyDdj.s 			page 81


1197:System/FreeRTOS/CMSIS_RTOS/cmsis_os.c ****     vPortFree(*(queue_def->cb));
 2914              		.loc 1 1197 26
 2915 0092 7B68     		ldr	r3, [r7, #4]
 2916 0094 9B68     		ldr	r3, [r3, #8]
 2917              		.loc 1 1197 5
 2918 0096 1B68     		ldr	r3, [r3]
 2919 0098 1846     		mov	r0, r3
 2920 009a FFF7FEFF 		bl	vPortFree
1198:System/FreeRTOS/CMSIS_RTOS/cmsis_os.c ****     return NULL;
 2921              		.loc 1 1198 12
 2922 009e 0023     		movs	r3, #0
 2923 00a0 02E0     		b	.L178
 2924              	.L177:
1199:System/FreeRTOS/CMSIS_RTOS/cmsis_os.c ****   }
1200:System/FreeRTOS/CMSIS_RTOS/cmsis_os.c ****   
1201:System/FreeRTOS/CMSIS_RTOS/cmsis_os.c ****   return *(queue_def->cb);
 2925              		.loc 1 1201 21
 2926 00a2 7B68     		ldr	r3, [r7, #4]
 2927 00a4 9B68     		ldr	r3, [r3, #8]
 2928              		.loc 1 1201 10
 2929 00a6 1B68     		ldr	r3, [r3]
 2930              	.L178:
1202:System/FreeRTOS/CMSIS_RTOS/cmsis_os.c **** #else
1203:System/FreeRTOS/CMSIS_RTOS/cmsis_os.c ****   return NULL;
1204:System/FreeRTOS/CMSIS_RTOS/cmsis_os.c **** #endif
1205:System/FreeRTOS/CMSIS_RTOS/cmsis_os.c **** }
 2931              		.loc 1 1205 1 discriminator 1
 2932 00a8 1846     		mov	r0, r3
 2933 00aa 1C37     		adds	r7, r7, #28
 2934              	.LCFI168:
 2935              		.cfi_def_cfa_offset 12
 2936 00ac BD46     		mov	sp, r7
 2937              	.LCFI169:
 2938              		.cfi_def_cfa_register 13
 2939              		@ sp needed
 2940 00ae 90BD     		pop	{r4, r7, pc}
 2941              		.cfi_endproc
 2942              	.LFE143:
 2944              		.section	.text.osMailAlloc,"ax",%progbits
 2945              		.align	1
 2946              		.global	osMailAlloc
 2947              		.syntax unified
 2948              		.thumb
 2949              		.thumb_func
 2951              	osMailAlloc:
 2952              	.LFB144:
1206:System/FreeRTOS/CMSIS_RTOS/cmsis_os.c **** 
1207:System/FreeRTOS/CMSIS_RTOS/cmsis_os.c **** /**
1208:System/FreeRTOS/CMSIS_RTOS/cmsis_os.c **** * @brief Allocate a memory block from a mail
1209:System/FreeRTOS/CMSIS_RTOS/cmsis_os.c **** * @param  queue_id      mail queue ID obtained with \ref osMailCreate.
1210:System/FreeRTOS/CMSIS_RTOS/cmsis_os.c **** * @param  millisec      timeout value or 0 in case of no time-out.
1211:System/FreeRTOS/CMSIS_RTOS/cmsis_os.c **** * @retval pointer to memory block that can be filled with mail or NULL in case error.
1212:System/FreeRTOS/CMSIS_RTOS/cmsis_os.c **** * @note   MUST REMAIN UNCHANGED: \b osMailAlloc shall be consistent in every CMSIS-RTOS.
1213:System/FreeRTOS/CMSIS_RTOS/cmsis_os.c **** */
1214:System/FreeRTOS/CMSIS_RTOS/cmsis_os.c **** void *osMailAlloc (osMailQId queue_id, uint32_t millisec)
1215:System/FreeRTOS/CMSIS_RTOS/cmsis_os.c **** {
 2953              		.loc 1 1215 1
ARM GAS  C:\Users\HUAV\AppData\Local\Temp\cc8AyDdj.s 			page 82


 2954              		.cfi_startproc
 2955              		@ args = 0, pretend = 0, frame = 16
 2956              		@ frame_needed = 1, uses_anonymous_args = 0
 2957 0000 80B5     		push	{r7, lr}
 2958              	.LCFI170:
 2959              		.cfi_def_cfa_offset 8
 2960              		.cfi_offset 7, -8
 2961              		.cfi_offset 14, -4
 2962 0002 84B0     		sub	sp, sp, #16
 2963              	.LCFI171:
 2964              		.cfi_def_cfa_offset 24
 2965 0004 00AF     		add	r7, sp, #0
 2966              	.LCFI172:
 2967              		.cfi_def_cfa_register 7
 2968 0006 7860     		str	r0, [r7, #4]
 2969 0008 3960     		str	r1, [r7]
1216:System/FreeRTOS/CMSIS_RTOS/cmsis_os.c ****   (void) millisec;
1217:System/FreeRTOS/CMSIS_RTOS/cmsis_os.c ****   void *p;
1218:System/FreeRTOS/CMSIS_RTOS/cmsis_os.c ****   
1219:System/FreeRTOS/CMSIS_RTOS/cmsis_os.c ****   
1220:System/FreeRTOS/CMSIS_RTOS/cmsis_os.c ****   if (queue_id == NULL) {
 2970              		.loc 1 1220 6
 2971 000a 7B68     		ldr	r3, [r7, #4]
 2972 000c 002B     		cmp	r3, #0
 2973 000e 01D1     		bne	.L180
1221:System/FreeRTOS/CMSIS_RTOS/cmsis_os.c ****     return NULL;
 2974              		.loc 1 1221 12
 2975 0010 0023     		movs	r3, #0
 2976 0012 06E0     		b	.L181
 2977              	.L180:
1222:System/FreeRTOS/CMSIS_RTOS/cmsis_os.c ****   }
1223:System/FreeRTOS/CMSIS_RTOS/cmsis_os.c ****   
1224:System/FreeRTOS/CMSIS_RTOS/cmsis_os.c ****   p = osPoolAlloc(queue_id->pool);
 2978              		.loc 1 1224 7
 2979 0014 7B68     		ldr	r3, [r7, #4]
 2980 0016 9B68     		ldr	r3, [r3, #8]
 2981 0018 1846     		mov	r0, r3
 2982 001a FFF7FEFF 		bl	osPoolAlloc
 2983 001e F860     		str	r0, [r7, #12]
1225:System/FreeRTOS/CMSIS_RTOS/cmsis_os.c ****   
1226:System/FreeRTOS/CMSIS_RTOS/cmsis_os.c ****   return p;
 2984              		.loc 1 1226 10
 2985 0020 FB68     		ldr	r3, [r7, #12]
 2986              	.L181:
1227:System/FreeRTOS/CMSIS_RTOS/cmsis_os.c **** }
 2987              		.loc 1 1227 1
 2988 0022 1846     		mov	r0, r3
 2989 0024 1037     		adds	r7, r7, #16
 2990              	.LCFI173:
 2991              		.cfi_def_cfa_offset 8
 2992 0026 BD46     		mov	sp, r7
 2993              	.LCFI174:
 2994              		.cfi_def_cfa_register 13
 2995              		@ sp needed
 2996 0028 80BD     		pop	{r7, pc}
 2997              		.cfi_endproc
 2998              	.LFE144:
ARM GAS  C:\Users\HUAV\AppData\Local\Temp\cc8AyDdj.s 			page 83


 3000              		.section	.text.osMailCAlloc,"ax",%progbits
 3001              		.align	1
 3002              		.global	osMailCAlloc
 3003              		.syntax unified
 3004              		.thumb
 3005              		.thumb_func
 3007              	osMailCAlloc:
 3008              	.LFB145:
1228:System/FreeRTOS/CMSIS_RTOS/cmsis_os.c **** 
1229:System/FreeRTOS/CMSIS_RTOS/cmsis_os.c **** /**
1230:System/FreeRTOS/CMSIS_RTOS/cmsis_os.c **** * @brief Allocate a memory block from a mail and set memory block to zero
1231:System/FreeRTOS/CMSIS_RTOS/cmsis_os.c **** * @param  queue_id      mail queue ID obtained with \ref osMailCreate.
1232:System/FreeRTOS/CMSIS_RTOS/cmsis_os.c **** * @param  millisec      timeout value or 0 in case of no time-out.
1233:System/FreeRTOS/CMSIS_RTOS/cmsis_os.c **** * @retval pointer to memory block that can be filled with mail or NULL in case error.
1234:System/FreeRTOS/CMSIS_RTOS/cmsis_os.c **** * @note   MUST REMAIN UNCHANGED: \b osMailCAlloc shall be consistent in every CMSIS-RTOS.
1235:System/FreeRTOS/CMSIS_RTOS/cmsis_os.c **** */
1236:System/FreeRTOS/CMSIS_RTOS/cmsis_os.c **** void *osMailCAlloc (osMailQId queue_id, uint32_t millisec)
1237:System/FreeRTOS/CMSIS_RTOS/cmsis_os.c **** {
 3009              		.loc 1 1237 1
 3010              		.cfi_startproc
 3011              		@ args = 0, pretend = 0, frame = 16
 3012              		@ frame_needed = 1, uses_anonymous_args = 0
 3013 0000 80B5     		push	{r7, lr}
 3014              	.LCFI175:
 3015              		.cfi_def_cfa_offset 8
 3016              		.cfi_offset 7, -8
 3017              		.cfi_offset 14, -4
 3018 0002 84B0     		sub	sp, sp, #16
 3019              	.LCFI176:
 3020              		.cfi_def_cfa_offset 24
 3021 0004 00AF     		add	r7, sp, #0
 3022              	.LCFI177:
 3023              		.cfi_def_cfa_register 7
 3024 0006 7860     		str	r0, [r7, #4]
 3025 0008 3960     		str	r1, [r7]
1238:System/FreeRTOS/CMSIS_RTOS/cmsis_os.c ****   uint32_t i;
1239:System/FreeRTOS/CMSIS_RTOS/cmsis_os.c ****   void *p = osMailAlloc(queue_id, millisec);
 3026              		.loc 1 1239 13
 3027 000a 3968     		ldr	r1, [r7]
 3028 000c 7868     		ldr	r0, [r7, #4]
 3029 000e FFF7FEFF 		bl	osMailAlloc
 3030 0012 B860     		str	r0, [r7, #8]
1240:System/FreeRTOS/CMSIS_RTOS/cmsis_os.c ****   
1241:System/FreeRTOS/CMSIS_RTOS/cmsis_os.c ****   if (p) {
 3031              		.loc 1 1241 6
 3032 0014 BB68     		ldr	r3, [r7, #8]
 3033 0016 002B     		cmp	r3, #0
 3034 0018 10D0     		beq	.L183
1242:System/FreeRTOS/CMSIS_RTOS/cmsis_os.c ****     for (i = 0; i < queue_id->queue_def->item_sz; i++) {
 3035              		.loc 1 1242 12
 3036 001a 0023     		movs	r3, #0
 3037 001c FB60     		str	r3, [r7, #12]
 3038              		.loc 1 1242 5
 3039 001e 07E0     		b	.L184
 3040              	.L185:
1243:System/FreeRTOS/CMSIS_RTOS/cmsis_os.c ****       ((uint8_t *)p)[i] = 0;
 3041              		.loc 1 1243 21 discriminator 3
ARM GAS  C:\Users\HUAV\AppData\Local\Temp\cc8AyDdj.s 			page 84


 3042 0020 BA68     		ldr	r2, [r7, #8]
 3043 0022 FB68     		ldr	r3, [r7, #12]
 3044 0024 1344     		add	r3, r3, r2
 3045              		.loc 1 1243 25 discriminator 3
 3046 0026 0022     		movs	r2, #0
 3047 0028 1A70     		strb	r2, [r3]
1242:System/FreeRTOS/CMSIS_RTOS/cmsis_os.c ****     for (i = 0; i < queue_id->queue_def->item_sz; i++) {
 3048              		.loc 1 1242 52 discriminator 3
 3049 002a FB68     		ldr	r3, [r7, #12]
 3050 002c 0133     		adds	r3, r3, #1
 3051 002e FB60     		str	r3, [r7, #12]
 3052              	.L184:
1242:System/FreeRTOS/CMSIS_RTOS/cmsis_os.c ****     for (i = 0; i < queue_id->queue_def->item_sz; i++) {
 3053              		.loc 1 1242 29 discriminator 1
 3054 0030 7B68     		ldr	r3, [r7, #4]
 3055 0032 1B68     		ldr	r3, [r3]
1242:System/FreeRTOS/CMSIS_RTOS/cmsis_os.c ****     for (i = 0; i < queue_id->queue_def->item_sz; i++) {
 3056              		.loc 1 1242 40 discriminator 1
 3057 0034 5B68     		ldr	r3, [r3, #4]
1242:System/FreeRTOS/CMSIS_RTOS/cmsis_os.c ****     for (i = 0; i < queue_id->queue_def->item_sz; i++) {
 3058              		.loc 1 1242 5 discriminator 1
 3059 0036 FA68     		ldr	r2, [r7, #12]
 3060 0038 9A42     		cmp	r2, r3
 3061 003a F1D3     		bcc	.L185
 3062              	.L183:
1244:System/FreeRTOS/CMSIS_RTOS/cmsis_os.c ****     }
1245:System/FreeRTOS/CMSIS_RTOS/cmsis_os.c ****   }
1246:System/FreeRTOS/CMSIS_RTOS/cmsis_os.c ****   
1247:System/FreeRTOS/CMSIS_RTOS/cmsis_os.c ****   return p;
 3063              		.loc 1 1247 10
 3064 003c BB68     		ldr	r3, [r7, #8]
1248:System/FreeRTOS/CMSIS_RTOS/cmsis_os.c **** }
 3065              		.loc 1 1248 1
 3066 003e 1846     		mov	r0, r3
 3067 0040 1037     		adds	r7, r7, #16
 3068              	.LCFI178:
 3069              		.cfi_def_cfa_offset 8
 3070 0042 BD46     		mov	sp, r7
 3071              	.LCFI179:
 3072              		.cfi_def_cfa_register 13
 3073              		@ sp needed
 3074 0044 80BD     		pop	{r7, pc}
 3075              		.cfi_endproc
 3076              	.LFE145:
 3078              		.section	.text.osMailPut,"ax",%progbits
 3079              		.align	1
 3080              		.global	osMailPut
 3081              		.syntax unified
 3082              		.thumb
 3083              		.thumb_func
 3085              	osMailPut:
 3086              	.LFB146:
1249:System/FreeRTOS/CMSIS_RTOS/cmsis_os.c **** 
1250:System/FreeRTOS/CMSIS_RTOS/cmsis_os.c **** /**
1251:System/FreeRTOS/CMSIS_RTOS/cmsis_os.c **** * @brief Put a mail to a queue
1252:System/FreeRTOS/CMSIS_RTOS/cmsis_os.c **** * @param  queue_id      mail queue ID obtained with \ref osMailCreate.
1253:System/FreeRTOS/CMSIS_RTOS/cmsis_os.c **** * @param  mail          memory block previously allocated with \ref osMailAlloc or \ref osMailCAllo
ARM GAS  C:\Users\HUAV\AppData\Local\Temp\cc8AyDdj.s 			page 85


1254:System/FreeRTOS/CMSIS_RTOS/cmsis_os.c **** * @retval status code that indicates the execution status of the function.
1255:System/FreeRTOS/CMSIS_RTOS/cmsis_os.c **** * @note   MUST REMAIN UNCHANGED: \b osMailPut shall be consistent in every CMSIS-RTOS.
1256:System/FreeRTOS/CMSIS_RTOS/cmsis_os.c **** */
1257:System/FreeRTOS/CMSIS_RTOS/cmsis_os.c **** osStatus osMailPut (osMailQId queue_id, void *mail)
1258:System/FreeRTOS/CMSIS_RTOS/cmsis_os.c **** {
 3087              		.loc 1 1258 1
 3088              		.cfi_startproc
 3089              		@ args = 0, pretend = 0, frame = 16
 3090              		@ frame_needed = 1, uses_anonymous_args = 0
 3091 0000 80B5     		push	{r7, lr}
 3092              	.LCFI180:
 3093              		.cfi_def_cfa_offset 8
 3094              		.cfi_offset 7, -8
 3095              		.cfi_offset 14, -4
 3096 0002 84B0     		sub	sp, sp, #16
 3097              	.LCFI181:
 3098              		.cfi_def_cfa_offset 24
 3099 0004 00AF     		add	r7, sp, #0
 3100              	.LCFI182:
 3101              		.cfi_def_cfa_register 7
 3102 0006 7860     		str	r0, [r7, #4]
 3103 0008 3960     		str	r1, [r7]
1259:System/FreeRTOS/CMSIS_RTOS/cmsis_os.c ****   portBASE_TYPE taskWoken;
1260:System/FreeRTOS/CMSIS_RTOS/cmsis_os.c ****   
1261:System/FreeRTOS/CMSIS_RTOS/cmsis_os.c ****   
1262:System/FreeRTOS/CMSIS_RTOS/cmsis_os.c ****   if (queue_id == NULL) {
 3104              		.loc 1 1262 6
 3105 000a 7B68     		ldr	r3, [r7, #4]
 3106 000c 002B     		cmp	r3, #0
 3107 000e 01D1     		bne	.L188
1263:System/FreeRTOS/CMSIS_RTOS/cmsis_os.c ****     return osErrorParameter;
 3108              		.loc 1 1263 12
 3109 0010 8023     		movs	r3, #128
 3110 0012 2CE0     		b	.L193
 3111              	.L188:
1264:System/FreeRTOS/CMSIS_RTOS/cmsis_os.c ****   }
1265:System/FreeRTOS/CMSIS_RTOS/cmsis_os.c ****   
1266:System/FreeRTOS/CMSIS_RTOS/cmsis_os.c ****   taskWoken = pdFALSE;
 3112              		.loc 1 1266 13
 3113 0014 0023     		movs	r3, #0
 3114 0016 FB60     		str	r3, [r7, #12]
1267:System/FreeRTOS/CMSIS_RTOS/cmsis_os.c ****   
1268:System/FreeRTOS/CMSIS_RTOS/cmsis_os.c ****   if (inHandlerMode()) {
 3115              		.loc 1 1268 7
 3116 0018 FFF7FEFF 		bl	inHandlerMode
 3117 001c 0346     		mov	r3, r0
 3118              		.loc 1 1268 6
 3119 001e 002B     		cmp	r3, #0
 3120 0020 18D0     		beq	.L190
1269:System/FreeRTOS/CMSIS_RTOS/cmsis_os.c ****     if (xQueueSendFromISR(queue_id->handle, &mail, &taskWoken) != pdTRUE) {
 3121              		.loc 1 1269 9
 3122 0022 7B68     		ldr	r3, [r7, #4]
 3123 0024 5868     		ldr	r0, [r3, #4]
 3124 0026 07F10C02 		add	r2, r7, #12
 3125 002a 3946     		mov	r1, r7
 3126 002c 0023     		movs	r3, #0
 3127 002e FFF7FEFF 		bl	xQueueGenericSendFromISR
ARM GAS  C:\Users\HUAV\AppData\Local\Temp\cc8AyDdj.s 			page 86


 3128 0032 0346     		mov	r3, r0
 3129              		.loc 1 1269 8
 3130 0034 012B     		cmp	r3, #1
 3131 0036 01D0     		beq	.L191
1270:System/FreeRTOS/CMSIS_RTOS/cmsis_os.c ****       return osErrorOS;
 3132              		.loc 1 1270 14
 3133 0038 FF23     		movs	r3, #255
 3134 003a 18E0     		b	.L193
 3135              	.L191:
1271:System/FreeRTOS/CMSIS_RTOS/cmsis_os.c ****     }
1272:System/FreeRTOS/CMSIS_RTOS/cmsis_os.c ****     portEND_SWITCHING_ISR(taskWoken);
 3136              		.loc 1 1272 5
 3137 003c FB68     		ldr	r3, [r7, #12]
 3138 003e 002B     		cmp	r3, #0
 3139 0040 14D0     		beq	.L192
 3140              		.loc 1 1272 5 is_stmt 0 discriminator 1
 3141 0042 0D4B     		ldr	r3, .L194
 3142 0044 4FF08052 		mov	r2, #268435456
 3143 0048 1A60     		str	r2, [r3]
 3144              		.syntax unified
 3145              	@ 1272 "System/FreeRTOS/CMSIS_RTOS/cmsis_os.c" 1
 3146 004a BFF34F8F 		dsb
 3147              	@ 0 "" 2
 3148              	@ 1272 "System/FreeRTOS/CMSIS_RTOS/cmsis_os.c" 1
 3149 004e BFF36F8F 		isb
 3150              	@ 0 "" 2
 3151              		.thumb
 3152              		.syntax unified
 3153 0052 0BE0     		b	.L192
 3154              	.L190:
1273:System/FreeRTOS/CMSIS_RTOS/cmsis_os.c ****   }
1274:System/FreeRTOS/CMSIS_RTOS/cmsis_os.c ****   else {
1275:System/FreeRTOS/CMSIS_RTOS/cmsis_os.c ****     if (xQueueSend(queue_id->handle, &mail, 0) != pdTRUE) { 
 3155              		.loc 1 1275 9 is_stmt 1
 3156 0054 7B68     		ldr	r3, [r7, #4]
 3157 0056 5868     		ldr	r0, [r3, #4]
 3158 0058 3946     		mov	r1, r7
 3159 005a 0023     		movs	r3, #0
 3160 005c 0022     		movs	r2, #0
 3161 005e FFF7FEFF 		bl	xQueueGenericSend
 3162 0062 0346     		mov	r3, r0
 3163              		.loc 1 1275 8
 3164 0064 012B     		cmp	r3, #1
 3165 0066 01D0     		beq	.L192
1276:System/FreeRTOS/CMSIS_RTOS/cmsis_os.c ****       return osErrorOS;
 3166              		.loc 1 1276 14
 3167 0068 FF23     		movs	r3, #255
 3168 006a 00E0     		b	.L193
 3169              	.L192:
1277:System/FreeRTOS/CMSIS_RTOS/cmsis_os.c ****     }
1278:System/FreeRTOS/CMSIS_RTOS/cmsis_os.c ****   }
1279:System/FreeRTOS/CMSIS_RTOS/cmsis_os.c ****   
1280:System/FreeRTOS/CMSIS_RTOS/cmsis_os.c ****   return osOK;
 3170              		.loc 1 1280 10
 3171 006c 0023     		movs	r3, #0
 3172              	.L193:
1281:System/FreeRTOS/CMSIS_RTOS/cmsis_os.c **** }
ARM GAS  C:\Users\HUAV\AppData\Local\Temp\cc8AyDdj.s 			page 87


 3173              		.loc 1 1281 1 discriminator 1
 3174 006e 1846     		mov	r0, r3
 3175 0070 1037     		adds	r7, r7, #16
 3176              	.LCFI183:
 3177              		.cfi_def_cfa_offset 8
 3178 0072 BD46     		mov	sp, r7
 3179              	.LCFI184:
 3180              		.cfi_def_cfa_register 13
 3181              		@ sp needed
 3182 0074 80BD     		pop	{r7, pc}
 3183              	.L195:
 3184 0076 00BF     		.align	2
 3185              	.L194:
 3186 0078 04ED00E0 		.word	-536810236
 3187              		.cfi_endproc
 3188              	.LFE146:
 3190              		.section	.text.osMailGet,"ax",%progbits
 3191              		.align	1
 3192              		.global	osMailGet
 3193              		.syntax unified
 3194              		.thumb
 3195              		.thumb_func
 3197              	osMailGet:
 3198              	.LFB147:
1282:System/FreeRTOS/CMSIS_RTOS/cmsis_os.c **** 
1283:System/FreeRTOS/CMSIS_RTOS/cmsis_os.c **** /**
1284:System/FreeRTOS/CMSIS_RTOS/cmsis_os.c **** * @brief Get a mail from a queue
1285:System/FreeRTOS/CMSIS_RTOS/cmsis_os.c **** * @param  queue_id   mail queue ID obtained with \ref osMailCreate.
1286:System/FreeRTOS/CMSIS_RTOS/cmsis_os.c **** * @param millisec    timeout value or 0 in case of no time-out
1287:System/FreeRTOS/CMSIS_RTOS/cmsis_os.c **** * @retval event that contains mail information or error code.
1288:System/FreeRTOS/CMSIS_RTOS/cmsis_os.c **** * @note   MUST REMAIN UNCHANGED: \b osMailGet shall be consistent in every CMSIS-RTOS.
1289:System/FreeRTOS/CMSIS_RTOS/cmsis_os.c **** */
1290:System/FreeRTOS/CMSIS_RTOS/cmsis_os.c **** osEvent osMailGet (osMailQId queue_id, uint32_t millisec)
1291:System/FreeRTOS/CMSIS_RTOS/cmsis_os.c **** {
 3199              		.loc 1 1291 1
 3200              		.cfi_startproc
 3201              		@ args = 0, pretend = 0, frame = 40
 3202              		@ frame_needed = 1, uses_anonymous_args = 0
 3203 0000 90B5     		push	{r4, r7, lr}
 3204              	.LCFI185:
 3205              		.cfi_def_cfa_offset 12
 3206              		.cfi_offset 4, -12
 3207              		.cfi_offset 7, -8
 3208              		.cfi_offset 14, -4
 3209 0002 8BB0     		sub	sp, sp, #44
 3210              	.LCFI186:
 3211              		.cfi_def_cfa_offset 56
 3212 0004 00AF     		add	r7, sp, #0
 3213              	.LCFI187:
 3214              		.cfi_def_cfa_register 7
 3215 0006 F860     		str	r0, [r7, #12]
 3216 0008 B960     		str	r1, [r7, #8]
 3217 000a 7A60     		str	r2, [r7, #4]
1292:System/FreeRTOS/CMSIS_RTOS/cmsis_os.c ****   portBASE_TYPE taskWoken;
1293:System/FreeRTOS/CMSIS_RTOS/cmsis_os.c ****   TickType_t ticks;
1294:System/FreeRTOS/CMSIS_RTOS/cmsis_os.c ****   osEvent event;
1295:System/FreeRTOS/CMSIS_RTOS/cmsis_os.c ****   
ARM GAS  C:\Users\HUAV\AppData\Local\Temp\cc8AyDdj.s 			page 88


1296:System/FreeRTOS/CMSIS_RTOS/cmsis_os.c ****   event.def.mail_id = queue_id;
 3218              		.loc 1 1296 21
 3219 000c BB68     		ldr	r3, [r7, #8]
 3220 000e FB61     		str	r3, [r7, #28]
1297:System/FreeRTOS/CMSIS_RTOS/cmsis_os.c ****   
1298:System/FreeRTOS/CMSIS_RTOS/cmsis_os.c ****   if (queue_id == NULL) {
 3221              		.loc 1 1298 6
 3222 0010 BB68     		ldr	r3, [r7, #8]
 3223 0012 002B     		cmp	r3, #0
 3224 0014 0AD1     		bne	.L197
1299:System/FreeRTOS/CMSIS_RTOS/cmsis_os.c ****     event.status = osErrorParameter;
 3225              		.loc 1 1299 18
 3226 0016 8023     		movs	r3, #128
 3227 0018 7B61     		str	r3, [r7, #20]
1300:System/FreeRTOS/CMSIS_RTOS/cmsis_os.c ****     return event;
 3228              		.loc 1 1300 12
 3229 001a FB68     		ldr	r3, [r7, #12]
 3230 001c 1C46     		mov	r4, r3
 3231 001e 07F11403 		add	r3, r7, #20
 3232 0022 93E80700 		ldm	r3, {r0, r1, r2}
 3233 0026 84E80700 		stm	r4, {r0, r1, r2}
 3234 002a 56E0     		b	.L208
 3235              	.L197:
1301:System/FreeRTOS/CMSIS_RTOS/cmsis_os.c ****   }
1302:System/FreeRTOS/CMSIS_RTOS/cmsis_os.c ****   
1303:System/FreeRTOS/CMSIS_RTOS/cmsis_os.c ****   taskWoken = pdFALSE;
 3236              		.loc 1 1303 13
 3237 002c 0023     		movs	r3, #0
 3238 002e 3B62     		str	r3, [r7, #32]
1304:System/FreeRTOS/CMSIS_RTOS/cmsis_os.c ****   
1305:System/FreeRTOS/CMSIS_RTOS/cmsis_os.c ****   ticks = 0;
 3239              		.loc 1 1305 9
 3240 0030 0023     		movs	r3, #0
 3241 0032 7B62     		str	r3, [r7, #36]
1306:System/FreeRTOS/CMSIS_RTOS/cmsis_os.c ****   if (millisec == osWaitForever) {
 3242              		.loc 1 1306 6
 3243 0034 7B68     		ldr	r3, [r7, #4]
 3244 0036 B3F1FF3F 		cmp	r3, #-1
 3245 003a 03D1     		bne	.L199
1307:System/FreeRTOS/CMSIS_RTOS/cmsis_os.c ****     ticks = portMAX_DELAY;
 3246              		.loc 1 1307 11
 3247 003c 4FF0FF33 		mov	r3, #-1
 3248 0040 7B62     		str	r3, [r7, #36]
 3249 0042 09E0     		b	.L200
 3250              	.L199:
1308:System/FreeRTOS/CMSIS_RTOS/cmsis_os.c ****   }
1309:System/FreeRTOS/CMSIS_RTOS/cmsis_os.c ****   else if (millisec != 0) {
 3251              		.loc 1 1309 11
 3252 0044 7B68     		ldr	r3, [r7, #4]
 3253 0046 002B     		cmp	r3, #0
 3254 0048 06D0     		beq	.L200
1310:System/FreeRTOS/CMSIS_RTOS/cmsis_os.c ****     ticks = millisec / portTICK_PERIOD_MS;
 3255              		.loc 1 1310 11
 3256 004a 7B68     		ldr	r3, [r7, #4]
 3257 004c 7B62     		str	r3, [r7, #36]
1311:System/FreeRTOS/CMSIS_RTOS/cmsis_os.c ****     if (ticks == 0) {
 3258              		.loc 1 1311 8
ARM GAS  C:\Users\HUAV\AppData\Local\Temp\cc8AyDdj.s 			page 89


 3259 004e 7B6A     		ldr	r3, [r7, #36]
 3260 0050 002B     		cmp	r3, #0
 3261 0052 01D1     		bne	.L200
1312:System/FreeRTOS/CMSIS_RTOS/cmsis_os.c ****       ticks = 1;
 3262              		.loc 1 1312 13
 3263 0054 0123     		movs	r3, #1
 3264 0056 7B62     		str	r3, [r7, #36]
 3265              	.L200:
1313:System/FreeRTOS/CMSIS_RTOS/cmsis_os.c ****     }
1314:System/FreeRTOS/CMSIS_RTOS/cmsis_os.c ****   }
1315:System/FreeRTOS/CMSIS_RTOS/cmsis_os.c ****   
1316:System/FreeRTOS/CMSIS_RTOS/cmsis_os.c ****   if (inHandlerMode()) {
 3266              		.loc 1 1316 7
 3267 0058 FFF7FEFF 		bl	inHandlerMode
 3268 005c 0346     		mov	r3, r0
 3269              		.loc 1 1316 6
 3270 005e 002B     		cmp	r3, #0
 3271 0060 1DD0     		beq	.L201
1317:System/FreeRTOS/CMSIS_RTOS/cmsis_os.c ****     if (xQueueReceiveFromISR(queue_id->handle, &event.value.p, &taskWoken) == pdTRUE) {
 3272              		.loc 1 1317 9
 3273 0062 BB68     		ldr	r3, [r7, #8]
 3274 0064 5868     		ldr	r0, [r3, #4]
 3275 0066 07F12002 		add	r2, r7, #32
 3276 006a 07F11403 		add	r3, r7, #20
 3277 006e 0433     		adds	r3, r3, #4
 3278 0070 1946     		mov	r1, r3
 3279 0072 FFF7FEFF 		bl	xQueueReceiveFromISR
 3280 0076 0346     		mov	r3, r0
 3281              		.loc 1 1317 8
 3282 0078 012B     		cmp	r3, #1
 3283 007a 02D1     		bne	.L202
1318:System/FreeRTOS/CMSIS_RTOS/cmsis_os.c ****       /* We have mail */
1319:System/FreeRTOS/CMSIS_RTOS/cmsis_os.c ****       event.status = osEventMail;
 3284              		.loc 1 1319 20
 3285 007c 2023     		movs	r3, #32
 3286 007e 7B61     		str	r3, [r7, #20]
 3287 0080 01E0     		b	.L203
 3288              	.L202:
1320:System/FreeRTOS/CMSIS_RTOS/cmsis_os.c ****     }
1321:System/FreeRTOS/CMSIS_RTOS/cmsis_os.c ****     else {
1322:System/FreeRTOS/CMSIS_RTOS/cmsis_os.c ****       event.status = osOK;
 3289              		.loc 1 1322 20
 3290 0082 0023     		movs	r3, #0
 3291 0084 7B61     		str	r3, [r7, #20]
 3292              	.L203:
1323:System/FreeRTOS/CMSIS_RTOS/cmsis_os.c ****     }
1324:System/FreeRTOS/CMSIS_RTOS/cmsis_os.c ****     portEND_SWITCHING_ISR(taskWoken);
 3293              		.loc 1 1324 5
 3294 0086 3B6A     		ldr	r3, [r7, #32]
 3295 0088 002B     		cmp	r3, #0
 3296 008a 1ED0     		beq	.L204
 3297              		.loc 1 1324 5 is_stmt 0 discriminator 1
 3298 008c 154B     		ldr	r3, .L209
 3299 008e 4FF08052 		mov	r2, #268435456
 3300 0092 1A60     		str	r2, [r3]
 3301              		.syntax unified
 3302              	@ 1324 "System/FreeRTOS/CMSIS_RTOS/cmsis_os.c" 1
ARM GAS  C:\Users\HUAV\AppData\Local\Temp\cc8AyDdj.s 			page 90


 3303 0094 BFF34F8F 		dsb
 3304              	@ 0 "" 2
 3305              	@ 1324 "System/FreeRTOS/CMSIS_RTOS/cmsis_os.c" 1
 3306 0098 BFF36F8F 		isb
 3307              	@ 0 "" 2
 3308              		.thumb
 3309              		.syntax unified
 3310 009c 15E0     		b	.L204
 3311              	.L201:
1325:System/FreeRTOS/CMSIS_RTOS/cmsis_os.c ****   }
1326:System/FreeRTOS/CMSIS_RTOS/cmsis_os.c ****   else {
1327:System/FreeRTOS/CMSIS_RTOS/cmsis_os.c ****     if (xQueueReceive(queue_id->handle, &event.value.p, ticks) == pdTRUE) {
 3312              		.loc 1 1327 9 is_stmt 1
 3313 009e BB68     		ldr	r3, [r7, #8]
 3314 00a0 5868     		ldr	r0, [r3, #4]
 3315 00a2 07F11403 		add	r3, r7, #20
 3316 00a6 0433     		adds	r3, r3, #4
 3317 00a8 7A6A     		ldr	r2, [r7, #36]
 3318 00aa 1946     		mov	r1, r3
 3319 00ac FFF7FEFF 		bl	xQueueReceive
 3320 00b0 0346     		mov	r3, r0
 3321              		.loc 1 1327 8
 3322 00b2 012B     		cmp	r3, #1
 3323 00b4 02D1     		bne	.L205
1328:System/FreeRTOS/CMSIS_RTOS/cmsis_os.c ****       /* We have mail */
1329:System/FreeRTOS/CMSIS_RTOS/cmsis_os.c ****       event.status = osEventMail;
 3324              		.loc 1 1329 20
 3325 00b6 2023     		movs	r3, #32
 3326 00b8 7B61     		str	r3, [r7, #20]
 3327 00ba 06E0     		b	.L204
 3328              	.L205:
1330:System/FreeRTOS/CMSIS_RTOS/cmsis_os.c ****     }
1331:System/FreeRTOS/CMSIS_RTOS/cmsis_os.c ****     else {
1332:System/FreeRTOS/CMSIS_RTOS/cmsis_os.c ****       event.status = (ticks == 0) ? osOK : osEventTimeout;
 3329              		.loc 1 1332 42
 3330 00bc 7B6A     		ldr	r3, [r7, #36]
 3331 00be 002B     		cmp	r3, #0
 3332 00c0 01D1     		bne	.L206
 3333              		.loc 1 1332 42 is_stmt 0 discriminator 1
 3334 00c2 0023     		movs	r3, #0
 3335 00c4 00E0     		b	.L207
 3336              	.L206:
 3337              		.loc 1 1332 42 discriminator 2
 3338 00c6 4023     		movs	r3, #64
 3339              	.L207:
 3340              		.loc 1 1332 20 is_stmt 1 discriminator 4
 3341 00c8 7B61     		str	r3, [r7, #20]
 3342              	.L204:
1333:System/FreeRTOS/CMSIS_RTOS/cmsis_os.c ****     }
1334:System/FreeRTOS/CMSIS_RTOS/cmsis_os.c ****   }
1335:System/FreeRTOS/CMSIS_RTOS/cmsis_os.c ****   
1336:System/FreeRTOS/CMSIS_RTOS/cmsis_os.c ****   return event;
 3343              		.loc 1 1336 10
 3344 00ca FB68     		ldr	r3, [r7, #12]
 3345 00cc 1C46     		mov	r4, r3
 3346 00ce 07F11403 		add	r3, r7, #20
 3347 00d2 93E80700 		ldm	r3, {r0, r1, r2}
ARM GAS  C:\Users\HUAV\AppData\Local\Temp\cc8AyDdj.s 			page 91


 3348 00d6 84E80700 		stm	r4, {r0, r1, r2}
 3349              	.L208:
1337:System/FreeRTOS/CMSIS_RTOS/cmsis_os.c **** }
 3350              		.loc 1 1337 1 discriminator 1
 3351 00da F868     		ldr	r0, [r7, #12]
 3352 00dc 2C37     		adds	r7, r7, #44
 3353              	.LCFI188:
 3354              		.cfi_def_cfa_offset 12
 3355 00de BD46     		mov	sp, r7
 3356              	.LCFI189:
 3357              		.cfi_def_cfa_register 13
 3358              		@ sp needed
 3359 00e0 90BD     		pop	{r4, r7, pc}
 3360              	.L210:
 3361 00e2 00BF     		.align	2
 3362              	.L209:
 3363 00e4 04ED00E0 		.word	-536810236
 3364              		.cfi_endproc
 3365              	.LFE147:
 3367              		.section	.text.osMailFree,"ax",%progbits
 3368              		.align	1
 3369              		.global	osMailFree
 3370              		.syntax unified
 3371              		.thumb
 3372              		.thumb_func
 3374              	osMailFree:
 3375              	.LFB148:
1338:System/FreeRTOS/CMSIS_RTOS/cmsis_os.c **** 
1339:System/FreeRTOS/CMSIS_RTOS/cmsis_os.c **** /**
1340:System/FreeRTOS/CMSIS_RTOS/cmsis_os.c **** * @brief Free a memory block from a mail
1341:System/FreeRTOS/CMSIS_RTOS/cmsis_os.c **** * @param  queue_id mail queue ID obtained with \ref osMailCreate.
1342:System/FreeRTOS/CMSIS_RTOS/cmsis_os.c **** * @param  mail     pointer to the memory block that was obtained with \ref osMailGet.
1343:System/FreeRTOS/CMSIS_RTOS/cmsis_os.c **** * @retval status code that indicates the execution status of the function.
1344:System/FreeRTOS/CMSIS_RTOS/cmsis_os.c **** * @note   MUST REMAIN UNCHANGED: \b osMailFree shall be consistent in every CMSIS-RTOS.
1345:System/FreeRTOS/CMSIS_RTOS/cmsis_os.c **** */
1346:System/FreeRTOS/CMSIS_RTOS/cmsis_os.c **** osStatus osMailFree (osMailQId queue_id, void *mail)
1347:System/FreeRTOS/CMSIS_RTOS/cmsis_os.c **** {
 3376              		.loc 1 1347 1
 3377              		.cfi_startproc
 3378              		@ args = 0, pretend = 0, frame = 8
 3379              		@ frame_needed = 1, uses_anonymous_args = 0
 3380 0000 80B5     		push	{r7, lr}
 3381              	.LCFI190:
 3382              		.cfi_def_cfa_offset 8
 3383              		.cfi_offset 7, -8
 3384              		.cfi_offset 14, -4
 3385 0002 82B0     		sub	sp, sp, #8
 3386              	.LCFI191:
 3387              		.cfi_def_cfa_offset 16
 3388 0004 00AF     		add	r7, sp, #0
 3389              	.LCFI192:
 3390              		.cfi_def_cfa_register 7
 3391 0006 7860     		str	r0, [r7, #4]
 3392 0008 3960     		str	r1, [r7]
1348:System/FreeRTOS/CMSIS_RTOS/cmsis_os.c ****   if (queue_id == NULL) {
 3393              		.loc 1 1348 6
 3394 000a 7B68     		ldr	r3, [r7, #4]
ARM GAS  C:\Users\HUAV\AppData\Local\Temp\cc8AyDdj.s 			page 92


 3395 000c 002B     		cmp	r3, #0
 3396 000e 01D1     		bne	.L212
1349:System/FreeRTOS/CMSIS_RTOS/cmsis_os.c ****     return osErrorParameter;
 3397              		.loc 1 1349 12
 3398 0010 8023     		movs	r3, #128
 3399 0012 06E0     		b	.L213
 3400              	.L212:
1350:System/FreeRTOS/CMSIS_RTOS/cmsis_os.c ****   }
1351:System/FreeRTOS/CMSIS_RTOS/cmsis_os.c ****   
1352:System/FreeRTOS/CMSIS_RTOS/cmsis_os.c ****   return osPoolFree(queue_id->pool, mail);
 3401              		.loc 1 1352 10
 3402 0014 7B68     		ldr	r3, [r7, #4]
 3403 0016 9B68     		ldr	r3, [r3, #8]
 3404 0018 3968     		ldr	r1, [r7]
 3405 001a 1846     		mov	r0, r3
 3406 001c FFF7FEFF 		bl	osPoolFree
 3407 0020 0346     		mov	r3, r0
 3408              	.L213:
1353:System/FreeRTOS/CMSIS_RTOS/cmsis_os.c **** }
 3409              		.loc 1 1353 1
 3410 0022 1846     		mov	r0, r3
 3411 0024 0837     		adds	r7, r7, #8
 3412              	.LCFI193:
 3413              		.cfi_def_cfa_offset 8
 3414 0026 BD46     		mov	sp, r7
 3415              	.LCFI194:
 3416              		.cfi_def_cfa_register 13
 3417              		@ sp needed
 3418 0028 80BD     		pop	{r7, pc}
 3419              		.cfi_endproc
 3420              	.LFE148:
 3422              		.section	.text.osSystickHandler,"ax",%progbits
 3423              		.align	1
 3424              		.global	osSystickHandler
 3425              		.syntax unified
 3426              		.thumb
 3427              		.thumb_func
 3429              	osSystickHandler:
 3430              	.LFB149:
1354:System/FreeRTOS/CMSIS_RTOS/cmsis_os.c **** #endif  /* Use Mail Queues */
1355:System/FreeRTOS/CMSIS_RTOS/cmsis_os.c **** 
1356:System/FreeRTOS/CMSIS_RTOS/cmsis_os.c **** /*************************** Additional specific APIs to Free RTOS ************/
1357:System/FreeRTOS/CMSIS_RTOS/cmsis_os.c **** /**
1358:System/FreeRTOS/CMSIS_RTOS/cmsis_os.c **** * @brief  Handles the tick increment
1359:System/FreeRTOS/CMSIS_RTOS/cmsis_os.c **** * @param  none.
1360:System/FreeRTOS/CMSIS_RTOS/cmsis_os.c **** * @retval none.
1361:System/FreeRTOS/CMSIS_RTOS/cmsis_os.c **** */
1362:System/FreeRTOS/CMSIS_RTOS/cmsis_os.c **** void osSystickHandler(void)
1363:System/FreeRTOS/CMSIS_RTOS/cmsis_os.c **** {
 3431              		.loc 1 1363 1
 3432              		.cfi_startproc
 3433              		@ args = 0, pretend = 0, frame = 0
 3434              		@ frame_needed = 1, uses_anonymous_args = 0
 3435 0000 80B5     		push	{r7, lr}
 3436              	.LCFI195:
 3437              		.cfi_def_cfa_offset 8
 3438              		.cfi_offset 7, -8
ARM GAS  C:\Users\HUAV\AppData\Local\Temp\cc8AyDdj.s 			page 93


 3439              		.cfi_offset 14, -4
 3440 0002 00AF     		add	r7, sp, #0
 3441              	.LCFI196:
 3442              		.cfi_def_cfa_register 7
1364:System/FreeRTOS/CMSIS_RTOS/cmsis_os.c **** 
1365:System/FreeRTOS/CMSIS_RTOS/cmsis_os.c **** #if (INCLUDE_xTaskGetSchedulerState  == 1 )
1366:System/FreeRTOS/CMSIS_RTOS/cmsis_os.c ****   if (xTaskGetSchedulerState() != taskSCHEDULER_NOT_STARTED)
 3443              		.loc 1 1366 7
 3444 0004 FFF7FEFF 		bl	xTaskGetSchedulerState
 3445 0008 0346     		mov	r3, r0
 3446              		.loc 1 1366 6
 3447 000a 012B     		cmp	r3, #1
 3448 000c 01D0     		beq	.L216
1367:System/FreeRTOS/CMSIS_RTOS/cmsis_os.c ****   {
1368:System/FreeRTOS/CMSIS_RTOS/cmsis_os.c **** #endif  /* INCLUDE_xTaskGetSchedulerState */  
1369:System/FreeRTOS/CMSIS_RTOS/cmsis_os.c ****     xPortSysTickHandler();
 3449              		.loc 1 1369 5
 3450 000e FFF7FEFF 		bl	xPortSysTickHandler
 3451              	.L216:
1370:System/FreeRTOS/CMSIS_RTOS/cmsis_os.c **** #if (INCLUDE_xTaskGetSchedulerState  == 1 )
1371:System/FreeRTOS/CMSIS_RTOS/cmsis_os.c ****   }
1372:System/FreeRTOS/CMSIS_RTOS/cmsis_os.c **** #endif  /* INCLUDE_xTaskGetSchedulerState */  
1373:System/FreeRTOS/CMSIS_RTOS/cmsis_os.c **** }
 3452              		.loc 1 1373 1
 3453 0012 00BF     		nop
 3454 0014 80BD     		pop	{r7, pc}
 3455              		.cfi_endproc
 3456              	.LFE149:
 3458              		.section	.text.osThreadSuspend,"ax",%progbits
 3459              		.align	1
 3460              		.global	osThreadSuspend
 3461              		.syntax unified
 3462              		.thumb
 3463              		.thumb_func
 3465              	osThreadSuspend:
 3466              	.LFB150:
1374:System/FreeRTOS/CMSIS_RTOS/cmsis_os.c **** 
1375:System/FreeRTOS/CMSIS_RTOS/cmsis_os.c **** #if ( INCLUDE_eTaskGetState == 1 )
1376:System/FreeRTOS/CMSIS_RTOS/cmsis_os.c **** /**
1377:System/FreeRTOS/CMSIS_RTOS/cmsis_os.c **** * @brief  Obtain the state of any thread.
1378:System/FreeRTOS/CMSIS_RTOS/cmsis_os.c **** * @param   thread_id   thread ID obtained by \ref osThreadCreate or \ref osThreadGetId.
1379:System/FreeRTOS/CMSIS_RTOS/cmsis_os.c **** * @retval  the stae of the thread, states are encoded by the osThreadState enumerated type.
1380:System/FreeRTOS/CMSIS_RTOS/cmsis_os.c **** */
1381:System/FreeRTOS/CMSIS_RTOS/cmsis_os.c **** osThreadState osThreadGetState(osThreadId thread_id)
1382:System/FreeRTOS/CMSIS_RTOS/cmsis_os.c **** {
1383:System/FreeRTOS/CMSIS_RTOS/cmsis_os.c ****   eTaskState ThreadState;
1384:System/FreeRTOS/CMSIS_RTOS/cmsis_os.c ****   osThreadState result;
1385:System/FreeRTOS/CMSIS_RTOS/cmsis_os.c ****   
1386:System/FreeRTOS/CMSIS_RTOS/cmsis_os.c ****   ThreadState = eTaskGetState(thread_id);
1387:System/FreeRTOS/CMSIS_RTOS/cmsis_os.c ****   
1388:System/FreeRTOS/CMSIS_RTOS/cmsis_os.c ****   switch (ThreadState)
1389:System/FreeRTOS/CMSIS_RTOS/cmsis_os.c ****   {
1390:System/FreeRTOS/CMSIS_RTOS/cmsis_os.c ****   case eRunning :
1391:System/FreeRTOS/CMSIS_RTOS/cmsis_os.c ****     result = osThreadRunning;
1392:System/FreeRTOS/CMSIS_RTOS/cmsis_os.c ****     break;
1393:System/FreeRTOS/CMSIS_RTOS/cmsis_os.c ****   case eReady :
1394:System/FreeRTOS/CMSIS_RTOS/cmsis_os.c ****     result = osThreadReady;
ARM GAS  C:\Users\HUAV\AppData\Local\Temp\cc8AyDdj.s 			page 94


1395:System/FreeRTOS/CMSIS_RTOS/cmsis_os.c ****     break;
1396:System/FreeRTOS/CMSIS_RTOS/cmsis_os.c ****   case eBlocked :
1397:System/FreeRTOS/CMSIS_RTOS/cmsis_os.c ****     result = osThreadBlocked;
1398:System/FreeRTOS/CMSIS_RTOS/cmsis_os.c ****     break;
1399:System/FreeRTOS/CMSIS_RTOS/cmsis_os.c ****   case eSuspended :
1400:System/FreeRTOS/CMSIS_RTOS/cmsis_os.c ****     result = osThreadSuspended;
1401:System/FreeRTOS/CMSIS_RTOS/cmsis_os.c ****     break;
1402:System/FreeRTOS/CMSIS_RTOS/cmsis_os.c ****   case eDeleted :
1403:System/FreeRTOS/CMSIS_RTOS/cmsis_os.c ****     result = osThreadDeleted;
1404:System/FreeRTOS/CMSIS_RTOS/cmsis_os.c ****     break;
1405:System/FreeRTOS/CMSIS_RTOS/cmsis_os.c ****   default:
1406:System/FreeRTOS/CMSIS_RTOS/cmsis_os.c ****     result = osThreadError;
1407:System/FreeRTOS/CMSIS_RTOS/cmsis_os.c ****   } 
1408:System/FreeRTOS/CMSIS_RTOS/cmsis_os.c ****   
1409:System/FreeRTOS/CMSIS_RTOS/cmsis_os.c ****   return result;
1410:System/FreeRTOS/CMSIS_RTOS/cmsis_os.c **** }
1411:System/FreeRTOS/CMSIS_RTOS/cmsis_os.c **** #endif /* INCLUDE_eTaskGetState */
1412:System/FreeRTOS/CMSIS_RTOS/cmsis_os.c **** 
1413:System/FreeRTOS/CMSIS_RTOS/cmsis_os.c **** #if (INCLUDE_eTaskGetState == 1)
1414:System/FreeRTOS/CMSIS_RTOS/cmsis_os.c **** /**
1415:System/FreeRTOS/CMSIS_RTOS/cmsis_os.c **** * @brief Check if a thread is already suspended or not.
1416:System/FreeRTOS/CMSIS_RTOS/cmsis_os.c **** * @param thread_id thread ID obtained by \ref osThreadCreate or \ref osThreadGetId.
1417:System/FreeRTOS/CMSIS_RTOS/cmsis_os.c **** * @retval status code that indicates the execution status of the function.
1418:System/FreeRTOS/CMSIS_RTOS/cmsis_os.c **** */
1419:System/FreeRTOS/CMSIS_RTOS/cmsis_os.c **** osStatus osThreadIsSuspended(osThreadId thread_id)
1420:System/FreeRTOS/CMSIS_RTOS/cmsis_os.c **** {
1421:System/FreeRTOS/CMSIS_RTOS/cmsis_os.c ****   if (eTaskGetState(thread_id) == eSuspended)
1422:System/FreeRTOS/CMSIS_RTOS/cmsis_os.c ****     return osOK;
1423:System/FreeRTOS/CMSIS_RTOS/cmsis_os.c ****   else
1424:System/FreeRTOS/CMSIS_RTOS/cmsis_os.c ****     return osErrorOS;
1425:System/FreeRTOS/CMSIS_RTOS/cmsis_os.c **** }
1426:System/FreeRTOS/CMSIS_RTOS/cmsis_os.c **** #endif /* INCLUDE_eTaskGetState */
1427:System/FreeRTOS/CMSIS_RTOS/cmsis_os.c **** /**
1428:System/FreeRTOS/CMSIS_RTOS/cmsis_os.c **** * @brief  Suspend execution of a thread.
1429:System/FreeRTOS/CMSIS_RTOS/cmsis_os.c **** * @param   thread_id   thread ID obtained by \ref osThreadCreate or \ref osThreadGetId.
1430:System/FreeRTOS/CMSIS_RTOS/cmsis_os.c **** * @retval  status code that indicates the execution status of the function.
1431:System/FreeRTOS/CMSIS_RTOS/cmsis_os.c **** */
1432:System/FreeRTOS/CMSIS_RTOS/cmsis_os.c **** osStatus osThreadSuspend (osThreadId thread_id)
1433:System/FreeRTOS/CMSIS_RTOS/cmsis_os.c **** {
 3467              		.loc 1 1433 1
 3468              		.cfi_startproc
 3469              		@ args = 0, pretend = 0, frame = 8
 3470              		@ frame_needed = 1, uses_anonymous_args = 0
 3471 0000 80B5     		push	{r7, lr}
 3472              	.LCFI197:
 3473              		.cfi_def_cfa_offset 8
 3474              		.cfi_offset 7, -8
 3475              		.cfi_offset 14, -4
 3476 0002 82B0     		sub	sp, sp, #8
 3477              	.LCFI198:
 3478              		.cfi_def_cfa_offset 16
 3479 0004 00AF     		add	r7, sp, #0
 3480              	.LCFI199:
 3481              		.cfi_def_cfa_register 7
 3482 0006 7860     		str	r0, [r7, #4]
1434:System/FreeRTOS/CMSIS_RTOS/cmsis_os.c **** #if (INCLUDE_vTaskSuspend == 1)
1435:System/FreeRTOS/CMSIS_RTOS/cmsis_os.c ****     vTaskSuspend(thread_id);
ARM GAS  C:\Users\HUAV\AppData\Local\Temp\cc8AyDdj.s 			page 95


 3483              		.loc 1 1435 5
 3484 0008 7868     		ldr	r0, [r7, #4]
 3485 000a FFF7FEFF 		bl	vTaskSuspend
1436:System/FreeRTOS/CMSIS_RTOS/cmsis_os.c ****   
1437:System/FreeRTOS/CMSIS_RTOS/cmsis_os.c ****   return osOK;
 3486              		.loc 1 1437 10
 3487 000e 0023     		movs	r3, #0
1438:System/FreeRTOS/CMSIS_RTOS/cmsis_os.c **** #else
1439:System/FreeRTOS/CMSIS_RTOS/cmsis_os.c ****   return osErrorResource;
1440:System/FreeRTOS/CMSIS_RTOS/cmsis_os.c **** #endif
1441:System/FreeRTOS/CMSIS_RTOS/cmsis_os.c **** }
 3488              		.loc 1 1441 1
 3489 0010 1846     		mov	r0, r3
 3490 0012 0837     		adds	r7, r7, #8
 3491              	.LCFI200:
 3492              		.cfi_def_cfa_offset 8
 3493 0014 BD46     		mov	sp, r7
 3494              	.LCFI201:
 3495              		.cfi_def_cfa_register 13
 3496              		@ sp needed
 3497 0016 80BD     		pop	{r7, pc}
 3498              		.cfi_endproc
 3499              	.LFE150:
 3501              		.section	.text.osThreadResume,"ax",%progbits
 3502              		.align	1
 3503              		.global	osThreadResume
 3504              		.syntax unified
 3505              		.thumb
 3506              		.thumb_func
 3508              	osThreadResume:
 3509              	.LFB151:
1442:System/FreeRTOS/CMSIS_RTOS/cmsis_os.c **** 
1443:System/FreeRTOS/CMSIS_RTOS/cmsis_os.c **** /**
1444:System/FreeRTOS/CMSIS_RTOS/cmsis_os.c **** * @brief  Resume execution of a suspended thread.
1445:System/FreeRTOS/CMSIS_RTOS/cmsis_os.c **** * @param   thread_id   thread ID obtained by \ref osThreadCreate or \ref osThreadGetId.
1446:System/FreeRTOS/CMSIS_RTOS/cmsis_os.c **** * @retval  status code that indicates the execution status of the function.
1447:System/FreeRTOS/CMSIS_RTOS/cmsis_os.c **** */
1448:System/FreeRTOS/CMSIS_RTOS/cmsis_os.c **** osStatus osThreadResume (osThreadId thread_id)
1449:System/FreeRTOS/CMSIS_RTOS/cmsis_os.c **** {
 3510              		.loc 1 1449 1
 3511              		.cfi_startproc
 3512              		@ args = 0, pretend = 0, frame = 8
 3513              		@ frame_needed = 1, uses_anonymous_args = 0
 3514 0000 80B5     		push	{r7, lr}
 3515              	.LCFI202:
 3516              		.cfi_def_cfa_offset 8
 3517              		.cfi_offset 7, -8
 3518              		.cfi_offset 14, -4
 3519 0002 82B0     		sub	sp, sp, #8
 3520              	.LCFI203:
 3521              		.cfi_def_cfa_offset 16
 3522 0004 00AF     		add	r7, sp, #0
 3523              	.LCFI204:
 3524              		.cfi_def_cfa_register 7
 3525 0006 7860     		str	r0, [r7, #4]
1450:System/FreeRTOS/CMSIS_RTOS/cmsis_os.c **** #if (INCLUDE_vTaskSuspend == 1)  
1451:System/FreeRTOS/CMSIS_RTOS/cmsis_os.c ****   if(inHandlerMode())
ARM GAS  C:\Users\HUAV\AppData\Local\Temp\cc8AyDdj.s 			page 96


 3526              		.loc 1 1451 6
 3527 0008 FFF7FEFF 		bl	inHandlerMode
 3528 000c 0346     		mov	r3, r0
 3529              		.loc 1 1451 5
 3530 000e 002B     		cmp	r3, #0
 3531 0010 0ED0     		beq	.L220
1452:System/FreeRTOS/CMSIS_RTOS/cmsis_os.c ****   {
1453:System/FreeRTOS/CMSIS_RTOS/cmsis_os.c ****     if (xTaskResumeFromISR(thread_id) == pdTRUE)
 3532              		.loc 1 1453 9
 3533 0012 7868     		ldr	r0, [r7, #4]
 3534 0014 FFF7FEFF 		bl	xTaskResumeFromISR
 3535 0018 0346     		mov	r3, r0
 3536              		.loc 1 1453 8
 3537 001a 012B     		cmp	r3, #1
 3538 001c 0BD1     		bne	.L221
1454:System/FreeRTOS/CMSIS_RTOS/cmsis_os.c ****     {
1455:System/FreeRTOS/CMSIS_RTOS/cmsis_os.c ****       portYIELD_FROM_ISR(pdTRUE);
 3539              		.loc 1 1455 7 discriminator 1
 3540 001e 084B     		ldr	r3, .L223
 3541 0020 4FF08052 		mov	r2, #268435456
 3542 0024 1A60     		str	r2, [r3]
 3543              		.syntax unified
 3544              	@ 1455 "System/FreeRTOS/CMSIS_RTOS/cmsis_os.c" 1
 3545 0026 BFF34F8F 		dsb
 3546              	@ 0 "" 2
 3547              	@ 1455 "System/FreeRTOS/CMSIS_RTOS/cmsis_os.c" 1
 3548 002a BFF36F8F 		isb
 3549              	@ 0 "" 2
 3550              		.thumb
 3551              		.syntax unified
 3552 002e 02E0     		b	.L221
 3553              	.L220:
1456:System/FreeRTOS/CMSIS_RTOS/cmsis_os.c ****     }
1457:System/FreeRTOS/CMSIS_RTOS/cmsis_os.c ****   }
1458:System/FreeRTOS/CMSIS_RTOS/cmsis_os.c ****   else
1459:System/FreeRTOS/CMSIS_RTOS/cmsis_os.c ****   {
1460:System/FreeRTOS/CMSIS_RTOS/cmsis_os.c ****     vTaskResume(thread_id);
 3554              		.loc 1 1460 5
 3555 0030 7868     		ldr	r0, [r7, #4]
 3556 0032 FFF7FEFF 		bl	vTaskResume
 3557              	.L221:
1461:System/FreeRTOS/CMSIS_RTOS/cmsis_os.c ****   }
1462:System/FreeRTOS/CMSIS_RTOS/cmsis_os.c ****   return osOK;
 3558              		.loc 1 1462 10
 3559 0036 0023     		movs	r3, #0
1463:System/FreeRTOS/CMSIS_RTOS/cmsis_os.c **** #else
1464:System/FreeRTOS/CMSIS_RTOS/cmsis_os.c ****   return osErrorResource;
1465:System/FreeRTOS/CMSIS_RTOS/cmsis_os.c **** #endif
1466:System/FreeRTOS/CMSIS_RTOS/cmsis_os.c **** }
 3560              		.loc 1 1466 1
 3561 0038 1846     		mov	r0, r3
 3562 003a 0837     		adds	r7, r7, #8
 3563              	.LCFI205:
 3564              		.cfi_def_cfa_offset 8
 3565 003c BD46     		mov	sp, r7
 3566              	.LCFI206:
 3567              		.cfi_def_cfa_register 13
ARM GAS  C:\Users\HUAV\AppData\Local\Temp\cc8AyDdj.s 			page 97


 3568              		@ sp needed
 3569 003e 80BD     		pop	{r7, pc}
 3570              	.L224:
 3571              		.align	2
 3572              	.L223:
 3573 0040 04ED00E0 		.word	-536810236
 3574              		.cfi_endproc
 3575              	.LFE151:
 3577              		.section	.text.osThreadSuspendAll,"ax",%progbits
 3578              		.align	1
 3579              		.global	osThreadSuspendAll
 3580              		.syntax unified
 3581              		.thumb
 3582              		.thumb_func
 3584              	osThreadSuspendAll:
 3585              	.LFB152:
1467:System/FreeRTOS/CMSIS_RTOS/cmsis_os.c **** 
1468:System/FreeRTOS/CMSIS_RTOS/cmsis_os.c **** /**
1469:System/FreeRTOS/CMSIS_RTOS/cmsis_os.c **** * @brief  Suspend execution of a all active threads.
1470:System/FreeRTOS/CMSIS_RTOS/cmsis_os.c **** * @retval  status code that indicates the execution status of the function.
1471:System/FreeRTOS/CMSIS_RTOS/cmsis_os.c **** */
1472:System/FreeRTOS/CMSIS_RTOS/cmsis_os.c **** osStatus osThreadSuspendAll (void)
1473:System/FreeRTOS/CMSIS_RTOS/cmsis_os.c **** {
 3586              		.loc 1 1473 1
 3587              		.cfi_startproc
 3588              		@ args = 0, pretend = 0, frame = 0
 3589              		@ frame_needed = 1, uses_anonymous_args = 0
 3590 0000 80B5     		push	{r7, lr}
 3591              	.LCFI207:
 3592              		.cfi_def_cfa_offset 8
 3593              		.cfi_offset 7, -8
 3594              		.cfi_offset 14, -4
 3595 0002 00AF     		add	r7, sp, #0
 3596              	.LCFI208:
 3597              		.cfi_def_cfa_register 7
1474:System/FreeRTOS/CMSIS_RTOS/cmsis_os.c ****   vTaskSuspendAll();
 3598              		.loc 1 1474 3
 3599 0004 FFF7FEFF 		bl	vTaskSuspendAll
1475:System/FreeRTOS/CMSIS_RTOS/cmsis_os.c ****   
1476:System/FreeRTOS/CMSIS_RTOS/cmsis_os.c ****   return osOK;
 3600              		.loc 1 1476 10
 3601 0008 0023     		movs	r3, #0
1477:System/FreeRTOS/CMSIS_RTOS/cmsis_os.c **** }
 3602              		.loc 1 1477 1
 3603 000a 1846     		mov	r0, r3
 3604 000c 80BD     		pop	{r7, pc}
 3605              		.cfi_endproc
 3606              	.LFE152:
 3608              		.section	.text.osThreadResumeAll,"ax",%progbits
 3609              		.align	1
 3610              		.global	osThreadResumeAll
 3611              		.syntax unified
 3612              		.thumb
 3613              		.thumb_func
 3615              	osThreadResumeAll:
 3616              	.LFB153:
1478:System/FreeRTOS/CMSIS_RTOS/cmsis_os.c **** 
ARM GAS  C:\Users\HUAV\AppData\Local\Temp\cc8AyDdj.s 			page 98


1479:System/FreeRTOS/CMSIS_RTOS/cmsis_os.c **** /**
1480:System/FreeRTOS/CMSIS_RTOS/cmsis_os.c **** * @brief  Resume execution of a all suspended threads.
1481:System/FreeRTOS/CMSIS_RTOS/cmsis_os.c **** * @retval  status code that indicates the execution status of the function.
1482:System/FreeRTOS/CMSIS_RTOS/cmsis_os.c **** */
1483:System/FreeRTOS/CMSIS_RTOS/cmsis_os.c **** osStatus osThreadResumeAll (void)
1484:System/FreeRTOS/CMSIS_RTOS/cmsis_os.c **** {
 3617              		.loc 1 1484 1
 3618              		.cfi_startproc
 3619              		@ args = 0, pretend = 0, frame = 0
 3620              		@ frame_needed = 1, uses_anonymous_args = 0
 3621 0000 80B5     		push	{r7, lr}
 3622              	.LCFI209:
 3623              		.cfi_def_cfa_offset 8
 3624              		.cfi_offset 7, -8
 3625              		.cfi_offset 14, -4
 3626 0002 00AF     		add	r7, sp, #0
 3627              	.LCFI210:
 3628              		.cfi_def_cfa_register 7
1485:System/FreeRTOS/CMSIS_RTOS/cmsis_os.c ****   if (xTaskResumeAll() == pdTRUE)
 3629              		.loc 1 1485 7
 3630 0004 FFF7FEFF 		bl	xTaskResumeAll
 3631 0008 0346     		mov	r3, r0
 3632              		.loc 1 1485 6
 3633 000a 012B     		cmp	r3, #1
 3634 000c 01D1     		bne	.L228
1486:System/FreeRTOS/CMSIS_RTOS/cmsis_os.c ****     return osOK;
 3635              		.loc 1 1486 12
 3636 000e 0023     		movs	r3, #0
 3637 0010 00E0     		b	.L229
 3638              	.L228:
1487:System/FreeRTOS/CMSIS_RTOS/cmsis_os.c ****   else
1488:System/FreeRTOS/CMSIS_RTOS/cmsis_os.c ****     return osErrorOS;
 3639              		.loc 1 1488 12
 3640 0012 FF23     		movs	r3, #255
 3641              	.L229:
1489:System/FreeRTOS/CMSIS_RTOS/cmsis_os.c ****   
1490:System/FreeRTOS/CMSIS_RTOS/cmsis_os.c **** }
 3642              		.loc 1 1490 1
 3643 0014 1846     		mov	r0, r3
 3644 0016 80BD     		pop	{r7, pc}
 3645              		.cfi_endproc
 3646              	.LFE153:
 3648              		.section	.text.osDelayUntil,"ax",%progbits
 3649              		.align	1
 3650              		.global	osDelayUntil
 3651              		.syntax unified
 3652              		.thumb
 3653              		.thumb_func
 3655              	osDelayUntil:
 3656              	.LFB154:
1491:System/FreeRTOS/CMSIS_RTOS/cmsis_os.c **** 
1492:System/FreeRTOS/CMSIS_RTOS/cmsis_os.c **** /**
1493:System/FreeRTOS/CMSIS_RTOS/cmsis_os.c **** * @brief  Delay a task until a specified time
1494:System/FreeRTOS/CMSIS_RTOS/cmsis_os.c **** * @param   PreviousWakeTime   Pointer to a variable that holds the time at which the 
1495:System/FreeRTOS/CMSIS_RTOS/cmsis_os.c **** *          task was last unblocked. PreviousWakeTime must be initialised with the current time
1496:System/FreeRTOS/CMSIS_RTOS/cmsis_os.c **** *          prior to its first use (PreviousWakeTime = osKernelSysTick() )
1497:System/FreeRTOS/CMSIS_RTOS/cmsis_os.c **** * @param   millisec    time delay value
ARM GAS  C:\Users\HUAV\AppData\Local\Temp\cc8AyDdj.s 			page 99


1498:System/FreeRTOS/CMSIS_RTOS/cmsis_os.c **** * @retval  status code that indicates the execution status of the function.
1499:System/FreeRTOS/CMSIS_RTOS/cmsis_os.c **** */
1500:System/FreeRTOS/CMSIS_RTOS/cmsis_os.c **** osStatus osDelayUntil (uint32_t *PreviousWakeTime, uint32_t millisec)
1501:System/FreeRTOS/CMSIS_RTOS/cmsis_os.c **** {
 3657              		.loc 1 1501 1
 3658              		.cfi_startproc
 3659              		@ args = 0, pretend = 0, frame = 16
 3660              		@ frame_needed = 1, uses_anonymous_args = 0
 3661 0000 80B5     		push	{r7, lr}
 3662              	.LCFI211:
 3663              		.cfi_def_cfa_offset 8
 3664              		.cfi_offset 7, -8
 3665              		.cfi_offset 14, -4
 3666 0002 84B0     		sub	sp, sp, #16
 3667              	.LCFI212:
 3668              		.cfi_def_cfa_offset 24
 3669 0004 00AF     		add	r7, sp, #0
 3670              	.LCFI213:
 3671              		.cfi_def_cfa_register 7
 3672 0006 7860     		str	r0, [r7, #4]
 3673 0008 3960     		str	r1, [r7]
1502:System/FreeRTOS/CMSIS_RTOS/cmsis_os.c **** #if INCLUDE_vTaskDelayUntil
1503:System/FreeRTOS/CMSIS_RTOS/cmsis_os.c ****   TickType_t ticks = (millisec / portTICK_PERIOD_MS);
 3674              		.loc 1 1503 14
 3675 000a 3B68     		ldr	r3, [r7]
 3676 000c FB60     		str	r3, [r7, #12]
1504:System/FreeRTOS/CMSIS_RTOS/cmsis_os.c ****   vTaskDelayUntil((TickType_t *) PreviousWakeTime, ticks ? ticks : 1);
 3677              		.loc 1 1504 3
 3678 000e FB68     		ldr	r3, [r7, #12]
 3679 0010 002B     		cmp	r3, #0
 3680 0012 01D0     		beq	.L231
 3681              		.loc 1 1504 3 is_stmt 0 discriminator 1
 3682 0014 FB68     		ldr	r3, [r7, #12]
 3683 0016 00E0     		b	.L232
 3684              	.L231:
 3685              		.loc 1 1504 3 discriminator 2
 3686 0018 0123     		movs	r3, #1
 3687              	.L232:
 3688              		.loc 1 1504 3 discriminator 4
 3689 001a 1946     		mov	r1, r3
 3690 001c 7868     		ldr	r0, [r7, #4]
 3691 001e FFF7FEFF 		bl	vTaskDelayUntil
1505:System/FreeRTOS/CMSIS_RTOS/cmsis_os.c ****   
1506:System/FreeRTOS/CMSIS_RTOS/cmsis_os.c ****   return osOK;
 3692              		.loc 1 1506 10 is_stmt 1 discriminator 4
 3693 0022 0023     		movs	r3, #0
1507:System/FreeRTOS/CMSIS_RTOS/cmsis_os.c **** #else
1508:System/FreeRTOS/CMSIS_RTOS/cmsis_os.c ****   (void) millisec;
1509:System/FreeRTOS/CMSIS_RTOS/cmsis_os.c ****   (void) PreviousWakeTime;
1510:System/FreeRTOS/CMSIS_RTOS/cmsis_os.c ****   
1511:System/FreeRTOS/CMSIS_RTOS/cmsis_os.c ****   return osErrorResource;
1512:System/FreeRTOS/CMSIS_RTOS/cmsis_os.c **** #endif
1513:System/FreeRTOS/CMSIS_RTOS/cmsis_os.c **** }
 3694              		.loc 1 1513 1 discriminator 4
 3695 0024 1846     		mov	r0, r3
 3696 0026 1037     		adds	r7, r7, #16
 3697              	.LCFI214:
ARM GAS  C:\Users\HUAV\AppData\Local\Temp\cc8AyDdj.s 			page 100


 3698              		.cfi_def_cfa_offset 8
 3699 0028 BD46     		mov	sp, r7
 3700              	.LCFI215:
 3701              		.cfi_def_cfa_register 13
 3702              		@ sp needed
 3703 002a 80BD     		pop	{r7, pc}
 3704              		.cfi_endproc
 3705              	.LFE154:
 3707              		.section	.text.osAbortDelay,"ax",%progbits
 3708              		.align	1
 3709              		.global	osAbortDelay
 3710              		.syntax unified
 3711              		.thumb
 3712              		.thumb_func
 3714              	osAbortDelay:
 3715              	.LFB155:
1514:System/FreeRTOS/CMSIS_RTOS/cmsis_os.c **** 
1515:System/FreeRTOS/CMSIS_RTOS/cmsis_os.c **** /**
1516:System/FreeRTOS/CMSIS_RTOS/cmsis_os.c **** * @brief   Abort the delay for a specific thread
1517:System/FreeRTOS/CMSIS_RTOS/cmsis_os.c **** * @param   thread_id   thread ID obtained by \ref osThreadCreate or \ref osThreadGetId   
1518:System/FreeRTOS/CMSIS_RTOS/cmsis_os.c **** * @retval  status code that indicates the execution status of the function.
1519:System/FreeRTOS/CMSIS_RTOS/cmsis_os.c **** */
1520:System/FreeRTOS/CMSIS_RTOS/cmsis_os.c **** osStatus osAbortDelay(osThreadId thread_id)
1521:System/FreeRTOS/CMSIS_RTOS/cmsis_os.c **** {
 3716              		.loc 1 1521 1
 3717              		.cfi_startproc
 3718              		@ args = 0, pretend = 0, frame = 8
 3719              		@ frame_needed = 1, uses_anonymous_args = 0
 3720              		@ link register save eliminated.
 3721 0000 80B4     		push	{r7}
 3722              	.LCFI216:
 3723              		.cfi_def_cfa_offset 4
 3724              		.cfi_offset 7, -4
 3725 0002 83B0     		sub	sp, sp, #12
 3726              	.LCFI217:
 3727              		.cfi_def_cfa_offset 16
 3728 0004 00AF     		add	r7, sp, #0
 3729              	.LCFI218:
 3730              		.cfi_def_cfa_register 7
 3731 0006 7860     		str	r0, [r7, #4]
1522:System/FreeRTOS/CMSIS_RTOS/cmsis_os.c **** #if INCLUDE_xTaskAbortDelay
1523:System/FreeRTOS/CMSIS_RTOS/cmsis_os.c ****   
1524:System/FreeRTOS/CMSIS_RTOS/cmsis_os.c ****   xTaskAbortDelay(thread_id);
1525:System/FreeRTOS/CMSIS_RTOS/cmsis_os.c ****   
1526:System/FreeRTOS/CMSIS_RTOS/cmsis_os.c ****   return osOK;
1527:System/FreeRTOS/CMSIS_RTOS/cmsis_os.c **** #else
1528:System/FreeRTOS/CMSIS_RTOS/cmsis_os.c ****   (void) thread_id;
1529:System/FreeRTOS/CMSIS_RTOS/cmsis_os.c ****   
1530:System/FreeRTOS/CMSIS_RTOS/cmsis_os.c ****   return osErrorResource;
 3732              		.loc 1 1530 10
 3733 0008 8123     		movs	r3, #129
1531:System/FreeRTOS/CMSIS_RTOS/cmsis_os.c **** #endif
1532:System/FreeRTOS/CMSIS_RTOS/cmsis_os.c **** }
 3734              		.loc 1 1532 1
 3735 000a 1846     		mov	r0, r3
 3736 000c 0C37     		adds	r7, r7, #12
 3737              	.LCFI219:
ARM GAS  C:\Users\HUAV\AppData\Local\Temp\cc8AyDdj.s 			page 101


 3738              		.cfi_def_cfa_offset 4
 3739 000e BD46     		mov	sp, r7
 3740              	.LCFI220:
 3741              		.cfi_def_cfa_register 13
 3742              		@ sp needed
 3743 0010 5DF8047B 		ldr	r7, [sp], #4
 3744              	.LCFI221:
 3745              		.cfi_restore 7
 3746              		.cfi_def_cfa_offset 0
 3747 0014 7047     		bx	lr
 3748              		.cfi_endproc
 3749              	.LFE155:
 3751              		.section	.text.osThreadList,"ax",%progbits
 3752              		.align	1
 3753              		.global	osThreadList
 3754              		.syntax unified
 3755              		.thumb
 3756              		.thumb_func
 3758              	osThreadList:
 3759              	.LFB156:
1533:System/FreeRTOS/CMSIS_RTOS/cmsis_os.c **** 
1534:System/FreeRTOS/CMSIS_RTOS/cmsis_os.c **** /**
1535:System/FreeRTOS/CMSIS_RTOS/cmsis_os.c **** * @brief   Lists all the current threads, along with their current state 
1536:System/FreeRTOS/CMSIS_RTOS/cmsis_os.c **** *          and stack usage high water mark.
1537:System/FreeRTOS/CMSIS_RTOS/cmsis_os.c **** * @param   buffer   A buffer into which the above mentioned details
1538:System/FreeRTOS/CMSIS_RTOS/cmsis_os.c **** *          will be written
1539:System/FreeRTOS/CMSIS_RTOS/cmsis_os.c **** * @retval  status code that indicates the execution status of the function.
1540:System/FreeRTOS/CMSIS_RTOS/cmsis_os.c **** */
1541:System/FreeRTOS/CMSIS_RTOS/cmsis_os.c **** osStatus osThreadList (uint8_t *buffer)
1542:System/FreeRTOS/CMSIS_RTOS/cmsis_os.c **** {
 3760              		.loc 1 1542 1
 3761              		.cfi_startproc
 3762              		@ args = 0, pretend = 0, frame = 8
 3763              		@ frame_needed = 1, uses_anonymous_args = 0
 3764              		@ link register save eliminated.
 3765 0000 80B4     		push	{r7}
 3766              	.LCFI222:
 3767              		.cfi_def_cfa_offset 4
 3768              		.cfi_offset 7, -4
 3769 0002 83B0     		sub	sp, sp, #12
 3770              	.LCFI223:
 3771              		.cfi_def_cfa_offset 16
 3772 0004 00AF     		add	r7, sp, #0
 3773              	.LCFI224:
 3774              		.cfi_def_cfa_register 7
 3775 0006 7860     		str	r0, [r7, #4]
1543:System/FreeRTOS/CMSIS_RTOS/cmsis_os.c **** #if ( ( configUSE_TRACE_FACILITY == 1 ) && ( configUSE_STATS_FORMATTING_FUNCTIONS == 1 ) )
1544:System/FreeRTOS/CMSIS_RTOS/cmsis_os.c ****   vTaskList((char *)buffer);
1545:System/FreeRTOS/CMSIS_RTOS/cmsis_os.c **** #endif
1546:System/FreeRTOS/CMSIS_RTOS/cmsis_os.c ****   return osOK;
 3776              		.loc 1 1546 10
 3777 0008 0023     		movs	r3, #0
1547:System/FreeRTOS/CMSIS_RTOS/cmsis_os.c **** }
 3778              		.loc 1 1547 1
 3779 000a 1846     		mov	r0, r3
 3780 000c 0C37     		adds	r7, r7, #12
 3781              	.LCFI225:
ARM GAS  C:\Users\HUAV\AppData\Local\Temp\cc8AyDdj.s 			page 102


 3782              		.cfi_def_cfa_offset 4
 3783 000e BD46     		mov	sp, r7
 3784              	.LCFI226:
 3785              		.cfi_def_cfa_register 13
 3786              		@ sp needed
 3787 0010 5DF8047B 		ldr	r7, [sp], #4
 3788              	.LCFI227:
 3789              		.cfi_restore 7
 3790              		.cfi_def_cfa_offset 0
 3791 0014 7047     		bx	lr
 3792              		.cfi_endproc
 3793              	.LFE156:
 3795              		.section	.text.osMessagePeek,"ax",%progbits
 3796              		.align	1
 3797              		.global	osMessagePeek
 3798              		.syntax unified
 3799              		.thumb
 3800              		.thumb_func
 3802              	osMessagePeek:
 3803              	.LFB157:
1548:System/FreeRTOS/CMSIS_RTOS/cmsis_os.c **** 
1549:System/FreeRTOS/CMSIS_RTOS/cmsis_os.c **** /**
1550:System/FreeRTOS/CMSIS_RTOS/cmsis_os.c **** * @brief  Receive an item from a queue without removing the item from the queue.
1551:System/FreeRTOS/CMSIS_RTOS/cmsis_os.c **** * @param  queue_id  message queue ID obtained with \ref osMessageCreate.
1552:System/FreeRTOS/CMSIS_RTOS/cmsis_os.c **** * @param  millisec  timeout value or 0 in case of no time-out.
1553:System/FreeRTOS/CMSIS_RTOS/cmsis_os.c **** * @retval event information that includes status code.
1554:System/FreeRTOS/CMSIS_RTOS/cmsis_os.c **** */
1555:System/FreeRTOS/CMSIS_RTOS/cmsis_os.c **** osEvent osMessagePeek (osMessageQId queue_id, uint32_t millisec)
1556:System/FreeRTOS/CMSIS_RTOS/cmsis_os.c **** {
 3804              		.loc 1 1556 1
 3805              		.cfi_startproc
 3806              		@ args = 0, pretend = 0, frame = 32
 3807              		@ frame_needed = 1, uses_anonymous_args = 0
 3808 0000 90B5     		push	{r4, r7, lr}
 3809              	.LCFI228:
 3810              		.cfi_def_cfa_offset 12
 3811              		.cfi_offset 4, -12
 3812              		.cfi_offset 7, -8
 3813              		.cfi_offset 14, -4
 3814 0002 89B0     		sub	sp, sp, #36
 3815              	.LCFI229:
 3816              		.cfi_def_cfa_offset 48
 3817 0004 00AF     		add	r7, sp, #0
 3818              	.LCFI230:
 3819              		.cfi_def_cfa_register 7
 3820 0006 F860     		str	r0, [r7, #12]
 3821 0008 B960     		str	r1, [r7, #8]
 3822 000a 7A60     		str	r2, [r7, #4]
1557:System/FreeRTOS/CMSIS_RTOS/cmsis_os.c ****   TickType_t ticks;
1558:System/FreeRTOS/CMSIS_RTOS/cmsis_os.c ****   osEvent event;
1559:System/FreeRTOS/CMSIS_RTOS/cmsis_os.c ****   
1560:System/FreeRTOS/CMSIS_RTOS/cmsis_os.c ****   event.def.message_id = queue_id;
 3823              		.loc 1 1560 24
 3824 000c BB68     		ldr	r3, [r7, #8]
 3825 000e BB61     		str	r3, [r7, #24]
1561:System/FreeRTOS/CMSIS_RTOS/cmsis_os.c ****   
1562:System/FreeRTOS/CMSIS_RTOS/cmsis_os.c ****   if (queue_id == NULL) {
ARM GAS  C:\Users\HUAV\AppData\Local\Temp\cc8AyDdj.s 			page 103


 3826              		.loc 1 1562 6
 3827 0010 BB68     		ldr	r3, [r7, #8]
 3828 0012 002B     		cmp	r3, #0
 3829 0014 0AD1     		bne	.L239
1563:System/FreeRTOS/CMSIS_RTOS/cmsis_os.c ****     event.status = osErrorParameter;
 3830              		.loc 1 1563 18
 3831 0016 8023     		movs	r3, #128
 3832 0018 3B61     		str	r3, [r7, #16]
1564:System/FreeRTOS/CMSIS_RTOS/cmsis_os.c ****     return event;
 3833              		.loc 1 1564 12
 3834 001a FB68     		ldr	r3, [r7, #12]
 3835 001c 1C46     		mov	r4, r3
 3836 001e 07F11003 		add	r3, r7, #16
 3837 0022 93E80700 		ldm	r3, {r0, r1, r2}
 3838 0026 84E80700 		stm	r4, {r0, r1, r2}
 3839 002a 30E0     		b	.L247
 3840              	.L239:
1565:System/FreeRTOS/CMSIS_RTOS/cmsis_os.c ****   }
1566:System/FreeRTOS/CMSIS_RTOS/cmsis_os.c ****   
1567:System/FreeRTOS/CMSIS_RTOS/cmsis_os.c ****   ticks = 0;
 3841              		.loc 1 1567 9
 3842 002c 0023     		movs	r3, #0
 3843 002e FB61     		str	r3, [r7, #28]
1568:System/FreeRTOS/CMSIS_RTOS/cmsis_os.c ****   if (millisec == osWaitForever) {
 3844              		.loc 1 1568 6
 3845 0030 7B68     		ldr	r3, [r7, #4]
 3846 0032 B3F1FF3F 		cmp	r3, #-1
 3847 0036 03D1     		bne	.L241
1569:System/FreeRTOS/CMSIS_RTOS/cmsis_os.c ****     ticks = portMAX_DELAY;
 3848              		.loc 1 1569 11
 3849 0038 4FF0FF33 		mov	r3, #-1
 3850 003c FB61     		str	r3, [r7, #28]
 3851 003e 09E0     		b	.L242
 3852              	.L241:
1570:System/FreeRTOS/CMSIS_RTOS/cmsis_os.c ****   }
1571:System/FreeRTOS/CMSIS_RTOS/cmsis_os.c ****   else if (millisec != 0) {
 3853              		.loc 1 1571 11
 3854 0040 7B68     		ldr	r3, [r7, #4]
 3855 0042 002B     		cmp	r3, #0
 3856 0044 06D0     		beq	.L242
1572:System/FreeRTOS/CMSIS_RTOS/cmsis_os.c ****     ticks = millisec / portTICK_PERIOD_MS;
 3857              		.loc 1 1572 11
 3858 0046 7B68     		ldr	r3, [r7, #4]
 3859 0048 FB61     		str	r3, [r7, #28]
1573:System/FreeRTOS/CMSIS_RTOS/cmsis_os.c ****     if (ticks == 0) {
 3860              		.loc 1 1573 8
 3861 004a FB69     		ldr	r3, [r7, #28]
 3862 004c 002B     		cmp	r3, #0
 3863 004e 01D1     		bne	.L242
1574:System/FreeRTOS/CMSIS_RTOS/cmsis_os.c ****       ticks = 1;
 3864              		.loc 1 1574 13
 3865 0050 0123     		movs	r3, #1
 3866 0052 FB61     		str	r3, [r7, #28]
 3867              	.L242:
1575:System/FreeRTOS/CMSIS_RTOS/cmsis_os.c ****     }
1576:System/FreeRTOS/CMSIS_RTOS/cmsis_os.c ****   }
1577:System/FreeRTOS/CMSIS_RTOS/cmsis_os.c ****   
ARM GAS  C:\Users\HUAV\AppData\Local\Temp\cc8AyDdj.s 			page 104


1578:System/FreeRTOS/CMSIS_RTOS/cmsis_os.c ****   if (xQueuePeek(queue_id, &event.value.v, ticks) == pdTRUE) 
 3868              		.loc 1 1578 7
 3869 0054 07F11003 		add	r3, r7, #16
 3870 0058 0433     		adds	r3, r3, #4
 3871 005a FA69     		ldr	r2, [r7, #28]
 3872 005c 1946     		mov	r1, r3
 3873 005e B868     		ldr	r0, [r7, #8]
 3874 0060 FFF7FEFF 		bl	xQueuePeek
 3875 0064 0346     		mov	r3, r0
 3876              		.loc 1 1578 6
 3877 0066 012B     		cmp	r3, #1
 3878 0068 02D1     		bne	.L243
1579:System/FreeRTOS/CMSIS_RTOS/cmsis_os.c ****   {
1580:System/FreeRTOS/CMSIS_RTOS/cmsis_os.c ****     /* We have mail */
1581:System/FreeRTOS/CMSIS_RTOS/cmsis_os.c ****     event.status = osEventMessage;
 3879              		.loc 1 1581 18
 3880 006a 1023     		movs	r3, #16
 3881 006c 3B61     		str	r3, [r7, #16]
 3882 006e 06E0     		b	.L244
 3883              	.L243:
1582:System/FreeRTOS/CMSIS_RTOS/cmsis_os.c ****   }
1583:System/FreeRTOS/CMSIS_RTOS/cmsis_os.c ****   else 
1584:System/FreeRTOS/CMSIS_RTOS/cmsis_os.c ****   {
1585:System/FreeRTOS/CMSIS_RTOS/cmsis_os.c ****     event.status = (ticks == 0) ? osOK : osEventTimeout;
 3884              		.loc 1 1585 40
 3885 0070 FB69     		ldr	r3, [r7, #28]
 3886 0072 002B     		cmp	r3, #0
 3887 0074 01D1     		bne	.L245
 3888              		.loc 1 1585 40 is_stmt 0 discriminator 1
 3889 0076 0023     		movs	r3, #0
 3890 0078 00E0     		b	.L246
 3891              	.L245:
 3892              		.loc 1 1585 40 discriminator 2
 3893 007a 4023     		movs	r3, #64
 3894              	.L246:
 3895              		.loc 1 1585 18 is_stmt 1 discriminator 4
 3896 007c 3B61     		str	r3, [r7, #16]
 3897              	.L244:
1586:System/FreeRTOS/CMSIS_RTOS/cmsis_os.c ****   }
1587:System/FreeRTOS/CMSIS_RTOS/cmsis_os.c ****   
1588:System/FreeRTOS/CMSIS_RTOS/cmsis_os.c ****   return event;
 3898              		.loc 1 1588 10
 3899 007e FB68     		ldr	r3, [r7, #12]
 3900 0080 1C46     		mov	r4, r3
 3901 0082 07F11003 		add	r3, r7, #16
 3902 0086 93E80700 		ldm	r3, {r0, r1, r2}
 3903 008a 84E80700 		stm	r4, {r0, r1, r2}
 3904              	.L247:
1589:System/FreeRTOS/CMSIS_RTOS/cmsis_os.c **** }
 3905              		.loc 1 1589 1 discriminator 1
 3906 008e F868     		ldr	r0, [r7, #12]
 3907 0090 2437     		adds	r7, r7, #36
 3908              	.LCFI231:
 3909              		.cfi_def_cfa_offset 12
 3910 0092 BD46     		mov	sp, r7
 3911              	.LCFI232:
 3912              		.cfi_def_cfa_register 13
ARM GAS  C:\Users\HUAV\AppData\Local\Temp\cc8AyDdj.s 			page 105


 3913              		@ sp needed
 3914 0094 90BD     		pop	{r4, r7, pc}
 3915              		.cfi_endproc
 3916              	.LFE157:
 3918              		.section	.text.osMessageWaiting,"ax",%progbits
 3919              		.align	1
 3920              		.global	osMessageWaiting
 3921              		.syntax unified
 3922              		.thumb
 3923              		.thumb_func
 3925              	osMessageWaiting:
 3926              	.LFB158:
1590:System/FreeRTOS/CMSIS_RTOS/cmsis_os.c **** 
1591:System/FreeRTOS/CMSIS_RTOS/cmsis_os.c **** /**
1592:System/FreeRTOS/CMSIS_RTOS/cmsis_os.c **** * @brief  Get the number of messaged stored in a queue.
1593:System/FreeRTOS/CMSIS_RTOS/cmsis_os.c **** * @param  queue_id  message queue ID obtained with \ref osMessageCreate.
1594:System/FreeRTOS/CMSIS_RTOS/cmsis_os.c **** * @retval number of messages stored in a queue.
1595:System/FreeRTOS/CMSIS_RTOS/cmsis_os.c **** */
1596:System/FreeRTOS/CMSIS_RTOS/cmsis_os.c **** uint32_t osMessageWaiting(osMessageQId queue_id)
1597:System/FreeRTOS/CMSIS_RTOS/cmsis_os.c **** {
 3927              		.loc 1 1597 1
 3928              		.cfi_startproc
 3929              		@ args = 0, pretend = 0, frame = 8
 3930              		@ frame_needed = 1, uses_anonymous_args = 0
 3931 0000 80B5     		push	{r7, lr}
 3932              	.LCFI233:
 3933              		.cfi_def_cfa_offset 8
 3934              		.cfi_offset 7, -8
 3935              		.cfi_offset 14, -4
 3936 0002 82B0     		sub	sp, sp, #8
 3937              	.LCFI234:
 3938              		.cfi_def_cfa_offset 16
 3939 0004 00AF     		add	r7, sp, #0
 3940              	.LCFI235:
 3941              		.cfi_def_cfa_register 7
 3942 0006 7860     		str	r0, [r7, #4]
1598:System/FreeRTOS/CMSIS_RTOS/cmsis_os.c ****   if (inHandlerMode()) {
 3943              		.loc 1 1598 7
 3944 0008 FFF7FEFF 		bl	inHandlerMode
 3945 000c 0346     		mov	r3, r0
 3946              		.loc 1 1598 6
 3947 000e 002B     		cmp	r3, #0
 3948 0010 04D0     		beq	.L249
1599:System/FreeRTOS/CMSIS_RTOS/cmsis_os.c ****     return uxQueueMessagesWaitingFromISR(queue_id);
 3949              		.loc 1 1599 12
 3950 0012 7868     		ldr	r0, [r7, #4]
 3951 0014 FFF7FEFF 		bl	uxQueueMessagesWaitingFromISR
 3952 0018 0346     		mov	r3, r0
 3953 001a 03E0     		b	.L250
 3954              	.L249:
1600:System/FreeRTOS/CMSIS_RTOS/cmsis_os.c ****   }
1601:System/FreeRTOS/CMSIS_RTOS/cmsis_os.c ****   else
1602:System/FreeRTOS/CMSIS_RTOS/cmsis_os.c ****   {
1603:System/FreeRTOS/CMSIS_RTOS/cmsis_os.c ****     return uxQueueMessagesWaiting(queue_id);
 3955              		.loc 1 1603 12
 3956 001c 7868     		ldr	r0, [r7, #4]
 3957 001e FFF7FEFF 		bl	uxQueueMessagesWaiting
ARM GAS  C:\Users\HUAV\AppData\Local\Temp\cc8AyDdj.s 			page 106


 3958 0022 0346     		mov	r3, r0
 3959              	.L250:
1604:System/FreeRTOS/CMSIS_RTOS/cmsis_os.c ****   }
1605:System/FreeRTOS/CMSIS_RTOS/cmsis_os.c **** }
 3960              		.loc 1 1605 1
 3961 0024 1846     		mov	r0, r3
 3962 0026 0837     		adds	r7, r7, #8
 3963              	.LCFI236:
 3964              		.cfi_def_cfa_offset 8
 3965 0028 BD46     		mov	sp, r7
 3966              	.LCFI237:
 3967              		.cfi_def_cfa_register 13
 3968              		@ sp needed
 3969 002a 80BD     		pop	{r7, pc}
 3970              		.cfi_endproc
 3971              	.LFE158:
 3973              		.section	.text.osMessageAvailableSpace,"ax",%progbits
 3974              		.align	1
 3975              		.global	osMessageAvailableSpace
 3976              		.syntax unified
 3977              		.thumb
 3978              		.thumb_func
 3980              	osMessageAvailableSpace:
 3981              	.LFB159:
1606:System/FreeRTOS/CMSIS_RTOS/cmsis_os.c **** 
1607:System/FreeRTOS/CMSIS_RTOS/cmsis_os.c **** /**
1608:System/FreeRTOS/CMSIS_RTOS/cmsis_os.c **** * @brief  Get the available space in a message queue.
1609:System/FreeRTOS/CMSIS_RTOS/cmsis_os.c **** * @param  queue_id  message queue ID obtained with \ref osMessageCreate.
1610:System/FreeRTOS/CMSIS_RTOS/cmsis_os.c **** * @retval available space in a message queue.
1611:System/FreeRTOS/CMSIS_RTOS/cmsis_os.c **** */
1612:System/FreeRTOS/CMSIS_RTOS/cmsis_os.c **** uint32_t osMessageAvailableSpace(osMessageQId queue_id)  
1613:System/FreeRTOS/CMSIS_RTOS/cmsis_os.c **** {
 3982              		.loc 1 1613 1
 3983              		.cfi_startproc
 3984              		@ args = 0, pretend = 0, frame = 8
 3985              		@ frame_needed = 1, uses_anonymous_args = 0
 3986 0000 80B5     		push	{r7, lr}
 3987              	.LCFI238:
 3988              		.cfi_def_cfa_offset 8
 3989              		.cfi_offset 7, -8
 3990              		.cfi_offset 14, -4
 3991 0002 82B0     		sub	sp, sp, #8
 3992              	.LCFI239:
 3993              		.cfi_def_cfa_offset 16
 3994 0004 00AF     		add	r7, sp, #0
 3995              	.LCFI240:
 3996              		.cfi_def_cfa_register 7
 3997 0006 7860     		str	r0, [r7, #4]
1614:System/FreeRTOS/CMSIS_RTOS/cmsis_os.c ****   return uxQueueSpacesAvailable(queue_id);
 3998              		.loc 1 1614 10
 3999 0008 7868     		ldr	r0, [r7, #4]
 4000 000a FFF7FEFF 		bl	uxQueueSpacesAvailable
 4001 000e 0346     		mov	r3, r0
1615:System/FreeRTOS/CMSIS_RTOS/cmsis_os.c **** }
 4002              		.loc 1 1615 1
 4003 0010 1846     		mov	r0, r3
 4004 0012 0837     		adds	r7, r7, #8
ARM GAS  C:\Users\HUAV\AppData\Local\Temp\cc8AyDdj.s 			page 107


 4005              	.LCFI241:
 4006              		.cfi_def_cfa_offset 8
 4007 0014 BD46     		mov	sp, r7
 4008              	.LCFI242:
 4009              		.cfi_def_cfa_register 13
 4010              		@ sp needed
 4011 0016 80BD     		pop	{r7, pc}
 4012              		.cfi_endproc
 4013              	.LFE159:
 4015              		.section	.text.osMessageDelete,"ax",%progbits
 4016              		.align	1
 4017              		.global	osMessageDelete
 4018              		.syntax unified
 4019              		.thumb
 4020              		.thumb_func
 4022              	osMessageDelete:
 4023              	.LFB160:
1616:System/FreeRTOS/CMSIS_RTOS/cmsis_os.c **** 
1617:System/FreeRTOS/CMSIS_RTOS/cmsis_os.c **** /**
1618:System/FreeRTOS/CMSIS_RTOS/cmsis_os.c **** * @brief Delete a Message Queue
1619:System/FreeRTOS/CMSIS_RTOS/cmsis_os.c **** * @param  queue_id  message queue ID obtained with \ref osMessageCreate.
1620:System/FreeRTOS/CMSIS_RTOS/cmsis_os.c **** * @retval  status code that indicates the execution status of the function.
1621:System/FreeRTOS/CMSIS_RTOS/cmsis_os.c **** */
1622:System/FreeRTOS/CMSIS_RTOS/cmsis_os.c **** osStatus osMessageDelete (osMessageQId queue_id)
1623:System/FreeRTOS/CMSIS_RTOS/cmsis_os.c **** {
 4024              		.loc 1 1623 1
 4025              		.cfi_startproc
 4026              		@ args = 0, pretend = 0, frame = 8
 4027              		@ frame_needed = 1, uses_anonymous_args = 0
 4028 0000 80B5     		push	{r7, lr}
 4029              	.LCFI243:
 4030              		.cfi_def_cfa_offset 8
 4031              		.cfi_offset 7, -8
 4032              		.cfi_offset 14, -4
 4033 0002 82B0     		sub	sp, sp, #8
 4034              	.LCFI244:
 4035              		.cfi_def_cfa_offset 16
 4036 0004 00AF     		add	r7, sp, #0
 4037              	.LCFI245:
 4038              		.cfi_def_cfa_register 7
 4039 0006 7860     		str	r0, [r7, #4]
1624:System/FreeRTOS/CMSIS_RTOS/cmsis_os.c ****   if (inHandlerMode()) {
 4040              		.loc 1 1624 7
 4041 0008 FFF7FEFF 		bl	inHandlerMode
 4042 000c 0346     		mov	r3, r0
 4043              		.loc 1 1624 6
 4044 000e 002B     		cmp	r3, #0
 4045 0010 01D0     		beq	.L254
1625:System/FreeRTOS/CMSIS_RTOS/cmsis_os.c ****     return osErrorISR;
 4046              		.loc 1 1625 12
 4047 0012 8223     		movs	r3, #130
 4048 0014 03E0     		b	.L255
 4049              	.L254:
1626:System/FreeRTOS/CMSIS_RTOS/cmsis_os.c ****   }
1627:System/FreeRTOS/CMSIS_RTOS/cmsis_os.c **** 
1628:System/FreeRTOS/CMSIS_RTOS/cmsis_os.c ****   vQueueDelete(queue_id);
 4050              		.loc 1 1628 3
ARM GAS  C:\Users\HUAV\AppData\Local\Temp\cc8AyDdj.s 			page 108


 4051 0016 7868     		ldr	r0, [r7, #4]
 4052 0018 FFF7FEFF 		bl	vQueueDelete
1629:System/FreeRTOS/CMSIS_RTOS/cmsis_os.c **** 
1630:System/FreeRTOS/CMSIS_RTOS/cmsis_os.c ****   return osOK; 
 4053              		.loc 1 1630 10
 4054 001c 0023     		movs	r3, #0
 4055              	.L255:
1631:System/FreeRTOS/CMSIS_RTOS/cmsis_os.c **** }
 4056              		.loc 1 1631 1
 4057 001e 1846     		mov	r0, r3
 4058 0020 0837     		adds	r7, r7, #8
 4059              	.LCFI246:
 4060              		.cfi_def_cfa_offset 8
 4061 0022 BD46     		mov	sp, r7
 4062              	.LCFI247:
 4063              		.cfi_def_cfa_register 13
 4064              		@ sp needed
 4065 0024 80BD     		pop	{r7, pc}
 4066              		.cfi_endproc
 4067              	.LFE160:
 4069              		.section	.text.osRecursiveMutexCreate,"ax",%progbits
 4070              		.align	1
 4071              		.global	osRecursiveMutexCreate
 4072              		.syntax unified
 4073              		.thumb
 4074              		.thumb_func
 4076              	osRecursiveMutexCreate:
 4077              	.LFB161:
1632:System/FreeRTOS/CMSIS_RTOS/cmsis_os.c **** 
1633:System/FreeRTOS/CMSIS_RTOS/cmsis_os.c **** /**
1634:System/FreeRTOS/CMSIS_RTOS/cmsis_os.c **** * @brief  Create and Initialize a Recursive Mutex
1635:System/FreeRTOS/CMSIS_RTOS/cmsis_os.c **** * @param  mutex_def     mutex definition referenced with \ref osMutex.
1636:System/FreeRTOS/CMSIS_RTOS/cmsis_os.c **** * @retval  mutex ID for reference by other functions or NULL in case of error..
1637:System/FreeRTOS/CMSIS_RTOS/cmsis_os.c **** */
1638:System/FreeRTOS/CMSIS_RTOS/cmsis_os.c **** osMutexId osRecursiveMutexCreate (const osMutexDef_t *mutex_def)
1639:System/FreeRTOS/CMSIS_RTOS/cmsis_os.c **** {
 4078              		.loc 1 1639 1
 4079              		.cfi_startproc
 4080              		@ args = 0, pretend = 0, frame = 8
 4081              		@ frame_needed = 1, uses_anonymous_args = 0
 4082              		@ link register save eliminated.
 4083 0000 80B4     		push	{r7}
 4084              	.LCFI248:
 4085              		.cfi_def_cfa_offset 4
 4086              		.cfi_offset 7, -4
 4087 0002 83B0     		sub	sp, sp, #12
 4088              	.LCFI249:
 4089              		.cfi_def_cfa_offset 16
 4090 0004 00AF     		add	r7, sp, #0
 4091              	.LCFI250:
 4092              		.cfi_def_cfa_register 7
 4093 0006 7860     		str	r0, [r7, #4]
1640:System/FreeRTOS/CMSIS_RTOS/cmsis_os.c **** #if (configUSE_RECURSIVE_MUTEXES == 1)
1641:System/FreeRTOS/CMSIS_RTOS/cmsis_os.c **** #if( configSUPPORT_STATIC_ALLOCATION == 1 ) && ( configSUPPORT_DYNAMIC_ALLOCATION == 1 )
1642:System/FreeRTOS/CMSIS_RTOS/cmsis_os.c **** 
1643:System/FreeRTOS/CMSIS_RTOS/cmsis_os.c ****   if (mutex_def->controlblock != NULL){
1644:System/FreeRTOS/CMSIS_RTOS/cmsis_os.c ****     return xSemaphoreCreateRecursiveMutexStatic( mutex_def->controlblock );
ARM GAS  C:\Users\HUAV\AppData\Local\Temp\cc8AyDdj.s 			page 109


1645:System/FreeRTOS/CMSIS_RTOS/cmsis_os.c ****   }
1646:System/FreeRTOS/CMSIS_RTOS/cmsis_os.c ****   else {
1647:System/FreeRTOS/CMSIS_RTOS/cmsis_os.c ****     return xSemaphoreCreateRecursiveMutex();
1648:System/FreeRTOS/CMSIS_RTOS/cmsis_os.c ****   }
1649:System/FreeRTOS/CMSIS_RTOS/cmsis_os.c **** #elif ( configSUPPORT_STATIC_ALLOCATION == 1 )
1650:System/FreeRTOS/CMSIS_RTOS/cmsis_os.c ****   return xSemaphoreCreateRecursiveMutexStatic( mutex_def->controlblock );
1651:System/FreeRTOS/CMSIS_RTOS/cmsis_os.c **** #else 
1652:System/FreeRTOS/CMSIS_RTOS/cmsis_os.c ****   return xSemaphoreCreateRecursiveMutex();
1653:System/FreeRTOS/CMSIS_RTOS/cmsis_os.c **** #endif
1654:System/FreeRTOS/CMSIS_RTOS/cmsis_os.c **** #else
1655:System/FreeRTOS/CMSIS_RTOS/cmsis_os.c ****   return NULL;
 4094              		.loc 1 1655 10
 4095 0008 0023     		movs	r3, #0
1656:System/FreeRTOS/CMSIS_RTOS/cmsis_os.c **** #endif	
1657:System/FreeRTOS/CMSIS_RTOS/cmsis_os.c **** }
 4096              		.loc 1 1657 1
 4097 000a 1846     		mov	r0, r3
 4098 000c 0C37     		adds	r7, r7, #12
 4099              	.LCFI251:
 4100              		.cfi_def_cfa_offset 4
 4101 000e BD46     		mov	sp, r7
 4102              	.LCFI252:
 4103              		.cfi_def_cfa_register 13
 4104              		@ sp needed
 4105 0010 5DF8047B 		ldr	r7, [sp], #4
 4106              	.LCFI253:
 4107              		.cfi_restore 7
 4108              		.cfi_def_cfa_offset 0
 4109 0014 7047     		bx	lr
 4110              		.cfi_endproc
 4111              	.LFE161:
 4113              		.section	.text.osRecursiveMutexRelease,"ax",%progbits
 4114              		.align	1
 4115              		.global	osRecursiveMutexRelease
 4116              		.syntax unified
 4117              		.thumb
 4118              		.thumb_func
 4120              	osRecursiveMutexRelease:
 4121              	.LFB162:
1658:System/FreeRTOS/CMSIS_RTOS/cmsis_os.c **** 
1659:System/FreeRTOS/CMSIS_RTOS/cmsis_os.c **** /**
1660:System/FreeRTOS/CMSIS_RTOS/cmsis_os.c **** * @brief  Release a Recursive Mutex
1661:System/FreeRTOS/CMSIS_RTOS/cmsis_os.c **** * @param   mutex_id      mutex ID obtained by \ref osRecursiveMutexCreate.
1662:System/FreeRTOS/CMSIS_RTOS/cmsis_os.c **** * @retval  status code that indicates the execution status of the function.
1663:System/FreeRTOS/CMSIS_RTOS/cmsis_os.c **** */
1664:System/FreeRTOS/CMSIS_RTOS/cmsis_os.c **** osStatus osRecursiveMutexRelease (osMutexId mutex_id)
1665:System/FreeRTOS/CMSIS_RTOS/cmsis_os.c **** {
 4122              		.loc 1 1665 1
 4123              		.cfi_startproc
 4124              		@ args = 0, pretend = 0, frame = 8
 4125              		@ frame_needed = 1, uses_anonymous_args = 0
 4126              		@ link register save eliminated.
 4127 0000 80B4     		push	{r7}
 4128              	.LCFI254:
 4129              		.cfi_def_cfa_offset 4
 4130              		.cfi_offset 7, -4
 4131 0002 83B0     		sub	sp, sp, #12
ARM GAS  C:\Users\HUAV\AppData\Local\Temp\cc8AyDdj.s 			page 110


 4132              	.LCFI255:
 4133              		.cfi_def_cfa_offset 16
 4134 0004 00AF     		add	r7, sp, #0
 4135              	.LCFI256:
 4136              		.cfi_def_cfa_register 7
 4137 0006 7860     		str	r0, [r7, #4]
1666:System/FreeRTOS/CMSIS_RTOS/cmsis_os.c **** #if (configUSE_RECURSIVE_MUTEXES == 1)
1667:System/FreeRTOS/CMSIS_RTOS/cmsis_os.c ****   osStatus result = osOK;
1668:System/FreeRTOS/CMSIS_RTOS/cmsis_os.c ****  
1669:System/FreeRTOS/CMSIS_RTOS/cmsis_os.c ****   if (xSemaphoreGiveRecursive(mutex_id) != pdTRUE) 
1670:System/FreeRTOS/CMSIS_RTOS/cmsis_os.c ****   {
1671:System/FreeRTOS/CMSIS_RTOS/cmsis_os.c ****     result = osErrorOS;
1672:System/FreeRTOS/CMSIS_RTOS/cmsis_os.c ****   }
1673:System/FreeRTOS/CMSIS_RTOS/cmsis_os.c ****   return result;
1674:System/FreeRTOS/CMSIS_RTOS/cmsis_os.c **** #else
1675:System/FreeRTOS/CMSIS_RTOS/cmsis_os.c **** 	return osErrorResource;
 4138              		.loc 1 1675 9
 4139 0008 8123     		movs	r3, #129
1676:System/FreeRTOS/CMSIS_RTOS/cmsis_os.c **** #endif
1677:System/FreeRTOS/CMSIS_RTOS/cmsis_os.c **** }
 4140              		.loc 1 1677 1
 4141 000a 1846     		mov	r0, r3
 4142 000c 0C37     		adds	r7, r7, #12
 4143              	.LCFI257:
 4144              		.cfi_def_cfa_offset 4
 4145 000e BD46     		mov	sp, r7
 4146              	.LCFI258:
 4147              		.cfi_def_cfa_register 13
 4148              		@ sp needed
 4149 0010 5DF8047B 		ldr	r7, [sp], #4
 4150              	.LCFI259:
 4151              		.cfi_restore 7
 4152              		.cfi_def_cfa_offset 0
 4153 0014 7047     		bx	lr
 4154              		.cfi_endproc
 4155              	.LFE162:
 4157              		.section	.text.osRecursiveMutexWait,"ax",%progbits
 4158              		.align	1
 4159              		.global	osRecursiveMutexWait
 4160              		.syntax unified
 4161              		.thumb
 4162              		.thumb_func
 4164              	osRecursiveMutexWait:
 4165              	.LFB163:
1678:System/FreeRTOS/CMSIS_RTOS/cmsis_os.c **** 
1679:System/FreeRTOS/CMSIS_RTOS/cmsis_os.c **** /**
1680:System/FreeRTOS/CMSIS_RTOS/cmsis_os.c **** * @brief  Release a Recursive Mutex
1681:System/FreeRTOS/CMSIS_RTOS/cmsis_os.c **** * @param   mutex_id    mutex ID obtained by \ref osRecursiveMutexCreate.
1682:System/FreeRTOS/CMSIS_RTOS/cmsis_os.c **** * @param millisec      timeout value or 0 in case of no time-out.
1683:System/FreeRTOS/CMSIS_RTOS/cmsis_os.c **** * @retval  status code that indicates the execution status of the function.
1684:System/FreeRTOS/CMSIS_RTOS/cmsis_os.c **** */
1685:System/FreeRTOS/CMSIS_RTOS/cmsis_os.c **** osStatus osRecursiveMutexWait (osMutexId mutex_id, uint32_t millisec)
1686:System/FreeRTOS/CMSIS_RTOS/cmsis_os.c **** {
 4166              		.loc 1 1686 1
 4167              		.cfi_startproc
 4168              		@ args = 0, pretend = 0, frame = 8
 4169              		@ frame_needed = 1, uses_anonymous_args = 0
ARM GAS  C:\Users\HUAV\AppData\Local\Temp\cc8AyDdj.s 			page 111


 4170              		@ link register save eliminated.
 4171 0000 80B4     		push	{r7}
 4172              	.LCFI260:
 4173              		.cfi_def_cfa_offset 4
 4174              		.cfi_offset 7, -4
 4175 0002 83B0     		sub	sp, sp, #12
 4176              	.LCFI261:
 4177              		.cfi_def_cfa_offset 16
 4178 0004 00AF     		add	r7, sp, #0
 4179              	.LCFI262:
 4180              		.cfi_def_cfa_register 7
 4181 0006 7860     		str	r0, [r7, #4]
 4182 0008 3960     		str	r1, [r7]
1687:System/FreeRTOS/CMSIS_RTOS/cmsis_os.c **** #if (configUSE_RECURSIVE_MUTEXES == 1)
1688:System/FreeRTOS/CMSIS_RTOS/cmsis_os.c ****   TickType_t ticks;
1689:System/FreeRTOS/CMSIS_RTOS/cmsis_os.c ****   
1690:System/FreeRTOS/CMSIS_RTOS/cmsis_os.c ****   if (mutex_id == NULL)
1691:System/FreeRTOS/CMSIS_RTOS/cmsis_os.c ****   {
1692:System/FreeRTOS/CMSIS_RTOS/cmsis_os.c ****     return osErrorParameter;
1693:System/FreeRTOS/CMSIS_RTOS/cmsis_os.c ****   }
1694:System/FreeRTOS/CMSIS_RTOS/cmsis_os.c ****   
1695:System/FreeRTOS/CMSIS_RTOS/cmsis_os.c ****   ticks = 0;
1696:System/FreeRTOS/CMSIS_RTOS/cmsis_os.c ****   if (millisec == osWaitForever) 
1697:System/FreeRTOS/CMSIS_RTOS/cmsis_os.c ****   {
1698:System/FreeRTOS/CMSIS_RTOS/cmsis_os.c ****     ticks = portMAX_DELAY;
1699:System/FreeRTOS/CMSIS_RTOS/cmsis_os.c ****   }
1700:System/FreeRTOS/CMSIS_RTOS/cmsis_os.c ****   else if (millisec != 0) 
1701:System/FreeRTOS/CMSIS_RTOS/cmsis_os.c ****   {
1702:System/FreeRTOS/CMSIS_RTOS/cmsis_os.c ****     ticks = millisec / portTICK_PERIOD_MS;
1703:System/FreeRTOS/CMSIS_RTOS/cmsis_os.c ****     if (ticks == 0) 
1704:System/FreeRTOS/CMSIS_RTOS/cmsis_os.c ****     {
1705:System/FreeRTOS/CMSIS_RTOS/cmsis_os.c ****       ticks = 1;
1706:System/FreeRTOS/CMSIS_RTOS/cmsis_os.c ****     }
1707:System/FreeRTOS/CMSIS_RTOS/cmsis_os.c ****   }
1708:System/FreeRTOS/CMSIS_RTOS/cmsis_os.c ****   
1709:System/FreeRTOS/CMSIS_RTOS/cmsis_os.c ****   if (xSemaphoreTakeRecursive(mutex_id, ticks) != pdTRUE) 
1710:System/FreeRTOS/CMSIS_RTOS/cmsis_os.c ****   {
1711:System/FreeRTOS/CMSIS_RTOS/cmsis_os.c ****     return osErrorOS;
1712:System/FreeRTOS/CMSIS_RTOS/cmsis_os.c ****   }
1713:System/FreeRTOS/CMSIS_RTOS/cmsis_os.c ****   return osOK;
1714:System/FreeRTOS/CMSIS_RTOS/cmsis_os.c **** #else
1715:System/FreeRTOS/CMSIS_RTOS/cmsis_os.c **** 	return osErrorResource;
 4183              		.loc 1 1715 9
 4184 000a 8123     		movs	r3, #129
1716:System/FreeRTOS/CMSIS_RTOS/cmsis_os.c **** #endif
1717:System/FreeRTOS/CMSIS_RTOS/cmsis_os.c **** }
 4185              		.loc 1 1717 1
 4186 000c 1846     		mov	r0, r3
 4187 000e 0C37     		adds	r7, r7, #12
 4188              	.LCFI263:
 4189              		.cfi_def_cfa_offset 4
 4190 0010 BD46     		mov	sp, r7
 4191              	.LCFI264:
 4192              		.cfi_def_cfa_register 13
 4193              		@ sp needed
 4194 0012 5DF8047B 		ldr	r7, [sp], #4
 4195              	.LCFI265:
ARM GAS  C:\Users\HUAV\AppData\Local\Temp\cc8AyDdj.s 			page 112


 4196              		.cfi_restore 7
 4197              		.cfi_def_cfa_offset 0
 4198 0016 7047     		bx	lr
 4199              		.cfi_endproc
 4200              	.LFE163:
 4202              		.section	.text.osSemaphoreGetCount,"ax",%progbits
 4203              		.align	1
 4204              		.global	osSemaphoreGetCount
 4205              		.syntax unified
 4206              		.thumb
 4207              		.thumb_func
 4209              	osSemaphoreGetCount:
 4210              	.LFB164:
1718:System/FreeRTOS/CMSIS_RTOS/cmsis_os.c **** 
1719:System/FreeRTOS/CMSIS_RTOS/cmsis_os.c **** /**
1720:System/FreeRTOS/CMSIS_RTOS/cmsis_os.c **** * @brief  Returns the current count value of a counting semaphore
1721:System/FreeRTOS/CMSIS_RTOS/cmsis_os.c **** * @param  semaphore_id  semaphore_id ID obtained by \ref osSemaphoreCreate.
1722:System/FreeRTOS/CMSIS_RTOS/cmsis_os.c **** * @retval  count value
1723:System/FreeRTOS/CMSIS_RTOS/cmsis_os.c **** */
1724:System/FreeRTOS/CMSIS_RTOS/cmsis_os.c **** uint32_t osSemaphoreGetCount(osSemaphoreId semaphore_id)
1725:System/FreeRTOS/CMSIS_RTOS/cmsis_os.c **** {
 4211              		.loc 1 1725 1
 4212              		.cfi_startproc
 4213              		@ args = 0, pretend = 0, frame = 8
 4214              		@ frame_needed = 1, uses_anonymous_args = 0
 4215 0000 80B5     		push	{r7, lr}
 4216              	.LCFI266:
 4217              		.cfi_def_cfa_offset 8
 4218              		.cfi_offset 7, -8
 4219              		.cfi_offset 14, -4
 4220 0002 82B0     		sub	sp, sp, #8
 4221              	.LCFI267:
 4222              		.cfi_def_cfa_offset 16
 4223 0004 00AF     		add	r7, sp, #0
 4224              	.LCFI268:
 4225              		.cfi_def_cfa_register 7
 4226 0006 7860     		str	r0, [r7, #4]
1726:System/FreeRTOS/CMSIS_RTOS/cmsis_os.c ****   return uxSemaphoreGetCount(semaphore_id);
 4227              		.loc 1 1726 10
 4228 0008 7868     		ldr	r0, [r7, #4]
 4229 000a FFF7FEFF 		bl	uxQueueMessagesWaiting
 4230 000e 0346     		mov	r3, r0
1727:System/FreeRTOS/CMSIS_RTOS/cmsis_os.c **** }
 4231              		.loc 1 1727 1
 4232 0010 1846     		mov	r0, r3
 4233 0012 0837     		adds	r7, r7, #8
 4234              	.LCFI269:
 4235              		.cfi_def_cfa_offset 8
 4236 0014 BD46     		mov	sp, r7
 4237              	.LCFI270:
 4238              		.cfi_def_cfa_register 13
 4239              		@ sp needed
 4240 0016 80BD     		pop	{r7, pc}
 4241              		.cfi_endproc
 4242              	.LFE164:
 4244              		.text
 4245              	.Letext0:
ARM GAS  C:\Users\HUAV\AppData\Local\Temp\cc8AyDdj.s 			page 113


 4246              		.file 4 "d:\\hpm-compile-tool\\gcc-arm-none-eabi-10.3-win\\arm-none-eabi\\include\\machine\\_defau
 4247              		.file 5 "d:\\hpm-compile-tool\\gcc-arm-none-eabi-10.3-win\\arm-none-eabi\\include\\sys\\_stdint.h"
 4248              		.file 6 "System/FreeRTOS/include/projdefs.h"
 4249              		.file 7 "System/FreeRTOS/include/FreeRTOS.h"
 4250              		.file 8 "System/FreeRTOS/include/task.h"
 4251              		.file 9 "System/FreeRTOS/include/timers.h"
 4252              		.file 10 "System/FreeRTOS/include/queue.h"
 4253              		.file 11 "System/FreeRTOS/include/semphr.h"
 4254              		.file 12 "System/FreeRTOS/CMSIS_RTOS/cmsis_os.h"
ARM GAS  C:\Users\HUAV\AppData\Local\Temp\cc8AyDdj.s 			page 114


DEFINED SYMBOLS
                            *ABS*:00000000 cmsis_os.c
C:\Users\HUAV\AppData\Local\Temp\cc8AyDdj.s:19     .text.makeFreeRtosPriority:00000000 $t
C:\Users\HUAV\AppData\Local\Temp\cc8AyDdj.s:24     .text.makeFreeRtosPriority:00000000 makeFreeRtosPriority
C:\Users\HUAV\AppData\Local\Temp\cc8AyDdj.s:78     .text.makeCmsisPriority:00000000 $t
C:\Users\HUAV\AppData\Local\Temp\cc8AyDdj.s:83     .text.makeCmsisPriority:00000000 makeCmsisPriority
C:\Users\HUAV\AppData\Local\Temp\cc8AyDdj.s:136    .text.inHandlerMode:00000000 $t
C:\Users\HUAV\AppData\Local\Temp\cc8AyDdj.s:141    .text.inHandlerMode:00000000 inHandlerMode
C:\Users\HUAV\AppData\Local\Temp\cc8AyDdj.s:197    .text.osKernelStart:00000000 $t
C:\Users\HUAV\AppData\Local\Temp\cc8AyDdj.s:203    .text.osKernelStart:00000000 osKernelStart
C:\Users\HUAV\AppData\Local\Temp\cc8AyDdj.s:228    .text.osKernelRunning:00000000 $t
C:\Users\HUAV\AppData\Local\Temp\cc8AyDdj.s:234    .text.osKernelRunning:00000000 osKernelRunning
C:\Users\HUAV\AppData\Local\Temp\cc8AyDdj.s:268    .text.osKernelSysTick:00000000 $t
C:\Users\HUAV\AppData\Local\Temp\cc8AyDdj.s:274    .text.osKernelSysTick:00000000 osKernelSysTick
C:\Users\HUAV\AppData\Local\Temp\cc8AyDdj.s:310    .text.osThreadCreate:00000000 $t
C:\Users\HUAV\AppData\Local\Temp\cc8AyDdj.s:316    .text.osThreadCreate:00000000 osThreadCreate
C:\Users\HUAV\AppData\Local\Temp\cc8AyDdj.s:433    .text.osThreadGetId:00000000 $t
C:\Users\HUAV\AppData\Local\Temp\cc8AyDdj.s:439    .text.osThreadGetId:00000000 osThreadGetId
C:\Users\HUAV\AppData\Local\Temp\cc8AyDdj.s:463    .text.osThreadTerminate:00000000 $t
C:\Users\HUAV\AppData\Local\Temp\cc8AyDdj.s:469    .text.osThreadTerminate:00000000 osThreadTerminate
C:\Users\HUAV\AppData\Local\Temp\cc8AyDdj.s:506    .text.osThreadYield:00000000 $t
C:\Users\HUAV\AppData\Local\Temp\cc8AyDdj.s:512    .text.osThreadYield:00000000 osThreadYield
C:\Users\HUAV\AppData\Local\Temp\cc8AyDdj.s:555    .text.osThreadYield:00000020 $d
C:\Users\HUAV\AppData\Local\Temp\cc8AyDdj.s:560    .text.osThreadSetPriority:00000000 $t
C:\Users\HUAV\AppData\Local\Temp\cc8AyDdj.s:566    .text.osThreadSetPriority:00000000 osThreadSetPriority
C:\Users\HUAV\AppData\Local\Temp\cc8AyDdj.s:610    .text.osThreadGetPriority:00000000 $t
C:\Users\HUAV\AppData\Local\Temp\cc8AyDdj.s:616    .text.osThreadGetPriority:00000000 osThreadGetPriority
C:\Users\HUAV\AppData\Local\Temp\cc8AyDdj.s:671    .text.osDelay:00000000 $t
C:\Users\HUAV\AppData\Local\Temp\cc8AyDdj.s:677    .text.osDelay:00000000 osDelay
C:\Users\HUAV\AppData\Local\Temp\cc8AyDdj.s:728    .text.osTimerCreate:00000000 $t
C:\Users\HUAV\AppData\Local\Temp\cc8AyDdj.s:734    .text.osTimerCreate:00000000 osTimerCreate
C:\Users\HUAV\AppData\Local\Temp\cc8AyDdj.s:775    .text.osTimerStart:00000000 $t
C:\Users\HUAV\AppData\Local\Temp\cc8AyDdj.s:781    .text.osTimerStart:00000000 osTimerStart
C:\Users\HUAV\AppData\Local\Temp\cc8AyDdj.s:826    .text.osTimerStop:00000000 $t
C:\Users\HUAV\AppData\Local\Temp\cc8AyDdj.s:832    .text.osTimerStop:00000000 osTimerStop
C:\Users\HUAV\AppData\Local\Temp\cc8AyDdj.s:876    .text.osTimerDelete:00000000 $t
C:\Users\HUAV\AppData\Local\Temp\cc8AyDdj.s:882    .text.osTimerDelete:00000000 osTimerDelete
C:\Users\HUAV\AppData\Local\Temp\cc8AyDdj.s:926    .text.osSignalSet:00000000 $t
C:\Users\HUAV\AppData\Local\Temp\cc8AyDdj.s:932    .text.osSignalSet:00000000 osSignalSet
C:\Users\HUAV\AppData\Local\Temp\cc8AyDdj.s:1029   .text.osSignalSet:0000007c $d
C:\Users\HUAV\AppData\Local\Temp\cc8AyDdj.s:1034   .text.osSignalWait:00000000 $t
C:\Users\HUAV\AppData\Local\Temp\cc8AyDdj.s:1040   .text.osSignalWait:00000000 osSignalWait
C:\Users\HUAV\AppData\Local\Temp\cc8AyDdj.s:1161   .text.osMutexCreate:00000000 $t
C:\Users\HUAV\AppData\Local\Temp\cc8AyDdj.s:1167   .text.osMutexCreate:00000000 osMutexCreate
C:\Users\HUAV\AppData\Local\Temp\cc8AyDdj.s:1219   .text.osMutexWait:00000000 $t
C:\Users\HUAV\AppData\Local\Temp\cc8AyDdj.s:1225   .text.osMutexWait:00000000 osMutexWait
C:\Users\HUAV\AppData\Local\Temp\cc8AyDdj.s:1349   .text.osMutexWait:00000098 $d
C:\Users\HUAV\AppData\Local\Temp\cc8AyDdj.s:1354   .text.osMutexRelease:00000000 $t
C:\Users\HUAV\AppData\Local\Temp\cc8AyDdj.s:1360   .text.osMutexRelease:00000000 osMutexRelease
C:\Users\HUAV\AppData\Local\Temp\cc8AyDdj.s:1452   .text.osMutexRelease:00000068 $d
C:\Users\HUAV\AppData\Local\Temp\cc8AyDdj.s:1457   .text.osMutexDelete:00000000 $t
C:\Users\HUAV\AppData\Local\Temp\cc8AyDdj.s:1463   .text.osMutexDelete:00000000 osMutexDelete
C:\Users\HUAV\AppData\Local\Temp\cc8AyDdj.s:1511   .text.osSemaphoreCreate:00000000 $t
C:\Users\HUAV\AppData\Local\Temp\cc8AyDdj.s:1517   .text.osSemaphoreCreate:00000000 osSemaphoreCreate
C:\Users\HUAV\AppData\Local\Temp\cc8AyDdj.s:1614   .text.osSemaphoreWait:00000000 $t
C:\Users\HUAV\AppData\Local\Temp\cc8AyDdj.s:1620   .text.osSemaphoreWait:00000000 osSemaphoreWait
C:\Users\HUAV\AppData\Local\Temp\cc8AyDdj.s:1744   .text.osSemaphoreWait:00000098 $d
ARM GAS  C:\Users\HUAV\AppData\Local\Temp\cc8AyDdj.s 			page 115


C:\Users\HUAV\AppData\Local\Temp\cc8AyDdj.s:1749   .text.osSemaphoreRelease:00000000 $t
C:\Users\HUAV\AppData\Local\Temp\cc8AyDdj.s:1755   .text.osSemaphoreRelease:00000000 osSemaphoreRelease
C:\Users\HUAV\AppData\Local\Temp\cc8AyDdj.s:1847   .text.osSemaphoreRelease:00000068 $d
C:\Users\HUAV\AppData\Local\Temp\cc8AyDdj.s:1852   .text.osSemaphoreDelete:00000000 $t
C:\Users\HUAV\AppData\Local\Temp\cc8AyDdj.s:1858   .text.osSemaphoreDelete:00000000 osSemaphoreDelete
C:\Users\HUAV\AppData\Local\Temp\cc8AyDdj.s:1906   .text.osPoolCreate:00000000 $t
C:\Users\HUAV\AppData\Local\Temp\cc8AyDdj.s:1912   .text.osPoolCreate:00000000 osPoolCreate
C:\Users\HUAV\AppData\Local\Temp\cc8AyDdj.s:2062   .text.osPoolAlloc:00000000 $t
C:\Users\HUAV\AppData\Local\Temp\cc8AyDdj.s:2068   .text.osPoolAlloc:00000000 osPoolAlloc
C:\Users\HUAV\AppData\Local\Temp\cc8AyDdj.s:2243   .text.osPoolCAlloc:00000000 $t
C:\Users\HUAV\AppData\Local\Temp\cc8AyDdj.s:2249   .text.osPoolCAlloc:00000000 osPoolCAlloc
C:\Users\HUAV\AppData\Local\Temp\cc8AyDdj.s:2297   .text.osPoolFree:00000000 $t
C:\Users\HUAV\AppData\Local\Temp\cc8AyDdj.s:2303   .text.osPoolFree:00000000 osPoolFree
C:\Users\HUAV\AppData\Local\Temp\cc8AyDdj.s:2420   .text.osMessageCreate:00000000 $t
C:\Users\HUAV\AppData\Local\Temp\cc8AyDdj.s:2426   .text.osMessageCreate:00000000 osMessageCreate
C:\Users\HUAV\AppData\Local\Temp\cc8AyDdj.s:2497   .text.osMessagePut:00000000 $t
C:\Users\HUAV\AppData\Local\Temp\cc8AyDdj.s:2503   .text.osMessagePut:00000000 osMessagePut
C:\Users\HUAV\AppData\Local\Temp\cc8AyDdj.s:2606   .text.osMessagePut:0000007c $d
C:\Users\HUAV\AppData\Local\Temp\cc8AyDdj.s:2611   .text.osMessageGet:00000000 $t
C:\Users\HUAV\AppData\Local\Temp\cc8AyDdj.s:2617   .text.osMessageGet:00000000 osMessageGet
C:\Users\HUAV\AppData\Local\Temp\cc8AyDdj.s:2784   .text.osMessageGet:000000e4 $d
C:\Users\HUAV\AppData\Local\Temp\cc8AyDdj.s:2789   .text.osMailCreate:00000000 $t
C:\Users\HUAV\AppData\Local\Temp\cc8AyDdj.s:2795   .text.osMailCreate:00000000 osMailCreate
C:\Users\HUAV\AppData\Local\Temp\cc8AyDdj.s:2945   .text.osMailAlloc:00000000 $t
C:\Users\HUAV\AppData\Local\Temp\cc8AyDdj.s:2951   .text.osMailAlloc:00000000 osMailAlloc
C:\Users\HUAV\AppData\Local\Temp\cc8AyDdj.s:3001   .text.osMailCAlloc:00000000 $t
C:\Users\HUAV\AppData\Local\Temp\cc8AyDdj.s:3007   .text.osMailCAlloc:00000000 osMailCAlloc
C:\Users\HUAV\AppData\Local\Temp\cc8AyDdj.s:3079   .text.osMailPut:00000000 $t
C:\Users\HUAV\AppData\Local\Temp\cc8AyDdj.s:3085   .text.osMailPut:00000000 osMailPut
C:\Users\HUAV\AppData\Local\Temp\cc8AyDdj.s:3186   .text.osMailPut:00000078 $d
C:\Users\HUAV\AppData\Local\Temp\cc8AyDdj.s:3191   .text.osMailGet:00000000 $t
C:\Users\HUAV\AppData\Local\Temp\cc8AyDdj.s:3197   .text.osMailGet:00000000 osMailGet
C:\Users\HUAV\AppData\Local\Temp\cc8AyDdj.s:3363   .text.osMailGet:000000e4 $d
C:\Users\HUAV\AppData\Local\Temp\cc8AyDdj.s:3368   .text.osMailFree:00000000 $t
C:\Users\HUAV\AppData\Local\Temp\cc8AyDdj.s:3374   .text.osMailFree:00000000 osMailFree
C:\Users\HUAV\AppData\Local\Temp\cc8AyDdj.s:3423   .text.osSystickHandler:00000000 $t
C:\Users\HUAV\AppData\Local\Temp\cc8AyDdj.s:3429   .text.osSystickHandler:00000000 osSystickHandler
C:\Users\HUAV\AppData\Local\Temp\cc8AyDdj.s:3459   .text.osThreadSuspend:00000000 $t
C:\Users\HUAV\AppData\Local\Temp\cc8AyDdj.s:3465   .text.osThreadSuspend:00000000 osThreadSuspend
C:\Users\HUAV\AppData\Local\Temp\cc8AyDdj.s:3502   .text.osThreadResume:00000000 $t
C:\Users\HUAV\AppData\Local\Temp\cc8AyDdj.s:3508   .text.osThreadResume:00000000 osThreadResume
C:\Users\HUAV\AppData\Local\Temp\cc8AyDdj.s:3573   .text.osThreadResume:00000040 $d
C:\Users\HUAV\AppData\Local\Temp\cc8AyDdj.s:3578   .text.osThreadSuspendAll:00000000 $t
C:\Users\HUAV\AppData\Local\Temp\cc8AyDdj.s:3584   .text.osThreadSuspendAll:00000000 osThreadSuspendAll
C:\Users\HUAV\AppData\Local\Temp\cc8AyDdj.s:3609   .text.osThreadResumeAll:00000000 $t
C:\Users\HUAV\AppData\Local\Temp\cc8AyDdj.s:3615   .text.osThreadResumeAll:00000000 osThreadResumeAll
C:\Users\HUAV\AppData\Local\Temp\cc8AyDdj.s:3649   .text.osDelayUntil:00000000 $t
C:\Users\HUAV\AppData\Local\Temp\cc8AyDdj.s:3655   .text.osDelayUntil:00000000 osDelayUntil
C:\Users\HUAV\AppData\Local\Temp\cc8AyDdj.s:3708   .text.osAbortDelay:00000000 $t
C:\Users\HUAV\AppData\Local\Temp\cc8AyDdj.s:3714   .text.osAbortDelay:00000000 osAbortDelay
C:\Users\HUAV\AppData\Local\Temp\cc8AyDdj.s:3752   .text.osThreadList:00000000 $t
C:\Users\HUAV\AppData\Local\Temp\cc8AyDdj.s:3758   .text.osThreadList:00000000 osThreadList
C:\Users\HUAV\AppData\Local\Temp\cc8AyDdj.s:3796   .text.osMessagePeek:00000000 $t
C:\Users\HUAV\AppData\Local\Temp\cc8AyDdj.s:3802   .text.osMessagePeek:00000000 osMessagePeek
C:\Users\HUAV\AppData\Local\Temp\cc8AyDdj.s:3919   .text.osMessageWaiting:00000000 $t
C:\Users\HUAV\AppData\Local\Temp\cc8AyDdj.s:3925   .text.osMessageWaiting:00000000 osMessageWaiting
C:\Users\HUAV\AppData\Local\Temp\cc8AyDdj.s:3974   .text.osMessageAvailableSpace:00000000 $t
ARM GAS  C:\Users\HUAV\AppData\Local\Temp\cc8AyDdj.s 			page 116


C:\Users\HUAV\AppData\Local\Temp\cc8AyDdj.s:3980   .text.osMessageAvailableSpace:00000000 osMessageAvailableSpace
C:\Users\HUAV\AppData\Local\Temp\cc8AyDdj.s:4016   .text.osMessageDelete:00000000 $t
C:\Users\HUAV\AppData\Local\Temp\cc8AyDdj.s:4022   .text.osMessageDelete:00000000 osMessageDelete
C:\Users\HUAV\AppData\Local\Temp\cc8AyDdj.s:4070   .text.osRecursiveMutexCreate:00000000 $t
C:\Users\HUAV\AppData\Local\Temp\cc8AyDdj.s:4076   .text.osRecursiveMutexCreate:00000000 osRecursiveMutexCreate
C:\Users\HUAV\AppData\Local\Temp\cc8AyDdj.s:4114   .text.osRecursiveMutexRelease:00000000 $t
C:\Users\HUAV\AppData\Local\Temp\cc8AyDdj.s:4120   .text.osRecursiveMutexRelease:00000000 osRecursiveMutexRelease
C:\Users\HUAV\AppData\Local\Temp\cc8AyDdj.s:4158   .text.osRecursiveMutexWait:00000000 $t
C:\Users\HUAV\AppData\Local\Temp\cc8AyDdj.s:4164   .text.osRecursiveMutexWait:00000000 osRecursiveMutexWait
C:\Users\HUAV\AppData\Local\Temp\cc8AyDdj.s:4203   .text.osSemaphoreGetCount:00000000 $t
C:\Users\HUAV\AppData\Local\Temp\cc8AyDdj.s:4209   .text.osSemaphoreGetCount:00000000 osSemaphoreGetCount

UNDEFINED SYMBOLS
vTaskStartScheduler
xTaskGetSchedulerState
xTaskGetTickCountFromISR
xTaskGetTickCount
xTaskCreateStatic
xTaskCreate
xTaskGetCurrentTaskHandle
vTaskDelete
vTaskPrioritySet
uxTaskPriorityGetFromISR
uxTaskPriorityGet
vTaskDelay
xTaskGenericNotifyFromISR
xTaskGenericNotify
xTaskNotifyWait
xQueueCreateMutexStatic
xQueueCreateMutex
xQueueReceiveFromISR
xQueueSemaphoreTake
xQueueGiveFromISR
xQueueGenericSend
vQueueDelete
xQueueGenericCreateStatic
xQueueCreateCountingSemaphoreStatic
xQueueGenericCreate
xQueueCreateCountingSemaphore
pvPortMalloc
vPortFree
vPortEnterCritical
vPortExitCritical
memset
xQueueGenericSendFromISR
xQueueReceive
xPortSysTickHandler
vTaskSuspend
xTaskResumeFromISR
vTaskResume
vTaskSuspendAll
xTaskResumeAll
vTaskDelayUntil
xQueuePeek
uxQueueMessagesWaitingFromISR
uxQueueMessagesWaiting
uxQueueSpacesAvailable
ARM GAS  C:\Users\HUAV\AppData\Local\Temp\cc8AyDdj.s 			page 117


