ARM GAS  C:\Users\HUAV\AppData\Local\Temp\ccRECmfh.s 			page 1


   1              		.cpu cortex-m7
   2              		.arch armv7e-m
   3              		.fpu fpv5-d16
   4              		.eabi_attribute 28, 1
   5              		.eabi_attribute 20, 1
   6              		.eabi_attribute 21, 1
   7              		.eabi_attribute 23, 3
   8              		.eabi_attribute 24, 1
   9              		.eabi_attribute 25, 1
  10              		.eabi_attribute 26, 1
  11              		.eabi_attribute 30, 6
  12              		.eabi_attribute 34, 1
  13              		.eabi_attribute 18, 4
  14              		.file	"event_groups.c"
  15              		.text
  16              	.Ltext0:
  17              		.cfi_sections	.debug_frame
  18              		.section	.text.xEventGroupCreateStatic,"ax",%progbits
  19              		.align	1
  20              		.global	xEventGroupCreateStatic
  21              		.syntax unified
  22              		.thumb
  23              		.thumb_func
  25              	xEventGroupCreateStatic:
  26              	.LFB5:
  27              		.file 1 "System/FreeRTOS/event_groups.c"
   1:System/FreeRTOS/event_groups.c **** /*
   2:System/FreeRTOS/event_groups.c ****  * FreeRTOS Kernel V10.3.1
   3:System/FreeRTOS/event_groups.c ****  * Copyright (C) 2020 Amazon.com, Inc. or its affiliates.  All Rights Reserved.
   4:System/FreeRTOS/event_groups.c ****  *
   5:System/FreeRTOS/event_groups.c ****  * Permission is hereby granted, free of charge, to any person obtaining a copy of
   6:System/FreeRTOS/event_groups.c ****  * this software and associated documentation files (the "Software"), to deal in
   7:System/FreeRTOS/event_groups.c ****  * the Software without restriction, including without limitation the rights to
   8:System/FreeRTOS/event_groups.c ****  * use, copy, modify, merge, publish, distribute, sublicense, and/or sell copies of
   9:System/FreeRTOS/event_groups.c ****  * the Software, and to permit persons to whom the Software is furnished to do so,
  10:System/FreeRTOS/event_groups.c ****  * subject to the following conditions:
  11:System/FreeRTOS/event_groups.c ****  *
  12:System/FreeRTOS/event_groups.c ****  * The above copyright notice and this permission notice shall be included in all
  13:System/FreeRTOS/event_groups.c ****  * copies or substantial portions of the Software.
  14:System/FreeRTOS/event_groups.c ****  *
  15:System/FreeRTOS/event_groups.c ****  * THE SOFTWARE IS PROVIDED "AS IS", WITHOUT WARRANTY OF ANY KIND, EXPRESS OR
  16:System/FreeRTOS/event_groups.c ****  * IMPLIED, INCLUDING BUT NOT LIMITED TO THE WARRANTIES OF MERCHANTABILITY, FITNESS
  17:System/FreeRTOS/event_groups.c ****  * FOR A PARTICULAR PURPOSE AND NONINFRINGEMENT. IN NO EVENT SHALL THE AUTHORS OR
  18:System/FreeRTOS/event_groups.c ****  * COPYRIGHT HOLDERS BE LIABLE FOR ANY CLAIM, DAMAGES OR OTHER LIABILITY, WHETHER
  19:System/FreeRTOS/event_groups.c ****  * IN AN ACTION OF CONTRACT, TORT OR OTHERWISE, ARISING FROM, OUT OF OR IN
  20:System/FreeRTOS/event_groups.c ****  * CONNECTION WITH THE SOFTWARE OR THE USE OR OTHER DEALINGS IN THE SOFTWARE.
  21:System/FreeRTOS/event_groups.c ****  *
  22:System/FreeRTOS/event_groups.c ****  * http://www.FreeRTOS.org
  23:System/FreeRTOS/event_groups.c ****  * http://aws.amazon.com/freertos
  24:System/FreeRTOS/event_groups.c ****  *
  25:System/FreeRTOS/event_groups.c ****  * 1 tab == 4 spaces!
  26:System/FreeRTOS/event_groups.c ****  */
  27:System/FreeRTOS/event_groups.c **** 
  28:System/FreeRTOS/event_groups.c **** /* Standard includes. */
  29:System/FreeRTOS/event_groups.c **** #include <stdlib.h>
  30:System/FreeRTOS/event_groups.c **** 
  31:System/FreeRTOS/event_groups.c **** /* Defining MPU_WRAPPERS_INCLUDED_FROM_API_FILE prevents task.h from redefining
ARM GAS  C:\Users\HUAV\AppData\Local\Temp\ccRECmfh.s 			page 2


  32:System/FreeRTOS/event_groups.c **** all the API functions to use the MPU wrappers.  That should only be done when
  33:System/FreeRTOS/event_groups.c **** task.h is included from an application file. */
  34:System/FreeRTOS/event_groups.c **** #define MPU_WRAPPERS_INCLUDED_FROM_API_FILE
  35:System/FreeRTOS/event_groups.c **** 
  36:System/FreeRTOS/event_groups.c **** /* FreeRTOS includes. */
  37:System/FreeRTOS/event_groups.c **** #include "FreeRTOS.h"
  38:System/FreeRTOS/event_groups.c **** #include "task.h"
  39:System/FreeRTOS/event_groups.c **** #include "timers.h"
  40:System/FreeRTOS/event_groups.c **** #include "event_groups.h"
  41:System/FreeRTOS/event_groups.c **** 
  42:System/FreeRTOS/event_groups.c **** /* Lint e961, e750 and e9021 are suppressed as a MISRA exception justified
  43:System/FreeRTOS/event_groups.c **** because the MPU ports require MPU_WRAPPERS_INCLUDED_FROM_API_FILE to be defined
  44:System/FreeRTOS/event_groups.c **** for the header files above, but not in this file, in order to generate the
  45:System/FreeRTOS/event_groups.c **** correct privileged Vs unprivileged linkage and placement. */
  46:System/FreeRTOS/event_groups.c **** #undef MPU_WRAPPERS_INCLUDED_FROM_API_FILE /*lint !e961 !e750 !e9021 See comment above. */
  47:System/FreeRTOS/event_groups.c **** 
  48:System/FreeRTOS/event_groups.c **** /* The following bit fields convey control information in a task's event list
  49:System/FreeRTOS/event_groups.c **** item value.  It is important they don't clash with the
  50:System/FreeRTOS/event_groups.c **** taskEVENT_LIST_ITEM_VALUE_IN_USE definition. */
  51:System/FreeRTOS/event_groups.c **** #if configUSE_16_BIT_TICKS == 1
  52:System/FreeRTOS/event_groups.c **** 	#define eventCLEAR_EVENTS_ON_EXIT_BIT	0x0100U
  53:System/FreeRTOS/event_groups.c **** 	#define eventUNBLOCKED_DUE_TO_BIT_SET	0x0200U
  54:System/FreeRTOS/event_groups.c **** 	#define eventWAIT_FOR_ALL_BITS			0x0400U
  55:System/FreeRTOS/event_groups.c **** 	#define eventEVENT_BITS_CONTROL_BYTES	0xff00U
  56:System/FreeRTOS/event_groups.c **** #else
  57:System/FreeRTOS/event_groups.c **** 	#define eventCLEAR_EVENTS_ON_EXIT_BIT	0x01000000UL
  58:System/FreeRTOS/event_groups.c **** 	#define eventUNBLOCKED_DUE_TO_BIT_SET	0x02000000UL
  59:System/FreeRTOS/event_groups.c **** 	#define eventWAIT_FOR_ALL_BITS			0x04000000UL
  60:System/FreeRTOS/event_groups.c **** 	#define eventEVENT_BITS_CONTROL_BYTES	0xff000000UL
  61:System/FreeRTOS/event_groups.c **** #endif
  62:System/FreeRTOS/event_groups.c **** 
  63:System/FreeRTOS/event_groups.c **** typedef struct EventGroupDef_t
  64:System/FreeRTOS/event_groups.c **** {
  65:System/FreeRTOS/event_groups.c **** 	EventBits_t uxEventBits;
  66:System/FreeRTOS/event_groups.c **** 	List_t xTasksWaitingForBits;		/*< List of tasks waiting for a bit to be set. */
  67:System/FreeRTOS/event_groups.c **** 
  68:System/FreeRTOS/event_groups.c **** 	#if( configUSE_TRACE_FACILITY == 1 )
  69:System/FreeRTOS/event_groups.c **** 		UBaseType_t uxEventGroupNumber;
  70:System/FreeRTOS/event_groups.c **** 	#endif
  71:System/FreeRTOS/event_groups.c **** 
  72:System/FreeRTOS/event_groups.c **** 	#if( ( configSUPPORT_STATIC_ALLOCATION == 1 ) && ( configSUPPORT_DYNAMIC_ALLOCATION == 1 ) )
  73:System/FreeRTOS/event_groups.c **** 		uint8_t ucStaticallyAllocated; /*< Set to pdTRUE if the event group is statically allocated to en
  74:System/FreeRTOS/event_groups.c **** 	#endif
  75:System/FreeRTOS/event_groups.c **** } EventGroup_t;
  76:System/FreeRTOS/event_groups.c **** 
  77:System/FreeRTOS/event_groups.c **** /*-----------------------------------------------------------*/
  78:System/FreeRTOS/event_groups.c **** 
  79:System/FreeRTOS/event_groups.c **** /*
  80:System/FreeRTOS/event_groups.c ****  * Test the bits set in uxCurrentEventBits to see if the wait condition is met.
  81:System/FreeRTOS/event_groups.c ****  * The wait condition is defined by xWaitForAllBits.  If xWaitForAllBits is
  82:System/FreeRTOS/event_groups.c ****  * pdTRUE then the wait condition is met if all the bits set in uxBitsToWaitFor
  83:System/FreeRTOS/event_groups.c ****  * are also set in uxCurrentEventBits.  If xWaitForAllBits is pdFALSE then the
  84:System/FreeRTOS/event_groups.c ****  * wait condition is met if any of the bits set in uxBitsToWait for are also set
  85:System/FreeRTOS/event_groups.c ****  * in uxCurrentEventBits.
  86:System/FreeRTOS/event_groups.c ****  */
  87:System/FreeRTOS/event_groups.c **** static BaseType_t prvTestWaitCondition( const EventBits_t uxCurrentEventBits, const EventBits_t uxB
  88:System/FreeRTOS/event_groups.c **** 
ARM GAS  C:\Users\HUAV\AppData\Local\Temp\ccRECmfh.s 			page 3


  89:System/FreeRTOS/event_groups.c **** /*-----------------------------------------------------------*/
  90:System/FreeRTOS/event_groups.c **** 
  91:System/FreeRTOS/event_groups.c **** #if( configSUPPORT_STATIC_ALLOCATION == 1 )
  92:System/FreeRTOS/event_groups.c **** 
  93:System/FreeRTOS/event_groups.c **** 	EventGroupHandle_t xEventGroupCreateStatic( StaticEventGroup_t *pxEventGroupBuffer )
  94:System/FreeRTOS/event_groups.c **** 	{
  28              		.loc 1 94 2
  29              		.cfi_startproc
  30              		@ args = 0, pretend = 0, frame = 24
  31              		@ frame_needed = 1, uses_anonymous_args = 0
  32 0000 80B5     		push	{r7, lr}
  33              	.LCFI0:
  34              		.cfi_def_cfa_offset 8
  35              		.cfi_offset 7, -8
  36              		.cfi_offset 14, -4
  37 0002 86B0     		sub	sp, sp, #24
  38              	.LCFI1:
  39              		.cfi_def_cfa_offset 32
  40 0004 00AF     		add	r7, sp, #0
  41              	.LCFI2:
  42              		.cfi_def_cfa_register 7
  43 0006 7860     		str	r0, [r7, #4]
  95:System/FreeRTOS/event_groups.c **** 	EventGroup_t *pxEventBits;
  96:System/FreeRTOS/event_groups.c **** 
  97:System/FreeRTOS/event_groups.c **** 		/* A StaticEventGroup_t object must be provided. */
  98:System/FreeRTOS/event_groups.c **** 		configASSERT( pxEventGroupBuffer );
  44              		.loc 1 98 3
  45 0008 7B68     		ldr	r3, [r7, #4]
  46 000a 002B     		cmp	r3, #0
  47 000c 0AD1     		bne	.L2
  48              	.LBB36:
  49              	.LBB37:
  50              		.file 2 "System/FreeRTOS/portable/GCC/ARM_CM4F/portmacro.h"
   1:System/FreeRTOS/portable/GCC/ARM_CM4F/portmacro.h **** /*
   2:System/FreeRTOS/portable/GCC/ARM_CM4F/portmacro.h ****  * FreeRTOS Kernel V10.3.1
   3:System/FreeRTOS/portable/GCC/ARM_CM4F/portmacro.h ****  * Copyright (C) 2020 Amazon.com, Inc. or its affiliates.  All Rights Reserved.
   4:System/FreeRTOS/portable/GCC/ARM_CM4F/portmacro.h ****  *
   5:System/FreeRTOS/portable/GCC/ARM_CM4F/portmacro.h ****  * Permission is hereby granted, free of charge, to any person obtaining a copy of
   6:System/FreeRTOS/portable/GCC/ARM_CM4F/portmacro.h ****  * this software and associated documentation files (the "Software"), to deal in
   7:System/FreeRTOS/portable/GCC/ARM_CM4F/portmacro.h ****  * the Software without restriction, including without limitation the rights to
   8:System/FreeRTOS/portable/GCC/ARM_CM4F/portmacro.h ****  * use, copy, modify, merge, publish, distribute, sublicense, and/or sell copies of
   9:System/FreeRTOS/portable/GCC/ARM_CM4F/portmacro.h ****  * the Software, and to permit persons to whom the Software is furnished to do so,
  10:System/FreeRTOS/portable/GCC/ARM_CM4F/portmacro.h ****  * subject to the following conditions:
  11:System/FreeRTOS/portable/GCC/ARM_CM4F/portmacro.h ****  *
  12:System/FreeRTOS/portable/GCC/ARM_CM4F/portmacro.h ****  * The above copyright notice and this permission notice shall be included in all
  13:System/FreeRTOS/portable/GCC/ARM_CM4F/portmacro.h ****  * copies or substantial portions of the Software.
  14:System/FreeRTOS/portable/GCC/ARM_CM4F/portmacro.h ****  *
  15:System/FreeRTOS/portable/GCC/ARM_CM4F/portmacro.h ****  * THE SOFTWARE IS PROVIDED "AS IS", WITHOUT WARRANTY OF ANY KIND, EXPRESS OR
  16:System/FreeRTOS/portable/GCC/ARM_CM4F/portmacro.h ****  * IMPLIED, INCLUDING BUT NOT LIMITED TO THE WARRANTIES OF MERCHANTABILITY, FITNESS
  17:System/FreeRTOS/portable/GCC/ARM_CM4F/portmacro.h ****  * FOR A PARTICULAR PURPOSE AND NONINFRINGEMENT. IN NO EVENT SHALL THE AUTHORS OR
  18:System/FreeRTOS/portable/GCC/ARM_CM4F/portmacro.h ****  * COPYRIGHT HOLDERS BE LIABLE FOR ANY CLAIM, DAMAGES OR OTHER LIABILITY, WHETHER
  19:System/FreeRTOS/portable/GCC/ARM_CM4F/portmacro.h ****  * IN AN ACTION OF CONTRACT, TORT OR OTHERWISE, ARISING FROM, OUT OF OR IN
  20:System/FreeRTOS/portable/GCC/ARM_CM4F/portmacro.h ****  * CONNECTION WITH THE SOFTWARE OR THE USE OR OTHER DEALINGS IN THE SOFTWARE.
  21:System/FreeRTOS/portable/GCC/ARM_CM4F/portmacro.h ****  *
  22:System/FreeRTOS/portable/GCC/ARM_CM4F/portmacro.h ****  * http://www.FreeRTOS.org
  23:System/FreeRTOS/portable/GCC/ARM_CM4F/portmacro.h ****  * http://aws.amazon.com/freertos
  24:System/FreeRTOS/portable/GCC/ARM_CM4F/portmacro.h ****  *
ARM GAS  C:\Users\HUAV\AppData\Local\Temp\ccRECmfh.s 			page 4


  25:System/FreeRTOS/portable/GCC/ARM_CM4F/portmacro.h ****  * 1 tab == 4 spaces!
  26:System/FreeRTOS/portable/GCC/ARM_CM4F/portmacro.h ****  */
  27:System/FreeRTOS/portable/GCC/ARM_CM4F/portmacro.h **** 
  28:System/FreeRTOS/portable/GCC/ARM_CM4F/portmacro.h **** 
  29:System/FreeRTOS/portable/GCC/ARM_CM4F/portmacro.h **** #ifndef PORTMACRO_H
  30:System/FreeRTOS/portable/GCC/ARM_CM4F/portmacro.h **** #define PORTMACRO_H
  31:System/FreeRTOS/portable/GCC/ARM_CM4F/portmacro.h **** 
  32:System/FreeRTOS/portable/GCC/ARM_CM4F/portmacro.h **** #ifdef __cplusplus
  33:System/FreeRTOS/portable/GCC/ARM_CM4F/portmacro.h **** extern "C" {
  34:System/FreeRTOS/portable/GCC/ARM_CM4F/portmacro.h **** #endif
  35:System/FreeRTOS/portable/GCC/ARM_CM4F/portmacro.h **** 
  36:System/FreeRTOS/portable/GCC/ARM_CM4F/portmacro.h **** /*-----------------------------------------------------------
  37:System/FreeRTOS/portable/GCC/ARM_CM4F/portmacro.h ****  * Port specific definitions.
  38:System/FreeRTOS/portable/GCC/ARM_CM4F/portmacro.h ****  *
  39:System/FreeRTOS/portable/GCC/ARM_CM4F/portmacro.h ****  * The settings in this file configure FreeRTOS correctly for the
  40:System/FreeRTOS/portable/GCC/ARM_CM4F/portmacro.h ****  * given hardware and compiler.
  41:System/FreeRTOS/portable/GCC/ARM_CM4F/portmacro.h ****  *
  42:System/FreeRTOS/portable/GCC/ARM_CM4F/portmacro.h ****  * These settings should not be altered.
  43:System/FreeRTOS/portable/GCC/ARM_CM4F/portmacro.h ****  *-----------------------------------------------------------
  44:System/FreeRTOS/portable/GCC/ARM_CM4F/portmacro.h ****  */
  45:System/FreeRTOS/portable/GCC/ARM_CM4F/portmacro.h **** 
  46:System/FreeRTOS/portable/GCC/ARM_CM4F/portmacro.h **** /* Type definitions. */
  47:System/FreeRTOS/portable/GCC/ARM_CM4F/portmacro.h **** #define portCHAR		char
  48:System/FreeRTOS/portable/GCC/ARM_CM4F/portmacro.h **** #define portFLOAT		float
  49:System/FreeRTOS/portable/GCC/ARM_CM4F/portmacro.h **** #define portDOUBLE		double
  50:System/FreeRTOS/portable/GCC/ARM_CM4F/portmacro.h **** #define portLONG		long
  51:System/FreeRTOS/portable/GCC/ARM_CM4F/portmacro.h **** #define portSHORT		short
  52:System/FreeRTOS/portable/GCC/ARM_CM4F/portmacro.h **** #define portSTACK_TYPE	uint32_t
  53:System/FreeRTOS/portable/GCC/ARM_CM4F/portmacro.h **** #define portBASE_TYPE	long
  54:System/FreeRTOS/portable/GCC/ARM_CM4F/portmacro.h **** 
  55:System/FreeRTOS/portable/GCC/ARM_CM4F/portmacro.h **** typedef portSTACK_TYPE StackType_t;
  56:System/FreeRTOS/portable/GCC/ARM_CM4F/portmacro.h **** typedef long BaseType_t;
  57:System/FreeRTOS/portable/GCC/ARM_CM4F/portmacro.h **** typedef unsigned long UBaseType_t;
  58:System/FreeRTOS/portable/GCC/ARM_CM4F/portmacro.h **** 
  59:System/FreeRTOS/portable/GCC/ARM_CM4F/portmacro.h **** #if( configUSE_16_BIT_TICKS == 1 )
  60:System/FreeRTOS/portable/GCC/ARM_CM4F/portmacro.h **** 	typedef uint16_t TickType_t;
  61:System/FreeRTOS/portable/GCC/ARM_CM4F/portmacro.h **** 	#define portMAX_DELAY ( TickType_t ) 0xffff
  62:System/FreeRTOS/portable/GCC/ARM_CM4F/portmacro.h **** #else
  63:System/FreeRTOS/portable/GCC/ARM_CM4F/portmacro.h **** 	typedef uint32_t TickType_t;
  64:System/FreeRTOS/portable/GCC/ARM_CM4F/portmacro.h **** 	#define portMAX_DELAY ( TickType_t ) 0xffffffffUL
  65:System/FreeRTOS/portable/GCC/ARM_CM4F/portmacro.h **** 
  66:System/FreeRTOS/portable/GCC/ARM_CM4F/portmacro.h **** 	/* 32-bit tick type on a 32-bit architecture, so reads of the tick count do
  67:System/FreeRTOS/portable/GCC/ARM_CM4F/portmacro.h **** 	not need to be guarded with a critical section. */
  68:System/FreeRTOS/portable/GCC/ARM_CM4F/portmacro.h **** 	#define portTICK_TYPE_IS_ATOMIC 1
  69:System/FreeRTOS/portable/GCC/ARM_CM4F/portmacro.h **** #endif
  70:System/FreeRTOS/portable/GCC/ARM_CM4F/portmacro.h **** /*-----------------------------------------------------------*/
  71:System/FreeRTOS/portable/GCC/ARM_CM4F/portmacro.h **** 
  72:System/FreeRTOS/portable/GCC/ARM_CM4F/portmacro.h **** /* Architecture specifics. */
  73:System/FreeRTOS/portable/GCC/ARM_CM4F/portmacro.h **** #define portSTACK_GROWTH			( -1 )
  74:System/FreeRTOS/portable/GCC/ARM_CM4F/portmacro.h **** #define portTICK_PERIOD_MS			( ( TickType_t ) 1000 / configTICK_RATE_HZ )
  75:System/FreeRTOS/portable/GCC/ARM_CM4F/portmacro.h **** #define portBYTE_ALIGNMENT			8
  76:System/FreeRTOS/portable/GCC/ARM_CM4F/portmacro.h **** /*-----------------------------------------------------------*/
  77:System/FreeRTOS/portable/GCC/ARM_CM4F/portmacro.h **** 
  78:System/FreeRTOS/portable/GCC/ARM_CM4F/portmacro.h **** /* Scheduler utilities. */
  79:System/FreeRTOS/portable/GCC/ARM_CM4F/portmacro.h **** #define portYIELD() 															\
  80:System/FreeRTOS/portable/GCC/ARM_CM4F/portmacro.h **** {																				\
  81:System/FreeRTOS/portable/GCC/ARM_CM4F/portmacro.h **** 	/* Set a PendSV to request a context switch. */								\
ARM GAS  C:\Users\HUAV\AppData\Local\Temp\ccRECmfh.s 			page 5


  82:System/FreeRTOS/portable/GCC/ARM_CM4F/portmacro.h **** 	portNVIC_INT_CTRL_REG = portNVIC_PENDSVSET_BIT;								\
  83:System/FreeRTOS/portable/GCC/ARM_CM4F/portmacro.h **** 																				\
  84:System/FreeRTOS/portable/GCC/ARM_CM4F/portmacro.h **** 	/* Barriers are normally not required but do ensure the code is completely	\
  85:System/FreeRTOS/portable/GCC/ARM_CM4F/portmacro.h **** 	within the specified behaviour for the architecture. */						\
  86:System/FreeRTOS/portable/GCC/ARM_CM4F/portmacro.h **** 	__asm volatile( "dsb" ::: "memory" );										\
  87:System/FreeRTOS/portable/GCC/ARM_CM4F/portmacro.h **** 	__asm volatile( "isb" );													\
  88:System/FreeRTOS/portable/GCC/ARM_CM4F/portmacro.h **** }
  89:System/FreeRTOS/portable/GCC/ARM_CM4F/portmacro.h **** 
  90:System/FreeRTOS/portable/GCC/ARM_CM4F/portmacro.h **** #define portNVIC_INT_CTRL_REG		( * ( ( volatile uint32_t * ) 0xe000ed04 ) )
  91:System/FreeRTOS/portable/GCC/ARM_CM4F/portmacro.h **** #define portNVIC_PENDSVSET_BIT		( 1UL << 28UL )
  92:System/FreeRTOS/portable/GCC/ARM_CM4F/portmacro.h **** #define portEND_SWITCHING_ISR( xSwitchRequired ) if( xSwitchRequired != pdFALSE ) portYIELD()
  93:System/FreeRTOS/portable/GCC/ARM_CM4F/portmacro.h **** #define portYIELD_FROM_ISR( x ) portEND_SWITCHING_ISR( x )
  94:System/FreeRTOS/portable/GCC/ARM_CM4F/portmacro.h **** /*-----------------------------------------------------------*/
  95:System/FreeRTOS/portable/GCC/ARM_CM4F/portmacro.h **** 
  96:System/FreeRTOS/portable/GCC/ARM_CM4F/portmacro.h **** /* Critical section management. */
  97:System/FreeRTOS/portable/GCC/ARM_CM4F/portmacro.h **** extern void vPortEnterCritical( void );
  98:System/FreeRTOS/portable/GCC/ARM_CM4F/portmacro.h **** extern void vPortExitCritical( void );
  99:System/FreeRTOS/portable/GCC/ARM_CM4F/portmacro.h **** #define portSET_INTERRUPT_MASK_FROM_ISR()		ulPortRaiseBASEPRI()
 100:System/FreeRTOS/portable/GCC/ARM_CM4F/portmacro.h **** #define portCLEAR_INTERRUPT_MASK_FROM_ISR(x)	vPortSetBASEPRI(x)
 101:System/FreeRTOS/portable/GCC/ARM_CM4F/portmacro.h **** #define portDISABLE_INTERRUPTS()				vPortRaiseBASEPRI()
 102:System/FreeRTOS/portable/GCC/ARM_CM4F/portmacro.h **** #define portENABLE_INTERRUPTS()					vPortSetBASEPRI(0)
 103:System/FreeRTOS/portable/GCC/ARM_CM4F/portmacro.h **** #define portENTER_CRITICAL()					vPortEnterCritical()
 104:System/FreeRTOS/portable/GCC/ARM_CM4F/portmacro.h **** #define portEXIT_CRITICAL()						vPortExitCritical()
 105:System/FreeRTOS/portable/GCC/ARM_CM4F/portmacro.h **** 
 106:System/FreeRTOS/portable/GCC/ARM_CM4F/portmacro.h **** /*-----------------------------------------------------------*/
 107:System/FreeRTOS/portable/GCC/ARM_CM4F/portmacro.h **** 
 108:System/FreeRTOS/portable/GCC/ARM_CM4F/portmacro.h **** /* Task function macros as described on the FreeRTOS.org WEB site.  These are
 109:System/FreeRTOS/portable/GCC/ARM_CM4F/portmacro.h **** not necessary for to use this port.  They are defined so the common demo files
 110:System/FreeRTOS/portable/GCC/ARM_CM4F/portmacro.h **** (which build with all the ports) will build. */
 111:System/FreeRTOS/portable/GCC/ARM_CM4F/portmacro.h **** #define portTASK_FUNCTION_PROTO( vFunction, pvParameters ) void vFunction( void *pvParameters )
 112:System/FreeRTOS/portable/GCC/ARM_CM4F/portmacro.h **** #define portTASK_FUNCTION( vFunction, pvParameters ) void vFunction( void *pvParameters )
 113:System/FreeRTOS/portable/GCC/ARM_CM4F/portmacro.h **** /*-----------------------------------------------------------*/
 114:System/FreeRTOS/portable/GCC/ARM_CM4F/portmacro.h **** 
 115:System/FreeRTOS/portable/GCC/ARM_CM4F/portmacro.h **** /* Tickless idle/low power functionality. */
 116:System/FreeRTOS/portable/GCC/ARM_CM4F/portmacro.h **** #ifndef portSUPPRESS_TICKS_AND_SLEEP
 117:System/FreeRTOS/portable/GCC/ARM_CM4F/portmacro.h **** 	extern void vPortSuppressTicksAndSleep( TickType_t xExpectedIdleTime );
 118:System/FreeRTOS/portable/GCC/ARM_CM4F/portmacro.h **** 	#define portSUPPRESS_TICKS_AND_SLEEP( xExpectedIdleTime ) vPortSuppressTicksAndSleep( xExpectedIdl
 119:System/FreeRTOS/portable/GCC/ARM_CM4F/portmacro.h **** #endif
 120:System/FreeRTOS/portable/GCC/ARM_CM4F/portmacro.h **** /*-----------------------------------------------------------*/
 121:System/FreeRTOS/portable/GCC/ARM_CM4F/portmacro.h **** 
 122:System/FreeRTOS/portable/GCC/ARM_CM4F/portmacro.h **** /* Architecture specific optimisations. */
 123:System/FreeRTOS/portable/GCC/ARM_CM4F/portmacro.h **** #ifndef configUSE_PORT_OPTIMISED_TASK_SELECTION
 124:System/FreeRTOS/portable/GCC/ARM_CM4F/portmacro.h **** 	#define configUSE_PORT_OPTIMISED_TASK_SELECTION 1
 125:System/FreeRTOS/portable/GCC/ARM_CM4F/portmacro.h **** #endif
 126:System/FreeRTOS/portable/GCC/ARM_CM4F/portmacro.h **** 
 127:System/FreeRTOS/portable/GCC/ARM_CM4F/portmacro.h **** #if configUSE_PORT_OPTIMISED_TASK_SELECTION == 1
 128:System/FreeRTOS/portable/GCC/ARM_CM4F/portmacro.h **** 
 129:System/FreeRTOS/portable/GCC/ARM_CM4F/portmacro.h **** 	/* Generic helper function. */
 130:System/FreeRTOS/portable/GCC/ARM_CM4F/portmacro.h **** 	__attribute__( ( always_inline ) ) static inline uint8_t ucPortCountLeadingZeros( uint32_t ulBitma
 131:System/FreeRTOS/portable/GCC/ARM_CM4F/portmacro.h **** 	{
 132:System/FreeRTOS/portable/GCC/ARM_CM4F/portmacro.h **** 	uint8_t ucReturn;
 133:System/FreeRTOS/portable/GCC/ARM_CM4F/portmacro.h **** 
 134:System/FreeRTOS/portable/GCC/ARM_CM4F/portmacro.h **** 		__asm volatile ( "clz %0, %1" : "=r" ( ucReturn ) : "r" ( ulBitmap ) : "memory" );
 135:System/FreeRTOS/portable/GCC/ARM_CM4F/portmacro.h **** 		return ucReturn;
 136:System/FreeRTOS/portable/GCC/ARM_CM4F/portmacro.h **** 	}
 137:System/FreeRTOS/portable/GCC/ARM_CM4F/portmacro.h **** 
 138:System/FreeRTOS/portable/GCC/ARM_CM4F/portmacro.h **** 	/* Check the configuration. */
ARM GAS  C:\Users\HUAV\AppData\Local\Temp\ccRECmfh.s 			page 6


 139:System/FreeRTOS/portable/GCC/ARM_CM4F/portmacro.h **** 	#if( configMAX_PRIORITIES > 32 )
 140:System/FreeRTOS/portable/GCC/ARM_CM4F/portmacro.h **** 		#error configUSE_PORT_OPTIMISED_TASK_SELECTION can only be set to 1 when configMAX_PRIORITIES is 
 141:System/FreeRTOS/portable/GCC/ARM_CM4F/portmacro.h **** 	#endif
 142:System/FreeRTOS/portable/GCC/ARM_CM4F/portmacro.h **** 
 143:System/FreeRTOS/portable/GCC/ARM_CM4F/portmacro.h **** 	/* Store/clear the ready priorities in a bit map. */
 144:System/FreeRTOS/portable/GCC/ARM_CM4F/portmacro.h **** 	#define portRECORD_READY_PRIORITY( uxPriority, uxReadyPriorities ) ( uxReadyPriorities ) |= ( 1UL 
 145:System/FreeRTOS/portable/GCC/ARM_CM4F/portmacro.h **** 	#define portRESET_READY_PRIORITY( uxPriority, uxReadyPriorities ) ( uxReadyPriorities ) &= ~( 1UL 
 146:System/FreeRTOS/portable/GCC/ARM_CM4F/portmacro.h **** 
 147:System/FreeRTOS/portable/GCC/ARM_CM4F/portmacro.h **** 	/*-----------------------------------------------------------*/
 148:System/FreeRTOS/portable/GCC/ARM_CM4F/portmacro.h **** 
 149:System/FreeRTOS/portable/GCC/ARM_CM4F/portmacro.h **** 	#define portGET_HIGHEST_PRIORITY( uxTopPriority, uxReadyPriorities ) uxTopPriority = ( 31UL - ( ui
 150:System/FreeRTOS/portable/GCC/ARM_CM4F/portmacro.h **** 
 151:System/FreeRTOS/portable/GCC/ARM_CM4F/portmacro.h **** #endif /* configUSE_PORT_OPTIMISED_TASK_SELECTION */
 152:System/FreeRTOS/portable/GCC/ARM_CM4F/portmacro.h **** 
 153:System/FreeRTOS/portable/GCC/ARM_CM4F/portmacro.h **** /*-----------------------------------------------------------*/
 154:System/FreeRTOS/portable/GCC/ARM_CM4F/portmacro.h **** 
 155:System/FreeRTOS/portable/GCC/ARM_CM4F/portmacro.h **** #ifdef configASSERT
 156:System/FreeRTOS/portable/GCC/ARM_CM4F/portmacro.h **** 	void vPortValidateInterruptPriority( void );
 157:System/FreeRTOS/portable/GCC/ARM_CM4F/portmacro.h **** 	#define portASSERT_IF_INTERRUPT_PRIORITY_INVALID() 	vPortValidateInterruptPriority()
 158:System/FreeRTOS/portable/GCC/ARM_CM4F/portmacro.h **** #endif
 159:System/FreeRTOS/portable/GCC/ARM_CM4F/portmacro.h **** 
 160:System/FreeRTOS/portable/GCC/ARM_CM4F/portmacro.h **** /* portNOP() is not required by this port. */
 161:System/FreeRTOS/portable/GCC/ARM_CM4F/portmacro.h **** #define portNOP()
 162:System/FreeRTOS/portable/GCC/ARM_CM4F/portmacro.h **** 
 163:System/FreeRTOS/portable/GCC/ARM_CM4F/portmacro.h **** #define portINLINE	__inline
 164:System/FreeRTOS/portable/GCC/ARM_CM4F/portmacro.h **** 
 165:System/FreeRTOS/portable/GCC/ARM_CM4F/portmacro.h **** #ifndef portFORCE_INLINE
 166:System/FreeRTOS/portable/GCC/ARM_CM4F/portmacro.h **** 	#define portFORCE_INLINE inline __attribute__(( always_inline))
 167:System/FreeRTOS/portable/GCC/ARM_CM4F/portmacro.h **** #endif
 168:System/FreeRTOS/portable/GCC/ARM_CM4F/portmacro.h **** 
 169:System/FreeRTOS/portable/GCC/ARM_CM4F/portmacro.h **** portFORCE_INLINE static BaseType_t xPortIsInsideInterrupt( void )
 170:System/FreeRTOS/portable/GCC/ARM_CM4F/portmacro.h **** {
 171:System/FreeRTOS/portable/GCC/ARM_CM4F/portmacro.h **** uint32_t ulCurrentInterrupt;
 172:System/FreeRTOS/portable/GCC/ARM_CM4F/portmacro.h **** BaseType_t xReturn;
 173:System/FreeRTOS/portable/GCC/ARM_CM4F/portmacro.h **** 
 174:System/FreeRTOS/portable/GCC/ARM_CM4F/portmacro.h **** 	/* Obtain the number of the currently executing interrupt. */
 175:System/FreeRTOS/portable/GCC/ARM_CM4F/portmacro.h **** 	__asm volatile( "mrs %0, ipsr" : "=r"( ulCurrentInterrupt ) :: "memory" );
 176:System/FreeRTOS/portable/GCC/ARM_CM4F/portmacro.h **** 
 177:System/FreeRTOS/portable/GCC/ARM_CM4F/portmacro.h **** 	if( ulCurrentInterrupt == 0 )
 178:System/FreeRTOS/portable/GCC/ARM_CM4F/portmacro.h **** 	{
 179:System/FreeRTOS/portable/GCC/ARM_CM4F/portmacro.h **** 		xReturn = pdFALSE;
 180:System/FreeRTOS/portable/GCC/ARM_CM4F/portmacro.h **** 	}
 181:System/FreeRTOS/portable/GCC/ARM_CM4F/portmacro.h **** 	else
 182:System/FreeRTOS/portable/GCC/ARM_CM4F/portmacro.h **** 	{
 183:System/FreeRTOS/portable/GCC/ARM_CM4F/portmacro.h **** 		xReturn = pdTRUE;
 184:System/FreeRTOS/portable/GCC/ARM_CM4F/portmacro.h **** 	}
 185:System/FreeRTOS/portable/GCC/ARM_CM4F/portmacro.h **** 
 186:System/FreeRTOS/portable/GCC/ARM_CM4F/portmacro.h **** 	return xReturn;
 187:System/FreeRTOS/portable/GCC/ARM_CM4F/portmacro.h **** }
 188:System/FreeRTOS/portable/GCC/ARM_CM4F/portmacro.h **** 
 189:System/FreeRTOS/portable/GCC/ARM_CM4F/portmacro.h **** /*-----------------------------------------------------------*/
 190:System/FreeRTOS/portable/GCC/ARM_CM4F/portmacro.h **** 
 191:System/FreeRTOS/portable/GCC/ARM_CM4F/portmacro.h **** portFORCE_INLINE static void vPortRaiseBASEPRI( void )
 192:System/FreeRTOS/portable/GCC/ARM_CM4F/portmacro.h **** {
 193:System/FreeRTOS/portable/GCC/ARM_CM4F/portmacro.h **** uint32_t ulNewBASEPRI;
 194:System/FreeRTOS/portable/GCC/ARM_CM4F/portmacro.h **** 
 195:System/FreeRTOS/portable/GCC/ARM_CM4F/portmacro.h **** 	__asm volatile
ARM GAS  C:\Users\HUAV\AppData\Local\Temp\ccRECmfh.s 			page 7


  51              		.loc 2 195 2
  52              		.syntax unified
  53              	@ 195 "System/FreeRTOS/portable/GCC/ARM_CM4F/portmacro.h" 1
  54 000e 4FF05003 			mov r3, #80												
  55 0012 83F31188 		msr basepri, r3											
  56 0016 BFF36F8F 		isb														
  57 001a BFF34F8F 		dsb														
  58              	
  59              	@ 0 "" 2
  60              		.thumb
  61              		.syntax unified
  62 001e 3B61     		str	r3, [r7, #16]
 196:System/FreeRTOS/portable/GCC/ARM_CM4F/portmacro.h **** 	(
 197:System/FreeRTOS/portable/GCC/ARM_CM4F/portmacro.h **** 		"	mov %0, %1												\n"	\
 198:System/FreeRTOS/portable/GCC/ARM_CM4F/portmacro.h **** 		"	msr basepri, %0											\n" \
 199:System/FreeRTOS/portable/GCC/ARM_CM4F/portmacro.h **** 		"	isb														\n" \
 200:System/FreeRTOS/portable/GCC/ARM_CM4F/portmacro.h **** 		"	dsb														\n" \
 201:System/FreeRTOS/portable/GCC/ARM_CM4F/portmacro.h **** 		:"=r" (ulNewBASEPRI) : "i" ( configMAX_SYSCALL_INTERRUPT_PRIORITY ) : "memory"
 202:System/FreeRTOS/portable/GCC/ARM_CM4F/portmacro.h **** 	);
 203:System/FreeRTOS/portable/GCC/ARM_CM4F/portmacro.h **** }
  63              		.loc 2 203 1
  64 0020 00BF     		nop
  65              	.L3:
  66              	.LBE37:
  67              	.LBE36:
  68              		.loc 1 98 3 discriminator 1
  69 0022 FEE7     		b	.L3
  70              	.L2:
  71              	.LBB38:
  99:System/FreeRTOS/event_groups.c **** 
 100:System/FreeRTOS/event_groups.c **** 		#if( configASSERT_DEFINED == 1 )
 101:System/FreeRTOS/event_groups.c **** 		{
 102:System/FreeRTOS/event_groups.c **** 			/* Sanity check that the size of the structure used to declare a
 103:System/FreeRTOS/event_groups.c **** 			variable of type StaticEventGroup_t equals the size of the real
 104:System/FreeRTOS/event_groups.c **** 			event group structure. */
 105:System/FreeRTOS/event_groups.c **** 			volatile size_t xSize = sizeof( StaticEventGroup_t );
  72              		.loc 1 105 20
  73 0024 2023     		movs	r3, #32
  74 0026 BB60     		str	r3, [r7, #8]
 106:System/FreeRTOS/event_groups.c **** 			configASSERT( xSize == sizeof( EventGroup_t ) );
  75              		.loc 1 106 4
  76 0028 BB68     		ldr	r3, [r7, #8]
  77 002a 202B     		cmp	r3, #32
  78 002c 0AD0     		beq	.L4
  79              	.LBB39:
  80              	.LBB40:
 195:System/FreeRTOS/portable/GCC/ARM_CM4F/portmacro.h **** 	(
  81              		.loc 2 195 2
  82              		.syntax unified
  83              	@ 195 "System/FreeRTOS/portable/GCC/ARM_CM4F/portmacro.h" 1
  84 002e 4FF05003 			mov r3, #80												
  85 0032 83F31188 		msr basepri, r3											
  86 0036 BFF36F8F 		isb														
  87 003a BFF34F8F 		dsb														
  88              	
  89              	@ 0 "" 2
  90              		.thumb
ARM GAS  C:\Users\HUAV\AppData\Local\Temp\ccRECmfh.s 			page 8


  91              		.syntax unified
  92 003e FB60     		str	r3, [r7, #12]
  93              		.loc 2 203 1
  94 0040 00BF     		nop
  95              	.L5:
  96              	.LBE40:
  97              	.LBE39:
  98              		.loc 1 106 4 discriminator 2
  99 0042 FEE7     		b	.L5
 100              	.L4:
 101              	.LBE38:
 107:System/FreeRTOS/event_groups.c **** 		} /*lint !e529 xSize is referenced if configASSERT() is defined. */
 108:System/FreeRTOS/event_groups.c **** 		#endif /* configASSERT_DEFINED */
 109:System/FreeRTOS/event_groups.c **** 
 110:System/FreeRTOS/event_groups.c **** 		/* The user has provided a statically allocated event group - use it. */
 111:System/FreeRTOS/event_groups.c **** 		pxEventBits = ( EventGroup_t * ) pxEventGroupBuffer; /*lint !e740 !e9087 EventGroup_t and StaticE
 102              		.loc 1 111 15
 103 0044 7B68     		ldr	r3, [r7, #4]
 104 0046 7B61     		str	r3, [r7, #20]
 112:System/FreeRTOS/event_groups.c **** 
 113:System/FreeRTOS/event_groups.c **** 		if( pxEventBits != NULL )
 105              		.loc 1 113 5
 106 0048 7B69     		ldr	r3, [r7, #20]
 107 004a 002B     		cmp	r3, #0
 108 004c 0AD0     		beq	.L6
 114:System/FreeRTOS/event_groups.c **** 		{
 115:System/FreeRTOS/event_groups.c **** 			pxEventBits->uxEventBits = 0;
 109              		.loc 1 115 29
 110 004e 7B69     		ldr	r3, [r7, #20]
 111 0050 0022     		movs	r2, #0
 112 0052 1A60     		str	r2, [r3]
 116:System/FreeRTOS/event_groups.c **** 			vListInitialise( &( pxEventBits->xTasksWaitingForBits ) );
 113              		.loc 1 116 4
 114 0054 7B69     		ldr	r3, [r7, #20]
 115 0056 0433     		adds	r3, r3, #4
 116 0058 1846     		mov	r0, r3
 117 005a FFF7FEFF 		bl	vListInitialise
 117:System/FreeRTOS/event_groups.c **** 
 118:System/FreeRTOS/event_groups.c **** 			#if( configSUPPORT_DYNAMIC_ALLOCATION == 1 )
 119:System/FreeRTOS/event_groups.c **** 			{
 120:System/FreeRTOS/event_groups.c **** 				/* Both static and dynamic allocation can be used, so note that
 121:System/FreeRTOS/event_groups.c **** 				this event group was created statically in case the event group
 122:System/FreeRTOS/event_groups.c **** 				is later deleted. */
 123:System/FreeRTOS/event_groups.c **** 				pxEventBits->ucStaticallyAllocated = pdTRUE;
 118              		.loc 1 123 40
 119 005e 7B69     		ldr	r3, [r7, #20]
 120 0060 0122     		movs	r2, #1
 121 0062 1A77     		strb	r2, [r3, #28]
 122              	.L6:
 124:System/FreeRTOS/event_groups.c **** 			}
 125:System/FreeRTOS/event_groups.c **** 			#endif /* configSUPPORT_DYNAMIC_ALLOCATION */
 126:System/FreeRTOS/event_groups.c **** 
 127:System/FreeRTOS/event_groups.c **** 			traceEVENT_GROUP_CREATE( pxEventBits );
 128:System/FreeRTOS/event_groups.c **** 		}
 129:System/FreeRTOS/event_groups.c **** 		else
 130:System/FreeRTOS/event_groups.c **** 		{
 131:System/FreeRTOS/event_groups.c **** 			/* xEventGroupCreateStatic should only ever be called with
ARM GAS  C:\Users\HUAV\AppData\Local\Temp\ccRECmfh.s 			page 9


 132:System/FreeRTOS/event_groups.c **** 			pxEventGroupBuffer pointing to a pre-allocated (compile time
 133:System/FreeRTOS/event_groups.c **** 			allocated) StaticEventGroup_t variable. */
 134:System/FreeRTOS/event_groups.c **** 			traceEVENT_GROUP_CREATE_FAILED();
 135:System/FreeRTOS/event_groups.c **** 		}
 136:System/FreeRTOS/event_groups.c **** 
 137:System/FreeRTOS/event_groups.c **** 		return pxEventBits;
 123              		.loc 1 137 10
 124 0064 7B69     		ldr	r3, [r7, #20]
 138:System/FreeRTOS/event_groups.c **** 	}
 125              		.loc 1 138 2
 126 0066 1846     		mov	r0, r3
 127 0068 1837     		adds	r7, r7, #24
 128              	.LCFI3:
 129              		.cfi_def_cfa_offset 8
 130 006a BD46     		mov	sp, r7
 131              	.LCFI4:
 132              		.cfi_def_cfa_register 13
 133              		@ sp needed
 134 006c 80BD     		pop	{r7, pc}
 135              		.cfi_endproc
 136              	.LFE5:
 138              		.section	.text.xEventGroupCreate,"ax",%progbits
 139              		.align	1
 140              		.global	xEventGroupCreate
 141              		.syntax unified
 142              		.thumb
 143              		.thumb_func
 145              	xEventGroupCreate:
 146              	.LFB6:
 139:System/FreeRTOS/event_groups.c **** 
 140:System/FreeRTOS/event_groups.c **** #endif /* configSUPPORT_STATIC_ALLOCATION */
 141:System/FreeRTOS/event_groups.c **** /*-----------------------------------------------------------*/
 142:System/FreeRTOS/event_groups.c **** 
 143:System/FreeRTOS/event_groups.c **** #if( configSUPPORT_DYNAMIC_ALLOCATION == 1 )
 144:System/FreeRTOS/event_groups.c **** 
 145:System/FreeRTOS/event_groups.c **** 	EventGroupHandle_t xEventGroupCreate( void )
 146:System/FreeRTOS/event_groups.c **** 	{
 147              		.loc 1 146 2
 148              		.cfi_startproc
 149              		@ args = 0, pretend = 0, frame = 8
 150              		@ frame_needed = 1, uses_anonymous_args = 0
 151 0000 80B5     		push	{r7, lr}
 152              	.LCFI5:
 153              		.cfi_def_cfa_offset 8
 154              		.cfi_offset 7, -8
 155              		.cfi_offset 14, -4
 156 0002 82B0     		sub	sp, sp, #8
 157              	.LCFI6:
 158              		.cfi_def_cfa_offset 16
 159 0004 00AF     		add	r7, sp, #0
 160              	.LCFI7:
 161              		.cfi_def_cfa_register 7
 147:System/FreeRTOS/event_groups.c **** 	EventGroup_t *pxEventBits;
 148:System/FreeRTOS/event_groups.c **** 
 149:System/FreeRTOS/event_groups.c **** 		/* Allocate the event group.  Justification for MISRA deviation as
 150:System/FreeRTOS/event_groups.c **** 		follows:  pvPortMalloc() always ensures returned memory blocks are
 151:System/FreeRTOS/event_groups.c **** 		aligned per the requirements of the MCU stack.  In this case
ARM GAS  C:\Users\HUAV\AppData\Local\Temp\ccRECmfh.s 			page 10


 152:System/FreeRTOS/event_groups.c **** 		pvPortMalloc() must return a pointer that is guaranteed to meet the
 153:System/FreeRTOS/event_groups.c **** 		alignment requirements of the EventGroup_t structure - which (if you
 154:System/FreeRTOS/event_groups.c **** 		follow it through) is the alignment requirements of the TickType_t type
 155:System/FreeRTOS/event_groups.c **** 		(EventBits_t being of TickType_t itself).  Therefore, whenever the
 156:System/FreeRTOS/event_groups.c **** 		stack alignment requirements are greater than or equal to the
 157:System/FreeRTOS/event_groups.c **** 		TickType_t alignment requirements the cast is safe.  In other cases,
 158:System/FreeRTOS/event_groups.c **** 		where the natural word size of the architecture is less than
 159:System/FreeRTOS/event_groups.c **** 		sizeof( TickType_t ), the TickType_t variables will be accessed in two
 160:System/FreeRTOS/event_groups.c **** 		or more reads operations, and the alignment requirements is only that
 161:System/FreeRTOS/event_groups.c **** 		of each individual read. */
 162:System/FreeRTOS/event_groups.c **** 		pxEventBits = ( EventGroup_t * ) pvPortMalloc( sizeof( EventGroup_t ) ); /*lint !e9087 !e9079 see
 162              		.loc 1 162 36
 163 0006 2020     		movs	r0, #32
 164 0008 FFF7FEFF 		bl	pvPortMalloc
 165 000c 7860     		str	r0, [r7, #4]
 163:System/FreeRTOS/event_groups.c **** 
 164:System/FreeRTOS/event_groups.c **** 		if( pxEventBits != NULL )
 166              		.loc 1 164 5
 167 000e 7B68     		ldr	r3, [r7, #4]
 168 0010 002B     		cmp	r3, #0
 169 0012 0AD0     		beq	.L9
 165:System/FreeRTOS/event_groups.c **** 		{
 166:System/FreeRTOS/event_groups.c **** 			pxEventBits->uxEventBits = 0;
 170              		.loc 1 166 29
 171 0014 7B68     		ldr	r3, [r7, #4]
 172 0016 0022     		movs	r2, #0
 173 0018 1A60     		str	r2, [r3]
 167:System/FreeRTOS/event_groups.c **** 			vListInitialise( &( pxEventBits->xTasksWaitingForBits ) );
 174              		.loc 1 167 4
 175 001a 7B68     		ldr	r3, [r7, #4]
 176 001c 0433     		adds	r3, r3, #4
 177 001e 1846     		mov	r0, r3
 178 0020 FFF7FEFF 		bl	vListInitialise
 168:System/FreeRTOS/event_groups.c **** 
 169:System/FreeRTOS/event_groups.c **** 			#if( configSUPPORT_STATIC_ALLOCATION == 1 )
 170:System/FreeRTOS/event_groups.c **** 			{
 171:System/FreeRTOS/event_groups.c **** 				/* Both static and dynamic allocation can be used, so note this
 172:System/FreeRTOS/event_groups.c **** 				event group was allocated statically in case the event group is
 173:System/FreeRTOS/event_groups.c **** 				later deleted. */
 174:System/FreeRTOS/event_groups.c **** 				pxEventBits->ucStaticallyAllocated = pdFALSE;
 179              		.loc 1 174 40
 180 0024 7B68     		ldr	r3, [r7, #4]
 181 0026 0022     		movs	r2, #0
 182 0028 1A77     		strb	r2, [r3, #28]
 183              	.L9:
 175:System/FreeRTOS/event_groups.c **** 			}
 176:System/FreeRTOS/event_groups.c **** 			#endif /* configSUPPORT_STATIC_ALLOCATION */
 177:System/FreeRTOS/event_groups.c **** 
 178:System/FreeRTOS/event_groups.c **** 			traceEVENT_GROUP_CREATE( pxEventBits );
 179:System/FreeRTOS/event_groups.c **** 		}
 180:System/FreeRTOS/event_groups.c **** 		else
 181:System/FreeRTOS/event_groups.c **** 		{
 182:System/FreeRTOS/event_groups.c **** 			traceEVENT_GROUP_CREATE_FAILED(); /*lint !e9063 Else branch only exists to allow tracing and doe
 183:System/FreeRTOS/event_groups.c **** 		}
 184:System/FreeRTOS/event_groups.c **** 
 185:System/FreeRTOS/event_groups.c **** 		return pxEventBits;
 184              		.loc 1 185 10
ARM GAS  C:\Users\HUAV\AppData\Local\Temp\ccRECmfh.s 			page 11


 185 002a 7B68     		ldr	r3, [r7, #4]
 186:System/FreeRTOS/event_groups.c **** 	}
 186              		.loc 1 186 2
 187 002c 1846     		mov	r0, r3
 188 002e 0837     		adds	r7, r7, #8
 189              	.LCFI8:
 190              		.cfi_def_cfa_offset 8
 191 0030 BD46     		mov	sp, r7
 192              	.LCFI9:
 193              		.cfi_def_cfa_register 13
 194              		@ sp needed
 195 0032 80BD     		pop	{r7, pc}
 196              		.cfi_endproc
 197              	.LFE6:
 199              		.section	.text.xEventGroupSync,"ax",%progbits
 200              		.align	1
 201              		.global	xEventGroupSync
 202              		.syntax unified
 203              		.thumb
 204              		.thumb_func
 206              	xEventGroupSync:
 207              	.LFB7:
 187:System/FreeRTOS/event_groups.c **** 
 188:System/FreeRTOS/event_groups.c **** #endif /* configSUPPORT_DYNAMIC_ALLOCATION */
 189:System/FreeRTOS/event_groups.c **** /*-----------------------------------------------------------*/
 190:System/FreeRTOS/event_groups.c **** 
 191:System/FreeRTOS/event_groups.c **** EventBits_t xEventGroupSync( EventGroupHandle_t xEventGroup, const EventBits_t uxBitsToSet, const E
 192:System/FreeRTOS/event_groups.c **** {
 208              		.loc 1 192 1
 209              		.cfi_startproc
 210              		@ args = 0, pretend = 0, frame = 48
 211              		@ frame_needed = 1, uses_anonymous_args = 0
 212 0000 80B5     		push	{r7, lr}
 213              	.LCFI10:
 214              		.cfi_def_cfa_offset 8
 215              		.cfi_offset 7, -8
 216              		.cfi_offset 14, -4
 217 0002 8CB0     		sub	sp, sp, #48
 218              	.LCFI11:
 219              		.cfi_def_cfa_offset 56
 220 0004 00AF     		add	r7, sp, #0
 221              	.LCFI12:
 222              		.cfi_def_cfa_register 7
 223 0006 F860     		str	r0, [r7, #12]
 224 0008 B960     		str	r1, [r7, #8]
 225 000a 7A60     		str	r2, [r7, #4]
 226 000c 3B60     		str	r3, [r7]
 193:System/FreeRTOS/event_groups.c **** EventBits_t uxOriginalBitValue, uxReturn;
 194:System/FreeRTOS/event_groups.c **** EventGroup_t *pxEventBits = xEventGroup;
 227              		.loc 1 194 15
 228 000e FB68     		ldr	r3, [r7, #12]
 229 0010 BB62     		str	r3, [r7, #40]
 195:System/FreeRTOS/event_groups.c **** BaseType_t xAlreadyYielded;
 196:System/FreeRTOS/event_groups.c **** BaseType_t xTimeoutOccurred = pdFALSE;
 230              		.loc 1 196 12
 231 0012 0023     		movs	r3, #0
 232 0014 7B62     		str	r3, [r7, #36]
ARM GAS  C:\Users\HUAV\AppData\Local\Temp\ccRECmfh.s 			page 12


 197:System/FreeRTOS/event_groups.c **** 
 198:System/FreeRTOS/event_groups.c **** 	configASSERT( ( uxBitsToWaitFor & eventEVENT_BITS_CONTROL_BYTES ) == 0 );
 233              		.loc 1 198 2
 234 0016 7B68     		ldr	r3, [r7, #4]
 235 0018 03F07F43 		and	r3, r3, #-16777216
 236 001c 002B     		cmp	r3, #0
 237 001e 0AD0     		beq	.L12
 238              	.LBB41:
 239              	.LBB42:
 195:System/FreeRTOS/portable/GCC/ARM_CM4F/portmacro.h **** 	(
 240              		.loc 2 195 2
 241              		.syntax unified
 242              	@ 195 "System/FreeRTOS/portable/GCC/ARM_CM4F/portmacro.h" 1
 243 0020 4FF05003 			mov r3, #80												
 244 0024 83F31188 		msr basepri, r3											
 245 0028 BFF36F8F 		isb														
 246 002c BFF34F8F 		dsb														
 247              	
 248              	@ 0 "" 2
 249              		.thumb
 250              		.syntax unified
 251 0030 BB61     		str	r3, [r7, #24]
 252              		.loc 2 203 1
 253 0032 00BF     		nop
 254              	.L13:
 255              	.LBE42:
 256              	.LBE41:
 257              		.loc 1 198 2 discriminator 1
 258 0034 FEE7     		b	.L13
 259              	.L12:
 199:System/FreeRTOS/event_groups.c **** 	configASSERT( uxBitsToWaitFor != 0 );
 260              		.loc 1 199 2
 261 0036 7B68     		ldr	r3, [r7, #4]
 262 0038 002B     		cmp	r3, #0
 263 003a 0AD1     		bne	.L14
 264              	.LBB43:
 265              	.LBB44:
 195:System/FreeRTOS/portable/GCC/ARM_CM4F/portmacro.h **** 	(
 266              		.loc 2 195 2
 267              		.syntax unified
 268              	@ 195 "System/FreeRTOS/portable/GCC/ARM_CM4F/portmacro.h" 1
 269 003c 4FF05003 			mov r3, #80												
 270 0040 83F31188 		msr basepri, r3											
 271 0044 BFF36F8F 		isb														
 272 0048 BFF34F8F 		dsb														
 273              	
 274              	@ 0 "" 2
 275              		.thumb
 276              		.syntax unified
 277 004c 7B61     		str	r3, [r7, #20]
 278              		.loc 2 203 1
 279 004e 00BF     		nop
 280              	.L15:
 281              	.LBE44:
 282              	.LBE43:
 283              		.loc 1 199 2 discriminator 2
 284 0050 FEE7     		b	.L15
ARM GAS  C:\Users\HUAV\AppData\Local\Temp\ccRECmfh.s 			page 13


 285              	.L14:
 200:System/FreeRTOS/event_groups.c **** 	#if ( ( INCLUDE_xTaskGetSchedulerState == 1 ) || ( configUSE_TIMERS == 1 ) )
 201:System/FreeRTOS/event_groups.c **** 	{
 202:System/FreeRTOS/event_groups.c **** 		configASSERT( !( ( xTaskGetSchedulerState() == taskSCHEDULER_SUSPENDED ) && ( xTicksToWait != 0 )
 286              		.loc 1 202 3
 287 0052 FFF7FEFF 		bl	xTaskGetSchedulerState
 288 0056 0346     		mov	r3, r0
 289 0058 002B     		cmp	r3, #0
 290 005a 02D1     		bne	.L16
 291              		.loc 1 202 3 is_stmt 0 discriminator 2
 292 005c 3B68     		ldr	r3, [r7]
 293 005e 002B     		cmp	r3, #0
 294 0060 01D1     		bne	.L17
 295              	.L16:
 296              		.loc 1 202 3 discriminator 3
 297 0062 0123     		movs	r3, #1
 298 0064 00E0     		b	.L18
 299              	.L17:
 300              		.loc 1 202 3 discriminator 4
 301 0066 0023     		movs	r3, #0
 302              	.L18:
 303              		.loc 1 202 3 discriminator 6
 304 0068 002B     		cmp	r3, #0
 305 006a 0AD1     		bne	.L19
 306              	.LBB45:
 307              	.LBB46:
 195:System/FreeRTOS/portable/GCC/ARM_CM4F/portmacro.h **** 	(
 308              		.loc 2 195 2 is_stmt 1
 309              		.syntax unified
 310              	@ 195 "System/FreeRTOS/portable/GCC/ARM_CM4F/portmacro.h" 1
 311 006c 4FF05003 			mov r3, #80												
 312 0070 83F31188 		msr basepri, r3											
 313 0074 BFF36F8F 		isb														
 314 0078 BFF34F8F 		dsb														
 315              	
 316              	@ 0 "" 2
 317              		.thumb
 318              		.syntax unified
 319 007c 3B61     		str	r3, [r7, #16]
 320              		.loc 2 203 1
 321 007e 00BF     		nop
 322              	.L20:
 323              	.LBE46:
 324              	.LBE45:
 325              		.loc 1 202 3 discriminator 3
 326 0080 FEE7     		b	.L20
 327              	.L19:
 203:System/FreeRTOS/event_groups.c **** 	}
 204:System/FreeRTOS/event_groups.c **** 	#endif
 205:System/FreeRTOS/event_groups.c **** 
 206:System/FreeRTOS/event_groups.c **** 	vTaskSuspendAll();
 328              		.loc 1 206 2
 329 0082 FFF7FEFF 		bl	vTaskSuspendAll
 207:System/FreeRTOS/event_groups.c **** 	{
 208:System/FreeRTOS/event_groups.c **** 		uxOriginalBitValue = pxEventBits->uxEventBits;
 330              		.loc 1 208 22
 331 0086 BB6A     		ldr	r3, [r7, #40]
ARM GAS  C:\Users\HUAV\AppData\Local\Temp\ccRECmfh.s 			page 14


 332 0088 1B68     		ldr	r3, [r3]
 333 008a 3B62     		str	r3, [r7, #32]
 209:System/FreeRTOS/event_groups.c **** 
 210:System/FreeRTOS/event_groups.c **** 		( void ) xEventGroupSetBits( xEventGroup, uxBitsToSet );
 334              		.loc 1 210 12
 335 008c B968     		ldr	r1, [r7, #8]
 336 008e F868     		ldr	r0, [r7, #12]
 337 0090 FFF7FEFF 		bl	xEventGroupSetBits
 211:System/FreeRTOS/event_groups.c **** 
 212:System/FreeRTOS/event_groups.c **** 		if( ( ( uxOriginalBitValue | uxBitsToSet ) & uxBitsToWaitFor ) == uxBitsToWaitFor )
 338              		.loc 1 212 30
 339 0094 3A6A     		ldr	r2, [r7, #32]
 340 0096 BB68     		ldr	r3, [r7, #8]
 341 0098 1A43     		orrs	r2, r2, r3
 342              		.loc 1 212 46
 343 009a 7B68     		ldr	r3, [r7, #4]
 344 009c 1340     		ands	r3, r3, r2
 345              		.loc 1 212 5
 346 009e 7A68     		ldr	r2, [r7, #4]
 347 00a0 9A42     		cmp	r2, r3
 348 00a2 0DD1     		bne	.L21
 213:System/FreeRTOS/event_groups.c **** 		{
 214:System/FreeRTOS/event_groups.c **** 			/* All the rendezvous bits are now set - no need to block. */
 215:System/FreeRTOS/event_groups.c **** 			uxReturn = ( uxOriginalBitValue | uxBitsToSet );
 349              		.loc 1 215 13
 350 00a4 3A6A     		ldr	r2, [r7, #32]
 351 00a6 BB68     		ldr	r3, [r7, #8]
 352 00a8 1343     		orrs	r3, r3, r2
 353 00aa FB62     		str	r3, [r7, #44]
 216:System/FreeRTOS/event_groups.c **** 
 217:System/FreeRTOS/event_groups.c **** 			/* Rendezvous always clear the bits.  They will have been cleared
 218:System/FreeRTOS/event_groups.c **** 			already unless this is the only task in the rendezvous. */
 219:System/FreeRTOS/event_groups.c **** 			pxEventBits->uxEventBits &= ~uxBitsToWaitFor;
 354              		.loc 1 219 29
 355 00ac BB6A     		ldr	r3, [r7, #40]
 356 00ae 1A68     		ldr	r2, [r3]
 357              		.loc 1 219 32
 358 00b0 7B68     		ldr	r3, [r7, #4]
 359 00b2 DB43     		mvns	r3, r3
 360              		.loc 1 219 29
 361 00b4 1A40     		ands	r2, r2, r3
 362 00b6 BB6A     		ldr	r3, [r7, #40]
 363 00b8 1A60     		str	r2, [r3]
 220:System/FreeRTOS/event_groups.c **** 
 221:System/FreeRTOS/event_groups.c **** 			xTicksToWait = 0;
 364              		.loc 1 221 17
 365 00ba 0023     		movs	r3, #0
 366 00bc 3B60     		str	r3, [r7]
 367 00be 13E0     		b	.L22
 368              	.L21:
 222:System/FreeRTOS/event_groups.c **** 		}
 223:System/FreeRTOS/event_groups.c **** 		else
 224:System/FreeRTOS/event_groups.c **** 		{
 225:System/FreeRTOS/event_groups.c **** 			if( xTicksToWait != ( TickType_t ) 0 )
 369              		.loc 1 225 6
 370 00c0 3B68     		ldr	r3, [r7]
 371 00c2 002B     		cmp	r3, #0
ARM GAS  C:\Users\HUAV\AppData\Local\Temp\ccRECmfh.s 			page 15


 372 00c4 0BD0     		beq	.L23
 226:System/FreeRTOS/event_groups.c **** 			{
 227:System/FreeRTOS/event_groups.c **** 				traceEVENT_GROUP_SYNC_BLOCK( xEventGroup, uxBitsToSet, uxBitsToWaitFor );
 228:System/FreeRTOS/event_groups.c **** 
 229:System/FreeRTOS/event_groups.c **** 				/* Store the bits that the calling task is waiting for in the
 230:System/FreeRTOS/event_groups.c **** 				task's event list item so the kernel knows when a match is
 231:System/FreeRTOS/event_groups.c **** 				found.  Then enter the blocked state. */
 232:System/FreeRTOS/event_groups.c **** 				vTaskPlaceOnUnorderedEventList( &( pxEventBits->xTasksWaitingForBits ), ( uxBitsToWaitFor | eve
 373              		.loc 1 232 5
 374 00c6 BB6A     		ldr	r3, [r7, #40]
 375 00c8 181D     		adds	r0, r3, #4
 376 00ca 7B68     		ldr	r3, [r7, #4]
 377 00cc 43F0A063 		orr	r3, r3, #83886080
 378 00d0 3A68     		ldr	r2, [r7]
 379 00d2 1946     		mov	r1, r3
 380 00d4 FFF7FEFF 		bl	vTaskPlaceOnUnorderedEventList
 233:System/FreeRTOS/event_groups.c **** 
 234:System/FreeRTOS/event_groups.c **** 				/* This assignment is obsolete as uxReturn will get set after
 235:System/FreeRTOS/event_groups.c **** 				the task unblocks, but some compilers mistakenly generate a
 236:System/FreeRTOS/event_groups.c **** 				warning about uxReturn being returned without being set if the
 237:System/FreeRTOS/event_groups.c **** 				assignment is omitted. */
 238:System/FreeRTOS/event_groups.c **** 				uxReturn = 0;
 381              		.loc 1 238 14
 382 00d8 0023     		movs	r3, #0
 383 00da FB62     		str	r3, [r7, #44]
 384 00dc 04E0     		b	.L22
 385              	.L23:
 239:System/FreeRTOS/event_groups.c **** 			}
 240:System/FreeRTOS/event_groups.c **** 			else
 241:System/FreeRTOS/event_groups.c **** 			{
 242:System/FreeRTOS/event_groups.c **** 				/* The rendezvous bits were not set, but no block time was
 243:System/FreeRTOS/event_groups.c **** 				specified - just return the current event bit value. */
 244:System/FreeRTOS/event_groups.c **** 				uxReturn = pxEventBits->uxEventBits;
 386              		.loc 1 244 14
 387 00de BB6A     		ldr	r3, [r7, #40]
 388 00e0 1B68     		ldr	r3, [r3]
 389 00e2 FB62     		str	r3, [r7, #44]
 245:System/FreeRTOS/event_groups.c **** 				xTimeoutOccurred = pdTRUE;
 390              		.loc 1 245 22
 391 00e4 0123     		movs	r3, #1
 392 00e6 7B62     		str	r3, [r7, #36]
 393              	.L22:
 246:System/FreeRTOS/event_groups.c **** 			}
 247:System/FreeRTOS/event_groups.c **** 		}
 248:System/FreeRTOS/event_groups.c **** 	}
 249:System/FreeRTOS/event_groups.c **** 	xAlreadyYielded = xTaskResumeAll();
 394              		.loc 1 249 20
 395 00e8 FFF7FEFF 		bl	xTaskResumeAll
 396 00ec F861     		str	r0, [r7, #28]
 250:System/FreeRTOS/event_groups.c **** 
 251:System/FreeRTOS/event_groups.c **** 	if( xTicksToWait != ( TickType_t ) 0 )
 397              		.loc 1 251 4
 398 00ee 3B68     		ldr	r3, [r7]
 399 00f0 002B     		cmp	r3, #0
 400 00f2 2CD0     		beq	.L24
 252:System/FreeRTOS/event_groups.c **** 	{
 253:System/FreeRTOS/event_groups.c **** 		if( xAlreadyYielded == pdFALSE )
ARM GAS  C:\Users\HUAV\AppData\Local\Temp\ccRECmfh.s 			page 16


 401              		.loc 1 253 5
 402 00f4 FB69     		ldr	r3, [r7, #28]
 403 00f6 002B     		cmp	r3, #0
 404 00f8 07D1     		bne	.L25
 254:System/FreeRTOS/event_groups.c **** 		{
 255:System/FreeRTOS/event_groups.c **** 			portYIELD_WITHIN_API();
 405              		.loc 1 255 4
 406 00fa 174B     		ldr	r3, .L29
 407 00fc 4FF08052 		mov	r2, #268435456
 408 0100 1A60     		str	r2, [r3]
 409              		.syntax unified
 410              	@ 255 "System/FreeRTOS/event_groups.c" 1
 411 0102 BFF34F8F 		dsb
 412              	@ 0 "" 2
 413              	@ 255 "System/FreeRTOS/event_groups.c" 1
 414 0106 BFF36F8F 		isb
 415              	@ 0 "" 2
 416              		.thumb
 417              		.syntax unified
 418              	.L25:
 256:System/FreeRTOS/event_groups.c **** 		}
 257:System/FreeRTOS/event_groups.c **** 		else
 258:System/FreeRTOS/event_groups.c **** 		{
 259:System/FreeRTOS/event_groups.c **** 			mtCOVERAGE_TEST_MARKER();
 260:System/FreeRTOS/event_groups.c **** 		}
 261:System/FreeRTOS/event_groups.c **** 
 262:System/FreeRTOS/event_groups.c **** 		/* The task blocked to wait for its required bits to be set - at this
 263:System/FreeRTOS/event_groups.c **** 		point either the required bits were set or the block time expired.  If
 264:System/FreeRTOS/event_groups.c **** 		the required bits were set they will have been stored in the task's
 265:System/FreeRTOS/event_groups.c **** 		event list item, and they should now be retrieved then cleared. */
 266:System/FreeRTOS/event_groups.c **** 		uxReturn = uxTaskResetEventItemValue();
 419              		.loc 1 266 14
 420 010a FFF7FEFF 		bl	uxTaskResetEventItemValue
 421 010e F862     		str	r0, [r7, #44]
 267:System/FreeRTOS/event_groups.c **** 
 268:System/FreeRTOS/event_groups.c **** 		if( ( uxReturn & eventUNBLOCKED_DUE_TO_BIT_SET ) == ( EventBits_t ) 0 )
 422              		.loc 1 268 18
 423 0110 FB6A     		ldr	r3, [r7, #44]
 424 0112 03F00073 		and	r3, r3, #33554432
 425              		.loc 1 268 5
 426 0116 002B     		cmp	r3, #0
 427 0118 15D1     		bne	.L26
 269:System/FreeRTOS/event_groups.c **** 		{
 270:System/FreeRTOS/event_groups.c **** 			/* The task timed out, just return the current event bit value. */
 271:System/FreeRTOS/event_groups.c **** 			taskENTER_CRITICAL();
 428              		.loc 1 271 4
 429 011a FFF7FEFF 		bl	vPortEnterCritical
 272:System/FreeRTOS/event_groups.c **** 			{
 273:System/FreeRTOS/event_groups.c **** 				uxReturn = pxEventBits->uxEventBits;
 430              		.loc 1 273 14
 431 011e BB6A     		ldr	r3, [r7, #40]
 432 0120 1B68     		ldr	r3, [r3]
 433 0122 FB62     		str	r3, [r7, #44]
 274:System/FreeRTOS/event_groups.c **** 
 275:System/FreeRTOS/event_groups.c **** 				/* Although the task got here because it timed out before the
 276:System/FreeRTOS/event_groups.c **** 				bits it was waiting for were set, it is possible that since it
 277:System/FreeRTOS/event_groups.c **** 				unblocked another task has set the bits.  If this is the case
ARM GAS  C:\Users\HUAV\AppData\Local\Temp\ccRECmfh.s 			page 17


 278:System/FreeRTOS/event_groups.c **** 				then it needs to clear the bits before exiting. */
 279:System/FreeRTOS/event_groups.c **** 				if( ( uxReturn & uxBitsToWaitFor ) == uxBitsToWaitFor )
 434              		.loc 1 279 20
 435 0124 FA6A     		ldr	r2, [r7, #44]
 436 0126 7B68     		ldr	r3, [r7, #4]
 437 0128 1340     		ands	r3, r3, r2
 438              		.loc 1 279 7
 439 012a 7A68     		ldr	r2, [r7, #4]
 440 012c 9A42     		cmp	r2, r3
 441 012e 06D1     		bne	.L27
 280:System/FreeRTOS/event_groups.c **** 				{
 281:System/FreeRTOS/event_groups.c **** 					pxEventBits->uxEventBits &= ~uxBitsToWaitFor;
 442              		.loc 1 281 31
 443 0130 BB6A     		ldr	r3, [r7, #40]
 444 0132 1A68     		ldr	r2, [r3]
 445              		.loc 1 281 34
 446 0134 7B68     		ldr	r3, [r7, #4]
 447 0136 DB43     		mvns	r3, r3
 448              		.loc 1 281 31
 449 0138 1A40     		ands	r2, r2, r3
 450 013a BB6A     		ldr	r3, [r7, #40]
 451 013c 1A60     		str	r2, [r3]
 452              	.L27:
 282:System/FreeRTOS/event_groups.c **** 				}
 283:System/FreeRTOS/event_groups.c **** 				else
 284:System/FreeRTOS/event_groups.c **** 				{
 285:System/FreeRTOS/event_groups.c **** 					mtCOVERAGE_TEST_MARKER();
 286:System/FreeRTOS/event_groups.c **** 				}
 287:System/FreeRTOS/event_groups.c **** 			}
 288:System/FreeRTOS/event_groups.c **** 			taskEXIT_CRITICAL();
 453              		.loc 1 288 4
 454 013e FFF7FEFF 		bl	vPortExitCritical
 289:System/FreeRTOS/event_groups.c **** 
 290:System/FreeRTOS/event_groups.c **** 			xTimeoutOccurred = pdTRUE;
 455              		.loc 1 290 21
 456 0142 0123     		movs	r3, #1
 457 0144 7B62     		str	r3, [r7, #36]
 458              	.L26:
 291:System/FreeRTOS/event_groups.c **** 		}
 292:System/FreeRTOS/event_groups.c **** 		else
 293:System/FreeRTOS/event_groups.c **** 		{
 294:System/FreeRTOS/event_groups.c **** 			/* The task unblocked because the bits were set. */
 295:System/FreeRTOS/event_groups.c **** 		}
 296:System/FreeRTOS/event_groups.c **** 
 297:System/FreeRTOS/event_groups.c **** 		/* Control bits might be set as the task had blocked should not be
 298:System/FreeRTOS/event_groups.c **** 		returned. */
 299:System/FreeRTOS/event_groups.c **** 		uxReturn &= ~eventEVENT_BITS_CONTROL_BYTES;
 459              		.loc 1 299 12
 460 0146 FB6A     		ldr	r3, [r7, #44]
 461 0148 23F07F43 		bic	r3, r3, #-16777216
 462 014c FB62     		str	r3, [r7, #44]
 463              	.L24:
 300:System/FreeRTOS/event_groups.c **** 	}
 301:System/FreeRTOS/event_groups.c **** 
 302:System/FreeRTOS/event_groups.c **** 	traceEVENT_GROUP_SYNC_END( xEventGroup, uxBitsToSet, uxBitsToWaitFor, xTimeoutOccurred );
 303:System/FreeRTOS/event_groups.c **** 
 304:System/FreeRTOS/event_groups.c **** 	/* Prevent compiler warnings when trace macros are not used. */
ARM GAS  C:\Users\HUAV\AppData\Local\Temp\ccRECmfh.s 			page 18


 305:System/FreeRTOS/event_groups.c **** 	( void ) xTimeoutOccurred;
 306:System/FreeRTOS/event_groups.c **** 
 307:System/FreeRTOS/event_groups.c **** 	return uxReturn;
 464              		.loc 1 307 9
 465 014e FB6A     		ldr	r3, [r7, #44]
 308:System/FreeRTOS/event_groups.c **** }
 466              		.loc 1 308 1
 467 0150 1846     		mov	r0, r3
 468 0152 3037     		adds	r7, r7, #48
 469              	.LCFI13:
 470              		.cfi_def_cfa_offset 8
 471 0154 BD46     		mov	sp, r7
 472              	.LCFI14:
 473              		.cfi_def_cfa_register 13
 474              		@ sp needed
 475 0156 80BD     		pop	{r7, pc}
 476              	.L30:
 477              		.align	2
 478              	.L29:
 479 0158 04ED00E0 		.word	-536810236
 480              		.cfi_endproc
 481              	.LFE7:
 483              		.section	.text.xEventGroupWaitBits,"ax",%progbits
 484              		.align	1
 485              		.global	xEventGroupWaitBits
 486              		.syntax unified
 487              		.thumb
 488              		.thumb_func
 490              	xEventGroupWaitBits:
 491              	.LFB8:
 309:System/FreeRTOS/event_groups.c **** /*-----------------------------------------------------------*/
 310:System/FreeRTOS/event_groups.c **** 
 311:System/FreeRTOS/event_groups.c **** EventBits_t xEventGroupWaitBits( EventGroupHandle_t xEventGroup, const EventBits_t uxBitsToWaitFor,
 312:System/FreeRTOS/event_groups.c **** {
 492              		.loc 1 312 1
 493              		.cfi_startproc
 494              		@ args = 4, pretend = 0, frame = 64
 495              		@ frame_needed = 1, uses_anonymous_args = 0
 496 0000 80B5     		push	{r7, lr}
 497              	.LCFI15:
 498              		.cfi_def_cfa_offset 8
 499              		.cfi_offset 7, -8
 500              		.cfi_offset 14, -4
 501 0002 90B0     		sub	sp, sp, #64
 502              	.LCFI16:
 503              		.cfi_def_cfa_offset 72
 504 0004 00AF     		add	r7, sp, #0
 505              	.LCFI17:
 506              		.cfi_def_cfa_register 7
 507 0006 F860     		str	r0, [r7, #12]
 508 0008 B960     		str	r1, [r7, #8]
 509 000a 7A60     		str	r2, [r7, #4]
 510 000c 3B60     		str	r3, [r7]
 313:System/FreeRTOS/event_groups.c **** EventGroup_t *pxEventBits = xEventGroup;
 511              		.loc 1 313 15
 512 000e FB68     		ldr	r3, [r7, #12]
 513 0010 7B63     		str	r3, [r7, #52]
ARM GAS  C:\Users\HUAV\AppData\Local\Temp\ccRECmfh.s 			page 19


 314:System/FreeRTOS/event_groups.c **** EventBits_t uxReturn, uxControlBits = 0;
 514              		.loc 1 314 23
 515 0012 0023     		movs	r3, #0
 516 0014 BB63     		str	r3, [r7, #56]
 315:System/FreeRTOS/event_groups.c **** BaseType_t xWaitConditionMet, xAlreadyYielded;
 316:System/FreeRTOS/event_groups.c **** BaseType_t xTimeoutOccurred = pdFALSE;
 517              		.loc 1 316 12
 518 0016 0023     		movs	r3, #0
 519 0018 3B63     		str	r3, [r7, #48]
 317:System/FreeRTOS/event_groups.c **** 
 318:System/FreeRTOS/event_groups.c **** 	/* Check the user is not attempting to wait on the bits used by the kernel
 319:System/FreeRTOS/event_groups.c **** 	itself, and that at least one bit is being requested. */
 320:System/FreeRTOS/event_groups.c **** 	configASSERT( xEventGroup );
 520              		.loc 1 320 2
 521 001a FB68     		ldr	r3, [r7, #12]
 522 001c 002B     		cmp	r3, #0
 523 001e 0AD1     		bne	.L32
 524              	.LBB47:
 525              	.LBB48:
 195:System/FreeRTOS/portable/GCC/ARM_CM4F/portmacro.h **** 	(
 526              		.loc 2 195 2
 527              		.syntax unified
 528              	@ 195 "System/FreeRTOS/portable/GCC/ARM_CM4F/portmacro.h" 1
 529 0020 4FF05003 			mov r3, #80												
 530 0024 83F31188 		msr basepri, r3											
 531 0028 BFF36F8F 		isb														
 532 002c BFF34F8F 		dsb														
 533              	
 534              	@ 0 "" 2
 535              		.thumb
 536              		.syntax unified
 537 0030 3B62     		str	r3, [r7, #32]
 538              		.loc 2 203 1
 539 0032 00BF     		nop
 540              	.L33:
 541              	.LBE48:
 542              	.LBE47:
 543              		.loc 1 320 2 discriminator 1
 544 0034 FEE7     		b	.L33
 545              	.L32:
 321:System/FreeRTOS/event_groups.c **** 	configASSERT( ( uxBitsToWaitFor & eventEVENT_BITS_CONTROL_BYTES ) == 0 );
 546              		.loc 1 321 2
 547 0036 BB68     		ldr	r3, [r7, #8]
 548 0038 03F07F43 		and	r3, r3, #-16777216
 549 003c 002B     		cmp	r3, #0
 550 003e 0AD0     		beq	.L34
 551              	.LBB49:
 552              	.LBB50:
 195:System/FreeRTOS/portable/GCC/ARM_CM4F/portmacro.h **** 	(
 553              		.loc 2 195 2
 554              		.syntax unified
 555              	@ 195 "System/FreeRTOS/portable/GCC/ARM_CM4F/portmacro.h" 1
 556 0040 4FF05003 			mov r3, #80												
 557 0044 83F31188 		msr basepri, r3											
 558 0048 BFF36F8F 		isb														
 559 004c BFF34F8F 		dsb														
 560              	
ARM GAS  C:\Users\HUAV\AppData\Local\Temp\ccRECmfh.s 			page 20


 561              	@ 0 "" 2
 562              		.thumb
 563              		.syntax unified
 564 0050 FB61     		str	r3, [r7, #28]
 565              		.loc 2 203 1
 566 0052 00BF     		nop
 567              	.L35:
 568              	.LBE50:
 569              	.LBE49:
 570              		.loc 1 321 2 discriminator 2
 571 0054 FEE7     		b	.L35
 572              	.L34:
 322:System/FreeRTOS/event_groups.c **** 	configASSERT( uxBitsToWaitFor != 0 );
 573              		.loc 1 322 2
 574 0056 BB68     		ldr	r3, [r7, #8]
 575 0058 002B     		cmp	r3, #0
 576 005a 0AD1     		bne	.L36
 577              	.LBB51:
 578              	.LBB52:
 195:System/FreeRTOS/portable/GCC/ARM_CM4F/portmacro.h **** 	(
 579              		.loc 2 195 2
 580              		.syntax unified
 581              	@ 195 "System/FreeRTOS/portable/GCC/ARM_CM4F/portmacro.h" 1
 582 005c 4FF05003 			mov r3, #80												
 583 0060 83F31188 		msr basepri, r3											
 584 0064 BFF36F8F 		isb														
 585 0068 BFF34F8F 		dsb														
 586              	
 587              	@ 0 "" 2
 588              		.thumb
 589              		.syntax unified
 590 006c BB61     		str	r3, [r7, #24]
 591              		.loc 2 203 1
 592 006e 00BF     		nop
 593              	.L37:
 594              	.LBE52:
 595              	.LBE51:
 596              		.loc 1 322 2 discriminator 3
 597 0070 FEE7     		b	.L37
 598              	.L36:
 323:System/FreeRTOS/event_groups.c **** 	#if ( ( INCLUDE_xTaskGetSchedulerState == 1 ) || ( configUSE_TIMERS == 1 ) )
 324:System/FreeRTOS/event_groups.c **** 	{
 325:System/FreeRTOS/event_groups.c **** 		configASSERT( !( ( xTaskGetSchedulerState() == taskSCHEDULER_SUSPENDED ) && ( xTicksToWait != 0 )
 599              		.loc 1 325 3
 600 0072 FFF7FEFF 		bl	xTaskGetSchedulerState
 601 0076 0346     		mov	r3, r0
 602 0078 002B     		cmp	r3, #0
 603 007a 02D1     		bne	.L38
 604              		.loc 1 325 3 is_stmt 0 discriminator 2
 605 007c BB6C     		ldr	r3, [r7, #72]
 606 007e 002B     		cmp	r3, #0
 607 0080 01D1     		bne	.L39
 608              	.L38:
 609              		.loc 1 325 3 discriminator 3
 610 0082 0123     		movs	r3, #1
 611 0084 00E0     		b	.L40
 612              	.L39:
ARM GAS  C:\Users\HUAV\AppData\Local\Temp\ccRECmfh.s 			page 21


 613              		.loc 1 325 3 discriminator 4
 614 0086 0023     		movs	r3, #0
 615              	.L40:
 616              		.loc 1 325 3 discriminator 6
 617 0088 002B     		cmp	r3, #0
 618 008a 0AD1     		bne	.L41
 619              	.LBB53:
 620              	.LBB54:
 195:System/FreeRTOS/portable/GCC/ARM_CM4F/portmacro.h **** 	(
 621              		.loc 2 195 2 is_stmt 1
 622              		.syntax unified
 623              	@ 195 "System/FreeRTOS/portable/GCC/ARM_CM4F/portmacro.h" 1
 624 008c 4FF05003 			mov r3, #80												
 625 0090 83F31188 		msr basepri, r3											
 626 0094 BFF36F8F 		isb														
 627 0098 BFF34F8F 		dsb														
 628              	
 629              	@ 0 "" 2
 630              		.thumb
 631              		.syntax unified
 632 009c 7B61     		str	r3, [r7, #20]
 633              		.loc 2 203 1
 634 009e 00BF     		nop
 635              	.L42:
 636              	.LBE54:
 637              	.LBE53:
 638              		.loc 1 325 3 discriminator 4
 639 00a0 FEE7     		b	.L42
 640              	.L41:
 326:System/FreeRTOS/event_groups.c **** 	}
 327:System/FreeRTOS/event_groups.c **** 	#endif
 328:System/FreeRTOS/event_groups.c **** 
 329:System/FreeRTOS/event_groups.c **** 	vTaskSuspendAll();
 641              		.loc 1 329 2
 642 00a2 FFF7FEFF 		bl	vTaskSuspendAll
 643              	.LBB55:
 330:System/FreeRTOS/event_groups.c **** 	{
 331:System/FreeRTOS/event_groups.c **** 		const EventBits_t uxCurrentEventBits = pxEventBits->uxEventBits;
 644              		.loc 1 331 21
 645 00a6 7B6B     		ldr	r3, [r7, #52]
 646 00a8 1B68     		ldr	r3, [r3]
 647 00aa FB62     		str	r3, [r7, #44]
 332:System/FreeRTOS/event_groups.c **** 
 333:System/FreeRTOS/event_groups.c **** 		/* Check to see if the wait condition is already met or not. */
 334:System/FreeRTOS/event_groups.c **** 		xWaitConditionMet = prvTestWaitCondition( uxCurrentEventBits, uxBitsToWaitFor, xWaitForAllBits );
 648              		.loc 1 334 23
 649 00ac 3A68     		ldr	r2, [r7]
 650 00ae B968     		ldr	r1, [r7, #8]
 651 00b0 F86A     		ldr	r0, [r7, #44]
 652 00b2 FFF7FEFF 		bl	prvTestWaitCondition
 653 00b6 B862     		str	r0, [r7, #40]
 335:System/FreeRTOS/event_groups.c **** 
 336:System/FreeRTOS/event_groups.c **** 		if( xWaitConditionMet != pdFALSE )
 654              		.loc 1 336 5
 655 00b8 BB6A     		ldr	r3, [r7, #40]
 656 00ba 002B     		cmp	r3, #0
 657 00bc 0ED0     		beq	.L43
ARM GAS  C:\Users\HUAV\AppData\Local\Temp\ccRECmfh.s 			page 22


 337:System/FreeRTOS/event_groups.c **** 		{
 338:System/FreeRTOS/event_groups.c **** 			/* The wait condition has already been met so there is no need to
 339:System/FreeRTOS/event_groups.c **** 			block. */
 340:System/FreeRTOS/event_groups.c **** 			uxReturn = uxCurrentEventBits;
 658              		.loc 1 340 13
 659 00be FB6A     		ldr	r3, [r7, #44]
 660 00c0 FB63     		str	r3, [r7, #60]
 341:System/FreeRTOS/event_groups.c **** 			xTicksToWait = ( TickType_t ) 0;
 661              		.loc 1 341 17
 662 00c2 0023     		movs	r3, #0
 663 00c4 BB64     		str	r3, [r7, #72]
 342:System/FreeRTOS/event_groups.c **** 
 343:System/FreeRTOS/event_groups.c **** 			/* Clear the wait bits if requested to do so. */
 344:System/FreeRTOS/event_groups.c **** 			if( xClearOnExit != pdFALSE )
 664              		.loc 1 344 6
 665 00c6 7B68     		ldr	r3, [r7, #4]
 666 00c8 002B     		cmp	r3, #0
 667 00ca 28D0     		beq	.L44
 345:System/FreeRTOS/event_groups.c **** 			{
 346:System/FreeRTOS/event_groups.c **** 				pxEventBits->uxEventBits &= ~uxBitsToWaitFor;
 668              		.loc 1 346 30
 669 00cc 7B6B     		ldr	r3, [r7, #52]
 670 00ce 1A68     		ldr	r2, [r3]
 671              		.loc 1 346 33
 672 00d0 BB68     		ldr	r3, [r7, #8]
 673 00d2 DB43     		mvns	r3, r3
 674              		.loc 1 346 30
 675 00d4 1A40     		ands	r2, r2, r3
 676 00d6 7B6B     		ldr	r3, [r7, #52]
 677 00d8 1A60     		str	r2, [r3]
 678 00da 20E0     		b	.L44
 679              	.L43:
 347:System/FreeRTOS/event_groups.c **** 			}
 348:System/FreeRTOS/event_groups.c **** 			else
 349:System/FreeRTOS/event_groups.c **** 			{
 350:System/FreeRTOS/event_groups.c **** 				mtCOVERAGE_TEST_MARKER();
 351:System/FreeRTOS/event_groups.c **** 			}
 352:System/FreeRTOS/event_groups.c **** 		}
 353:System/FreeRTOS/event_groups.c **** 		else if( xTicksToWait == ( TickType_t ) 0 )
 680              		.loc 1 353 10
 681 00dc BB6C     		ldr	r3, [r7, #72]
 682 00de 002B     		cmp	r3, #0
 683 00e0 04D1     		bne	.L45
 354:System/FreeRTOS/event_groups.c **** 		{
 355:System/FreeRTOS/event_groups.c **** 			/* The wait condition has not been met, but no block time was
 356:System/FreeRTOS/event_groups.c **** 			specified, so just return the current value. */
 357:System/FreeRTOS/event_groups.c **** 			uxReturn = uxCurrentEventBits;
 684              		.loc 1 357 13
 685 00e2 FB6A     		ldr	r3, [r7, #44]
 686 00e4 FB63     		str	r3, [r7, #60]
 358:System/FreeRTOS/event_groups.c **** 			xTimeoutOccurred = pdTRUE;
 687              		.loc 1 358 21
 688 00e6 0123     		movs	r3, #1
 689 00e8 3B63     		str	r3, [r7, #48]
 690 00ea 18E0     		b	.L44
 691              	.L45:
 359:System/FreeRTOS/event_groups.c **** 		}
ARM GAS  C:\Users\HUAV\AppData\Local\Temp\ccRECmfh.s 			page 23


 360:System/FreeRTOS/event_groups.c **** 		else
 361:System/FreeRTOS/event_groups.c **** 		{
 362:System/FreeRTOS/event_groups.c **** 			/* The task is going to block to wait for its required bits to be
 363:System/FreeRTOS/event_groups.c **** 			set.  uxControlBits are used to remember the specified behaviour of
 364:System/FreeRTOS/event_groups.c **** 			this call to xEventGroupWaitBits() - for use when the event bits
 365:System/FreeRTOS/event_groups.c **** 			unblock the task. */
 366:System/FreeRTOS/event_groups.c **** 			if( xClearOnExit != pdFALSE )
 692              		.loc 1 366 6
 693 00ec 7B68     		ldr	r3, [r7, #4]
 694 00ee 002B     		cmp	r3, #0
 695 00f0 03D0     		beq	.L46
 367:System/FreeRTOS/event_groups.c **** 			{
 368:System/FreeRTOS/event_groups.c **** 				uxControlBits |= eventCLEAR_EVENTS_ON_EXIT_BIT;
 696              		.loc 1 368 19
 697 00f2 BB6B     		ldr	r3, [r7, #56]
 698 00f4 43F08073 		orr	r3, r3, #16777216
 699 00f8 BB63     		str	r3, [r7, #56]
 700              	.L46:
 369:System/FreeRTOS/event_groups.c **** 			}
 370:System/FreeRTOS/event_groups.c **** 			else
 371:System/FreeRTOS/event_groups.c **** 			{
 372:System/FreeRTOS/event_groups.c **** 				mtCOVERAGE_TEST_MARKER();
 373:System/FreeRTOS/event_groups.c **** 			}
 374:System/FreeRTOS/event_groups.c **** 
 375:System/FreeRTOS/event_groups.c **** 			if( xWaitForAllBits != pdFALSE )
 701              		.loc 1 375 6
 702 00fa 3B68     		ldr	r3, [r7]
 703 00fc 002B     		cmp	r3, #0
 704 00fe 03D0     		beq	.L47
 376:System/FreeRTOS/event_groups.c **** 			{
 377:System/FreeRTOS/event_groups.c **** 				uxControlBits |= eventWAIT_FOR_ALL_BITS;
 705              		.loc 1 377 19
 706 0100 BB6B     		ldr	r3, [r7, #56]
 707 0102 43F08063 		orr	r3, r3, #67108864
 708 0106 BB63     		str	r3, [r7, #56]
 709              	.L47:
 378:System/FreeRTOS/event_groups.c **** 			}
 379:System/FreeRTOS/event_groups.c **** 			else
 380:System/FreeRTOS/event_groups.c **** 			{
 381:System/FreeRTOS/event_groups.c **** 				mtCOVERAGE_TEST_MARKER();
 382:System/FreeRTOS/event_groups.c **** 			}
 383:System/FreeRTOS/event_groups.c **** 
 384:System/FreeRTOS/event_groups.c **** 			/* Store the bits that the calling task is waiting for in the
 385:System/FreeRTOS/event_groups.c **** 			task's event list item so the kernel knows when a match is
 386:System/FreeRTOS/event_groups.c **** 			found.  Then enter the blocked state. */
 387:System/FreeRTOS/event_groups.c **** 			vTaskPlaceOnUnorderedEventList( &( pxEventBits->xTasksWaitingForBits ), ( uxBitsToWaitFor | uxCo
 710              		.loc 1 387 4
 711 0108 7B6B     		ldr	r3, [r7, #52]
 712 010a 181D     		adds	r0, r3, #4
 713 010c BA68     		ldr	r2, [r7, #8]
 714 010e BB6B     		ldr	r3, [r7, #56]
 715 0110 1343     		orrs	r3, r3, r2
 716 0112 BA6C     		ldr	r2, [r7, #72]
 717 0114 1946     		mov	r1, r3
 718 0116 FFF7FEFF 		bl	vTaskPlaceOnUnorderedEventList
 388:System/FreeRTOS/event_groups.c **** 
 389:System/FreeRTOS/event_groups.c **** 			/* This is obsolete as it will get set after the task unblocks, but
ARM GAS  C:\Users\HUAV\AppData\Local\Temp\ccRECmfh.s 			page 24


 390:System/FreeRTOS/event_groups.c **** 			some compilers mistakenly generate a warning about the variable
 391:System/FreeRTOS/event_groups.c **** 			being returned without being set if it is not done. */
 392:System/FreeRTOS/event_groups.c **** 			uxReturn = 0;
 719              		.loc 1 392 13
 720 011a 0023     		movs	r3, #0
 721 011c FB63     		str	r3, [r7, #60]
 722              	.L44:
 723              	.LBE55:
 393:System/FreeRTOS/event_groups.c **** 
 394:System/FreeRTOS/event_groups.c **** 			traceEVENT_GROUP_WAIT_BITS_BLOCK( xEventGroup, uxBitsToWaitFor );
 395:System/FreeRTOS/event_groups.c **** 		}
 396:System/FreeRTOS/event_groups.c **** 	}
 397:System/FreeRTOS/event_groups.c **** 	xAlreadyYielded = xTaskResumeAll();
 724              		.loc 1 397 20
 725 011e FFF7FEFF 		bl	xTaskResumeAll
 726 0122 7862     		str	r0, [r7, #36]
 398:System/FreeRTOS/event_groups.c **** 
 399:System/FreeRTOS/event_groups.c **** 	if( xTicksToWait != ( TickType_t ) 0 )
 727              		.loc 1 399 4
 728 0124 BB6C     		ldr	r3, [r7, #72]
 729 0126 002B     		cmp	r3, #0
 730 0128 31D0     		beq	.L48
 400:System/FreeRTOS/event_groups.c **** 	{
 401:System/FreeRTOS/event_groups.c **** 		if( xAlreadyYielded == pdFALSE )
 731              		.loc 1 401 5
 732 012a 7B6A     		ldr	r3, [r7, #36]
 733 012c 002B     		cmp	r3, #0
 734 012e 07D1     		bne	.L49
 402:System/FreeRTOS/event_groups.c **** 		{
 403:System/FreeRTOS/event_groups.c **** 			portYIELD_WITHIN_API();
 735              		.loc 1 403 4
 736 0130 194B     		ldr	r3, .L53
 737 0132 4FF08052 		mov	r2, #268435456
 738 0136 1A60     		str	r2, [r3]
 739              		.syntax unified
 740              	@ 403 "System/FreeRTOS/event_groups.c" 1
 741 0138 BFF34F8F 		dsb
 742              	@ 0 "" 2
 743              	@ 403 "System/FreeRTOS/event_groups.c" 1
 744 013c BFF36F8F 		isb
 745              	@ 0 "" 2
 746              		.thumb
 747              		.syntax unified
 748              	.L49:
 404:System/FreeRTOS/event_groups.c **** 		}
 405:System/FreeRTOS/event_groups.c **** 		else
 406:System/FreeRTOS/event_groups.c **** 		{
 407:System/FreeRTOS/event_groups.c **** 			mtCOVERAGE_TEST_MARKER();
 408:System/FreeRTOS/event_groups.c **** 		}
 409:System/FreeRTOS/event_groups.c **** 
 410:System/FreeRTOS/event_groups.c **** 		/* The task blocked to wait for its required bits to be set - at this
 411:System/FreeRTOS/event_groups.c **** 		point either the required bits were set or the block time expired.  If
 412:System/FreeRTOS/event_groups.c **** 		the required bits were set they will have been stored in the task's
 413:System/FreeRTOS/event_groups.c **** 		event list item, and they should now be retrieved then cleared. */
 414:System/FreeRTOS/event_groups.c **** 		uxReturn = uxTaskResetEventItemValue();
 749              		.loc 1 414 14
 750 0140 FFF7FEFF 		bl	uxTaskResetEventItemValue
ARM GAS  C:\Users\HUAV\AppData\Local\Temp\ccRECmfh.s 			page 25


 751 0144 F863     		str	r0, [r7, #60]
 415:System/FreeRTOS/event_groups.c **** 
 416:System/FreeRTOS/event_groups.c **** 		if( ( uxReturn & eventUNBLOCKED_DUE_TO_BIT_SET ) == ( EventBits_t ) 0 )
 752              		.loc 1 416 18
 753 0146 FB6B     		ldr	r3, [r7, #60]
 754 0148 03F00073 		and	r3, r3, #33554432
 755              		.loc 1 416 5
 756 014c 002B     		cmp	r3, #0
 757 014e 1AD1     		bne	.L50
 417:System/FreeRTOS/event_groups.c **** 		{
 418:System/FreeRTOS/event_groups.c **** 			taskENTER_CRITICAL();
 758              		.loc 1 418 4
 759 0150 FFF7FEFF 		bl	vPortEnterCritical
 419:System/FreeRTOS/event_groups.c **** 			{
 420:System/FreeRTOS/event_groups.c **** 				/* The task timed out, just return the current event bit value. */
 421:System/FreeRTOS/event_groups.c **** 				uxReturn = pxEventBits->uxEventBits;
 760              		.loc 1 421 14
 761 0154 7B6B     		ldr	r3, [r7, #52]
 762 0156 1B68     		ldr	r3, [r3]
 763 0158 FB63     		str	r3, [r7, #60]
 422:System/FreeRTOS/event_groups.c **** 
 423:System/FreeRTOS/event_groups.c **** 				/* It is possible that the event bits were updated between this
 424:System/FreeRTOS/event_groups.c **** 				task leaving the Blocked state and running again. */
 425:System/FreeRTOS/event_groups.c **** 				if( prvTestWaitCondition( uxReturn, uxBitsToWaitFor, xWaitForAllBits ) != pdFALSE )
 764              		.loc 1 425 9
 765 015a 3A68     		ldr	r2, [r7]
 766 015c B968     		ldr	r1, [r7, #8]
 767 015e F86B     		ldr	r0, [r7, #60]
 768 0160 FFF7FEFF 		bl	prvTestWaitCondition
 769 0164 0346     		mov	r3, r0
 770              		.loc 1 425 7
 771 0166 002B     		cmp	r3, #0
 772 0168 09D0     		beq	.L51
 426:System/FreeRTOS/event_groups.c **** 				{
 427:System/FreeRTOS/event_groups.c **** 					if( xClearOnExit != pdFALSE )
 773              		.loc 1 427 8
 774 016a 7B68     		ldr	r3, [r7, #4]
 775 016c 002B     		cmp	r3, #0
 776 016e 06D0     		beq	.L51
 428:System/FreeRTOS/event_groups.c **** 					{
 429:System/FreeRTOS/event_groups.c **** 						pxEventBits->uxEventBits &= ~uxBitsToWaitFor;
 777              		.loc 1 429 32
 778 0170 7B6B     		ldr	r3, [r7, #52]
 779 0172 1A68     		ldr	r2, [r3]
 780              		.loc 1 429 35
 781 0174 BB68     		ldr	r3, [r7, #8]
 782 0176 DB43     		mvns	r3, r3
 783              		.loc 1 429 32
 784 0178 1A40     		ands	r2, r2, r3
 785 017a 7B6B     		ldr	r3, [r7, #52]
 786 017c 1A60     		str	r2, [r3]
 787              	.L51:
 430:System/FreeRTOS/event_groups.c **** 					}
 431:System/FreeRTOS/event_groups.c **** 					else
 432:System/FreeRTOS/event_groups.c **** 					{
 433:System/FreeRTOS/event_groups.c **** 						mtCOVERAGE_TEST_MARKER();
 434:System/FreeRTOS/event_groups.c **** 					}
ARM GAS  C:\Users\HUAV\AppData\Local\Temp\ccRECmfh.s 			page 26


 435:System/FreeRTOS/event_groups.c **** 				}
 436:System/FreeRTOS/event_groups.c **** 				else
 437:System/FreeRTOS/event_groups.c **** 				{
 438:System/FreeRTOS/event_groups.c **** 					mtCOVERAGE_TEST_MARKER();
 439:System/FreeRTOS/event_groups.c **** 				}
 440:System/FreeRTOS/event_groups.c **** 				xTimeoutOccurred = pdTRUE;
 788              		.loc 1 440 22
 789 017e 0123     		movs	r3, #1
 790 0180 3B63     		str	r3, [r7, #48]
 441:System/FreeRTOS/event_groups.c **** 			}
 442:System/FreeRTOS/event_groups.c **** 			taskEXIT_CRITICAL();
 791              		.loc 1 442 4
 792 0182 FFF7FEFF 		bl	vPortExitCritical
 793              	.L50:
 443:System/FreeRTOS/event_groups.c **** 		}
 444:System/FreeRTOS/event_groups.c **** 		else
 445:System/FreeRTOS/event_groups.c **** 		{
 446:System/FreeRTOS/event_groups.c **** 			/* The task unblocked because the bits were set. */
 447:System/FreeRTOS/event_groups.c **** 		}
 448:System/FreeRTOS/event_groups.c **** 
 449:System/FreeRTOS/event_groups.c **** 		/* The task blocked so control bits may have been set. */
 450:System/FreeRTOS/event_groups.c **** 		uxReturn &= ~eventEVENT_BITS_CONTROL_BYTES;
 794              		.loc 1 450 12
 795 0186 FB6B     		ldr	r3, [r7, #60]
 796 0188 23F07F43 		bic	r3, r3, #-16777216
 797 018c FB63     		str	r3, [r7, #60]
 798              	.L48:
 451:System/FreeRTOS/event_groups.c **** 	}
 452:System/FreeRTOS/event_groups.c **** 	traceEVENT_GROUP_WAIT_BITS_END( xEventGroup, uxBitsToWaitFor, xTimeoutOccurred );
 453:System/FreeRTOS/event_groups.c **** 
 454:System/FreeRTOS/event_groups.c **** 	/* Prevent compiler warnings when trace macros are not used. */
 455:System/FreeRTOS/event_groups.c **** 	( void ) xTimeoutOccurred;
 456:System/FreeRTOS/event_groups.c **** 
 457:System/FreeRTOS/event_groups.c **** 	return uxReturn;
 799              		.loc 1 457 9
 800 018e FB6B     		ldr	r3, [r7, #60]
 458:System/FreeRTOS/event_groups.c **** }
 801              		.loc 1 458 1
 802 0190 1846     		mov	r0, r3
 803 0192 4037     		adds	r7, r7, #64
 804              	.LCFI18:
 805              		.cfi_def_cfa_offset 8
 806 0194 BD46     		mov	sp, r7
 807              	.LCFI19:
 808              		.cfi_def_cfa_register 13
 809              		@ sp needed
 810 0196 80BD     		pop	{r7, pc}
 811              	.L54:
 812              		.align	2
 813              	.L53:
 814 0198 04ED00E0 		.word	-536810236
 815              		.cfi_endproc
 816              	.LFE8:
 818              		.section	.text.xEventGroupClearBits,"ax",%progbits
 819              		.align	1
 820              		.global	xEventGroupClearBits
 821              		.syntax unified
ARM GAS  C:\Users\HUAV\AppData\Local\Temp\ccRECmfh.s 			page 27


 822              		.thumb
 823              		.thumb_func
 825              	xEventGroupClearBits:
 826              	.LFB9:
 459:System/FreeRTOS/event_groups.c **** /*-----------------------------------------------------------*/
 460:System/FreeRTOS/event_groups.c **** 
 461:System/FreeRTOS/event_groups.c **** EventBits_t xEventGroupClearBits( EventGroupHandle_t xEventGroup, const EventBits_t uxBitsToClear )
 462:System/FreeRTOS/event_groups.c **** {
 827              		.loc 1 462 1
 828              		.cfi_startproc
 829              		@ args = 0, pretend = 0, frame = 24
 830              		@ frame_needed = 1, uses_anonymous_args = 0
 831 0000 80B5     		push	{r7, lr}
 832              	.LCFI20:
 833              		.cfi_def_cfa_offset 8
 834              		.cfi_offset 7, -8
 835              		.cfi_offset 14, -4
 836 0002 86B0     		sub	sp, sp, #24
 837              	.LCFI21:
 838              		.cfi_def_cfa_offset 32
 839 0004 00AF     		add	r7, sp, #0
 840              	.LCFI22:
 841              		.cfi_def_cfa_register 7
 842 0006 7860     		str	r0, [r7, #4]
 843 0008 3960     		str	r1, [r7]
 463:System/FreeRTOS/event_groups.c **** EventGroup_t *pxEventBits = xEventGroup;
 844              		.loc 1 463 15
 845 000a 7B68     		ldr	r3, [r7, #4]
 846 000c 7B61     		str	r3, [r7, #20]
 464:System/FreeRTOS/event_groups.c **** EventBits_t uxReturn;
 465:System/FreeRTOS/event_groups.c **** 
 466:System/FreeRTOS/event_groups.c **** 	/* Check the user is not attempting to clear the bits used by the kernel
 467:System/FreeRTOS/event_groups.c **** 	itself. */
 468:System/FreeRTOS/event_groups.c **** 	configASSERT( xEventGroup );
 847              		.loc 1 468 2
 848 000e 7B68     		ldr	r3, [r7, #4]
 849 0010 002B     		cmp	r3, #0
 850 0012 0AD1     		bne	.L56
 851              	.LBB56:
 852              	.LBB57:
 195:System/FreeRTOS/portable/GCC/ARM_CM4F/portmacro.h **** 	(
 853              		.loc 2 195 2
 854              		.syntax unified
 855              	@ 195 "System/FreeRTOS/portable/GCC/ARM_CM4F/portmacro.h" 1
 856 0014 4FF05003 			mov r3, #80												
 857 0018 83F31188 		msr basepri, r3											
 858 001c BFF36F8F 		isb														
 859 0020 BFF34F8F 		dsb														
 860              	
 861              	@ 0 "" 2
 862              		.thumb
 863              		.syntax unified
 864 0024 FB60     		str	r3, [r7, #12]
 865              		.loc 2 203 1
 866 0026 00BF     		nop
 867              	.L57:
 868              	.LBE57:
ARM GAS  C:\Users\HUAV\AppData\Local\Temp\ccRECmfh.s 			page 28


 869              	.LBE56:
 870              		.loc 1 468 2 discriminator 1
 871 0028 FEE7     		b	.L57
 872              	.L56:
 469:System/FreeRTOS/event_groups.c **** 	configASSERT( ( uxBitsToClear & eventEVENT_BITS_CONTROL_BYTES ) == 0 );
 873              		.loc 1 469 2
 874 002a 3B68     		ldr	r3, [r7]
 875 002c 03F07F43 		and	r3, r3, #-16777216
 876 0030 002B     		cmp	r3, #0
 877 0032 0AD0     		beq	.L58
 878              	.LBB58:
 879              	.LBB59:
 195:System/FreeRTOS/portable/GCC/ARM_CM4F/portmacro.h **** 	(
 880              		.loc 2 195 2
 881              		.syntax unified
 882              	@ 195 "System/FreeRTOS/portable/GCC/ARM_CM4F/portmacro.h" 1
 883 0034 4FF05003 			mov r3, #80												
 884 0038 83F31188 		msr basepri, r3											
 885 003c BFF36F8F 		isb														
 886 0040 BFF34F8F 		dsb														
 887              	
 888              	@ 0 "" 2
 889              		.thumb
 890              		.syntax unified
 891 0044 BB60     		str	r3, [r7, #8]
 892              		.loc 2 203 1
 893 0046 00BF     		nop
 894              	.L59:
 895              	.LBE59:
 896              	.LBE58:
 897              		.loc 1 469 2 discriminator 2
 898 0048 FEE7     		b	.L59
 899              	.L58:
 470:System/FreeRTOS/event_groups.c **** 
 471:System/FreeRTOS/event_groups.c **** 	taskENTER_CRITICAL();
 900              		.loc 1 471 2
 901 004a FFF7FEFF 		bl	vPortEnterCritical
 472:System/FreeRTOS/event_groups.c **** 	{
 473:System/FreeRTOS/event_groups.c **** 		traceEVENT_GROUP_CLEAR_BITS( xEventGroup, uxBitsToClear );
 474:System/FreeRTOS/event_groups.c **** 
 475:System/FreeRTOS/event_groups.c **** 		/* The value returned is the event group value prior to the bits being
 476:System/FreeRTOS/event_groups.c **** 		cleared. */
 477:System/FreeRTOS/event_groups.c **** 		uxReturn = pxEventBits->uxEventBits;
 902              		.loc 1 477 12
 903 004e 7B69     		ldr	r3, [r7, #20]
 904 0050 1B68     		ldr	r3, [r3]
 905 0052 3B61     		str	r3, [r7, #16]
 478:System/FreeRTOS/event_groups.c **** 
 479:System/FreeRTOS/event_groups.c **** 		/* Clear the bits. */
 480:System/FreeRTOS/event_groups.c **** 		pxEventBits->uxEventBits &= ~uxBitsToClear;
 906              		.loc 1 480 28
 907 0054 7B69     		ldr	r3, [r7, #20]
 908 0056 1A68     		ldr	r2, [r3]
 909              		.loc 1 480 31
 910 0058 3B68     		ldr	r3, [r7]
 911 005a DB43     		mvns	r3, r3
 912              		.loc 1 480 28
ARM GAS  C:\Users\HUAV\AppData\Local\Temp\ccRECmfh.s 			page 29


 913 005c 1A40     		ands	r2, r2, r3
 914 005e 7B69     		ldr	r3, [r7, #20]
 915 0060 1A60     		str	r2, [r3]
 481:System/FreeRTOS/event_groups.c **** 	}
 482:System/FreeRTOS/event_groups.c **** 	taskEXIT_CRITICAL();
 916              		.loc 1 482 2
 917 0062 FFF7FEFF 		bl	vPortExitCritical
 483:System/FreeRTOS/event_groups.c **** 
 484:System/FreeRTOS/event_groups.c **** 	return uxReturn;
 918              		.loc 1 484 9
 919 0066 3B69     		ldr	r3, [r7, #16]
 485:System/FreeRTOS/event_groups.c **** }
 920              		.loc 1 485 1
 921 0068 1846     		mov	r0, r3
 922 006a 1837     		adds	r7, r7, #24
 923              	.LCFI23:
 924              		.cfi_def_cfa_offset 8
 925 006c BD46     		mov	sp, r7
 926              	.LCFI24:
 927              		.cfi_def_cfa_register 13
 928              		@ sp needed
 929 006e 80BD     		pop	{r7, pc}
 930              		.cfi_endproc
 931              	.LFE9:
 933              		.section	.text.xEventGroupGetBitsFromISR,"ax",%progbits
 934              		.align	1
 935              		.global	xEventGroupGetBitsFromISR
 936              		.syntax unified
 937              		.thumb
 938              		.thumb_func
 940              	xEventGroupGetBitsFromISR:
 941              	.LFB10:
 486:System/FreeRTOS/event_groups.c **** /*-----------------------------------------------------------*/
 487:System/FreeRTOS/event_groups.c **** 
 488:System/FreeRTOS/event_groups.c **** #if ( ( configUSE_TRACE_FACILITY == 1 ) && ( INCLUDE_xTimerPendFunctionCall == 1 ) && ( configUSE_T
 489:System/FreeRTOS/event_groups.c **** 
 490:System/FreeRTOS/event_groups.c **** 	BaseType_t xEventGroupClearBitsFromISR( EventGroupHandle_t xEventGroup, const EventBits_t uxBitsTo
 491:System/FreeRTOS/event_groups.c **** 	{
 492:System/FreeRTOS/event_groups.c **** 		BaseType_t xReturn;
 493:System/FreeRTOS/event_groups.c **** 
 494:System/FreeRTOS/event_groups.c **** 		traceEVENT_GROUP_CLEAR_BITS_FROM_ISR( xEventGroup, uxBitsToClear );
 495:System/FreeRTOS/event_groups.c **** 		xReturn = xTimerPendFunctionCallFromISR( vEventGroupClearBitsCallback, ( void * ) xEventGroup, ( 
 496:System/FreeRTOS/event_groups.c **** 
 497:System/FreeRTOS/event_groups.c **** 		return xReturn;
 498:System/FreeRTOS/event_groups.c **** 	}
 499:System/FreeRTOS/event_groups.c **** 
 500:System/FreeRTOS/event_groups.c **** #endif
 501:System/FreeRTOS/event_groups.c **** /*-----------------------------------------------------------*/
 502:System/FreeRTOS/event_groups.c **** 
 503:System/FreeRTOS/event_groups.c **** EventBits_t xEventGroupGetBitsFromISR( EventGroupHandle_t xEventGroup )
 504:System/FreeRTOS/event_groups.c **** {
 942              		.loc 1 504 1
 943              		.cfi_startproc
 944              		@ args = 0, pretend = 0, frame = 32
 945              		@ frame_needed = 1, uses_anonymous_args = 0
 946              		@ link register save eliminated.
 947 0000 80B4     		push	{r7}
ARM GAS  C:\Users\HUAV\AppData\Local\Temp\ccRECmfh.s 			page 30


 948              	.LCFI25:
 949              		.cfi_def_cfa_offset 4
 950              		.cfi_offset 7, -4
 951 0002 89B0     		sub	sp, sp, #36
 952              	.LCFI26:
 953              		.cfi_def_cfa_offset 40
 954 0004 00AF     		add	r7, sp, #0
 955              	.LCFI27:
 956              		.cfi_def_cfa_register 7
 957 0006 7860     		str	r0, [r7, #4]
 505:System/FreeRTOS/event_groups.c **** UBaseType_t uxSavedInterruptStatus;
 506:System/FreeRTOS/event_groups.c **** EventGroup_t const * const pxEventBits = xEventGroup;
 958              		.loc 1 506 28
 959 0008 7B68     		ldr	r3, [r7, #4]
 960 000a FB61     		str	r3, [r7, #28]
 961              	.LBB60:
 962              	.LBB61:
 204:System/FreeRTOS/portable/GCC/ARM_CM4F/portmacro.h **** 
 205:System/FreeRTOS/portable/GCC/ARM_CM4F/portmacro.h **** /*-----------------------------------------------------------*/
 206:System/FreeRTOS/portable/GCC/ARM_CM4F/portmacro.h **** 
 207:System/FreeRTOS/portable/GCC/ARM_CM4F/portmacro.h **** portFORCE_INLINE static uint32_t ulPortRaiseBASEPRI( void )
 208:System/FreeRTOS/portable/GCC/ARM_CM4F/portmacro.h **** {
 209:System/FreeRTOS/portable/GCC/ARM_CM4F/portmacro.h **** uint32_t ulOriginalBASEPRI, ulNewBASEPRI;
 210:System/FreeRTOS/portable/GCC/ARM_CM4F/portmacro.h **** 
 211:System/FreeRTOS/portable/GCC/ARM_CM4F/portmacro.h **** 	__asm volatile
 963              		.loc 2 211 2
 964              		.syntax unified
 965              	@ 211 "System/FreeRTOS/portable/GCC/ARM_CM4F/portmacro.h" 1
 966 000c EFF31182 			mrs r2, basepri											
 967 0010 4FF05003 		mov r3, #80												
 968 0014 83F31188 		msr basepri, r3											
 969 0018 BFF36F8F 		isb														
 970 001c BFF34F8F 		dsb														
 971              	
 972              	@ 0 "" 2
 973              		.thumb
 974              		.syntax unified
 975 0020 FA60     		str	r2, [r7, #12]
 976 0022 BB60     		str	r3, [r7, #8]
 212:System/FreeRTOS/portable/GCC/ARM_CM4F/portmacro.h **** 	(
 213:System/FreeRTOS/portable/GCC/ARM_CM4F/portmacro.h **** 		"	mrs %0, basepri											\n" \
 214:System/FreeRTOS/portable/GCC/ARM_CM4F/portmacro.h **** 		"	mov %1, %2												\n"	\
 215:System/FreeRTOS/portable/GCC/ARM_CM4F/portmacro.h **** 		"	msr basepri, %1											\n" \
 216:System/FreeRTOS/portable/GCC/ARM_CM4F/portmacro.h **** 		"	isb														\n" \
 217:System/FreeRTOS/portable/GCC/ARM_CM4F/portmacro.h **** 		"	dsb														\n" \
 218:System/FreeRTOS/portable/GCC/ARM_CM4F/portmacro.h **** 		:"=r" (ulOriginalBASEPRI), "=r" (ulNewBASEPRI) : "i" ( configMAX_SYSCALL_INTERRUPT_PRIORITY ) : "
 219:System/FreeRTOS/portable/GCC/ARM_CM4F/portmacro.h **** 	);
 220:System/FreeRTOS/portable/GCC/ARM_CM4F/portmacro.h **** 
 221:System/FreeRTOS/portable/GCC/ARM_CM4F/portmacro.h **** 	/* This return will not be reached but is necessary to prevent compiler
 222:System/FreeRTOS/portable/GCC/ARM_CM4F/portmacro.h **** 	warnings. */
 223:System/FreeRTOS/portable/GCC/ARM_CM4F/portmacro.h **** 	return ulOriginalBASEPRI;
 977              		.loc 2 223 9
 978 0024 FB68     		ldr	r3, [r7, #12]
 979              	.LBE61:
 980              	.LBE60:
 507:System/FreeRTOS/event_groups.c **** EventBits_t uxReturn;
 508:System/FreeRTOS/event_groups.c **** 
ARM GAS  C:\Users\HUAV\AppData\Local\Temp\ccRECmfh.s 			page 31


 509:System/FreeRTOS/event_groups.c **** 	uxSavedInterruptStatus = portSET_INTERRUPT_MASK_FROM_ISR();
 981              		.loc 1 509 27
 982 0026 BB61     		str	r3, [r7, #24]
 510:System/FreeRTOS/event_groups.c **** 	{
 511:System/FreeRTOS/event_groups.c **** 		uxReturn = pxEventBits->uxEventBits;
 983              		.loc 1 511 12
 984 0028 FB69     		ldr	r3, [r7, #28]
 985 002a 1B68     		ldr	r3, [r3]
 986 002c 7B61     		str	r3, [r7, #20]
 987 002e BB69     		ldr	r3, [r7, #24]
 988 0030 3B61     		str	r3, [r7, #16]
 989              	.LBB62:
 990              	.LBB63:
 224:System/FreeRTOS/portable/GCC/ARM_CM4F/portmacro.h **** }
 225:System/FreeRTOS/portable/GCC/ARM_CM4F/portmacro.h **** /*-----------------------------------------------------------*/
 226:System/FreeRTOS/portable/GCC/ARM_CM4F/portmacro.h **** 
 227:System/FreeRTOS/portable/GCC/ARM_CM4F/portmacro.h **** portFORCE_INLINE static void vPortSetBASEPRI( uint32_t ulNewMaskValue )
 228:System/FreeRTOS/portable/GCC/ARM_CM4F/portmacro.h **** {
 229:System/FreeRTOS/portable/GCC/ARM_CM4F/portmacro.h **** 	__asm volatile
 991              		.loc 2 229 2
 992 0032 3B69     		ldr	r3, [r7, #16]
 993              		.syntax unified
 994              	@ 229 "System/FreeRTOS/portable/GCC/ARM_CM4F/portmacro.h" 1
 995 0034 83F31188 			msr basepri, r3	
 996              	@ 0 "" 2
 230:System/FreeRTOS/portable/GCC/ARM_CM4F/portmacro.h **** 	(
 231:System/FreeRTOS/portable/GCC/ARM_CM4F/portmacro.h **** 		"	msr basepri, %0	" :: "r" ( ulNewMaskValue ) : "memory"
 232:System/FreeRTOS/portable/GCC/ARM_CM4F/portmacro.h **** 	);
 233:System/FreeRTOS/portable/GCC/ARM_CM4F/portmacro.h **** }
 997              		.loc 2 233 1
 998              		.thumb
 999              		.syntax unified
 1000 0038 00BF     		nop
 1001              	.LBE63:
 1002              	.LBE62:
 512:System/FreeRTOS/event_groups.c **** 	}
 513:System/FreeRTOS/event_groups.c **** 	portCLEAR_INTERRUPT_MASK_FROM_ISR( uxSavedInterruptStatus );
 514:System/FreeRTOS/event_groups.c **** 
 515:System/FreeRTOS/event_groups.c **** 	return uxReturn;
 1003              		.loc 1 515 9
 1004 003a 7B69     		ldr	r3, [r7, #20]
 516:System/FreeRTOS/event_groups.c **** } /*lint !e818 EventGroupHandle_t is a typedef used in other functions to so can't be pointer to co
 1005              		.loc 1 516 1
 1006 003c 1846     		mov	r0, r3
 1007 003e 2437     		adds	r7, r7, #36
 1008              	.LCFI28:
 1009              		.cfi_def_cfa_offset 4
 1010 0040 BD46     		mov	sp, r7
 1011              	.LCFI29:
 1012              		.cfi_def_cfa_register 13
 1013              		@ sp needed
 1014 0042 5DF8047B 		ldr	r7, [sp], #4
 1015              	.LCFI30:
 1016              		.cfi_restore 7
 1017              		.cfi_def_cfa_offset 0
 1018 0046 7047     		bx	lr
 1019              		.cfi_endproc
ARM GAS  C:\Users\HUAV\AppData\Local\Temp\ccRECmfh.s 			page 32


 1020              	.LFE10:
 1022              		.section	.text.xEventGroupSetBits,"ax",%progbits
 1023              		.align	1
 1024              		.global	xEventGroupSetBits
 1025              		.syntax unified
 1026              		.thumb
 1027              		.thumb_func
 1029              	xEventGroupSetBits:
 1030              	.LFB11:
 517:System/FreeRTOS/event_groups.c **** /*-----------------------------------------------------------*/
 518:System/FreeRTOS/event_groups.c **** 
 519:System/FreeRTOS/event_groups.c **** EventBits_t xEventGroupSetBits( EventGroupHandle_t xEventGroup, const EventBits_t uxBitsToSet )
 520:System/FreeRTOS/event_groups.c **** {
 1031              		.loc 1 520 1
 1032              		.cfi_startproc
 1033              		@ args = 0, pretend = 0, frame = 56
 1034              		@ frame_needed = 1, uses_anonymous_args = 0
 1035 0000 80B5     		push	{r7, lr}
 1036              	.LCFI31:
 1037              		.cfi_def_cfa_offset 8
 1038              		.cfi_offset 7, -8
 1039              		.cfi_offset 14, -4
 1040 0002 8EB0     		sub	sp, sp, #56
 1041              	.LCFI32:
 1042              		.cfi_def_cfa_offset 64
 1043 0004 00AF     		add	r7, sp, #0
 1044              	.LCFI33:
 1045              		.cfi_def_cfa_register 7
 1046 0006 7860     		str	r0, [r7, #4]
 1047 0008 3960     		str	r1, [r7]
 521:System/FreeRTOS/event_groups.c **** ListItem_t *pxListItem, *pxNext;
 522:System/FreeRTOS/event_groups.c **** ListItem_t const *pxListEnd;
 523:System/FreeRTOS/event_groups.c **** List_t const * pxList;
 524:System/FreeRTOS/event_groups.c **** EventBits_t uxBitsToClear = 0, uxBitsWaitedFor, uxControlBits;
 1048              		.loc 1 524 13
 1049 000a 0023     		movs	r3, #0
 1050 000c 3B63     		str	r3, [r7, #48]
 525:System/FreeRTOS/event_groups.c **** EventGroup_t *pxEventBits = xEventGroup;
 1051              		.loc 1 525 15
 1052 000e 7B68     		ldr	r3, [r7, #4]
 1053 0010 BB62     		str	r3, [r7, #40]
 526:System/FreeRTOS/event_groups.c **** BaseType_t xMatchFound = pdFALSE;
 1054              		.loc 1 526 12
 1055 0012 0023     		movs	r3, #0
 1056 0014 FB62     		str	r3, [r7, #44]
 527:System/FreeRTOS/event_groups.c **** 
 528:System/FreeRTOS/event_groups.c **** 	/* Check the user is not attempting to set the bits used by the kernel
 529:System/FreeRTOS/event_groups.c **** 	itself. */
 530:System/FreeRTOS/event_groups.c **** 	configASSERT( xEventGroup );
 1057              		.loc 1 530 2
 1058 0016 7B68     		ldr	r3, [r7, #4]
 1059 0018 002B     		cmp	r3, #0
 1060 001a 0AD1     		bne	.L65
 1061              	.LBB64:
 1062              	.LBB65:
 195:System/FreeRTOS/portable/GCC/ARM_CM4F/portmacro.h **** 	(
 1063              		.loc 2 195 2
ARM GAS  C:\Users\HUAV\AppData\Local\Temp\ccRECmfh.s 			page 33


 1064              		.syntax unified
 1065              	@ 195 "System/FreeRTOS/portable/GCC/ARM_CM4F/portmacro.h" 1
 1066 001c 4FF05003 			mov r3, #80												
 1067 0020 83F31188 		msr basepri, r3											
 1068 0024 BFF36F8F 		isb														
 1069 0028 BFF34F8F 		dsb														
 1070              	
 1071              	@ 0 "" 2
 1072              		.thumb
 1073              		.syntax unified
 1074 002c 3B61     		str	r3, [r7, #16]
 203:System/FreeRTOS/portable/GCC/ARM_CM4F/portmacro.h **** 
 1075              		.loc 2 203 1
 1076 002e 00BF     		nop
 1077              	.L66:
 1078              	.LBE65:
 1079              	.LBE64:
 1080              		.loc 1 530 2 discriminator 1
 1081 0030 FEE7     		b	.L66
 1082              	.L65:
 531:System/FreeRTOS/event_groups.c **** 	configASSERT( ( uxBitsToSet & eventEVENT_BITS_CONTROL_BYTES ) == 0 );
 1083              		.loc 1 531 2
 1084 0032 3B68     		ldr	r3, [r7]
 1085 0034 03F07F43 		and	r3, r3, #-16777216
 1086 0038 002B     		cmp	r3, #0
 1087 003a 0AD0     		beq	.L67
 1088              	.LBB66:
 1089              	.LBB67:
 195:System/FreeRTOS/portable/GCC/ARM_CM4F/portmacro.h **** 	(
 1090              		.loc 2 195 2
 1091              		.syntax unified
 1092              	@ 195 "System/FreeRTOS/portable/GCC/ARM_CM4F/portmacro.h" 1
 1093 003c 4FF05003 			mov r3, #80												
 1094 0040 83F31188 		msr basepri, r3											
 1095 0044 BFF36F8F 		isb														
 1096 0048 BFF34F8F 		dsb														
 1097              	
 1098              	@ 0 "" 2
 1099              		.thumb
 1100              		.syntax unified
 1101 004c FB60     		str	r3, [r7, #12]
 203:System/FreeRTOS/portable/GCC/ARM_CM4F/portmacro.h **** 
 1102              		.loc 2 203 1
 1103 004e 00BF     		nop
 1104              	.L68:
 1105              	.LBE67:
 1106              	.LBE66:
 1107              		.loc 1 531 2 discriminator 2
 1108 0050 FEE7     		b	.L68
 1109              	.L67:
 532:System/FreeRTOS/event_groups.c **** 
 533:System/FreeRTOS/event_groups.c **** 	pxList = &( pxEventBits->xTasksWaitingForBits );
 1110              		.loc 1 533 9
 1111 0052 BB6A     		ldr	r3, [r7, #40]
 1112 0054 0433     		adds	r3, r3, #4
 1113 0056 7B62     		str	r3, [r7, #36]
 534:System/FreeRTOS/event_groups.c **** 	pxListEnd = listGET_END_MARKER( pxList ); /*lint !e826 !e740 !e9087 The mini list structure is use
ARM GAS  C:\Users\HUAV\AppData\Local\Temp\ccRECmfh.s 			page 34


 1114              		.loc 1 534 12
 1115 0058 7B6A     		ldr	r3, [r7, #36]
 1116 005a 0833     		adds	r3, r3, #8
 1117 005c 3B62     		str	r3, [r7, #32]
 535:System/FreeRTOS/event_groups.c **** 	vTaskSuspendAll();
 1118              		.loc 1 535 2
 1119 005e FFF7FEFF 		bl	vTaskSuspendAll
 536:System/FreeRTOS/event_groups.c **** 	{
 537:System/FreeRTOS/event_groups.c **** 		traceEVENT_GROUP_SET_BITS( xEventGroup, uxBitsToSet );
 538:System/FreeRTOS/event_groups.c **** 
 539:System/FreeRTOS/event_groups.c **** 		pxListItem = listGET_HEAD_ENTRY( pxList );
 1120              		.loc 1 539 14
 1121 0062 7B6A     		ldr	r3, [r7, #36]
 1122 0064 DB68     		ldr	r3, [r3, #12]
 1123 0066 7B63     		str	r3, [r7, #52]
 540:System/FreeRTOS/event_groups.c **** 
 541:System/FreeRTOS/event_groups.c **** 		/* Set the bits. */
 542:System/FreeRTOS/event_groups.c **** 		pxEventBits->uxEventBits |= uxBitsToSet;
 1124              		.loc 1 542 28
 1125 0068 BB6A     		ldr	r3, [r7, #40]
 1126 006a 1A68     		ldr	r2, [r3]
 1127 006c 3B68     		ldr	r3, [r7]
 1128 006e 1A43     		orrs	r2, r2, r3
 1129 0070 BB6A     		ldr	r3, [r7, #40]
 1130 0072 1A60     		str	r2, [r3]
 543:System/FreeRTOS/event_groups.c **** 
 544:System/FreeRTOS/event_groups.c **** 		/* See if the new bit value should unblock any tasks. */
 545:System/FreeRTOS/event_groups.c **** 		while( pxListItem != pxListEnd )
 1131              		.loc 1 545 8
 1132 0074 3CE0     		b	.L69
 1133              	.L74:
 546:System/FreeRTOS/event_groups.c **** 		{
 547:System/FreeRTOS/event_groups.c **** 			pxNext = listGET_NEXT( pxListItem );
 1134              		.loc 1 547 11
 1135 0076 7B6B     		ldr	r3, [r7, #52]
 1136 0078 5B68     		ldr	r3, [r3, #4]
 1137 007a FB61     		str	r3, [r7, #28]
 548:System/FreeRTOS/event_groups.c **** 			uxBitsWaitedFor = listGET_LIST_ITEM_VALUE( pxListItem );
 1138              		.loc 1 548 20
 1139 007c 7B6B     		ldr	r3, [r7, #52]
 1140 007e 1B68     		ldr	r3, [r3]
 1141 0080 BB61     		str	r3, [r7, #24]
 549:System/FreeRTOS/event_groups.c **** 			xMatchFound = pdFALSE;
 1142              		.loc 1 549 16
 1143 0082 0023     		movs	r3, #0
 1144 0084 FB62     		str	r3, [r7, #44]
 550:System/FreeRTOS/event_groups.c **** 
 551:System/FreeRTOS/event_groups.c **** 			/* Split the bits waited for from the control bits. */
 552:System/FreeRTOS/event_groups.c **** 			uxControlBits = uxBitsWaitedFor & eventEVENT_BITS_CONTROL_BYTES;
 1145              		.loc 1 552 18
 1146 0086 BB69     		ldr	r3, [r7, #24]
 1147 0088 03F07F43 		and	r3, r3, #-16777216
 1148 008c 7B61     		str	r3, [r7, #20]
 553:System/FreeRTOS/event_groups.c **** 			uxBitsWaitedFor &= ~eventEVENT_BITS_CONTROL_BYTES;
 1149              		.loc 1 553 20
 1150 008e BB69     		ldr	r3, [r7, #24]
 1151 0090 23F07F43 		bic	r3, r3, #-16777216
ARM GAS  C:\Users\HUAV\AppData\Local\Temp\ccRECmfh.s 			page 35


 1152 0094 BB61     		str	r3, [r7, #24]
 554:System/FreeRTOS/event_groups.c **** 
 555:System/FreeRTOS/event_groups.c **** 			if( ( uxControlBits & eventWAIT_FOR_ALL_BITS ) == ( EventBits_t ) 0 )
 1153              		.loc 1 555 24
 1154 0096 7B69     		ldr	r3, [r7, #20]
 1155 0098 03F08063 		and	r3, r3, #67108864
 1156              		.loc 1 555 6
 1157 009c 002B     		cmp	r3, #0
 1158 009e 08D1     		bne	.L70
 556:System/FreeRTOS/event_groups.c **** 			{
 557:System/FreeRTOS/event_groups.c **** 				/* Just looking for single bit being set. */
 558:System/FreeRTOS/event_groups.c **** 				if( ( uxBitsWaitedFor & pxEventBits->uxEventBits ) != ( EventBits_t ) 0 )
 1159              		.loc 1 558 40
 1160 00a0 BB6A     		ldr	r3, [r7, #40]
 1161 00a2 1A68     		ldr	r2, [r3]
 1162              		.loc 1 558 27
 1163 00a4 BB69     		ldr	r3, [r7, #24]
 1164 00a6 1340     		ands	r3, r3, r2
 1165              		.loc 1 558 7
 1166 00a8 002B     		cmp	r3, #0
 1167 00aa 0BD0     		beq	.L71
 559:System/FreeRTOS/event_groups.c **** 				{
 560:System/FreeRTOS/event_groups.c **** 					xMatchFound = pdTRUE;
 1168              		.loc 1 560 18
 1169 00ac 0123     		movs	r3, #1
 1170 00ae FB62     		str	r3, [r7, #44]
 1171 00b0 08E0     		b	.L71
 1172              	.L70:
 561:System/FreeRTOS/event_groups.c **** 				}
 562:System/FreeRTOS/event_groups.c **** 				else
 563:System/FreeRTOS/event_groups.c **** 				{
 564:System/FreeRTOS/event_groups.c **** 					mtCOVERAGE_TEST_MARKER();
 565:System/FreeRTOS/event_groups.c **** 				}
 566:System/FreeRTOS/event_groups.c **** 			}
 567:System/FreeRTOS/event_groups.c **** 			else if( ( uxBitsWaitedFor & pxEventBits->uxEventBits ) == uxBitsWaitedFor )
 1173              		.loc 1 567 44
 1174 00b2 BB6A     		ldr	r3, [r7, #40]
 1175 00b4 1A68     		ldr	r2, [r3]
 1176              		.loc 1 567 31
 1177 00b6 BB69     		ldr	r3, [r7, #24]
 1178 00b8 1340     		ands	r3, r3, r2
 1179              		.loc 1 567 11
 1180 00ba BA69     		ldr	r2, [r7, #24]
 1181 00bc 9A42     		cmp	r2, r3
 1182 00be 01D1     		bne	.L71
 568:System/FreeRTOS/event_groups.c **** 			{
 569:System/FreeRTOS/event_groups.c **** 				/* All bits are set. */
 570:System/FreeRTOS/event_groups.c **** 				xMatchFound = pdTRUE;
 1183              		.loc 1 570 17
 1184 00c0 0123     		movs	r3, #1
 1185 00c2 FB62     		str	r3, [r7, #44]
 1186              	.L71:
 571:System/FreeRTOS/event_groups.c **** 			}
 572:System/FreeRTOS/event_groups.c **** 			else
 573:System/FreeRTOS/event_groups.c **** 			{
 574:System/FreeRTOS/event_groups.c **** 				/* Need all bits to be set, but not all the bits were set. */
 575:System/FreeRTOS/event_groups.c **** 			}
ARM GAS  C:\Users\HUAV\AppData\Local\Temp\ccRECmfh.s 			page 36


 576:System/FreeRTOS/event_groups.c **** 
 577:System/FreeRTOS/event_groups.c **** 			if( xMatchFound != pdFALSE )
 1187              		.loc 1 577 6
 1188 00c4 FB6A     		ldr	r3, [r7, #44]
 1189 00c6 002B     		cmp	r3, #0
 1190 00c8 10D0     		beq	.L72
 578:System/FreeRTOS/event_groups.c **** 			{
 579:System/FreeRTOS/event_groups.c **** 				/* The bits match.  Should the bits be cleared on exit? */
 580:System/FreeRTOS/event_groups.c **** 				if( ( uxControlBits & eventCLEAR_EVENTS_ON_EXIT_BIT ) != ( EventBits_t ) 0 )
 1191              		.loc 1 580 25
 1192 00ca 7B69     		ldr	r3, [r7, #20]
 1193 00cc 03F08073 		and	r3, r3, #16777216
 1194              		.loc 1 580 7
 1195 00d0 002B     		cmp	r3, #0
 1196 00d2 03D0     		beq	.L73
 581:System/FreeRTOS/event_groups.c **** 				{
 582:System/FreeRTOS/event_groups.c **** 					uxBitsToClear |= uxBitsWaitedFor;
 1197              		.loc 1 582 20
 1198 00d4 3A6B     		ldr	r2, [r7, #48]
 1199 00d6 BB69     		ldr	r3, [r7, #24]
 1200 00d8 1343     		orrs	r3, r3, r2
 1201 00da 3B63     		str	r3, [r7, #48]
 1202              	.L73:
 583:System/FreeRTOS/event_groups.c **** 				}
 584:System/FreeRTOS/event_groups.c **** 				else
 585:System/FreeRTOS/event_groups.c **** 				{
 586:System/FreeRTOS/event_groups.c **** 					mtCOVERAGE_TEST_MARKER();
 587:System/FreeRTOS/event_groups.c **** 				}
 588:System/FreeRTOS/event_groups.c **** 
 589:System/FreeRTOS/event_groups.c **** 				/* Store the actual event flag value in the task's event list
 590:System/FreeRTOS/event_groups.c **** 				item before removing the task from the event list.  The
 591:System/FreeRTOS/event_groups.c **** 				eventUNBLOCKED_DUE_TO_BIT_SET bit is set so the task knows
 592:System/FreeRTOS/event_groups.c **** 				that is was unblocked due to its required bits matching, rather
 593:System/FreeRTOS/event_groups.c **** 				than because it timed out. */
 594:System/FreeRTOS/event_groups.c **** 				vTaskRemoveFromUnorderedEventList( pxListItem, pxEventBits->uxEventBits | eventUNBLOCKED_DUE_TO
 1203              		.loc 1 594 63
 1204 00dc BB6A     		ldr	r3, [r7, #40]
 1205 00de 1B68     		ldr	r3, [r3]
 1206              		.loc 1 594 5
 1207 00e0 43F00073 		orr	r3, r3, #33554432
 1208 00e4 1946     		mov	r1, r3
 1209 00e6 786B     		ldr	r0, [r7, #52]
 1210 00e8 FFF7FEFF 		bl	vTaskRemoveFromUnorderedEventList
 1211              	.L72:
 595:System/FreeRTOS/event_groups.c **** 			}
 596:System/FreeRTOS/event_groups.c **** 
 597:System/FreeRTOS/event_groups.c **** 			/* Move onto the next list item.  Note pxListItem->pxNext is not
 598:System/FreeRTOS/event_groups.c **** 			used here as the list item may have been removed from the event list
 599:System/FreeRTOS/event_groups.c **** 			and inserted into the ready/pending reading list. */
 600:System/FreeRTOS/event_groups.c **** 			pxListItem = pxNext;
 1212              		.loc 1 600 15
 1213 00ec FB69     		ldr	r3, [r7, #28]
 1214 00ee 7B63     		str	r3, [r7, #52]
 1215              	.L69:
 545:System/FreeRTOS/event_groups.c **** 		{
 1216              		.loc 1 545 8
 1217 00f0 7A6B     		ldr	r2, [r7, #52]
ARM GAS  C:\Users\HUAV\AppData\Local\Temp\ccRECmfh.s 			page 37


 1218 00f2 3B6A     		ldr	r3, [r7, #32]
 1219 00f4 9A42     		cmp	r2, r3
 1220 00f6 BED1     		bne	.L74
 601:System/FreeRTOS/event_groups.c **** 		}
 602:System/FreeRTOS/event_groups.c **** 
 603:System/FreeRTOS/event_groups.c **** 		/* Clear any bits that matched when the eventCLEAR_EVENTS_ON_EXIT_BIT
 604:System/FreeRTOS/event_groups.c **** 		bit was set in the control word. */
 605:System/FreeRTOS/event_groups.c **** 		pxEventBits->uxEventBits &= ~uxBitsToClear;
 1221              		.loc 1 605 28
 1222 00f8 BB6A     		ldr	r3, [r7, #40]
 1223 00fa 1A68     		ldr	r2, [r3]
 1224              		.loc 1 605 31
 1225 00fc 3B6B     		ldr	r3, [r7, #48]
 1226 00fe DB43     		mvns	r3, r3
 1227              		.loc 1 605 28
 1228 0100 1A40     		ands	r2, r2, r3
 1229 0102 BB6A     		ldr	r3, [r7, #40]
 1230 0104 1A60     		str	r2, [r3]
 606:System/FreeRTOS/event_groups.c **** 	}
 607:System/FreeRTOS/event_groups.c **** 	( void ) xTaskResumeAll();
 1231              		.loc 1 607 11
 1232 0106 FFF7FEFF 		bl	xTaskResumeAll
 608:System/FreeRTOS/event_groups.c **** 
 609:System/FreeRTOS/event_groups.c **** 	return pxEventBits->uxEventBits;
 1233              		.loc 1 609 20
 1234 010a BB6A     		ldr	r3, [r7, #40]
 1235 010c 1B68     		ldr	r3, [r3]
 610:System/FreeRTOS/event_groups.c **** }
 1236              		.loc 1 610 1
 1237 010e 1846     		mov	r0, r3
 1238 0110 3837     		adds	r7, r7, #56
 1239              	.LCFI34:
 1240              		.cfi_def_cfa_offset 8
 1241 0112 BD46     		mov	sp, r7
 1242              	.LCFI35:
 1243              		.cfi_def_cfa_register 13
 1244              		@ sp needed
 1245 0114 80BD     		pop	{r7, pc}
 1246              		.cfi_endproc
 1247              	.LFE11:
 1249              		.section	.text.vEventGroupDelete,"ax",%progbits
 1250              		.align	1
 1251              		.global	vEventGroupDelete
 1252              		.syntax unified
 1253              		.thumb
 1254              		.thumb_func
 1256              	vEventGroupDelete:
 1257              	.LFB12:
 611:System/FreeRTOS/event_groups.c **** /*-----------------------------------------------------------*/
 612:System/FreeRTOS/event_groups.c **** 
 613:System/FreeRTOS/event_groups.c **** void vEventGroupDelete( EventGroupHandle_t xEventGroup )
 614:System/FreeRTOS/event_groups.c **** {
 1258              		.loc 1 614 1
 1259              		.cfi_startproc
 1260              		@ args = 0, pretend = 0, frame = 24
 1261              		@ frame_needed = 1, uses_anonymous_args = 0
 1262 0000 80B5     		push	{r7, lr}
ARM GAS  C:\Users\HUAV\AppData\Local\Temp\ccRECmfh.s 			page 38


 1263              	.LCFI36:
 1264              		.cfi_def_cfa_offset 8
 1265              		.cfi_offset 7, -8
 1266              		.cfi_offset 14, -4
 1267 0002 86B0     		sub	sp, sp, #24
 1268              	.LCFI37:
 1269              		.cfi_def_cfa_offset 32
 1270 0004 00AF     		add	r7, sp, #0
 1271              	.LCFI38:
 1272              		.cfi_def_cfa_register 7
 1273 0006 7860     		str	r0, [r7, #4]
 615:System/FreeRTOS/event_groups.c **** EventGroup_t *pxEventBits = xEventGroup;
 1274              		.loc 1 615 15
 1275 0008 7B68     		ldr	r3, [r7, #4]
 1276 000a 7B61     		str	r3, [r7, #20]
 616:System/FreeRTOS/event_groups.c **** const List_t *pxTasksWaitingForBits = &( pxEventBits->xTasksWaitingForBits );
 1277              		.loc 1 616 15
 1278 000c 7B69     		ldr	r3, [r7, #20]
 1279 000e 0433     		adds	r3, r3, #4
 1280 0010 3B61     		str	r3, [r7, #16]
 617:System/FreeRTOS/event_groups.c **** 
 618:System/FreeRTOS/event_groups.c **** 	vTaskSuspendAll();
 1281              		.loc 1 618 2
 1282 0012 FFF7FEFF 		bl	vTaskSuspendAll
 619:System/FreeRTOS/event_groups.c **** 	{
 620:System/FreeRTOS/event_groups.c **** 		traceEVENT_GROUP_DELETE( xEventGroup );
 621:System/FreeRTOS/event_groups.c **** 
 622:System/FreeRTOS/event_groups.c **** 		while( listCURRENT_LIST_LENGTH( pxTasksWaitingForBits ) > ( UBaseType_t ) 0 )
 1283              		.loc 1 622 8
 1284 0016 17E0     		b	.L77
 1285              	.L80:
 623:System/FreeRTOS/event_groups.c **** 		{
 624:System/FreeRTOS/event_groups.c **** 			/* Unblock the task, returning 0 as the event list is being deleted
 625:System/FreeRTOS/event_groups.c **** 			and cannot therefore have any bits set. */
 626:System/FreeRTOS/event_groups.c **** 			configASSERT( pxTasksWaitingForBits->xListEnd.pxNext != ( const ListItem_t * ) &( pxTasksWaiting
 1286              		.loc 1 626 4
 1287 0018 3B69     		ldr	r3, [r7, #16]
 1288 001a DA68     		ldr	r2, [r3, #12]
 1289 001c 3B69     		ldr	r3, [r7, #16]
 1290 001e 0833     		adds	r3, r3, #8
 1291 0020 9A42     		cmp	r2, r3
 1292 0022 0AD1     		bne	.L78
 1293              	.LBB68:
 1294              	.LBB69:
 195:System/FreeRTOS/portable/GCC/ARM_CM4F/portmacro.h **** 	(
 1295              		.loc 2 195 2
 1296              		.syntax unified
 1297              	@ 195 "System/FreeRTOS/portable/GCC/ARM_CM4F/portmacro.h" 1
 1298 0024 4FF05003 			mov r3, #80												
 1299 0028 83F31188 		msr basepri, r3											
 1300 002c BFF36F8F 		isb														
 1301 0030 BFF34F8F 		dsb														
 1302              	
 1303              	@ 0 "" 2
 1304              		.thumb
 1305              		.syntax unified
 1306 0034 FB60     		str	r3, [r7, #12]
ARM GAS  C:\Users\HUAV\AppData\Local\Temp\ccRECmfh.s 			page 39


 203:System/FreeRTOS/portable/GCC/ARM_CM4F/portmacro.h **** 
 1307              		.loc 2 203 1
 1308 0036 00BF     		nop
 1309              	.L79:
 1310              	.LBE69:
 1311              	.LBE68:
 1312              		.loc 1 626 4 discriminator 1
 1313 0038 FEE7     		b	.L79
 1314              	.L78:
 627:System/FreeRTOS/event_groups.c **** 			vTaskRemoveFromUnorderedEventList( pxTasksWaitingForBits->xListEnd.pxNext, eventUNBLOCKED_DUE_TO
 1315              		.loc 1 627 70
 1316 003a 3B69     		ldr	r3, [r7, #16]
 1317 003c DB68     		ldr	r3, [r3, #12]
 1318              		.loc 1 627 4
 1319 003e 4FF00071 		mov	r1, #33554432
 1320 0042 1846     		mov	r0, r3
 1321 0044 FFF7FEFF 		bl	vTaskRemoveFromUnorderedEventList
 1322              	.L77:
 622:System/FreeRTOS/event_groups.c **** 		{
 1323              		.loc 1 622 10
 1324 0048 3B69     		ldr	r3, [r7, #16]
 1325 004a 1B68     		ldr	r3, [r3]
 622:System/FreeRTOS/event_groups.c **** 		{
 1326              		.loc 1 622 8
 1327 004c 002B     		cmp	r3, #0
 1328 004e E3D1     		bne	.L80
 628:System/FreeRTOS/event_groups.c **** 		}
 629:System/FreeRTOS/event_groups.c **** 
 630:System/FreeRTOS/event_groups.c **** 		#if( ( configSUPPORT_DYNAMIC_ALLOCATION == 1 ) && ( configSUPPORT_STATIC_ALLOCATION == 0 ) )
 631:System/FreeRTOS/event_groups.c **** 		{
 632:System/FreeRTOS/event_groups.c **** 			/* The event group can only have been allocated dynamically - free
 633:System/FreeRTOS/event_groups.c **** 			it again. */
 634:System/FreeRTOS/event_groups.c **** 			vPortFree( pxEventBits );
 635:System/FreeRTOS/event_groups.c **** 		}
 636:System/FreeRTOS/event_groups.c **** 		#elif( ( configSUPPORT_DYNAMIC_ALLOCATION == 1 ) && ( configSUPPORT_STATIC_ALLOCATION == 1 ) )
 637:System/FreeRTOS/event_groups.c **** 		{
 638:System/FreeRTOS/event_groups.c **** 			/* The event group could have been allocated statically or
 639:System/FreeRTOS/event_groups.c **** 			dynamically, so check before attempting to free the memory. */
 640:System/FreeRTOS/event_groups.c **** 			if( pxEventBits->ucStaticallyAllocated == ( uint8_t ) pdFALSE )
 1329              		.loc 1 640 19
 1330 0050 7B69     		ldr	r3, [r7, #20]
 1331 0052 1B7F     		ldrb	r3, [r3, #28]	@ zero_extendqisi2
 1332              		.loc 1 640 6
 1333 0054 002B     		cmp	r3, #0
 1334 0056 02D1     		bne	.L81
 641:System/FreeRTOS/event_groups.c **** 			{
 642:System/FreeRTOS/event_groups.c **** 				vPortFree( pxEventBits );
 1335              		.loc 1 642 5
 1336 0058 7869     		ldr	r0, [r7, #20]
 1337 005a FFF7FEFF 		bl	vPortFree
 1338              	.L81:
 643:System/FreeRTOS/event_groups.c **** 			}
 644:System/FreeRTOS/event_groups.c **** 			else
 645:System/FreeRTOS/event_groups.c **** 			{
 646:System/FreeRTOS/event_groups.c **** 				mtCOVERAGE_TEST_MARKER();
 647:System/FreeRTOS/event_groups.c **** 			}
 648:System/FreeRTOS/event_groups.c **** 		}
ARM GAS  C:\Users\HUAV\AppData\Local\Temp\ccRECmfh.s 			page 40


 649:System/FreeRTOS/event_groups.c **** 		#endif /* configSUPPORT_DYNAMIC_ALLOCATION */
 650:System/FreeRTOS/event_groups.c **** 	}
 651:System/FreeRTOS/event_groups.c **** 	( void ) xTaskResumeAll();
 1339              		.loc 1 651 11
 1340 005e FFF7FEFF 		bl	xTaskResumeAll
 652:System/FreeRTOS/event_groups.c **** }
 1341              		.loc 1 652 1
 1342 0062 00BF     		nop
 1343 0064 1837     		adds	r7, r7, #24
 1344              	.LCFI39:
 1345              		.cfi_def_cfa_offset 8
 1346 0066 BD46     		mov	sp, r7
 1347              	.LCFI40:
 1348              		.cfi_def_cfa_register 13
 1349              		@ sp needed
 1350 0068 80BD     		pop	{r7, pc}
 1351              		.cfi_endproc
 1352              	.LFE12:
 1354              		.section	.text.vEventGroupSetBitsCallback,"ax",%progbits
 1355              		.align	1
 1356              		.global	vEventGroupSetBitsCallback
 1357              		.syntax unified
 1358              		.thumb
 1359              		.thumb_func
 1361              	vEventGroupSetBitsCallback:
 1362              	.LFB13:
 653:System/FreeRTOS/event_groups.c **** /*-----------------------------------------------------------*/
 654:System/FreeRTOS/event_groups.c **** 
 655:System/FreeRTOS/event_groups.c **** /* For internal use only - execute a 'set bits' command that was pended from
 656:System/FreeRTOS/event_groups.c **** an interrupt. */
 657:System/FreeRTOS/event_groups.c **** void vEventGroupSetBitsCallback( void *pvEventGroup, const uint32_t ulBitsToSet )
 658:System/FreeRTOS/event_groups.c **** {
 1363              		.loc 1 658 1
 1364              		.cfi_startproc
 1365              		@ args = 0, pretend = 0, frame = 8
 1366              		@ frame_needed = 1, uses_anonymous_args = 0
 1367 0000 80B5     		push	{r7, lr}
 1368              	.LCFI41:
 1369              		.cfi_def_cfa_offset 8
 1370              		.cfi_offset 7, -8
 1371              		.cfi_offset 14, -4
 1372 0002 82B0     		sub	sp, sp, #8
 1373              	.LCFI42:
 1374              		.cfi_def_cfa_offset 16
 1375 0004 00AF     		add	r7, sp, #0
 1376              	.LCFI43:
 1377              		.cfi_def_cfa_register 7
 1378 0006 7860     		str	r0, [r7, #4]
 1379 0008 3960     		str	r1, [r7]
 659:System/FreeRTOS/event_groups.c **** 	( void ) xEventGroupSetBits( pvEventGroup, ( EventBits_t ) ulBitsToSet ); /*lint !e9079 Can't avoi
 1380              		.loc 1 659 11
 1381 000a 3968     		ldr	r1, [r7]
 1382 000c 7868     		ldr	r0, [r7, #4]
 1383 000e FFF7FEFF 		bl	xEventGroupSetBits
 660:System/FreeRTOS/event_groups.c **** }
 1384              		.loc 1 660 1
 1385 0012 00BF     		nop
ARM GAS  C:\Users\HUAV\AppData\Local\Temp\ccRECmfh.s 			page 41


 1386 0014 0837     		adds	r7, r7, #8
 1387              	.LCFI44:
 1388              		.cfi_def_cfa_offset 8
 1389 0016 BD46     		mov	sp, r7
 1390              	.LCFI45:
 1391              		.cfi_def_cfa_register 13
 1392              		@ sp needed
 1393 0018 80BD     		pop	{r7, pc}
 1394              		.cfi_endproc
 1395              	.LFE13:
 1397              		.section	.text.vEventGroupClearBitsCallback,"ax",%progbits
 1398              		.align	1
 1399              		.global	vEventGroupClearBitsCallback
 1400              		.syntax unified
 1401              		.thumb
 1402              		.thumb_func
 1404              	vEventGroupClearBitsCallback:
 1405              	.LFB14:
 661:System/FreeRTOS/event_groups.c **** /*-----------------------------------------------------------*/
 662:System/FreeRTOS/event_groups.c **** 
 663:System/FreeRTOS/event_groups.c **** /* For internal use only - execute a 'clear bits' command that was pended from
 664:System/FreeRTOS/event_groups.c **** an interrupt. */
 665:System/FreeRTOS/event_groups.c **** void vEventGroupClearBitsCallback( void *pvEventGroup, const uint32_t ulBitsToClear )
 666:System/FreeRTOS/event_groups.c **** {
 1406              		.loc 1 666 1
 1407              		.cfi_startproc
 1408              		@ args = 0, pretend = 0, frame = 8
 1409              		@ frame_needed = 1, uses_anonymous_args = 0
 1410 0000 80B5     		push	{r7, lr}
 1411              	.LCFI46:
 1412              		.cfi_def_cfa_offset 8
 1413              		.cfi_offset 7, -8
 1414              		.cfi_offset 14, -4
 1415 0002 82B0     		sub	sp, sp, #8
 1416              	.LCFI47:
 1417              		.cfi_def_cfa_offset 16
 1418 0004 00AF     		add	r7, sp, #0
 1419              	.LCFI48:
 1420              		.cfi_def_cfa_register 7
 1421 0006 7860     		str	r0, [r7, #4]
 1422 0008 3960     		str	r1, [r7]
 667:System/FreeRTOS/event_groups.c **** 	( void ) xEventGroupClearBits( pvEventGroup, ( EventBits_t ) ulBitsToClear ); /*lint !e9079 Can't 
 1423              		.loc 1 667 11
 1424 000a 3968     		ldr	r1, [r7]
 1425 000c 7868     		ldr	r0, [r7, #4]
 1426 000e FFF7FEFF 		bl	xEventGroupClearBits
 668:System/FreeRTOS/event_groups.c **** }
 1427              		.loc 1 668 1
 1428 0012 00BF     		nop
 1429 0014 0837     		adds	r7, r7, #8
 1430              	.LCFI49:
 1431              		.cfi_def_cfa_offset 8
 1432 0016 BD46     		mov	sp, r7
 1433              	.LCFI50:
 1434              		.cfi_def_cfa_register 13
 1435              		@ sp needed
 1436 0018 80BD     		pop	{r7, pc}
ARM GAS  C:\Users\HUAV\AppData\Local\Temp\ccRECmfh.s 			page 42


 1437              		.cfi_endproc
 1438              	.LFE14:
 1440              		.section	.text.prvTestWaitCondition,"ax",%progbits
 1441              		.align	1
 1442              		.syntax unified
 1443              		.thumb
 1444              		.thumb_func
 1446              	prvTestWaitCondition:
 1447              	.LFB15:
 669:System/FreeRTOS/event_groups.c **** /*-----------------------------------------------------------*/
 670:System/FreeRTOS/event_groups.c **** 
 671:System/FreeRTOS/event_groups.c **** static BaseType_t prvTestWaitCondition( const EventBits_t uxCurrentEventBits, const EventBits_t uxB
 672:System/FreeRTOS/event_groups.c **** {
 1448              		.loc 1 672 1
 1449              		.cfi_startproc
 1450              		@ args = 0, pretend = 0, frame = 24
 1451              		@ frame_needed = 1, uses_anonymous_args = 0
 1452              		@ link register save eliminated.
 1453 0000 80B4     		push	{r7}
 1454              	.LCFI51:
 1455              		.cfi_def_cfa_offset 4
 1456              		.cfi_offset 7, -4
 1457 0002 87B0     		sub	sp, sp, #28
 1458              	.LCFI52:
 1459              		.cfi_def_cfa_offset 32
 1460 0004 00AF     		add	r7, sp, #0
 1461              	.LCFI53:
 1462              		.cfi_def_cfa_register 7
 1463 0006 F860     		str	r0, [r7, #12]
 1464 0008 B960     		str	r1, [r7, #8]
 1465 000a 7A60     		str	r2, [r7, #4]
 673:System/FreeRTOS/event_groups.c **** BaseType_t xWaitConditionMet = pdFALSE;
 1466              		.loc 1 673 12
 1467 000c 0023     		movs	r3, #0
 1468 000e 7B61     		str	r3, [r7, #20]
 674:System/FreeRTOS/event_groups.c **** 
 675:System/FreeRTOS/event_groups.c **** 	if( xWaitForAllBits == pdFALSE )
 1469              		.loc 1 675 4
 1470 0010 7B68     		ldr	r3, [r7, #4]
 1471 0012 002B     		cmp	r3, #0
 1472 0014 07D1     		bne	.L85
 676:System/FreeRTOS/event_groups.c **** 	{
 677:System/FreeRTOS/event_groups.c **** 		/* Task only has to wait for one bit within uxBitsToWaitFor to be
 678:System/FreeRTOS/event_groups.c **** 		set.  Is one already set? */
 679:System/FreeRTOS/event_groups.c **** 		if( ( uxCurrentEventBits & uxBitsToWaitFor ) != ( EventBits_t ) 0 )
 1473              		.loc 1 679 28
 1474 0016 FA68     		ldr	r2, [r7, #12]
 1475 0018 BB68     		ldr	r3, [r7, #8]
 1476 001a 1340     		ands	r3, r3, r2
 1477              		.loc 1 679 5
 1478 001c 002B     		cmp	r3, #0
 1479 001e 0AD0     		beq	.L86
 680:System/FreeRTOS/event_groups.c **** 		{
 681:System/FreeRTOS/event_groups.c **** 			xWaitConditionMet = pdTRUE;
 1480              		.loc 1 681 22
 1481 0020 0123     		movs	r3, #1
 1482 0022 7B61     		str	r3, [r7, #20]
ARM GAS  C:\Users\HUAV\AppData\Local\Temp\ccRECmfh.s 			page 43


 1483 0024 07E0     		b	.L86
 1484              	.L85:
 682:System/FreeRTOS/event_groups.c **** 		}
 683:System/FreeRTOS/event_groups.c **** 		else
 684:System/FreeRTOS/event_groups.c **** 		{
 685:System/FreeRTOS/event_groups.c **** 			mtCOVERAGE_TEST_MARKER();
 686:System/FreeRTOS/event_groups.c **** 		}
 687:System/FreeRTOS/event_groups.c **** 	}
 688:System/FreeRTOS/event_groups.c **** 	else
 689:System/FreeRTOS/event_groups.c **** 	{
 690:System/FreeRTOS/event_groups.c **** 		/* Task has to wait for all the bits in uxBitsToWaitFor to be set.
 691:System/FreeRTOS/event_groups.c **** 		Are they set already? */
 692:System/FreeRTOS/event_groups.c **** 		if( ( uxCurrentEventBits & uxBitsToWaitFor ) == uxBitsToWaitFor )
 1485              		.loc 1 692 28
 1486 0026 FA68     		ldr	r2, [r7, #12]
 1487 0028 BB68     		ldr	r3, [r7, #8]
 1488 002a 1340     		ands	r3, r3, r2
 1489              		.loc 1 692 5
 1490 002c BA68     		ldr	r2, [r7, #8]
 1491 002e 9A42     		cmp	r2, r3
 1492 0030 01D1     		bne	.L86
 693:System/FreeRTOS/event_groups.c **** 		{
 694:System/FreeRTOS/event_groups.c **** 			xWaitConditionMet = pdTRUE;
 1493              		.loc 1 694 22
 1494 0032 0123     		movs	r3, #1
 1495 0034 7B61     		str	r3, [r7, #20]
 1496              	.L86:
 695:System/FreeRTOS/event_groups.c **** 		}
 696:System/FreeRTOS/event_groups.c **** 		else
 697:System/FreeRTOS/event_groups.c **** 		{
 698:System/FreeRTOS/event_groups.c **** 			mtCOVERAGE_TEST_MARKER();
 699:System/FreeRTOS/event_groups.c **** 		}
 700:System/FreeRTOS/event_groups.c **** 	}
 701:System/FreeRTOS/event_groups.c **** 
 702:System/FreeRTOS/event_groups.c **** 	return xWaitConditionMet;
 1497              		.loc 1 702 9
 1498 0036 7B69     		ldr	r3, [r7, #20]
 703:System/FreeRTOS/event_groups.c **** }
 1499              		.loc 1 703 1
 1500 0038 1846     		mov	r0, r3
 1501 003a 1C37     		adds	r7, r7, #28
 1502              	.LCFI54:
 1503              		.cfi_def_cfa_offset 4
 1504 003c BD46     		mov	sp, r7
 1505              	.LCFI55:
 1506              		.cfi_def_cfa_register 13
 1507              		@ sp needed
 1508 003e 5DF8047B 		ldr	r7, [sp], #4
 1509              	.LCFI56:
 1510              		.cfi_restore 7
 1511              		.cfi_def_cfa_offset 0
 1512 0042 7047     		bx	lr
 1513              		.cfi_endproc
 1514              	.LFE15:
 1516              		.section	.text.uxEventGroupGetNumber,"ax",%progbits
 1517              		.align	1
 1518              		.global	uxEventGroupGetNumber
ARM GAS  C:\Users\HUAV\AppData\Local\Temp\ccRECmfh.s 			page 44


 1519              		.syntax unified
 1520              		.thumb
 1521              		.thumb_func
 1523              	uxEventGroupGetNumber:
 1524              	.LFB16:
 704:System/FreeRTOS/event_groups.c **** /*-----------------------------------------------------------*/
 705:System/FreeRTOS/event_groups.c **** 
 706:System/FreeRTOS/event_groups.c **** #if ( ( configUSE_TRACE_FACILITY == 1 ) && ( INCLUDE_xTimerPendFunctionCall == 1 ) && ( configUSE_T
 707:System/FreeRTOS/event_groups.c **** 
 708:System/FreeRTOS/event_groups.c **** 	BaseType_t xEventGroupSetBitsFromISR( EventGroupHandle_t xEventGroup, const EventBits_t uxBitsToSe
 709:System/FreeRTOS/event_groups.c **** 	{
 710:System/FreeRTOS/event_groups.c **** 	BaseType_t xReturn;
 711:System/FreeRTOS/event_groups.c **** 
 712:System/FreeRTOS/event_groups.c **** 		traceEVENT_GROUP_SET_BITS_FROM_ISR( xEventGroup, uxBitsToSet );
 713:System/FreeRTOS/event_groups.c **** 		xReturn = xTimerPendFunctionCallFromISR( vEventGroupSetBitsCallback, ( void * ) xEventGroup, ( ui
 714:System/FreeRTOS/event_groups.c **** 
 715:System/FreeRTOS/event_groups.c **** 		return xReturn;
 716:System/FreeRTOS/event_groups.c **** 	}
 717:System/FreeRTOS/event_groups.c **** 
 718:System/FreeRTOS/event_groups.c **** #endif
 719:System/FreeRTOS/event_groups.c **** /*-----------------------------------------------------------*/
 720:System/FreeRTOS/event_groups.c **** 
 721:System/FreeRTOS/event_groups.c **** #if (configUSE_TRACE_FACILITY == 1)
 722:System/FreeRTOS/event_groups.c **** 
 723:System/FreeRTOS/event_groups.c **** 	UBaseType_t uxEventGroupGetNumber( void* xEventGroup )
 724:System/FreeRTOS/event_groups.c **** 	{
 1525              		.loc 1 724 2
 1526              		.cfi_startproc
 1527              		@ args = 0, pretend = 0, frame = 16
 1528              		@ frame_needed = 1, uses_anonymous_args = 0
 1529              		@ link register save eliminated.
 1530 0000 80B4     		push	{r7}
 1531              	.LCFI57:
 1532              		.cfi_def_cfa_offset 4
 1533              		.cfi_offset 7, -4
 1534 0002 85B0     		sub	sp, sp, #20
 1535              	.LCFI58:
 1536              		.cfi_def_cfa_offset 24
 1537 0004 00AF     		add	r7, sp, #0
 1538              	.LCFI59:
 1539              		.cfi_def_cfa_register 7
 1540 0006 7860     		str	r0, [r7, #4]
 725:System/FreeRTOS/event_groups.c **** 	UBaseType_t xReturn;
 726:System/FreeRTOS/event_groups.c **** 	EventGroup_t const *pxEventBits = ( EventGroup_t * ) xEventGroup; /*lint !e9087 !e9079 EventGroupH
 1541              		.loc 1 726 22
 1542 0008 7B68     		ldr	r3, [r7, #4]
 1543 000a BB60     		str	r3, [r7, #8]
 727:System/FreeRTOS/event_groups.c **** 
 728:System/FreeRTOS/event_groups.c **** 		if( xEventGroup == NULL )
 1544              		.loc 1 728 5
 1545 000c 7B68     		ldr	r3, [r7, #4]
 1546 000e 002B     		cmp	r3, #0
 1547 0010 02D1     		bne	.L89
 729:System/FreeRTOS/event_groups.c **** 		{
 730:System/FreeRTOS/event_groups.c **** 			xReturn = 0;
 1548              		.loc 1 730 12
 1549 0012 0023     		movs	r3, #0
ARM GAS  C:\Users\HUAV\AppData\Local\Temp\ccRECmfh.s 			page 45


 1550 0014 FB60     		str	r3, [r7, #12]
 1551 0016 02E0     		b	.L90
 1552              	.L89:
 731:System/FreeRTOS/event_groups.c **** 		}
 732:System/FreeRTOS/event_groups.c **** 		else
 733:System/FreeRTOS/event_groups.c **** 		{
 734:System/FreeRTOS/event_groups.c **** 			xReturn = pxEventBits->uxEventGroupNumber;
 1553              		.loc 1 734 12
 1554 0018 BB68     		ldr	r3, [r7, #8]
 1555 001a 9B69     		ldr	r3, [r3, #24]
 1556 001c FB60     		str	r3, [r7, #12]
 1557              	.L90:
 735:System/FreeRTOS/event_groups.c **** 		}
 736:System/FreeRTOS/event_groups.c **** 
 737:System/FreeRTOS/event_groups.c **** 		return xReturn;
 1558              		.loc 1 737 10
 1559 001e FB68     		ldr	r3, [r7, #12]
 738:System/FreeRTOS/event_groups.c **** 	}
 1560              		.loc 1 738 2
 1561 0020 1846     		mov	r0, r3
 1562 0022 1437     		adds	r7, r7, #20
 1563              	.LCFI60:
 1564              		.cfi_def_cfa_offset 4
 1565 0024 BD46     		mov	sp, r7
 1566              	.LCFI61:
 1567              		.cfi_def_cfa_register 13
 1568              		@ sp needed
 1569 0026 5DF8047B 		ldr	r7, [sp], #4
 1570              	.LCFI62:
 1571              		.cfi_restore 7
 1572              		.cfi_def_cfa_offset 0
 1573 002a 7047     		bx	lr
 1574              		.cfi_endproc
 1575              	.LFE16:
 1577              		.section	.text.vEventGroupSetNumber,"ax",%progbits
 1578              		.align	1
 1579              		.global	vEventGroupSetNumber
 1580              		.syntax unified
 1581              		.thumb
 1582              		.thumb_func
 1584              	vEventGroupSetNumber:
 1585              	.LFB17:
 739:System/FreeRTOS/event_groups.c **** 
 740:System/FreeRTOS/event_groups.c **** #endif /* configUSE_TRACE_FACILITY */
 741:System/FreeRTOS/event_groups.c **** /*-----------------------------------------------------------*/
 742:System/FreeRTOS/event_groups.c **** 
 743:System/FreeRTOS/event_groups.c **** #if ( configUSE_TRACE_FACILITY == 1 )
 744:System/FreeRTOS/event_groups.c **** 
 745:System/FreeRTOS/event_groups.c **** 	void vEventGroupSetNumber( void * xEventGroup, UBaseType_t uxEventGroupNumber )
 746:System/FreeRTOS/event_groups.c **** 	{
 1586              		.loc 1 746 2
 1587              		.cfi_startproc
 1588              		@ args = 0, pretend = 0, frame = 8
 1589              		@ frame_needed = 1, uses_anonymous_args = 0
 1590              		@ link register save eliminated.
 1591 0000 80B4     		push	{r7}
 1592              	.LCFI63:
ARM GAS  C:\Users\HUAV\AppData\Local\Temp\ccRECmfh.s 			page 46


 1593              		.cfi_def_cfa_offset 4
 1594              		.cfi_offset 7, -4
 1595 0002 83B0     		sub	sp, sp, #12
 1596              	.LCFI64:
 1597              		.cfi_def_cfa_offset 16
 1598 0004 00AF     		add	r7, sp, #0
 1599              	.LCFI65:
 1600              		.cfi_def_cfa_register 7
 1601 0006 7860     		str	r0, [r7, #4]
 1602 0008 3960     		str	r1, [r7]
 747:System/FreeRTOS/event_groups.c **** 		( ( EventGroup_t * ) xEventGroup )->uxEventGroupNumber = uxEventGroupNumber; /*lint !e9087 !e9079
 1603              		.loc 1 747 58
 1604 000a 7B68     		ldr	r3, [r7, #4]
 1605 000c 3A68     		ldr	r2, [r7]
 1606 000e 9A61     		str	r2, [r3, #24]
 748:System/FreeRTOS/event_groups.c **** 	}
 1607              		.loc 1 748 2
 1608 0010 00BF     		nop
 1609 0012 0C37     		adds	r7, r7, #12
 1610              	.LCFI66:
 1611              		.cfi_def_cfa_offset 4
 1612 0014 BD46     		mov	sp, r7
 1613              	.LCFI67:
 1614              		.cfi_def_cfa_register 13
 1615              		@ sp needed
 1616 0016 5DF8047B 		ldr	r7, [sp], #4
 1617              	.LCFI68:
 1618              		.cfi_restore 7
 1619              		.cfi_def_cfa_offset 0
 1620 001a 7047     		bx	lr
 1621              		.cfi_endproc
 1622              	.LFE17:
 1624              		.text
 1625              	.Letext0:
 1626              		.file 3 "d:\\hpm-compile-tool\\gcc-arm-none-eabi-10.3-win\\lib\\gcc\\arm-none-eabi\\10.3.1\\includ
 1627              		.file 4 "d:\\hpm-compile-tool\\gcc-arm-none-eabi-10.3-win\\arm-none-eabi\\include\\machine\\_defau
 1628              		.file 5 "d:\\hpm-compile-tool\\gcc-arm-none-eabi-10.3-win\\arm-none-eabi\\include\\sys\\_stdint.h"
 1629              		.file 6 "System/FreeRTOS/include/FreeRTOS.h"
 1630              		.file 7 "System/FreeRTOS/include/list.h"
 1631              		.file 8 "System/FreeRTOS/include/event_groups.h"
ARM GAS  C:\Users\HUAV\AppData\Local\Temp\ccRECmfh.s 			page 47


DEFINED SYMBOLS
                            *ABS*:00000000 event_groups.c
C:\Users\HUAV\AppData\Local\Temp\ccRECmfh.s:19     .text.xEventGroupCreateStatic:00000000 $t
C:\Users\HUAV\AppData\Local\Temp\ccRECmfh.s:25     .text.xEventGroupCreateStatic:00000000 xEventGroupCreateStatic
C:\Users\HUAV\AppData\Local\Temp\ccRECmfh.s:139    .text.xEventGroupCreate:00000000 $t
C:\Users\HUAV\AppData\Local\Temp\ccRECmfh.s:145    .text.xEventGroupCreate:00000000 xEventGroupCreate
C:\Users\HUAV\AppData\Local\Temp\ccRECmfh.s:200    .text.xEventGroupSync:00000000 $t
C:\Users\HUAV\AppData\Local\Temp\ccRECmfh.s:206    .text.xEventGroupSync:00000000 xEventGroupSync
C:\Users\HUAV\AppData\Local\Temp\ccRECmfh.s:1029   .text.xEventGroupSetBits:00000000 xEventGroupSetBits
C:\Users\HUAV\AppData\Local\Temp\ccRECmfh.s:479    .text.xEventGroupSync:00000158 $d
C:\Users\HUAV\AppData\Local\Temp\ccRECmfh.s:484    .text.xEventGroupWaitBits:00000000 $t
C:\Users\HUAV\AppData\Local\Temp\ccRECmfh.s:490    .text.xEventGroupWaitBits:00000000 xEventGroupWaitBits
C:\Users\HUAV\AppData\Local\Temp\ccRECmfh.s:1446   .text.prvTestWaitCondition:00000000 prvTestWaitCondition
C:\Users\HUAV\AppData\Local\Temp\ccRECmfh.s:814    .text.xEventGroupWaitBits:00000198 $d
C:\Users\HUAV\AppData\Local\Temp\ccRECmfh.s:819    .text.xEventGroupClearBits:00000000 $t
C:\Users\HUAV\AppData\Local\Temp\ccRECmfh.s:825    .text.xEventGroupClearBits:00000000 xEventGroupClearBits
C:\Users\HUAV\AppData\Local\Temp\ccRECmfh.s:934    .text.xEventGroupGetBitsFromISR:00000000 $t
C:\Users\HUAV\AppData\Local\Temp\ccRECmfh.s:940    .text.xEventGroupGetBitsFromISR:00000000 xEventGroupGetBitsFromISR
C:\Users\HUAV\AppData\Local\Temp\ccRECmfh.s:1023   .text.xEventGroupSetBits:00000000 $t
C:\Users\HUAV\AppData\Local\Temp\ccRECmfh.s:1250   .text.vEventGroupDelete:00000000 $t
C:\Users\HUAV\AppData\Local\Temp\ccRECmfh.s:1256   .text.vEventGroupDelete:00000000 vEventGroupDelete
C:\Users\HUAV\AppData\Local\Temp\ccRECmfh.s:1355   .text.vEventGroupSetBitsCallback:00000000 $t
C:\Users\HUAV\AppData\Local\Temp\ccRECmfh.s:1361   .text.vEventGroupSetBitsCallback:00000000 vEventGroupSetBitsCallback
C:\Users\HUAV\AppData\Local\Temp\ccRECmfh.s:1398   .text.vEventGroupClearBitsCallback:00000000 $t
C:\Users\HUAV\AppData\Local\Temp\ccRECmfh.s:1404   .text.vEventGroupClearBitsCallback:00000000 vEventGroupClearBitsCallback
C:\Users\HUAV\AppData\Local\Temp\ccRECmfh.s:1441   .text.prvTestWaitCondition:00000000 $t
C:\Users\HUAV\AppData\Local\Temp\ccRECmfh.s:1517   .text.uxEventGroupGetNumber:00000000 $t
C:\Users\HUAV\AppData\Local\Temp\ccRECmfh.s:1523   .text.uxEventGroupGetNumber:00000000 uxEventGroupGetNumber
C:\Users\HUAV\AppData\Local\Temp\ccRECmfh.s:1578   .text.vEventGroupSetNumber:00000000 $t
C:\Users\HUAV\AppData\Local\Temp\ccRECmfh.s:1584   .text.vEventGroupSetNumber:00000000 vEventGroupSetNumber

UNDEFINED SYMBOLS
vListInitialise
pvPortMalloc
xTaskGetSchedulerState
vTaskSuspendAll
vTaskPlaceOnUnorderedEventList
xTaskResumeAll
uxTaskResetEventItemValue
vPortEnterCritical
vPortExitCritical
vTaskRemoveFromUnorderedEventList
vPortFree
