ARM GAS  C:\Users\HUAV\AppData\Local\Temp\ccLd8epe.s 			page 1


   1              		.cpu cortex-m7
   2              		.arch armv7e-m
   3              		.fpu fpv5-d16
   4              		.eabi_attribute 28, 1
   5              		.eabi_attribute 20, 1
   6              		.eabi_attribute 21, 1
   7              		.eabi_attribute 23, 3
   8              		.eabi_attribute 24, 1
   9              		.eabi_attribute 25, 1
  10              		.eabi_attribute 26, 1
  11              		.eabi_attribute 30, 6
  12              		.eabi_attribute 34, 1
  13              		.eabi_attribute 18, 4
  14              		.file	"shell.c"
  15              		.text
  16              	.Ltext0:
  17              		.cfi_sections	.debug_frame
  18              		.global	shellCmdDefaultUser
  19              		.section	.rodata.shellCmdDefaultUser,"a"
  20              		.align	2
  23              	shellCmdDefaultUser:
  24 0000 502E302E 		.ascii	"P.0.Wder Squad\000"
  24      57646572 
  24      20537175 
  24      616400
  25              		.global	shellPasswordDefaultUser
  26              		.section	.rodata.shellPasswordDefaultUser,"a"
  27              		.align	2
  30              	shellPasswordDefaultUser:
  31 0000 00       		.space	1
  32              		.global	shellDesDefaultUser
  33              		.section	.rodata.shellDesDefaultUser,"a"
  34              		.align	2
  37              	shellDesDefaultUser:
  38 0000 64656661 		.ascii	"default user\000"
  38      756C7420 
  38      75736572 
  38      00
  39              		.global	shellUserDefault
  40              		.section	shellCommand,"a"
  41              		.align	2
  44              	shellUserDefault:
  45 0000 00080000 		.word	2048
  46 0004 00000000 		.word	shellCmdDefaultUser
  47 0008 00000000 		.word	shellPasswordDefaultUser
  48 000c 00000000 		.word	shellDesDefaultUser
  49              		.section	.rodata
  50              		.align	2
  51              	.LC0:
  52 0000 0D0A0D0A 		.ascii	"\015\012\015\012/************  BitRtos  ***********"
  52      2F2A2A2A 
  52      2A2A2A2A 
  52      2A2A2A2A 
  52      2A202042 
  53 0027 2A5C720A 		.ascii	"*\\r\012\015\012Team Mate:        8_B!T0\015\012   "
  53      0D0A5465 
  53      616D204D 
ARM GAS  C:\Users\HUAV\AppData\Local\Temp\ccLd8epe.s 			page 2


  53      6174653A 
  53      20202020 
  54 004a 20202020 		.ascii	"               WHY\015\012\015\012Build:           "
  54      20202020 
  54      20202020 
  54      20202057 
  54      48590D0A 
  55 0071 204D6179 		.ascii	" May 15 2025 11:21:16\015\012Shell   Version:  3.0."
  55      20313520 
  55      32303235 
  55      2031313A 
  55      32313A31 
  56 009e 360D0A00 		.ascii	"6\015\012\000"
  57 00a2 0000     		.align	2
  58              	.LC1:
  59 00a4 0D0A5761 		.ascii	"\015\012Warning: Command is too long\015\012\000"
  59      726E696E 
  59      673A2043 
  59      6F6D6D61 
  59      6E642069 
  60 00c5 000000   		.align	2
  61              	.LC2:
  62 00c8 0D0A436F 		.ascii	"\015\012Command List:\015\012\000"
  62      6D6D616E 
  62      64204C69 
  62      73743A0D 
  62      0A00
  63 00da 0000     		.align	2
  64              	.LC3:
  65 00dc 0D0A5661 		.ascii	"\015\012Var List:\015\012\000"
  65      72204C69 
  65      73743A0D 
  65      0A00
  66 00ea 0000     		.align	2
  67              	.LC4:
  68 00ec 0D0A5573 		.ascii	"\015\012User List:\015\012\000"
  68      6572204C 
  68      6973743A 
  68      0D0A00
  69 00fb 00       		.align	2
  70              	.LC5:
  71 00fc 0D0A4B65 		.ascii	"\015\012Key List:\015\012\000"
  71      79204C69 
  71      73743A0D 
  71      0A00
  72 010a 0000     		.align	2
  73              	.LC6:
  74 010c 436F6D6D 		.ascii	"Command not Found\015\012\000"
  74      616E6420 
  74      6E6F7420 
  74      466F756E 
  74      640D0A00 
  75              		.align	2
  76              	.LC7:
  77 0120 63616E27 		.ascii	"can't set pointer\015\012\000"
  77      74207365 
  77      7420706F 
ARM GAS  C:\Users\HUAV\AppData\Local\Temp\ccLd8epe.s 			page 3


  77      696E7465 
  77      720D0A00 
  78              		.align	2
  79              	.LC8:
  80 0134 63616E27 		.ascii	"can't set read only var\015\012\000"
  80      74207365 
  80      74207265 
  80      6164206F 
  80      6E6C7920 
  81 014e 0000     		.align	2
  82              	.LC9:
  83 0150 20697320 		.ascii	" is not a var\015\012\000"
  83      6E6F7420 
  83      61207661 
  83      720D0A00 
  84              		.align	2
  85              	.LC10:
  86 0160 56617220 		.ascii	"Var not Fount\015\012\000"
  86      6E6F7420 
  86      466F756E 
  86      740D0A00 
  87              		.align	2
  88              	.LC11:
  89 0170 636F6D6D 		.ascii	"command help of \000"
  89      616E6420 
  89      68656C70 
  89      206F6620 
  89      00
  90 0181 000000   		.align	2
  91              	.LC12:
  92 0184 0D0A506C 		.ascii	"\015\012Please input password:\000"
  92      65617365 
  92      20696E70 
  92      75742070 
  92      61737377 
  93 019d 000000   		.align	2
  94              	.LC13:
  95 01a0 0D0A7061 		.ascii	"\015\012password error\015\012\000"
  95      7373776F 
  95      72642065 
  95      72726F72 
  95      0D0A00
  96 01b3 00       		.align	2
  97              	.LC14:
  98 01b4 1B5B324A 		.ascii	"\033[2J\033[1H\000"
  98      1B5B3148 
  98      00
  99 01bd 000000   		.align	2
 100              	.LC15:
 101 01c0 1B5B324B 		.ascii	"\033[2K\015\000"
 101      0D00
 102 01c6 0000     		.align	2
 103              	.LC16:
 104 01c8 434D4420 		.ascii	"CMD \015\012\000"
 104      0D0A00
 105 01cf 00       		.align	2
 106              	.LC17:
ARM GAS  C:\Users\HUAV\AppData\Local\Temp\ccLd8epe.s 			page 4


 107 01d0 56415200 		.ascii	"VAR\000"
 108              		.align	2
 109              	.LC18:
 110 01d4 55534552 		.ascii	"USER\000"
 110      00
 111 01d9 000000   		.align	2
 112              	.LC19:
 113 01dc 4B455900 		.ascii	"KEY\000"
 114              		.align	2
 115              	.LC20:
 116 01e0 4E4F4E45 		.ascii	"NONE\000"
 116      00
 117              		.section	.data.shellText,"aw"
 118              		.align	2
 121              	shellText:
 122 0000 00000000 		.word	.LC0
 123 0004 A4000000 		.word	.LC1
 124 0008 C8000000 		.word	.LC2
 125 000c DC000000 		.word	.LC3
 126 0010 EC000000 		.word	.LC4
 127 0014 FC000000 		.word	.LC5
 128 0018 0C010000 		.word	.LC6
 129 001c 20010000 		.word	.LC7
 130 0020 34010000 		.word	.LC8
 131 0024 50010000 		.word	.LC9
 132 0028 60010000 		.word	.LC10
 133 002c 70010000 		.word	.LC11
 134 0030 84010000 		.word	.LC12
 135 0034 A0010000 		.word	.LC13
 136 0038 B4010000 		.word	.LC14
 137 003c C0010000 		.word	.LC15
 138 0040 C8010000 		.word	.LC16
 139 0044 D0010000 		.word	.LC17
 140 0048 D4010000 		.word	.LC18
 141 004c DC010000 		.word	.LC19
 142 0050 E0010000 		.word	.LC20
 143              		.section	.bss.shellList,"aw",%nobits
 144              		.align	2
 147              	shellList:
 148 0000 00000000 		.space	20
 148      00000000 
 148      00000000 
 148      00000000 
 148      00000000 
 149              		.section	.rodata
 150 01e5 000000   		.align	2
 151              	.LC21:
 152 01e8 502E302E 		.ascii	"P.0.Wder Squad\000"
 152      57646572 
 152      20537175 
 152      616400
 153              		.section	.text.shellInit,"ax",%progbits
 154              		.align	1
 155              		.global	shellInit
 156              		.syntax unified
 157              		.thumb
 158              		.thumb_func
ARM GAS  C:\Users\HUAV\AppData\Local\Temp\ccLd8epe.s 			page 5


 160              	shellInit:
 161              	.LFB3:
 162              		.file 1 "System/shell/shell.c"
   1:System/shell/shell.c **** /**
   2:System/shell/shell.c ****  * @file shell.c
   3:System/shell/shell.c ****  * @author Letter (NevermindZZT@gmail.com)
   4:System/shell/shell.c ****  * @version 3.0.0
   5:System/shell/shell.c ****  * @date 2019-12-30
   6:System/shell/shell.c ****  *
   7:System/shell/shell.c ****  * @copyright (c) 2020 Letter
   8:System/shell/shell.c ****  *
   9:System/shell/shell.c ****  */
  10:System/shell/shell.c **** 
  11:System/shell/shell.c **** #include "shell.h"
  12:System/shell/shell.c **** #include "string.h"
  13:System/shell/shell.c **** #include "stdio.h"
  14:System/shell/shell.c **** #include "stdarg.h"
  15:System/shell/shell.c **** #include "shell_ext.h"
  16:System/shell/shell.c **** 
  17:System/shell/shell.c **** #if SHELL_USING_CMD_EXPORT == 1
  18:System/shell/shell.c **** /**
  19:System/shell/shell.c ****  * @brief 默认用户
  20:System/shell/shell.c ****  */
  21:System/shell/shell.c **** const char shellCmdDefaultUser[] = SHELL_DEFAULT_USER;
  22:System/shell/shell.c **** const char shellPasswordDefaultUser[] = SHELL_DEFAULT_USER_PASSWORD;
  23:System/shell/shell.c **** const char shellDesDefaultUser[] = "default user";
  24:System/shell/shell.c **** const ShellCommand shellUserDefault SECTION("shellCommand") =
  25:System/shell/shell.c ****     {
  26:System/shell/shell.c ****         .attr.value = SHELL_CMD_PERMISSION(0) | SHELL_CMD_TYPE(SHELL_TYPE_USER),
  27:System/shell/shell.c ****         .data.user.name = shellCmdDefaultUser,
  28:System/shell/shell.c ****         .data.user.password = shellPasswordDefaultUser,
  29:System/shell/shell.c ****         .data.user.desc = shellDesDefaultUser};
  30:System/shell/shell.c **** #endif
  31:System/shell/shell.c **** 
  32:System/shell/shell.c **** #if SHELL_USING_CMD_EXPORT == 1
  33:System/shell/shell.c **** #if defined(__CC_ARM) || (defined(__ARMCC_VERSION) && __ARMCC_VERSION >= 6000000)
  34:System/shell/shell.c **** extern const unsigned int shellCommand$$Base;
  35:System/shell/shell.c **** extern const unsigned int shellCommand$$Limit;
  36:System/shell/shell.c **** #elif defined(__ICCARM__) || defined(__ICCRX__)
  37:System/shell/shell.c **** #pragma section = "shellCommand"
  38:System/shell/shell.c **** #elif defined(__GNUC__)
  39:System/shell/shell.c **** extern const unsigned int _shell_command_start;
  40:System/shell/shell.c **** extern const unsigned int _shell_command_end;
  41:System/shell/shell.c **** #endif
  42:System/shell/shell.c **** #else
  43:System/shell/shell.c **** extern const ShellCommand shellCommandList[];
  44:System/shell/shell.c **** extern const unsigned short shellCommandCount;
  45:System/shell/shell.c **** #endif
  46:System/shell/shell.c **** 
  47:System/shell/shell.c **** /**
  48:System/shell/shell.c ****  * @brief shell 常量文本索引
  49:System/shell/shell.c ****  */
  50:System/shell/shell.c **** enum
  51:System/shell/shell.c **** {
  52:System/shell/shell.c **** #if SHELL_SHOW_INFO == 1
  53:System/shell/shell.c ****     SHELL_TEXT_INFO, /**< shell信息 */
  54:System/shell/shell.c **** #endif
ARM GAS  C:\Users\HUAV\AppData\Local\Temp\ccLd8epe.s 			page 6


  55:System/shell/shell.c ****     SHELL_TEXT_CMD_TOO_LONG,                /**< 命令过长 */
  56:System/shell/shell.c ****     SHELL_TEXT_CMD_LIST,                    /**< 可执行命令列表标题 */
  57:System/shell/shell.c ****     SHELL_TEXT_VAR_LIST,                    /**< 变量列表标题 */
  58:System/shell/shell.c ****     SHELL_TEXT_USER_LIST,                   /**< 用户列表标题 */
  59:System/shell/shell.c ****     SHELL_TEXT_KEY_LIST,                    /**< 按键列表标题 */
  60:System/shell/shell.c ****     SHELL_TEXT_CMD_NOT_FOUND,               /**< 命令未找到 */
  61:System/shell/shell.c ****     SHELL_TEXT_POINT_CANNOT_MODIFY,         /**< 指针变量不允许修改 */
  62:System/shell/shell.c ****     SHELL_TEXT_VAR_READ_ONLY_CANNOT_MODIFY, /**< 只读变量不允许修改 */
  63:System/shell/shell.c ****     SHELL_TEXT_NOT_VAR,                     /**< 命令不是变量 */
  64:System/shell/shell.c ****     SHELL_TEXT_VAR_NOT_FOUND,               /**< 变量未找到 */
  65:System/shell/shell.c ****     SHELL_TEXT_HELP_HEADER,                 /**< help头 */
  66:System/shell/shell.c ****     SHELL_TEXT_PASSWORD_HINT,               /**< 密码输入提示 */
  67:System/shell/shell.c ****     SHELL_TEXT_PASSWORD_ERROR,              /**< 密码错误 */
  68:System/shell/shell.c ****     SHELL_TEXT_CLEAR_CONSOLE,               /**< 清空控制台 */
  69:System/shell/shell.c ****     SHELL_TEXT_CLEAR_LINE,                  /**< 清空当前行 */
  70:System/shell/shell.c ****     SHELL_TEXT_TYPE_CMD,                    /**< 命令类型 */
  71:System/shell/shell.c ****     SHELL_TEXT_TYPE_VAR,                    /**< 变量类型 */
  72:System/shell/shell.c ****     SHELL_TEXT_TYPE_USER,                   /**< 用户类型 */
  73:System/shell/shell.c ****     SHELL_TEXT_TYPE_KEY,                    /**< 按键类型 */
  74:System/shell/shell.c ****     SHELL_TEXT_TYPE_NONE,                   /**< 非法类型 */
  75:System/shell/shell.c **** #if SHELL_EXEC_UNDEF_FUNC == 1
  76:System/shell/shell.c ****     SHELL_TEXT_PARAM_ERROR, /**< 参数错误 */
  77:System/shell/shell.c **** #endif
  78:System/shell/shell.c **** };
  79:System/shell/shell.c **** 
  80:System/shell/shell.c **** static const char *shellText[] =
  81:System/shell/shell.c ****     {
  82:System/shell/shell.c **** #if SHELL_SHOW_INFO == 1
  83:System/shell/shell.c ****         [SHELL_TEXT_INFO] =
  84:System/shell/shell.c ****             "\r\n\r\n"
  85:System/shell/shell.c ****             "/************  BitRtos  ************\\r\n\r\n"
  86:System/shell/shell.c ****             "Team Mate:        8_B!T0\r\n"
  87:System/shell/shell.c ****             "                  WHY\r\n"
  88:System/shell/shell.c ****             "\r\n"
  89:System/shell/shell.c ****             "Build:            "__DATE__
  90:System/shell/shell.c ****             " "__TIME__
  91:System/shell/shell.c ****             "\r\n"
  92:System/shell/shell.c ****             "Shell   Version:  " SHELL_VERSION "\r\n",
  93:System/shell/shell.c **** #endif
  94:System/shell/shell.c ****         [SHELL_TEXT_CMD_TOO_LONG] =
  95:System/shell/shell.c ****             "\r\nWarning: Command is too long\r\n",
  96:System/shell/shell.c ****         [SHELL_TEXT_CMD_LIST] =
  97:System/shell/shell.c ****             "\r\nCommand List:\r\n",
  98:System/shell/shell.c ****         [SHELL_TEXT_VAR_LIST] =
  99:System/shell/shell.c ****             "\r\nVar List:\r\n",
 100:System/shell/shell.c ****         [SHELL_TEXT_USER_LIST] =
 101:System/shell/shell.c ****             "\r\nUser List:\r\n",
 102:System/shell/shell.c ****         [SHELL_TEXT_KEY_LIST] =
 103:System/shell/shell.c ****             "\r\nKey List:\r\n",
 104:System/shell/shell.c ****         [SHELL_TEXT_CMD_NOT_FOUND] =
 105:System/shell/shell.c ****             "Command not Found\r\n",
 106:System/shell/shell.c ****         [SHELL_TEXT_POINT_CANNOT_MODIFY] =
 107:System/shell/shell.c ****             "can't set pointer\r\n",
 108:System/shell/shell.c ****         [SHELL_TEXT_VAR_READ_ONLY_CANNOT_MODIFY] =
 109:System/shell/shell.c ****             "can't set read only var\r\n",
 110:System/shell/shell.c ****         [SHELL_TEXT_NOT_VAR] =
 111:System/shell/shell.c ****             " is not a var\r\n",
ARM GAS  C:\Users\HUAV\AppData\Local\Temp\ccLd8epe.s 			page 7


 112:System/shell/shell.c ****         [SHELL_TEXT_VAR_NOT_FOUND] =
 113:System/shell/shell.c ****             "Var not Fount\r\n",
 114:System/shell/shell.c ****         [SHELL_TEXT_HELP_HEADER] =
 115:System/shell/shell.c ****             "command help of ",
 116:System/shell/shell.c ****         [SHELL_TEXT_PASSWORD_HINT] =
 117:System/shell/shell.c ****             "\r\nPlease input password:",
 118:System/shell/shell.c ****         [SHELL_TEXT_PASSWORD_ERROR] =
 119:System/shell/shell.c ****             "\r\npassword error\r\n",
 120:System/shell/shell.c ****         [SHELL_TEXT_CLEAR_CONSOLE] =
 121:System/shell/shell.c ****             "\033[2J\033[1H",
 122:System/shell/shell.c ****         [SHELL_TEXT_CLEAR_LINE] =
 123:System/shell/shell.c ****             "\033[2K\r",
 124:System/shell/shell.c ****         [SHELL_TEXT_TYPE_CMD] =
 125:System/shell/shell.c ****             "CMD \r\n",
 126:System/shell/shell.c ****         [SHELL_TEXT_TYPE_VAR] =
 127:System/shell/shell.c ****             "VAR",
 128:System/shell/shell.c ****         [SHELL_TEXT_TYPE_USER] =
 129:System/shell/shell.c ****             "USER",
 130:System/shell/shell.c ****         [SHELL_TEXT_TYPE_KEY] =
 131:System/shell/shell.c ****             "KEY",
 132:System/shell/shell.c ****         [SHELL_TEXT_TYPE_NONE] =
 133:System/shell/shell.c ****             "NONE",
 134:System/shell/shell.c **** #if SHELL_EXEC_UNDEF_FUNC == 1
 135:System/shell/shell.c ****         [SHELL_TEXT_PARAM_ERROR] =
 136:System/shell/shell.c ****             "Parameter error\r\n",
 137:System/shell/shell.c **** #endif
 138:System/shell/shell.c **** };
 139:System/shell/shell.c **** 
 140:System/shell/shell.c **** /**
 141:System/shell/shell.c ****  * @brief shell对象表
 142:System/shell/shell.c ****  */
 143:System/shell/shell.c **** static Shell *shellList[SHELL_MAX_NUMBER] = {NULL};
 144:System/shell/shell.c **** 
 145:System/shell/shell.c **** static void shellAdd(Shell *shell);
 146:System/shell/shell.c **** static void shellWriteCommandLine(Shell *shell, unsigned char newline);
 147:System/shell/shell.c **** static void shellWriteReturnValue(Shell *shell, int value);
 148:System/shell/shell.c **** static int shellShowVar(Shell *shell, ShellCommand *command);
 149:System/shell/shell.c **** static void shellSetUser(Shell *shell, const ShellCommand *user);
 150:System/shell/shell.c **** ShellCommand *shellSeekCommand(Shell *shell,
 151:System/shell/shell.c ****                                const char *cmd,
 152:System/shell/shell.c ****                                ShellCommand *base,
 153:System/shell/shell.c ****                                unsigned short compareLength);
 154:System/shell/shell.c **** 
 155:System/shell/shell.c **** /**
 156:System/shell/shell.c ****  * @brief shell 初始化
 157:System/shell/shell.c ****  *
 158:System/shell/shell.c ****  * @param shell shell对象
 159:System/shell/shell.c ****  */
 160:System/shell/shell.c **** void shellInit(Shell *shell, char *buffer, unsigned short size)
 161:System/shell/shell.c **** {
 163              		.loc 1 161 1
 164              		.cfi_startproc
 165              		@ args = 0, pretend = 0, frame = 24
 166              		@ frame_needed = 1, uses_anonymous_args = 0
 167 0000 80B5     		push	{r7, lr}
 168              	.LCFI0:
 169              		.cfi_def_cfa_offset 8
ARM GAS  C:\Users\HUAV\AppData\Local\Temp\ccLd8epe.s 			page 8


 170              		.cfi_offset 7, -8
 171              		.cfi_offset 14, -4
 172 0002 86B0     		sub	sp, sp, #24
 173              	.LCFI1:
 174              		.cfi_def_cfa_offset 32
 175 0004 00AF     		add	r7, sp, #0
 176              	.LCFI2:
 177              		.cfi_def_cfa_register 7
 178 0006 F860     		str	r0, [r7, #12]
 179 0008 B960     		str	r1, [r7, #8]
 180 000a 1346     		mov	r3, r2
 181 000c FB80     		strh	r3, [r7, #6]	@ movhi
 162:System/shell/shell.c ****     shell->parser.length = 0;
 182              		.loc 1 162 26
 183 000e FB68     		ldr	r3, [r7, #12]
 184 0010 0022     		movs	r2, #0
 185 0012 9A81     		strh	r2, [r3, #12]	@ movhi
 163:System/shell/shell.c ****     shell->parser.cursor = 0;
 186              		.loc 1 163 26
 187 0014 FB68     		ldr	r3, [r7, #12]
 188 0016 0022     		movs	r2, #0
 189 0018 DA81     		strh	r2, [r3, #14]	@ movhi
 164:System/shell/shell.c ****     shell->history.offset = 0;
 190              		.loc 1 164 27
 191 001a FB68     		ldr	r3, [r7, #12]
 192 001c 0022     		movs	r2, #0
 193 001e A3F85420 		strh	r2, [r3, #84]	@ movhi
 165:System/shell/shell.c ****     shell->history.number = 0;
 194              		.loc 1 165 27
 195 0022 FB68     		ldr	r3, [r7, #12]
 196 0024 0022     		movs	r2, #0
 197 0026 A3F85020 		strh	r2, [r3, #80]	@ movhi
 166:System/shell/shell.c ****     shell->history.record = 0;
 198              		.loc 1 166 27
 199 002a FB68     		ldr	r3, [r7, #12]
 200 002c 0022     		movs	r2, #0
 201 002e A3F85220 		strh	r2, [r3, #82]	@ movhi
 167:System/shell/shell.c ****     shell->info.user = NULL;
 202              		.loc 1 167 22
 203 0032 FB68     		ldr	r3, [r7, #12]
 204 0034 0022     		movs	r2, #0
 205 0036 1A60     		str	r2, [r3]
 168:System/shell/shell.c ****     shell->status.isChecked = 1;
 206              		.loc 1 168 29
 207 0038 FA68     		ldr	r2, [r7, #12]
 208 003a 92F86030 		ldrb	r3, [r2, #96]
 209 003e 43F00103 		orr	r3, r3, #1
 210 0042 82F86030 		strb	r3, [r2, #96]
 169:System/shell/shell.c **** 
 170:System/shell/shell.c ****     shell->parser.buffer = buffer;
 211              		.loc 1 170 26
 212 0046 FB68     		ldr	r3, [r7, #12]
 213 0048 BA68     		ldr	r2, [r7, #8]
 214 004a 1A61     		str	r2, [r3, #16]
 171:System/shell/shell.c ****     shell->parser.bufferSize = size / (SHELL_HISTORY_MAX_NUMBER + 1);
 215              		.loc 1 171 30
 216 004c FB88     		ldrh	r3, [r7, #6]
ARM GAS  C:\Users\HUAV\AppData\Local\Temp\ccLd8epe.s 			page 9


 217 004e 244A     		ldr	r2, .L4
 218 0050 A2FB0323 		umull	r2, r3, r2, r3
 219 0054 9B08     		lsrs	r3, r3, #2
 220 0056 9AB2     		uxth	r2, r3
 221 0058 FB68     		ldr	r3, [r7, #12]
 222 005a 9A86     		strh	r2, [r3, #52]	@ movhi
 223              	.LBB2:
 172:System/shell/shell.c ****     for (short i = 0; i < SHELL_HISTORY_MAX_NUMBER; i++)
 224              		.loc 1 172 16
 225 005c 0023     		movs	r3, #0
 226 005e FB82     		strh	r3, [r7, #22]	@ movhi
 227              		.loc 1 172 5
 228 0060 17E0     		b	.L2
 229              	.L3:
 173:System/shell/shell.c ****     {
 174:System/shell/shell.c ****         shell->history.item[i] = buffer + shell->parser.bufferSize * (i + 1);
 230              		.loc 1 174 56 discriminator 3
 231 0062 FB68     		ldr	r3, [r7, #12]
 232 0064 9B8E     		ldrh	r3, [r3, #52]
 233 0066 1A46     		mov	r2, r3
 234              		.loc 1 174 73 discriminator 3
 235 0068 B7F91630 		ldrsh	r3, [r7, #22]
 236 006c 0133     		adds	r3, r3, #1
 237              		.loc 1 174 68 discriminator 3
 238 006e 02FB03F3 		mul	r3, r2, r3
 239 0072 1946     		mov	r1, r3
 240              		.loc 1 174 28 discriminator 3
 241 0074 B7F91630 		ldrsh	r3, [r7, #22]
 242              		.loc 1 174 41 discriminator 3
 243 0078 BA68     		ldr	r2, [r7, #8]
 244 007a 0A44     		add	r2, r2, r1
 245              		.loc 1 174 32 discriminator 3
 246 007c F968     		ldr	r1, [r7, #12]
 247 007e 0E33     		adds	r3, r3, #14
 248 0080 9B00     		lsls	r3, r3, #2
 249 0082 0B44     		add	r3, r3, r1
 250 0084 5A60     		str	r2, [r3, #4]
 172:System/shell/shell.c ****     for (short i = 0; i < SHELL_HISTORY_MAX_NUMBER; i++)
 251              		.loc 1 172 54 discriminator 3
 252 0086 B7F91630 		ldrsh	r3, [r7, #22]
 253 008a 9BB2     		uxth	r3, r3
 254 008c 0133     		adds	r3, r3, #1
 255 008e 9BB2     		uxth	r3, r3
 256 0090 FB82     		strh	r3, [r7, #22]	@ movhi
 257              	.L2:
 172:System/shell/shell.c ****     for (short i = 0; i < SHELL_HISTORY_MAX_NUMBER; i++)
 258              		.loc 1 172 5 discriminator 1
 259 0092 B7F91630 		ldrsh	r3, [r7, #22]
 260 0096 042B     		cmp	r3, #4
 261 0098 E3DD     		ble	.L3
 262              	.LBE2:
 175:System/shell/shell.c ****     }
 176:System/shell/shell.c **** 
 177:System/shell/shell.c **** #if SHELL_USING_CMD_EXPORT == 1
 178:System/shell/shell.c **** #if defined(__CC_ARM) || (defined(__ARMCC_VERSION) && __ARMCC_VERSION >= 6000000)
 179:System/shell/shell.c ****     shell->commandList.base = (ShellCommand *)(&shellCommand$$Base);
 180:System/shell/shell.c ****     shell->commandList.count = ((unsigned int)(&shellCommand$$Limit) - (unsigned int)(&shellCommand
ARM GAS  C:\Users\HUAV\AppData\Local\Temp\ccLd8epe.s 			page 10


 181:System/shell/shell.c **** 
 182:System/shell/shell.c **** #elif defined(__ICCARM__) || defined(__ICCRX__)
 183:System/shell/shell.c ****     shell->commandList.base = (ShellCommand *)(__section_begin("shellCommand"));
 184:System/shell/shell.c ****     shell->commandList.count = ((unsigned int)(__section_end("shellCommand")) - (unsigned int)(__se
 185:System/shell/shell.c **** #elif defined(__GNUC__)
 186:System/shell/shell.c ****     shell->commandList.base = (ShellCommand *)(&_shell_command_start);
 263              		.loc 1 186 29
 264 009a FB68     		ldr	r3, [r7, #12]
 265 009c 114A     		ldr	r2, .L4+4
 266 009e 9A65     		str	r2, [r3, #88]
 187:System/shell/shell.c ****     shell->commandList.count = ((unsigned int)(&_shell_command_end) - (unsigned int)(&_shell_comman
 267              		.loc 1 187 33
 268 00a0 114A     		ldr	r2, .L4+8
 269              		.loc 1 187 71
 270 00a2 104B     		ldr	r3, .L4+4
 271              		.loc 1 187 69
 272 00a4 D31A     		subs	r3, r2, r3
 273              		.loc 1 187 110
 274 00a6 1B09     		lsrs	r3, r3, #4
 275              		.loc 1 187 30
 276 00a8 9AB2     		uxth	r2, r3
 277 00aa FB68     		ldr	r3, [r7, #12]
 278 00ac A3F85C20 		strh	r2, [r3, #92]	@ movhi
 188:System/shell/shell.c **** #else
 189:System/shell/shell.c **** #error not supported compiler, please use command table mode
 190:System/shell/shell.c **** #endif
 191:System/shell/shell.c **** #else
 192:System/shell/shell.c ****     shell->commandList.base = (ShellCommand *)shellCommandList;
 193:System/shell/shell.c ****     shell->commandList.count = shellCommandCount;
 194:System/shell/shell.c **** #endif
 195:System/shell/shell.c **** 
 196:System/shell/shell.c ****     shellAdd(shell);
 279              		.loc 1 196 5
 280 00b0 F868     		ldr	r0, [r7, #12]
 281 00b2 FFF7FEFF 		bl	shellAdd
 197:System/shell/shell.c **** 
 198:System/shell/shell.c ****     shellSetUser(shell, shellSeekCommand(shell,
 199:System/shell/shell.c ****                                          SHELL_DEFAULT_USER,
 200:System/shell/shell.c ****                                          shell->commandList.base,
 282              		.loc 1 200 60
 283 00b6 FB68     		ldr	r3, [r7, #12]
 284 00b8 9A6D     		ldr	r2, [r3, #88]
 198:System/shell/shell.c ****                                          SHELL_DEFAULT_USER,
 285              		.loc 1 198 25
 286 00ba 0023     		movs	r3, #0
 287 00bc 0B49     		ldr	r1, .L4+12
 288 00be F868     		ldr	r0, [r7, #12]
 289 00c0 FFF7FEFF 		bl	shellSeekCommand
 290 00c4 0346     		mov	r3, r0
 198:System/shell/shell.c ****                                          SHELL_DEFAULT_USER,
 291              		.loc 1 198 5
 292 00c6 1946     		mov	r1, r3
 293 00c8 F868     		ldr	r0, [r7, #12]
 294 00ca FFF7FEFF 		bl	shellSetUser
 201:System/shell/shell.c ****                                          0));
 202:System/shell/shell.c ****     shellWriteCommandLine(shell, 1);
 295              		.loc 1 202 5
ARM GAS  C:\Users\HUAV\AppData\Local\Temp\ccLd8epe.s 			page 11


 296 00ce 0121     		movs	r1, #1
 297 00d0 F868     		ldr	r0, [r7, #12]
 298 00d2 FFF7FEFF 		bl	shellWriteCommandLine
 203:System/shell/shell.c **** }
 299              		.loc 1 203 1
 300 00d6 00BF     		nop
 301 00d8 1837     		adds	r7, r7, #24
 302              	.LCFI3:
 303              		.cfi_def_cfa_offset 8
 304 00da BD46     		mov	sp, r7
 305              	.LCFI4:
 306              		.cfi_def_cfa_register 13
 307              		@ sp needed
 308 00dc 80BD     		pop	{r7, pc}
 309              	.L5:
 310 00de 00BF     		.align	2
 311              	.L4:
 312 00e0 ABAAAAAA 		.word	-1431655765
 313 00e4 00000000 		.word	_shell_command_start
 314 00e8 00000000 		.word	_shell_command_end
 315 00ec E8010000 		.word	.LC21
 316              		.cfi_endproc
 317              	.LFE3:
 319              		.section	.text.shellAdd,"ax",%progbits
 320              		.align	1
 321              		.syntax unified
 322              		.thumb
 323              		.thumb_func
 325              	shellAdd:
 326              	.LFB4:
 204:System/shell/shell.c **** 
 205:System/shell/shell.c **** /**
 206:System/shell/shell.c ****  * @brief 添加shell
 207:System/shell/shell.c ****  *
 208:System/shell/shell.c ****  * @param shell shell对象
 209:System/shell/shell.c ****  */
 210:System/shell/shell.c **** static void shellAdd(Shell *shell)
 211:System/shell/shell.c **** {
 327              		.loc 1 211 1
 328              		.cfi_startproc
 329              		@ args = 0, pretend = 0, frame = 16
 330              		@ frame_needed = 1, uses_anonymous_args = 0
 331              		@ link register save eliminated.
 332 0000 80B4     		push	{r7}
 333              	.LCFI5:
 334              		.cfi_def_cfa_offset 4
 335              		.cfi_offset 7, -4
 336 0002 85B0     		sub	sp, sp, #20
 337              	.LCFI6:
 338              		.cfi_def_cfa_offset 24
 339 0004 00AF     		add	r7, sp, #0
 340              	.LCFI7:
 341              		.cfi_def_cfa_register 7
 342 0006 7860     		str	r0, [r7, #4]
 343              	.LBB3:
 212:System/shell/shell.c ****     for (short i = 0; i < SHELL_MAX_NUMBER; i++)
 344              		.loc 1 212 16
ARM GAS  C:\Users\HUAV\AppData\Local\Temp\ccLd8epe.s 			page 12


 345 0008 0023     		movs	r3, #0
 346 000a FB81     		strh	r3, [r7, #14]	@ movhi
 347              		.loc 1 212 5
 348 000c 13E0     		b	.L7
 349              	.L10:
 213:System/shell/shell.c ****     {
 214:System/shell/shell.c ****         if (shellList[i] == NULL)
 350              		.loc 1 214 22
 351 000e B7F90E30 		ldrsh	r3, [r7, #14]
 352 0012 0D4A     		ldr	r2, .L11
 353 0014 52F82330 		ldr	r3, [r2, r3, lsl #2]
 354              		.loc 1 214 12
 355 0018 002B     		cmp	r3, #0
 356 001a 06D1     		bne	.L8
 215:System/shell/shell.c ****         {
 216:System/shell/shell.c ****             shellList[i] = shell;
 357              		.loc 1 216 22
 358 001c B7F90E30 		ldrsh	r3, [r7, #14]
 359              		.loc 1 216 26
 360 0020 0949     		ldr	r1, .L11
 361 0022 7A68     		ldr	r2, [r7, #4]
 362 0024 41F82320 		str	r2, [r1, r3, lsl #2]
 217:System/shell/shell.c ****             return;
 363              		.loc 1 217 13
 364 0028 09E0     		b	.L6
 365              	.L8:
 212:System/shell/shell.c ****     {
 366              		.loc 1 212 46 discriminator 2
 367 002a B7F90E30 		ldrsh	r3, [r7, #14]
 368 002e 9BB2     		uxth	r3, r3
 369 0030 0133     		adds	r3, r3, #1
 370 0032 9BB2     		uxth	r3, r3
 371 0034 FB81     		strh	r3, [r7, #14]	@ movhi
 372              	.L7:
 212:System/shell/shell.c ****     {
 373              		.loc 1 212 5 discriminator 1
 374 0036 B7F90E30 		ldrsh	r3, [r7, #14]
 375 003a 042B     		cmp	r3, #4
 376 003c E7DD     		ble	.L10
 377              	.L6:
 378              	.LBE3:
 218:System/shell/shell.c ****         }
 219:System/shell/shell.c ****     }
 220:System/shell/shell.c **** }
 379              		.loc 1 220 1
 380 003e 1437     		adds	r7, r7, #20
 381              	.LCFI8:
 382              		.cfi_def_cfa_offset 4
 383 0040 BD46     		mov	sp, r7
 384              	.LCFI9:
 385              		.cfi_def_cfa_register 13
 386              		@ sp needed
 387 0042 5DF8047B 		ldr	r7, [sp], #4
 388              	.LCFI10:
 389              		.cfi_restore 7
 390              		.cfi_def_cfa_offset 0
 391 0046 7047     		bx	lr
ARM GAS  C:\Users\HUAV\AppData\Local\Temp\ccLd8epe.s 			page 13


 392              	.L12:
 393              		.align	2
 394              	.L11:
 395 0048 00000000 		.word	shellList
 396              		.cfi_endproc
 397              	.LFE4:
 399              		.section	.text.shellGetCurrent,"ax",%progbits
 400              		.align	1
 401              		.global	shellGetCurrent
 402              		.syntax unified
 403              		.thumb
 404              		.thumb_func
 406              	shellGetCurrent:
 407              	.LFB5:
 221:System/shell/shell.c **** 
 222:System/shell/shell.c **** /**
 223:System/shell/shell.c ****  * @brief 获取当前活动shell
 224:System/shell/shell.c ****  *
 225:System/shell/shell.c ****  * @return Shell* 当前活动shell对象
 226:System/shell/shell.c ****  */
 227:System/shell/shell.c **** Shell *shellGetCurrent(void)
 228:System/shell/shell.c **** {
 408              		.loc 1 228 1
 409              		.cfi_startproc
 410              		@ args = 0, pretend = 0, frame = 8
 411              		@ frame_needed = 1, uses_anonymous_args = 0
 412              		@ link register save eliminated.
 413 0000 80B4     		push	{r7}
 414              	.LCFI11:
 415              		.cfi_def_cfa_offset 4
 416              		.cfi_offset 7, -4
 417 0002 83B0     		sub	sp, sp, #12
 418              	.LCFI12:
 419              		.cfi_def_cfa_offset 16
 420 0004 00AF     		add	r7, sp, #0
 421              	.LCFI13:
 422              		.cfi_def_cfa_register 7
 423              	.LBB4:
 229:System/shell/shell.c ****     for (short i = 0; i < SHELL_MAX_NUMBER; i++)
 424              		.loc 1 229 16
 425 0006 0023     		movs	r3, #0
 426 0008 FB80     		strh	r3, [r7, #6]	@ movhi
 427              		.loc 1 229 5
 428 000a 1EE0     		b	.L14
 429              	.L17:
 230:System/shell/shell.c ****     {
 231:System/shell/shell.c ****         if (shellList[i] && shellList[i]->status.isActive)
 430              		.loc 1 231 22
 431 000c B7F90630 		ldrsh	r3, [r7, #6]
 432 0010 134A     		ldr	r2, .L18
 433 0012 52F82330 		ldr	r3, [r2, r3, lsl #2]
 434              		.loc 1 231 12
 435 0016 002B     		cmp	r3, #0
 436 0018 11D0     		beq	.L15
 437              		.loc 1 231 38 discriminator 1
 438 001a B7F90630 		ldrsh	r3, [r7, #6]
 439 001e 104A     		ldr	r2, .L18
ARM GAS  C:\Users\HUAV\AppData\Local\Temp\ccLd8epe.s 			page 14


 440 0020 52F82330 		ldr	r3, [r2, r3, lsl #2]
 441              		.loc 1 231 26 discriminator 1
 442 0024 93F86030 		ldrb	r3, [r3, #96]	@ zero_extendqisi2
 443 0028 03F00203 		and	r3, r3, #2
 444 002c DBB2     		uxtb	r3, r3
 445 002e 002B     		cmp	r3, #0
 446 0030 05D0     		beq	.L15
 232:System/shell/shell.c ****         {
 233:System/shell/shell.c ****             return shellList[i];
 447              		.loc 1 233 29
 448 0032 B7F90630 		ldrsh	r3, [r7, #6]
 449 0036 0A4A     		ldr	r2, .L18
 450 0038 52F82330 		ldr	r3, [r2, r3, lsl #2]
 451 003c 0AE0     		b	.L16
 452              	.L15:
 229:System/shell/shell.c ****     {
 453              		.loc 1 229 46 discriminator 2
 454 003e B7F90630 		ldrsh	r3, [r7, #6]
 455 0042 9BB2     		uxth	r3, r3
 456 0044 0133     		adds	r3, r3, #1
 457 0046 9BB2     		uxth	r3, r3
 458 0048 FB80     		strh	r3, [r7, #6]	@ movhi
 459              	.L14:
 229:System/shell/shell.c ****     {
 460              		.loc 1 229 5 discriminator 1
 461 004a B7F90630 		ldrsh	r3, [r7, #6]
 462 004e 042B     		cmp	r3, #4
 463 0050 DCDD     		ble	.L17
 464              	.LBE4:
 234:System/shell/shell.c ****         }
 235:System/shell/shell.c ****     }
 236:System/shell/shell.c ****     return NULL;
 465              		.loc 1 236 12
 466 0052 0023     		movs	r3, #0
 467              	.L16:
 237:System/shell/shell.c **** }
 468              		.loc 1 237 1
 469 0054 1846     		mov	r0, r3
 470 0056 0C37     		adds	r7, r7, #12
 471              	.LCFI14:
 472              		.cfi_def_cfa_offset 4
 473 0058 BD46     		mov	sp, r7
 474              	.LCFI15:
 475              		.cfi_def_cfa_register 13
 476              		@ sp needed
 477 005a 5DF8047B 		ldr	r7, [sp], #4
 478              	.LCFI16:
 479              		.cfi_restore 7
 480              		.cfi_def_cfa_offset 0
 481 005e 7047     		bx	lr
 482              	.L19:
 483              		.align	2
 484              	.L18:
 485 0060 00000000 		.word	shellList
 486              		.cfi_endproc
 487              	.LFE5:
 489              		.section	.text.shellWriteByte,"ax",%progbits
ARM GAS  C:\Users\HUAV\AppData\Local\Temp\ccLd8epe.s 			page 15


 490              		.align	1
 491              		.global	shellWriteByte
 492              		.syntax unified
 493              		.thumb
 494              		.thumb_func
 496              	shellWriteByte:
 497              	.LFB6:
 238:System/shell/shell.c **** 
 239:System/shell/shell.c **** /**
 240:System/shell/shell.c ****  * @brief shell写字符
 241:System/shell/shell.c ****  *
 242:System/shell/shell.c ****  * @param shell shell对象
 243:System/shell/shell.c ****  * @param data 字符数据
 244:System/shell/shell.c ****  */
 245:System/shell/shell.c **** void shellWriteByte(Shell *shell, const char data)
 246:System/shell/shell.c **** {
 498              		.loc 1 246 1
 499              		.cfi_startproc
 500              		@ args = 0, pretend = 0, frame = 8
 501              		@ frame_needed = 1, uses_anonymous_args = 0
 502 0000 80B5     		push	{r7, lr}
 503              	.LCFI17:
 504              		.cfi_def_cfa_offset 8
 505              		.cfi_offset 7, -8
 506              		.cfi_offset 14, -4
 507 0002 82B0     		sub	sp, sp, #8
 508              	.LCFI18:
 509              		.cfi_def_cfa_offset 16
 510 0004 00AF     		add	r7, sp, #0
 511              	.LCFI19:
 512              		.cfi_def_cfa_register 7
 513 0006 7860     		str	r0, [r7, #4]
 514 0008 0B46     		mov	r3, r1
 515 000a FB70     		strb	r3, [r7, #3]
 247:System/shell/shell.c ****     shell->write(&data, sizeof(data));
 516              		.loc 1 247 10
 517 000c 7B68     		ldr	r3, [r7, #4]
 518 000e 9B6E     		ldr	r3, [r3, #104]
 519              		.loc 1 247 5
 520 0010 FA1C     		adds	r2, r7, #3
 521 0012 0121     		movs	r1, #1
 522 0014 1046     		mov	r0, r2
 523 0016 9847     		blx	r3
 524              	.LVL0:
 248:System/shell/shell.c **** }
 525              		.loc 1 248 1
 526 0018 00BF     		nop
 527 001a 0837     		adds	r7, r7, #8
 528              	.LCFI20:
 529              		.cfi_def_cfa_offset 8
 530 001c BD46     		mov	sp, r7
 531              	.LCFI21:
 532              		.cfi_def_cfa_register 13
 533              		@ sp needed
 534 001e 80BD     		pop	{r7, pc}
 535              		.cfi_endproc
 536              	.LFE6:
ARM GAS  C:\Users\HUAV\AppData\Local\Temp\ccLd8epe.s 			page 16


 538              		.section	.text.shellWriteString,"ax",%progbits
 539              		.align	1
 540              		.global	shellWriteString
 541              		.syntax unified
 542              		.thumb
 543              		.thumb_func
 545              	shellWriteString:
 546              	.LFB7:
 249:System/shell/shell.c **** 
 250:System/shell/shell.c **** /**
 251:System/shell/shell.c ****  * @brief shell 写字符串
 252:System/shell/shell.c ****  *
 253:System/shell/shell.c ****  * @param shell shell对象
 254:System/shell/shell.c ****  * @param string 字符串数据
 255:System/shell/shell.c ****  *
 256:System/shell/shell.c ****  * @return unsigned short 写入字符的数量
 257:System/shell/shell.c ****  */
 258:System/shell/shell.c **** unsigned short shellWriteString(Shell *shell, const char *string)
 259:System/shell/shell.c **** {
 547              		.loc 1 259 1
 548              		.cfi_startproc
 549              		@ args = 0, pretend = 0, frame = 16
 550              		@ frame_needed = 1, uses_anonymous_args = 0
 551 0000 90B5     		push	{r4, r7, lr}
 552              	.LCFI22:
 553              		.cfi_def_cfa_offset 12
 554              		.cfi_offset 4, -12
 555              		.cfi_offset 7, -8
 556              		.cfi_offset 14, -4
 557 0002 85B0     		sub	sp, sp, #20
 558              	.LCFI23:
 559              		.cfi_def_cfa_offset 32
 560 0004 00AF     		add	r7, sp, #0
 561              	.LCFI24:
 562              		.cfi_def_cfa_register 7
 563 0006 7860     		str	r0, [r7, #4]
 564 0008 3960     		str	r1, [r7]
 260:System/shell/shell.c ****     unsigned short count = 0;
 565              		.loc 1 260 20
 566 000a 0023     		movs	r3, #0
 567 000c FB81     		strh	r3, [r7, #14]	@ movhi
 261:System/shell/shell.c ****     SHELL_ASSERT(shell->write, return 0);
 568              		.loc 1 261 5
 569 000e 7B68     		ldr	r3, [r7, #4]
 570 0010 9B6E     		ldr	r3, [r3, #104]
 571 0012 002B     		cmp	r3, #0
 572 0014 01D1     		bne	.L22
 573              		.loc 1 261 5 is_stmt 0 discriminator 1
 574 0016 0023     		movs	r3, #0
 575 0018 0AE0     		b	.L23
 576              	.L22:
 262:System/shell/shell.c **** 
 263:System/shell/shell.c ****     shell->write(string, strlen(string));
 577              		.loc 1 263 10 is_stmt 1
 578 001a 7B68     		ldr	r3, [r7, #4]
 579 001c 9C6E     		ldr	r4, [r3, #104]
 580              		.loc 1 263 26
ARM GAS  C:\Users\HUAV\AppData\Local\Temp\ccLd8epe.s 			page 17


 581 001e 3868     		ldr	r0, [r7]
 582 0020 FFF7FEFF 		bl	strlen
 583 0024 0346     		mov	r3, r0
 584              		.loc 1 263 5
 585 0026 9BB2     		uxth	r3, r3
 586 0028 1946     		mov	r1, r3
 587 002a 3868     		ldr	r0, [r7]
 588 002c A047     		blx	r4
 589              	.LVL1:
 264:System/shell/shell.c ****     return count;
 590              		.loc 1 264 12
 591 002e FB89     		ldrh	r3, [r7, #14]
 592              	.L23:
 265:System/shell/shell.c **** }
 593              		.loc 1 265 1
 594 0030 1846     		mov	r0, r3
 595 0032 1437     		adds	r7, r7, #20
 596              	.LCFI25:
 597              		.cfi_def_cfa_offset 12
 598 0034 BD46     		mov	sp, r7
 599              	.LCFI26:
 600              		.cfi_def_cfa_register 13
 601              		@ sp needed
 602 0036 90BD     		pop	{r4, r7, pc}
 603              		.cfi_endproc
 604              	.LFE7:
 606              		.section	.text.shellWriteCommandDesc,"ax",%progbits
 607              		.align	1
 608              		.syntax unified
 609              		.thumb
 610              		.thumb_func
 612              	shellWriteCommandDesc:
 613              	.LFB8:
 266:System/shell/shell.c **** 
 267:System/shell/shell.c **** /**
 268:System/shell/shell.c ****  * @brief shell 写命令描述字符串
 269:System/shell/shell.c ****  *
 270:System/shell/shell.c ****  * @param shell shell对象
 271:System/shell/shell.c ****  * @param string 字符串数据
 272:System/shell/shell.c ****  *
 273:System/shell/shell.c ****  * @return unsigned short 写入字符的数量
 274:System/shell/shell.c ****  */
 275:System/shell/shell.c **** static unsigned short shellWriteCommandDesc(Shell *shell, const char *string)
 276:System/shell/shell.c **** {
 614              		.loc 1 276 1
 615              		.cfi_startproc
 616              		@ args = 0, pretend = 0, frame = 16
 617              		@ frame_needed = 1, uses_anonymous_args = 0
 618 0000 80B5     		push	{r7, lr}
 619              	.LCFI27:
 620              		.cfi_def_cfa_offset 8
 621              		.cfi_offset 7, -8
 622              		.cfi_offset 14, -4
 623 0002 84B0     		sub	sp, sp, #16
 624              	.LCFI28:
 625              		.cfi_def_cfa_offset 24
 626 0004 00AF     		add	r7, sp, #0
ARM GAS  C:\Users\HUAV\AppData\Local\Temp\ccLd8epe.s 			page 18


 627              	.LCFI29:
 628              		.cfi_def_cfa_register 7
 629 0006 7860     		str	r0, [r7, #4]
 630 0008 3960     		str	r1, [r7]
 277:System/shell/shell.c ****     const char dot = '.';
 631              		.loc 1 277 16
 632 000a 2E23     		movs	r3, #46
 633 000c 7B73     		strb	r3, [r7, #13]
 278:System/shell/shell.c ****     unsigned short count = 0;
 634              		.loc 1 278 20
 635 000e 0023     		movs	r3, #0
 636 0010 FB81     		strh	r3, [r7, #14]	@ movhi
 279:System/shell/shell.c ****     SHELL_ASSERT(shell->write, return 0);
 637              		.loc 1 279 5
 638 0012 7B68     		ldr	r3, [r7, #4]
 639 0014 9B6E     		ldr	r3, [r3, #104]
 640 0016 002B     		cmp	r3, #0
 641 0018 2AD1     		bne	.L27
 642              		.loc 1 279 5 is_stmt 0 discriminator 1
 643 001a 0023     		movs	r3, #0
 644 001c 38E0     		b	.L30
 645              	.L29:
 280:System/shell/shell.c ****     while (*string && *string != '\r' && *string != '\n' && count < 36)
 281:System/shell/shell.c ****     {
 282:System/shell/shell.c ****         shell->write(*string++, 1);
 646              		.loc 1 282 14 is_stmt 1
 647 001e 7B68     		ldr	r3, [r7, #4]
 648 0020 9A6E     		ldr	r2, [r3, #104]
 649              		.loc 1 282 29
 650 0022 3B68     		ldr	r3, [r7]
 651 0024 591C     		adds	r1, r3, #1
 652 0026 3960     		str	r1, [r7]
 653              		.loc 1 282 22
 654 0028 1B78     		ldrb	r3, [r3]	@ zero_extendqisi2
 655              		.loc 1 282 9
 656 002a 0121     		movs	r1, #1
 657 002c 1846     		mov	r0, r3
 658 002e 9047     		blx	r2
 659              	.LVL2:
 283:System/shell/shell.c ****         count++;
 660              		.loc 1 283 14
 661 0030 FB89     		ldrh	r3, [r7, #14]
 662 0032 0133     		adds	r3, r3, #1
 663 0034 FB81     		strh	r3, [r7, #14]	@ movhi
 284:System/shell/shell.c ****         if (count >= 36 && *(string + 1))
 664              		.loc 1 284 12
 665 0036 FB89     		ldrh	r3, [r7, #14]
 666 0038 232B     		cmp	r3, #35
 667 003a 19D9     		bls	.L27
 668              		.loc 1 284 37 discriminator 1
 669 003c 3B68     		ldr	r3, [r7]
 670 003e 0133     		adds	r3, r3, #1
 671              		.loc 1 284 28 discriminator 1
 672 0040 1B78     		ldrb	r3, [r3]	@ zero_extendqisi2
 673              		.loc 1 284 25 discriminator 1
 674 0042 002B     		cmp	r3, #0
 675 0044 14D0     		beq	.L27
ARM GAS  C:\Users\HUAV\AppData\Local\Temp\ccLd8epe.s 			page 19


 285:System/shell/shell.c ****         {
 286:System/shell/shell.c ****             shell->write(&dot, sizeof(dot));
 676              		.loc 1 286 18
 677 0046 7B68     		ldr	r3, [r7, #4]
 678 0048 9B6E     		ldr	r3, [r3, #104]
 679              		.loc 1 286 13
 680 004a 07F10D02 		add	r2, r7, #13
 681 004e 0121     		movs	r1, #1
 682 0050 1046     		mov	r0, r2
 683 0052 9847     		blx	r3
 684              	.LVL3:
 287:System/shell/shell.c ****             shell->write(&dot, sizeof(dot));
 685              		.loc 1 287 18
 686 0054 7B68     		ldr	r3, [r7, #4]
 687 0056 9B6E     		ldr	r3, [r3, #104]
 688              		.loc 1 287 13
 689 0058 07F10D02 		add	r2, r7, #13
 690 005c 0121     		movs	r1, #1
 691 005e 1046     		mov	r0, r2
 692 0060 9847     		blx	r3
 693              	.LVL4:
 288:System/shell/shell.c ****             shell->write(&dot, sizeof(dot));
 694              		.loc 1 288 18
 695 0062 7B68     		ldr	r3, [r7, #4]
 696 0064 9B6E     		ldr	r3, [r3, #104]
 697              		.loc 1 288 13
 698 0066 07F10D02 		add	r2, r7, #13
 699 006a 0121     		movs	r1, #1
 700 006c 1046     		mov	r0, r2
 701 006e 9847     		blx	r3
 702              	.LVL5:
 703              	.L27:
 280:System/shell/shell.c ****     {
 704              		.loc 1 280 12
 705 0070 3B68     		ldr	r3, [r7]
 706 0072 1B78     		ldrb	r3, [r3]	@ zero_extendqisi2
 280:System/shell/shell.c ****     {
 707              		.loc 1 280 11
 708 0074 002B     		cmp	r3, #0
 709 0076 0AD0     		beq	.L28
 280:System/shell/shell.c ****     {
 710              		.loc 1 280 23 discriminator 1
 711 0078 3B68     		ldr	r3, [r7]
 712 007a 1B78     		ldrb	r3, [r3]	@ zero_extendqisi2
 280:System/shell/shell.c ****     {
 713              		.loc 1 280 20 discriminator 1
 714 007c 0D2B     		cmp	r3, #13
 715 007e 06D0     		beq	.L28
 280:System/shell/shell.c ****     {
 716              		.loc 1 280 42 discriminator 2
 717 0080 3B68     		ldr	r3, [r7]
 718 0082 1B78     		ldrb	r3, [r3]	@ zero_extendqisi2
 280:System/shell/shell.c ****     {
 719              		.loc 1 280 39 discriminator 2
 720 0084 0A2B     		cmp	r3, #10
 721 0086 02D0     		beq	.L28
 280:System/shell/shell.c ****     {
ARM GAS  C:\Users\HUAV\AppData\Local\Temp\ccLd8epe.s 			page 20


 722              		.loc 1 280 58 discriminator 3
 723 0088 FB89     		ldrh	r3, [r7, #14]
 724 008a 232B     		cmp	r3, #35
 725 008c C7D9     		bls	.L29
 726              	.L28:
 289:System/shell/shell.c ****         }
 290:System/shell/shell.c ****     }
 291:System/shell/shell.c ****     return count;
 727              		.loc 1 291 12
 728 008e FB89     		ldrh	r3, [r7, #14]
 729              	.L30:
 292:System/shell/shell.c **** }
 730              		.loc 1 292 1 discriminator 1
 731 0090 1846     		mov	r0, r3
 732 0092 1037     		adds	r7, r7, #16
 733              	.LCFI30:
 734              		.cfi_def_cfa_offset 8
 735 0094 BD46     		mov	sp, r7
 736              	.LCFI31:
 737              		.cfi_def_cfa_register 13
 738              		@ sp needed
 739 0096 80BD     		pop	{r7, pc}
 740              		.cfi_endproc
 741              	.LFE8:
 743              		.section	.rodata
 744 01f7 00       		.align	2
 745              	.LC22:
 746 01f8 0D0A00   		.ascii	"\015\012\000"
 747 01fb 00       		.align	2
 748              	.LC23:
 749 01fc 3A00     		.ascii	":\000"
 750 01fe 0000     		.align	2
 751              	.LC24:
 752 0200 2F00     		.ascii	"/\000"
 753 0202 0000     		.align	2
 754              	.LC25:
 755 0204 242000   		.ascii	"$ \000"
 756              		.section	.text.shellWriteCommandLine,"ax",%progbits
 757              		.align	1
 758              		.syntax unified
 759              		.thumb
 760              		.thumb_func
 762              	shellWriteCommandLine:
 763              	.LFB9:
 293:System/shell/shell.c **** 
 294:System/shell/shell.c **** /**
 295:System/shell/shell.c ****  * @brief shell写命令提示符
 296:System/shell/shell.c ****  *
 297:System/shell/shell.c ****  * @param shell shell对象
 298:System/shell/shell.c ****  * @param newline 新行
 299:System/shell/shell.c ****  *
 300:System/shell/shell.c ****  */
 301:System/shell/shell.c **** static void shellWriteCommandLine(Shell *shell, unsigned char newline)
 302:System/shell/shell.c **** {
 764              		.loc 1 302 1
 765              		.cfi_startproc
 766              		@ args = 0, pretend = 0, frame = 8
ARM GAS  C:\Users\HUAV\AppData\Local\Temp\ccLd8epe.s 			page 21


 767              		@ frame_needed = 1, uses_anonymous_args = 0
 768 0000 80B5     		push	{r7, lr}
 769              	.LCFI32:
 770              		.cfi_def_cfa_offset 8
 771              		.cfi_offset 7, -8
 772              		.cfi_offset 14, -4
 773 0002 82B0     		sub	sp, sp, #8
 774              	.LCFI33:
 775              		.cfi_def_cfa_offset 16
 776 0004 00AF     		add	r7, sp, #0
 777              	.LCFI34:
 778              		.cfi_def_cfa_register 7
 779 0006 7860     		str	r0, [r7, #4]
 780 0008 0B46     		mov	r3, r1
 781 000a FB70     		strb	r3, [r7, #3]
 303:System/shell/shell.c ****     if (shell->status.isChecked)
 782              		.loc 1 303 9
 783 000c 7B68     		ldr	r3, [r7, #4]
 784 000e 93F86030 		ldrb	r3, [r3, #96]	@ zero_extendqisi2
 785 0012 03F00103 		and	r3, r3, #1
 786 0016 DBB2     		uxtb	r3, r3
 787              		.loc 1 303 8
 788 0018 002B     		cmp	r3, #0
 789 001a 22D0     		beq	.L32
 304:System/shell/shell.c ****     {
 305:System/shell/shell.c ****         if (newline)
 790              		.loc 1 305 12
 791 001c FB78     		ldrb	r3, [r7, #3]	@ zero_extendqisi2
 792 001e 002B     		cmp	r3, #0
 793 0020 03D0     		beq	.L33
 306:System/shell/shell.c ****         {
 307:System/shell/shell.c ****             shellWriteString(shell, "\r\n");
 794              		.loc 1 307 13
 795 0022 1549     		ldr	r1, .L38
 796 0024 7868     		ldr	r0, [r7, #4]
 797 0026 FFF7FEFF 		bl	shellWriteString
 798              	.L33:
 308:System/shell/shell.c ****         }
 309:System/shell/shell.c ****         shellWriteString(shell, shell->info.user->data.user.name);
 799              		.loc 1 309 44
 800 002a 7B68     		ldr	r3, [r7, #4]
 801 002c 1B68     		ldr	r3, [r3]
 802              		.loc 1 309 9
 803 002e 5B68     		ldr	r3, [r3, #4]
 804 0030 1946     		mov	r1, r3
 805 0032 7868     		ldr	r0, [r7, #4]
 806 0034 FFF7FEFF 		bl	shellWriteString
 310:System/shell/shell.c ****         shellWriteString(shell, ":");
 807              		.loc 1 310 9
 808 0038 1049     		ldr	r1, .L38+4
 809 003a 7868     		ldr	r0, [r7, #4]
 810 003c FFF7FEFF 		bl	shellWriteString
 311:System/shell/shell.c ****         shellWriteString(shell, shell->info.path ? shell->info.path : "/");
 811              		.loc 1 311 44
 812 0040 7B68     		ldr	r3, [r7, #4]
 813 0042 9B68     		ldr	r3, [r3, #8]
 814              		.loc 1 311 9
ARM GAS  C:\Users\HUAV\AppData\Local\Temp\ccLd8epe.s 			page 22


 815 0044 002B     		cmp	r3, #0
 816 0046 02D0     		beq	.L34
 817              		.loc 1 311 9 is_stmt 0 discriminator 1
 818 0048 7B68     		ldr	r3, [r7, #4]
 819 004a 9B68     		ldr	r3, [r3, #8]
 820 004c 00E0     		b	.L35
 821              	.L34:
 822              		.loc 1 311 9 discriminator 2
 823 004e 0C4B     		ldr	r3, .L38+8
 824              	.L35:
 825              		.loc 1 311 9 discriminator 4
 826 0050 1946     		mov	r1, r3
 827 0052 7868     		ldr	r0, [r7, #4]
 828 0054 FFF7FEFF 		bl	shellWriteString
 312:System/shell/shell.c ****         shellWriteString(shell, "$ ");
 829              		.loc 1 312 9 is_stmt 1 discriminator 4
 830 0058 0A49     		ldr	r1, .L38+12
 831 005a 7868     		ldr	r0, [r7, #4]
 832 005c FFF7FEFF 		bl	shellWriteString
 313:System/shell/shell.c ****     }
 314:System/shell/shell.c ****     else
 315:System/shell/shell.c ****     {
 316:System/shell/shell.c ****         shellWriteString(shell, shellText[SHELL_TEXT_PASSWORD_HINT]);
 317:System/shell/shell.c ****     }
 318:System/shell/shell.c **** }
 833              		.loc 1 318 1 discriminator 4
 834 0060 05E0     		b	.L37
 835              	.L32:
 316:System/shell/shell.c ****     }
 836              		.loc 1 316 9
 837 0062 094B     		ldr	r3, .L38+16
 838 0064 1B6B     		ldr	r3, [r3, #48]
 839 0066 1946     		mov	r1, r3
 840 0068 7868     		ldr	r0, [r7, #4]
 841 006a FFF7FEFF 		bl	shellWriteString
 842              	.L37:
 843              		.loc 1 318 1
 844 006e 00BF     		nop
 845 0070 0837     		adds	r7, r7, #8
 846              	.LCFI35:
 847              		.cfi_def_cfa_offset 8
 848 0072 BD46     		mov	sp, r7
 849              	.LCFI36:
 850              		.cfi_def_cfa_register 13
 851              		@ sp needed
 852 0074 80BD     		pop	{r7, pc}
 853              	.L39:
 854 0076 00BF     		.align	2
 855              	.L38:
 856 0078 F8010000 		.word	.LC22
 857 007c FC010000 		.word	.LC23
 858 0080 00020000 		.word	.LC24
 859 0084 04020000 		.word	.LC25
 860 0088 00000000 		.word	shellText
 861              		.cfi_endproc
 862              	.LFE9:
 864              		.section	.text.shellPrint,"ax",%progbits
ARM GAS  C:\Users\HUAV\AppData\Local\Temp\ccLd8epe.s 			page 23


 865              		.align	1
 866              		.global	shellPrint
 867              		.syntax unified
 868              		.thumb
 869              		.thumb_func
 871              	shellPrint:
 872              	.LFB10:
 319:System/shell/shell.c **** 
 320:System/shell/shell.c **** #if SHELL_PRINT_BUFFER > 0
 321:System/shell/shell.c **** /**
 322:System/shell/shell.c ****  * @brief shell格式化输出
 323:System/shell/shell.c ****  *
 324:System/shell/shell.c ****  * @param shell shell对象
 325:System/shell/shell.c ****  * @param fmt 格式化字符串
 326:System/shell/shell.c ****  * @param ... 参数
 327:System/shell/shell.c ****  */
 328:System/shell/shell.c **** void shellPrint(Shell *shell, char *fmt, ...)
 329:System/shell/shell.c **** {
 873              		.loc 1 329 1
 874              		.cfi_startproc
 875              		@ args = 4, pretend = 12, frame = 144
 876              		@ frame_needed = 1, uses_anonymous_args = 1
 877 0000 0EB4     		push	{r1, r2, r3}
 878              	.LCFI37:
 879              		.cfi_def_cfa_offset 12
 880              		.cfi_offset 1, -12
 881              		.cfi_offset 2, -8
 882              		.cfi_offset 3, -4
 883 0002 80B5     		push	{r7, lr}
 884              	.LCFI38:
 885              		.cfi_def_cfa_offset 20
 886              		.cfi_offset 7, -20
 887              		.cfi_offset 14, -16
 888 0004 A5B0     		sub	sp, sp, #148
 889              	.LCFI39:
 890              		.cfi_def_cfa_offset 168
 891 0006 00AF     		add	r7, sp, #0
 892              	.LCFI40:
 893              		.cfi_def_cfa_register 7
 894 0008 7860     		str	r0, [r7, #4]
 330:System/shell/shell.c ****     char buffer[SHELL_PRINT_BUFFER];
 331:System/shell/shell.c ****     va_list vargs;
 332:System/shell/shell.c **** 
 333:System/shell/shell.c ****     SHELL_ASSERT(shell, return );
 895              		.loc 1 333 5
 896 000a 7B68     		ldr	r3, [r7, #4]
 897 000c 002B     		cmp	r3, #0
 898 000e 11D0     		beq	.L43
 334:System/shell/shell.c **** 
 335:System/shell/shell.c ****     va_start(vargs, fmt);
 899              		.loc 1 335 5
 900 0010 07F1A003 		add	r3, r7, #160
 901 0014 FB60     		str	r3, [r7, #12]
 336:System/shell/shell.c ****     vsnprintf(buffer, SHELL_PRINT_BUFFER - 1, fmt, vargs);
 902              		.loc 1 336 5
 903 0016 07F11000 		add	r0, r7, #16
 904 001a FB68     		ldr	r3, [r7, #12]
ARM GAS  C:\Users\HUAV\AppData\Local\Temp\ccLd8epe.s 			page 24


 905 001c D7F89C20 		ldr	r2, [r7, #156]
 906 0020 7F21     		movs	r1, #127
 907 0022 FFF7FEFF 		bl	vsnprintf
 337:System/shell/shell.c ****     va_end(vargs);
 338:System/shell/shell.c **** 
 339:System/shell/shell.c ****     shellWriteString(shell, buffer);
 908              		.loc 1 339 5
 909 0026 07F11003 		add	r3, r7, #16
 910 002a 1946     		mov	r1, r3
 911 002c 7868     		ldr	r0, [r7, #4]
 912 002e FFF7FEFF 		bl	shellWriteString
 913 0032 00E0     		b	.L40
 914              	.L43:
 333:System/shell/shell.c **** 
 915              		.loc 1 333 5
 916 0034 00BF     		nop
 917              	.L40:
 340:System/shell/shell.c **** }
 918              		.loc 1 340 1
 919 0036 9437     		adds	r7, r7, #148
 920              	.LCFI41:
 921              		.cfi_def_cfa_offset 20
 922 0038 BD46     		mov	sp, r7
 923              	.LCFI42:
 924              		.cfi_def_cfa_register 13
 925              		@ sp needed
 926 003a BDE88040 		pop	{r7, lr}
 927              	.LCFI43:
 928              		.cfi_restore 14
 929              		.cfi_restore 7
 930              		.cfi_def_cfa_offset 12
 931 003e 03B0     		add	sp, sp, #12
 932              	.LCFI44:
 933              		.cfi_restore 3
 934              		.cfi_restore 2
 935              		.cfi_restore 1
 936              		.cfi_def_cfa_offset 0
 937 0040 7047     		bx	lr
 938              		.cfi_endproc
 939              	.LFE10:
 941              		.section	.text.shellScan,"ax",%progbits
 942              		.align	1
 943              		.global	shellScan
 944              		.syntax unified
 945              		.thumb
 946              		.thumb_func
 948              	shellScan:
 949              	.LFB11:
 341:System/shell/shell.c **** #endif
 342:System/shell/shell.c **** 
 343:System/shell/shell.c **** #if SHELL_SCAN_BUFFER > 0
 344:System/shell/shell.c **** /**
 345:System/shell/shell.c ****  * @brief shell格式化输入
 346:System/shell/shell.c ****  *
 347:System/shell/shell.c ****  * @param shell shell对象
 348:System/shell/shell.c ****  * @param fmt 格式化字符串
 349:System/shell/shell.c ****  * @param ... 参数
ARM GAS  C:\Users\HUAV\AppData\Local\Temp\ccLd8epe.s 			page 25


 350:System/shell/shell.c ****  */
 351:System/shell/shell.c **** void shellScan(Shell *shell, char *fmt, ...)
 352:System/shell/shell.c **** {
 950              		.loc 1 352 1
 951              		.cfi_startproc
 952              		@ args = 4, pretend = 12, frame = 16
 953              		@ frame_needed = 1, uses_anonymous_args = 1
 954 0000 0EB4     		push	{r1, r2, r3}
 955              	.LCFI45:
 956              		.cfi_def_cfa_offset 12
 957              		.cfi_offset 1, -12
 958              		.cfi_offset 2, -8
 959              		.cfi_offset 3, -4
 960 0002 80B5     		push	{r7, lr}
 961              	.LCFI46:
 962              		.cfi_def_cfa_offset 20
 963              		.cfi_offset 7, -20
 964              		.cfi_offset 14, -16
 965 0004 85B0     		sub	sp, sp, #20
 966              	.LCFI47:
 967              		.cfi_def_cfa_offset 40
 968 0006 00AF     		add	r7, sp, #0
 969              	.LCFI48:
 970              		.cfi_def_cfa_register 7
 971 0008 7860     		str	r0, [r7, #4]
 353:System/shell/shell.c ****     char buffer[SHELL_SCAN_BUFFER];
 354:System/shell/shell.c ****     va_list vargs;
 355:System/shell/shell.c ****     short index = 0;
 972              		.loc 1 355 11
 973 000a 0023     		movs	r3, #0
 974 000c FB81     		strh	r3, [r7, #14]	@ movhi
 356:System/shell/shell.c **** 
 357:System/shell/shell.c ****     SHELL_ASSERT(shell, return );
 975              		.loc 1 357 5
 976 000e 7B68     		ldr	r3, [r7, #4]
 977 0010 002B     		cmp	r3, #0
 978 0012 4BD0     		beq	.L51
 358:System/shell/shell.c **** 
 359:System/shell/shell.c ****     if (shell->read)
 979              		.loc 1 359 14
 980 0014 7B68     		ldr	r3, [r7, #4]
 981 0016 5B6E     		ldr	r3, [r3, #100]
 982              		.loc 1 359 8
 983 0018 002B     		cmp	r3, #0
 984 001a 3CD0     		beq	.L47
 985              	.L50:
 360:System/shell/shell.c ****     {
 361:System/shell/shell.c ****         do
 362:System/shell/shell.c ****         {
 363:System/shell/shell.c ****             if (shell->read(&buffer[index]) == 0)
 986              		.loc 1 363 22
 987 001c 7B68     		ldr	r3, [r7, #4]
 988 001e 5B6E     		ldr	r3, [r3, #100]
 989              		.loc 1 363 36
 990 0020 B7F90E20 		ldrsh	r2, [r7, #14]
 991              		.loc 1 363 17
 992 0024 07F10C01 		add	r1, r7, #12
ARM GAS  C:\Users\HUAV\AppData\Local\Temp\ccLd8epe.s 			page 26


 993 0028 0A44     		add	r2, r2, r1
 994 002a 1046     		mov	r0, r2
 995 002c 9847     		blx	r3
 996              	.LVL6:
 997 002e 0346     		mov	r3, r0
 998              		.loc 1 363 16
 999 0030 002B     		cmp	r3, #0
 1000 0032 0FD1     		bne	.L48
 364:System/shell/shell.c ****             {
 365:System/shell/shell.c ****                 shell->write(&buffer[index], sizeof(buffer[index]));
 1001              		.loc 1 365 22
 1002 0034 7B68     		ldr	r3, [r7, #4]
 1003 0036 9B6E     		ldr	r3, [r3, #104]
 1004              		.loc 1 365 37
 1005 0038 B7F90E20 		ldrsh	r2, [r7, #14]
 1006              		.loc 1 365 30
 1007 003c 07F10C01 		add	r1, r7, #12
 1008 0040 0A44     		add	r2, r2, r1
 1009              		.loc 1 365 17
 1010 0042 0121     		movs	r1, #1
 1011 0044 1046     		mov	r0, r2
 1012 0046 9847     		blx	r3
 1013              	.LVL7:
 366:System/shell/shell.c ****                 index++;
 1014              		.loc 1 366 22
 1015 0048 B7F90E30 		ldrsh	r3, [r7, #14]
 1016 004c 9BB2     		uxth	r3, r3
 1017 004e 0133     		adds	r3, r3, #1
 1018 0050 9BB2     		uxth	r3, r3
 1019 0052 FB81     		strh	r3, [r7, #14]	@ movhi
 1020              	.L48:
 367:System/shell/shell.c ****             }
 368:System/shell/shell.c ****         } while (buffer[index - 1] != '\r' && buffer[index - 1] != '\n' && index < SHELL_SCAN_BUFFE
 1021              		.loc 1 368 31
 1022 0054 B7F90E30 		ldrsh	r3, [r7, #14]
 1023 0058 013B     		subs	r3, r3, #1
 1024              		.loc 1 368 24
 1025 005a 1033     		adds	r3, r3, #16
 1026 005c 3B44     		add	r3, r3, r7
 1027 005e 13F8043C 		ldrb	r3, [r3, #-4]	@ zero_extendqisi2
 1028              		.loc 1 368 9
 1029 0062 0D2B     		cmp	r3, #13
 1030 0064 0CD0     		beq	.L49
 1031              		.loc 1 368 60 discriminator 1
 1032 0066 B7F90E30 		ldrsh	r3, [r7, #14]
 1033 006a 013B     		subs	r3, r3, #1
 1034              		.loc 1 368 53 discriminator 1
 1035 006c 1033     		adds	r3, r3, #16
 1036 006e 3B44     		add	r3, r3, r7
 1037 0070 13F8043C 		ldrb	r3, [r3, #-4]	@ zero_extendqisi2
 1038              		.loc 1 368 44 discriminator 1
 1039 0074 0A2B     		cmp	r3, #10
 1040 0076 03D0     		beq	.L49
 1041              		.loc 1 368 73 discriminator 2
 1042 0078 B7F90E30 		ldrsh	r3, [r7, #14]
 1043 007c 002B     		cmp	r3, #0
 1044 007e CDDD     		ble	.L50
ARM GAS  C:\Users\HUAV\AppData\Local\Temp\ccLd8epe.s 			page 27


 1045              	.L49:
 369:System/shell/shell.c ****         shellWriteString(shell, "\r\n");
 1046              		.loc 1 369 9
 1047 0080 0E49     		ldr	r1, .L52
 1048 0082 7868     		ldr	r0, [r7, #4]
 1049 0084 FFF7FEFF 		bl	shellWriteString
 370:System/shell/shell.c ****         buffer[index] = '\0';
 1050              		.loc 1 370 15
 1051 0088 B7F90E30 		ldrsh	r3, [r7, #14]
 1052              		.loc 1 370 23
 1053 008c 1033     		adds	r3, r3, #16
 1054 008e 3B44     		add	r3, r3, r7
 1055 0090 0022     		movs	r2, #0
 1056 0092 03F8042C 		strb	r2, [r3, #-4]
 1057              	.L47:
 371:System/shell/shell.c ****     }
 372:System/shell/shell.c **** 
 373:System/shell/shell.c ****     va_start(vargs, fmt);
 1058              		.loc 1 373 5
 1059 0096 07F12003 		add	r3, r7, #32
 1060 009a BB60     		str	r3, [r7, #8]
 374:System/shell/shell.c ****     vsscanf(buffer, fmt, vargs);
 1061              		.loc 1 374 5
 1062 009c 07F10C03 		add	r3, r7, #12
 1063 00a0 BA68     		ldr	r2, [r7, #8]
 1064 00a2 F969     		ldr	r1, [r7, #28]
 1065 00a4 1846     		mov	r0, r3
 1066 00a6 FFF7FEFF 		bl	vsscanf
 1067 00aa 00E0     		b	.L44
 1068              	.L51:
 357:System/shell/shell.c **** 
 1069              		.loc 1 357 5
 1070 00ac 00BF     		nop
 1071              	.L44:
 375:System/shell/shell.c ****     va_end(vargs);
 376:System/shell/shell.c **** }
 1072              		.loc 1 376 1
 1073 00ae 1437     		adds	r7, r7, #20
 1074              	.LCFI49:
 1075              		.cfi_def_cfa_offset 20
 1076 00b0 BD46     		mov	sp, r7
 1077              	.LCFI50:
 1078              		.cfi_def_cfa_register 13
 1079              		@ sp needed
 1080 00b2 BDE88040 		pop	{r7, lr}
 1081              	.LCFI51:
 1082              		.cfi_restore 14
 1083              		.cfi_restore 7
 1084              		.cfi_def_cfa_offset 12
 1085 00b6 03B0     		add	sp, sp, #12
 1086              	.LCFI52:
 1087              		.cfi_restore 3
 1088              		.cfi_restore 2
 1089              		.cfi_restore 1
 1090              		.cfi_def_cfa_offset 0
 1091 00b8 7047     		bx	lr
 1092              	.L53:
ARM GAS  C:\Users\HUAV\AppData\Local\Temp\ccLd8epe.s 			page 28


 1093 00ba 00BF     		.align	2
 1094              	.L52:
 1095 00bc F8010000 		.word	.LC22
 1096              		.cfi_endproc
 1097              	.LFE11:
 1099              		.section	.text.shellCheckPermission,"ax",%progbits
 1100              		.align	1
 1101              		.global	shellCheckPermission
 1102              		.syntax unified
 1103              		.thumb
 1104              		.thumb_func
 1106              	shellCheckPermission:
 1107              	.LFB12:
 377:System/shell/shell.c **** #endif
 378:System/shell/shell.c **** 
 379:System/shell/shell.c **** /**
 380:System/shell/shell.c ****  * @brief shell 检查命令权限
 381:System/shell/shell.c ****  *
 382:System/shell/shell.c ****  * @param shell shell对象
 383:System/shell/shell.c ****  * @param command ShellCommand
 384:System/shell/shell.c ****  *
 385:System/shell/shell.c ****  * @return signed char 0 当前用户具有该命令权限
 386:System/shell/shell.c ****  * @return signec char -1 当前用户不具有该命令权限
 387:System/shell/shell.c ****  */
 388:System/shell/shell.c **** signed char shellCheckPermission(Shell *shell, ShellCommand *command)
 389:System/shell/shell.c **** {
 1108              		.loc 1 389 1
 1109              		.cfi_startproc
 1110              		@ args = 0, pretend = 0, frame = 8
 1111              		@ frame_needed = 1, uses_anonymous_args = 0
 1112              		@ link register save eliminated.
 1113 0000 80B4     		push	{r7}
 1114              	.LCFI53:
 1115              		.cfi_def_cfa_offset 4
 1116              		.cfi_offset 7, -4
 1117 0002 83B0     		sub	sp, sp, #12
 1118              	.LCFI54:
 1119              		.cfi_def_cfa_offset 16
 1120 0004 00AF     		add	r7, sp, #0
 1121              	.LCFI55:
 1122              		.cfi_def_cfa_register 7
 1123 0006 7860     		str	r0, [r7, #4]
 1124 0008 3960     		str	r1, [r7]
 390:System/shell/shell.c ****     return ((!command->attr.attrs.permission || command->attr.attrs.type == SHELL_TYPE_USER || (com
 1125              		.loc 1 390 34
 1126 000a 3B68     		ldr	r3, [r7]
 1127 000c 1B78     		ldrb	r3, [r3]	@ zero_extendqisi2
 391:System/shell/shell.c ****                ? 0
 392:System/shell/shell.c ****                : -1;
 1128              		.loc 1 392 16
 1129 000e 002B     		cmp	r3, #0
 1130 0010 0FD0     		beq	.L55
 390:System/shell/shell.c ****     return ((!command->attr.attrs.permission || command->attr.attrs.type == SHELL_TYPE_USER || (com
 1131              		.loc 1 390 74
 1132 0012 3B68     		ldr	r3, [r7]
 1133 0014 5B78     		ldrb	r3, [r3, #1]	@ zero_extendqisi2
 1134 0016 03F00F03 		and	r3, r3, #15
ARM GAS  C:\Users\HUAV\AppData\Local\Temp\ccLd8epe.s 			page 29


 1135 001a DBB2     		uxtb	r3, r3
 390:System/shell/shell.c ****     return ((!command->attr.attrs.permission || command->attr.attrs.type == SHELL_TYPE_USER || (com
 1136              		.loc 1 390 46
 1137 001c 082B     		cmp	r3, #8
 1138 001e 08D0     		beq	.L55
 390:System/shell/shell.c ****     return ((!command->attr.attrs.permission || command->attr.attrs.type == SHELL_TYPE_USER || (com
 1139              		.loc 1 390 116 discriminator 2
 1140 0020 3B68     		ldr	r3, [r7]
 1141 0022 1A78     		ldrb	r2, [r3]	@ zero_extendqisi2
 390:System/shell/shell.c ****     return ((!command->attr.attrs.permission || command->attr.attrs.type == SHELL_TYPE_USER || (com
 1142              		.loc 1 390 141 discriminator 2
 1143 0024 7B68     		ldr	r3, [r7, #4]
 1144 0026 1B68     		ldr	r3, [r3]
 390:System/shell/shell.c ****     return ((!command->attr.attrs.permission || command->attr.attrs.type == SHELL_TYPE_USER || (com
 1145              		.loc 1 390 158 discriminator 2
 1146 0028 1B78     		ldrb	r3, [r3]	@ zero_extendqisi2
 390:System/shell/shell.c ****     return ((!command->attr.attrs.permission || command->attr.attrs.type == SHELL_TYPE_USER || (com
 1147              		.loc 1 390 93 discriminator 2
 1148 002a 1340     		ands	r3, r3, r2
 1149 002c DBB2     		uxtb	r3, r3
 1150 002e 002B     		cmp	r3, #0
 1151 0030 10D0     		beq	.L56
 1152              	.L55:
 390:System/shell/shell.c ****     return ((!command->attr.attrs.permission || command->attr.attrs.type == SHELL_TYPE_USER || (com
 1153              		.loc 1 390 176 discriminator 3
 1154 0032 7B68     		ldr	r3, [r7, #4]
 1155 0034 93F86030 		ldrb	r3, [r3, #96]	@ zero_extendqisi2
 1156 0038 03F00103 		and	r3, r3, #1
 1157 003c DBB2     		uxtb	r3, r3
 390:System/shell/shell.c ****     return ((!command->attr.attrs.permission || command->attr.attrs.type == SHELL_TYPE_USER || (com
 1158              		.loc 1 390 172 discriminator 3
 1159 003e 002B     		cmp	r3, #0
 1160 0040 06D1     		bne	.L57
 390:System/shell/shell.c ****     return ((!command->attr.attrs.permission || command->attr.attrs.type == SHELL_TYPE_USER || (com
 1161              		.loc 1 390 200 discriminator 4
 1162 0042 3B68     		ldr	r3, [r7]
 1163 0044 5B78     		ldrb	r3, [r3, #1]	@ zero_extendqisi2
 1164 0046 03F01003 		and	r3, r3, #16
 1165 004a DBB2     		uxtb	r3, r3
 1166 004c 002B     		cmp	r3, #0
 1167 004e 01D0     		beq	.L56
 1168              	.L57:
 1169              		.loc 1 392 16
 1170 0050 0023     		movs	r3, #0
 1171 0052 01E0     		b	.L58
 1172              	.L56:
 1173              		.loc 1 392 16 is_stmt 0 discriminator 2
 1174 0054 4FF0FF33 		mov	r3, #-1
 1175              	.L58:
 393:System/shell/shell.c **** }
 1176              		.loc 1 393 1 is_stmt 1 discriminator 1
 1177 0058 1846     		mov	r0, r3
 1178 005a 0C37     		adds	r7, r7, #12
 1179              	.LCFI56:
 1180              		.cfi_def_cfa_offset 4
 1181 005c BD46     		mov	sp, r7
 1182              	.LCFI57:
ARM GAS  C:\Users\HUAV\AppData\Local\Temp\ccLd8epe.s 			page 30


 1183              		.cfi_def_cfa_register 13
 1184              		@ sp needed
 1185 005e 5DF8047B 		ldr	r7, [sp], #4
 1186              	.LCFI58:
 1187              		.cfi_restore 7
 1188              		.cfi_def_cfa_offset 0
 1189 0062 7047     		bx	lr
 1190              		.cfi_endproc
 1191              	.LFE12:
 1193              		.section	.text.shellToHex,"ax",%progbits
 1194              		.align	1
 1195              		.global	shellToHex
 1196              		.syntax unified
 1197              		.thumb
 1198              		.thumb_func
 1200              	shellToHex:
 1201              	.LFB13:
 394:System/shell/shell.c **** 
 395:System/shell/shell.c **** /**
 396:System/shell/shell.c ****  * @brief int转16进制字符串
 397:System/shell/shell.c ****  *
 398:System/shell/shell.c ****  * @param value 数值
 399:System/shell/shell.c ****  * @param buffer 缓冲
 400:System/shell/shell.c ****  *
 401:System/shell/shell.c ****  * @return signed char 转换后有效数据长度
 402:System/shell/shell.c ****  */
 403:System/shell/shell.c **** signed char shellToHex(unsigned int value, char *buffer)
 404:System/shell/shell.c **** {
 1202              		.loc 1 404 1
 1203              		.cfi_startproc
 1204              		@ args = 0, pretend = 0, frame = 16
 1205              		@ frame_needed = 1, uses_anonymous_args = 0
 1206              		@ link register save eliminated.
 1207 0000 80B4     		push	{r7}
 1208              	.LCFI59:
 1209              		.cfi_def_cfa_offset 4
 1210              		.cfi_offset 7, -4
 1211 0002 85B0     		sub	sp, sp, #20
 1212              	.LCFI60:
 1213              		.cfi_def_cfa_offset 24
 1214 0004 00AF     		add	r7, sp, #0
 1215              	.LCFI61:
 1216              		.cfi_def_cfa_register 7
 1217 0006 7860     		str	r0, [r7, #4]
 1218 0008 3960     		str	r1, [r7]
 405:System/shell/shell.c ****     char byte;
 406:System/shell/shell.c ****     unsigned char i = 8;
 1219              		.loc 1 406 19
 1220 000a 0823     		movs	r3, #8
 1221 000c FB73     		strb	r3, [r7, #15]
 407:System/shell/shell.c ****     buffer[8] = 0;
 1222              		.loc 1 407 11
 1223 000e 3B68     		ldr	r3, [r7]
 1224 0010 0833     		adds	r3, r3, #8
 1225              		.loc 1 407 15
 1226 0012 0022     		movs	r2, #0
 1227 0014 1A70     		strb	r2, [r3]
ARM GAS  C:\Users\HUAV\AppData\Local\Temp\ccLd8epe.s 			page 31


 408:System/shell/shell.c ****     while (value)
 1228              		.loc 1 408 11
 1229 0016 18E0     		b	.L61
 1230              	.L64:
 409:System/shell/shell.c ****     {
 410:System/shell/shell.c ****         byte = value & 0x0000000F;
 1231              		.loc 1 410 22
 1232 0018 7B68     		ldr	r3, [r7, #4]
 1233 001a DBB2     		uxtb	r3, r3
 1234              		.loc 1 410 14
 1235 001c 03F00F03 		and	r3, r3, #15
 1236 0020 BB73     		strb	r3, [r7, #14]
 411:System/shell/shell.c ****         buffer[--i] = (byte > 9) ? (byte + 87) : (byte + 48);
 1237              		.loc 1 411 21
 1238 0022 BB7B     		ldrb	r3, [r7, #14]	@ zero_extendqisi2
 1239 0024 092B     		cmp	r3, #9
 1240 0026 03D9     		bls	.L62
 1241              		.loc 1 411 21 is_stmt 0 discriminator 1
 1242 0028 BB7B     		ldrb	r3, [r7, #14]
 1243 002a 5733     		adds	r3, r3, #87
 1244 002c DBB2     		uxtb	r3, r3
 1245 002e 02E0     		b	.L63
 1246              	.L62:
 1247              		.loc 1 411 21 discriminator 2
 1248 0030 BB7B     		ldrb	r3, [r7, #14]
 1249 0032 3033     		adds	r3, r3, #48
 1250 0034 DBB2     		uxtb	r3, r3
 1251              	.L63:
 1252              		.loc 1 411 21 discriminator 4
 1253 0036 FA7B     		ldrb	r2, [r7, #15]
 1254 0038 013A     		subs	r2, r2, #1
 1255 003a FA73     		strb	r2, [r7, #15]
 1256              		.loc 1 411 16 is_stmt 1 discriminator 4
 1257 003c FA7B     		ldrb	r2, [r7, #15]	@ zero_extendqisi2
 1258              		.loc 1 411 15 discriminator 4
 1259 003e 3968     		ldr	r1, [r7]
 1260 0040 0A44     		add	r2, r2, r1
 1261              		.loc 1 411 21 discriminator 4
 1262 0042 1370     		strb	r3, [r2]
 412:System/shell/shell.c ****         value >>= 4;
 1263              		.loc 1 412 15 discriminator 4
 1264 0044 7B68     		ldr	r3, [r7, #4]
 1265 0046 1B09     		lsrs	r3, r3, #4
 1266 0048 7B60     		str	r3, [r7, #4]
 1267              	.L61:
 408:System/shell/shell.c ****     {
 1268              		.loc 1 408 11
 1269 004a 7B68     		ldr	r3, [r7, #4]
 1270 004c 002B     		cmp	r3, #0
 1271 004e E3D1     		bne	.L64
 413:System/shell/shell.c ****     }
 414:System/shell/shell.c ****     return 8 - i;
 1272              		.loc 1 414 14
 1273 0050 FB7B     		ldrb	r3, [r7, #15]
 1274 0052 C3F10803 		rsb	r3, r3, #8
 1275 0056 DBB2     		uxtb	r3, r3
 1276 0058 5BB2     		sxtb	r3, r3
ARM GAS  C:\Users\HUAV\AppData\Local\Temp\ccLd8epe.s 			page 32


 415:System/shell/shell.c **** }
 1277              		.loc 1 415 1
 1278 005a 1846     		mov	r0, r3
 1279 005c 1437     		adds	r7, r7, #20
 1280              	.LCFI62:
 1281              		.cfi_def_cfa_offset 4
 1282 005e BD46     		mov	sp, r7
 1283              	.LCFI63:
 1284              		.cfi_def_cfa_register 13
 1285              		@ sp needed
 1286 0060 5DF8047B 		ldr	r7, [sp], #4
 1287              	.LCFI64:
 1288              		.cfi_restore 7
 1289              		.cfi_def_cfa_offset 0
 1290 0064 7047     		bx	lr
 1291              		.cfi_endproc
 1292              	.LFE13:
 1294              		.section	.text.shellToDec,"ax",%progbits
 1295              		.align	1
 1296              		.global	shellToDec
 1297              		.syntax unified
 1298              		.thumb
 1299              		.thumb_func
 1301              	shellToDec:
 1302              	.LFB14:
 416:System/shell/shell.c **** 
 417:System/shell/shell.c **** /**
 418:System/shell/shell.c ****  * @brief int转10进制字符串
 419:System/shell/shell.c ****  *
 420:System/shell/shell.c ****  * @param value 数值
 421:System/shell/shell.c ****  * @param buffer 缓冲
 422:System/shell/shell.c ****  *
 423:System/shell/shell.c ****  * @return signed char 转换后有效数据长度
 424:System/shell/shell.c ****  */
 425:System/shell/shell.c **** signed char shellToDec(int value, char *buffer)
 426:System/shell/shell.c **** {
 1303              		.loc 1 426 1
 1304              		.cfi_startproc
 1305              		@ args = 0, pretend = 0, frame = 16
 1306              		@ frame_needed = 1, uses_anonymous_args = 0
 1307              		@ link register save eliminated.
 1308 0000 80B4     		push	{r7}
 1309              	.LCFI65:
 1310              		.cfi_def_cfa_offset 4
 1311              		.cfi_offset 7, -4
 1312 0002 85B0     		sub	sp, sp, #20
 1313              	.LCFI66:
 1314              		.cfi_def_cfa_offset 24
 1315 0004 00AF     		add	r7, sp, #0
 1316              	.LCFI67:
 1317              		.cfi_def_cfa_register 7
 1318 0006 7860     		str	r0, [r7, #4]
 1319 0008 3960     		str	r1, [r7]
 427:System/shell/shell.c ****     unsigned char i = 11;
 1320              		.loc 1 427 19
 1321 000a 0B23     		movs	r3, #11
 1322 000c FB73     		strb	r3, [r7, #15]
ARM GAS  C:\Users\HUAV\AppData\Local\Temp\ccLd8epe.s 			page 33


 428:System/shell/shell.c ****     int v = value;
 1323              		.loc 1 428 9
 1324 000e 7B68     		ldr	r3, [r7, #4]
 1325 0010 BB60     		str	r3, [r7, #8]
 429:System/shell/shell.c ****     if (value < 0)
 1326              		.loc 1 429 8
 1327 0012 7B68     		ldr	r3, [r7, #4]
 1328 0014 002B     		cmp	r3, #0
 1329 0016 02DA     		bge	.L67
 430:System/shell/shell.c ****     {
 431:System/shell/shell.c ****         v = -value;
 1330              		.loc 1 431 11
 1331 0018 7B68     		ldr	r3, [r7, #4]
 1332 001a 5B42     		rsbs	r3, r3, #0
 1333 001c BB60     		str	r3, [r7, #8]
 1334              	.L67:
 432:System/shell/shell.c ****     }
 433:System/shell/shell.c ****     buffer[11] = 0;
 1335              		.loc 1 433 11
 1336 001e 3B68     		ldr	r3, [r7]
 1337 0020 0B33     		adds	r3, r3, #11
 1338              		.loc 1 433 16
 1339 0022 0022     		movs	r2, #0
 1340 0024 1A70     		strb	r2, [r3]
 434:System/shell/shell.c ****     while (v)
 1341              		.loc 1 434 11
 1342 0026 1DE0     		b	.L68
 1343              	.L69:
 435:System/shell/shell.c ****     {
 436:System/shell/shell.c ****         buffer[--i] = v % 10 + 48;
 1344              		.loc 1 436 25
 1345 0028 BA68     		ldr	r2, [r7, #8]
 1346 002a 204B     		ldr	r3, .L73
 1347 002c 83FB0213 		smull	r1, r3, r3, r2
 1348 0030 9910     		asrs	r1, r3, #2
 1349 0032 D317     		asrs	r3, r2, #31
 1350 0034 C91A     		subs	r1, r1, r3
 1351 0036 0B46     		mov	r3, r1
 1352 0038 9B00     		lsls	r3, r3, #2
 1353 003a 0B44     		add	r3, r3, r1
 1354 003c 5B00     		lsls	r3, r3, #1
 1355 003e D11A     		subs	r1, r2, r3
 1356              		.loc 1 436 30
 1357 0040 CAB2     		uxtb	r2, r1
 1358              		.loc 1 436 21
 1359 0042 FB7B     		ldrb	r3, [r7, #15]
 1360 0044 013B     		subs	r3, r3, #1
 1361 0046 FB73     		strb	r3, [r7, #15]
 1362              		.loc 1 436 16
 1363 0048 FB7B     		ldrb	r3, [r7, #15]	@ zero_extendqisi2
 1364              		.loc 1 436 15
 1365 004a 3968     		ldr	r1, [r7]
 1366 004c 0B44     		add	r3, r3, r1
 1367              		.loc 1 436 30
 1368 004e 3032     		adds	r2, r2, #48
 1369 0050 D2B2     		uxtb	r2, r2
 1370              		.loc 1 436 21
ARM GAS  C:\Users\HUAV\AppData\Local\Temp\ccLd8epe.s 			page 34


 1371 0052 1A70     		strb	r2, [r3]
 437:System/shell/shell.c ****         v /= 10;
 1372              		.loc 1 437 11
 1373 0054 BB68     		ldr	r3, [r7, #8]
 1374 0056 154A     		ldr	r2, .L73
 1375 0058 82FB0312 		smull	r1, r2, r2, r3
 1376 005c 9210     		asrs	r2, r2, #2
 1377 005e DB17     		asrs	r3, r3, #31
 1378 0060 D31A     		subs	r3, r2, r3
 1379 0062 BB60     		str	r3, [r7, #8]
 1380              	.L68:
 434:System/shell/shell.c ****     while (v)
 1381              		.loc 1 434 11
 1382 0064 BB68     		ldr	r3, [r7, #8]
 1383 0066 002B     		cmp	r3, #0
 1384 0068 DED1     		bne	.L69
 438:System/shell/shell.c ****     }
 439:System/shell/shell.c ****     if (value < 0)
 1385              		.loc 1 439 8
 1386 006a 7B68     		ldr	r3, [r7, #4]
 1387 006c 002B     		cmp	r3, #0
 1388 006e 07DA     		bge	.L70
 440:System/shell/shell.c ****     {
 441:System/shell/shell.c ****         buffer[--i] = '-';
 1389              		.loc 1 441 21
 1390 0070 FB7B     		ldrb	r3, [r7, #15]
 1391 0072 013B     		subs	r3, r3, #1
 1392 0074 FB73     		strb	r3, [r7, #15]
 1393              		.loc 1 441 16
 1394 0076 FB7B     		ldrb	r3, [r7, #15]	@ zero_extendqisi2
 1395              		.loc 1 441 15
 1396 0078 3A68     		ldr	r2, [r7]
 1397 007a 1344     		add	r3, r3, r2
 1398              		.loc 1 441 21
 1399 007c 2D22     		movs	r2, #45
 1400 007e 1A70     		strb	r2, [r3]
 1401              	.L70:
 442:System/shell/shell.c ****     }
 443:System/shell/shell.c ****     if (value == 0)
 1402              		.loc 1 443 8
 1403 0080 7B68     		ldr	r3, [r7, #4]
 1404 0082 002B     		cmp	r3, #0
 1405 0084 07D1     		bne	.L71
 444:System/shell/shell.c ****     {
 445:System/shell/shell.c ****         buffer[--i] = '0';
 1406              		.loc 1 445 21
 1407 0086 FB7B     		ldrb	r3, [r7, #15]
 1408 0088 013B     		subs	r3, r3, #1
 1409 008a FB73     		strb	r3, [r7, #15]
 1410              		.loc 1 445 16
 1411 008c FB7B     		ldrb	r3, [r7, #15]	@ zero_extendqisi2
 1412              		.loc 1 445 15
 1413 008e 3A68     		ldr	r2, [r7]
 1414 0090 1344     		add	r3, r3, r2
 1415              		.loc 1 445 21
 1416 0092 3022     		movs	r2, #48
 1417 0094 1A70     		strb	r2, [r3]
ARM GAS  C:\Users\HUAV\AppData\Local\Temp\ccLd8epe.s 			page 35


 1418              	.L71:
 446:System/shell/shell.c ****     }
 447:System/shell/shell.c ****     return 11 - i;
 1419              		.loc 1 447 15
 1420 0096 FB7B     		ldrb	r3, [r7, #15]
 1421 0098 C3F10B03 		rsb	r3, r3, #11
 1422 009c DBB2     		uxtb	r3, r3
 1423 009e 5BB2     		sxtb	r3, r3
 448:System/shell/shell.c **** }
 1424              		.loc 1 448 1
 1425 00a0 1846     		mov	r0, r3
 1426 00a2 1437     		adds	r7, r7, #20
 1427              	.LCFI68:
 1428              		.cfi_def_cfa_offset 4
 1429 00a4 BD46     		mov	sp, r7
 1430              	.LCFI69:
 1431              		.cfi_def_cfa_register 13
 1432              		@ sp needed
 1433 00a6 5DF8047B 		ldr	r7, [sp], #4
 1434              	.LCFI70:
 1435              		.cfi_restore 7
 1436              		.cfi_def_cfa_offset 0
 1437 00aa 7047     		bx	lr
 1438              	.L74:
 1439              		.align	2
 1440              	.L73:
 1441 00ac 67666666 		.word	1717986919
 1442              		.cfi_endproc
 1443              	.LFE14:
 1445              		.section	.text.shellStringCopy,"ax",%progbits
 1446              		.align	1
 1447              		.syntax unified
 1448              		.thumb
 1449              		.thumb_func
 1451              	shellStringCopy:
 1452              	.LFB15:
 449:System/shell/shell.c **** 
 450:System/shell/shell.c **** /**
 451:System/shell/shell.c ****  * @brief shell字符串复制
 452:System/shell/shell.c ****  *
 453:System/shell/shell.c ****  * @param dest 目标字符串
 454:System/shell/shell.c ****  * @param src 源字符串
 455:System/shell/shell.c ****  * @return unsigned short 字符串长度
 456:System/shell/shell.c ****  */
 457:System/shell/shell.c **** static unsigned short shellStringCopy(char *dest, char *src)
 458:System/shell/shell.c **** {
 1453              		.loc 1 458 1
 1454              		.cfi_startproc
 1455              		@ args = 0, pretend = 0, frame = 16
 1456              		@ frame_needed = 1, uses_anonymous_args = 0
 1457              		@ link register save eliminated.
 1458 0000 80B4     		push	{r7}
 1459              	.LCFI71:
 1460              		.cfi_def_cfa_offset 4
 1461              		.cfi_offset 7, -4
 1462 0002 85B0     		sub	sp, sp, #20
 1463              	.LCFI72:
ARM GAS  C:\Users\HUAV\AppData\Local\Temp\ccLd8epe.s 			page 36


 1464              		.cfi_def_cfa_offset 24
 1465 0004 00AF     		add	r7, sp, #0
 1466              	.LCFI73:
 1467              		.cfi_def_cfa_register 7
 1468 0006 7860     		str	r0, [r7, #4]
 1469 0008 3960     		str	r1, [r7]
 459:System/shell/shell.c ****     unsigned short count = 0;
 1470              		.loc 1 459 20
 1471 000a 0023     		movs	r3, #0
 1472 000c FB81     		strh	r3, [r7, #14]	@ movhi
 460:System/shell/shell.c ****     while (*(src + count))
 1473              		.loc 1 460 11
 1474 000e 0AE0     		b	.L76
 1475              	.L77:
 461:System/shell/shell.c ****     {
 462:System/shell/shell.c ****         *(dest + count) = *(src + count);
 1476              		.loc 1 462 33
 1477 0010 FB89     		ldrh	r3, [r7, #14]
 1478 0012 3A68     		ldr	r2, [r7]
 1479 0014 1A44     		add	r2, r2, r3
 1480              		.loc 1 462 16
 1481 0016 FB89     		ldrh	r3, [r7, #14]
 1482 0018 7968     		ldr	r1, [r7, #4]
 1483 001a 0B44     		add	r3, r3, r1
 1484              		.loc 1 462 27
 1485 001c 1278     		ldrb	r2, [r2]	@ zero_extendqisi2
 1486              		.loc 1 462 25
 1487 001e 1A70     		strb	r2, [r3]
 463:System/shell/shell.c ****         count++;
 1488              		.loc 1 463 14
 1489 0020 FB89     		ldrh	r3, [r7, #14]
 1490 0022 0133     		adds	r3, r3, #1
 1491 0024 FB81     		strh	r3, [r7, #14]	@ movhi
 1492              	.L76:
 460:System/shell/shell.c ****     while (*(src + count))
 1493              		.loc 1 460 18
 1494 0026 FB89     		ldrh	r3, [r7, #14]
 1495 0028 3A68     		ldr	r2, [r7]
 1496 002a 1344     		add	r3, r3, r2
 460:System/shell/shell.c ****     while (*(src + count))
 1497              		.loc 1 460 12
 1498 002c 1B78     		ldrb	r3, [r3]	@ zero_extendqisi2
 460:System/shell/shell.c ****     while (*(src + count))
 1499              		.loc 1 460 11
 1500 002e 002B     		cmp	r3, #0
 1501 0030 EED1     		bne	.L77
 464:System/shell/shell.c ****     }
 465:System/shell/shell.c ****     *(dest + count) = 0;
 1502              		.loc 1 465 12
 1503 0032 FB89     		ldrh	r3, [r7, #14]
 1504 0034 7A68     		ldr	r2, [r7, #4]
 1505 0036 1344     		add	r3, r3, r2
 1506              		.loc 1 465 21
 1507 0038 0022     		movs	r2, #0
 1508 003a 1A70     		strb	r2, [r3]
 466:System/shell/shell.c ****     return count;
 1509              		.loc 1 466 12
ARM GAS  C:\Users\HUAV\AppData\Local\Temp\ccLd8epe.s 			page 37


 1510 003c FB89     		ldrh	r3, [r7, #14]
 467:System/shell/shell.c **** }
 1511              		.loc 1 467 1
 1512 003e 1846     		mov	r0, r3
 1513 0040 1437     		adds	r7, r7, #20
 1514              	.LCFI74:
 1515              		.cfi_def_cfa_offset 4
 1516 0042 BD46     		mov	sp, r7
 1517              	.LCFI75:
 1518              		.cfi_def_cfa_register 13
 1519              		@ sp needed
 1520 0044 5DF8047B 		ldr	r7, [sp], #4
 1521              	.LCFI76:
 1522              		.cfi_restore 7
 1523              		.cfi_def_cfa_offset 0
 1524 0048 7047     		bx	lr
 1525              		.cfi_endproc
 1526              	.LFE15:
 1528              		.section	.text.shellStringCompare,"ax",%progbits
 1529              		.align	1
 1530              		.syntax unified
 1531              		.thumb
 1532              		.thumb_func
 1534              	shellStringCompare:
 1535              	.LFB16:
 468:System/shell/shell.c **** 
 469:System/shell/shell.c **** /**
 470:System/shell/shell.c ****  * @brief shell字符串比较
 471:System/shell/shell.c ****  *
 472:System/shell/shell.c ****  * @param dest 目标字符串
 473:System/shell/shell.c ****  * @param src 源字符串
 474:System/shell/shell.c ****  * @return unsigned short 匹配长度
 475:System/shell/shell.c ****  */
 476:System/shell/shell.c **** static unsigned short shellStringCompare(char *dest, char *src)
 477:System/shell/shell.c **** {
 1536              		.loc 1 477 1
 1537              		.cfi_startproc
 1538              		@ args = 0, pretend = 0, frame = 16
 1539              		@ frame_needed = 1, uses_anonymous_args = 0
 1540              		@ link register save eliminated.
 1541 0000 80B4     		push	{r7}
 1542              	.LCFI77:
 1543              		.cfi_def_cfa_offset 4
 1544              		.cfi_offset 7, -4
 1545 0002 85B0     		sub	sp, sp, #20
 1546              	.LCFI78:
 1547              		.cfi_def_cfa_offset 24
 1548 0004 00AF     		add	r7, sp, #0
 1549              	.LCFI79:
 1550              		.cfi_def_cfa_register 7
 1551 0006 7860     		str	r0, [r7, #4]
 1552 0008 3960     		str	r1, [r7]
 478:System/shell/shell.c ****     unsigned short match = 0;
 1553              		.loc 1 478 20
 1554 000a 0023     		movs	r3, #0
 1555 000c FB81     		strh	r3, [r7, #14]	@ movhi
 479:System/shell/shell.c ****     unsigned short i = 0;
ARM GAS  C:\Users\HUAV\AppData\Local\Temp\ccLd8epe.s 			page 38


 1556              		.loc 1 479 20
 1557 000e 0023     		movs	r3, #0
 1558 0010 BB81     		strh	r3, [r7, #12]	@ movhi
 480:System/shell/shell.c **** 
 481:System/shell/shell.c ****     while (*(dest + i) && *(src + i))
 1559              		.loc 1 481 11
 1560 0012 0FE0     		b	.L80
 1561              	.L83:
 482:System/shell/shell.c ****     {
 483:System/shell/shell.c ****         if (*(dest + i) != *(src + i))
 1562              		.loc 1 483 20
 1563 0014 BB89     		ldrh	r3, [r7, #12]
 1564 0016 7A68     		ldr	r2, [r7, #4]
 1565 0018 1344     		add	r3, r3, r2
 1566              		.loc 1 483 13
 1567 001a 1A78     		ldrb	r2, [r3]	@ zero_extendqisi2
 1568              		.loc 1 483 34
 1569 001c BB89     		ldrh	r3, [r7, #12]
 1570 001e 3968     		ldr	r1, [r7]
 1571 0020 0B44     		add	r3, r3, r1
 1572              		.loc 1 483 28
 1573 0022 1B78     		ldrb	r3, [r3]	@ zero_extendqisi2
 1574              		.loc 1 483 12
 1575 0024 9A42     		cmp	r2, r3
 1576 0026 12D1     		bne	.L85
 484:System/shell/shell.c ****         {
 485:System/shell/shell.c ****             break;
 486:System/shell/shell.c ****         }
 487:System/shell/shell.c ****         match++;
 1577              		.loc 1 487 14
 1578 0028 FB89     		ldrh	r3, [r7, #14]
 1579 002a 0133     		adds	r3, r3, #1
 1580 002c FB81     		strh	r3, [r7, #14]	@ movhi
 488:System/shell/shell.c ****         i++;
 1581              		.loc 1 488 10
 1582 002e BB89     		ldrh	r3, [r7, #12]
 1583 0030 0133     		adds	r3, r3, #1
 1584 0032 BB81     		strh	r3, [r7, #12]	@ movhi
 1585              	.L80:
 481:System/shell/shell.c ****     {
 1586              		.loc 1 481 19
 1587 0034 BB89     		ldrh	r3, [r7, #12]
 1588 0036 7A68     		ldr	r2, [r7, #4]
 1589 0038 1344     		add	r3, r3, r2
 481:System/shell/shell.c ****     {
 1590              		.loc 1 481 12
 1591 003a 1B78     		ldrb	r3, [r3]	@ zero_extendqisi2
 481:System/shell/shell.c ****     {
 1592              		.loc 1 481 11
 1593 003c 002B     		cmp	r3, #0
 1594 003e 07D0     		beq	.L82
 481:System/shell/shell.c ****     {
 1595              		.loc 1 481 33 discriminator 1
 1596 0040 BB89     		ldrh	r3, [r7, #12]
 1597 0042 3A68     		ldr	r2, [r7]
 1598 0044 1344     		add	r3, r3, r2
 481:System/shell/shell.c ****     {
ARM GAS  C:\Users\HUAV\AppData\Local\Temp\ccLd8epe.s 			page 39


 1599              		.loc 1 481 27 discriminator 1
 1600 0046 1B78     		ldrb	r3, [r3]	@ zero_extendqisi2
 481:System/shell/shell.c ****     {
 1601              		.loc 1 481 24 discriminator 1
 1602 0048 002B     		cmp	r3, #0
 1603 004a E3D1     		bne	.L83
 1604 004c 00E0     		b	.L82
 1605              	.L85:
 485:System/shell/shell.c ****         }
 1606              		.loc 1 485 13
 1607 004e 00BF     		nop
 1608              	.L82:
 489:System/shell/shell.c ****     }
 490:System/shell/shell.c ****     return match;
 1609              		.loc 1 490 12
 1610 0050 FB89     		ldrh	r3, [r7, #14]
 491:System/shell/shell.c **** }
 1611              		.loc 1 491 1
 1612 0052 1846     		mov	r0, r3
 1613 0054 1437     		adds	r7, r7, #20
 1614              	.LCFI80:
 1615              		.cfi_def_cfa_offset 4
 1616 0056 BD46     		mov	sp, r7
 1617              	.LCFI81:
 1618              		.cfi_def_cfa_register 13
 1619              		@ sp needed
 1620 0058 5DF8047B 		ldr	r7, [sp], #4
 1621              	.LCFI82:
 1622              		.cfi_restore 7
 1623              		.cfi_def_cfa_offset 0
 1624 005c 7047     		bx	lr
 1625              		.cfi_endproc
 1626              	.LFE16:
 1628              		.section	.text.shellGetCommandName,"ax",%progbits
 1629              		.align	1
 1630              		.syntax unified
 1631              		.thumb
 1632              		.thumb_func
 1634              	shellGetCommandName:
 1635              	.LFB17:
 492:System/shell/shell.c **** 
 493:System/shell/shell.c **** /**
 494:System/shell/shell.c ****  * @brief shell获取命令名
 495:System/shell/shell.c ****  *
 496:System/shell/shell.c ****  * @param command 命令
 497:System/shell/shell.c ****  * @return const char* 命令名
 498:System/shell/shell.c ****  */
 499:System/shell/shell.c **** static const char *shellGetCommandName(ShellCommand *command)
 500:System/shell/shell.c **** {
 1636              		.loc 1 500 1
 1637              		.cfi_startproc
 1638              		@ args = 0, pretend = 0, frame = 16
 1639              		@ frame_needed = 1, uses_anonymous_args = 0
 1640 0000 80B5     		push	{r7, lr}
 1641              	.LCFI83:
 1642              		.cfi_def_cfa_offset 8
 1643              		.cfi_offset 7, -8
ARM GAS  C:\Users\HUAV\AppData\Local\Temp\ccLd8epe.s 			page 40


 1644              		.cfi_offset 14, -4
 1645 0002 84B0     		sub	sp, sp, #16
 1646              	.LCFI84:
 1647              		.cfi_def_cfa_offset 24
 1648 0004 00AF     		add	r7, sp, #0
 1649              	.LCFI85:
 1650              		.cfi_def_cfa_register 7
 1651 0006 7860     		str	r0, [r7, #4]
 1652              	.LBB5:
 501:System/shell/shell.c ****     static char buffer[9];
 502:System/shell/shell.c ****     for (unsigned char i = 0; i < 9; i++)
 1653              		.loc 1 502 24
 1654 0008 0023     		movs	r3, #0
 1655 000a FB73     		strb	r3, [r7, #15]
 1656              		.loc 1 502 5
 1657 000c 06E0     		b	.L87
 1658              	.L88:
 503:System/shell/shell.c ****     {
 504:System/shell/shell.c ****         buffer[i] = '0';
 1659              		.loc 1 504 15 discriminator 3
 1660 000e FB7B     		ldrb	r3, [r7, #15]	@ zero_extendqisi2
 1661              		.loc 1 504 19 discriminator 3
 1662 0010 184A     		ldr	r2, .L93
 1663 0012 3021     		movs	r1, #48
 1664 0014 D154     		strb	r1, [r2, r3]
 502:System/shell/shell.c ****     {
 1665              		.loc 1 502 39 discriminator 3
 1666 0016 FB7B     		ldrb	r3, [r7, #15]	@ zero_extendqisi2
 1667 0018 0133     		adds	r3, r3, #1
 1668 001a FB73     		strb	r3, [r7, #15]
 1669              	.L87:
 502:System/shell/shell.c ****     {
 1670              		.loc 1 502 5 discriminator 1
 1671 001c FB7B     		ldrb	r3, [r7, #15]	@ zero_extendqisi2
 1672 001e 082B     		cmp	r3, #8
 1673 0020 F5D9     		bls	.L88
 1674              	.LBE5:
 505:System/shell/shell.c ****     }
 506:System/shell/shell.c ****     if (command->attr.attrs.type <= SHELL_TYPE_CMD_FUNC)
 1675              		.loc 1 506 28
 1676 0022 7B68     		ldr	r3, [r7, #4]
 1677 0024 5B78     		ldrb	r3, [r3, #1]
 1678 0026 C3F30303 		ubfx	r3, r3, #0, #4
 1679 002a DBB2     		uxtb	r3, r3
 1680              		.loc 1 506 8
 1681 002c 012B     		cmp	r3, #1
 1682 002e 02D8     		bhi	.L89
 507:System/shell/shell.c ****     {
 508:System/shell/shell.c ****         return command->data.cmd.name;
 1683              		.loc 1 508 33
 1684 0030 7B68     		ldr	r3, [r7, #4]
 1685 0032 5B68     		ldr	r3, [r3, #4]
 1686 0034 1AE0     		b	.L90
 1687              	.L89:
 509:System/shell/shell.c ****     }
 510:System/shell/shell.c ****     else if (command->attr.attrs.type <= SHELL_TYPE_VAR_NODE)
 1688              		.loc 1 510 33
ARM GAS  C:\Users\HUAV\AppData\Local\Temp\ccLd8epe.s 			page 41


 1689 0036 7B68     		ldr	r3, [r7, #4]
 1690 0038 5B78     		ldrb	r3, [r3, #1]
 1691 003a C3F30303 		ubfx	r3, r3, #0, #4
 1692 003e DBB2     		uxtb	r3, r3
 1693              		.loc 1 510 13
 1694 0040 072B     		cmp	r3, #7
 1695 0042 02D8     		bhi	.L91
 511:System/shell/shell.c ****     {
 512:System/shell/shell.c ****         return command->data.var.name;
 1696              		.loc 1 512 33
 1697 0044 7B68     		ldr	r3, [r7, #4]
 1698 0046 5B68     		ldr	r3, [r3, #4]
 1699 0048 10E0     		b	.L90
 1700              	.L91:
 513:System/shell/shell.c ****     }
 514:System/shell/shell.c ****     else if (command->attr.attrs.type <= SHELL_TYPE_USER)
 1701              		.loc 1 514 33
 1702 004a 7B68     		ldr	r3, [r7, #4]
 1703 004c 5B78     		ldrb	r3, [r3, #1]
 1704 004e C3F30303 		ubfx	r3, r3, #0, #4
 1705 0052 DBB2     		uxtb	r3, r3
 1706              		.loc 1 514 13
 1707 0054 082B     		cmp	r3, #8
 1708 0056 02D8     		bhi	.L92
 515:System/shell/shell.c ****     {
 516:System/shell/shell.c ****         return command->data.user.name;
 1709              		.loc 1 516 34
 1710 0058 7B68     		ldr	r3, [r7, #4]
 1711 005a 5B68     		ldr	r3, [r3, #4]
 1712 005c 06E0     		b	.L90
 1713              	.L92:
 517:System/shell/shell.c ****     }
 518:System/shell/shell.c ****     else
 519:System/shell/shell.c ****     {
 520:System/shell/shell.c ****         shellToHex(command->data.key.value, buffer);
 1714              		.loc 1 520 37
 1715 005e 7B68     		ldr	r3, [r7, #4]
 1716 0060 5B68     		ldr	r3, [r3, #4]
 1717              		.loc 1 520 9
 1718 0062 0449     		ldr	r1, .L93
 1719 0064 1846     		mov	r0, r3
 1720 0066 FFF7FEFF 		bl	shellToHex
 521:System/shell/shell.c ****         return buffer;
 1721              		.loc 1 521 16
 1722 006a 024B     		ldr	r3, .L93
 1723              	.L90:
 522:System/shell/shell.c ****     }
 523:System/shell/shell.c **** }
 1724              		.loc 1 523 1
 1725 006c 1846     		mov	r0, r3
 1726 006e 1037     		adds	r7, r7, #16
 1727              	.LCFI86:
 1728              		.cfi_def_cfa_offset 8
 1729 0070 BD46     		mov	sp, r7
 1730              	.LCFI87:
 1731              		.cfi_def_cfa_register 13
 1732              		@ sp needed
ARM GAS  C:\Users\HUAV\AppData\Local\Temp\ccLd8epe.s 			page 42


 1733 0072 80BD     		pop	{r7, pc}
 1734              	.L94:
 1735              		.align	2
 1736              	.L93:
 1737 0074 00000000 		.word	buffer.0
 1738              		.cfi_endproc
 1739              	.LFE17:
 1741              		.section	.text.shellGetCommandDesc,"ax",%progbits
 1742              		.align	1
 1743              		.syntax unified
 1744              		.thumb
 1745              		.thumb_func
 1747              	shellGetCommandDesc:
 1748              	.LFB18:
 524:System/shell/shell.c **** 
 525:System/shell/shell.c **** /**
 526:System/shell/shell.c ****  * @brief shell获取命令描述
 527:System/shell/shell.c ****  *
 528:System/shell/shell.c ****  * @param command 命令
 529:System/shell/shell.c ****  * @return const char* 命令描述
 530:System/shell/shell.c ****  */
 531:System/shell/shell.c **** static const char *shellGetCommandDesc(ShellCommand *command)
 532:System/shell/shell.c **** {
 1749              		.loc 1 532 1
 1750              		.cfi_startproc
 1751              		@ args = 0, pretend = 0, frame = 8
 1752              		@ frame_needed = 1, uses_anonymous_args = 0
 1753              		@ link register save eliminated.
 1754 0000 80B4     		push	{r7}
 1755              	.LCFI88:
 1756              		.cfi_def_cfa_offset 4
 1757              		.cfi_offset 7, -4
 1758 0002 83B0     		sub	sp, sp, #12
 1759              	.LCFI89:
 1760              		.cfi_def_cfa_offset 16
 1761 0004 00AF     		add	r7, sp, #0
 1762              	.LCFI90:
 1763              		.cfi_def_cfa_register 7
 1764 0006 7860     		str	r0, [r7, #4]
 533:System/shell/shell.c ****     if (command->attr.attrs.type <= SHELL_TYPE_CMD_FUNC)
 1765              		.loc 1 533 28
 1766 0008 7B68     		ldr	r3, [r7, #4]
 1767 000a 5B78     		ldrb	r3, [r3, #1]
 1768 000c C3F30303 		ubfx	r3, r3, #0, #4
 1769 0010 DBB2     		uxtb	r3, r3
 1770              		.loc 1 533 8
 1771 0012 012B     		cmp	r3, #1
 1772 0014 02D8     		bhi	.L96
 534:System/shell/shell.c ****     {
 535:System/shell/shell.c ****         return command->data.cmd.desc;
 1773              		.loc 1 535 33
 1774 0016 7B68     		ldr	r3, [r7, #4]
 1775 0018 DB68     		ldr	r3, [r3, #12]
 1776 001a 15E0     		b	.L97
 1777              	.L96:
 536:System/shell/shell.c ****     }
 537:System/shell/shell.c ****     else if (command->attr.attrs.type <= SHELL_TYPE_VAR_NODE)
ARM GAS  C:\Users\HUAV\AppData\Local\Temp\ccLd8epe.s 			page 43


 1778              		.loc 1 537 33
 1779 001c 7B68     		ldr	r3, [r7, #4]
 1780 001e 5B78     		ldrb	r3, [r3, #1]
 1781 0020 C3F30303 		ubfx	r3, r3, #0, #4
 1782 0024 DBB2     		uxtb	r3, r3
 1783              		.loc 1 537 13
 1784 0026 072B     		cmp	r3, #7
 1785 0028 02D8     		bhi	.L98
 538:System/shell/shell.c ****     {
 539:System/shell/shell.c ****         return command->data.var.desc;
 1786              		.loc 1 539 33
 1787 002a 7B68     		ldr	r3, [r7, #4]
 1788 002c DB68     		ldr	r3, [r3, #12]
 1789 002e 0BE0     		b	.L97
 1790              	.L98:
 540:System/shell/shell.c ****     }
 541:System/shell/shell.c ****     else if (command->attr.attrs.type <= SHELL_TYPE_USER)
 1791              		.loc 1 541 33
 1792 0030 7B68     		ldr	r3, [r7, #4]
 1793 0032 5B78     		ldrb	r3, [r3, #1]
 1794 0034 C3F30303 		ubfx	r3, r3, #0, #4
 1795 0038 DBB2     		uxtb	r3, r3
 1796              		.loc 1 541 13
 1797 003a 082B     		cmp	r3, #8
 1798 003c 02D8     		bhi	.L99
 542:System/shell/shell.c ****     {
 543:System/shell/shell.c ****         return command->data.user.desc;
 1799              		.loc 1 543 34
 1800 003e 7B68     		ldr	r3, [r7, #4]
 1801 0040 DB68     		ldr	r3, [r3, #12]
 1802 0042 01E0     		b	.L97
 1803              	.L99:
 544:System/shell/shell.c ****     }
 545:System/shell/shell.c ****     else
 546:System/shell/shell.c ****     {
 547:System/shell/shell.c ****         return command->data.key.desc;
 1804              		.loc 1 547 33
 1805 0044 7B68     		ldr	r3, [r7, #4]
 1806 0046 DB68     		ldr	r3, [r3, #12]
 1807              	.L97:
 548:System/shell/shell.c ****     }
 549:System/shell/shell.c **** }
 1808              		.loc 1 549 1
 1809 0048 1846     		mov	r0, r3
 1810 004a 0C37     		adds	r7, r7, #12
 1811              	.LCFI91:
 1812              		.cfi_def_cfa_offset 4
 1813 004c BD46     		mov	sp, r7
 1814              	.LCFI92:
 1815              		.cfi_def_cfa_register 13
 1816              		@ sp needed
 1817 004e 5DF8047B 		ldr	r7, [sp], #4
 1818              	.LCFI93:
 1819              		.cfi_restore 7
 1820              		.cfi_def_cfa_offset 0
 1821 0052 7047     		bx	lr
 1822              		.cfi_endproc
ARM GAS  C:\Users\HUAV\AppData\Local\Temp\ccLd8epe.s 			page 44


 1823              	.LFE18:
 1825              		.section	.text.shellListItem,"ax",%progbits
 1826              		.align	1
 1827              		.global	shellListItem
 1828              		.syntax unified
 1829              		.thumb
 1830              		.thumb_func
 1832              	shellListItem:
 1833              	.LFB19:
 550:System/shell/shell.c **** 
 551:System/shell/shell.c **** /**
 552:System/shell/shell.c ****  * @brief shell 列出命令条目
 553:System/shell/shell.c ****  *
 554:System/shell/shell.c ****  * @param shell shell对象
 555:System/shell/shell.c ****  * @param item 命令条目
 556:System/shell/shell.c ****  */
 557:System/shell/shell.c **** void shellListItem(Shell *shell, ShellCommand *item)
 558:System/shell/shell.c **** {
 1834              		.loc 1 558 1
 1835              		.cfi_startproc
 1836              		@ args = 0, pretend = 0, frame = 16
 1837              		@ frame_needed = 1, uses_anonymous_args = 0
 1838 0000 80B5     		push	{r7, lr}
 1839              	.LCFI94:
 1840              		.cfi_def_cfa_offset 8
 1841              		.cfi_offset 7, -8
 1842              		.cfi_offset 14, -4
 1843 0002 84B0     		sub	sp, sp, #16
 1844              	.LCFI95:
 1845              		.cfi_def_cfa_offset 24
 1846 0004 00AF     		add	r7, sp, #0
 1847              	.LCFI96:
 1848              		.cfi_def_cfa_register 7
 1849 0006 7860     		str	r0, [r7, #4]
 1850 0008 3960     		str	r1, [r7]
 559:System/shell/shell.c ****     short spaceLength;
 560:System/shell/shell.c **** 
 561:System/shell/shell.c ****     spaceLength = 22 - shellWriteString(shell, shellGetCommandName(item));
 1851              		.loc 1 561 24
 1852 000a 3868     		ldr	r0, [r7]
 1853 000c FFF7FEFF 		bl	shellGetCommandName
 1854 0010 0346     		mov	r3, r0
 1855 0012 1946     		mov	r1, r3
 1856 0014 7868     		ldr	r0, [r7, #4]
 1857 0016 FFF7FEFF 		bl	shellWriteString
 1858 001a 0346     		mov	r3, r0
 1859              		.loc 1 561 22
 1860 001c C3F11603 		rsb	r3, r3, #22
 1861 0020 9BB2     		uxth	r3, r3
 1862              		.loc 1 561 17
 1863 0022 FB81     		strh	r3, [r7, #14]	@ movhi
 562:System/shell/shell.c ****     spaceLength = (spaceLength > 0) ? spaceLength : 4;
 1864              		.loc 1 562 17
 1865 0024 B7F90E30 		ldrsh	r3, [r7, #14]
 1866 0028 002B     		cmp	r3, #0
 1867 002a 02DD     		ble	.L101
 1868              		.loc 1 562 17 is_stmt 0 discriminator 1
ARM GAS  C:\Users\HUAV\AppData\Local\Temp\ccLd8epe.s 			page 45


 1869 002c B7F90E30 		ldrsh	r3, [r7, #14]
 1870 0030 00E0     		b	.L102
 1871              	.L101:
 1872              		.loc 1 562 17 discriminator 2
 1873 0032 0423     		movs	r3, #4
 1874              	.L102:
 1875              		.loc 1 562 17 discriminator 4
 1876 0034 FB81     		strh	r3, [r7, #14]	@ movhi
 1877              	.L103:
 563:System/shell/shell.c ****     do
 564:System/shell/shell.c ****     {
 565:System/shell/shell.c ****         shellWriteByte(shell, '-');
 1878              		.loc 1 565 9 is_stmt 1 discriminator 1
 1879 0036 2D21     		movs	r1, #45
 1880 0038 7868     		ldr	r0, [r7, #4]
 1881 003a FFF7FEFF 		bl	shellWriteByte
 566:System/shell/shell.c ****     } while (--spaceLength);
 1882              		.loc 1 566 14 discriminator 1
 1883 003e FB89     		ldrh	r3, [r7, #14]
 1884 0040 013B     		subs	r3, r3, #1
 1885 0042 9BB2     		uxth	r3, r3
 1886              		.loc 1 566 5 discriminator 1
 1887 0044 FB81     		strh	r3, [r7, #14]	@ movhi
 1888 0046 B7F90E30 		ldrsh	r3, [r7, #14]
 1889 004a 002B     		cmp	r3, #0
 1890 004c F3D1     		bne	.L103
 567:System/shell/shell.c ****     if (item->attr.attrs.type <= SHELL_TYPE_CMD_FUNC)
 1891              		.loc 1 567 25
 1892 004e 3B68     		ldr	r3, [r7]
 1893 0050 5B78     		ldrb	r3, [r3, #1]
 1894 0052 C3F30303 		ubfx	r3, r3, #0, #4
 1895 0056 DBB2     		uxtb	r3, r3
 1896              		.loc 1 567 8
 1897 0058 012B     		cmp	r3, #1
 1898 005a 06D8     		bhi	.L104
 568:System/shell/shell.c ****     {
 569:System/shell/shell.c ****         shellWriteString(shell, shellText[SHELL_TEXT_TYPE_CMD]);
 1899              		.loc 1 569 9
 1900 005c 1D4B     		ldr	r3, .L110
 1901 005e 1B6C     		ldr	r3, [r3, #64]
 1902 0060 1946     		mov	r1, r3
 1903 0062 7868     		ldr	r0, [r7, #4]
 1904 0064 FFF7FEFF 		bl	shellWriteString
 570:System/shell/shell.c ****     }
 571:System/shell/shell.c ****     else if (item->attr.attrs.type <= SHELL_TYPE_VAR_NODE)
 572:System/shell/shell.c ****     {
 573:System/shell/shell.c ****         shellWriteString(shell, shellText[SHELL_TEXT_TYPE_VAR]);
 574:System/shell/shell.c ****     }
 575:System/shell/shell.c ****     else if (item->attr.attrs.type <= SHELL_TYPE_USER)
 576:System/shell/shell.c ****     {
 577:System/shell/shell.c ****         shellWriteString(shell, shellText[SHELL_TEXT_TYPE_USER]);
 578:System/shell/shell.c ****     }
 579:System/shell/shell.c ****     else if (item->attr.attrs.type <= SHELL_TYPE_KEY)
 580:System/shell/shell.c ****     {
 581:System/shell/shell.c ****         shellWriteString(shell, shellText[SHELL_TEXT_TYPE_KEY]);
 582:System/shell/shell.c ****     }
 583:System/shell/shell.c ****     else
ARM GAS  C:\Users\HUAV\AppData\Local\Temp\ccLd8epe.s 			page 46


 584:System/shell/shell.c ****     {
 585:System/shell/shell.c ****         shellWriteString(shell, shellText[SHELL_TEXT_TYPE_NONE]);
 586:System/shell/shell.c ****     }
 587:System/shell/shell.c **** #if SHELL_HELP_SHOW_PERMISSION == 1
 588:System/shell/shell.c ****     shellWriteString(shell, " ");
 589:System/shell/shell.c ****     for (signed char i = 7; i >= 0; i--)
 590:System/shell/shell.c ****     {
 591:System/shell/shell.c ****         shellWriteByte(shell, item->attr.attrs.permission & (1 << i) ? 'x' : '-');
 592:System/shell/shell.c ****     }
 593:System/shell/shell.c **** #endif
 594:System/shell/shell.c ****     // shellWriteString(shell, " ");
 595:System/shell/shell.c ****     // shellWriteCommandDesc(shell, shellGetCommandDesc(item));
 596:System/shell/shell.c ****     // shellWriteString(shell, "\r\n");
 597:System/shell/shell.c **** }
 1905              		.loc 1 597 1
 1906 0068 2FE0     		b	.L109
 1907              	.L104:
 571:System/shell/shell.c ****     {
 1908              		.loc 1 571 30
 1909 006a 3B68     		ldr	r3, [r7]
 1910 006c 5B78     		ldrb	r3, [r3, #1]
 1911 006e C3F30303 		ubfx	r3, r3, #0, #4
 1912 0072 DBB2     		uxtb	r3, r3
 571:System/shell/shell.c ****     {
 1913              		.loc 1 571 13
 1914 0074 072B     		cmp	r3, #7
 1915 0076 06D8     		bhi	.L106
 573:System/shell/shell.c ****     }
 1916              		.loc 1 573 9
 1917 0078 164B     		ldr	r3, .L110
 1918 007a 5B6C     		ldr	r3, [r3, #68]
 1919 007c 1946     		mov	r1, r3
 1920 007e 7868     		ldr	r0, [r7, #4]
 1921 0080 FFF7FEFF 		bl	shellWriteString
 1922              		.loc 1 597 1
 1923 0084 21E0     		b	.L109
 1924              	.L106:
 575:System/shell/shell.c ****     {
 1925              		.loc 1 575 30
 1926 0086 3B68     		ldr	r3, [r7]
 1927 0088 5B78     		ldrb	r3, [r3, #1]
 1928 008a C3F30303 		ubfx	r3, r3, #0, #4
 1929 008e DBB2     		uxtb	r3, r3
 575:System/shell/shell.c ****     {
 1930              		.loc 1 575 13
 1931 0090 082B     		cmp	r3, #8
 1932 0092 06D8     		bhi	.L107
 577:System/shell/shell.c ****     }
 1933              		.loc 1 577 9
 1934 0094 0F4B     		ldr	r3, .L110
 1935 0096 9B6C     		ldr	r3, [r3, #72]
 1936 0098 1946     		mov	r1, r3
 1937 009a 7868     		ldr	r0, [r7, #4]
 1938 009c FFF7FEFF 		bl	shellWriteString
 1939              		.loc 1 597 1
 1940 00a0 13E0     		b	.L109
 1941              	.L107:
ARM GAS  C:\Users\HUAV\AppData\Local\Temp\ccLd8epe.s 			page 47


 579:System/shell/shell.c ****     {
 1942              		.loc 1 579 30
 1943 00a2 3B68     		ldr	r3, [r7]
 1944 00a4 5B78     		ldrb	r3, [r3, #1]
 1945 00a6 C3F30303 		ubfx	r3, r3, #0, #4
 1946 00aa DBB2     		uxtb	r3, r3
 579:System/shell/shell.c ****     {
 1947              		.loc 1 579 13
 1948 00ac 092B     		cmp	r3, #9
 1949 00ae 06D8     		bhi	.L108
 581:System/shell/shell.c ****     }
 1950              		.loc 1 581 9
 1951 00b0 084B     		ldr	r3, .L110
 1952 00b2 DB6C     		ldr	r3, [r3, #76]
 1953 00b4 1946     		mov	r1, r3
 1954 00b6 7868     		ldr	r0, [r7, #4]
 1955 00b8 FFF7FEFF 		bl	shellWriteString
 1956              		.loc 1 597 1
 1957 00bc 05E0     		b	.L109
 1958              	.L108:
 585:System/shell/shell.c ****     }
 1959              		.loc 1 585 9
 1960 00be 054B     		ldr	r3, .L110
 1961 00c0 1B6D     		ldr	r3, [r3, #80]
 1962 00c2 1946     		mov	r1, r3
 1963 00c4 7868     		ldr	r0, [r7, #4]
 1964 00c6 FFF7FEFF 		bl	shellWriteString
 1965              	.L109:
 1966              		.loc 1 597 1
 1967 00ca 00BF     		nop
 1968 00cc 1037     		adds	r7, r7, #16
 1969              	.LCFI97:
 1970              		.cfi_def_cfa_offset 8
 1971 00ce BD46     		mov	sp, r7
 1972              	.LCFI98:
 1973              		.cfi_def_cfa_register 13
 1974              		@ sp needed
 1975 00d0 80BD     		pop	{r7, pc}
 1976              	.L111:
 1977 00d2 00BF     		.align	2
 1978              	.L110:
 1979 00d4 00000000 		.word	shellText
 1980              		.cfi_endproc
 1981              	.LFE19:
 1983              		.section	.text.shellListCommand,"ax",%progbits
 1984              		.align	1
 1985              		.global	shellListCommand
 1986              		.syntax unified
 1987              		.thumb
 1988              		.thumb_func
 1990              	shellListCommand:
 1991              	.LFB20:
 598:System/shell/shell.c **** 
 599:System/shell/shell.c **** /**
 600:System/shell/shell.c ****  * @brief shell列出可执行命令
 601:System/shell/shell.c ****  *
 602:System/shell/shell.c ****  * @param shell shell对象
ARM GAS  C:\Users\HUAV\AppData\Local\Temp\ccLd8epe.s 			page 48


 603:System/shell/shell.c ****  */
 604:System/shell/shell.c **** void shellListCommand(Shell *shell)
 605:System/shell/shell.c **** {
 1992              		.loc 1 605 1
 1993              		.cfi_startproc
 1994              		@ args = 0, pretend = 0, frame = 16
 1995              		@ frame_needed = 1, uses_anonymous_args = 0
 1996 0000 80B5     		push	{r7, lr}
 1997              	.LCFI99:
 1998              		.cfi_def_cfa_offset 8
 1999              		.cfi_offset 7, -8
 2000              		.cfi_offset 14, -4
 2001 0002 84B0     		sub	sp, sp, #16
 2002              	.LCFI100:
 2003              		.cfi_def_cfa_offset 24
 2004 0004 00AF     		add	r7, sp, #0
 2005              	.LCFI101:
 2006              		.cfi_def_cfa_register 7
 2007 0006 7860     		str	r0, [r7, #4]
 606:System/shell/shell.c ****     ShellCommand *base = (ShellCommand *)shell->commandList.base;
 2008              		.loc 1 606 19
 2009 0008 7B68     		ldr	r3, [r7, #4]
 2010 000a 9B6D     		ldr	r3, [r3, #88]
 2011 000c BB60     		str	r3, [r7, #8]
 607:System/shell/shell.c ****     shellWriteString(shell, shellText[SHELL_TEXT_CMD_LIST]);
 2012              		.loc 1 607 5
 2013 000e 1D4B     		ldr	r3, .L116
 2014 0010 9B68     		ldr	r3, [r3, #8]
 2015 0012 1946     		mov	r1, r3
 2016 0014 7868     		ldr	r0, [r7, #4]
 2017 0016 FFF7FEFF 		bl	shellWriteString
 2018              	.LBB6:
 608:System/shell/shell.c ****     for (short i = 0; i < shell->commandList.count; i++)
 2019              		.loc 1 608 16
 2020 001a 0023     		movs	r3, #0
 2021 001c FB81     		strh	r3, [r7, #14]	@ movhi
 2022              		.loc 1 608 5
 2023 001e 25E0     		b	.L113
 2024              	.L115:
 609:System/shell/shell.c ****     {
 610:System/shell/shell.c ****         if (base[i].attr.attrs.type <= SHELL_TYPE_CMD_FUNC && shellCheckPermission(shell, &base[i])
 2025              		.loc 1 610 17
 2026 0020 B7F90E30 		ldrsh	r3, [r7, #14]
 2027 0024 1B01     		lsls	r3, r3, #4
 2028 0026 BA68     		ldr	r2, [r7, #8]
 2029 0028 1344     		add	r3, r3, r2
 2030              		.loc 1 610 31
 2031 002a 5B78     		ldrb	r3, [r3, #1]
 2032 002c C3F30303 		ubfx	r3, r3, #0, #4
 2033 0030 DBB2     		uxtb	r3, r3
 2034              		.loc 1 610 12
 2035 0032 012B     		cmp	r3, #1
 2036 0034 14D8     		bhi	.L114
 2037              		.loc 1 610 96 discriminator 1
 2038 0036 B7F90E30 		ldrsh	r3, [r7, #14]
 2039 003a 1B01     		lsls	r3, r3, #4
 2040              		.loc 1 610 63 discriminator 1
ARM GAS  C:\Users\HUAV\AppData\Local\Temp\ccLd8epe.s 			page 49


 2041 003c BA68     		ldr	r2, [r7, #8]
 2042 003e 1344     		add	r3, r3, r2
 2043 0040 1946     		mov	r1, r3
 2044 0042 7868     		ldr	r0, [r7, #4]
 2045 0044 FFF7FEFF 		bl	shellCheckPermission
 2046 0048 0346     		mov	r3, r0
 2047              		.loc 1 610 60 discriminator 1
 2048 004a 002B     		cmp	r3, #0
 2049 004c 08D1     		bne	.L114
 611:System/shell/shell.c ****         {
 612:System/shell/shell.c ****             shellListItem(shell, &base[i]);
 2050              		.loc 1 612 39
 2051 004e B7F90E30 		ldrsh	r3, [r7, #14]
 2052 0052 1B01     		lsls	r3, r3, #4
 2053              		.loc 1 612 13
 2054 0054 BA68     		ldr	r2, [r7, #8]
 2055 0056 1344     		add	r3, r3, r2
 2056 0058 1946     		mov	r1, r3
 2057 005a 7868     		ldr	r0, [r7, #4]
 2058 005c FFF7FEFF 		bl	shellListItem
 2059              	.L114:
 608:System/shell/shell.c ****     {
 2060              		.loc 1 608 54 discriminator 2
 2061 0060 B7F90E30 		ldrsh	r3, [r7, #14]
 2062 0064 9BB2     		uxth	r3, r3
 2063 0066 0133     		adds	r3, r3, #1
 2064 0068 9BB2     		uxth	r3, r3
 2065 006a FB81     		strh	r3, [r7, #14]	@ movhi
 2066              	.L113:
 608:System/shell/shell.c ****     {
 2067              		.loc 1 608 25 discriminator 1
 2068 006c B7F90E30 		ldrsh	r3, [r7, #14]
 608:System/shell/shell.c ****     {
 2069              		.loc 1 608 45 discriminator 1
 2070 0070 7A68     		ldr	r2, [r7, #4]
 2071 0072 B2F85C20 		ldrh	r2, [r2, #92]
 608:System/shell/shell.c ****     {
 2072              		.loc 1 608 5 discriminator 1
 2073 0076 9342     		cmp	r3, r2
 2074 0078 D2DB     		blt	.L115
 2075              	.LBE6:
 613:System/shell/shell.c ****         }
 614:System/shell/shell.c ****     }
 615:System/shell/shell.c **** }
 2076              		.loc 1 615 1
 2077 007a 00BF     		nop
 2078 007c 00BF     		nop
 2079 007e 1037     		adds	r7, r7, #16
 2080              	.LCFI102:
 2081              		.cfi_def_cfa_offset 8
 2082 0080 BD46     		mov	sp, r7
 2083              	.LCFI103:
 2084              		.cfi_def_cfa_register 13
 2085              		@ sp needed
 2086 0082 80BD     		pop	{r7, pc}
 2087              	.L117:
 2088              		.align	2
ARM GAS  C:\Users\HUAV\AppData\Local\Temp\ccLd8epe.s 			page 50


 2089              	.L116:
 2090 0084 00000000 		.word	shellText
 2091              		.cfi_endproc
 2092              	.LFE20:
 2094              		.section	.text.shellListVar,"ax",%progbits
 2095              		.align	1
 2096              		.global	shellListVar
 2097              		.syntax unified
 2098              		.thumb
 2099              		.thumb_func
 2101              	shellListVar:
 2102              	.LFB21:
 616:System/shell/shell.c **** 
 617:System/shell/shell.c **** /**
 618:System/shell/shell.c ****  * @brief shell列出变量
 619:System/shell/shell.c ****  *
 620:System/shell/shell.c ****  * @param shell shell对象
 621:System/shell/shell.c ****  */
 622:System/shell/shell.c **** void shellListVar(Shell *shell)
 623:System/shell/shell.c **** {
 2103              		.loc 1 623 1
 2104              		.cfi_startproc
 2105              		@ args = 0, pretend = 0, frame = 16
 2106              		@ frame_needed = 1, uses_anonymous_args = 0
 2107 0000 80B5     		push	{r7, lr}
 2108              	.LCFI104:
 2109              		.cfi_def_cfa_offset 8
 2110              		.cfi_offset 7, -8
 2111              		.cfi_offset 14, -4
 2112 0002 84B0     		sub	sp, sp, #16
 2113              	.LCFI105:
 2114              		.cfi_def_cfa_offset 24
 2115 0004 00AF     		add	r7, sp, #0
 2116              	.LCFI106:
 2117              		.cfi_def_cfa_register 7
 2118 0006 7860     		str	r0, [r7, #4]
 624:System/shell/shell.c ****     ShellCommand *base = (ShellCommand *)shell->commandList.base;
 2119              		.loc 1 624 19
 2120 0008 7B68     		ldr	r3, [r7, #4]
 2121 000a 9B6D     		ldr	r3, [r3, #88]
 2122 000c BB60     		str	r3, [r7, #8]
 625:System/shell/shell.c ****     shellWriteString(shell, shellText[SHELL_TEXT_VAR_LIST]);
 2123              		.loc 1 625 5
 2124 000e 234B     		ldr	r3, .L122
 2125 0010 DB68     		ldr	r3, [r3, #12]
 2126 0012 1946     		mov	r1, r3
 2127 0014 7868     		ldr	r0, [r7, #4]
 2128 0016 FFF7FEFF 		bl	shellWriteString
 2129              	.LBB7:
 626:System/shell/shell.c ****     for (short i = 0; i < shell->commandList.count; i++)
 2130              		.loc 1 626 16
 2131 001a 0023     		movs	r3, #0
 2132 001c FB81     		strh	r3, [r7, #14]	@ movhi
 2133              		.loc 1 626 5
 2134 001e 30E0     		b	.L119
 2135              	.L121:
 627:System/shell/shell.c ****     {
ARM GAS  C:\Users\HUAV\AppData\Local\Temp\ccLd8epe.s 			page 51


 628:System/shell/shell.c ****         if (base[i].attr.attrs.type > SHELL_TYPE_CMD_FUNC && base[i].attr.attrs.type <= SHELL_TYPE_
 2136              		.loc 1 628 17
 2137 0020 B7F90E30 		ldrsh	r3, [r7, #14]
 2138 0024 1B01     		lsls	r3, r3, #4
 2139 0026 BA68     		ldr	r2, [r7, #8]
 2140 0028 1344     		add	r3, r3, r2
 2141              		.loc 1 628 31
 2142 002a 5B78     		ldrb	r3, [r3, #1]
 2143 002c C3F30303 		ubfx	r3, r3, #0, #4
 2144 0030 DBB2     		uxtb	r3, r3
 2145              		.loc 1 628 12
 2146 0032 012B     		cmp	r3, #1
 2147 0034 1FD9     		bls	.L120
 2148              		.loc 1 628 66 discriminator 1
 2149 0036 B7F90E30 		ldrsh	r3, [r7, #14]
 2150 003a 1B01     		lsls	r3, r3, #4
 2151 003c BA68     		ldr	r2, [r7, #8]
 2152 003e 1344     		add	r3, r3, r2
 2153              		.loc 1 628 80 discriminator 1
 2154 0040 5B78     		ldrb	r3, [r3, #1]
 2155 0042 C3F30303 		ubfx	r3, r3, #0, #4
 2156 0046 DBB2     		uxtb	r3, r3
 2157              		.loc 1 628 59 discriminator 1
 2158 0048 072B     		cmp	r3, #7
 2159 004a 14D8     		bhi	.L120
 2160              		.loc 1 628 145 discriminator 2
 2161 004c B7F90E30 		ldrsh	r3, [r7, #14]
 2162 0050 1B01     		lsls	r3, r3, #4
 2163              		.loc 1 628 112 discriminator 2
 2164 0052 BA68     		ldr	r2, [r7, #8]
 2165 0054 1344     		add	r3, r3, r2
 2166 0056 1946     		mov	r1, r3
 2167 0058 7868     		ldr	r0, [r7, #4]
 2168 005a FFF7FEFF 		bl	shellCheckPermission
 2169 005e 0346     		mov	r3, r0
 2170              		.loc 1 628 109 discriminator 2
 2171 0060 002B     		cmp	r3, #0
 2172 0062 08D1     		bne	.L120
 629:System/shell/shell.c ****         {
 630:System/shell/shell.c ****             shellListItem(shell, &base[i]);
 2173              		.loc 1 630 39
 2174 0064 B7F90E30 		ldrsh	r3, [r7, #14]
 2175 0068 1B01     		lsls	r3, r3, #4
 2176              		.loc 1 630 13
 2177 006a BA68     		ldr	r2, [r7, #8]
 2178 006c 1344     		add	r3, r3, r2
 2179 006e 1946     		mov	r1, r3
 2180 0070 7868     		ldr	r0, [r7, #4]
 2181 0072 FFF7FEFF 		bl	shellListItem
 2182              	.L120:
 626:System/shell/shell.c ****     {
 2183              		.loc 1 626 54 discriminator 2
 2184 0076 B7F90E30 		ldrsh	r3, [r7, #14]
 2185 007a 9BB2     		uxth	r3, r3
 2186 007c 0133     		adds	r3, r3, #1
 2187 007e 9BB2     		uxth	r3, r3
 2188 0080 FB81     		strh	r3, [r7, #14]	@ movhi
ARM GAS  C:\Users\HUAV\AppData\Local\Temp\ccLd8epe.s 			page 52


 2189              	.L119:
 626:System/shell/shell.c ****     {
 2190              		.loc 1 626 25 discriminator 1
 2191 0082 B7F90E30 		ldrsh	r3, [r7, #14]
 626:System/shell/shell.c ****     {
 2192              		.loc 1 626 45 discriminator 1
 2193 0086 7A68     		ldr	r2, [r7, #4]
 2194 0088 B2F85C20 		ldrh	r2, [r2, #92]
 626:System/shell/shell.c ****     {
 2195              		.loc 1 626 5 discriminator 1
 2196 008c 9342     		cmp	r3, r2
 2197 008e C7DB     		blt	.L121
 2198              	.LBE7:
 631:System/shell/shell.c ****         }
 632:System/shell/shell.c ****     }
 633:System/shell/shell.c **** }
 2199              		.loc 1 633 1
 2200 0090 00BF     		nop
 2201 0092 00BF     		nop
 2202 0094 1037     		adds	r7, r7, #16
 2203              	.LCFI107:
 2204              		.cfi_def_cfa_offset 8
 2205 0096 BD46     		mov	sp, r7
 2206              	.LCFI108:
 2207              		.cfi_def_cfa_register 13
 2208              		@ sp needed
 2209 0098 80BD     		pop	{r7, pc}
 2210              	.L123:
 2211 009a 00BF     		.align	2
 2212              	.L122:
 2213 009c 00000000 		.word	shellText
 2214              		.cfi_endproc
 2215              	.LFE21:
 2217              		.section	.text.shellListUser,"ax",%progbits
 2218              		.align	1
 2219              		.global	shellListUser
 2220              		.syntax unified
 2221              		.thumb
 2222              		.thumb_func
 2224              	shellListUser:
 2225              	.LFB22:
 634:System/shell/shell.c **** 
 635:System/shell/shell.c **** /**
 636:System/shell/shell.c ****  * @brief shell列出用户
 637:System/shell/shell.c ****  *
 638:System/shell/shell.c ****  * @param shell shell对象
 639:System/shell/shell.c ****  */
 640:System/shell/shell.c **** void shellListUser(Shell *shell)
 641:System/shell/shell.c **** {
 2226              		.loc 1 641 1
 2227              		.cfi_startproc
 2228              		@ args = 0, pretend = 0, frame = 16
 2229              		@ frame_needed = 1, uses_anonymous_args = 0
 2230 0000 80B5     		push	{r7, lr}
 2231              	.LCFI109:
 2232              		.cfi_def_cfa_offset 8
 2233              		.cfi_offset 7, -8
ARM GAS  C:\Users\HUAV\AppData\Local\Temp\ccLd8epe.s 			page 53


 2234              		.cfi_offset 14, -4
 2235 0002 84B0     		sub	sp, sp, #16
 2236              	.LCFI110:
 2237              		.cfi_def_cfa_offset 24
 2238 0004 00AF     		add	r7, sp, #0
 2239              	.LCFI111:
 2240              		.cfi_def_cfa_register 7
 2241 0006 7860     		str	r0, [r7, #4]
 642:System/shell/shell.c ****     ShellCommand *base = (ShellCommand *)shell->commandList.base;
 2242              		.loc 1 642 19
 2243 0008 7B68     		ldr	r3, [r7, #4]
 2244 000a 9B6D     		ldr	r3, [r3, #88]
 2245 000c BB60     		str	r3, [r7, #8]
 643:System/shell/shell.c ****     shellWriteString(shell, shellText[SHELL_TEXT_USER_LIST]);
 2246              		.loc 1 643 5
 2247 000e 234B     		ldr	r3, .L128
 2248 0010 1B69     		ldr	r3, [r3, #16]
 2249 0012 1946     		mov	r1, r3
 2250 0014 7868     		ldr	r0, [r7, #4]
 2251 0016 FFF7FEFF 		bl	shellWriteString
 2252              	.LBB8:
 644:System/shell/shell.c ****     for (short i = 0; i < shell->commandList.count; i++)
 2253              		.loc 1 644 16
 2254 001a 0023     		movs	r3, #0
 2255 001c FB81     		strh	r3, [r7, #14]	@ movhi
 2256              		.loc 1 644 5
 2257 001e 30E0     		b	.L125
 2258              	.L127:
 645:System/shell/shell.c ****     {
 646:System/shell/shell.c ****         if (base[i].attr.attrs.type > SHELL_TYPE_VAR_NODE && base[i].attr.attrs.type <= SHELL_TYPE_
 2259              		.loc 1 646 17
 2260 0020 B7F90E30 		ldrsh	r3, [r7, #14]
 2261 0024 1B01     		lsls	r3, r3, #4
 2262 0026 BA68     		ldr	r2, [r7, #8]
 2263 0028 1344     		add	r3, r3, r2
 2264              		.loc 1 646 31
 2265 002a 5B78     		ldrb	r3, [r3, #1]
 2266 002c C3F30303 		ubfx	r3, r3, #0, #4
 2267 0030 DBB2     		uxtb	r3, r3
 2268              		.loc 1 646 12
 2269 0032 072B     		cmp	r3, #7
 2270 0034 1FD9     		bls	.L126
 2271              		.loc 1 646 66 discriminator 1
 2272 0036 B7F90E30 		ldrsh	r3, [r7, #14]
 2273 003a 1B01     		lsls	r3, r3, #4
 2274 003c BA68     		ldr	r2, [r7, #8]
 2275 003e 1344     		add	r3, r3, r2
 2276              		.loc 1 646 80 discriminator 1
 2277 0040 5B78     		ldrb	r3, [r3, #1]
 2278 0042 C3F30303 		ubfx	r3, r3, #0, #4
 2279 0046 DBB2     		uxtb	r3, r3
 2280              		.loc 1 646 59 discriminator 1
 2281 0048 082B     		cmp	r3, #8
 2282 004a 14D8     		bhi	.L126
 2283              		.loc 1 646 141 discriminator 2
 2284 004c B7F90E30 		ldrsh	r3, [r7, #14]
 2285 0050 1B01     		lsls	r3, r3, #4
ARM GAS  C:\Users\HUAV\AppData\Local\Temp\ccLd8epe.s 			page 54


 2286              		.loc 1 646 108 discriminator 2
 2287 0052 BA68     		ldr	r2, [r7, #8]
 2288 0054 1344     		add	r3, r3, r2
 2289 0056 1946     		mov	r1, r3
 2290 0058 7868     		ldr	r0, [r7, #4]
 2291 005a FFF7FEFF 		bl	shellCheckPermission
 2292 005e 0346     		mov	r3, r0
 2293              		.loc 1 646 105 discriminator 2
 2294 0060 002B     		cmp	r3, #0
 2295 0062 08D1     		bne	.L126
 647:System/shell/shell.c ****         {
 648:System/shell/shell.c ****             shellListItem(shell, &base[i]);
 2296              		.loc 1 648 39
 2297 0064 B7F90E30 		ldrsh	r3, [r7, #14]
 2298 0068 1B01     		lsls	r3, r3, #4
 2299              		.loc 1 648 13
 2300 006a BA68     		ldr	r2, [r7, #8]
 2301 006c 1344     		add	r3, r3, r2
 2302 006e 1946     		mov	r1, r3
 2303 0070 7868     		ldr	r0, [r7, #4]
 2304 0072 FFF7FEFF 		bl	shellListItem
 2305              	.L126:
 644:System/shell/shell.c ****     {
 2306              		.loc 1 644 54 discriminator 2
 2307 0076 B7F90E30 		ldrsh	r3, [r7, #14]
 2308 007a 9BB2     		uxth	r3, r3
 2309 007c 0133     		adds	r3, r3, #1
 2310 007e 9BB2     		uxth	r3, r3
 2311 0080 FB81     		strh	r3, [r7, #14]	@ movhi
 2312              	.L125:
 644:System/shell/shell.c ****     {
 2313              		.loc 1 644 25 discriminator 1
 2314 0082 B7F90E30 		ldrsh	r3, [r7, #14]
 644:System/shell/shell.c ****     {
 2315              		.loc 1 644 45 discriminator 1
 2316 0086 7A68     		ldr	r2, [r7, #4]
 2317 0088 B2F85C20 		ldrh	r2, [r2, #92]
 644:System/shell/shell.c ****     {
 2318              		.loc 1 644 5 discriminator 1
 2319 008c 9342     		cmp	r3, r2
 2320 008e C7DB     		blt	.L127
 2321              	.LBE8:
 649:System/shell/shell.c ****         }
 650:System/shell/shell.c ****     }
 651:System/shell/shell.c **** }
 2322              		.loc 1 651 1
 2323 0090 00BF     		nop
 2324 0092 00BF     		nop
 2325 0094 1037     		adds	r7, r7, #16
 2326              	.LCFI112:
 2327              		.cfi_def_cfa_offset 8
 2328 0096 BD46     		mov	sp, r7
 2329              	.LCFI113:
 2330              		.cfi_def_cfa_register 13
 2331              		@ sp needed
 2332 0098 80BD     		pop	{r7, pc}
 2333              	.L129:
ARM GAS  C:\Users\HUAV\AppData\Local\Temp\ccLd8epe.s 			page 55


 2334 009a 00BF     		.align	2
 2335              	.L128:
 2336 009c 00000000 		.word	shellText
 2337              		.cfi_endproc
 2338              	.LFE22:
 2340              		.section	.text.shellListKey,"ax",%progbits
 2341              		.align	1
 2342              		.global	shellListKey
 2343              		.syntax unified
 2344              		.thumb
 2345              		.thumb_func
 2347              	shellListKey:
 2348              	.LFB23:
 652:System/shell/shell.c **** 
 653:System/shell/shell.c **** /**
 654:System/shell/shell.c ****  * @brief shell列出按键
 655:System/shell/shell.c ****  *
 656:System/shell/shell.c ****  * @param shell shell对象
 657:System/shell/shell.c ****  */
 658:System/shell/shell.c **** void shellListKey(Shell *shell)
 659:System/shell/shell.c **** {
 2349              		.loc 1 659 1
 2350              		.cfi_startproc
 2351              		@ args = 0, pretend = 0, frame = 16
 2352              		@ frame_needed = 1, uses_anonymous_args = 0
 2353 0000 80B5     		push	{r7, lr}
 2354              	.LCFI114:
 2355              		.cfi_def_cfa_offset 8
 2356              		.cfi_offset 7, -8
 2357              		.cfi_offset 14, -4
 2358 0002 84B0     		sub	sp, sp, #16
 2359              	.LCFI115:
 2360              		.cfi_def_cfa_offset 24
 2361 0004 00AF     		add	r7, sp, #0
 2362              	.LCFI116:
 2363              		.cfi_def_cfa_register 7
 2364 0006 7860     		str	r0, [r7, #4]
 660:System/shell/shell.c ****     ShellCommand *base = (ShellCommand *)shell->commandList.base;
 2365              		.loc 1 660 19
 2366 0008 7B68     		ldr	r3, [r7, #4]
 2367 000a 9B6D     		ldr	r3, [r3, #88]
 2368 000c BB60     		str	r3, [r7, #8]
 661:System/shell/shell.c ****     shellWriteString(shell, shellText[SHELL_TEXT_KEY_LIST]);
 2369              		.loc 1 661 5
 2370 000e 234B     		ldr	r3, .L134
 2371 0010 5B69     		ldr	r3, [r3, #20]
 2372 0012 1946     		mov	r1, r3
 2373 0014 7868     		ldr	r0, [r7, #4]
 2374 0016 FFF7FEFF 		bl	shellWriteString
 2375              	.LBB9:
 662:System/shell/shell.c ****     for (short i = 0; i < shell->commandList.count; i++)
 2376              		.loc 1 662 16
 2377 001a 0023     		movs	r3, #0
 2378 001c FB81     		strh	r3, [r7, #14]	@ movhi
 2379              		.loc 1 662 5
 2380 001e 30E0     		b	.L131
 2381              	.L133:
ARM GAS  C:\Users\HUAV\AppData\Local\Temp\ccLd8epe.s 			page 56


 663:System/shell/shell.c ****     {
 664:System/shell/shell.c ****         if (base[i].attr.attrs.type > SHELL_TYPE_USER && base[i].attr.attrs.type <= SHELL_TYPE_KEY 
 2382              		.loc 1 664 17
 2383 0020 B7F90E30 		ldrsh	r3, [r7, #14]
 2384 0024 1B01     		lsls	r3, r3, #4
 2385 0026 BA68     		ldr	r2, [r7, #8]
 2386 0028 1344     		add	r3, r3, r2
 2387              		.loc 1 664 31
 2388 002a 5B78     		ldrb	r3, [r3, #1]
 2389 002c C3F30303 		ubfx	r3, r3, #0, #4
 2390 0030 DBB2     		uxtb	r3, r3
 2391              		.loc 1 664 12
 2392 0032 082B     		cmp	r3, #8
 2393 0034 1FD9     		bls	.L132
 2394              		.loc 1 664 62 discriminator 1
 2395 0036 B7F90E30 		ldrsh	r3, [r7, #14]
 2396 003a 1B01     		lsls	r3, r3, #4
 2397 003c BA68     		ldr	r2, [r7, #8]
 2398 003e 1344     		add	r3, r3, r2
 2399              		.loc 1 664 76 discriminator 1
 2400 0040 5B78     		ldrb	r3, [r3, #1]
 2401 0042 C3F30303 		ubfx	r3, r3, #0, #4
 2402 0046 DBB2     		uxtb	r3, r3
 2403              		.loc 1 664 55 discriminator 1
 2404 0048 092B     		cmp	r3, #9
 2405 004a 14D8     		bhi	.L132
 2406              		.loc 1 664 136 discriminator 2
 2407 004c B7F90E30 		ldrsh	r3, [r7, #14]
 2408 0050 1B01     		lsls	r3, r3, #4
 2409              		.loc 1 664 103 discriminator 2
 2410 0052 BA68     		ldr	r2, [r7, #8]
 2411 0054 1344     		add	r3, r3, r2
 2412 0056 1946     		mov	r1, r3
 2413 0058 7868     		ldr	r0, [r7, #4]
 2414 005a FFF7FEFF 		bl	shellCheckPermission
 2415 005e 0346     		mov	r3, r0
 2416              		.loc 1 664 100 discriminator 2
 2417 0060 002B     		cmp	r3, #0
 2418 0062 08D1     		bne	.L132
 665:System/shell/shell.c ****         {
 666:System/shell/shell.c ****             shellListItem(shell, &base[i]);
 2419              		.loc 1 666 39
 2420 0064 B7F90E30 		ldrsh	r3, [r7, #14]
 2421 0068 1B01     		lsls	r3, r3, #4
 2422              		.loc 1 666 13
 2423 006a BA68     		ldr	r2, [r7, #8]
 2424 006c 1344     		add	r3, r3, r2
 2425 006e 1946     		mov	r1, r3
 2426 0070 7868     		ldr	r0, [r7, #4]
 2427 0072 FFF7FEFF 		bl	shellListItem
 2428              	.L132:
 662:System/shell/shell.c ****     {
 2429              		.loc 1 662 54 discriminator 2
 2430 0076 B7F90E30 		ldrsh	r3, [r7, #14]
 2431 007a 9BB2     		uxth	r3, r3
 2432 007c 0133     		adds	r3, r3, #1
 2433 007e 9BB2     		uxth	r3, r3
ARM GAS  C:\Users\HUAV\AppData\Local\Temp\ccLd8epe.s 			page 57


 2434 0080 FB81     		strh	r3, [r7, #14]	@ movhi
 2435              	.L131:
 662:System/shell/shell.c ****     {
 2436              		.loc 1 662 25 discriminator 1
 2437 0082 B7F90E30 		ldrsh	r3, [r7, #14]
 662:System/shell/shell.c ****     {
 2438              		.loc 1 662 45 discriminator 1
 2439 0086 7A68     		ldr	r2, [r7, #4]
 2440 0088 B2F85C20 		ldrh	r2, [r2, #92]
 662:System/shell/shell.c ****     {
 2441              		.loc 1 662 5 discriminator 1
 2442 008c 9342     		cmp	r3, r2
 2443 008e C7DB     		blt	.L133
 2444              	.LBE9:
 667:System/shell/shell.c ****         }
 668:System/shell/shell.c ****     }
 669:System/shell/shell.c **** }
 2445              		.loc 1 669 1
 2446 0090 00BF     		nop
 2447 0092 00BF     		nop
 2448 0094 1037     		adds	r7, r7, #16
 2449              	.LCFI117:
 2450              		.cfi_def_cfa_offset 8
 2451 0096 BD46     		mov	sp, r7
 2452              	.LCFI118:
 2453              		.cfi_def_cfa_register 13
 2454              		@ sp needed
 2455 0098 80BD     		pop	{r7, pc}
 2456              	.L135:
 2457 009a 00BF     		.align	2
 2458              	.L134:
 2459 009c 00000000 		.word	shellText
 2460              		.cfi_endproc
 2461              	.LFE23:
 2463              		.section	.text.shellListAll,"ax",%progbits
 2464              		.align	1
 2465              		.global	shellListAll
 2466              		.syntax unified
 2467              		.thumb
 2468              		.thumb_func
 2470              	shellListAll:
 2471              	.LFB24:
 670:System/shell/shell.c **** 
 671:System/shell/shell.c **** /**
 672:System/shell/shell.c ****  * @brief shell列出所有命令
 673:System/shell/shell.c ****  *
 674:System/shell/shell.c ****  * @param shell shell对象
 675:System/shell/shell.c ****  */
 676:System/shell/shell.c **** void shellListAll(Shell *shell)
 677:System/shell/shell.c **** {
 2472              		.loc 1 677 1
 2473              		.cfi_startproc
 2474              		@ args = 0, pretend = 0, frame = 8
 2475              		@ frame_needed = 1, uses_anonymous_args = 0
 2476 0000 80B5     		push	{r7, lr}
 2477              	.LCFI119:
 2478              		.cfi_def_cfa_offset 8
ARM GAS  C:\Users\HUAV\AppData\Local\Temp\ccLd8epe.s 			page 58


 2479              		.cfi_offset 7, -8
 2480              		.cfi_offset 14, -4
 2481 0002 82B0     		sub	sp, sp, #8
 2482              	.LCFI120:
 2483              		.cfi_def_cfa_offset 16
 2484 0004 00AF     		add	r7, sp, #0
 2485              	.LCFI121:
 2486              		.cfi_def_cfa_register 7
 2487 0006 7860     		str	r0, [r7, #4]
 678:System/shell/shell.c **** #if SHELL_HELP_LIST_USER == 1
 679:System/shell/shell.c ****     shellListUser(shell);
 680:System/shell/shell.c **** #endif
 681:System/shell/shell.c ****     shellListCommand(shell);
 2488              		.loc 1 681 5
 2489 0008 7868     		ldr	r0, [r7, #4]
 2490 000a FFF7FEFF 		bl	shellListCommand
 682:System/shell/shell.c **** #if SHELL_HELP_LIST_VAR == 1
 683:System/shell/shell.c ****     shellListVar(shell);
 684:System/shell/shell.c **** #endif
 685:System/shell/shell.c **** #if SHELL_HELP_LIST_KEY == 1
 686:System/shell/shell.c ****     shellListKey(shell);
 687:System/shell/shell.c **** #endif
 688:System/shell/shell.c **** }
 2491              		.loc 1 688 1
 2492 000e 00BF     		nop
 2493 0010 0837     		adds	r7, r7, #8
 2494              	.LCFI122:
 2495              		.cfi_def_cfa_offset 8
 2496 0012 BD46     		mov	sp, r7
 2497              	.LCFI123:
 2498              		.cfi_def_cfa_register 13
 2499              		@ sp needed
 2500 0014 80BD     		pop	{r7, pc}
 2501              		.cfi_endproc
 2502              	.LFE24:
 2504              		.section	.rodata
 2505 0207 00       		.align	2
 2506              	.LC26:
 2507 0208 08200800 		.ascii	"\010 \010\000"
 2508              		.section	.text.shellDeleteCommandLine,"ax",%progbits
 2509              		.align	1
 2510              		.global	shellDeleteCommandLine
 2511              		.syntax unified
 2512              		.thumb
 2513              		.thumb_func
 2515              	shellDeleteCommandLine:
 2516              	.LFB25:
 689:System/shell/shell.c **** 
 690:System/shell/shell.c **** /**
 691:System/shell/shell.c ****  * @brief shell删除命令行数据
 692:System/shell/shell.c ****  *
 693:System/shell/shell.c ****  * @param shell shell对象
 694:System/shell/shell.c ****  * @param length 删除长度
 695:System/shell/shell.c ****  */
 696:System/shell/shell.c **** void shellDeleteCommandLine(Shell *shell, unsigned char length)
 697:System/shell/shell.c **** {
 2517              		.loc 1 697 1
ARM GAS  C:\Users\HUAV\AppData\Local\Temp\ccLd8epe.s 			page 59


 2518              		.cfi_startproc
 2519              		@ args = 0, pretend = 0, frame = 8
 2520              		@ frame_needed = 1, uses_anonymous_args = 0
 2521 0000 80B5     		push	{r7, lr}
 2522              	.LCFI124:
 2523              		.cfi_def_cfa_offset 8
 2524              		.cfi_offset 7, -8
 2525              		.cfi_offset 14, -4
 2526 0002 82B0     		sub	sp, sp, #8
 2527              	.LCFI125:
 2528              		.cfi_def_cfa_offset 16
 2529 0004 00AF     		add	r7, sp, #0
 2530              	.LCFI126:
 2531              		.cfi_def_cfa_register 7
 2532 0006 7860     		str	r0, [r7, #4]
 2533 0008 0B46     		mov	r3, r1
 2534 000a FB70     		strb	r3, [r7, #3]
 698:System/shell/shell.c ****     while (length--)
 2535              		.loc 1 698 11
 2536 000c 03E0     		b	.L138
 2537              	.L139:
 699:System/shell/shell.c ****     {
 700:System/shell/shell.c ****         shellWriteString(shell, "\b \b");
 2538              		.loc 1 700 9
 2539 000e 0749     		ldr	r1, .L140
 2540 0010 7868     		ldr	r0, [r7, #4]
 2541 0012 FFF7FEFF 		bl	shellWriteString
 2542              	.L138:
 698:System/shell/shell.c ****     while (length--)
 2543              		.loc 1 698 18
 2544 0016 FB78     		ldrb	r3, [r7, #3]	@ zero_extendqisi2
 2545 0018 5A1E     		subs	r2, r3, #1
 2546 001a FA70     		strb	r2, [r7, #3]
 698:System/shell/shell.c ****     while (length--)
 2547              		.loc 1 698 11
 2548 001c 002B     		cmp	r3, #0
 2549 001e F6D1     		bne	.L139
 701:System/shell/shell.c ****     }
 702:System/shell/shell.c **** }
 2550              		.loc 1 702 1
 2551 0020 00BF     		nop
 2552 0022 00BF     		nop
 2553 0024 0837     		adds	r7, r7, #8
 2554              	.LCFI127:
 2555              		.cfi_def_cfa_offset 8
 2556 0026 BD46     		mov	sp, r7
 2557              	.LCFI128:
 2558              		.cfi_def_cfa_register 13
 2559              		@ sp needed
 2560 0028 80BD     		pop	{r7, pc}
 2561              	.L141:
 2562 002a 00BF     		.align	2
 2563              	.L140:
 2564 002c 08020000 		.word	.LC26
 2565              		.cfi_endproc
 2566              	.LFE25:
 2568              		.section	.text.shellClearCommandLine,"ax",%progbits
ARM GAS  C:\Users\HUAV\AppData\Local\Temp\ccLd8epe.s 			page 60


 2569              		.align	1
 2570              		.global	shellClearCommandLine
 2571              		.syntax unified
 2572              		.thumb
 2573              		.thumb_func
 2575              	shellClearCommandLine:
 2576              	.LFB26:
 703:System/shell/shell.c **** 
 704:System/shell/shell.c **** /**
 705:System/shell/shell.c ****  * @brief shell 清空命令行输入
 706:System/shell/shell.c ****  *
 707:System/shell/shell.c ****  * @param shell shell对象
 708:System/shell/shell.c ****  */
 709:System/shell/shell.c **** void shellClearCommandLine(Shell *shell)
 710:System/shell/shell.c **** {
 2577              		.loc 1 710 1
 2578              		.cfi_startproc
 2579              		@ args = 0, pretend = 0, frame = 16
 2580              		@ frame_needed = 1, uses_anonymous_args = 0
 2581 0000 80B5     		push	{r7, lr}
 2582              	.LCFI129:
 2583              		.cfi_def_cfa_offset 8
 2584              		.cfi_offset 7, -8
 2585              		.cfi_offset 14, -4
 2586 0002 84B0     		sub	sp, sp, #16
 2587              	.LCFI130:
 2588              		.cfi_def_cfa_offset 24
 2589 0004 00AF     		add	r7, sp, #0
 2590              	.LCFI131:
 2591              		.cfi_def_cfa_register 7
 2592 0006 7860     		str	r0, [r7, #4]
 2593              	.LBB10:
 711:System/shell/shell.c ****     for (short i = shell->parser.length - shell->parser.cursor; i > 0; i--)
 2594              		.loc 1 711 33
 2595 0008 7B68     		ldr	r3, [r7, #4]
 2596 000a 9A89     		ldrh	r2, [r3, #12]
 2597              		.loc 1 711 56
 2598 000c 7B68     		ldr	r3, [r7, #4]
 2599 000e DB89     		ldrh	r3, [r3, #14]
 2600              		.loc 1 711 41
 2601 0010 D31A     		subs	r3, r2, r3
 2602 0012 9BB2     		uxth	r3, r3
 2603              		.loc 1 711 16
 2604 0014 FB81     		strh	r3, [r7, #14]	@ movhi
 2605              		.loc 1 711 5
 2606 0016 09E0     		b	.L143
 2607              	.L144:
 712:System/shell/shell.c ****     {
 713:System/shell/shell.c ****         shellWriteByte(shell, ' ');
 2608              		.loc 1 713 9 discriminator 3
 2609 0018 2021     		movs	r1, #32
 2610 001a 7868     		ldr	r0, [r7, #4]
 2611 001c FFF7FEFF 		bl	shellWriteByte
 711:System/shell/shell.c ****     for (short i = shell->parser.length - shell->parser.cursor; i > 0; i--)
 2612              		.loc 1 711 73 discriminator 3
 2613 0020 B7F90E30 		ldrsh	r3, [r7, #14]
 2614 0024 9BB2     		uxth	r3, r3
ARM GAS  C:\Users\HUAV\AppData\Local\Temp\ccLd8epe.s 			page 61


 2615 0026 013B     		subs	r3, r3, #1
 2616 0028 9BB2     		uxth	r3, r3
 2617 002a FB81     		strh	r3, [r7, #14]	@ movhi
 2618              	.L143:
 711:System/shell/shell.c ****     for (short i = shell->parser.length - shell->parser.cursor; i > 0; i--)
 2619              		.loc 1 711 5 discriminator 1
 2620 002c B7F90E30 		ldrsh	r3, [r7, #14]
 2621 0030 002B     		cmp	r3, #0
 2622 0032 F1DC     		bgt	.L144
 2623              	.LBE10:
 714:System/shell/shell.c ****     }
 715:System/shell/shell.c ****     shellDeleteCommandLine(shell, shell->parser.length);
 2624              		.loc 1 715 48
 2625 0034 7B68     		ldr	r3, [r7, #4]
 2626 0036 9B89     		ldrh	r3, [r3, #12]
 2627              		.loc 1 715 5
 2628 0038 DBB2     		uxtb	r3, r3
 2629 003a 1946     		mov	r1, r3
 2630 003c 7868     		ldr	r0, [r7, #4]
 2631 003e FFF7FEFF 		bl	shellDeleteCommandLine
 716:System/shell/shell.c **** }
 2632              		.loc 1 716 1
 2633 0042 00BF     		nop
 2634 0044 1037     		adds	r7, r7, #16
 2635              	.LCFI132:
 2636              		.cfi_def_cfa_offset 8
 2637 0046 BD46     		mov	sp, r7
 2638              	.LCFI133:
 2639              		.cfi_def_cfa_register 13
 2640              		@ sp needed
 2641 0048 80BD     		pop	{r7, pc}
 2642              		.cfi_endproc
 2643              	.LFE26:
 2645              		.section	.text.shellInsertByte,"ax",%progbits
 2646              		.align	1
 2647              		.global	shellInsertByte
 2648              		.syntax unified
 2649              		.thumb
 2650              		.thumb_func
 2652              	shellInsertByte:
 2653              	.LFB27:
 717:System/shell/shell.c **** 
 718:System/shell/shell.c **** /**
 719:System/shell/shell.c ****  * @brief shell插入一个字符到光标位置
 720:System/shell/shell.c ****  *
 721:System/shell/shell.c ****  * @param shell shell对象
 722:System/shell/shell.c ****  * @param data 字符数据
 723:System/shell/shell.c ****  */
 724:System/shell/shell.c **** void shellInsertByte(Shell *shell, char data)
 725:System/shell/shell.c **** {
 2654              		.loc 1 725 1
 2655              		.cfi_startproc
 2656              		@ args = 0, pretend = 0, frame = 16
 2657              		@ frame_needed = 1, uses_anonymous_args = 0
 2658 0000 80B5     		push	{r7, lr}
 2659              	.LCFI134:
 2660              		.cfi_def_cfa_offset 8
ARM GAS  C:\Users\HUAV\AppData\Local\Temp\ccLd8epe.s 			page 62


 2661              		.cfi_offset 7, -8
 2662              		.cfi_offset 14, -4
 2663 0002 84B0     		sub	sp, sp, #16
 2664              	.LCFI135:
 2665              		.cfi_def_cfa_offset 24
 2666 0004 00AF     		add	r7, sp, #0
 2667              	.LCFI136:
 2668              		.cfi_def_cfa_register 7
 2669 0006 7860     		str	r0, [r7, #4]
 2670 0008 0B46     		mov	r3, r1
 2671 000a FB70     		strb	r3, [r7, #3]
 726:System/shell/shell.c ****     /* 判断输入数据是否过长 */
 727:System/shell/shell.c ****     if (shell->parser.length >= shell->parser.bufferSize - 1)
 2672              		.loc 1 727 22
 2673 000c 7B68     		ldr	r3, [r7, #4]
 2674 000e 9B89     		ldrh	r3, [r3, #12]
 2675 0010 1A46     		mov	r2, r3
 2676              		.loc 1 727 46
 2677 0012 7B68     		ldr	r3, [r7, #4]
 2678 0014 9B8E     		ldrh	r3, [r3, #52]
 2679              		.loc 1 727 58
 2680 0016 013B     		subs	r3, r3, #1
 2681              		.loc 1 727 8
 2682 0018 9A42     		cmp	r2, r3
 2683 001a 10DB     		blt	.L146
 728:System/shell/shell.c ****     {
 729:System/shell/shell.c ****         shellWriteString(shell, shellText[SHELL_TEXT_CMD_TOO_LONG]);
 2684              		.loc 1 729 9
 2685 001c 574B     		ldr	r3, .L155
 2686 001e 5B68     		ldr	r3, [r3, #4]
 2687 0020 1946     		mov	r1, r3
 2688 0022 7868     		ldr	r0, [r7, #4]
 2689 0024 FFF7FEFF 		bl	shellWriteString
 730:System/shell/shell.c ****         shellWriteCommandLine(shell, 1);
 2690              		.loc 1 730 9
 2691 0028 0121     		movs	r1, #1
 2692 002a 7868     		ldr	r0, [r7, #4]
 2693 002c FFF7FEFF 		bl	shellWriteCommandLine
 731:System/shell/shell.c ****         shellWriteString(shell, shell->parser.buffer);
 2694              		.loc 1 731 46
 2695 0030 7B68     		ldr	r3, [r7, #4]
 2696 0032 1B69     		ldr	r3, [r3, #16]
 2697              		.loc 1 731 9
 2698 0034 1946     		mov	r1, r3
 2699 0036 7868     		ldr	r0, [r7, #4]
 2700 0038 FFF7FEFF 		bl	shellWriteString
 732:System/shell/shell.c ****         return;
 2701              		.loc 1 732 9
 2702 003c 9AE0     		b	.L145
 2703              	.L146:
 733:System/shell/shell.c ****     }
 734:System/shell/shell.c **** 
 735:System/shell/shell.c ****     /* 插入数据 */
 736:System/shell/shell.c ****     if (shell->parser.cursor == shell->parser.length)
 2704              		.loc 1 736 22
 2705 003e 7B68     		ldr	r3, [r7, #4]
 2706 0040 DA89     		ldrh	r2, [r3, #14]
ARM GAS  C:\Users\HUAV\AppData\Local\Temp\ccLd8epe.s 			page 63


 2707              		.loc 1 736 46
 2708 0042 7B68     		ldr	r3, [r7, #4]
 2709 0044 9B89     		ldrh	r3, [r3, #12]
 2710              		.loc 1 736 8
 2711 0046 9A42     		cmp	r2, r3
 2712 0048 1DD1     		bne	.L148
 737:System/shell/shell.c ****     {
 738:System/shell/shell.c ****         shell->parser.buffer[shell->parser.length++] = data;
 2713              		.loc 1 738 22
 2714 004a 7B68     		ldr	r3, [r7, #4]
 2715 004c 1A69     		ldr	r2, [r3, #16]
 2716              		.loc 1 738 43
 2717 004e 7B68     		ldr	r3, [r7, #4]
 2718 0050 9B89     		ldrh	r3, [r3, #12]
 2719              		.loc 1 738 50
 2720 0052 591C     		adds	r1, r3, #1
 2721 0054 88B2     		uxth	r0, r1
 2722 0056 7968     		ldr	r1, [r7, #4]
 2723 0058 8881     		strh	r0, [r1, #12]	@ movhi
 2724              		.loc 1 738 29
 2725 005a 1344     		add	r3, r3, r2
 2726              		.loc 1 738 54
 2727 005c FA78     		ldrb	r2, [r7, #3]
 2728 005e 1A70     		strb	r2, [r3]
 739:System/shell/shell.c ****         shell->parser.buffer[shell->parser.length] = 0;
 2729              		.loc 1 739 22
 2730 0060 7B68     		ldr	r3, [r7, #4]
 2731 0062 1B69     		ldr	r3, [r3, #16]
 2732              		.loc 1 739 43
 2733 0064 7A68     		ldr	r2, [r7, #4]
 2734 0066 9289     		ldrh	r2, [r2, #12]
 2735              		.loc 1 739 29
 2736 0068 1344     		add	r3, r3, r2
 2737              		.loc 1 739 52
 2738 006a 0022     		movs	r2, #0
 2739 006c 1A70     		strb	r2, [r3]
 740:System/shell/shell.c ****         shell->parser.cursor++;
 2740              		.loc 1 740 22
 2741 006e 7B68     		ldr	r3, [r7, #4]
 2742 0070 DB89     		ldrh	r3, [r3, #14]
 2743              		.loc 1 740 29
 2744 0072 0133     		adds	r3, r3, #1
 2745 0074 9AB2     		uxth	r2, r3
 2746 0076 7B68     		ldr	r3, [r7, #4]
 2747 0078 DA81     		strh	r2, [r3, #14]	@ movhi
 741:System/shell/shell.c ****         shellWriteByte(shell, data);
 2748              		.loc 1 741 9
 2749 007a FB78     		ldrb	r3, [r7, #3]	@ zero_extendqisi2
 2750 007c 1946     		mov	r1, r3
 2751 007e 7868     		ldr	r0, [r7, #4]
 2752 0080 FFF7FEFF 		bl	shellWriteByte
 2753 0084 76E0     		b	.L145
 2754              	.L148:
 742:System/shell/shell.c ****     }
 743:System/shell/shell.c ****     else if (shell->parser.cursor < shell->parser.length)
 2755              		.loc 1 743 27
 2756 0086 7B68     		ldr	r3, [r7, #4]
ARM GAS  C:\Users\HUAV\AppData\Local\Temp\ccLd8epe.s 			page 64


 2757 0088 DA89     		ldrh	r2, [r3, #14]
 2758              		.loc 1 743 50
 2759 008a 7B68     		ldr	r3, [r7, #4]
 2760 008c 9B89     		ldrh	r3, [r3, #12]
 2761              		.loc 1 743 13
 2762 008e 9A42     		cmp	r2, r3
 2763 0090 70D2     		bcs	.L145
 2764              	.LBB11:
 744:System/shell/shell.c ****     {
 745:System/shell/shell.c ****         for (short i = shell->parser.length - shell->parser.cursor; i > 0; i--)
 2765              		.loc 1 745 37
 2766 0092 7B68     		ldr	r3, [r7, #4]
 2767 0094 9A89     		ldrh	r2, [r3, #12]
 2768              		.loc 1 745 60
 2769 0096 7B68     		ldr	r3, [r7, #4]
 2770 0098 DB89     		ldrh	r3, [r3, #14]
 2771              		.loc 1 745 45
 2772 009a D31A     		subs	r3, r2, r3
 2773 009c 9BB2     		uxth	r3, r3
 2774              		.loc 1 745 20
 2775 009e FB81     		strh	r3, [r7, #14]	@ movhi
 2776              		.loc 1 745 9
 2777 00a0 1AE0     		b	.L149
 2778              	.L150:
 746:System/shell/shell.c ****         {
 747:System/shell/shell.c ****             shell->parser.buffer[shell->parser.cursor + i] =
 748:System/shell/shell.c ****                 shell->parser.buffer[shell->parser.cursor + i - 1];
 2779              		.loc 1 748 30 discriminator 3
 2780 00a2 7B68     		ldr	r3, [r7, #4]
 2781 00a4 1A69     		ldr	r2, [r3, #16]
 2782              		.loc 1 748 51 discriminator 3
 2783 00a6 7B68     		ldr	r3, [r7, #4]
 2784 00a8 DB89     		ldrh	r3, [r3, #14]
 2785 00aa 1946     		mov	r1, r3
 2786              		.loc 1 748 59 discriminator 3
 2787 00ac B7F90E30 		ldrsh	r3, [r7, #14]
 2788 00b0 0B44     		add	r3, r3, r1
 2789              		.loc 1 748 37 discriminator 3
 2790 00b2 013B     		subs	r3, r3, #1
 2791 00b4 1A44     		add	r2, r2, r3
 747:System/shell/shell.c ****                 shell->parser.buffer[shell->parser.cursor + i - 1];
 2792              		.loc 1 747 26 discriminator 3
 2793 00b6 7B68     		ldr	r3, [r7, #4]
 2794 00b8 1B69     		ldr	r3, [r3, #16]
 747:System/shell/shell.c ****                 shell->parser.buffer[shell->parser.cursor + i - 1];
 2795              		.loc 1 747 47 discriminator 3
 2796 00ba 7968     		ldr	r1, [r7, #4]
 2797 00bc C989     		ldrh	r1, [r1, #14]
 2798 00be 0846     		mov	r0, r1
 747:System/shell/shell.c ****                 shell->parser.buffer[shell->parser.cursor + i - 1];
 2799              		.loc 1 747 55 discriminator 3
 2800 00c0 B7F90E10 		ldrsh	r1, [r7, #14]
 2801 00c4 0144     		add	r1, r1, r0
 747:System/shell/shell.c ****                 shell->parser.buffer[shell->parser.cursor + i - 1];
 2802              		.loc 1 747 33 discriminator 3
 2803 00c6 0B44     		add	r3, r3, r1
 2804              		.loc 1 748 37 discriminator 3
ARM GAS  C:\Users\HUAV\AppData\Local\Temp\ccLd8epe.s 			page 65


 2805 00c8 1278     		ldrb	r2, [r2]	@ zero_extendqisi2
 747:System/shell/shell.c ****                 shell->parser.buffer[shell->parser.cursor + i - 1];
 2806              		.loc 1 747 60 discriminator 3
 2807 00ca 1A70     		strb	r2, [r3]
 745:System/shell/shell.c ****         {
 2808              		.loc 1 745 77 discriminator 3
 2809 00cc B7F90E30 		ldrsh	r3, [r7, #14]
 2810 00d0 9BB2     		uxth	r3, r3
 2811 00d2 013B     		subs	r3, r3, #1
 2812 00d4 9BB2     		uxth	r3, r3
 2813 00d6 FB81     		strh	r3, [r7, #14]	@ movhi
 2814              	.L149:
 745:System/shell/shell.c ****         {
 2815              		.loc 1 745 9 discriminator 1
 2816 00d8 B7F90E30 		ldrsh	r3, [r7, #14]
 2817 00dc 002B     		cmp	r3, #0
 2818 00de E0DC     		bgt	.L150
 2819              	.LBE11:
 749:System/shell/shell.c ****         }
 750:System/shell/shell.c ****         shell->parser.buffer[shell->parser.cursor++] = data;
 2820              		.loc 1 750 22
 2821 00e0 7B68     		ldr	r3, [r7, #4]
 2822 00e2 1A69     		ldr	r2, [r3, #16]
 2823              		.loc 1 750 43
 2824 00e4 7B68     		ldr	r3, [r7, #4]
 2825 00e6 DB89     		ldrh	r3, [r3, #14]
 2826              		.loc 1 750 50
 2827 00e8 591C     		adds	r1, r3, #1
 2828 00ea 88B2     		uxth	r0, r1
 2829 00ec 7968     		ldr	r1, [r7, #4]
 2830 00ee C881     		strh	r0, [r1, #14]	@ movhi
 2831              		.loc 1 750 29
 2832 00f0 1344     		add	r3, r3, r2
 2833              		.loc 1 750 54
 2834 00f2 FA78     		ldrb	r2, [r7, #3]
 2835 00f4 1A70     		strb	r2, [r3]
 751:System/shell/shell.c ****         shell->parser.buffer[++shell->parser.length] = 0;
 2836              		.loc 1 751 22
 2837 00f6 7B68     		ldr	r3, [r7, #4]
 2838 00f8 1B69     		ldr	r3, [r3, #16]
 2839              		.loc 1 751 45
 2840 00fa 7A68     		ldr	r2, [r7, #4]
 2841 00fc 9289     		ldrh	r2, [r2, #12]
 2842              		.loc 1 751 30
 2843 00fe 0132     		adds	r2, r2, #1
 2844 0100 91B2     		uxth	r1, r2
 2845              		.loc 1 751 54
 2846 0102 7A68     		ldr	r2, [r7, #4]
 2847 0104 9181     		strh	r1, [r2, #12]	@ movhi
 2848              		.loc 1 751 45
 2849 0106 7A68     		ldr	r2, [r7, #4]
 2850 0108 9289     		ldrh	r2, [r2, #12]
 2851              		.loc 1 751 29
 2852 010a 1344     		add	r3, r3, r2
 2853              		.loc 1 751 54
 2854 010c 0022     		movs	r2, #0
 2855 010e 1A70     		strb	r2, [r3]
ARM GAS  C:\Users\HUAV\AppData\Local\Temp\ccLd8epe.s 			page 66


 2856              	.LBB12:
 752:System/shell/shell.c ****         for (short i = shell->parser.cursor - 1; i < shell->parser.length; i++)
 2857              		.loc 1 752 37
 2858 0110 7B68     		ldr	r3, [r7, #4]
 2859 0112 DB89     		ldrh	r3, [r3, #14]
 2860              		.loc 1 752 45
 2861 0114 013B     		subs	r3, r3, #1
 2862 0116 9BB2     		uxth	r3, r3
 2863              		.loc 1 752 20
 2864 0118 BB81     		strh	r3, [r7, #12]	@ movhi
 2865              		.loc 1 752 9
 2866 011a 0FE0     		b	.L151
 2867              	.L152:
 753:System/shell/shell.c ****         {
 754:System/shell/shell.c ****             shellWriteByte(shell, shell->parser.buffer[i]);
 2868              		.loc 1 754 48 discriminator 3
 2869 011c 7B68     		ldr	r3, [r7, #4]
 2870 011e 1A69     		ldr	r2, [r3, #16]
 2871              		.loc 1 754 55 discriminator 3
 2872 0120 B7F90C30 		ldrsh	r3, [r7, #12]
 2873 0124 1344     		add	r3, r3, r2
 2874              		.loc 1 754 13 discriminator 3
 2875 0126 1B78     		ldrb	r3, [r3]	@ zero_extendqisi2
 2876 0128 1946     		mov	r1, r3
 2877 012a 7868     		ldr	r0, [r7, #4]
 2878 012c FFF7FEFF 		bl	shellWriteByte
 752:System/shell/shell.c ****         for (short i = shell->parser.cursor - 1; i < shell->parser.length; i++)
 2879              		.loc 1 752 77 discriminator 3
 2880 0130 B7F90C30 		ldrsh	r3, [r7, #12]
 2881 0134 9BB2     		uxth	r3, r3
 2882 0136 0133     		adds	r3, r3, #1
 2883 0138 9BB2     		uxth	r3, r3
 2884 013a BB81     		strh	r3, [r7, #12]	@ movhi
 2885              	.L151:
 752:System/shell/shell.c ****         for (short i = shell->parser.cursor - 1; i < shell->parser.length; i++)
 2886              		.loc 1 752 52 discriminator 1
 2887 013c B7F90C30 		ldrsh	r3, [r7, #12]
 752:System/shell/shell.c ****         for (short i = shell->parser.cursor - 1; i < shell->parser.length; i++)
 2888              		.loc 1 752 67 discriminator 1
 2889 0140 7A68     		ldr	r2, [r7, #4]
 2890 0142 9289     		ldrh	r2, [r2, #12]
 752:System/shell/shell.c ****         for (short i = shell->parser.cursor - 1; i < shell->parser.length; i++)
 2891              		.loc 1 752 9 discriminator 1
 2892 0144 9342     		cmp	r3, r2
 2893 0146 E9DB     		blt	.L152
 2894              	.LBE12:
 2895              	.LBB13:
 755:System/shell/shell.c ****         }
 756:System/shell/shell.c ****         for (short i = shell->parser.length - shell->parser.cursor; i > 0; i--)
 2896              		.loc 1 756 37
 2897 0148 7B68     		ldr	r3, [r7, #4]
 2898 014a 9A89     		ldrh	r2, [r3, #12]
 2899              		.loc 1 756 60
 2900 014c 7B68     		ldr	r3, [r7, #4]
 2901 014e DB89     		ldrh	r3, [r3, #14]
 2902              		.loc 1 756 45
 2903 0150 D31A     		subs	r3, r2, r3
ARM GAS  C:\Users\HUAV\AppData\Local\Temp\ccLd8epe.s 			page 67


 2904 0152 9BB2     		uxth	r3, r3
 2905              		.loc 1 756 20
 2906 0154 7B81     		strh	r3, [r7, #10]	@ movhi
 2907              		.loc 1 756 9
 2908 0156 09E0     		b	.L153
 2909              	.L154:
 757:System/shell/shell.c ****         {
 758:System/shell/shell.c ****             shellWriteByte(shell, '\b');
 2910              		.loc 1 758 13 discriminator 3
 2911 0158 0821     		movs	r1, #8
 2912 015a 7868     		ldr	r0, [r7, #4]
 2913 015c FFF7FEFF 		bl	shellWriteByte
 756:System/shell/shell.c ****         {
 2914              		.loc 1 756 77 discriminator 3
 2915 0160 B7F90A30 		ldrsh	r3, [r7, #10]
 2916 0164 9BB2     		uxth	r3, r3
 2917 0166 013B     		subs	r3, r3, #1
 2918 0168 9BB2     		uxth	r3, r3
 2919 016a 7B81     		strh	r3, [r7, #10]	@ movhi
 2920              	.L153:
 756:System/shell/shell.c ****         {
 2921              		.loc 1 756 9 discriminator 1
 2922 016c B7F90A30 		ldrsh	r3, [r7, #10]
 2923 0170 002B     		cmp	r3, #0
 2924 0172 F1DC     		bgt	.L154
 2925              	.L145:
 2926              	.LBE13:
 759:System/shell/shell.c ****         }
 760:System/shell/shell.c ****     }
 761:System/shell/shell.c **** }
 2927              		.loc 1 761 1
 2928 0174 1037     		adds	r7, r7, #16
 2929              	.LCFI137:
 2930              		.cfi_def_cfa_offset 8
 2931 0176 BD46     		mov	sp, r7
 2932              	.LCFI138:
 2933              		.cfi_def_cfa_register 13
 2934              		@ sp needed
 2935 0178 80BD     		pop	{r7, pc}
 2936              	.L156:
 2937 017a 00BF     		.align	2
 2938              	.L155:
 2939 017c 00000000 		.word	shellText
 2940              		.cfi_endproc
 2941              	.LFE27:
 2943              		.section	.text.shellDeleteByte,"ax",%progbits
 2944              		.align	1
 2945              		.global	shellDeleteByte
 2946              		.syntax unified
 2947              		.thumb
 2948              		.thumb_func
 2950              	shellDeleteByte:
 2951              	.LFB28:
 762:System/shell/shell.c **** 
 763:System/shell/shell.c **** /**
 764:System/shell/shell.c ****  * @brief shell 删除字节
 765:System/shell/shell.c ****  *
ARM GAS  C:\Users\HUAV\AppData\Local\Temp\ccLd8epe.s 			page 68


 766:System/shell/shell.c ****  * @param shell shell对象
 767:System/shell/shell.c ****  * @param direction 删除方向 {@code 1}删除光标前字符 {@code -1}删除光标处字符
 768:System/shell/shell.c ****  */
 769:System/shell/shell.c **** void shellDeleteByte(Shell *shell, signed char direction)
 770:System/shell/shell.c **** {
 2952              		.loc 1 770 1
 2953              		.cfi_startproc
 2954              		@ args = 0, pretend = 0, frame = 16
 2955              		@ frame_needed = 1, uses_anonymous_args = 0
 2956 0000 80B5     		push	{r7, lr}
 2957              	.LCFI139:
 2958              		.cfi_def_cfa_offset 8
 2959              		.cfi_offset 7, -8
 2960              		.cfi_offset 14, -4
 2961 0002 84B0     		sub	sp, sp, #16
 2962              	.LCFI140:
 2963              		.cfi_def_cfa_offset 24
 2964 0004 00AF     		add	r7, sp, #0
 2965              	.LCFI141:
 2966              		.cfi_def_cfa_register 7
 2967 0006 7860     		str	r0, [r7, #4]
 2968 0008 0B46     		mov	r3, r1
 2969 000a FB70     		strb	r3, [r7, #3]
 771:System/shell/shell.c ****     char offset = (direction == -1) ? 1 : 0;
 2970              		.loc 1 771 41
 2971 000c 97F90330 		ldrsb	r3, [r7, #3]
 2972 0010 B3F1FF3F 		cmp	r3, #-1
 2973 0014 0CBF     		ite	eq
 2974 0016 0123     		moveq	r3, #1
 2975 0018 0023     		movne	r3, #0
 2976 001a DBB2     		uxtb	r3, r3
 2977              		.loc 1 771 10
 2978 001c 7B72     		strb	r3, [r7, #9]
 772:System/shell/shell.c **** 
 773:System/shell/shell.c ****     if ((shell->parser.cursor == 0 && direction == 1) || (shell->parser.cursor == shell->parser.len
 2979              		.loc 1 773 23
 2980 001e 7B68     		ldr	r3, [r7, #4]
 2981 0020 DB89     		ldrh	r3, [r3, #14]
 2982              		.loc 1 773 8
 2983 0022 002B     		cmp	r3, #0
 2984 0024 04D1     		bne	.L158
 2985              		.loc 1 773 36 discriminator 1
 2986 0026 97F90330 		ldrsb	r3, [r7, #3]
 2987 002a 012B     		cmp	r3, #1
 2988 002c 00F0A780 		beq	.L170
 2989              	.L158:
 2990              		.loc 1 773 72 discriminator 3
 2991 0030 7B68     		ldr	r3, [r7, #4]
 2992 0032 DA89     		ldrh	r2, [r3, #14]
 2993              		.loc 1 773 96 discriminator 3
 2994 0034 7B68     		ldr	r3, [r7, #4]
 2995 0036 9B89     		ldrh	r3, [r3, #12]
 2996              		.loc 1 773 55 discriminator 3
 2997 0038 9A42     		cmp	r2, r3
 2998 003a 05D1     		bne	.L160
 2999              		.loc 1 773 104 discriminator 4
 3000 003c 97F90330 		ldrsb	r3, [r7, #3]
ARM GAS  C:\Users\HUAV\AppData\Local\Temp\ccLd8epe.s 			page 69


 3001 0040 B3F1FF3F 		cmp	r3, #-1
 3002 0044 00F09B80 		beq	.L170
 3003              	.L160:
 774:System/shell/shell.c ****     {
 775:System/shell/shell.c ****         return;
 776:System/shell/shell.c ****     }
 777:System/shell/shell.c ****     if (shell->parser.cursor == shell->parser.length && direction == 1)
 3004              		.loc 1 777 22
 3005 0048 7B68     		ldr	r3, [r7, #4]
 3006 004a DA89     		ldrh	r2, [r3, #14]
 3007              		.loc 1 777 46
 3008 004c 7B68     		ldr	r3, [r7, #4]
 3009 004e 9B89     		ldrh	r3, [r3, #12]
 3010              		.loc 1 777 8
 3011 0050 9A42     		cmp	r2, r3
 3012 0052 1BD1     		bne	.L162
 3013              		.loc 1 777 54 discriminator 1
 3014 0054 97F90330 		ldrsb	r3, [r7, #3]
 3015 0058 012B     		cmp	r3, #1
 3016 005a 17D1     		bne	.L162
 778:System/shell/shell.c ****     {
 779:System/shell/shell.c ****         shell->parser.cursor--;
 3017              		.loc 1 779 22
 3018 005c 7B68     		ldr	r3, [r7, #4]
 3019 005e DB89     		ldrh	r3, [r3, #14]
 3020              		.loc 1 779 29
 3021 0060 013B     		subs	r3, r3, #1
 3022 0062 9AB2     		uxth	r2, r3
 3023 0064 7B68     		ldr	r3, [r7, #4]
 3024 0066 DA81     		strh	r2, [r3, #14]	@ movhi
 780:System/shell/shell.c ****         shell->parser.length--;
 3025              		.loc 1 780 22
 3026 0068 7B68     		ldr	r3, [r7, #4]
 3027 006a 9B89     		ldrh	r3, [r3, #12]
 3028              		.loc 1 780 29
 3029 006c 013B     		subs	r3, r3, #1
 3030 006e 9AB2     		uxth	r2, r3
 3031 0070 7B68     		ldr	r3, [r7, #4]
 3032 0072 9A81     		strh	r2, [r3, #12]	@ movhi
 781:System/shell/shell.c ****         shell->parser.buffer[shell->parser.length] = 0;
 3033              		.loc 1 781 22
 3034 0074 7B68     		ldr	r3, [r7, #4]
 3035 0076 1B69     		ldr	r3, [r3, #16]
 3036              		.loc 1 781 43
 3037 0078 7A68     		ldr	r2, [r7, #4]
 3038 007a 9289     		ldrh	r2, [r2, #12]
 3039              		.loc 1 781 29
 3040 007c 1344     		add	r3, r3, r2
 3041              		.loc 1 781 52
 3042 007e 0022     		movs	r2, #0
 3043 0080 1A70     		strb	r2, [r3]
 782:System/shell/shell.c ****         shellDeleteCommandLine(shell, 1);
 3044              		.loc 1 782 9
 3045 0082 0121     		movs	r1, #1
 3046 0084 7868     		ldr	r0, [r7, #4]
 3047 0086 FFF7FEFF 		bl	shellDeleteCommandLine
 3048 008a 79E0     		b	.L157
ARM GAS  C:\Users\HUAV\AppData\Local\Temp\ccLd8epe.s 			page 70


 3049              	.L162:
 3050              	.LBB14:
 783:System/shell/shell.c ****     }
 784:System/shell/shell.c ****     else
 785:System/shell/shell.c ****     {
 786:System/shell/shell.c ****         for (short i = offset; i < shell->parser.length - shell->parser.cursor; i++)
 3051              		.loc 1 786 20
 3052 008c 7B7A     		ldrb	r3, [r7, #9]	@ zero_extendqisi2
 3053 008e FB81     		strh	r3, [r7, #14]	@ movhi
 3054              		.loc 1 786 9
 3055 0090 1AE0     		b	.L163
 3056              	.L164:
 787:System/shell/shell.c ****         {
 788:System/shell/shell.c ****             shell->parser.buffer[shell->parser.cursor + i - 1] =
 789:System/shell/shell.c ****                 shell->parser.buffer[shell->parser.cursor + i];
 3057              		.loc 1 789 30 discriminator 3
 3058 0092 7B68     		ldr	r3, [r7, #4]
 3059 0094 1B69     		ldr	r3, [r3, #16]
 3060              		.loc 1 789 51 discriminator 3
 3061 0096 7A68     		ldr	r2, [r7, #4]
 3062 0098 D289     		ldrh	r2, [r2, #14]
 3063 009a 1146     		mov	r1, r2
 3064              		.loc 1 789 59 discriminator 3
 3065 009c B7F90E20 		ldrsh	r2, [r7, #14]
 3066 00a0 0A44     		add	r2, r2, r1
 3067              		.loc 1 789 37 discriminator 3
 3068 00a2 1A44     		add	r2, r2, r3
 788:System/shell/shell.c ****                 shell->parser.buffer[shell->parser.cursor + i];
 3069              		.loc 1 788 26 discriminator 3
 3070 00a4 7B68     		ldr	r3, [r7, #4]
 3071 00a6 1969     		ldr	r1, [r3, #16]
 788:System/shell/shell.c ****                 shell->parser.buffer[shell->parser.cursor + i];
 3072              		.loc 1 788 47 discriminator 3
 3073 00a8 7B68     		ldr	r3, [r7, #4]
 3074 00aa DB89     		ldrh	r3, [r3, #14]
 3075 00ac 1846     		mov	r0, r3
 788:System/shell/shell.c ****                 shell->parser.buffer[shell->parser.cursor + i];
 3076              		.loc 1 788 55 discriminator 3
 3077 00ae B7F90E30 		ldrsh	r3, [r7, #14]
 3078 00b2 0344     		add	r3, r3, r0
 788:System/shell/shell.c ****                 shell->parser.buffer[shell->parser.cursor + i];
 3079              		.loc 1 788 33 discriminator 3
 3080 00b4 013B     		subs	r3, r3, #1
 3081 00b6 0B44     		add	r3, r3, r1
 3082              		.loc 1 789 37 discriminator 3
 3083 00b8 1278     		ldrb	r2, [r2]	@ zero_extendqisi2
 788:System/shell/shell.c ****                 shell->parser.buffer[shell->parser.cursor + i];
 3084              		.loc 1 788 64 discriminator 3
 3085 00ba 1A70     		strb	r2, [r3]
 786:System/shell/shell.c ****         {
 3086              		.loc 1 786 82 discriminator 3
 3087 00bc B7F90E30 		ldrsh	r3, [r7, #14]
 3088 00c0 9BB2     		uxth	r3, r3
 3089 00c2 0133     		adds	r3, r3, #1
 3090 00c4 9BB2     		uxth	r3, r3
 3091 00c6 FB81     		strh	r3, [r7, #14]	@ movhi
 3092              	.L163:
ARM GAS  C:\Users\HUAV\AppData\Local\Temp\ccLd8epe.s 			page 71


 786:System/shell/shell.c ****         {
 3093              		.loc 1 786 34 discriminator 1
 3094 00c8 B7F90E20 		ldrsh	r2, [r7, #14]
 786:System/shell/shell.c ****         {
 3095              		.loc 1 786 49 discriminator 1
 3096 00cc 7B68     		ldr	r3, [r7, #4]
 3097 00ce 9B89     		ldrh	r3, [r3, #12]
 3098 00d0 1946     		mov	r1, r3
 786:System/shell/shell.c ****         {
 3099              		.loc 1 786 72 discriminator 1
 3100 00d2 7B68     		ldr	r3, [r7, #4]
 3101 00d4 DB89     		ldrh	r3, [r3, #14]
 786:System/shell/shell.c ****         {
 3102              		.loc 1 786 57 discriminator 1
 3103 00d6 CB1A     		subs	r3, r1, r3
 786:System/shell/shell.c ****         {
 3104              		.loc 1 786 9 discriminator 1
 3105 00d8 9A42     		cmp	r2, r3
 3106 00da DADB     		blt	.L164
 3107              	.LBE14:
 790:System/shell/shell.c ****         }
 791:System/shell/shell.c ****         shell->parser.length--;
 3108              		.loc 1 791 22
 3109 00dc 7B68     		ldr	r3, [r7, #4]
 3110 00de 9B89     		ldrh	r3, [r3, #12]
 3111              		.loc 1 791 29
 3112 00e0 013B     		subs	r3, r3, #1
 3113 00e2 9AB2     		uxth	r2, r3
 3114 00e4 7B68     		ldr	r3, [r7, #4]
 3115 00e6 9A81     		strh	r2, [r3, #12]	@ movhi
 792:System/shell/shell.c ****         if (!offset)
 3116              		.loc 1 792 12
 3117 00e8 7B7A     		ldrb	r3, [r7, #9]	@ zero_extendqisi2
 3118 00ea 002B     		cmp	r3, #0
 3119 00ec 09D1     		bne	.L165
 793:System/shell/shell.c ****         {
 794:System/shell/shell.c ****             shell->parser.cursor--;
 3120              		.loc 1 794 26
 3121 00ee 7B68     		ldr	r3, [r7, #4]
 3122 00f0 DB89     		ldrh	r3, [r3, #14]
 3123              		.loc 1 794 33
 3124 00f2 013B     		subs	r3, r3, #1
 3125 00f4 9AB2     		uxth	r2, r3
 3126 00f6 7B68     		ldr	r3, [r7, #4]
 3127 00f8 DA81     		strh	r2, [r3, #14]	@ movhi
 795:System/shell/shell.c ****             shellWriteByte(shell, '\b');
 3128              		.loc 1 795 13
 3129 00fa 0821     		movs	r1, #8
 3130 00fc 7868     		ldr	r0, [r7, #4]
 3131 00fe FFF7FEFF 		bl	shellWriteByte
 3132              	.L165:
 796:System/shell/shell.c ****         }
 797:System/shell/shell.c ****         shell->parser.buffer[shell->parser.length] = 0;
 3133              		.loc 1 797 22
 3134 0102 7B68     		ldr	r3, [r7, #4]
 3135 0104 1B69     		ldr	r3, [r3, #16]
 3136              		.loc 1 797 43
ARM GAS  C:\Users\HUAV\AppData\Local\Temp\ccLd8epe.s 			page 72


 3137 0106 7A68     		ldr	r2, [r7, #4]
 3138 0108 9289     		ldrh	r2, [r2, #12]
 3139              		.loc 1 797 29
 3140 010a 1344     		add	r3, r3, r2
 3141              		.loc 1 797 52
 3142 010c 0022     		movs	r2, #0
 3143 010e 1A70     		strb	r2, [r3]
 3144              	.LBB15:
 798:System/shell/shell.c ****         for (short i = shell->parser.cursor; i < shell->parser.length; i++)
 3145              		.loc 1 798 37
 3146 0110 7B68     		ldr	r3, [r7, #4]
 3147 0112 DB89     		ldrh	r3, [r3, #14]
 3148              		.loc 1 798 20
 3149 0114 BB81     		strh	r3, [r7, #12]	@ movhi
 3150              		.loc 1 798 9
 3151 0116 0FE0     		b	.L166
 3152              	.L167:
 799:System/shell/shell.c ****         {
 800:System/shell/shell.c ****             shellWriteByte(shell, shell->parser.buffer[i]);
 3153              		.loc 1 800 48 discriminator 3
 3154 0118 7B68     		ldr	r3, [r7, #4]
 3155 011a 1A69     		ldr	r2, [r3, #16]
 3156              		.loc 1 800 55 discriminator 3
 3157 011c B7F90C30 		ldrsh	r3, [r7, #12]
 3158 0120 1344     		add	r3, r3, r2
 3159              		.loc 1 800 13 discriminator 3
 3160 0122 1B78     		ldrb	r3, [r3]	@ zero_extendqisi2
 3161 0124 1946     		mov	r1, r3
 3162 0126 7868     		ldr	r0, [r7, #4]
 3163 0128 FFF7FEFF 		bl	shellWriteByte
 798:System/shell/shell.c ****         for (short i = shell->parser.cursor; i < shell->parser.length; i++)
 3164              		.loc 1 798 73 discriminator 3
 3165 012c B7F90C30 		ldrsh	r3, [r7, #12]
 3166 0130 9BB2     		uxth	r3, r3
 3167 0132 0133     		adds	r3, r3, #1
 3168 0134 9BB2     		uxth	r3, r3
 3169 0136 BB81     		strh	r3, [r7, #12]	@ movhi
 3170              	.L166:
 798:System/shell/shell.c ****         for (short i = shell->parser.cursor; i < shell->parser.length; i++)
 3171              		.loc 1 798 48 discriminator 1
 3172 0138 B7F90C30 		ldrsh	r3, [r7, #12]
 798:System/shell/shell.c ****         for (short i = shell->parser.cursor; i < shell->parser.length; i++)
 3173              		.loc 1 798 63 discriminator 1
 3174 013c 7A68     		ldr	r2, [r7, #4]
 3175 013e 9289     		ldrh	r2, [r2, #12]
 798:System/shell/shell.c ****         for (short i = shell->parser.cursor; i < shell->parser.length; i++)
 3176              		.loc 1 798 9 discriminator 1
 3177 0140 9342     		cmp	r3, r2
 3178 0142 E9DB     		blt	.L167
 3179              	.LBE15:
 801:System/shell/shell.c ****         }
 802:System/shell/shell.c ****         shellWriteByte(shell, ' ');
 3180              		.loc 1 802 9
 3181 0144 2021     		movs	r1, #32
 3182 0146 7868     		ldr	r0, [r7, #4]
 3183 0148 FFF7FEFF 		bl	shellWriteByte
 3184              	.LBB16:
ARM GAS  C:\Users\HUAV\AppData\Local\Temp\ccLd8epe.s 			page 73


 803:System/shell/shell.c ****         for (short i = shell->parser.length - shell->parser.cursor + 1; i > 0; i--)
 3185              		.loc 1 803 37
 3186 014c 7B68     		ldr	r3, [r7, #4]
 3187 014e 9A89     		ldrh	r2, [r3, #12]
 3188              		.loc 1 803 60
 3189 0150 7B68     		ldr	r3, [r7, #4]
 3190 0152 DB89     		ldrh	r3, [r3, #14]
 3191              		.loc 1 803 45
 3192 0154 D31A     		subs	r3, r2, r3
 3193 0156 9BB2     		uxth	r3, r3
 3194              		.loc 1 803 68
 3195 0158 0133     		adds	r3, r3, #1
 3196 015a 9BB2     		uxth	r3, r3
 3197              		.loc 1 803 20
 3198 015c 7B81     		strh	r3, [r7, #10]	@ movhi
 3199              		.loc 1 803 9
 3200 015e 09E0     		b	.L168
 3201              	.L169:
 804:System/shell/shell.c ****         {
 805:System/shell/shell.c ****             shellWriteByte(shell, '\b');
 3202              		.loc 1 805 13 discriminator 3
 3203 0160 0821     		movs	r1, #8
 3204 0162 7868     		ldr	r0, [r7, #4]
 3205 0164 FFF7FEFF 		bl	shellWriteByte
 803:System/shell/shell.c ****         for (short i = shell->parser.length - shell->parser.cursor + 1; i > 0; i--)
 3206              		.loc 1 803 81 discriminator 3
 3207 0168 B7F90A30 		ldrsh	r3, [r7, #10]
 3208 016c 9BB2     		uxth	r3, r3
 3209 016e 013B     		subs	r3, r3, #1
 3210 0170 9BB2     		uxth	r3, r3
 3211 0172 7B81     		strh	r3, [r7, #10]	@ movhi
 3212              	.L168:
 803:System/shell/shell.c ****         for (short i = shell->parser.length - shell->parser.cursor + 1; i > 0; i--)
 3213              		.loc 1 803 9 discriminator 1
 3214 0174 B7F90A30 		ldrsh	r3, [r7, #10]
 3215 0178 002B     		cmp	r3, #0
 3216 017a F1DC     		bgt	.L169
 3217 017c 00E0     		b	.L157
 3218              	.L170:
 3219              	.LBE16:
 775:System/shell/shell.c ****     }
 3220              		.loc 1 775 9
 3221 017e 00BF     		nop
 3222              	.L157:
 806:System/shell/shell.c ****         }
 807:System/shell/shell.c ****     }
 808:System/shell/shell.c **** }
 3223              		.loc 1 808 1
 3224 0180 1037     		adds	r7, r7, #16
 3225              	.LCFI142:
 3226              		.cfi_def_cfa_offset 8
 3227 0182 BD46     		mov	sp, r7
 3228              	.LCFI143:
 3229              		.cfi_def_cfa_register 13
 3230              		@ sp needed
 3231 0184 80BD     		pop	{r7, pc}
 3232              		.cfi_endproc
ARM GAS  C:\Users\HUAV\AppData\Local\Temp\ccLd8epe.s 			page 74


 3233              	.LFE28:
 3235              		.section	.text.shellParserParam,"ax",%progbits
 3236              		.align	1
 3237              		.syntax unified
 3238              		.thumb
 3239              		.thumb_func
 3241              	shellParserParam:
 3242              	.LFB29:
 809:System/shell/shell.c **** 
 810:System/shell/shell.c **** /**
 811:System/shell/shell.c ****  * @brief shell 解析参数
 812:System/shell/shell.c ****  *
 813:System/shell/shell.c ****  * @param shell shell对象
 814:System/shell/shell.c ****  */
 815:System/shell/shell.c **** static void shellParserParam(Shell *shell)
 816:System/shell/shell.c **** {
 3243              		.loc 1 816 1
 3244              		.cfi_startproc
 3245              		@ args = 0, pretend = 0, frame = 16
 3246              		@ frame_needed = 1, uses_anonymous_args = 0
 3247              		@ link register save eliminated.
 3248 0000 90B4     		push	{r4, r7}
 3249              	.LCFI144:
 3250              		.cfi_def_cfa_offset 8
 3251              		.cfi_offset 4, -8
 3252              		.cfi_offset 7, -4
 3253 0002 84B0     		sub	sp, sp, #16
 3254              	.LCFI145:
 3255              		.cfi_def_cfa_offset 24
 3256 0004 00AF     		add	r7, sp, #0
 3257              	.LCFI146:
 3258              		.cfi_def_cfa_register 7
 3259 0006 7860     		str	r0, [r7, #4]
 817:System/shell/shell.c ****     unsigned char quotes = 0;
 3260              		.loc 1 817 19
 3261 0008 0023     		movs	r3, #0
 3262 000a FB73     		strb	r3, [r7, #15]
 818:System/shell/shell.c ****     unsigned char record = 1;
 3263              		.loc 1 818 19
 3264 000c 0123     		movs	r3, #1
 3265 000e BB73     		strb	r3, [r7, #14]
 3266              	.LBB17:
 819:System/shell/shell.c **** 
 820:System/shell/shell.c ****     for (short i = 0; i < SHELL_PARAMETER_MAX_NUMBER; i++)
 3267              		.loc 1 820 16
 3268 0010 0023     		movs	r3, #0
 3269 0012 BB81     		strh	r3, [r7, #12]	@ movhi
 3270              		.loc 1 820 5
 3271 0014 0DE0     		b	.L172
 3272              	.L173:
 821:System/shell/shell.c ****     {
 822:System/shell/shell.c ****         shell->parser.param[i] = NULL;
 3273              		.loc 1 822 28 discriminator 3
 3274 0016 B7F90C30 		ldrsh	r3, [r7, #12]
 3275              		.loc 1 822 32 discriminator 3
 3276 001a 7A68     		ldr	r2, [r7, #4]
 3277 001c 0433     		adds	r3, r3, #4
ARM GAS  C:\Users\HUAV\AppData\Local\Temp\ccLd8epe.s 			page 75


 3278 001e 9B00     		lsls	r3, r3, #2
 3279 0020 1344     		add	r3, r3, r2
 3280 0022 0022     		movs	r2, #0
 3281 0024 5A60     		str	r2, [r3, #4]
 820:System/shell/shell.c ****     {
 3282              		.loc 1 820 56 discriminator 3
 3283 0026 B7F90C30 		ldrsh	r3, [r7, #12]
 3284 002a 9BB2     		uxth	r3, r3
 3285 002c 0133     		adds	r3, r3, #1
 3286 002e 9BB2     		uxth	r3, r3
 3287 0030 BB81     		strh	r3, [r7, #12]	@ movhi
 3288              	.L172:
 820:System/shell/shell.c ****     {
 3289              		.loc 1 820 5 discriminator 1
 3290 0032 B7F90C30 		ldrsh	r3, [r7, #12]
 3291 0036 072B     		cmp	r3, #7
 3292 0038 EDDD     		ble	.L173
 3293              	.LBE17:
 823:System/shell/shell.c ****     }
 824:System/shell/shell.c **** 
 825:System/shell/shell.c ****     shell->parser.paramCount = 0;
 3294              		.loc 1 825 30
 3295 003a 7B68     		ldr	r3, [r7, #4]
 3296 003c 0022     		movs	r2, #0
 3297 003e DA86     		strh	r2, [r3, #54]	@ movhi
 3298              	.LBB18:
 826:System/shell/shell.c ****     for (unsigned short i = 0; i < shell->parser.length; i++)
 3299              		.loc 1 826 25
 3300 0040 0023     		movs	r3, #0
 3301 0042 7B81     		strh	r3, [r7, #10]	@ movhi
 3302              		.loc 1 826 5
 3303 0044 56E0     		b	.L174
 3304              	.L182:
 827:System/shell/shell.c ****     {
 828:System/shell/shell.c ****         if (quotes != 0 || (shell->parser.buffer[i] != ' ' && shell->parser.buffer[i] != 0))
 3305              		.loc 1 828 12
 3306 0046 FB7B     		ldrb	r3, [r7, #15]	@ zero_extendqisi2
 3307 0048 002B     		cmp	r3, #0
 3308 004a 0DD1     		bne	.L175
 3309              		.loc 1 828 42 discriminator 1
 3310 004c 7B68     		ldr	r3, [r7, #4]
 3311 004e 1A69     		ldr	r2, [r3, #16]
 3312              		.loc 1 828 49 discriminator 1
 3313 0050 7B89     		ldrh	r3, [r7, #10]
 3314 0052 1344     		add	r3, r3, r2
 3315 0054 1B78     		ldrb	r3, [r3]	@ zero_extendqisi2
 3316              		.loc 1 828 25 discriminator 1
 3317 0056 202B     		cmp	r3, #32
 3318 0058 3FD0     		beq	.L176
 3319              		.loc 1 828 76 discriminator 2
 3320 005a 7B68     		ldr	r3, [r7, #4]
 3321 005c 1A69     		ldr	r2, [r3, #16]
 3322              		.loc 1 828 83 discriminator 2
 3323 005e 7B89     		ldrh	r3, [r7, #10]
 3324 0060 1344     		add	r3, r3, r2
 3325 0062 1B78     		ldrb	r3, [r3]	@ zero_extendqisi2
 3326              		.loc 1 828 60 discriminator 2
ARM GAS  C:\Users\HUAV\AppData\Local\Temp\ccLd8epe.s 			page 76


 3327 0064 002B     		cmp	r3, #0
 3328 0066 38D0     		beq	.L176
 3329              	.L175:
 829:System/shell/shell.c ****         {
 830:System/shell/shell.c ****             if (shell->parser.buffer[i] == '\"')
 3330              		.loc 1 830 30
 3331 0068 7B68     		ldr	r3, [r7, #4]
 3332 006a 1A69     		ldr	r2, [r3, #16]
 3333              		.loc 1 830 37
 3334 006c 7B89     		ldrh	r3, [r7, #10]
 3335 006e 1344     		add	r3, r3, r2
 3336 0070 1B78     		ldrb	r3, [r3]	@ zero_extendqisi2
 3337              		.loc 1 830 16
 3338 0072 222B     		cmp	r3, #34
 3339 0074 06D1     		bne	.L177
 831:System/shell/shell.c ****             {
 832:System/shell/shell.c ****                 quotes = quotes ? 0 : 1;
 3340              		.loc 1 832 37
 3341 0076 FB7B     		ldrb	r3, [r7, #15]	@ zero_extendqisi2
 3342 0078 002B     		cmp	r3, #0
 3343 007a 0CBF     		ite	eq
 3344 007c 0123     		moveq	r3, #1
 3345 007e 0023     		movne	r3, #0
 3346 0080 DBB2     		uxtb	r3, r3
 3347              		.loc 1 832 24
 3348 0082 FB73     		strb	r3, [r7, #15]
 3349              	.L177:
 833:System/shell/shell.c ****             }
 834:System/shell/shell.c ****             if (record == 1)
 3350              		.loc 1 834 16
 3351 0084 BB7B     		ldrb	r3, [r7, #14]	@ zero_extendqisi2
 3352 0086 012B     		cmp	r3, #1
 3353 0088 14D1     		bne	.L178
 835:System/shell/shell.c ****             {
 836:System/shell/shell.c ****                 if (shell->parser.paramCount < SHELL_PARAMETER_MAX_NUMBER)
 3354              		.loc 1 836 34
 3355 008a 7B68     		ldr	r3, [r7, #4]
 3356 008c DB8E     		ldrh	r3, [r3, #54]
 3357              		.loc 1 836 20
 3358 008e 072B     		cmp	r3, #7
 3359 0090 0ED8     		bhi	.L179
 837:System/shell/shell.c ****                 {
 838:System/shell/shell.c ****                     shell->parser.param[shell->parser.paramCount++] =
 839:System/shell/shell.c ****                         &(shell->parser.buffer[i]);
 3360              		.loc 1 839 40
 3361 0092 7B68     		ldr	r3, [r7, #4]
 3362 0094 1969     		ldr	r1, [r3, #16]
 3363              		.loc 1 839 25
 3364 0096 7A89     		ldrh	r2, [r7, #10]
 838:System/shell/shell.c ****                         &(shell->parser.buffer[i]);
 3365              		.loc 1 838 54
 3366 0098 7B68     		ldr	r3, [r7, #4]
 3367 009a DB8E     		ldrh	r3, [r3, #54]
 838:System/shell/shell.c ****                         &(shell->parser.buffer[i]);
 3368              		.loc 1 838 65
 3369 009c 581C     		adds	r0, r3, #1
 3370 009e 84B2     		uxth	r4, r0
ARM GAS  C:\Users\HUAV\AppData\Local\Temp\ccLd8epe.s 			page 77


 3371 00a0 7868     		ldr	r0, [r7, #4]
 3372 00a2 C486     		strh	r4, [r0, #54]	@ movhi
 3373              		.loc 1 839 25
 3374 00a4 0A44     		add	r2, r2, r1
 838:System/shell/shell.c ****                         &(shell->parser.buffer[i]);
 3375              		.loc 1 838 69
 3376 00a6 7968     		ldr	r1, [r7, #4]
 3377 00a8 0433     		adds	r3, r3, #4
 3378 00aa 9B00     		lsls	r3, r3, #2
 3379 00ac 0B44     		add	r3, r3, r1
 3380 00ae 5A60     		str	r2, [r3, #4]
 3381              	.L179:
 840:System/shell/shell.c ****                 }
 841:System/shell/shell.c ****                 record = 0;
 3382              		.loc 1 841 24
 3383 00b0 0023     		movs	r3, #0
 3384 00b2 BB73     		strb	r3, [r7, #14]
 3385              	.L178:
 842:System/shell/shell.c ****             }
 843:System/shell/shell.c ****             if (shell->parser.buffer[i] == '\\' && shell->parser.buffer[i + 1] != 0)
 3386              		.loc 1 843 30
 3387 00b4 7B68     		ldr	r3, [r7, #4]
 3388 00b6 1A69     		ldr	r2, [r3, #16]
 3389              		.loc 1 843 37
 3390 00b8 7B89     		ldrh	r3, [r7, #10]
 3391 00ba 1344     		add	r3, r3, r2
 3392 00bc 1B78     		ldrb	r3, [r3]	@ zero_extendqisi2
 3393              		.loc 1 843 16
 3394 00be 5C2B     		cmp	r3, #92
 3395 00c0 14D1     		bne	.L183
 3396              		.loc 1 843 65 discriminator 1
 3397 00c2 7B68     		ldr	r3, [r7, #4]
 3398 00c4 1A69     		ldr	r2, [r3, #16]
 3399              		.loc 1 843 72 discriminator 1
 3400 00c6 7B89     		ldrh	r3, [r7, #10]
 3401 00c8 0133     		adds	r3, r3, #1
 3402 00ca 1344     		add	r3, r3, r2
 3403 00cc 1B78     		ldrb	r3, [r3]	@ zero_extendqisi2
 3404              		.loc 1 843 49 discriminator 1
 3405 00ce 002B     		cmp	r3, #0
 3406 00d0 0CD0     		beq	.L183
 844:System/shell/shell.c ****             {
 845:System/shell/shell.c ****                 i++;
 3407              		.loc 1 845 18
 3408 00d2 7B89     		ldrh	r3, [r7, #10]
 3409 00d4 0133     		adds	r3, r3, #1
 3410 00d6 7B81     		strh	r3, [r7, #10]	@ movhi
 843:System/shell/shell.c ****             {
 3411              		.loc 1 843 16
 3412 00d8 08E0     		b	.L183
 3413              	.L176:
 846:System/shell/shell.c ****             }
 847:System/shell/shell.c ****         }
 848:System/shell/shell.c ****         else
 849:System/shell/shell.c ****         {
 850:System/shell/shell.c ****             shell->parser.buffer[i] = 0;
 3414              		.loc 1 850 26
ARM GAS  C:\Users\HUAV\AppData\Local\Temp\ccLd8epe.s 			page 78


 3415 00da 7B68     		ldr	r3, [r7, #4]
 3416 00dc 1A69     		ldr	r2, [r3, #16]
 3417              		.loc 1 850 33
 3418 00de 7B89     		ldrh	r3, [r7, #10]
 3419 00e0 1344     		add	r3, r3, r2
 3420              		.loc 1 850 37
 3421 00e2 0022     		movs	r2, #0
 3422 00e4 1A70     		strb	r2, [r3]
 851:System/shell/shell.c ****             record = 1;
 3423              		.loc 1 851 20
 3424 00e6 0123     		movs	r3, #1
 3425 00e8 BB73     		strb	r3, [r7, #14]
 3426 00ea 00E0     		b	.L181
 3427              	.L183:
 843:System/shell/shell.c ****             {
 3428              		.loc 1 843 16
 3429 00ec 00BF     		nop
 3430              	.L181:
 826:System/shell/shell.c ****     {
 3431              		.loc 1 826 59 discriminator 2
 3432 00ee 7B89     		ldrh	r3, [r7, #10]
 3433 00f0 0133     		adds	r3, r3, #1
 3434 00f2 7B81     		strh	r3, [r7, #10]	@ movhi
 3435              	.L174:
 826:System/shell/shell.c ****     {
 3436              		.loc 1 826 49 discriminator 1
 3437 00f4 7B68     		ldr	r3, [r7, #4]
 3438 00f6 9B89     		ldrh	r3, [r3, #12]
 826:System/shell/shell.c ****     {
 3439              		.loc 1 826 5 discriminator 1
 3440 00f8 7A89     		ldrh	r2, [r7, #10]
 3441 00fa 9A42     		cmp	r2, r3
 3442 00fc A3D3     		bcc	.L182
 3443              	.LBE18:
 852:System/shell/shell.c ****         }
 853:System/shell/shell.c ****     }
 854:System/shell/shell.c **** }
 3444              		.loc 1 854 1
 3445 00fe 00BF     		nop
 3446 0100 00BF     		nop
 3447 0102 1037     		adds	r7, r7, #16
 3448              	.LCFI147:
 3449              		.cfi_def_cfa_offset 8
 3450 0104 BD46     		mov	sp, r7
 3451              	.LCFI148:
 3452              		.cfi_def_cfa_register 13
 3453              		@ sp needed
 3454 0106 90BC     		pop	{r4, r7}
 3455              	.LCFI149:
 3456              		.cfi_restore 7
 3457              		.cfi_restore 4
 3458              		.cfi_def_cfa_offset 0
 3459 0108 7047     		bx	lr
 3460              		.cfi_endproc
 3461              	.LFE29:
 3463              		.section	.text.shellRemoveParamQuotes,"ax",%progbits
 3464              		.align	1
ARM GAS  C:\Users\HUAV\AppData\Local\Temp\ccLd8epe.s 			page 79


 3465              		.syntax unified
 3466              		.thumb
 3467              		.thumb_func
 3469              	shellRemoveParamQuotes:
 3470              	.LFB30:
 855:System/shell/shell.c **** 
 856:System/shell/shell.c **** /**
 857:System/shell/shell.c ****  * @brief shell去除字符串参数头尾的双引号
 858:System/shell/shell.c ****  *
 859:System/shell/shell.c ****  * @param shell shell对象
 860:System/shell/shell.c ****  */
 861:System/shell/shell.c **** static void shellRemoveParamQuotes(Shell *shell)
 862:System/shell/shell.c **** {
 3471              		.loc 1 862 1
 3472              		.cfi_startproc
 3473              		@ args = 0, pretend = 0, frame = 16
 3474              		@ frame_needed = 1, uses_anonymous_args = 0
 3475 0000 80B5     		push	{r7, lr}
 3476              	.LCFI150:
 3477              		.cfi_def_cfa_offset 8
 3478              		.cfi_offset 7, -8
 3479              		.cfi_offset 14, -4
 3480 0002 84B0     		sub	sp, sp, #16
 3481              	.LCFI151:
 3482              		.cfi_def_cfa_offset 24
 3483 0004 00AF     		add	r7, sp, #0
 3484              	.LCFI152:
 3485              		.cfi_def_cfa_register 7
 3486 0006 7860     		str	r0, [r7, #4]
 3487              	.LBB19:
 863:System/shell/shell.c ****     unsigned short paramLength;
 864:System/shell/shell.c ****     for (unsigned short i = 0; i < shell->parser.paramCount; i++)
 3488              		.loc 1 864 25
 3489 0008 0023     		movs	r3, #0
 3490 000a FB81     		strh	r3, [r7, #14]	@ movhi
 3491              		.loc 1 864 5
 3492 000c 42E0     		b	.L185
 3493              	.L188:
 865:System/shell/shell.c ****     {
 866:System/shell/shell.c ****         if (shell->parser.param[i][0] == '\"')
 3494              		.loc 1 866 32
 3495 000e FB89     		ldrh	r3, [r7, #14]
 3496 0010 7A68     		ldr	r2, [r7, #4]
 3497 0012 0433     		adds	r3, r3, #4
 3498 0014 9B00     		lsls	r3, r3, #2
 3499 0016 1344     		add	r3, r3, r2
 3500 0018 5B68     		ldr	r3, [r3, #4]
 3501              		.loc 1 866 35
 3502 001a 1B78     		ldrb	r3, [r3]	@ zero_extendqisi2
 3503              		.loc 1 866 12
 3504 001c 222B     		cmp	r3, #34
 3505 001e 14D1     		bne	.L186
 867:System/shell/shell.c ****         {
 868:System/shell/shell.c ****             shell->parser.param[i][0] = 0;
 3506              		.loc 1 868 32
 3507 0020 FB89     		ldrh	r3, [r7, #14]
 3508 0022 7A68     		ldr	r2, [r7, #4]
ARM GAS  C:\Users\HUAV\AppData\Local\Temp\ccLd8epe.s 			page 80


 3509 0024 0433     		adds	r3, r3, #4
 3510 0026 9B00     		lsls	r3, r3, #2
 3511 0028 1344     		add	r3, r3, r2
 3512 002a 5B68     		ldr	r3, [r3, #4]
 3513              		.loc 1 868 39
 3514 002c 0022     		movs	r2, #0
 3515 002e 1A70     		strb	r2, [r3]
 869:System/shell/shell.c ****             shell->parser.param[i] = &shell->parser.param[i][1];
 3516              		.loc 1 869 58
 3517 0030 FB89     		ldrh	r3, [r7, #14]
 3518 0032 7A68     		ldr	r2, [r7, #4]
 3519 0034 0433     		adds	r3, r3, #4
 3520 0036 9B00     		lsls	r3, r3, #2
 3521 0038 1344     		add	r3, r3, r2
 3522 003a 5A68     		ldr	r2, [r3, #4]
 3523              		.loc 1 869 32
 3524 003c FB89     		ldrh	r3, [r7, #14]
 3525              		.loc 1 869 38
 3526 003e 0132     		adds	r2, r2, #1
 3527              		.loc 1 869 36
 3528 0040 7968     		ldr	r1, [r7, #4]
 3529 0042 0433     		adds	r3, r3, #4
 3530 0044 9B00     		lsls	r3, r3, #2
 3531 0046 0B44     		add	r3, r3, r1
 3532 0048 5A60     		str	r2, [r3, #4]
 3533              	.L186:
 870:System/shell/shell.c ****         }
 871:System/shell/shell.c ****         paramLength = strlen(shell->parser.param[i]);
 3534              		.loc 1 871 23
 3535 004a FB89     		ldrh	r3, [r7, #14]
 3536              		.loc 1 871 49
 3537 004c 7A68     		ldr	r2, [r7, #4]
 3538 004e 0433     		adds	r3, r3, #4
 3539 0050 9B00     		lsls	r3, r3, #2
 3540 0052 1344     		add	r3, r3, r2
 3541 0054 5B68     		ldr	r3, [r3, #4]
 3542              		.loc 1 871 23
 3543 0056 1846     		mov	r0, r3
 3544 0058 FFF7FEFF 		bl	strlen
 3545 005c 0346     		mov	r3, r0
 3546              		.loc 1 871 21
 3547 005e BB81     		strh	r3, [r7, #12]	@ movhi
 872:System/shell/shell.c ****         if (shell->parser.param[i][paramLength - 1] == '\"')
 3548              		.loc 1 872 32
 3549 0060 FB89     		ldrh	r3, [r7, #14]
 3550 0062 7A68     		ldr	r2, [r7, #4]
 3551 0064 0433     		adds	r3, r3, #4
 3552 0066 9B00     		lsls	r3, r3, #2
 3553 0068 1344     		add	r3, r3, r2
 3554 006a 5A68     		ldr	r2, [r3, #4]
 3555              		.loc 1 872 35
 3556 006c BB89     		ldrh	r3, [r7, #12]
 3557 006e 013B     		subs	r3, r3, #1
 3558 0070 1344     		add	r3, r3, r2
 3559 0072 1B78     		ldrb	r3, [r3]	@ zero_extendqisi2
 3560              		.loc 1 872 12
 3561 0074 222B     		cmp	r3, #34
ARM GAS  C:\Users\HUAV\AppData\Local\Temp\ccLd8epe.s 			page 81


 3562 0076 0AD1     		bne	.L187
 873:System/shell/shell.c ****         {
 874:System/shell/shell.c ****             shell->parser.param[i][paramLength - 1] = 0;
 3563              		.loc 1 874 32
 3564 0078 FB89     		ldrh	r3, [r7, #14]
 3565 007a 7A68     		ldr	r2, [r7, #4]
 3566 007c 0433     		adds	r3, r3, #4
 3567 007e 9B00     		lsls	r3, r3, #2
 3568 0080 1344     		add	r3, r3, r2
 3569 0082 5A68     		ldr	r2, [r3, #4]
 3570              		.loc 1 874 35
 3571 0084 BB89     		ldrh	r3, [r7, #12]
 3572 0086 013B     		subs	r3, r3, #1
 3573 0088 1344     		add	r3, r3, r2
 3574              		.loc 1 874 53
 3575 008a 0022     		movs	r2, #0
 3576 008c 1A70     		strb	r2, [r3]
 3577              	.L187:
 864:System/shell/shell.c ****     {
 3578              		.loc 1 864 63 discriminator 2
 3579 008e FB89     		ldrh	r3, [r7, #14]
 3580 0090 0133     		adds	r3, r3, #1
 3581 0092 FB81     		strh	r3, [r7, #14]	@ movhi
 3582              	.L185:
 864:System/shell/shell.c ****     {
 3583              		.loc 1 864 49 discriminator 1
 3584 0094 7B68     		ldr	r3, [r7, #4]
 3585 0096 DB8E     		ldrh	r3, [r3, #54]
 864:System/shell/shell.c ****     {
 3586              		.loc 1 864 5 discriminator 1
 3587 0098 FA89     		ldrh	r2, [r7, #14]
 3588 009a 9A42     		cmp	r2, r3
 3589 009c B7D3     		bcc	.L188
 3590              	.LBE19:
 875:System/shell/shell.c ****         }
 876:System/shell/shell.c ****     }
 877:System/shell/shell.c **** }
 3591              		.loc 1 877 1
 3592 009e 00BF     		nop
 3593 00a0 00BF     		nop
 3594 00a2 1037     		adds	r7, r7, #16
 3595              	.LCFI153:
 3596              		.cfi_def_cfa_offset 8
 3597 00a4 BD46     		mov	sp, r7
 3598              	.LCFI154:
 3599              		.cfi_def_cfa_register 13
 3600              		@ sp needed
 3601 00a6 80BD     		pop	{r7, pc}
 3602              		.cfi_endproc
 3603              	.LFE30:
 3605              		.section	.text.shellSeekCommand,"ax",%progbits
 3606              		.align	1
 3607              		.global	shellSeekCommand
 3608              		.syntax unified
 3609              		.thumb
 3610              		.thumb_func
 3612              	shellSeekCommand:
ARM GAS  C:\Users\HUAV\AppData\Local\Temp\ccLd8epe.s 			page 82


 3613              	.LFB31:
 878:System/shell/shell.c **** 
 879:System/shell/shell.c **** /**
 880:System/shell/shell.c ****  * @brief shell匹配命令
 881:System/shell/shell.c ****  *
 882:System/shell/shell.c ****  * @param shell shell对象
 883:System/shell/shell.c ****  * @param cmd 命令
 884:System/shell/shell.c ****  * @param base 匹配命令表基址
 885:System/shell/shell.c ****  * @param compareLength 匹配字符串长度
 886:System/shell/shell.c ****  * @return ShellCommand* 匹配到的命令
 887:System/shell/shell.c ****  */
 888:System/shell/shell.c **** ShellCommand *shellSeekCommand(Shell *shell,
 889:System/shell/shell.c ****                                const char *cmd,
 890:System/shell/shell.c ****                                ShellCommand *base,
 891:System/shell/shell.c ****                                unsigned short compareLength)
 892:System/shell/shell.c **** {
 3614              		.loc 1 892 1
 3615              		.cfi_startproc
 3616              		@ args = 0, pretend = 0, frame = 24
 3617              		@ frame_needed = 1, uses_anonymous_args = 0
 3618 0000 80B5     		push	{r7, lr}
 3619              	.LCFI155:
 3620              		.cfi_def_cfa_offset 8
 3621              		.cfi_offset 7, -8
 3622              		.cfi_offset 14, -4
 3623 0002 86B0     		sub	sp, sp, #24
 3624              	.LCFI156:
 3625              		.cfi_def_cfa_offset 32
 3626 0004 00AF     		add	r7, sp, #0
 3627              	.LCFI157:
 3628              		.cfi_def_cfa_register 7
 3629 0006 F860     		str	r0, [r7, #12]
 3630 0008 B960     		str	r1, [r7, #8]
 3631 000a 7A60     		str	r2, [r7, #4]
 3632 000c 7B80     		strh	r3, [r7, #2]	@ movhi
 893:System/shell/shell.c ****     const char *name;
 894:System/shell/shell.c ****     unsigned short count = shell->commandList.count -
 3633              		.loc 1 894 46
 3634 000e FB68     		ldr	r3, [r7, #12]
 3635 0010 B3F85C20 		ldrh	r2, [r3, #92]
 895:System/shell/shell.c ****                            ((int)base - (int)shell->commandList.base) / sizeof(ShellCommand);
 3636              		.loc 1 895 29
 3637 0014 7B68     		ldr	r3, [r7, #4]
 3638              		.loc 1 895 64
 3639 0016 F968     		ldr	r1, [r7, #12]
 3640 0018 896D     		ldr	r1, [r1, #88]
 3641              		.loc 1 895 39
 3642 001a 5B1A     		subs	r3, r3, r1
 3643              		.loc 1 895 71
 3644 001c 1B09     		lsrs	r3, r3, #4
 894:System/shell/shell.c ****                            ((int)base - (int)shell->commandList.base) / sizeof(ShellCommand);
 3645              		.loc 1 894 53
 3646 001e 9BB2     		uxth	r3, r3
 894:System/shell/shell.c ****                            ((int)base - (int)shell->commandList.base) / sizeof(ShellCommand);
 3647              		.loc 1 894 20
 3648 0020 D31A     		subs	r3, r2, r3
 3649 0022 BB82     		strh	r3, [r7, #20]	@ movhi
ARM GAS  C:\Users\HUAV\AppData\Local\Temp\ccLd8epe.s 			page 83


 3650              	.LBB20:
 896:System/shell/shell.c ****     for (unsigned short i = 0; i < count; i++)
 3651              		.loc 1 896 25
 3652 0024 0023     		movs	r3, #0
 3653 0026 FB82     		strh	r3, [r7, #22]	@ movhi
 3654              		.loc 1 896 5
 3655 0028 3DE0     		b	.L190
 3656              	.L196:
 897:System/shell/shell.c ****     {
 898:System/shell/shell.c ****         if (base[i].attr.attrs.type == SHELL_TYPE_KEY || shellCheckPermission(shell, &base[i]) != 0
 3657              		.loc 1 898 17
 3658 002a FB8A     		ldrh	r3, [r7, #22]
 3659 002c 1B01     		lsls	r3, r3, #4
 3660 002e 7A68     		ldr	r2, [r7, #4]
 3661 0030 1344     		add	r3, r3, r2
 3662              		.loc 1 898 37
 3663 0032 5B78     		ldrb	r3, [r3, #1]	@ zero_extendqisi2
 3664 0034 03F00F03 		and	r3, r3, #15
 3665 0038 DBB2     		uxtb	r3, r3
 3666              		.loc 1 898 12
 3667 003a 092B     		cmp	r3, #9
 3668 003c 2FD0     		beq	.L197
 3669              		.loc 1 898 91 discriminator 1
 3670 003e FB8A     		ldrh	r3, [r7, #22]
 3671 0040 1B01     		lsls	r3, r3, #4
 3672              		.loc 1 898 58 discriminator 1
 3673 0042 7A68     		ldr	r2, [r7, #4]
 3674 0044 1344     		add	r3, r3, r2
 3675 0046 1946     		mov	r1, r3
 3676 0048 F868     		ldr	r0, [r7, #12]
 3677 004a FFF7FEFF 		bl	shellCheckPermission
 3678 004e 0346     		mov	r3, r0
 3679              		.loc 1 898 55 discriminator 1
 3680 0050 002B     		cmp	r3, #0
 3681 0052 24D1     		bne	.L197
 899:System/shell/shell.c ****         {
 900:System/shell/shell.c ****             continue;
 901:System/shell/shell.c ****         }
 902:System/shell/shell.c ****         name = shellGetCommandName(&base[i]);
 3682              		.loc 1 902 41
 3683 0054 FB8A     		ldrh	r3, [r7, #22]
 3684 0056 1B01     		lsls	r3, r3, #4
 3685              		.loc 1 902 16
 3686 0058 7A68     		ldr	r2, [r7, #4]
 3687 005a 1344     		add	r3, r3, r2
 3688 005c 1846     		mov	r0, r3
 3689 005e FFF7FEFF 		bl	shellGetCommandName
 3690 0062 3861     		str	r0, [r7, #16]
 903:System/shell/shell.c ****         if (!compareLength)
 3691              		.loc 1 903 12
 3692 0064 7B88     		ldrh	r3, [r7, #2]
 3693 0066 002B     		cmp	r3, #0
 3694 0068 0BD1     		bne	.L194
 904:System/shell/shell.c ****         {
 905:System/shell/shell.c ****             strcmp(cmd, name);
 906:System/shell/shell.c ****             if (strcmp(cmd, name) == 0)
 3695              		.loc 1 906 17
ARM GAS  C:\Users\HUAV\AppData\Local\Temp\ccLd8epe.s 			page 84


 3696 006a 3969     		ldr	r1, [r7, #16]
 3697 006c B868     		ldr	r0, [r7, #8]
 3698 006e FFF7FEFF 		bl	strcmp
 3699 0072 0346     		mov	r3, r0
 3700              		.loc 1 906 16
 3701 0074 002B     		cmp	r3, #0
 3702 0076 13D1     		bne	.L193
 907:System/shell/shell.c ****             {
 908:System/shell/shell.c ****                 return &base[i];
 3703              		.loc 1 908 29
 3704 0078 FB8A     		ldrh	r3, [r7, #22]
 3705 007a 1B01     		lsls	r3, r3, #4
 3706              		.loc 1 908 24
 3707 007c 7A68     		ldr	r2, [r7, #4]
 3708 007e 1344     		add	r3, r3, r2
 3709 0080 16E0     		b	.L195
 3710              	.L194:
 909:System/shell/shell.c ****             }
 910:System/shell/shell.c ****         }
 911:System/shell/shell.c ****         else
 912:System/shell/shell.c ****         {
 913:System/shell/shell.c ****             if (strncmp(cmd, name, compareLength) == 0)
 3711              		.loc 1 913 17
 3712 0082 7B88     		ldrh	r3, [r7, #2]
 3713 0084 1A46     		mov	r2, r3
 3714 0086 3969     		ldr	r1, [r7, #16]
 3715 0088 B868     		ldr	r0, [r7, #8]
 3716 008a FFF7FEFF 		bl	strncmp
 3717 008e 0346     		mov	r3, r0
 3718              		.loc 1 913 16
 3719 0090 002B     		cmp	r3, #0
 3720 0092 05D1     		bne	.L193
 914:System/shell/shell.c ****             {
 915:System/shell/shell.c ****                 return &base[i];
 3721              		.loc 1 915 29
 3722 0094 FB8A     		ldrh	r3, [r7, #22]
 3723 0096 1B01     		lsls	r3, r3, #4
 3724              		.loc 1 915 24
 3725 0098 7A68     		ldr	r2, [r7, #4]
 3726 009a 1344     		add	r3, r3, r2
 3727 009c 08E0     		b	.L195
 3728              	.L197:
 900:System/shell/shell.c ****         }
 3729              		.loc 1 900 13
 3730 009e 00BF     		nop
 3731              	.L193:
 896:System/shell/shell.c ****     {
 3732              		.loc 1 896 44 discriminator 2
 3733 00a0 FB8A     		ldrh	r3, [r7, #22]
 3734 00a2 0133     		adds	r3, r3, #1
 3735 00a4 FB82     		strh	r3, [r7, #22]	@ movhi
 3736              	.L190:
 896:System/shell/shell.c ****     {
 3737              		.loc 1 896 5 discriminator 1
 3738 00a6 FA8A     		ldrh	r2, [r7, #22]
 3739 00a8 BB8A     		ldrh	r3, [r7, #20]
 3740 00aa 9A42     		cmp	r2, r3
ARM GAS  C:\Users\HUAV\AppData\Local\Temp\ccLd8epe.s 			page 85


 3741 00ac BDD3     		bcc	.L196
 3742              	.LBE20:
 916:System/shell/shell.c ****             }
 917:System/shell/shell.c ****         }
 918:System/shell/shell.c ****     }
 919:System/shell/shell.c ****     return NULL;
 3743              		.loc 1 919 12
 3744 00ae 0023     		movs	r3, #0
 3745              	.L195:
 920:System/shell/shell.c **** }
 3746              		.loc 1 920 1
 3747 00b0 1846     		mov	r0, r3
 3748 00b2 1837     		adds	r7, r7, #24
 3749              	.LCFI158:
 3750              		.cfi_def_cfa_offset 8
 3751 00b4 BD46     		mov	sp, r7
 3752              	.LCFI159:
 3753              		.cfi_def_cfa_register 13
 3754              		@ sp needed
 3755 00b6 80BD     		pop	{r7, pc}
 3756              		.cfi_endproc
 3757              	.LFE31:
 3759              		.section	.text.shellGetVarValue,"ax",%progbits
 3760              		.align	1
 3761              		.global	shellGetVarValue
 3762              		.syntax unified
 3763              		.thumb
 3764              		.thumb_func
 3766              	shellGetVarValue:
 3767              	.LFB32:
 921:System/shell/shell.c **** 
 922:System/shell/shell.c **** /**
 923:System/shell/shell.c ****  * @brief shell 获取变量值
 924:System/shell/shell.c ****  *
 925:System/shell/shell.c ****  * @param shell shell对象
 926:System/shell/shell.c ****  * @param command 命令
 927:System/shell/shell.c ****  * @return int 变量值
 928:System/shell/shell.c ****  */
 929:System/shell/shell.c **** int shellGetVarValue(Shell *shell, ShellCommand *command)
 930:System/shell/shell.c **** {
 3768              		.loc 1 930 1
 3769              		.cfi_startproc
 3770              		@ args = 0, pretend = 0, frame = 16
 3771              		@ frame_needed = 1, uses_anonymous_args = 0
 3772 0000 80B5     		push	{r7, lr}
 3773              	.LCFI160:
 3774              		.cfi_def_cfa_offset 8
 3775              		.cfi_offset 7, -8
 3776              		.cfi_offset 14, -4
 3777 0002 84B0     		sub	sp, sp, #16
 3778              	.LCFI161:
 3779              		.cfi_def_cfa_offset 24
 3780 0004 00AF     		add	r7, sp, #0
 3781              	.LCFI162:
 3782              		.cfi_def_cfa_register 7
 3783 0006 7860     		str	r0, [r7, #4]
 3784 0008 3960     		str	r1, [r7]
ARM GAS  C:\Users\HUAV\AppData\Local\Temp\ccLd8epe.s 			page 86


 931:System/shell/shell.c ****     int value = 0;
 3785              		.loc 1 931 9
 3786 000a 0023     		movs	r3, #0
 3787 000c FB60     		str	r3, [r7, #12]
 932:System/shell/shell.c ****     switch (command->attr.attrs.type)
 3788              		.loc 1 932 32
 3789 000e 3B68     		ldr	r3, [r7]
 3790 0010 5B78     		ldrb	r3, [r3, #1]
 3791 0012 C3F30303 		ubfx	r3, r3, #0, #4
 3792 0016 DBB2     		uxtb	r3, r3
 3793              		.loc 1 932 5
 3794 0018 023B     		subs	r3, r3, #2
 3795 001a 052B     		cmp	r3, #5
 3796 001c 34D8     		bhi	.L210
 3797 001e 01A2     		adr	r2, .L201
 3798 0020 52F823F0 		ldr	pc, [r2, r3, lsl #2]
 3799              		.p2align 2
 3800              	.L201:
 3801 0024 3D000000 		.word	.L205+1
 3802 0028 47000000 		.word	.L204+1
 3803 002c 53000000 		.word	.L203+1
 3804 0030 5D000000 		.word	.L202+1
 3805 0034 5D000000 		.word	.L202+1
 3806 0038 65000000 		.word	.L200+1
 3807              		.p2align 1
 3808              	.L205:
 933:System/shell/shell.c ****     {
 934:System/shell/shell.c ****     case SHELL_TYPE_VAR_INT:
 935:System/shell/shell.c ****         value = *((int *)(command->data.var.value));
 3809              		.loc 1 935 44
 3810 003c 3B68     		ldr	r3, [r7]
 3811 003e 9B68     		ldr	r3, [r3, #8]
 3812              		.loc 1 935 15
 3813 0040 1B68     		ldr	r3, [r3]
 3814 0042 FB60     		str	r3, [r7, #12]
 936:System/shell/shell.c ****         break;
 3815              		.loc 1 936 9
 3816 0044 21E0     		b	.L206
 3817              	.L204:
 937:System/shell/shell.c ****     case SHELL_TYPE_VAR_SHORT:
 938:System/shell/shell.c ****         value = *((short *)(command->data.var.value));
 3818              		.loc 1 938 46
 3819 0046 3B68     		ldr	r3, [r7]
 3820 0048 9B68     		ldr	r3, [r3, #8]
 3821              		.loc 1 938 17
 3822 004a B3F90030 		ldrsh	r3, [r3]
 3823              		.loc 1 938 15
 3824 004e FB60     		str	r3, [r7, #12]
 939:System/shell/shell.c ****         break;
 3825              		.loc 1 939 9
 3826 0050 1BE0     		b	.L206
 3827              	.L203:
 940:System/shell/shell.c ****     case SHELL_TYPE_VAR_CHAR:
 941:System/shell/shell.c ****         value = *((char *)(command->data.var.value));
 3828              		.loc 1 941 45
 3829 0052 3B68     		ldr	r3, [r7]
 3830 0054 9B68     		ldr	r3, [r3, #8]
ARM GAS  C:\Users\HUAV\AppData\Local\Temp\ccLd8epe.s 			page 87


 3831              		.loc 1 941 17
 3832 0056 1B78     		ldrb	r3, [r3]	@ zero_extendqisi2
 3833              		.loc 1 941 15
 3834 0058 FB60     		str	r3, [r7, #12]
 942:System/shell/shell.c ****         break;
 3835              		.loc 1 942 9
 3836 005a 16E0     		b	.L206
 3837              	.L202:
 943:System/shell/shell.c ****     case SHELL_TYPE_VAR_STRING:
 944:System/shell/shell.c ****     case SHELL_TYPE_VAR_POINT:
 945:System/shell/shell.c ****         value = (int)(command->data.var.value);
 3838              		.loc 1 945 40
 3839 005c 3B68     		ldr	r3, [r7]
 3840 005e 9B68     		ldr	r3, [r3, #8]
 3841              		.loc 1 945 15
 3842 0060 FB60     		str	r3, [r7, #12]
 946:System/shell/shell.c ****         break;
 3843              		.loc 1 946 9
 3844 0062 12E0     		b	.L206
 3845              	.L200:
 947:System/shell/shell.c ****     case SHELL_TYPE_VAR_NODE:
 948:System/shell/shell.c ****         value = ((ShellNodeVarAttr *)command->data.var.value)->get ? ((ShellNodeVarAttr *)command->
 3846              		.loc 1 948 55
 3847 0064 3B68     		ldr	r3, [r7]
 3848 0066 9B68     		ldr	r3, [r3, #8]
 3849              		.loc 1 948 62
 3850 0068 5B68     		ldr	r3, [r3, #4]
 949:System/shell/shell.c ****                                                                          ->get(((ShellNodeVarAttr *
 950:System/shell/shell.c ****                                                                    : 0;
 3851              		.loc 1 950 68
 3852 006a 002B     		cmp	r3, #0
 3853 006c 09D0     		beq	.L207
 948:System/shell/shell.c ****                                                                          ->get(((ShellNodeVarAttr *
 3854              		.loc 1 948 108
 3855 006e 3B68     		ldr	r3, [r7]
 3856 0070 9B68     		ldr	r3, [r3, #8]
 949:System/shell/shell.c ****                                                                          ->get(((ShellNodeVarAttr *
 3857              		.loc 1 949 74
 3858 0072 5B68     		ldr	r3, [r3, #4]
 949:System/shell/shell.c ****                                                                          ->get(((ShellNodeVarAttr *
 3859              		.loc 1 949 118
 3860 0074 3A68     		ldr	r2, [r7]
 3861 0076 9268     		ldr	r2, [r2, #8]
 948:System/shell/shell.c ****                                                                          ->get(((ShellNodeVarAttr *
 3862              		.loc 1 948 71
 3863 0078 1268     		ldr	r2, [r2]
 3864 007a 1046     		mov	r0, r2
 3865 007c 9847     		blx	r3
 3866              	.LVL8:
 3867 007e 0346     		mov	r3, r0
 3868 0080 00E0     		b	.L208
 3869              	.L207:
 3870              		.loc 1 950 68 discriminator 1
 3871 0082 0023     		movs	r3, #0
 3872              	.L208:
 948:System/shell/shell.c ****                                                                          ->get(((ShellNodeVarAttr *
 3873              		.loc 1 948 15 discriminator 1
ARM GAS  C:\Users\HUAV\AppData\Local\Temp\ccLd8epe.s 			page 88


 3874 0084 FB60     		str	r3, [r7, #12]
 951:System/shell/shell.c ****         break;
 3875              		.loc 1 951 9 discriminator 1
 3876 0086 00E0     		b	.L206
 3877              	.L210:
 952:System/shell/shell.c ****     default:
 953:System/shell/shell.c ****         break;
 3878              		.loc 1 953 9
 3879 0088 00BF     		nop
 3880              	.L206:
 954:System/shell/shell.c ****     }
 955:System/shell/shell.c ****     return value;
 3881              		.loc 1 955 12
 3882 008a FB68     		ldr	r3, [r7, #12]
 956:System/shell/shell.c **** }
 3883              		.loc 1 956 1
 3884 008c 1846     		mov	r0, r3
 3885 008e 1037     		adds	r7, r7, #16
 3886              	.LCFI163:
 3887              		.cfi_def_cfa_offset 8
 3888 0090 BD46     		mov	sp, r7
 3889              	.LCFI164:
 3890              		.cfi_def_cfa_register 13
 3891              		@ sp needed
 3892 0092 80BD     		pop	{r7, pc}
 3893              		.cfi_endproc
 3894              	.LFE32:
 3896              		.section	.text.shellSetVarValue,"ax",%progbits
 3897              		.align	1
 3898              		.global	shellSetVarValue
 3899              		.syntax unified
 3900              		.thumb
 3901              		.thumb_func
 3903              	shellSetVarValue:
 3904              	.LFB33:
 957:System/shell/shell.c **** 
 958:System/shell/shell.c **** /**
 959:System/shell/shell.c ****  * @brief shell设置变量值
 960:System/shell/shell.c ****  *
 961:System/shell/shell.c ****  * @param shell shell对象
 962:System/shell/shell.c ****  * @param command 命令
 963:System/shell/shell.c ****  * @param value 值
 964:System/shell/shell.c ****  * @return int 返回变量值
 965:System/shell/shell.c ****  */
 966:System/shell/shell.c **** int shellSetVarValue(Shell *shell, ShellCommand *command, int value)
 967:System/shell/shell.c **** {
 3905              		.loc 1 967 1
 3906              		.cfi_startproc
 3907              		@ args = 0, pretend = 0, frame = 16
 3908              		@ frame_needed = 1, uses_anonymous_args = 0
 3909 0000 80B5     		push	{r7, lr}
 3910              	.LCFI165:
 3911              		.cfi_def_cfa_offset 8
 3912              		.cfi_offset 7, -8
 3913              		.cfi_offset 14, -4
 3914 0002 84B0     		sub	sp, sp, #16
 3915              	.LCFI166:
ARM GAS  C:\Users\HUAV\AppData\Local\Temp\ccLd8epe.s 			page 89


 3916              		.cfi_def_cfa_offset 24
 3917 0004 00AF     		add	r7, sp, #0
 3918              	.LCFI167:
 3919              		.cfi_def_cfa_register 7
 3920 0006 F860     		str	r0, [r7, #12]
 3921 0008 B960     		str	r1, [r7, #8]
 3922 000a 7A60     		str	r2, [r7, #4]
 968:System/shell/shell.c ****     if (command->attr.attrs.readOnly)
 3923              		.loc 1 968 9
 3924 000c BB68     		ldr	r3, [r7, #8]
 3925 000e 5B78     		ldrb	r3, [r3, #1]	@ zero_extendqisi2
 3926 0010 03F04003 		and	r3, r3, #64
 3927 0014 DBB2     		uxtb	r3, r3
 3928              		.loc 1 968 8
 3929 0016 002B     		cmp	r3, #0
 3930 0018 06D0     		beq	.L212
 969:System/shell/shell.c ****     {
 970:System/shell/shell.c ****         shellWriteString(shell, shellText[SHELL_TEXT_VAR_READ_ONLY_CANNOT_MODIFY]);
 3931              		.loc 1 970 9
 3932 001a 324B     		ldr	r3, .L227
 3933 001c 1B6A     		ldr	r3, [r3, #32]
 3934 001e 1946     		mov	r1, r3
 3935 0020 F868     		ldr	r0, [r7, #12]
 3936 0022 FFF7FEFF 		bl	shellWriteString
 3937 0026 54E0     		b	.L213
 3938              	.L212:
 971:System/shell/shell.c ****     }
 972:System/shell/shell.c ****     else
 973:System/shell/shell.c ****     {
 974:System/shell/shell.c ****         switch (command->attr.attrs.type)
 3939              		.loc 1 974 36
 3940 0028 BB68     		ldr	r3, [r7, #8]
 3941 002a 5B78     		ldrb	r3, [r3, #1]
 3942 002c C3F30303 		ubfx	r3, r3, #0, #4
 3943 0030 DBB2     		uxtb	r3, r3
 3944              		.loc 1 974 9
 3945 0032 023B     		subs	r3, r3, #2
 3946 0034 052B     		cmp	r3, #5
 3947 0036 49D8     		bhi	.L225
 3948 0038 01A2     		adr	r2, .L216
 3949 003a 52F823F0 		ldr	pc, [r2, r3, lsl #2]
 3950 003e 00BF     		.p2align 2
 3951              	.L216:
 3952 0040 59000000 		.word	.L221+1
 3953 0044 63000000 		.word	.L220+1
 3954 0048 6F000000 		.word	.L219+1
 3955 004c 7B000000 		.word	.L218+1
 3956 0050 8B000000 		.word	.L217+1
 3957 0054 99000000 		.word	.L215+1
 3958              		.p2align 1
 3959              	.L221:
 975:System/shell/shell.c ****         {
 976:System/shell/shell.c ****         case SHELL_TYPE_VAR_INT:
 977:System/shell/shell.c ****             *((int *)(command->data.var.value)) = value;
 3960              		.loc 1 977 40
 3961 0058 BB68     		ldr	r3, [r7, #8]
 3962 005a 9B68     		ldr	r3, [r3, #8]
ARM GAS  C:\Users\HUAV\AppData\Local\Temp\ccLd8epe.s 			page 90


 3963              		.loc 1 977 49
 3964 005c 7A68     		ldr	r2, [r7, #4]
 3965 005e 1A60     		str	r2, [r3]
 978:System/shell/shell.c ****             break;
 3966              		.loc 1 978 13
 3967 0060 37E0     		b	.L213
 3968              	.L220:
 979:System/shell/shell.c ****         case SHELL_TYPE_VAR_SHORT:
 980:System/shell/shell.c ****             *((short *)(command->data.var.value)) = value;
 3969              		.loc 1 980 42
 3970 0062 BB68     		ldr	r3, [r7, #8]
 3971 0064 9B68     		ldr	r3, [r3, #8]
 3972              		.loc 1 980 51
 3973 0066 7A68     		ldr	r2, [r7, #4]
 3974 0068 12B2     		sxth	r2, r2
 3975 006a 1A80     		strh	r2, [r3]	@ movhi
 981:System/shell/shell.c ****             break;
 3976              		.loc 1 981 13
 3977 006c 31E0     		b	.L213
 3978              	.L219:
 982:System/shell/shell.c ****         case SHELL_TYPE_VAR_CHAR:
 983:System/shell/shell.c ****             *((char *)(command->data.var.value)) = value;
 3979              		.loc 1 983 41
 3980 006e BB68     		ldr	r3, [r7, #8]
 3981 0070 9B68     		ldr	r3, [r3, #8]
 3982              		.loc 1 983 50
 3983 0072 7A68     		ldr	r2, [r7, #4]
 3984 0074 D2B2     		uxtb	r2, r2
 3985 0076 1A70     		strb	r2, [r3]
 984:System/shell/shell.c ****             break;
 3986              		.loc 1 984 13
 3987 0078 2BE0     		b	.L213
 3988              	.L218:
 985:System/shell/shell.c ****         case SHELL_TYPE_VAR_STRING:
 986:System/shell/shell.c ****             shellStringCopy(((char *)(command->data.var.value)), (char *)value);
 3989              		.loc 1 986 56
 3990 007a BB68     		ldr	r3, [r7, #8]
 3991 007c 9B68     		ldr	r3, [r3, #8]
 3992              		.loc 1 986 13
 3993 007e 7A68     		ldr	r2, [r7, #4]
 3994 0080 1146     		mov	r1, r2
 3995 0082 1846     		mov	r0, r3
 3996 0084 FFF7FEFF 		bl	shellStringCopy
 987:System/shell/shell.c ****             break;
 3997              		.loc 1 987 13
 3998 0088 23E0     		b	.L213
 3999              	.L217:
 988:System/shell/shell.c ****         case SHELL_TYPE_VAR_POINT:
 989:System/shell/shell.c ****             shellWriteString(shell, shellText[SHELL_TEXT_POINT_CANNOT_MODIFY]);
 4000              		.loc 1 989 13
 4001 008a 164B     		ldr	r3, .L227
 4002 008c DB69     		ldr	r3, [r3, #28]
 4003 008e 1946     		mov	r1, r3
 4004 0090 F868     		ldr	r0, [r7, #12]
 4005 0092 FFF7FEFF 		bl	shellWriteString
 990:System/shell/shell.c ****             break;
 4006              		.loc 1 990 13
ARM GAS  C:\Users\HUAV\AppData\Local\Temp\ccLd8epe.s 			page 91


 4007 0096 1CE0     		b	.L213
 4008              	.L215:
 991:System/shell/shell.c ****         case SHELL_TYPE_VAR_NODE:
 992:System/shell/shell.c ****             if (((ShellNodeVarAttr *)command->data.var.value)->set)
 4009              		.loc 1 992 55
 4010 0098 BB68     		ldr	r3, [r7, #8]
 4011 009a 9B68     		ldr	r3, [r3, #8]
 4012              		.loc 1 992 62
 4013 009c 9B68     		ldr	r3, [r3, #8]
 4014              		.loc 1 992 16
 4015 009e 002B     		cmp	r3, #0
 4016 00a0 16D0     		beq	.L226
 993:System/shell/shell.c ****             {
 994:System/shell/shell.c ****                 if (((ShellNodeVarAttr *)command->data.var.value)->var)
 4017              		.loc 1 994 59
 4018 00a2 BB68     		ldr	r3, [r7, #8]
 4019 00a4 9B68     		ldr	r3, [r3, #8]
 4020              		.loc 1 994 66
 4021 00a6 1B68     		ldr	r3, [r3]
 4022              		.loc 1 994 20
 4023 00a8 002B     		cmp	r3, #0
 4024 00aa 09D0     		beq	.L223
 995:System/shell/shell.c ****                 {
 996:System/shell/shell.c ****                     ((ShellNodeVarAttr *)command->data.var.value)
 4025              		.loc 1 996 59
 4026 00ac BB68     		ldr	r3, [r7, #8]
 4027 00ae 9B68     		ldr	r3, [r3, #8]
 997:System/shell/shell.c ****                         ->set(((ShellNodeVarAttr *)command->data.var.value)->var, value);
 4028              		.loc 1 997 25
 4029 00b0 9B68     		ldr	r3, [r3, #8]
 4030              		.loc 1 997 69
 4031 00b2 BA68     		ldr	r2, [r7, #8]
 4032 00b4 9268     		ldr	r2, [r2, #8]
 996:System/shell/shell.c ****                         ->set(((ShellNodeVarAttr *)command->data.var.value)->var, value);
 4033              		.loc 1 996 22
 4034 00b6 1268     		ldr	r2, [r2]
 4035 00b8 7968     		ldr	r1, [r7, #4]
 4036 00ba 1046     		mov	r0, r2
 4037 00bc 9847     		blx	r3
 4038              	.LVL9:
 998:System/shell/shell.c ****                 }
 999:System/shell/shell.c ****                 else
1000:System/shell/shell.c ****                 {
1001:System/shell/shell.c ****                     ((ShellNodeVarAttr *)command->data.var.value)->set(value);
1002:System/shell/shell.c ****                 }
1003:System/shell/shell.c ****             }
1004:System/shell/shell.c ****             break;
 4039              		.loc 1 1004 13
 4040 00be 07E0     		b	.L226
 4041              	.L223:
1001:System/shell/shell.c ****                 }
 4042              		.loc 1 1001 59
 4043 00c0 BB68     		ldr	r3, [r7, #8]
 4044 00c2 9B68     		ldr	r3, [r3, #8]
1001:System/shell/shell.c ****                 }
 4045              		.loc 1 1001 66
 4046 00c4 9B68     		ldr	r3, [r3, #8]
ARM GAS  C:\Users\HUAV\AppData\Local\Temp\ccLd8epe.s 			page 92


1001:System/shell/shell.c ****                 }
 4047              		.loc 1 1001 22
 4048 00c6 7868     		ldr	r0, [r7, #4]
 4049 00c8 9847     		blx	r3
 4050              	.LVL10:
 4051              		.loc 1 1004 13
 4052 00ca 01E0     		b	.L226
 4053              	.L225:
1005:System/shell/shell.c ****         default:
1006:System/shell/shell.c ****             break;
 4054              		.loc 1 1006 13
 4055 00cc 00BF     		nop
 4056 00ce 00E0     		b	.L213
 4057              	.L226:
1004:System/shell/shell.c ****         default:
 4058              		.loc 1 1004 13
 4059 00d0 00BF     		nop
 4060              	.L213:
1007:System/shell/shell.c ****         }
1008:System/shell/shell.c ****     }
1009:System/shell/shell.c ****     return shellShowVar(shell, command);
 4061              		.loc 1 1009 12
 4062 00d2 B968     		ldr	r1, [r7, #8]
 4063 00d4 F868     		ldr	r0, [r7, #12]
 4064 00d6 FFF7FEFF 		bl	shellShowVar
 4065 00da 0346     		mov	r3, r0
1010:System/shell/shell.c **** }
 4066              		.loc 1 1010 1
 4067 00dc 1846     		mov	r0, r3
 4068 00de 1037     		adds	r7, r7, #16
 4069              	.LCFI168:
 4070              		.cfi_def_cfa_offset 8
 4071 00e0 BD46     		mov	sp, r7
 4072              	.LCFI169:
 4073              		.cfi_def_cfa_register 13
 4074              		@ sp needed
 4075 00e2 80BD     		pop	{r7, pc}
 4076              	.L228:
 4077              		.align	2
 4078              	.L227:
 4079 00e4 00000000 		.word	shellText
 4080              		.cfi_endproc
 4081              	.LFE33:
 4083              		.section	.rodata
 4084              		.align	2
 4085              	.LC28:
 4086 020c 203D2000 		.ascii	" = \000"
 4087              		.align	2
 4088              	.LC29:
 4089 0210 2200     		.ascii	"\"\000"
 4090 0212 0000     		.align	2
 4091              	.LC30:
 4092 0214 2C203078 		.ascii	", 0x\000"
 4092      00
 4093 0219 000000   		.align	2
 4094              	.LC27:
 4095 021c 30303030 		.ascii	"00000000000\000"
ARM GAS  C:\Users\HUAV\AppData\Local\Temp\ccLd8epe.s 			page 93


 4095      30303030 
 4095      30303000 
 4096              		.section	.text.shellShowVar,"ax",%progbits
 4097              		.align	1
 4098              		.syntax unified
 4099              		.thumb
 4100              		.thumb_func
 4102              	shellShowVar:
 4103              	.LFB34:
1011:System/shell/shell.c **** 
1012:System/shell/shell.c **** /**
1013:System/shell/shell.c ****  * @brief shell变量输出
1014:System/shell/shell.c ****  *
1015:System/shell/shell.c ****  * @param shell shell对象
1016:System/shell/shell.c ****  * @param command 命令
1017:System/shell/shell.c ****  * @return int 返回变量值
1018:System/shell/shell.c ****  */
1019:System/shell/shell.c **** static int shellShowVar(Shell *shell, ShellCommand *command)
1020:System/shell/shell.c **** {
 4104              		.loc 1 1020 1
 4105              		.cfi_startproc
 4106              		@ args = 0, pretend = 0, frame = 32
 4107              		@ frame_needed = 1, uses_anonymous_args = 0
 4108 0000 80B5     		push	{r7, lr}
 4109              	.LCFI170:
 4110              		.cfi_def_cfa_offset 8
 4111              		.cfi_offset 7, -8
 4112              		.cfi_offset 14, -4
 4113 0002 88B0     		sub	sp, sp, #32
 4114              	.LCFI171:
 4115              		.cfi_def_cfa_offset 40
 4116 0004 00AF     		add	r7, sp, #0
 4117              	.LCFI172:
 4118              		.cfi_def_cfa_register 7
 4119 0006 7860     		str	r0, [r7, #4]
 4120 0008 3960     		str	r1, [r7]
1021:System/shell/shell.c ****     char buffer[12] = "00000000000";
 4121              		.loc 1 1021 10
 4122 000a 344A     		ldr	r2, .L235
 4123 000c 07F10C03 		add	r3, r7, #12
 4124 0010 07CA     		ldm	r2, {r0, r1, r2}
 4125 0012 83E80700 		stm	r3, {r0, r1, r2}
1022:System/shell/shell.c ****     int value = shellGetVarValue(shell, command);
 4126              		.loc 1 1022 17
 4127 0016 3968     		ldr	r1, [r7]
 4128 0018 7868     		ldr	r0, [r7, #4]
 4129 001a FFF7FEFF 		bl	shellGetVarValue
 4130 001e B861     		str	r0, [r7, #24]
1023:System/shell/shell.c **** 
1024:System/shell/shell.c ****     shellWriteString(shell, command->data.var.name);
 4131              		.loc 1 1024 5
 4132 0020 3B68     		ldr	r3, [r7]
 4133 0022 5B68     		ldr	r3, [r3, #4]
 4134 0024 1946     		mov	r1, r3
 4135 0026 7868     		ldr	r0, [r7, #4]
 4136 0028 FFF7FEFF 		bl	shellWriteString
1025:System/shell/shell.c ****     shellWriteString(shell, " = ");
ARM GAS  C:\Users\HUAV\AppData\Local\Temp\ccLd8epe.s 			page 94


 4137              		.loc 1 1025 5
 4138 002c 2C49     		ldr	r1, .L235+4
 4139 002e 7868     		ldr	r0, [r7, #4]
 4140 0030 FFF7FEFF 		bl	shellWriteString
1026:System/shell/shell.c **** 
1027:System/shell/shell.c ****     switch (command->attr.attrs.type)
 4141              		.loc 1 1027 32
 4142 0034 3B68     		ldr	r3, [r7]
 4143 0036 5B78     		ldrb	r3, [r3, #1]
 4144 0038 C3F30303 		ubfx	r3, r3, #0, #4
 4145 003c DBB2     		uxtb	r3, r3
 4146              		.loc 1 1027 5
 4147 003e 052B     		cmp	r3, #5
 4148 0040 0DD1     		bne	.L230
1028:System/shell/shell.c ****     {
1029:System/shell/shell.c ****     case SHELL_TYPE_VAR_STRING:
1030:System/shell/shell.c ****         shellWriteString(shell, "\"");
 4149              		.loc 1 1030 9
 4150 0042 2849     		ldr	r1, .L235+8
 4151 0044 7868     		ldr	r0, [r7, #4]
 4152 0046 FFF7FEFF 		bl	shellWriteString
1031:System/shell/shell.c ****         shellWriteString(shell, (char *)value);
 4153              		.loc 1 1031 9
 4154 004a BB69     		ldr	r3, [r7, #24]
 4155 004c 1946     		mov	r1, r3
 4156 004e 7868     		ldr	r0, [r7, #4]
 4157 0050 FFF7FEFF 		bl	shellWriteString
1032:System/shell/shell.c ****         shellWriteString(shell, "\"");
 4158              		.loc 1 1032 9
 4159 0054 2349     		ldr	r1, .L235+8
 4160 0056 7868     		ldr	r0, [r7, #4]
 4161 0058 FFF7FEFF 		bl	shellWriteString
1033:System/shell/shell.c ****         break;
 4162              		.loc 1 1033 9
 4163 005c 35E0     		b	.L231
 4164              	.L230:
1034:System/shell/shell.c ****     // case SHELL_TYPE_VAR_INT:
1035:System/shell/shell.c ****     // case SHELL_TYPE_VAR_SHORT:
1036:System/shell/shell.c ****     // case SHELL_TYPE_VAR_CHAR:
1037:System/shell/shell.c ****     // case SHELL_TYPE_VAR_POINT:
1038:System/shell/shell.c ****     default:
1039:System/shell/shell.c ****         shellWriteString(shell, &buffer[11 - shellToDec(value, buffer)]);
 4165              		.loc 1 1039 46
 4166 005e 07F10C03 		add	r3, r7, #12
 4167 0062 1946     		mov	r1, r3
 4168 0064 B869     		ldr	r0, [r7, #24]
 4169 0066 FFF7FEFF 		bl	shellToDec
 4170 006a 0346     		mov	r3, r0
 4171              		.loc 1 1039 44
 4172 006c C3F10B03 		rsb	r3, r3, #11
 4173              		.loc 1 1039 33
 4174 0070 07F10C02 		add	r2, r7, #12
 4175 0074 1344     		add	r3, r3, r2
 4176              		.loc 1 1039 9
 4177 0076 1946     		mov	r1, r3
 4178 0078 7868     		ldr	r0, [r7, #4]
 4179 007a FFF7FEFF 		bl	shellWriteString
ARM GAS  C:\Users\HUAV\AppData\Local\Temp\ccLd8epe.s 			page 95


1040:System/shell/shell.c ****         shellWriteString(shell, ", 0x");
 4180              		.loc 1 1040 9
 4181 007e 1A49     		ldr	r1, .L235+12
 4182 0080 7868     		ldr	r0, [r7, #4]
 4183 0082 FFF7FEFF 		bl	shellWriteString
 4184              	.LBB21:
1041:System/shell/shell.c ****         for (short i = 0; i < 11; i++)
 4185              		.loc 1 1041 20
 4186 0086 0023     		movs	r3, #0
 4187 0088 FB83     		strh	r3, [r7, #30]	@ movhi
 4188              		.loc 1 1041 9
 4189 008a 0CE0     		b	.L232
 4190              	.L233:
1042:System/shell/shell.c ****         {
1043:System/shell/shell.c ****             buffer[i] = '0';
 4191              		.loc 1 1043 19 discriminator 3
 4192 008c B7F91E30 		ldrsh	r3, [r7, #30]
 4193              		.loc 1 1043 23 discriminator 3
 4194 0090 2033     		adds	r3, r3, #32
 4195 0092 3B44     		add	r3, r3, r7
 4196 0094 3022     		movs	r2, #48
 4197 0096 03F8142C 		strb	r2, [r3, #-20]
1041:System/shell/shell.c ****         for (short i = 0; i < 11; i++)
 4198              		.loc 1 1041 36 discriminator 3
 4199 009a B7F91E30 		ldrsh	r3, [r7, #30]
 4200 009e 9BB2     		uxth	r3, r3
 4201 00a0 0133     		adds	r3, r3, #1
 4202 00a2 9BB2     		uxth	r3, r3
 4203 00a4 FB83     		strh	r3, [r7, #30]	@ movhi
 4204              	.L232:
1041:System/shell/shell.c ****         for (short i = 0; i < 11; i++)
 4205              		.loc 1 1041 9 discriminator 1
 4206 00a6 B7F91E30 		ldrsh	r3, [r7, #30]
 4207 00aa 0A2B     		cmp	r3, #10
 4208 00ac EEDD     		ble	.L233
 4209              	.LBE21:
1044:System/shell/shell.c ****         }
1045:System/shell/shell.c ****         shellToHex(value, buffer);
 4210              		.loc 1 1045 9
 4211 00ae BB69     		ldr	r3, [r7, #24]
 4212 00b0 07F10C02 		add	r2, r7, #12
 4213 00b4 1146     		mov	r1, r2
 4214 00b6 1846     		mov	r0, r3
 4215 00b8 FFF7FEFF 		bl	shellToHex
1046:System/shell/shell.c ****         shellWriteString(shell, buffer);
 4216              		.loc 1 1046 9
 4217 00bc 07F10C03 		add	r3, r7, #12
 4218 00c0 1946     		mov	r1, r3
 4219 00c2 7868     		ldr	r0, [r7, #4]
 4220 00c4 FFF7FEFF 		bl	shellWriteString
1047:System/shell/shell.c ****         break;
 4221              		.loc 1 1047 9
 4222 00c8 00BF     		nop
 4223              	.L231:
1048:System/shell/shell.c ****     }
1049:System/shell/shell.c **** 
1050:System/shell/shell.c ****     shellWriteString(shell, "\r\n");
ARM GAS  C:\Users\HUAV\AppData\Local\Temp\ccLd8epe.s 			page 96


 4224              		.loc 1 1050 5
 4225 00ca 0849     		ldr	r1, .L235+16
 4226 00cc 7868     		ldr	r0, [r7, #4]
 4227 00ce FFF7FEFF 		bl	shellWriteString
1051:System/shell/shell.c ****     return value;
 4228              		.loc 1 1051 12
 4229 00d2 BB69     		ldr	r3, [r7, #24]
1052:System/shell/shell.c **** }
 4230              		.loc 1 1052 1
 4231 00d4 1846     		mov	r0, r3
 4232 00d6 2037     		adds	r7, r7, #32
 4233              	.LCFI173:
 4234              		.cfi_def_cfa_offset 8
 4235 00d8 BD46     		mov	sp, r7
 4236              	.LCFI174:
 4237              		.cfi_def_cfa_register 13
 4238              		@ sp needed
 4239 00da 80BD     		pop	{r7, pc}
 4240              	.L236:
 4241              		.align	2
 4242              	.L235:
 4243 00dc 1C020000 		.word	.LC27
 4244 00e0 0C020000 		.word	.LC28
 4245 00e4 10020000 		.word	.LC29
 4246 00e8 14020000 		.word	.LC30
 4247 00ec F8010000 		.word	.LC22
 4248              		.cfi_endproc
 4249              	.LFE34:
 4251              		.section	.text.shellSetVar,"ax",%progbits
 4252              		.align	1
 4253              		.global	shellSetVar
 4254              		.syntax unified
 4255              		.thumb
 4256              		.thumb_func
 4258              	shellSetVar:
 4259              	.LFB35:
1053:System/shell/shell.c **** 
1054:System/shell/shell.c **** /**
1055:System/shell/shell.c ****  * @brief shell设置变量
1056:System/shell/shell.c ****  *
1057:System/shell/shell.c ****  * @param name 变量名
1058:System/shell/shell.c ****  * @param value 变量值
1059:System/shell/shell.c ****  * @return int 返回变量值
1060:System/shell/shell.c ****  */
1061:System/shell/shell.c **** int shellSetVar(char *name, int value)
1062:System/shell/shell.c **** {
 4260              		.loc 1 1062 1
 4261              		.cfi_startproc
 4262              		@ args = 0, pretend = 0, frame = 16
 4263              		@ frame_needed = 1, uses_anonymous_args = 0
 4264 0000 80B5     		push	{r7, lr}
 4265              	.LCFI175:
 4266              		.cfi_def_cfa_offset 8
 4267              		.cfi_offset 7, -8
 4268              		.cfi_offset 14, -4
 4269 0002 84B0     		sub	sp, sp, #16
 4270              	.LCFI176:
ARM GAS  C:\Users\HUAV\AppData\Local\Temp\ccLd8epe.s 			page 97


 4271              		.cfi_def_cfa_offset 24
 4272 0004 00AF     		add	r7, sp, #0
 4273              	.LCFI177:
 4274              		.cfi_def_cfa_register 7
 4275 0006 7860     		str	r0, [r7, #4]
 4276 0008 3960     		str	r1, [r7]
1063:System/shell/shell.c ****     Shell *shell = shellGetCurrent();
 4277              		.loc 1 1063 20
 4278 000a FFF7FEFF 		bl	shellGetCurrent
 4279 000e F860     		str	r0, [r7, #12]
1064:System/shell/shell.c ****     if (shell == NULL)
 4280              		.loc 1 1064 8
 4281 0010 FB68     		ldr	r3, [r7, #12]
 4282 0012 002B     		cmp	r3, #0
 4283 0014 01D1     		bne	.L238
1065:System/shell/shell.c ****     {
1066:System/shell/shell.c ****         return 0;
 4284              		.loc 1 1066 16
 4285 0016 0023     		movs	r3, #0
 4286 0018 32E0     		b	.L239
 4287              	.L238:
1067:System/shell/shell.c ****     }
1068:System/shell/shell.c ****     ShellCommand *command = shellSeekCommand(shell,
1069:System/shell/shell.c ****                                              name,
1070:System/shell/shell.c ****                                              shell->commandList.base,
 4288              		.loc 1 1070 64
 4289 001a FB68     		ldr	r3, [r7, #12]
 4290 001c 9A6D     		ldr	r2, [r3, #88]
1068:System/shell/shell.c ****                                              name,
 4291              		.loc 1 1068 29
 4292 001e 0023     		movs	r3, #0
 4293 0020 7968     		ldr	r1, [r7, #4]
 4294 0022 F868     		ldr	r0, [r7, #12]
 4295 0024 FFF7FEFF 		bl	shellSeekCommand
 4296 0028 B860     		str	r0, [r7, #8]
1071:System/shell/shell.c ****                                              0);
1072:System/shell/shell.c ****     if (!command)
 4297              		.loc 1 1072 8
 4298 002a BB68     		ldr	r3, [r7, #8]
 4299 002c 002B     		cmp	r3, #0
 4300 002e 07D1     		bne	.L240
1073:System/shell/shell.c ****     {
1074:System/shell/shell.c ****         shellWriteString(shell, shellText[SHELL_TEXT_VAR_NOT_FOUND]);
 4301              		.loc 1 1074 9
 4302 0030 154B     		ldr	r3, .L243
 4303 0032 9B6A     		ldr	r3, [r3, #40]
 4304 0034 1946     		mov	r1, r3
 4305 0036 F868     		ldr	r0, [r7, #12]
 4306 0038 FFF7FEFF 		bl	shellWriteString
1075:System/shell/shell.c ****         return 0;
 4307              		.loc 1 1075 16
 4308 003c 0023     		movs	r3, #0
 4309 003e 1FE0     		b	.L239
 4310              	.L240:
1076:System/shell/shell.c ****     }
1077:System/shell/shell.c ****     if (command->attr.attrs.type < SHELL_TYPE_VAR_INT || command->attr.attrs.type > SHELL_TYPE_VAR_
 4311              		.loc 1 1077 28
ARM GAS  C:\Users\HUAV\AppData\Local\Temp\ccLd8epe.s 			page 98


 4312 0040 BB68     		ldr	r3, [r7, #8]
 4313 0042 5B78     		ldrb	r3, [r3, #1]
 4314 0044 C3F30303 		ubfx	r3, r3, #0, #4
 4315 0048 DBB2     		uxtb	r3, r3
 4316              		.loc 1 1077 8
 4317 004a 012B     		cmp	r3, #1
 4318 004c 06D9     		bls	.L241
 4319              		.loc 1 1077 77 discriminator 1
 4320 004e BB68     		ldr	r3, [r7, #8]
 4321 0050 5B78     		ldrb	r3, [r3, #1]
 4322 0052 C3F30303 		ubfx	r3, r3, #0, #4
 4323 0056 DBB2     		uxtb	r3, r3
 4324              		.loc 1 1077 55 discriminator 1
 4325 0058 072B     		cmp	r3, #7
 4326 005a 0BD9     		bls	.L242
 4327              	.L241:
1078:System/shell/shell.c ****     {
1079:System/shell/shell.c ****         shellWriteString(shell, name);
 4328              		.loc 1 1079 9
 4329 005c 7968     		ldr	r1, [r7, #4]
 4330 005e F868     		ldr	r0, [r7, #12]
 4331 0060 FFF7FEFF 		bl	shellWriteString
1080:System/shell/shell.c ****         shellWriteString(shell, shellText[SHELL_TEXT_NOT_VAR]);
 4332              		.loc 1 1080 9
 4333 0064 084B     		ldr	r3, .L243
 4334 0066 5B6A     		ldr	r3, [r3, #36]
 4335 0068 1946     		mov	r1, r3
 4336 006a F868     		ldr	r0, [r7, #12]
 4337 006c FFF7FEFF 		bl	shellWriteString
1081:System/shell/shell.c ****         return 0;
 4338              		.loc 1 1081 16
 4339 0070 0023     		movs	r3, #0
 4340 0072 05E0     		b	.L239
 4341              	.L242:
1082:System/shell/shell.c ****     }
1083:System/shell/shell.c ****     return shellSetVarValue(shell, command, value);
 4342              		.loc 1 1083 12
 4343 0074 3A68     		ldr	r2, [r7]
 4344 0076 B968     		ldr	r1, [r7, #8]
 4345 0078 F868     		ldr	r0, [r7, #12]
 4346 007a FFF7FEFF 		bl	shellSetVarValue
 4347 007e 0346     		mov	r3, r0
 4348              	.L239:
1084:System/shell/shell.c **** }
 4349              		.loc 1 1084 1
 4350 0080 1846     		mov	r0, r3
 4351 0082 1037     		adds	r7, r7, #16
 4352              	.LCFI178:
 4353              		.cfi_def_cfa_offset 8
 4354 0084 BD46     		mov	sp, r7
 4355              	.LCFI179:
 4356              		.cfi_def_cfa_register 13
 4357              		@ sp needed
 4358 0086 80BD     		pop	{r7, pc}
 4359              	.L244:
 4360              		.align	2
 4361              	.L243:
ARM GAS  C:\Users\HUAV\AppData\Local\Temp\ccLd8epe.s 			page 99


 4362 0088 00000000 		.word	shellText
 4363              		.cfi_endproc
 4364              	.LFE35:
 4366              		.global	shellCmdsetVar
 4367              		.section	.rodata.shellCmdsetVar,"a"
 4368              		.align	2
 4371              	shellCmdsetVar:
 4372 0000 73657456 		.ascii	"setVar\000"
 4372      617200
 4373              		.global	shellDescsetVar
 4374              		.section	.rodata.shellDescsetVar,"a"
 4375              		.align	2
 4378              	shellDescsetVar:
 4379 0000 73657420 		.ascii	"set var\000"
 4379      76617200 
 4380              		.global	shellCommandsetVar
 4381              		.section	shellCommand
 4382              		.align	2
 4385              	shellCommandsetVar:
 4386 0010 00210000 		.word	8448
 4387 0014 00000000 		.word	shellCmdsetVar
 4388 0018 00000000 		.word	shellSetVar
 4389 001c 00000000 		.word	shellDescsetVar
 4390              		.section	.text.shellRunCommand,"ax",%progbits
 4391              		.align	1
 4392              		.global	shellRunCommand
 4393              		.syntax unified
 4394              		.thumb
 4395              		.thumb_func
 4397              	shellRunCommand:
 4398              	.LFB36:
1085:System/shell/shell.c **** SHELL_EXPORT_CMD(
1086:System/shell/shell.c ****     SHELL_CMD_PERMISSION(0) | SHELL_CMD_TYPE(SHELL_TYPE_CMD_FUNC) | SHELL_CMD_DISABLE_RETURN,
1087:System/shell/shell.c ****     setVar, shellSetVar, set var);
1088:System/shell/shell.c **** 
1089:System/shell/shell.c **** /**
1090:System/shell/shell.c ****  * @brief shell运行命令
1091:System/shell/shell.c ****  *
1092:System/shell/shell.c ****  * @param shell shell对象
1093:System/shell/shell.c ****  * @param command 命令
1094:System/shell/shell.c ****  *
1095:System/shell/shell.c ****  * @return unsigned int 命令返回值
1096:System/shell/shell.c ****  */
1097:System/shell/shell.c **** unsigned int shellRunCommand(Shell *shell, ShellCommand *command)
1098:System/shell/shell.c **** {
 4399              		.loc 1 1098 1
 4400              		.cfi_startproc
 4401              		@ args = 0, pretend = 0, frame = 16
 4402              		@ frame_needed = 1, uses_anonymous_args = 0
 4403 0000 80B5     		push	{r7, lr}
 4404              	.LCFI180:
 4405              		.cfi_def_cfa_offset 8
 4406              		.cfi_offset 7, -8
 4407              		.cfi_offset 14, -4
 4408 0002 84B0     		sub	sp, sp, #16
 4409              	.LCFI181:
 4410              		.cfi_def_cfa_offset 24
ARM GAS  C:\Users\HUAV\AppData\Local\Temp\ccLd8epe.s 			page 100


 4411 0004 00AF     		add	r7, sp, #0
 4412              	.LCFI182:
 4413              		.cfi_def_cfa_register 7
 4414 0006 7860     		str	r0, [r7, #4]
 4415 0008 3960     		str	r1, [r7]
1099:System/shell/shell.c ****     int returnValue = 0;
 4416              		.loc 1 1099 9
 4417 000a 0023     		movs	r3, #0
 4418 000c FB60     		str	r3, [r7, #12]
1100:System/shell/shell.c ****     shell->status.isActive = 1;
 4419              		.loc 1 1100 28
 4420 000e 7A68     		ldr	r2, [r7, #4]
 4421 0010 92F86030 		ldrb	r3, [r2, #96]
 4422 0014 43F00203 		orr	r3, r3, #2
 4423 0018 82F86030 		strb	r3, [r2, #96]
1101:System/shell/shell.c ****     if (command->attr.attrs.type == SHELL_TYPE_CMD_MAIN)
 4424              		.loc 1 1101 34
 4425 001c 3B68     		ldr	r3, [r7]
 4426 001e 5B78     		ldrb	r3, [r3, #1]	@ zero_extendqisi2
 4427 0020 03F00F03 		and	r3, r3, #15
 4428 0024 DBB2     		uxtb	r3, r3
 4429              		.loc 1 1101 8
 4430 0026 002B     		cmp	r3, #0
 4431 0028 18D1     		bne	.L246
1102:System/shell/shell.c ****     {
1103:System/shell/shell.c ****         shellRemoveParamQuotes(shell);
 4432              		.loc 1 1103 9
 4433 002a 7868     		ldr	r0, [r7, #4]
 4434 002c FFF7FEFF 		bl	shellRemoveParamQuotes
1104:System/shell/shell.c ****         returnValue = command->data.cmd.function(shell->parser.paramCount,
 4435              		.loc 1 1104 40
 4436 0030 3B68     		ldr	r3, [r7]
 4437 0032 9B68     		ldr	r3, [r3, #8]
 4438              		.loc 1 1104 63
 4439 0034 7A68     		ldr	r2, [r7, #4]
 4440 0036 D28E     		ldrh	r2, [r2, #54]
 4441              		.loc 1 1104 23
 4442 0038 1046     		mov	r0, r2
1105:System/shell/shell.c ****                                                  shell->parser.param);
 4443              		.loc 1 1105 63
 4444 003a 7A68     		ldr	r2, [r7, #4]
 4445 003c 1432     		adds	r2, r2, #20
1104:System/shell/shell.c ****         returnValue = command->data.cmd.function(shell->parser.paramCount,
 4446              		.loc 1 1104 23
 4447 003e 1146     		mov	r1, r2
 4448 0040 9847     		blx	r3
 4449              	.LVL11:
 4450 0042 F860     		str	r0, [r7, #12]
1106:System/shell/shell.c ****         if (!command->attr.attrs.disableReturn)
 4451              		.loc 1 1106 13
 4452 0044 3B68     		ldr	r3, [r7]
 4453 0046 5B78     		ldrb	r3, [r3, #1]	@ zero_extendqisi2
 4454 0048 03F02003 		and	r3, r3, #32
 4455 004c DBB2     		uxtb	r3, r3
 4456              		.loc 1 1106 12
 4457 004e 002B     		cmp	r3, #0
 4458 0050 3FD1     		bne	.L247
ARM GAS  C:\Users\HUAV\AppData\Local\Temp\ccLd8epe.s 			page 101


1107:System/shell/shell.c ****         {
1108:System/shell/shell.c ****             shellWriteReturnValue(shell, returnValue);
 4459              		.loc 1 1108 13
 4460 0052 F968     		ldr	r1, [r7, #12]
 4461 0054 7868     		ldr	r0, [r7, #4]
 4462 0056 FFF7FEFF 		bl	shellWriteReturnValue
 4463 005a 3AE0     		b	.L247
 4464              	.L246:
1109:System/shell/shell.c ****         }
1110:System/shell/shell.c ****     }
1111:System/shell/shell.c ****     else if (command->attr.attrs.type == SHELL_TYPE_CMD_FUNC)
 4465              		.loc 1 1111 39
 4466 005c 3B68     		ldr	r3, [r7]
 4467 005e 5B78     		ldrb	r3, [r3, #1]	@ zero_extendqisi2
 4468 0060 03F00F03 		and	r3, r3, #15
 4469 0064 DBB2     		uxtb	r3, r3
 4470              		.loc 1 1111 13
 4471 0066 012B     		cmp	r3, #1
 4472 0068 15D1     		bne	.L248
1112:System/shell/shell.c ****     {
1113:System/shell/shell.c ****         returnValue = shellExtRun(shell,
1114:System/shell/shell.c ****                                   command,
1115:System/shell/shell.c ****                                   shell->parser.paramCount,
 4473              		.loc 1 1115 48
 4474 006a 7B68     		ldr	r3, [r7, #4]
 4475 006c DB8E     		ldrh	r3, [r3, #54]
1113:System/shell/shell.c ****                                   command,
 4476              		.loc 1 1113 23
 4477 006e 1A46     		mov	r2, r3
1116:System/shell/shell.c ****                                   shell->parser.param);
 4478              		.loc 1 1116 48
 4479 0070 7B68     		ldr	r3, [r7, #4]
 4480 0072 1433     		adds	r3, r3, #20
1113:System/shell/shell.c ****                                   command,
 4481              		.loc 1 1113 23
 4482 0074 3968     		ldr	r1, [r7]
 4483 0076 7868     		ldr	r0, [r7, #4]
 4484 0078 FFF7FEFF 		bl	shellExtRun
 4485 007c F860     		str	r0, [r7, #12]
1117:System/shell/shell.c ****         if (!command->attr.attrs.disableReturn)
 4486              		.loc 1 1117 13
 4487 007e 3B68     		ldr	r3, [r7]
 4488 0080 5B78     		ldrb	r3, [r3, #1]	@ zero_extendqisi2
 4489 0082 03F02003 		and	r3, r3, #32
 4490 0086 DBB2     		uxtb	r3, r3
 4491              		.loc 1 1117 12
 4492 0088 002B     		cmp	r3, #0
 4493 008a 22D1     		bne	.L247
1118:System/shell/shell.c ****         {
1119:System/shell/shell.c ****             shellWriteReturnValue(shell, returnValue);
 4494              		.loc 1 1119 13
 4495 008c F968     		ldr	r1, [r7, #12]
 4496 008e 7868     		ldr	r0, [r7, #4]
 4497 0090 FFF7FEFF 		bl	shellWriteReturnValue
 4498 0094 1DE0     		b	.L247
 4499              	.L248:
1120:System/shell/shell.c ****         }
ARM GAS  C:\Users\HUAV\AppData\Local\Temp\ccLd8epe.s 			page 102


1121:System/shell/shell.c ****     }
1122:System/shell/shell.c ****     else if (command->attr.attrs.type >= SHELL_TYPE_VAR_INT && command->attr.attrs.type <= SHELL_TY
 4500              		.loc 1 1122 33
 4501 0096 3B68     		ldr	r3, [r7]
 4502 0098 5B78     		ldrb	r3, [r3, #1]
 4503 009a C3F30303 		ubfx	r3, r3, #0, #4
 4504 009e DBB2     		uxtb	r3, r3
 4505              		.loc 1 1122 13
 4506 00a0 012B     		cmp	r3, #1
 4507 00a2 0BD9     		bls	.L249
 4508              		.loc 1 1122 83 discriminator 1
 4509 00a4 3B68     		ldr	r3, [r7]
 4510 00a6 5B78     		ldrb	r3, [r3, #1]
 4511 00a8 C3F30303 		ubfx	r3, r3, #0, #4
 4512 00ac DBB2     		uxtb	r3, r3
 4513              		.loc 1 1122 61 discriminator 1
 4514 00ae 072B     		cmp	r3, #7
 4515 00b0 04D8     		bhi	.L249
1123:System/shell/shell.c ****     {
1124:System/shell/shell.c ****         shellShowVar(shell, command);
 4516              		.loc 1 1124 9
 4517 00b2 3968     		ldr	r1, [r7]
 4518 00b4 7868     		ldr	r0, [r7, #4]
 4519 00b6 FFF7FEFF 		bl	shellShowVar
 4520 00ba 0AE0     		b	.L247
 4521              	.L249:
1125:System/shell/shell.c ****     }
1126:System/shell/shell.c ****     else if (command->attr.attrs.type == SHELL_TYPE_USER)
 4522              		.loc 1 1126 39
 4523 00bc 3B68     		ldr	r3, [r7]
 4524 00be 5B78     		ldrb	r3, [r3, #1]	@ zero_extendqisi2
 4525 00c0 03F00F03 		and	r3, r3, #15
 4526 00c4 DBB2     		uxtb	r3, r3
 4527              		.loc 1 1126 13
 4528 00c6 082B     		cmp	r3, #8
 4529 00c8 03D1     		bne	.L247
1127:System/shell/shell.c ****     {
1128:System/shell/shell.c ****         shellSetUser(shell, command);
 4530              		.loc 1 1128 9
 4531 00ca 3968     		ldr	r1, [r7]
 4532 00cc 7868     		ldr	r0, [r7, #4]
 4533 00ce FFF7FEFF 		bl	shellSetUser
 4534              	.L247:
1129:System/shell/shell.c ****     }
1130:System/shell/shell.c ****     shell->status.isActive = 0;
 4535              		.loc 1 1130 28
 4536 00d2 7A68     		ldr	r2, [r7, #4]
 4537 00d4 92F86030 		ldrb	r3, [r2, #96]
 4538 00d8 6FF34103 		bfc	r3, #1, #1
 4539 00dc 82F86030 		strb	r3, [r2, #96]
1131:System/shell/shell.c **** 
1132:System/shell/shell.c ****     return returnValue;
 4540              		.loc 1 1132 12
 4541 00e0 FB68     		ldr	r3, [r7, #12]
1133:System/shell/shell.c **** }
 4542              		.loc 1 1133 1
 4543 00e2 1846     		mov	r0, r3
ARM GAS  C:\Users\HUAV\AppData\Local\Temp\ccLd8epe.s 			page 103


 4544 00e4 1037     		adds	r7, r7, #16
 4545              	.LCFI183:
 4546              		.cfi_def_cfa_offset 8
 4547 00e6 BD46     		mov	sp, r7
 4548              	.LCFI184:
 4549              		.cfi_def_cfa_register 13
 4550              		@ sp needed
 4551 00e8 80BD     		pop	{r7, pc}
 4552              		.cfi_endproc
 4553              	.LFE36:
 4555              		.section	.text.shellCheckPassword,"ax",%progbits
 4556              		.align	1
 4557              		.syntax unified
 4558              		.thumb
 4559              		.thumb_func
 4561              	shellCheckPassword:
 4562              	.LFB37:
1134:System/shell/shell.c **** 
1135:System/shell/shell.c **** /**
1136:System/shell/shell.c ****  * @brief shell校验密码
1137:System/shell/shell.c ****  *
1138:System/shell/shell.c ****  * @param shell shell对象
1139:System/shell/shell.c ****  */
1140:System/shell/shell.c **** static void shellCheckPassword(Shell *shell)
1141:System/shell/shell.c **** {
 4563              		.loc 1 1141 1
 4564              		.cfi_startproc
 4565              		@ args = 0, pretend = 0, frame = 8
 4566              		@ frame_needed = 1, uses_anonymous_args = 0
 4567 0000 80B5     		push	{r7, lr}
 4568              	.LCFI185:
 4569              		.cfi_def_cfa_offset 8
 4570              		.cfi_offset 7, -8
 4571              		.cfi_offset 14, -4
 4572 0002 82B0     		sub	sp, sp, #8
 4573              	.LCFI186:
 4574              		.cfi_def_cfa_offset 16
 4575 0004 00AF     		add	r7, sp, #0
 4576              	.LCFI187:
 4577              		.cfi_def_cfa_register 7
 4578 0006 7860     		str	r0, [r7, #4]
1142:System/shell/shell.c ****     if (strcmp(shell->parser.buffer, shell->info.user->data.user.password) == 0)
 4579              		.loc 1 1142 29
 4580 0008 7B68     		ldr	r3, [r7, #4]
 4581 000a 1A69     		ldr	r2, [r3, #16]
 4582              		.loc 1 1142 49
 4583 000c 7B68     		ldr	r3, [r7, #4]
 4584 000e 1B68     		ldr	r3, [r3]
 4585              		.loc 1 1142 9
 4586 0010 9B68     		ldr	r3, [r3, #8]
 4587 0012 1946     		mov	r1, r3
 4588 0014 1046     		mov	r0, r2
 4589 0016 FFF7FEFF 		bl	strcmp
 4590 001a 0346     		mov	r3, r0
 4591              		.loc 1 1142 8
 4592 001c 002B     		cmp	r3, #0
 4593 001e 0DD1     		bne	.L252
ARM GAS  C:\Users\HUAV\AppData\Local\Temp\ccLd8epe.s 			page 104


1143:System/shell/shell.c ****     {
1144:System/shell/shell.c ****         shell->status.isChecked = 1;
 4594              		.loc 1 1144 33
 4595 0020 7A68     		ldr	r2, [r7, #4]
 4596 0022 92F86030 		ldrb	r3, [r2, #96]
 4597 0026 43F00103 		orr	r3, r3, #1
 4598 002a 82F86030 		strb	r3, [r2, #96]
1145:System/shell/shell.c **** #if SHELL_SHOW_INFO == 1
1146:System/shell/shell.c ****         shellWriteString(shell, shellText[SHELL_TEXT_INFO]);
 4599              		.loc 1 1146 9
 4600 002e 0B4B     		ldr	r3, .L254
 4601 0030 1B68     		ldr	r3, [r3]
 4602 0032 1946     		mov	r1, r3
 4603 0034 7868     		ldr	r0, [r7, #4]
 4604 0036 FFF7FEFF 		bl	shellWriteString
 4605 003a 05E0     		b	.L253
 4606              	.L252:
1147:System/shell/shell.c **** #endif
1148:System/shell/shell.c ****     }
1149:System/shell/shell.c ****     else
1150:System/shell/shell.c ****     {
1151:System/shell/shell.c ****         shellWriteString(shell, shellText[SHELL_TEXT_PASSWORD_ERROR]);
 4607              		.loc 1 1151 9
 4608 003c 074B     		ldr	r3, .L254
 4609 003e 5B6B     		ldr	r3, [r3, #52]
 4610 0040 1946     		mov	r1, r3
 4611 0042 7868     		ldr	r0, [r7, #4]
 4612 0044 FFF7FEFF 		bl	shellWriteString
 4613              	.L253:
1152:System/shell/shell.c ****     }
1153:System/shell/shell.c ****     shell->parser.length = 0;
 4614              		.loc 1 1153 26
 4615 0048 7B68     		ldr	r3, [r7, #4]
 4616 004a 0022     		movs	r2, #0
 4617 004c 9A81     		strh	r2, [r3, #12]	@ movhi
1154:System/shell/shell.c ****     shell->parser.cursor = 0;
 4618              		.loc 1 1154 26
 4619 004e 7B68     		ldr	r3, [r7, #4]
 4620 0050 0022     		movs	r2, #0
 4621 0052 DA81     		strh	r2, [r3, #14]	@ movhi
1155:System/shell/shell.c **** }
 4622              		.loc 1 1155 1
 4623 0054 00BF     		nop
 4624 0056 0837     		adds	r7, r7, #8
 4625              	.LCFI188:
 4626              		.cfi_def_cfa_offset 8
 4627 0058 BD46     		mov	sp, r7
 4628              	.LCFI189:
 4629              		.cfi_def_cfa_register 13
 4630              		@ sp needed
 4631 005a 80BD     		pop	{r7, pc}
 4632              	.L255:
 4633              		.align	2
 4634              	.L254:
 4635 005c 00000000 		.word	shellText
 4636              		.cfi_endproc
 4637              	.LFE37:
ARM GAS  C:\Users\HUAV\AppData\Local\Temp\ccLd8epe.s 			page 105


 4639              		.section	.text.shellSetUser,"ax",%progbits
 4640              		.align	1
 4641              		.syntax unified
 4642              		.thumb
 4643              		.thumb_func
 4645              	shellSetUser:
 4646              	.LFB38:
1156:System/shell/shell.c **** 
1157:System/shell/shell.c **** /**
1158:System/shell/shell.c ****  * @brief shell设置用户
1159:System/shell/shell.c ****  *
1160:System/shell/shell.c ****  * @param shell shell对象
1161:System/shell/shell.c ****  * @param user 用户
1162:System/shell/shell.c ****  */
1163:System/shell/shell.c **** static void shellSetUser(Shell *shell, const ShellCommand *user)
1164:System/shell/shell.c **** {
 4647              		.loc 1 1164 1
 4648              		.cfi_startproc
 4649              		@ args = 0, pretend = 0, frame = 8
 4650              		@ frame_needed = 1, uses_anonymous_args = 0
 4651 0000 80B5     		push	{r7, lr}
 4652              	.LCFI190:
 4653              		.cfi_def_cfa_offset 8
 4654              		.cfi_offset 7, -8
 4655              		.cfi_offset 14, -4
 4656 0002 82B0     		sub	sp, sp, #8
 4657              	.LCFI191:
 4658              		.cfi_def_cfa_offset 16
 4659 0004 00AF     		add	r7, sp, #0
 4660              	.LCFI192:
 4661              		.cfi_def_cfa_register 7
 4662 0006 7860     		str	r0, [r7, #4]
 4663 0008 3960     		str	r1, [r7]
1165:System/shell/shell.c ****     shell->info.user = user;
 4664              		.loc 1 1165 22
 4665 000a 7B68     		ldr	r3, [r7, #4]
 4666 000c 3A68     		ldr	r2, [r7]
 4667 000e 1A60     		str	r2, [r3]
1166:System/shell/shell.c ****     shell->status.isChecked =
1167:System/shell/shell.c ****         ((user->data.user.password && strlen(user->data.user.password) != 0) && (shell->parser.para
 4668              		.loc 1 1167 26
 4669 0010 3B68     		ldr	r3, [r7]
 4670 0012 9B68     		ldr	r3, [r3, #8]
1168:System/shell/shell.c ****             ? 0
1169:System/shell/shell.c ****             : 1;
 4671              		.loc 1 1169 13
 4672 0014 002B     		cmp	r3, #0
 4673 0016 13D0     		beq	.L257
1167:System/shell/shell.c ****             ? 0
 4674              		.loc 1 1167 61
 4675 0018 3B68     		ldr	r3, [r7]
 4676 001a 9B68     		ldr	r3, [r3, #8]
1167:System/shell/shell.c ****             ? 0
 4677              		.loc 1 1167 72
 4678 001c 1B78     		ldrb	r3, [r3]	@ zero_extendqisi2
1167:System/shell/shell.c ****             ? 0
 4679              		.loc 1 1167 36
ARM GAS  C:\Users\HUAV\AppData\Local\Temp\ccLd8epe.s 			page 106


 4680 001e 002B     		cmp	r3, #0
 4681 0020 0ED0     		beq	.L257
1167:System/shell/shell.c ****             ? 0
 4682              		.loc 1 1167 95 discriminator 1
 4683 0022 7B68     		ldr	r3, [r7, #4]
 4684 0024 DB8E     		ldrh	r3, [r3, #54]
 4685              		.loc 1 1169 13 discriminator 1
 4686 0026 012B     		cmp	r3, #1
 4687 0028 0CD9     		bls	.L258
1167:System/shell/shell.c ****             ? 0
 4688              		.loc 1 1167 114
 4689 002a 3B68     		ldr	r3, [r7]
 4690 002c 9A68     		ldr	r2, [r3, #8]
1167:System/shell/shell.c ****             ? 0
 4691              		.loc 1 1167 166
 4692 002e 7B68     		ldr	r3, [r7, #4]
 4693 0030 9B69     		ldr	r3, [r3, #24]
1167:System/shell/shell.c ****             ? 0
 4694              		.loc 1 1167 114
 4695 0032 1946     		mov	r1, r3
 4696 0034 1046     		mov	r0, r2
 4697 0036 FFF7FEFF 		bl	strcmp
 4698 003a 0346     		mov	r3, r0
1167:System/shell/shell.c ****             ? 0
 4699              		.loc 1 1167 111
 4700 003c 002B     		cmp	r3, #0
 4701 003e 01D1     		bne	.L258
 4702              	.L257:
 4703              		.loc 1 1169 13 discriminator 1
 4704 0040 0123     		movs	r3, #1
 4705 0042 00E0     		b	.L259
 4706              	.L258:
 4707              		.loc 1 1169 13 is_stmt 0 discriminator 2
 4708 0044 0023     		movs	r3, #0
 4709              	.L259:
 4710              		.loc 1 1169 13 discriminator 4
 4711 0046 03F00103 		and	r3, r3, #1
 4712 004a D9B2     		uxtb	r1, r3
1166:System/shell/shell.c ****     shell->status.isChecked =
 4713              		.loc 1 1166 29 is_stmt 1 discriminator 4
 4714 004c 7A68     		ldr	r2, [r7, #4]
 4715 004e 92F86030 		ldrb	r3, [r2, #96]
 4716 0052 61F30003 		bfi	r3, r1, #0, #1
 4717 0056 82F86030 		strb	r3, [r2, #96]
1170:System/shell/shell.c **** 
1171:System/shell/shell.c **** #if SHELL_CLS_WHEN_LOGIN == 1
1172:System/shell/shell.c ****     shellWriteString(shell, shellText[SHELL_TEXT_CLEAR_CONSOLE]);
 4718              		.loc 1 1172 5 discriminator 4
 4719 005a 0C4B     		ldr	r3, .L262
 4720 005c 9B6B     		ldr	r3, [r3, #56]
 4721 005e 1946     		mov	r1, r3
 4722 0060 7868     		ldr	r0, [r7, #4]
 4723 0062 FFF7FEFF 		bl	shellWriteString
1173:System/shell/shell.c **** #endif
1174:System/shell/shell.c **** #if SHELL_SHOW_INFO == 1
1175:System/shell/shell.c ****     if (shell->status.isChecked)
 4724              		.loc 1 1175 9 discriminator 4
ARM GAS  C:\Users\HUAV\AppData\Local\Temp\ccLd8epe.s 			page 107


 4725 0066 7B68     		ldr	r3, [r7, #4]
 4726 0068 93F86030 		ldrb	r3, [r3, #96]	@ zero_extendqisi2
 4727 006c 03F00103 		and	r3, r3, #1
 4728 0070 DBB2     		uxtb	r3, r3
 4729              		.loc 1 1175 8 discriminator 4
 4730 0072 002B     		cmp	r3, #0
 4731 0074 05D0     		beq	.L261
1176:System/shell/shell.c ****     {
1177:System/shell/shell.c ****         shellWriteString(shell, shellText[SHELL_TEXT_INFO]);
 4732              		.loc 1 1177 9
 4733 0076 054B     		ldr	r3, .L262
 4734 0078 1B68     		ldr	r3, [r3]
 4735 007a 1946     		mov	r1, r3
 4736 007c 7868     		ldr	r0, [r7, #4]
 4737 007e FFF7FEFF 		bl	shellWriteString
 4738              	.L261:
1178:System/shell/shell.c ****     }
1179:System/shell/shell.c **** #endif
1180:System/shell/shell.c **** }
 4739              		.loc 1 1180 1
 4740 0082 00BF     		nop
 4741 0084 0837     		adds	r7, r7, #8
 4742              	.LCFI193:
 4743              		.cfi_def_cfa_offset 8
 4744 0086 BD46     		mov	sp, r7
 4745              	.LCFI194:
 4746              		.cfi_def_cfa_register 13
 4747              		@ sp needed
 4748 0088 80BD     		pop	{r7, pc}
 4749              	.L263:
 4750 008a 00BF     		.align	2
 4751              	.L262:
 4752 008c 00000000 		.word	shellText
 4753              		.cfi_endproc
 4754              	.LFE38:
 4756              		.section	.rodata
 4757              		.align	2
 4758              	.LC31:
 4759 0228 52657475 		.ascii	"Return: \000"
 4759      726E3A20 
 4759      00
 4760              		.section	.text.shellWriteReturnValue,"ax",%progbits
 4761              		.align	1
 4762              		.syntax unified
 4763              		.thumb
 4764              		.thumb_func
 4766              	shellWriteReturnValue:
 4767              	.LFB39:
1181:System/shell/shell.c **** 
1182:System/shell/shell.c **** /**
1183:System/shell/shell.c ****  * @brief shell写返回值
1184:System/shell/shell.c ****  *
1185:System/shell/shell.c ****  * @param shell shell对象
1186:System/shell/shell.c ****  * @param value 返回值
1187:System/shell/shell.c ****  */
1188:System/shell/shell.c **** static void shellWriteReturnValue(Shell *shell, int value)
1189:System/shell/shell.c **** {
ARM GAS  C:\Users\HUAV\AppData\Local\Temp\ccLd8epe.s 			page 108


 4768              		.loc 1 1189 1
 4769              		.cfi_startproc
 4770              		@ args = 0, pretend = 0, frame = 24
 4771              		@ frame_needed = 1, uses_anonymous_args = 0
 4772 0000 80B5     		push	{r7, lr}
 4773              	.LCFI195:
 4774              		.cfi_def_cfa_offset 8
 4775              		.cfi_offset 7, -8
 4776              		.cfi_offset 14, -4
 4777 0002 86B0     		sub	sp, sp, #24
 4778              	.LCFI196:
 4779              		.cfi_def_cfa_offset 32
 4780 0004 00AF     		add	r7, sp, #0
 4781              	.LCFI197:
 4782              		.cfi_def_cfa_register 7
 4783 0006 7860     		str	r0, [r7, #4]
 4784 0008 3960     		str	r1, [r7]
1190:System/shell/shell.c ****     char buffer[12] = "00000000000";
 4785              		.loc 1 1190 10
 4786 000a 234A     		ldr	r2, .L267
 4787 000c 07F10803 		add	r3, r7, #8
 4788 0010 07CA     		ldm	r2, {r0, r1, r2}
 4789 0012 83E80700 		stm	r3, {r0, r1, r2}
1191:System/shell/shell.c ****     shellWriteString(shell, "Return: ");
 4790              		.loc 1 1191 5
 4791 0016 2149     		ldr	r1, .L267+4
 4792 0018 7868     		ldr	r0, [r7, #4]
 4793 001a FFF7FEFF 		bl	shellWriteString
1192:System/shell/shell.c ****     shellWriteString(shell, &buffer[11 - shellToDec(value, buffer)]);
 4794              		.loc 1 1192 42
 4795 001e 07F10803 		add	r3, r7, #8
 4796 0022 1946     		mov	r1, r3
 4797 0024 3868     		ldr	r0, [r7]
 4798 0026 FFF7FEFF 		bl	shellToDec
 4799 002a 0346     		mov	r3, r0
 4800              		.loc 1 1192 40
 4801 002c C3F10B03 		rsb	r3, r3, #11
 4802              		.loc 1 1192 29
 4803 0030 07F10802 		add	r2, r7, #8
 4804 0034 1344     		add	r3, r3, r2
 4805              		.loc 1 1192 5
 4806 0036 1946     		mov	r1, r3
 4807 0038 7868     		ldr	r0, [r7, #4]
 4808 003a FFF7FEFF 		bl	shellWriteString
1193:System/shell/shell.c ****     shellWriteString(shell, ", 0x");
 4809              		.loc 1 1193 5
 4810 003e 1849     		ldr	r1, .L267+8
 4811 0040 7868     		ldr	r0, [r7, #4]
 4812 0042 FFF7FEFF 		bl	shellWriteString
 4813              	.LBB22:
1194:System/shell/shell.c ****     for (short i = 0; i < 11; i++)
 4814              		.loc 1 1194 16
 4815 0046 0023     		movs	r3, #0
 4816 0048 FB82     		strh	r3, [r7, #22]	@ movhi
 4817              		.loc 1 1194 5
 4818 004a 0CE0     		b	.L265
 4819              	.L266:
ARM GAS  C:\Users\HUAV\AppData\Local\Temp\ccLd8epe.s 			page 109


1195:System/shell/shell.c ****     {
1196:System/shell/shell.c ****         buffer[i] = '0';
 4820              		.loc 1 1196 15 discriminator 3
 4821 004c B7F91630 		ldrsh	r3, [r7, #22]
 4822              		.loc 1 1196 19 discriminator 3
 4823 0050 1833     		adds	r3, r3, #24
 4824 0052 3B44     		add	r3, r3, r7
 4825 0054 3022     		movs	r2, #48
 4826 0056 03F8102C 		strb	r2, [r3, #-16]
1194:System/shell/shell.c ****     for (short i = 0; i < 11; i++)
 4827              		.loc 1 1194 32 discriminator 3
 4828 005a B7F91630 		ldrsh	r3, [r7, #22]
 4829 005e 9BB2     		uxth	r3, r3
 4830 0060 0133     		adds	r3, r3, #1
 4831 0062 9BB2     		uxth	r3, r3
 4832 0064 FB82     		strh	r3, [r7, #22]	@ movhi
 4833              	.L265:
1194:System/shell/shell.c ****     for (short i = 0; i < 11; i++)
 4834              		.loc 1 1194 5 discriminator 1
 4835 0066 B7F91630 		ldrsh	r3, [r7, #22]
 4836 006a 0A2B     		cmp	r3, #10
 4837 006c EEDD     		ble	.L266
 4838              	.LBE22:
1197:System/shell/shell.c ****     }
1198:System/shell/shell.c ****     shellToHex(value, buffer);
 4839              		.loc 1 1198 5
 4840 006e 3B68     		ldr	r3, [r7]
 4841 0070 07F10802 		add	r2, r7, #8
 4842 0074 1146     		mov	r1, r2
 4843 0076 1846     		mov	r0, r3
 4844 0078 FFF7FEFF 		bl	shellToHex
1199:System/shell/shell.c ****     shellWriteString(shell, buffer);
 4845              		.loc 1 1199 5
 4846 007c 07F10803 		add	r3, r7, #8
 4847 0080 1946     		mov	r1, r3
 4848 0082 7868     		ldr	r0, [r7, #4]
 4849 0084 FFF7FEFF 		bl	shellWriteString
1200:System/shell/shell.c ****     shellWriteString(shell, "\r\n");
 4850              		.loc 1 1200 5
 4851 0088 0649     		ldr	r1, .L267+12
 4852 008a 7868     		ldr	r0, [r7, #4]
 4853 008c FFF7FEFF 		bl	shellWriteString
1201:System/shell/shell.c **** }
 4854              		.loc 1 1201 1
 4855 0090 00BF     		nop
 4856 0092 1837     		adds	r7, r7, #24
 4857              	.LCFI198:
 4858              		.cfi_def_cfa_offset 8
 4859 0094 BD46     		mov	sp, r7
 4860              	.LCFI199:
 4861              		.cfi_def_cfa_register 13
 4862              		@ sp needed
 4863 0096 80BD     		pop	{r7, pc}
 4864              	.L268:
 4865              		.align	2
 4866              	.L267:
 4867 0098 1C020000 		.word	.LC27
ARM GAS  C:\Users\HUAV\AppData\Local\Temp\ccLd8epe.s 			page 110


 4868 009c 28020000 		.word	.LC31
 4869 00a0 14020000 		.word	.LC30
 4870 00a4 F8010000 		.word	.LC22
 4871              		.cfi_endproc
 4872              	.LFE39:
 4874              		.section	.text.shellHistoryAdd,"ax",%progbits
 4875              		.align	1
 4876              		.syntax unified
 4877              		.thumb
 4878              		.thumb_func
 4880              	shellHistoryAdd:
 4881              	.LFB40:
1202:System/shell/shell.c **** 
1203:System/shell/shell.c **** /**
1204:System/shell/shell.c ****  * @brief shell历史记录添加
1205:System/shell/shell.c ****  *
1206:System/shell/shell.c ****  * @param shell shell对象
1207:System/shell/shell.c ****  */
1208:System/shell/shell.c **** static void shellHistoryAdd(Shell *shell)
1209:System/shell/shell.c **** {
 4882              		.loc 1 1209 1
 4883              		.cfi_startproc
 4884              		@ args = 0, pretend = 0, frame = 8
 4885              		@ frame_needed = 1, uses_anonymous_args = 0
 4886 0000 80B5     		push	{r7, lr}
 4887              	.LCFI200:
 4888              		.cfi_def_cfa_offset 8
 4889              		.cfi_offset 7, -8
 4890              		.cfi_offset 14, -4
 4891 0002 82B0     		sub	sp, sp, #8
 4892              	.LCFI201:
 4893              		.cfi_def_cfa_offset 16
 4894 0004 00AF     		add	r7, sp, #0
 4895              	.LCFI202:
 4896              		.cfi_def_cfa_register 7
 4897 0006 7860     		str	r0, [r7, #4]
1210:System/shell/shell.c ****     shell->history.offset = 0;
 4898              		.loc 1 1210 27
 4899 0008 7B68     		ldr	r3, [r7, #4]
 4900 000a 0022     		movs	r2, #0
 4901 000c A3F85420 		strh	r2, [r3, #84]	@ movhi
1211:System/shell/shell.c ****     if (shell->history.number > 0 && strcmp(shell->history.item[(shell->history.record == 0 ? SHELL
 4902              		.loc 1 1211 23
 4903 0010 7B68     		ldr	r3, [r7, #4]
 4904 0012 B3F85030 		ldrh	r3, [r3, #80]
 4905              		.loc 1 1211 8
 4906 0016 002B     		cmp	r3, #0
 4907 0018 18D0     		beq	.L270
 4908              		.loc 1 1211 80 discriminator 1
 4909 001a 7B68     		ldr	r3, [r7, #4]
 4910 001c B3F85230 		ldrh	r3, [r3, #82]
 4911              		.loc 1 1211 145 discriminator 1
 4912 0020 002B     		cmp	r3, #0
 4913 0022 04D0     		beq	.L271
 4914              		.loc 1 1211 136 discriminator 2
 4915 0024 7B68     		ldr	r3, [r7, #4]
 4916 0026 B3F85230 		ldrh	r3, [r3, #82]
ARM GAS  C:\Users\HUAV\AppData\Local\Temp\ccLd8epe.s 			page 111


 4917              		.loc 1 1211 145 discriminator 2
 4918 002a 013B     		subs	r3, r3, #1
 4919 002c 00E0     		b	.L272
 4920              	.L271:
 4921              		.loc 1 1211 145 is_stmt 0 discriminator 3
 4922 002e 0423     		movs	r3, #4
 4923              	.L272:
 4924              		.loc 1 1211 64 is_stmt 1 discriminator 5
 4925 0030 7A68     		ldr	r2, [r7, #4]
 4926 0032 0E33     		adds	r3, r3, #14
 4927 0034 9B00     		lsls	r3, r3, #2
 4928 0036 1344     		add	r3, r3, r2
 4929 0038 5A68     		ldr	r2, [r3, #4]
1212:System/shell/shell.c ****                                             shell->parser.buffer) == 0)
 4930              		.loc 1 1212 58 discriminator 5
 4931 003a 7B68     		ldr	r3, [r7, #4]
 4932 003c 1B69     		ldr	r3, [r3, #16]
1211:System/shell/shell.c ****     if (shell->history.number > 0 && strcmp(shell->history.item[(shell->history.record == 0 ? SHELL
 4933              		.loc 1 1211 38 discriminator 5
 4934 003e 1946     		mov	r1, r3
 4935 0040 1046     		mov	r0, r2
 4936 0042 FFF7FEFF 		bl	strcmp
 4937 0046 0346     		mov	r3, r0
1211:System/shell/shell.c ****     if (shell->history.number > 0 && strcmp(shell->history.item[(shell->history.record == 0 ? SHELL
 4938              		.loc 1 1211 35 discriminator 5
 4939 0048 002B     		cmp	r3, #0
 4940 004a 33D0     		beq	.L276
 4941              	.L270:
1213:System/shell/shell.c ****     {
1214:System/shell/shell.c ****         return;
1215:System/shell/shell.c ****     }
1216:System/shell/shell.c ****     if (shellStringCopy(shell->history.item[shell->history.record],
 4942              		.loc 1 1216 59
 4943 004c 7B68     		ldr	r3, [r7, #4]
 4944 004e B3F85230 		ldrh	r3, [r3, #82]
 4945              		.loc 1 1216 9
 4946 0052 7A68     		ldr	r2, [r7, #4]
 4947 0054 0E33     		adds	r3, r3, #14
 4948 0056 9B00     		lsls	r3, r3, #2
 4949 0058 1344     		add	r3, r3, r2
 4950 005a 5A68     		ldr	r2, [r3, #4]
 4951 005c 7B68     		ldr	r3, [r7, #4]
 4952 005e 1B69     		ldr	r3, [r3, #16]
 4953 0060 1946     		mov	r1, r3
 4954 0062 1046     		mov	r0, r2
 4955 0064 FFF7FEFF 		bl	shellStringCopy
 4956 0068 0346     		mov	r3, r0
 4957              		.loc 1 1216 8
 4958 006a 002B     		cmp	r3, #0
 4959 006c 07D0     		beq	.L274
1217:System/shell/shell.c ****                         shell->parser.buffer) != 0)
1218:System/shell/shell.c ****     {
1219:System/shell/shell.c ****         shell->history.record++;
 4960              		.loc 1 1219 23
 4961 006e 7B68     		ldr	r3, [r7, #4]
 4962 0070 B3F85230 		ldrh	r3, [r3, #82]
 4963              		.loc 1 1219 30
ARM GAS  C:\Users\HUAV\AppData\Local\Temp\ccLd8epe.s 			page 112


 4964 0074 0133     		adds	r3, r3, #1
 4965 0076 9AB2     		uxth	r2, r3
 4966 0078 7B68     		ldr	r3, [r7, #4]
 4967 007a A3F85220 		strh	r2, [r3, #82]	@ movhi
 4968              	.L274:
1220:System/shell/shell.c ****     }
1221:System/shell/shell.c ****     if (++shell->history.number > SHELL_HISTORY_MAX_NUMBER)
 4969              		.loc 1 1221 25
 4970 007e 7B68     		ldr	r3, [r7, #4]
 4971 0080 B3F85030 		ldrh	r3, [r3, #80]
 4972              		.loc 1 1221 9
 4973 0084 0133     		adds	r3, r3, #1
 4974 0086 9AB2     		uxth	r2, r3
 4975              		.loc 1 1221 8
 4976 0088 7B68     		ldr	r3, [r7, #4]
 4977 008a A3F85020 		strh	r2, [r3, #80]	@ movhi
 4978              		.loc 1 1221 25
 4979 008e 7B68     		ldr	r3, [r7, #4]
 4980 0090 B3F85030 		ldrh	r3, [r3, #80]
 4981              		.loc 1 1221 8
 4982 0094 052B     		cmp	r3, #5
 4983 0096 03D9     		bls	.L275
1222:System/shell/shell.c ****     {
1223:System/shell/shell.c ****         shell->history.number = SHELL_HISTORY_MAX_NUMBER;
 4984              		.loc 1 1223 31
 4985 0098 7B68     		ldr	r3, [r7, #4]
 4986 009a 0522     		movs	r2, #5
 4987 009c A3F85020 		strh	r2, [r3, #80]	@ movhi
 4988              	.L275:
1224:System/shell/shell.c ****     }
1225:System/shell/shell.c ****     if (shell->history.record >= SHELL_HISTORY_MAX_NUMBER)
 4989              		.loc 1 1225 23
 4990 00a0 7B68     		ldr	r3, [r7, #4]
 4991 00a2 B3F85230 		ldrh	r3, [r3, #82]
 4992              		.loc 1 1225 8
 4993 00a6 042B     		cmp	r3, #4
 4994 00a8 05D9     		bls	.L269
1226:System/shell/shell.c ****     {
1227:System/shell/shell.c ****         shell->history.record = 0;
 4995              		.loc 1 1227 31
 4996 00aa 7B68     		ldr	r3, [r7, #4]
 4997 00ac 0022     		movs	r2, #0
 4998 00ae A3F85220 		strh	r2, [r3, #82]	@ movhi
 4999 00b2 00E0     		b	.L269
 5000              	.L276:
1214:System/shell/shell.c ****     }
 5001              		.loc 1 1214 9
 5002 00b4 00BF     		nop
 5003              	.L269:
1228:System/shell/shell.c ****     }
1229:System/shell/shell.c **** }
 5004              		.loc 1 1229 1
 5005 00b6 0837     		adds	r7, r7, #8
 5006              	.LCFI203:
 5007              		.cfi_def_cfa_offset 8
 5008 00b8 BD46     		mov	sp, r7
 5009              	.LCFI204:
ARM GAS  C:\Users\HUAV\AppData\Local\Temp\ccLd8epe.s 			page 113


 5010              		.cfi_def_cfa_register 13
 5011              		@ sp needed
 5012 00ba 80BD     		pop	{r7, pc}
 5013              		.cfi_endproc
 5014              	.LFE40:
 5016              		.section	.text.shellHistory,"ax",%progbits
 5017              		.align	1
 5018              		.syntax unified
 5019              		.thumb
 5020              		.thumb_func
 5022              	shellHistory:
 5023              	.LFB41:
1230:System/shell/shell.c **** 
1231:System/shell/shell.c **** /**
1232:System/shell/shell.c ****  * @brief shell历史记录查找
1233:System/shell/shell.c ****  *
1234:System/shell/shell.c ****  * @param shell shell对象
1235:System/shell/shell.c ****  * @param dir 方向 {@code <0}往上查找 {@code >0}往下查找
1236:System/shell/shell.c ****  */
1237:System/shell/shell.c **** static void shellHistory(Shell *shell, signed char dir)
1238:System/shell/shell.c **** {
 5024              		.loc 1 1238 1
 5025              		.cfi_startproc
 5026              		@ args = 0, pretend = 0, frame = 8
 5027              		@ frame_needed = 1, uses_anonymous_args = 0
 5028 0000 80B5     		push	{r7, lr}
 5029              	.LCFI205:
 5030              		.cfi_def_cfa_offset 8
 5031              		.cfi_offset 7, -8
 5032              		.cfi_offset 14, -4
 5033 0002 82B0     		sub	sp, sp, #8
 5034              	.LCFI206:
 5035              		.cfi_def_cfa_offset 16
 5036 0004 00AF     		add	r7, sp, #0
 5037              	.LCFI207:
 5038              		.cfi_def_cfa_register 7
 5039 0006 7860     		str	r0, [r7, #4]
 5040 0008 0B46     		mov	r3, r1
 5041 000a FB70     		strb	r3, [r7, #3]
1239:System/shell/shell.c ****     if (dir > 0)
 5042              		.loc 1 1239 8
 5043 000c 97F90330 		ldrsb	r3, [r7, #3]
 5044 0010 002B     		cmp	r3, #0
 5045 0012 28DD     		ble	.L278
1240:System/shell/shell.c ****     {
1241:System/shell/shell.c ****         if (shell->history.offset-- <=
 5046              		.loc 1 1241 27
 5047 0014 7B68     		ldr	r3, [r7, #4]
 5048 0016 B3F95420 		ldrsh	r2, [r3, #84]
 5049              		.loc 1 1241 34
 5050 001a 93B2     		uxth	r3, r2
 5051 001c 013B     		subs	r3, r3, #1
 5052 001e 9BB2     		uxth	r3, r3
 5053 0020 19B2     		sxth	r1, r3
 5054 0022 7B68     		ldr	r3, [r7, #4]
 5055 0024 A3F85410 		strh	r1, [r3, #84]	@ movhi
 5056 0028 1146     		mov	r1, r2
ARM GAS  C:\Users\HUAV\AppData\Local\Temp\ccLd8epe.s 			page 114


1242:System/shell/shell.c ****             -((shell->history.number > shell->history.record) ? shell->history.number : shell->hist
 5057              		.loc 1 1242 54
 5058 002a 7B68     		ldr	r3, [r7, #4]
 5059 002c B3F85220 		ldrh	r2, [r3, #82]
 5060              		.loc 1 1242 30
 5061 0030 7B68     		ldr	r3, [r7, #4]
 5062 0032 B3F85030 		ldrh	r3, [r3, #80]
 5063              		.loc 1 1242 87
 5064 0036 9342     		cmp	r3, r2
 5065 0038 38BF     		it	cc
 5066 003a 1346     		movcc	r3, r2
 5067 003c 9BB2     		uxth	r3, r3
 5068              		.loc 1 1242 13
 5069 003e 5B42     		rsbs	r3, r3, #0
1241:System/shell/shell.c ****             -((shell->history.number > shell->history.record) ? shell->history.number : shell->hist
 5070              		.loc 1 1241 12
 5071 0040 9942     		cmp	r1, r3
 5072 0042 28DC     		bgt	.L279
1243:System/shell/shell.c ****         {
1244:System/shell/shell.c ****             shell->history.offset = -((shell->history.number > shell->history.record)
 5073              		.loc 1 1244 78
 5074 0044 7B68     		ldr	r3, [r7, #4]
 5075 0046 B3F85220 		ldrh	r2, [r3, #82]
 5076              		.loc 1 1244 54
 5077 004a 7B68     		ldr	r3, [r7, #4]
 5078 004c B3F85030 		ldrh	r3, [r3, #80]
1245:System/shell/shell.c ****                                           ? shell->history.number
1246:System/shell/shell.c ****                                           : shell->history.record);
 5079              		.loc 1 1246 43
 5080 0050 9342     		cmp	r3, r2
 5081 0052 38BF     		it	cc
 5082 0054 1346     		movcc	r3, r2
 5083 0056 9BB2     		uxth	r3, r3
1244:System/shell/shell.c ****                                           ? shell->history.number
 5084              		.loc 1 1244 35
 5085 0058 5B42     		rsbs	r3, r3, #0
 5086 005a 9BB2     		uxth	r3, r3
 5087 005c 1AB2     		sxth	r2, r3
 5088 005e 7B68     		ldr	r3, [r7, #4]
 5089 0060 A3F85420 		strh	r2, [r3, #84]	@ movhi
 5090 0064 17E0     		b	.L279
 5091              	.L278:
1247:System/shell/shell.c ****         }
1248:System/shell/shell.c ****     }
1249:System/shell/shell.c ****     else if (dir < 0)
 5092              		.loc 1 1249 13
 5093 0066 97F90330 		ldrsb	r3, [r7, #3]
 5094 006a 002B     		cmp	r3, #0
 5095 006c 53DA     		bge	.L284
1250:System/shell/shell.c ****     {
1251:System/shell/shell.c ****         if (++shell->history.offset > 0)
 5096              		.loc 1 1251 29
 5097 006e 7B68     		ldr	r3, [r7, #4]
 5098 0070 B3F95430 		ldrsh	r3, [r3, #84]
 5099              		.loc 1 1251 13
 5100 0074 9BB2     		uxth	r3, r3
 5101 0076 0133     		adds	r3, r3, #1
ARM GAS  C:\Users\HUAV\AppData\Local\Temp\ccLd8epe.s 			page 115


 5102 0078 9BB2     		uxth	r3, r3
 5103 007a 1AB2     		sxth	r2, r3
 5104              		.loc 1 1251 12
 5105 007c 7B68     		ldr	r3, [r7, #4]
 5106 007e A3F85420 		strh	r2, [r3, #84]	@ movhi
 5107              		.loc 1 1251 29
 5108 0082 7B68     		ldr	r3, [r7, #4]
 5109 0084 B3F95430 		ldrsh	r3, [r3, #84]
 5110              		.loc 1 1251 12
 5111 0088 002B     		cmp	r3, #0
 5112 008a 04DD     		ble	.L279
1252:System/shell/shell.c ****         {
1253:System/shell/shell.c ****             shell->history.offset = 0;
 5113              		.loc 1 1253 35
 5114 008c 7B68     		ldr	r3, [r7, #4]
 5115 008e 0022     		movs	r2, #0
 5116 0090 A3F85420 		strh	r2, [r3, #84]	@ movhi
1254:System/shell/shell.c ****             return;
 5117              		.loc 1 1254 13
 5118 0094 42E0     		b	.L277
 5119              	.L279:
1255:System/shell/shell.c ****         }
1256:System/shell/shell.c ****     }
1257:System/shell/shell.c ****     else
1258:System/shell/shell.c ****     {
1259:System/shell/shell.c ****         return;
1260:System/shell/shell.c ****     }
1261:System/shell/shell.c ****     shellClearCommandLine(shell);
 5120              		.loc 1 1261 5
 5121 0096 7868     		ldr	r0, [r7, #4]
 5122 0098 FFF7FEFF 		bl	shellClearCommandLine
1262:System/shell/shell.c ****     if (shell->history.offset == 0)
 5123              		.loc 1 1262 23
 5124 009c 7B68     		ldr	r3, [r7, #4]
 5125 009e B3F95430 		ldrsh	r3, [r3, #84]
 5126              		.loc 1 1262 8
 5127 00a2 002B     		cmp	r3, #0
 5128 00a4 07D1     		bne	.L282
1263:System/shell/shell.c ****     {
1264:System/shell/shell.c ****         shell->parser.cursor = shell->parser.length = 0;
 5129              		.loc 1 1264 53
 5130 00a6 7B68     		ldr	r3, [r7, #4]
 5131 00a8 0022     		movs	r2, #0
 5132 00aa 9A81     		strh	r2, [r3, #12]	@ movhi
 5133              		.loc 1 1264 45
 5134 00ac 7B68     		ldr	r3, [r7, #4]
 5135 00ae 9A89     		ldrh	r2, [r3, #12]
 5136              		.loc 1 1264 30
 5137 00b0 7B68     		ldr	r3, [r7, #4]
 5138 00b2 DA81     		strh	r2, [r3, #14]	@ movhi
 5139 00b4 32E0     		b	.L277
 5140              	.L282:
1265:System/shell/shell.c ****     }
1266:System/shell/shell.c ****     else
1267:System/shell/shell.c ****     {
1268:System/shell/shell.c ****         if ((shell->parser.length = shellStringCopy(shell->parser.buffer,
 5141              		.loc 1 1268 37
ARM GAS  C:\Users\HUAV\AppData\Local\Temp\ccLd8epe.s 			page 116


 5142 00b6 7B68     		ldr	r3, [r7, #4]
 5143 00b8 1869     		ldr	r0, [r3, #16]
1269:System/shell/shell.c ****                                                     shell->history.item[(shell->history.record + SH
 5144              		.loc 1 1269 88
 5145 00ba 7B68     		ldr	r3, [r7, #4]
 5146 00bc B3F85230 		ldrh	r3, [r3, #82]
 5147              		.loc 1 1269 96
 5148 00c0 0533     		adds	r3, r3, #5
 5149              		.loc 1 1269 139
 5150 00c2 7A68     		ldr	r2, [r7, #4]
 5151 00c4 B2F95420 		ldrsh	r2, [r2, #84]
 5152              		.loc 1 1269 123
 5153 00c8 9918     		adds	r1, r3, r2
 5154              		.loc 1 1269 148
 5155 00ca 164B     		ldr	r3, .L286
 5156 00cc 83FB0123 		smull	r2, r3, r3, r1
 5157 00d0 5A10     		asrs	r2, r3, #1
 5158 00d2 CB17     		asrs	r3, r1, #31
 5159 00d4 D21A     		subs	r2, r2, r3
 5160 00d6 1346     		mov	r3, r2
 5161 00d8 9B00     		lsls	r3, r3, #2
 5162 00da 1344     		add	r3, r3, r2
 5163 00dc CA1A     		subs	r2, r1, r3
1268:System/shell/shell.c ****                                                     shell->history.item[(shell->history.record + SH
 5164              		.loc 1 1268 37
 5165 00de 7968     		ldr	r1, [r7, #4]
 5166 00e0 02F10E03 		add	r3, r2, #14
 5167 00e4 9B00     		lsls	r3, r3, #2
 5168 00e6 0B44     		add	r3, r3, r1
 5169 00e8 5B68     		ldr	r3, [r3, #4]
 5170 00ea 1946     		mov	r1, r3
 5171 00ec FFF7FEFF 		bl	shellStringCopy
 5172 00f0 0346     		mov	r3, r0
 5173 00f2 1A46     		mov	r2, r3
1268:System/shell/shell.c ****                                                     shell->history.item[(shell->history.record + SH
 5174              		.loc 1 1268 35
 5175 00f4 7B68     		ldr	r3, [r7, #4]
 5176 00f6 9A81     		strh	r2, [r3, #12]	@ movhi
1268:System/shell/shell.c ****                                                     shell->history.item[(shell->history.record + SH
 5177              		.loc 1 1268 27
 5178 00f8 7B68     		ldr	r3, [r7, #4]
 5179 00fa 9B89     		ldrh	r3, [r3, #12]
1268:System/shell/shell.c ****                                                     shell->history.item[(shell->history.record + SH
 5180              		.loc 1 1268 12
 5181 00fc 002B     		cmp	r3, #0
 5182 00fe 0CD0     		beq	.L285
1270:System/shell/shell.c ****         {
1271:System/shell/shell.c ****             return;
1272:System/shell/shell.c ****         }
1273:System/shell/shell.c ****         shell->parser.cursor = shell->parser.length;
 5183              		.loc 1 1273 45
 5184 0100 7B68     		ldr	r3, [r7, #4]
 5185 0102 9A89     		ldrh	r2, [r3, #12]
 5186              		.loc 1 1273 30
 5187 0104 7B68     		ldr	r3, [r7, #4]
 5188 0106 DA81     		strh	r2, [r3, #14]	@ movhi
1274:System/shell/shell.c ****         shellWriteString(shell, shell->parser.buffer);
ARM GAS  C:\Users\HUAV\AppData\Local\Temp\ccLd8epe.s 			page 117


 5189              		.loc 1 1274 46
 5190 0108 7B68     		ldr	r3, [r7, #4]
 5191 010a 1B69     		ldr	r3, [r3, #16]
 5192              		.loc 1 1274 9
 5193 010c 1946     		mov	r1, r3
 5194 010e 7868     		ldr	r0, [r7, #4]
 5195 0110 FFF7FEFF 		bl	shellWriteString
 5196 0114 02E0     		b	.L277
 5197              	.L284:
1259:System/shell/shell.c ****     }
 5198              		.loc 1 1259 9
 5199 0116 00BF     		nop
 5200 0118 00E0     		b	.L277
 5201              	.L285:
1271:System/shell/shell.c ****         }
 5202              		.loc 1 1271 13
 5203 011a 00BF     		nop
 5204              	.L277:
1275:System/shell/shell.c ****     }
1276:System/shell/shell.c **** }
 5205              		.loc 1 1276 1
 5206 011c 0837     		adds	r7, r7, #8
 5207              	.LCFI208:
 5208              		.cfi_def_cfa_offset 8
 5209 011e BD46     		mov	sp, r7
 5210              	.LCFI209:
 5211              		.cfi_def_cfa_register 13
 5212              		@ sp needed
 5213 0120 80BD     		pop	{r7, pc}
 5214              	.L287:
 5215 0122 00BF     		.align	2
 5216              	.L286:
 5217 0124 67666666 		.word	1717986919
 5218              		.cfi_endproc
 5219              	.LFE41:
 5221              		.section	.text.shellNormalInput,"ax",%progbits
 5222              		.align	1
 5223              		.global	shellNormalInput
 5224              		.syntax unified
 5225              		.thumb
 5226              		.thumb_func
 5228              	shellNormalInput:
 5229              	.LFB42:
1277:System/shell/shell.c **** 
1278:System/shell/shell.c **** /**
1279:System/shell/shell.c ****  * @brief shell 常规输入
1280:System/shell/shell.c ****  *
1281:System/shell/shell.c ****  * @param shell shell 对象
1282:System/shell/shell.c ****  * @param data 输入字符
1283:System/shell/shell.c ****  */
1284:System/shell/shell.c **** void shellNormalInput(Shell *shell, char data)
1285:System/shell/shell.c **** {
 5230              		.loc 1 1285 1
 5231              		.cfi_startproc
 5232              		@ args = 0, pretend = 0, frame = 8
 5233              		@ frame_needed = 1, uses_anonymous_args = 0
 5234 0000 80B5     		push	{r7, lr}
ARM GAS  C:\Users\HUAV\AppData\Local\Temp\ccLd8epe.s 			page 118


 5235              	.LCFI210:
 5236              		.cfi_def_cfa_offset 8
 5237              		.cfi_offset 7, -8
 5238              		.cfi_offset 14, -4
 5239 0002 82B0     		sub	sp, sp, #8
 5240              	.LCFI211:
 5241              		.cfi_def_cfa_offset 16
 5242 0004 00AF     		add	r7, sp, #0
 5243              	.LCFI212:
 5244              		.cfi_def_cfa_register 7
 5245 0006 7860     		str	r0, [r7, #4]
 5246 0008 0B46     		mov	r3, r1
 5247 000a FB70     		strb	r3, [r7, #3]
1286:System/shell/shell.c ****     shell->status.tabFlag = 0;
 5248              		.loc 1 1286 27
 5249 000c 7A68     		ldr	r2, [r7, #4]
 5250 000e 92F86030 		ldrb	r3, [r2, #96]
 5251 0012 6FF38203 		bfc	r3, #2, #1
 5252 0016 82F86030 		strb	r3, [r2, #96]
1287:System/shell/shell.c ****     shellInsertByte(shell, data);
 5253              		.loc 1 1287 5
 5254 001a FB78     		ldrb	r3, [r7, #3]	@ zero_extendqisi2
 5255 001c 1946     		mov	r1, r3
 5256 001e 7868     		ldr	r0, [r7, #4]
 5257 0020 FFF7FEFF 		bl	shellInsertByte
1288:System/shell/shell.c **** }
 5258              		.loc 1 1288 1
 5259 0024 00BF     		nop
 5260 0026 0837     		adds	r7, r7, #8
 5261              	.LCFI213:
 5262              		.cfi_def_cfa_offset 8
 5263 0028 BD46     		mov	sp, r7
 5264              	.LCFI214:
 5265              		.cfi_def_cfa_register 13
 5266              		@ sp needed
 5267 002a 80BD     		pop	{r7, pc}
 5268              		.cfi_endproc
 5269              	.LFE42:
 5271              		.section	.text.shellExec,"ax",%progbits
 5272              		.align	1
 5273              		.global	shellExec
 5274              		.syntax unified
 5275              		.thumb
 5276              		.thumb_func
 5278              	shellExec:
 5279              	.LFB43:
1289:System/shell/shell.c **** 
1290:System/shell/shell.c **** /**
1291:System/shell/shell.c ****  * @brief shell运行命令
1292:System/shell/shell.c ****  *
1293:System/shell/shell.c ****  * @param shell shell对象
1294:System/shell/shell.c ****  */
1295:System/shell/shell.c **** void shellExec(Shell *shell)
1296:System/shell/shell.c **** {
 5280              		.loc 1 1296 1
 5281              		.cfi_startproc
 5282              		@ args = 0, pretend = 0, frame = 16
ARM GAS  C:\Users\HUAV\AppData\Local\Temp\ccLd8epe.s 			page 119


 5283              		@ frame_needed = 1, uses_anonymous_args = 0
 5284 0000 80B5     		push	{r7, lr}
 5285              	.LCFI215:
 5286              		.cfi_def_cfa_offset 8
 5287              		.cfi_offset 7, -8
 5288              		.cfi_offset 14, -4
 5289 0002 84B0     		sub	sp, sp, #16
 5290              	.LCFI216:
 5291              		.cfi_def_cfa_offset 24
 5292 0004 00AF     		add	r7, sp, #0
 5293              	.LCFI217:
 5294              		.cfi_def_cfa_register 7
 5295 0006 7860     		str	r0, [r7, #4]
1297:System/shell/shell.c **** 
1298:System/shell/shell.c ****     if (shell->parser.length == 0)
 5296              		.loc 1 1298 22
 5297 0008 7B68     		ldr	r3, [r7, #4]
 5298 000a 9B89     		ldrh	r3, [r3, #12]
 5299              		.loc 1 1298 8
 5300 000c 002B     		cmp	r3, #0
 5301 000e 3FD0     		beq	.L295
1299:System/shell/shell.c ****     {
1300:System/shell/shell.c ****         return;
1301:System/shell/shell.c ****     }
1302:System/shell/shell.c **** 
1303:System/shell/shell.c ****     shell->parser.buffer[shell->parser.length] = 0;
 5302              		.loc 1 1303 18
 5303 0010 7B68     		ldr	r3, [r7, #4]
 5304 0012 1B69     		ldr	r3, [r3, #16]
 5305              		.loc 1 1303 39
 5306 0014 7A68     		ldr	r2, [r7, #4]
 5307 0016 9289     		ldrh	r2, [r2, #12]
 5308              		.loc 1 1303 25
 5309 0018 1344     		add	r3, r3, r2
 5310              		.loc 1 1303 48
 5311 001a 0022     		movs	r2, #0
 5312 001c 1A70     		strb	r2, [r3]
1304:System/shell/shell.c **** 
1305:System/shell/shell.c ****     if (shell->status.isChecked)
 5313              		.loc 1 1305 9
 5314 001e 7B68     		ldr	r3, [r7, #4]
 5315 0020 93F86030 		ldrb	r3, [r3, #96]	@ zero_extendqisi2
 5316 0024 03F00103 		and	r3, r3, #1
 5317 0028 DBB2     		uxtb	r3, r3
 5318              		.loc 1 1305 8
 5319 002a 002B     		cmp	r3, #0
 5320 002c 2CD0     		beq	.L292
 5321              	.LBB23:
1306:System/shell/shell.c ****     {
1307:System/shell/shell.c ****         shellHistoryAdd(shell);
 5322              		.loc 1 1307 9
 5323 002e 7868     		ldr	r0, [r7, #4]
 5324 0030 FFF7FEFF 		bl	shellHistoryAdd
1308:System/shell/shell.c ****         shellParserParam(shell);
 5325              		.loc 1 1308 9
 5326 0034 7868     		ldr	r0, [r7, #4]
 5327 0036 FFF7FEFF 		bl	shellParserParam
ARM GAS  C:\Users\HUAV\AppData\Local\Temp\ccLd8epe.s 			page 120


1309:System/shell/shell.c ****         shell->parser.length = shell->parser.cursor = 0;
 5328              		.loc 1 1309 53
 5329 003a 7B68     		ldr	r3, [r7, #4]
 5330 003c 0022     		movs	r2, #0
 5331 003e DA81     		strh	r2, [r3, #14]	@ movhi
 5332              		.loc 1 1309 45
 5333 0040 7B68     		ldr	r3, [r7, #4]
 5334 0042 DA89     		ldrh	r2, [r3, #14]
 5335              		.loc 1 1309 30
 5336 0044 7B68     		ldr	r3, [r7, #4]
 5337 0046 9A81     		strh	r2, [r3, #12]	@ movhi
1310:System/shell/shell.c ****         if (shell->parser.paramCount == 0)
 5338              		.loc 1 1310 26
 5339 0048 7B68     		ldr	r3, [r7, #4]
 5340 004a DB8E     		ldrh	r3, [r3, #54]
 5341              		.loc 1 1310 12
 5342 004c 002B     		cmp	r3, #0
 5343 004e 21D0     		beq	.L296
1311:System/shell/shell.c ****         {
1312:System/shell/shell.c ****             return;
1313:System/shell/shell.c ****         }
1314:System/shell/shell.c ****         shellWriteString(shell, "\r\n");
 5344              		.loc 1 1314 9
 5345 0050 1249     		ldr	r1, .L297
 5346 0052 7868     		ldr	r0, [r7, #4]
 5347 0054 FFF7FEFF 		bl	shellWriteString
1315:System/shell/shell.c **** 
1316:System/shell/shell.c ****         ShellCommand *command = shellSeekCommand(shell,
1317:System/shell/shell.c ****                                                  shell->parser.param[0],
 5348              		.loc 1 1317 69
 5349 0058 7B68     		ldr	r3, [r7, #4]
 5350 005a 5969     		ldr	r1, [r3, #20]
1318:System/shell/shell.c ****                                                  shell->commandList.base,
 5351              		.loc 1 1318 68
 5352 005c 7B68     		ldr	r3, [r7, #4]
 5353 005e 9A6D     		ldr	r2, [r3, #88]
1316:System/shell/shell.c ****                                                  shell->parser.param[0],
 5354              		.loc 1 1316 33
 5355 0060 0023     		movs	r3, #0
 5356 0062 7868     		ldr	r0, [r7, #4]
 5357 0064 FFF7FEFF 		bl	shellSeekCommand
 5358 0068 F860     		str	r0, [r7, #12]
1319:System/shell/shell.c ****                                                  0);
1320:System/shell/shell.c ****         if (command != NULL)
 5359              		.loc 1 1320 12
 5360 006a FB68     		ldr	r3, [r7, #12]
 5361 006c 002B     		cmp	r3, #0
 5362 006e 04D0     		beq	.L294
1321:System/shell/shell.c ****         {
1322:System/shell/shell.c ****             shellRunCommand(shell, command);
 5363              		.loc 1 1322 13
 5364 0070 F968     		ldr	r1, [r7, #12]
 5365 0072 7868     		ldr	r0, [r7, #4]
 5366 0074 FFF7FEFF 		bl	shellRunCommand
 5367 0078 0DE0     		b	.L289
 5368              	.L294:
1323:System/shell/shell.c ****         }
ARM GAS  C:\Users\HUAV\AppData\Local\Temp\ccLd8epe.s 			page 121


1324:System/shell/shell.c ****         else
1325:System/shell/shell.c ****         {
1326:System/shell/shell.c ****             shellWriteString(shell, shellText[SHELL_TEXT_CMD_NOT_FOUND]);
 5369              		.loc 1 1326 13
 5370 007a 094B     		ldr	r3, .L297+4
 5371 007c 9B69     		ldr	r3, [r3, #24]
 5372 007e 1946     		mov	r1, r3
 5373 0080 7868     		ldr	r0, [r7, #4]
 5374 0082 FFF7FEFF 		bl	shellWriteString
 5375 0086 06E0     		b	.L289
 5376              	.L292:
 5377              	.LBE23:
1327:System/shell/shell.c ****         }
1328:System/shell/shell.c ****     }
1329:System/shell/shell.c ****     else
1330:System/shell/shell.c ****     {
1331:System/shell/shell.c ****         shellCheckPassword(shell);
 5378              		.loc 1 1331 9
 5379 0088 7868     		ldr	r0, [r7, #4]
 5380 008a FFF7FEFF 		bl	shellCheckPassword
 5381 008e 02E0     		b	.L289
 5382              	.L295:
1300:System/shell/shell.c ****     }
 5383              		.loc 1 1300 9
 5384 0090 00BF     		nop
 5385 0092 00E0     		b	.L289
 5386              	.L296:
 5387              	.LBB24:
1312:System/shell/shell.c ****         }
 5388              		.loc 1 1312 13
 5389 0094 00BF     		nop
 5390              	.L289:
 5391              	.LBE24:
1332:System/shell/shell.c ****     }
1333:System/shell/shell.c **** }
 5392              		.loc 1 1333 1
 5393 0096 1037     		adds	r7, r7, #16
 5394              	.LCFI218:
 5395              		.cfi_def_cfa_offset 8
 5396 0098 BD46     		mov	sp, r7
 5397              	.LCFI219:
 5398              		.cfi_def_cfa_register 13
 5399              		@ sp needed
 5400 009a 80BD     		pop	{r7, pc}
 5401              	.L298:
 5402              		.align	2
 5403              	.L297:
 5404 009c F8010000 		.word	.LC22
 5405 00a0 00000000 		.word	shellText
 5406              		.cfi_endproc
 5407              	.LFE43:
 5409              		.section	.text.shellUp,"ax",%progbits
 5410              		.align	1
 5411              		.global	shellUp
 5412              		.syntax unified
 5413              		.thumb
 5414              		.thumb_func
ARM GAS  C:\Users\HUAV\AppData\Local\Temp\ccLd8epe.s 			page 122


 5416              	shellUp:
 5417              	.LFB44:
1334:System/shell/shell.c **** 
1335:System/shell/shell.c **** /**
1336:System/shell/shell.c ****  * @brief shell上方向键输入
1337:System/shell/shell.c ****  *
1338:System/shell/shell.c ****  * @param shell shell对象
1339:System/shell/shell.c ****  */
1340:System/shell/shell.c **** void shellUp(Shell *shell)
1341:System/shell/shell.c **** {
 5418              		.loc 1 1341 1
 5419              		.cfi_startproc
 5420              		@ args = 0, pretend = 0, frame = 8
 5421              		@ frame_needed = 1, uses_anonymous_args = 0
 5422 0000 80B5     		push	{r7, lr}
 5423              	.LCFI220:
 5424              		.cfi_def_cfa_offset 8
 5425              		.cfi_offset 7, -8
 5426              		.cfi_offset 14, -4
 5427 0002 82B0     		sub	sp, sp, #8
 5428              	.LCFI221:
 5429              		.cfi_def_cfa_offset 16
 5430 0004 00AF     		add	r7, sp, #0
 5431              	.LCFI222:
 5432              		.cfi_def_cfa_register 7
 5433 0006 7860     		str	r0, [r7, #4]
1342:System/shell/shell.c ****     shellHistory(shell, 1);
 5434              		.loc 1 1342 5
 5435 0008 0121     		movs	r1, #1
 5436 000a 7868     		ldr	r0, [r7, #4]
 5437 000c FFF7FEFF 		bl	shellHistory
1343:System/shell/shell.c **** }
 5438              		.loc 1 1343 1
 5439 0010 00BF     		nop
 5440 0012 0837     		adds	r7, r7, #8
 5441              	.LCFI223:
 5442              		.cfi_def_cfa_offset 8
 5443 0014 BD46     		mov	sp, r7
 5444              	.LCFI224:
 5445              		.cfi_def_cfa_register 13
 5446              		@ sp needed
 5447 0016 80BD     		pop	{r7, pc}
 5448              		.cfi_endproc
 5449              	.LFE44:
 5451              		.global	shellDesc0x1B5B4100
 5452              		.section	.rodata.shellDesc0x1B5B4100,"a"
 5453              		.align	2
 5456              	shellDesc0x1B5B4100:
 5457 0000 757000   		.ascii	"up\000"
 5458              		.global	shellKey0x1B5B4100
 5459              		.section	shellCommand
 5460              		.align	2
 5463              	shellKey0x1B5B4100:
 5464 0020 00090000 		.word	2304
 5465 0024 00415B1B 		.word	458965248
 5466 0028 00000000 		.word	shellUp
 5467 002c 00000000 		.word	shellDesc0x1B5B4100
ARM GAS  C:\Users\HUAV\AppData\Local\Temp\ccLd8epe.s 			page 123


 5468              		.section	.text.shellDown,"ax",%progbits
 5469              		.align	1
 5470              		.global	shellDown
 5471              		.syntax unified
 5472              		.thumb
 5473              		.thumb_func
 5475              	shellDown:
 5476              	.LFB45:
1344:System/shell/shell.c **** SHELL_EXPORT_KEY(SHELL_CMD_PERMISSION(0), 0x1B5B4100, shellUp, up);
1345:System/shell/shell.c **** 
1346:System/shell/shell.c **** /**
1347:System/shell/shell.c ****  * @brief shell下方向键输入
1348:System/shell/shell.c ****  *
1349:System/shell/shell.c ****  * @param shell shell对象
1350:System/shell/shell.c ****  */
1351:System/shell/shell.c **** void shellDown(Shell *shell)
1352:System/shell/shell.c **** {
 5477              		.loc 1 1352 1
 5478              		.cfi_startproc
 5479              		@ args = 0, pretend = 0, frame = 8
 5480              		@ frame_needed = 1, uses_anonymous_args = 0
 5481 0000 80B5     		push	{r7, lr}
 5482              	.LCFI225:
 5483              		.cfi_def_cfa_offset 8
 5484              		.cfi_offset 7, -8
 5485              		.cfi_offset 14, -4
 5486 0002 82B0     		sub	sp, sp, #8
 5487              	.LCFI226:
 5488              		.cfi_def_cfa_offset 16
 5489 0004 00AF     		add	r7, sp, #0
 5490              	.LCFI227:
 5491              		.cfi_def_cfa_register 7
 5492 0006 7860     		str	r0, [r7, #4]
1353:System/shell/shell.c ****     shellHistory(shell, -1);
 5493              		.loc 1 1353 5
 5494 0008 4FF0FF31 		mov	r1, #-1
 5495 000c 7868     		ldr	r0, [r7, #4]
 5496 000e FFF7FEFF 		bl	shellHistory
1354:System/shell/shell.c **** }
 5497              		.loc 1 1354 1
 5498 0012 00BF     		nop
 5499 0014 0837     		adds	r7, r7, #8
 5500              	.LCFI228:
 5501              		.cfi_def_cfa_offset 8
 5502 0016 BD46     		mov	sp, r7
 5503              	.LCFI229:
 5504              		.cfi_def_cfa_register 13
 5505              		@ sp needed
 5506 0018 80BD     		pop	{r7, pc}
 5507              		.cfi_endproc
 5508              	.LFE45:
 5510              		.global	shellDesc0x1B5B4200
 5511              		.section	.rodata.shellDesc0x1B5B4200,"a"
 5512              		.align	2
 5515              	shellDesc0x1B5B4200:
 5516 0000 646F776E 		.ascii	"down\000"
 5516      00
ARM GAS  C:\Users\HUAV\AppData\Local\Temp\ccLd8epe.s 			page 124


 5517              		.global	shellKey0x1B5B4200
 5518              		.section	shellCommand
 5519              		.align	2
 5522              	shellKey0x1B5B4200:
 5523 0030 00090000 		.word	2304
 5524 0034 00425B1B 		.word	458965504
 5525 0038 00000000 		.word	shellDown
 5526 003c 00000000 		.word	shellDesc0x1B5B4200
 5527              		.section	.text.shellRight,"ax",%progbits
 5528              		.align	1
 5529              		.global	shellRight
 5530              		.syntax unified
 5531              		.thumb
 5532              		.thumb_func
 5534              	shellRight:
 5535              	.LFB46:
1355:System/shell/shell.c **** SHELL_EXPORT_KEY(SHELL_CMD_PERMISSION(0), 0x1B5B4200, shellDown, down);
1356:System/shell/shell.c **** 
1357:System/shell/shell.c **** /**
1358:System/shell/shell.c ****  * @brief shell右方向键输入
1359:System/shell/shell.c ****  *
1360:System/shell/shell.c ****  * @param shell shell对象
1361:System/shell/shell.c ****  */
1362:System/shell/shell.c **** void shellRight(Shell *shell)
1363:System/shell/shell.c **** {
 5536              		.loc 1 1363 1
 5537              		.cfi_startproc
 5538              		@ args = 0, pretend = 0, frame = 8
 5539              		@ frame_needed = 1, uses_anonymous_args = 0
 5540 0000 80B5     		push	{r7, lr}
 5541              	.LCFI230:
 5542              		.cfi_def_cfa_offset 8
 5543              		.cfi_offset 7, -8
 5544              		.cfi_offset 14, -4
 5545 0002 82B0     		sub	sp, sp, #8
 5546              	.LCFI231:
 5547              		.cfi_def_cfa_offset 16
 5548 0004 00AF     		add	r7, sp, #0
 5549              	.LCFI232:
 5550              		.cfi_def_cfa_register 7
 5551 0006 7860     		str	r0, [r7, #4]
1364:System/shell/shell.c ****     if (shell->parser.cursor < shell->parser.length)
 5552              		.loc 1 1364 22
 5553 0008 7B68     		ldr	r3, [r7, #4]
 5554 000a DA89     		ldrh	r2, [r3, #14]
 5555              		.loc 1 1364 45
 5556 000c 7B68     		ldr	r3, [r7, #4]
 5557 000e 9B89     		ldrh	r3, [r3, #12]
 5558              		.loc 1 1364 8
 5559 0010 9A42     		cmp	r2, r3
 5560 0012 0DD2     		bcs	.L303
1365:System/shell/shell.c ****     {
1366:System/shell/shell.c ****         shellWriteByte(shell, shell->parser.buffer[shell->parser.cursor++]);
 5561              		.loc 1 1366 44
 5562 0014 7B68     		ldr	r3, [r7, #4]
 5563 0016 1A69     		ldr	r2, [r3, #16]
 5564              		.loc 1 1366 65
ARM GAS  C:\Users\HUAV\AppData\Local\Temp\ccLd8epe.s 			page 125


 5565 0018 7B68     		ldr	r3, [r7, #4]
 5566 001a DB89     		ldrh	r3, [r3, #14]
 5567              		.loc 1 1366 72
 5568 001c 591C     		adds	r1, r3, #1
 5569 001e 88B2     		uxth	r0, r1
 5570 0020 7968     		ldr	r1, [r7, #4]
 5571 0022 C881     		strh	r0, [r1, #14]	@ movhi
 5572              		.loc 1 1366 51
 5573 0024 1344     		add	r3, r3, r2
 5574              		.loc 1 1366 9
 5575 0026 1B78     		ldrb	r3, [r3]	@ zero_extendqisi2
 5576 0028 1946     		mov	r1, r3
 5577 002a 7868     		ldr	r0, [r7, #4]
 5578 002c FFF7FEFF 		bl	shellWriteByte
 5579              	.L303:
1367:System/shell/shell.c ****     }
1368:System/shell/shell.c **** }
 5580              		.loc 1 1368 1
 5581 0030 00BF     		nop
 5582 0032 0837     		adds	r7, r7, #8
 5583              	.LCFI233:
 5584              		.cfi_def_cfa_offset 8
 5585 0034 BD46     		mov	sp, r7
 5586              	.LCFI234:
 5587              		.cfi_def_cfa_register 13
 5588              		@ sp needed
 5589 0036 80BD     		pop	{r7, pc}
 5590              		.cfi_endproc
 5591              	.LFE46:
 5593              		.global	shellDesc0x1B5B4300
 5594              		.section	.rodata.shellDesc0x1B5B4300,"a"
 5595              		.align	2
 5598              	shellDesc0x1B5B4300:
 5599 0000 72696768 		.ascii	"right\000"
 5599      7400
 5600              		.global	shellKey0x1B5B4300
 5601              		.section	shellCommand
 5602              		.align	2
 5605              	shellKey0x1B5B4300:
 5606 0040 00190000 		.word	6400
 5607 0044 00435B1B 		.word	458965760
 5608 0048 00000000 		.word	shellRight
 5609 004c 00000000 		.word	shellDesc0x1B5B4300
 5610              		.section	.text.shellLeft,"ax",%progbits
 5611              		.align	1
 5612              		.global	shellLeft
 5613              		.syntax unified
 5614              		.thumb
 5615              		.thumb_func
 5617              	shellLeft:
 5618              	.LFB47:
1369:System/shell/shell.c **** SHELL_EXPORT_KEY(SHELL_CMD_PERMISSION(0) | SHELL_CMD_ENABLE_UNCHECKED,
1370:System/shell/shell.c ****                  0x1B5B4300, shellRight, right);
1371:System/shell/shell.c **** 
1372:System/shell/shell.c **** /**
1373:System/shell/shell.c ****  * @brief shell左方向键输入
1374:System/shell/shell.c ****  *
ARM GAS  C:\Users\HUAV\AppData\Local\Temp\ccLd8epe.s 			page 126


1375:System/shell/shell.c ****  * @param shell shell对象
1376:System/shell/shell.c ****  */
1377:System/shell/shell.c **** void shellLeft(Shell *shell)
1378:System/shell/shell.c **** {
 5619              		.loc 1 1378 1
 5620              		.cfi_startproc
 5621              		@ args = 0, pretend = 0, frame = 8
 5622              		@ frame_needed = 1, uses_anonymous_args = 0
 5623 0000 80B5     		push	{r7, lr}
 5624              	.LCFI235:
 5625              		.cfi_def_cfa_offset 8
 5626              		.cfi_offset 7, -8
 5627              		.cfi_offset 14, -4
 5628 0002 82B0     		sub	sp, sp, #8
 5629              	.LCFI236:
 5630              		.cfi_def_cfa_offset 16
 5631 0004 00AF     		add	r7, sp, #0
 5632              	.LCFI237:
 5633              		.cfi_def_cfa_register 7
 5634 0006 7860     		str	r0, [r7, #4]
1379:System/shell/shell.c ****     if (shell->parser.cursor > 0)
 5635              		.loc 1 1379 22
 5636 0008 7B68     		ldr	r3, [r7, #4]
 5637 000a DB89     		ldrh	r3, [r3, #14]
 5638              		.loc 1 1379 8
 5639 000c 002B     		cmp	r3, #0
 5640 000e 09D0     		beq	.L306
1380:System/shell/shell.c ****     {
1381:System/shell/shell.c ****         shellWriteByte(shell, '\b');
 5641              		.loc 1 1381 9
 5642 0010 0821     		movs	r1, #8
 5643 0012 7868     		ldr	r0, [r7, #4]
 5644 0014 FFF7FEFF 		bl	shellWriteByte
1382:System/shell/shell.c ****         shell->parser.cursor--;
 5645              		.loc 1 1382 22
 5646 0018 7B68     		ldr	r3, [r7, #4]
 5647 001a DB89     		ldrh	r3, [r3, #14]
 5648              		.loc 1 1382 29
 5649 001c 013B     		subs	r3, r3, #1
 5650 001e 9AB2     		uxth	r2, r3
 5651 0020 7B68     		ldr	r3, [r7, #4]
 5652 0022 DA81     		strh	r2, [r3, #14]	@ movhi
 5653              	.L306:
1383:System/shell/shell.c ****     }
1384:System/shell/shell.c **** }
 5654              		.loc 1 1384 1
 5655 0024 00BF     		nop
 5656 0026 0837     		adds	r7, r7, #8
 5657              	.LCFI238:
 5658              		.cfi_def_cfa_offset 8
 5659 0028 BD46     		mov	sp, r7
 5660              	.LCFI239:
 5661              		.cfi_def_cfa_register 13
 5662              		@ sp needed
 5663 002a 80BD     		pop	{r7, pc}
 5664              		.cfi_endproc
 5665              	.LFE47:
ARM GAS  C:\Users\HUAV\AppData\Local\Temp\ccLd8epe.s 			page 127


 5667              		.global	shellDesc0x1B5B4400
 5668              		.section	.rodata.shellDesc0x1B5B4400,"a"
 5669              		.align	2
 5672              	shellDesc0x1B5B4400:
 5673 0000 6C656674 		.ascii	"left\000"
 5673      00
 5674              		.global	shellKey0x1B5B4400
 5675              		.section	shellCommand
 5676              		.align	2
 5679              	shellKey0x1B5B4400:
 5680 0050 00190000 		.word	6400
 5681 0054 00445B1B 		.word	458966016
 5682 0058 00000000 		.word	shellLeft
 5683 005c 00000000 		.word	shellDesc0x1B5B4400
 5684              		.section	.text.shellTab,"ax",%progbits
 5685              		.align	1
 5686              		.global	shellTab
 5687              		.syntax unified
 5688              		.thumb
 5689              		.thumb_func
 5691              	shellTab:
 5692              	.LFB48:
1385:System/shell/shell.c **** SHELL_EXPORT_KEY(SHELL_CMD_PERMISSION(0) | SHELL_CMD_ENABLE_UNCHECKED,
1386:System/shell/shell.c ****                  0x1B5B4400, shellLeft, left);
1387:System/shell/shell.c **** 
1388:System/shell/shell.c **** /**
1389:System/shell/shell.c ****  * @brief shell Tab按键处理
1390:System/shell/shell.c ****  *
1391:System/shell/shell.c ****  * @param shell shell对象
1392:System/shell/shell.c ****  */
1393:System/shell/shell.c **** void shellTab(Shell *shell)
1394:System/shell/shell.c **** {
 5693              		.loc 1 1394 1
 5694              		.cfi_startproc
 5695              		@ args = 0, pretend = 0, frame = 24
 5696              		@ frame_needed = 1, uses_anonymous_args = 0
 5697 0000 90B5     		push	{r4, r7, lr}
 5698              	.LCFI240:
 5699              		.cfi_def_cfa_offset 12
 5700              		.cfi_offset 4, -12
 5701              		.cfi_offset 7, -8
 5702              		.cfi_offset 14, -4
 5703 0002 87B0     		sub	sp, sp, #28
 5704              	.LCFI241:
 5705              		.cfi_def_cfa_offset 40
 5706 0004 00AF     		add	r7, sp, #0
 5707              	.LCFI242:
 5708              		.cfi_def_cfa_register 7
 5709 0006 7860     		str	r0, [r7, #4]
1395:System/shell/shell.c ****     unsigned short maxMatch = shell->parser.bufferSize;
 5710              		.loc 1 1395 20
 5711 0008 7B68     		ldr	r3, [r7, #4]
 5712 000a 9B8E     		ldrh	r3, [r3, #52]	@ movhi
 5713 000c 7B82     		strh	r3, [r7, #18]	@ movhi
1396:System/shell/shell.c ****     unsigned short lastMatchIndex = 0;
 5714              		.loc 1 1396 20
 5715 000e 0023     		movs	r3, #0
ARM GAS  C:\Users\HUAV\AppData\Local\Temp\ccLd8epe.s 			page 128


 5716 0010 BB82     		strh	r3, [r7, #20]	@ movhi
1397:System/shell/shell.c ****     unsigned short matchNum = 0;
 5717              		.loc 1 1397 20
 5718 0012 0023     		movs	r3, #0
 5719 0014 FB82     		strh	r3, [r7, #22]	@ movhi
1398:System/shell/shell.c ****     unsigned short length;
1399:System/shell/shell.c **** 
1400:System/shell/shell.c ****     if (shell->parser.length == 0)
 5720              		.loc 1 1400 22
 5721 0016 7B68     		ldr	r3, [r7, #4]
 5722 0018 9B89     		ldrh	r3, [r3, #12]
 5723              		.loc 1 1400 8
 5724 001a 002B     		cmp	r3, #0
 5725 001c 07D1     		bne	.L308
1401:System/shell/shell.c ****     {
1402:System/shell/shell.c ****         shellListAll(shell);
 5726              		.loc 1 1402 9
 5727 001e 7868     		ldr	r0, [r7, #4]
 5728 0020 FFF7FEFF 		bl	shellListAll
1403:System/shell/shell.c ****         shellWriteCommandLine(shell, 1);
 5729              		.loc 1 1403 9
 5730 0024 0121     		movs	r1, #1
 5731 0026 7868     		ldr	r0, [r7, #4]
 5732 0028 FFF7FEFF 		bl	shellWriteCommandLine
 5733 002c B6E0     		b	.L307
 5734              	.L308:
1404:System/shell/shell.c ****     }
1405:System/shell/shell.c ****     else if (shell->parser.length > 0)
 5735              		.loc 1 1405 27
 5736 002e 7B68     		ldr	r3, [r7, #4]
 5737 0030 9B89     		ldrh	r3, [r3, #12]
 5738              		.loc 1 1405 13
 5739 0032 002B     		cmp	r3, #0
 5740 0034 00F0B280 		beq	.L307
 5741              	.LBB25:
1406:System/shell/shell.c ****     {
1407:System/shell/shell.c ****         shell->parser.buffer[shell->parser.length] = 0;
 5742              		.loc 1 1407 22
 5743 0038 7B68     		ldr	r3, [r7, #4]
 5744 003a 1B69     		ldr	r3, [r3, #16]
 5745              		.loc 1 1407 43
 5746 003c 7A68     		ldr	r2, [r7, #4]
 5747 003e 9289     		ldrh	r2, [r2, #12]
 5748              		.loc 1 1407 29
 5749 0040 1344     		add	r3, r3, r2
 5750              		.loc 1 1407 52
 5751 0042 0022     		movs	r2, #0
 5752 0044 1A70     		strb	r2, [r3]
1408:System/shell/shell.c ****         ShellCommand *base = (ShellCommand *)shell->commandList.base;
 5753              		.loc 1 1408 23
 5754 0046 7B68     		ldr	r3, [r7, #4]
 5755 0048 9B6D     		ldr	r3, [r3, #88]
 5756 004a FB60     		str	r3, [r7, #12]
 5757              	.LBB26:
1409:System/shell/shell.c ****         for (short i = 0; i < shell->commandList.count; i++)
 5758              		.loc 1 1409 20
 5759 004c 0023     		movs	r3, #0
ARM GAS  C:\Users\HUAV\AppData\Local\Temp\ccLd8epe.s 			page 129


 5760 004e 3B82     		strh	r3, [r7, #16]	@ movhi
 5761              		.loc 1 1409 9
 5762 0050 5AE0     		b	.L310
 5763              	.L314:
1410:System/shell/shell.c ****         {
1411:System/shell/shell.c ****             if (shellCheckPermission(shell, &base[i]) == 0 && shellStringCompare(shell->parser.buff
 5764              		.loc 1 1411 50
 5765 0052 B7F91030 		ldrsh	r3, [r7, #16]
 5766 0056 1B01     		lsls	r3, r3, #4
 5767              		.loc 1 1411 17
 5768 0058 FA68     		ldr	r2, [r7, #12]
 5769 005a 1344     		add	r3, r3, r2
 5770 005c 1946     		mov	r1, r3
 5771 005e 7868     		ldr	r0, [r7, #4]
 5772 0060 FFF7FEFF 		bl	shellCheckPermission
 5773 0064 0346     		mov	r3, r0
 5774              		.loc 1 1411 16
 5775 0066 002B     		cmp	r3, #0
 5776 0068 48D1     		bne	.L311
 5777              		.loc 1 1411 63 discriminator 1
 5778 006a 7B68     		ldr	r3, [r7, #4]
 5779 006c 1C69     		ldr	r4, [r3, #16]
1412:System/shell/shell.c ****                                                                                  (char *)shellGetCo
 5780              		.loc 1 1412 115 discriminator 1
 5781 006e B7F91030 		ldrsh	r3, [r7, #16]
 5782 0072 1B01     		lsls	r3, r3, #4
 5783              		.loc 1 1412 90 discriminator 1
 5784 0074 FA68     		ldr	r2, [r7, #12]
 5785 0076 1344     		add	r3, r3, r2
 5786 0078 1846     		mov	r0, r3
 5787 007a FFF7FEFF 		bl	shellGetCommandName
 5788 007e 0346     		mov	r3, r0
1411:System/shell/shell.c ****                                                                                  (char *)shellGetCo
 5789              		.loc 1 1411 63 discriminator 1
 5790 0080 1946     		mov	r1, r3
 5791 0082 2046     		mov	r0, r4
 5792 0084 FFF7FEFF 		bl	shellStringCompare
 5793 0088 0346     		mov	r3, r0
 5794 008a 1A46     		mov	r2, r3
 5795              		.loc 1 1412 137 discriminator 1
 5796 008c 7B68     		ldr	r3, [r7, #4]
 5797 008e 9B89     		ldrh	r3, [r3, #12]
1411:System/shell/shell.c ****                                                                                  (char *)shellGetCo
 5798              		.loc 1 1411 60 discriminator 1
 5799 0090 9A42     		cmp	r2, r3
 5800 0092 33D1     		bne	.L311
1413:System/shell/shell.c ****             {
1414:System/shell/shell.c ****                 if (matchNum != 0)
 5801              		.loc 1 1414 20
 5802 0094 FB8A     		ldrh	r3, [r7, #22]
 5803 0096 002B     		cmp	r3, #0
 5804 0098 2BD0     		beq	.L312
1415:System/shell/shell.c ****                 {
1416:System/shell/shell.c ****                     if (matchNum == 1)
 5805              		.loc 1 1416 24
 5806 009a FB8A     		ldrh	r3, [r7, #22]
 5807 009c 012B     		cmp	r3, #1
ARM GAS  C:\Users\HUAV\AppData\Local\Temp\ccLd8epe.s 			page 130


 5808 009e 03D1     		bne	.L313
1417:System/shell/shell.c ****                     {
1418:System/shell/shell.c ****                         shellWriteString(shell, "\r\n");
 5809              		.loc 1 1418 25
 5810 00a0 4049     		ldr	r1, .L320
 5811 00a2 7868     		ldr	r0, [r7, #4]
 5812 00a4 FFF7FEFF 		bl	shellWriteString
 5813              	.L313:
1419:System/shell/shell.c ****                     }
1420:System/shell/shell.c ****                     shellListItem(shell, &base[lastMatchIndex]);
 5814              		.loc 1 1420 47
 5815 00a8 BB8A     		ldrh	r3, [r7, #20]
 5816 00aa 1B01     		lsls	r3, r3, #4
 5817              		.loc 1 1420 21
 5818 00ac FA68     		ldr	r2, [r7, #12]
 5819 00ae 1344     		add	r3, r3, r2
 5820 00b0 1946     		mov	r1, r3
 5821 00b2 7868     		ldr	r0, [r7, #4]
 5822 00b4 FFF7FEFF 		bl	shellListItem
1421:System/shell/shell.c ****                     length =
1422:System/shell/shell.c ****                         shellStringCompare((char *)shellGetCommandName(&base[lastMatchIndex]),
 5823              		.loc 1 1422 77
 5824 00b8 BB8A     		ldrh	r3, [r7, #20]
 5825 00ba 1B01     		lsls	r3, r3, #4
 5826              		.loc 1 1422 52
 5827 00bc FA68     		ldr	r2, [r7, #12]
 5828 00be 1344     		add	r3, r3, r2
 5829 00c0 1846     		mov	r0, r3
 5830 00c2 FFF7FEFF 		bl	shellGetCommandName
 5831 00c6 0446     		mov	r4, r0
1423:System/shell/shell.c ****                                            (char *)shellGetCommandName(&base[i]));
 5832              		.loc 1 1423 77
 5833 00c8 B7F91030 		ldrsh	r3, [r7, #16]
 5834 00cc 1B01     		lsls	r3, r3, #4
 5835              		.loc 1 1423 52
 5836 00ce FA68     		ldr	r2, [r7, #12]
 5837 00d0 1344     		add	r3, r3, r2
 5838 00d2 1846     		mov	r0, r3
 5839 00d4 FFF7FEFF 		bl	shellGetCommandName
 5840 00d8 0346     		mov	r3, r0
1422:System/shell/shell.c ****                                            (char *)shellGetCommandName(&base[i]));
 5841              		.loc 1 1422 25
 5842 00da 1946     		mov	r1, r3
 5843 00dc 2046     		mov	r0, r4
 5844 00de FFF7FEFF 		bl	shellStringCompare
 5845 00e2 0346     		mov	r3, r0
 5846 00e4 7B81     		strh	r3, [r7, #10]	@ movhi
1424:System/shell/shell.c ****                     maxMatch = (maxMatch > length) ? length : maxMatch;
 5847              		.loc 1 1424 30
 5848 00e6 7A8A     		ldrh	r2, [r7, #18]
 5849 00e8 7B89     		ldrh	r3, [r7, #10]
 5850 00ea 9342     		cmp	r3, r2
 5851 00ec 28BF     		it	cs
 5852 00ee 1346     		movcs	r3, r2
 5853 00f0 7B82     		strh	r3, [r7, #18]	@ movhi
 5854              	.L312:
1425:System/shell/shell.c ****                 }
ARM GAS  C:\Users\HUAV\AppData\Local\Temp\ccLd8epe.s 			page 131


1426:System/shell/shell.c ****                 lastMatchIndex = i;
 5855              		.loc 1 1426 32
 5856 00f2 3B8A     		ldrh	r3, [r7, #16]	@ movhi
 5857 00f4 BB82     		strh	r3, [r7, #20]	@ movhi
1427:System/shell/shell.c ****                 matchNum++;
 5858              		.loc 1 1427 25
 5859 00f6 FB8A     		ldrh	r3, [r7, #22]
 5860 00f8 0133     		adds	r3, r3, #1
 5861 00fa FB82     		strh	r3, [r7, #22]	@ movhi
 5862              	.L311:
1409:System/shell/shell.c ****         {
 5863              		.loc 1 1409 58 discriminator 2
 5864 00fc B7F91030 		ldrsh	r3, [r7, #16]
 5865 0100 9BB2     		uxth	r3, r3
 5866 0102 0133     		adds	r3, r3, #1
 5867 0104 9BB2     		uxth	r3, r3
 5868 0106 3B82     		strh	r3, [r7, #16]	@ movhi
 5869              	.L310:
1409:System/shell/shell.c ****         {
 5870              		.loc 1 1409 29 discriminator 1
 5871 0108 B7F91030 		ldrsh	r3, [r7, #16]
1409:System/shell/shell.c ****         {
 5872              		.loc 1 1409 49 discriminator 1
 5873 010c 7A68     		ldr	r2, [r7, #4]
 5874 010e B2F85C20 		ldrh	r2, [r2, #92]
1409:System/shell/shell.c ****         {
 5875              		.loc 1 1409 9 discriminator 1
 5876 0112 9342     		cmp	r3, r2
 5877 0114 9DDB     		blt	.L314
 5878              	.LBE26:
1428:System/shell/shell.c ****             }
1429:System/shell/shell.c ****         }
1430:System/shell/shell.c ****         if (matchNum == 0)
 5879              		.loc 1 1430 12
 5880 0116 FB8A     		ldrh	r3, [r7, #22]
 5881 0118 002B     		cmp	r3, #0
 5882 011a 3ED0     		beq	.L319
1431:System/shell/shell.c ****         {
1432:System/shell/shell.c ****             return;
1433:System/shell/shell.c ****         }
1434:System/shell/shell.c ****         if (matchNum == 1)
 5883              		.loc 1 1434 12
 5884 011c FB8A     		ldrh	r3, [r7, #22]
 5885 011e 012B     		cmp	r3, #1
 5886 0120 02D1     		bne	.L316
1435:System/shell/shell.c ****         {
1436:System/shell/shell.c ****             shellClearCommandLine(shell);
 5887              		.loc 1 1436 13
 5888 0122 7868     		ldr	r0, [r7, #4]
 5889 0124 FFF7FEFF 		bl	shellClearCommandLine
 5890              	.L316:
1437:System/shell/shell.c ****         }
1438:System/shell/shell.c ****         if (matchNum != 0)
 5891              		.loc 1 1438 12
 5892 0128 FB8A     		ldrh	r3, [r7, #22]
 5893 012a 002B     		cmp	r3, #0
 5894 012c 11D0     		beq	.L317
ARM GAS  C:\Users\HUAV\AppData\Local\Temp\ccLd8epe.s 			page 132


1439:System/shell/shell.c ****         {
1440:System/shell/shell.c ****             shell->parser.length =
1441:System/shell/shell.c ****                 shellStringCopy(shell->parser.buffer,
 5895              		.loc 1 1441 17
 5896 012e 7B68     		ldr	r3, [r7, #4]
 5897 0130 1C69     		ldr	r4, [r3, #16]
1442:System/shell/shell.c ****                                 (char *)shellGetCommandName(&base[lastMatchIndex]));
 5898              		.loc 1 1442 66
 5899 0132 BB8A     		ldrh	r3, [r7, #20]
 5900 0134 1B01     		lsls	r3, r3, #4
 5901              		.loc 1 1442 41
 5902 0136 FA68     		ldr	r2, [r7, #12]
 5903 0138 1344     		add	r3, r3, r2
 5904 013a 1846     		mov	r0, r3
 5905 013c FFF7FEFF 		bl	shellGetCommandName
 5906 0140 0346     		mov	r3, r0
1441:System/shell/shell.c ****                                 (char *)shellGetCommandName(&base[lastMatchIndex]));
 5907              		.loc 1 1441 17
 5908 0142 1946     		mov	r1, r3
 5909 0144 2046     		mov	r0, r4
 5910 0146 FFF7FEFF 		bl	shellStringCopy
 5911 014a 0346     		mov	r3, r0
 5912 014c 1A46     		mov	r2, r3
1440:System/shell/shell.c ****                 shellStringCopy(shell->parser.buffer,
 5913              		.loc 1 1440 34
 5914 014e 7B68     		ldr	r3, [r7, #4]
 5915 0150 9A81     		strh	r2, [r3, #12]	@ movhi
 5916              	.L317:
1443:System/shell/shell.c ****         }
1444:System/shell/shell.c ****         if (matchNum > 1)
 5917              		.loc 1 1444 12
 5918 0152 FB8A     		ldrh	r3, [r7, #22]
 5919 0154 012B     		cmp	r3, #1
 5920 0156 0ED9     		bls	.L318
1445:System/shell/shell.c ****         {
1446:System/shell/shell.c ****             shellListItem(shell, &base[lastMatchIndex]);
 5921              		.loc 1 1446 39
 5922 0158 BB8A     		ldrh	r3, [r7, #20]
 5923 015a 1B01     		lsls	r3, r3, #4
 5924              		.loc 1 1446 13
 5925 015c FA68     		ldr	r2, [r7, #12]
 5926 015e 1344     		add	r3, r3, r2
 5927 0160 1946     		mov	r1, r3
 5928 0162 7868     		ldr	r0, [r7, #4]
 5929 0164 FFF7FEFF 		bl	shellListItem
1447:System/shell/shell.c ****             shellWriteCommandLine(shell, 1);
 5930              		.loc 1 1447 13
 5931 0168 0121     		movs	r1, #1
 5932 016a 7868     		ldr	r0, [r7, #4]
 5933 016c FFF7FEFF 		bl	shellWriteCommandLine
1448:System/shell/shell.c ****             shell->parser.length = maxMatch;
 5934              		.loc 1 1448 34
 5935 0170 7B68     		ldr	r3, [r7, #4]
 5936 0172 7A8A     		ldrh	r2, [r7, #18]	@ movhi
 5937 0174 9A81     		strh	r2, [r3, #12]	@ movhi
 5938              	.L318:
1449:System/shell/shell.c ****         }
ARM GAS  C:\Users\HUAV\AppData\Local\Temp\ccLd8epe.s 			page 133


1450:System/shell/shell.c ****         shell->parser.buffer[shell->parser.length] = 0;
 5939              		.loc 1 1450 22
 5940 0176 7B68     		ldr	r3, [r7, #4]
 5941 0178 1B69     		ldr	r3, [r3, #16]
 5942              		.loc 1 1450 43
 5943 017a 7A68     		ldr	r2, [r7, #4]
 5944 017c 9289     		ldrh	r2, [r2, #12]
 5945              		.loc 1 1450 29
 5946 017e 1344     		add	r3, r3, r2
 5947              		.loc 1 1450 52
 5948 0180 0022     		movs	r2, #0
 5949 0182 1A70     		strb	r2, [r3]
1451:System/shell/shell.c ****         shell->parser.cursor = shell->parser.length;
 5950              		.loc 1 1451 45
 5951 0184 7B68     		ldr	r3, [r7, #4]
 5952 0186 9A89     		ldrh	r2, [r3, #12]
 5953              		.loc 1 1451 30
 5954 0188 7B68     		ldr	r3, [r7, #4]
 5955 018a DA81     		strh	r2, [r3, #14]	@ movhi
1452:System/shell/shell.c ****         shellWriteString(shell, shell->parser.buffer);
 5956              		.loc 1 1452 46
 5957 018c 7B68     		ldr	r3, [r7, #4]
 5958 018e 1B69     		ldr	r3, [r3, #16]
 5959              		.loc 1 1452 9
 5960 0190 1946     		mov	r1, r3
 5961 0192 7868     		ldr	r0, [r7, #4]
 5962 0194 FFF7FEFF 		bl	shellWriteString
 5963 0198 00E0     		b	.L307
 5964              	.L319:
1432:System/shell/shell.c ****         }
 5965              		.loc 1 1432 13
 5966 019a 00BF     		nop
 5967              	.L307:
 5968              	.LBE25:
1453:System/shell/shell.c ****     }
1454:System/shell/shell.c **** 
1455:System/shell/shell.c ****     if (SHELL_GET_TICK())
1456:System/shell/shell.c ****     {
1457:System/shell/shell.c ****         if (matchNum == 1 && shell->status.tabFlag && SHELL_GET_TICK() - shell->info.activeTime < S
1458:System/shell/shell.c ****         {
1459:System/shell/shell.c ****             shellClearCommandLine(shell);
1460:System/shell/shell.c ****             for (short i = shell->parser.length; i >= 0; i--)
1461:System/shell/shell.c ****             {
1462:System/shell/shell.c ****                 shell->parser.buffer[i + 5] = shell->parser.buffer[i];
1463:System/shell/shell.c ****             }
1464:System/shell/shell.c ****             shellStringCopy(shell->parser.buffer, "help");
1465:System/shell/shell.c ****             shell->parser.buffer[4] = ' ';
1466:System/shell/shell.c ****             shell->parser.length += 5;
1467:System/shell/shell.c ****             shell->parser.cursor = shell->parser.length;
1468:System/shell/shell.c ****             shellWriteString(shell, shell->parser.buffer);
1469:System/shell/shell.c ****         }
1470:System/shell/shell.c ****         else
1471:System/shell/shell.c ****         {
1472:System/shell/shell.c ****             shell->status.tabFlag = 1;
1473:System/shell/shell.c ****         }
1474:System/shell/shell.c ****     }
1475:System/shell/shell.c **** }
ARM GAS  C:\Users\HUAV\AppData\Local\Temp\ccLd8epe.s 			page 134


 5969              		.loc 1 1475 1
 5970 019c 1C37     		adds	r7, r7, #28
 5971              	.LCFI243:
 5972              		.cfi_def_cfa_offset 12
 5973 019e BD46     		mov	sp, r7
 5974              	.LCFI244:
 5975              		.cfi_def_cfa_register 13
 5976              		@ sp needed
 5977 01a0 90BD     		pop	{r4, r7, pc}
 5978              	.L321:
 5979 01a2 00BF     		.align	2
 5980              	.L320:
 5981 01a4 F8010000 		.word	.LC22
 5982              		.cfi_endproc
 5983              	.LFE48:
 5985              		.global	shellDesc0x09000000
 5986              		.section	.rodata.shellDesc0x09000000,"a"
 5987              		.align	2
 5990              	shellDesc0x09000000:
 5991 0000 74616200 		.ascii	"tab\000"
 5992              		.global	shellKey0x09000000
 5993              		.section	shellCommand
 5994              		.align	2
 5997              	shellKey0x09000000:
 5998 0060 00090000 		.word	2304
 5999 0064 00000009 		.word	150994944
 6000 0068 00000000 		.word	shellTab
 6001 006c 00000000 		.word	shellDesc0x09000000
 6002              		.section	.text.shellBackspace,"ax",%progbits
 6003              		.align	1
 6004              		.global	shellBackspace
 6005              		.syntax unified
 6006              		.thumb
 6007              		.thumb_func
 6009              	shellBackspace:
 6010              	.LFB49:
1476:System/shell/shell.c **** SHELL_EXPORT_KEY(SHELL_CMD_PERMISSION(0), 0x09000000, shellTab, tab);
1477:System/shell/shell.c **** 
1478:System/shell/shell.c **** /**
1479:System/shell/shell.c ****  * @brief shell 退格
1480:System/shell/shell.c ****  *
1481:System/shell/shell.c ****  * @param shell shell对象
1482:System/shell/shell.c ****  */
1483:System/shell/shell.c **** void shellBackspace(Shell *shell)
1484:System/shell/shell.c **** {
 6011              		.loc 1 1484 1
 6012              		.cfi_startproc
 6013              		@ args = 0, pretend = 0, frame = 8
 6014              		@ frame_needed = 1, uses_anonymous_args = 0
 6015 0000 80B5     		push	{r7, lr}
 6016              	.LCFI245:
 6017              		.cfi_def_cfa_offset 8
 6018              		.cfi_offset 7, -8
 6019              		.cfi_offset 14, -4
 6020 0002 82B0     		sub	sp, sp, #8
 6021              	.LCFI246:
 6022              		.cfi_def_cfa_offset 16
ARM GAS  C:\Users\HUAV\AppData\Local\Temp\ccLd8epe.s 			page 135


 6023 0004 00AF     		add	r7, sp, #0
 6024              	.LCFI247:
 6025              		.cfi_def_cfa_register 7
 6026 0006 7860     		str	r0, [r7, #4]
1485:System/shell/shell.c ****     shellDeleteByte(shell, 1);
 6027              		.loc 1 1485 5
 6028 0008 0121     		movs	r1, #1
 6029 000a 7868     		ldr	r0, [r7, #4]
 6030 000c FFF7FEFF 		bl	shellDeleteByte
1486:System/shell/shell.c **** }
 6031              		.loc 1 1486 1
 6032 0010 00BF     		nop
 6033 0012 0837     		adds	r7, r7, #8
 6034              	.LCFI248:
 6035              		.cfi_def_cfa_offset 8
 6036 0014 BD46     		mov	sp, r7
 6037              	.LCFI249:
 6038              		.cfi_def_cfa_register 13
 6039              		@ sp needed
 6040 0016 80BD     		pop	{r7, pc}
 6041              		.cfi_endproc
 6042              	.LFE49:
 6044              		.global	shellDesc0x08000000
 6045              		.section	.rodata.shellDesc0x08000000,"a"
 6046              		.align	2
 6049              	shellDesc0x08000000:
 6050 0000 6261636B 		.ascii	"backspace\000"
 6050      73706163 
 6050      6500
 6051              		.global	shellKey0x08000000
 6052              		.section	shellCommand
 6053              		.align	2
 6056              	shellKey0x08000000:
 6057 0070 00190000 		.word	6400
 6058 0074 00000008 		.word	134217728
 6059 0078 00000000 		.word	shellBackspace
 6060 007c 00000000 		.word	shellDesc0x08000000
 6061              		.global	shellDesc0x7F000000
 6062              		.section	.rodata.shellDesc0x7F000000,"a"
 6063              		.align	2
 6066              	shellDesc0x7F000000:
 6067 0000 6261636B 		.ascii	"backspace\000"
 6067      73706163 
 6067      6500
 6068              		.global	shellKey0x7F000000
 6069              		.section	shellCommand
 6070              		.align	2
 6073              	shellKey0x7F000000:
 6074 0080 00190000 		.word	6400
 6075 0084 0000007F 		.word	2130706432
 6076 0088 00000000 		.word	shellBackspace
 6077 008c 00000000 		.word	shellDesc0x7F000000
 6078              		.section	.text.shellDelete,"ax",%progbits
 6079              		.align	1
 6080              		.global	shellDelete
 6081              		.syntax unified
 6082              		.thumb
ARM GAS  C:\Users\HUAV\AppData\Local\Temp\ccLd8epe.s 			page 136


 6083              		.thumb_func
 6085              	shellDelete:
 6086              	.LFB50:
1487:System/shell/shell.c **** SHELL_EXPORT_KEY(SHELL_CMD_PERMISSION(0) | SHELL_CMD_ENABLE_UNCHECKED,
1488:System/shell/shell.c ****                  0x08000000, shellBackspace, backspace);
1489:System/shell/shell.c **** SHELL_EXPORT_KEY(SHELL_CMD_PERMISSION(0) | SHELL_CMD_ENABLE_UNCHECKED,
1490:System/shell/shell.c ****                  0x7F000000, shellBackspace, backspace);
1491:System/shell/shell.c **** 
1492:System/shell/shell.c **** /**
1493:System/shell/shell.c ****  * @brief shell 删除
1494:System/shell/shell.c ****  *
1495:System/shell/shell.c ****  * @param shell shell对象
1496:System/shell/shell.c ****  */
1497:System/shell/shell.c **** void shellDelete(Shell *shell)
1498:System/shell/shell.c **** {
 6087              		.loc 1 1498 1
 6088              		.cfi_startproc
 6089              		@ args = 0, pretend = 0, frame = 8
 6090              		@ frame_needed = 1, uses_anonymous_args = 0
 6091 0000 80B5     		push	{r7, lr}
 6092              	.LCFI250:
 6093              		.cfi_def_cfa_offset 8
 6094              		.cfi_offset 7, -8
 6095              		.cfi_offset 14, -4
 6096 0002 82B0     		sub	sp, sp, #8
 6097              	.LCFI251:
 6098              		.cfi_def_cfa_offset 16
 6099 0004 00AF     		add	r7, sp, #0
 6100              	.LCFI252:
 6101              		.cfi_def_cfa_register 7
 6102 0006 7860     		str	r0, [r7, #4]
1499:System/shell/shell.c ****     shellDeleteByte(shell, -1);
 6103              		.loc 1 1499 5
 6104 0008 4FF0FF31 		mov	r1, #-1
 6105 000c 7868     		ldr	r0, [r7, #4]
 6106 000e FFF7FEFF 		bl	shellDeleteByte
1500:System/shell/shell.c **** }
 6107              		.loc 1 1500 1
 6108 0012 00BF     		nop
 6109 0014 0837     		adds	r7, r7, #8
 6110              	.LCFI253:
 6111              		.cfi_def_cfa_offset 8
 6112 0016 BD46     		mov	sp, r7
 6113              	.LCFI254:
 6114              		.cfi_def_cfa_register 13
 6115              		@ sp needed
 6116 0018 80BD     		pop	{r7, pc}
 6117              		.cfi_endproc
 6118              	.LFE50:
 6120              		.global	shellDesc0x1B5B337E
 6121              		.section	.rodata.shellDesc0x1B5B337E,"a"
 6122              		.align	2
 6125              	shellDesc0x1B5B337E:
 6126 0000 64656C65 		.ascii	"delete\000"
 6126      746500
 6127              		.global	shellKey0x1B5B337E
 6128              		.section	shellCommand
ARM GAS  C:\Users\HUAV\AppData\Local\Temp\ccLd8epe.s 			page 137


 6129              		.align	2
 6132              	shellKey0x1B5B337E:
 6133 0090 00190000 		.word	6400
 6134 0094 7E335B1B 		.word	458961790
 6135 0098 00000000 		.word	shellDelete
 6136 009c 00000000 		.word	shellDesc0x1B5B337E
 6137              		.section	.text.shellEnter,"ax",%progbits
 6138              		.align	1
 6139              		.global	shellEnter
 6140              		.syntax unified
 6141              		.thumb
 6142              		.thumb_func
 6144              	shellEnter:
 6145              	.LFB51:
1501:System/shell/shell.c **** SHELL_EXPORT_KEY(SHELL_CMD_PERMISSION(0) | SHELL_CMD_ENABLE_UNCHECKED,
1502:System/shell/shell.c ****                  0x1B5B337E, shellDelete, delete);
1503:System/shell/shell.c **** 
1504:System/shell/shell.c **** /**
1505:System/shell/shell.c ****  * @brief shell 回车处理
1506:System/shell/shell.c ****  *
1507:System/shell/shell.c ****  * @param shell shell对象
1508:System/shell/shell.c ****  */
1509:System/shell/shell.c **** void shellEnter(Shell *shell)
1510:System/shell/shell.c **** {
 6146              		.loc 1 1510 1
 6147              		.cfi_startproc
 6148              		@ args = 0, pretend = 0, frame = 8
 6149              		@ frame_needed = 1, uses_anonymous_args = 0
 6150 0000 80B5     		push	{r7, lr}
 6151              	.LCFI255:
 6152              		.cfi_def_cfa_offset 8
 6153              		.cfi_offset 7, -8
 6154              		.cfi_offset 14, -4
 6155 0002 82B0     		sub	sp, sp, #8
 6156              	.LCFI256:
 6157              		.cfi_def_cfa_offset 16
 6158 0004 00AF     		add	r7, sp, #0
 6159              	.LCFI257:
 6160              		.cfi_def_cfa_register 7
 6161 0006 7860     		str	r0, [r7, #4]
1511:System/shell/shell.c ****     shellExec(shell);
 6162              		.loc 1 1511 5
 6163 0008 7868     		ldr	r0, [r7, #4]
 6164 000a FFF7FEFF 		bl	shellExec
1512:System/shell/shell.c ****     shellWriteCommandLine(shell, 1);
 6165              		.loc 1 1512 5
 6166 000e 0121     		movs	r1, #1
 6167 0010 7868     		ldr	r0, [r7, #4]
 6168 0012 FFF7FEFF 		bl	shellWriteCommandLine
1513:System/shell/shell.c **** }
 6169              		.loc 1 1513 1
 6170 0016 00BF     		nop
 6171 0018 0837     		adds	r7, r7, #8
 6172              	.LCFI258:
 6173              		.cfi_def_cfa_offset 8
 6174 001a BD46     		mov	sp, r7
 6175              	.LCFI259:
ARM GAS  C:\Users\HUAV\AppData\Local\Temp\ccLd8epe.s 			page 138


 6176              		.cfi_def_cfa_register 13
 6177              		@ sp needed
 6178 001c 80BD     		pop	{r7, pc}
 6179              		.cfi_endproc
 6180              	.LFE51:
 6182              		.global	shellDesc0x0A000000
 6183              		.section	.rodata.shellDesc0x0A000000,"a"
 6184              		.align	2
 6187              	shellDesc0x0A000000:
 6188 0000 656E7465 		.ascii	"enter\000"
 6188      7200
 6189              		.global	shellKey0x0A000000
 6190              		.section	shellCommand
 6191              		.align	2
 6194              	shellKey0x0A000000:
 6195 00a0 00190000 		.word	6400
 6196 00a4 0000000A 		.word	167772160
 6197 00a8 00000000 		.word	shellEnter
 6198 00ac 00000000 		.word	shellDesc0x0A000000
 6199              		.global	shellDesc0x0D000000
 6200              		.section	.rodata.shellDesc0x0D000000,"a"
 6201              		.align	2
 6204              	shellDesc0x0D000000:
 6205 0000 656E7465 		.ascii	"enter\000"
 6205      7200
 6206              		.global	shellKey0x0D000000
 6207              		.section	shellCommand
 6208              		.align	2
 6211              	shellKey0x0D000000:
 6212 00b0 00190000 		.word	6400
 6213 00b4 0000000D 		.word	218103808
 6214 00b8 00000000 		.word	shellEnter
 6215 00bc 00000000 		.word	shellDesc0x0D000000
 6216              		.section	.text.shellHelp,"ax",%progbits
 6217              		.align	1
 6218              		.global	shellHelp
 6219              		.syntax unified
 6220              		.thumb
 6221              		.thumb_func
 6223              	shellHelp:
 6224              	.LFB52:
1514:System/shell/shell.c **** #if SHELL_ENTER_LF == 1
1515:System/shell/shell.c **** SHELL_EXPORT_KEY(SHELL_CMD_PERMISSION(0) | SHELL_CMD_ENABLE_UNCHECKED,
1516:System/shell/shell.c ****                  0x0A000000, shellEnter, enter);
1517:System/shell/shell.c **** #endif
1518:System/shell/shell.c **** #if SHELL_ENTER_CR == 1
1519:System/shell/shell.c **** SHELL_EXPORT_KEY(SHELL_CMD_PERMISSION(0) | SHELL_CMD_ENABLE_UNCHECKED,
1520:System/shell/shell.c ****                  0x0D000000, shellEnter, enter);
1521:System/shell/shell.c **** #endif
1522:System/shell/shell.c **** #if SHELL_ENTER_CRLF == 1
1523:System/shell/shell.c **** SHELL_EXPORT_KEY(SHELL_CMD_PERMISSION(0) | SHELL_CMD_ENABLE_UNCHECKED,
1524:System/shell/shell.c ****                  0x0D0A0000, shellEnter, enter);
1525:System/shell/shell.c **** #endif
1526:System/shell/shell.c **** 
1527:System/shell/shell.c **** /**
1528:System/shell/shell.c ****  * @brief shell help
1529:System/shell/shell.c ****  *
ARM GAS  C:\Users\HUAV\AppData\Local\Temp\ccLd8epe.s 			page 139


1530:System/shell/shell.c ****  * @param argc 参数个数
1531:System/shell/shell.c ****  * @param argv 参数
1532:System/shell/shell.c ****  */
1533:System/shell/shell.c **** void shellHelp(int argc, char *argv[])
1534:System/shell/shell.c **** {
 6225              		.loc 1 1534 1
 6226              		.cfi_startproc
 6227              		@ args = 0, pretend = 0, frame = 16
 6228              		@ frame_needed = 1, uses_anonymous_args = 0
 6229 0000 80B5     		push	{r7, lr}
 6230              	.LCFI260:
 6231              		.cfi_def_cfa_offset 8
 6232              		.cfi_offset 7, -8
 6233              		.cfi_offset 14, -4
 6234 0002 84B0     		sub	sp, sp, #16
 6235              	.LCFI261:
 6236              		.cfi_def_cfa_offset 24
 6237 0004 00AF     		add	r7, sp, #0
 6238              	.LCFI262:
 6239              		.cfi_def_cfa_register 7
 6240 0006 7860     		str	r0, [r7, #4]
 6241 0008 3960     		str	r1, [r7]
1535:System/shell/shell.c ****     Shell *shell = shellGetCurrent();
 6242              		.loc 1 1535 20
 6243 000a FFF7FEFF 		bl	shellGetCurrent
 6244 000e F860     		str	r0, [r7, #12]
1536:System/shell/shell.c ****     SHELL_ASSERT(shell, return );
 6245              		.loc 1 1536 5
 6246 0010 FB68     		ldr	r3, [r7, #12]
 6247 0012 002B     		cmp	r3, #0
 6248 0014 3CD0     		beq	.L330
1537:System/shell/shell.c ****     if (argc == 1)
 6249              		.loc 1 1537 8
 6250 0016 7B68     		ldr	r3, [r7, #4]
 6251 0018 012B     		cmp	r3, #1
 6252 001a 03D1     		bne	.L328
1538:System/shell/shell.c ****     {
1539:System/shell/shell.c ****         shellListAll(shell);
 6253              		.loc 1 1539 9
 6254 001c F868     		ldr	r0, [r7, #12]
 6255 001e FFF7FEFF 		bl	shellListAll
 6256 0022 36E0     		b	.L325
 6257              	.L328:
1540:System/shell/shell.c ****     }
1541:System/shell/shell.c ****     else if (argc > 1)
 6258              		.loc 1 1541 13
 6259 0024 7B68     		ldr	r3, [r7, #4]
 6260 0026 012B     		cmp	r3, #1
 6261 0028 33DD     		ble	.L325
 6262              	.LBB27:
1542:System/shell/shell.c ****     {
1543:System/shell/shell.c ****         ShellCommand *command = shellSeekCommand(shell,
1544:System/shell/shell.c ****                                                  argv[1],
 6263              		.loc 1 1544 54
 6264 002a 3B68     		ldr	r3, [r7]
 6265 002c 0433     		adds	r3, r3, #4
1543:System/shell/shell.c ****                                                  argv[1],
ARM GAS  C:\Users\HUAV\AppData\Local\Temp\ccLd8epe.s 			page 140


 6266              		.loc 1 1543 33
 6267 002e 1968     		ldr	r1, [r3]
1545:System/shell/shell.c ****                                                  shell->commandList.base,
 6268              		.loc 1 1545 68
 6269 0030 FB68     		ldr	r3, [r7, #12]
 6270 0032 9A6D     		ldr	r2, [r3, #88]
1543:System/shell/shell.c ****                                                  argv[1],
 6271              		.loc 1 1543 33
 6272 0034 0023     		movs	r3, #0
 6273 0036 F868     		ldr	r0, [r7, #12]
 6274 0038 FFF7FEFF 		bl	shellSeekCommand
 6275 003c B860     		str	r0, [r7, #8]
1546:System/shell/shell.c ****                                                  0);
1547:System/shell/shell.c ****         if (command)
 6276              		.loc 1 1547 12
 6277 003e BB68     		ldr	r3, [r7, #8]
 6278 0040 002B     		cmp	r3, #0
 6279 0042 1ED0     		beq	.L329
1548:System/shell/shell.c ****         {
1549:System/shell/shell.c ****             shellWriteString(shell, shellText[SHELL_TEXT_HELP_HEADER]);
 6280              		.loc 1 1549 13
 6281 0044 144B     		ldr	r3, .L331
 6282 0046 DB6A     		ldr	r3, [r3, #44]
 6283 0048 1946     		mov	r1, r3
 6284 004a F868     		ldr	r0, [r7, #12]
 6285 004c FFF7FEFF 		bl	shellWriteString
1550:System/shell/shell.c ****             shellWriteString(shell, shellGetCommandName(command));
 6286              		.loc 1 1550 13
 6287 0050 B868     		ldr	r0, [r7, #8]
 6288 0052 FFF7FEFF 		bl	shellGetCommandName
 6289 0056 0346     		mov	r3, r0
 6290 0058 1946     		mov	r1, r3
 6291 005a F868     		ldr	r0, [r7, #12]
 6292 005c FFF7FEFF 		bl	shellWriteString
1551:System/shell/shell.c ****             shellWriteString(shell, "\r\n");
 6293              		.loc 1 1551 13
 6294 0060 0E49     		ldr	r1, .L331+4
 6295 0062 F868     		ldr	r0, [r7, #12]
 6296 0064 FFF7FEFF 		bl	shellWriteString
1552:System/shell/shell.c ****             shellWriteString(shell, shellGetCommandDesc(command));
 6297              		.loc 1 1552 13
 6298 0068 B868     		ldr	r0, [r7, #8]
 6299 006a FFF7FEFF 		bl	shellGetCommandDesc
 6300 006e 0346     		mov	r3, r0
 6301 0070 1946     		mov	r1, r3
 6302 0072 F868     		ldr	r0, [r7, #12]
 6303 0074 FFF7FEFF 		bl	shellWriteString
1553:System/shell/shell.c ****             shellWriteString(shell, "\r\n");
 6304              		.loc 1 1553 13
 6305 0078 0849     		ldr	r1, .L331+4
 6306 007a F868     		ldr	r0, [r7, #12]
 6307 007c FFF7FEFF 		bl	shellWriteString
 6308 0080 07E0     		b	.L325
 6309              	.L329:
1554:System/shell/shell.c ****         }
1555:System/shell/shell.c ****         else
1556:System/shell/shell.c ****         {
ARM GAS  C:\Users\HUAV\AppData\Local\Temp\ccLd8epe.s 			page 141


1557:System/shell/shell.c ****             shellWriteString(shell, shellText[SHELL_TEXT_CMD_NOT_FOUND]);
 6310              		.loc 1 1557 13
 6311 0082 054B     		ldr	r3, .L331
 6312 0084 9B69     		ldr	r3, [r3, #24]
 6313 0086 1946     		mov	r1, r3
 6314 0088 F868     		ldr	r0, [r7, #12]
 6315 008a FFF7FEFF 		bl	shellWriteString
 6316 008e 00E0     		b	.L325
 6317              	.L330:
 6318              	.LBE27:
1536:System/shell/shell.c ****     if (argc == 1)
 6319              		.loc 1 1536 5
 6320 0090 00BF     		nop
 6321              	.L325:
1558:System/shell/shell.c ****         }
1559:System/shell/shell.c ****     }
1560:System/shell/shell.c **** }
 6322              		.loc 1 1560 1
 6323 0092 1037     		adds	r7, r7, #16
 6324              	.LCFI263:
 6325              		.cfi_def_cfa_offset 8
 6326 0094 BD46     		mov	sp, r7
 6327              	.LCFI264:
 6328              		.cfi_def_cfa_register 13
 6329              		@ sp needed
 6330 0096 80BD     		pop	{r7, pc}
 6331              	.L332:
 6332              		.align	2
 6333              	.L331:
 6334 0098 00000000 		.word	shellText
 6335 009c F8010000 		.word	.LC22
 6336              		.cfi_endproc
 6337              	.LFE52:
 6339              		.global	shellCmdhelp
 6340              		.section	.rodata.shellCmdhelp,"a"
 6341              		.align	2
 6344              	shellCmdhelp:
 6345 0000 68656C70 		.ascii	"help\000"
 6345      00
 6346              		.global	shellDeschelp
 6347              		.section	.rodata.shellDeschelp,"a"
 6348              		.align	2
 6351              	shellDeschelp:
 6352 0000 73686F77 		.ascii	"show command info\015\012help[cmd]\000"
 6352      20636F6D 
 6352      6D616E64 
 6352      20696E66 
 6352      6F0D0A68 
 6353              		.global	shellCommandhelp
 6354              		.section	shellCommand
 6355              		.align	2
 6358              	shellCommandhelp:
 6359 00c0 00200000 		.word	8192
 6360 00c4 00000000 		.word	shellCmdhelp
 6361 00c8 00000000 		.word	shellHelp
 6362 00cc 00000000 		.word	shellDeschelp
 6363              		.section	.text.shellHandler,"ax",%progbits
ARM GAS  C:\Users\HUAV\AppData\Local\Temp\ccLd8epe.s 			page 142


 6364              		.align	1
 6365              		.global	shellHandler
 6366              		.syntax unified
 6367              		.thumb
 6368              		.thumb_func
 6370              	shellHandler:
 6371              	.LFB53:
1561:System/shell/shell.c **** SHELL_EXPORT_CMD(
1562:System/shell/shell.c ****     SHELL_CMD_PERMISSION(0) | SHELL_CMD_TYPE(SHELL_TYPE_CMD_MAIN) | SHELL_CMD_DISABLE_RETURN,
1563:System/shell/shell.c ****     help, shellHelp, show command info\r\nhelp[cmd]);
1564:System/shell/shell.c **** 
1565:System/shell/shell.c **** /**
1566:System/shell/shell.c ****  * @brief shell 输入处理
1567:System/shell/shell.c ****  *
1568:System/shell/shell.c ****  * @param shell shell对象
1569:System/shell/shell.c ****  * @param data 输入数据
1570:System/shell/shell.c ****  */
1571:System/shell/shell.c **** void shellHandler(Shell *shell, char data)
1572:System/shell/shell.c **** {
 6372              		.loc 1 1572 1
 6373              		.cfi_startproc
 6374              		@ args = 0, pretend = 0, frame = 24
 6375              		@ frame_needed = 1, uses_anonymous_args = 0
 6376 0000 80B5     		push	{r7, lr}
 6377              	.LCFI265:
 6378              		.cfi_def_cfa_offset 8
 6379              		.cfi_offset 7, -8
 6380              		.cfi_offset 14, -4
 6381 0002 86B0     		sub	sp, sp, #24
 6382              	.LCFI266:
 6383              		.cfi_def_cfa_offset 32
 6384 0004 00AF     		add	r7, sp, #0
 6385              	.LCFI267:
 6386              		.cfi_def_cfa_register 7
 6387 0006 7860     		str	r0, [r7, #4]
 6388 0008 0B46     		mov	r3, r1
 6389 000a FB70     		strb	r3, [r7, #3]
1573:System/shell/shell.c ****     SHELL_ASSERT(data, return );
 6390              		.loc 1 1573 5
 6391 000c FB78     		ldrb	r3, [r7, #3]	@ zero_extendqisi2
 6392 000e 002B     		cmp	r3, #0
 6393 0010 00F0A980 		beq	.L345
1574:System/shell/shell.c **** 
1575:System/shell/shell.c **** #if SHELL_LOCK_TIMEOUT > 0
1576:System/shell/shell.c ****     if (shell->info.user->data.user.password && strlen(shell->info.user->data.user.password) != 0 &
1577:System/shell/shell.c ****     {
1578:System/shell/shell.c ****         if (SHELL_GET_TICK() - shell->info.activeTime > SHELL_LOCK_TIMEOUT)
1579:System/shell/shell.c ****         {
1580:System/shell/shell.c ****             shell->status.isChecked = 0;
1581:System/shell/shell.c ****         }
1582:System/shell/shell.c ****     }
1583:System/shell/shell.c **** #endif
1584:System/shell/shell.c **** 
1585:System/shell/shell.c ****     /* 根据记录的按键键值计算当前字节在按键键值中的偏移 */
1586:System/shell/shell.c ****     char keyByteOffset = 24;
 6394              		.loc 1 1586 10
 6395 0014 1823     		movs	r3, #24
ARM GAS  C:\Users\HUAV\AppData\Local\Temp\ccLd8epe.s 			page 143


 6396 0016 FB75     		strb	r3, [r7, #23]
1587:System/shell/shell.c ****     int keyFilter = 0x00000000;
 6397              		.loc 1 1587 9
 6398 0018 0023     		movs	r3, #0
 6399 001a 3B61     		str	r3, [r7, #16]
1588:System/shell/shell.c ****     if ((shell->parser.keyValue & 0x0000FF00) != 0x00000000)
 6400              		.loc 1 1588 23
 6401 001c 7B68     		ldr	r3, [r7, #4]
 6402 001e 9B6B     		ldr	r3, [r3, #56]
 6403              		.loc 1 1588 33
 6404 0020 03F47F43 		and	r3, r3, #65280
 6405              		.loc 1 1588 8
 6406 0024 002B     		cmp	r3, #0
 6407 0026 05D0     		beq	.L336
1589:System/shell/shell.c ****     {
1590:System/shell/shell.c ****         keyByteOffset = 0;
 6408              		.loc 1 1590 23
 6409 0028 0023     		movs	r3, #0
 6410 002a FB75     		strb	r3, [r7, #23]
1591:System/shell/shell.c ****         keyFilter = 0xFFFFFF00;
 6411              		.loc 1 1591 19
 6412 002c 6FF0FF03 		mvn	r3, #255
 6413 0030 3B61     		str	r3, [r7, #16]
 6414 0032 15E0     		b	.L337
 6415              	.L336:
1592:System/shell/shell.c ****     }
1593:System/shell/shell.c ****     else if ((shell->parser.keyValue & 0x00FF0000) != 0x00000000)
 6416              		.loc 1 1593 28
 6417 0034 7B68     		ldr	r3, [r7, #4]
 6418 0036 9B6B     		ldr	r3, [r3, #56]
 6419              		.loc 1 1593 38
 6420 0038 03F47F03 		and	r3, r3, #16711680
 6421              		.loc 1 1593 13
 6422 003c 002B     		cmp	r3, #0
 6423 003e 04D0     		beq	.L338
1594:System/shell/shell.c ****     {
1595:System/shell/shell.c ****         keyByteOffset = 8;
 6424              		.loc 1 1595 23
 6425 0040 0823     		movs	r3, #8
 6426 0042 FB75     		strb	r3, [r7, #23]
1596:System/shell/shell.c ****         keyFilter = 0xFFFF0000;
 6427              		.loc 1 1596 19
 6428 0044 4A4B     		ldr	r3, .L346
 6429 0046 3B61     		str	r3, [r7, #16]
 6430 0048 0AE0     		b	.L337
 6431              	.L338:
1597:System/shell/shell.c ****     }
1598:System/shell/shell.c ****     else if ((shell->parser.keyValue & 0xFF000000) != 0x00000000)
 6432              		.loc 1 1598 28
 6433 004a 7B68     		ldr	r3, [r7, #4]
 6434 004c 9B6B     		ldr	r3, [r3, #56]
 6435              		.loc 1 1598 38
 6436 004e 03F07F43 		and	r3, r3, #-16777216
 6437              		.loc 1 1598 13
 6438 0052 002B     		cmp	r3, #0
 6439 0054 04D0     		beq	.L337
1599:System/shell/shell.c ****     {
ARM GAS  C:\Users\HUAV\AppData\Local\Temp\ccLd8epe.s 			page 144


1600:System/shell/shell.c ****         keyByteOffset = 16;
 6440              		.loc 1 1600 23
 6441 0056 1023     		movs	r3, #16
 6442 0058 FB75     		strb	r3, [r7, #23]
1601:System/shell/shell.c ****         keyFilter = 0xFF000000;
 6443              		.loc 1 1601 19
 6444 005a 4FF07F43 		mov	r3, #-16777216
 6445 005e 3B61     		str	r3, [r7, #16]
 6446              	.L337:
1602:System/shell/shell.c ****     }
1603:System/shell/shell.c **** 
1604:System/shell/shell.c ****     /* 遍历ShellCommand列表，尝试进行按键键值匹配 */
1605:System/shell/shell.c ****     ShellCommand *base = (ShellCommand *)shell->commandList.base;
 6447              		.loc 1 1605 19
 6448 0060 7B68     		ldr	r3, [r7, #4]
 6449 0062 9B6D     		ldr	r3, [r3, #88]
 6450 0064 BB60     		str	r3, [r7, #8]
 6451              	.LBB28:
1606:System/shell/shell.c ****     for (short i = 0; i < shell->commandList.count; i++)
 6452              		.loc 1 1606 16
 6453 0066 0023     		movs	r3, #0
 6454 0068 FB81     		strh	r3, [r7, #14]	@ movhi
 6455              		.loc 1 1606 5
 6456 006a 69E0     		b	.L339
 6457              	.L344:
1607:System/shell/shell.c ****     {
1608:System/shell/shell.c ****         /* 判断是否是按键定义并验证权限 */
1609:System/shell/shell.c ****         if (base[i].attr.attrs.type == SHELL_TYPE_KEY && shellCheckPermission(shell, &(base[i])) ==
 6458              		.loc 1 1609 17
 6459 006c B7F90E30 		ldrsh	r3, [r7, #14]
 6460 0070 1B01     		lsls	r3, r3, #4
 6461 0072 BA68     		ldr	r2, [r7, #8]
 6462 0074 1344     		add	r3, r3, r2
 6463              		.loc 1 1609 37
 6464 0076 5B78     		ldrb	r3, [r3, #1]	@ zero_extendqisi2
 6465 0078 03F00F03 		and	r3, r3, #15
 6466 007c DBB2     		uxtb	r3, r3
 6467              		.loc 1 1609 12
 6468 007e 092B     		cmp	r3, #9
 6469 0080 58D1     		bne	.L340
 6470              		.loc 1 1609 92 discriminator 1
 6471 0082 B7F90E30 		ldrsh	r3, [r7, #14]
 6472 0086 1B01     		lsls	r3, r3, #4
 6473              		.loc 1 1609 58 discriminator 1
 6474 0088 BA68     		ldr	r2, [r7, #8]
 6475 008a 1344     		add	r3, r3, r2
 6476 008c 1946     		mov	r1, r3
 6477 008e 7868     		ldr	r0, [r7, #4]
 6478 0090 FFF7FEFF 		bl	shellCheckPermission
 6479 0094 0346     		mov	r3, r0
 6480              		.loc 1 1609 55 discriminator 1
 6481 0096 002B     		cmp	r3, #0
 6482 0098 4CD1     		bne	.L340
1610:System/shell/shell.c ****         {
1611:System/shell/shell.c ****             /* 对输入的字节同按键键值进行匹配 */
1612:System/shell/shell.c ****             if ((base[i].data.key.value & keyFilter) == shell->parser.keyValue && (base[i].data.key
 6483              		.loc 1 1612 22
ARM GAS  C:\Users\HUAV\AppData\Local\Temp\ccLd8epe.s 			page 145


 6484 009a B7F90E30 		ldrsh	r3, [r7, #14]
 6485 009e 1B01     		lsls	r3, r3, #4
 6486 00a0 BA68     		ldr	r2, [r7, #8]
 6487 00a2 1344     		add	r3, r3, r2
 6488              		.loc 1 1612 34
 6489 00a4 5A68     		ldr	r2, [r3, #4]
 6490              		.loc 1 1612 41
 6491 00a6 3B69     		ldr	r3, [r7, #16]
 6492 00a8 1A40     		ands	r2, r2, r3
 6493              		.loc 1 1612 70
 6494 00aa 7B68     		ldr	r3, [r7, #4]
 6495 00ac 9B6B     		ldr	r3, [r3, #56]
 6496              		.loc 1 1612 16
 6497 00ae 9A42     		cmp	r2, r3
 6498 00b0 40D1     		bne	.L340
 6499              		.loc 1 1612 88 discriminator 1
 6500 00b2 B7F90E30 		ldrsh	r3, [r7, #14]
 6501 00b6 1B01     		lsls	r3, r3, #4
 6502 00b8 BA68     		ldr	r2, [r7, #8]
 6503 00ba 1344     		add	r3, r3, r2
 6504              		.loc 1 1612 100 discriminator 1
 6505 00bc 5A68     		ldr	r2, [r3, #4]
 6506              		.loc 1 1612 115 discriminator 1
 6507 00be FB7D     		ldrb	r3, [r7, #23]	@ zero_extendqisi2
 6508 00c0 FF21     		movs	r1, #255
 6509 00c2 01FA03F3 		lsl	r3, r1, r3
 6510              		.loc 1 1612 107 discriminator 1
 6511 00c6 1A40     		ands	r2, r2, r3
 6512              		.loc 1 1612 143 discriminator 1
 6513 00c8 F978     		ldrb	r1, [r7, #3]	@ zero_extendqisi2
 6514 00ca FB7D     		ldrb	r3, [r7, #23]	@ zero_extendqisi2
 6515 00cc 01FA03F3 		lsl	r3, r1, r3
 6516              		.loc 1 1612 80 discriminator 1
 6517 00d0 9A42     		cmp	r2, r3
 6518 00d2 2FD1     		bne	.L340
1613:System/shell/shell.c ****             {
1614:System/shell/shell.c ****                 shell->parser.keyValue |= data << keyByteOffset;
 6519              		.loc 1 1614 40
 6520 00d4 7B68     		ldr	r3, [r7, #4]
 6521 00d6 9A6B     		ldr	r2, [r3, #56]
 6522              		.loc 1 1614 48
 6523 00d8 F978     		ldrb	r1, [r7, #3]	@ zero_extendqisi2
 6524 00da FB7D     		ldrb	r3, [r7, #23]	@ zero_extendqisi2
 6525 00dc 01FA03F3 		lsl	r3, r1, r3
 6526              		.loc 1 1614 40
 6527 00e0 1A43     		orrs	r2, r2, r3
 6528 00e2 7B68     		ldr	r3, [r7, #4]
 6529 00e4 9A63     		str	r2, [r3, #56]
1615:System/shell/shell.c ****                 data = 0x00;
 6530              		.loc 1 1615 22
 6531 00e6 0023     		movs	r3, #0
 6532 00e8 FB70     		strb	r3, [r7, #3]
1616:System/shell/shell.c ****                 if (keyByteOffset == 0 || (base[i].data.key.value & (0xFF << (keyByteOffset - 8))) 
 6533              		.loc 1 1616 20
 6534 00ea FB7D     		ldrb	r3, [r7, #23]	@ zero_extendqisi2
 6535 00ec 002B     		cmp	r3, #0
 6536 00ee 0DD0     		beq	.L341
ARM GAS  C:\Users\HUAV\AppData\Local\Temp\ccLd8epe.s 			page 146


 6537              		.loc 1 1616 48 discriminator 1
 6538 00f0 B7F90E30 		ldrsh	r3, [r7, #14]
 6539 00f4 1B01     		lsls	r3, r3, #4
 6540 00f6 BA68     		ldr	r2, [r7, #8]
 6541 00f8 1344     		add	r3, r3, r2
 6542              		.loc 1 1616 60 discriminator 1
 6543 00fa 5A68     		ldr	r2, [r3, #4]
 6544              		.loc 1 1616 93 discriminator 1
 6545 00fc FB7D     		ldrb	r3, [r7, #23]	@ zero_extendqisi2
 6546 00fe 083B     		subs	r3, r3, #8
 6547              		.loc 1 1616 75 discriminator 1
 6548 0100 FF21     		movs	r1, #255
 6549 0102 01FA03F3 		lsl	r3, r1, r3
 6550              		.loc 1 1616 67 discriminator 1
 6551 0106 1340     		ands	r3, r3, r2
 6552              		.loc 1 1616 40 discriminator 1
 6553 0108 002B     		cmp	r3, #0
 6554 010a 13D1     		bne	.L340
 6555              	.L341:
1617:System/shell/shell.c ****                 {
1618:System/shell/shell.c ****                     if (base[i].data.key.function)
 6556              		.loc 1 1618 29
 6557 010c B7F90E30 		ldrsh	r3, [r7, #14]
 6558 0110 1B01     		lsls	r3, r3, #4
 6559 0112 BA68     		ldr	r2, [r7, #8]
 6560 0114 1344     		add	r3, r3, r2
 6561              		.loc 1 1618 41
 6562 0116 9B68     		ldr	r3, [r3, #8]
 6563              		.loc 1 1618 24
 6564 0118 002B     		cmp	r3, #0
 6565 011a 07D0     		beq	.L342
1619:System/shell/shell.c ****                     {
1620:System/shell/shell.c ****                         base[i].data.key.function(shell);
 6566              		.loc 1 1620 29
 6567 011c B7F90E30 		ldrsh	r3, [r7, #14]
 6568 0120 1B01     		lsls	r3, r3, #4
 6569 0122 BA68     		ldr	r2, [r7, #8]
 6570 0124 1344     		add	r3, r3, r2
 6571              		.loc 1 1620 41
 6572 0126 9B68     		ldr	r3, [r3, #8]
 6573              		.loc 1 1620 25
 6574 0128 7868     		ldr	r0, [r7, #4]
 6575 012a 9847     		blx	r3
 6576              	.LVL12:
 6577              	.L342:
1621:System/shell/shell.c ****                     }
1622:System/shell/shell.c ****                     shell->parser.keyValue = 0x00000000;
 6578              		.loc 1 1622 44
 6579 012c 7B68     		ldr	r3, [r7, #4]
 6580 012e 0022     		movs	r2, #0
 6581 0130 9A63     		str	r2, [r3, #56]
1623:System/shell/shell.c ****                     break;
 6582              		.loc 1 1623 21
 6583 0132 0CE0     		b	.L343
 6584              	.L340:
1606:System/shell/shell.c ****     {
 6585              		.loc 1 1606 54 discriminator 2
ARM GAS  C:\Users\HUAV\AppData\Local\Temp\ccLd8epe.s 			page 147


 6586 0134 B7F90E30 		ldrsh	r3, [r7, #14]
 6587 0138 9BB2     		uxth	r3, r3
 6588 013a 0133     		adds	r3, r3, #1
 6589 013c 9BB2     		uxth	r3, r3
 6590 013e FB81     		strh	r3, [r7, #14]	@ movhi
 6591              	.L339:
1606:System/shell/shell.c ****     {
 6592              		.loc 1 1606 25 discriminator 1
 6593 0140 B7F90E30 		ldrsh	r3, [r7, #14]
1606:System/shell/shell.c ****     {
 6594              		.loc 1 1606 45 discriminator 1
 6595 0144 7A68     		ldr	r2, [r7, #4]
 6596 0146 B2F85C20 		ldrh	r2, [r2, #92]
1606:System/shell/shell.c ****     {
 6597              		.loc 1 1606 5 discriminator 1
 6598 014a 9342     		cmp	r3, r2
 6599 014c 8EDB     		blt	.L344
 6600              	.L343:
 6601              	.LBE28:
1624:System/shell/shell.c ****                 }
1625:System/shell/shell.c ****             }
1626:System/shell/shell.c ****         }
1627:System/shell/shell.c ****     }
1628:System/shell/shell.c **** 
1629:System/shell/shell.c ****     if (data != 0x00)
 6602              		.loc 1 1629 8
 6603 014e FB78     		ldrb	r3, [r7, #3]	@ zero_extendqisi2
 6604 0150 002B     		cmp	r3, #0
 6605 0152 09D0     		beq	.L333
1630:System/shell/shell.c ****     {
1631:System/shell/shell.c ****         shell->parser.keyValue = 0x00000000;
 6606              		.loc 1 1631 32
 6607 0154 7B68     		ldr	r3, [r7, #4]
 6608 0156 0022     		movs	r2, #0
 6609 0158 9A63     		str	r2, [r3, #56]
1632:System/shell/shell.c ****         shellNormalInput(shell, data);
 6610              		.loc 1 1632 9
 6611 015a FB78     		ldrb	r3, [r7, #3]	@ zero_extendqisi2
 6612 015c 1946     		mov	r1, r3
 6613 015e 7868     		ldr	r0, [r7, #4]
 6614 0160 FFF7FEFF 		bl	shellNormalInput
 6615 0164 00E0     		b	.L333
 6616              	.L345:
1573:System/shell/shell.c **** 
 6617              		.loc 1 1573 5
 6618 0166 00BF     		nop
 6619              	.L333:
1633:System/shell/shell.c ****     }
1634:System/shell/shell.c **** 
1635:System/shell/shell.c ****     if (SHELL_GET_TICK())
1636:System/shell/shell.c ****     {
1637:System/shell/shell.c ****         shell->info.activeTime = SHELL_GET_TICK();
1638:System/shell/shell.c ****     }
1639:System/shell/shell.c **** }
 6620              		.loc 1 1639 1
 6621 0168 1837     		adds	r7, r7, #24
 6622              	.LCFI268:
ARM GAS  C:\Users\HUAV\AppData\Local\Temp\ccLd8epe.s 			page 148


 6623              		.cfi_def_cfa_offset 8
 6624 016a BD46     		mov	sp, r7
 6625              	.LCFI269:
 6626              		.cfi_def_cfa_register 13
 6627              		@ sp needed
 6628 016c 80BD     		pop	{r7, pc}
 6629              	.L347:
 6630 016e 00BF     		.align	2
 6631              	.L346:
 6632 0170 0000FFFF 		.word	-65536
 6633              		.cfi_endproc
 6634              	.LFE53:
 6636              		.section	.text.shellTask,"ax",%progbits
 6637              		.align	1
 6638              		.global	shellTask
 6639              		.syntax unified
 6640              		.thumb
 6641              		.thumb_func
 6643              	shellTask:
 6644              	.LFB54:
1640:System/shell/shell.c **** 
1641:System/shell/shell.c **** #if SHELL_SUPPORT_END_LINE == 1
1642:System/shell/shell.c **** void shellWriteEndLine(Shell *shell, char *buffer, int len)
1643:System/shell/shell.c **** {
1644:System/shell/shell.c ****     if (!shell->status.isActive)
1645:System/shell/shell.c ****     {
1646:System/shell/shell.c ****         shellWriteString(shell, shellText[SHELL_TEXT_CLEAR_LINE]);
1647:System/shell/shell.c ****     }
1648:System/shell/shell.c ****     while (len--)
1649:System/shell/shell.c ****     {
1650:System/shell/shell.c ****         shell->write(*buffer++);
1651:System/shell/shell.c ****     }
1652:System/shell/shell.c ****     if (!shell->status.isActive)
1653:System/shell/shell.c ****     {
1654:System/shell/shell.c ****         shellWriteCommandLine(shell, 0);
1655:System/shell/shell.c ****         if (shell->parser.length > 0)
1656:System/shell/shell.c ****         {
1657:System/shell/shell.c ****             shellWriteString(shell, shell->parser.buffer);
1658:System/shell/shell.c ****             for (short i = 0; i < shell->parser.length - shell->parser.cursor; i++)
1659:System/shell/shell.c ****             {
1660:System/shell/shell.c ****                 shell->write('\b');
1661:System/shell/shell.c ****             }
1662:System/shell/shell.c ****         }
1663:System/shell/shell.c ****     }
1664:System/shell/shell.c **** }
1665:System/shell/shell.c **** #endif /** SHELL_SUPPORT_END_LINE == 1 */
1666:System/shell/shell.c **** 
1667:System/shell/shell.c **** /**
1668:System/shell/shell.c ****  * @brief shell 任务
1669:System/shell/shell.c ****  *
1670:System/shell/shell.c ****  * @param param 参数(shell对象)
1671:System/shell/shell.c ****  *
1672:System/shell/shell.c ****  */
1673:System/shell/shell.c **** void shellTask(void *param)
1674:System/shell/shell.c **** {
 6645              		.loc 1 1674 1
 6646              		.cfi_startproc
ARM GAS  C:\Users\HUAV\AppData\Local\Temp\ccLd8epe.s 			page 149


 6647              		@ args = 0, pretend = 0, frame = 16
 6648              		@ frame_needed = 1, uses_anonymous_args = 0
 6649 0000 80B5     		push	{r7, lr}
 6650              	.LCFI270:
 6651              		.cfi_def_cfa_offset 8
 6652              		.cfi_offset 7, -8
 6653              		.cfi_offset 14, -4
 6654 0002 84B0     		sub	sp, sp, #16
 6655              	.LCFI271:
 6656              		.cfi_def_cfa_offset 24
 6657 0004 00AF     		add	r7, sp, #0
 6658              	.LCFI272:
 6659              		.cfi_def_cfa_register 7
 6660 0006 7860     		str	r0, [r7, #4]
1675:System/shell/shell.c ****     Shell *shell = (Shell *)param;
 6661              		.loc 1 1675 12
 6662 0008 7B68     		ldr	r3, [r7, #4]
 6663 000a FB60     		str	r3, [r7, #12]
1676:System/shell/shell.c ****     char data;
1677:System/shell/shell.c **** #if SHELL_TASK_WHILE == 1
1678:System/shell/shell.c ****     while (1)
1679:System/shell/shell.c ****     {
1680:System/shell/shell.c **** #endif
1681:System/shell/shell.c ****         if (shell->read && shell->read(&data) == 0)
 6664              		.loc 1 1681 18
 6665 000c FB68     		ldr	r3, [r7, #12]
 6666 000e 5B6E     		ldr	r3, [r3, #100]
 6667              		.loc 1 1681 12
 6668 0010 002B     		cmp	r3, #0
 6669 0012 0DD0     		beq	.L350
 6670              		.loc 1 1681 33 discriminator 1
 6671 0014 FB68     		ldr	r3, [r7, #12]
 6672 0016 5B6E     		ldr	r3, [r3, #100]
 6673              		.loc 1 1681 28 discriminator 1
 6674 0018 07F10B02 		add	r2, r7, #11
 6675 001c 1046     		mov	r0, r2
 6676 001e 9847     		blx	r3
 6677              	.LVL13:
 6678 0020 0346     		mov	r3, r0
 6679              		.loc 1 1681 25 discriminator 1
 6680 0022 002B     		cmp	r3, #0
 6681 0024 04D1     		bne	.L350
1682:System/shell/shell.c ****         {
1683:System/shell/shell.c ****             shellHandler(shell, data);
 6682              		.loc 1 1683 13
 6683 0026 FB7A     		ldrb	r3, [r7, #11]	@ zero_extendqisi2
 6684 0028 1946     		mov	r1, r3
 6685 002a F868     		ldr	r0, [r7, #12]
 6686 002c FFF7FEFF 		bl	shellHandler
 6687              	.L350:
1684:System/shell/shell.c ****         }
1685:System/shell/shell.c **** #if SHELL_TASK_WHILE == 1
1686:System/shell/shell.c ****     }
1687:System/shell/shell.c **** #endif
1688:System/shell/shell.c **** }
 6688              		.loc 1 1688 1
 6689 0030 00BF     		nop
ARM GAS  C:\Users\HUAV\AppData\Local\Temp\ccLd8epe.s 			page 150


 6690 0032 1037     		adds	r7, r7, #16
 6691              	.LCFI273:
 6692              		.cfi_def_cfa_offset 8
 6693 0034 BD46     		mov	sp, r7
 6694              	.LCFI274:
 6695              		.cfi_def_cfa_register 13
 6696              		@ sp needed
 6697 0036 80BD     		pop	{r7, pc}
 6698              		.cfi_endproc
 6699              	.LFE54:
 6701              		.section	.text.shellUsers,"ax",%progbits
 6702              		.align	1
 6703              		.global	shellUsers
 6704              		.syntax unified
 6705              		.thumb
 6706              		.thumb_func
 6708              	shellUsers:
 6709              	.LFB55:
1689:System/shell/shell.c **** 
1690:System/shell/shell.c **** /**
1691:System/shell/shell.c ****  * @brief shell 输出用户列表(shell调用)
1692:System/shell/shell.c ****  */
1693:System/shell/shell.c **** void shellUsers(void)
1694:System/shell/shell.c **** {
 6710              		.loc 1 1694 1
 6711              		.cfi_startproc
 6712              		@ args = 0, pretend = 0, frame = 8
 6713              		@ frame_needed = 1, uses_anonymous_args = 0
 6714 0000 80B5     		push	{r7, lr}
 6715              	.LCFI275:
 6716              		.cfi_def_cfa_offset 8
 6717              		.cfi_offset 7, -8
 6718              		.cfi_offset 14, -4
 6719 0002 82B0     		sub	sp, sp, #8
 6720              	.LCFI276:
 6721              		.cfi_def_cfa_offset 16
 6722 0004 00AF     		add	r7, sp, #0
 6723              	.LCFI277:
 6724              		.cfi_def_cfa_register 7
1695:System/shell/shell.c ****     Shell *shell = shellGetCurrent();
 6725              		.loc 1 1695 20
 6726 0006 FFF7FEFF 		bl	shellGetCurrent
 6727 000a 7860     		str	r0, [r7, #4]
1696:System/shell/shell.c ****     if (shell)
 6728              		.loc 1 1696 8
 6729 000c 7B68     		ldr	r3, [r7, #4]
 6730 000e 002B     		cmp	r3, #0
 6731 0010 02D0     		beq	.L353
1697:System/shell/shell.c ****     {
1698:System/shell/shell.c ****         shellListUser(shell);
 6732              		.loc 1 1698 9
 6733 0012 7868     		ldr	r0, [r7, #4]
 6734 0014 FFF7FEFF 		bl	shellListUser
 6735              	.L353:
1699:System/shell/shell.c ****     }
1700:System/shell/shell.c **** }
 6736              		.loc 1 1700 1
ARM GAS  C:\Users\HUAV\AppData\Local\Temp\ccLd8epe.s 			page 151


 6737 0018 00BF     		nop
 6738 001a 0837     		adds	r7, r7, #8
 6739              	.LCFI278:
 6740              		.cfi_def_cfa_offset 8
 6741 001c BD46     		mov	sp, r7
 6742              	.LCFI279:
 6743              		.cfi_def_cfa_register 13
 6744              		@ sp needed
 6745 001e 80BD     		pop	{r7, pc}
 6746              		.cfi_endproc
 6747              	.LFE55:
 6749              		.global	shellCmdusers
 6750              		.section	.rodata.shellCmdusers,"a"
 6751              		.align	2
 6754              	shellCmdusers:
 6755 0000 75736572 		.ascii	"users\000"
 6755      7300
 6756              		.global	shellDescusers
 6757              		.section	.rodata.shellDescusers,"a"
 6758              		.align	2
 6761              	shellDescusers:
 6762 0000 6C697374 		.ascii	"list all user\000"
 6762      20616C6C 
 6762      20757365 
 6762      7200
 6763              		.global	shellCommandusers
 6764              		.section	shellCommand
 6765              		.align	2
 6768              	shellCommandusers:
 6769 00d0 00210000 		.word	8448
 6770 00d4 00000000 		.word	shellCmdusers
 6771 00d8 00000000 		.word	shellUsers
 6772 00dc 00000000 		.word	shellDescusers
 6773              		.section	.text.shellCmds,"ax",%progbits
 6774              		.align	1
 6775              		.global	shellCmds
 6776              		.syntax unified
 6777              		.thumb
 6778              		.thumb_func
 6780              	shellCmds:
 6781              	.LFB56:
1701:System/shell/shell.c **** SHELL_EXPORT_CMD(
1702:System/shell/shell.c ****     SHELL_CMD_PERMISSION(0) | SHELL_CMD_TYPE(SHELL_TYPE_CMD_FUNC) | SHELL_CMD_DISABLE_RETURN,
1703:System/shell/shell.c ****     users, shellUsers, list all user);
1704:System/shell/shell.c **** 
1705:System/shell/shell.c **** /**
1706:System/shell/shell.c ****  * @brief shell 输出命令列表(shell调用)
1707:System/shell/shell.c ****  */
1708:System/shell/shell.c **** void shellCmds(void)
1709:System/shell/shell.c **** {
 6782              		.loc 1 1709 1
 6783              		.cfi_startproc
 6784              		@ args = 0, pretend = 0, frame = 8
 6785              		@ frame_needed = 1, uses_anonymous_args = 0
 6786 0000 80B5     		push	{r7, lr}
 6787              	.LCFI280:
 6788              		.cfi_def_cfa_offset 8
ARM GAS  C:\Users\HUAV\AppData\Local\Temp\ccLd8epe.s 			page 152


 6789              		.cfi_offset 7, -8
 6790              		.cfi_offset 14, -4
 6791 0002 82B0     		sub	sp, sp, #8
 6792              	.LCFI281:
 6793              		.cfi_def_cfa_offset 16
 6794 0004 00AF     		add	r7, sp, #0
 6795              	.LCFI282:
 6796              		.cfi_def_cfa_register 7
1710:System/shell/shell.c ****     Shell *shell = shellGetCurrent();
 6797              		.loc 1 1710 20
 6798 0006 FFF7FEFF 		bl	shellGetCurrent
 6799 000a 7860     		str	r0, [r7, #4]
1711:System/shell/shell.c ****     if (shell)
 6800              		.loc 1 1711 8
 6801 000c 7B68     		ldr	r3, [r7, #4]
 6802 000e 002B     		cmp	r3, #0
 6803 0010 02D0     		beq	.L356
1712:System/shell/shell.c ****     {
1713:System/shell/shell.c ****         shellListCommand(shell);
 6804              		.loc 1 1713 9
 6805 0012 7868     		ldr	r0, [r7, #4]
 6806 0014 FFF7FEFF 		bl	shellListCommand
 6807              	.L356:
1714:System/shell/shell.c ****     }
1715:System/shell/shell.c **** }
 6808              		.loc 1 1715 1
 6809 0018 00BF     		nop
 6810 001a 0837     		adds	r7, r7, #8
 6811              	.LCFI283:
 6812              		.cfi_def_cfa_offset 8
 6813 001c BD46     		mov	sp, r7
 6814              	.LCFI284:
 6815              		.cfi_def_cfa_register 13
 6816              		@ sp needed
 6817 001e 80BD     		pop	{r7, pc}
 6818              		.cfi_endproc
 6819              	.LFE56:
 6821              		.global	shellCmdcmds
 6822              		.section	.rodata.shellCmdcmds,"a"
 6823              		.align	2
 6826              	shellCmdcmds:
 6827 0000 636D6473 		.ascii	"cmds\000"
 6827      00
 6828              		.global	shellDesccmds
 6829              		.section	.rodata.shellDesccmds,"a"
 6830              		.align	2
 6833              	shellDesccmds:
 6834 0000 6C697374 		.ascii	"list all cmd\000"
 6834      20616C6C 
 6834      20636D64 
 6834      00
 6835              		.global	shellCommandcmds
 6836              		.section	shellCommand
 6837              		.align	2
 6840              	shellCommandcmds:
 6841 00e0 00210000 		.word	8448
 6842 00e4 00000000 		.word	shellCmdcmds
ARM GAS  C:\Users\HUAV\AppData\Local\Temp\ccLd8epe.s 			page 153


 6843 00e8 00000000 		.word	shellCmds
 6844 00ec 00000000 		.word	shellDesccmds
 6845              		.section	.text.shellVars,"ax",%progbits
 6846              		.align	1
 6847              		.global	shellVars
 6848              		.syntax unified
 6849              		.thumb
 6850              		.thumb_func
 6852              	shellVars:
 6853              	.LFB57:
1716:System/shell/shell.c **** SHELL_EXPORT_CMD(
1717:System/shell/shell.c ****     SHELL_CMD_PERMISSION(0) | SHELL_CMD_TYPE(SHELL_TYPE_CMD_FUNC) | SHELL_CMD_DISABLE_RETURN,
1718:System/shell/shell.c ****     cmds, shellCmds, list all cmd);
1719:System/shell/shell.c **** 
1720:System/shell/shell.c **** /**
1721:System/shell/shell.c ****  * @brief shell 输出变量列表(shell调用)
1722:System/shell/shell.c ****  */
1723:System/shell/shell.c **** void shellVars(void)
1724:System/shell/shell.c **** {
 6854              		.loc 1 1724 1
 6855              		.cfi_startproc
 6856              		@ args = 0, pretend = 0, frame = 8
 6857              		@ frame_needed = 1, uses_anonymous_args = 0
 6858 0000 80B5     		push	{r7, lr}
 6859              	.LCFI285:
 6860              		.cfi_def_cfa_offset 8
 6861              		.cfi_offset 7, -8
 6862              		.cfi_offset 14, -4
 6863 0002 82B0     		sub	sp, sp, #8
 6864              	.LCFI286:
 6865              		.cfi_def_cfa_offset 16
 6866 0004 00AF     		add	r7, sp, #0
 6867              	.LCFI287:
 6868              		.cfi_def_cfa_register 7
1725:System/shell/shell.c ****     Shell *shell = shellGetCurrent();
 6869              		.loc 1 1725 20
 6870 0006 FFF7FEFF 		bl	shellGetCurrent
 6871 000a 7860     		str	r0, [r7, #4]
1726:System/shell/shell.c ****     if (shell)
 6872              		.loc 1 1726 8
 6873 000c 7B68     		ldr	r3, [r7, #4]
 6874 000e 002B     		cmp	r3, #0
 6875 0010 02D0     		beq	.L359
1727:System/shell/shell.c ****     {
1728:System/shell/shell.c ****         shellListVar(shell);
 6876              		.loc 1 1728 9
 6877 0012 7868     		ldr	r0, [r7, #4]
 6878 0014 FFF7FEFF 		bl	shellListVar
 6879              	.L359:
1729:System/shell/shell.c ****     }
1730:System/shell/shell.c **** }
 6880              		.loc 1 1730 1
 6881 0018 00BF     		nop
 6882 001a 0837     		adds	r7, r7, #8
 6883              	.LCFI288:
 6884              		.cfi_def_cfa_offset 8
 6885 001c BD46     		mov	sp, r7
ARM GAS  C:\Users\HUAV\AppData\Local\Temp\ccLd8epe.s 			page 154


 6886              	.LCFI289:
 6887              		.cfi_def_cfa_register 13
 6888              		@ sp needed
 6889 001e 80BD     		pop	{r7, pc}
 6890              		.cfi_endproc
 6891              	.LFE57:
 6893              		.global	shellCmdvars
 6894              		.section	.rodata.shellCmdvars,"a"
 6895              		.align	2
 6898              	shellCmdvars:
 6899 0000 76617273 		.ascii	"vars\000"
 6899      00
 6900              		.global	shellDescvars
 6901              		.section	.rodata.shellDescvars,"a"
 6902              		.align	2
 6905              	shellDescvars:
 6906 0000 6C697374 		.ascii	"list all var\000"
 6906      20616C6C 
 6906      20766172 
 6906      00
 6907              		.global	shellCommandvars
 6908              		.section	shellCommand
 6909              		.align	2
 6912              	shellCommandvars:
 6913 00f0 00210000 		.word	8448
 6914 00f4 00000000 		.word	shellCmdvars
 6915 00f8 00000000 		.word	shellVars
 6916 00fc 00000000 		.word	shellDescvars
 6917              		.section	.text.shellKeys,"ax",%progbits
 6918              		.align	1
 6919              		.global	shellKeys
 6920              		.syntax unified
 6921              		.thumb
 6922              		.thumb_func
 6924              	shellKeys:
 6925              	.LFB58:
1731:System/shell/shell.c **** SHELL_EXPORT_CMD(
1732:System/shell/shell.c ****     SHELL_CMD_PERMISSION(0) | SHELL_CMD_TYPE(SHELL_TYPE_CMD_FUNC) | SHELL_CMD_DISABLE_RETURN,
1733:System/shell/shell.c ****     vars, shellVars, list all var);
1734:System/shell/shell.c **** 
1735:System/shell/shell.c **** /**
1736:System/shell/shell.c ****  * @brief shell 输出按键列表(shell调用)
1737:System/shell/shell.c ****  */
1738:System/shell/shell.c **** void shellKeys(void)
1739:System/shell/shell.c **** {
 6926              		.loc 1 1739 1
 6927              		.cfi_startproc
 6928              		@ args = 0, pretend = 0, frame = 8
 6929              		@ frame_needed = 1, uses_anonymous_args = 0
 6930 0000 80B5     		push	{r7, lr}
 6931              	.LCFI290:
 6932              		.cfi_def_cfa_offset 8
 6933              		.cfi_offset 7, -8
 6934              		.cfi_offset 14, -4
 6935 0002 82B0     		sub	sp, sp, #8
 6936              	.LCFI291:
 6937              		.cfi_def_cfa_offset 16
ARM GAS  C:\Users\HUAV\AppData\Local\Temp\ccLd8epe.s 			page 155


 6938 0004 00AF     		add	r7, sp, #0
 6939              	.LCFI292:
 6940              		.cfi_def_cfa_register 7
1740:System/shell/shell.c ****     Shell *shell = shellGetCurrent();
 6941              		.loc 1 1740 20
 6942 0006 FFF7FEFF 		bl	shellGetCurrent
 6943 000a 7860     		str	r0, [r7, #4]
1741:System/shell/shell.c ****     if (shell)
 6944              		.loc 1 1741 8
 6945 000c 7B68     		ldr	r3, [r7, #4]
 6946 000e 002B     		cmp	r3, #0
 6947 0010 02D0     		beq	.L362
1742:System/shell/shell.c ****     {
1743:System/shell/shell.c ****         shellListKey(shell);
 6948              		.loc 1 1743 9
 6949 0012 7868     		ldr	r0, [r7, #4]
 6950 0014 FFF7FEFF 		bl	shellListKey
 6951              	.L362:
1744:System/shell/shell.c ****     }
1745:System/shell/shell.c **** }
 6952              		.loc 1 1745 1
 6953 0018 00BF     		nop
 6954 001a 0837     		adds	r7, r7, #8
 6955              	.LCFI293:
 6956              		.cfi_def_cfa_offset 8
 6957 001c BD46     		mov	sp, r7
 6958              	.LCFI294:
 6959              		.cfi_def_cfa_register 13
 6960              		@ sp needed
 6961 001e 80BD     		pop	{r7, pc}
 6962              		.cfi_endproc
 6963              	.LFE58:
 6965              		.global	shellCmdkeys
 6966              		.section	.rodata.shellCmdkeys,"a"
 6967              		.align	2
 6970              	shellCmdkeys:
 6971 0000 6B657973 		.ascii	"keys\000"
 6971      00
 6972              		.global	shellDesckeys
 6973              		.section	.rodata.shellDesckeys,"a"
 6974              		.align	2
 6977              	shellDesckeys:
 6978 0000 6C697374 		.ascii	"list all key\000"
 6978      20616C6C 
 6978      206B6579 
 6978      00
 6979              		.global	shellCommandkeys
 6980              		.section	shellCommand
 6981              		.align	2
 6984              	shellCommandkeys:
 6985 0100 00210000 		.word	8448
 6986 0104 00000000 		.word	shellCmdkeys
 6987 0108 00000000 		.word	shellKeys
 6988 010c 00000000 		.word	shellDesckeys
 6989              		.section	.text.shellClear,"ax",%progbits
 6990              		.align	1
 6991              		.global	shellClear
ARM GAS  C:\Users\HUAV\AppData\Local\Temp\ccLd8epe.s 			page 156


 6992              		.syntax unified
 6993              		.thumb
 6994              		.thumb_func
 6996              	shellClear:
 6997              	.LFB59:
1746:System/shell/shell.c **** SHELL_EXPORT_CMD(
1747:System/shell/shell.c ****     SHELL_CMD_PERMISSION(0) | SHELL_CMD_TYPE(SHELL_TYPE_CMD_FUNC) | SHELL_CMD_DISABLE_RETURN,
1748:System/shell/shell.c ****     keys, shellKeys, list all key);
1749:System/shell/shell.c **** 
1750:System/shell/shell.c **** /**
1751:System/shell/shell.c ****  * @brief shell 清空控制台(shell调用)
1752:System/shell/shell.c ****  */
1753:System/shell/shell.c **** void shellClear(void)
1754:System/shell/shell.c **** {
 6998              		.loc 1 1754 1
 6999              		.cfi_startproc
 7000              		@ args = 0, pretend = 0, frame = 8
 7001              		@ frame_needed = 1, uses_anonymous_args = 0
 7002 0000 80B5     		push	{r7, lr}
 7003              	.LCFI295:
 7004              		.cfi_def_cfa_offset 8
 7005              		.cfi_offset 7, -8
 7006              		.cfi_offset 14, -4
 7007 0002 82B0     		sub	sp, sp, #8
 7008              	.LCFI296:
 7009              		.cfi_def_cfa_offset 16
 7010 0004 00AF     		add	r7, sp, #0
 7011              	.LCFI297:
 7012              		.cfi_def_cfa_register 7
1755:System/shell/shell.c ****     Shell *shell = shellGetCurrent();
 7013              		.loc 1 1755 20
 7014 0006 FFF7FEFF 		bl	shellGetCurrent
 7015 000a 7860     		str	r0, [r7, #4]
1756:System/shell/shell.c ****     if (shell)
 7016              		.loc 1 1756 8
 7017 000c 7B68     		ldr	r3, [r7, #4]
 7018 000e 002B     		cmp	r3, #0
 7019 0010 05D0     		beq	.L365
1757:System/shell/shell.c ****     {
1758:System/shell/shell.c ****         shellWriteString(shell, shellText[SHELL_TEXT_CLEAR_CONSOLE]);
 7020              		.loc 1 1758 9
 7021 0012 054B     		ldr	r3, .L366
 7022 0014 9B6B     		ldr	r3, [r3, #56]
 7023 0016 1946     		mov	r1, r3
 7024 0018 7868     		ldr	r0, [r7, #4]
 7025 001a FFF7FEFF 		bl	shellWriteString
 7026              	.L365:
1759:System/shell/shell.c ****     }
1760:System/shell/shell.c **** }
 7027              		.loc 1 1760 1
 7028 001e 00BF     		nop
 7029 0020 0837     		adds	r7, r7, #8
 7030              	.LCFI298:
 7031              		.cfi_def_cfa_offset 8
 7032 0022 BD46     		mov	sp, r7
 7033              	.LCFI299:
 7034              		.cfi_def_cfa_register 13
ARM GAS  C:\Users\HUAV\AppData\Local\Temp\ccLd8epe.s 			page 157


 7035              		@ sp needed
 7036 0024 80BD     		pop	{r7, pc}
 7037              	.L367:
 7038 0026 00BF     		.align	2
 7039              	.L366:
 7040 0028 00000000 		.word	shellText
 7041              		.cfi_endproc
 7042              	.LFE59:
 7044              		.global	shellCmdclear
 7045              		.section	.rodata.shellCmdclear,"a"
 7046              		.align	2
 7049              	shellCmdclear:
 7050 0000 636C6561 		.ascii	"clear\000"
 7050      7200
 7051              		.global	shellDescclear
 7052              		.section	.rodata.shellDescclear,"a"
 7053              		.align	2
 7056              	shellDescclear:
 7057 0000 636C6561 		.ascii	"clear console\000"
 7057      7220636F 
 7057      6E736F6C 
 7057      6500
 7058              		.global	shellCommandclear
 7059              		.section	shellCommand
 7060              		.align	2
 7063              	shellCommandclear:
 7064 0110 00210000 		.word	8448
 7065 0114 00000000 		.word	shellCmdclear
 7066 0118 00000000 		.word	shellClear
 7067 011c 00000000 		.word	shellDescclear
 7068              		.section	.text.shellRun,"ax",%progbits
 7069              		.align	1
 7070              		.global	shellRun
 7071              		.syntax unified
 7072              		.thumb
 7073              		.thumb_func
 7075              	shellRun:
 7076              	.LFB60:
1761:System/shell/shell.c **** SHELL_EXPORT_CMD(
1762:System/shell/shell.c ****     SHELL_CMD_PERMISSION(0) | SHELL_CMD_TYPE(SHELL_TYPE_CMD_FUNC) | SHELL_CMD_DISABLE_RETURN,
1763:System/shell/shell.c ****     clear, shellClear, clear console);
1764:System/shell/shell.c **** 
1765:System/shell/shell.c **** /**
1766:System/shell/shell.c ****  * @brief shell执行命令
1767:System/shell/shell.c ****  *
1768:System/shell/shell.c ****  * @param shell shell对象
1769:System/shell/shell.c ****  * @param cmd 命令字符串
1770:System/shell/shell.c ****  * @return int 返回值
1771:System/shell/shell.c ****  */
1772:System/shell/shell.c **** int shellRun(Shell *shell, const char *cmd)
1773:System/shell/shell.c **** {
 7077              		.loc 1 1773 1
 7078              		.cfi_startproc
 7079              		@ args = 0, pretend = 0, frame = 16
 7080              		@ frame_needed = 1, uses_anonymous_args = 0
 7081 0000 80B5     		push	{r7, lr}
 7082              	.LCFI300:
ARM GAS  C:\Users\HUAV\AppData\Local\Temp\ccLd8epe.s 			page 158


 7083              		.cfi_def_cfa_offset 8
 7084              		.cfi_offset 7, -8
 7085              		.cfi_offset 14, -4
 7086 0002 84B0     		sub	sp, sp, #16
 7087              	.LCFI301:
 7088              		.cfi_def_cfa_offset 24
 7089 0004 00AF     		add	r7, sp, #0
 7090              	.LCFI302:
 7091              		.cfi_def_cfa_register 7
 7092 0006 7860     		str	r0, [r7, #4]
 7093 0008 3960     		str	r1, [r7]
1774:System/shell/shell.c ****     SHELL_ASSERT(shell && cmd, return -1);
 7094              		.loc 1 1774 5
 7095 000a 7B68     		ldr	r3, [r7, #4]
 7096 000c 002B     		cmp	r3, #0
 7097 000e 02D0     		beq	.L369
 7098              		.loc 1 1774 5 is_stmt 0 discriminator 2
 7099 0010 3B68     		ldr	r3, [r7]
 7100 0012 002B     		cmp	r3, #0
 7101 0014 02D1     		bne	.L370
 7102              	.L369:
 7103              		.loc 1 1774 5 discriminator 3
 7104 0016 4FF0FF33 		mov	r3, #-1
 7105 001a 31E0     		b	.L371
 7106              	.L370:
1775:System/shell/shell.c ****     char active = shell->status.isActive;
 7107              		.loc 1 1775 32 is_stmt 1
 7108 001c 7B68     		ldr	r3, [r7, #4]
 7109 001e 93F86030 		ldrb	r3, [r3, #96]
 7110 0022 C3F34003 		ubfx	r3, r3, #1, #1
 7111 0026 DBB2     		uxtb	r3, r3
 7112              		.loc 1 1775 10
 7113 0028 FB73     		strb	r3, [r7, #15]
1776:System/shell/shell.c ****     if (strlen(cmd) > shell->parser.bufferSize - 1)
 7114              		.loc 1 1776 9
 7115 002a 3868     		ldr	r0, [r7]
 7116 002c FFF7FEFF 		bl	strlen
 7117 0030 0246     		mov	r2, r0
 7118              		.loc 1 1776 36
 7119 0032 7B68     		ldr	r3, [r7, #4]
 7120 0034 9B8E     		ldrh	r3, [r3, #52]
 7121              		.loc 1 1776 48
 7122 0036 013B     		subs	r3, r3, #1
 7123              		.loc 1 1776 8
 7124 0038 9A42     		cmp	r2, r3
 7125 003a 08D9     		bls	.L372
1777:System/shell/shell.c ****     {
1778:System/shell/shell.c ****         shellWriteString(shell, shellText[SHELL_TEXT_CMD_TOO_LONG]);
 7126              		.loc 1 1778 9
 7127 003c 124B     		ldr	r3, .L373
 7128 003e 5B68     		ldr	r3, [r3, #4]
 7129 0040 1946     		mov	r1, r3
 7130 0042 7868     		ldr	r0, [r7, #4]
 7131 0044 FFF7FEFF 		bl	shellWriteString
1779:System/shell/shell.c ****         return -1;
 7132              		.loc 1 1779 16
 7133 0048 4FF0FF33 		mov	r3, #-1
ARM GAS  C:\Users\HUAV\AppData\Local\Temp\ccLd8epe.s 			page 159


 7134 004c 18E0     		b	.L371
 7135              	.L372:
1780:System/shell/shell.c ****     }
1781:System/shell/shell.c ****     else
1782:System/shell/shell.c ****     {
1783:System/shell/shell.c ****         shell->parser.length = shellStringCopy(shell->parser.buffer, (char *)cmd);
 7136              		.loc 1 1783 32
 7137 004e 7B68     		ldr	r3, [r7, #4]
 7138 0050 1B69     		ldr	r3, [r3, #16]
 7139 0052 3968     		ldr	r1, [r7]
 7140 0054 1846     		mov	r0, r3
 7141 0056 FFF7FEFF 		bl	shellStringCopy
 7142 005a 0346     		mov	r3, r0
 7143 005c 1A46     		mov	r2, r3
 7144              		.loc 1 1783 30
 7145 005e 7B68     		ldr	r3, [r7, #4]
 7146 0060 9A81     		strh	r2, [r3, #12]	@ movhi
1784:System/shell/shell.c ****         shellExec(shell);
 7147              		.loc 1 1784 9
 7148 0062 7868     		ldr	r0, [r7, #4]
 7149 0064 FFF7FEFF 		bl	shellExec
1785:System/shell/shell.c ****         shell->status.isActive = active;
 7150              		.loc 1 1785 32
 7151 0068 FB7B     		ldrb	r3, [r7, #15]
 7152 006a 03F00103 		and	r3, r3, #1
 7153 006e D9B2     		uxtb	r1, r3
 7154 0070 7A68     		ldr	r2, [r7, #4]
 7155 0072 92F86030 		ldrb	r3, [r2, #96]
 7156 0076 61F34103 		bfi	r3, r1, #1, #1
 7157 007a 82F86030 		strb	r3, [r2, #96]
1786:System/shell/shell.c ****         return 0;
 7158              		.loc 1 1786 16
 7159 007e 0023     		movs	r3, #0
 7160              	.L371:
1787:System/shell/shell.c ****     }
1788:System/shell/shell.c **** }
 7161              		.loc 1 1788 1
 7162 0080 1846     		mov	r0, r3
 7163 0082 1037     		adds	r7, r7, #16
 7164              	.LCFI303:
 7165              		.cfi_def_cfa_offset 8
 7166 0084 BD46     		mov	sp, r7
 7167              	.LCFI304:
 7168              		.cfi_def_cfa_register 13
 7169              		@ sp needed
 7170 0086 80BD     		pop	{r7, pc}
 7171              	.L374:
 7172              		.align	2
 7173              	.L373:
 7174 0088 00000000 		.word	shellText
 7175              		.cfi_endproc
 7176              	.LFE60:
 7178              		.section	.bss.buffer.0,"aw",%nobits
 7179              		.align	2
 7182              	buffer.0:
 7183 0000 00000000 		.space	9
 7183      00000000 
ARM GAS  C:\Users\HUAV\AppData\Local\Temp\ccLd8epe.s 			page 160


 7183      00
 7184              		.text
 7185              	.Letext0:
 7186              		.file 2 "d:\\hpm-compile-tool\\gcc-arm-none-eabi-10.3-win\\arm-none-eabi\\include\\machine\\_defau
 7187              		.file 3 "d:\\hpm-compile-tool\\gcc-arm-none-eabi-10.3-win\\arm-none-eabi\\include\\sys\\_stdint.h"
 7188              		.file 4 "System/shell/shell.h"
 7189              		.file 5 "d:\\hpm-compile-tool\\gcc-arm-none-eabi-10.3-win\\lib\\gcc\\arm-none-eabi\\10.3.1\\includ
 7190              		.file 6 "<built-in>"
ARM GAS  C:\Users\HUAV\AppData\Local\Temp\ccLd8epe.s 			page 161


DEFINED SYMBOLS
                            *ABS*:00000000 shell.c
C:\Users\HUAV\AppData\Local\Temp\ccLd8epe.s:23     .rodata.shellCmdDefaultUser:00000000 shellCmdDefaultUser
C:\Users\HUAV\AppData\Local\Temp\ccLd8epe.s:20     .rodata.shellCmdDefaultUser:00000000 $d
C:\Users\HUAV\AppData\Local\Temp\ccLd8epe.s:30     .rodata.shellPasswordDefaultUser:00000000 shellPasswordDefaultUser
C:\Users\HUAV\AppData\Local\Temp\ccLd8epe.s:27     .rodata.shellPasswordDefaultUser:00000000 $d
C:\Users\HUAV\AppData\Local\Temp\ccLd8epe.s:37     .rodata.shellDesDefaultUser:00000000 shellDesDefaultUser
C:\Users\HUAV\AppData\Local\Temp\ccLd8epe.s:34     .rodata.shellDesDefaultUser:00000000 $d
C:\Users\HUAV\AppData\Local\Temp\ccLd8epe.s:44     shellCommand:00000000 shellUserDefault
C:\Users\HUAV\AppData\Local\Temp\ccLd8epe.s:41     shellCommand:00000000 $d
C:\Users\HUAV\AppData\Local\Temp\ccLd8epe.s:50     .rodata:00000000 $d
C:\Users\HUAV\AppData\Local\Temp\ccLd8epe.s:118    .data.shellText:00000000 $d
C:\Users\HUAV\AppData\Local\Temp\ccLd8epe.s:121    .data.shellText:00000000 shellText
C:\Users\HUAV\AppData\Local\Temp\ccLd8epe.s:144    .bss.shellList:00000000 $d
C:\Users\HUAV\AppData\Local\Temp\ccLd8epe.s:147    .bss.shellList:00000000 shellList
C:\Users\HUAV\AppData\Local\Temp\ccLd8epe.s:154    .text.shellInit:00000000 $t
C:\Users\HUAV\AppData\Local\Temp\ccLd8epe.s:160    .text.shellInit:00000000 shellInit
C:\Users\HUAV\AppData\Local\Temp\ccLd8epe.s:325    .text.shellAdd:00000000 shellAdd
C:\Users\HUAV\AppData\Local\Temp\ccLd8epe.s:3612   .text.shellSeekCommand:00000000 shellSeekCommand
C:\Users\HUAV\AppData\Local\Temp\ccLd8epe.s:4645   .text.shellSetUser:00000000 shellSetUser
C:\Users\HUAV\AppData\Local\Temp\ccLd8epe.s:762    .text.shellWriteCommandLine:00000000 shellWriteCommandLine
C:\Users\HUAV\AppData\Local\Temp\ccLd8epe.s:312    .text.shellInit:000000e0 $d
C:\Users\HUAV\AppData\Local\Temp\ccLd8epe.s:320    .text.shellAdd:00000000 $t
C:\Users\HUAV\AppData\Local\Temp\ccLd8epe.s:395    .text.shellAdd:00000048 $d
C:\Users\HUAV\AppData\Local\Temp\ccLd8epe.s:400    .text.shellGetCurrent:00000000 $t
C:\Users\HUAV\AppData\Local\Temp\ccLd8epe.s:406    .text.shellGetCurrent:00000000 shellGetCurrent
C:\Users\HUAV\AppData\Local\Temp\ccLd8epe.s:485    .text.shellGetCurrent:00000060 $d
C:\Users\HUAV\AppData\Local\Temp\ccLd8epe.s:490    .text.shellWriteByte:00000000 $t
C:\Users\HUAV\AppData\Local\Temp\ccLd8epe.s:496    .text.shellWriteByte:00000000 shellWriteByte
C:\Users\HUAV\AppData\Local\Temp\ccLd8epe.s:539    .text.shellWriteString:00000000 $t
C:\Users\HUAV\AppData\Local\Temp\ccLd8epe.s:545    .text.shellWriteString:00000000 shellWriteString
C:\Users\HUAV\AppData\Local\Temp\ccLd8epe.s:607    .text.shellWriteCommandDesc:00000000 $t
C:\Users\HUAV\AppData\Local\Temp\ccLd8epe.s:612    .text.shellWriteCommandDesc:00000000 shellWriteCommandDesc
C:\Users\HUAV\AppData\Local\Temp\ccLd8epe.s:757    .text.shellWriteCommandLine:00000000 $t
C:\Users\HUAV\AppData\Local\Temp\ccLd8epe.s:856    .text.shellWriteCommandLine:00000078 $d
C:\Users\HUAV\AppData\Local\Temp\ccLd8epe.s:865    .text.shellPrint:00000000 $t
C:\Users\HUAV\AppData\Local\Temp\ccLd8epe.s:871    .text.shellPrint:00000000 shellPrint
C:\Users\HUAV\AppData\Local\Temp\ccLd8epe.s:942    .text.shellScan:00000000 $t
C:\Users\HUAV\AppData\Local\Temp\ccLd8epe.s:948    .text.shellScan:00000000 shellScan
C:\Users\HUAV\AppData\Local\Temp\ccLd8epe.s:1095   .text.shellScan:000000bc $d
C:\Users\HUAV\AppData\Local\Temp\ccLd8epe.s:1100   .text.shellCheckPermission:00000000 $t
C:\Users\HUAV\AppData\Local\Temp\ccLd8epe.s:1106   .text.shellCheckPermission:00000000 shellCheckPermission
C:\Users\HUAV\AppData\Local\Temp\ccLd8epe.s:1194   .text.shellToHex:00000000 $t
C:\Users\HUAV\AppData\Local\Temp\ccLd8epe.s:1200   .text.shellToHex:00000000 shellToHex
C:\Users\HUAV\AppData\Local\Temp\ccLd8epe.s:1295   .text.shellToDec:00000000 $t
C:\Users\HUAV\AppData\Local\Temp\ccLd8epe.s:1301   .text.shellToDec:00000000 shellToDec
C:\Users\HUAV\AppData\Local\Temp\ccLd8epe.s:1441   .text.shellToDec:000000ac $d
C:\Users\HUAV\AppData\Local\Temp\ccLd8epe.s:1446   .text.shellStringCopy:00000000 $t
C:\Users\HUAV\AppData\Local\Temp\ccLd8epe.s:1451   .text.shellStringCopy:00000000 shellStringCopy
C:\Users\HUAV\AppData\Local\Temp\ccLd8epe.s:1529   .text.shellStringCompare:00000000 $t
C:\Users\HUAV\AppData\Local\Temp\ccLd8epe.s:1534   .text.shellStringCompare:00000000 shellStringCompare
C:\Users\HUAV\AppData\Local\Temp\ccLd8epe.s:1629   .text.shellGetCommandName:00000000 $t
C:\Users\HUAV\AppData\Local\Temp\ccLd8epe.s:1634   .text.shellGetCommandName:00000000 shellGetCommandName
C:\Users\HUAV\AppData\Local\Temp\ccLd8epe.s:1737   .text.shellGetCommandName:00000074 $d
C:\Users\HUAV\AppData\Local\Temp\ccLd8epe.s:7182   .bss.buffer.0:00000000 buffer.0
C:\Users\HUAV\AppData\Local\Temp\ccLd8epe.s:1742   .text.shellGetCommandDesc:00000000 $t
C:\Users\HUAV\AppData\Local\Temp\ccLd8epe.s:1747   .text.shellGetCommandDesc:00000000 shellGetCommandDesc
ARM GAS  C:\Users\HUAV\AppData\Local\Temp\ccLd8epe.s 			page 162


C:\Users\HUAV\AppData\Local\Temp\ccLd8epe.s:1826   .text.shellListItem:00000000 $t
C:\Users\HUAV\AppData\Local\Temp\ccLd8epe.s:1832   .text.shellListItem:00000000 shellListItem
C:\Users\HUAV\AppData\Local\Temp\ccLd8epe.s:1979   .text.shellListItem:000000d4 $d
C:\Users\HUAV\AppData\Local\Temp\ccLd8epe.s:1984   .text.shellListCommand:00000000 $t
C:\Users\HUAV\AppData\Local\Temp\ccLd8epe.s:1990   .text.shellListCommand:00000000 shellListCommand
C:\Users\HUAV\AppData\Local\Temp\ccLd8epe.s:2090   .text.shellListCommand:00000084 $d
C:\Users\HUAV\AppData\Local\Temp\ccLd8epe.s:2095   .text.shellListVar:00000000 $t
C:\Users\HUAV\AppData\Local\Temp\ccLd8epe.s:2101   .text.shellListVar:00000000 shellListVar
C:\Users\HUAV\AppData\Local\Temp\ccLd8epe.s:2213   .text.shellListVar:0000009c $d
C:\Users\HUAV\AppData\Local\Temp\ccLd8epe.s:2218   .text.shellListUser:00000000 $t
C:\Users\HUAV\AppData\Local\Temp\ccLd8epe.s:2224   .text.shellListUser:00000000 shellListUser
C:\Users\HUAV\AppData\Local\Temp\ccLd8epe.s:2336   .text.shellListUser:0000009c $d
C:\Users\HUAV\AppData\Local\Temp\ccLd8epe.s:2341   .text.shellListKey:00000000 $t
C:\Users\HUAV\AppData\Local\Temp\ccLd8epe.s:2347   .text.shellListKey:00000000 shellListKey
C:\Users\HUAV\AppData\Local\Temp\ccLd8epe.s:2459   .text.shellListKey:0000009c $d
C:\Users\HUAV\AppData\Local\Temp\ccLd8epe.s:2464   .text.shellListAll:00000000 $t
C:\Users\HUAV\AppData\Local\Temp\ccLd8epe.s:2470   .text.shellListAll:00000000 shellListAll
C:\Users\HUAV\AppData\Local\Temp\ccLd8epe.s:2509   .text.shellDeleteCommandLine:00000000 $t
C:\Users\HUAV\AppData\Local\Temp\ccLd8epe.s:2515   .text.shellDeleteCommandLine:00000000 shellDeleteCommandLine
C:\Users\HUAV\AppData\Local\Temp\ccLd8epe.s:2564   .text.shellDeleteCommandLine:0000002c $d
C:\Users\HUAV\AppData\Local\Temp\ccLd8epe.s:2569   .text.shellClearCommandLine:00000000 $t
C:\Users\HUAV\AppData\Local\Temp\ccLd8epe.s:2575   .text.shellClearCommandLine:00000000 shellClearCommandLine
C:\Users\HUAV\AppData\Local\Temp\ccLd8epe.s:2646   .text.shellInsertByte:00000000 $t
C:\Users\HUAV\AppData\Local\Temp\ccLd8epe.s:2652   .text.shellInsertByte:00000000 shellInsertByte
C:\Users\HUAV\AppData\Local\Temp\ccLd8epe.s:2939   .text.shellInsertByte:0000017c $d
C:\Users\HUAV\AppData\Local\Temp\ccLd8epe.s:2944   .text.shellDeleteByte:00000000 $t
C:\Users\HUAV\AppData\Local\Temp\ccLd8epe.s:2950   .text.shellDeleteByte:00000000 shellDeleteByte
C:\Users\HUAV\AppData\Local\Temp\ccLd8epe.s:3236   .text.shellParserParam:00000000 $t
C:\Users\HUAV\AppData\Local\Temp\ccLd8epe.s:3241   .text.shellParserParam:00000000 shellParserParam
C:\Users\HUAV\AppData\Local\Temp\ccLd8epe.s:3464   .text.shellRemoveParamQuotes:00000000 $t
C:\Users\HUAV\AppData\Local\Temp\ccLd8epe.s:3469   .text.shellRemoveParamQuotes:00000000 shellRemoveParamQuotes
C:\Users\HUAV\AppData\Local\Temp\ccLd8epe.s:3606   .text.shellSeekCommand:00000000 $t
C:\Users\HUAV\AppData\Local\Temp\ccLd8epe.s:3760   .text.shellGetVarValue:00000000 $t
C:\Users\HUAV\AppData\Local\Temp\ccLd8epe.s:3766   .text.shellGetVarValue:00000000 shellGetVarValue
C:\Users\HUAV\AppData\Local\Temp\ccLd8epe.s:3801   .text.shellGetVarValue:00000024 $d
C:\Users\HUAV\AppData\Local\Temp\ccLd8epe.s:3807   .text.shellGetVarValue:0000003c $t
C:\Users\HUAV\AppData\Local\Temp\ccLd8epe.s:3897   .text.shellSetVarValue:00000000 $t
C:\Users\HUAV\AppData\Local\Temp\ccLd8epe.s:3903   .text.shellSetVarValue:00000000 shellSetVarValue
C:\Users\HUAV\AppData\Local\Temp\ccLd8epe.s:3952   .text.shellSetVarValue:00000040 $d
C:\Users\HUAV\AppData\Local\Temp\ccLd8epe.s:3958   .text.shellSetVarValue:00000058 $t
C:\Users\HUAV\AppData\Local\Temp\ccLd8epe.s:4102   .text.shellShowVar:00000000 shellShowVar
C:\Users\HUAV\AppData\Local\Temp\ccLd8epe.s:4079   .text.shellSetVarValue:000000e4 $d
C:\Users\HUAV\AppData\Local\Temp\ccLd8epe.s:4097   .text.shellShowVar:00000000 $t
C:\Users\HUAV\AppData\Local\Temp\ccLd8epe.s:4243   .text.shellShowVar:000000dc $d
C:\Users\HUAV\AppData\Local\Temp\ccLd8epe.s:4252   .text.shellSetVar:00000000 $t
C:\Users\HUAV\AppData\Local\Temp\ccLd8epe.s:4258   .text.shellSetVar:00000000 shellSetVar
C:\Users\HUAV\AppData\Local\Temp\ccLd8epe.s:4362   .text.shellSetVar:00000088 $d
C:\Users\HUAV\AppData\Local\Temp\ccLd8epe.s:4371   .rodata.shellCmdsetVar:00000000 shellCmdsetVar
C:\Users\HUAV\AppData\Local\Temp\ccLd8epe.s:4368   .rodata.shellCmdsetVar:00000000 $d
C:\Users\HUAV\AppData\Local\Temp\ccLd8epe.s:4378   .rodata.shellDescsetVar:00000000 shellDescsetVar
C:\Users\HUAV\AppData\Local\Temp\ccLd8epe.s:4375   .rodata.shellDescsetVar:00000000 $d
C:\Users\HUAV\AppData\Local\Temp\ccLd8epe.s:4385   shellCommand:00000010 shellCommandsetVar
C:\Users\HUAV\AppData\Local\Temp\ccLd8epe.s:4391   .text.shellRunCommand:00000000 $t
C:\Users\HUAV\AppData\Local\Temp\ccLd8epe.s:4397   .text.shellRunCommand:00000000 shellRunCommand
C:\Users\HUAV\AppData\Local\Temp\ccLd8epe.s:4766   .text.shellWriteReturnValue:00000000 shellWriteReturnValue
C:\Users\HUAV\AppData\Local\Temp\ccLd8epe.s:4556   .text.shellCheckPassword:00000000 $t
C:\Users\HUAV\AppData\Local\Temp\ccLd8epe.s:4561   .text.shellCheckPassword:00000000 shellCheckPassword
ARM GAS  C:\Users\HUAV\AppData\Local\Temp\ccLd8epe.s 			page 163


C:\Users\HUAV\AppData\Local\Temp\ccLd8epe.s:4635   .text.shellCheckPassword:0000005c $d
C:\Users\HUAV\AppData\Local\Temp\ccLd8epe.s:4640   .text.shellSetUser:00000000 $t
C:\Users\HUAV\AppData\Local\Temp\ccLd8epe.s:4752   .text.shellSetUser:0000008c $d
C:\Users\HUAV\AppData\Local\Temp\ccLd8epe.s:4761   .text.shellWriteReturnValue:00000000 $t
C:\Users\HUAV\AppData\Local\Temp\ccLd8epe.s:4867   .text.shellWriteReturnValue:00000098 $d
C:\Users\HUAV\AppData\Local\Temp\ccLd8epe.s:4875   .text.shellHistoryAdd:00000000 $t
C:\Users\HUAV\AppData\Local\Temp\ccLd8epe.s:4880   .text.shellHistoryAdd:00000000 shellHistoryAdd
C:\Users\HUAV\AppData\Local\Temp\ccLd8epe.s:5017   .text.shellHistory:00000000 $t
C:\Users\HUAV\AppData\Local\Temp\ccLd8epe.s:5022   .text.shellHistory:00000000 shellHistory
C:\Users\HUAV\AppData\Local\Temp\ccLd8epe.s:5217   .text.shellHistory:00000124 $d
C:\Users\HUAV\AppData\Local\Temp\ccLd8epe.s:5222   .text.shellNormalInput:00000000 $t
C:\Users\HUAV\AppData\Local\Temp\ccLd8epe.s:5228   .text.shellNormalInput:00000000 shellNormalInput
C:\Users\HUAV\AppData\Local\Temp\ccLd8epe.s:5272   .text.shellExec:00000000 $t
C:\Users\HUAV\AppData\Local\Temp\ccLd8epe.s:5278   .text.shellExec:00000000 shellExec
C:\Users\HUAV\AppData\Local\Temp\ccLd8epe.s:5404   .text.shellExec:0000009c $d
C:\Users\HUAV\AppData\Local\Temp\ccLd8epe.s:5410   .text.shellUp:00000000 $t
C:\Users\HUAV\AppData\Local\Temp\ccLd8epe.s:5416   .text.shellUp:00000000 shellUp
C:\Users\HUAV\AppData\Local\Temp\ccLd8epe.s:5456   .rodata.shellDesc0x1B5B4100:00000000 shellDesc0x1B5B4100
C:\Users\HUAV\AppData\Local\Temp\ccLd8epe.s:5453   .rodata.shellDesc0x1B5B4100:00000000 $d
C:\Users\HUAV\AppData\Local\Temp\ccLd8epe.s:5463   shellCommand:00000020 shellKey0x1B5B4100
C:\Users\HUAV\AppData\Local\Temp\ccLd8epe.s:5469   .text.shellDown:00000000 $t
C:\Users\HUAV\AppData\Local\Temp\ccLd8epe.s:5475   .text.shellDown:00000000 shellDown
C:\Users\HUAV\AppData\Local\Temp\ccLd8epe.s:5515   .rodata.shellDesc0x1B5B4200:00000000 shellDesc0x1B5B4200
C:\Users\HUAV\AppData\Local\Temp\ccLd8epe.s:5512   .rodata.shellDesc0x1B5B4200:00000000 $d
C:\Users\HUAV\AppData\Local\Temp\ccLd8epe.s:5522   shellCommand:00000030 shellKey0x1B5B4200
C:\Users\HUAV\AppData\Local\Temp\ccLd8epe.s:5528   .text.shellRight:00000000 $t
C:\Users\HUAV\AppData\Local\Temp\ccLd8epe.s:5534   .text.shellRight:00000000 shellRight
C:\Users\HUAV\AppData\Local\Temp\ccLd8epe.s:5598   .rodata.shellDesc0x1B5B4300:00000000 shellDesc0x1B5B4300
C:\Users\HUAV\AppData\Local\Temp\ccLd8epe.s:5595   .rodata.shellDesc0x1B5B4300:00000000 $d
C:\Users\HUAV\AppData\Local\Temp\ccLd8epe.s:5605   shellCommand:00000040 shellKey0x1B5B4300
C:\Users\HUAV\AppData\Local\Temp\ccLd8epe.s:5611   .text.shellLeft:00000000 $t
C:\Users\HUAV\AppData\Local\Temp\ccLd8epe.s:5617   .text.shellLeft:00000000 shellLeft
C:\Users\HUAV\AppData\Local\Temp\ccLd8epe.s:5672   .rodata.shellDesc0x1B5B4400:00000000 shellDesc0x1B5B4400
C:\Users\HUAV\AppData\Local\Temp\ccLd8epe.s:5669   .rodata.shellDesc0x1B5B4400:00000000 $d
C:\Users\HUAV\AppData\Local\Temp\ccLd8epe.s:5679   shellCommand:00000050 shellKey0x1B5B4400
C:\Users\HUAV\AppData\Local\Temp\ccLd8epe.s:5685   .text.shellTab:00000000 $t
C:\Users\HUAV\AppData\Local\Temp\ccLd8epe.s:5691   .text.shellTab:00000000 shellTab
C:\Users\HUAV\AppData\Local\Temp\ccLd8epe.s:5981   .text.shellTab:000001a4 $d
C:\Users\HUAV\AppData\Local\Temp\ccLd8epe.s:5990   .rodata.shellDesc0x09000000:00000000 shellDesc0x09000000
C:\Users\HUAV\AppData\Local\Temp\ccLd8epe.s:5987   .rodata.shellDesc0x09000000:00000000 $d
C:\Users\HUAV\AppData\Local\Temp\ccLd8epe.s:5997   shellCommand:00000060 shellKey0x09000000
C:\Users\HUAV\AppData\Local\Temp\ccLd8epe.s:6003   .text.shellBackspace:00000000 $t
C:\Users\HUAV\AppData\Local\Temp\ccLd8epe.s:6009   .text.shellBackspace:00000000 shellBackspace
C:\Users\HUAV\AppData\Local\Temp\ccLd8epe.s:6049   .rodata.shellDesc0x08000000:00000000 shellDesc0x08000000
C:\Users\HUAV\AppData\Local\Temp\ccLd8epe.s:6046   .rodata.shellDesc0x08000000:00000000 $d
C:\Users\HUAV\AppData\Local\Temp\ccLd8epe.s:6056   shellCommand:00000070 shellKey0x08000000
C:\Users\HUAV\AppData\Local\Temp\ccLd8epe.s:6066   .rodata.shellDesc0x7F000000:00000000 shellDesc0x7F000000
C:\Users\HUAV\AppData\Local\Temp\ccLd8epe.s:6063   .rodata.shellDesc0x7F000000:00000000 $d
C:\Users\HUAV\AppData\Local\Temp\ccLd8epe.s:6073   shellCommand:00000080 shellKey0x7F000000
C:\Users\HUAV\AppData\Local\Temp\ccLd8epe.s:6079   .text.shellDelete:00000000 $t
C:\Users\HUAV\AppData\Local\Temp\ccLd8epe.s:6085   .text.shellDelete:00000000 shellDelete
C:\Users\HUAV\AppData\Local\Temp\ccLd8epe.s:6125   .rodata.shellDesc0x1B5B337E:00000000 shellDesc0x1B5B337E
C:\Users\HUAV\AppData\Local\Temp\ccLd8epe.s:6122   .rodata.shellDesc0x1B5B337E:00000000 $d
C:\Users\HUAV\AppData\Local\Temp\ccLd8epe.s:6132   shellCommand:00000090 shellKey0x1B5B337E
C:\Users\HUAV\AppData\Local\Temp\ccLd8epe.s:6138   .text.shellEnter:00000000 $t
C:\Users\HUAV\AppData\Local\Temp\ccLd8epe.s:6144   .text.shellEnter:00000000 shellEnter
C:\Users\HUAV\AppData\Local\Temp\ccLd8epe.s:6187   .rodata.shellDesc0x0A000000:00000000 shellDesc0x0A000000
ARM GAS  C:\Users\HUAV\AppData\Local\Temp\ccLd8epe.s 			page 164


C:\Users\HUAV\AppData\Local\Temp\ccLd8epe.s:6184   .rodata.shellDesc0x0A000000:00000000 $d
C:\Users\HUAV\AppData\Local\Temp\ccLd8epe.s:6194   shellCommand:000000a0 shellKey0x0A000000
C:\Users\HUAV\AppData\Local\Temp\ccLd8epe.s:6204   .rodata.shellDesc0x0D000000:00000000 shellDesc0x0D000000
C:\Users\HUAV\AppData\Local\Temp\ccLd8epe.s:6201   .rodata.shellDesc0x0D000000:00000000 $d
C:\Users\HUAV\AppData\Local\Temp\ccLd8epe.s:6211   shellCommand:000000b0 shellKey0x0D000000
C:\Users\HUAV\AppData\Local\Temp\ccLd8epe.s:6217   .text.shellHelp:00000000 $t
C:\Users\HUAV\AppData\Local\Temp\ccLd8epe.s:6223   .text.shellHelp:00000000 shellHelp
C:\Users\HUAV\AppData\Local\Temp\ccLd8epe.s:6334   .text.shellHelp:00000098 $d
C:\Users\HUAV\AppData\Local\Temp\ccLd8epe.s:6344   .rodata.shellCmdhelp:00000000 shellCmdhelp
C:\Users\HUAV\AppData\Local\Temp\ccLd8epe.s:6341   .rodata.shellCmdhelp:00000000 $d
C:\Users\HUAV\AppData\Local\Temp\ccLd8epe.s:6351   .rodata.shellDeschelp:00000000 shellDeschelp
C:\Users\HUAV\AppData\Local\Temp\ccLd8epe.s:6348   .rodata.shellDeschelp:00000000 $d
C:\Users\HUAV\AppData\Local\Temp\ccLd8epe.s:6358   shellCommand:000000c0 shellCommandhelp
C:\Users\HUAV\AppData\Local\Temp\ccLd8epe.s:6364   .text.shellHandler:00000000 $t
C:\Users\HUAV\AppData\Local\Temp\ccLd8epe.s:6370   .text.shellHandler:00000000 shellHandler
C:\Users\HUAV\AppData\Local\Temp\ccLd8epe.s:6632   .text.shellHandler:00000170 $d
C:\Users\HUAV\AppData\Local\Temp\ccLd8epe.s:6637   .text.shellTask:00000000 $t
C:\Users\HUAV\AppData\Local\Temp\ccLd8epe.s:6643   .text.shellTask:00000000 shellTask
C:\Users\HUAV\AppData\Local\Temp\ccLd8epe.s:6702   .text.shellUsers:00000000 $t
C:\Users\HUAV\AppData\Local\Temp\ccLd8epe.s:6708   .text.shellUsers:00000000 shellUsers
C:\Users\HUAV\AppData\Local\Temp\ccLd8epe.s:6754   .rodata.shellCmdusers:00000000 shellCmdusers
C:\Users\HUAV\AppData\Local\Temp\ccLd8epe.s:6751   .rodata.shellCmdusers:00000000 $d
C:\Users\HUAV\AppData\Local\Temp\ccLd8epe.s:6761   .rodata.shellDescusers:00000000 shellDescusers
C:\Users\HUAV\AppData\Local\Temp\ccLd8epe.s:6758   .rodata.shellDescusers:00000000 $d
C:\Users\HUAV\AppData\Local\Temp\ccLd8epe.s:6768   shellCommand:000000d0 shellCommandusers
C:\Users\HUAV\AppData\Local\Temp\ccLd8epe.s:6774   .text.shellCmds:00000000 $t
C:\Users\HUAV\AppData\Local\Temp\ccLd8epe.s:6780   .text.shellCmds:00000000 shellCmds
C:\Users\HUAV\AppData\Local\Temp\ccLd8epe.s:6826   .rodata.shellCmdcmds:00000000 shellCmdcmds
C:\Users\HUAV\AppData\Local\Temp\ccLd8epe.s:6823   .rodata.shellCmdcmds:00000000 $d
C:\Users\HUAV\AppData\Local\Temp\ccLd8epe.s:6833   .rodata.shellDesccmds:00000000 shellDesccmds
C:\Users\HUAV\AppData\Local\Temp\ccLd8epe.s:6830   .rodata.shellDesccmds:00000000 $d
C:\Users\HUAV\AppData\Local\Temp\ccLd8epe.s:6840   shellCommand:000000e0 shellCommandcmds
C:\Users\HUAV\AppData\Local\Temp\ccLd8epe.s:6846   .text.shellVars:00000000 $t
C:\Users\HUAV\AppData\Local\Temp\ccLd8epe.s:6852   .text.shellVars:00000000 shellVars
C:\Users\HUAV\AppData\Local\Temp\ccLd8epe.s:6898   .rodata.shellCmdvars:00000000 shellCmdvars
C:\Users\HUAV\AppData\Local\Temp\ccLd8epe.s:6895   .rodata.shellCmdvars:00000000 $d
C:\Users\HUAV\AppData\Local\Temp\ccLd8epe.s:6905   .rodata.shellDescvars:00000000 shellDescvars
C:\Users\HUAV\AppData\Local\Temp\ccLd8epe.s:6902   .rodata.shellDescvars:00000000 $d
C:\Users\HUAV\AppData\Local\Temp\ccLd8epe.s:6912   shellCommand:000000f0 shellCommandvars
C:\Users\HUAV\AppData\Local\Temp\ccLd8epe.s:6918   .text.shellKeys:00000000 $t
C:\Users\HUAV\AppData\Local\Temp\ccLd8epe.s:6924   .text.shellKeys:00000000 shellKeys
C:\Users\HUAV\AppData\Local\Temp\ccLd8epe.s:6970   .rodata.shellCmdkeys:00000000 shellCmdkeys
C:\Users\HUAV\AppData\Local\Temp\ccLd8epe.s:6967   .rodata.shellCmdkeys:00000000 $d
C:\Users\HUAV\AppData\Local\Temp\ccLd8epe.s:6977   .rodata.shellDesckeys:00000000 shellDesckeys
C:\Users\HUAV\AppData\Local\Temp\ccLd8epe.s:6974   .rodata.shellDesckeys:00000000 $d
C:\Users\HUAV\AppData\Local\Temp\ccLd8epe.s:6984   shellCommand:00000100 shellCommandkeys
C:\Users\HUAV\AppData\Local\Temp\ccLd8epe.s:6990   .text.shellClear:00000000 $t
C:\Users\HUAV\AppData\Local\Temp\ccLd8epe.s:6996   .text.shellClear:00000000 shellClear
C:\Users\HUAV\AppData\Local\Temp\ccLd8epe.s:7040   .text.shellClear:00000028 $d
C:\Users\HUAV\AppData\Local\Temp\ccLd8epe.s:7049   .rodata.shellCmdclear:00000000 shellCmdclear
C:\Users\HUAV\AppData\Local\Temp\ccLd8epe.s:7046   .rodata.shellCmdclear:00000000 $d
C:\Users\HUAV\AppData\Local\Temp\ccLd8epe.s:7056   .rodata.shellDescclear:00000000 shellDescclear
C:\Users\HUAV\AppData\Local\Temp\ccLd8epe.s:7053   .rodata.shellDescclear:00000000 $d
C:\Users\HUAV\AppData\Local\Temp\ccLd8epe.s:7063   shellCommand:00000110 shellCommandclear
C:\Users\HUAV\AppData\Local\Temp\ccLd8epe.s:7069   .text.shellRun:00000000 $t
C:\Users\HUAV\AppData\Local\Temp\ccLd8epe.s:7075   .text.shellRun:00000000 shellRun
C:\Users\HUAV\AppData\Local\Temp\ccLd8epe.s:7174   .text.shellRun:00000088 $d
ARM GAS  C:\Users\HUAV\AppData\Local\Temp\ccLd8epe.s 			page 165


C:\Users\HUAV\AppData\Local\Temp\ccLd8epe.s:7179   .bss.buffer.0:00000000 $d

UNDEFINED SYMBOLS
_shell_command_start
_shell_command_end
strlen
vsnprintf
vsscanf
strcmp
strncmp
shellExtRun
