ARM GAS  C:\Users\HUAV\AppData\Local\Temp\ccIqAtUa.s 			page 1


   1              		.cpu cortex-m7
   2              		.arch armv7e-m
   3              		.fpu fpv5-d16
   4              		.eabi_attribute 28, 1
   5              		.eabi_attribute 20, 1
   6              		.eabi_attribute 21, 1
   7              		.eabi_attribute 23, 3
   8              		.eabi_attribute 24, 1
   9              		.eabi_attribute 25, 1
  10              		.eabi_attribute 26, 1
  11              		.eabi_attribute 30, 6
  12              		.eabi_attribute 34, 1
  13              		.eabi_attribute 18, 4
  14              		.file	"stm32h7xx_hal_tim_ex.c"
  15              		.text
  16              	.Ltext0:
  17              		.cfi_sections	.debug_frame
  18              		.section	.text.HAL_TIMEx_HallSensor_Init,"ax",%progbits
  19              		.align	1
  20              		.global	HAL_TIMEx_HallSensor_Init
  21              		.syntax unified
  22              		.thumb
  23              		.thumb_func
  25              	HAL_TIMEx_HallSensor_Init:
  26              	.LFB333:
  27              		.file 1 "HW_Lib/STM32H7/HAL_Lib/STM32H7xx_HAL_Driver/Src/stm32h7xx_hal_tim_ex.c"
   1:HW_Lib/STM32H7/HAL_Lib/STM32H7xx_HAL_Driver/Src/stm32h7xx_hal_tim_ex.c **** /**
   2:HW_Lib/STM32H7/HAL_Lib/STM32H7xx_HAL_Driver/Src/stm32h7xx_hal_tim_ex.c ****   ******************************************************************************
   3:HW_Lib/STM32H7/HAL_Lib/STM32H7xx_HAL_Driver/Src/stm32h7xx_hal_tim_ex.c ****   * @file    stm32h7xx_hal_tim_ex.c
   4:HW_Lib/STM32H7/HAL_Lib/STM32H7xx_HAL_Driver/Src/stm32h7xx_hal_tim_ex.c ****   * @author  MCD Application Team
   5:HW_Lib/STM32H7/HAL_Lib/STM32H7xx_HAL_Driver/Src/stm32h7xx_hal_tim_ex.c ****   * @brief   TIM HAL module driver.
   6:HW_Lib/STM32H7/HAL_Lib/STM32H7xx_HAL_Driver/Src/stm32h7xx_hal_tim_ex.c ****   *          This file provides firmware functions to manage the following
   7:HW_Lib/STM32H7/HAL_Lib/STM32H7xx_HAL_Driver/Src/stm32h7xx_hal_tim_ex.c ****   *          functionalities of the Timer Extended peripheral:
   8:HW_Lib/STM32H7/HAL_Lib/STM32H7xx_HAL_Driver/Src/stm32h7xx_hal_tim_ex.c ****   *           + Time Hall Sensor Interface Initialization
   9:HW_Lib/STM32H7/HAL_Lib/STM32H7xx_HAL_Driver/Src/stm32h7xx_hal_tim_ex.c ****   *           + Time Hall Sensor Interface Start
  10:HW_Lib/STM32H7/HAL_Lib/STM32H7xx_HAL_Driver/Src/stm32h7xx_hal_tim_ex.c ****   *           + Time Complementary signal break and dead time configuration
  11:HW_Lib/STM32H7/HAL_Lib/STM32H7xx_HAL_Driver/Src/stm32h7xx_hal_tim_ex.c ****   *           + Time Master and Slave synchronization configuration
  12:HW_Lib/STM32H7/HAL_Lib/STM32H7xx_HAL_Driver/Src/stm32h7xx_hal_tim_ex.c ****   *           + Time Output Compare/PWM Channel Configuration (for channels 5 and 6)
  13:HW_Lib/STM32H7/HAL_Lib/STM32H7xx_HAL_Driver/Src/stm32h7xx_hal_tim_ex.c ****   *           + Timer remapping capabilities configuration
  14:HW_Lib/STM32H7/HAL_Lib/STM32H7xx_HAL_Driver/Src/stm32h7xx_hal_tim_ex.c ****   ******************************************************************************
  15:HW_Lib/STM32H7/HAL_Lib/STM32H7xx_HAL_Driver/Src/stm32h7xx_hal_tim_ex.c ****   * @attention
  16:HW_Lib/STM32H7/HAL_Lib/STM32H7xx_HAL_Driver/Src/stm32h7xx_hal_tim_ex.c ****   *
  17:HW_Lib/STM32H7/HAL_Lib/STM32H7xx_HAL_Driver/Src/stm32h7xx_hal_tim_ex.c ****   * Copyright (c) 2017 STMicroelectronics.
  18:HW_Lib/STM32H7/HAL_Lib/STM32H7xx_HAL_Driver/Src/stm32h7xx_hal_tim_ex.c ****   * All rights reserved.
  19:HW_Lib/STM32H7/HAL_Lib/STM32H7xx_HAL_Driver/Src/stm32h7xx_hal_tim_ex.c ****   *
  20:HW_Lib/STM32H7/HAL_Lib/STM32H7xx_HAL_Driver/Src/stm32h7xx_hal_tim_ex.c ****   * This software is licensed under terms that can be found in the LICENSE file
  21:HW_Lib/STM32H7/HAL_Lib/STM32H7xx_HAL_Driver/Src/stm32h7xx_hal_tim_ex.c ****   * in the root directory of this software component.
  22:HW_Lib/STM32H7/HAL_Lib/STM32H7xx_HAL_Driver/Src/stm32h7xx_hal_tim_ex.c ****   * If no LICENSE file comes with this software, it is provided AS-IS.
  23:HW_Lib/STM32H7/HAL_Lib/STM32H7xx_HAL_Driver/Src/stm32h7xx_hal_tim_ex.c ****   *
  24:HW_Lib/STM32H7/HAL_Lib/STM32H7xx_HAL_Driver/Src/stm32h7xx_hal_tim_ex.c ****   ******************************************************************************
  25:HW_Lib/STM32H7/HAL_Lib/STM32H7xx_HAL_Driver/Src/stm32h7xx_hal_tim_ex.c ****   @verbatim
  26:HW_Lib/STM32H7/HAL_Lib/STM32H7xx_HAL_Driver/Src/stm32h7xx_hal_tim_ex.c ****   ==============================================================================
  27:HW_Lib/STM32H7/HAL_Lib/STM32H7xx_HAL_Driver/Src/stm32h7xx_hal_tim_ex.c ****                       ##### TIMER Extended features #####
  28:HW_Lib/STM32H7/HAL_Lib/STM32H7xx_HAL_Driver/Src/stm32h7xx_hal_tim_ex.c ****   ==============================================================================
  29:HW_Lib/STM32H7/HAL_Lib/STM32H7xx_HAL_Driver/Src/stm32h7xx_hal_tim_ex.c ****   [..]
  30:HW_Lib/STM32H7/HAL_Lib/STM32H7xx_HAL_Driver/Src/stm32h7xx_hal_tim_ex.c ****     The Timer Extended features include:
  31:HW_Lib/STM32H7/HAL_Lib/STM32H7xx_HAL_Driver/Src/stm32h7xx_hal_tim_ex.c ****     (#) Complementary outputs with programmable dead-time for :
ARM GAS  C:\Users\HUAV\AppData\Local\Temp\ccIqAtUa.s 			page 2


  32:HW_Lib/STM32H7/HAL_Lib/STM32H7xx_HAL_Driver/Src/stm32h7xx_hal_tim_ex.c ****         (++) Output Compare
  33:HW_Lib/STM32H7/HAL_Lib/STM32H7xx_HAL_Driver/Src/stm32h7xx_hal_tim_ex.c ****         (++) PWM generation (Edge and Center-aligned Mode)
  34:HW_Lib/STM32H7/HAL_Lib/STM32H7xx_HAL_Driver/Src/stm32h7xx_hal_tim_ex.c ****         (++) One-pulse mode output
  35:HW_Lib/STM32H7/HAL_Lib/STM32H7xx_HAL_Driver/Src/stm32h7xx_hal_tim_ex.c ****     (#) Synchronization circuit to control the timer with external signals and to
  36:HW_Lib/STM32H7/HAL_Lib/STM32H7xx_HAL_Driver/Src/stm32h7xx_hal_tim_ex.c ****         interconnect several timers together.
  37:HW_Lib/STM32H7/HAL_Lib/STM32H7xx_HAL_Driver/Src/stm32h7xx_hal_tim_ex.c ****     (#) Break input to put the timer output signals in reset state or in a known state.
  38:HW_Lib/STM32H7/HAL_Lib/STM32H7xx_HAL_Driver/Src/stm32h7xx_hal_tim_ex.c ****     (#) Supports incremental (quadrature) encoder and hall-sensor circuitry for
  39:HW_Lib/STM32H7/HAL_Lib/STM32H7xx_HAL_Driver/Src/stm32h7xx_hal_tim_ex.c ****         positioning purposes
  40:HW_Lib/STM32H7/HAL_Lib/STM32H7xx_HAL_Driver/Src/stm32h7xx_hal_tim_ex.c **** 
  41:HW_Lib/STM32H7/HAL_Lib/STM32H7xx_HAL_Driver/Src/stm32h7xx_hal_tim_ex.c ****             ##### How to use this driver #####
  42:HW_Lib/STM32H7/HAL_Lib/STM32H7xx_HAL_Driver/Src/stm32h7xx_hal_tim_ex.c ****   ==============================================================================
  43:HW_Lib/STM32H7/HAL_Lib/STM32H7xx_HAL_Driver/Src/stm32h7xx_hal_tim_ex.c ****     [..]
  44:HW_Lib/STM32H7/HAL_Lib/STM32H7xx_HAL_Driver/Src/stm32h7xx_hal_tim_ex.c ****      (#) Initialize the TIM low level resources by implementing the following functions
  45:HW_Lib/STM32H7/HAL_Lib/STM32H7xx_HAL_Driver/Src/stm32h7xx_hal_tim_ex.c ****          depending on the selected feature:
  46:HW_Lib/STM32H7/HAL_Lib/STM32H7xx_HAL_Driver/Src/stm32h7xx_hal_tim_ex.c ****            (++) Hall Sensor output : HAL_TIMEx_HallSensor_MspInit()
  47:HW_Lib/STM32H7/HAL_Lib/STM32H7xx_HAL_Driver/Src/stm32h7xx_hal_tim_ex.c **** 
  48:HW_Lib/STM32H7/HAL_Lib/STM32H7xx_HAL_Driver/Src/stm32h7xx_hal_tim_ex.c ****      (#) Initialize the TIM low level resources :
  49:HW_Lib/STM32H7/HAL_Lib/STM32H7xx_HAL_Driver/Src/stm32h7xx_hal_tim_ex.c ****         (##) Enable the TIM interface clock using __HAL_RCC_TIMx_CLK_ENABLE();
  50:HW_Lib/STM32H7/HAL_Lib/STM32H7xx_HAL_Driver/Src/stm32h7xx_hal_tim_ex.c ****         (##) TIM pins configuration
  51:HW_Lib/STM32H7/HAL_Lib/STM32H7xx_HAL_Driver/Src/stm32h7xx_hal_tim_ex.c ****             (+++) Enable the clock for the TIM GPIOs using the following function:
  52:HW_Lib/STM32H7/HAL_Lib/STM32H7xx_HAL_Driver/Src/stm32h7xx_hal_tim_ex.c ****               __HAL_RCC_GPIOx_CLK_ENABLE();
  53:HW_Lib/STM32H7/HAL_Lib/STM32H7xx_HAL_Driver/Src/stm32h7xx_hal_tim_ex.c ****             (+++) Configure these TIM pins in Alternate function mode using HAL_GPIO_Init();
  54:HW_Lib/STM32H7/HAL_Lib/STM32H7xx_HAL_Driver/Src/stm32h7xx_hal_tim_ex.c **** 
  55:HW_Lib/STM32H7/HAL_Lib/STM32H7xx_HAL_Driver/Src/stm32h7xx_hal_tim_ex.c ****      (#) The external Clock can be configured, if needed (the default clock is the
  56:HW_Lib/STM32H7/HAL_Lib/STM32H7xx_HAL_Driver/Src/stm32h7xx_hal_tim_ex.c ****          internal clock from the APBx), using the following function:
  57:HW_Lib/STM32H7/HAL_Lib/STM32H7xx_HAL_Driver/Src/stm32h7xx_hal_tim_ex.c ****          HAL_TIM_ConfigClockSource, the clock configuration should be done before
  58:HW_Lib/STM32H7/HAL_Lib/STM32H7xx_HAL_Driver/Src/stm32h7xx_hal_tim_ex.c ****          any start function.
  59:HW_Lib/STM32H7/HAL_Lib/STM32H7xx_HAL_Driver/Src/stm32h7xx_hal_tim_ex.c **** 
  60:HW_Lib/STM32H7/HAL_Lib/STM32H7xx_HAL_Driver/Src/stm32h7xx_hal_tim_ex.c ****      (#) Configure the TIM in the desired functioning mode using one of the
  61:HW_Lib/STM32H7/HAL_Lib/STM32H7xx_HAL_Driver/Src/stm32h7xx_hal_tim_ex.c ****          initialization function of this driver:
  62:HW_Lib/STM32H7/HAL_Lib/STM32H7xx_HAL_Driver/Src/stm32h7xx_hal_tim_ex.c ****           (++) HAL_TIMEx_HallSensor_Init() and HAL_TIMEx_ConfigCommutEvent(): to use the
  63:HW_Lib/STM32H7/HAL_Lib/STM32H7xx_HAL_Driver/Src/stm32h7xx_hal_tim_ex.c ****                Timer Hall Sensor Interface and the commutation event with the corresponding
  64:HW_Lib/STM32H7/HAL_Lib/STM32H7xx_HAL_Driver/Src/stm32h7xx_hal_tim_ex.c ****                Interrupt and DMA request if needed (Note that One Timer is used to interface
  65:HW_Lib/STM32H7/HAL_Lib/STM32H7xx_HAL_Driver/Src/stm32h7xx_hal_tim_ex.c ****                with the Hall sensor Interface and another Timer should be used to use
  66:HW_Lib/STM32H7/HAL_Lib/STM32H7xx_HAL_Driver/Src/stm32h7xx_hal_tim_ex.c ****                the commutation event).
  67:HW_Lib/STM32H7/HAL_Lib/STM32H7xx_HAL_Driver/Src/stm32h7xx_hal_tim_ex.c **** 
  68:HW_Lib/STM32H7/HAL_Lib/STM32H7xx_HAL_Driver/Src/stm32h7xx_hal_tim_ex.c ****      (#) Activate the TIM peripheral using one of the start functions:
  69:HW_Lib/STM32H7/HAL_Lib/STM32H7xx_HAL_Driver/Src/stm32h7xx_hal_tim_ex.c ****            (++) Complementary Output Compare : HAL_TIMEx_OCN_Start(), HAL_TIMEx_OCN_Start_DMA(),
  70:HW_Lib/STM32H7/HAL_Lib/STM32H7xx_HAL_Driver/Src/stm32h7xx_hal_tim_ex.c ****                 HAL_TIMEx_OCN_Start_IT()
  71:HW_Lib/STM32H7/HAL_Lib/STM32H7xx_HAL_Driver/Src/stm32h7xx_hal_tim_ex.c ****            (++) Complementary PWM generation : HAL_TIMEx_PWMN_Start(), HAL_TIMEx_PWMN_Start_DMA(),
  72:HW_Lib/STM32H7/HAL_Lib/STM32H7xx_HAL_Driver/Src/stm32h7xx_hal_tim_ex.c ****                 HAL_TIMEx_PWMN_Start_IT()
  73:HW_Lib/STM32H7/HAL_Lib/STM32H7xx_HAL_Driver/Src/stm32h7xx_hal_tim_ex.c ****            (++) Complementary One-pulse mode output : HAL_TIMEx_OnePulseN_Start(), HAL_TIMEx_OnePul
  74:HW_Lib/STM32H7/HAL_Lib/STM32H7xx_HAL_Driver/Src/stm32h7xx_hal_tim_ex.c ****            (++) Hall Sensor output : HAL_TIMEx_HallSensor_Start(), HAL_TIMEx_HallSensor_Start_DMA()
  75:HW_Lib/STM32H7/HAL_Lib/STM32H7xx_HAL_Driver/Src/stm32h7xx_hal_tim_ex.c ****                 HAL_TIMEx_HallSensor_Start_IT().
  76:HW_Lib/STM32H7/HAL_Lib/STM32H7xx_HAL_Driver/Src/stm32h7xx_hal_tim_ex.c **** 
  77:HW_Lib/STM32H7/HAL_Lib/STM32H7xx_HAL_Driver/Src/stm32h7xx_hal_tim_ex.c ****   @endverbatim
  78:HW_Lib/STM32H7/HAL_Lib/STM32H7xx_HAL_Driver/Src/stm32h7xx_hal_tim_ex.c ****   ******************************************************************************
  79:HW_Lib/STM32H7/HAL_Lib/STM32H7xx_HAL_Driver/Src/stm32h7xx_hal_tim_ex.c ****   */
  80:HW_Lib/STM32H7/HAL_Lib/STM32H7xx_HAL_Driver/Src/stm32h7xx_hal_tim_ex.c **** 
  81:HW_Lib/STM32H7/HAL_Lib/STM32H7xx_HAL_Driver/Src/stm32h7xx_hal_tim_ex.c **** /* Includes ------------------------------------------------------------------*/
  82:HW_Lib/STM32H7/HAL_Lib/STM32H7xx_HAL_Driver/Src/stm32h7xx_hal_tim_ex.c **** #include "stm32h7xx_hal.h"
  83:HW_Lib/STM32H7/HAL_Lib/STM32H7xx_HAL_Driver/Src/stm32h7xx_hal_tim_ex.c **** 
  84:HW_Lib/STM32H7/HAL_Lib/STM32H7xx_HAL_Driver/Src/stm32h7xx_hal_tim_ex.c **** /** @addtogroup STM32H7xx_HAL_Driver
  85:HW_Lib/STM32H7/HAL_Lib/STM32H7xx_HAL_Driver/Src/stm32h7xx_hal_tim_ex.c ****   * @{
  86:HW_Lib/STM32H7/HAL_Lib/STM32H7xx_HAL_Driver/Src/stm32h7xx_hal_tim_ex.c ****   */
  87:HW_Lib/STM32H7/HAL_Lib/STM32H7xx_HAL_Driver/Src/stm32h7xx_hal_tim_ex.c **** 
  88:HW_Lib/STM32H7/HAL_Lib/STM32H7xx_HAL_Driver/Src/stm32h7xx_hal_tim_ex.c **** /** @defgroup TIMEx TIMEx
ARM GAS  C:\Users\HUAV\AppData\Local\Temp\ccIqAtUa.s 			page 3


  89:HW_Lib/STM32H7/HAL_Lib/STM32H7xx_HAL_Driver/Src/stm32h7xx_hal_tim_ex.c ****   * @brief TIM Extended HAL module driver
  90:HW_Lib/STM32H7/HAL_Lib/STM32H7xx_HAL_Driver/Src/stm32h7xx_hal_tim_ex.c ****   * @{
  91:HW_Lib/STM32H7/HAL_Lib/STM32H7xx_HAL_Driver/Src/stm32h7xx_hal_tim_ex.c ****   */
  92:HW_Lib/STM32H7/HAL_Lib/STM32H7xx_HAL_Driver/Src/stm32h7xx_hal_tim_ex.c **** 
  93:HW_Lib/STM32H7/HAL_Lib/STM32H7xx_HAL_Driver/Src/stm32h7xx_hal_tim_ex.c **** #ifdef HAL_TIM_MODULE_ENABLED
  94:HW_Lib/STM32H7/HAL_Lib/STM32H7xx_HAL_Driver/Src/stm32h7xx_hal_tim_ex.c **** 
  95:HW_Lib/STM32H7/HAL_Lib/STM32H7xx_HAL_Driver/Src/stm32h7xx_hal_tim_ex.c **** /* Private typedef -----------------------------------------------------------*/
  96:HW_Lib/STM32H7/HAL_Lib/STM32H7xx_HAL_Driver/Src/stm32h7xx_hal_tim_ex.c **** /* Private define ------------------------------------------------------------*/
  97:HW_Lib/STM32H7/HAL_Lib/STM32H7xx_HAL_Driver/Src/stm32h7xx_hal_tim_ex.c **** #if defined(TIM_BDTR_BKBID)
  98:HW_Lib/STM32H7/HAL_Lib/STM32H7xx_HAL_Driver/Src/stm32h7xx_hal_tim_ex.c **** /* Private constants ---------------------------------------------------------*/
  99:HW_Lib/STM32H7/HAL_Lib/STM32H7xx_HAL_Driver/Src/stm32h7xx_hal_tim_ex.c **** /** @defgroup TIMEx_Private_Constants TIM Extended Private Constants
 100:HW_Lib/STM32H7/HAL_Lib/STM32H7xx_HAL_Driver/Src/stm32h7xx_hal_tim_ex.c ****   * @{
 101:HW_Lib/STM32H7/HAL_Lib/STM32H7xx_HAL_Driver/Src/stm32h7xx_hal_tim_ex.c ****   */
 102:HW_Lib/STM32H7/HAL_Lib/STM32H7xx_HAL_Driver/Src/stm32h7xx_hal_tim_ex.c **** /* Timeout for break input rearm */
 103:HW_Lib/STM32H7/HAL_Lib/STM32H7xx_HAL_Driver/Src/stm32h7xx_hal_tim_ex.c **** #define TIM_BREAKINPUT_REARM_TIMEOUT    5UL /* 5 milliseconds */
 104:HW_Lib/STM32H7/HAL_Lib/STM32H7xx_HAL_Driver/Src/stm32h7xx_hal_tim_ex.c **** /**
 105:HW_Lib/STM32H7/HAL_Lib/STM32H7xx_HAL_Driver/Src/stm32h7xx_hal_tim_ex.c ****   * @}
 106:HW_Lib/STM32H7/HAL_Lib/STM32H7xx_HAL_Driver/Src/stm32h7xx_hal_tim_ex.c ****   */
 107:HW_Lib/STM32H7/HAL_Lib/STM32H7xx_HAL_Driver/Src/stm32h7xx_hal_tim_ex.c **** /* End of private constants --------------------------------------------------*/
 108:HW_Lib/STM32H7/HAL_Lib/STM32H7xx_HAL_Driver/Src/stm32h7xx_hal_tim_ex.c **** 
 109:HW_Lib/STM32H7/HAL_Lib/STM32H7xx_HAL_Driver/Src/stm32h7xx_hal_tim_ex.c **** #endif /* TIM_BDTR_BKBID */
 110:HW_Lib/STM32H7/HAL_Lib/STM32H7xx_HAL_Driver/Src/stm32h7xx_hal_tim_ex.c **** /* Private macros ------------------------------------------------------------*/
 111:HW_Lib/STM32H7/HAL_Lib/STM32H7xx_HAL_Driver/Src/stm32h7xx_hal_tim_ex.c **** /* Private variables ---------------------------------------------------------*/
 112:HW_Lib/STM32H7/HAL_Lib/STM32H7xx_HAL_Driver/Src/stm32h7xx_hal_tim_ex.c **** /* Private function prototypes -----------------------------------------------*/
 113:HW_Lib/STM32H7/HAL_Lib/STM32H7xx_HAL_Driver/Src/stm32h7xx_hal_tim_ex.c **** static void TIM_DMADelayPulseNCplt(DMA_HandleTypeDef *hdma);
 114:HW_Lib/STM32H7/HAL_Lib/STM32H7xx_HAL_Driver/Src/stm32h7xx_hal_tim_ex.c **** static void TIM_DMAErrorCCxN(DMA_HandleTypeDef *hdma);
 115:HW_Lib/STM32H7/HAL_Lib/STM32H7xx_HAL_Driver/Src/stm32h7xx_hal_tim_ex.c **** static void TIM_CCxNChannelCmd(TIM_TypeDef *TIMx, uint32_t Channel, uint32_t ChannelNState);
 116:HW_Lib/STM32H7/HAL_Lib/STM32H7xx_HAL_Driver/Src/stm32h7xx_hal_tim_ex.c **** 
 117:HW_Lib/STM32H7/HAL_Lib/STM32H7xx_HAL_Driver/Src/stm32h7xx_hal_tim_ex.c **** /* Exported functions --------------------------------------------------------*/
 118:HW_Lib/STM32H7/HAL_Lib/STM32H7xx_HAL_Driver/Src/stm32h7xx_hal_tim_ex.c **** /** @defgroup TIMEx_Exported_Functions TIM Extended Exported Functions
 119:HW_Lib/STM32H7/HAL_Lib/STM32H7xx_HAL_Driver/Src/stm32h7xx_hal_tim_ex.c ****   * @{
 120:HW_Lib/STM32H7/HAL_Lib/STM32H7xx_HAL_Driver/Src/stm32h7xx_hal_tim_ex.c ****   */
 121:HW_Lib/STM32H7/HAL_Lib/STM32H7xx_HAL_Driver/Src/stm32h7xx_hal_tim_ex.c **** 
 122:HW_Lib/STM32H7/HAL_Lib/STM32H7xx_HAL_Driver/Src/stm32h7xx_hal_tim_ex.c **** /** @defgroup TIMEx_Exported_Functions_Group1 Extended Timer Hall Sensor functions
 123:HW_Lib/STM32H7/HAL_Lib/STM32H7xx_HAL_Driver/Src/stm32h7xx_hal_tim_ex.c ****   * @brief    Timer Hall Sensor functions
 124:HW_Lib/STM32H7/HAL_Lib/STM32H7xx_HAL_Driver/Src/stm32h7xx_hal_tim_ex.c ****   *
 125:HW_Lib/STM32H7/HAL_Lib/STM32H7xx_HAL_Driver/Src/stm32h7xx_hal_tim_ex.c **** @verbatim
 126:HW_Lib/STM32H7/HAL_Lib/STM32H7xx_HAL_Driver/Src/stm32h7xx_hal_tim_ex.c ****   ==============================================================================
 127:HW_Lib/STM32H7/HAL_Lib/STM32H7xx_HAL_Driver/Src/stm32h7xx_hal_tim_ex.c ****                       ##### Timer Hall Sensor functions #####
 128:HW_Lib/STM32H7/HAL_Lib/STM32H7xx_HAL_Driver/Src/stm32h7xx_hal_tim_ex.c ****   ==============================================================================
 129:HW_Lib/STM32H7/HAL_Lib/STM32H7xx_HAL_Driver/Src/stm32h7xx_hal_tim_ex.c ****   [..]
 130:HW_Lib/STM32H7/HAL_Lib/STM32H7xx_HAL_Driver/Src/stm32h7xx_hal_tim_ex.c ****     This section provides functions allowing to:
 131:HW_Lib/STM32H7/HAL_Lib/STM32H7xx_HAL_Driver/Src/stm32h7xx_hal_tim_ex.c ****     (+) Initialize and configure TIM HAL Sensor.
 132:HW_Lib/STM32H7/HAL_Lib/STM32H7xx_HAL_Driver/Src/stm32h7xx_hal_tim_ex.c ****     (+) De-initialize TIM HAL Sensor.
 133:HW_Lib/STM32H7/HAL_Lib/STM32H7xx_HAL_Driver/Src/stm32h7xx_hal_tim_ex.c ****     (+) Start the Hall Sensor Interface.
 134:HW_Lib/STM32H7/HAL_Lib/STM32H7xx_HAL_Driver/Src/stm32h7xx_hal_tim_ex.c ****     (+) Stop the Hall Sensor Interface.
 135:HW_Lib/STM32H7/HAL_Lib/STM32H7xx_HAL_Driver/Src/stm32h7xx_hal_tim_ex.c ****     (+) Start the Hall Sensor Interface and enable interrupts.
 136:HW_Lib/STM32H7/HAL_Lib/STM32H7xx_HAL_Driver/Src/stm32h7xx_hal_tim_ex.c ****     (+) Stop the Hall Sensor Interface and disable interrupts.
 137:HW_Lib/STM32H7/HAL_Lib/STM32H7xx_HAL_Driver/Src/stm32h7xx_hal_tim_ex.c ****     (+) Start the Hall Sensor Interface and enable DMA transfers.
 138:HW_Lib/STM32H7/HAL_Lib/STM32H7xx_HAL_Driver/Src/stm32h7xx_hal_tim_ex.c ****     (+) Stop the Hall Sensor Interface and disable DMA transfers.
 139:HW_Lib/STM32H7/HAL_Lib/STM32H7xx_HAL_Driver/Src/stm32h7xx_hal_tim_ex.c **** 
 140:HW_Lib/STM32H7/HAL_Lib/STM32H7xx_HAL_Driver/Src/stm32h7xx_hal_tim_ex.c **** @endverbatim
 141:HW_Lib/STM32H7/HAL_Lib/STM32H7xx_HAL_Driver/Src/stm32h7xx_hal_tim_ex.c ****   * @{
 142:HW_Lib/STM32H7/HAL_Lib/STM32H7xx_HAL_Driver/Src/stm32h7xx_hal_tim_ex.c ****   */
 143:HW_Lib/STM32H7/HAL_Lib/STM32H7xx_HAL_Driver/Src/stm32h7xx_hal_tim_ex.c **** /**
 144:HW_Lib/STM32H7/HAL_Lib/STM32H7xx_HAL_Driver/Src/stm32h7xx_hal_tim_ex.c ****   * @brief  Initializes the TIM Hall Sensor Interface and initialize the associated handle.
 145:HW_Lib/STM32H7/HAL_Lib/STM32H7xx_HAL_Driver/Src/stm32h7xx_hal_tim_ex.c ****   * @note   When the timer instance is initialized in Hall Sensor Interface mode,
ARM GAS  C:\Users\HUAV\AppData\Local\Temp\ccIqAtUa.s 			page 4


 146:HW_Lib/STM32H7/HAL_Lib/STM32H7xx_HAL_Driver/Src/stm32h7xx_hal_tim_ex.c ****   *         timer channels 1 and channel 2 are reserved and cannot be used for
 147:HW_Lib/STM32H7/HAL_Lib/STM32H7xx_HAL_Driver/Src/stm32h7xx_hal_tim_ex.c ****   *         other purpose.
 148:HW_Lib/STM32H7/HAL_Lib/STM32H7xx_HAL_Driver/Src/stm32h7xx_hal_tim_ex.c ****   * @param  htim TIM Hall Sensor Interface handle
 149:HW_Lib/STM32H7/HAL_Lib/STM32H7xx_HAL_Driver/Src/stm32h7xx_hal_tim_ex.c ****   * @param  sConfig TIM Hall Sensor configuration structure
 150:HW_Lib/STM32H7/HAL_Lib/STM32H7xx_HAL_Driver/Src/stm32h7xx_hal_tim_ex.c ****   * @retval HAL status
 151:HW_Lib/STM32H7/HAL_Lib/STM32H7xx_HAL_Driver/Src/stm32h7xx_hal_tim_ex.c ****   */
 152:HW_Lib/STM32H7/HAL_Lib/STM32H7xx_HAL_Driver/Src/stm32h7xx_hal_tim_ex.c **** HAL_StatusTypeDef HAL_TIMEx_HallSensor_Init(TIM_HandleTypeDef *htim, TIM_HallSensor_InitTypeDef *sC
 153:HW_Lib/STM32H7/HAL_Lib/STM32H7xx_HAL_Driver/Src/stm32h7xx_hal_tim_ex.c **** {
  28              		.loc 1 153 1
  29              		.cfi_startproc
  30              		@ args = 0, pretend = 0, frame = 40
  31              		@ frame_needed = 1, uses_anonymous_args = 0
  32 0000 80B5     		push	{r7, lr}
  33              	.LCFI0:
  34              		.cfi_def_cfa_offset 8
  35              		.cfi_offset 7, -8
  36              		.cfi_offset 14, -4
  37 0002 8AB0     		sub	sp, sp, #40
  38              	.LCFI1:
  39              		.cfi_def_cfa_offset 48
  40 0004 00AF     		add	r7, sp, #0
  41              	.LCFI2:
  42              		.cfi_def_cfa_register 7
  43 0006 7860     		str	r0, [r7, #4]
  44 0008 3960     		str	r1, [r7]
 154:HW_Lib/STM32H7/HAL_Lib/STM32H7xx_HAL_Driver/Src/stm32h7xx_hal_tim_ex.c ****   TIM_OC_InitTypeDef OC_Config;
 155:HW_Lib/STM32H7/HAL_Lib/STM32H7xx_HAL_Driver/Src/stm32h7xx_hal_tim_ex.c **** 
 156:HW_Lib/STM32H7/HAL_Lib/STM32H7xx_HAL_Driver/Src/stm32h7xx_hal_tim_ex.c ****   /* Check the TIM handle allocation */
 157:HW_Lib/STM32H7/HAL_Lib/STM32H7xx_HAL_Driver/Src/stm32h7xx_hal_tim_ex.c ****   if (htim == NULL)
  45              		.loc 1 157 6
  46 000a 7B68     		ldr	r3, [r7, #4]
  47 000c 002B     		cmp	r3, #0
  48 000e 01D1     		bne	.L2
 158:HW_Lib/STM32H7/HAL_Lib/STM32H7xx_HAL_Driver/Src/stm32h7xx_hal_tim_ex.c ****   {
 159:HW_Lib/STM32H7/HAL_Lib/STM32H7xx_HAL_Driver/Src/stm32h7xx_hal_tim_ex.c ****     return HAL_ERROR;
  49              		.loc 1 159 12
  50 0010 0123     		movs	r3, #1
  51 0012 9AE0     		b	.L5
  52              	.L2:
 160:HW_Lib/STM32H7/HAL_Lib/STM32H7xx_HAL_Driver/Src/stm32h7xx_hal_tim_ex.c ****   }
 161:HW_Lib/STM32H7/HAL_Lib/STM32H7xx_HAL_Driver/Src/stm32h7xx_hal_tim_ex.c **** 
 162:HW_Lib/STM32H7/HAL_Lib/STM32H7xx_HAL_Driver/Src/stm32h7xx_hal_tim_ex.c ****   /* Check the parameters */
 163:HW_Lib/STM32H7/HAL_Lib/STM32H7xx_HAL_Driver/Src/stm32h7xx_hal_tim_ex.c ****   assert_param(IS_TIM_HALL_SENSOR_INTERFACE_INSTANCE(htim->Instance));
 164:HW_Lib/STM32H7/HAL_Lib/STM32H7xx_HAL_Driver/Src/stm32h7xx_hal_tim_ex.c ****   assert_param(IS_TIM_COUNTER_MODE(htim->Init.CounterMode));
 165:HW_Lib/STM32H7/HAL_Lib/STM32H7xx_HAL_Driver/Src/stm32h7xx_hal_tim_ex.c ****   assert_param(IS_TIM_CLOCKDIVISION_DIV(htim->Init.ClockDivision));
 166:HW_Lib/STM32H7/HAL_Lib/STM32H7xx_HAL_Driver/Src/stm32h7xx_hal_tim_ex.c ****   assert_param(IS_TIM_AUTORELOAD_PRELOAD(htim->Init.AutoReloadPreload));
 167:HW_Lib/STM32H7/HAL_Lib/STM32H7xx_HAL_Driver/Src/stm32h7xx_hal_tim_ex.c ****   assert_param(IS_TIM_IC_POLARITY(sConfig->IC1Polarity));
 168:HW_Lib/STM32H7/HAL_Lib/STM32H7xx_HAL_Driver/Src/stm32h7xx_hal_tim_ex.c ****   assert_param(IS_TIM_IC_PRESCALER(sConfig->IC1Prescaler));
 169:HW_Lib/STM32H7/HAL_Lib/STM32H7xx_HAL_Driver/Src/stm32h7xx_hal_tim_ex.c ****   assert_param(IS_TIM_IC_FILTER(sConfig->IC1Filter));
 170:HW_Lib/STM32H7/HAL_Lib/STM32H7xx_HAL_Driver/Src/stm32h7xx_hal_tim_ex.c **** 
 171:HW_Lib/STM32H7/HAL_Lib/STM32H7xx_HAL_Driver/Src/stm32h7xx_hal_tim_ex.c ****   if (htim->State == HAL_TIM_STATE_RESET)
  53              		.loc 1 171 11
  54 0014 7B68     		ldr	r3, [r7, #4]
  55 0016 93F83D30 		ldrb	r3, [r3, #61]
  56 001a DBB2     		uxtb	r3, r3
  57              		.loc 1 171 6
  58 001c 002B     		cmp	r3, #0
ARM GAS  C:\Users\HUAV\AppData\Local\Temp\ccIqAtUa.s 			page 5


  59 001e 06D1     		bne	.L4
 172:HW_Lib/STM32H7/HAL_Lib/STM32H7xx_HAL_Driver/Src/stm32h7xx_hal_tim_ex.c ****   {
 173:HW_Lib/STM32H7/HAL_Lib/STM32H7xx_HAL_Driver/Src/stm32h7xx_hal_tim_ex.c ****     /* Allocate lock resource and initialize it */
 174:HW_Lib/STM32H7/HAL_Lib/STM32H7xx_HAL_Driver/Src/stm32h7xx_hal_tim_ex.c ****     htim->Lock = HAL_UNLOCKED;
  60              		.loc 1 174 16
  61 0020 7B68     		ldr	r3, [r7, #4]
  62 0022 0022     		movs	r2, #0
  63 0024 83F83C20 		strb	r2, [r3, #60]
 175:HW_Lib/STM32H7/HAL_Lib/STM32H7xx_HAL_Driver/Src/stm32h7xx_hal_tim_ex.c **** 
 176:HW_Lib/STM32H7/HAL_Lib/STM32H7xx_HAL_Driver/Src/stm32h7xx_hal_tim_ex.c **** #if (USE_HAL_TIM_REGISTER_CALLBACKS == 1)
 177:HW_Lib/STM32H7/HAL_Lib/STM32H7xx_HAL_Driver/Src/stm32h7xx_hal_tim_ex.c ****     /* Reset interrupt callbacks to legacy week callbacks */
 178:HW_Lib/STM32H7/HAL_Lib/STM32H7xx_HAL_Driver/Src/stm32h7xx_hal_tim_ex.c ****     TIM_ResetCallback(htim);
 179:HW_Lib/STM32H7/HAL_Lib/STM32H7xx_HAL_Driver/Src/stm32h7xx_hal_tim_ex.c **** 
 180:HW_Lib/STM32H7/HAL_Lib/STM32H7xx_HAL_Driver/Src/stm32h7xx_hal_tim_ex.c ****     if (htim->HallSensor_MspInitCallback == NULL)
 181:HW_Lib/STM32H7/HAL_Lib/STM32H7xx_HAL_Driver/Src/stm32h7xx_hal_tim_ex.c ****     {
 182:HW_Lib/STM32H7/HAL_Lib/STM32H7xx_HAL_Driver/Src/stm32h7xx_hal_tim_ex.c ****       htim->HallSensor_MspInitCallback = HAL_TIMEx_HallSensor_MspInit;
 183:HW_Lib/STM32H7/HAL_Lib/STM32H7xx_HAL_Driver/Src/stm32h7xx_hal_tim_ex.c ****     }
 184:HW_Lib/STM32H7/HAL_Lib/STM32H7xx_HAL_Driver/Src/stm32h7xx_hal_tim_ex.c ****     /* Init the low level hardware : GPIO, CLOCK, NVIC */
 185:HW_Lib/STM32H7/HAL_Lib/STM32H7xx_HAL_Driver/Src/stm32h7xx_hal_tim_ex.c ****     htim->HallSensor_MspInitCallback(htim);
 186:HW_Lib/STM32H7/HAL_Lib/STM32H7xx_HAL_Driver/Src/stm32h7xx_hal_tim_ex.c **** #else
 187:HW_Lib/STM32H7/HAL_Lib/STM32H7xx_HAL_Driver/Src/stm32h7xx_hal_tim_ex.c ****     /* Init the low level hardware : GPIO, CLOCK, NVIC and DMA */
 188:HW_Lib/STM32H7/HAL_Lib/STM32H7xx_HAL_Driver/Src/stm32h7xx_hal_tim_ex.c ****     HAL_TIMEx_HallSensor_MspInit(htim);
  64              		.loc 1 188 5
  65 0028 7868     		ldr	r0, [r7, #4]
  66 002a FFF7FEFF 		bl	HAL_TIMEx_HallSensor_MspInit
  67              	.L4:
 189:HW_Lib/STM32H7/HAL_Lib/STM32H7xx_HAL_Driver/Src/stm32h7xx_hal_tim_ex.c **** #endif /* USE_HAL_TIM_REGISTER_CALLBACKS */
 190:HW_Lib/STM32H7/HAL_Lib/STM32H7xx_HAL_Driver/Src/stm32h7xx_hal_tim_ex.c ****   }
 191:HW_Lib/STM32H7/HAL_Lib/STM32H7xx_HAL_Driver/Src/stm32h7xx_hal_tim_ex.c **** 
 192:HW_Lib/STM32H7/HAL_Lib/STM32H7xx_HAL_Driver/Src/stm32h7xx_hal_tim_ex.c ****   /* Set the TIM state */
 193:HW_Lib/STM32H7/HAL_Lib/STM32H7xx_HAL_Driver/Src/stm32h7xx_hal_tim_ex.c ****   htim->State = HAL_TIM_STATE_BUSY;
  68              		.loc 1 193 15
  69 002e 7B68     		ldr	r3, [r7, #4]
  70 0030 0222     		movs	r2, #2
  71 0032 83F83D20 		strb	r2, [r3, #61]
 194:HW_Lib/STM32H7/HAL_Lib/STM32H7xx_HAL_Driver/Src/stm32h7xx_hal_tim_ex.c **** 
 195:HW_Lib/STM32H7/HAL_Lib/STM32H7xx_HAL_Driver/Src/stm32h7xx_hal_tim_ex.c ****   /* Configure the Time base in the Encoder Mode */
 196:HW_Lib/STM32H7/HAL_Lib/STM32H7xx_HAL_Driver/Src/stm32h7xx_hal_tim_ex.c ****   TIM_Base_SetConfig(htim->Instance, &htim->Init);
  72              		.loc 1 196 3
  73 0036 7B68     		ldr	r3, [r7, #4]
  74 0038 1A68     		ldr	r2, [r3]
  75 003a 7B68     		ldr	r3, [r7, #4]
  76 003c 0433     		adds	r3, r3, #4
  77 003e 1946     		mov	r1, r3
  78 0040 1046     		mov	r0, r2
  79 0042 FFF7FEFF 		bl	TIM_Base_SetConfig
 197:HW_Lib/STM32H7/HAL_Lib/STM32H7xx_HAL_Driver/Src/stm32h7xx_hal_tim_ex.c **** 
 198:HW_Lib/STM32H7/HAL_Lib/STM32H7xx_HAL_Driver/Src/stm32h7xx_hal_tim_ex.c ****   /* Configure the Channel 1 as Input Channel to interface with the three Outputs of the  Hall sens
 199:HW_Lib/STM32H7/HAL_Lib/STM32H7xx_HAL_Driver/Src/stm32h7xx_hal_tim_ex.c ****   TIM_TI1_SetConfig(htim->Instance, sConfig->IC1Polarity, TIM_ICSELECTION_TRC, sConfig->IC1Filter);
  80              		.loc 1 199 3
  81 0046 7B68     		ldr	r3, [r7, #4]
  82 0048 1868     		ldr	r0, [r3]
  83 004a 3B68     		ldr	r3, [r7]
  84 004c 1968     		ldr	r1, [r3]
  85 004e 3B68     		ldr	r3, [r7]
  86 0050 9B68     		ldr	r3, [r3, #8]
  87 0052 0322     		movs	r2, #3
ARM GAS  C:\Users\HUAV\AppData\Local\Temp\ccIqAtUa.s 			page 6


  88 0054 FFF7FEFF 		bl	TIM_TI1_SetConfig
 200:HW_Lib/STM32H7/HAL_Lib/STM32H7xx_HAL_Driver/Src/stm32h7xx_hal_tim_ex.c **** 
 201:HW_Lib/STM32H7/HAL_Lib/STM32H7xx_HAL_Driver/Src/stm32h7xx_hal_tim_ex.c ****   /* Reset the IC1PSC Bits */
 202:HW_Lib/STM32H7/HAL_Lib/STM32H7xx_HAL_Driver/Src/stm32h7xx_hal_tim_ex.c ****   htim->Instance->CCMR1 &= ~TIM_CCMR1_IC1PSC;
  89              		.loc 1 202 7
  90 0058 7B68     		ldr	r3, [r7, #4]
  91 005a 1B68     		ldr	r3, [r3]
  92              		.loc 1 202 25
  93 005c 9A69     		ldr	r2, [r3, #24]
  94              		.loc 1 202 7
  95 005e 7B68     		ldr	r3, [r7, #4]
  96 0060 1B68     		ldr	r3, [r3]
  97              		.loc 1 202 25
  98 0062 22F00C02 		bic	r2, r2, #12
  99 0066 9A61     		str	r2, [r3, #24]
 203:HW_Lib/STM32H7/HAL_Lib/STM32H7xx_HAL_Driver/Src/stm32h7xx_hal_tim_ex.c ****   /* Set the IC1PSC value */
 204:HW_Lib/STM32H7/HAL_Lib/STM32H7xx_HAL_Driver/Src/stm32h7xx_hal_tim_ex.c ****   htim->Instance->CCMR1 |= sConfig->IC1Prescaler;
 100              		.loc 1 204 7
 101 0068 7B68     		ldr	r3, [r7, #4]
 102 006a 1B68     		ldr	r3, [r3]
 103              		.loc 1 204 25
 104 006c 9969     		ldr	r1, [r3, #24]
 105              		.loc 1 204 35
 106 006e 3B68     		ldr	r3, [r7]
 107 0070 5A68     		ldr	r2, [r3, #4]
 108              		.loc 1 204 7
 109 0072 7B68     		ldr	r3, [r7, #4]
 110 0074 1B68     		ldr	r3, [r3]
 111              		.loc 1 204 25
 112 0076 0A43     		orrs	r2, r2, r1
 113 0078 9A61     		str	r2, [r3, #24]
 205:HW_Lib/STM32H7/HAL_Lib/STM32H7xx_HAL_Driver/Src/stm32h7xx_hal_tim_ex.c **** 
 206:HW_Lib/STM32H7/HAL_Lib/STM32H7xx_HAL_Driver/Src/stm32h7xx_hal_tim_ex.c ****   /* Enable the Hall sensor interface (XOR function of the three inputs) */
 207:HW_Lib/STM32H7/HAL_Lib/STM32H7xx_HAL_Driver/Src/stm32h7xx_hal_tim_ex.c ****   htim->Instance->CR2 |= TIM_CR2_TI1S;
 114              		.loc 1 207 7
 115 007a 7B68     		ldr	r3, [r7, #4]
 116 007c 1B68     		ldr	r3, [r3]
 117              		.loc 1 207 23
 118 007e 5A68     		ldr	r2, [r3, #4]
 119              		.loc 1 207 7
 120 0080 7B68     		ldr	r3, [r7, #4]
 121 0082 1B68     		ldr	r3, [r3]
 122              		.loc 1 207 23
 123 0084 42F08002 		orr	r2, r2, #128
 124 0088 5A60     		str	r2, [r3, #4]
 208:HW_Lib/STM32H7/HAL_Lib/STM32H7xx_HAL_Driver/Src/stm32h7xx_hal_tim_ex.c **** 
 209:HW_Lib/STM32H7/HAL_Lib/STM32H7xx_HAL_Driver/Src/stm32h7xx_hal_tim_ex.c ****   /* Select the TIM_TS_TI1F_ED signal as Input trigger for the TIM */
 210:HW_Lib/STM32H7/HAL_Lib/STM32H7xx_HAL_Driver/Src/stm32h7xx_hal_tim_ex.c ****   htim->Instance->SMCR &= ~TIM_SMCR_TS;
 125              		.loc 1 210 7
 126 008a 7B68     		ldr	r3, [r7, #4]
 127 008c 1B68     		ldr	r3, [r3]
 128              		.loc 1 210 24
 129 008e 9968     		ldr	r1, [r3, #8]
 130              		.loc 1 210 7
 131 0090 7B68     		ldr	r3, [r7, #4]
 132 0092 1A68     		ldr	r2, [r3]
 133              		.loc 1 210 24
ARM GAS  C:\Users\HUAV\AppData\Local\Temp\ccIqAtUa.s 			page 7


 134 0094 2F4B     		ldr	r3, .L6
 135 0096 0B40     		ands	r3, r3, r1
 136 0098 9360     		str	r3, [r2, #8]
 211:HW_Lib/STM32H7/HAL_Lib/STM32H7xx_HAL_Driver/Src/stm32h7xx_hal_tim_ex.c ****   htim->Instance->SMCR |= TIM_TS_TI1F_ED;
 137              		.loc 1 211 7
 138 009a 7B68     		ldr	r3, [r7, #4]
 139 009c 1B68     		ldr	r3, [r3]
 140              		.loc 1 211 24
 141 009e 9A68     		ldr	r2, [r3, #8]
 142              		.loc 1 211 7
 143 00a0 7B68     		ldr	r3, [r7, #4]
 144 00a2 1B68     		ldr	r3, [r3]
 145              		.loc 1 211 24
 146 00a4 42F04002 		orr	r2, r2, #64
 147 00a8 9A60     		str	r2, [r3, #8]
 212:HW_Lib/STM32H7/HAL_Lib/STM32H7xx_HAL_Driver/Src/stm32h7xx_hal_tim_ex.c **** 
 213:HW_Lib/STM32H7/HAL_Lib/STM32H7xx_HAL_Driver/Src/stm32h7xx_hal_tim_ex.c ****   /* Use the TIM_TS_TI1F_ED signal to reset the TIM counter each edge detection */
 214:HW_Lib/STM32H7/HAL_Lib/STM32H7xx_HAL_Driver/Src/stm32h7xx_hal_tim_ex.c ****   htim->Instance->SMCR &= ~TIM_SMCR_SMS;
 148              		.loc 1 214 7
 149 00aa 7B68     		ldr	r3, [r7, #4]
 150 00ac 1B68     		ldr	r3, [r3]
 151              		.loc 1 214 24
 152 00ae 9968     		ldr	r1, [r3, #8]
 153              		.loc 1 214 7
 154 00b0 7B68     		ldr	r3, [r7, #4]
 155 00b2 1A68     		ldr	r2, [r3]
 156              		.loc 1 214 24
 157 00b4 284B     		ldr	r3, .L6+4
 158 00b6 0B40     		ands	r3, r3, r1
 159 00b8 9360     		str	r3, [r2, #8]
 215:HW_Lib/STM32H7/HAL_Lib/STM32H7xx_HAL_Driver/Src/stm32h7xx_hal_tim_ex.c ****   htim->Instance->SMCR |= TIM_SLAVEMODE_RESET;
 160              		.loc 1 215 7
 161 00ba 7B68     		ldr	r3, [r7, #4]
 162 00bc 1B68     		ldr	r3, [r3]
 163              		.loc 1 215 24
 164 00be 9A68     		ldr	r2, [r3, #8]
 165              		.loc 1 215 7
 166 00c0 7B68     		ldr	r3, [r7, #4]
 167 00c2 1B68     		ldr	r3, [r3]
 168              		.loc 1 215 24
 169 00c4 42F00402 		orr	r2, r2, #4
 170 00c8 9A60     		str	r2, [r3, #8]
 216:HW_Lib/STM32H7/HAL_Lib/STM32H7xx_HAL_Driver/Src/stm32h7xx_hal_tim_ex.c **** 
 217:HW_Lib/STM32H7/HAL_Lib/STM32H7xx_HAL_Driver/Src/stm32h7xx_hal_tim_ex.c ****   /* Program channel 2 in PWM 2 mode with the desired Commutation_Delay*/
 218:HW_Lib/STM32H7/HAL_Lib/STM32H7xx_HAL_Driver/Src/stm32h7xx_hal_tim_ex.c ****   OC_Config.OCFastMode = TIM_OCFAST_DISABLE;
 171              		.loc 1 218 24
 172 00ca 0023     		movs	r3, #0
 173 00cc FB61     		str	r3, [r7, #28]
 219:HW_Lib/STM32H7/HAL_Lib/STM32H7xx_HAL_Driver/Src/stm32h7xx_hal_tim_ex.c ****   OC_Config.OCIdleState = TIM_OCIDLESTATE_RESET;
 174              		.loc 1 219 25
 175 00ce 0023     		movs	r3, #0
 176 00d0 3B62     		str	r3, [r7, #32]
 220:HW_Lib/STM32H7/HAL_Lib/STM32H7xx_HAL_Driver/Src/stm32h7xx_hal_tim_ex.c ****   OC_Config.OCMode = TIM_OCMODE_PWM2;
 177              		.loc 1 220 20
 178 00d2 7023     		movs	r3, #112
 179 00d4 FB60     		str	r3, [r7, #12]
 221:HW_Lib/STM32H7/HAL_Lib/STM32H7xx_HAL_Driver/Src/stm32h7xx_hal_tim_ex.c ****   OC_Config.OCNIdleState = TIM_OCNIDLESTATE_RESET;
ARM GAS  C:\Users\HUAV\AppData\Local\Temp\ccIqAtUa.s 			page 8


 180              		.loc 1 221 26
 181 00d6 0023     		movs	r3, #0
 182 00d8 7B62     		str	r3, [r7, #36]
 222:HW_Lib/STM32H7/HAL_Lib/STM32H7xx_HAL_Driver/Src/stm32h7xx_hal_tim_ex.c ****   OC_Config.OCNPolarity = TIM_OCNPOLARITY_HIGH;
 183              		.loc 1 222 25
 184 00da 0023     		movs	r3, #0
 185 00dc BB61     		str	r3, [r7, #24]
 223:HW_Lib/STM32H7/HAL_Lib/STM32H7xx_HAL_Driver/Src/stm32h7xx_hal_tim_ex.c ****   OC_Config.OCPolarity = TIM_OCPOLARITY_HIGH;
 186              		.loc 1 223 24
 187 00de 0023     		movs	r3, #0
 188 00e0 7B61     		str	r3, [r7, #20]
 224:HW_Lib/STM32H7/HAL_Lib/STM32H7xx_HAL_Driver/Src/stm32h7xx_hal_tim_ex.c ****   OC_Config.Pulse = sConfig->Commutation_Delay;
 189              		.loc 1 224 28
 190 00e2 3B68     		ldr	r3, [r7]
 191 00e4 DB68     		ldr	r3, [r3, #12]
 192              		.loc 1 224 19
 193 00e6 3B61     		str	r3, [r7, #16]
 225:HW_Lib/STM32H7/HAL_Lib/STM32H7xx_HAL_Driver/Src/stm32h7xx_hal_tim_ex.c **** 
 226:HW_Lib/STM32H7/HAL_Lib/STM32H7xx_HAL_Driver/Src/stm32h7xx_hal_tim_ex.c ****   TIM_OC2_SetConfig(htim->Instance, &OC_Config);
 194              		.loc 1 226 3
 195 00e8 7B68     		ldr	r3, [r7, #4]
 196 00ea 1B68     		ldr	r3, [r3]
 197 00ec 07F10C02 		add	r2, r7, #12
 198 00f0 1146     		mov	r1, r2
 199 00f2 1846     		mov	r0, r3
 200 00f4 FFF7FEFF 		bl	TIM_OC2_SetConfig
 227:HW_Lib/STM32H7/HAL_Lib/STM32H7xx_HAL_Driver/Src/stm32h7xx_hal_tim_ex.c **** 
 228:HW_Lib/STM32H7/HAL_Lib/STM32H7xx_HAL_Driver/Src/stm32h7xx_hal_tim_ex.c ****   /* Select OC2REF as trigger output on TRGO: write the MMS bits in the TIMx_CR2
 229:HW_Lib/STM32H7/HAL_Lib/STM32H7xx_HAL_Driver/Src/stm32h7xx_hal_tim_ex.c ****     register to 101 */
 230:HW_Lib/STM32H7/HAL_Lib/STM32H7xx_HAL_Driver/Src/stm32h7xx_hal_tim_ex.c ****   htim->Instance->CR2 &= ~TIM_CR2_MMS;
 201              		.loc 1 230 7
 202 00f8 7B68     		ldr	r3, [r7, #4]
 203 00fa 1B68     		ldr	r3, [r3]
 204              		.loc 1 230 23
 205 00fc 5A68     		ldr	r2, [r3, #4]
 206              		.loc 1 230 7
 207 00fe 7B68     		ldr	r3, [r7, #4]
 208 0100 1B68     		ldr	r3, [r3]
 209              		.loc 1 230 23
 210 0102 22F07002 		bic	r2, r2, #112
 211 0106 5A60     		str	r2, [r3, #4]
 231:HW_Lib/STM32H7/HAL_Lib/STM32H7xx_HAL_Driver/Src/stm32h7xx_hal_tim_ex.c ****   htim->Instance->CR2 |= TIM_TRGO_OC2REF;
 212              		.loc 1 231 7
 213 0108 7B68     		ldr	r3, [r7, #4]
 214 010a 1B68     		ldr	r3, [r3]
 215              		.loc 1 231 23
 216 010c 5A68     		ldr	r2, [r3, #4]
 217              		.loc 1 231 7
 218 010e 7B68     		ldr	r3, [r7, #4]
 219 0110 1B68     		ldr	r3, [r3]
 220              		.loc 1 231 23
 221 0112 42F05002 		orr	r2, r2, #80
 222 0116 5A60     		str	r2, [r3, #4]
 232:HW_Lib/STM32H7/HAL_Lib/STM32H7xx_HAL_Driver/Src/stm32h7xx_hal_tim_ex.c **** 
 233:HW_Lib/STM32H7/HAL_Lib/STM32H7xx_HAL_Driver/Src/stm32h7xx_hal_tim_ex.c ****   /* Initialize the DMA burst operation state */
 234:HW_Lib/STM32H7/HAL_Lib/STM32H7xx_HAL_Driver/Src/stm32h7xx_hal_tim_ex.c ****   htim->DMABurstState = HAL_DMA_BURST_STATE_READY;
 223              		.loc 1 234 23
ARM GAS  C:\Users\HUAV\AppData\Local\Temp\ccIqAtUa.s 			page 9


 224 0118 7B68     		ldr	r3, [r7, #4]
 225 011a 0122     		movs	r2, #1
 226 011c 83F84820 		strb	r2, [r3, #72]
 235:HW_Lib/STM32H7/HAL_Lib/STM32H7xx_HAL_Driver/Src/stm32h7xx_hal_tim_ex.c **** 
 236:HW_Lib/STM32H7/HAL_Lib/STM32H7xx_HAL_Driver/Src/stm32h7xx_hal_tim_ex.c ****   /* Initialize the TIM channels state */
 237:HW_Lib/STM32H7/HAL_Lib/STM32H7xx_HAL_Driver/Src/stm32h7xx_hal_tim_ex.c ****   TIM_CHANNEL_STATE_SET(htim, TIM_CHANNEL_1, HAL_TIM_CHANNEL_STATE_READY);
 227              		.loc 1 237 3
 228 0120 7B68     		ldr	r3, [r7, #4]
 229 0122 0122     		movs	r2, #1
 230 0124 83F83E20 		strb	r2, [r3, #62]
 238:HW_Lib/STM32H7/HAL_Lib/STM32H7xx_HAL_Driver/Src/stm32h7xx_hal_tim_ex.c ****   TIM_CHANNEL_STATE_SET(htim, TIM_CHANNEL_2, HAL_TIM_CHANNEL_STATE_READY);
 231              		.loc 1 238 3
 232 0128 7B68     		ldr	r3, [r7, #4]
 233 012a 0122     		movs	r2, #1
 234 012c 83F83F20 		strb	r2, [r3, #63]
 239:HW_Lib/STM32H7/HAL_Lib/STM32H7xx_HAL_Driver/Src/stm32h7xx_hal_tim_ex.c ****   TIM_CHANNEL_N_STATE_SET(htim, TIM_CHANNEL_1, HAL_TIM_CHANNEL_STATE_READY);
 235              		.loc 1 239 3
 236 0130 7B68     		ldr	r3, [r7, #4]
 237 0132 0122     		movs	r2, #1
 238 0134 83F84420 		strb	r2, [r3, #68]
 240:HW_Lib/STM32H7/HAL_Lib/STM32H7xx_HAL_Driver/Src/stm32h7xx_hal_tim_ex.c ****   TIM_CHANNEL_N_STATE_SET(htim, TIM_CHANNEL_2, HAL_TIM_CHANNEL_STATE_READY);
 239              		.loc 1 240 3
 240 0138 7B68     		ldr	r3, [r7, #4]
 241 013a 0122     		movs	r2, #1
 242 013c 83F84520 		strb	r2, [r3, #69]
 241:HW_Lib/STM32H7/HAL_Lib/STM32H7xx_HAL_Driver/Src/stm32h7xx_hal_tim_ex.c **** 
 242:HW_Lib/STM32H7/HAL_Lib/STM32H7xx_HAL_Driver/Src/stm32h7xx_hal_tim_ex.c ****   /* Initialize the TIM state*/
 243:HW_Lib/STM32H7/HAL_Lib/STM32H7xx_HAL_Driver/Src/stm32h7xx_hal_tim_ex.c ****   htim->State = HAL_TIM_STATE_READY;
 243              		.loc 1 243 15
 244 0140 7B68     		ldr	r3, [r7, #4]
 245 0142 0122     		movs	r2, #1
 246 0144 83F83D20 		strb	r2, [r3, #61]
 244:HW_Lib/STM32H7/HAL_Lib/STM32H7xx_HAL_Driver/Src/stm32h7xx_hal_tim_ex.c **** 
 245:HW_Lib/STM32H7/HAL_Lib/STM32H7xx_HAL_Driver/Src/stm32h7xx_hal_tim_ex.c ****   return HAL_OK;
 247              		.loc 1 245 10
 248 0148 0023     		movs	r3, #0
 249              	.L5:
 246:HW_Lib/STM32H7/HAL_Lib/STM32H7xx_HAL_Driver/Src/stm32h7xx_hal_tim_ex.c **** }
 250              		.loc 1 246 1 discriminator 1
 251 014a 1846     		mov	r0, r3
 252 014c 2837     		adds	r7, r7, #40
 253              	.LCFI3:
 254              		.cfi_def_cfa_offset 8
 255 014e BD46     		mov	sp, r7
 256              	.LCFI4:
 257              		.cfi_def_cfa_register 13
 258              		@ sp needed
 259 0150 80BD     		pop	{r7, pc}
 260              	.L7:
 261 0152 00BF     		.align	2
 262              	.L6:
 263 0154 8FFFCFFF 		.word	-3145841
 264 0158 F8FFFEFF 		.word	-65544
 265              		.cfi_endproc
 266              	.LFE333:
 268              		.section	.text.HAL_TIMEx_HallSensor_DeInit,"ax",%progbits
 269              		.align	1
ARM GAS  C:\Users\HUAV\AppData\Local\Temp\ccIqAtUa.s 			page 10


 270              		.global	HAL_TIMEx_HallSensor_DeInit
 271              		.syntax unified
 272              		.thumb
 273              		.thumb_func
 275              	HAL_TIMEx_HallSensor_DeInit:
 276              	.LFB334:
 247:HW_Lib/STM32H7/HAL_Lib/STM32H7xx_HAL_Driver/Src/stm32h7xx_hal_tim_ex.c **** 
 248:HW_Lib/STM32H7/HAL_Lib/STM32H7xx_HAL_Driver/Src/stm32h7xx_hal_tim_ex.c **** /**
 249:HW_Lib/STM32H7/HAL_Lib/STM32H7xx_HAL_Driver/Src/stm32h7xx_hal_tim_ex.c ****   * @brief  DeInitializes the TIM Hall Sensor interface
 250:HW_Lib/STM32H7/HAL_Lib/STM32H7xx_HAL_Driver/Src/stm32h7xx_hal_tim_ex.c ****   * @param  htim TIM Hall Sensor Interface handle
 251:HW_Lib/STM32H7/HAL_Lib/STM32H7xx_HAL_Driver/Src/stm32h7xx_hal_tim_ex.c ****   * @retval HAL status
 252:HW_Lib/STM32H7/HAL_Lib/STM32H7xx_HAL_Driver/Src/stm32h7xx_hal_tim_ex.c ****   */
 253:HW_Lib/STM32H7/HAL_Lib/STM32H7xx_HAL_Driver/Src/stm32h7xx_hal_tim_ex.c **** HAL_StatusTypeDef HAL_TIMEx_HallSensor_DeInit(TIM_HandleTypeDef *htim)
 254:HW_Lib/STM32H7/HAL_Lib/STM32H7xx_HAL_Driver/Src/stm32h7xx_hal_tim_ex.c **** {
 277              		.loc 1 254 1
 278              		.cfi_startproc
 279              		@ args = 0, pretend = 0, frame = 8
 280              		@ frame_needed = 1, uses_anonymous_args = 0
 281 0000 80B5     		push	{r7, lr}
 282              	.LCFI5:
 283              		.cfi_def_cfa_offset 8
 284              		.cfi_offset 7, -8
 285              		.cfi_offset 14, -4
 286 0002 82B0     		sub	sp, sp, #8
 287              	.LCFI6:
 288              		.cfi_def_cfa_offset 16
 289 0004 00AF     		add	r7, sp, #0
 290              	.LCFI7:
 291              		.cfi_def_cfa_register 7
 292 0006 7860     		str	r0, [r7, #4]
 255:HW_Lib/STM32H7/HAL_Lib/STM32H7xx_HAL_Driver/Src/stm32h7xx_hal_tim_ex.c ****   /* Check the parameters */
 256:HW_Lib/STM32H7/HAL_Lib/STM32H7xx_HAL_Driver/Src/stm32h7xx_hal_tim_ex.c ****   assert_param(IS_TIM_INSTANCE(htim->Instance));
 257:HW_Lib/STM32H7/HAL_Lib/STM32H7xx_HAL_Driver/Src/stm32h7xx_hal_tim_ex.c **** 
 258:HW_Lib/STM32H7/HAL_Lib/STM32H7xx_HAL_Driver/Src/stm32h7xx_hal_tim_ex.c ****   htim->State = HAL_TIM_STATE_BUSY;
 293              		.loc 1 258 15
 294 0008 7B68     		ldr	r3, [r7, #4]
 295 000a 0222     		movs	r2, #2
 296 000c 83F83D20 		strb	r2, [r3, #61]
 259:HW_Lib/STM32H7/HAL_Lib/STM32H7xx_HAL_Driver/Src/stm32h7xx_hal_tim_ex.c **** 
 260:HW_Lib/STM32H7/HAL_Lib/STM32H7xx_HAL_Driver/Src/stm32h7xx_hal_tim_ex.c ****   /* Disable the TIM Peripheral Clock */
 261:HW_Lib/STM32H7/HAL_Lib/STM32H7xx_HAL_Driver/Src/stm32h7xx_hal_tim_ex.c ****   __HAL_TIM_DISABLE(htim);
 297              		.loc 1 261 3
 298 0010 7B68     		ldr	r3, [r7, #4]
 299 0012 1B68     		ldr	r3, [r3]
 300 0014 1A6A     		ldr	r2, [r3, #32]
 301 0016 41F21113 		movw	r3, #4369
 302 001a 1340     		ands	r3, r3, r2
 303 001c 002B     		cmp	r3, #0
 304 001e 0FD1     		bne	.L9
 305              		.loc 1 261 3 is_stmt 0 discriminator 1
 306 0020 7B68     		ldr	r3, [r7, #4]
 307 0022 1B68     		ldr	r3, [r3]
 308 0024 1A6A     		ldr	r2, [r3, #32]
 309 0026 40F24443 		movw	r3, #1092
 310 002a 1340     		ands	r3, r3, r2
 311 002c 002B     		cmp	r3, #0
 312 002e 07D1     		bne	.L9
ARM GAS  C:\Users\HUAV\AppData\Local\Temp\ccIqAtUa.s 			page 11


 313              		.loc 1 261 3 discriminator 2
 314 0030 7B68     		ldr	r3, [r7, #4]
 315 0032 1B68     		ldr	r3, [r3]
 316 0034 1A68     		ldr	r2, [r3]
 317 0036 7B68     		ldr	r3, [r7, #4]
 318 0038 1B68     		ldr	r3, [r3]
 319 003a 22F00102 		bic	r2, r2, #1
 320 003e 1A60     		str	r2, [r3]
 321              	.L9:
 262:HW_Lib/STM32H7/HAL_Lib/STM32H7xx_HAL_Driver/Src/stm32h7xx_hal_tim_ex.c **** 
 263:HW_Lib/STM32H7/HAL_Lib/STM32H7xx_HAL_Driver/Src/stm32h7xx_hal_tim_ex.c **** #if (USE_HAL_TIM_REGISTER_CALLBACKS == 1)
 264:HW_Lib/STM32H7/HAL_Lib/STM32H7xx_HAL_Driver/Src/stm32h7xx_hal_tim_ex.c ****   if (htim->HallSensor_MspDeInitCallback == NULL)
 265:HW_Lib/STM32H7/HAL_Lib/STM32H7xx_HAL_Driver/Src/stm32h7xx_hal_tim_ex.c ****   {
 266:HW_Lib/STM32H7/HAL_Lib/STM32H7xx_HAL_Driver/Src/stm32h7xx_hal_tim_ex.c ****     htim->HallSensor_MspDeInitCallback = HAL_TIMEx_HallSensor_MspDeInit;
 267:HW_Lib/STM32H7/HAL_Lib/STM32H7xx_HAL_Driver/Src/stm32h7xx_hal_tim_ex.c ****   }
 268:HW_Lib/STM32H7/HAL_Lib/STM32H7xx_HAL_Driver/Src/stm32h7xx_hal_tim_ex.c ****   /* DeInit the low level hardware */
 269:HW_Lib/STM32H7/HAL_Lib/STM32H7xx_HAL_Driver/Src/stm32h7xx_hal_tim_ex.c ****   htim->HallSensor_MspDeInitCallback(htim);
 270:HW_Lib/STM32H7/HAL_Lib/STM32H7xx_HAL_Driver/Src/stm32h7xx_hal_tim_ex.c **** #else
 271:HW_Lib/STM32H7/HAL_Lib/STM32H7xx_HAL_Driver/Src/stm32h7xx_hal_tim_ex.c ****   /* DeInit the low level hardware: GPIO, CLOCK, NVIC */
 272:HW_Lib/STM32H7/HAL_Lib/STM32H7xx_HAL_Driver/Src/stm32h7xx_hal_tim_ex.c ****   HAL_TIMEx_HallSensor_MspDeInit(htim);
 322              		.loc 1 272 3 is_stmt 1
 323 0040 7868     		ldr	r0, [r7, #4]
 324 0042 FFF7FEFF 		bl	HAL_TIMEx_HallSensor_MspDeInit
 273:HW_Lib/STM32H7/HAL_Lib/STM32H7xx_HAL_Driver/Src/stm32h7xx_hal_tim_ex.c **** #endif /* USE_HAL_TIM_REGISTER_CALLBACKS */
 274:HW_Lib/STM32H7/HAL_Lib/STM32H7xx_HAL_Driver/Src/stm32h7xx_hal_tim_ex.c **** 
 275:HW_Lib/STM32H7/HAL_Lib/STM32H7xx_HAL_Driver/Src/stm32h7xx_hal_tim_ex.c ****   /* Change the DMA burst operation state */
 276:HW_Lib/STM32H7/HAL_Lib/STM32H7xx_HAL_Driver/Src/stm32h7xx_hal_tim_ex.c ****   htim->DMABurstState = HAL_DMA_BURST_STATE_RESET;
 325              		.loc 1 276 23
 326 0046 7B68     		ldr	r3, [r7, #4]
 327 0048 0022     		movs	r2, #0
 328 004a 83F84820 		strb	r2, [r3, #72]
 277:HW_Lib/STM32H7/HAL_Lib/STM32H7xx_HAL_Driver/Src/stm32h7xx_hal_tim_ex.c **** 
 278:HW_Lib/STM32H7/HAL_Lib/STM32H7xx_HAL_Driver/Src/stm32h7xx_hal_tim_ex.c ****   /* Change the TIM channels state */
 279:HW_Lib/STM32H7/HAL_Lib/STM32H7xx_HAL_Driver/Src/stm32h7xx_hal_tim_ex.c ****   TIM_CHANNEL_STATE_SET(htim, TIM_CHANNEL_1, HAL_TIM_CHANNEL_STATE_RESET);
 329              		.loc 1 279 3
 330 004e 7B68     		ldr	r3, [r7, #4]
 331 0050 0022     		movs	r2, #0
 332 0052 83F83E20 		strb	r2, [r3, #62]
 280:HW_Lib/STM32H7/HAL_Lib/STM32H7xx_HAL_Driver/Src/stm32h7xx_hal_tim_ex.c ****   TIM_CHANNEL_STATE_SET(htim, TIM_CHANNEL_2, HAL_TIM_CHANNEL_STATE_RESET);
 333              		.loc 1 280 3
 334 0056 7B68     		ldr	r3, [r7, #4]
 335 0058 0022     		movs	r2, #0
 336 005a 83F83F20 		strb	r2, [r3, #63]
 281:HW_Lib/STM32H7/HAL_Lib/STM32H7xx_HAL_Driver/Src/stm32h7xx_hal_tim_ex.c ****   TIM_CHANNEL_N_STATE_SET(htim, TIM_CHANNEL_1, HAL_TIM_CHANNEL_STATE_RESET);
 337              		.loc 1 281 3
 338 005e 7B68     		ldr	r3, [r7, #4]
 339 0060 0022     		movs	r2, #0
 340 0062 83F84420 		strb	r2, [r3, #68]
 282:HW_Lib/STM32H7/HAL_Lib/STM32H7xx_HAL_Driver/Src/stm32h7xx_hal_tim_ex.c ****   TIM_CHANNEL_N_STATE_SET(htim, TIM_CHANNEL_2, HAL_TIM_CHANNEL_STATE_RESET);
 341              		.loc 1 282 3
 342 0066 7B68     		ldr	r3, [r7, #4]
 343 0068 0022     		movs	r2, #0
 344 006a 83F84520 		strb	r2, [r3, #69]
 283:HW_Lib/STM32H7/HAL_Lib/STM32H7xx_HAL_Driver/Src/stm32h7xx_hal_tim_ex.c **** 
 284:HW_Lib/STM32H7/HAL_Lib/STM32H7xx_HAL_Driver/Src/stm32h7xx_hal_tim_ex.c ****   /* Change TIM state */
 285:HW_Lib/STM32H7/HAL_Lib/STM32H7xx_HAL_Driver/Src/stm32h7xx_hal_tim_ex.c ****   htim->State = HAL_TIM_STATE_RESET;
 345              		.loc 1 285 15
ARM GAS  C:\Users\HUAV\AppData\Local\Temp\ccIqAtUa.s 			page 12


 346 006e 7B68     		ldr	r3, [r7, #4]
 347 0070 0022     		movs	r2, #0
 348 0072 83F83D20 		strb	r2, [r3, #61]
 286:HW_Lib/STM32H7/HAL_Lib/STM32H7xx_HAL_Driver/Src/stm32h7xx_hal_tim_ex.c **** 
 287:HW_Lib/STM32H7/HAL_Lib/STM32H7xx_HAL_Driver/Src/stm32h7xx_hal_tim_ex.c ****   /* Release Lock */
 288:HW_Lib/STM32H7/HAL_Lib/STM32H7xx_HAL_Driver/Src/stm32h7xx_hal_tim_ex.c ****   __HAL_UNLOCK(htim);
 349              		.loc 1 288 3
 350 0076 7B68     		ldr	r3, [r7, #4]
 351 0078 0022     		movs	r2, #0
 352 007a 83F83C20 		strb	r2, [r3, #60]
 289:HW_Lib/STM32H7/HAL_Lib/STM32H7xx_HAL_Driver/Src/stm32h7xx_hal_tim_ex.c **** 
 290:HW_Lib/STM32H7/HAL_Lib/STM32H7xx_HAL_Driver/Src/stm32h7xx_hal_tim_ex.c ****   return HAL_OK;
 353              		.loc 1 290 10
 354 007e 0023     		movs	r3, #0
 291:HW_Lib/STM32H7/HAL_Lib/STM32H7xx_HAL_Driver/Src/stm32h7xx_hal_tim_ex.c **** }
 355              		.loc 1 291 1
 356 0080 1846     		mov	r0, r3
 357 0082 0837     		adds	r7, r7, #8
 358              	.LCFI8:
 359              		.cfi_def_cfa_offset 8
 360 0084 BD46     		mov	sp, r7
 361              	.LCFI9:
 362              		.cfi_def_cfa_register 13
 363              		@ sp needed
 364 0086 80BD     		pop	{r7, pc}
 365              		.cfi_endproc
 366              	.LFE334:
 368              		.section	.text.HAL_TIMEx_HallSensor_MspInit,"ax",%progbits
 369              		.align	1
 370              		.weak	HAL_TIMEx_HallSensor_MspInit
 371              		.syntax unified
 372              		.thumb
 373              		.thumb_func
 375              	HAL_TIMEx_HallSensor_MspInit:
 376              	.LFB335:
 292:HW_Lib/STM32H7/HAL_Lib/STM32H7xx_HAL_Driver/Src/stm32h7xx_hal_tim_ex.c **** 
 293:HW_Lib/STM32H7/HAL_Lib/STM32H7xx_HAL_Driver/Src/stm32h7xx_hal_tim_ex.c **** /**
 294:HW_Lib/STM32H7/HAL_Lib/STM32H7xx_HAL_Driver/Src/stm32h7xx_hal_tim_ex.c ****   * @brief  Initializes the TIM Hall Sensor MSP.
 295:HW_Lib/STM32H7/HAL_Lib/STM32H7xx_HAL_Driver/Src/stm32h7xx_hal_tim_ex.c ****   * @param  htim TIM Hall Sensor Interface handle
 296:HW_Lib/STM32H7/HAL_Lib/STM32H7xx_HAL_Driver/Src/stm32h7xx_hal_tim_ex.c ****   * @retval None
 297:HW_Lib/STM32H7/HAL_Lib/STM32H7xx_HAL_Driver/Src/stm32h7xx_hal_tim_ex.c ****   */
 298:HW_Lib/STM32H7/HAL_Lib/STM32H7xx_HAL_Driver/Src/stm32h7xx_hal_tim_ex.c **** __weak void HAL_TIMEx_HallSensor_MspInit(TIM_HandleTypeDef *htim)
 299:HW_Lib/STM32H7/HAL_Lib/STM32H7xx_HAL_Driver/Src/stm32h7xx_hal_tim_ex.c **** {
 377              		.loc 1 299 1
 378              		.cfi_startproc
 379              		@ args = 0, pretend = 0, frame = 8
 380              		@ frame_needed = 1, uses_anonymous_args = 0
 381              		@ link register save eliminated.
 382 0000 80B4     		push	{r7}
 383              	.LCFI10:
 384              		.cfi_def_cfa_offset 4
 385              		.cfi_offset 7, -4
 386 0002 83B0     		sub	sp, sp, #12
 387              	.LCFI11:
 388              		.cfi_def_cfa_offset 16
 389 0004 00AF     		add	r7, sp, #0
 390              	.LCFI12:
ARM GAS  C:\Users\HUAV\AppData\Local\Temp\ccIqAtUa.s 			page 13


 391              		.cfi_def_cfa_register 7
 392 0006 7860     		str	r0, [r7, #4]
 300:HW_Lib/STM32H7/HAL_Lib/STM32H7xx_HAL_Driver/Src/stm32h7xx_hal_tim_ex.c ****   /* Prevent unused argument(s) compilation warning */
 301:HW_Lib/STM32H7/HAL_Lib/STM32H7xx_HAL_Driver/Src/stm32h7xx_hal_tim_ex.c ****   UNUSED(htim);
 302:HW_Lib/STM32H7/HAL_Lib/STM32H7xx_HAL_Driver/Src/stm32h7xx_hal_tim_ex.c **** 
 303:HW_Lib/STM32H7/HAL_Lib/STM32H7xx_HAL_Driver/Src/stm32h7xx_hal_tim_ex.c ****   /* NOTE : This function should not be modified, when the callback is needed,
 304:HW_Lib/STM32H7/HAL_Lib/STM32H7xx_HAL_Driver/Src/stm32h7xx_hal_tim_ex.c ****             the HAL_TIMEx_HallSensor_MspInit could be implemented in the user file
 305:HW_Lib/STM32H7/HAL_Lib/STM32H7xx_HAL_Driver/Src/stm32h7xx_hal_tim_ex.c ****    */
 306:HW_Lib/STM32H7/HAL_Lib/STM32H7xx_HAL_Driver/Src/stm32h7xx_hal_tim_ex.c **** }
 393              		.loc 1 306 1
 394 0008 00BF     		nop
 395 000a 0C37     		adds	r7, r7, #12
 396              	.LCFI13:
 397              		.cfi_def_cfa_offset 4
 398 000c BD46     		mov	sp, r7
 399              	.LCFI14:
 400              		.cfi_def_cfa_register 13
 401              		@ sp needed
 402 000e 5DF8047B 		ldr	r7, [sp], #4
 403              	.LCFI15:
 404              		.cfi_restore 7
 405              		.cfi_def_cfa_offset 0
 406 0012 7047     		bx	lr
 407              		.cfi_endproc
 408              	.LFE335:
 410              		.section	.text.HAL_TIMEx_HallSensor_MspDeInit,"ax",%progbits
 411              		.align	1
 412              		.weak	HAL_TIMEx_HallSensor_MspDeInit
 413              		.syntax unified
 414              		.thumb
 415              		.thumb_func
 417              	HAL_TIMEx_HallSensor_MspDeInit:
 418              	.LFB336:
 307:HW_Lib/STM32H7/HAL_Lib/STM32H7xx_HAL_Driver/Src/stm32h7xx_hal_tim_ex.c **** 
 308:HW_Lib/STM32H7/HAL_Lib/STM32H7xx_HAL_Driver/Src/stm32h7xx_hal_tim_ex.c **** /**
 309:HW_Lib/STM32H7/HAL_Lib/STM32H7xx_HAL_Driver/Src/stm32h7xx_hal_tim_ex.c ****   * @brief  DeInitializes TIM Hall Sensor MSP.
 310:HW_Lib/STM32H7/HAL_Lib/STM32H7xx_HAL_Driver/Src/stm32h7xx_hal_tim_ex.c ****   * @param  htim TIM Hall Sensor Interface handle
 311:HW_Lib/STM32H7/HAL_Lib/STM32H7xx_HAL_Driver/Src/stm32h7xx_hal_tim_ex.c ****   * @retval None
 312:HW_Lib/STM32H7/HAL_Lib/STM32H7xx_HAL_Driver/Src/stm32h7xx_hal_tim_ex.c ****   */
 313:HW_Lib/STM32H7/HAL_Lib/STM32H7xx_HAL_Driver/Src/stm32h7xx_hal_tim_ex.c **** __weak void HAL_TIMEx_HallSensor_MspDeInit(TIM_HandleTypeDef *htim)
 314:HW_Lib/STM32H7/HAL_Lib/STM32H7xx_HAL_Driver/Src/stm32h7xx_hal_tim_ex.c **** {
 419              		.loc 1 314 1
 420              		.cfi_startproc
 421              		@ args = 0, pretend = 0, frame = 8
 422              		@ frame_needed = 1, uses_anonymous_args = 0
 423              		@ link register save eliminated.
 424 0000 80B4     		push	{r7}
 425              	.LCFI16:
 426              		.cfi_def_cfa_offset 4
 427              		.cfi_offset 7, -4
 428 0002 83B0     		sub	sp, sp, #12
 429              	.LCFI17:
 430              		.cfi_def_cfa_offset 16
 431 0004 00AF     		add	r7, sp, #0
 432              	.LCFI18:
 433              		.cfi_def_cfa_register 7
 434 0006 7860     		str	r0, [r7, #4]
ARM GAS  C:\Users\HUAV\AppData\Local\Temp\ccIqAtUa.s 			page 14


 315:HW_Lib/STM32H7/HAL_Lib/STM32H7xx_HAL_Driver/Src/stm32h7xx_hal_tim_ex.c ****   /* Prevent unused argument(s) compilation warning */
 316:HW_Lib/STM32H7/HAL_Lib/STM32H7xx_HAL_Driver/Src/stm32h7xx_hal_tim_ex.c ****   UNUSED(htim);
 317:HW_Lib/STM32H7/HAL_Lib/STM32H7xx_HAL_Driver/Src/stm32h7xx_hal_tim_ex.c **** 
 318:HW_Lib/STM32H7/HAL_Lib/STM32H7xx_HAL_Driver/Src/stm32h7xx_hal_tim_ex.c ****   /* NOTE : This function should not be modified, when the callback is needed,
 319:HW_Lib/STM32H7/HAL_Lib/STM32H7xx_HAL_Driver/Src/stm32h7xx_hal_tim_ex.c ****             the HAL_TIMEx_HallSensor_MspDeInit could be implemented in the user file
 320:HW_Lib/STM32H7/HAL_Lib/STM32H7xx_HAL_Driver/Src/stm32h7xx_hal_tim_ex.c ****    */
 321:HW_Lib/STM32H7/HAL_Lib/STM32H7xx_HAL_Driver/Src/stm32h7xx_hal_tim_ex.c **** }
 435              		.loc 1 321 1
 436 0008 00BF     		nop
 437 000a 0C37     		adds	r7, r7, #12
 438              	.LCFI19:
 439              		.cfi_def_cfa_offset 4
 440 000c BD46     		mov	sp, r7
 441              	.LCFI20:
 442              		.cfi_def_cfa_register 13
 443              		@ sp needed
 444 000e 5DF8047B 		ldr	r7, [sp], #4
 445              	.LCFI21:
 446              		.cfi_restore 7
 447              		.cfi_def_cfa_offset 0
 448 0012 7047     		bx	lr
 449              		.cfi_endproc
 450              	.LFE336:
 452              		.section	.text.HAL_TIMEx_HallSensor_Start,"ax",%progbits
 453              		.align	1
 454              		.global	HAL_TIMEx_HallSensor_Start
 455              		.syntax unified
 456              		.thumb
 457              		.thumb_func
 459              	HAL_TIMEx_HallSensor_Start:
 460              	.LFB337:
 322:HW_Lib/STM32H7/HAL_Lib/STM32H7xx_HAL_Driver/Src/stm32h7xx_hal_tim_ex.c **** 
 323:HW_Lib/STM32H7/HAL_Lib/STM32H7xx_HAL_Driver/Src/stm32h7xx_hal_tim_ex.c **** /**
 324:HW_Lib/STM32H7/HAL_Lib/STM32H7xx_HAL_Driver/Src/stm32h7xx_hal_tim_ex.c ****   * @brief  Starts the TIM Hall Sensor Interface.
 325:HW_Lib/STM32H7/HAL_Lib/STM32H7xx_HAL_Driver/Src/stm32h7xx_hal_tim_ex.c ****   * @param  htim TIM Hall Sensor Interface handle
 326:HW_Lib/STM32H7/HAL_Lib/STM32H7xx_HAL_Driver/Src/stm32h7xx_hal_tim_ex.c ****   * @retval HAL status
 327:HW_Lib/STM32H7/HAL_Lib/STM32H7xx_HAL_Driver/Src/stm32h7xx_hal_tim_ex.c ****   */
 328:HW_Lib/STM32H7/HAL_Lib/STM32H7xx_HAL_Driver/Src/stm32h7xx_hal_tim_ex.c **** HAL_StatusTypeDef HAL_TIMEx_HallSensor_Start(TIM_HandleTypeDef *htim)
 329:HW_Lib/STM32H7/HAL_Lib/STM32H7xx_HAL_Driver/Src/stm32h7xx_hal_tim_ex.c **** {
 461              		.loc 1 329 1
 462              		.cfi_startproc
 463              		@ args = 0, pretend = 0, frame = 16
 464              		@ frame_needed = 1, uses_anonymous_args = 0
 465 0000 80B5     		push	{r7, lr}
 466              	.LCFI22:
 467              		.cfi_def_cfa_offset 8
 468              		.cfi_offset 7, -8
 469              		.cfi_offset 14, -4
 470 0002 84B0     		sub	sp, sp, #16
 471              	.LCFI23:
 472              		.cfi_def_cfa_offset 24
 473 0004 00AF     		add	r7, sp, #0
 474              	.LCFI24:
 475              		.cfi_def_cfa_register 7
 476 0006 7860     		str	r0, [r7, #4]
 330:HW_Lib/STM32H7/HAL_Lib/STM32H7xx_HAL_Driver/Src/stm32h7xx_hal_tim_ex.c ****   uint32_t tmpsmcr;
 331:HW_Lib/STM32H7/HAL_Lib/STM32H7xx_HAL_Driver/Src/stm32h7xx_hal_tim_ex.c ****   HAL_TIM_ChannelStateTypeDef channel_1_state = TIM_CHANNEL_STATE_GET(htim, TIM_CHANNEL_1);
ARM GAS  C:\Users\HUAV\AppData\Local\Temp\ccIqAtUa.s 			page 15


 477              		.loc 1 331 31
 478 0008 7B68     		ldr	r3, [r7, #4]
 479 000a 93F83E30 		ldrb	r3, [r3, #62]
 480 000e FB73     		strb	r3, [r7, #15]
 332:HW_Lib/STM32H7/HAL_Lib/STM32H7xx_HAL_Driver/Src/stm32h7xx_hal_tim_ex.c ****   HAL_TIM_ChannelStateTypeDef channel_2_state = TIM_CHANNEL_STATE_GET(htim, TIM_CHANNEL_2);
 481              		.loc 1 332 31
 482 0010 7B68     		ldr	r3, [r7, #4]
 483 0012 93F83F30 		ldrb	r3, [r3, #63]
 484 0016 BB73     		strb	r3, [r7, #14]
 333:HW_Lib/STM32H7/HAL_Lib/STM32H7xx_HAL_Driver/Src/stm32h7xx_hal_tim_ex.c ****   HAL_TIM_ChannelStateTypeDef complementary_channel_1_state = TIM_CHANNEL_N_STATE_GET(htim, TIM_CHA
 485              		.loc 1 333 31
 486 0018 7B68     		ldr	r3, [r7, #4]
 487 001a 93F84430 		ldrb	r3, [r3, #68]
 488 001e 7B73     		strb	r3, [r7, #13]
 334:HW_Lib/STM32H7/HAL_Lib/STM32H7xx_HAL_Driver/Src/stm32h7xx_hal_tim_ex.c ****   HAL_TIM_ChannelStateTypeDef complementary_channel_2_state = TIM_CHANNEL_N_STATE_GET(htim, TIM_CHA
 489              		.loc 1 334 31
 490 0020 7B68     		ldr	r3, [r7, #4]
 491 0022 93F84530 		ldrb	r3, [r3, #69]
 492 0026 3B73     		strb	r3, [r7, #12]
 335:HW_Lib/STM32H7/HAL_Lib/STM32H7xx_HAL_Driver/Src/stm32h7xx_hal_tim_ex.c **** 
 336:HW_Lib/STM32H7/HAL_Lib/STM32H7xx_HAL_Driver/Src/stm32h7xx_hal_tim_ex.c ****   /* Check the parameters */
 337:HW_Lib/STM32H7/HAL_Lib/STM32H7xx_HAL_Driver/Src/stm32h7xx_hal_tim_ex.c ****   assert_param(IS_TIM_HALL_SENSOR_INTERFACE_INSTANCE(htim->Instance));
 338:HW_Lib/STM32H7/HAL_Lib/STM32H7xx_HAL_Driver/Src/stm32h7xx_hal_tim_ex.c **** 
 339:HW_Lib/STM32H7/HAL_Lib/STM32H7xx_HAL_Driver/Src/stm32h7xx_hal_tim_ex.c ****   /* Check the TIM channels state */
 340:HW_Lib/STM32H7/HAL_Lib/STM32H7xx_HAL_Driver/Src/stm32h7xx_hal_tim_ex.c ****   if ((channel_1_state != HAL_TIM_CHANNEL_STATE_READY)
 493              		.loc 1 340 6
 494 0028 FB7B     		ldrb	r3, [r7, #15]	@ zero_extendqisi2
 495 002a 012B     		cmp	r3, #1
 496 002c 08D1     		bne	.L14
 341:HW_Lib/STM32H7/HAL_Lib/STM32H7xx_HAL_Driver/Src/stm32h7xx_hal_tim_ex.c ****       || (channel_2_state != HAL_TIM_CHANNEL_STATE_READY)
 497              		.loc 1 341 7
 498 002e BB7B     		ldrb	r3, [r7, #14]	@ zero_extendqisi2
 499 0030 012B     		cmp	r3, #1
 500 0032 05D1     		bne	.L14
 342:HW_Lib/STM32H7/HAL_Lib/STM32H7xx_HAL_Driver/Src/stm32h7xx_hal_tim_ex.c ****       || (complementary_channel_1_state != HAL_TIM_CHANNEL_STATE_READY)
 501              		.loc 1 342 7
 502 0034 7B7B     		ldrb	r3, [r7, #13]	@ zero_extendqisi2
 503 0036 012B     		cmp	r3, #1
 504 0038 02D1     		bne	.L14
 343:HW_Lib/STM32H7/HAL_Lib/STM32H7xx_HAL_Driver/Src/stm32h7xx_hal_tim_ex.c ****       || (complementary_channel_2_state != HAL_TIM_CHANNEL_STATE_READY))
 505              		.loc 1 343 7
 506 003a 3B7B     		ldrb	r3, [r7, #12]	@ zero_extendqisi2
 507 003c 012B     		cmp	r3, #1
 508 003e 01D0     		beq	.L15
 509              	.L14:
 344:HW_Lib/STM32H7/HAL_Lib/STM32H7xx_HAL_Driver/Src/stm32h7xx_hal_tim_ex.c ****   {
 345:HW_Lib/STM32H7/HAL_Lib/STM32H7xx_HAL_Driver/Src/stm32h7xx_hal_tim_ex.c ****     return HAL_ERROR;
 510              		.loc 1 345 12
 511 0040 0123     		movs	r3, #1
 512 0042 5FE0     		b	.L16
 513              	.L15:
 346:HW_Lib/STM32H7/HAL_Lib/STM32H7xx_HAL_Driver/Src/stm32h7xx_hal_tim_ex.c ****   }
 347:HW_Lib/STM32H7/HAL_Lib/STM32H7xx_HAL_Driver/Src/stm32h7xx_hal_tim_ex.c **** 
 348:HW_Lib/STM32H7/HAL_Lib/STM32H7xx_HAL_Driver/Src/stm32h7xx_hal_tim_ex.c ****   /* Set the TIM channels state */
 349:HW_Lib/STM32H7/HAL_Lib/STM32H7xx_HAL_Driver/Src/stm32h7xx_hal_tim_ex.c ****   TIM_CHANNEL_STATE_SET(htim, TIM_CHANNEL_1, HAL_TIM_CHANNEL_STATE_BUSY);
 514              		.loc 1 349 3
 515 0044 7B68     		ldr	r3, [r7, #4]
ARM GAS  C:\Users\HUAV\AppData\Local\Temp\ccIqAtUa.s 			page 16


 516 0046 0222     		movs	r2, #2
 517 0048 83F83E20 		strb	r2, [r3, #62]
 350:HW_Lib/STM32H7/HAL_Lib/STM32H7xx_HAL_Driver/Src/stm32h7xx_hal_tim_ex.c ****   TIM_CHANNEL_STATE_SET(htim, TIM_CHANNEL_2, HAL_TIM_CHANNEL_STATE_BUSY);
 518              		.loc 1 350 3
 519 004c 7B68     		ldr	r3, [r7, #4]
 520 004e 0222     		movs	r2, #2
 521 0050 83F83F20 		strb	r2, [r3, #63]
 351:HW_Lib/STM32H7/HAL_Lib/STM32H7xx_HAL_Driver/Src/stm32h7xx_hal_tim_ex.c ****   TIM_CHANNEL_N_STATE_SET(htim, TIM_CHANNEL_1, HAL_TIM_CHANNEL_STATE_BUSY);
 522              		.loc 1 351 3
 523 0054 7B68     		ldr	r3, [r7, #4]
 524 0056 0222     		movs	r2, #2
 525 0058 83F84420 		strb	r2, [r3, #68]
 352:HW_Lib/STM32H7/HAL_Lib/STM32H7xx_HAL_Driver/Src/stm32h7xx_hal_tim_ex.c ****   TIM_CHANNEL_N_STATE_SET(htim, TIM_CHANNEL_2, HAL_TIM_CHANNEL_STATE_BUSY);
 526              		.loc 1 352 3
 527 005c 7B68     		ldr	r3, [r7, #4]
 528 005e 0222     		movs	r2, #2
 529 0060 83F84520 		strb	r2, [r3, #69]
 353:HW_Lib/STM32H7/HAL_Lib/STM32H7xx_HAL_Driver/Src/stm32h7xx_hal_tim_ex.c **** 
 354:HW_Lib/STM32H7/HAL_Lib/STM32H7xx_HAL_Driver/Src/stm32h7xx_hal_tim_ex.c ****   /* Enable the Input Capture channel 1
 355:HW_Lib/STM32H7/HAL_Lib/STM32H7xx_HAL_Driver/Src/stm32h7xx_hal_tim_ex.c ****   (in the Hall Sensor Interface the three possible channels that can be used are TIM_CHANNEL_1,
 356:HW_Lib/STM32H7/HAL_Lib/STM32H7xx_HAL_Driver/Src/stm32h7xx_hal_tim_ex.c ****   TIM_CHANNEL_2 and TIM_CHANNEL_3) */
 357:HW_Lib/STM32H7/HAL_Lib/STM32H7xx_HAL_Driver/Src/stm32h7xx_hal_tim_ex.c ****   TIM_CCxChannelCmd(htim->Instance, TIM_CHANNEL_1, TIM_CCx_ENABLE);
 530              		.loc 1 357 3
 531 0064 7B68     		ldr	r3, [r7, #4]
 532 0066 1B68     		ldr	r3, [r3]
 533 0068 0122     		movs	r2, #1
 534 006a 0021     		movs	r1, #0
 535 006c 1846     		mov	r0, r3
 536 006e FFF7FEFF 		bl	TIM_CCxChannelCmd
 358:HW_Lib/STM32H7/HAL_Lib/STM32H7xx_HAL_Driver/Src/stm32h7xx_hal_tim_ex.c **** 
 359:HW_Lib/STM32H7/HAL_Lib/STM32H7xx_HAL_Driver/Src/stm32h7xx_hal_tim_ex.c ****   /* Enable the Peripheral, except in trigger mode where enable is automatically done with trigger 
 360:HW_Lib/STM32H7/HAL_Lib/STM32H7xx_HAL_Driver/Src/stm32h7xx_hal_tim_ex.c ****   if (IS_TIM_SLAVE_INSTANCE(htim->Instance))
 537              		.loc 1 360 7
 538 0072 7B68     		ldr	r3, [r7, #4]
 539 0074 1B68     		ldr	r3, [r3]
 540              		.loc 1 360 6
 541 0076 254A     		ldr	r2, .L22
 542 0078 9342     		cmp	r3, r2
 543 007a 22D0     		beq	.L17
 544              		.loc 1 360 7 discriminator 1
 545 007c 7B68     		ldr	r3, [r7, #4]
 546 007e 1B68     		ldr	r3, [r3]
 547 0080 B3F1804F 		cmp	r3, #1073741824
 548 0084 1DD0     		beq	.L17
 549              		.loc 1 360 7 is_stmt 0 discriminator 2
 550 0086 7B68     		ldr	r3, [r7, #4]
 551 0088 1B68     		ldr	r3, [r3]
 552 008a 214A     		ldr	r2, .L22+4
 553 008c 9342     		cmp	r3, r2
 554 008e 18D0     		beq	.L17
 555              		.loc 1 360 7 discriminator 3
 556 0090 7B68     		ldr	r3, [r7, #4]
 557 0092 1B68     		ldr	r3, [r3]
 558 0094 1F4A     		ldr	r2, .L22+8
 559 0096 9342     		cmp	r3, r2
 560 0098 13D0     		beq	.L17
 561              		.loc 1 360 7 discriminator 4
ARM GAS  C:\Users\HUAV\AppData\Local\Temp\ccIqAtUa.s 			page 17


 562 009a 7B68     		ldr	r3, [r7, #4]
 563 009c 1B68     		ldr	r3, [r3]
 564 009e 1E4A     		ldr	r2, .L22+12
 565 00a0 9342     		cmp	r3, r2
 566 00a2 0ED0     		beq	.L17
 567              		.loc 1 360 7 discriminator 5
 568 00a4 7B68     		ldr	r3, [r7, #4]
 569 00a6 1B68     		ldr	r3, [r3]
 570 00a8 1C4A     		ldr	r2, .L22+16
 571 00aa 9342     		cmp	r3, r2
 572 00ac 09D0     		beq	.L17
 573              		.loc 1 360 7 discriminator 6
 574 00ae 7B68     		ldr	r3, [r7, #4]
 575 00b0 1B68     		ldr	r3, [r3]
 576 00b2 1B4A     		ldr	r2, .L22+20
 577 00b4 9342     		cmp	r3, r2
 578 00b6 04D0     		beq	.L17
 579              		.loc 1 360 7 discriminator 7
 580 00b8 7B68     		ldr	r3, [r7, #4]
 581 00ba 1B68     		ldr	r3, [r3]
 582 00bc 194A     		ldr	r2, .L22+24
 583 00be 9342     		cmp	r3, r2
 584 00c0 15D1     		bne	.L18
 585              	.L17:
 361:HW_Lib/STM32H7/HAL_Lib/STM32H7xx_HAL_Driver/Src/stm32h7xx_hal_tim_ex.c ****   {
 362:HW_Lib/STM32H7/HAL_Lib/STM32H7xx_HAL_Driver/Src/stm32h7xx_hal_tim_ex.c ****     tmpsmcr = htim->Instance->SMCR & TIM_SMCR_SMS;
 586              		.loc 1 362 19 is_stmt 1
 587 00c2 7B68     		ldr	r3, [r7, #4]
 588 00c4 1B68     		ldr	r3, [r3]
 589              		.loc 1 362 29
 590 00c6 9A68     		ldr	r2, [r3, #8]
 591              		.loc 1 362 13
 592 00c8 174B     		ldr	r3, .L22+28
 593 00ca 1340     		ands	r3, r3, r2
 594 00cc BB60     		str	r3, [r7, #8]
 363:HW_Lib/STM32H7/HAL_Lib/STM32H7xx_HAL_Driver/Src/stm32h7xx_hal_tim_ex.c ****     if (!IS_TIM_SLAVEMODE_TRIGGER_ENABLED(tmpsmcr))
 595              		.loc 1 363 8
 596 00ce BB68     		ldr	r3, [r7, #8]
 597 00d0 062B     		cmp	r3, #6
 598 00d2 15D0     		beq	.L21
 599              		.loc 1 363 9 discriminator 1
 600 00d4 BB68     		ldr	r3, [r7, #8]
 601 00d6 B3F5803F 		cmp	r3, #65536
 602 00da 11D0     		beq	.L21
 364:HW_Lib/STM32H7/HAL_Lib/STM32H7xx_HAL_Driver/Src/stm32h7xx_hal_tim_ex.c ****     {
 365:HW_Lib/STM32H7/HAL_Lib/STM32H7xx_HAL_Driver/Src/stm32h7xx_hal_tim_ex.c ****       __HAL_TIM_ENABLE(htim);
 603              		.loc 1 365 7
 604 00dc 7B68     		ldr	r3, [r7, #4]
 605 00de 1B68     		ldr	r3, [r3]
 606 00e0 1A68     		ldr	r2, [r3]
 607 00e2 7B68     		ldr	r3, [r7, #4]
 608 00e4 1B68     		ldr	r3, [r3]
 609 00e6 42F00102 		orr	r2, r2, #1
 610 00ea 1A60     		str	r2, [r3]
 363:HW_Lib/STM32H7/HAL_Lib/STM32H7xx_HAL_Driver/Src/stm32h7xx_hal_tim_ex.c ****     if (!IS_TIM_SLAVEMODE_TRIGGER_ENABLED(tmpsmcr))
 611              		.loc 1 363 8
 612 00ec 08E0     		b	.L21
ARM GAS  C:\Users\HUAV\AppData\Local\Temp\ccIqAtUa.s 			page 18


 613              	.L18:
 366:HW_Lib/STM32H7/HAL_Lib/STM32H7xx_HAL_Driver/Src/stm32h7xx_hal_tim_ex.c ****     }
 367:HW_Lib/STM32H7/HAL_Lib/STM32H7xx_HAL_Driver/Src/stm32h7xx_hal_tim_ex.c ****   }
 368:HW_Lib/STM32H7/HAL_Lib/STM32H7xx_HAL_Driver/Src/stm32h7xx_hal_tim_ex.c ****   else
 369:HW_Lib/STM32H7/HAL_Lib/STM32H7xx_HAL_Driver/Src/stm32h7xx_hal_tim_ex.c ****   {
 370:HW_Lib/STM32H7/HAL_Lib/STM32H7xx_HAL_Driver/Src/stm32h7xx_hal_tim_ex.c ****     __HAL_TIM_ENABLE(htim);
 614              		.loc 1 370 5
 615 00ee 7B68     		ldr	r3, [r7, #4]
 616 00f0 1B68     		ldr	r3, [r3]
 617 00f2 1A68     		ldr	r2, [r3]
 618 00f4 7B68     		ldr	r3, [r7, #4]
 619 00f6 1B68     		ldr	r3, [r3]
 620 00f8 42F00102 		orr	r2, r2, #1
 621 00fc 1A60     		str	r2, [r3]
 622 00fe 00E0     		b	.L20
 623              	.L21:
 363:HW_Lib/STM32H7/HAL_Lib/STM32H7xx_HAL_Driver/Src/stm32h7xx_hal_tim_ex.c ****     {
 624              		.loc 1 363 8
 625 0100 00BF     		nop
 626              	.L20:
 371:HW_Lib/STM32H7/HAL_Lib/STM32H7xx_HAL_Driver/Src/stm32h7xx_hal_tim_ex.c ****   }
 372:HW_Lib/STM32H7/HAL_Lib/STM32H7xx_HAL_Driver/Src/stm32h7xx_hal_tim_ex.c **** 
 373:HW_Lib/STM32H7/HAL_Lib/STM32H7xx_HAL_Driver/Src/stm32h7xx_hal_tim_ex.c ****   /* Return function status */
 374:HW_Lib/STM32H7/HAL_Lib/STM32H7xx_HAL_Driver/Src/stm32h7xx_hal_tim_ex.c ****   return HAL_OK;
 627              		.loc 1 374 10
 628 0102 0023     		movs	r3, #0
 629              	.L16:
 375:HW_Lib/STM32H7/HAL_Lib/STM32H7xx_HAL_Driver/Src/stm32h7xx_hal_tim_ex.c **** }
 630              		.loc 1 375 1
 631 0104 1846     		mov	r0, r3
 632 0106 1037     		adds	r7, r7, #16
 633              	.LCFI25:
 634              		.cfi_def_cfa_offset 8
 635 0108 BD46     		mov	sp, r7
 636              	.LCFI26:
 637              		.cfi_def_cfa_register 13
 638              		@ sp needed
 639 010a 80BD     		pop	{r7, pc}
 640              	.L23:
 641              		.align	2
 642              	.L22:
 643 010c 00000140 		.word	1073807360
 644 0110 00040040 		.word	1073742848
 645 0114 00080040 		.word	1073743872
 646 0118 000C0040 		.word	1073744896
 647 011c 00040140 		.word	1073808384
 648 0120 00180040 		.word	1073747968
 649 0124 00400140 		.word	1073823744
 650 0128 07000100 		.word	65543
 651              		.cfi_endproc
 652              	.LFE337:
 654              		.section	.text.HAL_TIMEx_HallSensor_Stop,"ax",%progbits
 655              		.align	1
 656              		.global	HAL_TIMEx_HallSensor_Stop
 657              		.syntax unified
 658              		.thumb
 659              		.thumb_func
ARM GAS  C:\Users\HUAV\AppData\Local\Temp\ccIqAtUa.s 			page 19


 661              	HAL_TIMEx_HallSensor_Stop:
 662              	.LFB338:
 376:HW_Lib/STM32H7/HAL_Lib/STM32H7xx_HAL_Driver/Src/stm32h7xx_hal_tim_ex.c **** 
 377:HW_Lib/STM32H7/HAL_Lib/STM32H7xx_HAL_Driver/Src/stm32h7xx_hal_tim_ex.c **** /**
 378:HW_Lib/STM32H7/HAL_Lib/STM32H7xx_HAL_Driver/Src/stm32h7xx_hal_tim_ex.c ****   * @brief  Stops the TIM Hall sensor Interface.
 379:HW_Lib/STM32H7/HAL_Lib/STM32H7xx_HAL_Driver/Src/stm32h7xx_hal_tim_ex.c ****   * @param  htim TIM Hall Sensor Interface handle
 380:HW_Lib/STM32H7/HAL_Lib/STM32H7xx_HAL_Driver/Src/stm32h7xx_hal_tim_ex.c ****   * @retval HAL status
 381:HW_Lib/STM32H7/HAL_Lib/STM32H7xx_HAL_Driver/Src/stm32h7xx_hal_tim_ex.c ****   */
 382:HW_Lib/STM32H7/HAL_Lib/STM32H7xx_HAL_Driver/Src/stm32h7xx_hal_tim_ex.c **** HAL_StatusTypeDef HAL_TIMEx_HallSensor_Stop(TIM_HandleTypeDef *htim)
 383:HW_Lib/STM32H7/HAL_Lib/STM32H7xx_HAL_Driver/Src/stm32h7xx_hal_tim_ex.c **** {
 663              		.loc 1 383 1
 664              		.cfi_startproc
 665              		@ args = 0, pretend = 0, frame = 8
 666              		@ frame_needed = 1, uses_anonymous_args = 0
 667 0000 80B5     		push	{r7, lr}
 668              	.LCFI27:
 669              		.cfi_def_cfa_offset 8
 670              		.cfi_offset 7, -8
 671              		.cfi_offset 14, -4
 672 0002 82B0     		sub	sp, sp, #8
 673              	.LCFI28:
 674              		.cfi_def_cfa_offset 16
 675 0004 00AF     		add	r7, sp, #0
 676              	.LCFI29:
 677              		.cfi_def_cfa_register 7
 678 0006 7860     		str	r0, [r7, #4]
 384:HW_Lib/STM32H7/HAL_Lib/STM32H7xx_HAL_Driver/Src/stm32h7xx_hal_tim_ex.c ****   /* Check the parameters */
 385:HW_Lib/STM32H7/HAL_Lib/STM32H7xx_HAL_Driver/Src/stm32h7xx_hal_tim_ex.c ****   assert_param(IS_TIM_HALL_SENSOR_INTERFACE_INSTANCE(htim->Instance));
 386:HW_Lib/STM32H7/HAL_Lib/STM32H7xx_HAL_Driver/Src/stm32h7xx_hal_tim_ex.c **** 
 387:HW_Lib/STM32H7/HAL_Lib/STM32H7xx_HAL_Driver/Src/stm32h7xx_hal_tim_ex.c ****   /* Disable the Input Capture channels 1, 2 and 3
 388:HW_Lib/STM32H7/HAL_Lib/STM32H7xx_HAL_Driver/Src/stm32h7xx_hal_tim_ex.c ****   (in the Hall Sensor Interface the three possible channels that can be used are TIM_CHANNEL_1,
 389:HW_Lib/STM32H7/HAL_Lib/STM32H7xx_HAL_Driver/Src/stm32h7xx_hal_tim_ex.c ****   TIM_CHANNEL_2 and TIM_CHANNEL_3) */
 390:HW_Lib/STM32H7/HAL_Lib/STM32H7xx_HAL_Driver/Src/stm32h7xx_hal_tim_ex.c ****   TIM_CCxChannelCmd(htim->Instance, TIM_CHANNEL_1, TIM_CCx_DISABLE);
 679              		.loc 1 390 3
 680 0008 7B68     		ldr	r3, [r7, #4]
 681 000a 1B68     		ldr	r3, [r3]
 682 000c 0022     		movs	r2, #0
 683 000e 0021     		movs	r1, #0
 684 0010 1846     		mov	r0, r3
 685 0012 FFF7FEFF 		bl	TIM_CCxChannelCmd
 391:HW_Lib/STM32H7/HAL_Lib/STM32H7xx_HAL_Driver/Src/stm32h7xx_hal_tim_ex.c **** 
 392:HW_Lib/STM32H7/HAL_Lib/STM32H7xx_HAL_Driver/Src/stm32h7xx_hal_tim_ex.c ****   /* Disable the Peripheral */
 393:HW_Lib/STM32H7/HAL_Lib/STM32H7xx_HAL_Driver/Src/stm32h7xx_hal_tim_ex.c ****   __HAL_TIM_DISABLE(htim);
 686              		.loc 1 393 3
 687 0016 7B68     		ldr	r3, [r7, #4]
 688 0018 1B68     		ldr	r3, [r3]
 689 001a 1A6A     		ldr	r2, [r3, #32]
 690 001c 41F21113 		movw	r3, #4369
 691 0020 1340     		ands	r3, r3, r2
 692 0022 002B     		cmp	r3, #0
 693 0024 0FD1     		bne	.L25
 694              		.loc 1 393 3 is_stmt 0 discriminator 1
 695 0026 7B68     		ldr	r3, [r7, #4]
 696 0028 1B68     		ldr	r3, [r3]
 697 002a 1A6A     		ldr	r2, [r3, #32]
 698 002c 40F24443 		movw	r3, #1092
 699 0030 1340     		ands	r3, r3, r2
ARM GAS  C:\Users\HUAV\AppData\Local\Temp\ccIqAtUa.s 			page 20


 700 0032 002B     		cmp	r3, #0
 701 0034 07D1     		bne	.L25
 702              		.loc 1 393 3 discriminator 2
 703 0036 7B68     		ldr	r3, [r7, #4]
 704 0038 1B68     		ldr	r3, [r3]
 705 003a 1A68     		ldr	r2, [r3]
 706 003c 7B68     		ldr	r3, [r7, #4]
 707 003e 1B68     		ldr	r3, [r3]
 708 0040 22F00102 		bic	r2, r2, #1
 709 0044 1A60     		str	r2, [r3]
 710              	.L25:
 394:HW_Lib/STM32H7/HAL_Lib/STM32H7xx_HAL_Driver/Src/stm32h7xx_hal_tim_ex.c **** 
 395:HW_Lib/STM32H7/HAL_Lib/STM32H7xx_HAL_Driver/Src/stm32h7xx_hal_tim_ex.c ****   /* Set the TIM channels state */
 396:HW_Lib/STM32H7/HAL_Lib/STM32H7xx_HAL_Driver/Src/stm32h7xx_hal_tim_ex.c ****   TIM_CHANNEL_STATE_SET(htim, TIM_CHANNEL_1, HAL_TIM_CHANNEL_STATE_READY);
 711              		.loc 1 396 3 is_stmt 1
 712 0046 7B68     		ldr	r3, [r7, #4]
 713 0048 0122     		movs	r2, #1
 714 004a 83F83E20 		strb	r2, [r3, #62]
 397:HW_Lib/STM32H7/HAL_Lib/STM32H7xx_HAL_Driver/Src/stm32h7xx_hal_tim_ex.c ****   TIM_CHANNEL_STATE_SET(htim, TIM_CHANNEL_2, HAL_TIM_CHANNEL_STATE_READY);
 715              		.loc 1 397 3
 716 004e 7B68     		ldr	r3, [r7, #4]
 717 0050 0122     		movs	r2, #1
 718 0052 83F83F20 		strb	r2, [r3, #63]
 398:HW_Lib/STM32H7/HAL_Lib/STM32H7xx_HAL_Driver/Src/stm32h7xx_hal_tim_ex.c ****   TIM_CHANNEL_N_STATE_SET(htim, TIM_CHANNEL_1, HAL_TIM_CHANNEL_STATE_READY);
 719              		.loc 1 398 3
 720 0056 7B68     		ldr	r3, [r7, #4]
 721 0058 0122     		movs	r2, #1
 722 005a 83F84420 		strb	r2, [r3, #68]
 399:HW_Lib/STM32H7/HAL_Lib/STM32H7xx_HAL_Driver/Src/stm32h7xx_hal_tim_ex.c ****   TIM_CHANNEL_N_STATE_SET(htim, TIM_CHANNEL_2, HAL_TIM_CHANNEL_STATE_READY);
 723              		.loc 1 399 3
 724 005e 7B68     		ldr	r3, [r7, #4]
 725 0060 0122     		movs	r2, #1
 726 0062 83F84520 		strb	r2, [r3, #69]
 400:HW_Lib/STM32H7/HAL_Lib/STM32H7xx_HAL_Driver/Src/stm32h7xx_hal_tim_ex.c **** 
 401:HW_Lib/STM32H7/HAL_Lib/STM32H7xx_HAL_Driver/Src/stm32h7xx_hal_tim_ex.c ****   /* Return function status */
 402:HW_Lib/STM32H7/HAL_Lib/STM32H7xx_HAL_Driver/Src/stm32h7xx_hal_tim_ex.c ****   return HAL_OK;
 727              		.loc 1 402 10
 728 0066 0023     		movs	r3, #0
 403:HW_Lib/STM32H7/HAL_Lib/STM32H7xx_HAL_Driver/Src/stm32h7xx_hal_tim_ex.c **** }
 729              		.loc 1 403 1
 730 0068 1846     		mov	r0, r3
 731 006a 0837     		adds	r7, r7, #8
 732              	.LCFI30:
 733              		.cfi_def_cfa_offset 8
 734 006c BD46     		mov	sp, r7
 735              	.LCFI31:
 736              		.cfi_def_cfa_register 13
 737              		@ sp needed
 738 006e 80BD     		pop	{r7, pc}
 739              		.cfi_endproc
 740              	.LFE338:
 742              		.section	.text.HAL_TIMEx_HallSensor_Start_IT,"ax",%progbits
 743              		.align	1
 744              		.global	HAL_TIMEx_HallSensor_Start_IT
 745              		.syntax unified
 746              		.thumb
 747              		.thumb_func
ARM GAS  C:\Users\HUAV\AppData\Local\Temp\ccIqAtUa.s 			page 21


 749              	HAL_TIMEx_HallSensor_Start_IT:
 750              	.LFB339:
 404:HW_Lib/STM32H7/HAL_Lib/STM32H7xx_HAL_Driver/Src/stm32h7xx_hal_tim_ex.c **** 
 405:HW_Lib/STM32H7/HAL_Lib/STM32H7xx_HAL_Driver/Src/stm32h7xx_hal_tim_ex.c **** /**
 406:HW_Lib/STM32H7/HAL_Lib/STM32H7xx_HAL_Driver/Src/stm32h7xx_hal_tim_ex.c ****   * @brief  Starts the TIM Hall Sensor Interface in interrupt mode.
 407:HW_Lib/STM32H7/HAL_Lib/STM32H7xx_HAL_Driver/Src/stm32h7xx_hal_tim_ex.c ****   * @param  htim TIM Hall Sensor Interface handle
 408:HW_Lib/STM32H7/HAL_Lib/STM32H7xx_HAL_Driver/Src/stm32h7xx_hal_tim_ex.c ****   * @retval HAL status
 409:HW_Lib/STM32H7/HAL_Lib/STM32H7xx_HAL_Driver/Src/stm32h7xx_hal_tim_ex.c ****   */
 410:HW_Lib/STM32H7/HAL_Lib/STM32H7xx_HAL_Driver/Src/stm32h7xx_hal_tim_ex.c **** HAL_StatusTypeDef HAL_TIMEx_HallSensor_Start_IT(TIM_HandleTypeDef *htim)
 411:HW_Lib/STM32H7/HAL_Lib/STM32H7xx_HAL_Driver/Src/stm32h7xx_hal_tim_ex.c **** {
 751              		.loc 1 411 1
 752              		.cfi_startproc
 753              		@ args = 0, pretend = 0, frame = 16
 754              		@ frame_needed = 1, uses_anonymous_args = 0
 755 0000 80B5     		push	{r7, lr}
 756              	.LCFI32:
 757              		.cfi_def_cfa_offset 8
 758              		.cfi_offset 7, -8
 759              		.cfi_offset 14, -4
 760 0002 84B0     		sub	sp, sp, #16
 761              	.LCFI33:
 762              		.cfi_def_cfa_offset 24
 763 0004 00AF     		add	r7, sp, #0
 764              	.LCFI34:
 765              		.cfi_def_cfa_register 7
 766 0006 7860     		str	r0, [r7, #4]
 412:HW_Lib/STM32H7/HAL_Lib/STM32H7xx_HAL_Driver/Src/stm32h7xx_hal_tim_ex.c ****   uint32_t tmpsmcr;
 413:HW_Lib/STM32H7/HAL_Lib/STM32H7xx_HAL_Driver/Src/stm32h7xx_hal_tim_ex.c ****   HAL_TIM_ChannelStateTypeDef channel_1_state = TIM_CHANNEL_STATE_GET(htim, TIM_CHANNEL_1);
 767              		.loc 1 413 31
 768 0008 7B68     		ldr	r3, [r7, #4]
 769 000a 93F83E30 		ldrb	r3, [r3, #62]
 770 000e FB73     		strb	r3, [r7, #15]
 414:HW_Lib/STM32H7/HAL_Lib/STM32H7xx_HAL_Driver/Src/stm32h7xx_hal_tim_ex.c ****   HAL_TIM_ChannelStateTypeDef channel_2_state = TIM_CHANNEL_STATE_GET(htim, TIM_CHANNEL_2);
 771              		.loc 1 414 31
 772 0010 7B68     		ldr	r3, [r7, #4]
 773 0012 93F83F30 		ldrb	r3, [r3, #63]
 774 0016 BB73     		strb	r3, [r7, #14]
 415:HW_Lib/STM32H7/HAL_Lib/STM32H7xx_HAL_Driver/Src/stm32h7xx_hal_tim_ex.c ****   HAL_TIM_ChannelStateTypeDef complementary_channel_1_state = TIM_CHANNEL_N_STATE_GET(htim, TIM_CHA
 775              		.loc 1 415 31
 776 0018 7B68     		ldr	r3, [r7, #4]
 777 001a 93F84430 		ldrb	r3, [r3, #68]
 778 001e 7B73     		strb	r3, [r7, #13]
 416:HW_Lib/STM32H7/HAL_Lib/STM32H7xx_HAL_Driver/Src/stm32h7xx_hal_tim_ex.c ****   HAL_TIM_ChannelStateTypeDef complementary_channel_2_state = TIM_CHANNEL_N_STATE_GET(htim, TIM_CHA
 779              		.loc 1 416 31
 780 0020 7B68     		ldr	r3, [r7, #4]
 781 0022 93F84530 		ldrb	r3, [r3, #69]
 782 0026 3B73     		strb	r3, [r7, #12]
 417:HW_Lib/STM32H7/HAL_Lib/STM32H7xx_HAL_Driver/Src/stm32h7xx_hal_tim_ex.c **** 
 418:HW_Lib/STM32H7/HAL_Lib/STM32H7xx_HAL_Driver/Src/stm32h7xx_hal_tim_ex.c ****   /* Check the parameters */
 419:HW_Lib/STM32H7/HAL_Lib/STM32H7xx_HAL_Driver/Src/stm32h7xx_hal_tim_ex.c ****   assert_param(IS_TIM_HALL_SENSOR_INTERFACE_INSTANCE(htim->Instance));
 420:HW_Lib/STM32H7/HAL_Lib/STM32H7xx_HAL_Driver/Src/stm32h7xx_hal_tim_ex.c **** 
 421:HW_Lib/STM32H7/HAL_Lib/STM32H7xx_HAL_Driver/Src/stm32h7xx_hal_tim_ex.c ****   /* Check the TIM channels state */
 422:HW_Lib/STM32H7/HAL_Lib/STM32H7xx_HAL_Driver/Src/stm32h7xx_hal_tim_ex.c ****   if ((channel_1_state != HAL_TIM_CHANNEL_STATE_READY)
 783              		.loc 1 422 6
 784 0028 FB7B     		ldrb	r3, [r7, #15]	@ zero_extendqisi2
 785 002a 012B     		cmp	r3, #1
 786 002c 08D1     		bne	.L28
ARM GAS  C:\Users\HUAV\AppData\Local\Temp\ccIqAtUa.s 			page 22


 423:HW_Lib/STM32H7/HAL_Lib/STM32H7xx_HAL_Driver/Src/stm32h7xx_hal_tim_ex.c ****       || (channel_2_state != HAL_TIM_CHANNEL_STATE_READY)
 787              		.loc 1 423 7
 788 002e BB7B     		ldrb	r3, [r7, #14]	@ zero_extendqisi2
 789 0030 012B     		cmp	r3, #1
 790 0032 05D1     		bne	.L28
 424:HW_Lib/STM32H7/HAL_Lib/STM32H7xx_HAL_Driver/Src/stm32h7xx_hal_tim_ex.c ****       || (complementary_channel_1_state != HAL_TIM_CHANNEL_STATE_READY)
 791              		.loc 1 424 7
 792 0034 7B7B     		ldrb	r3, [r7, #13]	@ zero_extendqisi2
 793 0036 012B     		cmp	r3, #1
 794 0038 02D1     		bne	.L28
 425:HW_Lib/STM32H7/HAL_Lib/STM32H7xx_HAL_Driver/Src/stm32h7xx_hal_tim_ex.c ****       || (complementary_channel_2_state != HAL_TIM_CHANNEL_STATE_READY))
 795              		.loc 1 425 7
 796 003a 3B7B     		ldrb	r3, [r7, #12]	@ zero_extendqisi2
 797 003c 012B     		cmp	r3, #1
 798 003e 01D0     		beq	.L29
 799              	.L28:
 426:HW_Lib/STM32H7/HAL_Lib/STM32H7xx_HAL_Driver/Src/stm32h7xx_hal_tim_ex.c ****   {
 427:HW_Lib/STM32H7/HAL_Lib/STM32H7xx_HAL_Driver/Src/stm32h7xx_hal_tim_ex.c ****     return HAL_ERROR;
 800              		.loc 1 427 12
 801 0040 0123     		movs	r3, #1
 802 0042 67E0     		b	.L30
 803              	.L29:
 428:HW_Lib/STM32H7/HAL_Lib/STM32H7xx_HAL_Driver/Src/stm32h7xx_hal_tim_ex.c ****   }
 429:HW_Lib/STM32H7/HAL_Lib/STM32H7xx_HAL_Driver/Src/stm32h7xx_hal_tim_ex.c **** 
 430:HW_Lib/STM32H7/HAL_Lib/STM32H7xx_HAL_Driver/Src/stm32h7xx_hal_tim_ex.c ****   /* Set the TIM channels state */
 431:HW_Lib/STM32H7/HAL_Lib/STM32H7xx_HAL_Driver/Src/stm32h7xx_hal_tim_ex.c ****   TIM_CHANNEL_STATE_SET(htim, TIM_CHANNEL_1, HAL_TIM_CHANNEL_STATE_BUSY);
 804              		.loc 1 431 3
 805 0044 7B68     		ldr	r3, [r7, #4]
 806 0046 0222     		movs	r2, #2
 807 0048 83F83E20 		strb	r2, [r3, #62]
 432:HW_Lib/STM32H7/HAL_Lib/STM32H7xx_HAL_Driver/Src/stm32h7xx_hal_tim_ex.c ****   TIM_CHANNEL_STATE_SET(htim, TIM_CHANNEL_2, HAL_TIM_CHANNEL_STATE_BUSY);
 808              		.loc 1 432 3
 809 004c 7B68     		ldr	r3, [r7, #4]
 810 004e 0222     		movs	r2, #2
 811 0050 83F83F20 		strb	r2, [r3, #63]
 433:HW_Lib/STM32H7/HAL_Lib/STM32H7xx_HAL_Driver/Src/stm32h7xx_hal_tim_ex.c ****   TIM_CHANNEL_N_STATE_SET(htim, TIM_CHANNEL_1, HAL_TIM_CHANNEL_STATE_BUSY);
 812              		.loc 1 433 3
 813 0054 7B68     		ldr	r3, [r7, #4]
 814 0056 0222     		movs	r2, #2
 815 0058 83F84420 		strb	r2, [r3, #68]
 434:HW_Lib/STM32H7/HAL_Lib/STM32H7xx_HAL_Driver/Src/stm32h7xx_hal_tim_ex.c ****   TIM_CHANNEL_N_STATE_SET(htim, TIM_CHANNEL_2, HAL_TIM_CHANNEL_STATE_BUSY);
 816              		.loc 1 434 3
 817 005c 7B68     		ldr	r3, [r7, #4]
 818 005e 0222     		movs	r2, #2
 819 0060 83F84520 		strb	r2, [r3, #69]
 435:HW_Lib/STM32H7/HAL_Lib/STM32H7xx_HAL_Driver/Src/stm32h7xx_hal_tim_ex.c **** 
 436:HW_Lib/STM32H7/HAL_Lib/STM32H7xx_HAL_Driver/Src/stm32h7xx_hal_tim_ex.c ****   /* Enable the capture compare Interrupts 1 event */
 437:HW_Lib/STM32H7/HAL_Lib/STM32H7xx_HAL_Driver/Src/stm32h7xx_hal_tim_ex.c ****   __HAL_TIM_ENABLE_IT(htim, TIM_IT_CC1);
 820              		.loc 1 437 3
 821 0064 7B68     		ldr	r3, [r7, #4]
 822 0066 1B68     		ldr	r3, [r3]
 823 0068 DA68     		ldr	r2, [r3, #12]
 824 006a 7B68     		ldr	r3, [r7, #4]
 825 006c 1B68     		ldr	r3, [r3]
 826 006e 42F00202 		orr	r2, r2, #2
 827 0072 DA60     		str	r2, [r3, #12]
 438:HW_Lib/STM32H7/HAL_Lib/STM32H7xx_HAL_Driver/Src/stm32h7xx_hal_tim_ex.c **** 
ARM GAS  C:\Users\HUAV\AppData\Local\Temp\ccIqAtUa.s 			page 23


 439:HW_Lib/STM32H7/HAL_Lib/STM32H7xx_HAL_Driver/Src/stm32h7xx_hal_tim_ex.c ****   /* Enable the Input Capture channel 1
 440:HW_Lib/STM32H7/HAL_Lib/STM32H7xx_HAL_Driver/Src/stm32h7xx_hal_tim_ex.c ****   (in the Hall Sensor Interface the three possible channels that can be used are TIM_CHANNEL_1,
 441:HW_Lib/STM32H7/HAL_Lib/STM32H7xx_HAL_Driver/Src/stm32h7xx_hal_tim_ex.c ****   TIM_CHANNEL_2 and TIM_CHANNEL_3) */
 442:HW_Lib/STM32H7/HAL_Lib/STM32H7xx_HAL_Driver/Src/stm32h7xx_hal_tim_ex.c ****   TIM_CCxChannelCmd(htim->Instance, TIM_CHANNEL_1, TIM_CCx_ENABLE);
 828              		.loc 1 442 3
 829 0074 7B68     		ldr	r3, [r7, #4]
 830 0076 1B68     		ldr	r3, [r3]
 831 0078 0122     		movs	r2, #1
 832 007a 0021     		movs	r1, #0
 833 007c 1846     		mov	r0, r3
 834 007e FFF7FEFF 		bl	TIM_CCxChannelCmd
 443:HW_Lib/STM32H7/HAL_Lib/STM32H7xx_HAL_Driver/Src/stm32h7xx_hal_tim_ex.c **** 
 444:HW_Lib/STM32H7/HAL_Lib/STM32H7xx_HAL_Driver/Src/stm32h7xx_hal_tim_ex.c ****   /* Enable the Peripheral, except in trigger mode where enable is automatically done with trigger 
 445:HW_Lib/STM32H7/HAL_Lib/STM32H7xx_HAL_Driver/Src/stm32h7xx_hal_tim_ex.c ****   if (IS_TIM_SLAVE_INSTANCE(htim->Instance))
 835              		.loc 1 445 7
 836 0082 7B68     		ldr	r3, [r7, #4]
 837 0084 1B68     		ldr	r3, [r3]
 838              		.loc 1 445 6
 839 0086 254A     		ldr	r2, .L36
 840 0088 9342     		cmp	r3, r2
 841 008a 22D0     		beq	.L31
 842              		.loc 1 445 7 discriminator 1
 843 008c 7B68     		ldr	r3, [r7, #4]
 844 008e 1B68     		ldr	r3, [r3]
 845 0090 B3F1804F 		cmp	r3, #1073741824
 846 0094 1DD0     		beq	.L31
 847              		.loc 1 445 7 is_stmt 0 discriminator 2
 848 0096 7B68     		ldr	r3, [r7, #4]
 849 0098 1B68     		ldr	r3, [r3]
 850 009a 214A     		ldr	r2, .L36+4
 851 009c 9342     		cmp	r3, r2
 852 009e 18D0     		beq	.L31
 853              		.loc 1 445 7 discriminator 3
 854 00a0 7B68     		ldr	r3, [r7, #4]
 855 00a2 1B68     		ldr	r3, [r3]
 856 00a4 1F4A     		ldr	r2, .L36+8
 857 00a6 9342     		cmp	r3, r2
 858 00a8 13D0     		beq	.L31
 859              		.loc 1 445 7 discriminator 4
 860 00aa 7B68     		ldr	r3, [r7, #4]
 861 00ac 1B68     		ldr	r3, [r3]
 862 00ae 1E4A     		ldr	r2, .L36+12
 863 00b0 9342     		cmp	r3, r2
 864 00b2 0ED0     		beq	.L31
 865              		.loc 1 445 7 discriminator 5
 866 00b4 7B68     		ldr	r3, [r7, #4]
 867 00b6 1B68     		ldr	r3, [r3]
 868 00b8 1C4A     		ldr	r2, .L36+16
 869 00ba 9342     		cmp	r3, r2
 870 00bc 09D0     		beq	.L31
 871              		.loc 1 445 7 discriminator 6
 872 00be 7B68     		ldr	r3, [r7, #4]
 873 00c0 1B68     		ldr	r3, [r3]
 874 00c2 1B4A     		ldr	r2, .L36+20
 875 00c4 9342     		cmp	r3, r2
 876 00c6 04D0     		beq	.L31
 877              		.loc 1 445 7 discriminator 7
ARM GAS  C:\Users\HUAV\AppData\Local\Temp\ccIqAtUa.s 			page 24


 878 00c8 7B68     		ldr	r3, [r7, #4]
 879 00ca 1B68     		ldr	r3, [r3]
 880 00cc 194A     		ldr	r2, .L36+24
 881 00ce 9342     		cmp	r3, r2
 882 00d0 15D1     		bne	.L32
 883              	.L31:
 446:HW_Lib/STM32H7/HAL_Lib/STM32H7xx_HAL_Driver/Src/stm32h7xx_hal_tim_ex.c ****   {
 447:HW_Lib/STM32H7/HAL_Lib/STM32H7xx_HAL_Driver/Src/stm32h7xx_hal_tim_ex.c ****     tmpsmcr = htim->Instance->SMCR & TIM_SMCR_SMS;
 884              		.loc 1 447 19 is_stmt 1
 885 00d2 7B68     		ldr	r3, [r7, #4]
 886 00d4 1B68     		ldr	r3, [r3]
 887              		.loc 1 447 29
 888 00d6 9A68     		ldr	r2, [r3, #8]
 889              		.loc 1 447 13
 890 00d8 174B     		ldr	r3, .L36+28
 891 00da 1340     		ands	r3, r3, r2
 892 00dc BB60     		str	r3, [r7, #8]
 448:HW_Lib/STM32H7/HAL_Lib/STM32H7xx_HAL_Driver/Src/stm32h7xx_hal_tim_ex.c ****     if (!IS_TIM_SLAVEMODE_TRIGGER_ENABLED(tmpsmcr))
 893              		.loc 1 448 8
 894 00de BB68     		ldr	r3, [r7, #8]
 895 00e0 062B     		cmp	r3, #6
 896 00e2 15D0     		beq	.L35
 897              		.loc 1 448 9 discriminator 1
 898 00e4 BB68     		ldr	r3, [r7, #8]
 899 00e6 B3F5803F 		cmp	r3, #65536
 900 00ea 11D0     		beq	.L35
 449:HW_Lib/STM32H7/HAL_Lib/STM32H7xx_HAL_Driver/Src/stm32h7xx_hal_tim_ex.c ****     {
 450:HW_Lib/STM32H7/HAL_Lib/STM32H7xx_HAL_Driver/Src/stm32h7xx_hal_tim_ex.c ****       __HAL_TIM_ENABLE(htim);
 901              		.loc 1 450 7
 902 00ec 7B68     		ldr	r3, [r7, #4]
 903 00ee 1B68     		ldr	r3, [r3]
 904 00f0 1A68     		ldr	r2, [r3]
 905 00f2 7B68     		ldr	r3, [r7, #4]
 906 00f4 1B68     		ldr	r3, [r3]
 907 00f6 42F00102 		orr	r2, r2, #1
 908 00fa 1A60     		str	r2, [r3]
 448:HW_Lib/STM32H7/HAL_Lib/STM32H7xx_HAL_Driver/Src/stm32h7xx_hal_tim_ex.c ****     if (!IS_TIM_SLAVEMODE_TRIGGER_ENABLED(tmpsmcr))
 909              		.loc 1 448 8
 910 00fc 08E0     		b	.L35
 911              	.L32:
 451:HW_Lib/STM32H7/HAL_Lib/STM32H7xx_HAL_Driver/Src/stm32h7xx_hal_tim_ex.c ****     }
 452:HW_Lib/STM32H7/HAL_Lib/STM32H7xx_HAL_Driver/Src/stm32h7xx_hal_tim_ex.c ****   }
 453:HW_Lib/STM32H7/HAL_Lib/STM32H7xx_HAL_Driver/Src/stm32h7xx_hal_tim_ex.c ****   else
 454:HW_Lib/STM32H7/HAL_Lib/STM32H7xx_HAL_Driver/Src/stm32h7xx_hal_tim_ex.c ****   {
 455:HW_Lib/STM32H7/HAL_Lib/STM32H7xx_HAL_Driver/Src/stm32h7xx_hal_tim_ex.c ****     __HAL_TIM_ENABLE(htim);
 912              		.loc 1 455 5
 913 00fe 7B68     		ldr	r3, [r7, #4]
 914 0100 1B68     		ldr	r3, [r3]
 915 0102 1A68     		ldr	r2, [r3]
 916 0104 7B68     		ldr	r3, [r7, #4]
 917 0106 1B68     		ldr	r3, [r3]
 918 0108 42F00102 		orr	r2, r2, #1
 919 010c 1A60     		str	r2, [r3]
 920 010e 00E0     		b	.L34
 921              	.L35:
 448:HW_Lib/STM32H7/HAL_Lib/STM32H7xx_HAL_Driver/Src/stm32h7xx_hal_tim_ex.c ****     {
 922              		.loc 1 448 8
ARM GAS  C:\Users\HUAV\AppData\Local\Temp\ccIqAtUa.s 			page 25


 923 0110 00BF     		nop
 924              	.L34:
 456:HW_Lib/STM32H7/HAL_Lib/STM32H7xx_HAL_Driver/Src/stm32h7xx_hal_tim_ex.c ****   }
 457:HW_Lib/STM32H7/HAL_Lib/STM32H7xx_HAL_Driver/Src/stm32h7xx_hal_tim_ex.c **** 
 458:HW_Lib/STM32H7/HAL_Lib/STM32H7xx_HAL_Driver/Src/stm32h7xx_hal_tim_ex.c ****   /* Return function status */
 459:HW_Lib/STM32H7/HAL_Lib/STM32H7xx_HAL_Driver/Src/stm32h7xx_hal_tim_ex.c ****   return HAL_OK;
 925              		.loc 1 459 10
 926 0112 0023     		movs	r3, #0
 927              	.L30:
 460:HW_Lib/STM32H7/HAL_Lib/STM32H7xx_HAL_Driver/Src/stm32h7xx_hal_tim_ex.c **** }
 928              		.loc 1 460 1
 929 0114 1846     		mov	r0, r3
 930 0116 1037     		adds	r7, r7, #16
 931              	.LCFI35:
 932              		.cfi_def_cfa_offset 8
 933 0118 BD46     		mov	sp, r7
 934              	.LCFI36:
 935              		.cfi_def_cfa_register 13
 936              		@ sp needed
 937 011a 80BD     		pop	{r7, pc}
 938              	.L37:
 939              		.align	2
 940              	.L36:
 941 011c 00000140 		.word	1073807360
 942 0120 00040040 		.word	1073742848
 943 0124 00080040 		.word	1073743872
 944 0128 000C0040 		.word	1073744896
 945 012c 00040140 		.word	1073808384
 946 0130 00180040 		.word	1073747968
 947 0134 00400140 		.word	1073823744
 948 0138 07000100 		.word	65543
 949              		.cfi_endproc
 950              	.LFE339:
 952              		.section	.text.HAL_TIMEx_HallSensor_Stop_IT,"ax",%progbits
 953              		.align	1
 954              		.global	HAL_TIMEx_HallSensor_Stop_IT
 955              		.syntax unified
 956              		.thumb
 957              		.thumb_func
 959              	HAL_TIMEx_HallSensor_Stop_IT:
 960              	.LFB340:
 461:HW_Lib/STM32H7/HAL_Lib/STM32H7xx_HAL_Driver/Src/stm32h7xx_hal_tim_ex.c **** 
 462:HW_Lib/STM32H7/HAL_Lib/STM32H7xx_HAL_Driver/Src/stm32h7xx_hal_tim_ex.c **** /**
 463:HW_Lib/STM32H7/HAL_Lib/STM32H7xx_HAL_Driver/Src/stm32h7xx_hal_tim_ex.c ****   * @brief  Stops the TIM Hall Sensor Interface in interrupt mode.
 464:HW_Lib/STM32H7/HAL_Lib/STM32H7xx_HAL_Driver/Src/stm32h7xx_hal_tim_ex.c ****   * @param  htim TIM Hall Sensor Interface handle
 465:HW_Lib/STM32H7/HAL_Lib/STM32H7xx_HAL_Driver/Src/stm32h7xx_hal_tim_ex.c ****   * @retval HAL status
 466:HW_Lib/STM32H7/HAL_Lib/STM32H7xx_HAL_Driver/Src/stm32h7xx_hal_tim_ex.c ****   */
 467:HW_Lib/STM32H7/HAL_Lib/STM32H7xx_HAL_Driver/Src/stm32h7xx_hal_tim_ex.c **** HAL_StatusTypeDef HAL_TIMEx_HallSensor_Stop_IT(TIM_HandleTypeDef *htim)
 468:HW_Lib/STM32H7/HAL_Lib/STM32H7xx_HAL_Driver/Src/stm32h7xx_hal_tim_ex.c **** {
 961              		.loc 1 468 1
 962              		.cfi_startproc
 963              		@ args = 0, pretend = 0, frame = 8
 964              		@ frame_needed = 1, uses_anonymous_args = 0
 965 0000 80B5     		push	{r7, lr}
 966              	.LCFI37:
 967              		.cfi_def_cfa_offset 8
 968              		.cfi_offset 7, -8
ARM GAS  C:\Users\HUAV\AppData\Local\Temp\ccIqAtUa.s 			page 26


 969              		.cfi_offset 14, -4
 970 0002 82B0     		sub	sp, sp, #8
 971              	.LCFI38:
 972              		.cfi_def_cfa_offset 16
 973 0004 00AF     		add	r7, sp, #0
 974              	.LCFI39:
 975              		.cfi_def_cfa_register 7
 976 0006 7860     		str	r0, [r7, #4]
 469:HW_Lib/STM32H7/HAL_Lib/STM32H7xx_HAL_Driver/Src/stm32h7xx_hal_tim_ex.c ****   /* Check the parameters */
 470:HW_Lib/STM32H7/HAL_Lib/STM32H7xx_HAL_Driver/Src/stm32h7xx_hal_tim_ex.c ****   assert_param(IS_TIM_HALL_SENSOR_INTERFACE_INSTANCE(htim->Instance));
 471:HW_Lib/STM32H7/HAL_Lib/STM32H7xx_HAL_Driver/Src/stm32h7xx_hal_tim_ex.c **** 
 472:HW_Lib/STM32H7/HAL_Lib/STM32H7xx_HAL_Driver/Src/stm32h7xx_hal_tim_ex.c ****   /* Disable the Input Capture channel 1
 473:HW_Lib/STM32H7/HAL_Lib/STM32H7xx_HAL_Driver/Src/stm32h7xx_hal_tim_ex.c ****   (in the Hall Sensor Interface the three possible channels that can be used are TIM_CHANNEL_1,
 474:HW_Lib/STM32H7/HAL_Lib/STM32H7xx_HAL_Driver/Src/stm32h7xx_hal_tim_ex.c ****   TIM_CHANNEL_2 and TIM_CHANNEL_3) */
 475:HW_Lib/STM32H7/HAL_Lib/STM32H7xx_HAL_Driver/Src/stm32h7xx_hal_tim_ex.c ****   TIM_CCxChannelCmd(htim->Instance, TIM_CHANNEL_1, TIM_CCx_DISABLE);
 977              		.loc 1 475 3
 978 0008 7B68     		ldr	r3, [r7, #4]
 979 000a 1B68     		ldr	r3, [r3]
 980 000c 0022     		movs	r2, #0
 981 000e 0021     		movs	r1, #0
 982 0010 1846     		mov	r0, r3
 983 0012 FFF7FEFF 		bl	TIM_CCxChannelCmd
 476:HW_Lib/STM32H7/HAL_Lib/STM32H7xx_HAL_Driver/Src/stm32h7xx_hal_tim_ex.c **** 
 477:HW_Lib/STM32H7/HAL_Lib/STM32H7xx_HAL_Driver/Src/stm32h7xx_hal_tim_ex.c ****   /* Disable the capture compare Interrupts event */
 478:HW_Lib/STM32H7/HAL_Lib/STM32H7xx_HAL_Driver/Src/stm32h7xx_hal_tim_ex.c ****   __HAL_TIM_DISABLE_IT(htim, TIM_IT_CC1);
 984              		.loc 1 478 3
 985 0016 7B68     		ldr	r3, [r7, #4]
 986 0018 1B68     		ldr	r3, [r3]
 987 001a DA68     		ldr	r2, [r3, #12]
 988 001c 7B68     		ldr	r3, [r7, #4]
 989 001e 1B68     		ldr	r3, [r3]
 990 0020 22F00202 		bic	r2, r2, #2
 991 0024 DA60     		str	r2, [r3, #12]
 479:HW_Lib/STM32H7/HAL_Lib/STM32H7xx_HAL_Driver/Src/stm32h7xx_hal_tim_ex.c **** 
 480:HW_Lib/STM32H7/HAL_Lib/STM32H7xx_HAL_Driver/Src/stm32h7xx_hal_tim_ex.c ****   /* Disable the Peripheral */
 481:HW_Lib/STM32H7/HAL_Lib/STM32H7xx_HAL_Driver/Src/stm32h7xx_hal_tim_ex.c ****   __HAL_TIM_DISABLE(htim);
 992              		.loc 1 481 3
 993 0026 7B68     		ldr	r3, [r7, #4]
 994 0028 1B68     		ldr	r3, [r3]
 995 002a 1A6A     		ldr	r2, [r3, #32]
 996 002c 41F21113 		movw	r3, #4369
 997 0030 1340     		ands	r3, r3, r2
 998 0032 002B     		cmp	r3, #0
 999 0034 0FD1     		bne	.L39
 1000              		.loc 1 481 3 is_stmt 0 discriminator 1
 1001 0036 7B68     		ldr	r3, [r7, #4]
 1002 0038 1B68     		ldr	r3, [r3]
 1003 003a 1A6A     		ldr	r2, [r3, #32]
 1004 003c 40F24443 		movw	r3, #1092
 1005 0040 1340     		ands	r3, r3, r2
 1006 0042 002B     		cmp	r3, #0
 1007 0044 07D1     		bne	.L39
 1008              		.loc 1 481 3 discriminator 2
 1009 0046 7B68     		ldr	r3, [r7, #4]
 1010 0048 1B68     		ldr	r3, [r3]
 1011 004a 1A68     		ldr	r2, [r3]
 1012 004c 7B68     		ldr	r3, [r7, #4]
ARM GAS  C:\Users\HUAV\AppData\Local\Temp\ccIqAtUa.s 			page 27


 1013 004e 1B68     		ldr	r3, [r3]
 1014 0050 22F00102 		bic	r2, r2, #1
 1015 0054 1A60     		str	r2, [r3]
 1016              	.L39:
 482:HW_Lib/STM32H7/HAL_Lib/STM32H7xx_HAL_Driver/Src/stm32h7xx_hal_tim_ex.c **** 
 483:HW_Lib/STM32H7/HAL_Lib/STM32H7xx_HAL_Driver/Src/stm32h7xx_hal_tim_ex.c ****   /* Set the TIM channels state */
 484:HW_Lib/STM32H7/HAL_Lib/STM32H7xx_HAL_Driver/Src/stm32h7xx_hal_tim_ex.c ****   TIM_CHANNEL_STATE_SET(htim, TIM_CHANNEL_1, HAL_TIM_CHANNEL_STATE_READY);
 1017              		.loc 1 484 3 is_stmt 1
 1018 0056 7B68     		ldr	r3, [r7, #4]
 1019 0058 0122     		movs	r2, #1
 1020 005a 83F83E20 		strb	r2, [r3, #62]
 485:HW_Lib/STM32H7/HAL_Lib/STM32H7xx_HAL_Driver/Src/stm32h7xx_hal_tim_ex.c ****   TIM_CHANNEL_STATE_SET(htim, TIM_CHANNEL_2, HAL_TIM_CHANNEL_STATE_READY);
 1021              		.loc 1 485 3
 1022 005e 7B68     		ldr	r3, [r7, #4]
 1023 0060 0122     		movs	r2, #1
 1024 0062 83F83F20 		strb	r2, [r3, #63]
 486:HW_Lib/STM32H7/HAL_Lib/STM32H7xx_HAL_Driver/Src/stm32h7xx_hal_tim_ex.c ****   TIM_CHANNEL_N_STATE_SET(htim, TIM_CHANNEL_1, HAL_TIM_CHANNEL_STATE_READY);
 1025              		.loc 1 486 3
 1026 0066 7B68     		ldr	r3, [r7, #4]
 1027 0068 0122     		movs	r2, #1
 1028 006a 83F84420 		strb	r2, [r3, #68]
 487:HW_Lib/STM32H7/HAL_Lib/STM32H7xx_HAL_Driver/Src/stm32h7xx_hal_tim_ex.c ****   TIM_CHANNEL_N_STATE_SET(htim, TIM_CHANNEL_2, HAL_TIM_CHANNEL_STATE_READY);
 1029              		.loc 1 487 3
 1030 006e 7B68     		ldr	r3, [r7, #4]
 1031 0070 0122     		movs	r2, #1
 1032 0072 83F84520 		strb	r2, [r3, #69]
 488:HW_Lib/STM32H7/HAL_Lib/STM32H7xx_HAL_Driver/Src/stm32h7xx_hal_tim_ex.c **** 
 489:HW_Lib/STM32H7/HAL_Lib/STM32H7xx_HAL_Driver/Src/stm32h7xx_hal_tim_ex.c ****   /* Return function status */
 490:HW_Lib/STM32H7/HAL_Lib/STM32H7xx_HAL_Driver/Src/stm32h7xx_hal_tim_ex.c ****   return HAL_OK;
 1033              		.loc 1 490 10
 1034 0076 0023     		movs	r3, #0
 491:HW_Lib/STM32H7/HAL_Lib/STM32H7xx_HAL_Driver/Src/stm32h7xx_hal_tim_ex.c **** }
 1035              		.loc 1 491 1
 1036 0078 1846     		mov	r0, r3
 1037 007a 0837     		adds	r7, r7, #8
 1038              	.LCFI40:
 1039              		.cfi_def_cfa_offset 8
 1040 007c BD46     		mov	sp, r7
 1041              	.LCFI41:
 1042              		.cfi_def_cfa_register 13
 1043              		@ sp needed
 1044 007e 80BD     		pop	{r7, pc}
 1045              		.cfi_endproc
 1046              	.LFE340:
 1048              		.section	.text.HAL_TIMEx_HallSensor_Start_DMA,"ax",%progbits
 1049              		.align	1
 1050              		.global	HAL_TIMEx_HallSensor_Start_DMA
 1051              		.syntax unified
 1052              		.thumb
 1053              		.thumb_func
 1055              	HAL_TIMEx_HallSensor_Start_DMA:
 1056              	.LFB341:
 492:HW_Lib/STM32H7/HAL_Lib/STM32H7xx_HAL_Driver/Src/stm32h7xx_hal_tim_ex.c **** 
 493:HW_Lib/STM32H7/HAL_Lib/STM32H7xx_HAL_Driver/Src/stm32h7xx_hal_tim_ex.c **** /**
 494:HW_Lib/STM32H7/HAL_Lib/STM32H7xx_HAL_Driver/Src/stm32h7xx_hal_tim_ex.c ****   * @brief  Starts the TIM Hall Sensor Interface in DMA mode.
 495:HW_Lib/STM32H7/HAL_Lib/STM32H7xx_HAL_Driver/Src/stm32h7xx_hal_tim_ex.c ****   * @param  htim TIM Hall Sensor Interface handle
 496:HW_Lib/STM32H7/HAL_Lib/STM32H7xx_HAL_Driver/Src/stm32h7xx_hal_tim_ex.c ****   * @param  pData The destination Buffer address.
ARM GAS  C:\Users\HUAV\AppData\Local\Temp\ccIqAtUa.s 			page 28


 497:HW_Lib/STM32H7/HAL_Lib/STM32H7xx_HAL_Driver/Src/stm32h7xx_hal_tim_ex.c ****   * @param  Length The length of data to be transferred from TIM peripheral to memory.
 498:HW_Lib/STM32H7/HAL_Lib/STM32H7xx_HAL_Driver/Src/stm32h7xx_hal_tim_ex.c ****   * @retval HAL status
 499:HW_Lib/STM32H7/HAL_Lib/STM32H7xx_HAL_Driver/Src/stm32h7xx_hal_tim_ex.c ****   */
 500:HW_Lib/STM32H7/HAL_Lib/STM32H7xx_HAL_Driver/Src/stm32h7xx_hal_tim_ex.c **** HAL_StatusTypeDef HAL_TIMEx_HallSensor_Start_DMA(TIM_HandleTypeDef *htim, uint32_t *pData, uint16_t
 501:HW_Lib/STM32H7/HAL_Lib/STM32H7xx_HAL_Driver/Src/stm32h7xx_hal_tim_ex.c **** {
 1057              		.loc 1 501 1
 1058              		.cfi_startproc
 1059              		@ args = 0, pretend = 0, frame = 24
 1060              		@ frame_needed = 1, uses_anonymous_args = 0
 1061 0000 80B5     		push	{r7, lr}
 1062              	.LCFI42:
 1063              		.cfi_def_cfa_offset 8
 1064              		.cfi_offset 7, -8
 1065              		.cfi_offset 14, -4
 1066 0002 86B0     		sub	sp, sp, #24
 1067              	.LCFI43:
 1068              		.cfi_def_cfa_offset 32
 1069 0004 00AF     		add	r7, sp, #0
 1070              	.LCFI44:
 1071              		.cfi_def_cfa_register 7
 1072 0006 F860     		str	r0, [r7, #12]
 1073 0008 B960     		str	r1, [r7, #8]
 1074 000a 1346     		mov	r3, r2
 1075 000c FB80     		strh	r3, [r7, #6]	@ movhi
 502:HW_Lib/STM32H7/HAL_Lib/STM32H7xx_HAL_Driver/Src/stm32h7xx_hal_tim_ex.c ****   uint32_t tmpsmcr;
 503:HW_Lib/STM32H7/HAL_Lib/STM32H7xx_HAL_Driver/Src/stm32h7xx_hal_tim_ex.c ****   HAL_TIM_ChannelStateTypeDef channel_1_state = TIM_CHANNEL_STATE_GET(htim, TIM_CHANNEL_1);
 1076              		.loc 1 503 31
 1077 000e FB68     		ldr	r3, [r7, #12]
 1078 0010 93F83E30 		ldrb	r3, [r3, #62]
 1079 0014 FB75     		strb	r3, [r7, #23]
 504:HW_Lib/STM32H7/HAL_Lib/STM32H7xx_HAL_Driver/Src/stm32h7xx_hal_tim_ex.c ****   HAL_TIM_ChannelStateTypeDef complementary_channel_1_state = TIM_CHANNEL_N_STATE_GET(htim, TIM_CHA
 1080              		.loc 1 504 31
 1081 0016 FB68     		ldr	r3, [r7, #12]
 1082 0018 93F84430 		ldrb	r3, [r3, #68]
 1083 001c BB75     		strb	r3, [r7, #22]
 505:HW_Lib/STM32H7/HAL_Lib/STM32H7xx_HAL_Driver/Src/stm32h7xx_hal_tim_ex.c **** 
 506:HW_Lib/STM32H7/HAL_Lib/STM32H7xx_HAL_Driver/Src/stm32h7xx_hal_tim_ex.c ****   /* Check the parameters */
 507:HW_Lib/STM32H7/HAL_Lib/STM32H7xx_HAL_Driver/Src/stm32h7xx_hal_tim_ex.c ****   assert_param(IS_TIM_HALL_SENSOR_INTERFACE_INSTANCE(htim->Instance));
 508:HW_Lib/STM32H7/HAL_Lib/STM32H7xx_HAL_Driver/Src/stm32h7xx_hal_tim_ex.c **** 
 509:HW_Lib/STM32H7/HAL_Lib/STM32H7xx_HAL_Driver/Src/stm32h7xx_hal_tim_ex.c ****   /* Set the TIM channel state */
 510:HW_Lib/STM32H7/HAL_Lib/STM32H7xx_HAL_Driver/Src/stm32h7xx_hal_tim_ex.c ****   if ((channel_1_state == HAL_TIM_CHANNEL_STATE_BUSY)
 1084              		.loc 1 510 6
 1085 001e FB7D     		ldrb	r3, [r7, #23]	@ zero_extendqisi2
 1086 0020 022B     		cmp	r3, #2
 1087 0022 02D0     		beq	.L42
 511:HW_Lib/STM32H7/HAL_Lib/STM32H7xx_HAL_Driver/Src/stm32h7xx_hal_tim_ex.c ****       || (complementary_channel_1_state == HAL_TIM_CHANNEL_STATE_BUSY))
 1088              		.loc 1 511 7
 1089 0024 BB7D     		ldrb	r3, [r7, #22]	@ zero_extendqisi2
 1090 0026 022B     		cmp	r3, #2
 1091 0028 01D1     		bne	.L43
 1092              	.L42:
 512:HW_Lib/STM32H7/HAL_Lib/STM32H7xx_HAL_Driver/Src/stm32h7xx_hal_tim_ex.c ****   {
 513:HW_Lib/STM32H7/HAL_Lib/STM32H7xx_HAL_Driver/Src/stm32h7xx_hal_tim_ex.c ****     return HAL_BUSY;
 1093              		.loc 1 513 12
 1094 002a 0223     		movs	r3, #2
 1095 002c 8CE0     		b	.L44
 1096              	.L43:
ARM GAS  C:\Users\HUAV\AppData\Local\Temp\ccIqAtUa.s 			page 29


 514:HW_Lib/STM32H7/HAL_Lib/STM32H7xx_HAL_Driver/Src/stm32h7xx_hal_tim_ex.c ****   }
 515:HW_Lib/STM32H7/HAL_Lib/STM32H7xx_HAL_Driver/Src/stm32h7xx_hal_tim_ex.c ****   else if ((channel_1_state == HAL_TIM_CHANNEL_STATE_READY)
 1097              		.loc 1 515 11
 1098 002e FB7D     		ldrb	r3, [r7, #23]	@ zero_extendqisi2
 1099 0030 012B     		cmp	r3, #1
 1100 0032 34D1     		bne	.L45
 516:HW_Lib/STM32H7/HAL_Lib/STM32H7xx_HAL_Driver/Src/stm32h7xx_hal_tim_ex.c ****            && (complementary_channel_1_state == HAL_TIM_CHANNEL_STATE_READY))
 1101              		.loc 1 516 12
 1102 0034 BB7D     		ldrb	r3, [r7, #22]	@ zero_extendqisi2
 1103 0036 012B     		cmp	r3, #1
 1104 0038 31D1     		bne	.L45
 517:HW_Lib/STM32H7/HAL_Lib/STM32H7xx_HAL_Driver/Src/stm32h7xx_hal_tim_ex.c ****   {
 518:HW_Lib/STM32H7/HAL_Lib/STM32H7xx_HAL_Driver/Src/stm32h7xx_hal_tim_ex.c ****     if ((pData == NULL) && (Length > 0U))
 1105              		.loc 1 518 8
 1106 003a BB68     		ldr	r3, [r7, #8]
 1107 003c 002B     		cmp	r3, #0
 1108 003e 04D1     		bne	.L46
 1109              		.loc 1 518 25 discriminator 1
 1110 0040 FB88     		ldrh	r3, [r7, #6]
 1111 0042 002B     		cmp	r3, #0
 1112 0044 01D0     		beq	.L46
 519:HW_Lib/STM32H7/HAL_Lib/STM32H7xx_HAL_Driver/Src/stm32h7xx_hal_tim_ex.c ****     {
 520:HW_Lib/STM32H7/HAL_Lib/STM32H7xx_HAL_Driver/Src/stm32h7xx_hal_tim_ex.c ****       return HAL_ERROR;
 1113              		.loc 1 520 14
 1114 0046 0123     		movs	r3, #1
 1115 0048 7EE0     		b	.L44
 1116              	.L46:
 521:HW_Lib/STM32H7/HAL_Lib/STM32H7xx_HAL_Driver/Src/stm32h7xx_hal_tim_ex.c ****     }
 522:HW_Lib/STM32H7/HAL_Lib/STM32H7xx_HAL_Driver/Src/stm32h7xx_hal_tim_ex.c ****     else
 523:HW_Lib/STM32H7/HAL_Lib/STM32H7xx_HAL_Driver/Src/stm32h7xx_hal_tim_ex.c ****     {
 524:HW_Lib/STM32H7/HAL_Lib/STM32H7xx_HAL_Driver/Src/stm32h7xx_hal_tim_ex.c ****       TIM_CHANNEL_STATE_SET(htim, TIM_CHANNEL_1, HAL_TIM_CHANNEL_STATE_BUSY);
 1117              		.loc 1 524 7
 1118 004a FB68     		ldr	r3, [r7, #12]
 1119 004c 0222     		movs	r2, #2
 1120 004e 83F83E20 		strb	r2, [r3, #62]
 525:HW_Lib/STM32H7/HAL_Lib/STM32H7xx_HAL_Driver/Src/stm32h7xx_hal_tim_ex.c ****       TIM_CHANNEL_N_STATE_SET(htim, TIM_CHANNEL_1, HAL_TIM_CHANNEL_STATE_BUSY);
 1121              		.loc 1 525 7
 1122 0052 FB68     		ldr	r3, [r7, #12]
 1123 0054 0222     		movs	r2, #2
 1124 0056 83F84420 		strb	r2, [r3, #68]
 518:HW_Lib/STM32H7/HAL_Lib/STM32H7xx_HAL_Driver/Src/stm32h7xx_hal_tim_ex.c ****     {
 1125              		.loc 1 518 8
 1126 005a 00BF     		nop
 526:HW_Lib/STM32H7/HAL_Lib/STM32H7xx_HAL_Driver/Src/stm32h7xx_hal_tim_ex.c ****     }
 527:HW_Lib/STM32H7/HAL_Lib/STM32H7xx_HAL_Driver/Src/stm32h7xx_hal_tim_ex.c ****   }
 528:HW_Lib/STM32H7/HAL_Lib/STM32H7xx_HAL_Driver/Src/stm32h7xx_hal_tim_ex.c ****   else
 529:HW_Lib/STM32H7/HAL_Lib/STM32H7xx_HAL_Driver/Src/stm32h7xx_hal_tim_ex.c ****   {
 530:HW_Lib/STM32H7/HAL_Lib/STM32H7xx_HAL_Driver/Src/stm32h7xx_hal_tim_ex.c ****     return HAL_ERROR;
 531:HW_Lib/STM32H7/HAL_Lib/STM32H7xx_HAL_Driver/Src/stm32h7xx_hal_tim_ex.c ****   }
 532:HW_Lib/STM32H7/HAL_Lib/STM32H7xx_HAL_Driver/Src/stm32h7xx_hal_tim_ex.c **** 
 533:HW_Lib/STM32H7/HAL_Lib/STM32H7xx_HAL_Driver/Src/stm32h7xx_hal_tim_ex.c ****   /* Enable the Input Capture channel 1
 534:HW_Lib/STM32H7/HAL_Lib/STM32H7xx_HAL_Driver/Src/stm32h7xx_hal_tim_ex.c ****   (in the Hall Sensor Interface the three possible channels that can be used are TIM_CHANNEL_1,
 535:HW_Lib/STM32H7/HAL_Lib/STM32H7xx_HAL_Driver/Src/stm32h7xx_hal_tim_ex.c ****   TIM_CHANNEL_2 and TIM_CHANNEL_3) */
 536:HW_Lib/STM32H7/HAL_Lib/STM32H7xx_HAL_Driver/Src/stm32h7xx_hal_tim_ex.c ****   TIM_CCxChannelCmd(htim->Instance, TIM_CHANNEL_1, TIM_CCx_ENABLE);
 1127              		.loc 1 536 3
 1128 005c FB68     		ldr	r3, [r7, #12]
 1129 005e 1B68     		ldr	r3, [r3]
ARM GAS  C:\Users\HUAV\AppData\Local\Temp\ccIqAtUa.s 			page 30


 1130 0060 0122     		movs	r2, #1
 1131 0062 0021     		movs	r1, #0
 1132 0064 1846     		mov	r0, r3
 1133 0066 FFF7FEFF 		bl	TIM_CCxChannelCmd
 537:HW_Lib/STM32H7/HAL_Lib/STM32H7xx_HAL_Driver/Src/stm32h7xx_hal_tim_ex.c **** 
 538:HW_Lib/STM32H7/HAL_Lib/STM32H7xx_HAL_Driver/Src/stm32h7xx_hal_tim_ex.c ****   /* Set the DMA Input Capture 1 Callbacks */
 539:HW_Lib/STM32H7/HAL_Lib/STM32H7xx_HAL_Driver/Src/stm32h7xx_hal_tim_ex.c ****   htim->hdma[TIM_DMA_ID_CC1]->XferCpltCallback = TIM_DMACaptureCplt;
 1134              		.loc 1 539 13
 1135 006a FB68     		ldr	r3, [r7, #12]
 1136 006c 5B6A     		ldr	r3, [r3, #36]
 1137              		.loc 1 539 48
 1138 006e 384A     		ldr	r2, .L55
 1139 0070 DA63     		str	r2, [r3, #60]
 540:HW_Lib/STM32H7/HAL_Lib/STM32H7xx_HAL_Driver/Src/stm32h7xx_hal_tim_ex.c ****   htim->hdma[TIM_DMA_ID_CC1]->XferHalfCpltCallback = TIM_DMACaptureHalfCplt;
 1140              		.loc 1 540 13
 1141 0072 FB68     		ldr	r3, [r7, #12]
 1142 0074 5B6A     		ldr	r3, [r3, #36]
 1143              		.loc 1 540 52
 1144 0076 374A     		ldr	r2, .L55+4
 1145 0078 1A64     		str	r2, [r3, #64]
 541:HW_Lib/STM32H7/HAL_Lib/STM32H7xx_HAL_Driver/Src/stm32h7xx_hal_tim_ex.c ****   /* Set the DMA error callback */
 542:HW_Lib/STM32H7/HAL_Lib/STM32H7xx_HAL_Driver/Src/stm32h7xx_hal_tim_ex.c ****   htim->hdma[TIM_DMA_ID_CC1]->XferErrorCallback = TIM_DMAError ;
 1146              		.loc 1 542 13
 1147 007a FB68     		ldr	r3, [r7, #12]
 1148 007c 5B6A     		ldr	r3, [r3, #36]
 1149              		.loc 1 542 49
 1150 007e 364A     		ldr	r2, .L55+8
 1151 0080 DA64     		str	r2, [r3, #76]
 543:HW_Lib/STM32H7/HAL_Lib/STM32H7xx_HAL_Driver/Src/stm32h7xx_hal_tim_ex.c **** 
 544:HW_Lib/STM32H7/HAL_Lib/STM32H7xx_HAL_Driver/Src/stm32h7xx_hal_tim_ex.c ****   /* Enable the DMA stream for Capture 1*/
 545:HW_Lib/STM32H7/HAL_Lib/STM32H7xx_HAL_Driver/Src/stm32h7xx_hal_tim_ex.c ****   if (HAL_DMA_Start_IT(htim->hdma[TIM_DMA_ID_CC1], (uint32_t)&htim->Instance->CCR1, (uint32_t)pData
 1152              		.loc 1 545 7
 1153 0082 FB68     		ldr	r3, [r7, #12]
 1154 0084 586A     		ldr	r0, [r3, #36]
 1155              		.loc 1 545 67
 1156 0086 FB68     		ldr	r3, [r7, #12]
 1157 0088 1B68     		ldr	r3, [r3]
 1158              		.loc 1 545 62
 1159 008a 3433     		adds	r3, r3, #52
 1160              		.loc 1 545 7
 1161 008c 1946     		mov	r1, r3
 1162 008e BA68     		ldr	r2, [r7, #8]
 1163 0090 FB88     		ldrh	r3, [r7, #6]
 1164 0092 FFF7FEFF 		bl	HAL_DMA_Start_IT
 1165 0096 0346     		mov	r3, r0
 1166              		.loc 1 545 6
 1167 0098 002B     		cmp	r3, #0
 1168 009a 04D0     		beq	.L48
 1169 009c 01E0     		b	.L53
 1170              	.L45:
 530:HW_Lib/STM32H7/HAL_Lib/STM32H7xx_HAL_Driver/Src/stm32h7xx_hal_tim_ex.c ****   }
 1171              		.loc 1 530 12
 1172 009e 0123     		movs	r3, #1
 1173 00a0 52E0     		b	.L44
 1174              	.L53:
 546:HW_Lib/STM32H7/HAL_Lib/STM32H7xx_HAL_Driver/Src/stm32h7xx_hal_tim_ex.c ****   {
 547:HW_Lib/STM32H7/HAL_Lib/STM32H7xx_HAL_Driver/Src/stm32h7xx_hal_tim_ex.c ****     /* Return error status */
ARM GAS  C:\Users\HUAV\AppData\Local\Temp\ccIqAtUa.s 			page 31


 548:HW_Lib/STM32H7/HAL_Lib/STM32H7xx_HAL_Driver/Src/stm32h7xx_hal_tim_ex.c ****     return HAL_ERROR;
 1175              		.loc 1 548 12
 1176 00a2 0123     		movs	r3, #1
 1177 00a4 50E0     		b	.L44
 1178              	.L48:
 549:HW_Lib/STM32H7/HAL_Lib/STM32H7xx_HAL_Driver/Src/stm32h7xx_hal_tim_ex.c ****   }
 550:HW_Lib/STM32H7/HAL_Lib/STM32H7xx_HAL_Driver/Src/stm32h7xx_hal_tim_ex.c ****   /* Enable the capture compare 1 Interrupt */
 551:HW_Lib/STM32H7/HAL_Lib/STM32H7xx_HAL_Driver/Src/stm32h7xx_hal_tim_ex.c ****   __HAL_TIM_ENABLE_DMA(htim, TIM_DMA_CC1);
 1179              		.loc 1 551 3
 1180 00a6 FB68     		ldr	r3, [r7, #12]
 1181 00a8 1B68     		ldr	r3, [r3]
 1182 00aa DA68     		ldr	r2, [r3, #12]
 1183 00ac FB68     		ldr	r3, [r7, #12]
 1184 00ae 1B68     		ldr	r3, [r3]
 1185 00b0 42F40072 		orr	r2, r2, #512
 1186 00b4 DA60     		str	r2, [r3, #12]
 552:HW_Lib/STM32H7/HAL_Lib/STM32H7xx_HAL_Driver/Src/stm32h7xx_hal_tim_ex.c **** 
 553:HW_Lib/STM32H7/HAL_Lib/STM32H7xx_HAL_Driver/Src/stm32h7xx_hal_tim_ex.c ****   /* Enable the Peripheral, except in trigger mode where enable is automatically done with trigger 
 554:HW_Lib/STM32H7/HAL_Lib/STM32H7xx_HAL_Driver/Src/stm32h7xx_hal_tim_ex.c ****   if (IS_TIM_SLAVE_INSTANCE(htim->Instance))
 1187              		.loc 1 554 7
 1188 00b6 FB68     		ldr	r3, [r7, #12]
 1189 00b8 1B68     		ldr	r3, [r3]
 1190              		.loc 1 554 6
 1191 00ba 284A     		ldr	r2, .L55+12
 1192 00bc 9342     		cmp	r3, r2
 1193 00be 22D0     		beq	.L49
 1194              		.loc 1 554 7 discriminator 1
 1195 00c0 FB68     		ldr	r3, [r7, #12]
 1196 00c2 1B68     		ldr	r3, [r3]
 1197 00c4 B3F1804F 		cmp	r3, #1073741824
 1198 00c8 1DD0     		beq	.L49
 1199              		.loc 1 554 7 is_stmt 0 discriminator 2
 1200 00ca FB68     		ldr	r3, [r7, #12]
 1201 00cc 1B68     		ldr	r3, [r3]
 1202 00ce 244A     		ldr	r2, .L55+16
 1203 00d0 9342     		cmp	r3, r2
 1204 00d2 18D0     		beq	.L49
 1205              		.loc 1 554 7 discriminator 3
 1206 00d4 FB68     		ldr	r3, [r7, #12]
 1207 00d6 1B68     		ldr	r3, [r3]
 1208 00d8 224A     		ldr	r2, .L55+20
 1209 00da 9342     		cmp	r3, r2
 1210 00dc 13D0     		beq	.L49
 1211              		.loc 1 554 7 discriminator 4
 1212 00de FB68     		ldr	r3, [r7, #12]
 1213 00e0 1B68     		ldr	r3, [r3]
 1214 00e2 214A     		ldr	r2, .L55+24
 1215 00e4 9342     		cmp	r3, r2
 1216 00e6 0ED0     		beq	.L49
 1217              		.loc 1 554 7 discriminator 5
 1218 00e8 FB68     		ldr	r3, [r7, #12]
 1219 00ea 1B68     		ldr	r3, [r3]
 1220 00ec 1F4A     		ldr	r2, .L55+28
 1221 00ee 9342     		cmp	r3, r2
 1222 00f0 09D0     		beq	.L49
 1223              		.loc 1 554 7 discriminator 6
 1224 00f2 FB68     		ldr	r3, [r7, #12]
ARM GAS  C:\Users\HUAV\AppData\Local\Temp\ccIqAtUa.s 			page 32


 1225 00f4 1B68     		ldr	r3, [r3]
 1226 00f6 1E4A     		ldr	r2, .L55+32
 1227 00f8 9342     		cmp	r3, r2
 1228 00fa 04D0     		beq	.L49
 1229              		.loc 1 554 7 discriminator 7
 1230 00fc FB68     		ldr	r3, [r7, #12]
 1231 00fe 1B68     		ldr	r3, [r3]
 1232 0100 1C4A     		ldr	r2, .L55+36
 1233 0102 9342     		cmp	r3, r2
 1234 0104 15D1     		bne	.L50
 1235              	.L49:
 555:HW_Lib/STM32H7/HAL_Lib/STM32H7xx_HAL_Driver/Src/stm32h7xx_hal_tim_ex.c ****   {
 556:HW_Lib/STM32H7/HAL_Lib/STM32H7xx_HAL_Driver/Src/stm32h7xx_hal_tim_ex.c ****     tmpsmcr = htim->Instance->SMCR & TIM_SMCR_SMS;
 1236              		.loc 1 556 19 is_stmt 1
 1237 0106 FB68     		ldr	r3, [r7, #12]
 1238 0108 1B68     		ldr	r3, [r3]
 1239              		.loc 1 556 29
 1240 010a 9A68     		ldr	r2, [r3, #8]
 1241              		.loc 1 556 13
 1242 010c 1A4B     		ldr	r3, .L55+40
 1243 010e 1340     		ands	r3, r3, r2
 1244 0110 3B61     		str	r3, [r7, #16]
 557:HW_Lib/STM32H7/HAL_Lib/STM32H7xx_HAL_Driver/Src/stm32h7xx_hal_tim_ex.c ****     if (!IS_TIM_SLAVEMODE_TRIGGER_ENABLED(tmpsmcr))
 1245              		.loc 1 557 8
 1246 0112 3B69     		ldr	r3, [r7, #16]
 1247 0114 062B     		cmp	r3, #6
 1248 0116 15D0     		beq	.L54
 1249              		.loc 1 557 9 discriminator 1
 1250 0118 3B69     		ldr	r3, [r7, #16]
 1251 011a B3F5803F 		cmp	r3, #65536
 1252 011e 11D0     		beq	.L54
 558:HW_Lib/STM32H7/HAL_Lib/STM32H7xx_HAL_Driver/Src/stm32h7xx_hal_tim_ex.c ****     {
 559:HW_Lib/STM32H7/HAL_Lib/STM32H7xx_HAL_Driver/Src/stm32h7xx_hal_tim_ex.c ****       __HAL_TIM_ENABLE(htim);
 1253              		.loc 1 559 7
 1254 0120 FB68     		ldr	r3, [r7, #12]
 1255 0122 1B68     		ldr	r3, [r3]
 1256 0124 1A68     		ldr	r2, [r3]
 1257 0126 FB68     		ldr	r3, [r7, #12]
 1258 0128 1B68     		ldr	r3, [r3]
 1259 012a 42F00102 		orr	r2, r2, #1
 1260 012e 1A60     		str	r2, [r3]
 557:HW_Lib/STM32H7/HAL_Lib/STM32H7xx_HAL_Driver/Src/stm32h7xx_hal_tim_ex.c ****     if (!IS_TIM_SLAVEMODE_TRIGGER_ENABLED(tmpsmcr))
 1261              		.loc 1 557 8
 1262 0130 08E0     		b	.L54
 1263              	.L50:
 560:HW_Lib/STM32H7/HAL_Lib/STM32H7xx_HAL_Driver/Src/stm32h7xx_hal_tim_ex.c ****     }
 561:HW_Lib/STM32H7/HAL_Lib/STM32H7xx_HAL_Driver/Src/stm32h7xx_hal_tim_ex.c ****   }
 562:HW_Lib/STM32H7/HAL_Lib/STM32H7xx_HAL_Driver/Src/stm32h7xx_hal_tim_ex.c ****   else
 563:HW_Lib/STM32H7/HAL_Lib/STM32H7xx_HAL_Driver/Src/stm32h7xx_hal_tim_ex.c ****   {
 564:HW_Lib/STM32H7/HAL_Lib/STM32H7xx_HAL_Driver/Src/stm32h7xx_hal_tim_ex.c ****     __HAL_TIM_ENABLE(htim);
 1264              		.loc 1 564 5
 1265 0132 FB68     		ldr	r3, [r7, #12]
 1266 0134 1B68     		ldr	r3, [r3]
 1267 0136 1A68     		ldr	r2, [r3]
 1268 0138 FB68     		ldr	r3, [r7, #12]
 1269 013a 1B68     		ldr	r3, [r3]
 1270 013c 42F00102 		orr	r2, r2, #1
ARM GAS  C:\Users\HUAV\AppData\Local\Temp\ccIqAtUa.s 			page 33


 1271 0140 1A60     		str	r2, [r3]
 1272 0142 00E0     		b	.L52
 1273              	.L54:
 557:HW_Lib/STM32H7/HAL_Lib/STM32H7xx_HAL_Driver/Src/stm32h7xx_hal_tim_ex.c ****     {
 1274              		.loc 1 557 8
 1275 0144 00BF     		nop
 1276              	.L52:
 565:HW_Lib/STM32H7/HAL_Lib/STM32H7xx_HAL_Driver/Src/stm32h7xx_hal_tim_ex.c ****   }
 566:HW_Lib/STM32H7/HAL_Lib/STM32H7xx_HAL_Driver/Src/stm32h7xx_hal_tim_ex.c **** 
 567:HW_Lib/STM32H7/HAL_Lib/STM32H7xx_HAL_Driver/Src/stm32h7xx_hal_tim_ex.c ****   /* Return function status */
 568:HW_Lib/STM32H7/HAL_Lib/STM32H7xx_HAL_Driver/Src/stm32h7xx_hal_tim_ex.c ****   return HAL_OK;
 1277              		.loc 1 568 10
 1278 0146 0023     		movs	r3, #0
 1279              	.L44:
 569:HW_Lib/STM32H7/HAL_Lib/STM32H7xx_HAL_Driver/Src/stm32h7xx_hal_tim_ex.c **** }
 1280              		.loc 1 569 1
 1281 0148 1846     		mov	r0, r3
 1282 014a 1837     		adds	r7, r7, #24
 1283              	.LCFI45:
 1284              		.cfi_def_cfa_offset 8
 1285 014c BD46     		mov	sp, r7
 1286              	.LCFI46:
 1287              		.cfi_def_cfa_register 13
 1288              		@ sp needed
 1289 014e 80BD     		pop	{r7, pc}
 1290              	.L56:
 1291              		.align	2
 1292              	.L55:
 1293 0150 00000000 		.word	TIM_DMACaptureCplt
 1294 0154 00000000 		.word	TIM_DMACaptureHalfCplt
 1295 0158 00000000 		.word	TIM_DMAError
 1296 015c 00000140 		.word	1073807360
 1297 0160 00040040 		.word	1073742848
 1298 0164 00080040 		.word	1073743872
 1299 0168 000C0040 		.word	1073744896
 1300 016c 00040140 		.word	1073808384
 1301 0170 00180040 		.word	1073747968
 1302 0174 00400140 		.word	1073823744
 1303 0178 07000100 		.word	65543
 1304              		.cfi_endproc
 1305              	.LFE341:
 1307              		.section	.text.HAL_TIMEx_HallSensor_Stop_DMA,"ax",%progbits
 1308              		.align	1
 1309              		.global	HAL_TIMEx_HallSensor_Stop_DMA
 1310              		.syntax unified
 1311              		.thumb
 1312              		.thumb_func
 1314              	HAL_TIMEx_HallSensor_Stop_DMA:
 1315              	.LFB342:
 570:HW_Lib/STM32H7/HAL_Lib/STM32H7xx_HAL_Driver/Src/stm32h7xx_hal_tim_ex.c **** 
 571:HW_Lib/STM32H7/HAL_Lib/STM32H7xx_HAL_Driver/Src/stm32h7xx_hal_tim_ex.c **** /**
 572:HW_Lib/STM32H7/HAL_Lib/STM32H7xx_HAL_Driver/Src/stm32h7xx_hal_tim_ex.c ****   * @brief  Stops the TIM Hall Sensor Interface in DMA mode.
 573:HW_Lib/STM32H7/HAL_Lib/STM32H7xx_HAL_Driver/Src/stm32h7xx_hal_tim_ex.c ****   * @param  htim TIM Hall Sensor Interface handle
 574:HW_Lib/STM32H7/HAL_Lib/STM32H7xx_HAL_Driver/Src/stm32h7xx_hal_tim_ex.c ****   * @retval HAL status
 575:HW_Lib/STM32H7/HAL_Lib/STM32H7xx_HAL_Driver/Src/stm32h7xx_hal_tim_ex.c ****   */
 576:HW_Lib/STM32H7/HAL_Lib/STM32H7xx_HAL_Driver/Src/stm32h7xx_hal_tim_ex.c **** HAL_StatusTypeDef HAL_TIMEx_HallSensor_Stop_DMA(TIM_HandleTypeDef *htim)
 577:HW_Lib/STM32H7/HAL_Lib/STM32H7xx_HAL_Driver/Src/stm32h7xx_hal_tim_ex.c **** {
ARM GAS  C:\Users\HUAV\AppData\Local\Temp\ccIqAtUa.s 			page 34


 1316              		.loc 1 577 1
 1317              		.cfi_startproc
 1318              		@ args = 0, pretend = 0, frame = 8
 1319              		@ frame_needed = 1, uses_anonymous_args = 0
 1320 0000 80B5     		push	{r7, lr}
 1321              	.LCFI47:
 1322              		.cfi_def_cfa_offset 8
 1323              		.cfi_offset 7, -8
 1324              		.cfi_offset 14, -4
 1325 0002 82B0     		sub	sp, sp, #8
 1326              	.LCFI48:
 1327              		.cfi_def_cfa_offset 16
 1328 0004 00AF     		add	r7, sp, #0
 1329              	.LCFI49:
 1330              		.cfi_def_cfa_register 7
 1331 0006 7860     		str	r0, [r7, #4]
 578:HW_Lib/STM32H7/HAL_Lib/STM32H7xx_HAL_Driver/Src/stm32h7xx_hal_tim_ex.c ****   /* Check the parameters */
 579:HW_Lib/STM32H7/HAL_Lib/STM32H7xx_HAL_Driver/Src/stm32h7xx_hal_tim_ex.c ****   assert_param(IS_TIM_HALL_SENSOR_INTERFACE_INSTANCE(htim->Instance));
 580:HW_Lib/STM32H7/HAL_Lib/STM32H7xx_HAL_Driver/Src/stm32h7xx_hal_tim_ex.c **** 
 581:HW_Lib/STM32H7/HAL_Lib/STM32H7xx_HAL_Driver/Src/stm32h7xx_hal_tim_ex.c ****   /* Disable the Input Capture channel 1
 582:HW_Lib/STM32H7/HAL_Lib/STM32H7xx_HAL_Driver/Src/stm32h7xx_hal_tim_ex.c ****   (in the Hall Sensor Interface the three possible channels that can be used are TIM_CHANNEL_1,
 583:HW_Lib/STM32H7/HAL_Lib/STM32H7xx_HAL_Driver/Src/stm32h7xx_hal_tim_ex.c ****   TIM_CHANNEL_2 and TIM_CHANNEL_3) */
 584:HW_Lib/STM32H7/HAL_Lib/STM32H7xx_HAL_Driver/Src/stm32h7xx_hal_tim_ex.c ****   TIM_CCxChannelCmd(htim->Instance, TIM_CHANNEL_1, TIM_CCx_DISABLE);
 1332              		.loc 1 584 3
 1333 0008 7B68     		ldr	r3, [r7, #4]
 1334 000a 1B68     		ldr	r3, [r3]
 1335 000c 0022     		movs	r2, #0
 1336 000e 0021     		movs	r1, #0
 1337 0010 1846     		mov	r0, r3
 1338 0012 FFF7FEFF 		bl	TIM_CCxChannelCmd
 585:HW_Lib/STM32H7/HAL_Lib/STM32H7xx_HAL_Driver/Src/stm32h7xx_hal_tim_ex.c **** 
 586:HW_Lib/STM32H7/HAL_Lib/STM32H7xx_HAL_Driver/Src/stm32h7xx_hal_tim_ex.c **** 
 587:HW_Lib/STM32H7/HAL_Lib/STM32H7xx_HAL_Driver/Src/stm32h7xx_hal_tim_ex.c ****   /* Disable the capture compare Interrupts 1 event */
 588:HW_Lib/STM32H7/HAL_Lib/STM32H7xx_HAL_Driver/Src/stm32h7xx_hal_tim_ex.c ****   __HAL_TIM_DISABLE_DMA(htim, TIM_DMA_CC1);
 1339              		.loc 1 588 3
 1340 0016 7B68     		ldr	r3, [r7, #4]
 1341 0018 1B68     		ldr	r3, [r3]
 1342 001a DA68     		ldr	r2, [r3, #12]
 1343 001c 7B68     		ldr	r3, [r7, #4]
 1344 001e 1B68     		ldr	r3, [r3]
 1345 0020 22F40072 		bic	r2, r2, #512
 1346 0024 DA60     		str	r2, [r3, #12]
 589:HW_Lib/STM32H7/HAL_Lib/STM32H7xx_HAL_Driver/Src/stm32h7xx_hal_tim_ex.c **** 
 590:HW_Lib/STM32H7/HAL_Lib/STM32H7xx_HAL_Driver/Src/stm32h7xx_hal_tim_ex.c ****   (void)HAL_DMA_Abort_IT(htim->hdma[TIM_DMA_ID_CC1]);
 1347              		.loc 1 590 9
 1348 0026 7B68     		ldr	r3, [r7, #4]
 1349 0028 5B6A     		ldr	r3, [r3, #36]
 1350 002a 1846     		mov	r0, r3
 1351 002c FFF7FEFF 		bl	HAL_DMA_Abort_IT
 591:HW_Lib/STM32H7/HAL_Lib/STM32H7xx_HAL_Driver/Src/stm32h7xx_hal_tim_ex.c **** 
 592:HW_Lib/STM32H7/HAL_Lib/STM32H7xx_HAL_Driver/Src/stm32h7xx_hal_tim_ex.c ****   /* Disable the Peripheral */
 593:HW_Lib/STM32H7/HAL_Lib/STM32H7xx_HAL_Driver/Src/stm32h7xx_hal_tim_ex.c ****   __HAL_TIM_DISABLE(htim);
 1352              		.loc 1 593 3
 1353 0030 7B68     		ldr	r3, [r7, #4]
 1354 0032 1B68     		ldr	r3, [r3]
 1355 0034 1A6A     		ldr	r2, [r3, #32]
 1356 0036 41F21113 		movw	r3, #4369
ARM GAS  C:\Users\HUAV\AppData\Local\Temp\ccIqAtUa.s 			page 35


 1357 003a 1340     		ands	r3, r3, r2
 1358 003c 002B     		cmp	r3, #0
 1359 003e 0FD1     		bne	.L58
 1360              		.loc 1 593 3 is_stmt 0 discriminator 1
 1361 0040 7B68     		ldr	r3, [r7, #4]
 1362 0042 1B68     		ldr	r3, [r3]
 1363 0044 1A6A     		ldr	r2, [r3, #32]
 1364 0046 40F24443 		movw	r3, #1092
 1365 004a 1340     		ands	r3, r3, r2
 1366 004c 002B     		cmp	r3, #0
 1367 004e 07D1     		bne	.L58
 1368              		.loc 1 593 3 discriminator 2
 1369 0050 7B68     		ldr	r3, [r7, #4]
 1370 0052 1B68     		ldr	r3, [r3]
 1371 0054 1A68     		ldr	r2, [r3]
 1372 0056 7B68     		ldr	r3, [r7, #4]
 1373 0058 1B68     		ldr	r3, [r3]
 1374 005a 22F00102 		bic	r2, r2, #1
 1375 005e 1A60     		str	r2, [r3]
 1376              	.L58:
 594:HW_Lib/STM32H7/HAL_Lib/STM32H7xx_HAL_Driver/Src/stm32h7xx_hal_tim_ex.c **** 
 595:HW_Lib/STM32H7/HAL_Lib/STM32H7xx_HAL_Driver/Src/stm32h7xx_hal_tim_ex.c ****   /* Set the TIM channel state */
 596:HW_Lib/STM32H7/HAL_Lib/STM32H7xx_HAL_Driver/Src/stm32h7xx_hal_tim_ex.c ****   TIM_CHANNEL_STATE_SET(htim, TIM_CHANNEL_1, HAL_TIM_CHANNEL_STATE_READY);
 1377              		.loc 1 596 3 is_stmt 1
 1378 0060 7B68     		ldr	r3, [r7, #4]
 1379 0062 0122     		movs	r2, #1
 1380 0064 83F83E20 		strb	r2, [r3, #62]
 597:HW_Lib/STM32H7/HAL_Lib/STM32H7xx_HAL_Driver/Src/stm32h7xx_hal_tim_ex.c ****   TIM_CHANNEL_N_STATE_SET(htim, TIM_CHANNEL_1, HAL_TIM_CHANNEL_STATE_READY);
 1381              		.loc 1 597 3
 1382 0068 7B68     		ldr	r3, [r7, #4]
 1383 006a 0122     		movs	r2, #1
 1384 006c 83F84420 		strb	r2, [r3, #68]
 598:HW_Lib/STM32H7/HAL_Lib/STM32H7xx_HAL_Driver/Src/stm32h7xx_hal_tim_ex.c **** 
 599:HW_Lib/STM32H7/HAL_Lib/STM32H7xx_HAL_Driver/Src/stm32h7xx_hal_tim_ex.c ****   /* Return function status */
 600:HW_Lib/STM32H7/HAL_Lib/STM32H7xx_HAL_Driver/Src/stm32h7xx_hal_tim_ex.c ****   return HAL_OK;
 1385              		.loc 1 600 10
 1386 0070 0023     		movs	r3, #0
 601:HW_Lib/STM32H7/HAL_Lib/STM32H7xx_HAL_Driver/Src/stm32h7xx_hal_tim_ex.c **** }
 1387              		.loc 1 601 1
 1388 0072 1846     		mov	r0, r3
 1389 0074 0837     		adds	r7, r7, #8
 1390              	.LCFI50:
 1391              		.cfi_def_cfa_offset 8
 1392 0076 BD46     		mov	sp, r7
 1393              	.LCFI51:
 1394              		.cfi_def_cfa_register 13
 1395              		@ sp needed
 1396 0078 80BD     		pop	{r7, pc}
 1397              		.cfi_endproc
 1398              	.LFE342:
 1400              		.section	.text.HAL_TIMEx_OCN_Start,"ax",%progbits
 1401              		.align	1
 1402              		.global	HAL_TIMEx_OCN_Start
 1403              		.syntax unified
 1404              		.thumb
 1405              		.thumb_func
 1407              	HAL_TIMEx_OCN_Start:
ARM GAS  C:\Users\HUAV\AppData\Local\Temp\ccIqAtUa.s 			page 36


 1408              	.LFB343:
 602:HW_Lib/STM32H7/HAL_Lib/STM32H7xx_HAL_Driver/Src/stm32h7xx_hal_tim_ex.c **** 
 603:HW_Lib/STM32H7/HAL_Lib/STM32H7xx_HAL_Driver/Src/stm32h7xx_hal_tim_ex.c **** /**
 604:HW_Lib/STM32H7/HAL_Lib/STM32H7xx_HAL_Driver/Src/stm32h7xx_hal_tim_ex.c ****   * @}
 605:HW_Lib/STM32H7/HAL_Lib/STM32H7xx_HAL_Driver/Src/stm32h7xx_hal_tim_ex.c ****   */
 606:HW_Lib/STM32H7/HAL_Lib/STM32H7xx_HAL_Driver/Src/stm32h7xx_hal_tim_ex.c **** 
 607:HW_Lib/STM32H7/HAL_Lib/STM32H7xx_HAL_Driver/Src/stm32h7xx_hal_tim_ex.c **** /** @defgroup TIMEx_Exported_Functions_Group2 Extended Timer Complementary Output Compare functions
 608:HW_Lib/STM32H7/HAL_Lib/STM32H7xx_HAL_Driver/Src/stm32h7xx_hal_tim_ex.c ****   *  @brief   Timer Complementary Output Compare functions
 609:HW_Lib/STM32H7/HAL_Lib/STM32H7xx_HAL_Driver/Src/stm32h7xx_hal_tim_ex.c ****   *
 610:HW_Lib/STM32H7/HAL_Lib/STM32H7xx_HAL_Driver/Src/stm32h7xx_hal_tim_ex.c **** @verbatim
 611:HW_Lib/STM32H7/HAL_Lib/STM32H7xx_HAL_Driver/Src/stm32h7xx_hal_tim_ex.c ****   ==============================================================================
 612:HW_Lib/STM32H7/HAL_Lib/STM32H7xx_HAL_Driver/Src/stm32h7xx_hal_tim_ex.c ****               ##### Timer Complementary Output Compare functions #####
 613:HW_Lib/STM32H7/HAL_Lib/STM32H7xx_HAL_Driver/Src/stm32h7xx_hal_tim_ex.c ****   ==============================================================================
 614:HW_Lib/STM32H7/HAL_Lib/STM32H7xx_HAL_Driver/Src/stm32h7xx_hal_tim_ex.c ****   [..]
 615:HW_Lib/STM32H7/HAL_Lib/STM32H7xx_HAL_Driver/Src/stm32h7xx_hal_tim_ex.c ****     This section provides functions allowing to:
 616:HW_Lib/STM32H7/HAL_Lib/STM32H7xx_HAL_Driver/Src/stm32h7xx_hal_tim_ex.c ****     (+) Start the Complementary Output Compare/PWM.
 617:HW_Lib/STM32H7/HAL_Lib/STM32H7xx_HAL_Driver/Src/stm32h7xx_hal_tim_ex.c ****     (+) Stop the Complementary Output Compare/PWM.
 618:HW_Lib/STM32H7/HAL_Lib/STM32H7xx_HAL_Driver/Src/stm32h7xx_hal_tim_ex.c ****     (+) Start the Complementary Output Compare/PWM and enable interrupts.
 619:HW_Lib/STM32H7/HAL_Lib/STM32H7xx_HAL_Driver/Src/stm32h7xx_hal_tim_ex.c ****     (+) Stop the Complementary Output Compare/PWM and disable interrupts.
 620:HW_Lib/STM32H7/HAL_Lib/STM32H7xx_HAL_Driver/Src/stm32h7xx_hal_tim_ex.c ****     (+) Start the Complementary Output Compare/PWM and enable DMA transfers.
 621:HW_Lib/STM32H7/HAL_Lib/STM32H7xx_HAL_Driver/Src/stm32h7xx_hal_tim_ex.c ****     (+) Stop the Complementary Output Compare/PWM and disable DMA transfers.
 622:HW_Lib/STM32H7/HAL_Lib/STM32H7xx_HAL_Driver/Src/stm32h7xx_hal_tim_ex.c **** 
 623:HW_Lib/STM32H7/HAL_Lib/STM32H7xx_HAL_Driver/Src/stm32h7xx_hal_tim_ex.c **** @endverbatim
 624:HW_Lib/STM32H7/HAL_Lib/STM32H7xx_HAL_Driver/Src/stm32h7xx_hal_tim_ex.c ****   * @{
 625:HW_Lib/STM32H7/HAL_Lib/STM32H7xx_HAL_Driver/Src/stm32h7xx_hal_tim_ex.c ****   */
 626:HW_Lib/STM32H7/HAL_Lib/STM32H7xx_HAL_Driver/Src/stm32h7xx_hal_tim_ex.c **** 
 627:HW_Lib/STM32H7/HAL_Lib/STM32H7xx_HAL_Driver/Src/stm32h7xx_hal_tim_ex.c **** /**
 628:HW_Lib/STM32H7/HAL_Lib/STM32H7xx_HAL_Driver/Src/stm32h7xx_hal_tim_ex.c ****   * @brief  Starts the TIM Output Compare signal generation on the complementary
 629:HW_Lib/STM32H7/HAL_Lib/STM32H7xx_HAL_Driver/Src/stm32h7xx_hal_tim_ex.c ****   *         output.
 630:HW_Lib/STM32H7/HAL_Lib/STM32H7xx_HAL_Driver/Src/stm32h7xx_hal_tim_ex.c ****   * @param  htim TIM Output Compare handle
 631:HW_Lib/STM32H7/HAL_Lib/STM32H7xx_HAL_Driver/Src/stm32h7xx_hal_tim_ex.c ****   * @param  Channel TIM Channel to be enabled
 632:HW_Lib/STM32H7/HAL_Lib/STM32H7xx_HAL_Driver/Src/stm32h7xx_hal_tim_ex.c ****   *          This parameter can be one of the following values:
 633:HW_Lib/STM32H7/HAL_Lib/STM32H7xx_HAL_Driver/Src/stm32h7xx_hal_tim_ex.c ****   *            @arg TIM_CHANNEL_1: TIM Channel 1 selected
 634:HW_Lib/STM32H7/HAL_Lib/STM32H7xx_HAL_Driver/Src/stm32h7xx_hal_tim_ex.c ****   *            @arg TIM_CHANNEL_2: TIM Channel 2 selected
 635:HW_Lib/STM32H7/HAL_Lib/STM32H7xx_HAL_Driver/Src/stm32h7xx_hal_tim_ex.c ****   *            @arg TIM_CHANNEL_3: TIM Channel 3 selected
 636:HW_Lib/STM32H7/HAL_Lib/STM32H7xx_HAL_Driver/Src/stm32h7xx_hal_tim_ex.c ****   * @retval HAL status
 637:HW_Lib/STM32H7/HAL_Lib/STM32H7xx_HAL_Driver/Src/stm32h7xx_hal_tim_ex.c ****   */
 638:HW_Lib/STM32H7/HAL_Lib/STM32H7xx_HAL_Driver/Src/stm32h7xx_hal_tim_ex.c **** HAL_StatusTypeDef HAL_TIMEx_OCN_Start(TIM_HandleTypeDef *htim, uint32_t Channel)
 639:HW_Lib/STM32H7/HAL_Lib/STM32H7xx_HAL_Driver/Src/stm32h7xx_hal_tim_ex.c **** {
 1409              		.loc 1 639 1
 1410              		.cfi_startproc
 1411              		@ args = 0, pretend = 0, frame = 16
 1412              		@ frame_needed = 1, uses_anonymous_args = 0
 1413 0000 80B5     		push	{r7, lr}
 1414              	.LCFI52:
 1415              		.cfi_def_cfa_offset 8
 1416              		.cfi_offset 7, -8
 1417              		.cfi_offset 14, -4
 1418 0002 84B0     		sub	sp, sp, #16
 1419              	.LCFI53:
 1420              		.cfi_def_cfa_offset 24
 1421 0004 00AF     		add	r7, sp, #0
 1422              	.LCFI54:
 1423              		.cfi_def_cfa_register 7
 1424 0006 7860     		str	r0, [r7, #4]
 1425 0008 3960     		str	r1, [r7]
 640:HW_Lib/STM32H7/HAL_Lib/STM32H7xx_HAL_Driver/Src/stm32h7xx_hal_tim_ex.c ****   uint32_t tmpsmcr;
ARM GAS  C:\Users\HUAV\AppData\Local\Temp\ccIqAtUa.s 			page 37


 641:HW_Lib/STM32H7/HAL_Lib/STM32H7xx_HAL_Driver/Src/stm32h7xx_hal_tim_ex.c **** 
 642:HW_Lib/STM32H7/HAL_Lib/STM32H7xx_HAL_Driver/Src/stm32h7xx_hal_tim_ex.c ****   /* Check the parameters */
 643:HW_Lib/STM32H7/HAL_Lib/STM32H7xx_HAL_Driver/Src/stm32h7xx_hal_tim_ex.c ****   assert_param(IS_TIM_CCXN_INSTANCE(htim->Instance, Channel));
 644:HW_Lib/STM32H7/HAL_Lib/STM32H7xx_HAL_Driver/Src/stm32h7xx_hal_tim_ex.c **** 
 645:HW_Lib/STM32H7/HAL_Lib/STM32H7xx_HAL_Driver/Src/stm32h7xx_hal_tim_ex.c ****   /* Check the TIM complementary channel state */
 646:HW_Lib/STM32H7/HAL_Lib/STM32H7xx_HAL_Driver/Src/stm32h7xx_hal_tim_ex.c ****   if (TIM_CHANNEL_N_STATE_GET(htim, Channel) != HAL_TIM_CHANNEL_STATE_READY)
 1426              		.loc 1 646 46
 1427 000a 3B68     		ldr	r3, [r7]
 1428 000c 002B     		cmp	r3, #0
 1429 000e 09D1     		bne	.L61
 1430              		.loc 1 646 7 discriminator 1
 1431 0010 7B68     		ldr	r3, [r7, #4]
 1432 0012 93F84430 		ldrb	r3, [r3, #68]
 1433 0016 DBB2     		uxtb	r3, r3
 1434              		.loc 1 646 46 discriminator 1
 1435 0018 012B     		cmp	r3, #1
 1436 001a 14BF     		ite	ne
 1437 001c 0123     		movne	r3, #1
 1438 001e 0023     		moveq	r3, #0
 1439 0020 DBB2     		uxtb	r3, r3
 1440 0022 22E0     		b	.L62
 1441              	.L61:
 1442              		.loc 1 646 46 is_stmt 0 discriminator 2
 1443 0024 3B68     		ldr	r3, [r7]
 1444 0026 042B     		cmp	r3, #4
 1445 0028 09D1     		bne	.L63
 1446              		.loc 1 646 7 is_stmt 1 discriminator 4
 1447 002a 7B68     		ldr	r3, [r7, #4]
 1448 002c 93F84530 		ldrb	r3, [r3, #69]
 1449 0030 DBB2     		uxtb	r3, r3
 1450              		.loc 1 646 46 discriminator 4
 1451 0032 012B     		cmp	r3, #1
 1452 0034 14BF     		ite	ne
 1453 0036 0123     		movne	r3, #1
 1454 0038 0023     		moveq	r3, #0
 1455 003a DBB2     		uxtb	r3, r3
 1456 003c 15E0     		b	.L62
 1457              	.L63:
 1458              		.loc 1 646 46 is_stmt 0 discriminator 5
 1459 003e 3B68     		ldr	r3, [r7]
 1460 0040 082B     		cmp	r3, #8
 1461 0042 09D1     		bne	.L65
 1462              		.loc 1 646 7 is_stmt 1 discriminator 7
 1463 0044 7B68     		ldr	r3, [r7, #4]
 1464 0046 93F84630 		ldrb	r3, [r3, #70]
 1465 004a DBB2     		uxtb	r3, r3
 1466              		.loc 1 646 46 discriminator 7
 1467 004c 012B     		cmp	r3, #1
 1468 004e 14BF     		ite	ne
 1469 0050 0123     		movne	r3, #1
 1470 0052 0023     		moveq	r3, #0
 1471 0054 DBB2     		uxtb	r3, r3
 1472 0056 08E0     		b	.L62
 1473              	.L65:
 1474              		.loc 1 646 7 discriminator 8
 1475 0058 7B68     		ldr	r3, [r7, #4]
 1476 005a 93F84730 		ldrb	r3, [r3, #71]
ARM GAS  C:\Users\HUAV\AppData\Local\Temp\ccIqAtUa.s 			page 38


 1477 005e DBB2     		uxtb	r3, r3
 1478              		.loc 1 646 46 discriminator 8
 1479 0060 012B     		cmp	r3, #1
 1480 0062 14BF     		ite	ne
 1481 0064 0123     		movne	r3, #1
 1482 0066 0023     		moveq	r3, #0
 1483 0068 DBB2     		uxtb	r3, r3
 1484              	.L62:
 1485              		.loc 1 646 6 discriminator 12
 1486 006a 002B     		cmp	r3, #0
 1487 006c 01D0     		beq	.L67
 647:HW_Lib/STM32H7/HAL_Lib/STM32H7xx_HAL_Driver/Src/stm32h7xx_hal_tim_ex.c ****   {
 648:HW_Lib/STM32H7/HAL_Lib/STM32H7xx_HAL_Driver/Src/stm32h7xx_hal_tim_ex.c ****     return HAL_ERROR;
 1488              		.loc 1 648 12
 1489 006e 0123     		movs	r3, #1
 1490 0070 73E0     		b	.L68
 1491              	.L67:
 649:HW_Lib/STM32H7/HAL_Lib/STM32H7xx_HAL_Driver/Src/stm32h7xx_hal_tim_ex.c ****   }
 650:HW_Lib/STM32H7/HAL_Lib/STM32H7xx_HAL_Driver/Src/stm32h7xx_hal_tim_ex.c **** 
 651:HW_Lib/STM32H7/HAL_Lib/STM32H7xx_HAL_Driver/Src/stm32h7xx_hal_tim_ex.c ****   /* Set the TIM complementary channel state */
 652:HW_Lib/STM32H7/HAL_Lib/STM32H7xx_HAL_Driver/Src/stm32h7xx_hal_tim_ex.c ****   TIM_CHANNEL_N_STATE_SET(htim, Channel, HAL_TIM_CHANNEL_STATE_BUSY);
 1492              		.loc 1 652 3
 1493 0072 3B68     		ldr	r3, [r7]
 1494 0074 002B     		cmp	r3, #0
 1495 0076 04D1     		bne	.L69
 1496              		.loc 1 652 3 is_stmt 0 discriminator 1
 1497 0078 7B68     		ldr	r3, [r7, #4]
 1498 007a 0222     		movs	r2, #2
 1499 007c 83F84420 		strb	r2, [r3, #68]
 1500 0080 13E0     		b	.L70
 1501              	.L69:
 1502              		.loc 1 652 3 discriminator 2
 1503 0082 3B68     		ldr	r3, [r7]
 1504 0084 042B     		cmp	r3, #4
 1505 0086 04D1     		bne	.L71
 1506              		.loc 1 652 3 discriminator 3
 1507 0088 7B68     		ldr	r3, [r7, #4]
 1508 008a 0222     		movs	r2, #2
 1509 008c 83F84520 		strb	r2, [r3, #69]
 1510 0090 0BE0     		b	.L70
 1511              	.L71:
 1512              		.loc 1 652 3 discriminator 4
 1513 0092 3B68     		ldr	r3, [r7]
 1514 0094 082B     		cmp	r3, #8
 1515 0096 04D1     		bne	.L73
 1516              		.loc 1 652 3 discriminator 6
 1517 0098 7B68     		ldr	r3, [r7, #4]
 1518 009a 0222     		movs	r2, #2
 1519 009c 83F84620 		strb	r2, [r3, #70]
 1520 00a0 03E0     		b	.L70
 1521              	.L73:
 1522              		.loc 1 652 3 discriminator 7
 1523 00a2 7B68     		ldr	r3, [r7, #4]
 1524 00a4 0222     		movs	r2, #2
 1525 00a6 83F84720 		strb	r2, [r3, #71]
 1526              	.L70:
 653:HW_Lib/STM32H7/HAL_Lib/STM32H7xx_HAL_Driver/Src/stm32h7xx_hal_tim_ex.c **** 
ARM GAS  C:\Users\HUAV\AppData\Local\Temp\ccIqAtUa.s 			page 39


 654:HW_Lib/STM32H7/HAL_Lib/STM32H7xx_HAL_Driver/Src/stm32h7xx_hal_tim_ex.c ****   /* Enable the Capture compare channel N */
 655:HW_Lib/STM32H7/HAL_Lib/STM32H7xx_HAL_Driver/Src/stm32h7xx_hal_tim_ex.c ****   TIM_CCxNChannelCmd(htim->Instance, Channel, TIM_CCxN_ENABLE);
 1527              		.loc 1 655 3 is_stmt 1
 1528 00aa 7B68     		ldr	r3, [r7, #4]
 1529 00ac 1B68     		ldr	r3, [r3]
 1530 00ae 0422     		movs	r2, #4
 1531 00b0 3968     		ldr	r1, [r7]
 1532 00b2 1846     		mov	r0, r3
 1533 00b4 FFF7FEFF 		bl	TIM_CCxNChannelCmd
 656:HW_Lib/STM32H7/HAL_Lib/STM32H7xx_HAL_Driver/Src/stm32h7xx_hal_tim_ex.c **** 
 657:HW_Lib/STM32H7/HAL_Lib/STM32H7xx_HAL_Driver/Src/stm32h7xx_hal_tim_ex.c ****   /* Enable the Main Output */
 658:HW_Lib/STM32H7/HAL_Lib/STM32H7xx_HAL_Driver/Src/stm32h7xx_hal_tim_ex.c ****   __HAL_TIM_MOE_ENABLE(htim);
 1534              		.loc 1 658 3
 1535 00b8 7B68     		ldr	r3, [r7, #4]
 1536 00ba 1B68     		ldr	r3, [r3]
 1537 00bc 5A6C     		ldr	r2, [r3, #68]
 1538 00be 7B68     		ldr	r3, [r7, #4]
 1539 00c0 1B68     		ldr	r3, [r3]
 1540 00c2 42F40042 		orr	r2, r2, #32768
 1541 00c6 5A64     		str	r2, [r3, #68]
 659:HW_Lib/STM32H7/HAL_Lib/STM32H7xx_HAL_Driver/Src/stm32h7xx_hal_tim_ex.c **** 
 660:HW_Lib/STM32H7/HAL_Lib/STM32H7xx_HAL_Driver/Src/stm32h7xx_hal_tim_ex.c ****   /* Enable the Peripheral, except in trigger mode where enable is automatically done with trigger 
 661:HW_Lib/STM32H7/HAL_Lib/STM32H7xx_HAL_Driver/Src/stm32h7xx_hal_tim_ex.c ****   if (IS_TIM_SLAVE_INSTANCE(htim->Instance))
 1542              		.loc 1 661 7
 1543 00c8 7B68     		ldr	r3, [r7, #4]
 1544 00ca 1B68     		ldr	r3, [r3]
 1545              		.loc 1 661 6
 1546 00cc 254A     		ldr	r2, .L80
 1547 00ce 9342     		cmp	r3, r2
 1548 00d0 22D0     		beq	.L75
 1549              		.loc 1 661 7 discriminator 1
 1550 00d2 7B68     		ldr	r3, [r7, #4]
 1551 00d4 1B68     		ldr	r3, [r3]
 1552 00d6 B3F1804F 		cmp	r3, #1073741824
 1553 00da 1DD0     		beq	.L75
 1554              		.loc 1 661 7 is_stmt 0 discriminator 2
 1555 00dc 7B68     		ldr	r3, [r7, #4]
 1556 00de 1B68     		ldr	r3, [r3]
 1557 00e0 214A     		ldr	r2, .L80+4
 1558 00e2 9342     		cmp	r3, r2
 1559 00e4 18D0     		beq	.L75
 1560              		.loc 1 661 7 discriminator 3
 1561 00e6 7B68     		ldr	r3, [r7, #4]
 1562 00e8 1B68     		ldr	r3, [r3]
 1563 00ea 204A     		ldr	r2, .L80+8
 1564 00ec 9342     		cmp	r3, r2
 1565 00ee 13D0     		beq	.L75
 1566              		.loc 1 661 7 discriminator 4
 1567 00f0 7B68     		ldr	r3, [r7, #4]
 1568 00f2 1B68     		ldr	r3, [r3]
 1569 00f4 1E4A     		ldr	r2, .L80+12
 1570 00f6 9342     		cmp	r3, r2
 1571 00f8 0ED0     		beq	.L75
 1572              		.loc 1 661 7 discriminator 5
 1573 00fa 7B68     		ldr	r3, [r7, #4]
 1574 00fc 1B68     		ldr	r3, [r3]
 1575 00fe 1D4A     		ldr	r2, .L80+16
ARM GAS  C:\Users\HUAV\AppData\Local\Temp\ccIqAtUa.s 			page 40


 1576 0100 9342     		cmp	r3, r2
 1577 0102 09D0     		beq	.L75
 1578              		.loc 1 661 7 discriminator 6
 1579 0104 7B68     		ldr	r3, [r7, #4]
 1580 0106 1B68     		ldr	r3, [r3]
 1581 0108 1B4A     		ldr	r2, .L80+20
 1582 010a 9342     		cmp	r3, r2
 1583 010c 04D0     		beq	.L75
 1584              		.loc 1 661 7 discriminator 7
 1585 010e 7B68     		ldr	r3, [r7, #4]
 1586 0110 1B68     		ldr	r3, [r3]
 1587 0112 1A4A     		ldr	r2, .L80+24
 1588 0114 9342     		cmp	r3, r2
 1589 0116 15D1     		bne	.L76
 1590              	.L75:
 662:HW_Lib/STM32H7/HAL_Lib/STM32H7xx_HAL_Driver/Src/stm32h7xx_hal_tim_ex.c ****   {
 663:HW_Lib/STM32H7/HAL_Lib/STM32H7xx_HAL_Driver/Src/stm32h7xx_hal_tim_ex.c ****     tmpsmcr = htim->Instance->SMCR & TIM_SMCR_SMS;
 1591              		.loc 1 663 19 is_stmt 1
 1592 0118 7B68     		ldr	r3, [r7, #4]
 1593 011a 1B68     		ldr	r3, [r3]
 1594              		.loc 1 663 29
 1595 011c 9A68     		ldr	r2, [r3, #8]
 1596              		.loc 1 663 13
 1597 011e 184B     		ldr	r3, .L80+28
 1598 0120 1340     		ands	r3, r3, r2
 1599 0122 FB60     		str	r3, [r7, #12]
 664:HW_Lib/STM32H7/HAL_Lib/STM32H7xx_HAL_Driver/Src/stm32h7xx_hal_tim_ex.c ****     if (!IS_TIM_SLAVEMODE_TRIGGER_ENABLED(tmpsmcr))
 1600              		.loc 1 664 8
 1601 0124 FB68     		ldr	r3, [r7, #12]
 1602 0126 062B     		cmp	r3, #6
 1603 0128 15D0     		beq	.L79
 1604              		.loc 1 664 9 discriminator 1
 1605 012a FB68     		ldr	r3, [r7, #12]
 1606 012c B3F5803F 		cmp	r3, #65536
 1607 0130 11D0     		beq	.L79
 665:HW_Lib/STM32H7/HAL_Lib/STM32H7xx_HAL_Driver/Src/stm32h7xx_hal_tim_ex.c ****     {
 666:HW_Lib/STM32H7/HAL_Lib/STM32H7xx_HAL_Driver/Src/stm32h7xx_hal_tim_ex.c ****       __HAL_TIM_ENABLE(htim);
 1608              		.loc 1 666 7
 1609 0132 7B68     		ldr	r3, [r7, #4]
 1610 0134 1B68     		ldr	r3, [r3]
 1611 0136 1A68     		ldr	r2, [r3]
 1612 0138 7B68     		ldr	r3, [r7, #4]
 1613 013a 1B68     		ldr	r3, [r3]
 1614 013c 42F00102 		orr	r2, r2, #1
 1615 0140 1A60     		str	r2, [r3]
 664:HW_Lib/STM32H7/HAL_Lib/STM32H7xx_HAL_Driver/Src/stm32h7xx_hal_tim_ex.c ****     if (!IS_TIM_SLAVEMODE_TRIGGER_ENABLED(tmpsmcr))
 1616              		.loc 1 664 8
 1617 0142 08E0     		b	.L79
 1618              	.L76:
 667:HW_Lib/STM32H7/HAL_Lib/STM32H7xx_HAL_Driver/Src/stm32h7xx_hal_tim_ex.c ****     }
 668:HW_Lib/STM32H7/HAL_Lib/STM32H7xx_HAL_Driver/Src/stm32h7xx_hal_tim_ex.c ****   }
 669:HW_Lib/STM32H7/HAL_Lib/STM32H7xx_HAL_Driver/Src/stm32h7xx_hal_tim_ex.c ****   else
 670:HW_Lib/STM32H7/HAL_Lib/STM32H7xx_HAL_Driver/Src/stm32h7xx_hal_tim_ex.c ****   {
 671:HW_Lib/STM32H7/HAL_Lib/STM32H7xx_HAL_Driver/Src/stm32h7xx_hal_tim_ex.c ****     __HAL_TIM_ENABLE(htim);
 1619              		.loc 1 671 5
 1620 0144 7B68     		ldr	r3, [r7, #4]
 1621 0146 1B68     		ldr	r3, [r3]
ARM GAS  C:\Users\HUAV\AppData\Local\Temp\ccIqAtUa.s 			page 41


 1622 0148 1A68     		ldr	r2, [r3]
 1623 014a 7B68     		ldr	r3, [r7, #4]
 1624 014c 1B68     		ldr	r3, [r3]
 1625 014e 42F00102 		orr	r2, r2, #1
 1626 0152 1A60     		str	r2, [r3]
 1627 0154 00E0     		b	.L78
 1628              	.L79:
 664:HW_Lib/STM32H7/HAL_Lib/STM32H7xx_HAL_Driver/Src/stm32h7xx_hal_tim_ex.c ****     {
 1629              		.loc 1 664 8
 1630 0156 00BF     		nop
 1631              	.L78:
 672:HW_Lib/STM32H7/HAL_Lib/STM32H7xx_HAL_Driver/Src/stm32h7xx_hal_tim_ex.c ****   }
 673:HW_Lib/STM32H7/HAL_Lib/STM32H7xx_HAL_Driver/Src/stm32h7xx_hal_tim_ex.c **** 
 674:HW_Lib/STM32H7/HAL_Lib/STM32H7xx_HAL_Driver/Src/stm32h7xx_hal_tim_ex.c ****   /* Return function status */
 675:HW_Lib/STM32H7/HAL_Lib/STM32H7xx_HAL_Driver/Src/stm32h7xx_hal_tim_ex.c ****   return HAL_OK;
 1632              		.loc 1 675 10
 1633 0158 0023     		movs	r3, #0
 1634              	.L68:
 676:HW_Lib/STM32H7/HAL_Lib/STM32H7xx_HAL_Driver/Src/stm32h7xx_hal_tim_ex.c **** }
 1635              		.loc 1 676 1
 1636 015a 1846     		mov	r0, r3
 1637 015c 1037     		adds	r7, r7, #16
 1638              	.LCFI55:
 1639              		.cfi_def_cfa_offset 8
 1640 015e BD46     		mov	sp, r7
 1641              	.LCFI56:
 1642              		.cfi_def_cfa_register 13
 1643              		@ sp needed
 1644 0160 80BD     		pop	{r7, pc}
 1645              	.L81:
 1646 0162 00BF     		.align	2
 1647              	.L80:
 1648 0164 00000140 		.word	1073807360
 1649 0168 00040040 		.word	1073742848
 1650 016c 00080040 		.word	1073743872
 1651 0170 000C0040 		.word	1073744896
 1652 0174 00040140 		.word	1073808384
 1653 0178 00180040 		.word	1073747968
 1654 017c 00400140 		.word	1073823744
 1655 0180 07000100 		.word	65543
 1656              		.cfi_endproc
 1657              	.LFE343:
 1659              		.section	.text.HAL_TIMEx_OCN_Stop,"ax",%progbits
 1660              		.align	1
 1661              		.global	HAL_TIMEx_OCN_Stop
 1662              		.syntax unified
 1663              		.thumb
 1664              		.thumb_func
 1666              	HAL_TIMEx_OCN_Stop:
 1667              	.LFB344:
 677:HW_Lib/STM32H7/HAL_Lib/STM32H7xx_HAL_Driver/Src/stm32h7xx_hal_tim_ex.c **** 
 678:HW_Lib/STM32H7/HAL_Lib/STM32H7xx_HAL_Driver/Src/stm32h7xx_hal_tim_ex.c **** /**
 679:HW_Lib/STM32H7/HAL_Lib/STM32H7xx_HAL_Driver/Src/stm32h7xx_hal_tim_ex.c ****   * @brief  Stops the TIM Output Compare signal generation on the complementary
 680:HW_Lib/STM32H7/HAL_Lib/STM32H7xx_HAL_Driver/Src/stm32h7xx_hal_tim_ex.c ****   *         output.
 681:HW_Lib/STM32H7/HAL_Lib/STM32H7xx_HAL_Driver/Src/stm32h7xx_hal_tim_ex.c ****   * @param  htim TIM handle
 682:HW_Lib/STM32H7/HAL_Lib/STM32H7xx_HAL_Driver/Src/stm32h7xx_hal_tim_ex.c ****   * @param  Channel TIM Channel to be disabled
 683:HW_Lib/STM32H7/HAL_Lib/STM32H7xx_HAL_Driver/Src/stm32h7xx_hal_tim_ex.c ****   *          This parameter can be one of the following values:
ARM GAS  C:\Users\HUAV\AppData\Local\Temp\ccIqAtUa.s 			page 42


 684:HW_Lib/STM32H7/HAL_Lib/STM32H7xx_HAL_Driver/Src/stm32h7xx_hal_tim_ex.c ****   *            @arg TIM_CHANNEL_1: TIM Channel 1 selected
 685:HW_Lib/STM32H7/HAL_Lib/STM32H7xx_HAL_Driver/Src/stm32h7xx_hal_tim_ex.c ****   *            @arg TIM_CHANNEL_2: TIM Channel 2 selected
 686:HW_Lib/STM32H7/HAL_Lib/STM32H7xx_HAL_Driver/Src/stm32h7xx_hal_tim_ex.c ****   *            @arg TIM_CHANNEL_3: TIM Channel 3 selected
 687:HW_Lib/STM32H7/HAL_Lib/STM32H7xx_HAL_Driver/Src/stm32h7xx_hal_tim_ex.c ****   * @retval HAL status
 688:HW_Lib/STM32H7/HAL_Lib/STM32H7xx_HAL_Driver/Src/stm32h7xx_hal_tim_ex.c ****   */
 689:HW_Lib/STM32H7/HAL_Lib/STM32H7xx_HAL_Driver/Src/stm32h7xx_hal_tim_ex.c **** HAL_StatusTypeDef HAL_TIMEx_OCN_Stop(TIM_HandleTypeDef *htim, uint32_t Channel)
 690:HW_Lib/STM32H7/HAL_Lib/STM32H7xx_HAL_Driver/Src/stm32h7xx_hal_tim_ex.c **** {
 1668              		.loc 1 690 1
 1669              		.cfi_startproc
 1670              		@ args = 0, pretend = 0, frame = 8
 1671              		@ frame_needed = 1, uses_anonymous_args = 0
 1672 0000 80B5     		push	{r7, lr}
 1673              	.LCFI57:
 1674              		.cfi_def_cfa_offset 8
 1675              		.cfi_offset 7, -8
 1676              		.cfi_offset 14, -4
 1677 0002 82B0     		sub	sp, sp, #8
 1678              	.LCFI58:
 1679              		.cfi_def_cfa_offset 16
 1680 0004 00AF     		add	r7, sp, #0
 1681              	.LCFI59:
 1682              		.cfi_def_cfa_register 7
 1683 0006 7860     		str	r0, [r7, #4]
 1684 0008 3960     		str	r1, [r7]
 691:HW_Lib/STM32H7/HAL_Lib/STM32H7xx_HAL_Driver/Src/stm32h7xx_hal_tim_ex.c ****   /* Check the parameters */
 692:HW_Lib/STM32H7/HAL_Lib/STM32H7xx_HAL_Driver/Src/stm32h7xx_hal_tim_ex.c ****   assert_param(IS_TIM_CCXN_INSTANCE(htim->Instance, Channel));
 693:HW_Lib/STM32H7/HAL_Lib/STM32H7xx_HAL_Driver/Src/stm32h7xx_hal_tim_ex.c **** 
 694:HW_Lib/STM32H7/HAL_Lib/STM32H7xx_HAL_Driver/Src/stm32h7xx_hal_tim_ex.c ****   /* Disable the Capture compare channel N */
 695:HW_Lib/STM32H7/HAL_Lib/STM32H7xx_HAL_Driver/Src/stm32h7xx_hal_tim_ex.c ****   TIM_CCxNChannelCmd(htim->Instance, Channel, TIM_CCxN_DISABLE);
 1685              		.loc 1 695 3
 1686 000a 7B68     		ldr	r3, [r7, #4]
 1687 000c 1B68     		ldr	r3, [r3]
 1688 000e 0022     		movs	r2, #0
 1689 0010 3968     		ldr	r1, [r7]
 1690 0012 1846     		mov	r0, r3
 1691 0014 FFF7FEFF 		bl	TIM_CCxNChannelCmd
 696:HW_Lib/STM32H7/HAL_Lib/STM32H7xx_HAL_Driver/Src/stm32h7xx_hal_tim_ex.c **** 
 697:HW_Lib/STM32H7/HAL_Lib/STM32H7xx_HAL_Driver/Src/stm32h7xx_hal_tim_ex.c ****   /* Disable the Main Output */
 698:HW_Lib/STM32H7/HAL_Lib/STM32H7xx_HAL_Driver/Src/stm32h7xx_hal_tim_ex.c ****   __HAL_TIM_MOE_DISABLE(htim);
 1692              		.loc 1 698 3
 1693 0018 7B68     		ldr	r3, [r7, #4]
 1694 001a 1B68     		ldr	r3, [r3]
 1695 001c 1A6A     		ldr	r2, [r3, #32]
 1696 001e 41F21113 		movw	r3, #4369
 1697 0022 1340     		ands	r3, r3, r2
 1698 0024 002B     		cmp	r3, #0
 1699 0026 0FD1     		bne	.L83
 1700              		.loc 1 698 3 is_stmt 0 discriminator 1
 1701 0028 7B68     		ldr	r3, [r7, #4]
 1702 002a 1B68     		ldr	r3, [r3]
 1703 002c 1A6A     		ldr	r2, [r3, #32]
 1704 002e 40F24443 		movw	r3, #1092
 1705 0032 1340     		ands	r3, r3, r2
 1706 0034 002B     		cmp	r3, #0
 1707 0036 07D1     		bne	.L83
 1708              		.loc 1 698 3 discriminator 2
 1709 0038 7B68     		ldr	r3, [r7, #4]
ARM GAS  C:\Users\HUAV\AppData\Local\Temp\ccIqAtUa.s 			page 43


 1710 003a 1B68     		ldr	r3, [r3]
 1711 003c 5A6C     		ldr	r2, [r3, #68]
 1712 003e 7B68     		ldr	r3, [r7, #4]
 1713 0040 1B68     		ldr	r3, [r3]
 1714 0042 22F40042 		bic	r2, r2, #32768
 1715 0046 5A64     		str	r2, [r3, #68]
 1716              	.L83:
 699:HW_Lib/STM32H7/HAL_Lib/STM32H7xx_HAL_Driver/Src/stm32h7xx_hal_tim_ex.c **** 
 700:HW_Lib/STM32H7/HAL_Lib/STM32H7xx_HAL_Driver/Src/stm32h7xx_hal_tim_ex.c ****   /* Disable the Peripheral */
 701:HW_Lib/STM32H7/HAL_Lib/STM32H7xx_HAL_Driver/Src/stm32h7xx_hal_tim_ex.c ****   __HAL_TIM_DISABLE(htim);
 1717              		.loc 1 701 3 is_stmt 1
 1718 0048 7B68     		ldr	r3, [r7, #4]
 1719 004a 1B68     		ldr	r3, [r3]
 1720 004c 1A6A     		ldr	r2, [r3, #32]
 1721 004e 41F21113 		movw	r3, #4369
 1722 0052 1340     		ands	r3, r3, r2
 1723 0054 002B     		cmp	r3, #0
 1724 0056 0FD1     		bne	.L84
 1725              		.loc 1 701 3 is_stmt 0 discriminator 1
 1726 0058 7B68     		ldr	r3, [r7, #4]
 1727 005a 1B68     		ldr	r3, [r3]
 1728 005c 1A6A     		ldr	r2, [r3, #32]
 1729 005e 40F24443 		movw	r3, #1092
 1730 0062 1340     		ands	r3, r3, r2
 1731 0064 002B     		cmp	r3, #0
 1732 0066 07D1     		bne	.L84
 1733              		.loc 1 701 3 discriminator 2
 1734 0068 7B68     		ldr	r3, [r7, #4]
 1735 006a 1B68     		ldr	r3, [r3]
 1736 006c 1A68     		ldr	r2, [r3]
 1737 006e 7B68     		ldr	r3, [r7, #4]
 1738 0070 1B68     		ldr	r3, [r3]
 1739 0072 22F00102 		bic	r2, r2, #1
 1740 0076 1A60     		str	r2, [r3]
 1741              	.L84:
 702:HW_Lib/STM32H7/HAL_Lib/STM32H7xx_HAL_Driver/Src/stm32h7xx_hal_tim_ex.c **** 
 703:HW_Lib/STM32H7/HAL_Lib/STM32H7xx_HAL_Driver/Src/stm32h7xx_hal_tim_ex.c ****   /* Set the TIM complementary channel state */
 704:HW_Lib/STM32H7/HAL_Lib/STM32H7xx_HAL_Driver/Src/stm32h7xx_hal_tim_ex.c ****   TIM_CHANNEL_N_STATE_SET(htim, Channel, HAL_TIM_CHANNEL_STATE_READY);
 1742              		.loc 1 704 3 is_stmt 1
 1743 0078 3B68     		ldr	r3, [r7]
 1744 007a 002B     		cmp	r3, #0
 1745 007c 04D1     		bne	.L85
 1746              		.loc 1 704 3 is_stmt 0 discriminator 1
 1747 007e 7B68     		ldr	r3, [r7, #4]
 1748 0080 0122     		movs	r2, #1
 1749 0082 83F84420 		strb	r2, [r3, #68]
 1750 0086 13E0     		b	.L86
 1751              	.L85:
 1752              		.loc 1 704 3 discriminator 2
 1753 0088 3B68     		ldr	r3, [r7]
 1754 008a 042B     		cmp	r3, #4
 1755 008c 04D1     		bne	.L87
 1756              		.loc 1 704 3 discriminator 3
 1757 008e 7B68     		ldr	r3, [r7, #4]
 1758 0090 0122     		movs	r2, #1
 1759 0092 83F84520 		strb	r2, [r3, #69]
 1760 0096 0BE0     		b	.L86
ARM GAS  C:\Users\HUAV\AppData\Local\Temp\ccIqAtUa.s 			page 44


 1761              	.L87:
 1762              		.loc 1 704 3 discriminator 4
 1763 0098 3B68     		ldr	r3, [r7]
 1764 009a 082B     		cmp	r3, #8
 1765 009c 04D1     		bne	.L89
 1766              		.loc 1 704 3 discriminator 6
 1767 009e 7B68     		ldr	r3, [r7, #4]
 1768 00a0 0122     		movs	r2, #1
 1769 00a2 83F84620 		strb	r2, [r3, #70]
 1770 00a6 03E0     		b	.L86
 1771              	.L89:
 1772              		.loc 1 704 3 discriminator 7
 1773 00a8 7B68     		ldr	r3, [r7, #4]
 1774 00aa 0122     		movs	r2, #1
 1775 00ac 83F84720 		strb	r2, [r3, #71]
 1776              	.L86:
 705:HW_Lib/STM32H7/HAL_Lib/STM32H7xx_HAL_Driver/Src/stm32h7xx_hal_tim_ex.c **** 
 706:HW_Lib/STM32H7/HAL_Lib/STM32H7xx_HAL_Driver/Src/stm32h7xx_hal_tim_ex.c ****   /* Return function status */
 707:HW_Lib/STM32H7/HAL_Lib/STM32H7xx_HAL_Driver/Src/stm32h7xx_hal_tim_ex.c ****   return HAL_OK;
 1777              		.loc 1 707 10 is_stmt 1
 1778 00b0 0023     		movs	r3, #0
 708:HW_Lib/STM32H7/HAL_Lib/STM32H7xx_HAL_Driver/Src/stm32h7xx_hal_tim_ex.c **** }
 1779              		.loc 1 708 1
 1780 00b2 1846     		mov	r0, r3
 1781 00b4 0837     		adds	r7, r7, #8
 1782              	.LCFI60:
 1783              		.cfi_def_cfa_offset 8
 1784 00b6 BD46     		mov	sp, r7
 1785              	.LCFI61:
 1786              		.cfi_def_cfa_register 13
 1787              		@ sp needed
 1788 00b8 80BD     		pop	{r7, pc}
 1789              		.cfi_endproc
 1790              	.LFE344:
 1792              		.section	.text.HAL_TIMEx_OCN_Start_IT,"ax",%progbits
 1793              		.align	1
 1794              		.global	HAL_TIMEx_OCN_Start_IT
 1795              		.syntax unified
 1796              		.thumb
 1797              		.thumb_func
 1799              	HAL_TIMEx_OCN_Start_IT:
 1800              	.LFB345:
 709:HW_Lib/STM32H7/HAL_Lib/STM32H7xx_HAL_Driver/Src/stm32h7xx_hal_tim_ex.c **** 
 710:HW_Lib/STM32H7/HAL_Lib/STM32H7xx_HAL_Driver/Src/stm32h7xx_hal_tim_ex.c **** /**
 711:HW_Lib/STM32H7/HAL_Lib/STM32H7xx_HAL_Driver/Src/stm32h7xx_hal_tim_ex.c ****   * @brief  Starts the TIM Output Compare signal generation in interrupt mode
 712:HW_Lib/STM32H7/HAL_Lib/STM32H7xx_HAL_Driver/Src/stm32h7xx_hal_tim_ex.c ****   *         on the complementary output.
 713:HW_Lib/STM32H7/HAL_Lib/STM32H7xx_HAL_Driver/Src/stm32h7xx_hal_tim_ex.c ****   * @param  htim TIM OC handle
 714:HW_Lib/STM32H7/HAL_Lib/STM32H7xx_HAL_Driver/Src/stm32h7xx_hal_tim_ex.c ****   * @param  Channel TIM Channel to be enabled
 715:HW_Lib/STM32H7/HAL_Lib/STM32H7xx_HAL_Driver/Src/stm32h7xx_hal_tim_ex.c ****   *          This parameter can be one of the following values:
 716:HW_Lib/STM32H7/HAL_Lib/STM32H7xx_HAL_Driver/Src/stm32h7xx_hal_tim_ex.c ****   *            @arg TIM_CHANNEL_1: TIM Channel 1 selected
 717:HW_Lib/STM32H7/HAL_Lib/STM32H7xx_HAL_Driver/Src/stm32h7xx_hal_tim_ex.c ****   *            @arg TIM_CHANNEL_2: TIM Channel 2 selected
 718:HW_Lib/STM32H7/HAL_Lib/STM32H7xx_HAL_Driver/Src/stm32h7xx_hal_tim_ex.c ****   *            @arg TIM_CHANNEL_3: TIM Channel 3 selected
 719:HW_Lib/STM32H7/HAL_Lib/STM32H7xx_HAL_Driver/Src/stm32h7xx_hal_tim_ex.c ****   * @retval HAL status
 720:HW_Lib/STM32H7/HAL_Lib/STM32H7xx_HAL_Driver/Src/stm32h7xx_hal_tim_ex.c ****   */
 721:HW_Lib/STM32H7/HAL_Lib/STM32H7xx_HAL_Driver/Src/stm32h7xx_hal_tim_ex.c **** HAL_StatusTypeDef HAL_TIMEx_OCN_Start_IT(TIM_HandleTypeDef *htim, uint32_t Channel)
 722:HW_Lib/STM32H7/HAL_Lib/STM32H7xx_HAL_Driver/Src/stm32h7xx_hal_tim_ex.c **** {
 1801              		.loc 1 722 1
ARM GAS  C:\Users\HUAV\AppData\Local\Temp\ccIqAtUa.s 			page 45


 1802              		.cfi_startproc
 1803              		@ args = 0, pretend = 0, frame = 16
 1804              		@ frame_needed = 1, uses_anonymous_args = 0
 1805 0000 80B5     		push	{r7, lr}
 1806              	.LCFI62:
 1807              		.cfi_def_cfa_offset 8
 1808              		.cfi_offset 7, -8
 1809              		.cfi_offset 14, -4
 1810 0002 84B0     		sub	sp, sp, #16
 1811              	.LCFI63:
 1812              		.cfi_def_cfa_offset 24
 1813 0004 00AF     		add	r7, sp, #0
 1814              	.LCFI64:
 1815              		.cfi_def_cfa_register 7
 1816 0006 7860     		str	r0, [r7, #4]
 1817 0008 3960     		str	r1, [r7]
 723:HW_Lib/STM32H7/HAL_Lib/STM32H7xx_HAL_Driver/Src/stm32h7xx_hal_tim_ex.c ****   HAL_StatusTypeDef status = HAL_OK;
 1818              		.loc 1 723 21
 1819 000a 0023     		movs	r3, #0
 1820 000c FB73     		strb	r3, [r7, #15]
 724:HW_Lib/STM32H7/HAL_Lib/STM32H7xx_HAL_Driver/Src/stm32h7xx_hal_tim_ex.c ****   uint32_t tmpsmcr;
 725:HW_Lib/STM32H7/HAL_Lib/STM32H7xx_HAL_Driver/Src/stm32h7xx_hal_tim_ex.c **** 
 726:HW_Lib/STM32H7/HAL_Lib/STM32H7xx_HAL_Driver/Src/stm32h7xx_hal_tim_ex.c ****   /* Check the parameters */
 727:HW_Lib/STM32H7/HAL_Lib/STM32H7xx_HAL_Driver/Src/stm32h7xx_hal_tim_ex.c ****   assert_param(IS_TIM_CCXN_INSTANCE(htim->Instance, Channel));
 728:HW_Lib/STM32H7/HAL_Lib/STM32H7xx_HAL_Driver/Src/stm32h7xx_hal_tim_ex.c **** 
 729:HW_Lib/STM32H7/HAL_Lib/STM32H7xx_HAL_Driver/Src/stm32h7xx_hal_tim_ex.c ****   /* Check the TIM complementary channel state */
 730:HW_Lib/STM32H7/HAL_Lib/STM32H7xx_HAL_Driver/Src/stm32h7xx_hal_tim_ex.c ****   if (TIM_CHANNEL_N_STATE_GET(htim, Channel) != HAL_TIM_CHANNEL_STATE_READY)
 1821              		.loc 1 730 46
 1822 000e 3B68     		ldr	r3, [r7]
 1823 0010 002B     		cmp	r3, #0
 1824 0012 09D1     		bne	.L93
 1825              		.loc 1 730 7 discriminator 1
 1826 0014 7B68     		ldr	r3, [r7, #4]
 1827 0016 93F84430 		ldrb	r3, [r3, #68]
 1828 001a DBB2     		uxtb	r3, r3
 1829              		.loc 1 730 46 discriminator 1
 1830 001c 012B     		cmp	r3, #1
 1831 001e 14BF     		ite	ne
 1832 0020 0123     		movne	r3, #1
 1833 0022 0023     		moveq	r3, #0
 1834 0024 DBB2     		uxtb	r3, r3
 1835 0026 22E0     		b	.L94
 1836              	.L93:
 1837              		.loc 1 730 46 is_stmt 0 discriminator 2
 1838 0028 3B68     		ldr	r3, [r7]
 1839 002a 042B     		cmp	r3, #4
 1840 002c 09D1     		bne	.L95
 1841              		.loc 1 730 7 is_stmt 1 discriminator 4
 1842 002e 7B68     		ldr	r3, [r7, #4]
 1843 0030 93F84530 		ldrb	r3, [r3, #69]
 1844 0034 DBB2     		uxtb	r3, r3
 1845              		.loc 1 730 46 discriminator 4
 1846 0036 012B     		cmp	r3, #1
 1847 0038 14BF     		ite	ne
 1848 003a 0123     		movne	r3, #1
 1849 003c 0023     		moveq	r3, #0
 1850 003e DBB2     		uxtb	r3, r3
ARM GAS  C:\Users\HUAV\AppData\Local\Temp\ccIqAtUa.s 			page 46


 1851 0040 15E0     		b	.L94
 1852              	.L95:
 1853              		.loc 1 730 46 is_stmt 0 discriminator 5
 1854 0042 3B68     		ldr	r3, [r7]
 1855 0044 082B     		cmp	r3, #8
 1856 0046 09D1     		bne	.L97
 1857              		.loc 1 730 7 is_stmt 1 discriminator 7
 1858 0048 7B68     		ldr	r3, [r7, #4]
 1859 004a 93F84630 		ldrb	r3, [r3, #70]
 1860 004e DBB2     		uxtb	r3, r3
 1861              		.loc 1 730 46 discriminator 7
 1862 0050 012B     		cmp	r3, #1
 1863 0052 14BF     		ite	ne
 1864 0054 0123     		movne	r3, #1
 1865 0056 0023     		moveq	r3, #0
 1866 0058 DBB2     		uxtb	r3, r3
 1867 005a 08E0     		b	.L94
 1868              	.L97:
 1869              		.loc 1 730 7 discriminator 8
 1870 005c 7B68     		ldr	r3, [r7, #4]
 1871 005e 93F84730 		ldrb	r3, [r3, #71]
 1872 0062 DBB2     		uxtb	r3, r3
 1873              		.loc 1 730 46 discriminator 8
 1874 0064 012B     		cmp	r3, #1
 1875 0066 14BF     		ite	ne
 1876 0068 0123     		movne	r3, #1
 1877 006a 0023     		moveq	r3, #0
 1878 006c DBB2     		uxtb	r3, r3
 1879              	.L94:
 1880              		.loc 1 730 6 discriminator 12
 1881 006e 002B     		cmp	r3, #0
 1882 0070 01D0     		beq	.L99
 731:HW_Lib/STM32H7/HAL_Lib/STM32H7xx_HAL_Driver/Src/stm32h7xx_hal_tim_ex.c ****   {
 732:HW_Lib/STM32H7/HAL_Lib/STM32H7xx_HAL_Driver/Src/stm32h7xx_hal_tim_ex.c ****     return HAL_ERROR;
 1883              		.loc 1 732 12
 1884 0072 0123     		movs	r3, #1
 1885 0074 A9E0     		b	.L100
 1886              	.L99:
 733:HW_Lib/STM32H7/HAL_Lib/STM32H7xx_HAL_Driver/Src/stm32h7xx_hal_tim_ex.c ****   }
 734:HW_Lib/STM32H7/HAL_Lib/STM32H7xx_HAL_Driver/Src/stm32h7xx_hal_tim_ex.c **** 
 735:HW_Lib/STM32H7/HAL_Lib/STM32H7xx_HAL_Driver/Src/stm32h7xx_hal_tim_ex.c ****   /* Set the TIM complementary channel state */
 736:HW_Lib/STM32H7/HAL_Lib/STM32H7xx_HAL_Driver/Src/stm32h7xx_hal_tim_ex.c ****   TIM_CHANNEL_N_STATE_SET(htim, Channel, HAL_TIM_CHANNEL_STATE_BUSY);
 1887              		.loc 1 736 3
 1888 0076 3B68     		ldr	r3, [r7]
 1889 0078 002B     		cmp	r3, #0
 1890 007a 04D1     		bne	.L101
 1891              		.loc 1 736 3 is_stmt 0 discriminator 1
 1892 007c 7B68     		ldr	r3, [r7, #4]
 1893 007e 0222     		movs	r2, #2
 1894 0080 83F84420 		strb	r2, [r3, #68]
 1895 0084 13E0     		b	.L102
 1896              	.L101:
 1897              		.loc 1 736 3 discriminator 2
 1898 0086 3B68     		ldr	r3, [r7]
 1899 0088 042B     		cmp	r3, #4
 1900 008a 04D1     		bne	.L103
 1901              		.loc 1 736 3 discriminator 3
ARM GAS  C:\Users\HUAV\AppData\Local\Temp\ccIqAtUa.s 			page 47


 1902 008c 7B68     		ldr	r3, [r7, #4]
 1903 008e 0222     		movs	r2, #2
 1904 0090 83F84520 		strb	r2, [r3, #69]
 1905 0094 0BE0     		b	.L102
 1906              	.L103:
 1907              		.loc 1 736 3 discriminator 4
 1908 0096 3B68     		ldr	r3, [r7]
 1909 0098 082B     		cmp	r3, #8
 1910 009a 04D1     		bne	.L105
 1911              		.loc 1 736 3 discriminator 6
 1912 009c 7B68     		ldr	r3, [r7, #4]
 1913 009e 0222     		movs	r2, #2
 1914 00a0 83F84620 		strb	r2, [r3, #70]
 1915 00a4 03E0     		b	.L102
 1916              	.L105:
 1917              		.loc 1 736 3 discriminator 7
 1918 00a6 7B68     		ldr	r3, [r7, #4]
 1919 00a8 0222     		movs	r2, #2
 1920 00aa 83F84720 		strb	r2, [r3, #71]
 1921              	.L102:
 737:HW_Lib/STM32H7/HAL_Lib/STM32H7xx_HAL_Driver/Src/stm32h7xx_hal_tim_ex.c **** 
 738:HW_Lib/STM32H7/HAL_Lib/STM32H7xx_HAL_Driver/Src/stm32h7xx_hal_tim_ex.c ****   switch (Channel)
 1922              		.loc 1 738 3 is_stmt 1
 1923 00ae 3B68     		ldr	r3, [r7]
 1924 00b0 082B     		cmp	r3, #8
 1925 00b2 1BD0     		beq	.L107
 1926 00b4 3B68     		ldr	r3, [r7]
 1927 00b6 082B     		cmp	r3, #8
 1928 00b8 21D8     		bhi	.L108
 1929 00ba 3B68     		ldr	r3, [r7]
 1930 00bc 002B     		cmp	r3, #0
 1931 00be 03D0     		beq	.L109
 1932 00c0 3B68     		ldr	r3, [r7]
 1933 00c2 042B     		cmp	r3, #4
 1934 00c4 09D0     		beq	.L110
 1935 00c6 1AE0     		b	.L108
 1936              	.L109:
 739:HW_Lib/STM32H7/HAL_Lib/STM32H7xx_HAL_Driver/Src/stm32h7xx_hal_tim_ex.c ****   {
 740:HW_Lib/STM32H7/HAL_Lib/STM32H7xx_HAL_Driver/Src/stm32h7xx_hal_tim_ex.c ****     case TIM_CHANNEL_1:
 741:HW_Lib/STM32H7/HAL_Lib/STM32H7xx_HAL_Driver/Src/stm32h7xx_hal_tim_ex.c ****     {
 742:HW_Lib/STM32H7/HAL_Lib/STM32H7xx_HAL_Driver/Src/stm32h7xx_hal_tim_ex.c ****       /* Enable the TIM Output Compare interrupt */
 743:HW_Lib/STM32H7/HAL_Lib/STM32H7xx_HAL_Driver/Src/stm32h7xx_hal_tim_ex.c ****       __HAL_TIM_ENABLE_IT(htim, TIM_IT_CC1);
 1937              		.loc 1 743 7
 1938 00c8 7B68     		ldr	r3, [r7, #4]
 1939 00ca 1B68     		ldr	r3, [r3]
 1940 00cc DA68     		ldr	r2, [r3, #12]
 1941 00ce 7B68     		ldr	r3, [r7, #4]
 1942 00d0 1B68     		ldr	r3, [r3]
 1943 00d2 42F00202 		orr	r2, r2, #2
 1944 00d6 DA60     		str	r2, [r3, #12]
 744:HW_Lib/STM32H7/HAL_Lib/STM32H7xx_HAL_Driver/Src/stm32h7xx_hal_tim_ex.c ****       break;
 1945              		.loc 1 744 7
 1946 00d8 14E0     		b	.L111
 1947              	.L110:
 745:HW_Lib/STM32H7/HAL_Lib/STM32H7xx_HAL_Driver/Src/stm32h7xx_hal_tim_ex.c ****     }
 746:HW_Lib/STM32H7/HAL_Lib/STM32H7xx_HAL_Driver/Src/stm32h7xx_hal_tim_ex.c **** 
 747:HW_Lib/STM32H7/HAL_Lib/STM32H7xx_HAL_Driver/Src/stm32h7xx_hal_tim_ex.c ****     case TIM_CHANNEL_2:
ARM GAS  C:\Users\HUAV\AppData\Local\Temp\ccIqAtUa.s 			page 48


 748:HW_Lib/STM32H7/HAL_Lib/STM32H7xx_HAL_Driver/Src/stm32h7xx_hal_tim_ex.c ****     {
 749:HW_Lib/STM32H7/HAL_Lib/STM32H7xx_HAL_Driver/Src/stm32h7xx_hal_tim_ex.c ****       /* Enable the TIM Output Compare interrupt */
 750:HW_Lib/STM32H7/HAL_Lib/STM32H7xx_HAL_Driver/Src/stm32h7xx_hal_tim_ex.c ****       __HAL_TIM_ENABLE_IT(htim, TIM_IT_CC2);
 1948              		.loc 1 750 7
 1949 00da 7B68     		ldr	r3, [r7, #4]
 1950 00dc 1B68     		ldr	r3, [r3]
 1951 00de DA68     		ldr	r2, [r3, #12]
 1952 00e0 7B68     		ldr	r3, [r7, #4]
 1953 00e2 1B68     		ldr	r3, [r3]
 1954 00e4 42F00402 		orr	r2, r2, #4
 1955 00e8 DA60     		str	r2, [r3, #12]
 751:HW_Lib/STM32H7/HAL_Lib/STM32H7xx_HAL_Driver/Src/stm32h7xx_hal_tim_ex.c ****       break;
 1956              		.loc 1 751 7
 1957 00ea 0BE0     		b	.L111
 1958              	.L107:
 752:HW_Lib/STM32H7/HAL_Lib/STM32H7xx_HAL_Driver/Src/stm32h7xx_hal_tim_ex.c ****     }
 753:HW_Lib/STM32H7/HAL_Lib/STM32H7xx_HAL_Driver/Src/stm32h7xx_hal_tim_ex.c **** 
 754:HW_Lib/STM32H7/HAL_Lib/STM32H7xx_HAL_Driver/Src/stm32h7xx_hal_tim_ex.c ****     case TIM_CHANNEL_3:
 755:HW_Lib/STM32H7/HAL_Lib/STM32H7xx_HAL_Driver/Src/stm32h7xx_hal_tim_ex.c ****     {
 756:HW_Lib/STM32H7/HAL_Lib/STM32H7xx_HAL_Driver/Src/stm32h7xx_hal_tim_ex.c ****       /* Enable the TIM Output Compare interrupt */
 757:HW_Lib/STM32H7/HAL_Lib/STM32H7xx_HAL_Driver/Src/stm32h7xx_hal_tim_ex.c ****       __HAL_TIM_ENABLE_IT(htim, TIM_IT_CC3);
 1959              		.loc 1 757 7
 1960 00ec 7B68     		ldr	r3, [r7, #4]
 1961 00ee 1B68     		ldr	r3, [r3]
 1962 00f0 DA68     		ldr	r2, [r3, #12]
 1963 00f2 7B68     		ldr	r3, [r7, #4]
 1964 00f4 1B68     		ldr	r3, [r3]
 1965 00f6 42F00802 		orr	r2, r2, #8
 1966 00fa DA60     		str	r2, [r3, #12]
 758:HW_Lib/STM32H7/HAL_Lib/STM32H7xx_HAL_Driver/Src/stm32h7xx_hal_tim_ex.c ****       break;
 1967              		.loc 1 758 7
 1968 00fc 02E0     		b	.L111
 1969              	.L108:
 759:HW_Lib/STM32H7/HAL_Lib/STM32H7xx_HAL_Driver/Src/stm32h7xx_hal_tim_ex.c ****     }
 760:HW_Lib/STM32H7/HAL_Lib/STM32H7xx_HAL_Driver/Src/stm32h7xx_hal_tim_ex.c **** 
 761:HW_Lib/STM32H7/HAL_Lib/STM32H7xx_HAL_Driver/Src/stm32h7xx_hal_tim_ex.c **** 
 762:HW_Lib/STM32H7/HAL_Lib/STM32H7xx_HAL_Driver/Src/stm32h7xx_hal_tim_ex.c ****     default:
 763:HW_Lib/STM32H7/HAL_Lib/STM32H7xx_HAL_Driver/Src/stm32h7xx_hal_tim_ex.c ****       status = HAL_ERROR;
 1970              		.loc 1 763 14
 1971 00fe 0123     		movs	r3, #1
 1972 0100 FB73     		strb	r3, [r7, #15]
 764:HW_Lib/STM32H7/HAL_Lib/STM32H7xx_HAL_Driver/Src/stm32h7xx_hal_tim_ex.c ****       break;
 1973              		.loc 1 764 7
 1974 0102 00BF     		nop
 1975              	.L111:
 765:HW_Lib/STM32H7/HAL_Lib/STM32H7xx_HAL_Driver/Src/stm32h7xx_hal_tim_ex.c ****   }
 766:HW_Lib/STM32H7/HAL_Lib/STM32H7xx_HAL_Driver/Src/stm32h7xx_hal_tim_ex.c **** 
 767:HW_Lib/STM32H7/HAL_Lib/STM32H7xx_HAL_Driver/Src/stm32h7xx_hal_tim_ex.c ****   if (status == HAL_OK)
 1976              		.loc 1 767 6
 1977 0104 FB7B     		ldrb	r3, [r7, #15]	@ zero_extendqisi2
 1978 0106 002B     		cmp	r3, #0
 1979 0108 5ED1     		bne	.L112
 768:HW_Lib/STM32H7/HAL_Lib/STM32H7xx_HAL_Driver/Src/stm32h7xx_hal_tim_ex.c ****   {
 769:HW_Lib/STM32H7/HAL_Lib/STM32H7xx_HAL_Driver/Src/stm32h7xx_hal_tim_ex.c ****     /* Enable the TIM Break interrupt */
 770:HW_Lib/STM32H7/HAL_Lib/STM32H7xx_HAL_Driver/Src/stm32h7xx_hal_tim_ex.c ****     __HAL_TIM_ENABLE_IT(htim, TIM_IT_BREAK);
 1980              		.loc 1 770 5
 1981 010a 7B68     		ldr	r3, [r7, #4]
ARM GAS  C:\Users\HUAV\AppData\Local\Temp\ccIqAtUa.s 			page 49


 1982 010c 1B68     		ldr	r3, [r3]
 1983 010e DA68     		ldr	r2, [r3, #12]
 1984 0110 7B68     		ldr	r3, [r7, #4]
 1985 0112 1B68     		ldr	r3, [r3]
 1986 0114 42F08002 		orr	r2, r2, #128
 1987 0118 DA60     		str	r2, [r3, #12]
 771:HW_Lib/STM32H7/HAL_Lib/STM32H7xx_HAL_Driver/Src/stm32h7xx_hal_tim_ex.c **** 
 772:HW_Lib/STM32H7/HAL_Lib/STM32H7xx_HAL_Driver/Src/stm32h7xx_hal_tim_ex.c ****     /* Enable the Capture compare channel N */
 773:HW_Lib/STM32H7/HAL_Lib/STM32H7xx_HAL_Driver/Src/stm32h7xx_hal_tim_ex.c ****     TIM_CCxNChannelCmd(htim->Instance, Channel, TIM_CCxN_ENABLE);
 1988              		.loc 1 773 5
 1989 011a 7B68     		ldr	r3, [r7, #4]
 1990 011c 1B68     		ldr	r3, [r3]
 1991 011e 0422     		movs	r2, #4
 1992 0120 3968     		ldr	r1, [r7]
 1993 0122 1846     		mov	r0, r3
 1994 0124 FFF7FEFF 		bl	TIM_CCxNChannelCmd
 774:HW_Lib/STM32H7/HAL_Lib/STM32H7xx_HAL_Driver/Src/stm32h7xx_hal_tim_ex.c **** 
 775:HW_Lib/STM32H7/HAL_Lib/STM32H7xx_HAL_Driver/Src/stm32h7xx_hal_tim_ex.c ****     /* Enable the Main Output */
 776:HW_Lib/STM32H7/HAL_Lib/STM32H7xx_HAL_Driver/Src/stm32h7xx_hal_tim_ex.c ****     __HAL_TIM_MOE_ENABLE(htim);
 1995              		.loc 1 776 5
 1996 0128 7B68     		ldr	r3, [r7, #4]
 1997 012a 1B68     		ldr	r3, [r3]
 1998 012c 5A6C     		ldr	r2, [r3, #68]
 1999 012e 7B68     		ldr	r3, [r7, #4]
 2000 0130 1B68     		ldr	r3, [r3]
 2001 0132 42F40042 		orr	r2, r2, #32768
 2002 0136 5A64     		str	r2, [r3, #68]
 777:HW_Lib/STM32H7/HAL_Lib/STM32H7xx_HAL_Driver/Src/stm32h7xx_hal_tim_ex.c **** 
 778:HW_Lib/STM32H7/HAL_Lib/STM32H7xx_HAL_Driver/Src/stm32h7xx_hal_tim_ex.c ****     /* Enable the Peripheral, except in trigger mode where enable is automatically done with trigge
 779:HW_Lib/STM32H7/HAL_Lib/STM32H7xx_HAL_Driver/Src/stm32h7xx_hal_tim_ex.c ****     if (IS_TIM_SLAVE_INSTANCE(htim->Instance))
 2003              		.loc 1 779 9
 2004 0138 7B68     		ldr	r3, [r7, #4]
 2005 013a 1B68     		ldr	r3, [r3]
 2006              		.loc 1 779 8
 2007 013c 254A     		ldr	r2, .L117
 2008 013e 9342     		cmp	r3, r2
 2009 0140 22D0     		beq	.L113
 2010              		.loc 1 779 9 discriminator 1
 2011 0142 7B68     		ldr	r3, [r7, #4]
 2012 0144 1B68     		ldr	r3, [r3]
 2013 0146 B3F1804F 		cmp	r3, #1073741824
 2014 014a 1DD0     		beq	.L113
 2015              		.loc 1 779 9 is_stmt 0 discriminator 2
 2016 014c 7B68     		ldr	r3, [r7, #4]
 2017 014e 1B68     		ldr	r3, [r3]
 2018 0150 214A     		ldr	r2, .L117+4
 2019 0152 9342     		cmp	r3, r2
 2020 0154 18D0     		beq	.L113
 2021              		.loc 1 779 9 discriminator 3
 2022 0156 7B68     		ldr	r3, [r7, #4]
 2023 0158 1B68     		ldr	r3, [r3]
 2024 015a 204A     		ldr	r2, .L117+8
 2025 015c 9342     		cmp	r3, r2
 2026 015e 13D0     		beq	.L113
 2027              		.loc 1 779 9 discriminator 4
 2028 0160 7B68     		ldr	r3, [r7, #4]
 2029 0162 1B68     		ldr	r3, [r3]
ARM GAS  C:\Users\HUAV\AppData\Local\Temp\ccIqAtUa.s 			page 50


 2030 0164 1E4A     		ldr	r2, .L117+12
 2031 0166 9342     		cmp	r3, r2
 2032 0168 0ED0     		beq	.L113
 2033              		.loc 1 779 9 discriminator 5
 2034 016a 7B68     		ldr	r3, [r7, #4]
 2035 016c 1B68     		ldr	r3, [r3]
 2036 016e 1D4A     		ldr	r2, .L117+16
 2037 0170 9342     		cmp	r3, r2
 2038 0172 09D0     		beq	.L113
 2039              		.loc 1 779 9 discriminator 6
 2040 0174 7B68     		ldr	r3, [r7, #4]
 2041 0176 1B68     		ldr	r3, [r3]
 2042 0178 1B4A     		ldr	r2, .L117+20
 2043 017a 9342     		cmp	r3, r2
 2044 017c 04D0     		beq	.L113
 2045              		.loc 1 779 9 discriminator 7
 2046 017e 7B68     		ldr	r3, [r7, #4]
 2047 0180 1B68     		ldr	r3, [r3]
 2048 0182 1A4A     		ldr	r2, .L117+24
 2049 0184 9342     		cmp	r3, r2
 2050 0186 15D1     		bne	.L114
 2051              	.L113:
 780:HW_Lib/STM32H7/HAL_Lib/STM32H7xx_HAL_Driver/Src/stm32h7xx_hal_tim_ex.c ****     {
 781:HW_Lib/STM32H7/HAL_Lib/STM32H7xx_HAL_Driver/Src/stm32h7xx_hal_tim_ex.c ****       tmpsmcr = htim->Instance->SMCR & TIM_SMCR_SMS;
 2052              		.loc 1 781 21 is_stmt 1
 2053 0188 7B68     		ldr	r3, [r7, #4]
 2054 018a 1B68     		ldr	r3, [r3]
 2055              		.loc 1 781 31
 2056 018c 9A68     		ldr	r2, [r3, #8]
 2057              		.loc 1 781 15
 2058 018e 184B     		ldr	r3, .L117+28
 2059 0190 1340     		ands	r3, r3, r2
 2060 0192 BB60     		str	r3, [r7, #8]
 782:HW_Lib/STM32H7/HAL_Lib/STM32H7xx_HAL_Driver/Src/stm32h7xx_hal_tim_ex.c ****       if (!IS_TIM_SLAVEMODE_TRIGGER_ENABLED(tmpsmcr))
 2061              		.loc 1 782 10
 2062 0194 BB68     		ldr	r3, [r7, #8]
 2063 0196 062B     		cmp	r3, #6
 2064 0198 15D0     		beq	.L116
 2065              		.loc 1 782 11 discriminator 1
 2066 019a BB68     		ldr	r3, [r7, #8]
 2067 019c B3F5803F 		cmp	r3, #65536
 2068 01a0 11D0     		beq	.L116
 783:HW_Lib/STM32H7/HAL_Lib/STM32H7xx_HAL_Driver/Src/stm32h7xx_hal_tim_ex.c ****       {
 784:HW_Lib/STM32H7/HAL_Lib/STM32H7xx_HAL_Driver/Src/stm32h7xx_hal_tim_ex.c ****         __HAL_TIM_ENABLE(htim);
 2069              		.loc 1 784 9
 2070 01a2 7B68     		ldr	r3, [r7, #4]
 2071 01a4 1B68     		ldr	r3, [r3]
 2072 01a6 1A68     		ldr	r2, [r3]
 2073 01a8 7B68     		ldr	r3, [r7, #4]
 2074 01aa 1B68     		ldr	r3, [r3]
 2075 01ac 42F00102 		orr	r2, r2, #1
 2076 01b0 1A60     		str	r2, [r3]
 782:HW_Lib/STM32H7/HAL_Lib/STM32H7xx_HAL_Driver/Src/stm32h7xx_hal_tim_ex.c ****       if (!IS_TIM_SLAVEMODE_TRIGGER_ENABLED(tmpsmcr))
 2077              		.loc 1 782 10
 2078 01b2 08E0     		b	.L116
 2079              	.L114:
 785:HW_Lib/STM32H7/HAL_Lib/STM32H7xx_HAL_Driver/Src/stm32h7xx_hal_tim_ex.c ****       }
ARM GAS  C:\Users\HUAV\AppData\Local\Temp\ccIqAtUa.s 			page 51


 786:HW_Lib/STM32H7/HAL_Lib/STM32H7xx_HAL_Driver/Src/stm32h7xx_hal_tim_ex.c ****     }
 787:HW_Lib/STM32H7/HAL_Lib/STM32H7xx_HAL_Driver/Src/stm32h7xx_hal_tim_ex.c ****     else
 788:HW_Lib/STM32H7/HAL_Lib/STM32H7xx_HAL_Driver/Src/stm32h7xx_hal_tim_ex.c ****     {
 789:HW_Lib/STM32H7/HAL_Lib/STM32H7xx_HAL_Driver/Src/stm32h7xx_hal_tim_ex.c ****       __HAL_TIM_ENABLE(htim);
 2080              		.loc 1 789 7
 2081 01b4 7B68     		ldr	r3, [r7, #4]
 2082 01b6 1B68     		ldr	r3, [r3]
 2083 01b8 1A68     		ldr	r2, [r3]
 2084 01ba 7B68     		ldr	r3, [r7, #4]
 2085 01bc 1B68     		ldr	r3, [r3]
 2086 01be 42F00102 		orr	r2, r2, #1
 2087 01c2 1A60     		str	r2, [r3]
 2088 01c4 00E0     		b	.L112
 2089              	.L116:
 782:HW_Lib/STM32H7/HAL_Lib/STM32H7xx_HAL_Driver/Src/stm32h7xx_hal_tim_ex.c ****       {
 2090              		.loc 1 782 10
 2091 01c6 00BF     		nop
 2092              	.L112:
 790:HW_Lib/STM32H7/HAL_Lib/STM32H7xx_HAL_Driver/Src/stm32h7xx_hal_tim_ex.c ****     }
 791:HW_Lib/STM32H7/HAL_Lib/STM32H7xx_HAL_Driver/Src/stm32h7xx_hal_tim_ex.c ****   }
 792:HW_Lib/STM32H7/HAL_Lib/STM32H7xx_HAL_Driver/Src/stm32h7xx_hal_tim_ex.c **** 
 793:HW_Lib/STM32H7/HAL_Lib/STM32H7xx_HAL_Driver/Src/stm32h7xx_hal_tim_ex.c ****   /* Return function status */
 794:HW_Lib/STM32H7/HAL_Lib/STM32H7xx_HAL_Driver/Src/stm32h7xx_hal_tim_ex.c ****   return status;
 2093              		.loc 1 794 10
 2094 01c8 FB7B     		ldrb	r3, [r7, #15]	@ zero_extendqisi2
 2095              	.L100:
 795:HW_Lib/STM32H7/HAL_Lib/STM32H7xx_HAL_Driver/Src/stm32h7xx_hal_tim_ex.c **** }
 2096              		.loc 1 795 1
 2097 01ca 1846     		mov	r0, r3
 2098 01cc 1037     		adds	r7, r7, #16
 2099              	.LCFI65:
 2100              		.cfi_def_cfa_offset 8
 2101 01ce BD46     		mov	sp, r7
 2102              	.LCFI66:
 2103              		.cfi_def_cfa_register 13
 2104              		@ sp needed
 2105 01d0 80BD     		pop	{r7, pc}
 2106              	.L118:
 2107 01d2 00BF     		.align	2
 2108              	.L117:
 2109 01d4 00000140 		.word	1073807360
 2110 01d8 00040040 		.word	1073742848
 2111 01dc 00080040 		.word	1073743872
 2112 01e0 000C0040 		.word	1073744896
 2113 01e4 00040140 		.word	1073808384
 2114 01e8 00180040 		.word	1073747968
 2115 01ec 00400140 		.word	1073823744
 2116 01f0 07000100 		.word	65543
 2117              		.cfi_endproc
 2118              	.LFE345:
 2120              		.section	.text.HAL_TIMEx_OCN_Stop_IT,"ax",%progbits
 2121              		.align	1
 2122              		.global	HAL_TIMEx_OCN_Stop_IT
 2123              		.syntax unified
 2124              		.thumb
 2125              		.thumb_func
 2127              	HAL_TIMEx_OCN_Stop_IT:
ARM GAS  C:\Users\HUAV\AppData\Local\Temp\ccIqAtUa.s 			page 52


 2128              	.LFB346:
 796:HW_Lib/STM32H7/HAL_Lib/STM32H7xx_HAL_Driver/Src/stm32h7xx_hal_tim_ex.c **** 
 797:HW_Lib/STM32H7/HAL_Lib/STM32H7xx_HAL_Driver/Src/stm32h7xx_hal_tim_ex.c **** /**
 798:HW_Lib/STM32H7/HAL_Lib/STM32H7xx_HAL_Driver/Src/stm32h7xx_hal_tim_ex.c ****   * @brief  Stops the TIM Output Compare signal generation in interrupt mode
 799:HW_Lib/STM32H7/HAL_Lib/STM32H7xx_HAL_Driver/Src/stm32h7xx_hal_tim_ex.c ****   *         on the complementary output.
 800:HW_Lib/STM32H7/HAL_Lib/STM32H7xx_HAL_Driver/Src/stm32h7xx_hal_tim_ex.c ****   * @param  htim TIM Output Compare handle
 801:HW_Lib/STM32H7/HAL_Lib/STM32H7xx_HAL_Driver/Src/stm32h7xx_hal_tim_ex.c ****   * @param  Channel TIM Channel to be disabled
 802:HW_Lib/STM32H7/HAL_Lib/STM32H7xx_HAL_Driver/Src/stm32h7xx_hal_tim_ex.c ****   *          This parameter can be one of the following values:
 803:HW_Lib/STM32H7/HAL_Lib/STM32H7xx_HAL_Driver/Src/stm32h7xx_hal_tim_ex.c ****   *            @arg TIM_CHANNEL_1: TIM Channel 1 selected
 804:HW_Lib/STM32H7/HAL_Lib/STM32H7xx_HAL_Driver/Src/stm32h7xx_hal_tim_ex.c ****   *            @arg TIM_CHANNEL_2: TIM Channel 2 selected
 805:HW_Lib/STM32H7/HAL_Lib/STM32H7xx_HAL_Driver/Src/stm32h7xx_hal_tim_ex.c ****   *            @arg TIM_CHANNEL_3: TIM Channel 3 selected
 806:HW_Lib/STM32H7/HAL_Lib/STM32H7xx_HAL_Driver/Src/stm32h7xx_hal_tim_ex.c ****   * @retval HAL status
 807:HW_Lib/STM32H7/HAL_Lib/STM32H7xx_HAL_Driver/Src/stm32h7xx_hal_tim_ex.c ****   */
 808:HW_Lib/STM32H7/HAL_Lib/STM32H7xx_HAL_Driver/Src/stm32h7xx_hal_tim_ex.c **** HAL_StatusTypeDef HAL_TIMEx_OCN_Stop_IT(TIM_HandleTypeDef *htim, uint32_t Channel)
 809:HW_Lib/STM32H7/HAL_Lib/STM32H7xx_HAL_Driver/Src/stm32h7xx_hal_tim_ex.c **** {
 2129              		.loc 1 809 1
 2130              		.cfi_startproc
 2131              		@ args = 0, pretend = 0, frame = 16
 2132              		@ frame_needed = 1, uses_anonymous_args = 0
 2133 0000 80B5     		push	{r7, lr}
 2134              	.LCFI67:
 2135              		.cfi_def_cfa_offset 8
 2136              		.cfi_offset 7, -8
 2137              		.cfi_offset 14, -4
 2138 0002 84B0     		sub	sp, sp, #16
 2139              	.LCFI68:
 2140              		.cfi_def_cfa_offset 24
 2141 0004 00AF     		add	r7, sp, #0
 2142              	.LCFI69:
 2143              		.cfi_def_cfa_register 7
 2144 0006 7860     		str	r0, [r7, #4]
 2145 0008 3960     		str	r1, [r7]
 810:HW_Lib/STM32H7/HAL_Lib/STM32H7xx_HAL_Driver/Src/stm32h7xx_hal_tim_ex.c ****   HAL_StatusTypeDef status = HAL_OK;
 2146              		.loc 1 810 21
 2147 000a 0023     		movs	r3, #0
 2148 000c FB73     		strb	r3, [r7, #15]
 811:HW_Lib/STM32H7/HAL_Lib/STM32H7xx_HAL_Driver/Src/stm32h7xx_hal_tim_ex.c ****   uint32_t tmpccer;
 812:HW_Lib/STM32H7/HAL_Lib/STM32H7xx_HAL_Driver/Src/stm32h7xx_hal_tim_ex.c **** 
 813:HW_Lib/STM32H7/HAL_Lib/STM32H7xx_HAL_Driver/Src/stm32h7xx_hal_tim_ex.c ****   /* Check the parameters */
 814:HW_Lib/STM32H7/HAL_Lib/STM32H7xx_HAL_Driver/Src/stm32h7xx_hal_tim_ex.c ****   assert_param(IS_TIM_CCXN_INSTANCE(htim->Instance, Channel));
 815:HW_Lib/STM32H7/HAL_Lib/STM32H7xx_HAL_Driver/Src/stm32h7xx_hal_tim_ex.c **** 
 816:HW_Lib/STM32H7/HAL_Lib/STM32H7xx_HAL_Driver/Src/stm32h7xx_hal_tim_ex.c ****   switch (Channel)
 2149              		.loc 1 816 3
 2150 000e 3B68     		ldr	r3, [r7]
 2151 0010 082B     		cmp	r3, #8
 2152 0012 1BD0     		beq	.L120
 2153 0014 3B68     		ldr	r3, [r7]
 2154 0016 082B     		cmp	r3, #8
 2155 0018 21D8     		bhi	.L121
 2156 001a 3B68     		ldr	r3, [r7]
 2157 001c 002B     		cmp	r3, #0
 2158 001e 03D0     		beq	.L122
 2159 0020 3B68     		ldr	r3, [r7]
 2160 0022 042B     		cmp	r3, #4
 2161 0024 09D0     		beq	.L123
 2162 0026 1AE0     		b	.L121
 2163              	.L122:
ARM GAS  C:\Users\HUAV\AppData\Local\Temp\ccIqAtUa.s 			page 53


 817:HW_Lib/STM32H7/HAL_Lib/STM32H7xx_HAL_Driver/Src/stm32h7xx_hal_tim_ex.c ****   {
 818:HW_Lib/STM32H7/HAL_Lib/STM32H7xx_HAL_Driver/Src/stm32h7xx_hal_tim_ex.c ****     case TIM_CHANNEL_1:
 819:HW_Lib/STM32H7/HAL_Lib/STM32H7xx_HAL_Driver/Src/stm32h7xx_hal_tim_ex.c ****     {
 820:HW_Lib/STM32H7/HAL_Lib/STM32H7xx_HAL_Driver/Src/stm32h7xx_hal_tim_ex.c ****       /* Disable the TIM Output Compare interrupt */
 821:HW_Lib/STM32H7/HAL_Lib/STM32H7xx_HAL_Driver/Src/stm32h7xx_hal_tim_ex.c ****       __HAL_TIM_DISABLE_IT(htim, TIM_IT_CC1);
 2164              		.loc 1 821 7
 2165 0028 7B68     		ldr	r3, [r7, #4]
 2166 002a 1B68     		ldr	r3, [r3]
 2167 002c DA68     		ldr	r2, [r3, #12]
 2168 002e 7B68     		ldr	r3, [r7, #4]
 2169 0030 1B68     		ldr	r3, [r3]
 2170 0032 22F00202 		bic	r2, r2, #2
 2171 0036 DA60     		str	r2, [r3, #12]
 822:HW_Lib/STM32H7/HAL_Lib/STM32H7xx_HAL_Driver/Src/stm32h7xx_hal_tim_ex.c ****       break;
 2172              		.loc 1 822 7
 2173 0038 14E0     		b	.L124
 2174              	.L123:
 823:HW_Lib/STM32H7/HAL_Lib/STM32H7xx_HAL_Driver/Src/stm32h7xx_hal_tim_ex.c ****     }
 824:HW_Lib/STM32H7/HAL_Lib/STM32H7xx_HAL_Driver/Src/stm32h7xx_hal_tim_ex.c **** 
 825:HW_Lib/STM32H7/HAL_Lib/STM32H7xx_HAL_Driver/Src/stm32h7xx_hal_tim_ex.c ****     case TIM_CHANNEL_2:
 826:HW_Lib/STM32H7/HAL_Lib/STM32H7xx_HAL_Driver/Src/stm32h7xx_hal_tim_ex.c ****     {
 827:HW_Lib/STM32H7/HAL_Lib/STM32H7xx_HAL_Driver/Src/stm32h7xx_hal_tim_ex.c ****       /* Disable the TIM Output Compare interrupt */
 828:HW_Lib/STM32H7/HAL_Lib/STM32H7xx_HAL_Driver/Src/stm32h7xx_hal_tim_ex.c ****       __HAL_TIM_DISABLE_IT(htim, TIM_IT_CC2);
 2175              		.loc 1 828 7
 2176 003a 7B68     		ldr	r3, [r7, #4]
 2177 003c 1B68     		ldr	r3, [r3]
 2178 003e DA68     		ldr	r2, [r3, #12]
 2179 0040 7B68     		ldr	r3, [r7, #4]
 2180 0042 1B68     		ldr	r3, [r3]
 2181 0044 22F00402 		bic	r2, r2, #4
 2182 0048 DA60     		str	r2, [r3, #12]
 829:HW_Lib/STM32H7/HAL_Lib/STM32H7xx_HAL_Driver/Src/stm32h7xx_hal_tim_ex.c ****       break;
 2183              		.loc 1 829 7
 2184 004a 0BE0     		b	.L124
 2185              	.L120:
 830:HW_Lib/STM32H7/HAL_Lib/STM32H7xx_HAL_Driver/Src/stm32h7xx_hal_tim_ex.c ****     }
 831:HW_Lib/STM32H7/HAL_Lib/STM32H7xx_HAL_Driver/Src/stm32h7xx_hal_tim_ex.c **** 
 832:HW_Lib/STM32H7/HAL_Lib/STM32H7xx_HAL_Driver/Src/stm32h7xx_hal_tim_ex.c ****     case TIM_CHANNEL_3:
 833:HW_Lib/STM32H7/HAL_Lib/STM32H7xx_HAL_Driver/Src/stm32h7xx_hal_tim_ex.c ****     {
 834:HW_Lib/STM32H7/HAL_Lib/STM32H7xx_HAL_Driver/Src/stm32h7xx_hal_tim_ex.c ****       /* Disable the TIM Output Compare interrupt */
 835:HW_Lib/STM32H7/HAL_Lib/STM32H7xx_HAL_Driver/Src/stm32h7xx_hal_tim_ex.c ****       __HAL_TIM_DISABLE_IT(htim, TIM_IT_CC3);
 2186              		.loc 1 835 7
 2187 004c 7B68     		ldr	r3, [r7, #4]
 2188 004e 1B68     		ldr	r3, [r3]
 2189 0050 DA68     		ldr	r2, [r3, #12]
 2190 0052 7B68     		ldr	r3, [r7, #4]
 2191 0054 1B68     		ldr	r3, [r3]
 2192 0056 22F00802 		bic	r2, r2, #8
 2193 005a DA60     		str	r2, [r3, #12]
 836:HW_Lib/STM32H7/HAL_Lib/STM32H7xx_HAL_Driver/Src/stm32h7xx_hal_tim_ex.c ****       break;
 2194              		.loc 1 836 7
 2195 005c 02E0     		b	.L124
 2196              	.L121:
 837:HW_Lib/STM32H7/HAL_Lib/STM32H7xx_HAL_Driver/Src/stm32h7xx_hal_tim_ex.c ****     }
 838:HW_Lib/STM32H7/HAL_Lib/STM32H7xx_HAL_Driver/Src/stm32h7xx_hal_tim_ex.c **** 
 839:HW_Lib/STM32H7/HAL_Lib/STM32H7xx_HAL_Driver/Src/stm32h7xx_hal_tim_ex.c ****     default:
 840:HW_Lib/STM32H7/HAL_Lib/STM32H7xx_HAL_Driver/Src/stm32h7xx_hal_tim_ex.c ****       status = HAL_ERROR;
ARM GAS  C:\Users\HUAV\AppData\Local\Temp\ccIqAtUa.s 			page 54


 2197              		.loc 1 840 14
 2198 005e 0123     		movs	r3, #1
 2199 0060 FB73     		strb	r3, [r7, #15]
 841:HW_Lib/STM32H7/HAL_Lib/STM32H7xx_HAL_Driver/Src/stm32h7xx_hal_tim_ex.c ****       break;
 2200              		.loc 1 841 7
 2201 0062 00BF     		nop
 2202              	.L124:
 842:HW_Lib/STM32H7/HAL_Lib/STM32H7xx_HAL_Driver/Src/stm32h7xx_hal_tim_ex.c ****   }
 843:HW_Lib/STM32H7/HAL_Lib/STM32H7xx_HAL_Driver/Src/stm32h7xx_hal_tim_ex.c **** 
 844:HW_Lib/STM32H7/HAL_Lib/STM32H7xx_HAL_Driver/Src/stm32h7xx_hal_tim_ex.c ****   if (status == HAL_OK)
 2203              		.loc 1 844 6
 2204 0064 FB7B     		ldrb	r3, [r7, #15]	@ zero_extendqisi2
 2205 0066 002B     		cmp	r3, #0
 2206 0068 64D1     		bne	.L125
 845:HW_Lib/STM32H7/HAL_Lib/STM32H7xx_HAL_Driver/Src/stm32h7xx_hal_tim_ex.c ****   {
 846:HW_Lib/STM32H7/HAL_Lib/STM32H7xx_HAL_Driver/Src/stm32h7xx_hal_tim_ex.c ****     /* Disable the Capture compare channel N */
 847:HW_Lib/STM32H7/HAL_Lib/STM32H7xx_HAL_Driver/Src/stm32h7xx_hal_tim_ex.c ****     TIM_CCxNChannelCmd(htim->Instance, Channel, TIM_CCxN_DISABLE);
 2207              		.loc 1 847 5
 2208 006a 7B68     		ldr	r3, [r7, #4]
 2209 006c 1B68     		ldr	r3, [r3]
 2210 006e 0022     		movs	r2, #0
 2211 0070 3968     		ldr	r1, [r7]
 2212 0072 1846     		mov	r0, r3
 2213 0074 FFF7FEFF 		bl	TIM_CCxNChannelCmd
 848:HW_Lib/STM32H7/HAL_Lib/STM32H7xx_HAL_Driver/Src/stm32h7xx_hal_tim_ex.c **** 
 849:HW_Lib/STM32H7/HAL_Lib/STM32H7xx_HAL_Driver/Src/stm32h7xx_hal_tim_ex.c ****     /* Disable the TIM Break interrupt (only if no more channel is active) */
 850:HW_Lib/STM32H7/HAL_Lib/STM32H7xx_HAL_Driver/Src/stm32h7xx_hal_tim_ex.c ****     tmpccer = htim->Instance->CCER;
 2214              		.loc 1 850 19
 2215 0078 7B68     		ldr	r3, [r7, #4]
 2216 007a 1B68     		ldr	r3, [r3]
 2217              		.loc 1 850 13
 2218 007c 1B6A     		ldr	r3, [r3, #32]
 2219 007e BB60     		str	r3, [r7, #8]
 851:HW_Lib/STM32H7/HAL_Lib/STM32H7xx_HAL_Driver/Src/stm32h7xx_hal_tim_ex.c ****     if ((tmpccer & (TIM_CCER_CC1NE | TIM_CCER_CC2NE | TIM_CCER_CC3NE)) == (uint32_t)RESET)
 2220              		.loc 1 851 18
 2221 0080 BA68     		ldr	r2, [r7, #8]
 2222 0082 40F24443 		movw	r3, #1092
 2223 0086 1340     		ands	r3, r3, r2
 2224              		.loc 1 851 8
 2225 0088 002B     		cmp	r3, #0
 2226 008a 07D1     		bne	.L126
 852:HW_Lib/STM32H7/HAL_Lib/STM32H7xx_HAL_Driver/Src/stm32h7xx_hal_tim_ex.c ****     {
 853:HW_Lib/STM32H7/HAL_Lib/STM32H7xx_HAL_Driver/Src/stm32h7xx_hal_tim_ex.c ****       __HAL_TIM_DISABLE_IT(htim, TIM_IT_BREAK);
 2227              		.loc 1 853 7
 2228 008c 7B68     		ldr	r3, [r7, #4]
 2229 008e 1B68     		ldr	r3, [r3]
 2230 0090 DA68     		ldr	r2, [r3, #12]
 2231 0092 7B68     		ldr	r3, [r7, #4]
 2232 0094 1B68     		ldr	r3, [r3]
 2233 0096 22F08002 		bic	r2, r2, #128
 2234 009a DA60     		str	r2, [r3, #12]
 2235              	.L126:
 854:HW_Lib/STM32H7/HAL_Lib/STM32H7xx_HAL_Driver/Src/stm32h7xx_hal_tim_ex.c ****     }
 855:HW_Lib/STM32H7/HAL_Lib/STM32H7xx_HAL_Driver/Src/stm32h7xx_hal_tim_ex.c **** 
 856:HW_Lib/STM32H7/HAL_Lib/STM32H7xx_HAL_Driver/Src/stm32h7xx_hal_tim_ex.c ****     /* Disable the Main Output */
 857:HW_Lib/STM32H7/HAL_Lib/STM32H7xx_HAL_Driver/Src/stm32h7xx_hal_tim_ex.c ****     __HAL_TIM_MOE_DISABLE(htim);
 2236              		.loc 1 857 5
ARM GAS  C:\Users\HUAV\AppData\Local\Temp\ccIqAtUa.s 			page 55


 2237 009c 7B68     		ldr	r3, [r7, #4]
 2238 009e 1B68     		ldr	r3, [r3]
 2239 00a0 1A6A     		ldr	r2, [r3, #32]
 2240 00a2 41F21113 		movw	r3, #4369
 2241 00a6 1340     		ands	r3, r3, r2
 2242 00a8 002B     		cmp	r3, #0
 2243 00aa 0FD1     		bne	.L127
 2244              		.loc 1 857 5 is_stmt 0 discriminator 1
 2245 00ac 7B68     		ldr	r3, [r7, #4]
 2246 00ae 1B68     		ldr	r3, [r3]
 2247 00b0 1A6A     		ldr	r2, [r3, #32]
 2248 00b2 40F24443 		movw	r3, #1092
 2249 00b6 1340     		ands	r3, r3, r2
 2250 00b8 002B     		cmp	r3, #0
 2251 00ba 07D1     		bne	.L127
 2252              		.loc 1 857 5 discriminator 2
 2253 00bc 7B68     		ldr	r3, [r7, #4]
 2254 00be 1B68     		ldr	r3, [r3]
 2255 00c0 5A6C     		ldr	r2, [r3, #68]
 2256 00c2 7B68     		ldr	r3, [r7, #4]
 2257 00c4 1B68     		ldr	r3, [r3]
 2258 00c6 22F40042 		bic	r2, r2, #32768
 2259 00ca 5A64     		str	r2, [r3, #68]
 2260              	.L127:
 858:HW_Lib/STM32H7/HAL_Lib/STM32H7xx_HAL_Driver/Src/stm32h7xx_hal_tim_ex.c **** 
 859:HW_Lib/STM32H7/HAL_Lib/STM32H7xx_HAL_Driver/Src/stm32h7xx_hal_tim_ex.c ****     /* Disable the Peripheral */
 860:HW_Lib/STM32H7/HAL_Lib/STM32H7xx_HAL_Driver/Src/stm32h7xx_hal_tim_ex.c ****     __HAL_TIM_DISABLE(htim);
 2261              		.loc 1 860 5 is_stmt 1
 2262 00cc 7B68     		ldr	r3, [r7, #4]
 2263 00ce 1B68     		ldr	r3, [r3]
 2264 00d0 1A6A     		ldr	r2, [r3, #32]
 2265 00d2 41F21113 		movw	r3, #4369
 2266 00d6 1340     		ands	r3, r3, r2
 2267 00d8 002B     		cmp	r3, #0
 2268 00da 0FD1     		bne	.L128
 2269              		.loc 1 860 5 is_stmt 0 discriminator 1
 2270 00dc 7B68     		ldr	r3, [r7, #4]
 2271 00de 1B68     		ldr	r3, [r3]
 2272 00e0 1A6A     		ldr	r2, [r3, #32]
 2273 00e2 40F24443 		movw	r3, #1092
 2274 00e6 1340     		ands	r3, r3, r2
 2275 00e8 002B     		cmp	r3, #0
 2276 00ea 07D1     		bne	.L128
 2277              		.loc 1 860 5 discriminator 2
 2278 00ec 7B68     		ldr	r3, [r7, #4]
 2279 00ee 1B68     		ldr	r3, [r3]
 2280 00f0 1A68     		ldr	r2, [r3]
 2281 00f2 7B68     		ldr	r3, [r7, #4]
 2282 00f4 1B68     		ldr	r3, [r3]
 2283 00f6 22F00102 		bic	r2, r2, #1
 2284 00fa 1A60     		str	r2, [r3]
 2285              	.L128:
 861:HW_Lib/STM32H7/HAL_Lib/STM32H7xx_HAL_Driver/Src/stm32h7xx_hal_tim_ex.c **** 
 862:HW_Lib/STM32H7/HAL_Lib/STM32H7xx_HAL_Driver/Src/stm32h7xx_hal_tim_ex.c ****     /* Set the TIM complementary channel state */
 863:HW_Lib/STM32H7/HAL_Lib/STM32H7xx_HAL_Driver/Src/stm32h7xx_hal_tim_ex.c ****     TIM_CHANNEL_N_STATE_SET(htim, Channel, HAL_TIM_CHANNEL_STATE_READY);
 2286              		.loc 1 863 5 is_stmt 1
 2287 00fc 3B68     		ldr	r3, [r7]
ARM GAS  C:\Users\HUAV\AppData\Local\Temp\ccIqAtUa.s 			page 56


 2288 00fe 002B     		cmp	r3, #0
 2289 0100 04D1     		bne	.L129
 2290              		.loc 1 863 5 is_stmt 0 discriminator 1
 2291 0102 7B68     		ldr	r3, [r7, #4]
 2292 0104 0122     		movs	r2, #1
 2293 0106 83F84420 		strb	r2, [r3, #68]
 2294 010a 13E0     		b	.L125
 2295              	.L129:
 2296              		.loc 1 863 5 discriminator 2
 2297 010c 3B68     		ldr	r3, [r7]
 2298 010e 042B     		cmp	r3, #4
 2299 0110 04D1     		bne	.L130
 2300              		.loc 1 863 5 discriminator 3
 2301 0112 7B68     		ldr	r3, [r7, #4]
 2302 0114 0122     		movs	r2, #1
 2303 0116 83F84520 		strb	r2, [r3, #69]
 2304 011a 0BE0     		b	.L125
 2305              	.L130:
 2306              		.loc 1 863 5 discriminator 4
 2307 011c 3B68     		ldr	r3, [r7]
 2308 011e 082B     		cmp	r3, #8
 2309 0120 04D1     		bne	.L132
 2310              		.loc 1 863 5 discriminator 6
 2311 0122 7B68     		ldr	r3, [r7, #4]
 2312 0124 0122     		movs	r2, #1
 2313 0126 83F84620 		strb	r2, [r3, #70]
 2314 012a 03E0     		b	.L125
 2315              	.L132:
 2316              		.loc 1 863 5 discriminator 7
 2317 012c 7B68     		ldr	r3, [r7, #4]
 2318 012e 0122     		movs	r2, #1
 2319 0130 83F84720 		strb	r2, [r3, #71]
 2320              	.L125:
 864:HW_Lib/STM32H7/HAL_Lib/STM32H7xx_HAL_Driver/Src/stm32h7xx_hal_tim_ex.c ****   }
 865:HW_Lib/STM32H7/HAL_Lib/STM32H7xx_HAL_Driver/Src/stm32h7xx_hal_tim_ex.c **** 
 866:HW_Lib/STM32H7/HAL_Lib/STM32H7xx_HAL_Driver/Src/stm32h7xx_hal_tim_ex.c ****   /* Return function status */
 867:HW_Lib/STM32H7/HAL_Lib/STM32H7xx_HAL_Driver/Src/stm32h7xx_hal_tim_ex.c ****   return status;
 2321              		.loc 1 867 10 is_stmt 1
 2322 0134 FB7B     		ldrb	r3, [r7, #15]	@ zero_extendqisi2
 868:HW_Lib/STM32H7/HAL_Lib/STM32H7xx_HAL_Driver/Src/stm32h7xx_hal_tim_ex.c **** }
 2323              		.loc 1 868 1
 2324 0136 1846     		mov	r0, r3
 2325 0138 1037     		adds	r7, r7, #16
 2326              	.LCFI70:
 2327              		.cfi_def_cfa_offset 8
 2328 013a BD46     		mov	sp, r7
 2329              	.LCFI71:
 2330              		.cfi_def_cfa_register 13
 2331              		@ sp needed
 2332 013c 80BD     		pop	{r7, pc}
 2333              		.cfi_endproc
 2334              	.LFE346:
 2336              		.section	.text.HAL_TIMEx_OCN_Start_DMA,"ax",%progbits
 2337              		.align	1
 2338              		.global	HAL_TIMEx_OCN_Start_DMA
 2339              		.syntax unified
 2340              		.thumb
ARM GAS  C:\Users\HUAV\AppData\Local\Temp\ccIqAtUa.s 			page 57


 2341              		.thumb_func
 2343              	HAL_TIMEx_OCN_Start_DMA:
 2344              	.LFB347:
 869:HW_Lib/STM32H7/HAL_Lib/STM32H7xx_HAL_Driver/Src/stm32h7xx_hal_tim_ex.c **** 
 870:HW_Lib/STM32H7/HAL_Lib/STM32H7xx_HAL_Driver/Src/stm32h7xx_hal_tim_ex.c **** /**
 871:HW_Lib/STM32H7/HAL_Lib/STM32H7xx_HAL_Driver/Src/stm32h7xx_hal_tim_ex.c ****   * @brief  Starts the TIM Output Compare signal generation in DMA mode
 872:HW_Lib/STM32H7/HAL_Lib/STM32H7xx_HAL_Driver/Src/stm32h7xx_hal_tim_ex.c ****   *         on the complementary output.
 873:HW_Lib/STM32H7/HAL_Lib/STM32H7xx_HAL_Driver/Src/stm32h7xx_hal_tim_ex.c ****   * @param  htim TIM Output Compare handle
 874:HW_Lib/STM32H7/HAL_Lib/STM32H7xx_HAL_Driver/Src/stm32h7xx_hal_tim_ex.c ****   * @param  Channel TIM Channel to be enabled
 875:HW_Lib/STM32H7/HAL_Lib/STM32H7xx_HAL_Driver/Src/stm32h7xx_hal_tim_ex.c ****   *          This parameter can be one of the following values:
 876:HW_Lib/STM32H7/HAL_Lib/STM32H7xx_HAL_Driver/Src/stm32h7xx_hal_tim_ex.c ****   *            @arg TIM_CHANNEL_1: TIM Channel 1 selected
 877:HW_Lib/STM32H7/HAL_Lib/STM32H7xx_HAL_Driver/Src/stm32h7xx_hal_tim_ex.c ****   *            @arg TIM_CHANNEL_2: TIM Channel 2 selected
 878:HW_Lib/STM32H7/HAL_Lib/STM32H7xx_HAL_Driver/Src/stm32h7xx_hal_tim_ex.c ****   *            @arg TIM_CHANNEL_3: TIM Channel 3 selected
 879:HW_Lib/STM32H7/HAL_Lib/STM32H7xx_HAL_Driver/Src/stm32h7xx_hal_tim_ex.c ****   * @param  pData The source Buffer address.
 880:HW_Lib/STM32H7/HAL_Lib/STM32H7xx_HAL_Driver/Src/stm32h7xx_hal_tim_ex.c ****   * @param  Length The length of data to be transferred from memory to TIM peripheral
 881:HW_Lib/STM32H7/HAL_Lib/STM32H7xx_HAL_Driver/Src/stm32h7xx_hal_tim_ex.c ****   * @retval HAL status
 882:HW_Lib/STM32H7/HAL_Lib/STM32H7xx_HAL_Driver/Src/stm32h7xx_hal_tim_ex.c ****   */
 883:HW_Lib/STM32H7/HAL_Lib/STM32H7xx_HAL_Driver/Src/stm32h7xx_hal_tim_ex.c **** HAL_StatusTypeDef HAL_TIMEx_OCN_Start_DMA(TIM_HandleTypeDef *htim, uint32_t Channel, uint32_t *pDat
 884:HW_Lib/STM32H7/HAL_Lib/STM32H7xx_HAL_Driver/Src/stm32h7xx_hal_tim_ex.c **** {
 2345              		.loc 1 884 1
 2346              		.cfi_startproc
 2347              		@ args = 0, pretend = 0, frame = 24
 2348              		@ frame_needed = 1, uses_anonymous_args = 0
 2349 0000 80B5     		push	{r7, lr}
 2350              	.LCFI72:
 2351              		.cfi_def_cfa_offset 8
 2352              		.cfi_offset 7, -8
 2353              		.cfi_offset 14, -4
 2354 0002 86B0     		sub	sp, sp, #24
 2355              	.LCFI73:
 2356              		.cfi_def_cfa_offset 32
 2357 0004 00AF     		add	r7, sp, #0
 2358              	.LCFI74:
 2359              		.cfi_def_cfa_register 7
 2360 0006 F860     		str	r0, [r7, #12]
 2361 0008 B960     		str	r1, [r7, #8]
 2362 000a 7A60     		str	r2, [r7, #4]
 2363 000c 7B80     		strh	r3, [r7, #2]	@ movhi
 885:HW_Lib/STM32H7/HAL_Lib/STM32H7xx_HAL_Driver/Src/stm32h7xx_hal_tim_ex.c ****   HAL_StatusTypeDef status = HAL_OK;
 2364              		.loc 1 885 21
 2365 000e 0023     		movs	r3, #0
 2366 0010 FB75     		strb	r3, [r7, #23]
 886:HW_Lib/STM32H7/HAL_Lib/STM32H7xx_HAL_Driver/Src/stm32h7xx_hal_tim_ex.c ****   uint32_t tmpsmcr;
 887:HW_Lib/STM32H7/HAL_Lib/STM32H7xx_HAL_Driver/Src/stm32h7xx_hal_tim_ex.c **** 
 888:HW_Lib/STM32H7/HAL_Lib/STM32H7xx_HAL_Driver/Src/stm32h7xx_hal_tim_ex.c ****   /* Check the parameters */
 889:HW_Lib/STM32H7/HAL_Lib/STM32H7xx_HAL_Driver/Src/stm32h7xx_hal_tim_ex.c ****   assert_param(IS_TIM_CCXN_INSTANCE(htim->Instance, Channel));
 890:HW_Lib/STM32H7/HAL_Lib/STM32H7xx_HAL_Driver/Src/stm32h7xx_hal_tim_ex.c **** 
 891:HW_Lib/STM32H7/HAL_Lib/STM32H7xx_HAL_Driver/Src/stm32h7xx_hal_tim_ex.c ****   /* Set the TIM complementary channel state */
 892:HW_Lib/STM32H7/HAL_Lib/STM32H7xx_HAL_Driver/Src/stm32h7xx_hal_tim_ex.c ****   if (TIM_CHANNEL_N_STATE_GET(htim, Channel) == HAL_TIM_CHANNEL_STATE_BUSY)
 2367              		.loc 1 892 46
 2368 0012 BB68     		ldr	r3, [r7, #8]
 2369 0014 002B     		cmp	r3, #0
 2370 0016 09D1     		bne	.L136
 2371              		.loc 1 892 7 discriminator 1
 2372 0018 FB68     		ldr	r3, [r7, #12]
 2373 001a 93F84430 		ldrb	r3, [r3, #68]
 2374 001e DBB2     		uxtb	r3, r3
ARM GAS  C:\Users\HUAV\AppData\Local\Temp\ccIqAtUa.s 			page 58


 2375              		.loc 1 892 46 discriminator 1
 2376 0020 022B     		cmp	r3, #2
 2377 0022 0CBF     		ite	eq
 2378 0024 0123     		moveq	r3, #1
 2379 0026 0023     		movne	r3, #0
 2380 0028 DBB2     		uxtb	r3, r3
 2381 002a 22E0     		b	.L137
 2382              	.L136:
 2383              		.loc 1 892 46 is_stmt 0 discriminator 2
 2384 002c BB68     		ldr	r3, [r7, #8]
 2385 002e 042B     		cmp	r3, #4
 2386 0030 09D1     		bne	.L138
 2387              		.loc 1 892 7 is_stmt 1 discriminator 4
 2388 0032 FB68     		ldr	r3, [r7, #12]
 2389 0034 93F84530 		ldrb	r3, [r3, #69]
 2390 0038 DBB2     		uxtb	r3, r3
 2391              		.loc 1 892 46 discriminator 4
 2392 003a 022B     		cmp	r3, #2
 2393 003c 0CBF     		ite	eq
 2394 003e 0123     		moveq	r3, #1
 2395 0040 0023     		movne	r3, #0
 2396 0042 DBB2     		uxtb	r3, r3
 2397 0044 15E0     		b	.L137
 2398              	.L138:
 2399              		.loc 1 892 46 is_stmt 0 discriminator 5
 2400 0046 BB68     		ldr	r3, [r7, #8]
 2401 0048 082B     		cmp	r3, #8
 2402 004a 09D1     		bne	.L140
 2403              		.loc 1 892 7 is_stmt 1 discriminator 7
 2404 004c FB68     		ldr	r3, [r7, #12]
 2405 004e 93F84630 		ldrb	r3, [r3, #70]
 2406 0052 DBB2     		uxtb	r3, r3
 2407              		.loc 1 892 46 discriminator 7
 2408 0054 022B     		cmp	r3, #2
 2409 0056 0CBF     		ite	eq
 2410 0058 0123     		moveq	r3, #1
 2411 005a 0023     		movne	r3, #0
 2412 005c DBB2     		uxtb	r3, r3
 2413 005e 08E0     		b	.L137
 2414              	.L140:
 2415              		.loc 1 892 7 discriminator 8
 2416 0060 FB68     		ldr	r3, [r7, #12]
 2417 0062 93F84730 		ldrb	r3, [r3, #71]
 2418 0066 DBB2     		uxtb	r3, r3
 2419              		.loc 1 892 46 discriminator 8
 2420 0068 022B     		cmp	r3, #2
 2421 006a 0CBF     		ite	eq
 2422 006c 0123     		moveq	r3, #1
 2423 006e 0023     		movne	r3, #0
 2424 0070 DBB2     		uxtb	r3, r3
 2425              	.L137:
 2426              		.loc 1 892 6 discriminator 12
 2427 0072 002B     		cmp	r3, #0
 2428 0074 01D0     		beq	.L142
 893:HW_Lib/STM32H7/HAL_Lib/STM32H7xx_HAL_Driver/Src/stm32h7xx_hal_tim_ex.c ****   {
 894:HW_Lib/STM32H7/HAL_Lib/STM32H7xx_HAL_Driver/Src/stm32h7xx_hal_tim_ex.c ****     return HAL_BUSY;
 2429              		.loc 1 894 12
ARM GAS  C:\Users\HUAV\AppData\Local\Temp\ccIqAtUa.s 			page 59


 2430 0076 0223     		movs	r3, #2
 2431 0078 2FE1     		b	.L143
 2432              	.L142:
 895:HW_Lib/STM32H7/HAL_Lib/STM32H7xx_HAL_Driver/Src/stm32h7xx_hal_tim_ex.c ****   }
 896:HW_Lib/STM32H7/HAL_Lib/STM32H7xx_HAL_Driver/Src/stm32h7xx_hal_tim_ex.c ****   else if (TIM_CHANNEL_N_STATE_GET(htim, Channel) == HAL_TIM_CHANNEL_STATE_READY)
 2433              		.loc 1 896 51
 2434 007a BB68     		ldr	r3, [r7, #8]
 2435 007c 002B     		cmp	r3, #0
 2436 007e 09D1     		bne	.L144
 2437              		.loc 1 896 12 discriminator 1
 2438 0080 FB68     		ldr	r3, [r7, #12]
 2439 0082 93F84430 		ldrb	r3, [r3, #68]
 2440 0086 DBB2     		uxtb	r3, r3
 2441              		.loc 1 896 51 discriminator 1
 2442 0088 012B     		cmp	r3, #1
 2443 008a 0CBF     		ite	eq
 2444 008c 0123     		moveq	r3, #1
 2445 008e 0023     		movne	r3, #0
 2446 0090 DBB2     		uxtb	r3, r3
 2447 0092 22E0     		b	.L145
 2448              	.L144:
 2449              		.loc 1 896 51 is_stmt 0 discriminator 2
 2450 0094 BB68     		ldr	r3, [r7, #8]
 2451 0096 042B     		cmp	r3, #4
 2452 0098 09D1     		bne	.L146
 2453              		.loc 1 896 12 is_stmt 1 discriminator 4
 2454 009a FB68     		ldr	r3, [r7, #12]
 2455 009c 93F84530 		ldrb	r3, [r3, #69]
 2456 00a0 DBB2     		uxtb	r3, r3
 2457              		.loc 1 896 51 discriminator 4
 2458 00a2 012B     		cmp	r3, #1
 2459 00a4 0CBF     		ite	eq
 2460 00a6 0123     		moveq	r3, #1
 2461 00a8 0023     		movne	r3, #0
 2462 00aa DBB2     		uxtb	r3, r3
 2463 00ac 15E0     		b	.L145
 2464              	.L146:
 2465              		.loc 1 896 51 is_stmt 0 discriminator 5
 2466 00ae BB68     		ldr	r3, [r7, #8]
 2467 00b0 082B     		cmp	r3, #8
 2468 00b2 09D1     		bne	.L148
 2469              		.loc 1 896 12 is_stmt 1 discriminator 7
 2470 00b4 FB68     		ldr	r3, [r7, #12]
 2471 00b6 93F84630 		ldrb	r3, [r3, #70]
 2472 00ba DBB2     		uxtb	r3, r3
 2473              		.loc 1 896 51 discriminator 7
 2474 00bc 012B     		cmp	r3, #1
 2475 00be 0CBF     		ite	eq
 2476 00c0 0123     		moveq	r3, #1
 2477 00c2 0023     		movne	r3, #0
 2478 00c4 DBB2     		uxtb	r3, r3
 2479 00c6 08E0     		b	.L145
 2480              	.L148:
 2481              		.loc 1 896 12 discriminator 8
 2482 00c8 FB68     		ldr	r3, [r7, #12]
 2483 00ca 93F84730 		ldrb	r3, [r3, #71]
 2484 00ce DBB2     		uxtb	r3, r3
ARM GAS  C:\Users\HUAV\AppData\Local\Temp\ccIqAtUa.s 			page 60


 2485              		.loc 1 896 51 discriminator 8
 2486 00d0 012B     		cmp	r3, #1
 2487 00d2 0CBF     		ite	eq
 2488 00d4 0123     		moveq	r3, #1
 2489 00d6 0023     		movne	r3, #0
 2490 00d8 DBB2     		uxtb	r3, r3
 2491              	.L145:
 2492              		.loc 1 896 11 discriminator 12
 2493 00da 002B     		cmp	r3, #0
 2494 00dc 24D0     		beq	.L150
 897:HW_Lib/STM32H7/HAL_Lib/STM32H7xx_HAL_Driver/Src/stm32h7xx_hal_tim_ex.c ****   {
 898:HW_Lib/STM32H7/HAL_Lib/STM32H7xx_HAL_Driver/Src/stm32h7xx_hal_tim_ex.c ****     if ((pData == NULL) && (Length > 0U))
 2495              		.loc 1 898 8
 2496 00de 7B68     		ldr	r3, [r7, #4]
 2497 00e0 002B     		cmp	r3, #0
 2498 00e2 04D1     		bne	.L151
 2499              		.loc 1 898 25 discriminator 1
 2500 00e4 7B88     		ldrh	r3, [r7, #2]
 2501 00e6 002B     		cmp	r3, #0
 2502 00e8 01D0     		beq	.L151
 899:HW_Lib/STM32H7/HAL_Lib/STM32H7xx_HAL_Driver/Src/stm32h7xx_hal_tim_ex.c ****     {
 900:HW_Lib/STM32H7/HAL_Lib/STM32H7xx_HAL_Driver/Src/stm32h7xx_hal_tim_ex.c ****       return HAL_ERROR;
 2503              		.loc 1 900 14
 2504 00ea 0123     		movs	r3, #1
 2505 00ec F5E0     		b	.L143
 2506              	.L151:
 901:HW_Lib/STM32H7/HAL_Lib/STM32H7xx_HAL_Driver/Src/stm32h7xx_hal_tim_ex.c ****     }
 902:HW_Lib/STM32H7/HAL_Lib/STM32H7xx_HAL_Driver/Src/stm32h7xx_hal_tim_ex.c ****     else
 903:HW_Lib/STM32H7/HAL_Lib/STM32H7xx_HAL_Driver/Src/stm32h7xx_hal_tim_ex.c ****     {
 904:HW_Lib/STM32H7/HAL_Lib/STM32H7xx_HAL_Driver/Src/stm32h7xx_hal_tim_ex.c ****       TIM_CHANNEL_N_STATE_SET(htim, Channel, HAL_TIM_CHANNEL_STATE_BUSY);
 2507              		.loc 1 904 7
 2508 00ee BB68     		ldr	r3, [r7, #8]
 2509 00f0 002B     		cmp	r3, #0
 2510 00f2 04D1     		bne	.L152
 2511              		.loc 1 904 7 is_stmt 0 discriminator 1
 2512 00f4 FB68     		ldr	r3, [r7, #12]
 2513 00f6 0222     		movs	r2, #2
 2514 00f8 83F84420 		strb	r2, [r3, #68]
 2515 00fc 16E0     		b	.L153
 2516              	.L152:
 2517              		.loc 1 904 7 discriminator 2
 2518 00fe BB68     		ldr	r3, [r7, #8]
 2519 0100 042B     		cmp	r3, #4
 2520 0102 04D1     		bne	.L154
 2521              		.loc 1 904 7 discriminator 3
 2522 0104 FB68     		ldr	r3, [r7, #12]
 2523 0106 0222     		movs	r2, #2
 2524 0108 83F84520 		strb	r2, [r3, #69]
 2525 010c 0EE0     		b	.L153
 2526              	.L154:
 2527              		.loc 1 904 7 discriminator 4
 2528 010e BB68     		ldr	r3, [r7, #8]
 2529 0110 082B     		cmp	r3, #8
 2530 0112 04D1     		bne	.L156
 2531              		.loc 1 904 7 discriminator 6
 2532 0114 FB68     		ldr	r3, [r7, #12]
 2533 0116 0222     		movs	r2, #2
ARM GAS  C:\Users\HUAV\AppData\Local\Temp\ccIqAtUa.s 			page 61


 2534 0118 83F84620 		strb	r2, [r3, #70]
 2535 011c 06E0     		b	.L153
 2536              	.L156:
 2537              		.loc 1 904 7 discriminator 7
 2538 011e FB68     		ldr	r3, [r7, #12]
 2539 0120 0222     		movs	r2, #2
 2540 0122 83F84720 		strb	r2, [r3, #71]
 2541 0126 01E0     		b	.L153
 2542              	.L150:
 905:HW_Lib/STM32H7/HAL_Lib/STM32H7xx_HAL_Driver/Src/stm32h7xx_hal_tim_ex.c ****     }
 906:HW_Lib/STM32H7/HAL_Lib/STM32H7xx_HAL_Driver/Src/stm32h7xx_hal_tim_ex.c ****   }
 907:HW_Lib/STM32H7/HAL_Lib/STM32H7xx_HAL_Driver/Src/stm32h7xx_hal_tim_ex.c ****   else
 908:HW_Lib/STM32H7/HAL_Lib/STM32H7xx_HAL_Driver/Src/stm32h7xx_hal_tim_ex.c ****   {
 909:HW_Lib/STM32H7/HAL_Lib/STM32H7xx_HAL_Driver/Src/stm32h7xx_hal_tim_ex.c ****     return HAL_ERROR;
 2543              		.loc 1 909 12 is_stmt 1
 2544 0128 0123     		movs	r3, #1
 2545 012a D6E0     		b	.L143
 2546              	.L153:
 910:HW_Lib/STM32H7/HAL_Lib/STM32H7xx_HAL_Driver/Src/stm32h7xx_hal_tim_ex.c ****   }
 911:HW_Lib/STM32H7/HAL_Lib/STM32H7xx_HAL_Driver/Src/stm32h7xx_hal_tim_ex.c **** 
 912:HW_Lib/STM32H7/HAL_Lib/STM32H7xx_HAL_Driver/Src/stm32h7xx_hal_tim_ex.c ****   switch (Channel)
 2547              		.loc 1 912 3
 2548 012c BB68     		ldr	r3, [r7, #8]
 2549 012e 082B     		cmp	r3, #8
 2550 0130 51D0     		beq	.L158
 2551 0132 BB68     		ldr	r3, [r7, #8]
 2552 0134 082B     		cmp	r3, #8
 2553 0136 72D8     		bhi	.L159
 2554 0138 BB68     		ldr	r3, [r7, #8]
 2555 013a 002B     		cmp	r3, #0
 2556 013c 03D0     		beq	.L160
 2557 013e BB68     		ldr	r3, [r7, #8]
 2558 0140 042B     		cmp	r3, #4
 2559 0142 24D0     		beq	.L161
 2560 0144 6BE0     		b	.L159
 2561              	.L160:
 913:HW_Lib/STM32H7/HAL_Lib/STM32H7xx_HAL_Driver/Src/stm32h7xx_hal_tim_ex.c ****   {
 914:HW_Lib/STM32H7/HAL_Lib/STM32H7xx_HAL_Driver/Src/stm32h7xx_hal_tim_ex.c ****     case TIM_CHANNEL_1:
 915:HW_Lib/STM32H7/HAL_Lib/STM32H7xx_HAL_Driver/Src/stm32h7xx_hal_tim_ex.c ****     {
 916:HW_Lib/STM32H7/HAL_Lib/STM32H7xx_HAL_Driver/Src/stm32h7xx_hal_tim_ex.c ****       /* Set the DMA compare callbacks */
 917:HW_Lib/STM32H7/HAL_Lib/STM32H7xx_HAL_Driver/Src/stm32h7xx_hal_tim_ex.c ****       htim->hdma[TIM_DMA_ID_CC1]->XferCpltCallback = TIM_DMADelayPulseNCplt;
 2562              		.loc 1 917 17
 2563 0146 FB68     		ldr	r3, [r7, #12]
 2564 0148 5B6A     		ldr	r3, [r3, #36]
 2565              		.loc 1 917 52
 2566 014a 664A     		ldr	r2, .L171
 2567 014c DA63     		str	r2, [r3, #60]
 918:HW_Lib/STM32H7/HAL_Lib/STM32H7xx_HAL_Driver/Src/stm32h7xx_hal_tim_ex.c ****       htim->hdma[TIM_DMA_ID_CC1]->XferHalfCpltCallback = TIM_DMADelayPulseHalfCplt;
 2568              		.loc 1 918 17
 2569 014e FB68     		ldr	r3, [r7, #12]
 2570 0150 5B6A     		ldr	r3, [r3, #36]
 2571              		.loc 1 918 56
 2572 0152 654A     		ldr	r2, .L171+4
 2573 0154 1A64     		str	r2, [r3, #64]
 919:HW_Lib/STM32H7/HAL_Lib/STM32H7xx_HAL_Driver/Src/stm32h7xx_hal_tim_ex.c **** 
 920:HW_Lib/STM32H7/HAL_Lib/STM32H7xx_HAL_Driver/Src/stm32h7xx_hal_tim_ex.c ****       /* Set the DMA error callback */
 921:HW_Lib/STM32H7/HAL_Lib/STM32H7xx_HAL_Driver/Src/stm32h7xx_hal_tim_ex.c ****       htim->hdma[TIM_DMA_ID_CC1]->XferErrorCallback = TIM_DMAErrorCCxN ;
ARM GAS  C:\Users\HUAV\AppData\Local\Temp\ccIqAtUa.s 			page 62


 2574              		.loc 1 921 17
 2575 0156 FB68     		ldr	r3, [r7, #12]
 2576 0158 5B6A     		ldr	r3, [r3, #36]
 2577              		.loc 1 921 53
 2578 015a 644A     		ldr	r2, .L171+8
 2579 015c DA64     		str	r2, [r3, #76]
 922:HW_Lib/STM32H7/HAL_Lib/STM32H7xx_HAL_Driver/Src/stm32h7xx_hal_tim_ex.c **** 
 923:HW_Lib/STM32H7/HAL_Lib/STM32H7xx_HAL_Driver/Src/stm32h7xx_hal_tim_ex.c ****       /* Enable the DMA stream */
 924:HW_Lib/STM32H7/HAL_Lib/STM32H7xx_HAL_Driver/Src/stm32h7xx_hal_tim_ex.c ****       if (HAL_DMA_Start_IT(htim->hdma[TIM_DMA_ID_CC1], (uint32_t)pData, (uint32_t)&htim->Instance->
 2580              		.loc 1 924 11
 2581 015e FB68     		ldr	r3, [r7, #12]
 2582 0160 586A     		ldr	r0, [r3, #36]
 2583 0162 7968     		ldr	r1, [r7, #4]
 2584              		.loc 1 924 88
 2585 0164 FB68     		ldr	r3, [r7, #12]
 2586 0166 1B68     		ldr	r3, [r3]
 2587              		.loc 1 924 83
 2588 0168 3433     		adds	r3, r3, #52
 2589              		.loc 1 924 11
 2590 016a 1A46     		mov	r2, r3
 2591 016c 7B88     		ldrh	r3, [r7, #2]
 2592 016e FFF7FEFF 		bl	HAL_DMA_Start_IT
 2593 0172 0346     		mov	r3, r0
 2594              		.loc 1 924 10
 2595 0174 002B     		cmp	r3, #0
 2596 0176 01D0     		beq	.L162
 925:HW_Lib/STM32H7/HAL_Lib/STM32H7xx_HAL_Driver/Src/stm32h7xx_hal_tim_ex.c ****                            Length) != HAL_OK)
 926:HW_Lib/STM32H7/HAL_Lib/STM32H7xx_HAL_Driver/Src/stm32h7xx_hal_tim_ex.c ****       {
 927:HW_Lib/STM32H7/HAL_Lib/STM32H7xx_HAL_Driver/Src/stm32h7xx_hal_tim_ex.c ****         /* Return error status */
 928:HW_Lib/STM32H7/HAL_Lib/STM32H7xx_HAL_Driver/Src/stm32h7xx_hal_tim_ex.c ****         return HAL_ERROR;
 2597              		.loc 1 928 16
 2598 0178 0123     		movs	r3, #1
 2599 017a AEE0     		b	.L143
 2600              	.L162:
 929:HW_Lib/STM32H7/HAL_Lib/STM32H7xx_HAL_Driver/Src/stm32h7xx_hal_tim_ex.c ****       }
 930:HW_Lib/STM32H7/HAL_Lib/STM32H7xx_HAL_Driver/Src/stm32h7xx_hal_tim_ex.c ****       /* Enable the TIM Output Compare DMA request */
 931:HW_Lib/STM32H7/HAL_Lib/STM32H7xx_HAL_Driver/Src/stm32h7xx_hal_tim_ex.c ****       __HAL_TIM_ENABLE_DMA(htim, TIM_DMA_CC1);
 2601              		.loc 1 931 7
 2602 017c FB68     		ldr	r3, [r7, #12]
 2603 017e 1B68     		ldr	r3, [r3]
 2604 0180 DA68     		ldr	r2, [r3, #12]
 2605 0182 FB68     		ldr	r3, [r7, #12]
 2606 0184 1B68     		ldr	r3, [r3]
 2607 0186 42F40072 		orr	r2, r2, #512
 2608 018a DA60     		str	r2, [r3, #12]
 932:HW_Lib/STM32H7/HAL_Lib/STM32H7xx_HAL_Driver/Src/stm32h7xx_hal_tim_ex.c ****       break;
 2609              		.loc 1 932 7
 2610 018c 4AE0     		b	.L163
 2611              	.L161:
 933:HW_Lib/STM32H7/HAL_Lib/STM32H7xx_HAL_Driver/Src/stm32h7xx_hal_tim_ex.c ****     }
 934:HW_Lib/STM32H7/HAL_Lib/STM32H7xx_HAL_Driver/Src/stm32h7xx_hal_tim_ex.c **** 
 935:HW_Lib/STM32H7/HAL_Lib/STM32H7xx_HAL_Driver/Src/stm32h7xx_hal_tim_ex.c ****     case TIM_CHANNEL_2:
 936:HW_Lib/STM32H7/HAL_Lib/STM32H7xx_HAL_Driver/Src/stm32h7xx_hal_tim_ex.c ****     {
 937:HW_Lib/STM32H7/HAL_Lib/STM32H7xx_HAL_Driver/Src/stm32h7xx_hal_tim_ex.c ****       /* Set the DMA compare callbacks */
 938:HW_Lib/STM32H7/HAL_Lib/STM32H7xx_HAL_Driver/Src/stm32h7xx_hal_tim_ex.c ****       htim->hdma[TIM_DMA_ID_CC2]->XferCpltCallback = TIM_DMADelayPulseNCplt;
 2612              		.loc 1 938 17
 2613 018e FB68     		ldr	r3, [r7, #12]
ARM GAS  C:\Users\HUAV\AppData\Local\Temp\ccIqAtUa.s 			page 63


 2614 0190 9B6A     		ldr	r3, [r3, #40]
 2615              		.loc 1 938 52
 2616 0192 544A     		ldr	r2, .L171
 2617 0194 DA63     		str	r2, [r3, #60]
 939:HW_Lib/STM32H7/HAL_Lib/STM32H7xx_HAL_Driver/Src/stm32h7xx_hal_tim_ex.c ****       htim->hdma[TIM_DMA_ID_CC2]->XferHalfCpltCallback = TIM_DMADelayPulseHalfCplt;
 2618              		.loc 1 939 17
 2619 0196 FB68     		ldr	r3, [r7, #12]
 2620 0198 9B6A     		ldr	r3, [r3, #40]
 2621              		.loc 1 939 56
 2622 019a 534A     		ldr	r2, .L171+4
 2623 019c 1A64     		str	r2, [r3, #64]
 940:HW_Lib/STM32H7/HAL_Lib/STM32H7xx_HAL_Driver/Src/stm32h7xx_hal_tim_ex.c **** 
 941:HW_Lib/STM32H7/HAL_Lib/STM32H7xx_HAL_Driver/Src/stm32h7xx_hal_tim_ex.c ****       /* Set the DMA error callback */
 942:HW_Lib/STM32H7/HAL_Lib/STM32H7xx_HAL_Driver/Src/stm32h7xx_hal_tim_ex.c ****       htim->hdma[TIM_DMA_ID_CC2]->XferErrorCallback = TIM_DMAErrorCCxN ;
 2624              		.loc 1 942 17
 2625 019e FB68     		ldr	r3, [r7, #12]
 2626 01a0 9B6A     		ldr	r3, [r3, #40]
 2627              		.loc 1 942 53
 2628 01a2 524A     		ldr	r2, .L171+8
 2629 01a4 DA64     		str	r2, [r3, #76]
 943:HW_Lib/STM32H7/HAL_Lib/STM32H7xx_HAL_Driver/Src/stm32h7xx_hal_tim_ex.c **** 
 944:HW_Lib/STM32H7/HAL_Lib/STM32H7xx_HAL_Driver/Src/stm32h7xx_hal_tim_ex.c ****       /* Enable the DMA stream */
 945:HW_Lib/STM32H7/HAL_Lib/STM32H7xx_HAL_Driver/Src/stm32h7xx_hal_tim_ex.c ****       if (HAL_DMA_Start_IT(htim->hdma[TIM_DMA_ID_CC2], (uint32_t)pData, (uint32_t)&htim->Instance->
 2630              		.loc 1 945 11
 2631 01a6 FB68     		ldr	r3, [r7, #12]
 2632 01a8 986A     		ldr	r0, [r3, #40]
 2633 01aa 7968     		ldr	r1, [r7, #4]
 2634              		.loc 1 945 88
 2635 01ac FB68     		ldr	r3, [r7, #12]
 2636 01ae 1B68     		ldr	r3, [r3]
 2637              		.loc 1 945 83
 2638 01b0 3833     		adds	r3, r3, #56
 2639              		.loc 1 945 11
 2640 01b2 1A46     		mov	r2, r3
 2641 01b4 7B88     		ldrh	r3, [r7, #2]
 2642 01b6 FFF7FEFF 		bl	HAL_DMA_Start_IT
 2643 01ba 0346     		mov	r3, r0
 2644              		.loc 1 945 10
 2645 01bc 002B     		cmp	r3, #0
 2646 01be 01D0     		beq	.L164
 946:HW_Lib/STM32H7/HAL_Lib/STM32H7xx_HAL_Driver/Src/stm32h7xx_hal_tim_ex.c ****                            Length) != HAL_OK)
 947:HW_Lib/STM32H7/HAL_Lib/STM32H7xx_HAL_Driver/Src/stm32h7xx_hal_tim_ex.c ****       {
 948:HW_Lib/STM32H7/HAL_Lib/STM32H7xx_HAL_Driver/Src/stm32h7xx_hal_tim_ex.c ****         /* Return error status */
 949:HW_Lib/STM32H7/HAL_Lib/STM32H7xx_HAL_Driver/Src/stm32h7xx_hal_tim_ex.c ****         return HAL_ERROR;
 2647              		.loc 1 949 16
 2648 01c0 0123     		movs	r3, #1
 2649 01c2 8AE0     		b	.L143
 2650              	.L164:
 950:HW_Lib/STM32H7/HAL_Lib/STM32H7xx_HAL_Driver/Src/stm32h7xx_hal_tim_ex.c ****       }
 951:HW_Lib/STM32H7/HAL_Lib/STM32H7xx_HAL_Driver/Src/stm32h7xx_hal_tim_ex.c ****       /* Enable the TIM Output Compare DMA request */
 952:HW_Lib/STM32H7/HAL_Lib/STM32H7xx_HAL_Driver/Src/stm32h7xx_hal_tim_ex.c ****       __HAL_TIM_ENABLE_DMA(htim, TIM_DMA_CC2);
 2651              		.loc 1 952 7
 2652 01c4 FB68     		ldr	r3, [r7, #12]
 2653 01c6 1B68     		ldr	r3, [r3]
 2654 01c8 DA68     		ldr	r2, [r3, #12]
 2655 01ca FB68     		ldr	r3, [r7, #12]
 2656 01cc 1B68     		ldr	r3, [r3]
ARM GAS  C:\Users\HUAV\AppData\Local\Temp\ccIqAtUa.s 			page 64


 2657 01ce 42F48062 		orr	r2, r2, #1024
 2658 01d2 DA60     		str	r2, [r3, #12]
 953:HW_Lib/STM32H7/HAL_Lib/STM32H7xx_HAL_Driver/Src/stm32h7xx_hal_tim_ex.c ****       break;
 2659              		.loc 1 953 7
 2660 01d4 26E0     		b	.L163
 2661              	.L158:
 954:HW_Lib/STM32H7/HAL_Lib/STM32H7xx_HAL_Driver/Src/stm32h7xx_hal_tim_ex.c ****     }
 955:HW_Lib/STM32H7/HAL_Lib/STM32H7xx_HAL_Driver/Src/stm32h7xx_hal_tim_ex.c **** 
 956:HW_Lib/STM32H7/HAL_Lib/STM32H7xx_HAL_Driver/Src/stm32h7xx_hal_tim_ex.c ****     case TIM_CHANNEL_3:
 957:HW_Lib/STM32H7/HAL_Lib/STM32H7xx_HAL_Driver/Src/stm32h7xx_hal_tim_ex.c ****     {
 958:HW_Lib/STM32H7/HAL_Lib/STM32H7xx_HAL_Driver/Src/stm32h7xx_hal_tim_ex.c ****       /* Set the DMA compare callbacks */
 959:HW_Lib/STM32H7/HAL_Lib/STM32H7xx_HAL_Driver/Src/stm32h7xx_hal_tim_ex.c ****       htim->hdma[TIM_DMA_ID_CC3]->XferCpltCallback = TIM_DMADelayPulseNCplt;
 2662              		.loc 1 959 17
 2663 01d6 FB68     		ldr	r3, [r7, #12]
 2664 01d8 DB6A     		ldr	r3, [r3, #44]
 2665              		.loc 1 959 52
 2666 01da 424A     		ldr	r2, .L171
 2667 01dc DA63     		str	r2, [r3, #60]
 960:HW_Lib/STM32H7/HAL_Lib/STM32H7xx_HAL_Driver/Src/stm32h7xx_hal_tim_ex.c ****       htim->hdma[TIM_DMA_ID_CC3]->XferHalfCpltCallback = TIM_DMADelayPulseHalfCplt;
 2668              		.loc 1 960 17
 2669 01de FB68     		ldr	r3, [r7, #12]
 2670 01e0 DB6A     		ldr	r3, [r3, #44]
 2671              		.loc 1 960 56
 2672 01e2 414A     		ldr	r2, .L171+4
 2673 01e4 1A64     		str	r2, [r3, #64]
 961:HW_Lib/STM32H7/HAL_Lib/STM32H7xx_HAL_Driver/Src/stm32h7xx_hal_tim_ex.c **** 
 962:HW_Lib/STM32H7/HAL_Lib/STM32H7xx_HAL_Driver/Src/stm32h7xx_hal_tim_ex.c ****       /* Set the DMA error callback */
 963:HW_Lib/STM32H7/HAL_Lib/STM32H7xx_HAL_Driver/Src/stm32h7xx_hal_tim_ex.c ****       htim->hdma[TIM_DMA_ID_CC3]->XferErrorCallback = TIM_DMAErrorCCxN ;
 2674              		.loc 1 963 17
 2675 01e6 FB68     		ldr	r3, [r7, #12]
 2676 01e8 DB6A     		ldr	r3, [r3, #44]
 2677              		.loc 1 963 53
 2678 01ea 404A     		ldr	r2, .L171+8
 2679 01ec DA64     		str	r2, [r3, #76]
 964:HW_Lib/STM32H7/HAL_Lib/STM32H7xx_HAL_Driver/Src/stm32h7xx_hal_tim_ex.c **** 
 965:HW_Lib/STM32H7/HAL_Lib/STM32H7xx_HAL_Driver/Src/stm32h7xx_hal_tim_ex.c ****       /* Enable the DMA stream */
 966:HW_Lib/STM32H7/HAL_Lib/STM32H7xx_HAL_Driver/Src/stm32h7xx_hal_tim_ex.c ****       if (HAL_DMA_Start_IT(htim->hdma[TIM_DMA_ID_CC3], (uint32_t)pData, (uint32_t)&htim->Instance->
 2680              		.loc 1 966 11
 2681 01ee FB68     		ldr	r3, [r7, #12]
 2682 01f0 D86A     		ldr	r0, [r3, #44]
 2683 01f2 7968     		ldr	r1, [r7, #4]
 2684              		.loc 1 966 88
 2685 01f4 FB68     		ldr	r3, [r7, #12]
 2686 01f6 1B68     		ldr	r3, [r3]
 2687              		.loc 1 966 83
 2688 01f8 3C33     		adds	r3, r3, #60
 2689              		.loc 1 966 11
 2690 01fa 1A46     		mov	r2, r3
 2691 01fc 7B88     		ldrh	r3, [r7, #2]
 2692 01fe FFF7FEFF 		bl	HAL_DMA_Start_IT
 2693 0202 0346     		mov	r3, r0
 2694              		.loc 1 966 10
 2695 0204 002B     		cmp	r3, #0
 2696 0206 01D0     		beq	.L165
 967:HW_Lib/STM32H7/HAL_Lib/STM32H7xx_HAL_Driver/Src/stm32h7xx_hal_tim_ex.c ****                            Length) != HAL_OK)
 968:HW_Lib/STM32H7/HAL_Lib/STM32H7xx_HAL_Driver/Src/stm32h7xx_hal_tim_ex.c ****       {
 969:HW_Lib/STM32H7/HAL_Lib/STM32H7xx_HAL_Driver/Src/stm32h7xx_hal_tim_ex.c ****         /* Return error status */
ARM GAS  C:\Users\HUAV\AppData\Local\Temp\ccIqAtUa.s 			page 65


 970:HW_Lib/STM32H7/HAL_Lib/STM32H7xx_HAL_Driver/Src/stm32h7xx_hal_tim_ex.c ****         return HAL_ERROR;
 2697              		.loc 1 970 16
 2698 0208 0123     		movs	r3, #1
 2699 020a 66E0     		b	.L143
 2700              	.L165:
 971:HW_Lib/STM32H7/HAL_Lib/STM32H7xx_HAL_Driver/Src/stm32h7xx_hal_tim_ex.c ****       }
 972:HW_Lib/STM32H7/HAL_Lib/STM32H7xx_HAL_Driver/Src/stm32h7xx_hal_tim_ex.c ****       /* Enable the TIM Output Compare DMA request */
 973:HW_Lib/STM32H7/HAL_Lib/STM32H7xx_HAL_Driver/Src/stm32h7xx_hal_tim_ex.c ****       __HAL_TIM_ENABLE_DMA(htim, TIM_DMA_CC3);
 2701              		.loc 1 973 7
 2702 020c FB68     		ldr	r3, [r7, #12]
 2703 020e 1B68     		ldr	r3, [r3]
 2704 0210 DA68     		ldr	r2, [r3, #12]
 2705 0212 FB68     		ldr	r3, [r7, #12]
 2706 0214 1B68     		ldr	r3, [r3]
 2707 0216 42F40062 		orr	r2, r2, #2048
 2708 021a DA60     		str	r2, [r3, #12]
 974:HW_Lib/STM32H7/HAL_Lib/STM32H7xx_HAL_Driver/Src/stm32h7xx_hal_tim_ex.c ****       break;
 2709              		.loc 1 974 7
 2710 021c 02E0     		b	.L163
 2711              	.L159:
 975:HW_Lib/STM32H7/HAL_Lib/STM32H7xx_HAL_Driver/Src/stm32h7xx_hal_tim_ex.c ****     }
 976:HW_Lib/STM32H7/HAL_Lib/STM32H7xx_HAL_Driver/Src/stm32h7xx_hal_tim_ex.c **** 
 977:HW_Lib/STM32H7/HAL_Lib/STM32H7xx_HAL_Driver/Src/stm32h7xx_hal_tim_ex.c ****     default:
 978:HW_Lib/STM32H7/HAL_Lib/STM32H7xx_HAL_Driver/Src/stm32h7xx_hal_tim_ex.c ****       status = HAL_ERROR;
 2712              		.loc 1 978 14
 2713 021e 0123     		movs	r3, #1
 2714 0220 FB75     		strb	r3, [r7, #23]
 979:HW_Lib/STM32H7/HAL_Lib/STM32H7xx_HAL_Driver/Src/stm32h7xx_hal_tim_ex.c ****       break;
 2715              		.loc 1 979 7
 2716 0222 00BF     		nop
 2717              	.L163:
 980:HW_Lib/STM32H7/HAL_Lib/STM32H7xx_HAL_Driver/Src/stm32h7xx_hal_tim_ex.c ****   }
 981:HW_Lib/STM32H7/HAL_Lib/STM32H7xx_HAL_Driver/Src/stm32h7xx_hal_tim_ex.c **** 
 982:HW_Lib/STM32H7/HAL_Lib/STM32H7xx_HAL_Driver/Src/stm32h7xx_hal_tim_ex.c ****   if (status == HAL_OK)
 2718              		.loc 1 982 6
 2719 0224 FB7D     		ldrb	r3, [r7, #23]	@ zero_extendqisi2
 2720 0226 002B     		cmp	r3, #0
 2721 0228 56D1     		bne	.L166
 983:HW_Lib/STM32H7/HAL_Lib/STM32H7xx_HAL_Driver/Src/stm32h7xx_hal_tim_ex.c ****   {
 984:HW_Lib/STM32H7/HAL_Lib/STM32H7xx_HAL_Driver/Src/stm32h7xx_hal_tim_ex.c ****     /* Enable the Capture compare channel N */
 985:HW_Lib/STM32H7/HAL_Lib/STM32H7xx_HAL_Driver/Src/stm32h7xx_hal_tim_ex.c ****     TIM_CCxNChannelCmd(htim->Instance, Channel, TIM_CCxN_ENABLE);
 2722              		.loc 1 985 5
 2723 022a FB68     		ldr	r3, [r7, #12]
 2724 022c 1B68     		ldr	r3, [r3]
 2725 022e 0422     		movs	r2, #4
 2726 0230 B968     		ldr	r1, [r7, #8]
 2727 0232 1846     		mov	r0, r3
 2728 0234 FFF7FEFF 		bl	TIM_CCxNChannelCmd
 986:HW_Lib/STM32H7/HAL_Lib/STM32H7xx_HAL_Driver/Src/stm32h7xx_hal_tim_ex.c **** 
 987:HW_Lib/STM32H7/HAL_Lib/STM32H7xx_HAL_Driver/Src/stm32h7xx_hal_tim_ex.c ****     /* Enable the Main Output */
 988:HW_Lib/STM32H7/HAL_Lib/STM32H7xx_HAL_Driver/Src/stm32h7xx_hal_tim_ex.c ****     __HAL_TIM_MOE_ENABLE(htim);
 2729              		.loc 1 988 5
 2730 0238 FB68     		ldr	r3, [r7, #12]
 2731 023a 1B68     		ldr	r3, [r3]
 2732 023c 5A6C     		ldr	r2, [r3, #68]
 2733 023e FB68     		ldr	r3, [r7, #12]
 2734 0240 1B68     		ldr	r3, [r3]
ARM GAS  C:\Users\HUAV\AppData\Local\Temp\ccIqAtUa.s 			page 66


 2735 0242 42F40042 		orr	r2, r2, #32768
 2736 0246 5A64     		str	r2, [r3, #68]
 989:HW_Lib/STM32H7/HAL_Lib/STM32H7xx_HAL_Driver/Src/stm32h7xx_hal_tim_ex.c **** 
 990:HW_Lib/STM32H7/HAL_Lib/STM32H7xx_HAL_Driver/Src/stm32h7xx_hal_tim_ex.c ****     /* Enable the Peripheral, except in trigger mode where enable is automatically done with trigge
 991:HW_Lib/STM32H7/HAL_Lib/STM32H7xx_HAL_Driver/Src/stm32h7xx_hal_tim_ex.c ****     if (IS_TIM_SLAVE_INSTANCE(htim->Instance))
 2737              		.loc 1 991 9
 2738 0248 FB68     		ldr	r3, [r7, #12]
 2739 024a 1B68     		ldr	r3, [r3]
 2740              		.loc 1 991 8
 2741 024c 284A     		ldr	r2, .L171+12
 2742 024e 9342     		cmp	r3, r2
 2743 0250 22D0     		beq	.L167
 2744              		.loc 1 991 9 discriminator 1
 2745 0252 FB68     		ldr	r3, [r7, #12]
 2746 0254 1B68     		ldr	r3, [r3]
 2747 0256 B3F1804F 		cmp	r3, #1073741824
 2748 025a 1DD0     		beq	.L167
 2749              		.loc 1 991 9 is_stmt 0 discriminator 2
 2750 025c FB68     		ldr	r3, [r7, #12]
 2751 025e 1B68     		ldr	r3, [r3]
 2752 0260 244A     		ldr	r2, .L171+16
 2753 0262 9342     		cmp	r3, r2
 2754 0264 18D0     		beq	.L167
 2755              		.loc 1 991 9 discriminator 3
 2756 0266 FB68     		ldr	r3, [r7, #12]
 2757 0268 1B68     		ldr	r3, [r3]
 2758 026a 234A     		ldr	r2, .L171+20
 2759 026c 9342     		cmp	r3, r2
 2760 026e 13D0     		beq	.L167
 2761              		.loc 1 991 9 discriminator 4
 2762 0270 FB68     		ldr	r3, [r7, #12]
 2763 0272 1B68     		ldr	r3, [r3]
 2764 0274 214A     		ldr	r2, .L171+24
 2765 0276 9342     		cmp	r3, r2
 2766 0278 0ED0     		beq	.L167
 2767              		.loc 1 991 9 discriminator 5
 2768 027a FB68     		ldr	r3, [r7, #12]
 2769 027c 1B68     		ldr	r3, [r3]
 2770 027e 204A     		ldr	r2, .L171+28
 2771 0280 9342     		cmp	r3, r2
 2772 0282 09D0     		beq	.L167
 2773              		.loc 1 991 9 discriminator 6
 2774 0284 FB68     		ldr	r3, [r7, #12]
 2775 0286 1B68     		ldr	r3, [r3]
 2776 0288 1E4A     		ldr	r2, .L171+32
 2777 028a 9342     		cmp	r3, r2
 2778 028c 04D0     		beq	.L167
 2779              		.loc 1 991 9 discriminator 7
 2780 028e FB68     		ldr	r3, [r7, #12]
 2781 0290 1B68     		ldr	r3, [r3]
 2782 0292 1D4A     		ldr	r2, .L171+36
 2783 0294 9342     		cmp	r3, r2
 2784 0296 15D1     		bne	.L168
 2785              	.L167:
 992:HW_Lib/STM32H7/HAL_Lib/STM32H7xx_HAL_Driver/Src/stm32h7xx_hal_tim_ex.c ****     {
 993:HW_Lib/STM32H7/HAL_Lib/STM32H7xx_HAL_Driver/Src/stm32h7xx_hal_tim_ex.c ****       tmpsmcr = htim->Instance->SMCR & TIM_SMCR_SMS;
 2786              		.loc 1 993 21 is_stmt 1
ARM GAS  C:\Users\HUAV\AppData\Local\Temp\ccIqAtUa.s 			page 67


 2787 0298 FB68     		ldr	r3, [r7, #12]
 2788 029a 1B68     		ldr	r3, [r3]
 2789              		.loc 1 993 31
 2790 029c 9A68     		ldr	r2, [r3, #8]
 2791              		.loc 1 993 15
 2792 029e 1B4B     		ldr	r3, .L171+40
 2793 02a0 1340     		ands	r3, r3, r2
 2794 02a2 3B61     		str	r3, [r7, #16]
 994:HW_Lib/STM32H7/HAL_Lib/STM32H7xx_HAL_Driver/Src/stm32h7xx_hal_tim_ex.c ****       if (!IS_TIM_SLAVEMODE_TRIGGER_ENABLED(tmpsmcr))
 2795              		.loc 1 994 10
 2796 02a4 3B69     		ldr	r3, [r7, #16]
 2797 02a6 062B     		cmp	r3, #6
 2798 02a8 15D0     		beq	.L170
 2799              		.loc 1 994 11 discriminator 1
 2800 02aa 3B69     		ldr	r3, [r7, #16]
 2801 02ac B3F5803F 		cmp	r3, #65536
 2802 02b0 11D0     		beq	.L170
 995:HW_Lib/STM32H7/HAL_Lib/STM32H7xx_HAL_Driver/Src/stm32h7xx_hal_tim_ex.c ****       {
 996:HW_Lib/STM32H7/HAL_Lib/STM32H7xx_HAL_Driver/Src/stm32h7xx_hal_tim_ex.c ****         __HAL_TIM_ENABLE(htim);
 2803              		.loc 1 996 9
 2804 02b2 FB68     		ldr	r3, [r7, #12]
 2805 02b4 1B68     		ldr	r3, [r3]
 2806 02b6 1A68     		ldr	r2, [r3]
 2807 02b8 FB68     		ldr	r3, [r7, #12]
 2808 02ba 1B68     		ldr	r3, [r3]
 2809 02bc 42F00102 		orr	r2, r2, #1
 2810 02c0 1A60     		str	r2, [r3]
 994:HW_Lib/STM32H7/HAL_Lib/STM32H7xx_HAL_Driver/Src/stm32h7xx_hal_tim_ex.c ****       if (!IS_TIM_SLAVEMODE_TRIGGER_ENABLED(tmpsmcr))
 2811              		.loc 1 994 10
 2812 02c2 08E0     		b	.L170
 2813              	.L168:
 997:HW_Lib/STM32H7/HAL_Lib/STM32H7xx_HAL_Driver/Src/stm32h7xx_hal_tim_ex.c ****       }
 998:HW_Lib/STM32H7/HAL_Lib/STM32H7xx_HAL_Driver/Src/stm32h7xx_hal_tim_ex.c ****     }
 999:HW_Lib/STM32H7/HAL_Lib/STM32H7xx_HAL_Driver/Src/stm32h7xx_hal_tim_ex.c ****     else
1000:HW_Lib/STM32H7/HAL_Lib/STM32H7xx_HAL_Driver/Src/stm32h7xx_hal_tim_ex.c ****     {
1001:HW_Lib/STM32H7/HAL_Lib/STM32H7xx_HAL_Driver/Src/stm32h7xx_hal_tim_ex.c ****       __HAL_TIM_ENABLE(htim);
 2814              		.loc 1 1001 7
 2815 02c4 FB68     		ldr	r3, [r7, #12]
 2816 02c6 1B68     		ldr	r3, [r3]
 2817 02c8 1A68     		ldr	r2, [r3]
 2818 02ca FB68     		ldr	r3, [r7, #12]
 2819 02cc 1B68     		ldr	r3, [r3]
 2820 02ce 42F00102 		orr	r2, r2, #1
 2821 02d2 1A60     		str	r2, [r3]
 2822 02d4 00E0     		b	.L166
 2823              	.L170:
 994:HW_Lib/STM32H7/HAL_Lib/STM32H7xx_HAL_Driver/Src/stm32h7xx_hal_tim_ex.c ****       {
 2824              		.loc 1 994 10
 2825 02d6 00BF     		nop
 2826              	.L166:
1002:HW_Lib/STM32H7/HAL_Lib/STM32H7xx_HAL_Driver/Src/stm32h7xx_hal_tim_ex.c ****     }
1003:HW_Lib/STM32H7/HAL_Lib/STM32H7xx_HAL_Driver/Src/stm32h7xx_hal_tim_ex.c ****   }
1004:HW_Lib/STM32H7/HAL_Lib/STM32H7xx_HAL_Driver/Src/stm32h7xx_hal_tim_ex.c **** 
1005:HW_Lib/STM32H7/HAL_Lib/STM32H7xx_HAL_Driver/Src/stm32h7xx_hal_tim_ex.c ****   /* Return function status */
1006:HW_Lib/STM32H7/HAL_Lib/STM32H7xx_HAL_Driver/Src/stm32h7xx_hal_tim_ex.c ****   return status;
 2827              		.loc 1 1006 10
 2828 02d8 FB7D     		ldrb	r3, [r7, #23]	@ zero_extendqisi2
ARM GAS  C:\Users\HUAV\AppData\Local\Temp\ccIqAtUa.s 			page 68


 2829              	.L143:
1007:HW_Lib/STM32H7/HAL_Lib/STM32H7xx_HAL_Driver/Src/stm32h7xx_hal_tim_ex.c **** }
 2830              		.loc 1 1007 1
 2831 02da 1846     		mov	r0, r3
 2832 02dc 1837     		adds	r7, r7, #24
 2833              	.LCFI75:
 2834              		.cfi_def_cfa_offset 8
 2835 02de BD46     		mov	sp, r7
 2836              	.LCFI76:
 2837              		.cfi_def_cfa_register 13
 2838              		@ sp needed
 2839 02e0 80BD     		pop	{r7, pc}
 2840              	.L172:
 2841 02e2 00BF     		.align	2
 2842              	.L171:
 2843 02e4 00000000 		.word	TIM_DMADelayPulseNCplt
 2844 02e8 00000000 		.word	TIM_DMADelayPulseHalfCplt
 2845 02ec 00000000 		.word	TIM_DMAErrorCCxN
 2846 02f0 00000140 		.word	1073807360
 2847 02f4 00040040 		.word	1073742848
 2848 02f8 00080040 		.word	1073743872
 2849 02fc 000C0040 		.word	1073744896
 2850 0300 00040140 		.word	1073808384
 2851 0304 00180040 		.word	1073747968
 2852 0308 00400140 		.word	1073823744
 2853 030c 07000100 		.word	65543
 2854              		.cfi_endproc
 2855              	.LFE347:
 2857              		.section	.text.HAL_TIMEx_OCN_Stop_DMA,"ax",%progbits
 2858              		.align	1
 2859              		.global	HAL_TIMEx_OCN_Stop_DMA
 2860              		.syntax unified
 2861              		.thumb
 2862              		.thumb_func
 2864              	HAL_TIMEx_OCN_Stop_DMA:
 2865              	.LFB348:
1008:HW_Lib/STM32H7/HAL_Lib/STM32H7xx_HAL_Driver/Src/stm32h7xx_hal_tim_ex.c **** 
1009:HW_Lib/STM32H7/HAL_Lib/STM32H7xx_HAL_Driver/Src/stm32h7xx_hal_tim_ex.c **** /**
1010:HW_Lib/STM32H7/HAL_Lib/STM32H7xx_HAL_Driver/Src/stm32h7xx_hal_tim_ex.c ****   * @brief  Stops the TIM Output Compare signal generation in DMA mode
1011:HW_Lib/STM32H7/HAL_Lib/STM32H7xx_HAL_Driver/Src/stm32h7xx_hal_tim_ex.c ****   *         on the complementary output.
1012:HW_Lib/STM32H7/HAL_Lib/STM32H7xx_HAL_Driver/Src/stm32h7xx_hal_tim_ex.c ****   * @param  htim TIM Output Compare handle
1013:HW_Lib/STM32H7/HAL_Lib/STM32H7xx_HAL_Driver/Src/stm32h7xx_hal_tim_ex.c ****   * @param  Channel TIM Channel to be disabled
1014:HW_Lib/STM32H7/HAL_Lib/STM32H7xx_HAL_Driver/Src/stm32h7xx_hal_tim_ex.c ****   *          This parameter can be one of the following values:
1015:HW_Lib/STM32H7/HAL_Lib/STM32H7xx_HAL_Driver/Src/stm32h7xx_hal_tim_ex.c ****   *            @arg TIM_CHANNEL_1: TIM Channel 1 selected
1016:HW_Lib/STM32H7/HAL_Lib/STM32H7xx_HAL_Driver/Src/stm32h7xx_hal_tim_ex.c ****   *            @arg TIM_CHANNEL_2: TIM Channel 2 selected
1017:HW_Lib/STM32H7/HAL_Lib/STM32H7xx_HAL_Driver/Src/stm32h7xx_hal_tim_ex.c ****   *            @arg TIM_CHANNEL_3: TIM Channel 3 selected
1018:HW_Lib/STM32H7/HAL_Lib/STM32H7xx_HAL_Driver/Src/stm32h7xx_hal_tim_ex.c ****   * @retval HAL status
1019:HW_Lib/STM32H7/HAL_Lib/STM32H7xx_HAL_Driver/Src/stm32h7xx_hal_tim_ex.c ****   */
1020:HW_Lib/STM32H7/HAL_Lib/STM32H7xx_HAL_Driver/Src/stm32h7xx_hal_tim_ex.c **** HAL_StatusTypeDef HAL_TIMEx_OCN_Stop_DMA(TIM_HandleTypeDef *htim, uint32_t Channel)
1021:HW_Lib/STM32H7/HAL_Lib/STM32H7xx_HAL_Driver/Src/stm32h7xx_hal_tim_ex.c **** {
 2866              		.loc 1 1021 1
 2867              		.cfi_startproc
 2868              		@ args = 0, pretend = 0, frame = 16
 2869              		@ frame_needed = 1, uses_anonymous_args = 0
 2870 0000 80B5     		push	{r7, lr}
 2871              	.LCFI77:
 2872              		.cfi_def_cfa_offset 8
ARM GAS  C:\Users\HUAV\AppData\Local\Temp\ccIqAtUa.s 			page 69


 2873              		.cfi_offset 7, -8
 2874              		.cfi_offset 14, -4
 2875 0002 84B0     		sub	sp, sp, #16
 2876              	.LCFI78:
 2877              		.cfi_def_cfa_offset 24
 2878 0004 00AF     		add	r7, sp, #0
 2879              	.LCFI79:
 2880              		.cfi_def_cfa_register 7
 2881 0006 7860     		str	r0, [r7, #4]
 2882 0008 3960     		str	r1, [r7]
1022:HW_Lib/STM32H7/HAL_Lib/STM32H7xx_HAL_Driver/Src/stm32h7xx_hal_tim_ex.c ****   HAL_StatusTypeDef status = HAL_OK;
 2883              		.loc 1 1022 21
 2884 000a 0023     		movs	r3, #0
 2885 000c FB73     		strb	r3, [r7, #15]
1023:HW_Lib/STM32H7/HAL_Lib/STM32H7xx_HAL_Driver/Src/stm32h7xx_hal_tim_ex.c **** 
1024:HW_Lib/STM32H7/HAL_Lib/STM32H7xx_HAL_Driver/Src/stm32h7xx_hal_tim_ex.c ****   /* Check the parameters */
1025:HW_Lib/STM32H7/HAL_Lib/STM32H7xx_HAL_Driver/Src/stm32h7xx_hal_tim_ex.c ****   assert_param(IS_TIM_CCXN_INSTANCE(htim->Instance, Channel));
1026:HW_Lib/STM32H7/HAL_Lib/STM32H7xx_HAL_Driver/Src/stm32h7xx_hal_tim_ex.c **** 
1027:HW_Lib/STM32H7/HAL_Lib/STM32H7xx_HAL_Driver/Src/stm32h7xx_hal_tim_ex.c ****   switch (Channel)
 2886              		.loc 1 1027 3
 2887 000e 3B68     		ldr	r3, [r7]
 2888 0010 082B     		cmp	r3, #8
 2889 0012 25D0     		beq	.L174
 2890 0014 3B68     		ldr	r3, [r7]
 2891 0016 082B     		cmp	r3, #8
 2892 0018 30D8     		bhi	.L175
 2893 001a 3B68     		ldr	r3, [r7]
 2894 001c 002B     		cmp	r3, #0
 2895 001e 03D0     		beq	.L176
 2896 0020 3B68     		ldr	r3, [r7]
 2897 0022 042B     		cmp	r3, #4
 2898 0024 0ED0     		beq	.L177
 2899 0026 29E0     		b	.L175
 2900              	.L176:
1028:HW_Lib/STM32H7/HAL_Lib/STM32H7xx_HAL_Driver/Src/stm32h7xx_hal_tim_ex.c ****   {
1029:HW_Lib/STM32H7/HAL_Lib/STM32H7xx_HAL_Driver/Src/stm32h7xx_hal_tim_ex.c ****     case TIM_CHANNEL_1:
1030:HW_Lib/STM32H7/HAL_Lib/STM32H7xx_HAL_Driver/Src/stm32h7xx_hal_tim_ex.c ****     {
1031:HW_Lib/STM32H7/HAL_Lib/STM32H7xx_HAL_Driver/Src/stm32h7xx_hal_tim_ex.c ****       /* Disable the TIM Output Compare DMA request */
1032:HW_Lib/STM32H7/HAL_Lib/STM32H7xx_HAL_Driver/Src/stm32h7xx_hal_tim_ex.c ****       __HAL_TIM_DISABLE_DMA(htim, TIM_DMA_CC1);
 2901              		.loc 1 1032 7
 2902 0028 7B68     		ldr	r3, [r7, #4]
 2903 002a 1B68     		ldr	r3, [r3]
 2904 002c DA68     		ldr	r2, [r3, #12]
 2905 002e 7B68     		ldr	r3, [r7, #4]
 2906 0030 1B68     		ldr	r3, [r3]
 2907 0032 22F40072 		bic	r2, r2, #512
 2908 0036 DA60     		str	r2, [r3, #12]
1033:HW_Lib/STM32H7/HAL_Lib/STM32H7xx_HAL_Driver/Src/stm32h7xx_hal_tim_ex.c ****       (void)HAL_DMA_Abort_IT(htim->hdma[TIM_DMA_ID_CC1]);
 2909              		.loc 1 1033 13
 2910 0038 7B68     		ldr	r3, [r7, #4]
 2911 003a 5B6A     		ldr	r3, [r3, #36]
 2912 003c 1846     		mov	r0, r3
 2913 003e FFF7FEFF 		bl	HAL_DMA_Abort_IT
1034:HW_Lib/STM32H7/HAL_Lib/STM32H7xx_HAL_Driver/Src/stm32h7xx_hal_tim_ex.c ****       break;
 2914              		.loc 1 1034 7
 2915 0042 1EE0     		b	.L178
 2916              	.L177:
ARM GAS  C:\Users\HUAV\AppData\Local\Temp\ccIqAtUa.s 			page 70


1035:HW_Lib/STM32H7/HAL_Lib/STM32H7xx_HAL_Driver/Src/stm32h7xx_hal_tim_ex.c ****     }
1036:HW_Lib/STM32H7/HAL_Lib/STM32H7xx_HAL_Driver/Src/stm32h7xx_hal_tim_ex.c **** 
1037:HW_Lib/STM32H7/HAL_Lib/STM32H7xx_HAL_Driver/Src/stm32h7xx_hal_tim_ex.c ****     case TIM_CHANNEL_2:
1038:HW_Lib/STM32H7/HAL_Lib/STM32H7xx_HAL_Driver/Src/stm32h7xx_hal_tim_ex.c ****     {
1039:HW_Lib/STM32H7/HAL_Lib/STM32H7xx_HAL_Driver/Src/stm32h7xx_hal_tim_ex.c ****       /* Disable the TIM Output Compare DMA request */
1040:HW_Lib/STM32H7/HAL_Lib/STM32H7xx_HAL_Driver/Src/stm32h7xx_hal_tim_ex.c ****       __HAL_TIM_DISABLE_DMA(htim, TIM_DMA_CC2);
 2917              		.loc 1 1040 7
 2918 0044 7B68     		ldr	r3, [r7, #4]
 2919 0046 1B68     		ldr	r3, [r3]
 2920 0048 DA68     		ldr	r2, [r3, #12]
 2921 004a 7B68     		ldr	r3, [r7, #4]
 2922 004c 1B68     		ldr	r3, [r3]
 2923 004e 22F48062 		bic	r2, r2, #1024
 2924 0052 DA60     		str	r2, [r3, #12]
1041:HW_Lib/STM32H7/HAL_Lib/STM32H7xx_HAL_Driver/Src/stm32h7xx_hal_tim_ex.c ****       (void)HAL_DMA_Abort_IT(htim->hdma[TIM_DMA_ID_CC2]);
 2925              		.loc 1 1041 13
 2926 0054 7B68     		ldr	r3, [r7, #4]
 2927 0056 9B6A     		ldr	r3, [r3, #40]
 2928 0058 1846     		mov	r0, r3
 2929 005a FFF7FEFF 		bl	HAL_DMA_Abort_IT
1042:HW_Lib/STM32H7/HAL_Lib/STM32H7xx_HAL_Driver/Src/stm32h7xx_hal_tim_ex.c ****       break;
 2930              		.loc 1 1042 7
 2931 005e 10E0     		b	.L178
 2932              	.L174:
1043:HW_Lib/STM32H7/HAL_Lib/STM32H7xx_HAL_Driver/Src/stm32h7xx_hal_tim_ex.c ****     }
1044:HW_Lib/STM32H7/HAL_Lib/STM32H7xx_HAL_Driver/Src/stm32h7xx_hal_tim_ex.c **** 
1045:HW_Lib/STM32H7/HAL_Lib/STM32H7xx_HAL_Driver/Src/stm32h7xx_hal_tim_ex.c ****     case TIM_CHANNEL_3:
1046:HW_Lib/STM32H7/HAL_Lib/STM32H7xx_HAL_Driver/Src/stm32h7xx_hal_tim_ex.c ****     {
1047:HW_Lib/STM32H7/HAL_Lib/STM32H7xx_HAL_Driver/Src/stm32h7xx_hal_tim_ex.c ****       /* Disable the TIM Output Compare DMA request */
1048:HW_Lib/STM32H7/HAL_Lib/STM32H7xx_HAL_Driver/Src/stm32h7xx_hal_tim_ex.c ****       __HAL_TIM_DISABLE_DMA(htim, TIM_DMA_CC3);
 2933              		.loc 1 1048 7
 2934 0060 7B68     		ldr	r3, [r7, #4]
 2935 0062 1B68     		ldr	r3, [r3]
 2936 0064 DA68     		ldr	r2, [r3, #12]
 2937 0066 7B68     		ldr	r3, [r7, #4]
 2938 0068 1B68     		ldr	r3, [r3]
 2939 006a 22F40062 		bic	r2, r2, #2048
 2940 006e DA60     		str	r2, [r3, #12]
1049:HW_Lib/STM32H7/HAL_Lib/STM32H7xx_HAL_Driver/Src/stm32h7xx_hal_tim_ex.c ****       (void)HAL_DMA_Abort_IT(htim->hdma[TIM_DMA_ID_CC3]);
 2941              		.loc 1 1049 13
 2942 0070 7B68     		ldr	r3, [r7, #4]
 2943 0072 DB6A     		ldr	r3, [r3, #44]
 2944 0074 1846     		mov	r0, r3
 2945 0076 FFF7FEFF 		bl	HAL_DMA_Abort_IT
1050:HW_Lib/STM32H7/HAL_Lib/STM32H7xx_HAL_Driver/Src/stm32h7xx_hal_tim_ex.c ****       break;
 2946              		.loc 1 1050 7
 2947 007a 02E0     		b	.L178
 2948              	.L175:
1051:HW_Lib/STM32H7/HAL_Lib/STM32H7xx_HAL_Driver/Src/stm32h7xx_hal_tim_ex.c ****     }
1052:HW_Lib/STM32H7/HAL_Lib/STM32H7xx_HAL_Driver/Src/stm32h7xx_hal_tim_ex.c **** 
1053:HW_Lib/STM32H7/HAL_Lib/STM32H7xx_HAL_Driver/Src/stm32h7xx_hal_tim_ex.c ****     default:
1054:HW_Lib/STM32H7/HAL_Lib/STM32H7xx_HAL_Driver/Src/stm32h7xx_hal_tim_ex.c ****       status = HAL_ERROR;
 2949              		.loc 1 1054 14
 2950 007c 0123     		movs	r3, #1
 2951 007e FB73     		strb	r3, [r7, #15]
1055:HW_Lib/STM32H7/HAL_Lib/STM32H7xx_HAL_Driver/Src/stm32h7xx_hal_tim_ex.c ****       break;
 2952              		.loc 1 1055 7
ARM GAS  C:\Users\HUAV\AppData\Local\Temp\ccIqAtUa.s 			page 71


 2953 0080 00BF     		nop
 2954              	.L178:
1056:HW_Lib/STM32H7/HAL_Lib/STM32H7xx_HAL_Driver/Src/stm32h7xx_hal_tim_ex.c ****   }
1057:HW_Lib/STM32H7/HAL_Lib/STM32H7xx_HAL_Driver/Src/stm32h7xx_hal_tim_ex.c **** 
1058:HW_Lib/STM32H7/HAL_Lib/STM32H7xx_HAL_Driver/Src/stm32h7xx_hal_tim_ex.c ****   if (status == HAL_OK)
 2955              		.loc 1 1058 6
 2956 0082 FB7B     		ldrb	r3, [r7, #15]	@ zero_extendqisi2
 2957 0084 002B     		cmp	r3, #0
 2958 0086 52D1     		bne	.L179
1059:HW_Lib/STM32H7/HAL_Lib/STM32H7xx_HAL_Driver/Src/stm32h7xx_hal_tim_ex.c ****   {
1060:HW_Lib/STM32H7/HAL_Lib/STM32H7xx_HAL_Driver/Src/stm32h7xx_hal_tim_ex.c ****     /* Disable the Capture compare channel N */
1061:HW_Lib/STM32H7/HAL_Lib/STM32H7xx_HAL_Driver/Src/stm32h7xx_hal_tim_ex.c ****     TIM_CCxNChannelCmd(htim->Instance, Channel, TIM_CCxN_DISABLE);
 2959              		.loc 1 1061 5
 2960 0088 7B68     		ldr	r3, [r7, #4]
 2961 008a 1B68     		ldr	r3, [r3]
 2962 008c 0022     		movs	r2, #0
 2963 008e 3968     		ldr	r1, [r7]
 2964 0090 1846     		mov	r0, r3
 2965 0092 FFF7FEFF 		bl	TIM_CCxNChannelCmd
1062:HW_Lib/STM32H7/HAL_Lib/STM32H7xx_HAL_Driver/Src/stm32h7xx_hal_tim_ex.c **** 
1063:HW_Lib/STM32H7/HAL_Lib/STM32H7xx_HAL_Driver/Src/stm32h7xx_hal_tim_ex.c ****     /* Disable the Main Output */
1064:HW_Lib/STM32H7/HAL_Lib/STM32H7xx_HAL_Driver/Src/stm32h7xx_hal_tim_ex.c ****     __HAL_TIM_MOE_DISABLE(htim);
 2966              		.loc 1 1064 5
 2967 0096 7B68     		ldr	r3, [r7, #4]
 2968 0098 1B68     		ldr	r3, [r3]
 2969 009a 1A6A     		ldr	r2, [r3, #32]
 2970 009c 41F21113 		movw	r3, #4369
 2971 00a0 1340     		ands	r3, r3, r2
 2972 00a2 002B     		cmp	r3, #0
 2973 00a4 0FD1     		bne	.L180
 2974              		.loc 1 1064 5 is_stmt 0 discriminator 1
 2975 00a6 7B68     		ldr	r3, [r7, #4]
 2976 00a8 1B68     		ldr	r3, [r3]
 2977 00aa 1A6A     		ldr	r2, [r3, #32]
 2978 00ac 40F24443 		movw	r3, #1092
 2979 00b0 1340     		ands	r3, r3, r2
 2980 00b2 002B     		cmp	r3, #0
 2981 00b4 07D1     		bne	.L180
 2982              		.loc 1 1064 5 discriminator 2
 2983 00b6 7B68     		ldr	r3, [r7, #4]
 2984 00b8 1B68     		ldr	r3, [r3]
 2985 00ba 5A6C     		ldr	r2, [r3, #68]
 2986 00bc 7B68     		ldr	r3, [r7, #4]
 2987 00be 1B68     		ldr	r3, [r3]
 2988 00c0 22F40042 		bic	r2, r2, #32768
 2989 00c4 5A64     		str	r2, [r3, #68]
 2990              	.L180:
1065:HW_Lib/STM32H7/HAL_Lib/STM32H7xx_HAL_Driver/Src/stm32h7xx_hal_tim_ex.c **** 
1066:HW_Lib/STM32H7/HAL_Lib/STM32H7xx_HAL_Driver/Src/stm32h7xx_hal_tim_ex.c ****     /* Disable the Peripheral */
1067:HW_Lib/STM32H7/HAL_Lib/STM32H7xx_HAL_Driver/Src/stm32h7xx_hal_tim_ex.c ****     __HAL_TIM_DISABLE(htim);
 2991              		.loc 1 1067 5 is_stmt 1
 2992 00c6 7B68     		ldr	r3, [r7, #4]
 2993 00c8 1B68     		ldr	r3, [r3]
 2994 00ca 1A6A     		ldr	r2, [r3, #32]
 2995 00cc 41F21113 		movw	r3, #4369
 2996 00d0 1340     		ands	r3, r3, r2
 2997 00d2 002B     		cmp	r3, #0
ARM GAS  C:\Users\HUAV\AppData\Local\Temp\ccIqAtUa.s 			page 72


 2998 00d4 0FD1     		bne	.L181
 2999              		.loc 1 1067 5 is_stmt 0 discriminator 1
 3000 00d6 7B68     		ldr	r3, [r7, #4]
 3001 00d8 1B68     		ldr	r3, [r3]
 3002 00da 1A6A     		ldr	r2, [r3, #32]
 3003 00dc 40F24443 		movw	r3, #1092
 3004 00e0 1340     		ands	r3, r3, r2
 3005 00e2 002B     		cmp	r3, #0
 3006 00e4 07D1     		bne	.L181
 3007              		.loc 1 1067 5 discriminator 2
 3008 00e6 7B68     		ldr	r3, [r7, #4]
 3009 00e8 1B68     		ldr	r3, [r3]
 3010 00ea 1A68     		ldr	r2, [r3]
 3011 00ec 7B68     		ldr	r3, [r7, #4]
 3012 00ee 1B68     		ldr	r3, [r3]
 3013 00f0 22F00102 		bic	r2, r2, #1
 3014 00f4 1A60     		str	r2, [r3]
 3015              	.L181:
1068:HW_Lib/STM32H7/HAL_Lib/STM32H7xx_HAL_Driver/Src/stm32h7xx_hal_tim_ex.c **** 
1069:HW_Lib/STM32H7/HAL_Lib/STM32H7xx_HAL_Driver/Src/stm32h7xx_hal_tim_ex.c ****     /* Set the TIM complementary channel state */
1070:HW_Lib/STM32H7/HAL_Lib/STM32H7xx_HAL_Driver/Src/stm32h7xx_hal_tim_ex.c ****     TIM_CHANNEL_N_STATE_SET(htim, Channel, HAL_TIM_CHANNEL_STATE_READY);
 3016              		.loc 1 1070 5 is_stmt 1
 3017 00f6 3B68     		ldr	r3, [r7]
 3018 00f8 002B     		cmp	r3, #0
 3019 00fa 04D1     		bne	.L182
 3020              		.loc 1 1070 5 is_stmt 0 discriminator 1
 3021 00fc 7B68     		ldr	r3, [r7, #4]
 3022 00fe 0122     		movs	r2, #1
 3023 0100 83F84420 		strb	r2, [r3, #68]
 3024 0104 13E0     		b	.L179
 3025              	.L182:
 3026              		.loc 1 1070 5 discriminator 2
 3027 0106 3B68     		ldr	r3, [r7]
 3028 0108 042B     		cmp	r3, #4
 3029 010a 04D1     		bne	.L183
 3030              		.loc 1 1070 5 discriminator 3
 3031 010c 7B68     		ldr	r3, [r7, #4]
 3032 010e 0122     		movs	r2, #1
 3033 0110 83F84520 		strb	r2, [r3, #69]
 3034 0114 0BE0     		b	.L179
 3035              	.L183:
 3036              		.loc 1 1070 5 discriminator 4
 3037 0116 3B68     		ldr	r3, [r7]
 3038 0118 082B     		cmp	r3, #8
 3039 011a 04D1     		bne	.L185
 3040              		.loc 1 1070 5 discriminator 6
 3041 011c 7B68     		ldr	r3, [r7, #4]
 3042 011e 0122     		movs	r2, #1
 3043 0120 83F84620 		strb	r2, [r3, #70]
 3044 0124 03E0     		b	.L179
 3045              	.L185:
 3046              		.loc 1 1070 5 discriminator 7
 3047 0126 7B68     		ldr	r3, [r7, #4]
 3048 0128 0122     		movs	r2, #1
 3049 012a 83F84720 		strb	r2, [r3, #71]
 3050              	.L179:
1071:HW_Lib/STM32H7/HAL_Lib/STM32H7xx_HAL_Driver/Src/stm32h7xx_hal_tim_ex.c ****   }
ARM GAS  C:\Users\HUAV\AppData\Local\Temp\ccIqAtUa.s 			page 73


1072:HW_Lib/STM32H7/HAL_Lib/STM32H7xx_HAL_Driver/Src/stm32h7xx_hal_tim_ex.c **** 
1073:HW_Lib/STM32H7/HAL_Lib/STM32H7xx_HAL_Driver/Src/stm32h7xx_hal_tim_ex.c ****   /* Return function status */
1074:HW_Lib/STM32H7/HAL_Lib/STM32H7xx_HAL_Driver/Src/stm32h7xx_hal_tim_ex.c ****   return status;
 3051              		.loc 1 1074 10 is_stmt 1
 3052 012e FB7B     		ldrb	r3, [r7, #15]	@ zero_extendqisi2
1075:HW_Lib/STM32H7/HAL_Lib/STM32H7xx_HAL_Driver/Src/stm32h7xx_hal_tim_ex.c **** }
 3053              		.loc 1 1075 1
 3054 0130 1846     		mov	r0, r3
 3055 0132 1037     		adds	r7, r7, #16
 3056              	.LCFI80:
 3057              		.cfi_def_cfa_offset 8
 3058 0134 BD46     		mov	sp, r7
 3059              	.LCFI81:
 3060              		.cfi_def_cfa_register 13
 3061              		@ sp needed
 3062 0136 80BD     		pop	{r7, pc}
 3063              		.cfi_endproc
 3064              	.LFE348:
 3066              		.section	.text.HAL_TIMEx_PWMN_Start,"ax",%progbits
 3067              		.align	1
 3068              		.global	HAL_TIMEx_PWMN_Start
 3069              		.syntax unified
 3070              		.thumb
 3071              		.thumb_func
 3073              	HAL_TIMEx_PWMN_Start:
 3074              	.LFB349:
1076:HW_Lib/STM32H7/HAL_Lib/STM32H7xx_HAL_Driver/Src/stm32h7xx_hal_tim_ex.c **** 
1077:HW_Lib/STM32H7/HAL_Lib/STM32H7xx_HAL_Driver/Src/stm32h7xx_hal_tim_ex.c **** /**
1078:HW_Lib/STM32H7/HAL_Lib/STM32H7xx_HAL_Driver/Src/stm32h7xx_hal_tim_ex.c ****   * @}
1079:HW_Lib/STM32H7/HAL_Lib/STM32H7xx_HAL_Driver/Src/stm32h7xx_hal_tim_ex.c ****   */
1080:HW_Lib/STM32H7/HAL_Lib/STM32H7xx_HAL_Driver/Src/stm32h7xx_hal_tim_ex.c **** 
1081:HW_Lib/STM32H7/HAL_Lib/STM32H7xx_HAL_Driver/Src/stm32h7xx_hal_tim_ex.c **** /** @defgroup TIMEx_Exported_Functions_Group3 Extended Timer Complementary PWM functions
1082:HW_Lib/STM32H7/HAL_Lib/STM32H7xx_HAL_Driver/Src/stm32h7xx_hal_tim_ex.c ****   * @brief    Timer Complementary PWM functions
1083:HW_Lib/STM32H7/HAL_Lib/STM32H7xx_HAL_Driver/Src/stm32h7xx_hal_tim_ex.c ****   *
1084:HW_Lib/STM32H7/HAL_Lib/STM32H7xx_HAL_Driver/Src/stm32h7xx_hal_tim_ex.c **** @verbatim
1085:HW_Lib/STM32H7/HAL_Lib/STM32H7xx_HAL_Driver/Src/stm32h7xx_hal_tim_ex.c ****   ==============================================================================
1086:HW_Lib/STM32H7/HAL_Lib/STM32H7xx_HAL_Driver/Src/stm32h7xx_hal_tim_ex.c ****                  ##### Timer Complementary PWM functions #####
1087:HW_Lib/STM32H7/HAL_Lib/STM32H7xx_HAL_Driver/Src/stm32h7xx_hal_tim_ex.c ****   ==============================================================================
1088:HW_Lib/STM32H7/HAL_Lib/STM32H7xx_HAL_Driver/Src/stm32h7xx_hal_tim_ex.c ****   [..]
1089:HW_Lib/STM32H7/HAL_Lib/STM32H7xx_HAL_Driver/Src/stm32h7xx_hal_tim_ex.c ****     This section provides functions allowing to:
1090:HW_Lib/STM32H7/HAL_Lib/STM32H7xx_HAL_Driver/Src/stm32h7xx_hal_tim_ex.c ****     (+) Start the Complementary PWM.
1091:HW_Lib/STM32H7/HAL_Lib/STM32H7xx_HAL_Driver/Src/stm32h7xx_hal_tim_ex.c ****     (+) Stop the Complementary PWM.
1092:HW_Lib/STM32H7/HAL_Lib/STM32H7xx_HAL_Driver/Src/stm32h7xx_hal_tim_ex.c ****     (+) Start the Complementary PWM and enable interrupts.
1093:HW_Lib/STM32H7/HAL_Lib/STM32H7xx_HAL_Driver/Src/stm32h7xx_hal_tim_ex.c ****     (+) Stop the Complementary PWM and disable interrupts.
1094:HW_Lib/STM32H7/HAL_Lib/STM32H7xx_HAL_Driver/Src/stm32h7xx_hal_tim_ex.c ****     (+) Start the Complementary PWM and enable DMA transfers.
1095:HW_Lib/STM32H7/HAL_Lib/STM32H7xx_HAL_Driver/Src/stm32h7xx_hal_tim_ex.c ****     (+) Stop the Complementary PWM and disable DMA transfers.
1096:HW_Lib/STM32H7/HAL_Lib/STM32H7xx_HAL_Driver/Src/stm32h7xx_hal_tim_ex.c ****     (+) Start the Complementary Input Capture measurement.
1097:HW_Lib/STM32H7/HAL_Lib/STM32H7xx_HAL_Driver/Src/stm32h7xx_hal_tim_ex.c ****     (+) Stop the Complementary Input Capture.
1098:HW_Lib/STM32H7/HAL_Lib/STM32H7xx_HAL_Driver/Src/stm32h7xx_hal_tim_ex.c ****     (+) Start the Complementary Input Capture and enable interrupts.
1099:HW_Lib/STM32H7/HAL_Lib/STM32H7xx_HAL_Driver/Src/stm32h7xx_hal_tim_ex.c ****     (+) Stop the Complementary Input Capture and disable interrupts.
1100:HW_Lib/STM32H7/HAL_Lib/STM32H7xx_HAL_Driver/Src/stm32h7xx_hal_tim_ex.c ****     (+) Start the Complementary Input Capture and enable DMA transfers.
1101:HW_Lib/STM32H7/HAL_Lib/STM32H7xx_HAL_Driver/Src/stm32h7xx_hal_tim_ex.c ****     (+) Stop the Complementary Input Capture and disable DMA transfers.
1102:HW_Lib/STM32H7/HAL_Lib/STM32H7xx_HAL_Driver/Src/stm32h7xx_hal_tim_ex.c ****     (+) Start the Complementary One Pulse generation.
1103:HW_Lib/STM32H7/HAL_Lib/STM32H7xx_HAL_Driver/Src/stm32h7xx_hal_tim_ex.c ****     (+) Stop the Complementary One Pulse.
1104:HW_Lib/STM32H7/HAL_Lib/STM32H7xx_HAL_Driver/Src/stm32h7xx_hal_tim_ex.c ****     (+) Start the Complementary One Pulse and enable interrupts.
1105:HW_Lib/STM32H7/HAL_Lib/STM32H7xx_HAL_Driver/Src/stm32h7xx_hal_tim_ex.c ****     (+) Stop the Complementary One Pulse and disable interrupts.
1106:HW_Lib/STM32H7/HAL_Lib/STM32H7xx_HAL_Driver/Src/stm32h7xx_hal_tim_ex.c **** 
ARM GAS  C:\Users\HUAV\AppData\Local\Temp\ccIqAtUa.s 			page 74


1107:HW_Lib/STM32H7/HAL_Lib/STM32H7xx_HAL_Driver/Src/stm32h7xx_hal_tim_ex.c **** @endverbatim
1108:HW_Lib/STM32H7/HAL_Lib/STM32H7xx_HAL_Driver/Src/stm32h7xx_hal_tim_ex.c ****   * @{
1109:HW_Lib/STM32H7/HAL_Lib/STM32H7xx_HAL_Driver/Src/stm32h7xx_hal_tim_ex.c ****   */
1110:HW_Lib/STM32H7/HAL_Lib/STM32H7xx_HAL_Driver/Src/stm32h7xx_hal_tim_ex.c **** 
1111:HW_Lib/STM32H7/HAL_Lib/STM32H7xx_HAL_Driver/Src/stm32h7xx_hal_tim_ex.c **** /**
1112:HW_Lib/STM32H7/HAL_Lib/STM32H7xx_HAL_Driver/Src/stm32h7xx_hal_tim_ex.c ****   * @brief  Starts the PWM signal generation on the complementary output.
1113:HW_Lib/STM32H7/HAL_Lib/STM32H7xx_HAL_Driver/Src/stm32h7xx_hal_tim_ex.c ****   * @param  htim TIM handle
1114:HW_Lib/STM32H7/HAL_Lib/STM32H7xx_HAL_Driver/Src/stm32h7xx_hal_tim_ex.c ****   * @param  Channel TIM Channel to be enabled
1115:HW_Lib/STM32H7/HAL_Lib/STM32H7xx_HAL_Driver/Src/stm32h7xx_hal_tim_ex.c ****   *          This parameter can be one of the following values:
1116:HW_Lib/STM32H7/HAL_Lib/STM32H7xx_HAL_Driver/Src/stm32h7xx_hal_tim_ex.c ****   *            @arg TIM_CHANNEL_1: TIM Channel 1 selected
1117:HW_Lib/STM32H7/HAL_Lib/STM32H7xx_HAL_Driver/Src/stm32h7xx_hal_tim_ex.c ****   *            @arg TIM_CHANNEL_2: TIM Channel 2 selected
1118:HW_Lib/STM32H7/HAL_Lib/STM32H7xx_HAL_Driver/Src/stm32h7xx_hal_tim_ex.c ****   *            @arg TIM_CHANNEL_3: TIM Channel 3 selected
1119:HW_Lib/STM32H7/HAL_Lib/STM32H7xx_HAL_Driver/Src/stm32h7xx_hal_tim_ex.c ****   * @retval HAL status
1120:HW_Lib/STM32H7/HAL_Lib/STM32H7xx_HAL_Driver/Src/stm32h7xx_hal_tim_ex.c ****   */
1121:HW_Lib/STM32H7/HAL_Lib/STM32H7xx_HAL_Driver/Src/stm32h7xx_hal_tim_ex.c **** HAL_StatusTypeDef HAL_TIMEx_PWMN_Start(TIM_HandleTypeDef *htim, uint32_t Channel)
1122:HW_Lib/STM32H7/HAL_Lib/STM32H7xx_HAL_Driver/Src/stm32h7xx_hal_tim_ex.c **** {
 3075              		.loc 1 1122 1
 3076              		.cfi_startproc
 3077              		@ args = 0, pretend = 0, frame = 16
 3078              		@ frame_needed = 1, uses_anonymous_args = 0
 3079 0000 80B5     		push	{r7, lr}
 3080              	.LCFI82:
 3081              		.cfi_def_cfa_offset 8
 3082              		.cfi_offset 7, -8
 3083              		.cfi_offset 14, -4
 3084 0002 84B0     		sub	sp, sp, #16
 3085              	.LCFI83:
 3086              		.cfi_def_cfa_offset 24
 3087 0004 00AF     		add	r7, sp, #0
 3088              	.LCFI84:
 3089              		.cfi_def_cfa_register 7
 3090 0006 7860     		str	r0, [r7, #4]
 3091 0008 3960     		str	r1, [r7]
1123:HW_Lib/STM32H7/HAL_Lib/STM32H7xx_HAL_Driver/Src/stm32h7xx_hal_tim_ex.c ****   uint32_t tmpsmcr;
1124:HW_Lib/STM32H7/HAL_Lib/STM32H7xx_HAL_Driver/Src/stm32h7xx_hal_tim_ex.c **** 
1125:HW_Lib/STM32H7/HAL_Lib/STM32H7xx_HAL_Driver/Src/stm32h7xx_hal_tim_ex.c ****   /* Check the parameters */
1126:HW_Lib/STM32H7/HAL_Lib/STM32H7xx_HAL_Driver/Src/stm32h7xx_hal_tim_ex.c ****   assert_param(IS_TIM_CCXN_INSTANCE(htim->Instance, Channel));
1127:HW_Lib/STM32H7/HAL_Lib/STM32H7xx_HAL_Driver/Src/stm32h7xx_hal_tim_ex.c **** 
1128:HW_Lib/STM32H7/HAL_Lib/STM32H7xx_HAL_Driver/Src/stm32h7xx_hal_tim_ex.c ****   /* Check the TIM complementary channel state */
1129:HW_Lib/STM32H7/HAL_Lib/STM32H7xx_HAL_Driver/Src/stm32h7xx_hal_tim_ex.c ****   if (TIM_CHANNEL_N_STATE_GET(htim, Channel) != HAL_TIM_CHANNEL_STATE_READY)
 3092              		.loc 1 1129 46
 3093 000a 3B68     		ldr	r3, [r7]
 3094 000c 002B     		cmp	r3, #0
 3095 000e 09D1     		bne	.L189
 3096              		.loc 1 1129 7 discriminator 1
 3097 0010 7B68     		ldr	r3, [r7, #4]
 3098 0012 93F84430 		ldrb	r3, [r3, #68]
 3099 0016 DBB2     		uxtb	r3, r3
 3100              		.loc 1 1129 46 discriminator 1
 3101 0018 012B     		cmp	r3, #1
 3102 001a 14BF     		ite	ne
 3103 001c 0123     		movne	r3, #1
 3104 001e 0023     		moveq	r3, #0
 3105 0020 DBB2     		uxtb	r3, r3
 3106 0022 22E0     		b	.L190
 3107              	.L189:
 3108              		.loc 1 1129 46 is_stmt 0 discriminator 2
ARM GAS  C:\Users\HUAV\AppData\Local\Temp\ccIqAtUa.s 			page 75


 3109 0024 3B68     		ldr	r3, [r7]
 3110 0026 042B     		cmp	r3, #4
 3111 0028 09D1     		bne	.L191
 3112              		.loc 1 1129 7 is_stmt 1 discriminator 4
 3113 002a 7B68     		ldr	r3, [r7, #4]
 3114 002c 93F84530 		ldrb	r3, [r3, #69]
 3115 0030 DBB2     		uxtb	r3, r3
 3116              		.loc 1 1129 46 discriminator 4
 3117 0032 012B     		cmp	r3, #1
 3118 0034 14BF     		ite	ne
 3119 0036 0123     		movne	r3, #1
 3120 0038 0023     		moveq	r3, #0
 3121 003a DBB2     		uxtb	r3, r3
 3122 003c 15E0     		b	.L190
 3123              	.L191:
 3124              		.loc 1 1129 46 is_stmt 0 discriminator 5
 3125 003e 3B68     		ldr	r3, [r7]
 3126 0040 082B     		cmp	r3, #8
 3127 0042 09D1     		bne	.L193
 3128              		.loc 1 1129 7 is_stmt 1 discriminator 7
 3129 0044 7B68     		ldr	r3, [r7, #4]
 3130 0046 93F84630 		ldrb	r3, [r3, #70]
 3131 004a DBB2     		uxtb	r3, r3
 3132              		.loc 1 1129 46 discriminator 7
 3133 004c 012B     		cmp	r3, #1
 3134 004e 14BF     		ite	ne
 3135 0050 0123     		movne	r3, #1
 3136 0052 0023     		moveq	r3, #0
 3137 0054 DBB2     		uxtb	r3, r3
 3138 0056 08E0     		b	.L190
 3139              	.L193:
 3140              		.loc 1 1129 7 discriminator 8
 3141 0058 7B68     		ldr	r3, [r7, #4]
 3142 005a 93F84730 		ldrb	r3, [r3, #71]
 3143 005e DBB2     		uxtb	r3, r3
 3144              		.loc 1 1129 46 discriminator 8
 3145 0060 012B     		cmp	r3, #1
 3146 0062 14BF     		ite	ne
 3147 0064 0123     		movne	r3, #1
 3148 0066 0023     		moveq	r3, #0
 3149 0068 DBB2     		uxtb	r3, r3
 3150              	.L190:
 3151              		.loc 1 1129 6 discriminator 12
 3152 006a 002B     		cmp	r3, #0
 3153 006c 01D0     		beq	.L195
1130:HW_Lib/STM32H7/HAL_Lib/STM32H7xx_HAL_Driver/Src/stm32h7xx_hal_tim_ex.c ****   {
1131:HW_Lib/STM32H7/HAL_Lib/STM32H7xx_HAL_Driver/Src/stm32h7xx_hal_tim_ex.c ****     return HAL_ERROR;
 3154              		.loc 1 1131 12
 3155 006e 0123     		movs	r3, #1
 3156 0070 73E0     		b	.L196
 3157              	.L195:
1132:HW_Lib/STM32H7/HAL_Lib/STM32H7xx_HAL_Driver/Src/stm32h7xx_hal_tim_ex.c ****   }
1133:HW_Lib/STM32H7/HAL_Lib/STM32H7xx_HAL_Driver/Src/stm32h7xx_hal_tim_ex.c **** 
1134:HW_Lib/STM32H7/HAL_Lib/STM32H7xx_HAL_Driver/Src/stm32h7xx_hal_tim_ex.c ****   /* Set the TIM complementary channel state */
1135:HW_Lib/STM32H7/HAL_Lib/STM32H7xx_HAL_Driver/Src/stm32h7xx_hal_tim_ex.c ****   TIM_CHANNEL_N_STATE_SET(htim, Channel, HAL_TIM_CHANNEL_STATE_BUSY);
 3158              		.loc 1 1135 3
 3159 0072 3B68     		ldr	r3, [r7]
ARM GAS  C:\Users\HUAV\AppData\Local\Temp\ccIqAtUa.s 			page 76


 3160 0074 002B     		cmp	r3, #0
 3161 0076 04D1     		bne	.L197
 3162              		.loc 1 1135 3 is_stmt 0 discriminator 1
 3163 0078 7B68     		ldr	r3, [r7, #4]
 3164 007a 0222     		movs	r2, #2
 3165 007c 83F84420 		strb	r2, [r3, #68]
 3166 0080 13E0     		b	.L198
 3167              	.L197:
 3168              		.loc 1 1135 3 discriminator 2
 3169 0082 3B68     		ldr	r3, [r7]
 3170 0084 042B     		cmp	r3, #4
 3171 0086 04D1     		bne	.L199
 3172              		.loc 1 1135 3 discriminator 3
 3173 0088 7B68     		ldr	r3, [r7, #4]
 3174 008a 0222     		movs	r2, #2
 3175 008c 83F84520 		strb	r2, [r3, #69]
 3176 0090 0BE0     		b	.L198
 3177              	.L199:
 3178              		.loc 1 1135 3 discriminator 4
 3179 0092 3B68     		ldr	r3, [r7]
 3180 0094 082B     		cmp	r3, #8
 3181 0096 04D1     		bne	.L201
 3182              		.loc 1 1135 3 discriminator 6
 3183 0098 7B68     		ldr	r3, [r7, #4]
 3184 009a 0222     		movs	r2, #2
 3185 009c 83F84620 		strb	r2, [r3, #70]
 3186 00a0 03E0     		b	.L198
 3187              	.L201:
 3188              		.loc 1 1135 3 discriminator 7
 3189 00a2 7B68     		ldr	r3, [r7, #4]
 3190 00a4 0222     		movs	r2, #2
 3191 00a6 83F84720 		strb	r2, [r3, #71]
 3192              	.L198:
1136:HW_Lib/STM32H7/HAL_Lib/STM32H7xx_HAL_Driver/Src/stm32h7xx_hal_tim_ex.c **** 
1137:HW_Lib/STM32H7/HAL_Lib/STM32H7xx_HAL_Driver/Src/stm32h7xx_hal_tim_ex.c ****   /* Enable the complementary PWM output  */
1138:HW_Lib/STM32H7/HAL_Lib/STM32H7xx_HAL_Driver/Src/stm32h7xx_hal_tim_ex.c ****   TIM_CCxNChannelCmd(htim->Instance, Channel, TIM_CCxN_ENABLE);
 3193              		.loc 1 1138 3 is_stmt 1
 3194 00aa 7B68     		ldr	r3, [r7, #4]
 3195 00ac 1B68     		ldr	r3, [r3]
 3196 00ae 0422     		movs	r2, #4
 3197 00b0 3968     		ldr	r1, [r7]
 3198 00b2 1846     		mov	r0, r3
 3199 00b4 FFF7FEFF 		bl	TIM_CCxNChannelCmd
1139:HW_Lib/STM32H7/HAL_Lib/STM32H7xx_HAL_Driver/Src/stm32h7xx_hal_tim_ex.c **** 
1140:HW_Lib/STM32H7/HAL_Lib/STM32H7xx_HAL_Driver/Src/stm32h7xx_hal_tim_ex.c ****   /* Enable the Main Output */
1141:HW_Lib/STM32H7/HAL_Lib/STM32H7xx_HAL_Driver/Src/stm32h7xx_hal_tim_ex.c ****   __HAL_TIM_MOE_ENABLE(htim);
 3200              		.loc 1 1141 3
 3201 00b8 7B68     		ldr	r3, [r7, #4]
 3202 00ba 1B68     		ldr	r3, [r3]
 3203 00bc 5A6C     		ldr	r2, [r3, #68]
 3204 00be 7B68     		ldr	r3, [r7, #4]
 3205 00c0 1B68     		ldr	r3, [r3]
 3206 00c2 42F40042 		orr	r2, r2, #32768
 3207 00c6 5A64     		str	r2, [r3, #68]
1142:HW_Lib/STM32H7/HAL_Lib/STM32H7xx_HAL_Driver/Src/stm32h7xx_hal_tim_ex.c **** 
1143:HW_Lib/STM32H7/HAL_Lib/STM32H7xx_HAL_Driver/Src/stm32h7xx_hal_tim_ex.c ****   /* Enable the Peripheral, except in trigger mode where enable is automatically done with trigger 
1144:HW_Lib/STM32H7/HAL_Lib/STM32H7xx_HAL_Driver/Src/stm32h7xx_hal_tim_ex.c ****   if (IS_TIM_SLAVE_INSTANCE(htim->Instance))
ARM GAS  C:\Users\HUAV\AppData\Local\Temp\ccIqAtUa.s 			page 77


 3208              		.loc 1 1144 7
 3209 00c8 7B68     		ldr	r3, [r7, #4]
 3210 00ca 1B68     		ldr	r3, [r3]
 3211              		.loc 1 1144 6
 3212 00cc 254A     		ldr	r2, .L208
 3213 00ce 9342     		cmp	r3, r2
 3214 00d0 22D0     		beq	.L203
 3215              		.loc 1 1144 7 discriminator 1
 3216 00d2 7B68     		ldr	r3, [r7, #4]
 3217 00d4 1B68     		ldr	r3, [r3]
 3218 00d6 B3F1804F 		cmp	r3, #1073741824
 3219 00da 1DD0     		beq	.L203
 3220              		.loc 1 1144 7 is_stmt 0 discriminator 2
 3221 00dc 7B68     		ldr	r3, [r7, #4]
 3222 00de 1B68     		ldr	r3, [r3]
 3223 00e0 214A     		ldr	r2, .L208+4
 3224 00e2 9342     		cmp	r3, r2
 3225 00e4 18D0     		beq	.L203
 3226              		.loc 1 1144 7 discriminator 3
 3227 00e6 7B68     		ldr	r3, [r7, #4]
 3228 00e8 1B68     		ldr	r3, [r3]
 3229 00ea 204A     		ldr	r2, .L208+8
 3230 00ec 9342     		cmp	r3, r2
 3231 00ee 13D0     		beq	.L203
 3232              		.loc 1 1144 7 discriminator 4
 3233 00f0 7B68     		ldr	r3, [r7, #4]
 3234 00f2 1B68     		ldr	r3, [r3]
 3235 00f4 1E4A     		ldr	r2, .L208+12
 3236 00f6 9342     		cmp	r3, r2
 3237 00f8 0ED0     		beq	.L203
 3238              		.loc 1 1144 7 discriminator 5
 3239 00fa 7B68     		ldr	r3, [r7, #4]
 3240 00fc 1B68     		ldr	r3, [r3]
 3241 00fe 1D4A     		ldr	r2, .L208+16
 3242 0100 9342     		cmp	r3, r2
 3243 0102 09D0     		beq	.L203
 3244              		.loc 1 1144 7 discriminator 6
 3245 0104 7B68     		ldr	r3, [r7, #4]
 3246 0106 1B68     		ldr	r3, [r3]
 3247 0108 1B4A     		ldr	r2, .L208+20
 3248 010a 9342     		cmp	r3, r2
 3249 010c 04D0     		beq	.L203
 3250              		.loc 1 1144 7 discriminator 7
 3251 010e 7B68     		ldr	r3, [r7, #4]
 3252 0110 1B68     		ldr	r3, [r3]
 3253 0112 1A4A     		ldr	r2, .L208+24
 3254 0114 9342     		cmp	r3, r2
 3255 0116 15D1     		bne	.L204
 3256              	.L203:
1145:HW_Lib/STM32H7/HAL_Lib/STM32H7xx_HAL_Driver/Src/stm32h7xx_hal_tim_ex.c ****   {
1146:HW_Lib/STM32H7/HAL_Lib/STM32H7xx_HAL_Driver/Src/stm32h7xx_hal_tim_ex.c ****     tmpsmcr = htim->Instance->SMCR & TIM_SMCR_SMS;
 3257              		.loc 1 1146 19 is_stmt 1
 3258 0118 7B68     		ldr	r3, [r7, #4]
 3259 011a 1B68     		ldr	r3, [r3]
 3260              		.loc 1 1146 29
 3261 011c 9A68     		ldr	r2, [r3, #8]
 3262              		.loc 1 1146 13
ARM GAS  C:\Users\HUAV\AppData\Local\Temp\ccIqAtUa.s 			page 78


 3263 011e 184B     		ldr	r3, .L208+28
 3264 0120 1340     		ands	r3, r3, r2
 3265 0122 FB60     		str	r3, [r7, #12]
1147:HW_Lib/STM32H7/HAL_Lib/STM32H7xx_HAL_Driver/Src/stm32h7xx_hal_tim_ex.c ****     if (!IS_TIM_SLAVEMODE_TRIGGER_ENABLED(tmpsmcr))
 3266              		.loc 1 1147 8
 3267 0124 FB68     		ldr	r3, [r7, #12]
 3268 0126 062B     		cmp	r3, #6
 3269 0128 15D0     		beq	.L207
 3270              		.loc 1 1147 9 discriminator 1
 3271 012a FB68     		ldr	r3, [r7, #12]
 3272 012c B3F5803F 		cmp	r3, #65536
 3273 0130 11D0     		beq	.L207
1148:HW_Lib/STM32H7/HAL_Lib/STM32H7xx_HAL_Driver/Src/stm32h7xx_hal_tim_ex.c ****     {
1149:HW_Lib/STM32H7/HAL_Lib/STM32H7xx_HAL_Driver/Src/stm32h7xx_hal_tim_ex.c ****       __HAL_TIM_ENABLE(htim);
 3274              		.loc 1 1149 7
 3275 0132 7B68     		ldr	r3, [r7, #4]
 3276 0134 1B68     		ldr	r3, [r3]
 3277 0136 1A68     		ldr	r2, [r3]
 3278 0138 7B68     		ldr	r3, [r7, #4]
 3279 013a 1B68     		ldr	r3, [r3]
 3280 013c 42F00102 		orr	r2, r2, #1
 3281 0140 1A60     		str	r2, [r3]
1147:HW_Lib/STM32H7/HAL_Lib/STM32H7xx_HAL_Driver/Src/stm32h7xx_hal_tim_ex.c ****     if (!IS_TIM_SLAVEMODE_TRIGGER_ENABLED(tmpsmcr))
 3282              		.loc 1 1147 8
 3283 0142 08E0     		b	.L207
 3284              	.L204:
1150:HW_Lib/STM32H7/HAL_Lib/STM32H7xx_HAL_Driver/Src/stm32h7xx_hal_tim_ex.c ****     }
1151:HW_Lib/STM32H7/HAL_Lib/STM32H7xx_HAL_Driver/Src/stm32h7xx_hal_tim_ex.c ****   }
1152:HW_Lib/STM32H7/HAL_Lib/STM32H7xx_HAL_Driver/Src/stm32h7xx_hal_tim_ex.c ****   else
1153:HW_Lib/STM32H7/HAL_Lib/STM32H7xx_HAL_Driver/Src/stm32h7xx_hal_tim_ex.c ****   {
1154:HW_Lib/STM32H7/HAL_Lib/STM32H7xx_HAL_Driver/Src/stm32h7xx_hal_tim_ex.c ****     __HAL_TIM_ENABLE(htim);
 3285              		.loc 1 1154 5
 3286 0144 7B68     		ldr	r3, [r7, #4]
 3287 0146 1B68     		ldr	r3, [r3]
 3288 0148 1A68     		ldr	r2, [r3]
 3289 014a 7B68     		ldr	r3, [r7, #4]
 3290 014c 1B68     		ldr	r3, [r3]
 3291 014e 42F00102 		orr	r2, r2, #1
 3292 0152 1A60     		str	r2, [r3]
 3293 0154 00E0     		b	.L206
 3294              	.L207:
1147:HW_Lib/STM32H7/HAL_Lib/STM32H7xx_HAL_Driver/Src/stm32h7xx_hal_tim_ex.c ****     {
 3295              		.loc 1 1147 8
 3296 0156 00BF     		nop
 3297              	.L206:
1155:HW_Lib/STM32H7/HAL_Lib/STM32H7xx_HAL_Driver/Src/stm32h7xx_hal_tim_ex.c ****   }
1156:HW_Lib/STM32H7/HAL_Lib/STM32H7xx_HAL_Driver/Src/stm32h7xx_hal_tim_ex.c **** 
1157:HW_Lib/STM32H7/HAL_Lib/STM32H7xx_HAL_Driver/Src/stm32h7xx_hal_tim_ex.c ****   /* Return function status */
1158:HW_Lib/STM32H7/HAL_Lib/STM32H7xx_HAL_Driver/Src/stm32h7xx_hal_tim_ex.c ****   return HAL_OK;
 3298              		.loc 1 1158 10
 3299 0158 0023     		movs	r3, #0
 3300              	.L196:
1159:HW_Lib/STM32H7/HAL_Lib/STM32H7xx_HAL_Driver/Src/stm32h7xx_hal_tim_ex.c **** }
 3301              		.loc 1 1159 1
 3302 015a 1846     		mov	r0, r3
 3303 015c 1037     		adds	r7, r7, #16
 3304              	.LCFI85:
ARM GAS  C:\Users\HUAV\AppData\Local\Temp\ccIqAtUa.s 			page 79


 3305              		.cfi_def_cfa_offset 8
 3306 015e BD46     		mov	sp, r7
 3307              	.LCFI86:
 3308              		.cfi_def_cfa_register 13
 3309              		@ sp needed
 3310 0160 80BD     		pop	{r7, pc}
 3311              	.L209:
 3312 0162 00BF     		.align	2
 3313              	.L208:
 3314 0164 00000140 		.word	1073807360
 3315 0168 00040040 		.word	1073742848
 3316 016c 00080040 		.word	1073743872
 3317 0170 000C0040 		.word	1073744896
 3318 0174 00040140 		.word	1073808384
 3319 0178 00180040 		.word	1073747968
 3320 017c 00400140 		.word	1073823744
 3321 0180 07000100 		.word	65543
 3322              		.cfi_endproc
 3323              	.LFE349:
 3325              		.section	.text.HAL_TIMEx_PWMN_Stop,"ax",%progbits
 3326              		.align	1
 3327              		.global	HAL_TIMEx_PWMN_Stop
 3328              		.syntax unified
 3329              		.thumb
 3330              		.thumb_func
 3332              	HAL_TIMEx_PWMN_Stop:
 3333              	.LFB350:
1160:HW_Lib/STM32H7/HAL_Lib/STM32H7xx_HAL_Driver/Src/stm32h7xx_hal_tim_ex.c **** 
1161:HW_Lib/STM32H7/HAL_Lib/STM32H7xx_HAL_Driver/Src/stm32h7xx_hal_tim_ex.c **** /**
1162:HW_Lib/STM32H7/HAL_Lib/STM32H7xx_HAL_Driver/Src/stm32h7xx_hal_tim_ex.c ****   * @brief  Stops the PWM signal generation on the complementary output.
1163:HW_Lib/STM32H7/HAL_Lib/STM32H7xx_HAL_Driver/Src/stm32h7xx_hal_tim_ex.c ****   * @param  htim TIM handle
1164:HW_Lib/STM32H7/HAL_Lib/STM32H7xx_HAL_Driver/Src/stm32h7xx_hal_tim_ex.c ****   * @param  Channel TIM Channel to be disabled
1165:HW_Lib/STM32H7/HAL_Lib/STM32H7xx_HAL_Driver/Src/stm32h7xx_hal_tim_ex.c ****   *          This parameter can be one of the following values:
1166:HW_Lib/STM32H7/HAL_Lib/STM32H7xx_HAL_Driver/Src/stm32h7xx_hal_tim_ex.c ****   *            @arg TIM_CHANNEL_1: TIM Channel 1 selected
1167:HW_Lib/STM32H7/HAL_Lib/STM32H7xx_HAL_Driver/Src/stm32h7xx_hal_tim_ex.c ****   *            @arg TIM_CHANNEL_2: TIM Channel 2 selected
1168:HW_Lib/STM32H7/HAL_Lib/STM32H7xx_HAL_Driver/Src/stm32h7xx_hal_tim_ex.c ****   *            @arg TIM_CHANNEL_3: TIM Channel 3 selected
1169:HW_Lib/STM32H7/HAL_Lib/STM32H7xx_HAL_Driver/Src/stm32h7xx_hal_tim_ex.c ****   * @retval HAL status
1170:HW_Lib/STM32H7/HAL_Lib/STM32H7xx_HAL_Driver/Src/stm32h7xx_hal_tim_ex.c ****   */
1171:HW_Lib/STM32H7/HAL_Lib/STM32H7xx_HAL_Driver/Src/stm32h7xx_hal_tim_ex.c **** HAL_StatusTypeDef HAL_TIMEx_PWMN_Stop(TIM_HandleTypeDef *htim, uint32_t Channel)
1172:HW_Lib/STM32H7/HAL_Lib/STM32H7xx_HAL_Driver/Src/stm32h7xx_hal_tim_ex.c **** {
 3334              		.loc 1 1172 1
 3335              		.cfi_startproc
 3336              		@ args = 0, pretend = 0, frame = 8
 3337              		@ frame_needed = 1, uses_anonymous_args = 0
 3338 0000 80B5     		push	{r7, lr}
 3339              	.LCFI87:
 3340              		.cfi_def_cfa_offset 8
 3341              		.cfi_offset 7, -8
 3342              		.cfi_offset 14, -4
 3343 0002 82B0     		sub	sp, sp, #8
 3344              	.LCFI88:
 3345              		.cfi_def_cfa_offset 16
 3346 0004 00AF     		add	r7, sp, #0
 3347              	.LCFI89:
 3348              		.cfi_def_cfa_register 7
 3349 0006 7860     		str	r0, [r7, #4]
 3350 0008 3960     		str	r1, [r7]
ARM GAS  C:\Users\HUAV\AppData\Local\Temp\ccIqAtUa.s 			page 80


1173:HW_Lib/STM32H7/HAL_Lib/STM32H7xx_HAL_Driver/Src/stm32h7xx_hal_tim_ex.c ****   /* Check the parameters */
1174:HW_Lib/STM32H7/HAL_Lib/STM32H7xx_HAL_Driver/Src/stm32h7xx_hal_tim_ex.c ****   assert_param(IS_TIM_CCXN_INSTANCE(htim->Instance, Channel));
1175:HW_Lib/STM32H7/HAL_Lib/STM32H7xx_HAL_Driver/Src/stm32h7xx_hal_tim_ex.c **** 
1176:HW_Lib/STM32H7/HAL_Lib/STM32H7xx_HAL_Driver/Src/stm32h7xx_hal_tim_ex.c ****   /* Disable the complementary PWM output  */
1177:HW_Lib/STM32H7/HAL_Lib/STM32H7xx_HAL_Driver/Src/stm32h7xx_hal_tim_ex.c ****   TIM_CCxNChannelCmd(htim->Instance, Channel, TIM_CCxN_DISABLE);
 3351              		.loc 1 1177 3
 3352 000a 7B68     		ldr	r3, [r7, #4]
 3353 000c 1B68     		ldr	r3, [r3]
 3354 000e 0022     		movs	r2, #0
 3355 0010 3968     		ldr	r1, [r7]
 3356 0012 1846     		mov	r0, r3
 3357 0014 FFF7FEFF 		bl	TIM_CCxNChannelCmd
1178:HW_Lib/STM32H7/HAL_Lib/STM32H7xx_HAL_Driver/Src/stm32h7xx_hal_tim_ex.c **** 
1179:HW_Lib/STM32H7/HAL_Lib/STM32H7xx_HAL_Driver/Src/stm32h7xx_hal_tim_ex.c ****   /* Disable the Main Output */
1180:HW_Lib/STM32H7/HAL_Lib/STM32H7xx_HAL_Driver/Src/stm32h7xx_hal_tim_ex.c ****   __HAL_TIM_MOE_DISABLE(htim);
 3358              		.loc 1 1180 3
 3359 0018 7B68     		ldr	r3, [r7, #4]
 3360 001a 1B68     		ldr	r3, [r3]
 3361 001c 1A6A     		ldr	r2, [r3, #32]
 3362 001e 41F21113 		movw	r3, #4369
 3363 0022 1340     		ands	r3, r3, r2
 3364 0024 002B     		cmp	r3, #0
 3365 0026 0FD1     		bne	.L211
 3366              		.loc 1 1180 3 is_stmt 0 discriminator 1
 3367 0028 7B68     		ldr	r3, [r7, #4]
 3368 002a 1B68     		ldr	r3, [r3]
 3369 002c 1A6A     		ldr	r2, [r3, #32]
 3370 002e 40F24443 		movw	r3, #1092
 3371 0032 1340     		ands	r3, r3, r2
 3372 0034 002B     		cmp	r3, #0
 3373 0036 07D1     		bne	.L211
 3374              		.loc 1 1180 3 discriminator 2
 3375 0038 7B68     		ldr	r3, [r7, #4]
 3376 003a 1B68     		ldr	r3, [r3]
 3377 003c 5A6C     		ldr	r2, [r3, #68]
 3378 003e 7B68     		ldr	r3, [r7, #4]
 3379 0040 1B68     		ldr	r3, [r3]
 3380 0042 22F40042 		bic	r2, r2, #32768
 3381 0046 5A64     		str	r2, [r3, #68]
 3382              	.L211:
1181:HW_Lib/STM32H7/HAL_Lib/STM32H7xx_HAL_Driver/Src/stm32h7xx_hal_tim_ex.c **** 
1182:HW_Lib/STM32H7/HAL_Lib/STM32H7xx_HAL_Driver/Src/stm32h7xx_hal_tim_ex.c ****   /* Disable the Peripheral */
1183:HW_Lib/STM32H7/HAL_Lib/STM32H7xx_HAL_Driver/Src/stm32h7xx_hal_tim_ex.c ****   __HAL_TIM_DISABLE(htim);
 3383              		.loc 1 1183 3 is_stmt 1
 3384 0048 7B68     		ldr	r3, [r7, #4]
 3385 004a 1B68     		ldr	r3, [r3]
 3386 004c 1A6A     		ldr	r2, [r3, #32]
 3387 004e 41F21113 		movw	r3, #4369
 3388 0052 1340     		ands	r3, r3, r2
 3389 0054 002B     		cmp	r3, #0
 3390 0056 0FD1     		bne	.L212
 3391              		.loc 1 1183 3 is_stmt 0 discriminator 1
 3392 0058 7B68     		ldr	r3, [r7, #4]
 3393 005a 1B68     		ldr	r3, [r3]
 3394 005c 1A6A     		ldr	r2, [r3, #32]
 3395 005e 40F24443 		movw	r3, #1092
 3396 0062 1340     		ands	r3, r3, r2
ARM GAS  C:\Users\HUAV\AppData\Local\Temp\ccIqAtUa.s 			page 81


 3397 0064 002B     		cmp	r3, #0
 3398 0066 07D1     		bne	.L212
 3399              		.loc 1 1183 3 discriminator 2
 3400 0068 7B68     		ldr	r3, [r7, #4]
 3401 006a 1B68     		ldr	r3, [r3]
 3402 006c 1A68     		ldr	r2, [r3]
 3403 006e 7B68     		ldr	r3, [r7, #4]
 3404 0070 1B68     		ldr	r3, [r3]
 3405 0072 22F00102 		bic	r2, r2, #1
 3406 0076 1A60     		str	r2, [r3]
 3407              	.L212:
1184:HW_Lib/STM32H7/HAL_Lib/STM32H7xx_HAL_Driver/Src/stm32h7xx_hal_tim_ex.c **** 
1185:HW_Lib/STM32H7/HAL_Lib/STM32H7xx_HAL_Driver/Src/stm32h7xx_hal_tim_ex.c ****   /* Set the TIM complementary channel state */
1186:HW_Lib/STM32H7/HAL_Lib/STM32H7xx_HAL_Driver/Src/stm32h7xx_hal_tim_ex.c ****   TIM_CHANNEL_N_STATE_SET(htim, Channel, HAL_TIM_CHANNEL_STATE_READY);
 3408              		.loc 1 1186 3 is_stmt 1
 3409 0078 3B68     		ldr	r3, [r7]
 3410 007a 002B     		cmp	r3, #0
 3411 007c 04D1     		bne	.L213
 3412              		.loc 1 1186 3 is_stmt 0 discriminator 1
 3413 007e 7B68     		ldr	r3, [r7, #4]
 3414 0080 0122     		movs	r2, #1
 3415 0082 83F84420 		strb	r2, [r3, #68]
 3416 0086 13E0     		b	.L214
 3417              	.L213:
 3418              		.loc 1 1186 3 discriminator 2
 3419 0088 3B68     		ldr	r3, [r7]
 3420 008a 042B     		cmp	r3, #4
 3421 008c 04D1     		bne	.L215
 3422              		.loc 1 1186 3 discriminator 3
 3423 008e 7B68     		ldr	r3, [r7, #4]
 3424 0090 0122     		movs	r2, #1
 3425 0092 83F84520 		strb	r2, [r3, #69]
 3426 0096 0BE0     		b	.L214
 3427              	.L215:
 3428              		.loc 1 1186 3 discriminator 4
 3429 0098 3B68     		ldr	r3, [r7]
 3430 009a 082B     		cmp	r3, #8
 3431 009c 04D1     		bne	.L217
 3432              		.loc 1 1186 3 discriminator 6
 3433 009e 7B68     		ldr	r3, [r7, #4]
 3434 00a0 0122     		movs	r2, #1
 3435 00a2 83F84620 		strb	r2, [r3, #70]
 3436 00a6 03E0     		b	.L214
 3437              	.L217:
 3438              		.loc 1 1186 3 discriminator 7
 3439 00a8 7B68     		ldr	r3, [r7, #4]
 3440 00aa 0122     		movs	r2, #1
 3441 00ac 83F84720 		strb	r2, [r3, #71]
 3442              	.L214:
1187:HW_Lib/STM32H7/HAL_Lib/STM32H7xx_HAL_Driver/Src/stm32h7xx_hal_tim_ex.c **** 
1188:HW_Lib/STM32H7/HAL_Lib/STM32H7xx_HAL_Driver/Src/stm32h7xx_hal_tim_ex.c ****   /* Return function status */
1189:HW_Lib/STM32H7/HAL_Lib/STM32H7xx_HAL_Driver/Src/stm32h7xx_hal_tim_ex.c ****   return HAL_OK;
 3443              		.loc 1 1189 10 is_stmt 1
 3444 00b0 0023     		movs	r3, #0
1190:HW_Lib/STM32H7/HAL_Lib/STM32H7xx_HAL_Driver/Src/stm32h7xx_hal_tim_ex.c **** }
 3445              		.loc 1 1190 1
 3446 00b2 1846     		mov	r0, r3
ARM GAS  C:\Users\HUAV\AppData\Local\Temp\ccIqAtUa.s 			page 82


 3447 00b4 0837     		adds	r7, r7, #8
 3448              	.LCFI90:
 3449              		.cfi_def_cfa_offset 8
 3450 00b6 BD46     		mov	sp, r7
 3451              	.LCFI91:
 3452              		.cfi_def_cfa_register 13
 3453              		@ sp needed
 3454 00b8 80BD     		pop	{r7, pc}
 3455              		.cfi_endproc
 3456              	.LFE350:
 3458              		.section	.text.HAL_TIMEx_PWMN_Start_IT,"ax",%progbits
 3459              		.align	1
 3460              		.global	HAL_TIMEx_PWMN_Start_IT
 3461              		.syntax unified
 3462              		.thumb
 3463              		.thumb_func
 3465              	HAL_TIMEx_PWMN_Start_IT:
 3466              	.LFB351:
1191:HW_Lib/STM32H7/HAL_Lib/STM32H7xx_HAL_Driver/Src/stm32h7xx_hal_tim_ex.c **** 
1192:HW_Lib/STM32H7/HAL_Lib/STM32H7xx_HAL_Driver/Src/stm32h7xx_hal_tim_ex.c **** /**
1193:HW_Lib/STM32H7/HAL_Lib/STM32H7xx_HAL_Driver/Src/stm32h7xx_hal_tim_ex.c ****   * @brief  Starts the PWM signal generation in interrupt mode on the
1194:HW_Lib/STM32H7/HAL_Lib/STM32H7xx_HAL_Driver/Src/stm32h7xx_hal_tim_ex.c ****   *         complementary output.
1195:HW_Lib/STM32H7/HAL_Lib/STM32H7xx_HAL_Driver/Src/stm32h7xx_hal_tim_ex.c ****   * @param  htim TIM handle
1196:HW_Lib/STM32H7/HAL_Lib/STM32H7xx_HAL_Driver/Src/stm32h7xx_hal_tim_ex.c ****   * @param  Channel TIM Channel to be disabled
1197:HW_Lib/STM32H7/HAL_Lib/STM32H7xx_HAL_Driver/Src/stm32h7xx_hal_tim_ex.c ****   *          This parameter can be one of the following values:
1198:HW_Lib/STM32H7/HAL_Lib/STM32H7xx_HAL_Driver/Src/stm32h7xx_hal_tim_ex.c ****   *            @arg TIM_CHANNEL_1: TIM Channel 1 selected
1199:HW_Lib/STM32H7/HAL_Lib/STM32H7xx_HAL_Driver/Src/stm32h7xx_hal_tim_ex.c ****   *            @arg TIM_CHANNEL_2: TIM Channel 2 selected
1200:HW_Lib/STM32H7/HAL_Lib/STM32H7xx_HAL_Driver/Src/stm32h7xx_hal_tim_ex.c ****   *            @arg TIM_CHANNEL_3: TIM Channel 3 selected
1201:HW_Lib/STM32H7/HAL_Lib/STM32H7xx_HAL_Driver/Src/stm32h7xx_hal_tim_ex.c ****   * @retval HAL status
1202:HW_Lib/STM32H7/HAL_Lib/STM32H7xx_HAL_Driver/Src/stm32h7xx_hal_tim_ex.c ****   */
1203:HW_Lib/STM32H7/HAL_Lib/STM32H7xx_HAL_Driver/Src/stm32h7xx_hal_tim_ex.c **** HAL_StatusTypeDef HAL_TIMEx_PWMN_Start_IT(TIM_HandleTypeDef *htim, uint32_t Channel)
1204:HW_Lib/STM32H7/HAL_Lib/STM32H7xx_HAL_Driver/Src/stm32h7xx_hal_tim_ex.c **** {
 3467              		.loc 1 1204 1
 3468              		.cfi_startproc
 3469              		@ args = 0, pretend = 0, frame = 16
 3470              		@ frame_needed = 1, uses_anonymous_args = 0
 3471 0000 80B5     		push	{r7, lr}
 3472              	.LCFI92:
 3473              		.cfi_def_cfa_offset 8
 3474              		.cfi_offset 7, -8
 3475              		.cfi_offset 14, -4
 3476 0002 84B0     		sub	sp, sp, #16
 3477              	.LCFI93:
 3478              		.cfi_def_cfa_offset 24
 3479 0004 00AF     		add	r7, sp, #0
 3480              	.LCFI94:
 3481              		.cfi_def_cfa_register 7
 3482 0006 7860     		str	r0, [r7, #4]
 3483 0008 3960     		str	r1, [r7]
1205:HW_Lib/STM32H7/HAL_Lib/STM32H7xx_HAL_Driver/Src/stm32h7xx_hal_tim_ex.c ****   HAL_StatusTypeDef status = HAL_OK;
 3484              		.loc 1 1205 21
 3485 000a 0023     		movs	r3, #0
 3486 000c FB73     		strb	r3, [r7, #15]
1206:HW_Lib/STM32H7/HAL_Lib/STM32H7xx_HAL_Driver/Src/stm32h7xx_hal_tim_ex.c ****   uint32_t tmpsmcr;
1207:HW_Lib/STM32H7/HAL_Lib/STM32H7xx_HAL_Driver/Src/stm32h7xx_hal_tim_ex.c **** 
1208:HW_Lib/STM32H7/HAL_Lib/STM32H7xx_HAL_Driver/Src/stm32h7xx_hal_tim_ex.c ****   /* Check the parameters */
1209:HW_Lib/STM32H7/HAL_Lib/STM32H7xx_HAL_Driver/Src/stm32h7xx_hal_tim_ex.c ****   assert_param(IS_TIM_CCXN_INSTANCE(htim->Instance, Channel));
ARM GAS  C:\Users\HUAV\AppData\Local\Temp\ccIqAtUa.s 			page 83


1210:HW_Lib/STM32H7/HAL_Lib/STM32H7xx_HAL_Driver/Src/stm32h7xx_hal_tim_ex.c **** 
1211:HW_Lib/STM32H7/HAL_Lib/STM32H7xx_HAL_Driver/Src/stm32h7xx_hal_tim_ex.c ****   /* Check the TIM complementary channel state */
1212:HW_Lib/STM32H7/HAL_Lib/STM32H7xx_HAL_Driver/Src/stm32h7xx_hal_tim_ex.c ****   if (TIM_CHANNEL_N_STATE_GET(htim, Channel) != HAL_TIM_CHANNEL_STATE_READY)
 3487              		.loc 1 1212 46
 3488 000e 3B68     		ldr	r3, [r7]
 3489 0010 002B     		cmp	r3, #0
 3490 0012 09D1     		bne	.L221
 3491              		.loc 1 1212 7 discriminator 1
 3492 0014 7B68     		ldr	r3, [r7, #4]
 3493 0016 93F84430 		ldrb	r3, [r3, #68]
 3494 001a DBB2     		uxtb	r3, r3
 3495              		.loc 1 1212 46 discriminator 1
 3496 001c 012B     		cmp	r3, #1
 3497 001e 14BF     		ite	ne
 3498 0020 0123     		movne	r3, #1
 3499 0022 0023     		moveq	r3, #0
 3500 0024 DBB2     		uxtb	r3, r3
 3501 0026 22E0     		b	.L222
 3502              	.L221:
 3503              		.loc 1 1212 46 is_stmt 0 discriminator 2
 3504 0028 3B68     		ldr	r3, [r7]
 3505 002a 042B     		cmp	r3, #4
 3506 002c 09D1     		bne	.L223
 3507              		.loc 1 1212 7 is_stmt 1 discriminator 4
 3508 002e 7B68     		ldr	r3, [r7, #4]
 3509 0030 93F84530 		ldrb	r3, [r3, #69]
 3510 0034 DBB2     		uxtb	r3, r3
 3511              		.loc 1 1212 46 discriminator 4
 3512 0036 012B     		cmp	r3, #1
 3513 0038 14BF     		ite	ne
 3514 003a 0123     		movne	r3, #1
 3515 003c 0023     		moveq	r3, #0
 3516 003e DBB2     		uxtb	r3, r3
 3517 0040 15E0     		b	.L222
 3518              	.L223:
 3519              		.loc 1 1212 46 is_stmt 0 discriminator 5
 3520 0042 3B68     		ldr	r3, [r7]
 3521 0044 082B     		cmp	r3, #8
 3522 0046 09D1     		bne	.L225
 3523              		.loc 1 1212 7 is_stmt 1 discriminator 7
 3524 0048 7B68     		ldr	r3, [r7, #4]
 3525 004a 93F84630 		ldrb	r3, [r3, #70]
 3526 004e DBB2     		uxtb	r3, r3
 3527              		.loc 1 1212 46 discriminator 7
 3528 0050 012B     		cmp	r3, #1
 3529 0052 14BF     		ite	ne
 3530 0054 0123     		movne	r3, #1
 3531 0056 0023     		moveq	r3, #0
 3532 0058 DBB2     		uxtb	r3, r3
 3533 005a 08E0     		b	.L222
 3534              	.L225:
 3535              		.loc 1 1212 7 discriminator 8
 3536 005c 7B68     		ldr	r3, [r7, #4]
 3537 005e 93F84730 		ldrb	r3, [r3, #71]
 3538 0062 DBB2     		uxtb	r3, r3
 3539              		.loc 1 1212 46 discriminator 8
 3540 0064 012B     		cmp	r3, #1
ARM GAS  C:\Users\HUAV\AppData\Local\Temp\ccIqAtUa.s 			page 84


 3541 0066 14BF     		ite	ne
 3542 0068 0123     		movne	r3, #1
 3543 006a 0023     		moveq	r3, #0
 3544 006c DBB2     		uxtb	r3, r3
 3545              	.L222:
 3546              		.loc 1 1212 6 discriminator 12
 3547 006e 002B     		cmp	r3, #0
 3548 0070 01D0     		beq	.L227
1213:HW_Lib/STM32H7/HAL_Lib/STM32H7xx_HAL_Driver/Src/stm32h7xx_hal_tim_ex.c ****   {
1214:HW_Lib/STM32H7/HAL_Lib/STM32H7xx_HAL_Driver/Src/stm32h7xx_hal_tim_ex.c ****     return HAL_ERROR;
 3549              		.loc 1 1214 12
 3550 0072 0123     		movs	r3, #1
 3551 0074 A9E0     		b	.L228
 3552              	.L227:
1215:HW_Lib/STM32H7/HAL_Lib/STM32H7xx_HAL_Driver/Src/stm32h7xx_hal_tim_ex.c ****   }
1216:HW_Lib/STM32H7/HAL_Lib/STM32H7xx_HAL_Driver/Src/stm32h7xx_hal_tim_ex.c **** 
1217:HW_Lib/STM32H7/HAL_Lib/STM32H7xx_HAL_Driver/Src/stm32h7xx_hal_tim_ex.c ****   /* Set the TIM complementary channel state */
1218:HW_Lib/STM32H7/HAL_Lib/STM32H7xx_HAL_Driver/Src/stm32h7xx_hal_tim_ex.c ****   TIM_CHANNEL_N_STATE_SET(htim, Channel, HAL_TIM_CHANNEL_STATE_BUSY);
 3553              		.loc 1 1218 3
 3554 0076 3B68     		ldr	r3, [r7]
 3555 0078 002B     		cmp	r3, #0
 3556 007a 04D1     		bne	.L229
 3557              		.loc 1 1218 3 is_stmt 0 discriminator 1
 3558 007c 7B68     		ldr	r3, [r7, #4]
 3559 007e 0222     		movs	r2, #2
 3560 0080 83F84420 		strb	r2, [r3, #68]
 3561 0084 13E0     		b	.L230
 3562              	.L229:
 3563              		.loc 1 1218 3 discriminator 2
 3564 0086 3B68     		ldr	r3, [r7]
 3565 0088 042B     		cmp	r3, #4
 3566 008a 04D1     		bne	.L231
 3567              		.loc 1 1218 3 discriminator 3
 3568 008c 7B68     		ldr	r3, [r7, #4]
 3569 008e 0222     		movs	r2, #2
 3570 0090 83F84520 		strb	r2, [r3, #69]
 3571 0094 0BE0     		b	.L230
 3572              	.L231:
 3573              		.loc 1 1218 3 discriminator 4
 3574 0096 3B68     		ldr	r3, [r7]
 3575 0098 082B     		cmp	r3, #8
 3576 009a 04D1     		bne	.L233
 3577              		.loc 1 1218 3 discriminator 6
 3578 009c 7B68     		ldr	r3, [r7, #4]
 3579 009e 0222     		movs	r2, #2
 3580 00a0 83F84620 		strb	r2, [r3, #70]
 3581 00a4 03E0     		b	.L230
 3582              	.L233:
 3583              		.loc 1 1218 3 discriminator 7
 3584 00a6 7B68     		ldr	r3, [r7, #4]
 3585 00a8 0222     		movs	r2, #2
 3586 00aa 83F84720 		strb	r2, [r3, #71]
 3587              	.L230:
1219:HW_Lib/STM32H7/HAL_Lib/STM32H7xx_HAL_Driver/Src/stm32h7xx_hal_tim_ex.c **** 
1220:HW_Lib/STM32H7/HAL_Lib/STM32H7xx_HAL_Driver/Src/stm32h7xx_hal_tim_ex.c ****   switch (Channel)
 3588              		.loc 1 1220 3 is_stmt 1
 3589 00ae 3B68     		ldr	r3, [r7]
ARM GAS  C:\Users\HUAV\AppData\Local\Temp\ccIqAtUa.s 			page 85


 3590 00b0 082B     		cmp	r3, #8
 3591 00b2 1BD0     		beq	.L235
 3592 00b4 3B68     		ldr	r3, [r7]
 3593 00b6 082B     		cmp	r3, #8
 3594 00b8 21D8     		bhi	.L236
 3595 00ba 3B68     		ldr	r3, [r7]
 3596 00bc 002B     		cmp	r3, #0
 3597 00be 03D0     		beq	.L237
 3598 00c0 3B68     		ldr	r3, [r7]
 3599 00c2 042B     		cmp	r3, #4
 3600 00c4 09D0     		beq	.L238
 3601 00c6 1AE0     		b	.L236
 3602              	.L237:
1221:HW_Lib/STM32H7/HAL_Lib/STM32H7xx_HAL_Driver/Src/stm32h7xx_hal_tim_ex.c ****   {
1222:HW_Lib/STM32H7/HAL_Lib/STM32H7xx_HAL_Driver/Src/stm32h7xx_hal_tim_ex.c ****     case TIM_CHANNEL_1:
1223:HW_Lib/STM32H7/HAL_Lib/STM32H7xx_HAL_Driver/Src/stm32h7xx_hal_tim_ex.c ****     {
1224:HW_Lib/STM32H7/HAL_Lib/STM32H7xx_HAL_Driver/Src/stm32h7xx_hal_tim_ex.c ****       /* Enable the TIM Capture/Compare 1 interrupt */
1225:HW_Lib/STM32H7/HAL_Lib/STM32H7xx_HAL_Driver/Src/stm32h7xx_hal_tim_ex.c ****       __HAL_TIM_ENABLE_IT(htim, TIM_IT_CC1);
 3603              		.loc 1 1225 7
 3604 00c8 7B68     		ldr	r3, [r7, #4]
 3605 00ca 1B68     		ldr	r3, [r3]
 3606 00cc DA68     		ldr	r2, [r3, #12]
 3607 00ce 7B68     		ldr	r3, [r7, #4]
 3608 00d0 1B68     		ldr	r3, [r3]
 3609 00d2 42F00202 		orr	r2, r2, #2
 3610 00d6 DA60     		str	r2, [r3, #12]
1226:HW_Lib/STM32H7/HAL_Lib/STM32H7xx_HAL_Driver/Src/stm32h7xx_hal_tim_ex.c ****       break;
 3611              		.loc 1 1226 7
 3612 00d8 14E0     		b	.L239
 3613              	.L238:
1227:HW_Lib/STM32H7/HAL_Lib/STM32H7xx_HAL_Driver/Src/stm32h7xx_hal_tim_ex.c ****     }
1228:HW_Lib/STM32H7/HAL_Lib/STM32H7xx_HAL_Driver/Src/stm32h7xx_hal_tim_ex.c **** 
1229:HW_Lib/STM32H7/HAL_Lib/STM32H7xx_HAL_Driver/Src/stm32h7xx_hal_tim_ex.c ****     case TIM_CHANNEL_2:
1230:HW_Lib/STM32H7/HAL_Lib/STM32H7xx_HAL_Driver/Src/stm32h7xx_hal_tim_ex.c ****     {
1231:HW_Lib/STM32H7/HAL_Lib/STM32H7xx_HAL_Driver/Src/stm32h7xx_hal_tim_ex.c ****       /* Enable the TIM Capture/Compare 2 interrupt */
1232:HW_Lib/STM32H7/HAL_Lib/STM32H7xx_HAL_Driver/Src/stm32h7xx_hal_tim_ex.c ****       __HAL_TIM_ENABLE_IT(htim, TIM_IT_CC2);
 3614              		.loc 1 1232 7
 3615 00da 7B68     		ldr	r3, [r7, #4]
 3616 00dc 1B68     		ldr	r3, [r3]
 3617 00de DA68     		ldr	r2, [r3, #12]
 3618 00e0 7B68     		ldr	r3, [r7, #4]
 3619 00e2 1B68     		ldr	r3, [r3]
 3620 00e4 42F00402 		orr	r2, r2, #4
 3621 00e8 DA60     		str	r2, [r3, #12]
1233:HW_Lib/STM32H7/HAL_Lib/STM32H7xx_HAL_Driver/Src/stm32h7xx_hal_tim_ex.c ****       break;
 3622              		.loc 1 1233 7
 3623 00ea 0BE0     		b	.L239
 3624              	.L235:
1234:HW_Lib/STM32H7/HAL_Lib/STM32H7xx_HAL_Driver/Src/stm32h7xx_hal_tim_ex.c ****     }
1235:HW_Lib/STM32H7/HAL_Lib/STM32H7xx_HAL_Driver/Src/stm32h7xx_hal_tim_ex.c **** 
1236:HW_Lib/STM32H7/HAL_Lib/STM32H7xx_HAL_Driver/Src/stm32h7xx_hal_tim_ex.c ****     case TIM_CHANNEL_3:
1237:HW_Lib/STM32H7/HAL_Lib/STM32H7xx_HAL_Driver/Src/stm32h7xx_hal_tim_ex.c ****     {
1238:HW_Lib/STM32H7/HAL_Lib/STM32H7xx_HAL_Driver/Src/stm32h7xx_hal_tim_ex.c ****       /* Enable the TIM Capture/Compare 3 interrupt */
1239:HW_Lib/STM32H7/HAL_Lib/STM32H7xx_HAL_Driver/Src/stm32h7xx_hal_tim_ex.c ****       __HAL_TIM_ENABLE_IT(htim, TIM_IT_CC3);
 3625              		.loc 1 1239 7
 3626 00ec 7B68     		ldr	r3, [r7, #4]
 3627 00ee 1B68     		ldr	r3, [r3]
ARM GAS  C:\Users\HUAV\AppData\Local\Temp\ccIqAtUa.s 			page 86


 3628 00f0 DA68     		ldr	r2, [r3, #12]
 3629 00f2 7B68     		ldr	r3, [r7, #4]
 3630 00f4 1B68     		ldr	r3, [r3]
 3631 00f6 42F00802 		orr	r2, r2, #8
 3632 00fa DA60     		str	r2, [r3, #12]
1240:HW_Lib/STM32H7/HAL_Lib/STM32H7xx_HAL_Driver/Src/stm32h7xx_hal_tim_ex.c ****       break;
 3633              		.loc 1 1240 7
 3634 00fc 02E0     		b	.L239
 3635              	.L236:
1241:HW_Lib/STM32H7/HAL_Lib/STM32H7xx_HAL_Driver/Src/stm32h7xx_hal_tim_ex.c ****     }
1242:HW_Lib/STM32H7/HAL_Lib/STM32H7xx_HAL_Driver/Src/stm32h7xx_hal_tim_ex.c **** 
1243:HW_Lib/STM32H7/HAL_Lib/STM32H7xx_HAL_Driver/Src/stm32h7xx_hal_tim_ex.c ****     default:
1244:HW_Lib/STM32H7/HAL_Lib/STM32H7xx_HAL_Driver/Src/stm32h7xx_hal_tim_ex.c ****       status = HAL_ERROR;
 3636              		.loc 1 1244 14
 3637 00fe 0123     		movs	r3, #1
 3638 0100 FB73     		strb	r3, [r7, #15]
1245:HW_Lib/STM32H7/HAL_Lib/STM32H7xx_HAL_Driver/Src/stm32h7xx_hal_tim_ex.c ****       break;
 3639              		.loc 1 1245 7
 3640 0102 00BF     		nop
 3641              	.L239:
1246:HW_Lib/STM32H7/HAL_Lib/STM32H7xx_HAL_Driver/Src/stm32h7xx_hal_tim_ex.c ****   }
1247:HW_Lib/STM32H7/HAL_Lib/STM32H7xx_HAL_Driver/Src/stm32h7xx_hal_tim_ex.c **** 
1248:HW_Lib/STM32H7/HAL_Lib/STM32H7xx_HAL_Driver/Src/stm32h7xx_hal_tim_ex.c ****   if (status == HAL_OK)
 3642              		.loc 1 1248 6
 3643 0104 FB7B     		ldrb	r3, [r7, #15]	@ zero_extendqisi2
 3644 0106 002B     		cmp	r3, #0
 3645 0108 5ED1     		bne	.L240
1249:HW_Lib/STM32H7/HAL_Lib/STM32H7xx_HAL_Driver/Src/stm32h7xx_hal_tim_ex.c ****   {
1250:HW_Lib/STM32H7/HAL_Lib/STM32H7xx_HAL_Driver/Src/stm32h7xx_hal_tim_ex.c ****     /* Enable the TIM Break interrupt */
1251:HW_Lib/STM32H7/HAL_Lib/STM32H7xx_HAL_Driver/Src/stm32h7xx_hal_tim_ex.c ****     __HAL_TIM_ENABLE_IT(htim, TIM_IT_BREAK);
 3646              		.loc 1 1251 5
 3647 010a 7B68     		ldr	r3, [r7, #4]
 3648 010c 1B68     		ldr	r3, [r3]
 3649 010e DA68     		ldr	r2, [r3, #12]
 3650 0110 7B68     		ldr	r3, [r7, #4]
 3651 0112 1B68     		ldr	r3, [r3]
 3652 0114 42F08002 		orr	r2, r2, #128
 3653 0118 DA60     		str	r2, [r3, #12]
1252:HW_Lib/STM32H7/HAL_Lib/STM32H7xx_HAL_Driver/Src/stm32h7xx_hal_tim_ex.c **** 
1253:HW_Lib/STM32H7/HAL_Lib/STM32H7xx_HAL_Driver/Src/stm32h7xx_hal_tim_ex.c ****     /* Enable the complementary PWM output  */
1254:HW_Lib/STM32H7/HAL_Lib/STM32H7xx_HAL_Driver/Src/stm32h7xx_hal_tim_ex.c ****     TIM_CCxNChannelCmd(htim->Instance, Channel, TIM_CCxN_ENABLE);
 3654              		.loc 1 1254 5
 3655 011a 7B68     		ldr	r3, [r7, #4]
 3656 011c 1B68     		ldr	r3, [r3]
 3657 011e 0422     		movs	r2, #4
 3658 0120 3968     		ldr	r1, [r7]
 3659 0122 1846     		mov	r0, r3
 3660 0124 FFF7FEFF 		bl	TIM_CCxNChannelCmd
1255:HW_Lib/STM32H7/HAL_Lib/STM32H7xx_HAL_Driver/Src/stm32h7xx_hal_tim_ex.c **** 
1256:HW_Lib/STM32H7/HAL_Lib/STM32H7xx_HAL_Driver/Src/stm32h7xx_hal_tim_ex.c ****     /* Enable the Main Output */
1257:HW_Lib/STM32H7/HAL_Lib/STM32H7xx_HAL_Driver/Src/stm32h7xx_hal_tim_ex.c ****     __HAL_TIM_MOE_ENABLE(htim);
 3661              		.loc 1 1257 5
 3662 0128 7B68     		ldr	r3, [r7, #4]
 3663 012a 1B68     		ldr	r3, [r3]
 3664 012c 5A6C     		ldr	r2, [r3, #68]
 3665 012e 7B68     		ldr	r3, [r7, #4]
 3666 0130 1B68     		ldr	r3, [r3]
ARM GAS  C:\Users\HUAV\AppData\Local\Temp\ccIqAtUa.s 			page 87


 3667 0132 42F40042 		orr	r2, r2, #32768
 3668 0136 5A64     		str	r2, [r3, #68]
1258:HW_Lib/STM32H7/HAL_Lib/STM32H7xx_HAL_Driver/Src/stm32h7xx_hal_tim_ex.c **** 
1259:HW_Lib/STM32H7/HAL_Lib/STM32H7xx_HAL_Driver/Src/stm32h7xx_hal_tim_ex.c ****     /* Enable the Peripheral, except in trigger mode where enable is automatically done with trigge
1260:HW_Lib/STM32H7/HAL_Lib/STM32H7xx_HAL_Driver/Src/stm32h7xx_hal_tim_ex.c ****     if (IS_TIM_SLAVE_INSTANCE(htim->Instance))
 3669              		.loc 1 1260 9
 3670 0138 7B68     		ldr	r3, [r7, #4]
 3671 013a 1B68     		ldr	r3, [r3]
 3672              		.loc 1 1260 8
 3673 013c 254A     		ldr	r2, .L245
 3674 013e 9342     		cmp	r3, r2
 3675 0140 22D0     		beq	.L241
 3676              		.loc 1 1260 9 discriminator 1
 3677 0142 7B68     		ldr	r3, [r7, #4]
 3678 0144 1B68     		ldr	r3, [r3]
 3679 0146 B3F1804F 		cmp	r3, #1073741824
 3680 014a 1DD0     		beq	.L241
 3681              		.loc 1 1260 9 is_stmt 0 discriminator 2
 3682 014c 7B68     		ldr	r3, [r7, #4]
 3683 014e 1B68     		ldr	r3, [r3]
 3684 0150 214A     		ldr	r2, .L245+4
 3685 0152 9342     		cmp	r3, r2
 3686 0154 18D0     		beq	.L241
 3687              		.loc 1 1260 9 discriminator 3
 3688 0156 7B68     		ldr	r3, [r7, #4]
 3689 0158 1B68     		ldr	r3, [r3]
 3690 015a 204A     		ldr	r2, .L245+8
 3691 015c 9342     		cmp	r3, r2
 3692 015e 13D0     		beq	.L241
 3693              		.loc 1 1260 9 discriminator 4
 3694 0160 7B68     		ldr	r3, [r7, #4]
 3695 0162 1B68     		ldr	r3, [r3]
 3696 0164 1E4A     		ldr	r2, .L245+12
 3697 0166 9342     		cmp	r3, r2
 3698 0168 0ED0     		beq	.L241
 3699              		.loc 1 1260 9 discriminator 5
 3700 016a 7B68     		ldr	r3, [r7, #4]
 3701 016c 1B68     		ldr	r3, [r3]
 3702 016e 1D4A     		ldr	r2, .L245+16
 3703 0170 9342     		cmp	r3, r2
 3704 0172 09D0     		beq	.L241
 3705              		.loc 1 1260 9 discriminator 6
 3706 0174 7B68     		ldr	r3, [r7, #4]
 3707 0176 1B68     		ldr	r3, [r3]
 3708 0178 1B4A     		ldr	r2, .L245+20
 3709 017a 9342     		cmp	r3, r2
 3710 017c 04D0     		beq	.L241
 3711              		.loc 1 1260 9 discriminator 7
 3712 017e 7B68     		ldr	r3, [r7, #4]
 3713 0180 1B68     		ldr	r3, [r3]
 3714 0182 1A4A     		ldr	r2, .L245+24
 3715 0184 9342     		cmp	r3, r2
 3716 0186 15D1     		bne	.L242
 3717              	.L241:
1261:HW_Lib/STM32H7/HAL_Lib/STM32H7xx_HAL_Driver/Src/stm32h7xx_hal_tim_ex.c ****     {
1262:HW_Lib/STM32H7/HAL_Lib/STM32H7xx_HAL_Driver/Src/stm32h7xx_hal_tim_ex.c ****       tmpsmcr = htim->Instance->SMCR & TIM_SMCR_SMS;
 3718              		.loc 1 1262 21 is_stmt 1
ARM GAS  C:\Users\HUAV\AppData\Local\Temp\ccIqAtUa.s 			page 88


 3719 0188 7B68     		ldr	r3, [r7, #4]
 3720 018a 1B68     		ldr	r3, [r3]
 3721              		.loc 1 1262 31
 3722 018c 9A68     		ldr	r2, [r3, #8]
 3723              		.loc 1 1262 15
 3724 018e 184B     		ldr	r3, .L245+28
 3725 0190 1340     		ands	r3, r3, r2
 3726 0192 BB60     		str	r3, [r7, #8]
1263:HW_Lib/STM32H7/HAL_Lib/STM32H7xx_HAL_Driver/Src/stm32h7xx_hal_tim_ex.c ****       if (!IS_TIM_SLAVEMODE_TRIGGER_ENABLED(tmpsmcr))
 3727              		.loc 1 1263 10
 3728 0194 BB68     		ldr	r3, [r7, #8]
 3729 0196 062B     		cmp	r3, #6
 3730 0198 15D0     		beq	.L244
 3731              		.loc 1 1263 11 discriminator 1
 3732 019a BB68     		ldr	r3, [r7, #8]
 3733 019c B3F5803F 		cmp	r3, #65536
 3734 01a0 11D0     		beq	.L244
1264:HW_Lib/STM32H7/HAL_Lib/STM32H7xx_HAL_Driver/Src/stm32h7xx_hal_tim_ex.c ****       {
1265:HW_Lib/STM32H7/HAL_Lib/STM32H7xx_HAL_Driver/Src/stm32h7xx_hal_tim_ex.c ****         __HAL_TIM_ENABLE(htim);
 3735              		.loc 1 1265 9
 3736 01a2 7B68     		ldr	r3, [r7, #4]
 3737 01a4 1B68     		ldr	r3, [r3]
 3738 01a6 1A68     		ldr	r2, [r3]
 3739 01a8 7B68     		ldr	r3, [r7, #4]
 3740 01aa 1B68     		ldr	r3, [r3]
 3741 01ac 42F00102 		orr	r2, r2, #1
 3742 01b0 1A60     		str	r2, [r3]
1263:HW_Lib/STM32H7/HAL_Lib/STM32H7xx_HAL_Driver/Src/stm32h7xx_hal_tim_ex.c ****       if (!IS_TIM_SLAVEMODE_TRIGGER_ENABLED(tmpsmcr))
 3743              		.loc 1 1263 10
 3744 01b2 08E0     		b	.L244
 3745              	.L242:
1266:HW_Lib/STM32H7/HAL_Lib/STM32H7xx_HAL_Driver/Src/stm32h7xx_hal_tim_ex.c ****       }
1267:HW_Lib/STM32H7/HAL_Lib/STM32H7xx_HAL_Driver/Src/stm32h7xx_hal_tim_ex.c ****     }
1268:HW_Lib/STM32H7/HAL_Lib/STM32H7xx_HAL_Driver/Src/stm32h7xx_hal_tim_ex.c ****     else
1269:HW_Lib/STM32H7/HAL_Lib/STM32H7xx_HAL_Driver/Src/stm32h7xx_hal_tim_ex.c ****     {
1270:HW_Lib/STM32H7/HAL_Lib/STM32H7xx_HAL_Driver/Src/stm32h7xx_hal_tim_ex.c ****       __HAL_TIM_ENABLE(htim);
 3746              		.loc 1 1270 7
 3747 01b4 7B68     		ldr	r3, [r7, #4]
 3748 01b6 1B68     		ldr	r3, [r3]
 3749 01b8 1A68     		ldr	r2, [r3]
 3750 01ba 7B68     		ldr	r3, [r7, #4]
 3751 01bc 1B68     		ldr	r3, [r3]
 3752 01be 42F00102 		orr	r2, r2, #1
 3753 01c2 1A60     		str	r2, [r3]
 3754 01c4 00E0     		b	.L240
 3755              	.L244:
1263:HW_Lib/STM32H7/HAL_Lib/STM32H7xx_HAL_Driver/Src/stm32h7xx_hal_tim_ex.c ****       {
 3756              		.loc 1 1263 10
 3757 01c6 00BF     		nop
 3758              	.L240:
1271:HW_Lib/STM32H7/HAL_Lib/STM32H7xx_HAL_Driver/Src/stm32h7xx_hal_tim_ex.c ****     }
1272:HW_Lib/STM32H7/HAL_Lib/STM32H7xx_HAL_Driver/Src/stm32h7xx_hal_tim_ex.c ****   }
1273:HW_Lib/STM32H7/HAL_Lib/STM32H7xx_HAL_Driver/Src/stm32h7xx_hal_tim_ex.c **** 
1274:HW_Lib/STM32H7/HAL_Lib/STM32H7xx_HAL_Driver/Src/stm32h7xx_hal_tim_ex.c ****   /* Return function status */
1275:HW_Lib/STM32H7/HAL_Lib/STM32H7xx_HAL_Driver/Src/stm32h7xx_hal_tim_ex.c ****   return status;
 3759              		.loc 1 1275 10
 3760 01c8 FB7B     		ldrb	r3, [r7, #15]	@ zero_extendqisi2
ARM GAS  C:\Users\HUAV\AppData\Local\Temp\ccIqAtUa.s 			page 89


 3761              	.L228:
1276:HW_Lib/STM32H7/HAL_Lib/STM32H7xx_HAL_Driver/Src/stm32h7xx_hal_tim_ex.c **** }
 3762              		.loc 1 1276 1
 3763 01ca 1846     		mov	r0, r3
 3764 01cc 1037     		adds	r7, r7, #16
 3765              	.LCFI95:
 3766              		.cfi_def_cfa_offset 8
 3767 01ce BD46     		mov	sp, r7
 3768              	.LCFI96:
 3769              		.cfi_def_cfa_register 13
 3770              		@ sp needed
 3771 01d0 80BD     		pop	{r7, pc}
 3772              	.L246:
 3773 01d2 00BF     		.align	2
 3774              	.L245:
 3775 01d4 00000140 		.word	1073807360
 3776 01d8 00040040 		.word	1073742848
 3777 01dc 00080040 		.word	1073743872
 3778 01e0 000C0040 		.word	1073744896
 3779 01e4 00040140 		.word	1073808384
 3780 01e8 00180040 		.word	1073747968
 3781 01ec 00400140 		.word	1073823744
 3782 01f0 07000100 		.word	65543
 3783              		.cfi_endproc
 3784              	.LFE351:
 3786              		.section	.text.HAL_TIMEx_PWMN_Stop_IT,"ax",%progbits
 3787              		.align	1
 3788              		.global	HAL_TIMEx_PWMN_Stop_IT
 3789              		.syntax unified
 3790              		.thumb
 3791              		.thumb_func
 3793              	HAL_TIMEx_PWMN_Stop_IT:
 3794              	.LFB352:
1277:HW_Lib/STM32H7/HAL_Lib/STM32H7xx_HAL_Driver/Src/stm32h7xx_hal_tim_ex.c **** 
1278:HW_Lib/STM32H7/HAL_Lib/STM32H7xx_HAL_Driver/Src/stm32h7xx_hal_tim_ex.c **** /**
1279:HW_Lib/STM32H7/HAL_Lib/STM32H7xx_HAL_Driver/Src/stm32h7xx_hal_tim_ex.c ****   * @brief  Stops the PWM signal generation in interrupt mode on the
1280:HW_Lib/STM32H7/HAL_Lib/STM32H7xx_HAL_Driver/Src/stm32h7xx_hal_tim_ex.c ****   *         complementary output.
1281:HW_Lib/STM32H7/HAL_Lib/STM32H7xx_HAL_Driver/Src/stm32h7xx_hal_tim_ex.c ****   * @param  htim TIM handle
1282:HW_Lib/STM32H7/HAL_Lib/STM32H7xx_HAL_Driver/Src/stm32h7xx_hal_tim_ex.c ****   * @param  Channel TIM Channel to be disabled
1283:HW_Lib/STM32H7/HAL_Lib/STM32H7xx_HAL_Driver/Src/stm32h7xx_hal_tim_ex.c ****   *          This parameter can be one of the following values:
1284:HW_Lib/STM32H7/HAL_Lib/STM32H7xx_HAL_Driver/Src/stm32h7xx_hal_tim_ex.c ****   *            @arg TIM_CHANNEL_1: TIM Channel 1 selected
1285:HW_Lib/STM32H7/HAL_Lib/STM32H7xx_HAL_Driver/Src/stm32h7xx_hal_tim_ex.c ****   *            @arg TIM_CHANNEL_2: TIM Channel 2 selected
1286:HW_Lib/STM32H7/HAL_Lib/STM32H7xx_HAL_Driver/Src/stm32h7xx_hal_tim_ex.c ****   *            @arg TIM_CHANNEL_3: TIM Channel 3 selected
1287:HW_Lib/STM32H7/HAL_Lib/STM32H7xx_HAL_Driver/Src/stm32h7xx_hal_tim_ex.c ****   * @retval HAL status
1288:HW_Lib/STM32H7/HAL_Lib/STM32H7xx_HAL_Driver/Src/stm32h7xx_hal_tim_ex.c ****   */
1289:HW_Lib/STM32H7/HAL_Lib/STM32H7xx_HAL_Driver/Src/stm32h7xx_hal_tim_ex.c **** HAL_StatusTypeDef HAL_TIMEx_PWMN_Stop_IT(TIM_HandleTypeDef *htim, uint32_t Channel)
1290:HW_Lib/STM32H7/HAL_Lib/STM32H7xx_HAL_Driver/Src/stm32h7xx_hal_tim_ex.c **** {
 3795              		.loc 1 1290 1
 3796              		.cfi_startproc
 3797              		@ args = 0, pretend = 0, frame = 16
 3798              		@ frame_needed = 1, uses_anonymous_args = 0
 3799 0000 80B5     		push	{r7, lr}
 3800              	.LCFI97:
 3801              		.cfi_def_cfa_offset 8
 3802              		.cfi_offset 7, -8
 3803              		.cfi_offset 14, -4
 3804 0002 84B0     		sub	sp, sp, #16
ARM GAS  C:\Users\HUAV\AppData\Local\Temp\ccIqAtUa.s 			page 90


 3805              	.LCFI98:
 3806              		.cfi_def_cfa_offset 24
 3807 0004 00AF     		add	r7, sp, #0
 3808              	.LCFI99:
 3809              		.cfi_def_cfa_register 7
 3810 0006 7860     		str	r0, [r7, #4]
 3811 0008 3960     		str	r1, [r7]
1291:HW_Lib/STM32H7/HAL_Lib/STM32H7xx_HAL_Driver/Src/stm32h7xx_hal_tim_ex.c ****   HAL_StatusTypeDef status = HAL_OK;
 3812              		.loc 1 1291 21
 3813 000a 0023     		movs	r3, #0
 3814 000c FB73     		strb	r3, [r7, #15]
1292:HW_Lib/STM32H7/HAL_Lib/STM32H7xx_HAL_Driver/Src/stm32h7xx_hal_tim_ex.c ****   uint32_t tmpccer;
1293:HW_Lib/STM32H7/HAL_Lib/STM32H7xx_HAL_Driver/Src/stm32h7xx_hal_tim_ex.c **** 
1294:HW_Lib/STM32H7/HAL_Lib/STM32H7xx_HAL_Driver/Src/stm32h7xx_hal_tim_ex.c ****   /* Check the parameters */
1295:HW_Lib/STM32H7/HAL_Lib/STM32H7xx_HAL_Driver/Src/stm32h7xx_hal_tim_ex.c ****   assert_param(IS_TIM_CCXN_INSTANCE(htim->Instance, Channel));
1296:HW_Lib/STM32H7/HAL_Lib/STM32H7xx_HAL_Driver/Src/stm32h7xx_hal_tim_ex.c **** 
1297:HW_Lib/STM32H7/HAL_Lib/STM32H7xx_HAL_Driver/Src/stm32h7xx_hal_tim_ex.c ****   switch (Channel)
 3815              		.loc 1 1297 3
 3816 000e 3B68     		ldr	r3, [r7]
 3817 0010 082B     		cmp	r3, #8
 3818 0012 1BD0     		beq	.L248
 3819 0014 3B68     		ldr	r3, [r7]
 3820 0016 082B     		cmp	r3, #8
 3821 0018 21D8     		bhi	.L249
 3822 001a 3B68     		ldr	r3, [r7]
 3823 001c 002B     		cmp	r3, #0
 3824 001e 03D0     		beq	.L250
 3825 0020 3B68     		ldr	r3, [r7]
 3826 0022 042B     		cmp	r3, #4
 3827 0024 09D0     		beq	.L251
 3828 0026 1AE0     		b	.L249
 3829              	.L250:
1298:HW_Lib/STM32H7/HAL_Lib/STM32H7xx_HAL_Driver/Src/stm32h7xx_hal_tim_ex.c ****   {
1299:HW_Lib/STM32H7/HAL_Lib/STM32H7xx_HAL_Driver/Src/stm32h7xx_hal_tim_ex.c ****     case TIM_CHANNEL_1:
1300:HW_Lib/STM32H7/HAL_Lib/STM32H7xx_HAL_Driver/Src/stm32h7xx_hal_tim_ex.c ****     {
1301:HW_Lib/STM32H7/HAL_Lib/STM32H7xx_HAL_Driver/Src/stm32h7xx_hal_tim_ex.c ****       /* Disable the TIM Capture/Compare 1 interrupt */
1302:HW_Lib/STM32H7/HAL_Lib/STM32H7xx_HAL_Driver/Src/stm32h7xx_hal_tim_ex.c ****       __HAL_TIM_DISABLE_IT(htim, TIM_IT_CC1);
 3830              		.loc 1 1302 7
 3831 0028 7B68     		ldr	r3, [r7, #4]
 3832 002a 1B68     		ldr	r3, [r3]
 3833 002c DA68     		ldr	r2, [r3, #12]
 3834 002e 7B68     		ldr	r3, [r7, #4]
 3835 0030 1B68     		ldr	r3, [r3]
 3836 0032 22F00202 		bic	r2, r2, #2
 3837 0036 DA60     		str	r2, [r3, #12]
1303:HW_Lib/STM32H7/HAL_Lib/STM32H7xx_HAL_Driver/Src/stm32h7xx_hal_tim_ex.c ****       break;
 3838              		.loc 1 1303 7
 3839 0038 14E0     		b	.L252
 3840              	.L251:
1304:HW_Lib/STM32H7/HAL_Lib/STM32H7xx_HAL_Driver/Src/stm32h7xx_hal_tim_ex.c ****     }
1305:HW_Lib/STM32H7/HAL_Lib/STM32H7xx_HAL_Driver/Src/stm32h7xx_hal_tim_ex.c **** 
1306:HW_Lib/STM32H7/HAL_Lib/STM32H7xx_HAL_Driver/Src/stm32h7xx_hal_tim_ex.c ****     case TIM_CHANNEL_2:
1307:HW_Lib/STM32H7/HAL_Lib/STM32H7xx_HAL_Driver/Src/stm32h7xx_hal_tim_ex.c ****     {
1308:HW_Lib/STM32H7/HAL_Lib/STM32H7xx_HAL_Driver/Src/stm32h7xx_hal_tim_ex.c ****       /* Disable the TIM Capture/Compare 2 interrupt */
1309:HW_Lib/STM32H7/HAL_Lib/STM32H7xx_HAL_Driver/Src/stm32h7xx_hal_tim_ex.c ****       __HAL_TIM_DISABLE_IT(htim, TIM_IT_CC2);
 3841              		.loc 1 1309 7
 3842 003a 7B68     		ldr	r3, [r7, #4]
ARM GAS  C:\Users\HUAV\AppData\Local\Temp\ccIqAtUa.s 			page 91


 3843 003c 1B68     		ldr	r3, [r3]
 3844 003e DA68     		ldr	r2, [r3, #12]
 3845 0040 7B68     		ldr	r3, [r7, #4]
 3846 0042 1B68     		ldr	r3, [r3]
 3847 0044 22F00402 		bic	r2, r2, #4
 3848 0048 DA60     		str	r2, [r3, #12]
1310:HW_Lib/STM32H7/HAL_Lib/STM32H7xx_HAL_Driver/Src/stm32h7xx_hal_tim_ex.c ****       break;
 3849              		.loc 1 1310 7
 3850 004a 0BE0     		b	.L252
 3851              	.L248:
1311:HW_Lib/STM32H7/HAL_Lib/STM32H7xx_HAL_Driver/Src/stm32h7xx_hal_tim_ex.c ****     }
1312:HW_Lib/STM32H7/HAL_Lib/STM32H7xx_HAL_Driver/Src/stm32h7xx_hal_tim_ex.c **** 
1313:HW_Lib/STM32H7/HAL_Lib/STM32H7xx_HAL_Driver/Src/stm32h7xx_hal_tim_ex.c ****     case TIM_CHANNEL_3:
1314:HW_Lib/STM32H7/HAL_Lib/STM32H7xx_HAL_Driver/Src/stm32h7xx_hal_tim_ex.c ****     {
1315:HW_Lib/STM32H7/HAL_Lib/STM32H7xx_HAL_Driver/Src/stm32h7xx_hal_tim_ex.c ****       /* Disable the TIM Capture/Compare 3 interrupt */
1316:HW_Lib/STM32H7/HAL_Lib/STM32H7xx_HAL_Driver/Src/stm32h7xx_hal_tim_ex.c ****       __HAL_TIM_DISABLE_IT(htim, TIM_IT_CC3);
 3852              		.loc 1 1316 7
 3853 004c 7B68     		ldr	r3, [r7, #4]
 3854 004e 1B68     		ldr	r3, [r3]
 3855 0050 DA68     		ldr	r2, [r3, #12]
 3856 0052 7B68     		ldr	r3, [r7, #4]
 3857 0054 1B68     		ldr	r3, [r3]
 3858 0056 22F00802 		bic	r2, r2, #8
 3859 005a DA60     		str	r2, [r3, #12]
1317:HW_Lib/STM32H7/HAL_Lib/STM32H7xx_HAL_Driver/Src/stm32h7xx_hal_tim_ex.c ****       break;
 3860              		.loc 1 1317 7
 3861 005c 02E0     		b	.L252
 3862              	.L249:
1318:HW_Lib/STM32H7/HAL_Lib/STM32H7xx_HAL_Driver/Src/stm32h7xx_hal_tim_ex.c ****     }
1319:HW_Lib/STM32H7/HAL_Lib/STM32H7xx_HAL_Driver/Src/stm32h7xx_hal_tim_ex.c **** 
1320:HW_Lib/STM32H7/HAL_Lib/STM32H7xx_HAL_Driver/Src/stm32h7xx_hal_tim_ex.c ****     default:
1321:HW_Lib/STM32H7/HAL_Lib/STM32H7xx_HAL_Driver/Src/stm32h7xx_hal_tim_ex.c ****       status = HAL_ERROR;
 3863              		.loc 1 1321 14
 3864 005e 0123     		movs	r3, #1
 3865 0060 FB73     		strb	r3, [r7, #15]
1322:HW_Lib/STM32H7/HAL_Lib/STM32H7xx_HAL_Driver/Src/stm32h7xx_hal_tim_ex.c ****       break;
 3866              		.loc 1 1322 7
 3867 0062 00BF     		nop
 3868              	.L252:
1323:HW_Lib/STM32H7/HAL_Lib/STM32H7xx_HAL_Driver/Src/stm32h7xx_hal_tim_ex.c ****   }
1324:HW_Lib/STM32H7/HAL_Lib/STM32H7xx_HAL_Driver/Src/stm32h7xx_hal_tim_ex.c **** 
1325:HW_Lib/STM32H7/HAL_Lib/STM32H7xx_HAL_Driver/Src/stm32h7xx_hal_tim_ex.c ****   if (status == HAL_OK)
 3869              		.loc 1 1325 6
 3870 0064 FB7B     		ldrb	r3, [r7, #15]	@ zero_extendqisi2
 3871 0066 002B     		cmp	r3, #0
 3872 0068 64D1     		bne	.L253
1326:HW_Lib/STM32H7/HAL_Lib/STM32H7xx_HAL_Driver/Src/stm32h7xx_hal_tim_ex.c ****   {
1327:HW_Lib/STM32H7/HAL_Lib/STM32H7xx_HAL_Driver/Src/stm32h7xx_hal_tim_ex.c ****     /* Disable the complementary PWM output  */
1328:HW_Lib/STM32H7/HAL_Lib/STM32H7xx_HAL_Driver/Src/stm32h7xx_hal_tim_ex.c ****     TIM_CCxNChannelCmd(htim->Instance, Channel, TIM_CCxN_DISABLE);
 3873              		.loc 1 1328 5
 3874 006a 7B68     		ldr	r3, [r7, #4]
 3875 006c 1B68     		ldr	r3, [r3]
 3876 006e 0022     		movs	r2, #0
 3877 0070 3968     		ldr	r1, [r7]
 3878 0072 1846     		mov	r0, r3
 3879 0074 FFF7FEFF 		bl	TIM_CCxNChannelCmd
1329:HW_Lib/STM32H7/HAL_Lib/STM32H7xx_HAL_Driver/Src/stm32h7xx_hal_tim_ex.c **** 
ARM GAS  C:\Users\HUAV\AppData\Local\Temp\ccIqAtUa.s 			page 92


1330:HW_Lib/STM32H7/HAL_Lib/STM32H7xx_HAL_Driver/Src/stm32h7xx_hal_tim_ex.c ****     /* Disable the TIM Break interrupt (only if no more channel is active) */
1331:HW_Lib/STM32H7/HAL_Lib/STM32H7xx_HAL_Driver/Src/stm32h7xx_hal_tim_ex.c ****     tmpccer = htim->Instance->CCER;
 3880              		.loc 1 1331 19
 3881 0078 7B68     		ldr	r3, [r7, #4]
 3882 007a 1B68     		ldr	r3, [r3]
 3883              		.loc 1 1331 13
 3884 007c 1B6A     		ldr	r3, [r3, #32]
 3885 007e BB60     		str	r3, [r7, #8]
1332:HW_Lib/STM32H7/HAL_Lib/STM32H7xx_HAL_Driver/Src/stm32h7xx_hal_tim_ex.c ****     if ((tmpccer & (TIM_CCER_CC1NE | TIM_CCER_CC2NE | TIM_CCER_CC3NE)) == (uint32_t)RESET)
 3886              		.loc 1 1332 18
 3887 0080 BA68     		ldr	r2, [r7, #8]
 3888 0082 40F24443 		movw	r3, #1092
 3889 0086 1340     		ands	r3, r3, r2
 3890              		.loc 1 1332 8
 3891 0088 002B     		cmp	r3, #0
 3892 008a 07D1     		bne	.L254
1333:HW_Lib/STM32H7/HAL_Lib/STM32H7xx_HAL_Driver/Src/stm32h7xx_hal_tim_ex.c ****     {
1334:HW_Lib/STM32H7/HAL_Lib/STM32H7xx_HAL_Driver/Src/stm32h7xx_hal_tim_ex.c ****       __HAL_TIM_DISABLE_IT(htim, TIM_IT_BREAK);
 3893              		.loc 1 1334 7
 3894 008c 7B68     		ldr	r3, [r7, #4]
 3895 008e 1B68     		ldr	r3, [r3]
 3896 0090 DA68     		ldr	r2, [r3, #12]
 3897 0092 7B68     		ldr	r3, [r7, #4]
 3898 0094 1B68     		ldr	r3, [r3]
 3899 0096 22F08002 		bic	r2, r2, #128
 3900 009a DA60     		str	r2, [r3, #12]
 3901              	.L254:
1335:HW_Lib/STM32H7/HAL_Lib/STM32H7xx_HAL_Driver/Src/stm32h7xx_hal_tim_ex.c ****     }
1336:HW_Lib/STM32H7/HAL_Lib/STM32H7xx_HAL_Driver/Src/stm32h7xx_hal_tim_ex.c **** 
1337:HW_Lib/STM32H7/HAL_Lib/STM32H7xx_HAL_Driver/Src/stm32h7xx_hal_tim_ex.c ****     /* Disable the Main Output */
1338:HW_Lib/STM32H7/HAL_Lib/STM32H7xx_HAL_Driver/Src/stm32h7xx_hal_tim_ex.c ****     __HAL_TIM_MOE_DISABLE(htim);
 3902              		.loc 1 1338 5
 3903 009c 7B68     		ldr	r3, [r7, #4]
 3904 009e 1B68     		ldr	r3, [r3]
 3905 00a0 1A6A     		ldr	r2, [r3, #32]
 3906 00a2 41F21113 		movw	r3, #4369
 3907 00a6 1340     		ands	r3, r3, r2
 3908 00a8 002B     		cmp	r3, #0
 3909 00aa 0FD1     		bne	.L255
 3910              		.loc 1 1338 5 is_stmt 0 discriminator 1
 3911 00ac 7B68     		ldr	r3, [r7, #4]
 3912 00ae 1B68     		ldr	r3, [r3]
 3913 00b0 1A6A     		ldr	r2, [r3, #32]
 3914 00b2 40F24443 		movw	r3, #1092
 3915 00b6 1340     		ands	r3, r3, r2
 3916 00b8 002B     		cmp	r3, #0
 3917 00ba 07D1     		bne	.L255
 3918              		.loc 1 1338 5 discriminator 2
 3919 00bc 7B68     		ldr	r3, [r7, #4]
 3920 00be 1B68     		ldr	r3, [r3]
 3921 00c0 5A6C     		ldr	r2, [r3, #68]
 3922 00c2 7B68     		ldr	r3, [r7, #4]
 3923 00c4 1B68     		ldr	r3, [r3]
 3924 00c6 22F40042 		bic	r2, r2, #32768
 3925 00ca 5A64     		str	r2, [r3, #68]
 3926              	.L255:
1339:HW_Lib/STM32H7/HAL_Lib/STM32H7xx_HAL_Driver/Src/stm32h7xx_hal_tim_ex.c **** 
ARM GAS  C:\Users\HUAV\AppData\Local\Temp\ccIqAtUa.s 			page 93


1340:HW_Lib/STM32H7/HAL_Lib/STM32H7xx_HAL_Driver/Src/stm32h7xx_hal_tim_ex.c ****     /* Disable the Peripheral */
1341:HW_Lib/STM32H7/HAL_Lib/STM32H7xx_HAL_Driver/Src/stm32h7xx_hal_tim_ex.c ****     __HAL_TIM_DISABLE(htim);
 3927              		.loc 1 1341 5 is_stmt 1
 3928 00cc 7B68     		ldr	r3, [r7, #4]
 3929 00ce 1B68     		ldr	r3, [r3]
 3930 00d0 1A6A     		ldr	r2, [r3, #32]
 3931 00d2 41F21113 		movw	r3, #4369
 3932 00d6 1340     		ands	r3, r3, r2
 3933 00d8 002B     		cmp	r3, #0
 3934 00da 0FD1     		bne	.L256
 3935              		.loc 1 1341 5 is_stmt 0 discriminator 1
 3936 00dc 7B68     		ldr	r3, [r7, #4]
 3937 00de 1B68     		ldr	r3, [r3]
 3938 00e0 1A6A     		ldr	r2, [r3, #32]
 3939 00e2 40F24443 		movw	r3, #1092
 3940 00e6 1340     		ands	r3, r3, r2
 3941 00e8 002B     		cmp	r3, #0
 3942 00ea 07D1     		bne	.L256
 3943              		.loc 1 1341 5 discriminator 2
 3944 00ec 7B68     		ldr	r3, [r7, #4]
 3945 00ee 1B68     		ldr	r3, [r3]
 3946 00f0 1A68     		ldr	r2, [r3]
 3947 00f2 7B68     		ldr	r3, [r7, #4]
 3948 00f4 1B68     		ldr	r3, [r3]
 3949 00f6 22F00102 		bic	r2, r2, #1
 3950 00fa 1A60     		str	r2, [r3]
 3951              	.L256:
1342:HW_Lib/STM32H7/HAL_Lib/STM32H7xx_HAL_Driver/Src/stm32h7xx_hal_tim_ex.c **** 
1343:HW_Lib/STM32H7/HAL_Lib/STM32H7xx_HAL_Driver/Src/stm32h7xx_hal_tim_ex.c ****     /* Set the TIM complementary channel state */
1344:HW_Lib/STM32H7/HAL_Lib/STM32H7xx_HAL_Driver/Src/stm32h7xx_hal_tim_ex.c ****     TIM_CHANNEL_N_STATE_SET(htim, Channel, HAL_TIM_CHANNEL_STATE_READY);
 3952              		.loc 1 1344 5 is_stmt 1
 3953 00fc 3B68     		ldr	r3, [r7]
 3954 00fe 002B     		cmp	r3, #0
 3955 0100 04D1     		bne	.L257
 3956              		.loc 1 1344 5 is_stmt 0 discriminator 1
 3957 0102 7B68     		ldr	r3, [r7, #4]
 3958 0104 0122     		movs	r2, #1
 3959 0106 83F84420 		strb	r2, [r3, #68]
 3960 010a 13E0     		b	.L253
 3961              	.L257:
 3962              		.loc 1 1344 5 discriminator 2
 3963 010c 3B68     		ldr	r3, [r7]
 3964 010e 042B     		cmp	r3, #4
 3965 0110 04D1     		bne	.L258
 3966              		.loc 1 1344 5 discriminator 3
 3967 0112 7B68     		ldr	r3, [r7, #4]
 3968 0114 0122     		movs	r2, #1
 3969 0116 83F84520 		strb	r2, [r3, #69]
 3970 011a 0BE0     		b	.L253
 3971              	.L258:
 3972              		.loc 1 1344 5 discriminator 4
 3973 011c 3B68     		ldr	r3, [r7]
 3974 011e 082B     		cmp	r3, #8
 3975 0120 04D1     		bne	.L260
 3976              		.loc 1 1344 5 discriminator 6
 3977 0122 7B68     		ldr	r3, [r7, #4]
 3978 0124 0122     		movs	r2, #1
ARM GAS  C:\Users\HUAV\AppData\Local\Temp\ccIqAtUa.s 			page 94


 3979 0126 83F84620 		strb	r2, [r3, #70]
 3980 012a 03E0     		b	.L253
 3981              	.L260:
 3982              		.loc 1 1344 5 discriminator 7
 3983 012c 7B68     		ldr	r3, [r7, #4]
 3984 012e 0122     		movs	r2, #1
 3985 0130 83F84720 		strb	r2, [r3, #71]
 3986              	.L253:
1345:HW_Lib/STM32H7/HAL_Lib/STM32H7xx_HAL_Driver/Src/stm32h7xx_hal_tim_ex.c ****   }
1346:HW_Lib/STM32H7/HAL_Lib/STM32H7xx_HAL_Driver/Src/stm32h7xx_hal_tim_ex.c **** 
1347:HW_Lib/STM32H7/HAL_Lib/STM32H7xx_HAL_Driver/Src/stm32h7xx_hal_tim_ex.c ****   /* Return function status */
1348:HW_Lib/STM32H7/HAL_Lib/STM32H7xx_HAL_Driver/Src/stm32h7xx_hal_tim_ex.c ****   return status;
 3987              		.loc 1 1348 10 is_stmt 1
 3988 0134 FB7B     		ldrb	r3, [r7, #15]	@ zero_extendqisi2
1349:HW_Lib/STM32H7/HAL_Lib/STM32H7xx_HAL_Driver/Src/stm32h7xx_hal_tim_ex.c **** }
 3989              		.loc 1 1349 1
 3990 0136 1846     		mov	r0, r3
 3991 0138 1037     		adds	r7, r7, #16
 3992              	.LCFI100:
 3993              		.cfi_def_cfa_offset 8
 3994 013a BD46     		mov	sp, r7
 3995              	.LCFI101:
 3996              		.cfi_def_cfa_register 13
 3997              		@ sp needed
 3998 013c 80BD     		pop	{r7, pc}
 3999              		.cfi_endproc
 4000              	.LFE352:
 4002              		.section	.text.HAL_TIMEx_PWMN_Start_DMA,"ax",%progbits
 4003              		.align	1
 4004              		.global	HAL_TIMEx_PWMN_Start_DMA
 4005              		.syntax unified
 4006              		.thumb
 4007              		.thumb_func
 4009              	HAL_TIMEx_PWMN_Start_DMA:
 4010              	.LFB353:
1350:HW_Lib/STM32H7/HAL_Lib/STM32H7xx_HAL_Driver/Src/stm32h7xx_hal_tim_ex.c **** 
1351:HW_Lib/STM32H7/HAL_Lib/STM32H7xx_HAL_Driver/Src/stm32h7xx_hal_tim_ex.c **** /**
1352:HW_Lib/STM32H7/HAL_Lib/STM32H7xx_HAL_Driver/Src/stm32h7xx_hal_tim_ex.c ****   * @brief  Starts the TIM PWM signal generation in DMA mode on the
1353:HW_Lib/STM32H7/HAL_Lib/STM32H7xx_HAL_Driver/Src/stm32h7xx_hal_tim_ex.c ****   *         complementary output
1354:HW_Lib/STM32H7/HAL_Lib/STM32H7xx_HAL_Driver/Src/stm32h7xx_hal_tim_ex.c ****   * @param  htim TIM handle
1355:HW_Lib/STM32H7/HAL_Lib/STM32H7xx_HAL_Driver/Src/stm32h7xx_hal_tim_ex.c ****   * @param  Channel TIM Channel to be enabled
1356:HW_Lib/STM32H7/HAL_Lib/STM32H7xx_HAL_Driver/Src/stm32h7xx_hal_tim_ex.c ****   *          This parameter can be one of the following values:
1357:HW_Lib/STM32H7/HAL_Lib/STM32H7xx_HAL_Driver/Src/stm32h7xx_hal_tim_ex.c ****   *            @arg TIM_CHANNEL_1: TIM Channel 1 selected
1358:HW_Lib/STM32H7/HAL_Lib/STM32H7xx_HAL_Driver/Src/stm32h7xx_hal_tim_ex.c ****   *            @arg TIM_CHANNEL_2: TIM Channel 2 selected
1359:HW_Lib/STM32H7/HAL_Lib/STM32H7xx_HAL_Driver/Src/stm32h7xx_hal_tim_ex.c ****   *            @arg TIM_CHANNEL_3: TIM Channel 3 selected
1360:HW_Lib/STM32H7/HAL_Lib/STM32H7xx_HAL_Driver/Src/stm32h7xx_hal_tim_ex.c ****   * @param  pData The source Buffer address.
1361:HW_Lib/STM32H7/HAL_Lib/STM32H7xx_HAL_Driver/Src/stm32h7xx_hal_tim_ex.c ****   * @param  Length The length of data to be transferred from memory to TIM peripheral
1362:HW_Lib/STM32H7/HAL_Lib/STM32H7xx_HAL_Driver/Src/stm32h7xx_hal_tim_ex.c ****   * @retval HAL status
1363:HW_Lib/STM32H7/HAL_Lib/STM32H7xx_HAL_Driver/Src/stm32h7xx_hal_tim_ex.c ****   */
1364:HW_Lib/STM32H7/HAL_Lib/STM32H7xx_HAL_Driver/Src/stm32h7xx_hal_tim_ex.c **** HAL_StatusTypeDef HAL_TIMEx_PWMN_Start_DMA(TIM_HandleTypeDef *htim, uint32_t Channel, uint32_t *pDa
1365:HW_Lib/STM32H7/HAL_Lib/STM32H7xx_HAL_Driver/Src/stm32h7xx_hal_tim_ex.c **** {
 4011              		.loc 1 1365 1
 4012              		.cfi_startproc
 4013              		@ args = 0, pretend = 0, frame = 24
 4014              		@ frame_needed = 1, uses_anonymous_args = 0
 4015 0000 80B5     		push	{r7, lr}
 4016              	.LCFI102:
ARM GAS  C:\Users\HUAV\AppData\Local\Temp\ccIqAtUa.s 			page 95


 4017              		.cfi_def_cfa_offset 8
 4018              		.cfi_offset 7, -8
 4019              		.cfi_offset 14, -4
 4020 0002 86B0     		sub	sp, sp, #24
 4021              	.LCFI103:
 4022              		.cfi_def_cfa_offset 32
 4023 0004 00AF     		add	r7, sp, #0
 4024              	.LCFI104:
 4025              		.cfi_def_cfa_register 7
 4026 0006 F860     		str	r0, [r7, #12]
 4027 0008 B960     		str	r1, [r7, #8]
 4028 000a 7A60     		str	r2, [r7, #4]
 4029 000c 7B80     		strh	r3, [r7, #2]	@ movhi
1366:HW_Lib/STM32H7/HAL_Lib/STM32H7xx_HAL_Driver/Src/stm32h7xx_hal_tim_ex.c ****   HAL_StatusTypeDef status = HAL_OK;
 4030              		.loc 1 1366 21
 4031 000e 0023     		movs	r3, #0
 4032 0010 FB75     		strb	r3, [r7, #23]
1367:HW_Lib/STM32H7/HAL_Lib/STM32H7xx_HAL_Driver/Src/stm32h7xx_hal_tim_ex.c ****   uint32_t tmpsmcr;
1368:HW_Lib/STM32H7/HAL_Lib/STM32H7xx_HAL_Driver/Src/stm32h7xx_hal_tim_ex.c **** 
1369:HW_Lib/STM32H7/HAL_Lib/STM32H7xx_HAL_Driver/Src/stm32h7xx_hal_tim_ex.c ****   /* Check the parameters */
1370:HW_Lib/STM32H7/HAL_Lib/STM32H7xx_HAL_Driver/Src/stm32h7xx_hal_tim_ex.c ****   assert_param(IS_TIM_CCXN_INSTANCE(htim->Instance, Channel));
1371:HW_Lib/STM32H7/HAL_Lib/STM32H7xx_HAL_Driver/Src/stm32h7xx_hal_tim_ex.c **** 
1372:HW_Lib/STM32H7/HAL_Lib/STM32H7xx_HAL_Driver/Src/stm32h7xx_hal_tim_ex.c ****   /* Set the TIM complementary channel state */
1373:HW_Lib/STM32H7/HAL_Lib/STM32H7xx_HAL_Driver/Src/stm32h7xx_hal_tim_ex.c ****   if (TIM_CHANNEL_N_STATE_GET(htim, Channel) == HAL_TIM_CHANNEL_STATE_BUSY)
 4033              		.loc 1 1373 46
 4034 0012 BB68     		ldr	r3, [r7, #8]
 4035 0014 002B     		cmp	r3, #0
 4036 0016 09D1     		bne	.L264
 4037              		.loc 1 1373 7 discriminator 1
 4038 0018 FB68     		ldr	r3, [r7, #12]
 4039 001a 93F84430 		ldrb	r3, [r3, #68]
 4040 001e DBB2     		uxtb	r3, r3
 4041              		.loc 1 1373 46 discriminator 1
 4042 0020 022B     		cmp	r3, #2
 4043 0022 0CBF     		ite	eq
 4044 0024 0123     		moveq	r3, #1
 4045 0026 0023     		movne	r3, #0
 4046 0028 DBB2     		uxtb	r3, r3
 4047 002a 22E0     		b	.L265
 4048              	.L264:
 4049              		.loc 1 1373 46 is_stmt 0 discriminator 2
 4050 002c BB68     		ldr	r3, [r7, #8]
 4051 002e 042B     		cmp	r3, #4
 4052 0030 09D1     		bne	.L266
 4053              		.loc 1 1373 7 is_stmt 1 discriminator 4
 4054 0032 FB68     		ldr	r3, [r7, #12]
 4055 0034 93F84530 		ldrb	r3, [r3, #69]
 4056 0038 DBB2     		uxtb	r3, r3
 4057              		.loc 1 1373 46 discriminator 4
 4058 003a 022B     		cmp	r3, #2
 4059 003c 0CBF     		ite	eq
 4060 003e 0123     		moveq	r3, #1
 4061 0040 0023     		movne	r3, #0
 4062 0042 DBB2     		uxtb	r3, r3
 4063 0044 15E0     		b	.L265
 4064              	.L266:
 4065              		.loc 1 1373 46 is_stmt 0 discriminator 5
ARM GAS  C:\Users\HUAV\AppData\Local\Temp\ccIqAtUa.s 			page 96


 4066 0046 BB68     		ldr	r3, [r7, #8]
 4067 0048 082B     		cmp	r3, #8
 4068 004a 09D1     		bne	.L268
 4069              		.loc 1 1373 7 is_stmt 1 discriminator 7
 4070 004c FB68     		ldr	r3, [r7, #12]
 4071 004e 93F84630 		ldrb	r3, [r3, #70]
 4072 0052 DBB2     		uxtb	r3, r3
 4073              		.loc 1 1373 46 discriminator 7
 4074 0054 022B     		cmp	r3, #2
 4075 0056 0CBF     		ite	eq
 4076 0058 0123     		moveq	r3, #1
 4077 005a 0023     		movne	r3, #0
 4078 005c DBB2     		uxtb	r3, r3
 4079 005e 08E0     		b	.L265
 4080              	.L268:
 4081              		.loc 1 1373 7 discriminator 8
 4082 0060 FB68     		ldr	r3, [r7, #12]
 4083 0062 93F84730 		ldrb	r3, [r3, #71]
 4084 0066 DBB2     		uxtb	r3, r3
 4085              		.loc 1 1373 46 discriminator 8
 4086 0068 022B     		cmp	r3, #2
 4087 006a 0CBF     		ite	eq
 4088 006c 0123     		moveq	r3, #1
 4089 006e 0023     		movne	r3, #0
 4090 0070 DBB2     		uxtb	r3, r3
 4091              	.L265:
 4092              		.loc 1 1373 6 discriminator 12
 4093 0072 002B     		cmp	r3, #0
 4094 0074 01D0     		beq	.L270
1374:HW_Lib/STM32H7/HAL_Lib/STM32H7xx_HAL_Driver/Src/stm32h7xx_hal_tim_ex.c ****   {
1375:HW_Lib/STM32H7/HAL_Lib/STM32H7xx_HAL_Driver/Src/stm32h7xx_hal_tim_ex.c ****     return HAL_BUSY;
 4095              		.loc 1 1375 12
 4096 0076 0223     		movs	r3, #2
 4097 0078 2FE1     		b	.L271
 4098              	.L270:
1376:HW_Lib/STM32H7/HAL_Lib/STM32H7xx_HAL_Driver/Src/stm32h7xx_hal_tim_ex.c ****   }
1377:HW_Lib/STM32H7/HAL_Lib/STM32H7xx_HAL_Driver/Src/stm32h7xx_hal_tim_ex.c ****   else if (TIM_CHANNEL_N_STATE_GET(htim, Channel) == HAL_TIM_CHANNEL_STATE_READY)
 4099              		.loc 1 1377 51
 4100 007a BB68     		ldr	r3, [r7, #8]
 4101 007c 002B     		cmp	r3, #0
 4102 007e 09D1     		bne	.L272
 4103              		.loc 1 1377 12 discriminator 1
 4104 0080 FB68     		ldr	r3, [r7, #12]
 4105 0082 93F84430 		ldrb	r3, [r3, #68]
 4106 0086 DBB2     		uxtb	r3, r3
 4107              		.loc 1 1377 51 discriminator 1
 4108 0088 012B     		cmp	r3, #1
 4109 008a 0CBF     		ite	eq
 4110 008c 0123     		moveq	r3, #1
 4111 008e 0023     		movne	r3, #0
 4112 0090 DBB2     		uxtb	r3, r3
 4113 0092 22E0     		b	.L273
 4114              	.L272:
 4115              		.loc 1 1377 51 is_stmt 0 discriminator 2
 4116 0094 BB68     		ldr	r3, [r7, #8]
 4117 0096 042B     		cmp	r3, #4
 4118 0098 09D1     		bne	.L274
ARM GAS  C:\Users\HUAV\AppData\Local\Temp\ccIqAtUa.s 			page 97


 4119              		.loc 1 1377 12 is_stmt 1 discriminator 4
 4120 009a FB68     		ldr	r3, [r7, #12]
 4121 009c 93F84530 		ldrb	r3, [r3, #69]
 4122 00a0 DBB2     		uxtb	r3, r3
 4123              		.loc 1 1377 51 discriminator 4
 4124 00a2 012B     		cmp	r3, #1
 4125 00a4 0CBF     		ite	eq
 4126 00a6 0123     		moveq	r3, #1
 4127 00a8 0023     		movne	r3, #0
 4128 00aa DBB2     		uxtb	r3, r3
 4129 00ac 15E0     		b	.L273
 4130              	.L274:
 4131              		.loc 1 1377 51 is_stmt 0 discriminator 5
 4132 00ae BB68     		ldr	r3, [r7, #8]
 4133 00b0 082B     		cmp	r3, #8
 4134 00b2 09D1     		bne	.L276
 4135              		.loc 1 1377 12 is_stmt 1 discriminator 7
 4136 00b4 FB68     		ldr	r3, [r7, #12]
 4137 00b6 93F84630 		ldrb	r3, [r3, #70]
 4138 00ba DBB2     		uxtb	r3, r3
 4139              		.loc 1 1377 51 discriminator 7
 4140 00bc 012B     		cmp	r3, #1
 4141 00be 0CBF     		ite	eq
 4142 00c0 0123     		moveq	r3, #1
 4143 00c2 0023     		movne	r3, #0
 4144 00c4 DBB2     		uxtb	r3, r3
 4145 00c6 08E0     		b	.L273
 4146              	.L276:
 4147              		.loc 1 1377 12 discriminator 8
 4148 00c8 FB68     		ldr	r3, [r7, #12]
 4149 00ca 93F84730 		ldrb	r3, [r3, #71]
 4150 00ce DBB2     		uxtb	r3, r3
 4151              		.loc 1 1377 51 discriminator 8
 4152 00d0 012B     		cmp	r3, #1
 4153 00d2 0CBF     		ite	eq
 4154 00d4 0123     		moveq	r3, #1
 4155 00d6 0023     		movne	r3, #0
 4156 00d8 DBB2     		uxtb	r3, r3
 4157              	.L273:
 4158              		.loc 1 1377 11 discriminator 12
 4159 00da 002B     		cmp	r3, #0
 4160 00dc 24D0     		beq	.L278
1378:HW_Lib/STM32H7/HAL_Lib/STM32H7xx_HAL_Driver/Src/stm32h7xx_hal_tim_ex.c ****   {
1379:HW_Lib/STM32H7/HAL_Lib/STM32H7xx_HAL_Driver/Src/stm32h7xx_hal_tim_ex.c ****     if ((pData == NULL) && (Length > 0U))
 4161              		.loc 1 1379 8
 4162 00de 7B68     		ldr	r3, [r7, #4]
 4163 00e0 002B     		cmp	r3, #0
 4164 00e2 04D1     		bne	.L279
 4165              		.loc 1 1379 25 discriminator 1
 4166 00e4 7B88     		ldrh	r3, [r7, #2]
 4167 00e6 002B     		cmp	r3, #0
 4168 00e8 01D0     		beq	.L279
1380:HW_Lib/STM32H7/HAL_Lib/STM32H7xx_HAL_Driver/Src/stm32h7xx_hal_tim_ex.c ****     {
1381:HW_Lib/STM32H7/HAL_Lib/STM32H7xx_HAL_Driver/Src/stm32h7xx_hal_tim_ex.c ****       return HAL_ERROR;
 4169              		.loc 1 1381 14
 4170 00ea 0123     		movs	r3, #1
 4171 00ec F5E0     		b	.L271
ARM GAS  C:\Users\HUAV\AppData\Local\Temp\ccIqAtUa.s 			page 98


 4172              	.L279:
1382:HW_Lib/STM32H7/HAL_Lib/STM32H7xx_HAL_Driver/Src/stm32h7xx_hal_tim_ex.c ****     }
1383:HW_Lib/STM32H7/HAL_Lib/STM32H7xx_HAL_Driver/Src/stm32h7xx_hal_tim_ex.c ****     else
1384:HW_Lib/STM32H7/HAL_Lib/STM32H7xx_HAL_Driver/Src/stm32h7xx_hal_tim_ex.c ****     {
1385:HW_Lib/STM32H7/HAL_Lib/STM32H7xx_HAL_Driver/Src/stm32h7xx_hal_tim_ex.c ****       TIM_CHANNEL_N_STATE_SET(htim, Channel, HAL_TIM_CHANNEL_STATE_BUSY);
 4173              		.loc 1 1385 7
 4174 00ee BB68     		ldr	r3, [r7, #8]
 4175 00f0 002B     		cmp	r3, #0
 4176 00f2 04D1     		bne	.L280
 4177              		.loc 1 1385 7 is_stmt 0 discriminator 1
 4178 00f4 FB68     		ldr	r3, [r7, #12]
 4179 00f6 0222     		movs	r2, #2
 4180 00f8 83F84420 		strb	r2, [r3, #68]
 4181 00fc 16E0     		b	.L281
 4182              	.L280:
 4183              		.loc 1 1385 7 discriminator 2
 4184 00fe BB68     		ldr	r3, [r7, #8]
 4185 0100 042B     		cmp	r3, #4
 4186 0102 04D1     		bne	.L282
 4187              		.loc 1 1385 7 discriminator 3
 4188 0104 FB68     		ldr	r3, [r7, #12]
 4189 0106 0222     		movs	r2, #2
 4190 0108 83F84520 		strb	r2, [r3, #69]
 4191 010c 0EE0     		b	.L281
 4192              	.L282:
 4193              		.loc 1 1385 7 discriminator 4
 4194 010e BB68     		ldr	r3, [r7, #8]
 4195 0110 082B     		cmp	r3, #8
 4196 0112 04D1     		bne	.L284
 4197              		.loc 1 1385 7 discriminator 6
 4198 0114 FB68     		ldr	r3, [r7, #12]
 4199 0116 0222     		movs	r2, #2
 4200 0118 83F84620 		strb	r2, [r3, #70]
 4201 011c 06E0     		b	.L281
 4202              	.L284:
 4203              		.loc 1 1385 7 discriminator 7
 4204 011e FB68     		ldr	r3, [r7, #12]
 4205 0120 0222     		movs	r2, #2
 4206 0122 83F84720 		strb	r2, [r3, #71]
 4207 0126 01E0     		b	.L281
 4208              	.L278:
1386:HW_Lib/STM32H7/HAL_Lib/STM32H7xx_HAL_Driver/Src/stm32h7xx_hal_tim_ex.c ****     }
1387:HW_Lib/STM32H7/HAL_Lib/STM32H7xx_HAL_Driver/Src/stm32h7xx_hal_tim_ex.c ****   }
1388:HW_Lib/STM32H7/HAL_Lib/STM32H7xx_HAL_Driver/Src/stm32h7xx_hal_tim_ex.c ****   else
1389:HW_Lib/STM32H7/HAL_Lib/STM32H7xx_HAL_Driver/Src/stm32h7xx_hal_tim_ex.c ****   {
1390:HW_Lib/STM32H7/HAL_Lib/STM32H7xx_HAL_Driver/Src/stm32h7xx_hal_tim_ex.c ****     return HAL_ERROR;
 4209              		.loc 1 1390 12 is_stmt 1
 4210 0128 0123     		movs	r3, #1
 4211 012a D6E0     		b	.L271
 4212              	.L281:
1391:HW_Lib/STM32H7/HAL_Lib/STM32H7xx_HAL_Driver/Src/stm32h7xx_hal_tim_ex.c ****   }
1392:HW_Lib/STM32H7/HAL_Lib/STM32H7xx_HAL_Driver/Src/stm32h7xx_hal_tim_ex.c **** 
1393:HW_Lib/STM32H7/HAL_Lib/STM32H7xx_HAL_Driver/Src/stm32h7xx_hal_tim_ex.c ****   switch (Channel)
 4213              		.loc 1 1393 3
 4214 012c BB68     		ldr	r3, [r7, #8]
 4215 012e 082B     		cmp	r3, #8
 4216 0130 51D0     		beq	.L286
ARM GAS  C:\Users\HUAV\AppData\Local\Temp\ccIqAtUa.s 			page 99


 4217 0132 BB68     		ldr	r3, [r7, #8]
 4218 0134 082B     		cmp	r3, #8
 4219 0136 72D8     		bhi	.L287
 4220 0138 BB68     		ldr	r3, [r7, #8]
 4221 013a 002B     		cmp	r3, #0
 4222 013c 03D0     		beq	.L288
 4223 013e BB68     		ldr	r3, [r7, #8]
 4224 0140 042B     		cmp	r3, #4
 4225 0142 24D0     		beq	.L289
 4226 0144 6BE0     		b	.L287
 4227              	.L288:
1394:HW_Lib/STM32H7/HAL_Lib/STM32H7xx_HAL_Driver/Src/stm32h7xx_hal_tim_ex.c ****   {
1395:HW_Lib/STM32H7/HAL_Lib/STM32H7xx_HAL_Driver/Src/stm32h7xx_hal_tim_ex.c ****     case TIM_CHANNEL_1:
1396:HW_Lib/STM32H7/HAL_Lib/STM32H7xx_HAL_Driver/Src/stm32h7xx_hal_tim_ex.c ****     {
1397:HW_Lib/STM32H7/HAL_Lib/STM32H7xx_HAL_Driver/Src/stm32h7xx_hal_tim_ex.c ****       /* Set the DMA compare callbacks */
1398:HW_Lib/STM32H7/HAL_Lib/STM32H7xx_HAL_Driver/Src/stm32h7xx_hal_tim_ex.c ****       htim->hdma[TIM_DMA_ID_CC1]->XferCpltCallback = TIM_DMADelayPulseNCplt;
 4228              		.loc 1 1398 17
 4229 0146 FB68     		ldr	r3, [r7, #12]
 4230 0148 5B6A     		ldr	r3, [r3, #36]
 4231              		.loc 1 1398 52
 4232 014a 664A     		ldr	r2, .L299
 4233 014c DA63     		str	r2, [r3, #60]
1399:HW_Lib/STM32H7/HAL_Lib/STM32H7xx_HAL_Driver/Src/stm32h7xx_hal_tim_ex.c ****       htim->hdma[TIM_DMA_ID_CC1]->XferHalfCpltCallback = TIM_DMADelayPulseHalfCplt;
 4234              		.loc 1 1399 17
 4235 014e FB68     		ldr	r3, [r7, #12]
 4236 0150 5B6A     		ldr	r3, [r3, #36]
 4237              		.loc 1 1399 56
 4238 0152 654A     		ldr	r2, .L299+4
 4239 0154 1A64     		str	r2, [r3, #64]
1400:HW_Lib/STM32H7/HAL_Lib/STM32H7xx_HAL_Driver/Src/stm32h7xx_hal_tim_ex.c **** 
1401:HW_Lib/STM32H7/HAL_Lib/STM32H7xx_HAL_Driver/Src/stm32h7xx_hal_tim_ex.c ****       /* Set the DMA error callback */
1402:HW_Lib/STM32H7/HAL_Lib/STM32H7xx_HAL_Driver/Src/stm32h7xx_hal_tim_ex.c ****       htim->hdma[TIM_DMA_ID_CC1]->XferErrorCallback = TIM_DMAErrorCCxN ;
 4240              		.loc 1 1402 17
 4241 0156 FB68     		ldr	r3, [r7, #12]
 4242 0158 5B6A     		ldr	r3, [r3, #36]
 4243              		.loc 1 1402 53
 4244 015a 644A     		ldr	r2, .L299+8
 4245 015c DA64     		str	r2, [r3, #76]
1403:HW_Lib/STM32H7/HAL_Lib/STM32H7xx_HAL_Driver/Src/stm32h7xx_hal_tim_ex.c **** 
1404:HW_Lib/STM32H7/HAL_Lib/STM32H7xx_HAL_Driver/Src/stm32h7xx_hal_tim_ex.c ****       /* Enable the DMA stream */
1405:HW_Lib/STM32H7/HAL_Lib/STM32H7xx_HAL_Driver/Src/stm32h7xx_hal_tim_ex.c ****       if (HAL_DMA_Start_IT(htim->hdma[TIM_DMA_ID_CC1], (uint32_t)pData, (uint32_t)&htim->Instance->
 4246              		.loc 1 1405 11
 4247 015e FB68     		ldr	r3, [r7, #12]
 4248 0160 586A     		ldr	r0, [r3, #36]
 4249 0162 7968     		ldr	r1, [r7, #4]
 4250              		.loc 1 1405 88
 4251 0164 FB68     		ldr	r3, [r7, #12]
 4252 0166 1B68     		ldr	r3, [r3]
 4253              		.loc 1 1405 83
 4254 0168 3433     		adds	r3, r3, #52
 4255              		.loc 1 1405 11
 4256 016a 1A46     		mov	r2, r3
 4257 016c 7B88     		ldrh	r3, [r7, #2]
 4258 016e FFF7FEFF 		bl	HAL_DMA_Start_IT
 4259 0172 0346     		mov	r3, r0
 4260              		.loc 1 1405 10
 4261 0174 002B     		cmp	r3, #0
ARM GAS  C:\Users\HUAV\AppData\Local\Temp\ccIqAtUa.s 			page 100


 4262 0176 01D0     		beq	.L290
1406:HW_Lib/STM32H7/HAL_Lib/STM32H7xx_HAL_Driver/Src/stm32h7xx_hal_tim_ex.c ****                            Length) != HAL_OK)
1407:HW_Lib/STM32H7/HAL_Lib/STM32H7xx_HAL_Driver/Src/stm32h7xx_hal_tim_ex.c ****       {
1408:HW_Lib/STM32H7/HAL_Lib/STM32H7xx_HAL_Driver/Src/stm32h7xx_hal_tim_ex.c ****         /* Return error status */
1409:HW_Lib/STM32H7/HAL_Lib/STM32H7xx_HAL_Driver/Src/stm32h7xx_hal_tim_ex.c ****         return HAL_ERROR;
 4263              		.loc 1 1409 16
 4264 0178 0123     		movs	r3, #1
 4265 017a AEE0     		b	.L271
 4266              	.L290:
1410:HW_Lib/STM32H7/HAL_Lib/STM32H7xx_HAL_Driver/Src/stm32h7xx_hal_tim_ex.c ****       }
1411:HW_Lib/STM32H7/HAL_Lib/STM32H7xx_HAL_Driver/Src/stm32h7xx_hal_tim_ex.c ****       /* Enable the TIM Capture/Compare 1 DMA request */
1412:HW_Lib/STM32H7/HAL_Lib/STM32H7xx_HAL_Driver/Src/stm32h7xx_hal_tim_ex.c ****       __HAL_TIM_ENABLE_DMA(htim, TIM_DMA_CC1);
 4267              		.loc 1 1412 7
 4268 017c FB68     		ldr	r3, [r7, #12]
 4269 017e 1B68     		ldr	r3, [r3]
 4270 0180 DA68     		ldr	r2, [r3, #12]
 4271 0182 FB68     		ldr	r3, [r7, #12]
 4272 0184 1B68     		ldr	r3, [r3]
 4273 0186 42F40072 		orr	r2, r2, #512
 4274 018a DA60     		str	r2, [r3, #12]
1413:HW_Lib/STM32H7/HAL_Lib/STM32H7xx_HAL_Driver/Src/stm32h7xx_hal_tim_ex.c ****       break;
 4275              		.loc 1 1413 7
 4276 018c 4AE0     		b	.L291
 4277              	.L289:
1414:HW_Lib/STM32H7/HAL_Lib/STM32H7xx_HAL_Driver/Src/stm32h7xx_hal_tim_ex.c ****     }
1415:HW_Lib/STM32H7/HAL_Lib/STM32H7xx_HAL_Driver/Src/stm32h7xx_hal_tim_ex.c **** 
1416:HW_Lib/STM32H7/HAL_Lib/STM32H7xx_HAL_Driver/Src/stm32h7xx_hal_tim_ex.c ****     case TIM_CHANNEL_2:
1417:HW_Lib/STM32H7/HAL_Lib/STM32H7xx_HAL_Driver/Src/stm32h7xx_hal_tim_ex.c ****     {
1418:HW_Lib/STM32H7/HAL_Lib/STM32H7xx_HAL_Driver/Src/stm32h7xx_hal_tim_ex.c ****       /* Set the DMA compare callbacks */
1419:HW_Lib/STM32H7/HAL_Lib/STM32H7xx_HAL_Driver/Src/stm32h7xx_hal_tim_ex.c ****       htim->hdma[TIM_DMA_ID_CC2]->XferCpltCallback = TIM_DMADelayPulseNCplt;
 4278              		.loc 1 1419 17
 4279 018e FB68     		ldr	r3, [r7, #12]
 4280 0190 9B6A     		ldr	r3, [r3, #40]
 4281              		.loc 1 1419 52
 4282 0192 544A     		ldr	r2, .L299
 4283 0194 DA63     		str	r2, [r3, #60]
1420:HW_Lib/STM32H7/HAL_Lib/STM32H7xx_HAL_Driver/Src/stm32h7xx_hal_tim_ex.c ****       htim->hdma[TIM_DMA_ID_CC2]->XferHalfCpltCallback = TIM_DMADelayPulseHalfCplt;
 4284              		.loc 1 1420 17
 4285 0196 FB68     		ldr	r3, [r7, #12]
 4286 0198 9B6A     		ldr	r3, [r3, #40]
 4287              		.loc 1 1420 56
 4288 019a 534A     		ldr	r2, .L299+4
 4289 019c 1A64     		str	r2, [r3, #64]
1421:HW_Lib/STM32H7/HAL_Lib/STM32H7xx_HAL_Driver/Src/stm32h7xx_hal_tim_ex.c **** 
1422:HW_Lib/STM32H7/HAL_Lib/STM32H7xx_HAL_Driver/Src/stm32h7xx_hal_tim_ex.c ****       /* Set the DMA error callback */
1423:HW_Lib/STM32H7/HAL_Lib/STM32H7xx_HAL_Driver/Src/stm32h7xx_hal_tim_ex.c ****       htim->hdma[TIM_DMA_ID_CC2]->XferErrorCallback = TIM_DMAErrorCCxN ;
 4290              		.loc 1 1423 17
 4291 019e FB68     		ldr	r3, [r7, #12]
 4292 01a0 9B6A     		ldr	r3, [r3, #40]
 4293              		.loc 1 1423 53
 4294 01a2 524A     		ldr	r2, .L299+8
 4295 01a4 DA64     		str	r2, [r3, #76]
1424:HW_Lib/STM32H7/HAL_Lib/STM32H7xx_HAL_Driver/Src/stm32h7xx_hal_tim_ex.c **** 
1425:HW_Lib/STM32H7/HAL_Lib/STM32H7xx_HAL_Driver/Src/stm32h7xx_hal_tim_ex.c ****       /* Enable the DMA stream */
1426:HW_Lib/STM32H7/HAL_Lib/STM32H7xx_HAL_Driver/Src/stm32h7xx_hal_tim_ex.c ****       if (HAL_DMA_Start_IT(htim->hdma[TIM_DMA_ID_CC2], (uint32_t)pData, (uint32_t)&htim->Instance->
 4296              		.loc 1 1426 11
 4297 01a6 FB68     		ldr	r3, [r7, #12]
ARM GAS  C:\Users\HUAV\AppData\Local\Temp\ccIqAtUa.s 			page 101


 4298 01a8 986A     		ldr	r0, [r3, #40]
 4299 01aa 7968     		ldr	r1, [r7, #4]
 4300              		.loc 1 1426 88
 4301 01ac FB68     		ldr	r3, [r7, #12]
 4302 01ae 1B68     		ldr	r3, [r3]
 4303              		.loc 1 1426 83
 4304 01b0 3833     		adds	r3, r3, #56
 4305              		.loc 1 1426 11
 4306 01b2 1A46     		mov	r2, r3
 4307 01b4 7B88     		ldrh	r3, [r7, #2]
 4308 01b6 FFF7FEFF 		bl	HAL_DMA_Start_IT
 4309 01ba 0346     		mov	r3, r0
 4310              		.loc 1 1426 10
 4311 01bc 002B     		cmp	r3, #0
 4312 01be 01D0     		beq	.L292
1427:HW_Lib/STM32H7/HAL_Lib/STM32H7xx_HAL_Driver/Src/stm32h7xx_hal_tim_ex.c ****                            Length) != HAL_OK)
1428:HW_Lib/STM32H7/HAL_Lib/STM32H7xx_HAL_Driver/Src/stm32h7xx_hal_tim_ex.c ****       {
1429:HW_Lib/STM32H7/HAL_Lib/STM32H7xx_HAL_Driver/Src/stm32h7xx_hal_tim_ex.c ****         /* Return error status */
1430:HW_Lib/STM32H7/HAL_Lib/STM32H7xx_HAL_Driver/Src/stm32h7xx_hal_tim_ex.c ****         return HAL_ERROR;
 4313              		.loc 1 1430 16
 4314 01c0 0123     		movs	r3, #1
 4315 01c2 8AE0     		b	.L271
 4316              	.L292:
1431:HW_Lib/STM32H7/HAL_Lib/STM32H7xx_HAL_Driver/Src/stm32h7xx_hal_tim_ex.c ****       }
1432:HW_Lib/STM32H7/HAL_Lib/STM32H7xx_HAL_Driver/Src/stm32h7xx_hal_tim_ex.c ****       /* Enable the TIM Capture/Compare 2 DMA request */
1433:HW_Lib/STM32H7/HAL_Lib/STM32H7xx_HAL_Driver/Src/stm32h7xx_hal_tim_ex.c ****       __HAL_TIM_ENABLE_DMA(htim, TIM_DMA_CC2);
 4317              		.loc 1 1433 7
 4318 01c4 FB68     		ldr	r3, [r7, #12]
 4319 01c6 1B68     		ldr	r3, [r3]
 4320 01c8 DA68     		ldr	r2, [r3, #12]
 4321 01ca FB68     		ldr	r3, [r7, #12]
 4322 01cc 1B68     		ldr	r3, [r3]
 4323 01ce 42F48062 		orr	r2, r2, #1024
 4324 01d2 DA60     		str	r2, [r3, #12]
1434:HW_Lib/STM32H7/HAL_Lib/STM32H7xx_HAL_Driver/Src/stm32h7xx_hal_tim_ex.c ****       break;
 4325              		.loc 1 1434 7
 4326 01d4 26E0     		b	.L291
 4327              	.L286:
1435:HW_Lib/STM32H7/HAL_Lib/STM32H7xx_HAL_Driver/Src/stm32h7xx_hal_tim_ex.c ****     }
1436:HW_Lib/STM32H7/HAL_Lib/STM32H7xx_HAL_Driver/Src/stm32h7xx_hal_tim_ex.c **** 
1437:HW_Lib/STM32H7/HAL_Lib/STM32H7xx_HAL_Driver/Src/stm32h7xx_hal_tim_ex.c ****     case TIM_CHANNEL_3:
1438:HW_Lib/STM32H7/HAL_Lib/STM32H7xx_HAL_Driver/Src/stm32h7xx_hal_tim_ex.c ****     {
1439:HW_Lib/STM32H7/HAL_Lib/STM32H7xx_HAL_Driver/Src/stm32h7xx_hal_tim_ex.c ****       /* Set the DMA compare callbacks */
1440:HW_Lib/STM32H7/HAL_Lib/STM32H7xx_HAL_Driver/Src/stm32h7xx_hal_tim_ex.c ****       htim->hdma[TIM_DMA_ID_CC3]->XferCpltCallback = TIM_DMADelayPulseNCplt;
 4328              		.loc 1 1440 17
 4329 01d6 FB68     		ldr	r3, [r7, #12]
 4330 01d8 DB6A     		ldr	r3, [r3, #44]
 4331              		.loc 1 1440 52
 4332 01da 424A     		ldr	r2, .L299
 4333 01dc DA63     		str	r2, [r3, #60]
1441:HW_Lib/STM32H7/HAL_Lib/STM32H7xx_HAL_Driver/Src/stm32h7xx_hal_tim_ex.c ****       htim->hdma[TIM_DMA_ID_CC3]->XferHalfCpltCallback = TIM_DMADelayPulseHalfCplt;
 4334              		.loc 1 1441 17
 4335 01de FB68     		ldr	r3, [r7, #12]
 4336 01e0 DB6A     		ldr	r3, [r3, #44]
 4337              		.loc 1 1441 56
 4338 01e2 414A     		ldr	r2, .L299+4
 4339 01e4 1A64     		str	r2, [r3, #64]
ARM GAS  C:\Users\HUAV\AppData\Local\Temp\ccIqAtUa.s 			page 102


1442:HW_Lib/STM32H7/HAL_Lib/STM32H7xx_HAL_Driver/Src/stm32h7xx_hal_tim_ex.c **** 
1443:HW_Lib/STM32H7/HAL_Lib/STM32H7xx_HAL_Driver/Src/stm32h7xx_hal_tim_ex.c ****       /* Set the DMA error callback */
1444:HW_Lib/STM32H7/HAL_Lib/STM32H7xx_HAL_Driver/Src/stm32h7xx_hal_tim_ex.c ****       htim->hdma[TIM_DMA_ID_CC3]->XferErrorCallback = TIM_DMAErrorCCxN ;
 4340              		.loc 1 1444 17
 4341 01e6 FB68     		ldr	r3, [r7, #12]
 4342 01e8 DB6A     		ldr	r3, [r3, #44]
 4343              		.loc 1 1444 53
 4344 01ea 404A     		ldr	r2, .L299+8
 4345 01ec DA64     		str	r2, [r3, #76]
1445:HW_Lib/STM32H7/HAL_Lib/STM32H7xx_HAL_Driver/Src/stm32h7xx_hal_tim_ex.c **** 
1446:HW_Lib/STM32H7/HAL_Lib/STM32H7xx_HAL_Driver/Src/stm32h7xx_hal_tim_ex.c ****       /* Enable the DMA stream */
1447:HW_Lib/STM32H7/HAL_Lib/STM32H7xx_HAL_Driver/Src/stm32h7xx_hal_tim_ex.c ****       if (HAL_DMA_Start_IT(htim->hdma[TIM_DMA_ID_CC3], (uint32_t)pData, (uint32_t)&htim->Instance->
 4346              		.loc 1 1447 11
 4347 01ee FB68     		ldr	r3, [r7, #12]
 4348 01f0 D86A     		ldr	r0, [r3, #44]
 4349 01f2 7968     		ldr	r1, [r7, #4]
 4350              		.loc 1 1447 88
 4351 01f4 FB68     		ldr	r3, [r7, #12]
 4352 01f6 1B68     		ldr	r3, [r3]
 4353              		.loc 1 1447 83
 4354 01f8 3C33     		adds	r3, r3, #60
 4355              		.loc 1 1447 11
 4356 01fa 1A46     		mov	r2, r3
 4357 01fc 7B88     		ldrh	r3, [r7, #2]
 4358 01fe FFF7FEFF 		bl	HAL_DMA_Start_IT
 4359 0202 0346     		mov	r3, r0
 4360              		.loc 1 1447 10
 4361 0204 002B     		cmp	r3, #0
 4362 0206 01D0     		beq	.L293
1448:HW_Lib/STM32H7/HAL_Lib/STM32H7xx_HAL_Driver/Src/stm32h7xx_hal_tim_ex.c ****                            Length) != HAL_OK)
1449:HW_Lib/STM32H7/HAL_Lib/STM32H7xx_HAL_Driver/Src/stm32h7xx_hal_tim_ex.c ****       {
1450:HW_Lib/STM32H7/HAL_Lib/STM32H7xx_HAL_Driver/Src/stm32h7xx_hal_tim_ex.c ****         /* Return error status */
1451:HW_Lib/STM32H7/HAL_Lib/STM32H7xx_HAL_Driver/Src/stm32h7xx_hal_tim_ex.c ****         return HAL_ERROR;
 4363              		.loc 1 1451 16
 4364 0208 0123     		movs	r3, #1
 4365 020a 66E0     		b	.L271
 4366              	.L293:
1452:HW_Lib/STM32H7/HAL_Lib/STM32H7xx_HAL_Driver/Src/stm32h7xx_hal_tim_ex.c ****       }
1453:HW_Lib/STM32H7/HAL_Lib/STM32H7xx_HAL_Driver/Src/stm32h7xx_hal_tim_ex.c ****       /* Enable the TIM Capture/Compare 3 DMA request */
1454:HW_Lib/STM32H7/HAL_Lib/STM32H7xx_HAL_Driver/Src/stm32h7xx_hal_tim_ex.c ****       __HAL_TIM_ENABLE_DMA(htim, TIM_DMA_CC3);
 4367              		.loc 1 1454 7
 4368 020c FB68     		ldr	r3, [r7, #12]
 4369 020e 1B68     		ldr	r3, [r3]
 4370 0210 DA68     		ldr	r2, [r3, #12]
 4371 0212 FB68     		ldr	r3, [r7, #12]
 4372 0214 1B68     		ldr	r3, [r3]
 4373 0216 42F40062 		orr	r2, r2, #2048
 4374 021a DA60     		str	r2, [r3, #12]
1455:HW_Lib/STM32H7/HAL_Lib/STM32H7xx_HAL_Driver/Src/stm32h7xx_hal_tim_ex.c ****       break;
 4375              		.loc 1 1455 7
 4376 021c 02E0     		b	.L291
 4377              	.L287:
1456:HW_Lib/STM32H7/HAL_Lib/STM32H7xx_HAL_Driver/Src/stm32h7xx_hal_tim_ex.c ****     }
1457:HW_Lib/STM32H7/HAL_Lib/STM32H7xx_HAL_Driver/Src/stm32h7xx_hal_tim_ex.c **** 
1458:HW_Lib/STM32H7/HAL_Lib/STM32H7xx_HAL_Driver/Src/stm32h7xx_hal_tim_ex.c ****     default:
1459:HW_Lib/STM32H7/HAL_Lib/STM32H7xx_HAL_Driver/Src/stm32h7xx_hal_tim_ex.c ****       status = HAL_ERROR;
 4378              		.loc 1 1459 14
ARM GAS  C:\Users\HUAV\AppData\Local\Temp\ccIqAtUa.s 			page 103


 4379 021e 0123     		movs	r3, #1
 4380 0220 FB75     		strb	r3, [r7, #23]
1460:HW_Lib/STM32H7/HAL_Lib/STM32H7xx_HAL_Driver/Src/stm32h7xx_hal_tim_ex.c ****       break;
 4381              		.loc 1 1460 7
 4382 0222 00BF     		nop
 4383              	.L291:
1461:HW_Lib/STM32H7/HAL_Lib/STM32H7xx_HAL_Driver/Src/stm32h7xx_hal_tim_ex.c ****   }
1462:HW_Lib/STM32H7/HAL_Lib/STM32H7xx_HAL_Driver/Src/stm32h7xx_hal_tim_ex.c **** 
1463:HW_Lib/STM32H7/HAL_Lib/STM32H7xx_HAL_Driver/Src/stm32h7xx_hal_tim_ex.c ****   if (status == HAL_OK)
 4384              		.loc 1 1463 6
 4385 0224 FB7D     		ldrb	r3, [r7, #23]	@ zero_extendqisi2
 4386 0226 002B     		cmp	r3, #0
 4387 0228 56D1     		bne	.L294
1464:HW_Lib/STM32H7/HAL_Lib/STM32H7xx_HAL_Driver/Src/stm32h7xx_hal_tim_ex.c ****   {
1465:HW_Lib/STM32H7/HAL_Lib/STM32H7xx_HAL_Driver/Src/stm32h7xx_hal_tim_ex.c ****     /* Enable the complementary PWM output  */
1466:HW_Lib/STM32H7/HAL_Lib/STM32H7xx_HAL_Driver/Src/stm32h7xx_hal_tim_ex.c ****     TIM_CCxNChannelCmd(htim->Instance, Channel, TIM_CCxN_ENABLE);
 4388              		.loc 1 1466 5
 4389 022a FB68     		ldr	r3, [r7, #12]
 4390 022c 1B68     		ldr	r3, [r3]
 4391 022e 0422     		movs	r2, #4
 4392 0230 B968     		ldr	r1, [r7, #8]
 4393 0232 1846     		mov	r0, r3
 4394 0234 FFF7FEFF 		bl	TIM_CCxNChannelCmd
1467:HW_Lib/STM32H7/HAL_Lib/STM32H7xx_HAL_Driver/Src/stm32h7xx_hal_tim_ex.c **** 
1468:HW_Lib/STM32H7/HAL_Lib/STM32H7xx_HAL_Driver/Src/stm32h7xx_hal_tim_ex.c ****     /* Enable the Main Output */
1469:HW_Lib/STM32H7/HAL_Lib/STM32H7xx_HAL_Driver/Src/stm32h7xx_hal_tim_ex.c ****     __HAL_TIM_MOE_ENABLE(htim);
 4395              		.loc 1 1469 5
 4396 0238 FB68     		ldr	r3, [r7, #12]
 4397 023a 1B68     		ldr	r3, [r3]
 4398 023c 5A6C     		ldr	r2, [r3, #68]
 4399 023e FB68     		ldr	r3, [r7, #12]
 4400 0240 1B68     		ldr	r3, [r3]
 4401 0242 42F40042 		orr	r2, r2, #32768
 4402 0246 5A64     		str	r2, [r3, #68]
1470:HW_Lib/STM32H7/HAL_Lib/STM32H7xx_HAL_Driver/Src/stm32h7xx_hal_tim_ex.c **** 
1471:HW_Lib/STM32H7/HAL_Lib/STM32H7xx_HAL_Driver/Src/stm32h7xx_hal_tim_ex.c ****     /* Enable the Peripheral, except in trigger mode where enable is automatically done with trigge
1472:HW_Lib/STM32H7/HAL_Lib/STM32H7xx_HAL_Driver/Src/stm32h7xx_hal_tim_ex.c ****     if (IS_TIM_SLAVE_INSTANCE(htim->Instance))
 4403              		.loc 1 1472 9
 4404 0248 FB68     		ldr	r3, [r7, #12]
 4405 024a 1B68     		ldr	r3, [r3]
 4406              		.loc 1 1472 8
 4407 024c 284A     		ldr	r2, .L299+12
 4408 024e 9342     		cmp	r3, r2
 4409 0250 22D0     		beq	.L295
 4410              		.loc 1 1472 9 discriminator 1
 4411 0252 FB68     		ldr	r3, [r7, #12]
 4412 0254 1B68     		ldr	r3, [r3]
 4413 0256 B3F1804F 		cmp	r3, #1073741824
 4414 025a 1DD0     		beq	.L295
 4415              		.loc 1 1472 9 is_stmt 0 discriminator 2
 4416 025c FB68     		ldr	r3, [r7, #12]
 4417 025e 1B68     		ldr	r3, [r3]
 4418 0260 244A     		ldr	r2, .L299+16
 4419 0262 9342     		cmp	r3, r2
 4420 0264 18D0     		beq	.L295
 4421              		.loc 1 1472 9 discriminator 3
 4422 0266 FB68     		ldr	r3, [r7, #12]
ARM GAS  C:\Users\HUAV\AppData\Local\Temp\ccIqAtUa.s 			page 104


 4423 0268 1B68     		ldr	r3, [r3]
 4424 026a 234A     		ldr	r2, .L299+20
 4425 026c 9342     		cmp	r3, r2
 4426 026e 13D0     		beq	.L295
 4427              		.loc 1 1472 9 discriminator 4
 4428 0270 FB68     		ldr	r3, [r7, #12]
 4429 0272 1B68     		ldr	r3, [r3]
 4430 0274 214A     		ldr	r2, .L299+24
 4431 0276 9342     		cmp	r3, r2
 4432 0278 0ED0     		beq	.L295
 4433              		.loc 1 1472 9 discriminator 5
 4434 027a FB68     		ldr	r3, [r7, #12]
 4435 027c 1B68     		ldr	r3, [r3]
 4436 027e 204A     		ldr	r2, .L299+28
 4437 0280 9342     		cmp	r3, r2
 4438 0282 09D0     		beq	.L295
 4439              		.loc 1 1472 9 discriminator 6
 4440 0284 FB68     		ldr	r3, [r7, #12]
 4441 0286 1B68     		ldr	r3, [r3]
 4442 0288 1E4A     		ldr	r2, .L299+32
 4443 028a 9342     		cmp	r3, r2
 4444 028c 04D0     		beq	.L295
 4445              		.loc 1 1472 9 discriminator 7
 4446 028e FB68     		ldr	r3, [r7, #12]
 4447 0290 1B68     		ldr	r3, [r3]
 4448 0292 1D4A     		ldr	r2, .L299+36
 4449 0294 9342     		cmp	r3, r2
 4450 0296 15D1     		bne	.L296
 4451              	.L295:
1473:HW_Lib/STM32H7/HAL_Lib/STM32H7xx_HAL_Driver/Src/stm32h7xx_hal_tim_ex.c ****     {
1474:HW_Lib/STM32H7/HAL_Lib/STM32H7xx_HAL_Driver/Src/stm32h7xx_hal_tim_ex.c ****       tmpsmcr = htim->Instance->SMCR & TIM_SMCR_SMS;
 4452              		.loc 1 1474 21 is_stmt 1
 4453 0298 FB68     		ldr	r3, [r7, #12]
 4454 029a 1B68     		ldr	r3, [r3]
 4455              		.loc 1 1474 31
 4456 029c 9A68     		ldr	r2, [r3, #8]
 4457              		.loc 1 1474 15
 4458 029e 1B4B     		ldr	r3, .L299+40
 4459 02a0 1340     		ands	r3, r3, r2
 4460 02a2 3B61     		str	r3, [r7, #16]
1475:HW_Lib/STM32H7/HAL_Lib/STM32H7xx_HAL_Driver/Src/stm32h7xx_hal_tim_ex.c ****       if (!IS_TIM_SLAVEMODE_TRIGGER_ENABLED(tmpsmcr))
 4461              		.loc 1 1475 10
 4462 02a4 3B69     		ldr	r3, [r7, #16]
 4463 02a6 062B     		cmp	r3, #6
 4464 02a8 15D0     		beq	.L298
 4465              		.loc 1 1475 11 discriminator 1
 4466 02aa 3B69     		ldr	r3, [r7, #16]
 4467 02ac B3F5803F 		cmp	r3, #65536
 4468 02b0 11D0     		beq	.L298
1476:HW_Lib/STM32H7/HAL_Lib/STM32H7xx_HAL_Driver/Src/stm32h7xx_hal_tim_ex.c ****       {
1477:HW_Lib/STM32H7/HAL_Lib/STM32H7xx_HAL_Driver/Src/stm32h7xx_hal_tim_ex.c ****         __HAL_TIM_ENABLE(htim);
 4469              		.loc 1 1477 9
 4470 02b2 FB68     		ldr	r3, [r7, #12]
 4471 02b4 1B68     		ldr	r3, [r3]
 4472 02b6 1A68     		ldr	r2, [r3]
 4473 02b8 FB68     		ldr	r3, [r7, #12]
 4474 02ba 1B68     		ldr	r3, [r3]
ARM GAS  C:\Users\HUAV\AppData\Local\Temp\ccIqAtUa.s 			page 105


 4475 02bc 42F00102 		orr	r2, r2, #1
 4476 02c0 1A60     		str	r2, [r3]
1475:HW_Lib/STM32H7/HAL_Lib/STM32H7xx_HAL_Driver/Src/stm32h7xx_hal_tim_ex.c ****       if (!IS_TIM_SLAVEMODE_TRIGGER_ENABLED(tmpsmcr))
 4477              		.loc 1 1475 10
 4478 02c2 08E0     		b	.L298
 4479              	.L296:
1478:HW_Lib/STM32H7/HAL_Lib/STM32H7xx_HAL_Driver/Src/stm32h7xx_hal_tim_ex.c ****       }
1479:HW_Lib/STM32H7/HAL_Lib/STM32H7xx_HAL_Driver/Src/stm32h7xx_hal_tim_ex.c ****     }
1480:HW_Lib/STM32H7/HAL_Lib/STM32H7xx_HAL_Driver/Src/stm32h7xx_hal_tim_ex.c ****     else
1481:HW_Lib/STM32H7/HAL_Lib/STM32H7xx_HAL_Driver/Src/stm32h7xx_hal_tim_ex.c ****     {
1482:HW_Lib/STM32H7/HAL_Lib/STM32H7xx_HAL_Driver/Src/stm32h7xx_hal_tim_ex.c ****       __HAL_TIM_ENABLE(htim);
 4480              		.loc 1 1482 7
 4481 02c4 FB68     		ldr	r3, [r7, #12]
 4482 02c6 1B68     		ldr	r3, [r3]
 4483 02c8 1A68     		ldr	r2, [r3]
 4484 02ca FB68     		ldr	r3, [r7, #12]
 4485 02cc 1B68     		ldr	r3, [r3]
 4486 02ce 42F00102 		orr	r2, r2, #1
 4487 02d2 1A60     		str	r2, [r3]
 4488 02d4 00E0     		b	.L294
 4489              	.L298:
1475:HW_Lib/STM32H7/HAL_Lib/STM32H7xx_HAL_Driver/Src/stm32h7xx_hal_tim_ex.c ****       {
 4490              		.loc 1 1475 10
 4491 02d6 00BF     		nop
 4492              	.L294:
1483:HW_Lib/STM32H7/HAL_Lib/STM32H7xx_HAL_Driver/Src/stm32h7xx_hal_tim_ex.c ****     }
1484:HW_Lib/STM32H7/HAL_Lib/STM32H7xx_HAL_Driver/Src/stm32h7xx_hal_tim_ex.c ****   }
1485:HW_Lib/STM32H7/HAL_Lib/STM32H7xx_HAL_Driver/Src/stm32h7xx_hal_tim_ex.c **** 
1486:HW_Lib/STM32H7/HAL_Lib/STM32H7xx_HAL_Driver/Src/stm32h7xx_hal_tim_ex.c ****   /* Return function status */
1487:HW_Lib/STM32H7/HAL_Lib/STM32H7xx_HAL_Driver/Src/stm32h7xx_hal_tim_ex.c ****   return status;
 4493              		.loc 1 1487 10
 4494 02d8 FB7D     		ldrb	r3, [r7, #23]	@ zero_extendqisi2
 4495              	.L271:
1488:HW_Lib/STM32H7/HAL_Lib/STM32H7xx_HAL_Driver/Src/stm32h7xx_hal_tim_ex.c **** }
 4496              		.loc 1 1488 1
 4497 02da 1846     		mov	r0, r3
 4498 02dc 1837     		adds	r7, r7, #24
 4499              	.LCFI105:
 4500              		.cfi_def_cfa_offset 8
 4501 02de BD46     		mov	sp, r7
 4502              	.LCFI106:
 4503              		.cfi_def_cfa_register 13
 4504              		@ sp needed
 4505 02e0 80BD     		pop	{r7, pc}
 4506              	.L300:
 4507 02e2 00BF     		.align	2
 4508              	.L299:
 4509 02e4 00000000 		.word	TIM_DMADelayPulseNCplt
 4510 02e8 00000000 		.word	TIM_DMADelayPulseHalfCplt
 4511 02ec 00000000 		.word	TIM_DMAErrorCCxN
 4512 02f0 00000140 		.word	1073807360
 4513 02f4 00040040 		.word	1073742848
 4514 02f8 00080040 		.word	1073743872
 4515 02fc 000C0040 		.word	1073744896
 4516 0300 00040140 		.word	1073808384
 4517 0304 00180040 		.word	1073747968
 4518 0308 00400140 		.word	1073823744
ARM GAS  C:\Users\HUAV\AppData\Local\Temp\ccIqAtUa.s 			page 106


 4519 030c 07000100 		.word	65543
 4520              		.cfi_endproc
 4521              	.LFE353:
 4523              		.section	.text.HAL_TIMEx_PWMN_Stop_DMA,"ax",%progbits
 4524              		.align	1
 4525              		.global	HAL_TIMEx_PWMN_Stop_DMA
 4526              		.syntax unified
 4527              		.thumb
 4528              		.thumb_func
 4530              	HAL_TIMEx_PWMN_Stop_DMA:
 4531              	.LFB354:
1489:HW_Lib/STM32H7/HAL_Lib/STM32H7xx_HAL_Driver/Src/stm32h7xx_hal_tim_ex.c **** 
1490:HW_Lib/STM32H7/HAL_Lib/STM32H7xx_HAL_Driver/Src/stm32h7xx_hal_tim_ex.c **** /**
1491:HW_Lib/STM32H7/HAL_Lib/STM32H7xx_HAL_Driver/Src/stm32h7xx_hal_tim_ex.c ****   * @brief  Stops the TIM PWM signal generation in DMA mode on the complementary
1492:HW_Lib/STM32H7/HAL_Lib/STM32H7xx_HAL_Driver/Src/stm32h7xx_hal_tim_ex.c ****   *         output
1493:HW_Lib/STM32H7/HAL_Lib/STM32H7xx_HAL_Driver/Src/stm32h7xx_hal_tim_ex.c ****   * @param  htim TIM handle
1494:HW_Lib/STM32H7/HAL_Lib/STM32H7xx_HAL_Driver/Src/stm32h7xx_hal_tim_ex.c ****   * @param  Channel TIM Channel to be disabled
1495:HW_Lib/STM32H7/HAL_Lib/STM32H7xx_HAL_Driver/Src/stm32h7xx_hal_tim_ex.c ****   *          This parameter can be one of the following values:
1496:HW_Lib/STM32H7/HAL_Lib/STM32H7xx_HAL_Driver/Src/stm32h7xx_hal_tim_ex.c ****   *            @arg TIM_CHANNEL_1: TIM Channel 1 selected
1497:HW_Lib/STM32H7/HAL_Lib/STM32H7xx_HAL_Driver/Src/stm32h7xx_hal_tim_ex.c ****   *            @arg TIM_CHANNEL_2: TIM Channel 2 selected
1498:HW_Lib/STM32H7/HAL_Lib/STM32H7xx_HAL_Driver/Src/stm32h7xx_hal_tim_ex.c ****   *            @arg TIM_CHANNEL_3: TIM Channel 3 selected
1499:HW_Lib/STM32H7/HAL_Lib/STM32H7xx_HAL_Driver/Src/stm32h7xx_hal_tim_ex.c ****   * @retval HAL status
1500:HW_Lib/STM32H7/HAL_Lib/STM32H7xx_HAL_Driver/Src/stm32h7xx_hal_tim_ex.c ****   */
1501:HW_Lib/STM32H7/HAL_Lib/STM32H7xx_HAL_Driver/Src/stm32h7xx_hal_tim_ex.c **** HAL_StatusTypeDef HAL_TIMEx_PWMN_Stop_DMA(TIM_HandleTypeDef *htim, uint32_t Channel)
1502:HW_Lib/STM32H7/HAL_Lib/STM32H7xx_HAL_Driver/Src/stm32h7xx_hal_tim_ex.c **** {
 4532              		.loc 1 1502 1
 4533              		.cfi_startproc
 4534              		@ args = 0, pretend = 0, frame = 16
 4535              		@ frame_needed = 1, uses_anonymous_args = 0
 4536 0000 80B5     		push	{r7, lr}
 4537              	.LCFI107:
 4538              		.cfi_def_cfa_offset 8
 4539              		.cfi_offset 7, -8
 4540              		.cfi_offset 14, -4
 4541 0002 84B0     		sub	sp, sp, #16
 4542              	.LCFI108:
 4543              		.cfi_def_cfa_offset 24
 4544 0004 00AF     		add	r7, sp, #0
 4545              	.LCFI109:
 4546              		.cfi_def_cfa_register 7
 4547 0006 7860     		str	r0, [r7, #4]
 4548 0008 3960     		str	r1, [r7]
1503:HW_Lib/STM32H7/HAL_Lib/STM32H7xx_HAL_Driver/Src/stm32h7xx_hal_tim_ex.c ****   HAL_StatusTypeDef status = HAL_OK;
 4549              		.loc 1 1503 21
 4550 000a 0023     		movs	r3, #0
 4551 000c FB73     		strb	r3, [r7, #15]
1504:HW_Lib/STM32H7/HAL_Lib/STM32H7xx_HAL_Driver/Src/stm32h7xx_hal_tim_ex.c **** 
1505:HW_Lib/STM32H7/HAL_Lib/STM32H7xx_HAL_Driver/Src/stm32h7xx_hal_tim_ex.c ****   /* Check the parameters */
1506:HW_Lib/STM32H7/HAL_Lib/STM32H7xx_HAL_Driver/Src/stm32h7xx_hal_tim_ex.c ****   assert_param(IS_TIM_CCXN_INSTANCE(htim->Instance, Channel));
1507:HW_Lib/STM32H7/HAL_Lib/STM32H7xx_HAL_Driver/Src/stm32h7xx_hal_tim_ex.c **** 
1508:HW_Lib/STM32H7/HAL_Lib/STM32H7xx_HAL_Driver/Src/stm32h7xx_hal_tim_ex.c ****   switch (Channel)
 4552              		.loc 1 1508 3
 4553 000e 3B68     		ldr	r3, [r7]
 4554 0010 082B     		cmp	r3, #8
 4555 0012 25D0     		beq	.L302
 4556 0014 3B68     		ldr	r3, [r7]
 4557 0016 082B     		cmp	r3, #8
ARM GAS  C:\Users\HUAV\AppData\Local\Temp\ccIqAtUa.s 			page 107


 4558 0018 30D8     		bhi	.L303
 4559 001a 3B68     		ldr	r3, [r7]
 4560 001c 002B     		cmp	r3, #0
 4561 001e 03D0     		beq	.L304
 4562 0020 3B68     		ldr	r3, [r7]
 4563 0022 042B     		cmp	r3, #4
 4564 0024 0ED0     		beq	.L305
 4565 0026 29E0     		b	.L303
 4566              	.L304:
1509:HW_Lib/STM32H7/HAL_Lib/STM32H7xx_HAL_Driver/Src/stm32h7xx_hal_tim_ex.c ****   {
1510:HW_Lib/STM32H7/HAL_Lib/STM32H7xx_HAL_Driver/Src/stm32h7xx_hal_tim_ex.c ****     case TIM_CHANNEL_1:
1511:HW_Lib/STM32H7/HAL_Lib/STM32H7xx_HAL_Driver/Src/stm32h7xx_hal_tim_ex.c ****     {
1512:HW_Lib/STM32H7/HAL_Lib/STM32H7xx_HAL_Driver/Src/stm32h7xx_hal_tim_ex.c ****       /* Disable the TIM Capture/Compare 1 DMA request */
1513:HW_Lib/STM32H7/HAL_Lib/STM32H7xx_HAL_Driver/Src/stm32h7xx_hal_tim_ex.c ****       __HAL_TIM_DISABLE_DMA(htim, TIM_DMA_CC1);
 4567              		.loc 1 1513 7
 4568 0028 7B68     		ldr	r3, [r7, #4]
 4569 002a 1B68     		ldr	r3, [r3]
 4570 002c DA68     		ldr	r2, [r3, #12]
 4571 002e 7B68     		ldr	r3, [r7, #4]
 4572 0030 1B68     		ldr	r3, [r3]
 4573 0032 22F40072 		bic	r2, r2, #512
 4574 0036 DA60     		str	r2, [r3, #12]
1514:HW_Lib/STM32H7/HAL_Lib/STM32H7xx_HAL_Driver/Src/stm32h7xx_hal_tim_ex.c ****       (void)HAL_DMA_Abort_IT(htim->hdma[TIM_DMA_ID_CC1]);
 4575              		.loc 1 1514 13
 4576 0038 7B68     		ldr	r3, [r7, #4]
 4577 003a 5B6A     		ldr	r3, [r3, #36]
 4578 003c 1846     		mov	r0, r3
 4579 003e FFF7FEFF 		bl	HAL_DMA_Abort_IT
1515:HW_Lib/STM32H7/HAL_Lib/STM32H7xx_HAL_Driver/Src/stm32h7xx_hal_tim_ex.c ****       break;
 4580              		.loc 1 1515 7
 4581 0042 1EE0     		b	.L306
 4582              	.L305:
1516:HW_Lib/STM32H7/HAL_Lib/STM32H7xx_HAL_Driver/Src/stm32h7xx_hal_tim_ex.c ****     }
1517:HW_Lib/STM32H7/HAL_Lib/STM32H7xx_HAL_Driver/Src/stm32h7xx_hal_tim_ex.c **** 
1518:HW_Lib/STM32H7/HAL_Lib/STM32H7xx_HAL_Driver/Src/stm32h7xx_hal_tim_ex.c ****     case TIM_CHANNEL_2:
1519:HW_Lib/STM32H7/HAL_Lib/STM32H7xx_HAL_Driver/Src/stm32h7xx_hal_tim_ex.c ****     {
1520:HW_Lib/STM32H7/HAL_Lib/STM32H7xx_HAL_Driver/Src/stm32h7xx_hal_tim_ex.c ****       /* Disable the TIM Capture/Compare 2 DMA request */
1521:HW_Lib/STM32H7/HAL_Lib/STM32H7xx_HAL_Driver/Src/stm32h7xx_hal_tim_ex.c ****       __HAL_TIM_DISABLE_DMA(htim, TIM_DMA_CC2);
 4583              		.loc 1 1521 7
 4584 0044 7B68     		ldr	r3, [r7, #4]
 4585 0046 1B68     		ldr	r3, [r3]
 4586 0048 DA68     		ldr	r2, [r3, #12]
 4587 004a 7B68     		ldr	r3, [r7, #4]
 4588 004c 1B68     		ldr	r3, [r3]
 4589 004e 22F48062 		bic	r2, r2, #1024
 4590 0052 DA60     		str	r2, [r3, #12]
1522:HW_Lib/STM32H7/HAL_Lib/STM32H7xx_HAL_Driver/Src/stm32h7xx_hal_tim_ex.c ****       (void)HAL_DMA_Abort_IT(htim->hdma[TIM_DMA_ID_CC2]);
 4591              		.loc 1 1522 13
 4592 0054 7B68     		ldr	r3, [r7, #4]
 4593 0056 9B6A     		ldr	r3, [r3, #40]
 4594 0058 1846     		mov	r0, r3
 4595 005a FFF7FEFF 		bl	HAL_DMA_Abort_IT
1523:HW_Lib/STM32H7/HAL_Lib/STM32H7xx_HAL_Driver/Src/stm32h7xx_hal_tim_ex.c ****       break;
 4596              		.loc 1 1523 7
 4597 005e 10E0     		b	.L306
 4598              	.L302:
1524:HW_Lib/STM32H7/HAL_Lib/STM32H7xx_HAL_Driver/Src/stm32h7xx_hal_tim_ex.c ****     }
ARM GAS  C:\Users\HUAV\AppData\Local\Temp\ccIqAtUa.s 			page 108


1525:HW_Lib/STM32H7/HAL_Lib/STM32H7xx_HAL_Driver/Src/stm32h7xx_hal_tim_ex.c **** 
1526:HW_Lib/STM32H7/HAL_Lib/STM32H7xx_HAL_Driver/Src/stm32h7xx_hal_tim_ex.c ****     case TIM_CHANNEL_3:
1527:HW_Lib/STM32H7/HAL_Lib/STM32H7xx_HAL_Driver/Src/stm32h7xx_hal_tim_ex.c ****     {
1528:HW_Lib/STM32H7/HAL_Lib/STM32H7xx_HAL_Driver/Src/stm32h7xx_hal_tim_ex.c ****       /* Disable the TIM Capture/Compare 3 DMA request */
1529:HW_Lib/STM32H7/HAL_Lib/STM32H7xx_HAL_Driver/Src/stm32h7xx_hal_tim_ex.c ****       __HAL_TIM_DISABLE_DMA(htim, TIM_DMA_CC3);
 4599              		.loc 1 1529 7
 4600 0060 7B68     		ldr	r3, [r7, #4]
 4601 0062 1B68     		ldr	r3, [r3]
 4602 0064 DA68     		ldr	r2, [r3, #12]
 4603 0066 7B68     		ldr	r3, [r7, #4]
 4604 0068 1B68     		ldr	r3, [r3]
 4605 006a 22F40062 		bic	r2, r2, #2048
 4606 006e DA60     		str	r2, [r3, #12]
1530:HW_Lib/STM32H7/HAL_Lib/STM32H7xx_HAL_Driver/Src/stm32h7xx_hal_tim_ex.c ****       (void)HAL_DMA_Abort_IT(htim->hdma[TIM_DMA_ID_CC3]);
 4607              		.loc 1 1530 13
 4608 0070 7B68     		ldr	r3, [r7, #4]
 4609 0072 DB6A     		ldr	r3, [r3, #44]
 4610 0074 1846     		mov	r0, r3
 4611 0076 FFF7FEFF 		bl	HAL_DMA_Abort_IT
1531:HW_Lib/STM32H7/HAL_Lib/STM32H7xx_HAL_Driver/Src/stm32h7xx_hal_tim_ex.c ****       break;
 4612              		.loc 1 1531 7
 4613 007a 02E0     		b	.L306
 4614              	.L303:
1532:HW_Lib/STM32H7/HAL_Lib/STM32H7xx_HAL_Driver/Src/stm32h7xx_hal_tim_ex.c ****     }
1533:HW_Lib/STM32H7/HAL_Lib/STM32H7xx_HAL_Driver/Src/stm32h7xx_hal_tim_ex.c **** 
1534:HW_Lib/STM32H7/HAL_Lib/STM32H7xx_HAL_Driver/Src/stm32h7xx_hal_tim_ex.c ****     default:
1535:HW_Lib/STM32H7/HAL_Lib/STM32H7xx_HAL_Driver/Src/stm32h7xx_hal_tim_ex.c ****       status = HAL_ERROR;
 4615              		.loc 1 1535 14
 4616 007c 0123     		movs	r3, #1
 4617 007e FB73     		strb	r3, [r7, #15]
1536:HW_Lib/STM32H7/HAL_Lib/STM32H7xx_HAL_Driver/Src/stm32h7xx_hal_tim_ex.c ****       break;
 4618              		.loc 1 1536 7
 4619 0080 00BF     		nop
 4620              	.L306:
1537:HW_Lib/STM32H7/HAL_Lib/STM32H7xx_HAL_Driver/Src/stm32h7xx_hal_tim_ex.c ****   }
1538:HW_Lib/STM32H7/HAL_Lib/STM32H7xx_HAL_Driver/Src/stm32h7xx_hal_tim_ex.c **** 
1539:HW_Lib/STM32H7/HAL_Lib/STM32H7xx_HAL_Driver/Src/stm32h7xx_hal_tim_ex.c ****   if (status == HAL_OK)
 4621              		.loc 1 1539 6
 4622 0082 FB7B     		ldrb	r3, [r7, #15]	@ zero_extendqisi2
 4623 0084 002B     		cmp	r3, #0
 4624 0086 52D1     		bne	.L307
1540:HW_Lib/STM32H7/HAL_Lib/STM32H7xx_HAL_Driver/Src/stm32h7xx_hal_tim_ex.c ****   {
1541:HW_Lib/STM32H7/HAL_Lib/STM32H7xx_HAL_Driver/Src/stm32h7xx_hal_tim_ex.c ****     /* Disable the complementary PWM output */
1542:HW_Lib/STM32H7/HAL_Lib/STM32H7xx_HAL_Driver/Src/stm32h7xx_hal_tim_ex.c ****     TIM_CCxNChannelCmd(htim->Instance, Channel, TIM_CCxN_DISABLE);
 4625              		.loc 1 1542 5
 4626 0088 7B68     		ldr	r3, [r7, #4]
 4627 008a 1B68     		ldr	r3, [r3]
 4628 008c 0022     		movs	r2, #0
 4629 008e 3968     		ldr	r1, [r7]
 4630 0090 1846     		mov	r0, r3
 4631 0092 FFF7FEFF 		bl	TIM_CCxNChannelCmd
1543:HW_Lib/STM32H7/HAL_Lib/STM32H7xx_HAL_Driver/Src/stm32h7xx_hal_tim_ex.c **** 
1544:HW_Lib/STM32H7/HAL_Lib/STM32H7xx_HAL_Driver/Src/stm32h7xx_hal_tim_ex.c ****     /* Disable the Main Output */
1545:HW_Lib/STM32H7/HAL_Lib/STM32H7xx_HAL_Driver/Src/stm32h7xx_hal_tim_ex.c ****     __HAL_TIM_MOE_DISABLE(htim);
 4632              		.loc 1 1545 5
 4633 0096 7B68     		ldr	r3, [r7, #4]
 4634 0098 1B68     		ldr	r3, [r3]
ARM GAS  C:\Users\HUAV\AppData\Local\Temp\ccIqAtUa.s 			page 109


 4635 009a 1A6A     		ldr	r2, [r3, #32]
 4636 009c 41F21113 		movw	r3, #4369
 4637 00a0 1340     		ands	r3, r3, r2
 4638 00a2 002B     		cmp	r3, #0
 4639 00a4 0FD1     		bne	.L308
 4640              		.loc 1 1545 5 is_stmt 0 discriminator 1
 4641 00a6 7B68     		ldr	r3, [r7, #4]
 4642 00a8 1B68     		ldr	r3, [r3]
 4643 00aa 1A6A     		ldr	r2, [r3, #32]
 4644 00ac 40F24443 		movw	r3, #1092
 4645 00b0 1340     		ands	r3, r3, r2
 4646 00b2 002B     		cmp	r3, #0
 4647 00b4 07D1     		bne	.L308
 4648              		.loc 1 1545 5 discriminator 2
 4649 00b6 7B68     		ldr	r3, [r7, #4]
 4650 00b8 1B68     		ldr	r3, [r3]
 4651 00ba 5A6C     		ldr	r2, [r3, #68]
 4652 00bc 7B68     		ldr	r3, [r7, #4]
 4653 00be 1B68     		ldr	r3, [r3]
 4654 00c0 22F40042 		bic	r2, r2, #32768
 4655 00c4 5A64     		str	r2, [r3, #68]
 4656              	.L308:
1546:HW_Lib/STM32H7/HAL_Lib/STM32H7xx_HAL_Driver/Src/stm32h7xx_hal_tim_ex.c **** 
1547:HW_Lib/STM32H7/HAL_Lib/STM32H7xx_HAL_Driver/Src/stm32h7xx_hal_tim_ex.c ****     /* Disable the Peripheral */
1548:HW_Lib/STM32H7/HAL_Lib/STM32H7xx_HAL_Driver/Src/stm32h7xx_hal_tim_ex.c ****     __HAL_TIM_DISABLE(htim);
 4657              		.loc 1 1548 5 is_stmt 1
 4658 00c6 7B68     		ldr	r3, [r7, #4]
 4659 00c8 1B68     		ldr	r3, [r3]
 4660 00ca 1A6A     		ldr	r2, [r3, #32]
 4661 00cc 41F21113 		movw	r3, #4369
 4662 00d0 1340     		ands	r3, r3, r2
 4663 00d2 002B     		cmp	r3, #0
 4664 00d4 0FD1     		bne	.L309
 4665              		.loc 1 1548 5 is_stmt 0 discriminator 1
 4666 00d6 7B68     		ldr	r3, [r7, #4]
 4667 00d8 1B68     		ldr	r3, [r3]
 4668 00da 1A6A     		ldr	r2, [r3, #32]
 4669 00dc 40F24443 		movw	r3, #1092
 4670 00e0 1340     		ands	r3, r3, r2
 4671 00e2 002B     		cmp	r3, #0
 4672 00e4 07D1     		bne	.L309
 4673              		.loc 1 1548 5 discriminator 2
 4674 00e6 7B68     		ldr	r3, [r7, #4]
 4675 00e8 1B68     		ldr	r3, [r3]
 4676 00ea 1A68     		ldr	r2, [r3]
 4677 00ec 7B68     		ldr	r3, [r7, #4]
 4678 00ee 1B68     		ldr	r3, [r3]
 4679 00f0 22F00102 		bic	r2, r2, #1
 4680 00f4 1A60     		str	r2, [r3]
 4681              	.L309:
1549:HW_Lib/STM32H7/HAL_Lib/STM32H7xx_HAL_Driver/Src/stm32h7xx_hal_tim_ex.c **** 
1550:HW_Lib/STM32H7/HAL_Lib/STM32H7xx_HAL_Driver/Src/stm32h7xx_hal_tim_ex.c ****     /* Set the TIM complementary channel state */
1551:HW_Lib/STM32H7/HAL_Lib/STM32H7xx_HAL_Driver/Src/stm32h7xx_hal_tim_ex.c ****     TIM_CHANNEL_N_STATE_SET(htim, Channel, HAL_TIM_CHANNEL_STATE_READY);
 4682              		.loc 1 1551 5 is_stmt 1
 4683 00f6 3B68     		ldr	r3, [r7]
 4684 00f8 002B     		cmp	r3, #0
 4685 00fa 04D1     		bne	.L310
ARM GAS  C:\Users\HUAV\AppData\Local\Temp\ccIqAtUa.s 			page 110


 4686              		.loc 1 1551 5 is_stmt 0 discriminator 1
 4687 00fc 7B68     		ldr	r3, [r7, #4]
 4688 00fe 0122     		movs	r2, #1
 4689 0100 83F84420 		strb	r2, [r3, #68]
 4690 0104 13E0     		b	.L307
 4691              	.L310:
 4692              		.loc 1 1551 5 discriminator 2
 4693 0106 3B68     		ldr	r3, [r7]
 4694 0108 042B     		cmp	r3, #4
 4695 010a 04D1     		bne	.L311
 4696              		.loc 1 1551 5 discriminator 3
 4697 010c 7B68     		ldr	r3, [r7, #4]
 4698 010e 0122     		movs	r2, #1
 4699 0110 83F84520 		strb	r2, [r3, #69]
 4700 0114 0BE0     		b	.L307
 4701              	.L311:
 4702              		.loc 1 1551 5 discriminator 4
 4703 0116 3B68     		ldr	r3, [r7]
 4704 0118 082B     		cmp	r3, #8
 4705 011a 04D1     		bne	.L313
 4706              		.loc 1 1551 5 discriminator 6
 4707 011c 7B68     		ldr	r3, [r7, #4]
 4708 011e 0122     		movs	r2, #1
 4709 0120 83F84620 		strb	r2, [r3, #70]
 4710 0124 03E0     		b	.L307
 4711              	.L313:
 4712              		.loc 1 1551 5 discriminator 7
 4713 0126 7B68     		ldr	r3, [r7, #4]
 4714 0128 0122     		movs	r2, #1
 4715 012a 83F84720 		strb	r2, [r3, #71]
 4716              	.L307:
1552:HW_Lib/STM32H7/HAL_Lib/STM32H7xx_HAL_Driver/Src/stm32h7xx_hal_tim_ex.c ****   }
1553:HW_Lib/STM32H7/HAL_Lib/STM32H7xx_HAL_Driver/Src/stm32h7xx_hal_tim_ex.c **** 
1554:HW_Lib/STM32H7/HAL_Lib/STM32H7xx_HAL_Driver/Src/stm32h7xx_hal_tim_ex.c ****   /* Return function status */
1555:HW_Lib/STM32H7/HAL_Lib/STM32H7xx_HAL_Driver/Src/stm32h7xx_hal_tim_ex.c ****   return status;
 4717              		.loc 1 1555 10 is_stmt 1
 4718 012e FB7B     		ldrb	r3, [r7, #15]	@ zero_extendqisi2
1556:HW_Lib/STM32H7/HAL_Lib/STM32H7xx_HAL_Driver/Src/stm32h7xx_hal_tim_ex.c **** }
 4719              		.loc 1 1556 1
 4720 0130 1846     		mov	r0, r3
 4721 0132 1037     		adds	r7, r7, #16
 4722              	.LCFI110:
 4723              		.cfi_def_cfa_offset 8
 4724 0134 BD46     		mov	sp, r7
 4725              	.LCFI111:
 4726              		.cfi_def_cfa_register 13
 4727              		@ sp needed
 4728 0136 80BD     		pop	{r7, pc}
 4729              		.cfi_endproc
 4730              	.LFE354:
 4732              		.section	.text.HAL_TIMEx_OnePulseN_Start,"ax",%progbits
 4733              		.align	1
 4734              		.global	HAL_TIMEx_OnePulseN_Start
 4735              		.syntax unified
 4736              		.thumb
 4737              		.thumb_func
 4739              	HAL_TIMEx_OnePulseN_Start:
ARM GAS  C:\Users\HUAV\AppData\Local\Temp\ccIqAtUa.s 			page 111


 4740              	.LFB355:
1557:HW_Lib/STM32H7/HAL_Lib/STM32H7xx_HAL_Driver/Src/stm32h7xx_hal_tim_ex.c **** 
1558:HW_Lib/STM32H7/HAL_Lib/STM32H7xx_HAL_Driver/Src/stm32h7xx_hal_tim_ex.c **** /**
1559:HW_Lib/STM32H7/HAL_Lib/STM32H7xx_HAL_Driver/Src/stm32h7xx_hal_tim_ex.c ****   * @}
1560:HW_Lib/STM32H7/HAL_Lib/STM32H7xx_HAL_Driver/Src/stm32h7xx_hal_tim_ex.c ****   */
1561:HW_Lib/STM32H7/HAL_Lib/STM32H7xx_HAL_Driver/Src/stm32h7xx_hal_tim_ex.c **** 
1562:HW_Lib/STM32H7/HAL_Lib/STM32H7xx_HAL_Driver/Src/stm32h7xx_hal_tim_ex.c **** /** @defgroup TIMEx_Exported_Functions_Group4 Extended Timer Complementary One Pulse functions
1563:HW_Lib/STM32H7/HAL_Lib/STM32H7xx_HAL_Driver/Src/stm32h7xx_hal_tim_ex.c ****   * @brief    Timer Complementary One Pulse functions
1564:HW_Lib/STM32H7/HAL_Lib/STM32H7xx_HAL_Driver/Src/stm32h7xx_hal_tim_ex.c ****   *
1565:HW_Lib/STM32H7/HAL_Lib/STM32H7xx_HAL_Driver/Src/stm32h7xx_hal_tim_ex.c **** @verbatim
1566:HW_Lib/STM32H7/HAL_Lib/STM32H7xx_HAL_Driver/Src/stm32h7xx_hal_tim_ex.c ****   ==============================================================================
1567:HW_Lib/STM32H7/HAL_Lib/STM32H7xx_HAL_Driver/Src/stm32h7xx_hal_tim_ex.c ****                 ##### Timer Complementary One Pulse functions #####
1568:HW_Lib/STM32H7/HAL_Lib/STM32H7xx_HAL_Driver/Src/stm32h7xx_hal_tim_ex.c ****   ==============================================================================
1569:HW_Lib/STM32H7/HAL_Lib/STM32H7xx_HAL_Driver/Src/stm32h7xx_hal_tim_ex.c ****   [..]
1570:HW_Lib/STM32H7/HAL_Lib/STM32H7xx_HAL_Driver/Src/stm32h7xx_hal_tim_ex.c ****     This section provides functions allowing to:
1571:HW_Lib/STM32H7/HAL_Lib/STM32H7xx_HAL_Driver/Src/stm32h7xx_hal_tim_ex.c ****     (+) Start the Complementary One Pulse generation.
1572:HW_Lib/STM32H7/HAL_Lib/STM32H7xx_HAL_Driver/Src/stm32h7xx_hal_tim_ex.c ****     (+) Stop the Complementary One Pulse.
1573:HW_Lib/STM32H7/HAL_Lib/STM32H7xx_HAL_Driver/Src/stm32h7xx_hal_tim_ex.c ****     (+) Start the Complementary One Pulse and enable interrupts.
1574:HW_Lib/STM32H7/HAL_Lib/STM32H7xx_HAL_Driver/Src/stm32h7xx_hal_tim_ex.c ****     (+) Stop the Complementary One Pulse and disable interrupts.
1575:HW_Lib/STM32H7/HAL_Lib/STM32H7xx_HAL_Driver/Src/stm32h7xx_hal_tim_ex.c **** 
1576:HW_Lib/STM32H7/HAL_Lib/STM32H7xx_HAL_Driver/Src/stm32h7xx_hal_tim_ex.c **** @endverbatim
1577:HW_Lib/STM32H7/HAL_Lib/STM32H7xx_HAL_Driver/Src/stm32h7xx_hal_tim_ex.c ****   * @{
1578:HW_Lib/STM32H7/HAL_Lib/STM32H7xx_HAL_Driver/Src/stm32h7xx_hal_tim_ex.c ****   */
1579:HW_Lib/STM32H7/HAL_Lib/STM32H7xx_HAL_Driver/Src/stm32h7xx_hal_tim_ex.c **** 
1580:HW_Lib/STM32H7/HAL_Lib/STM32H7xx_HAL_Driver/Src/stm32h7xx_hal_tim_ex.c **** /**
1581:HW_Lib/STM32H7/HAL_Lib/STM32H7xx_HAL_Driver/Src/stm32h7xx_hal_tim_ex.c ****   * @brief  Starts the TIM One Pulse signal generation on the complementary
1582:HW_Lib/STM32H7/HAL_Lib/STM32H7xx_HAL_Driver/Src/stm32h7xx_hal_tim_ex.c ****   *         output.
1583:HW_Lib/STM32H7/HAL_Lib/STM32H7xx_HAL_Driver/Src/stm32h7xx_hal_tim_ex.c ****   * @note OutputChannel must match the pulse output channel chosen when calling
1584:HW_Lib/STM32H7/HAL_Lib/STM32H7xx_HAL_Driver/Src/stm32h7xx_hal_tim_ex.c ****   *       @ref HAL_TIM_OnePulse_ConfigChannel().
1585:HW_Lib/STM32H7/HAL_Lib/STM32H7xx_HAL_Driver/Src/stm32h7xx_hal_tim_ex.c ****   * @param  htim TIM One Pulse handle
1586:HW_Lib/STM32H7/HAL_Lib/STM32H7xx_HAL_Driver/Src/stm32h7xx_hal_tim_ex.c ****   * @param  OutputChannel pulse output channel to enable
1587:HW_Lib/STM32H7/HAL_Lib/STM32H7xx_HAL_Driver/Src/stm32h7xx_hal_tim_ex.c ****   *          This parameter can be one of the following values:
1588:HW_Lib/STM32H7/HAL_Lib/STM32H7xx_HAL_Driver/Src/stm32h7xx_hal_tim_ex.c ****   *            @arg TIM_CHANNEL_1: TIM Channel 1 selected
1589:HW_Lib/STM32H7/HAL_Lib/STM32H7xx_HAL_Driver/Src/stm32h7xx_hal_tim_ex.c ****   *            @arg TIM_CHANNEL_2: TIM Channel 2 selected
1590:HW_Lib/STM32H7/HAL_Lib/STM32H7xx_HAL_Driver/Src/stm32h7xx_hal_tim_ex.c ****   * @retval HAL status
1591:HW_Lib/STM32H7/HAL_Lib/STM32H7xx_HAL_Driver/Src/stm32h7xx_hal_tim_ex.c ****   */
1592:HW_Lib/STM32H7/HAL_Lib/STM32H7xx_HAL_Driver/Src/stm32h7xx_hal_tim_ex.c **** HAL_StatusTypeDef HAL_TIMEx_OnePulseN_Start(TIM_HandleTypeDef *htim, uint32_t OutputChannel)
1593:HW_Lib/STM32H7/HAL_Lib/STM32H7xx_HAL_Driver/Src/stm32h7xx_hal_tim_ex.c **** {
 4741              		.loc 1 1593 1
 4742              		.cfi_startproc
 4743              		@ args = 0, pretend = 0, frame = 16
 4744              		@ frame_needed = 1, uses_anonymous_args = 0
 4745 0000 80B5     		push	{r7, lr}
 4746              	.LCFI112:
 4747              		.cfi_def_cfa_offset 8
 4748              		.cfi_offset 7, -8
 4749              		.cfi_offset 14, -4
 4750 0002 84B0     		sub	sp, sp, #16
 4751              	.LCFI113:
 4752              		.cfi_def_cfa_offset 24
 4753 0004 00AF     		add	r7, sp, #0
 4754              	.LCFI114:
 4755              		.cfi_def_cfa_register 7
 4756 0006 7860     		str	r0, [r7, #4]
 4757 0008 3960     		str	r1, [r7]
1594:HW_Lib/STM32H7/HAL_Lib/STM32H7xx_HAL_Driver/Src/stm32h7xx_hal_tim_ex.c ****   uint32_t input_channel = (OutputChannel == TIM_CHANNEL_1) ? TIM_CHANNEL_2 : TIM_CHANNEL_1;
 4758              		.loc 1 1594 77
ARM GAS  C:\Users\HUAV\AppData\Local\Temp\ccIqAtUa.s 			page 112


 4759 000a 3B68     		ldr	r3, [r7]
 4760 000c 002B     		cmp	r3, #0
 4761 000e 01D1     		bne	.L317
 4762              		.loc 1 1594 77 is_stmt 0 discriminator 1
 4763 0010 0423     		movs	r3, #4
 4764 0012 00E0     		b	.L318
 4765              	.L317:
 4766              		.loc 1 1594 77 discriminator 2
 4767 0014 0023     		movs	r3, #0
 4768              	.L318:
 4769              		.loc 1 1594 12 is_stmt 1 discriminator 4
 4770 0016 FB60     		str	r3, [r7, #12]
1595:HW_Lib/STM32H7/HAL_Lib/STM32H7xx_HAL_Driver/Src/stm32h7xx_hal_tim_ex.c ****   HAL_TIM_ChannelStateTypeDef channel_1_state = TIM_CHANNEL_STATE_GET(htim, TIM_CHANNEL_1);
 4771              		.loc 1 1595 31 discriminator 4
 4772 0018 7B68     		ldr	r3, [r7, #4]
 4773 001a 93F83E30 		ldrb	r3, [r3, #62]
 4774 001e FB72     		strb	r3, [r7, #11]
1596:HW_Lib/STM32H7/HAL_Lib/STM32H7xx_HAL_Driver/Src/stm32h7xx_hal_tim_ex.c ****   HAL_TIM_ChannelStateTypeDef channel_2_state = TIM_CHANNEL_STATE_GET(htim, TIM_CHANNEL_2);
 4775              		.loc 1 1596 31 discriminator 4
 4776 0020 7B68     		ldr	r3, [r7, #4]
 4777 0022 93F83F30 		ldrb	r3, [r3, #63]
 4778 0026 BB72     		strb	r3, [r7, #10]
1597:HW_Lib/STM32H7/HAL_Lib/STM32H7xx_HAL_Driver/Src/stm32h7xx_hal_tim_ex.c ****   HAL_TIM_ChannelStateTypeDef complementary_channel_1_state = TIM_CHANNEL_N_STATE_GET(htim, TIM_CHA
 4779              		.loc 1 1597 31 discriminator 4
 4780 0028 7B68     		ldr	r3, [r7, #4]
 4781 002a 93F84430 		ldrb	r3, [r3, #68]
 4782 002e 7B72     		strb	r3, [r7, #9]
1598:HW_Lib/STM32H7/HAL_Lib/STM32H7xx_HAL_Driver/Src/stm32h7xx_hal_tim_ex.c ****   HAL_TIM_ChannelStateTypeDef complementary_channel_2_state = TIM_CHANNEL_N_STATE_GET(htim, TIM_CHA
 4783              		.loc 1 1598 31 discriminator 4
 4784 0030 7B68     		ldr	r3, [r7, #4]
 4785 0032 93F84530 		ldrb	r3, [r3, #69]
 4786 0036 3B72     		strb	r3, [r7, #8]
1599:HW_Lib/STM32H7/HAL_Lib/STM32H7xx_HAL_Driver/Src/stm32h7xx_hal_tim_ex.c **** 
1600:HW_Lib/STM32H7/HAL_Lib/STM32H7xx_HAL_Driver/Src/stm32h7xx_hal_tim_ex.c ****   /* Check the parameters */
1601:HW_Lib/STM32H7/HAL_Lib/STM32H7xx_HAL_Driver/Src/stm32h7xx_hal_tim_ex.c ****   assert_param(IS_TIM_CCXN_INSTANCE(htim->Instance, OutputChannel));
1602:HW_Lib/STM32H7/HAL_Lib/STM32H7xx_HAL_Driver/Src/stm32h7xx_hal_tim_ex.c **** 
1603:HW_Lib/STM32H7/HAL_Lib/STM32H7xx_HAL_Driver/Src/stm32h7xx_hal_tim_ex.c ****   /* Check the TIM channels state */
1604:HW_Lib/STM32H7/HAL_Lib/STM32H7xx_HAL_Driver/Src/stm32h7xx_hal_tim_ex.c ****   if ((channel_1_state != HAL_TIM_CHANNEL_STATE_READY)
 4787              		.loc 1 1604 6 discriminator 4
 4788 0038 FB7A     		ldrb	r3, [r7, #11]	@ zero_extendqisi2
 4789 003a 012B     		cmp	r3, #1
 4790 003c 08D1     		bne	.L319
1605:HW_Lib/STM32H7/HAL_Lib/STM32H7xx_HAL_Driver/Src/stm32h7xx_hal_tim_ex.c ****       || (channel_2_state != HAL_TIM_CHANNEL_STATE_READY)
 4791              		.loc 1 1605 7
 4792 003e BB7A     		ldrb	r3, [r7, #10]	@ zero_extendqisi2
 4793 0040 012B     		cmp	r3, #1
 4794 0042 05D1     		bne	.L319
1606:HW_Lib/STM32H7/HAL_Lib/STM32H7xx_HAL_Driver/Src/stm32h7xx_hal_tim_ex.c ****       || (complementary_channel_1_state != HAL_TIM_CHANNEL_STATE_READY)
 4795              		.loc 1 1606 7
 4796 0044 7B7A     		ldrb	r3, [r7, #9]	@ zero_extendqisi2
 4797 0046 012B     		cmp	r3, #1
 4798 0048 02D1     		bne	.L319
1607:HW_Lib/STM32H7/HAL_Lib/STM32H7xx_HAL_Driver/Src/stm32h7xx_hal_tim_ex.c ****       || (complementary_channel_2_state != HAL_TIM_CHANNEL_STATE_READY))
 4799              		.loc 1 1607 7
 4800 004a 3B7A     		ldrb	r3, [r7, #8]	@ zero_extendqisi2
 4801 004c 012B     		cmp	r3, #1
 4802 004e 01D0     		beq	.L320
ARM GAS  C:\Users\HUAV\AppData\Local\Temp\ccIqAtUa.s 			page 113


 4803              	.L319:
1608:HW_Lib/STM32H7/HAL_Lib/STM32H7xx_HAL_Driver/Src/stm32h7xx_hal_tim_ex.c ****   {
1609:HW_Lib/STM32H7/HAL_Lib/STM32H7xx_HAL_Driver/Src/stm32h7xx_hal_tim_ex.c ****     return HAL_ERROR;
 4804              		.loc 1 1609 12
 4805 0050 0123     		movs	r3, #1
 4806 0052 26E0     		b	.L321
 4807              	.L320:
1610:HW_Lib/STM32H7/HAL_Lib/STM32H7xx_HAL_Driver/Src/stm32h7xx_hal_tim_ex.c ****   }
1611:HW_Lib/STM32H7/HAL_Lib/STM32H7xx_HAL_Driver/Src/stm32h7xx_hal_tim_ex.c **** 
1612:HW_Lib/STM32H7/HAL_Lib/STM32H7xx_HAL_Driver/Src/stm32h7xx_hal_tim_ex.c ****   /* Set the TIM channels state */
1613:HW_Lib/STM32H7/HAL_Lib/STM32H7xx_HAL_Driver/Src/stm32h7xx_hal_tim_ex.c ****   TIM_CHANNEL_STATE_SET(htim, TIM_CHANNEL_1, HAL_TIM_CHANNEL_STATE_BUSY);
 4808              		.loc 1 1613 3
 4809 0054 7B68     		ldr	r3, [r7, #4]
 4810 0056 0222     		movs	r2, #2
 4811 0058 83F83E20 		strb	r2, [r3, #62]
1614:HW_Lib/STM32H7/HAL_Lib/STM32H7xx_HAL_Driver/Src/stm32h7xx_hal_tim_ex.c ****   TIM_CHANNEL_STATE_SET(htim, TIM_CHANNEL_2, HAL_TIM_CHANNEL_STATE_BUSY);
 4812              		.loc 1 1614 3
 4813 005c 7B68     		ldr	r3, [r7, #4]
 4814 005e 0222     		movs	r2, #2
 4815 0060 83F83F20 		strb	r2, [r3, #63]
1615:HW_Lib/STM32H7/HAL_Lib/STM32H7xx_HAL_Driver/Src/stm32h7xx_hal_tim_ex.c ****   TIM_CHANNEL_N_STATE_SET(htim, TIM_CHANNEL_1, HAL_TIM_CHANNEL_STATE_BUSY);
 4816              		.loc 1 1615 3
 4817 0064 7B68     		ldr	r3, [r7, #4]
 4818 0066 0222     		movs	r2, #2
 4819 0068 83F84420 		strb	r2, [r3, #68]
1616:HW_Lib/STM32H7/HAL_Lib/STM32H7xx_HAL_Driver/Src/stm32h7xx_hal_tim_ex.c ****   TIM_CHANNEL_N_STATE_SET(htim, TIM_CHANNEL_2, HAL_TIM_CHANNEL_STATE_BUSY);
 4820              		.loc 1 1616 3
 4821 006c 7B68     		ldr	r3, [r7, #4]
 4822 006e 0222     		movs	r2, #2
 4823 0070 83F84520 		strb	r2, [r3, #69]
1617:HW_Lib/STM32H7/HAL_Lib/STM32H7xx_HAL_Driver/Src/stm32h7xx_hal_tim_ex.c **** 
1618:HW_Lib/STM32H7/HAL_Lib/STM32H7xx_HAL_Driver/Src/stm32h7xx_hal_tim_ex.c ****   /* Enable the complementary One Pulse output channel and the Input Capture channel */
1619:HW_Lib/STM32H7/HAL_Lib/STM32H7xx_HAL_Driver/Src/stm32h7xx_hal_tim_ex.c ****   TIM_CCxNChannelCmd(htim->Instance, OutputChannel, TIM_CCxN_ENABLE);
 4824              		.loc 1 1619 3
 4825 0074 7B68     		ldr	r3, [r7, #4]
 4826 0076 1B68     		ldr	r3, [r3]
 4827 0078 0422     		movs	r2, #4
 4828 007a 3968     		ldr	r1, [r7]
 4829 007c 1846     		mov	r0, r3
 4830 007e FFF7FEFF 		bl	TIM_CCxNChannelCmd
1620:HW_Lib/STM32H7/HAL_Lib/STM32H7xx_HAL_Driver/Src/stm32h7xx_hal_tim_ex.c ****   TIM_CCxChannelCmd(htim->Instance, input_channel, TIM_CCx_ENABLE);
 4831              		.loc 1 1620 3
 4832 0082 7B68     		ldr	r3, [r7, #4]
 4833 0084 1B68     		ldr	r3, [r3]
 4834 0086 0122     		movs	r2, #1
 4835 0088 F968     		ldr	r1, [r7, #12]
 4836 008a 1846     		mov	r0, r3
 4837 008c FFF7FEFF 		bl	TIM_CCxChannelCmd
1621:HW_Lib/STM32H7/HAL_Lib/STM32H7xx_HAL_Driver/Src/stm32h7xx_hal_tim_ex.c **** 
1622:HW_Lib/STM32H7/HAL_Lib/STM32H7xx_HAL_Driver/Src/stm32h7xx_hal_tim_ex.c ****   /* Enable the Main Output */
1623:HW_Lib/STM32H7/HAL_Lib/STM32H7xx_HAL_Driver/Src/stm32h7xx_hal_tim_ex.c ****   __HAL_TIM_MOE_ENABLE(htim);
 4838              		.loc 1 1623 3
 4839 0090 7B68     		ldr	r3, [r7, #4]
 4840 0092 1B68     		ldr	r3, [r3]
 4841 0094 5A6C     		ldr	r2, [r3, #68]
 4842 0096 7B68     		ldr	r3, [r7, #4]
 4843 0098 1B68     		ldr	r3, [r3]
ARM GAS  C:\Users\HUAV\AppData\Local\Temp\ccIqAtUa.s 			page 114


 4844 009a 42F40042 		orr	r2, r2, #32768
 4845 009e 5A64     		str	r2, [r3, #68]
1624:HW_Lib/STM32H7/HAL_Lib/STM32H7xx_HAL_Driver/Src/stm32h7xx_hal_tim_ex.c **** 
1625:HW_Lib/STM32H7/HAL_Lib/STM32H7xx_HAL_Driver/Src/stm32h7xx_hal_tim_ex.c ****   /* Return function status */
1626:HW_Lib/STM32H7/HAL_Lib/STM32H7xx_HAL_Driver/Src/stm32h7xx_hal_tim_ex.c ****   return HAL_OK;
 4846              		.loc 1 1626 10
 4847 00a0 0023     		movs	r3, #0
 4848              	.L321:
1627:HW_Lib/STM32H7/HAL_Lib/STM32H7xx_HAL_Driver/Src/stm32h7xx_hal_tim_ex.c **** }
 4849              		.loc 1 1627 1
 4850 00a2 1846     		mov	r0, r3
 4851 00a4 1037     		adds	r7, r7, #16
 4852              	.LCFI115:
 4853              		.cfi_def_cfa_offset 8
 4854 00a6 BD46     		mov	sp, r7
 4855              	.LCFI116:
 4856              		.cfi_def_cfa_register 13
 4857              		@ sp needed
 4858 00a8 80BD     		pop	{r7, pc}
 4859              		.cfi_endproc
 4860              	.LFE355:
 4862              		.section	.text.HAL_TIMEx_OnePulseN_Stop,"ax",%progbits
 4863              		.align	1
 4864              		.global	HAL_TIMEx_OnePulseN_Stop
 4865              		.syntax unified
 4866              		.thumb
 4867              		.thumb_func
 4869              	HAL_TIMEx_OnePulseN_Stop:
 4870              	.LFB356:
1628:HW_Lib/STM32H7/HAL_Lib/STM32H7xx_HAL_Driver/Src/stm32h7xx_hal_tim_ex.c **** 
1629:HW_Lib/STM32H7/HAL_Lib/STM32H7xx_HAL_Driver/Src/stm32h7xx_hal_tim_ex.c **** /**
1630:HW_Lib/STM32H7/HAL_Lib/STM32H7xx_HAL_Driver/Src/stm32h7xx_hal_tim_ex.c ****   * @brief  Stops the TIM One Pulse signal generation on the complementary
1631:HW_Lib/STM32H7/HAL_Lib/STM32H7xx_HAL_Driver/Src/stm32h7xx_hal_tim_ex.c ****   *         output.
1632:HW_Lib/STM32H7/HAL_Lib/STM32H7xx_HAL_Driver/Src/stm32h7xx_hal_tim_ex.c ****   * @note OutputChannel must match the pulse output channel chosen when calling
1633:HW_Lib/STM32H7/HAL_Lib/STM32H7xx_HAL_Driver/Src/stm32h7xx_hal_tim_ex.c ****   *       @ref HAL_TIM_OnePulse_ConfigChannel().
1634:HW_Lib/STM32H7/HAL_Lib/STM32H7xx_HAL_Driver/Src/stm32h7xx_hal_tim_ex.c ****   * @param  htim TIM One Pulse handle
1635:HW_Lib/STM32H7/HAL_Lib/STM32H7xx_HAL_Driver/Src/stm32h7xx_hal_tim_ex.c ****   * @param  OutputChannel pulse output channel to disable
1636:HW_Lib/STM32H7/HAL_Lib/STM32H7xx_HAL_Driver/Src/stm32h7xx_hal_tim_ex.c ****   *          This parameter can be one of the following values:
1637:HW_Lib/STM32H7/HAL_Lib/STM32H7xx_HAL_Driver/Src/stm32h7xx_hal_tim_ex.c ****   *            @arg TIM_CHANNEL_1: TIM Channel 1 selected
1638:HW_Lib/STM32H7/HAL_Lib/STM32H7xx_HAL_Driver/Src/stm32h7xx_hal_tim_ex.c ****   *            @arg TIM_CHANNEL_2: TIM Channel 2 selected
1639:HW_Lib/STM32H7/HAL_Lib/STM32H7xx_HAL_Driver/Src/stm32h7xx_hal_tim_ex.c ****   * @retval HAL status
1640:HW_Lib/STM32H7/HAL_Lib/STM32H7xx_HAL_Driver/Src/stm32h7xx_hal_tim_ex.c ****   */
1641:HW_Lib/STM32H7/HAL_Lib/STM32H7xx_HAL_Driver/Src/stm32h7xx_hal_tim_ex.c **** HAL_StatusTypeDef HAL_TIMEx_OnePulseN_Stop(TIM_HandleTypeDef *htim, uint32_t OutputChannel)
1642:HW_Lib/STM32H7/HAL_Lib/STM32H7xx_HAL_Driver/Src/stm32h7xx_hal_tim_ex.c **** {
 4871              		.loc 1 1642 1
 4872              		.cfi_startproc
 4873              		@ args = 0, pretend = 0, frame = 16
 4874              		@ frame_needed = 1, uses_anonymous_args = 0
 4875 0000 80B5     		push	{r7, lr}
 4876              	.LCFI117:
 4877              		.cfi_def_cfa_offset 8
 4878              		.cfi_offset 7, -8
 4879              		.cfi_offset 14, -4
 4880 0002 84B0     		sub	sp, sp, #16
 4881              	.LCFI118:
 4882              		.cfi_def_cfa_offset 24
 4883 0004 00AF     		add	r7, sp, #0
ARM GAS  C:\Users\HUAV\AppData\Local\Temp\ccIqAtUa.s 			page 115


 4884              	.LCFI119:
 4885              		.cfi_def_cfa_register 7
 4886 0006 7860     		str	r0, [r7, #4]
 4887 0008 3960     		str	r1, [r7]
1643:HW_Lib/STM32H7/HAL_Lib/STM32H7xx_HAL_Driver/Src/stm32h7xx_hal_tim_ex.c ****   uint32_t input_channel = (OutputChannel == TIM_CHANNEL_1) ? TIM_CHANNEL_2 : TIM_CHANNEL_1;
 4888              		.loc 1 1643 77
 4889 000a 3B68     		ldr	r3, [r7]
 4890 000c 002B     		cmp	r3, #0
 4891 000e 01D1     		bne	.L323
 4892              		.loc 1 1643 77 is_stmt 0 discriminator 1
 4893 0010 0423     		movs	r3, #4
 4894 0012 00E0     		b	.L324
 4895              	.L323:
 4896              		.loc 1 1643 77 discriminator 2
 4897 0014 0023     		movs	r3, #0
 4898              	.L324:
 4899              		.loc 1 1643 12 is_stmt 1 discriminator 4
 4900 0016 FB60     		str	r3, [r7, #12]
1644:HW_Lib/STM32H7/HAL_Lib/STM32H7xx_HAL_Driver/Src/stm32h7xx_hal_tim_ex.c **** 
1645:HW_Lib/STM32H7/HAL_Lib/STM32H7xx_HAL_Driver/Src/stm32h7xx_hal_tim_ex.c ****   /* Check the parameters */
1646:HW_Lib/STM32H7/HAL_Lib/STM32H7xx_HAL_Driver/Src/stm32h7xx_hal_tim_ex.c ****   assert_param(IS_TIM_CCXN_INSTANCE(htim->Instance, OutputChannel));
1647:HW_Lib/STM32H7/HAL_Lib/STM32H7xx_HAL_Driver/Src/stm32h7xx_hal_tim_ex.c **** 
1648:HW_Lib/STM32H7/HAL_Lib/STM32H7xx_HAL_Driver/Src/stm32h7xx_hal_tim_ex.c ****   /* Disable the complementary One Pulse output channel and the Input Capture channel */
1649:HW_Lib/STM32H7/HAL_Lib/STM32H7xx_HAL_Driver/Src/stm32h7xx_hal_tim_ex.c ****   TIM_CCxNChannelCmd(htim->Instance, OutputChannel, TIM_CCxN_DISABLE);
 4901              		.loc 1 1649 3 discriminator 4
 4902 0018 7B68     		ldr	r3, [r7, #4]
 4903 001a 1B68     		ldr	r3, [r3]
 4904 001c 0022     		movs	r2, #0
 4905 001e 3968     		ldr	r1, [r7]
 4906 0020 1846     		mov	r0, r3
 4907 0022 FFF7FEFF 		bl	TIM_CCxNChannelCmd
1650:HW_Lib/STM32H7/HAL_Lib/STM32H7xx_HAL_Driver/Src/stm32h7xx_hal_tim_ex.c ****   TIM_CCxChannelCmd(htim->Instance, input_channel, TIM_CCx_DISABLE);
 4908              		.loc 1 1650 3 discriminator 4
 4909 0026 7B68     		ldr	r3, [r7, #4]
 4910 0028 1B68     		ldr	r3, [r3]
 4911 002a 0022     		movs	r2, #0
 4912 002c F968     		ldr	r1, [r7, #12]
 4913 002e 1846     		mov	r0, r3
 4914 0030 FFF7FEFF 		bl	TIM_CCxChannelCmd
1651:HW_Lib/STM32H7/HAL_Lib/STM32H7xx_HAL_Driver/Src/stm32h7xx_hal_tim_ex.c **** 
1652:HW_Lib/STM32H7/HAL_Lib/STM32H7xx_HAL_Driver/Src/stm32h7xx_hal_tim_ex.c ****   /* Disable the Main Output */
1653:HW_Lib/STM32H7/HAL_Lib/STM32H7xx_HAL_Driver/Src/stm32h7xx_hal_tim_ex.c ****   __HAL_TIM_MOE_DISABLE(htim);
 4915              		.loc 1 1653 3 discriminator 4
 4916 0034 7B68     		ldr	r3, [r7, #4]
 4917 0036 1B68     		ldr	r3, [r3]
 4918 0038 1A6A     		ldr	r2, [r3, #32]
 4919 003a 41F21113 		movw	r3, #4369
 4920 003e 1340     		ands	r3, r3, r2
 4921 0040 002B     		cmp	r3, #0
 4922 0042 0FD1     		bne	.L325
 4923              		.loc 1 1653 3 is_stmt 0 discriminator 1
 4924 0044 7B68     		ldr	r3, [r7, #4]
 4925 0046 1B68     		ldr	r3, [r3]
 4926 0048 1A6A     		ldr	r2, [r3, #32]
 4927 004a 40F24443 		movw	r3, #1092
 4928 004e 1340     		ands	r3, r3, r2
 4929 0050 002B     		cmp	r3, #0
ARM GAS  C:\Users\HUAV\AppData\Local\Temp\ccIqAtUa.s 			page 116


 4930 0052 07D1     		bne	.L325
 4931              		.loc 1 1653 3 discriminator 2
 4932 0054 7B68     		ldr	r3, [r7, #4]
 4933 0056 1B68     		ldr	r3, [r3]
 4934 0058 5A6C     		ldr	r2, [r3, #68]
 4935 005a 7B68     		ldr	r3, [r7, #4]
 4936 005c 1B68     		ldr	r3, [r3]
 4937 005e 22F40042 		bic	r2, r2, #32768
 4938 0062 5A64     		str	r2, [r3, #68]
 4939              	.L325:
1654:HW_Lib/STM32H7/HAL_Lib/STM32H7xx_HAL_Driver/Src/stm32h7xx_hal_tim_ex.c **** 
1655:HW_Lib/STM32H7/HAL_Lib/STM32H7xx_HAL_Driver/Src/stm32h7xx_hal_tim_ex.c ****   /* Disable the Peripheral */
1656:HW_Lib/STM32H7/HAL_Lib/STM32H7xx_HAL_Driver/Src/stm32h7xx_hal_tim_ex.c ****   __HAL_TIM_DISABLE(htim);
 4940              		.loc 1 1656 3 is_stmt 1
 4941 0064 7B68     		ldr	r3, [r7, #4]
 4942 0066 1B68     		ldr	r3, [r3]
 4943 0068 1A6A     		ldr	r2, [r3, #32]
 4944 006a 41F21113 		movw	r3, #4369
 4945 006e 1340     		ands	r3, r3, r2
 4946 0070 002B     		cmp	r3, #0
 4947 0072 0FD1     		bne	.L326
 4948              		.loc 1 1656 3 is_stmt 0 discriminator 1
 4949 0074 7B68     		ldr	r3, [r7, #4]
 4950 0076 1B68     		ldr	r3, [r3]
 4951 0078 1A6A     		ldr	r2, [r3, #32]
 4952 007a 40F24443 		movw	r3, #1092
 4953 007e 1340     		ands	r3, r3, r2
 4954 0080 002B     		cmp	r3, #0
 4955 0082 07D1     		bne	.L326
 4956              		.loc 1 1656 3 discriminator 2
 4957 0084 7B68     		ldr	r3, [r7, #4]
 4958 0086 1B68     		ldr	r3, [r3]
 4959 0088 1A68     		ldr	r2, [r3]
 4960 008a 7B68     		ldr	r3, [r7, #4]
 4961 008c 1B68     		ldr	r3, [r3]
 4962 008e 22F00102 		bic	r2, r2, #1
 4963 0092 1A60     		str	r2, [r3]
 4964              	.L326:
1657:HW_Lib/STM32H7/HAL_Lib/STM32H7xx_HAL_Driver/Src/stm32h7xx_hal_tim_ex.c **** 
1658:HW_Lib/STM32H7/HAL_Lib/STM32H7xx_HAL_Driver/Src/stm32h7xx_hal_tim_ex.c ****   /* Set the TIM  channels state */
1659:HW_Lib/STM32H7/HAL_Lib/STM32H7xx_HAL_Driver/Src/stm32h7xx_hal_tim_ex.c ****   TIM_CHANNEL_STATE_SET(htim, TIM_CHANNEL_1, HAL_TIM_CHANNEL_STATE_READY);
 4965              		.loc 1 1659 3 is_stmt 1
 4966 0094 7B68     		ldr	r3, [r7, #4]
 4967 0096 0122     		movs	r2, #1
 4968 0098 83F83E20 		strb	r2, [r3, #62]
1660:HW_Lib/STM32H7/HAL_Lib/STM32H7xx_HAL_Driver/Src/stm32h7xx_hal_tim_ex.c ****   TIM_CHANNEL_STATE_SET(htim, TIM_CHANNEL_2, HAL_TIM_CHANNEL_STATE_READY);
 4969              		.loc 1 1660 3
 4970 009c 7B68     		ldr	r3, [r7, #4]
 4971 009e 0122     		movs	r2, #1
 4972 00a0 83F83F20 		strb	r2, [r3, #63]
1661:HW_Lib/STM32H7/HAL_Lib/STM32H7xx_HAL_Driver/Src/stm32h7xx_hal_tim_ex.c ****   TIM_CHANNEL_N_STATE_SET(htim, TIM_CHANNEL_1, HAL_TIM_CHANNEL_STATE_READY);
 4973              		.loc 1 1661 3
 4974 00a4 7B68     		ldr	r3, [r7, #4]
 4975 00a6 0122     		movs	r2, #1
 4976 00a8 83F84420 		strb	r2, [r3, #68]
1662:HW_Lib/STM32H7/HAL_Lib/STM32H7xx_HAL_Driver/Src/stm32h7xx_hal_tim_ex.c ****   TIM_CHANNEL_N_STATE_SET(htim, TIM_CHANNEL_2, HAL_TIM_CHANNEL_STATE_READY);
 4977              		.loc 1 1662 3
ARM GAS  C:\Users\HUAV\AppData\Local\Temp\ccIqAtUa.s 			page 117


 4978 00ac 7B68     		ldr	r3, [r7, #4]
 4979 00ae 0122     		movs	r2, #1
 4980 00b0 83F84520 		strb	r2, [r3, #69]
1663:HW_Lib/STM32H7/HAL_Lib/STM32H7xx_HAL_Driver/Src/stm32h7xx_hal_tim_ex.c **** 
1664:HW_Lib/STM32H7/HAL_Lib/STM32H7xx_HAL_Driver/Src/stm32h7xx_hal_tim_ex.c ****   /* Return function status */
1665:HW_Lib/STM32H7/HAL_Lib/STM32H7xx_HAL_Driver/Src/stm32h7xx_hal_tim_ex.c ****   return HAL_OK;
 4981              		.loc 1 1665 10
 4982 00b4 0023     		movs	r3, #0
1666:HW_Lib/STM32H7/HAL_Lib/STM32H7xx_HAL_Driver/Src/stm32h7xx_hal_tim_ex.c **** }
 4983              		.loc 1 1666 1
 4984 00b6 1846     		mov	r0, r3
 4985 00b8 1037     		adds	r7, r7, #16
 4986              	.LCFI120:
 4987              		.cfi_def_cfa_offset 8
 4988 00ba BD46     		mov	sp, r7
 4989              	.LCFI121:
 4990              		.cfi_def_cfa_register 13
 4991              		@ sp needed
 4992 00bc 80BD     		pop	{r7, pc}
 4993              		.cfi_endproc
 4994              	.LFE356:
 4996              		.section	.text.HAL_TIMEx_OnePulseN_Start_IT,"ax",%progbits
 4997              		.align	1
 4998              		.global	HAL_TIMEx_OnePulseN_Start_IT
 4999              		.syntax unified
 5000              		.thumb
 5001              		.thumb_func
 5003              	HAL_TIMEx_OnePulseN_Start_IT:
 5004              	.LFB357:
1667:HW_Lib/STM32H7/HAL_Lib/STM32H7xx_HAL_Driver/Src/stm32h7xx_hal_tim_ex.c **** 
1668:HW_Lib/STM32H7/HAL_Lib/STM32H7xx_HAL_Driver/Src/stm32h7xx_hal_tim_ex.c **** /**
1669:HW_Lib/STM32H7/HAL_Lib/STM32H7xx_HAL_Driver/Src/stm32h7xx_hal_tim_ex.c ****   * @brief  Starts the TIM One Pulse signal generation in interrupt mode on the
1670:HW_Lib/STM32H7/HAL_Lib/STM32H7xx_HAL_Driver/Src/stm32h7xx_hal_tim_ex.c ****   *         complementary channel.
1671:HW_Lib/STM32H7/HAL_Lib/STM32H7xx_HAL_Driver/Src/stm32h7xx_hal_tim_ex.c ****   * @note OutputChannel must match the pulse output channel chosen when calling
1672:HW_Lib/STM32H7/HAL_Lib/STM32H7xx_HAL_Driver/Src/stm32h7xx_hal_tim_ex.c ****   *       @ref HAL_TIM_OnePulse_ConfigChannel().
1673:HW_Lib/STM32H7/HAL_Lib/STM32H7xx_HAL_Driver/Src/stm32h7xx_hal_tim_ex.c ****   * @param  htim TIM One Pulse handle
1674:HW_Lib/STM32H7/HAL_Lib/STM32H7xx_HAL_Driver/Src/stm32h7xx_hal_tim_ex.c ****   * @param  OutputChannel pulse output channel to enable
1675:HW_Lib/STM32H7/HAL_Lib/STM32H7xx_HAL_Driver/Src/stm32h7xx_hal_tim_ex.c ****   *          This parameter can be one of the following values:
1676:HW_Lib/STM32H7/HAL_Lib/STM32H7xx_HAL_Driver/Src/stm32h7xx_hal_tim_ex.c ****   *            @arg TIM_CHANNEL_1: TIM Channel 1 selected
1677:HW_Lib/STM32H7/HAL_Lib/STM32H7xx_HAL_Driver/Src/stm32h7xx_hal_tim_ex.c ****   *            @arg TIM_CHANNEL_2: TIM Channel 2 selected
1678:HW_Lib/STM32H7/HAL_Lib/STM32H7xx_HAL_Driver/Src/stm32h7xx_hal_tim_ex.c ****   * @retval HAL status
1679:HW_Lib/STM32H7/HAL_Lib/STM32H7xx_HAL_Driver/Src/stm32h7xx_hal_tim_ex.c ****   */
1680:HW_Lib/STM32H7/HAL_Lib/STM32H7xx_HAL_Driver/Src/stm32h7xx_hal_tim_ex.c **** HAL_StatusTypeDef HAL_TIMEx_OnePulseN_Start_IT(TIM_HandleTypeDef *htim, uint32_t OutputChannel)
1681:HW_Lib/STM32H7/HAL_Lib/STM32H7xx_HAL_Driver/Src/stm32h7xx_hal_tim_ex.c **** {
 5005              		.loc 1 1681 1
 5006              		.cfi_startproc
 5007              		@ args = 0, pretend = 0, frame = 16
 5008              		@ frame_needed = 1, uses_anonymous_args = 0
 5009 0000 80B5     		push	{r7, lr}
 5010              	.LCFI122:
 5011              		.cfi_def_cfa_offset 8
 5012              		.cfi_offset 7, -8
 5013              		.cfi_offset 14, -4
 5014 0002 84B0     		sub	sp, sp, #16
 5015              	.LCFI123:
 5016              		.cfi_def_cfa_offset 24
 5017 0004 00AF     		add	r7, sp, #0
ARM GAS  C:\Users\HUAV\AppData\Local\Temp\ccIqAtUa.s 			page 118


 5018              	.LCFI124:
 5019              		.cfi_def_cfa_register 7
 5020 0006 7860     		str	r0, [r7, #4]
 5021 0008 3960     		str	r1, [r7]
1682:HW_Lib/STM32H7/HAL_Lib/STM32H7xx_HAL_Driver/Src/stm32h7xx_hal_tim_ex.c ****   uint32_t input_channel = (OutputChannel == TIM_CHANNEL_1) ? TIM_CHANNEL_2 : TIM_CHANNEL_1;
 5022              		.loc 1 1682 77
 5023 000a 3B68     		ldr	r3, [r7]
 5024 000c 002B     		cmp	r3, #0
 5025 000e 01D1     		bne	.L329
 5026              		.loc 1 1682 77 is_stmt 0 discriminator 1
 5027 0010 0423     		movs	r3, #4
 5028 0012 00E0     		b	.L330
 5029              	.L329:
 5030              		.loc 1 1682 77 discriminator 2
 5031 0014 0023     		movs	r3, #0
 5032              	.L330:
 5033              		.loc 1 1682 12 is_stmt 1 discriminator 4
 5034 0016 FB60     		str	r3, [r7, #12]
1683:HW_Lib/STM32H7/HAL_Lib/STM32H7xx_HAL_Driver/Src/stm32h7xx_hal_tim_ex.c ****   HAL_TIM_ChannelStateTypeDef channel_1_state = TIM_CHANNEL_STATE_GET(htim, TIM_CHANNEL_1);
 5035              		.loc 1 1683 31 discriminator 4
 5036 0018 7B68     		ldr	r3, [r7, #4]
 5037 001a 93F83E30 		ldrb	r3, [r3, #62]
 5038 001e FB72     		strb	r3, [r7, #11]
1684:HW_Lib/STM32H7/HAL_Lib/STM32H7xx_HAL_Driver/Src/stm32h7xx_hal_tim_ex.c ****   HAL_TIM_ChannelStateTypeDef channel_2_state = TIM_CHANNEL_STATE_GET(htim, TIM_CHANNEL_2);
 5039              		.loc 1 1684 31 discriminator 4
 5040 0020 7B68     		ldr	r3, [r7, #4]
 5041 0022 93F83F30 		ldrb	r3, [r3, #63]
 5042 0026 BB72     		strb	r3, [r7, #10]
1685:HW_Lib/STM32H7/HAL_Lib/STM32H7xx_HAL_Driver/Src/stm32h7xx_hal_tim_ex.c ****   HAL_TIM_ChannelStateTypeDef complementary_channel_1_state = TIM_CHANNEL_N_STATE_GET(htim, TIM_CHA
 5043              		.loc 1 1685 31 discriminator 4
 5044 0028 7B68     		ldr	r3, [r7, #4]
 5045 002a 93F84430 		ldrb	r3, [r3, #68]
 5046 002e 7B72     		strb	r3, [r7, #9]
1686:HW_Lib/STM32H7/HAL_Lib/STM32H7xx_HAL_Driver/Src/stm32h7xx_hal_tim_ex.c ****   HAL_TIM_ChannelStateTypeDef complementary_channel_2_state = TIM_CHANNEL_N_STATE_GET(htim, TIM_CHA
 5047              		.loc 1 1686 31 discriminator 4
 5048 0030 7B68     		ldr	r3, [r7, #4]
 5049 0032 93F84530 		ldrb	r3, [r3, #69]
 5050 0036 3B72     		strb	r3, [r7, #8]
1687:HW_Lib/STM32H7/HAL_Lib/STM32H7xx_HAL_Driver/Src/stm32h7xx_hal_tim_ex.c **** 
1688:HW_Lib/STM32H7/HAL_Lib/STM32H7xx_HAL_Driver/Src/stm32h7xx_hal_tim_ex.c ****   /* Check the parameters */
1689:HW_Lib/STM32H7/HAL_Lib/STM32H7xx_HAL_Driver/Src/stm32h7xx_hal_tim_ex.c ****   assert_param(IS_TIM_CCXN_INSTANCE(htim->Instance, OutputChannel));
1690:HW_Lib/STM32H7/HAL_Lib/STM32H7xx_HAL_Driver/Src/stm32h7xx_hal_tim_ex.c **** 
1691:HW_Lib/STM32H7/HAL_Lib/STM32H7xx_HAL_Driver/Src/stm32h7xx_hal_tim_ex.c ****   /* Check the TIM channels state */
1692:HW_Lib/STM32H7/HAL_Lib/STM32H7xx_HAL_Driver/Src/stm32h7xx_hal_tim_ex.c ****   if ((channel_1_state != HAL_TIM_CHANNEL_STATE_READY)
 5051              		.loc 1 1692 6 discriminator 4
 5052 0038 FB7A     		ldrb	r3, [r7, #11]	@ zero_extendqisi2
 5053 003a 012B     		cmp	r3, #1
 5054 003c 08D1     		bne	.L331
1693:HW_Lib/STM32H7/HAL_Lib/STM32H7xx_HAL_Driver/Src/stm32h7xx_hal_tim_ex.c ****       || (channel_2_state != HAL_TIM_CHANNEL_STATE_READY)
 5055              		.loc 1 1693 7
 5056 003e BB7A     		ldrb	r3, [r7, #10]	@ zero_extendqisi2
 5057 0040 012B     		cmp	r3, #1
 5058 0042 05D1     		bne	.L331
1694:HW_Lib/STM32H7/HAL_Lib/STM32H7xx_HAL_Driver/Src/stm32h7xx_hal_tim_ex.c ****       || (complementary_channel_1_state != HAL_TIM_CHANNEL_STATE_READY)
 5059              		.loc 1 1694 7
 5060 0044 7B7A     		ldrb	r3, [r7, #9]	@ zero_extendqisi2
 5061 0046 012B     		cmp	r3, #1
ARM GAS  C:\Users\HUAV\AppData\Local\Temp\ccIqAtUa.s 			page 119


 5062 0048 02D1     		bne	.L331
1695:HW_Lib/STM32H7/HAL_Lib/STM32H7xx_HAL_Driver/Src/stm32h7xx_hal_tim_ex.c ****       || (complementary_channel_2_state != HAL_TIM_CHANNEL_STATE_READY))
 5063              		.loc 1 1695 7
 5064 004a 3B7A     		ldrb	r3, [r7, #8]	@ zero_extendqisi2
 5065 004c 012B     		cmp	r3, #1
 5066 004e 01D0     		beq	.L332
 5067              	.L331:
1696:HW_Lib/STM32H7/HAL_Lib/STM32H7xx_HAL_Driver/Src/stm32h7xx_hal_tim_ex.c ****   {
1697:HW_Lib/STM32H7/HAL_Lib/STM32H7xx_HAL_Driver/Src/stm32h7xx_hal_tim_ex.c ****     return HAL_ERROR;
 5068              		.loc 1 1697 12
 5069 0050 0123     		movs	r3, #1
 5070 0052 36E0     		b	.L333
 5071              	.L332:
1698:HW_Lib/STM32H7/HAL_Lib/STM32H7xx_HAL_Driver/Src/stm32h7xx_hal_tim_ex.c ****   }
1699:HW_Lib/STM32H7/HAL_Lib/STM32H7xx_HAL_Driver/Src/stm32h7xx_hal_tim_ex.c **** 
1700:HW_Lib/STM32H7/HAL_Lib/STM32H7xx_HAL_Driver/Src/stm32h7xx_hal_tim_ex.c ****   /* Set the TIM channels state */
1701:HW_Lib/STM32H7/HAL_Lib/STM32H7xx_HAL_Driver/Src/stm32h7xx_hal_tim_ex.c ****   TIM_CHANNEL_STATE_SET(htim, TIM_CHANNEL_1, HAL_TIM_CHANNEL_STATE_BUSY);
 5072              		.loc 1 1701 3
 5073 0054 7B68     		ldr	r3, [r7, #4]
 5074 0056 0222     		movs	r2, #2
 5075 0058 83F83E20 		strb	r2, [r3, #62]
1702:HW_Lib/STM32H7/HAL_Lib/STM32H7xx_HAL_Driver/Src/stm32h7xx_hal_tim_ex.c ****   TIM_CHANNEL_STATE_SET(htim, TIM_CHANNEL_2, HAL_TIM_CHANNEL_STATE_BUSY);
 5076              		.loc 1 1702 3
 5077 005c 7B68     		ldr	r3, [r7, #4]
 5078 005e 0222     		movs	r2, #2
 5079 0060 83F83F20 		strb	r2, [r3, #63]
1703:HW_Lib/STM32H7/HAL_Lib/STM32H7xx_HAL_Driver/Src/stm32h7xx_hal_tim_ex.c ****   TIM_CHANNEL_N_STATE_SET(htim, TIM_CHANNEL_1, HAL_TIM_CHANNEL_STATE_BUSY);
 5080              		.loc 1 1703 3
 5081 0064 7B68     		ldr	r3, [r7, #4]
 5082 0066 0222     		movs	r2, #2
 5083 0068 83F84420 		strb	r2, [r3, #68]
1704:HW_Lib/STM32H7/HAL_Lib/STM32H7xx_HAL_Driver/Src/stm32h7xx_hal_tim_ex.c ****   TIM_CHANNEL_N_STATE_SET(htim, TIM_CHANNEL_2, HAL_TIM_CHANNEL_STATE_BUSY);
 5084              		.loc 1 1704 3
 5085 006c 7B68     		ldr	r3, [r7, #4]
 5086 006e 0222     		movs	r2, #2
 5087 0070 83F84520 		strb	r2, [r3, #69]
1705:HW_Lib/STM32H7/HAL_Lib/STM32H7xx_HAL_Driver/Src/stm32h7xx_hal_tim_ex.c **** 
1706:HW_Lib/STM32H7/HAL_Lib/STM32H7xx_HAL_Driver/Src/stm32h7xx_hal_tim_ex.c ****   /* Enable the TIM Capture/Compare 1 interrupt */
1707:HW_Lib/STM32H7/HAL_Lib/STM32H7xx_HAL_Driver/Src/stm32h7xx_hal_tim_ex.c ****   __HAL_TIM_ENABLE_IT(htim, TIM_IT_CC1);
 5088              		.loc 1 1707 3
 5089 0074 7B68     		ldr	r3, [r7, #4]
 5090 0076 1B68     		ldr	r3, [r3]
 5091 0078 DA68     		ldr	r2, [r3, #12]
 5092 007a 7B68     		ldr	r3, [r7, #4]
 5093 007c 1B68     		ldr	r3, [r3]
 5094 007e 42F00202 		orr	r2, r2, #2
 5095 0082 DA60     		str	r2, [r3, #12]
1708:HW_Lib/STM32H7/HAL_Lib/STM32H7xx_HAL_Driver/Src/stm32h7xx_hal_tim_ex.c **** 
1709:HW_Lib/STM32H7/HAL_Lib/STM32H7xx_HAL_Driver/Src/stm32h7xx_hal_tim_ex.c ****   /* Enable the TIM Capture/Compare 2 interrupt */
1710:HW_Lib/STM32H7/HAL_Lib/STM32H7xx_HAL_Driver/Src/stm32h7xx_hal_tim_ex.c ****   __HAL_TIM_ENABLE_IT(htim, TIM_IT_CC2);
 5096              		.loc 1 1710 3
 5097 0084 7B68     		ldr	r3, [r7, #4]
 5098 0086 1B68     		ldr	r3, [r3]
 5099 0088 DA68     		ldr	r2, [r3, #12]
 5100 008a 7B68     		ldr	r3, [r7, #4]
 5101 008c 1B68     		ldr	r3, [r3]
 5102 008e 42F00402 		orr	r2, r2, #4
ARM GAS  C:\Users\HUAV\AppData\Local\Temp\ccIqAtUa.s 			page 120


 5103 0092 DA60     		str	r2, [r3, #12]
1711:HW_Lib/STM32H7/HAL_Lib/STM32H7xx_HAL_Driver/Src/stm32h7xx_hal_tim_ex.c **** 
1712:HW_Lib/STM32H7/HAL_Lib/STM32H7xx_HAL_Driver/Src/stm32h7xx_hal_tim_ex.c ****   /* Enable the complementary One Pulse output channel and the Input Capture channel */
1713:HW_Lib/STM32H7/HAL_Lib/STM32H7xx_HAL_Driver/Src/stm32h7xx_hal_tim_ex.c ****   TIM_CCxNChannelCmd(htim->Instance, OutputChannel, TIM_CCxN_ENABLE);
 5104              		.loc 1 1713 3
 5105 0094 7B68     		ldr	r3, [r7, #4]
 5106 0096 1B68     		ldr	r3, [r3]
 5107 0098 0422     		movs	r2, #4
 5108 009a 3968     		ldr	r1, [r7]
 5109 009c 1846     		mov	r0, r3
 5110 009e FFF7FEFF 		bl	TIM_CCxNChannelCmd
1714:HW_Lib/STM32H7/HAL_Lib/STM32H7xx_HAL_Driver/Src/stm32h7xx_hal_tim_ex.c ****   TIM_CCxChannelCmd(htim->Instance, input_channel, TIM_CCx_ENABLE);
 5111              		.loc 1 1714 3
 5112 00a2 7B68     		ldr	r3, [r7, #4]
 5113 00a4 1B68     		ldr	r3, [r3]
 5114 00a6 0122     		movs	r2, #1
 5115 00a8 F968     		ldr	r1, [r7, #12]
 5116 00aa 1846     		mov	r0, r3
 5117 00ac FFF7FEFF 		bl	TIM_CCxChannelCmd
1715:HW_Lib/STM32H7/HAL_Lib/STM32H7xx_HAL_Driver/Src/stm32h7xx_hal_tim_ex.c **** 
1716:HW_Lib/STM32H7/HAL_Lib/STM32H7xx_HAL_Driver/Src/stm32h7xx_hal_tim_ex.c ****   /* Enable the Main Output */
1717:HW_Lib/STM32H7/HAL_Lib/STM32H7xx_HAL_Driver/Src/stm32h7xx_hal_tim_ex.c ****   __HAL_TIM_MOE_ENABLE(htim);
 5118              		.loc 1 1717 3
 5119 00b0 7B68     		ldr	r3, [r7, #4]
 5120 00b2 1B68     		ldr	r3, [r3]
 5121 00b4 5A6C     		ldr	r2, [r3, #68]
 5122 00b6 7B68     		ldr	r3, [r7, #4]
 5123 00b8 1B68     		ldr	r3, [r3]
 5124 00ba 42F40042 		orr	r2, r2, #32768
 5125 00be 5A64     		str	r2, [r3, #68]
1718:HW_Lib/STM32H7/HAL_Lib/STM32H7xx_HAL_Driver/Src/stm32h7xx_hal_tim_ex.c **** 
1719:HW_Lib/STM32H7/HAL_Lib/STM32H7xx_HAL_Driver/Src/stm32h7xx_hal_tim_ex.c ****   /* Return function status */
1720:HW_Lib/STM32H7/HAL_Lib/STM32H7xx_HAL_Driver/Src/stm32h7xx_hal_tim_ex.c ****   return HAL_OK;
 5126              		.loc 1 1720 10
 5127 00c0 0023     		movs	r3, #0
 5128              	.L333:
1721:HW_Lib/STM32H7/HAL_Lib/STM32H7xx_HAL_Driver/Src/stm32h7xx_hal_tim_ex.c **** }
 5129              		.loc 1 1721 1
 5130 00c2 1846     		mov	r0, r3
 5131 00c4 1037     		adds	r7, r7, #16
 5132              	.LCFI125:
 5133              		.cfi_def_cfa_offset 8
 5134 00c6 BD46     		mov	sp, r7
 5135              	.LCFI126:
 5136              		.cfi_def_cfa_register 13
 5137              		@ sp needed
 5138 00c8 80BD     		pop	{r7, pc}
 5139              		.cfi_endproc
 5140              	.LFE357:
 5142              		.section	.text.HAL_TIMEx_OnePulseN_Stop_IT,"ax",%progbits
 5143              		.align	1
 5144              		.global	HAL_TIMEx_OnePulseN_Stop_IT
 5145              		.syntax unified
 5146              		.thumb
 5147              		.thumb_func
 5149              	HAL_TIMEx_OnePulseN_Stop_IT:
 5150              	.LFB358:
ARM GAS  C:\Users\HUAV\AppData\Local\Temp\ccIqAtUa.s 			page 121


1722:HW_Lib/STM32H7/HAL_Lib/STM32H7xx_HAL_Driver/Src/stm32h7xx_hal_tim_ex.c **** 
1723:HW_Lib/STM32H7/HAL_Lib/STM32H7xx_HAL_Driver/Src/stm32h7xx_hal_tim_ex.c **** /**
1724:HW_Lib/STM32H7/HAL_Lib/STM32H7xx_HAL_Driver/Src/stm32h7xx_hal_tim_ex.c ****   * @brief  Stops the TIM One Pulse signal generation in interrupt mode on the
1725:HW_Lib/STM32H7/HAL_Lib/STM32H7xx_HAL_Driver/Src/stm32h7xx_hal_tim_ex.c ****   *         complementary channel.
1726:HW_Lib/STM32H7/HAL_Lib/STM32H7xx_HAL_Driver/Src/stm32h7xx_hal_tim_ex.c ****   * @note OutputChannel must match the pulse output channel chosen when calling
1727:HW_Lib/STM32H7/HAL_Lib/STM32H7xx_HAL_Driver/Src/stm32h7xx_hal_tim_ex.c ****   *       @ref HAL_TIM_OnePulse_ConfigChannel().
1728:HW_Lib/STM32H7/HAL_Lib/STM32H7xx_HAL_Driver/Src/stm32h7xx_hal_tim_ex.c ****   * @param  htim TIM One Pulse handle
1729:HW_Lib/STM32H7/HAL_Lib/STM32H7xx_HAL_Driver/Src/stm32h7xx_hal_tim_ex.c ****   * @param  OutputChannel pulse output channel to disable
1730:HW_Lib/STM32H7/HAL_Lib/STM32H7xx_HAL_Driver/Src/stm32h7xx_hal_tim_ex.c ****   *          This parameter can be one of the following values:
1731:HW_Lib/STM32H7/HAL_Lib/STM32H7xx_HAL_Driver/Src/stm32h7xx_hal_tim_ex.c ****   *            @arg TIM_CHANNEL_1: TIM Channel 1 selected
1732:HW_Lib/STM32H7/HAL_Lib/STM32H7xx_HAL_Driver/Src/stm32h7xx_hal_tim_ex.c ****   *            @arg TIM_CHANNEL_2: TIM Channel 2 selected
1733:HW_Lib/STM32H7/HAL_Lib/STM32H7xx_HAL_Driver/Src/stm32h7xx_hal_tim_ex.c ****   * @retval HAL status
1734:HW_Lib/STM32H7/HAL_Lib/STM32H7xx_HAL_Driver/Src/stm32h7xx_hal_tim_ex.c ****   */
1735:HW_Lib/STM32H7/HAL_Lib/STM32H7xx_HAL_Driver/Src/stm32h7xx_hal_tim_ex.c **** HAL_StatusTypeDef HAL_TIMEx_OnePulseN_Stop_IT(TIM_HandleTypeDef *htim, uint32_t OutputChannel)
1736:HW_Lib/STM32H7/HAL_Lib/STM32H7xx_HAL_Driver/Src/stm32h7xx_hal_tim_ex.c **** {
 5151              		.loc 1 1736 1
 5152              		.cfi_startproc
 5153              		@ args = 0, pretend = 0, frame = 16
 5154              		@ frame_needed = 1, uses_anonymous_args = 0
 5155 0000 80B5     		push	{r7, lr}
 5156              	.LCFI127:
 5157              		.cfi_def_cfa_offset 8
 5158              		.cfi_offset 7, -8
 5159              		.cfi_offset 14, -4
 5160 0002 84B0     		sub	sp, sp, #16
 5161              	.LCFI128:
 5162              		.cfi_def_cfa_offset 24
 5163 0004 00AF     		add	r7, sp, #0
 5164              	.LCFI129:
 5165              		.cfi_def_cfa_register 7
 5166 0006 7860     		str	r0, [r7, #4]
 5167 0008 3960     		str	r1, [r7]
1737:HW_Lib/STM32H7/HAL_Lib/STM32H7xx_HAL_Driver/Src/stm32h7xx_hal_tim_ex.c ****   uint32_t input_channel = (OutputChannel == TIM_CHANNEL_1) ? TIM_CHANNEL_2 : TIM_CHANNEL_1;
 5168              		.loc 1 1737 77
 5169 000a 3B68     		ldr	r3, [r7]
 5170 000c 002B     		cmp	r3, #0
 5171 000e 01D1     		bne	.L335
 5172              		.loc 1 1737 77 is_stmt 0 discriminator 1
 5173 0010 0423     		movs	r3, #4
 5174 0012 00E0     		b	.L336
 5175              	.L335:
 5176              		.loc 1 1737 77 discriminator 2
 5177 0014 0023     		movs	r3, #0
 5178              	.L336:
 5179              		.loc 1 1737 12 is_stmt 1 discriminator 4
 5180 0016 FB60     		str	r3, [r7, #12]
1738:HW_Lib/STM32H7/HAL_Lib/STM32H7xx_HAL_Driver/Src/stm32h7xx_hal_tim_ex.c **** 
1739:HW_Lib/STM32H7/HAL_Lib/STM32H7xx_HAL_Driver/Src/stm32h7xx_hal_tim_ex.c ****   /* Check the parameters */
1740:HW_Lib/STM32H7/HAL_Lib/STM32H7xx_HAL_Driver/Src/stm32h7xx_hal_tim_ex.c ****   assert_param(IS_TIM_CCXN_INSTANCE(htim->Instance, OutputChannel));
1741:HW_Lib/STM32H7/HAL_Lib/STM32H7xx_HAL_Driver/Src/stm32h7xx_hal_tim_ex.c **** 
1742:HW_Lib/STM32H7/HAL_Lib/STM32H7xx_HAL_Driver/Src/stm32h7xx_hal_tim_ex.c ****   /* Disable the TIM Capture/Compare 1 interrupt */
1743:HW_Lib/STM32H7/HAL_Lib/STM32H7xx_HAL_Driver/Src/stm32h7xx_hal_tim_ex.c ****   __HAL_TIM_DISABLE_IT(htim, TIM_IT_CC1);
 5181              		.loc 1 1743 3 discriminator 4
 5182 0018 7B68     		ldr	r3, [r7, #4]
 5183 001a 1B68     		ldr	r3, [r3]
 5184 001c DA68     		ldr	r2, [r3, #12]
 5185 001e 7B68     		ldr	r3, [r7, #4]
ARM GAS  C:\Users\HUAV\AppData\Local\Temp\ccIqAtUa.s 			page 122


 5186 0020 1B68     		ldr	r3, [r3]
 5187 0022 22F00202 		bic	r2, r2, #2
 5188 0026 DA60     		str	r2, [r3, #12]
1744:HW_Lib/STM32H7/HAL_Lib/STM32H7xx_HAL_Driver/Src/stm32h7xx_hal_tim_ex.c **** 
1745:HW_Lib/STM32H7/HAL_Lib/STM32H7xx_HAL_Driver/Src/stm32h7xx_hal_tim_ex.c ****   /* Disable the TIM Capture/Compare 2 interrupt */
1746:HW_Lib/STM32H7/HAL_Lib/STM32H7xx_HAL_Driver/Src/stm32h7xx_hal_tim_ex.c ****   __HAL_TIM_DISABLE_IT(htim, TIM_IT_CC2);
 5189              		.loc 1 1746 3 discriminator 4
 5190 0028 7B68     		ldr	r3, [r7, #4]
 5191 002a 1B68     		ldr	r3, [r3]
 5192 002c DA68     		ldr	r2, [r3, #12]
 5193 002e 7B68     		ldr	r3, [r7, #4]
 5194 0030 1B68     		ldr	r3, [r3]
 5195 0032 22F00402 		bic	r2, r2, #4
 5196 0036 DA60     		str	r2, [r3, #12]
1747:HW_Lib/STM32H7/HAL_Lib/STM32H7xx_HAL_Driver/Src/stm32h7xx_hal_tim_ex.c **** 
1748:HW_Lib/STM32H7/HAL_Lib/STM32H7xx_HAL_Driver/Src/stm32h7xx_hal_tim_ex.c ****   /* Disable the complementary One Pulse output channel and the Input Capture channel */
1749:HW_Lib/STM32H7/HAL_Lib/STM32H7xx_HAL_Driver/Src/stm32h7xx_hal_tim_ex.c ****   TIM_CCxNChannelCmd(htim->Instance, OutputChannel, TIM_CCxN_DISABLE);
 5197              		.loc 1 1749 3 discriminator 4
 5198 0038 7B68     		ldr	r3, [r7, #4]
 5199 003a 1B68     		ldr	r3, [r3]
 5200 003c 0022     		movs	r2, #0
 5201 003e 3968     		ldr	r1, [r7]
 5202 0040 1846     		mov	r0, r3
 5203 0042 FFF7FEFF 		bl	TIM_CCxNChannelCmd
1750:HW_Lib/STM32H7/HAL_Lib/STM32H7xx_HAL_Driver/Src/stm32h7xx_hal_tim_ex.c ****   TIM_CCxChannelCmd(htim->Instance, input_channel, TIM_CCx_DISABLE);
 5204              		.loc 1 1750 3 discriminator 4
 5205 0046 7B68     		ldr	r3, [r7, #4]
 5206 0048 1B68     		ldr	r3, [r3]
 5207 004a 0022     		movs	r2, #0
 5208 004c F968     		ldr	r1, [r7, #12]
 5209 004e 1846     		mov	r0, r3
 5210 0050 FFF7FEFF 		bl	TIM_CCxChannelCmd
1751:HW_Lib/STM32H7/HAL_Lib/STM32H7xx_HAL_Driver/Src/stm32h7xx_hal_tim_ex.c **** 
1752:HW_Lib/STM32H7/HAL_Lib/STM32H7xx_HAL_Driver/Src/stm32h7xx_hal_tim_ex.c ****   /* Disable the Main Output */
1753:HW_Lib/STM32H7/HAL_Lib/STM32H7xx_HAL_Driver/Src/stm32h7xx_hal_tim_ex.c ****   __HAL_TIM_MOE_DISABLE(htim);
 5211              		.loc 1 1753 3 discriminator 4
 5212 0054 7B68     		ldr	r3, [r7, #4]
 5213 0056 1B68     		ldr	r3, [r3]
 5214 0058 1A6A     		ldr	r2, [r3, #32]
 5215 005a 41F21113 		movw	r3, #4369
 5216 005e 1340     		ands	r3, r3, r2
 5217 0060 002B     		cmp	r3, #0
 5218 0062 0FD1     		bne	.L337
 5219              		.loc 1 1753 3 is_stmt 0 discriminator 1
 5220 0064 7B68     		ldr	r3, [r7, #4]
 5221 0066 1B68     		ldr	r3, [r3]
 5222 0068 1A6A     		ldr	r2, [r3, #32]
 5223 006a 40F24443 		movw	r3, #1092
 5224 006e 1340     		ands	r3, r3, r2
 5225 0070 002B     		cmp	r3, #0
 5226 0072 07D1     		bne	.L337
 5227              		.loc 1 1753 3 discriminator 2
 5228 0074 7B68     		ldr	r3, [r7, #4]
 5229 0076 1B68     		ldr	r3, [r3]
 5230 0078 5A6C     		ldr	r2, [r3, #68]
 5231 007a 7B68     		ldr	r3, [r7, #4]
 5232 007c 1B68     		ldr	r3, [r3]
ARM GAS  C:\Users\HUAV\AppData\Local\Temp\ccIqAtUa.s 			page 123


 5233 007e 22F40042 		bic	r2, r2, #32768
 5234 0082 5A64     		str	r2, [r3, #68]
 5235              	.L337:
1754:HW_Lib/STM32H7/HAL_Lib/STM32H7xx_HAL_Driver/Src/stm32h7xx_hal_tim_ex.c **** 
1755:HW_Lib/STM32H7/HAL_Lib/STM32H7xx_HAL_Driver/Src/stm32h7xx_hal_tim_ex.c ****   /* Disable the Peripheral */
1756:HW_Lib/STM32H7/HAL_Lib/STM32H7xx_HAL_Driver/Src/stm32h7xx_hal_tim_ex.c ****   __HAL_TIM_DISABLE(htim);
 5236              		.loc 1 1756 3 is_stmt 1
 5237 0084 7B68     		ldr	r3, [r7, #4]
 5238 0086 1B68     		ldr	r3, [r3]
 5239 0088 1A6A     		ldr	r2, [r3, #32]
 5240 008a 41F21113 		movw	r3, #4369
 5241 008e 1340     		ands	r3, r3, r2
 5242 0090 002B     		cmp	r3, #0
 5243 0092 0FD1     		bne	.L338
 5244              		.loc 1 1756 3 is_stmt 0 discriminator 1
 5245 0094 7B68     		ldr	r3, [r7, #4]
 5246 0096 1B68     		ldr	r3, [r3]
 5247 0098 1A6A     		ldr	r2, [r3, #32]
 5248 009a 40F24443 		movw	r3, #1092
 5249 009e 1340     		ands	r3, r3, r2
 5250 00a0 002B     		cmp	r3, #0
 5251 00a2 07D1     		bne	.L338
 5252              		.loc 1 1756 3 discriminator 2
 5253 00a4 7B68     		ldr	r3, [r7, #4]
 5254 00a6 1B68     		ldr	r3, [r3]
 5255 00a8 1A68     		ldr	r2, [r3]
 5256 00aa 7B68     		ldr	r3, [r7, #4]
 5257 00ac 1B68     		ldr	r3, [r3]
 5258 00ae 22F00102 		bic	r2, r2, #1
 5259 00b2 1A60     		str	r2, [r3]
 5260              	.L338:
1757:HW_Lib/STM32H7/HAL_Lib/STM32H7xx_HAL_Driver/Src/stm32h7xx_hal_tim_ex.c **** 
1758:HW_Lib/STM32H7/HAL_Lib/STM32H7xx_HAL_Driver/Src/stm32h7xx_hal_tim_ex.c ****   /* Set the TIM  channels state */
1759:HW_Lib/STM32H7/HAL_Lib/STM32H7xx_HAL_Driver/Src/stm32h7xx_hal_tim_ex.c ****   TIM_CHANNEL_STATE_SET(htim, TIM_CHANNEL_1, HAL_TIM_CHANNEL_STATE_READY);
 5261              		.loc 1 1759 3 is_stmt 1
 5262 00b4 7B68     		ldr	r3, [r7, #4]
 5263 00b6 0122     		movs	r2, #1
 5264 00b8 83F83E20 		strb	r2, [r3, #62]
1760:HW_Lib/STM32H7/HAL_Lib/STM32H7xx_HAL_Driver/Src/stm32h7xx_hal_tim_ex.c ****   TIM_CHANNEL_STATE_SET(htim, TIM_CHANNEL_2, HAL_TIM_CHANNEL_STATE_READY);
 5265              		.loc 1 1760 3
 5266 00bc 7B68     		ldr	r3, [r7, #4]
 5267 00be 0122     		movs	r2, #1
 5268 00c0 83F83F20 		strb	r2, [r3, #63]
1761:HW_Lib/STM32H7/HAL_Lib/STM32H7xx_HAL_Driver/Src/stm32h7xx_hal_tim_ex.c ****   TIM_CHANNEL_N_STATE_SET(htim, TIM_CHANNEL_1, HAL_TIM_CHANNEL_STATE_READY);
 5269              		.loc 1 1761 3
 5270 00c4 7B68     		ldr	r3, [r7, #4]
 5271 00c6 0122     		movs	r2, #1
 5272 00c8 83F84420 		strb	r2, [r3, #68]
1762:HW_Lib/STM32H7/HAL_Lib/STM32H7xx_HAL_Driver/Src/stm32h7xx_hal_tim_ex.c ****   TIM_CHANNEL_N_STATE_SET(htim, TIM_CHANNEL_2, HAL_TIM_CHANNEL_STATE_READY);
 5273              		.loc 1 1762 3
 5274 00cc 7B68     		ldr	r3, [r7, #4]
 5275 00ce 0122     		movs	r2, #1
 5276 00d0 83F84520 		strb	r2, [r3, #69]
1763:HW_Lib/STM32H7/HAL_Lib/STM32H7xx_HAL_Driver/Src/stm32h7xx_hal_tim_ex.c **** 
1764:HW_Lib/STM32H7/HAL_Lib/STM32H7xx_HAL_Driver/Src/stm32h7xx_hal_tim_ex.c ****   /* Return function status */
1765:HW_Lib/STM32H7/HAL_Lib/STM32H7xx_HAL_Driver/Src/stm32h7xx_hal_tim_ex.c ****   return HAL_OK;
 5277              		.loc 1 1765 10
ARM GAS  C:\Users\HUAV\AppData\Local\Temp\ccIqAtUa.s 			page 124


 5278 00d4 0023     		movs	r3, #0
1766:HW_Lib/STM32H7/HAL_Lib/STM32H7xx_HAL_Driver/Src/stm32h7xx_hal_tim_ex.c **** }
 5279              		.loc 1 1766 1
 5280 00d6 1846     		mov	r0, r3
 5281 00d8 1037     		adds	r7, r7, #16
 5282              	.LCFI130:
 5283              		.cfi_def_cfa_offset 8
 5284 00da BD46     		mov	sp, r7
 5285              	.LCFI131:
 5286              		.cfi_def_cfa_register 13
 5287              		@ sp needed
 5288 00dc 80BD     		pop	{r7, pc}
 5289              		.cfi_endproc
 5290              	.LFE358:
 5292              		.section	.text.HAL_TIMEx_ConfigCommutEvent,"ax",%progbits
 5293              		.align	1
 5294              		.global	HAL_TIMEx_ConfigCommutEvent
 5295              		.syntax unified
 5296              		.thumb
 5297              		.thumb_func
 5299              	HAL_TIMEx_ConfigCommutEvent:
 5300              	.LFB359:
1767:HW_Lib/STM32H7/HAL_Lib/STM32H7xx_HAL_Driver/Src/stm32h7xx_hal_tim_ex.c **** 
1768:HW_Lib/STM32H7/HAL_Lib/STM32H7xx_HAL_Driver/Src/stm32h7xx_hal_tim_ex.c **** /**
1769:HW_Lib/STM32H7/HAL_Lib/STM32H7xx_HAL_Driver/Src/stm32h7xx_hal_tim_ex.c ****   * @}
1770:HW_Lib/STM32H7/HAL_Lib/STM32H7xx_HAL_Driver/Src/stm32h7xx_hal_tim_ex.c ****   */
1771:HW_Lib/STM32H7/HAL_Lib/STM32H7xx_HAL_Driver/Src/stm32h7xx_hal_tim_ex.c **** 
1772:HW_Lib/STM32H7/HAL_Lib/STM32H7xx_HAL_Driver/Src/stm32h7xx_hal_tim_ex.c **** /** @defgroup TIMEx_Exported_Functions_Group5 Extended Peripheral Control functions
1773:HW_Lib/STM32H7/HAL_Lib/STM32H7xx_HAL_Driver/Src/stm32h7xx_hal_tim_ex.c ****   * @brief    Peripheral Control functions
1774:HW_Lib/STM32H7/HAL_Lib/STM32H7xx_HAL_Driver/Src/stm32h7xx_hal_tim_ex.c ****   *
1775:HW_Lib/STM32H7/HAL_Lib/STM32H7xx_HAL_Driver/Src/stm32h7xx_hal_tim_ex.c **** @verbatim
1776:HW_Lib/STM32H7/HAL_Lib/STM32H7xx_HAL_Driver/Src/stm32h7xx_hal_tim_ex.c ****   ==============================================================================
1777:HW_Lib/STM32H7/HAL_Lib/STM32H7xx_HAL_Driver/Src/stm32h7xx_hal_tim_ex.c ****                     ##### Peripheral Control functions #####
1778:HW_Lib/STM32H7/HAL_Lib/STM32H7xx_HAL_Driver/Src/stm32h7xx_hal_tim_ex.c ****   ==============================================================================
1779:HW_Lib/STM32H7/HAL_Lib/STM32H7xx_HAL_Driver/Src/stm32h7xx_hal_tim_ex.c ****   [..]
1780:HW_Lib/STM32H7/HAL_Lib/STM32H7xx_HAL_Driver/Src/stm32h7xx_hal_tim_ex.c ****     This section provides functions allowing to:
1781:HW_Lib/STM32H7/HAL_Lib/STM32H7xx_HAL_Driver/Src/stm32h7xx_hal_tim_ex.c ****       (+) Configure the commutation event in case of use of the Hall sensor interface.
1782:HW_Lib/STM32H7/HAL_Lib/STM32H7xx_HAL_Driver/Src/stm32h7xx_hal_tim_ex.c ****       (+) Configure Output channels for OC and PWM mode.
1783:HW_Lib/STM32H7/HAL_Lib/STM32H7xx_HAL_Driver/Src/stm32h7xx_hal_tim_ex.c **** 
1784:HW_Lib/STM32H7/HAL_Lib/STM32H7xx_HAL_Driver/Src/stm32h7xx_hal_tim_ex.c ****       (+) Configure Complementary channels, break features and dead time.
1785:HW_Lib/STM32H7/HAL_Lib/STM32H7xx_HAL_Driver/Src/stm32h7xx_hal_tim_ex.c ****       (+) Configure Master synchronization.
1786:HW_Lib/STM32H7/HAL_Lib/STM32H7xx_HAL_Driver/Src/stm32h7xx_hal_tim_ex.c ****       (+) Configure timer remapping capabilities.
1787:HW_Lib/STM32H7/HAL_Lib/STM32H7xx_HAL_Driver/Src/stm32h7xx_hal_tim_ex.c ****       (+) Select timer input source.
1788:HW_Lib/STM32H7/HAL_Lib/STM32H7xx_HAL_Driver/Src/stm32h7xx_hal_tim_ex.c ****       (+) Enable or disable channel grouping.
1789:HW_Lib/STM32H7/HAL_Lib/STM32H7xx_HAL_Driver/Src/stm32h7xx_hal_tim_ex.c **** 
1790:HW_Lib/STM32H7/HAL_Lib/STM32H7xx_HAL_Driver/Src/stm32h7xx_hal_tim_ex.c **** @endverbatim
1791:HW_Lib/STM32H7/HAL_Lib/STM32H7xx_HAL_Driver/Src/stm32h7xx_hal_tim_ex.c ****   * @{
1792:HW_Lib/STM32H7/HAL_Lib/STM32H7xx_HAL_Driver/Src/stm32h7xx_hal_tim_ex.c ****   */
1793:HW_Lib/STM32H7/HAL_Lib/STM32H7xx_HAL_Driver/Src/stm32h7xx_hal_tim_ex.c **** 
1794:HW_Lib/STM32H7/HAL_Lib/STM32H7xx_HAL_Driver/Src/stm32h7xx_hal_tim_ex.c **** /**
1795:HW_Lib/STM32H7/HAL_Lib/STM32H7xx_HAL_Driver/Src/stm32h7xx_hal_tim_ex.c ****   * @brief  Configure the TIM commutation event sequence.
1796:HW_Lib/STM32H7/HAL_Lib/STM32H7xx_HAL_Driver/Src/stm32h7xx_hal_tim_ex.c ****   * @note  This function is mandatory to use the commutation event in order to
1797:HW_Lib/STM32H7/HAL_Lib/STM32H7xx_HAL_Driver/Src/stm32h7xx_hal_tim_ex.c ****   *        update the configuration at each commutation detection on the TRGI input of the Timer,
1798:HW_Lib/STM32H7/HAL_Lib/STM32H7xx_HAL_Driver/Src/stm32h7xx_hal_tim_ex.c ****   *        the typical use of this feature is with the use of another Timer(interface Timer)
1799:HW_Lib/STM32H7/HAL_Lib/STM32H7xx_HAL_Driver/Src/stm32h7xx_hal_tim_ex.c ****   *        configured in Hall sensor interface, this interface Timer will generate the
1800:HW_Lib/STM32H7/HAL_Lib/STM32H7xx_HAL_Driver/Src/stm32h7xx_hal_tim_ex.c ****   *        commutation at its TRGO output (connected to Timer used in this function) each time
1801:HW_Lib/STM32H7/HAL_Lib/STM32H7xx_HAL_Driver/Src/stm32h7xx_hal_tim_ex.c ****   *        the TI1 of the Interface Timer detect a commutation at its input TI1.
ARM GAS  C:\Users\HUAV\AppData\Local\Temp\ccIqAtUa.s 			page 125


1802:HW_Lib/STM32H7/HAL_Lib/STM32H7xx_HAL_Driver/Src/stm32h7xx_hal_tim_ex.c ****   * @param  htim TIM handle
1803:HW_Lib/STM32H7/HAL_Lib/STM32H7xx_HAL_Driver/Src/stm32h7xx_hal_tim_ex.c ****   * @param  InputTrigger the Internal trigger corresponding to the Timer Interfacing with the Hall 
1804:HW_Lib/STM32H7/HAL_Lib/STM32H7xx_HAL_Driver/Src/stm32h7xx_hal_tim_ex.c ****   *          This parameter can be one of the following values:
1805:HW_Lib/STM32H7/HAL_Lib/STM32H7xx_HAL_Driver/Src/stm32h7xx_hal_tim_ex.c ****   *            @arg TIM_TS_ITR0: Internal trigger 0 selected
1806:HW_Lib/STM32H7/HAL_Lib/STM32H7xx_HAL_Driver/Src/stm32h7xx_hal_tim_ex.c ****   *            @arg TIM_TS_ITR1: Internal trigger 1 selected
1807:HW_Lib/STM32H7/HAL_Lib/STM32H7xx_HAL_Driver/Src/stm32h7xx_hal_tim_ex.c ****   *            @arg TIM_TS_ITR2: Internal trigger 2 selected
1808:HW_Lib/STM32H7/HAL_Lib/STM32H7xx_HAL_Driver/Src/stm32h7xx_hal_tim_ex.c ****   *            @arg TIM_TS_ITR3: Internal trigger 3 selected
1809:HW_Lib/STM32H7/HAL_Lib/STM32H7xx_HAL_Driver/Src/stm32h7xx_hal_tim_ex.c ****   *            @arg TIM_TS_ITR12: Internal trigger 12 selected (*)
1810:HW_Lib/STM32H7/HAL_Lib/STM32H7xx_HAL_Driver/Src/stm32h7xx_hal_tim_ex.c ****   *            @arg TIM_TS_ITR13: Internal trigger 13 selected (*)
1811:HW_Lib/STM32H7/HAL_Lib/STM32H7xx_HAL_Driver/Src/stm32h7xx_hal_tim_ex.c ****   *            @arg TIM_TS_NONE: No trigger is needed
1812:HW_Lib/STM32H7/HAL_Lib/STM32H7xx_HAL_Driver/Src/stm32h7xx_hal_tim_ex.c ****   * @param  CommutationSource the Commutation Event source
1813:HW_Lib/STM32H7/HAL_Lib/STM32H7xx_HAL_Driver/Src/stm32h7xx_hal_tim_ex.c ****   *          This parameter can be one of the following values:
1814:HW_Lib/STM32H7/HAL_Lib/STM32H7xx_HAL_Driver/Src/stm32h7xx_hal_tim_ex.c ****   *            @arg TIM_COMMUTATION_TRGI: Commutation source is the TRGI of the Interface Timer
1815:HW_Lib/STM32H7/HAL_Lib/STM32H7xx_HAL_Driver/Src/stm32h7xx_hal_tim_ex.c ****   *            @arg TIM_COMMUTATION_SOFTWARE:  Commutation source is set by software using the COMG
1816:HW_Lib/STM32H7/HAL_Lib/STM32H7xx_HAL_Driver/Src/stm32h7xx_hal_tim_ex.c ****   * @retval HAL status
1817:HW_Lib/STM32H7/HAL_Lib/STM32H7xx_HAL_Driver/Src/stm32h7xx_hal_tim_ex.c ****   */
1818:HW_Lib/STM32H7/HAL_Lib/STM32H7xx_HAL_Driver/Src/stm32h7xx_hal_tim_ex.c **** HAL_StatusTypeDef HAL_TIMEx_ConfigCommutEvent(TIM_HandleTypeDef *htim, uint32_t  InputTrigger,
1819:HW_Lib/STM32H7/HAL_Lib/STM32H7xx_HAL_Driver/Src/stm32h7xx_hal_tim_ex.c ****                                               uint32_t  CommutationSource)
1820:HW_Lib/STM32H7/HAL_Lib/STM32H7xx_HAL_Driver/Src/stm32h7xx_hal_tim_ex.c **** {
 5301              		.loc 1 1820 1
 5302              		.cfi_startproc
 5303              		@ args = 0, pretend = 0, frame = 16
 5304              		@ frame_needed = 1, uses_anonymous_args = 0
 5305              		@ link register save eliminated.
 5306 0000 80B4     		push	{r7}
 5307              	.LCFI132:
 5308              		.cfi_def_cfa_offset 4
 5309              		.cfi_offset 7, -4
 5310 0002 85B0     		sub	sp, sp, #20
 5311              	.LCFI133:
 5312              		.cfi_def_cfa_offset 24
 5313 0004 00AF     		add	r7, sp, #0
 5314              	.LCFI134:
 5315              		.cfi_def_cfa_register 7
 5316 0006 F860     		str	r0, [r7, #12]
 5317 0008 B960     		str	r1, [r7, #8]
 5318 000a 7A60     		str	r2, [r7, #4]
1821:HW_Lib/STM32H7/HAL_Lib/STM32H7xx_HAL_Driver/Src/stm32h7xx_hal_tim_ex.c ****   /* Check the parameters */
1822:HW_Lib/STM32H7/HAL_Lib/STM32H7xx_HAL_Driver/Src/stm32h7xx_hal_tim_ex.c ****   assert_param(IS_TIM_COMMUTATION_EVENT_INSTANCE(htim->Instance));
1823:HW_Lib/STM32H7/HAL_Lib/STM32H7xx_HAL_Driver/Src/stm32h7xx_hal_tim_ex.c ****   assert_param(IS_TIM_INTERNAL_TRIGGEREVENT_SELECTION(InputTrigger));
1824:HW_Lib/STM32H7/HAL_Lib/STM32H7xx_HAL_Driver/Src/stm32h7xx_hal_tim_ex.c **** 
1825:HW_Lib/STM32H7/HAL_Lib/STM32H7xx_HAL_Driver/Src/stm32h7xx_hal_tim_ex.c ****   __HAL_LOCK(htim);
 5319              		.loc 1 1825 3
 5320 000c FB68     		ldr	r3, [r7, #12]
 5321 000e 93F83C30 		ldrb	r3, [r3, #60]	@ zero_extendqisi2
 5322 0012 012B     		cmp	r3, #1
 5323 0014 01D1     		bne	.L341
 5324              		.loc 1 1825 3 is_stmt 0 discriminator 1
 5325 0016 0223     		movs	r3, #2
 5326 0018 54E0     		b	.L342
 5327              	.L341:
 5328              		.loc 1 1825 3 discriminator 2
 5329 001a FB68     		ldr	r3, [r7, #12]
 5330 001c 0122     		movs	r2, #1
 5331 001e 83F83C20 		strb	r2, [r3, #60]
1826:HW_Lib/STM32H7/HAL_Lib/STM32H7xx_HAL_Driver/Src/stm32h7xx_hal_tim_ex.c **** 
1827:HW_Lib/STM32H7/HAL_Lib/STM32H7xx_HAL_Driver/Src/stm32h7xx_hal_tim_ex.c ****   if ((InputTrigger == TIM_TS_ITR0)  || (InputTrigger == TIM_TS_ITR1) ||
ARM GAS  C:\Users\HUAV\AppData\Local\Temp\ccIqAtUa.s 			page 126


 5332              		.loc 1 1827 6 is_stmt 1 discriminator 2
 5333 0022 BB68     		ldr	r3, [r7, #8]
 5334 0024 002B     		cmp	r3, #0
 5335 0026 10D0     		beq	.L343
 5336              		.loc 1 1827 38 discriminator 1
 5337 0028 BB68     		ldr	r3, [r7, #8]
 5338 002a 102B     		cmp	r3, #16
 5339 002c 0DD0     		beq	.L343
 5340              		.loc 1 1827 71 discriminator 2
 5341 002e BB68     		ldr	r3, [r7, #8]
 5342 0030 202B     		cmp	r3, #32
 5343 0032 0AD0     		beq	.L343
1828:HW_Lib/STM32H7/HAL_Lib/STM32H7xx_HAL_Driver/Src/stm32h7xx_hal_tim_ex.c ****       (InputTrigger == TIM_TS_ITR2)  || (InputTrigger == TIM_TS_ITR3) ||
 5344              		.loc 1 1828 38
 5345 0034 BB68     		ldr	r3, [r7, #8]
 5346 0036 302B     		cmp	r3, #48
 5347 0038 07D0     		beq	.L343
 5348              		.loc 1 1828 71 discriminator 1
 5349 003a BB68     		ldr	r3, [r7, #8]
 5350 003c B3F5001F 		cmp	r3, #2097152
 5351 0040 03D0     		beq	.L343
1829:HW_Lib/STM32H7/HAL_Lib/STM32H7xx_HAL_Driver/Src/stm32h7xx_hal_tim_ex.c ****       (InputTrigger == TIM_TS_ITR12)  || (InputTrigger == TIM_TS_ITR13))
 5352              		.loc 1 1829 39
 5353 0042 BB68     		ldr	r3, [r7, #8]
 5354 0044 224A     		ldr	r2, .L345
 5355 0046 9342     		cmp	r3, r2
 5356 0048 0FD1     		bne	.L344
 5357              	.L343:
1830:HW_Lib/STM32H7/HAL_Lib/STM32H7xx_HAL_Driver/Src/stm32h7xx_hal_tim_ex.c ****   {
1831:HW_Lib/STM32H7/HAL_Lib/STM32H7xx_HAL_Driver/Src/stm32h7xx_hal_tim_ex.c ****     /* Select the Input trigger */
1832:HW_Lib/STM32H7/HAL_Lib/STM32H7xx_HAL_Driver/Src/stm32h7xx_hal_tim_ex.c ****     htim->Instance->SMCR &= ~TIM_SMCR_TS;
 5358              		.loc 1 1832 9
 5359 004a FB68     		ldr	r3, [r7, #12]
 5360 004c 1B68     		ldr	r3, [r3]
 5361              		.loc 1 1832 26
 5362 004e 9968     		ldr	r1, [r3, #8]
 5363              		.loc 1 1832 9
 5364 0050 FB68     		ldr	r3, [r7, #12]
 5365 0052 1A68     		ldr	r2, [r3]
 5366              		.loc 1 1832 26
 5367 0054 1F4B     		ldr	r3, .L345+4
 5368 0056 0B40     		ands	r3, r3, r1
 5369 0058 9360     		str	r3, [r2, #8]
1833:HW_Lib/STM32H7/HAL_Lib/STM32H7xx_HAL_Driver/Src/stm32h7xx_hal_tim_ex.c ****     htim->Instance->SMCR |= InputTrigger;
 5370              		.loc 1 1833 9
 5371 005a FB68     		ldr	r3, [r7, #12]
 5372 005c 1B68     		ldr	r3, [r3]
 5373              		.loc 1 1833 26
 5374 005e 9968     		ldr	r1, [r3, #8]
 5375              		.loc 1 1833 9
 5376 0060 FB68     		ldr	r3, [r7, #12]
 5377 0062 1B68     		ldr	r3, [r3]
 5378              		.loc 1 1833 26
 5379 0064 BA68     		ldr	r2, [r7, #8]
 5380 0066 0A43     		orrs	r2, r2, r1
 5381 0068 9A60     		str	r2, [r3, #8]
 5382              	.L344:
ARM GAS  C:\Users\HUAV\AppData\Local\Temp\ccIqAtUa.s 			page 127


1834:HW_Lib/STM32H7/HAL_Lib/STM32H7xx_HAL_Driver/Src/stm32h7xx_hal_tim_ex.c ****   }
1835:HW_Lib/STM32H7/HAL_Lib/STM32H7xx_HAL_Driver/Src/stm32h7xx_hal_tim_ex.c **** 
1836:HW_Lib/STM32H7/HAL_Lib/STM32H7xx_HAL_Driver/Src/stm32h7xx_hal_tim_ex.c ****   /* Select the Capture Compare preload feature */
1837:HW_Lib/STM32H7/HAL_Lib/STM32H7xx_HAL_Driver/Src/stm32h7xx_hal_tim_ex.c ****   htim->Instance->CR2 |= TIM_CR2_CCPC;
 5383              		.loc 1 1837 7
 5384 006a FB68     		ldr	r3, [r7, #12]
 5385 006c 1B68     		ldr	r3, [r3]
 5386              		.loc 1 1837 23
 5387 006e 5A68     		ldr	r2, [r3, #4]
 5388              		.loc 1 1837 7
 5389 0070 FB68     		ldr	r3, [r7, #12]
 5390 0072 1B68     		ldr	r3, [r3]
 5391              		.loc 1 1837 23
 5392 0074 42F00102 		orr	r2, r2, #1
 5393 0078 5A60     		str	r2, [r3, #4]
1838:HW_Lib/STM32H7/HAL_Lib/STM32H7xx_HAL_Driver/Src/stm32h7xx_hal_tim_ex.c ****   /* Select the Commutation event source */
1839:HW_Lib/STM32H7/HAL_Lib/STM32H7xx_HAL_Driver/Src/stm32h7xx_hal_tim_ex.c ****   htim->Instance->CR2 &= ~TIM_CR2_CCUS;
 5394              		.loc 1 1839 7
 5395 007a FB68     		ldr	r3, [r7, #12]
 5396 007c 1B68     		ldr	r3, [r3]
 5397              		.loc 1 1839 23
 5398 007e 5A68     		ldr	r2, [r3, #4]
 5399              		.loc 1 1839 7
 5400 0080 FB68     		ldr	r3, [r7, #12]
 5401 0082 1B68     		ldr	r3, [r3]
 5402              		.loc 1 1839 23
 5403 0084 22F00402 		bic	r2, r2, #4
 5404 0088 5A60     		str	r2, [r3, #4]
1840:HW_Lib/STM32H7/HAL_Lib/STM32H7xx_HAL_Driver/Src/stm32h7xx_hal_tim_ex.c ****   htim->Instance->CR2 |= CommutationSource;
 5405              		.loc 1 1840 7
 5406 008a FB68     		ldr	r3, [r7, #12]
 5407 008c 1B68     		ldr	r3, [r3]
 5408              		.loc 1 1840 23
 5409 008e 5968     		ldr	r1, [r3, #4]
 5410              		.loc 1 1840 7
 5411 0090 FB68     		ldr	r3, [r7, #12]
 5412 0092 1B68     		ldr	r3, [r3]
 5413              		.loc 1 1840 23
 5414 0094 7A68     		ldr	r2, [r7, #4]
 5415 0096 0A43     		orrs	r2, r2, r1
 5416 0098 5A60     		str	r2, [r3, #4]
1841:HW_Lib/STM32H7/HAL_Lib/STM32H7xx_HAL_Driver/Src/stm32h7xx_hal_tim_ex.c **** 
1842:HW_Lib/STM32H7/HAL_Lib/STM32H7xx_HAL_Driver/Src/stm32h7xx_hal_tim_ex.c ****   /* Disable Commutation Interrupt */
1843:HW_Lib/STM32H7/HAL_Lib/STM32H7xx_HAL_Driver/Src/stm32h7xx_hal_tim_ex.c ****   __HAL_TIM_DISABLE_IT(htim, TIM_IT_COM);
 5417              		.loc 1 1843 3
 5418 009a FB68     		ldr	r3, [r7, #12]
 5419 009c 1B68     		ldr	r3, [r3]
 5420 009e DA68     		ldr	r2, [r3, #12]
 5421 00a0 FB68     		ldr	r3, [r7, #12]
 5422 00a2 1B68     		ldr	r3, [r3]
 5423 00a4 22F02002 		bic	r2, r2, #32
 5424 00a8 DA60     		str	r2, [r3, #12]
1844:HW_Lib/STM32H7/HAL_Lib/STM32H7xx_HAL_Driver/Src/stm32h7xx_hal_tim_ex.c **** 
1845:HW_Lib/STM32H7/HAL_Lib/STM32H7xx_HAL_Driver/Src/stm32h7xx_hal_tim_ex.c ****   /* Disable Commutation DMA request */
1846:HW_Lib/STM32H7/HAL_Lib/STM32H7xx_HAL_Driver/Src/stm32h7xx_hal_tim_ex.c ****   __HAL_TIM_DISABLE_DMA(htim, TIM_DMA_COM);
 5425              		.loc 1 1846 3
 5426 00aa FB68     		ldr	r3, [r7, #12]
ARM GAS  C:\Users\HUAV\AppData\Local\Temp\ccIqAtUa.s 			page 128


 5427 00ac 1B68     		ldr	r3, [r3]
 5428 00ae DA68     		ldr	r2, [r3, #12]
 5429 00b0 FB68     		ldr	r3, [r7, #12]
 5430 00b2 1B68     		ldr	r3, [r3]
 5431 00b4 22F40052 		bic	r2, r2, #8192
 5432 00b8 DA60     		str	r2, [r3, #12]
1847:HW_Lib/STM32H7/HAL_Lib/STM32H7xx_HAL_Driver/Src/stm32h7xx_hal_tim_ex.c **** 
1848:HW_Lib/STM32H7/HAL_Lib/STM32H7xx_HAL_Driver/Src/stm32h7xx_hal_tim_ex.c ****   __HAL_UNLOCK(htim);
 5433              		.loc 1 1848 3
 5434 00ba FB68     		ldr	r3, [r7, #12]
 5435 00bc 0022     		movs	r2, #0
 5436 00be 83F83C20 		strb	r2, [r3, #60]
1849:HW_Lib/STM32H7/HAL_Lib/STM32H7xx_HAL_Driver/Src/stm32h7xx_hal_tim_ex.c **** 
1850:HW_Lib/STM32H7/HAL_Lib/STM32H7xx_HAL_Driver/Src/stm32h7xx_hal_tim_ex.c ****   return HAL_OK;
 5437              		.loc 1 1850 10
 5438 00c2 0023     		movs	r3, #0
 5439              	.L342:
1851:HW_Lib/STM32H7/HAL_Lib/STM32H7xx_HAL_Driver/Src/stm32h7xx_hal_tim_ex.c **** }
 5440              		.loc 1 1851 1
 5441 00c4 1846     		mov	r0, r3
 5442 00c6 1437     		adds	r7, r7, #20
 5443              	.LCFI135:
 5444              		.cfi_def_cfa_offset 4
 5445 00c8 BD46     		mov	sp, r7
 5446              	.LCFI136:
 5447              		.cfi_def_cfa_register 13
 5448              		@ sp needed
 5449 00ca 5DF8047B 		ldr	r7, [sp], #4
 5450              	.LCFI137:
 5451              		.cfi_restore 7
 5452              		.cfi_def_cfa_offset 0
 5453 00ce 7047     		bx	lr
 5454              	.L346:
 5455              		.align	2
 5456              	.L345:
 5457 00d0 10002000 		.word	2097168
 5458 00d4 8FFFCFFF 		.word	-3145841
 5459              		.cfi_endproc
 5460              	.LFE359:
 5462              		.section	.text.HAL_TIMEx_ConfigCommutEvent_IT,"ax",%progbits
 5463              		.align	1
 5464              		.global	HAL_TIMEx_ConfigCommutEvent_IT
 5465              		.syntax unified
 5466              		.thumb
 5467              		.thumb_func
 5469              	HAL_TIMEx_ConfigCommutEvent_IT:
 5470              	.LFB360:
1852:HW_Lib/STM32H7/HAL_Lib/STM32H7xx_HAL_Driver/Src/stm32h7xx_hal_tim_ex.c **** 
1853:HW_Lib/STM32H7/HAL_Lib/STM32H7xx_HAL_Driver/Src/stm32h7xx_hal_tim_ex.c **** /**
1854:HW_Lib/STM32H7/HAL_Lib/STM32H7xx_HAL_Driver/Src/stm32h7xx_hal_tim_ex.c ****   * @brief  Configure the TIM commutation event sequence with interrupt.
1855:HW_Lib/STM32H7/HAL_Lib/STM32H7xx_HAL_Driver/Src/stm32h7xx_hal_tim_ex.c ****   * @note  This function is mandatory to use the commutation event in order to
1856:HW_Lib/STM32H7/HAL_Lib/STM32H7xx_HAL_Driver/Src/stm32h7xx_hal_tim_ex.c ****   *        update the configuration at each commutation detection on the TRGI input of the Timer,
1857:HW_Lib/STM32H7/HAL_Lib/STM32H7xx_HAL_Driver/Src/stm32h7xx_hal_tim_ex.c ****   *        the typical use of this feature is with the use of another Timer(interface Timer)
1858:HW_Lib/STM32H7/HAL_Lib/STM32H7xx_HAL_Driver/Src/stm32h7xx_hal_tim_ex.c ****   *        configured in Hall sensor interface, this interface Timer will generate the
1859:HW_Lib/STM32H7/HAL_Lib/STM32H7xx_HAL_Driver/Src/stm32h7xx_hal_tim_ex.c ****   *        commutation at its TRGO output (connected to Timer used in this function) each time
1860:HW_Lib/STM32H7/HAL_Lib/STM32H7xx_HAL_Driver/Src/stm32h7xx_hal_tim_ex.c ****   *        the TI1 of the Interface Timer detect a commutation at its input TI1.
1861:HW_Lib/STM32H7/HAL_Lib/STM32H7xx_HAL_Driver/Src/stm32h7xx_hal_tim_ex.c ****   * @param  htim TIM handle
ARM GAS  C:\Users\HUAV\AppData\Local\Temp\ccIqAtUa.s 			page 129


1862:HW_Lib/STM32H7/HAL_Lib/STM32H7xx_HAL_Driver/Src/stm32h7xx_hal_tim_ex.c ****   * @param  InputTrigger the Internal trigger corresponding to the Timer Interfacing with the Hall 
1863:HW_Lib/STM32H7/HAL_Lib/STM32H7xx_HAL_Driver/Src/stm32h7xx_hal_tim_ex.c ****   *          This parameter can be one of the following values:
1864:HW_Lib/STM32H7/HAL_Lib/STM32H7xx_HAL_Driver/Src/stm32h7xx_hal_tim_ex.c ****   *            @arg TIM_TS_ITR0: Internal trigger 0 selected
1865:HW_Lib/STM32H7/HAL_Lib/STM32H7xx_HAL_Driver/Src/stm32h7xx_hal_tim_ex.c ****   *            @arg TIM_TS_ITR1: Internal trigger 1 selected
1866:HW_Lib/STM32H7/HAL_Lib/STM32H7xx_HAL_Driver/Src/stm32h7xx_hal_tim_ex.c ****   *            @arg TIM_TS_ITR2: Internal trigger 2 selected
1867:HW_Lib/STM32H7/HAL_Lib/STM32H7xx_HAL_Driver/Src/stm32h7xx_hal_tim_ex.c ****   *            @arg TIM_TS_ITR3: Internal trigger 3 selected
1868:HW_Lib/STM32H7/HAL_Lib/STM32H7xx_HAL_Driver/Src/stm32h7xx_hal_tim_ex.c ****   *            @arg TIM_TS_ITR2: Internal trigger 12 selected (*)
1869:HW_Lib/STM32H7/HAL_Lib/STM32H7xx_HAL_Driver/Src/stm32h7xx_hal_tim_ex.c ****   *            @arg TIM_TS_ITR3: Internal trigger 13 selected (*)
1870:HW_Lib/STM32H7/HAL_Lib/STM32H7xx_HAL_Driver/Src/stm32h7xx_hal_tim_ex.c ****   *            @arg TIM_TS_NONE: No trigger is needed
1871:HW_Lib/STM32H7/HAL_Lib/STM32H7xx_HAL_Driver/Src/stm32h7xx_hal_tim_ex.c ****   * @param  CommutationSource the Commutation Event source
1872:HW_Lib/STM32H7/HAL_Lib/STM32H7xx_HAL_Driver/Src/stm32h7xx_hal_tim_ex.c ****   *          This parameter can be one of the following values:
1873:HW_Lib/STM32H7/HAL_Lib/STM32H7xx_HAL_Driver/Src/stm32h7xx_hal_tim_ex.c ****   *            @arg TIM_COMMUTATION_TRGI: Commutation source is the TRGI of the Interface Timer
1874:HW_Lib/STM32H7/HAL_Lib/STM32H7xx_HAL_Driver/Src/stm32h7xx_hal_tim_ex.c ****   *            @arg TIM_COMMUTATION_SOFTWARE:  Commutation source is set by software using the COMG
1875:HW_Lib/STM32H7/HAL_Lib/STM32H7xx_HAL_Driver/Src/stm32h7xx_hal_tim_ex.c ****   * @retval HAL status
1876:HW_Lib/STM32H7/HAL_Lib/STM32H7xx_HAL_Driver/Src/stm32h7xx_hal_tim_ex.c ****   */
1877:HW_Lib/STM32H7/HAL_Lib/STM32H7xx_HAL_Driver/Src/stm32h7xx_hal_tim_ex.c **** HAL_StatusTypeDef HAL_TIMEx_ConfigCommutEvent_IT(TIM_HandleTypeDef *htim, uint32_t  InputTrigger,
1878:HW_Lib/STM32H7/HAL_Lib/STM32H7xx_HAL_Driver/Src/stm32h7xx_hal_tim_ex.c ****                                                  uint32_t  CommutationSource)
1879:HW_Lib/STM32H7/HAL_Lib/STM32H7xx_HAL_Driver/Src/stm32h7xx_hal_tim_ex.c **** {
 5471              		.loc 1 1879 1
 5472              		.cfi_startproc
 5473              		@ args = 0, pretend = 0, frame = 16
 5474              		@ frame_needed = 1, uses_anonymous_args = 0
 5475              		@ link register save eliminated.
 5476 0000 80B4     		push	{r7}
 5477              	.LCFI138:
 5478              		.cfi_def_cfa_offset 4
 5479              		.cfi_offset 7, -4
 5480 0002 85B0     		sub	sp, sp, #20
 5481              	.LCFI139:
 5482              		.cfi_def_cfa_offset 24
 5483 0004 00AF     		add	r7, sp, #0
 5484              	.LCFI140:
 5485              		.cfi_def_cfa_register 7
 5486 0006 F860     		str	r0, [r7, #12]
 5487 0008 B960     		str	r1, [r7, #8]
 5488 000a 7A60     		str	r2, [r7, #4]
1880:HW_Lib/STM32H7/HAL_Lib/STM32H7xx_HAL_Driver/Src/stm32h7xx_hal_tim_ex.c ****   /* Check the parameters */
1881:HW_Lib/STM32H7/HAL_Lib/STM32H7xx_HAL_Driver/Src/stm32h7xx_hal_tim_ex.c ****   assert_param(IS_TIM_COMMUTATION_EVENT_INSTANCE(htim->Instance));
1882:HW_Lib/STM32H7/HAL_Lib/STM32H7xx_HAL_Driver/Src/stm32h7xx_hal_tim_ex.c ****   assert_param(IS_TIM_INTERNAL_TRIGGEREVENT_SELECTION(InputTrigger));
1883:HW_Lib/STM32H7/HAL_Lib/STM32H7xx_HAL_Driver/Src/stm32h7xx_hal_tim_ex.c **** 
1884:HW_Lib/STM32H7/HAL_Lib/STM32H7xx_HAL_Driver/Src/stm32h7xx_hal_tim_ex.c ****   __HAL_LOCK(htim);
 5489              		.loc 1 1884 3
 5490 000c FB68     		ldr	r3, [r7, #12]
 5491 000e 93F83C30 		ldrb	r3, [r3, #60]	@ zero_extendqisi2
 5492 0012 012B     		cmp	r3, #1
 5493 0014 01D1     		bne	.L348
 5494              		.loc 1 1884 3 is_stmt 0 discriminator 1
 5495 0016 0223     		movs	r3, #2
 5496 0018 54E0     		b	.L349
 5497              	.L348:
 5498              		.loc 1 1884 3 discriminator 2
 5499 001a FB68     		ldr	r3, [r7, #12]
 5500 001c 0122     		movs	r2, #1
 5501 001e 83F83C20 		strb	r2, [r3, #60]
1885:HW_Lib/STM32H7/HAL_Lib/STM32H7xx_HAL_Driver/Src/stm32h7xx_hal_tim_ex.c **** 
1886:HW_Lib/STM32H7/HAL_Lib/STM32H7xx_HAL_Driver/Src/stm32h7xx_hal_tim_ex.c ****   if ((InputTrigger == TIM_TS_ITR0)  || (InputTrigger == TIM_TS_ITR1) ||
 5502              		.loc 1 1886 6 is_stmt 1 discriminator 2
ARM GAS  C:\Users\HUAV\AppData\Local\Temp\ccIqAtUa.s 			page 130


 5503 0022 BB68     		ldr	r3, [r7, #8]
 5504 0024 002B     		cmp	r3, #0
 5505 0026 10D0     		beq	.L350
 5506              		.loc 1 1886 38 discriminator 1
 5507 0028 BB68     		ldr	r3, [r7, #8]
 5508 002a 102B     		cmp	r3, #16
 5509 002c 0DD0     		beq	.L350
 5510              		.loc 1 1886 71 discriminator 2
 5511 002e BB68     		ldr	r3, [r7, #8]
 5512 0030 202B     		cmp	r3, #32
 5513 0032 0AD0     		beq	.L350
1887:HW_Lib/STM32H7/HAL_Lib/STM32H7xx_HAL_Driver/Src/stm32h7xx_hal_tim_ex.c ****       (InputTrigger == TIM_TS_ITR2)  || (InputTrigger == TIM_TS_ITR3) ||
 5514              		.loc 1 1887 38
 5515 0034 BB68     		ldr	r3, [r7, #8]
 5516 0036 302B     		cmp	r3, #48
 5517 0038 07D0     		beq	.L350
 5518              		.loc 1 1887 71 discriminator 1
 5519 003a BB68     		ldr	r3, [r7, #8]
 5520 003c B3F5001F 		cmp	r3, #2097152
 5521 0040 03D0     		beq	.L350
1888:HW_Lib/STM32H7/HAL_Lib/STM32H7xx_HAL_Driver/Src/stm32h7xx_hal_tim_ex.c ****       (InputTrigger == TIM_TS_ITR12)  || (InputTrigger == TIM_TS_ITR13))
 5522              		.loc 1 1888 39
 5523 0042 BB68     		ldr	r3, [r7, #8]
 5524 0044 224A     		ldr	r2, .L352
 5525 0046 9342     		cmp	r3, r2
 5526 0048 0FD1     		bne	.L351
 5527              	.L350:
1889:HW_Lib/STM32H7/HAL_Lib/STM32H7xx_HAL_Driver/Src/stm32h7xx_hal_tim_ex.c ****   {
1890:HW_Lib/STM32H7/HAL_Lib/STM32H7xx_HAL_Driver/Src/stm32h7xx_hal_tim_ex.c ****     /* Select the Input trigger */
1891:HW_Lib/STM32H7/HAL_Lib/STM32H7xx_HAL_Driver/Src/stm32h7xx_hal_tim_ex.c ****     htim->Instance->SMCR &= ~TIM_SMCR_TS;
 5528              		.loc 1 1891 9
 5529 004a FB68     		ldr	r3, [r7, #12]
 5530 004c 1B68     		ldr	r3, [r3]
 5531              		.loc 1 1891 26
 5532 004e 9968     		ldr	r1, [r3, #8]
 5533              		.loc 1 1891 9
 5534 0050 FB68     		ldr	r3, [r7, #12]
 5535 0052 1A68     		ldr	r2, [r3]
 5536              		.loc 1 1891 26
 5537 0054 1F4B     		ldr	r3, .L352+4
 5538 0056 0B40     		ands	r3, r3, r1
 5539 0058 9360     		str	r3, [r2, #8]
1892:HW_Lib/STM32H7/HAL_Lib/STM32H7xx_HAL_Driver/Src/stm32h7xx_hal_tim_ex.c ****     htim->Instance->SMCR |= InputTrigger;
 5540              		.loc 1 1892 9
 5541 005a FB68     		ldr	r3, [r7, #12]
 5542 005c 1B68     		ldr	r3, [r3]
 5543              		.loc 1 1892 26
 5544 005e 9968     		ldr	r1, [r3, #8]
 5545              		.loc 1 1892 9
 5546 0060 FB68     		ldr	r3, [r7, #12]
 5547 0062 1B68     		ldr	r3, [r3]
 5548              		.loc 1 1892 26
 5549 0064 BA68     		ldr	r2, [r7, #8]
 5550 0066 0A43     		orrs	r2, r2, r1
 5551 0068 9A60     		str	r2, [r3, #8]
 5552              	.L351:
1893:HW_Lib/STM32H7/HAL_Lib/STM32H7xx_HAL_Driver/Src/stm32h7xx_hal_tim_ex.c ****   }
ARM GAS  C:\Users\HUAV\AppData\Local\Temp\ccIqAtUa.s 			page 131


1894:HW_Lib/STM32H7/HAL_Lib/STM32H7xx_HAL_Driver/Src/stm32h7xx_hal_tim_ex.c **** 
1895:HW_Lib/STM32H7/HAL_Lib/STM32H7xx_HAL_Driver/Src/stm32h7xx_hal_tim_ex.c ****   /* Select the Capture Compare preload feature */
1896:HW_Lib/STM32H7/HAL_Lib/STM32H7xx_HAL_Driver/Src/stm32h7xx_hal_tim_ex.c ****   htim->Instance->CR2 |= TIM_CR2_CCPC;
 5553              		.loc 1 1896 7
 5554 006a FB68     		ldr	r3, [r7, #12]
 5555 006c 1B68     		ldr	r3, [r3]
 5556              		.loc 1 1896 23
 5557 006e 5A68     		ldr	r2, [r3, #4]
 5558              		.loc 1 1896 7
 5559 0070 FB68     		ldr	r3, [r7, #12]
 5560 0072 1B68     		ldr	r3, [r3]
 5561              		.loc 1 1896 23
 5562 0074 42F00102 		orr	r2, r2, #1
 5563 0078 5A60     		str	r2, [r3, #4]
1897:HW_Lib/STM32H7/HAL_Lib/STM32H7xx_HAL_Driver/Src/stm32h7xx_hal_tim_ex.c ****   /* Select the Commutation event source */
1898:HW_Lib/STM32H7/HAL_Lib/STM32H7xx_HAL_Driver/Src/stm32h7xx_hal_tim_ex.c ****   htim->Instance->CR2 &= ~TIM_CR2_CCUS;
 5564              		.loc 1 1898 7
 5565 007a FB68     		ldr	r3, [r7, #12]
 5566 007c 1B68     		ldr	r3, [r3]
 5567              		.loc 1 1898 23
 5568 007e 5A68     		ldr	r2, [r3, #4]
 5569              		.loc 1 1898 7
 5570 0080 FB68     		ldr	r3, [r7, #12]
 5571 0082 1B68     		ldr	r3, [r3]
 5572              		.loc 1 1898 23
 5573 0084 22F00402 		bic	r2, r2, #4
 5574 0088 5A60     		str	r2, [r3, #4]
1899:HW_Lib/STM32H7/HAL_Lib/STM32H7xx_HAL_Driver/Src/stm32h7xx_hal_tim_ex.c ****   htim->Instance->CR2 |= CommutationSource;
 5575              		.loc 1 1899 7
 5576 008a FB68     		ldr	r3, [r7, #12]
 5577 008c 1B68     		ldr	r3, [r3]
 5578              		.loc 1 1899 23
 5579 008e 5968     		ldr	r1, [r3, #4]
 5580              		.loc 1 1899 7
 5581 0090 FB68     		ldr	r3, [r7, #12]
 5582 0092 1B68     		ldr	r3, [r3]
 5583              		.loc 1 1899 23
 5584 0094 7A68     		ldr	r2, [r7, #4]
 5585 0096 0A43     		orrs	r2, r2, r1
 5586 0098 5A60     		str	r2, [r3, #4]
1900:HW_Lib/STM32H7/HAL_Lib/STM32H7xx_HAL_Driver/Src/stm32h7xx_hal_tim_ex.c **** 
1901:HW_Lib/STM32H7/HAL_Lib/STM32H7xx_HAL_Driver/Src/stm32h7xx_hal_tim_ex.c ****   /* Disable Commutation DMA request */
1902:HW_Lib/STM32H7/HAL_Lib/STM32H7xx_HAL_Driver/Src/stm32h7xx_hal_tim_ex.c ****   __HAL_TIM_DISABLE_DMA(htim, TIM_DMA_COM);
 5587              		.loc 1 1902 3
 5588 009a FB68     		ldr	r3, [r7, #12]
 5589 009c 1B68     		ldr	r3, [r3]
 5590 009e DA68     		ldr	r2, [r3, #12]
 5591 00a0 FB68     		ldr	r3, [r7, #12]
 5592 00a2 1B68     		ldr	r3, [r3]
 5593 00a4 22F40052 		bic	r2, r2, #8192
 5594 00a8 DA60     		str	r2, [r3, #12]
1903:HW_Lib/STM32H7/HAL_Lib/STM32H7xx_HAL_Driver/Src/stm32h7xx_hal_tim_ex.c **** 
1904:HW_Lib/STM32H7/HAL_Lib/STM32H7xx_HAL_Driver/Src/stm32h7xx_hal_tim_ex.c ****   /* Enable the Commutation Interrupt */
1905:HW_Lib/STM32H7/HAL_Lib/STM32H7xx_HAL_Driver/Src/stm32h7xx_hal_tim_ex.c ****   __HAL_TIM_ENABLE_IT(htim, TIM_IT_COM);
 5595              		.loc 1 1905 3
 5596 00aa FB68     		ldr	r3, [r7, #12]
 5597 00ac 1B68     		ldr	r3, [r3]
ARM GAS  C:\Users\HUAV\AppData\Local\Temp\ccIqAtUa.s 			page 132


 5598 00ae DA68     		ldr	r2, [r3, #12]
 5599 00b0 FB68     		ldr	r3, [r7, #12]
 5600 00b2 1B68     		ldr	r3, [r3]
 5601 00b4 42F02002 		orr	r2, r2, #32
 5602 00b8 DA60     		str	r2, [r3, #12]
1906:HW_Lib/STM32H7/HAL_Lib/STM32H7xx_HAL_Driver/Src/stm32h7xx_hal_tim_ex.c **** 
1907:HW_Lib/STM32H7/HAL_Lib/STM32H7xx_HAL_Driver/Src/stm32h7xx_hal_tim_ex.c ****   __HAL_UNLOCK(htim);
 5603              		.loc 1 1907 3
 5604 00ba FB68     		ldr	r3, [r7, #12]
 5605 00bc 0022     		movs	r2, #0
 5606 00be 83F83C20 		strb	r2, [r3, #60]
1908:HW_Lib/STM32H7/HAL_Lib/STM32H7xx_HAL_Driver/Src/stm32h7xx_hal_tim_ex.c **** 
1909:HW_Lib/STM32H7/HAL_Lib/STM32H7xx_HAL_Driver/Src/stm32h7xx_hal_tim_ex.c ****   return HAL_OK;
 5607              		.loc 1 1909 10
 5608 00c2 0023     		movs	r3, #0
 5609              	.L349:
1910:HW_Lib/STM32H7/HAL_Lib/STM32H7xx_HAL_Driver/Src/stm32h7xx_hal_tim_ex.c **** }
 5610              		.loc 1 1910 1
 5611 00c4 1846     		mov	r0, r3
 5612 00c6 1437     		adds	r7, r7, #20
 5613              	.LCFI141:
 5614              		.cfi_def_cfa_offset 4
 5615 00c8 BD46     		mov	sp, r7
 5616              	.LCFI142:
 5617              		.cfi_def_cfa_register 13
 5618              		@ sp needed
 5619 00ca 5DF8047B 		ldr	r7, [sp], #4
 5620              	.LCFI143:
 5621              		.cfi_restore 7
 5622              		.cfi_def_cfa_offset 0
 5623 00ce 7047     		bx	lr
 5624              	.L353:
 5625              		.align	2
 5626              	.L352:
 5627 00d0 10002000 		.word	2097168
 5628 00d4 8FFFCFFF 		.word	-3145841
 5629              		.cfi_endproc
 5630              	.LFE360:
 5632              		.section	.text.HAL_TIMEx_ConfigCommutEvent_DMA,"ax",%progbits
 5633              		.align	1
 5634              		.global	HAL_TIMEx_ConfigCommutEvent_DMA
 5635              		.syntax unified
 5636              		.thumb
 5637              		.thumb_func
 5639              	HAL_TIMEx_ConfigCommutEvent_DMA:
 5640              	.LFB361:
1911:HW_Lib/STM32H7/HAL_Lib/STM32H7xx_HAL_Driver/Src/stm32h7xx_hal_tim_ex.c **** 
1912:HW_Lib/STM32H7/HAL_Lib/STM32H7xx_HAL_Driver/Src/stm32h7xx_hal_tim_ex.c **** /**
1913:HW_Lib/STM32H7/HAL_Lib/STM32H7xx_HAL_Driver/Src/stm32h7xx_hal_tim_ex.c ****   * @brief  Configure the TIM commutation event sequence with DMA.
1914:HW_Lib/STM32H7/HAL_Lib/STM32H7xx_HAL_Driver/Src/stm32h7xx_hal_tim_ex.c ****   * @note  This function is mandatory to use the commutation event in order to
1915:HW_Lib/STM32H7/HAL_Lib/STM32H7xx_HAL_Driver/Src/stm32h7xx_hal_tim_ex.c ****   *        update the configuration at each commutation detection on the TRGI input of the Timer,
1916:HW_Lib/STM32H7/HAL_Lib/STM32H7xx_HAL_Driver/Src/stm32h7xx_hal_tim_ex.c ****   *        the typical use of this feature is with the use of another Timer(interface Timer)
1917:HW_Lib/STM32H7/HAL_Lib/STM32H7xx_HAL_Driver/Src/stm32h7xx_hal_tim_ex.c ****   *        configured in Hall sensor interface, this interface Timer will generate the
1918:HW_Lib/STM32H7/HAL_Lib/STM32H7xx_HAL_Driver/Src/stm32h7xx_hal_tim_ex.c ****   *        commutation at its TRGO output (connected to Timer used in this function) each time
1919:HW_Lib/STM32H7/HAL_Lib/STM32H7xx_HAL_Driver/Src/stm32h7xx_hal_tim_ex.c ****   *        the TI1 of the Interface Timer detect a commutation at its input TI1.
1920:HW_Lib/STM32H7/HAL_Lib/STM32H7xx_HAL_Driver/Src/stm32h7xx_hal_tim_ex.c ****   * @note  The user should configure the DMA in his own software, in This function only the COMDE b
1921:HW_Lib/STM32H7/HAL_Lib/STM32H7xx_HAL_Driver/Src/stm32h7xx_hal_tim_ex.c ****   * @param  htim TIM handle
ARM GAS  C:\Users\HUAV\AppData\Local\Temp\ccIqAtUa.s 			page 133


1922:HW_Lib/STM32H7/HAL_Lib/STM32H7xx_HAL_Driver/Src/stm32h7xx_hal_tim_ex.c ****   * @param  InputTrigger the Internal trigger corresponding to the Timer Interfacing with the Hall 
1923:HW_Lib/STM32H7/HAL_Lib/STM32H7xx_HAL_Driver/Src/stm32h7xx_hal_tim_ex.c ****   *          This parameter can be one of the following values:
1924:HW_Lib/STM32H7/HAL_Lib/STM32H7xx_HAL_Driver/Src/stm32h7xx_hal_tim_ex.c ****   *            @arg TIM_TS_ITR0: Internal trigger 0 selected
1925:HW_Lib/STM32H7/HAL_Lib/STM32H7xx_HAL_Driver/Src/stm32h7xx_hal_tim_ex.c ****   *            @arg TIM_TS_ITR1: Internal trigger 1 selected
1926:HW_Lib/STM32H7/HAL_Lib/STM32H7xx_HAL_Driver/Src/stm32h7xx_hal_tim_ex.c ****   *            @arg TIM_TS_ITR2: Internal trigger 2 selected
1927:HW_Lib/STM32H7/HAL_Lib/STM32H7xx_HAL_Driver/Src/stm32h7xx_hal_tim_ex.c ****   *            @arg TIM_TS_ITR3: Internal trigger 3 selected
1928:HW_Lib/STM32H7/HAL_Lib/STM32H7xx_HAL_Driver/Src/stm32h7xx_hal_tim_ex.c ****   *            @arg TIM_TS_ITR2: Internal trigger 12 selected (*)
1929:HW_Lib/STM32H7/HAL_Lib/STM32H7xx_HAL_Driver/Src/stm32h7xx_hal_tim_ex.c ****   *            @arg TIM_TS_ITR3: Internal trigger 13 selected (*)
1930:HW_Lib/STM32H7/HAL_Lib/STM32H7xx_HAL_Driver/Src/stm32h7xx_hal_tim_ex.c ****   *            @arg TIM_TS_NONE: No trigger is needed
1931:HW_Lib/STM32H7/HAL_Lib/STM32H7xx_HAL_Driver/Src/stm32h7xx_hal_tim_ex.c ****   *
1932:HW_Lib/STM32H7/HAL_Lib/STM32H7xx_HAL_Driver/Src/stm32h7xx_hal_tim_ex.c ****   *         (*)  Value not defined in all devices.
1933:HW_Lib/STM32H7/HAL_Lib/STM32H7xx_HAL_Driver/Src/stm32h7xx_hal_tim_ex.c ****   *
1934:HW_Lib/STM32H7/HAL_Lib/STM32H7xx_HAL_Driver/Src/stm32h7xx_hal_tim_ex.c ****   * @param  CommutationSource the Commutation Event source
1935:HW_Lib/STM32H7/HAL_Lib/STM32H7xx_HAL_Driver/Src/stm32h7xx_hal_tim_ex.c ****   *          This parameter can be one of the following values:
1936:HW_Lib/STM32H7/HAL_Lib/STM32H7xx_HAL_Driver/Src/stm32h7xx_hal_tim_ex.c ****   *            @arg TIM_COMMUTATION_TRGI: Commutation source is the TRGI of the Interface Timer
1937:HW_Lib/STM32H7/HAL_Lib/STM32H7xx_HAL_Driver/Src/stm32h7xx_hal_tim_ex.c ****   *            @arg TIM_COMMUTATION_SOFTWARE:  Commutation source is set by software using the COMG
1938:HW_Lib/STM32H7/HAL_Lib/STM32H7xx_HAL_Driver/Src/stm32h7xx_hal_tim_ex.c ****   * @retval HAL status
1939:HW_Lib/STM32H7/HAL_Lib/STM32H7xx_HAL_Driver/Src/stm32h7xx_hal_tim_ex.c ****   */
1940:HW_Lib/STM32H7/HAL_Lib/STM32H7xx_HAL_Driver/Src/stm32h7xx_hal_tim_ex.c **** HAL_StatusTypeDef HAL_TIMEx_ConfigCommutEvent_DMA(TIM_HandleTypeDef *htim, uint32_t  InputTrigger,
1941:HW_Lib/STM32H7/HAL_Lib/STM32H7xx_HAL_Driver/Src/stm32h7xx_hal_tim_ex.c ****                                                   uint32_t  CommutationSource)
1942:HW_Lib/STM32H7/HAL_Lib/STM32H7xx_HAL_Driver/Src/stm32h7xx_hal_tim_ex.c **** {
 5641              		.loc 1 1942 1
 5642              		.cfi_startproc
 5643              		@ args = 0, pretend = 0, frame = 16
 5644              		@ frame_needed = 1, uses_anonymous_args = 0
 5645              		@ link register save eliminated.
 5646 0000 80B4     		push	{r7}
 5647              	.LCFI144:
 5648              		.cfi_def_cfa_offset 4
 5649              		.cfi_offset 7, -4
 5650 0002 85B0     		sub	sp, sp, #20
 5651              	.LCFI145:
 5652              		.cfi_def_cfa_offset 24
 5653 0004 00AF     		add	r7, sp, #0
 5654              	.LCFI146:
 5655              		.cfi_def_cfa_register 7
 5656 0006 F860     		str	r0, [r7, #12]
 5657 0008 B960     		str	r1, [r7, #8]
 5658 000a 7A60     		str	r2, [r7, #4]
1943:HW_Lib/STM32H7/HAL_Lib/STM32H7xx_HAL_Driver/Src/stm32h7xx_hal_tim_ex.c ****   /* Check the parameters */
1944:HW_Lib/STM32H7/HAL_Lib/STM32H7xx_HAL_Driver/Src/stm32h7xx_hal_tim_ex.c ****   assert_param(IS_TIM_COMMUTATION_EVENT_INSTANCE(htim->Instance));
1945:HW_Lib/STM32H7/HAL_Lib/STM32H7xx_HAL_Driver/Src/stm32h7xx_hal_tim_ex.c ****   assert_param(IS_TIM_INTERNAL_TRIGGEREVENT_SELECTION(InputTrigger));
1946:HW_Lib/STM32H7/HAL_Lib/STM32H7xx_HAL_Driver/Src/stm32h7xx_hal_tim_ex.c **** 
1947:HW_Lib/STM32H7/HAL_Lib/STM32H7xx_HAL_Driver/Src/stm32h7xx_hal_tim_ex.c ****   __HAL_LOCK(htim);
 5659              		.loc 1 1947 3
 5660 000c FB68     		ldr	r3, [r7, #12]
 5661 000e 93F83C30 		ldrb	r3, [r3, #60]	@ zero_extendqisi2
 5662 0012 012B     		cmp	r3, #1
 5663 0014 01D1     		bne	.L355
 5664              		.loc 1 1947 3 is_stmt 0 discriminator 1
 5665 0016 0223     		movs	r3, #2
 5666 0018 60E0     		b	.L356
 5667              	.L355:
 5668              		.loc 1 1947 3 discriminator 2
 5669 001a FB68     		ldr	r3, [r7, #12]
 5670 001c 0122     		movs	r2, #1
 5671 001e 83F83C20 		strb	r2, [r3, #60]
ARM GAS  C:\Users\HUAV\AppData\Local\Temp\ccIqAtUa.s 			page 134


1948:HW_Lib/STM32H7/HAL_Lib/STM32H7xx_HAL_Driver/Src/stm32h7xx_hal_tim_ex.c **** 
1949:HW_Lib/STM32H7/HAL_Lib/STM32H7xx_HAL_Driver/Src/stm32h7xx_hal_tim_ex.c ****   if ((InputTrigger == TIM_TS_ITR0)  || (InputTrigger == TIM_TS_ITR1) ||
 5672              		.loc 1 1949 6 is_stmt 1 discriminator 2
 5673 0022 BB68     		ldr	r3, [r7, #8]
 5674 0024 002B     		cmp	r3, #0
 5675 0026 10D0     		beq	.L357
 5676              		.loc 1 1949 38 discriminator 1
 5677 0028 BB68     		ldr	r3, [r7, #8]
 5678 002a 102B     		cmp	r3, #16
 5679 002c 0DD0     		beq	.L357
 5680              		.loc 1 1949 71 discriminator 2
 5681 002e BB68     		ldr	r3, [r7, #8]
 5682 0030 202B     		cmp	r3, #32
 5683 0032 0AD0     		beq	.L357
1950:HW_Lib/STM32H7/HAL_Lib/STM32H7xx_HAL_Driver/Src/stm32h7xx_hal_tim_ex.c ****       (InputTrigger == TIM_TS_ITR2)  || (InputTrigger == TIM_TS_ITR3) ||
 5684              		.loc 1 1950 38
 5685 0034 BB68     		ldr	r3, [r7, #8]
 5686 0036 302B     		cmp	r3, #48
 5687 0038 07D0     		beq	.L357
 5688              		.loc 1 1950 71 discriminator 1
 5689 003a BB68     		ldr	r3, [r7, #8]
 5690 003c B3F5001F 		cmp	r3, #2097152
 5691 0040 03D0     		beq	.L357
1951:HW_Lib/STM32H7/HAL_Lib/STM32H7xx_HAL_Driver/Src/stm32h7xx_hal_tim_ex.c ****       (InputTrigger == TIM_TS_ITR12)  || (InputTrigger == TIM_TS_ITR13))
 5692              		.loc 1 1951 39
 5693 0042 BB68     		ldr	r3, [r7, #8]
 5694 0044 284A     		ldr	r2, .L359
 5695 0046 9342     		cmp	r3, r2
 5696 0048 0FD1     		bne	.L358
 5697              	.L357:
1952:HW_Lib/STM32H7/HAL_Lib/STM32H7xx_HAL_Driver/Src/stm32h7xx_hal_tim_ex.c ****   {
1953:HW_Lib/STM32H7/HAL_Lib/STM32H7xx_HAL_Driver/Src/stm32h7xx_hal_tim_ex.c ****     /* Select the Input trigger */
1954:HW_Lib/STM32H7/HAL_Lib/STM32H7xx_HAL_Driver/Src/stm32h7xx_hal_tim_ex.c ****     htim->Instance->SMCR &= ~TIM_SMCR_TS;
 5698              		.loc 1 1954 9
 5699 004a FB68     		ldr	r3, [r7, #12]
 5700 004c 1B68     		ldr	r3, [r3]
 5701              		.loc 1 1954 26
 5702 004e 9968     		ldr	r1, [r3, #8]
 5703              		.loc 1 1954 9
 5704 0050 FB68     		ldr	r3, [r7, #12]
 5705 0052 1A68     		ldr	r2, [r3]
 5706              		.loc 1 1954 26
 5707 0054 254B     		ldr	r3, .L359+4
 5708 0056 0B40     		ands	r3, r3, r1
 5709 0058 9360     		str	r3, [r2, #8]
1955:HW_Lib/STM32H7/HAL_Lib/STM32H7xx_HAL_Driver/Src/stm32h7xx_hal_tim_ex.c ****     htim->Instance->SMCR |= InputTrigger;
 5710              		.loc 1 1955 9
 5711 005a FB68     		ldr	r3, [r7, #12]
 5712 005c 1B68     		ldr	r3, [r3]
 5713              		.loc 1 1955 26
 5714 005e 9968     		ldr	r1, [r3, #8]
 5715              		.loc 1 1955 9
 5716 0060 FB68     		ldr	r3, [r7, #12]
 5717 0062 1B68     		ldr	r3, [r3]
 5718              		.loc 1 1955 26
 5719 0064 BA68     		ldr	r2, [r7, #8]
 5720 0066 0A43     		orrs	r2, r2, r1
ARM GAS  C:\Users\HUAV\AppData\Local\Temp\ccIqAtUa.s 			page 135


 5721 0068 9A60     		str	r2, [r3, #8]
 5722              	.L358:
1956:HW_Lib/STM32H7/HAL_Lib/STM32H7xx_HAL_Driver/Src/stm32h7xx_hal_tim_ex.c ****   }
1957:HW_Lib/STM32H7/HAL_Lib/STM32H7xx_HAL_Driver/Src/stm32h7xx_hal_tim_ex.c **** 
1958:HW_Lib/STM32H7/HAL_Lib/STM32H7xx_HAL_Driver/Src/stm32h7xx_hal_tim_ex.c ****   /* Select the Capture Compare preload feature */
1959:HW_Lib/STM32H7/HAL_Lib/STM32H7xx_HAL_Driver/Src/stm32h7xx_hal_tim_ex.c ****   htim->Instance->CR2 |= TIM_CR2_CCPC;
 5723              		.loc 1 1959 7
 5724 006a FB68     		ldr	r3, [r7, #12]
 5725 006c 1B68     		ldr	r3, [r3]
 5726              		.loc 1 1959 23
 5727 006e 5A68     		ldr	r2, [r3, #4]
 5728              		.loc 1 1959 7
 5729 0070 FB68     		ldr	r3, [r7, #12]
 5730 0072 1B68     		ldr	r3, [r3]
 5731              		.loc 1 1959 23
 5732 0074 42F00102 		orr	r2, r2, #1
 5733 0078 5A60     		str	r2, [r3, #4]
1960:HW_Lib/STM32H7/HAL_Lib/STM32H7xx_HAL_Driver/Src/stm32h7xx_hal_tim_ex.c ****   /* Select the Commutation event source */
1961:HW_Lib/STM32H7/HAL_Lib/STM32H7xx_HAL_Driver/Src/stm32h7xx_hal_tim_ex.c ****   htim->Instance->CR2 &= ~TIM_CR2_CCUS;
 5734              		.loc 1 1961 7
 5735 007a FB68     		ldr	r3, [r7, #12]
 5736 007c 1B68     		ldr	r3, [r3]
 5737              		.loc 1 1961 23
 5738 007e 5A68     		ldr	r2, [r3, #4]
 5739              		.loc 1 1961 7
 5740 0080 FB68     		ldr	r3, [r7, #12]
 5741 0082 1B68     		ldr	r3, [r3]
 5742              		.loc 1 1961 23
 5743 0084 22F00402 		bic	r2, r2, #4
 5744 0088 5A60     		str	r2, [r3, #4]
1962:HW_Lib/STM32H7/HAL_Lib/STM32H7xx_HAL_Driver/Src/stm32h7xx_hal_tim_ex.c ****   htim->Instance->CR2 |= CommutationSource;
 5745              		.loc 1 1962 7
 5746 008a FB68     		ldr	r3, [r7, #12]
 5747 008c 1B68     		ldr	r3, [r3]
 5748              		.loc 1 1962 23
 5749 008e 5968     		ldr	r1, [r3, #4]
 5750              		.loc 1 1962 7
 5751 0090 FB68     		ldr	r3, [r7, #12]
 5752 0092 1B68     		ldr	r3, [r3]
 5753              		.loc 1 1962 23
 5754 0094 7A68     		ldr	r2, [r7, #4]
 5755 0096 0A43     		orrs	r2, r2, r1
 5756 0098 5A60     		str	r2, [r3, #4]
1963:HW_Lib/STM32H7/HAL_Lib/STM32H7xx_HAL_Driver/Src/stm32h7xx_hal_tim_ex.c **** 
1964:HW_Lib/STM32H7/HAL_Lib/STM32H7xx_HAL_Driver/Src/stm32h7xx_hal_tim_ex.c ****   /* Enable the Commutation DMA Request */
1965:HW_Lib/STM32H7/HAL_Lib/STM32H7xx_HAL_Driver/Src/stm32h7xx_hal_tim_ex.c ****   /* Set the DMA Commutation Callback */
1966:HW_Lib/STM32H7/HAL_Lib/STM32H7xx_HAL_Driver/Src/stm32h7xx_hal_tim_ex.c ****   htim->hdma[TIM_DMA_ID_COMMUTATION]->XferCpltCallback = TIMEx_DMACommutationCplt;
 5757              		.loc 1 1966 13
 5758 009a FB68     		ldr	r3, [r7, #12]
 5759 009c 5B6B     		ldr	r3, [r3, #52]
 5760              		.loc 1 1966 56
 5761 009e 144A     		ldr	r2, .L359+8
 5762 00a0 DA63     		str	r2, [r3, #60]
1967:HW_Lib/STM32H7/HAL_Lib/STM32H7xx_HAL_Driver/Src/stm32h7xx_hal_tim_ex.c ****   htim->hdma[TIM_DMA_ID_COMMUTATION]->XferHalfCpltCallback = TIMEx_DMACommutationHalfCplt;
 5763              		.loc 1 1967 13
 5764 00a2 FB68     		ldr	r3, [r7, #12]
 5765 00a4 5B6B     		ldr	r3, [r3, #52]
ARM GAS  C:\Users\HUAV\AppData\Local\Temp\ccIqAtUa.s 			page 136


 5766              		.loc 1 1967 60
 5767 00a6 134A     		ldr	r2, .L359+12
 5768 00a8 1A64     		str	r2, [r3, #64]
1968:HW_Lib/STM32H7/HAL_Lib/STM32H7xx_HAL_Driver/Src/stm32h7xx_hal_tim_ex.c ****   /* Set the DMA error callback */
1969:HW_Lib/STM32H7/HAL_Lib/STM32H7xx_HAL_Driver/Src/stm32h7xx_hal_tim_ex.c ****   htim->hdma[TIM_DMA_ID_COMMUTATION]->XferErrorCallback = TIM_DMAError;
 5769              		.loc 1 1969 13
 5770 00aa FB68     		ldr	r3, [r7, #12]
 5771 00ac 5B6B     		ldr	r3, [r3, #52]
 5772              		.loc 1 1969 57
 5773 00ae 124A     		ldr	r2, .L359+16
 5774 00b0 DA64     		str	r2, [r3, #76]
1970:HW_Lib/STM32H7/HAL_Lib/STM32H7xx_HAL_Driver/Src/stm32h7xx_hal_tim_ex.c **** 
1971:HW_Lib/STM32H7/HAL_Lib/STM32H7xx_HAL_Driver/Src/stm32h7xx_hal_tim_ex.c ****   /* Disable Commutation Interrupt */
1972:HW_Lib/STM32H7/HAL_Lib/STM32H7xx_HAL_Driver/Src/stm32h7xx_hal_tim_ex.c ****   __HAL_TIM_DISABLE_IT(htim, TIM_IT_COM);
 5775              		.loc 1 1972 3
 5776 00b2 FB68     		ldr	r3, [r7, #12]
 5777 00b4 1B68     		ldr	r3, [r3]
 5778 00b6 DA68     		ldr	r2, [r3, #12]
 5779 00b8 FB68     		ldr	r3, [r7, #12]
 5780 00ba 1B68     		ldr	r3, [r3]
 5781 00bc 22F02002 		bic	r2, r2, #32
 5782 00c0 DA60     		str	r2, [r3, #12]
1973:HW_Lib/STM32H7/HAL_Lib/STM32H7xx_HAL_Driver/Src/stm32h7xx_hal_tim_ex.c **** 
1974:HW_Lib/STM32H7/HAL_Lib/STM32H7xx_HAL_Driver/Src/stm32h7xx_hal_tim_ex.c ****   /* Enable the Commutation DMA Request */
1975:HW_Lib/STM32H7/HAL_Lib/STM32H7xx_HAL_Driver/Src/stm32h7xx_hal_tim_ex.c ****   __HAL_TIM_ENABLE_DMA(htim, TIM_DMA_COM);
 5783              		.loc 1 1975 3
 5784 00c2 FB68     		ldr	r3, [r7, #12]
 5785 00c4 1B68     		ldr	r3, [r3]
 5786 00c6 DA68     		ldr	r2, [r3, #12]
 5787 00c8 FB68     		ldr	r3, [r7, #12]
 5788 00ca 1B68     		ldr	r3, [r3]
 5789 00cc 42F40052 		orr	r2, r2, #8192
 5790 00d0 DA60     		str	r2, [r3, #12]
1976:HW_Lib/STM32H7/HAL_Lib/STM32H7xx_HAL_Driver/Src/stm32h7xx_hal_tim_ex.c **** 
1977:HW_Lib/STM32H7/HAL_Lib/STM32H7xx_HAL_Driver/Src/stm32h7xx_hal_tim_ex.c ****   __HAL_UNLOCK(htim);
 5791              		.loc 1 1977 3
 5792 00d2 FB68     		ldr	r3, [r7, #12]
 5793 00d4 0022     		movs	r2, #0
 5794 00d6 83F83C20 		strb	r2, [r3, #60]
1978:HW_Lib/STM32H7/HAL_Lib/STM32H7xx_HAL_Driver/Src/stm32h7xx_hal_tim_ex.c **** 
1979:HW_Lib/STM32H7/HAL_Lib/STM32H7xx_HAL_Driver/Src/stm32h7xx_hal_tim_ex.c ****   return HAL_OK;
 5795              		.loc 1 1979 10
 5796 00da 0023     		movs	r3, #0
 5797              	.L356:
1980:HW_Lib/STM32H7/HAL_Lib/STM32H7xx_HAL_Driver/Src/stm32h7xx_hal_tim_ex.c **** }
 5798              		.loc 1 1980 1
 5799 00dc 1846     		mov	r0, r3
 5800 00de 1437     		adds	r7, r7, #20
 5801              	.LCFI147:
 5802              		.cfi_def_cfa_offset 4
 5803 00e0 BD46     		mov	sp, r7
 5804              	.LCFI148:
 5805              		.cfi_def_cfa_register 13
 5806              		@ sp needed
 5807 00e2 5DF8047B 		ldr	r7, [sp], #4
 5808              	.LCFI149:
 5809              		.cfi_restore 7
ARM GAS  C:\Users\HUAV\AppData\Local\Temp\ccIqAtUa.s 			page 137


 5810              		.cfi_def_cfa_offset 0
 5811 00e6 7047     		bx	lr
 5812              	.L360:
 5813              		.align	2
 5814              	.L359:
 5815 00e8 10002000 		.word	2097168
 5816 00ec 8FFFCFFF 		.word	-3145841
 5817 00f0 00000000 		.word	TIMEx_DMACommutationCplt
 5818 00f4 00000000 		.word	TIMEx_DMACommutationHalfCplt
 5819 00f8 00000000 		.word	TIM_DMAError
 5820              		.cfi_endproc
 5821              	.LFE361:
 5823              		.section	.text.HAL_TIMEx_MasterConfigSynchronization,"ax",%progbits
 5824              		.align	1
 5825              		.global	HAL_TIMEx_MasterConfigSynchronization
 5826              		.syntax unified
 5827              		.thumb
 5828              		.thumb_func
 5830              	HAL_TIMEx_MasterConfigSynchronization:
 5831              	.LFB362:
1981:HW_Lib/STM32H7/HAL_Lib/STM32H7xx_HAL_Driver/Src/stm32h7xx_hal_tim_ex.c **** 
1982:HW_Lib/STM32H7/HAL_Lib/STM32H7xx_HAL_Driver/Src/stm32h7xx_hal_tim_ex.c **** /**
1983:HW_Lib/STM32H7/HAL_Lib/STM32H7xx_HAL_Driver/Src/stm32h7xx_hal_tim_ex.c ****   * @brief  Configures the TIM in master mode.
1984:HW_Lib/STM32H7/HAL_Lib/STM32H7xx_HAL_Driver/Src/stm32h7xx_hal_tim_ex.c ****   * @param  htim TIM handle.
1985:HW_Lib/STM32H7/HAL_Lib/STM32H7xx_HAL_Driver/Src/stm32h7xx_hal_tim_ex.c ****   * @param  sMasterConfig pointer to a TIM_MasterConfigTypeDef structure that
1986:HW_Lib/STM32H7/HAL_Lib/STM32H7xx_HAL_Driver/Src/stm32h7xx_hal_tim_ex.c ****   *         contains the selected trigger output (TRGO) and the Master/Slave
1987:HW_Lib/STM32H7/HAL_Lib/STM32H7xx_HAL_Driver/Src/stm32h7xx_hal_tim_ex.c ****   *         mode.
1988:HW_Lib/STM32H7/HAL_Lib/STM32H7xx_HAL_Driver/Src/stm32h7xx_hal_tim_ex.c ****   * @retval HAL status
1989:HW_Lib/STM32H7/HAL_Lib/STM32H7xx_HAL_Driver/Src/stm32h7xx_hal_tim_ex.c ****   */
1990:HW_Lib/STM32H7/HAL_Lib/STM32H7xx_HAL_Driver/Src/stm32h7xx_hal_tim_ex.c **** HAL_StatusTypeDef HAL_TIMEx_MasterConfigSynchronization(TIM_HandleTypeDef *htim,
1991:HW_Lib/STM32H7/HAL_Lib/STM32H7xx_HAL_Driver/Src/stm32h7xx_hal_tim_ex.c ****                                                         TIM_MasterConfigTypeDef *sMasterConfig)
1992:HW_Lib/STM32H7/HAL_Lib/STM32H7xx_HAL_Driver/Src/stm32h7xx_hal_tim_ex.c **** {
 5832              		.loc 1 1992 1
 5833              		.cfi_startproc
 5834              		@ args = 0, pretend = 0, frame = 16
 5835              		@ frame_needed = 1, uses_anonymous_args = 0
 5836              		@ link register save eliminated.
 5837 0000 80B4     		push	{r7}
 5838              	.LCFI150:
 5839              		.cfi_def_cfa_offset 4
 5840              		.cfi_offset 7, -4
 5841 0002 85B0     		sub	sp, sp, #20
 5842              	.LCFI151:
 5843              		.cfi_def_cfa_offset 24
 5844 0004 00AF     		add	r7, sp, #0
 5845              	.LCFI152:
 5846              		.cfi_def_cfa_register 7
 5847 0006 7860     		str	r0, [r7, #4]
 5848 0008 3960     		str	r1, [r7]
1993:HW_Lib/STM32H7/HAL_Lib/STM32H7xx_HAL_Driver/Src/stm32h7xx_hal_tim_ex.c ****   uint32_t tmpcr2;
1994:HW_Lib/STM32H7/HAL_Lib/STM32H7xx_HAL_Driver/Src/stm32h7xx_hal_tim_ex.c ****   uint32_t tmpsmcr;
1995:HW_Lib/STM32H7/HAL_Lib/STM32H7xx_HAL_Driver/Src/stm32h7xx_hal_tim_ex.c **** 
1996:HW_Lib/STM32H7/HAL_Lib/STM32H7xx_HAL_Driver/Src/stm32h7xx_hal_tim_ex.c ****   /* Check the parameters */
1997:HW_Lib/STM32H7/HAL_Lib/STM32H7xx_HAL_Driver/Src/stm32h7xx_hal_tim_ex.c ****   assert_param(IS_TIM_MASTER_INSTANCE(htim->Instance));
1998:HW_Lib/STM32H7/HAL_Lib/STM32H7xx_HAL_Driver/Src/stm32h7xx_hal_tim_ex.c ****   assert_param(IS_TIM_TRGO_SOURCE(sMasterConfig->MasterOutputTrigger));
1999:HW_Lib/STM32H7/HAL_Lib/STM32H7xx_HAL_Driver/Src/stm32h7xx_hal_tim_ex.c ****   assert_param(IS_TIM_MSM_STATE(sMasterConfig->MasterSlaveMode));
2000:HW_Lib/STM32H7/HAL_Lib/STM32H7xx_HAL_Driver/Src/stm32h7xx_hal_tim_ex.c **** 
ARM GAS  C:\Users\HUAV\AppData\Local\Temp\ccIqAtUa.s 			page 138


2001:HW_Lib/STM32H7/HAL_Lib/STM32H7xx_HAL_Driver/Src/stm32h7xx_hal_tim_ex.c ****   /* Check input state */
2002:HW_Lib/STM32H7/HAL_Lib/STM32H7xx_HAL_Driver/Src/stm32h7xx_hal_tim_ex.c ****   __HAL_LOCK(htim);
 5849              		.loc 1 2002 3
 5850 000a 7B68     		ldr	r3, [r7, #4]
 5851 000c 93F83C30 		ldrb	r3, [r3, #60]	@ zero_extendqisi2
 5852 0010 012B     		cmp	r3, #1
 5853 0012 01D1     		bne	.L362
 5854              		.loc 1 2002 3 is_stmt 0 discriminator 1
 5855 0014 0223     		movs	r3, #2
 5856 0016 6DE0     		b	.L363
 5857              	.L362:
 5858              		.loc 1 2002 3 discriminator 2
 5859 0018 7B68     		ldr	r3, [r7, #4]
 5860 001a 0122     		movs	r2, #1
 5861 001c 83F83C20 		strb	r2, [r3, #60]
2003:HW_Lib/STM32H7/HAL_Lib/STM32H7xx_HAL_Driver/Src/stm32h7xx_hal_tim_ex.c **** 
2004:HW_Lib/STM32H7/HAL_Lib/STM32H7xx_HAL_Driver/Src/stm32h7xx_hal_tim_ex.c ****   /* Change the handler state */
2005:HW_Lib/STM32H7/HAL_Lib/STM32H7xx_HAL_Driver/Src/stm32h7xx_hal_tim_ex.c ****   htim->State = HAL_TIM_STATE_BUSY;
 5862              		.loc 1 2005 15 is_stmt 1 discriminator 2
 5863 0020 7B68     		ldr	r3, [r7, #4]
 5864 0022 0222     		movs	r2, #2
 5865 0024 83F83D20 		strb	r2, [r3, #61]
2006:HW_Lib/STM32H7/HAL_Lib/STM32H7xx_HAL_Driver/Src/stm32h7xx_hal_tim_ex.c **** 
2007:HW_Lib/STM32H7/HAL_Lib/STM32H7xx_HAL_Driver/Src/stm32h7xx_hal_tim_ex.c ****   /* Get the TIMx CR2 register value */
2008:HW_Lib/STM32H7/HAL_Lib/STM32H7xx_HAL_Driver/Src/stm32h7xx_hal_tim_ex.c ****   tmpcr2 = htim->Instance->CR2;
 5866              		.loc 1 2008 16 discriminator 2
 5867 0028 7B68     		ldr	r3, [r7, #4]
 5868 002a 1B68     		ldr	r3, [r3]
 5869              		.loc 1 2008 10 discriminator 2
 5870 002c 5B68     		ldr	r3, [r3, #4]
 5871 002e FB60     		str	r3, [r7, #12]
2009:HW_Lib/STM32H7/HAL_Lib/STM32H7xx_HAL_Driver/Src/stm32h7xx_hal_tim_ex.c **** 
2010:HW_Lib/STM32H7/HAL_Lib/STM32H7xx_HAL_Driver/Src/stm32h7xx_hal_tim_ex.c ****   /* Get the TIMx SMCR register value */
2011:HW_Lib/STM32H7/HAL_Lib/STM32H7xx_HAL_Driver/Src/stm32h7xx_hal_tim_ex.c ****   tmpsmcr = htim->Instance->SMCR;
 5872              		.loc 1 2011 17 discriminator 2
 5873 0030 7B68     		ldr	r3, [r7, #4]
 5874 0032 1B68     		ldr	r3, [r3]
 5875              		.loc 1 2011 11 discriminator 2
 5876 0034 9B68     		ldr	r3, [r3, #8]
 5877 0036 BB60     		str	r3, [r7, #8]
2012:HW_Lib/STM32H7/HAL_Lib/STM32H7xx_HAL_Driver/Src/stm32h7xx_hal_tim_ex.c **** 
2013:HW_Lib/STM32H7/HAL_Lib/STM32H7xx_HAL_Driver/Src/stm32h7xx_hal_tim_ex.c ****   /* If the timer supports ADC synchronization through TRGO2, set the master mode selection 2 */
2014:HW_Lib/STM32H7/HAL_Lib/STM32H7xx_HAL_Driver/Src/stm32h7xx_hal_tim_ex.c ****   if (IS_TIM_TRGO2_INSTANCE(htim->Instance))
 5878              		.loc 1 2014 7 discriminator 2
 5879 0038 7B68     		ldr	r3, [r7, #4]
 5880 003a 1B68     		ldr	r3, [r3]
 5881              		.loc 1 2014 6 discriminator 2
 5882 003c 304A     		ldr	r2, .L368
 5883 003e 9342     		cmp	r3, r2
 5884 0040 04D0     		beq	.L364
 5885              		.loc 1 2014 7 discriminator 1
 5886 0042 7B68     		ldr	r3, [r7, #4]
 5887 0044 1B68     		ldr	r3, [r3]
 5888 0046 2F4A     		ldr	r2, .L368+4
 5889 0048 9342     		cmp	r3, r2
 5890 004a 08D1     		bne	.L365
 5891              	.L364:
ARM GAS  C:\Users\HUAV\AppData\Local\Temp\ccIqAtUa.s 			page 139


2015:HW_Lib/STM32H7/HAL_Lib/STM32H7xx_HAL_Driver/Src/stm32h7xx_hal_tim_ex.c ****   {
2016:HW_Lib/STM32H7/HAL_Lib/STM32H7xx_HAL_Driver/Src/stm32h7xx_hal_tim_ex.c ****     /* Check the parameters */
2017:HW_Lib/STM32H7/HAL_Lib/STM32H7xx_HAL_Driver/Src/stm32h7xx_hal_tim_ex.c ****     assert_param(IS_TIM_TRGO2_SOURCE(sMasterConfig->MasterOutputTrigger2));
2018:HW_Lib/STM32H7/HAL_Lib/STM32H7xx_HAL_Driver/Src/stm32h7xx_hal_tim_ex.c **** 
2019:HW_Lib/STM32H7/HAL_Lib/STM32H7xx_HAL_Driver/Src/stm32h7xx_hal_tim_ex.c ****     /* Clear the MMS2 bits */
2020:HW_Lib/STM32H7/HAL_Lib/STM32H7xx_HAL_Driver/Src/stm32h7xx_hal_tim_ex.c ****     tmpcr2 &= ~TIM_CR2_MMS2;
 5892              		.loc 1 2020 12
 5893 004c FB68     		ldr	r3, [r7, #12]
 5894 004e 23F47003 		bic	r3, r3, #15728640
 5895 0052 FB60     		str	r3, [r7, #12]
2021:HW_Lib/STM32H7/HAL_Lib/STM32H7xx_HAL_Driver/Src/stm32h7xx_hal_tim_ex.c ****     /* Select the TRGO2 source*/
2022:HW_Lib/STM32H7/HAL_Lib/STM32H7xx_HAL_Driver/Src/stm32h7xx_hal_tim_ex.c ****     tmpcr2 |= sMasterConfig->MasterOutputTrigger2;
 5896              		.loc 1 2022 28
 5897 0054 3B68     		ldr	r3, [r7]
 5898 0056 5B68     		ldr	r3, [r3, #4]
 5899              		.loc 1 2022 12
 5900 0058 FA68     		ldr	r2, [r7, #12]
 5901 005a 1343     		orrs	r3, r3, r2
 5902 005c FB60     		str	r3, [r7, #12]
 5903              	.L365:
2023:HW_Lib/STM32H7/HAL_Lib/STM32H7xx_HAL_Driver/Src/stm32h7xx_hal_tim_ex.c ****   }
2024:HW_Lib/STM32H7/HAL_Lib/STM32H7xx_HAL_Driver/Src/stm32h7xx_hal_tim_ex.c **** 
2025:HW_Lib/STM32H7/HAL_Lib/STM32H7xx_HAL_Driver/Src/stm32h7xx_hal_tim_ex.c ****   /* Reset the MMS Bits */
2026:HW_Lib/STM32H7/HAL_Lib/STM32H7xx_HAL_Driver/Src/stm32h7xx_hal_tim_ex.c ****   tmpcr2 &= ~TIM_CR2_MMS;
 5904              		.loc 1 2026 10
 5905 005e FB68     		ldr	r3, [r7, #12]
 5906 0060 23F07003 		bic	r3, r3, #112
 5907 0064 FB60     		str	r3, [r7, #12]
2027:HW_Lib/STM32H7/HAL_Lib/STM32H7xx_HAL_Driver/Src/stm32h7xx_hal_tim_ex.c ****   /* Select the TRGO source */
2028:HW_Lib/STM32H7/HAL_Lib/STM32H7xx_HAL_Driver/Src/stm32h7xx_hal_tim_ex.c ****   tmpcr2 |=  sMasterConfig->MasterOutputTrigger;
 5908              		.loc 1 2028 27
 5909 0066 3B68     		ldr	r3, [r7]
 5910 0068 1B68     		ldr	r3, [r3]
 5911              		.loc 1 2028 10
 5912 006a FA68     		ldr	r2, [r7, #12]
 5913 006c 1343     		orrs	r3, r3, r2
 5914 006e FB60     		str	r3, [r7, #12]
2029:HW_Lib/STM32H7/HAL_Lib/STM32H7xx_HAL_Driver/Src/stm32h7xx_hal_tim_ex.c **** 
2030:HW_Lib/STM32H7/HAL_Lib/STM32H7xx_HAL_Driver/Src/stm32h7xx_hal_tim_ex.c ****   /* Update TIMx CR2 */
2031:HW_Lib/STM32H7/HAL_Lib/STM32H7xx_HAL_Driver/Src/stm32h7xx_hal_tim_ex.c ****   htim->Instance->CR2 = tmpcr2;
 5915              		.loc 1 2031 7
 5916 0070 7B68     		ldr	r3, [r7, #4]
 5917 0072 1B68     		ldr	r3, [r3]
 5918              		.loc 1 2031 23
 5919 0074 FA68     		ldr	r2, [r7, #12]
 5920 0076 5A60     		str	r2, [r3, #4]
2032:HW_Lib/STM32H7/HAL_Lib/STM32H7xx_HAL_Driver/Src/stm32h7xx_hal_tim_ex.c **** 
2033:HW_Lib/STM32H7/HAL_Lib/STM32H7xx_HAL_Driver/Src/stm32h7xx_hal_tim_ex.c ****   if (IS_TIM_SLAVE_INSTANCE(htim->Instance))
 5921              		.loc 1 2033 7
 5922 0078 7B68     		ldr	r3, [r7, #4]
 5923 007a 1B68     		ldr	r3, [r3]
 5924              		.loc 1 2033 6
 5925 007c 204A     		ldr	r2, .L368
 5926 007e 9342     		cmp	r3, r2
 5927 0080 22D0     		beq	.L366
 5928              		.loc 1 2033 7 discriminator 1
 5929 0082 7B68     		ldr	r3, [r7, #4]
ARM GAS  C:\Users\HUAV\AppData\Local\Temp\ccIqAtUa.s 			page 140


 5930 0084 1B68     		ldr	r3, [r3]
 5931 0086 B3F1804F 		cmp	r3, #1073741824
 5932 008a 1DD0     		beq	.L366
 5933              		.loc 1 2033 7 is_stmt 0 discriminator 2
 5934 008c 7B68     		ldr	r3, [r7, #4]
 5935 008e 1B68     		ldr	r3, [r3]
 5936 0090 1D4A     		ldr	r2, .L368+8
 5937 0092 9342     		cmp	r3, r2
 5938 0094 18D0     		beq	.L366
 5939              		.loc 1 2033 7 discriminator 3
 5940 0096 7B68     		ldr	r3, [r7, #4]
 5941 0098 1B68     		ldr	r3, [r3]
 5942 009a 1C4A     		ldr	r2, .L368+12
 5943 009c 9342     		cmp	r3, r2
 5944 009e 13D0     		beq	.L366
 5945              		.loc 1 2033 7 discriminator 4
 5946 00a0 7B68     		ldr	r3, [r7, #4]
 5947 00a2 1B68     		ldr	r3, [r3]
 5948 00a4 1A4A     		ldr	r2, .L368+16
 5949 00a6 9342     		cmp	r3, r2
 5950 00a8 0ED0     		beq	.L366
 5951              		.loc 1 2033 7 discriminator 5
 5952 00aa 7B68     		ldr	r3, [r7, #4]
 5953 00ac 1B68     		ldr	r3, [r3]
 5954 00ae 154A     		ldr	r2, .L368+4
 5955 00b0 9342     		cmp	r3, r2
 5956 00b2 09D0     		beq	.L366
 5957              		.loc 1 2033 7 discriminator 6
 5958 00b4 7B68     		ldr	r3, [r7, #4]
 5959 00b6 1B68     		ldr	r3, [r3]
 5960 00b8 164A     		ldr	r2, .L368+20
 5961 00ba 9342     		cmp	r3, r2
 5962 00bc 04D0     		beq	.L366
 5963              		.loc 1 2033 7 discriminator 7
 5964 00be 7B68     		ldr	r3, [r7, #4]
 5965 00c0 1B68     		ldr	r3, [r3]
 5966 00c2 154A     		ldr	r2, .L368+24
 5967 00c4 9342     		cmp	r3, r2
 5968 00c6 0CD1     		bne	.L367
 5969              	.L366:
2034:HW_Lib/STM32H7/HAL_Lib/STM32H7xx_HAL_Driver/Src/stm32h7xx_hal_tim_ex.c ****   {
2035:HW_Lib/STM32H7/HAL_Lib/STM32H7xx_HAL_Driver/Src/stm32h7xx_hal_tim_ex.c ****     /* Reset the MSM Bit */
2036:HW_Lib/STM32H7/HAL_Lib/STM32H7xx_HAL_Driver/Src/stm32h7xx_hal_tim_ex.c ****     tmpsmcr &= ~TIM_SMCR_MSM;
 5970              		.loc 1 2036 13 is_stmt 1
 5971 00c8 BB68     		ldr	r3, [r7, #8]
 5972 00ca 23F08003 		bic	r3, r3, #128
 5973 00ce BB60     		str	r3, [r7, #8]
2037:HW_Lib/STM32H7/HAL_Lib/STM32H7xx_HAL_Driver/Src/stm32h7xx_hal_tim_ex.c ****     /* Set master mode */
2038:HW_Lib/STM32H7/HAL_Lib/STM32H7xx_HAL_Driver/Src/stm32h7xx_hal_tim_ex.c ****     tmpsmcr |= sMasterConfig->MasterSlaveMode;
 5974              		.loc 1 2038 29
 5975 00d0 3B68     		ldr	r3, [r7]
 5976 00d2 9B68     		ldr	r3, [r3, #8]
 5977              		.loc 1 2038 13
 5978 00d4 BA68     		ldr	r2, [r7, #8]
 5979 00d6 1343     		orrs	r3, r3, r2
 5980 00d8 BB60     		str	r3, [r7, #8]
2039:HW_Lib/STM32H7/HAL_Lib/STM32H7xx_HAL_Driver/Src/stm32h7xx_hal_tim_ex.c **** 
ARM GAS  C:\Users\HUAV\AppData\Local\Temp\ccIqAtUa.s 			page 141


2040:HW_Lib/STM32H7/HAL_Lib/STM32H7xx_HAL_Driver/Src/stm32h7xx_hal_tim_ex.c ****     /* Update TIMx SMCR */
2041:HW_Lib/STM32H7/HAL_Lib/STM32H7xx_HAL_Driver/Src/stm32h7xx_hal_tim_ex.c ****     htim->Instance->SMCR = tmpsmcr;
 5981              		.loc 1 2041 9
 5982 00da 7B68     		ldr	r3, [r7, #4]
 5983 00dc 1B68     		ldr	r3, [r3]
 5984              		.loc 1 2041 26
 5985 00de BA68     		ldr	r2, [r7, #8]
 5986 00e0 9A60     		str	r2, [r3, #8]
 5987              	.L367:
2042:HW_Lib/STM32H7/HAL_Lib/STM32H7xx_HAL_Driver/Src/stm32h7xx_hal_tim_ex.c ****   }
2043:HW_Lib/STM32H7/HAL_Lib/STM32H7xx_HAL_Driver/Src/stm32h7xx_hal_tim_ex.c **** 
2044:HW_Lib/STM32H7/HAL_Lib/STM32H7xx_HAL_Driver/Src/stm32h7xx_hal_tim_ex.c ****   /* Change the htim state */
2045:HW_Lib/STM32H7/HAL_Lib/STM32H7xx_HAL_Driver/Src/stm32h7xx_hal_tim_ex.c ****   htim->State = HAL_TIM_STATE_READY;
 5988              		.loc 1 2045 15
 5989 00e2 7B68     		ldr	r3, [r7, #4]
 5990 00e4 0122     		movs	r2, #1
 5991 00e6 83F83D20 		strb	r2, [r3, #61]
2046:HW_Lib/STM32H7/HAL_Lib/STM32H7xx_HAL_Driver/Src/stm32h7xx_hal_tim_ex.c **** 
2047:HW_Lib/STM32H7/HAL_Lib/STM32H7xx_HAL_Driver/Src/stm32h7xx_hal_tim_ex.c ****   __HAL_UNLOCK(htim);
 5992              		.loc 1 2047 3
 5993 00ea 7B68     		ldr	r3, [r7, #4]
 5994 00ec 0022     		movs	r2, #0
 5995 00ee 83F83C20 		strb	r2, [r3, #60]
2048:HW_Lib/STM32H7/HAL_Lib/STM32H7xx_HAL_Driver/Src/stm32h7xx_hal_tim_ex.c **** 
2049:HW_Lib/STM32H7/HAL_Lib/STM32H7xx_HAL_Driver/Src/stm32h7xx_hal_tim_ex.c ****   return HAL_OK;
 5996              		.loc 1 2049 10
 5997 00f2 0023     		movs	r3, #0
 5998              	.L363:
2050:HW_Lib/STM32H7/HAL_Lib/STM32H7xx_HAL_Driver/Src/stm32h7xx_hal_tim_ex.c **** }
 5999              		.loc 1 2050 1
 6000 00f4 1846     		mov	r0, r3
 6001 00f6 1437     		adds	r7, r7, #20
 6002              	.LCFI153:
 6003              		.cfi_def_cfa_offset 4
 6004 00f8 BD46     		mov	sp, r7
 6005              	.LCFI154:
 6006              		.cfi_def_cfa_register 13
 6007              		@ sp needed
 6008 00fa 5DF8047B 		ldr	r7, [sp], #4
 6009              	.LCFI155:
 6010              		.cfi_restore 7
 6011              		.cfi_def_cfa_offset 0
 6012 00fe 7047     		bx	lr
 6013              	.L369:
 6014              		.align	2
 6015              	.L368:
 6016 0100 00000140 		.word	1073807360
 6017 0104 00040140 		.word	1073808384
 6018 0108 00040040 		.word	1073742848
 6019 010c 00080040 		.word	1073743872
 6020 0110 000C0040 		.word	1073744896
 6021 0114 00180040 		.word	1073747968
 6022 0118 00400140 		.word	1073823744
 6023              		.cfi_endproc
 6024              	.LFE362:
 6026              		.section	.text.HAL_TIMEx_ConfigBreakDeadTime,"ax",%progbits
 6027              		.align	1
ARM GAS  C:\Users\HUAV\AppData\Local\Temp\ccIqAtUa.s 			page 142


 6028              		.global	HAL_TIMEx_ConfigBreakDeadTime
 6029              		.syntax unified
 6030              		.thumb
 6031              		.thumb_func
 6033              	HAL_TIMEx_ConfigBreakDeadTime:
 6034              	.LFB363:
2051:HW_Lib/STM32H7/HAL_Lib/STM32H7xx_HAL_Driver/Src/stm32h7xx_hal_tim_ex.c **** 
2052:HW_Lib/STM32H7/HAL_Lib/STM32H7xx_HAL_Driver/Src/stm32h7xx_hal_tim_ex.c **** /**
2053:HW_Lib/STM32H7/HAL_Lib/STM32H7xx_HAL_Driver/Src/stm32h7xx_hal_tim_ex.c ****   * @brief  Configures the Break feature, dead time, Lock level, OSSI/OSSR State
2054:HW_Lib/STM32H7/HAL_Lib/STM32H7xx_HAL_Driver/Src/stm32h7xx_hal_tim_ex.c ****   *         and the AOE(automatic output enable).
2055:HW_Lib/STM32H7/HAL_Lib/STM32H7xx_HAL_Driver/Src/stm32h7xx_hal_tim_ex.c ****   * @param  htim TIM handle
2056:HW_Lib/STM32H7/HAL_Lib/STM32H7xx_HAL_Driver/Src/stm32h7xx_hal_tim_ex.c ****   * @param  sBreakDeadTimeConfig pointer to a TIM_ConfigBreakDeadConfigTypeDef structure that
2057:HW_Lib/STM32H7/HAL_Lib/STM32H7xx_HAL_Driver/Src/stm32h7xx_hal_tim_ex.c ****   *         contains the BDTR Register configuration  information for the TIM peripheral.
2058:HW_Lib/STM32H7/HAL_Lib/STM32H7xx_HAL_Driver/Src/stm32h7xx_hal_tim_ex.c ****   * @note   Interrupts can be generated when an active level is detected on the
2059:HW_Lib/STM32H7/HAL_Lib/STM32H7xx_HAL_Driver/Src/stm32h7xx_hal_tim_ex.c ****   *         break input, the break 2 input or the system break input. Break
2060:HW_Lib/STM32H7/HAL_Lib/STM32H7xx_HAL_Driver/Src/stm32h7xx_hal_tim_ex.c ****   *         interrupt can be enabled by calling the @ref __HAL_TIM_ENABLE_IT macro.
2061:HW_Lib/STM32H7/HAL_Lib/STM32H7xx_HAL_Driver/Src/stm32h7xx_hal_tim_ex.c ****   * @retval HAL status
2062:HW_Lib/STM32H7/HAL_Lib/STM32H7xx_HAL_Driver/Src/stm32h7xx_hal_tim_ex.c ****   */
2063:HW_Lib/STM32H7/HAL_Lib/STM32H7xx_HAL_Driver/Src/stm32h7xx_hal_tim_ex.c **** HAL_StatusTypeDef HAL_TIMEx_ConfigBreakDeadTime(TIM_HandleTypeDef *htim,
2064:HW_Lib/STM32H7/HAL_Lib/STM32H7xx_HAL_Driver/Src/stm32h7xx_hal_tim_ex.c ****                                                 TIM_BreakDeadTimeConfigTypeDef *sBreakDeadTimeConfi
2065:HW_Lib/STM32H7/HAL_Lib/STM32H7xx_HAL_Driver/Src/stm32h7xx_hal_tim_ex.c **** {
 6035              		.loc 1 2065 1
 6036              		.cfi_startproc
 6037              		@ args = 0, pretend = 0, frame = 16
 6038              		@ frame_needed = 1, uses_anonymous_args = 0
 6039              		@ link register save eliminated.
 6040 0000 80B4     		push	{r7}
 6041              	.LCFI156:
 6042              		.cfi_def_cfa_offset 4
 6043              		.cfi_offset 7, -4
 6044 0002 85B0     		sub	sp, sp, #20
 6045              	.LCFI157:
 6046              		.cfi_def_cfa_offset 24
 6047 0004 00AF     		add	r7, sp, #0
 6048              	.LCFI158:
 6049              		.cfi_def_cfa_register 7
 6050 0006 7860     		str	r0, [r7, #4]
 6051 0008 3960     		str	r1, [r7]
2066:HW_Lib/STM32H7/HAL_Lib/STM32H7xx_HAL_Driver/Src/stm32h7xx_hal_tim_ex.c ****   /* Keep this variable initialized to 0 as it is used to configure BDTR register */
2067:HW_Lib/STM32H7/HAL_Lib/STM32H7xx_HAL_Driver/Src/stm32h7xx_hal_tim_ex.c ****   uint32_t tmpbdtr = 0U;
 6052              		.loc 1 2067 12
 6053 000a 0023     		movs	r3, #0
 6054 000c FB60     		str	r3, [r7, #12]
2068:HW_Lib/STM32H7/HAL_Lib/STM32H7xx_HAL_Driver/Src/stm32h7xx_hal_tim_ex.c **** 
2069:HW_Lib/STM32H7/HAL_Lib/STM32H7xx_HAL_Driver/Src/stm32h7xx_hal_tim_ex.c ****   /* Check the parameters */
2070:HW_Lib/STM32H7/HAL_Lib/STM32H7xx_HAL_Driver/Src/stm32h7xx_hal_tim_ex.c ****   assert_param(IS_TIM_BREAK_INSTANCE(htim->Instance));
2071:HW_Lib/STM32H7/HAL_Lib/STM32H7xx_HAL_Driver/Src/stm32h7xx_hal_tim_ex.c ****   assert_param(IS_TIM_OSSR_STATE(sBreakDeadTimeConfig->OffStateRunMode));
2072:HW_Lib/STM32H7/HAL_Lib/STM32H7xx_HAL_Driver/Src/stm32h7xx_hal_tim_ex.c ****   assert_param(IS_TIM_OSSI_STATE(sBreakDeadTimeConfig->OffStateIDLEMode));
2073:HW_Lib/STM32H7/HAL_Lib/STM32H7xx_HAL_Driver/Src/stm32h7xx_hal_tim_ex.c ****   assert_param(IS_TIM_LOCK_LEVEL(sBreakDeadTimeConfig->LockLevel));
2074:HW_Lib/STM32H7/HAL_Lib/STM32H7xx_HAL_Driver/Src/stm32h7xx_hal_tim_ex.c ****   assert_param(IS_TIM_DEADTIME(sBreakDeadTimeConfig->DeadTime));
2075:HW_Lib/STM32H7/HAL_Lib/STM32H7xx_HAL_Driver/Src/stm32h7xx_hal_tim_ex.c ****   assert_param(IS_TIM_BREAK_STATE(sBreakDeadTimeConfig->BreakState));
2076:HW_Lib/STM32H7/HAL_Lib/STM32H7xx_HAL_Driver/Src/stm32h7xx_hal_tim_ex.c ****   assert_param(IS_TIM_BREAK_POLARITY(sBreakDeadTimeConfig->BreakPolarity));
2077:HW_Lib/STM32H7/HAL_Lib/STM32H7xx_HAL_Driver/Src/stm32h7xx_hal_tim_ex.c ****   assert_param(IS_TIM_BREAK_FILTER(sBreakDeadTimeConfig->BreakFilter));
2078:HW_Lib/STM32H7/HAL_Lib/STM32H7xx_HAL_Driver/Src/stm32h7xx_hal_tim_ex.c ****   assert_param(IS_TIM_AUTOMATIC_OUTPUT_STATE(sBreakDeadTimeConfig->AutomaticOutput));
2079:HW_Lib/STM32H7/HAL_Lib/STM32H7xx_HAL_Driver/Src/stm32h7xx_hal_tim_ex.c **** 
2080:HW_Lib/STM32H7/HAL_Lib/STM32H7xx_HAL_Driver/Src/stm32h7xx_hal_tim_ex.c ****   /* Check input state */
2081:HW_Lib/STM32H7/HAL_Lib/STM32H7xx_HAL_Driver/Src/stm32h7xx_hal_tim_ex.c ****   __HAL_LOCK(htim);
ARM GAS  C:\Users\HUAV\AppData\Local\Temp\ccIqAtUa.s 			page 143


 6055              		.loc 1 2081 3
 6056 000e 7B68     		ldr	r3, [r7, #4]
 6057 0010 93F83C30 		ldrb	r3, [r3, #60]	@ zero_extendqisi2
 6058 0014 012B     		cmp	r3, #1
 6059 0016 01D1     		bne	.L371
 6060              		.loc 1 2081 3 is_stmt 0 discriminator 1
 6061 0018 0223     		movs	r3, #2
 6062 001a 65E0     		b	.L372
 6063              	.L371:
 6064              		.loc 1 2081 3 discriminator 2
 6065 001c 7B68     		ldr	r3, [r7, #4]
 6066 001e 0122     		movs	r2, #1
 6067 0020 83F83C20 		strb	r2, [r3, #60]
2082:HW_Lib/STM32H7/HAL_Lib/STM32H7xx_HAL_Driver/Src/stm32h7xx_hal_tim_ex.c **** 
2083:HW_Lib/STM32H7/HAL_Lib/STM32H7xx_HAL_Driver/Src/stm32h7xx_hal_tim_ex.c ****   /* Set the Lock level, the Break enable Bit and the Polarity, the OSSR State,
2084:HW_Lib/STM32H7/HAL_Lib/STM32H7xx_HAL_Driver/Src/stm32h7xx_hal_tim_ex.c ****      the OSSI State, the dead time value and the Automatic Output Enable Bit */
2085:HW_Lib/STM32H7/HAL_Lib/STM32H7xx_HAL_Driver/Src/stm32h7xx_hal_tim_ex.c **** 
2086:HW_Lib/STM32H7/HAL_Lib/STM32H7xx_HAL_Driver/Src/stm32h7xx_hal_tim_ex.c ****   /* Set the BDTR bits */
2087:HW_Lib/STM32H7/HAL_Lib/STM32H7xx_HAL_Driver/Src/stm32h7xx_hal_tim_ex.c ****   MODIFY_REG(tmpbdtr, TIM_BDTR_DTG, sBreakDeadTimeConfig->DeadTime);
 6068              		.loc 1 2087 3 is_stmt 1 discriminator 2
 6069 0024 FB68     		ldr	r3, [r7, #12]
 6070 0026 23F0FF02 		bic	r2, r3, #255
 6071 002a 3B68     		ldr	r3, [r7]
 6072 002c DB68     		ldr	r3, [r3, #12]
 6073 002e 1343     		orrs	r3, r3, r2
 6074 0030 FB60     		str	r3, [r7, #12]
2088:HW_Lib/STM32H7/HAL_Lib/STM32H7xx_HAL_Driver/Src/stm32h7xx_hal_tim_ex.c ****   MODIFY_REG(tmpbdtr, TIM_BDTR_LOCK, sBreakDeadTimeConfig->LockLevel);
 6075              		.loc 1 2088 3 discriminator 2
 6076 0032 FB68     		ldr	r3, [r7, #12]
 6077 0034 23F44072 		bic	r2, r3, #768
 6078 0038 3B68     		ldr	r3, [r7]
 6079 003a 9B68     		ldr	r3, [r3, #8]
 6080 003c 1343     		orrs	r3, r3, r2
 6081 003e FB60     		str	r3, [r7, #12]
2089:HW_Lib/STM32H7/HAL_Lib/STM32H7xx_HAL_Driver/Src/stm32h7xx_hal_tim_ex.c ****   MODIFY_REG(tmpbdtr, TIM_BDTR_OSSI, sBreakDeadTimeConfig->OffStateIDLEMode);
 6082              		.loc 1 2089 3 discriminator 2
 6083 0040 FB68     		ldr	r3, [r7, #12]
 6084 0042 23F48062 		bic	r2, r3, #1024
 6085 0046 3B68     		ldr	r3, [r7]
 6086 0048 5B68     		ldr	r3, [r3, #4]
 6087 004a 1343     		orrs	r3, r3, r2
 6088 004c FB60     		str	r3, [r7, #12]
2090:HW_Lib/STM32H7/HAL_Lib/STM32H7xx_HAL_Driver/Src/stm32h7xx_hal_tim_ex.c ****   MODIFY_REG(tmpbdtr, TIM_BDTR_OSSR, sBreakDeadTimeConfig->OffStateRunMode);
 6089              		.loc 1 2090 3 discriminator 2
 6090 004e FB68     		ldr	r3, [r7, #12]
 6091 0050 23F40062 		bic	r2, r3, #2048
 6092 0054 3B68     		ldr	r3, [r7]
 6093 0056 1B68     		ldr	r3, [r3]
 6094 0058 1343     		orrs	r3, r3, r2
 6095 005a FB60     		str	r3, [r7, #12]
2091:HW_Lib/STM32H7/HAL_Lib/STM32H7xx_HAL_Driver/Src/stm32h7xx_hal_tim_ex.c ****   MODIFY_REG(tmpbdtr, TIM_BDTR_BKE, sBreakDeadTimeConfig->BreakState);
 6096              		.loc 1 2091 3 discriminator 2
 6097 005c FB68     		ldr	r3, [r7, #12]
 6098 005e 23F48052 		bic	r2, r3, #4096
 6099 0062 3B68     		ldr	r3, [r7]
 6100 0064 1B69     		ldr	r3, [r3, #16]
 6101 0066 1343     		orrs	r3, r3, r2
ARM GAS  C:\Users\HUAV\AppData\Local\Temp\ccIqAtUa.s 			page 144


 6102 0068 FB60     		str	r3, [r7, #12]
2092:HW_Lib/STM32H7/HAL_Lib/STM32H7xx_HAL_Driver/Src/stm32h7xx_hal_tim_ex.c ****   MODIFY_REG(tmpbdtr, TIM_BDTR_BKP, sBreakDeadTimeConfig->BreakPolarity);
 6103              		.loc 1 2092 3 discriminator 2
 6104 006a FB68     		ldr	r3, [r7, #12]
 6105 006c 23F40052 		bic	r2, r3, #8192
 6106 0070 3B68     		ldr	r3, [r7]
 6107 0072 5B69     		ldr	r3, [r3, #20]
 6108 0074 1343     		orrs	r3, r3, r2
 6109 0076 FB60     		str	r3, [r7, #12]
2093:HW_Lib/STM32H7/HAL_Lib/STM32H7xx_HAL_Driver/Src/stm32h7xx_hal_tim_ex.c ****   MODIFY_REG(tmpbdtr, TIM_BDTR_AOE, sBreakDeadTimeConfig->AutomaticOutput);
 6110              		.loc 1 2093 3 discriminator 2
 6111 0078 FB68     		ldr	r3, [r7, #12]
 6112 007a 23F48042 		bic	r2, r3, #16384
 6113 007e 3B68     		ldr	r3, [r7]
 6114 0080 9B6A     		ldr	r3, [r3, #40]
 6115 0082 1343     		orrs	r3, r3, r2
 6116 0084 FB60     		str	r3, [r7, #12]
2094:HW_Lib/STM32H7/HAL_Lib/STM32H7xx_HAL_Driver/Src/stm32h7xx_hal_tim_ex.c ****   MODIFY_REG(tmpbdtr, TIM_BDTR_BKF, (sBreakDeadTimeConfig->BreakFilter << TIM_BDTR_BKF_Pos));
 6117              		.loc 1 2094 3 discriminator 2
 6118 0086 FB68     		ldr	r3, [r7, #12]
 6119 0088 23F47022 		bic	r2, r3, #983040
 6120 008c 3B68     		ldr	r3, [r7]
 6121 008e 9B69     		ldr	r3, [r3, #24]
 6122 0090 1B04     		lsls	r3, r3, #16
 6123 0092 1343     		orrs	r3, r3, r2
 6124 0094 FB60     		str	r3, [r7, #12]
2095:HW_Lib/STM32H7/HAL_Lib/STM32H7xx_HAL_Driver/Src/stm32h7xx_hal_tim_ex.c **** 
2096:HW_Lib/STM32H7/HAL_Lib/STM32H7xx_HAL_Driver/Src/stm32h7xx_hal_tim_ex.c **** #if defined(TIM_BDTR_BKBID)
2097:HW_Lib/STM32H7/HAL_Lib/STM32H7xx_HAL_Driver/Src/stm32h7xx_hal_tim_ex.c ****   if (IS_TIM_ADVANCED_INSTANCE(htim->Instance))
2098:HW_Lib/STM32H7/HAL_Lib/STM32H7xx_HAL_Driver/Src/stm32h7xx_hal_tim_ex.c ****   {
2099:HW_Lib/STM32H7/HAL_Lib/STM32H7xx_HAL_Driver/Src/stm32h7xx_hal_tim_ex.c ****     /* Check the parameters */
2100:HW_Lib/STM32H7/HAL_Lib/STM32H7xx_HAL_Driver/Src/stm32h7xx_hal_tim_ex.c ****     assert_param(IS_TIM_BREAK_AFMODE(sBreakDeadTimeConfig->BreakAFMode));
2101:HW_Lib/STM32H7/HAL_Lib/STM32H7xx_HAL_Driver/Src/stm32h7xx_hal_tim_ex.c **** 
2102:HW_Lib/STM32H7/HAL_Lib/STM32H7xx_HAL_Driver/Src/stm32h7xx_hal_tim_ex.c ****     /* Set BREAK AF mode */
2103:HW_Lib/STM32H7/HAL_Lib/STM32H7xx_HAL_Driver/Src/stm32h7xx_hal_tim_ex.c ****     MODIFY_REG(tmpbdtr, TIM_BDTR_BKBID, sBreakDeadTimeConfig->BreakAFMode);
2104:HW_Lib/STM32H7/HAL_Lib/STM32H7xx_HAL_Driver/Src/stm32h7xx_hal_tim_ex.c ****   }
2105:HW_Lib/STM32H7/HAL_Lib/STM32H7xx_HAL_Driver/Src/stm32h7xx_hal_tim_ex.c **** 
2106:HW_Lib/STM32H7/HAL_Lib/STM32H7xx_HAL_Driver/Src/stm32h7xx_hal_tim_ex.c **** #endif /* TIM_BDTR_BKBID */
2107:HW_Lib/STM32H7/HAL_Lib/STM32H7xx_HAL_Driver/Src/stm32h7xx_hal_tim_ex.c ****   if (IS_TIM_BKIN2_INSTANCE(htim->Instance))
 6125              		.loc 1 2107 7 discriminator 2
 6126 0096 7B68     		ldr	r3, [r7, #4]
 6127 0098 1B68     		ldr	r3, [r3]
 6128              		.loc 1 2107 6 discriminator 2
 6129 009a 164A     		ldr	r2, .L375
 6130 009c 9342     		cmp	r3, r2
 6131 009e 04D0     		beq	.L373
 6132              		.loc 1 2107 7 discriminator 1
 6133 00a0 7B68     		ldr	r3, [r7, #4]
 6134 00a2 1B68     		ldr	r3, [r3]
 6135 00a4 144A     		ldr	r2, .L375+4
 6136 00a6 9342     		cmp	r3, r2
 6137 00a8 15D1     		bne	.L374
 6138              	.L373:
2108:HW_Lib/STM32H7/HAL_Lib/STM32H7xx_HAL_Driver/Src/stm32h7xx_hal_tim_ex.c ****   {
2109:HW_Lib/STM32H7/HAL_Lib/STM32H7xx_HAL_Driver/Src/stm32h7xx_hal_tim_ex.c ****     /* Check the parameters */
2110:HW_Lib/STM32H7/HAL_Lib/STM32H7xx_HAL_Driver/Src/stm32h7xx_hal_tim_ex.c ****     assert_param(IS_TIM_BREAK2_STATE(sBreakDeadTimeConfig->Break2State));
2111:HW_Lib/STM32H7/HAL_Lib/STM32H7xx_HAL_Driver/Src/stm32h7xx_hal_tim_ex.c ****     assert_param(IS_TIM_BREAK2_POLARITY(sBreakDeadTimeConfig->Break2Polarity));
ARM GAS  C:\Users\HUAV\AppData\Local\Temp\ccIqAtUa.s 			page 145


2112:HW_Lib/STM32H7/HAL_Lib/STM32H7xx_HAL_Driver/Src/stm32h7xx_hal_tim_ex.c ****     assert_param(IS_TIM_BREAK_FILTER(sBreakDeadTimeConfig->Break2Filter));
2113:HW_Lib/STM32H7/HAL_Lib/STM32H7xx_HAL_Driver/Src/stm32h7xx_hal_tim_ex.c **** 
2114:HW_Lib/STM32H7/HAL_Lib/STM32H7xx_HAL_Driver/Src/stm32h7xx_hal_tim_ex.c ****     /* Set the BREAK2 input related BDTR bits */
2115:HW_Lib/STM32H7/HAL_Lib/STM32H7xx_HAL_Driver/Src/stm32h7xx_hal_tim_ex.c ****     MODIFY_REG(tmpbdtr, TIM_BDTR_BK2F, (sBreakDeadTimeConfig->Break2Filter << TIM_BDTR_BK2F_Pos));
 6139              		.loc 1 2115 5
 6140 00aa FB68     		ldr	r3, [r7, #12]
 6141 00ac 23F47002 		bic	r2, r3, #15728640
 6142 00b0 3B68     		ldr	r3, [r7]
 6143 00b2 5B6A     		ldr	r3, [r3, #36]
 6144 00b4 1B05     		lsls	r3, r3, #20
 6145 00b6 1343     		orrs	r3, r3, r2
 6146 00b8 FB60     		str	r3, [r7, #12]
2116:HW_Lib/STM32H7/HAL_Lib/STM32H7xx_HAL_Driver/Src/stm32h7xx_hal_tim_ex.c ****     MODIFY_REG(tmpbdtr, TIM_BDTR_BK2E, sBreakDeadTimeConfig->Break2State);
 6147              		.loc 1 2116 5
 6148 00ba FB68     		ldr	r3, [r7, #12]
 6149 00bc 23F08072 		bic	r2, r3, #16777216
 6150 00c0 3B68     		ldr	r3, [r7]
 6151 00c2 DB69     		ldr	r3, [r3, #28]
 6152 00c4 1343     		orrs	r3, r3, r2
 6153 00c6 FB60     		str	r3, [r7, #12]
2117:HW_Lib/STM32H7/HAL_Lib/STM32H7xx_HAL_Driver/Src/stm32h7xx_hal_tim_ex.c ****     MODIFY_REG(tmpbdtr, TIM_BDTR_BK2P, sBreakDeadTimeConfig->Break2Polarity);
 6154              		.loc 1 2117 5
 6155 00c8 FB68     		ldr	r3, [r7, #12]
 6156 00ca 23F00072 		bic	r2, r3, #33554432
 6157 00ce 3B68     		ldr	r3, [r7]
 6158 00d0 1B6A     		ldr	r3, [r3, #32]
 6159 00d2 1343     		orrs	r3, r3, r2
 6160 00d4 FB60     		str	r3, [r7, #12]
 6161              	.L374:
2118:HW_Lib/STM32H7/HAL_Lib/STM32H7xx_HAL_Driver/Src/stm32h7xx_hal_tim_ex.c **** #if defined(TIM_BDTR_BKBID)
2119:HW_Lib/STM32H7/HAL_Lib/STM32H7xx_HAL_Driver/Src/stm32h7xx_hal_tim_ex.c **** 
2120:HW_Lib/STM32H7/HAL_Lib/STM32H7xx_HAL_Driver/Src/stm32h7xx_hal_tim_ex.c ****     if (IS_TIM_ADVANCED_INSTANCE(htim->Instance))
2121:HW_Lib/STM32H7/HAL_Lib/STM32H7xx_HAL_Driver/Src/stm32h7xx_hal_tim_ex.c ****     {
2122:HW_Lib/STM32H7/HAL_Lib/STM32H7xx_HAL_Driver/Src/stm32h7xx_hal_tim_ex.c ****       /* Check the parameters */
2123:HW_Lib/STM32H7/HAL_Lib/STM32H7xx_HAL_Driver/Src/stm32h7xx_hal_tim_ex.c ****       assert_param(IS_TIM_BREAK2_AFMODE(sBreakDeadTimeConfig->Break2AFMode));
2124:HW_Lib/STM32H7/HAL_Lib/STM32H7xx_HAL_Driver/Src/stm32h7xx_hal_tim_ex.c **** 
2125:HW_Lib/STM32H7/HAL_Lib/STM32H7xx_HAL_Driver/Src/stm32h7xx_hal_tim_ex.c ****       /* Set BREAK2 AF mode */
2126:HW_Lib/STM32H7/HAL_Lib/STM32H7xx_HAL_Driver/Src/stm32h7xx_hal_tim_ex.c ****       MODIFY_REG(tmpbdtr, TIM_BDTR_BK2BID, sBreakDeadTimeConfig->Break2AFMode);
2127:HW_Lib/STM32H7/HAL_Lib/STM32H7xx_HAL_Driver/Src/stm32h7xx_hal_tim_ex.c ****     }
2128:HW_Lib/STM32H7/HAL_Lib/STM32H7xx_HAL_Driver/Src/stm32h7xx_hal_tim_ex.c **** #endif /* TIM_BDTR_BKBID */
2129:HW_Lib/STM32H7/HAL_Lib/STM32H7xx_HAL_Driver/Src/stm32h7xx_hal_tim_ex.c ****   }
2130:HW_Lib/STM32H7/HAL_Lib/STM32H7xx_HAL_Driver/Src/stm32h7xx_hal_tim_ex.c **** 
2131:HW_Lib/STM32H7/HAL_Lib/STM32H7xx_HAL_Driver/Src/stm32h7xx_hal_tim_ex.c ****   /* Set TIMx_BDTR */
2132:HW_Lib/STM32H7/HAL_Lib/STM32H7xx_HAL_Driver/Src/stm32h7xx_hal_tim_ex.c ****   htim->Instance->BDTR = tmpbdtr;
 6162              		.loc 1 2132 7
 6163 00d6 7B68     		ldr	r3, [r7, #4]
 6164 00d8 1B68     		ldr	r3, [r3]
 6165              		.loc 1 2132 24
 6166 00da FA68     		ldr	r2, [r7, #12]
 6167 00dc 5A64     		str	r2, [r3, #68]
2133:HW_Lib/STM32H7/HAL_Lib/STM32H7xx_HAL_Driver/Src/stm32h7xx_hal_tim_ex.c **** 
2134:HW_Lib/STM32H7/HAL_Lib/STM32H7xx_HAL_Driver/Src/stm32h7xx_hal_tim_ex.c ****   __HAL_UNLOCK(htim);
 6168              		.loc 1 2134 3
 6169 00de 7B68     		ldr	r3, [r7, #4]
 6170 00e0 0022     		movs	r2, #0
 6171 00e2 83F83C20 		strb	r2, [r3, #60]
2135:HW_Lib/STM32H7/HAL_Lib/STM32H7xx_HAL_Driver/Src/stm32h7xx_hal_tim_ex.c **** 
ARM GAS  C:\Users\HUAV\AppData\Local\Temp\ccIqAtUa.s 			page 146


2136:HW_Lib/STM32H7/HAL_Lib/STM32H7xx_HAL_Driver/Src/stm32h7xx_hal_tim_ex.c ****   return HAL_OK;
 6172              		.loc 1 2136 10
 6173 00e6 0023     		movs	r3, #0
 6174              	.L372:
2137:HW_Lib/STM32H7/HAL_Lib/STM32H7xx_HAL_Driver/Src/stm32h7xx_hal_tim_ex.c **** }
 6175              		.loc 1 2137 1
 6176 00e8 1846     		mov	r0, r3
 6177 00ea 1437     		adds	r7, r7, #20
 6178              	.LCFI159:
 6179              		.cfi_def_cfa_offset 4
 6180 00ec BD46     		mov	sp, r7
 6181              	.LCFI160:
 6182              		.cfi_def_cfa_register 13
 6183              		@ sp needed
 6184 00ee 5DF8047B 		ldr	r7, [sp], #4
 6185              	.LCFI161:
 6186              		.cfi_restore 7
 6187              		.cfi_def_cfa_offset 0
 6188 00f2 7047     		bx	lr
 6189              	.L376:
 6190              		.align	2
 6191              	.L375:
 6192 00f4 00000140 		.word	1073807360
 6193 00f8 00040140 		.word	1073808384
 6194              		.cfi_endproc
 6195              	.LFE363:
 6197              		.section	.text.HAL_TIMEx_ConfigBreakInput,"ax",%progbits
 6198              		.align	1
 6199              		.global	HAL_TIMEx_ConfigBreakInput
 6200              		.syntax unified
 6201              		.thumb
 6202              		.thumb_func
 6204              	HAL_TIMEx_ConfigBreakInput:
 6205              	.LFB364:
2138:HW_Lib/STM32H7/HAL_Lib/STM32H7xx_HAL_Driver/Src/stm32h7xx_hal_tim_ex.c **** #if defined(TIM_BREAK_INPUT_SUPPORT)
2139:HW_Lib/STM32H7/HAL_Lib/STM32H7xx_HAL_Driver/Src/stm32h7xx_hal_tim_ex.c **** 
2140:HW_Lib/STM32H7/HAL_Lib/STM32H7xx_HAL_Driver/Src/stm32h7xx_hal_tim_ex.c **** /**
2141:HW_Lib/STM32H7/HAL_Lib/STM32H7xx_HAL_Driver/Src/stm32h7xx_hal_tim_ex.c ****   * @brief  Configures the break input source.
2142:HW_Lib/STM32H7/HAL_Lib/STM32H7xx_HAL_Driver/Src/stm32h7xx_hal_tim_ex.c ****   * @param  htim TIM handle.
2143:HW_Lib/STM32H7/HAL_Lib/STM32H7xx_HAL_Driver/Src/stm32h7xx_hal_tim_ex.c ****   * @param  BreakInput Break input to configure
2144:HW_Lib/STM32H7/HAL_Lib/STM32H7xx_HAL_Driver/Src/stm32h7xx_hal_tim_ex.c ****   *          This parameter can be one of the following values:
2145:HW_Lib/STM32H7/HAL_Lib/STM32H7xx_HAL_Driver/Src/stm32h7xx_hal_tim_ex.c ****   *            @arg TIM_BREAKINPUT_BRK: Timer break input
2146:HW_Lib/STM32H7/HAL_Lib/STM32H7xx_HAL_Driver/Src/stm32h7xx_hal_tim_ex.c ****   *            @arg TIM_BREAKINPUT_BRK2: Timer break 2 input
2147:HW_Lib/STM32H7/HAL_Lib/STM32H7xx_HAL_Driver/Src/stm32h7xx_hal_tim_ex.c ****   * @param  sBreakInputConfig Break input source configuration
2148:HW_Lib/STM32H7/HAL_Lib/STM32H7xx_HAL_Driver/Src/stm32h7xx_hal_tim_ex.c ****   * @retval HAL status
2149:HW_Lib/STM32H7/HAL_Lib/STM32H7xx_HAL_Driver/Src/stm32h7xx_hal_tim_ex.c ****   */
2150:HW_Lib/STM32H7/HAL_Lib/STM32H7xx_HAL_Driver/Src/stm32h7xx_hal_tim_ex.c **** HAL_StatusTypeDef HAL_TIMEx_ConfigBreakInput(TIM_HandleTypeDef *htim,
2151:HW_Lib/STM32H7/HAL_Lib/STM32H7xx_HAL_Driver/Src/stm32h7xx_hal_tim_ex.c ****                                              uint32_t BreakInput,
2152:HW_Lib/STM32H7/HAL_Lib/STM32H7xx_HAL_Driver/Src/stm32h7xx_hal_tim_ex.c ****                                              TIMEx_BreakInputConfigTypeDef *sBreakInputConfig)
2153:HW_Lib/STM32H7/HAL_Lib/STM32H7xx_HAL_Driver/Src/stm32h7xx_hal_tim_ex.c **** 
2154:HW_Lib/STM32H7/HAL_Lib/STM32H7xx_HAL_Driver/Src/stm32h7xx_hal_tim_ex.c **** {
 6206              		.loc 1 2154 1
 6207              		.cfi_startproc
 6208              		@ args = 0, pretend = 0, frame = 40
 6209              		@ frame_needed = 1, uses_anonymous_args = 0
 6210              		@ link register save eliminated.
 6211 0000 80B4     		push	{r7}
ARM GAS  C:\Users\HUAV\AppData\Local\Temp\ccIqAtUa.s 			page 147


 6212              	.LCFI162:
 6213              		.cfi_def_cfa_offset 4
 6214              		.cfi_offset 7, -4
 6215 0002 8BB0     		sub	sp, sp, #44
 6216              	.LCFI163:
 6217              		.cfi_def_cfa_offset 48
 6218 0004 00AF     		add	r7, sp, #0
 6219              	.LCFI164:
 6220              		.cfi_def_cfa_register 7
 6221 0006 F860     		str	r0, [r7, #12]
 6222 0008 B960     		str	r1, [r7, #8]
 6223 000a 7A60     		str	r2, [r7, #4]
2155:HW_Lib/STM32H7/HAL_Lib/STM32H7xx_HAL_Driver/Src/stm32h7xx_hal_tim_ex.c ****   HAL_StatusTypeDef status = HAL_OK;
 6224              		.loc 1 2155 21
 6225 000c 0023     		movs	r3, #0
 6226 000e 87F82730 		strb	r3, [r7, #39]
2156:HW_Lib/STM32H7/HAL_Lib/STM32H7xx_HAL_Driver/Src/stm32h7xx_hal_tim_ex.c ****   uint32_t tmporx;
2157:HW_Lib/STM32H7/HAL_Lib/STM32H7xx_HAL_Driver/Src/stm32h7xx_hal_tim_ex.c ****   uint32_t bkin_enable_mask;
2158:HW_Lib/STM32H7/HAL_Lib/STM32H7xx_HAL_Driver/Src/stm32h7xx_hal_tim_ex.c ****   uint32_t bkin_polarity_mask;
2159:HW_Lib/STM32H7/HAL_Lib/STM32H7xx_HAL_Driver/Src/stm32h7xx_hal_tim_ex.c ****   uint32_t bkin_enable_bitpos;
2160:HW_Lib/STM32H7/HAL_Lib/STM32H7xx_HAL_Driver/Src/stm32h7xx_hal_tim_ex.c ****   uint32_t bkin_polarity_bitpos;
2161:HW_Lib/STM32H7/HAL_Lib/STM32H7xx_HAL_Driver/Src/stm32h7xx_hal_tim_ex.c **** 
2162:HW_Lib/STM32H7/HAL_Lib/STM32H7xx_HAL_Driver/Src/stm32h7xx_hal_tim_ex.c ****   /* Check the parameters */
2163:HW_Lib/STM32H7/HAL_Lib/STM32H7xx_HAL_Driver/Src/stm32h7xx_hal_tim_ex.c ****   assert_param(IS_TIM_BREAK_INSTANCE(htim->Instance));
2164:HW_Lib/STM32H7/HAL_Lib/STM32H7xx_HAL_Driver/Src/stm32h7xx_hal_tim_ex.c ****   assert_param(IS_TIM_BREAKINPUT(BreakInput));
2165:HW_Lib/STM32H7/HAL_Lib/STM32H7xx_HAL_Driver/Src/stm32h7xx_hal_tim_ex.c ****   assert_param(IS_TIM_BREAKINPUTSOURCE(sBreakInputConfig->Source));
2166:HW_Lib/STM32H7/HAL_Lib/STM32H7xx_HAL_Driver/Src/stm32h7xx_hal_tim_ex.c ****   assert_param(IS_TIM_BREAKINPUTSOURCE_STATE(sBreakInputConfig->Enable));
2167:HW_Lib/STM32H7/HAL_Lib/STM32H7xx_HAL_Driver/Src/stm32h7xx_hal_tim_ex.c ****   if (sBreakInputConfig->Source != TIM_BREAKINPUTSOURCE_DFSDM1)
2168:HW_Lib/STM32H7/HAL_Lib/STM32H7xx_HAL_Driver/Src/stm32h7xx_hal_tim_ex.c ****   {
2169:HW_Lib/STM32H7/HAL_Lib/STM32H7xx_HAL_Driver/Src/stm32h7xx_hal_tim_ex.c ****     assert_param(IS_TIM_BREAKINPUTSOURCE_POLARITY(sBreakInputConfig->Polarity));
2170:HW_Lib/STM32H7/HAL_Lib/STM32H7xx_HAL_Driver/Src/stm32h7xx_hal_tim_ex.c ****   }
2171:HW_Lib/STM32H7/HAL_Lib/STM32H7xx_HAL_Driver/Src/stm32h7xx_hal_tim_ex.c **** 
2172:HW_Lib/STM32H7/HAL_Lib/STM32H7xx_HAL_Driver/Src/stm32h7xx_hal_tim_ex.c ****   /* Check input state */
2173:HW_Lib/STM32H7/HAL_Lib/STM32H7xx_HAL_Driver/Src/stm32h7xx_hal_tim_ex.c ****   __HAL_LOCK(htim);
 6227              		.loc 1 2173 3
 6228 0012 FB68     		ldr	r3, [r7, #12]
 6229 0014 93F83C30 		ldrb	r3, [r3, #60]	@ zero_extendqisi2
 6230 0018 012B     		cmp	r3, #1
 6231 001a 01D1     		bne	.L378
 6232              		.loc 1 2173 3 is_stmt 0 discriminator 1
 6233 001c 0223     		movs	r3, #2
 6234 001e AFE0     		b	.L379
 6235              	.L378:
 6236              		.loc 1 2173 3 discriminator 2
 6237 0020 FB68     		ldr	r3, [r7, #12]
 6238 0022 0122     		movs	r2, #1
 6239 0024 83F83C20 		strb	r2, [r3, #60]
2174:HW_Lib/STM32H7/HAL_Lib/STM32H7xx_HAL_Driver/Src/stm32h7xx_hal_tim_ex.c **** 
2175:HW_Lib/STM32H7/HAL_Lib/STM32H7xx_HAL_Driver/Src/stm32h7xx_hal_tim_ex.c ****   switch (sBreakInputConfig->Source)
 6240              		.loc 1 2175 28 is_stmt 1 discriminator 2
 6241 0028 7B68     		ldr	r3, [r7, #4]
 6242 002a 1B68     		ldr	r3, [r3]
 6243              		.loc 1 2175 3 discriminator 2
 6244 002c 013B     		subs	r3, r3, #1
 6245 002e 072B     		cmp	r3, #7
 6246 0030 3AD8     		bhi	.L380
 6247 0032 01A2     		adr	r2, .L382
ARM GAS  C:\Users\HUAV\AppData\Local\Temp\ccIqAtUa.s 			page 148


 6248 0034 52F823F0 		ldr	pc, [r2, r3, lsl #2]
 6249              		.p2align 2
 6250              	.L382:
 6251 0038 59000000 		.word	.L385+1
 6252 003c 6D000000 		.word	.L384+1
 6253 0040 A9000000 		.word	.L380+1
 6254 0044 81000000 		.word	.L383+1
 6255 0048 A9000000 		.word	.L380+1
 6256 004c A9000000 		.word	.L380+1
 6257 0050 A9000000 		.word	.L380+1
 6258 0054 95000000 		.word	.L381+1
 6259              		.p2align 1
 6260              	.L385:
2176:HW_Lib/STM32H7/HAL_Lib/STM32H7xx_HAL_Driver/Src/stm32h7xx_hal_tim_ex.c ****   {
2177:HW_Lib/STM32H7/HAL_Lib/STM32H7xx_HAL_Driver/Src/stm32h7xx_hal_tim_ex.c ****     case TIM_BREAKINPUTSOURCE_BKIN:
2178:HW_Lib/STM32H7/HAL_Lib/STM32H7xx_HAL_Driver/Src/stm32h7xx_hal_tim_ex.c ****     {
2179:HW_Lib/STM32H7/HAL_Lib/STM32H7xx_HAL_Driver/Src/stm32h7xx_hal_tim_ex.c ****       bkin_enable_mask = TIM1_AF1_BKINE;
 6261              		.loc 1 2179 24
 6262 0058 0123     		movs	r3, #1
 6263 005a FB61     		str	r3, [r7, #28]
2180:HW_Lib/STM32H7/HAL_Lib/STM32H7xx_HAL_Driver/Src/stm32h7xx_hal_tim_ex.c ****       bkin_enable_bitpos = TIM1_AF1_BKINE_Pos;
 6264              		.loc 1 2180 26
 6265 005c 0023     		movs	r3, #0
 6266 005e 7B61     		str	r3, [r7, #20]
2181:HW_Lib/STM32H7/HAL_Lib/STM32H7xx_HAL_Driver/Src/stm32h7xx_hal_tim_ex.c ****       bkin_polarity_mask = TIM1_AF1_BKINP;
 6267              		.loc 1 2181 26
 6268 0060 4FF40073 		mov	r3, #512
 6269 0064 BB61     		str	r3, [r7, #24]
2182:HW_Lib/STM32H7/HAL_Lib/STM32H7xx_HAL_Driver/Src/stm32h7xx_hal_tim_ex.c ****       bkin_polarity_bitpos = TIM1_AF1_BKINP_Pos;
 6270              		.loc 1 2182 28
 6271 0066 0923     		movs	r3, #9
 6272 0068 3B61     		str	r3, [r7, #16]
2183:HW_Lib/STM32H7/HAL_Lib/STM32H7xx_HAL_Driver/Src/stm32h7xx_hal_tim_ex.c ****       break;
 6273              		.loc 1 2183 7
 6274 006a 26E0     		b	.L386
 6275              	.L384:
2184:HW_Lib/STM32H7/HAL_Lib/STM32H7xx_HAL_Driver/Src/stm32h7xx_hal_tim_ex.c ****     }
2185:HW_Lib/STM32H7/HAL_Lib/STM32H7xx_HAL_Driver/Src/stm32h7xx_hal_tim_ex.c ****     case TIM_BREAKINPUTSOURCE_COMP1:
2186:HW_Lib/STM32H7/HAL_Lib/STM32H7xx_HAL_Driver/Src/stm32h7xx_hal_tim_ex.c ****     {
2187:HW_Lib/STM32H7/HAL_Lib/STM32H7xx_HAL_Driver/Src/stm32h7xx_hal_tim_ex.c ****       bkin_enable_mask = TIM1_AF1_BKCMP1E;
 6276              		.loc 1 2187 24
 6277 006c 0223     		movs	r3, #2
 6278 006e FB61     		str	r3, [r7, #28]
2188:HW_Lib/STM32H7/HAL_Lib/STM32H7xx_HAL_Driver/Src/stm32h7xx_hal_tim_ex.c ****       bkin_enable_bitpos = TIM1_AF1_BKCMP1E_Pos;
 6279              		.loc 1 2188 26
 6280 0070 0123     		movs	r3, #1
 6281 0072 7B61     		str	r3, [r7, #20]
2189:HW_Lib/STM32H7/HAL_Lib/STM32H7xx_HAL_Driver/Src/stm32h7xx_hal_tim_ex.c ****       bkin_polarity_mask = TIM1_AF1_BKCMP1P;
 6282              		.loc 1 2189 26
 6283 0074 4FF48063 		mov	r3, #1024
 6284 0078 BB61     		str	r3, [r7, #24]
2190:HW_Lib/STM32H7/HAL_Lib/STM32H7xx_HAL_Driver/Src/stm32h7xx_hal_tim_ex.c ****       bkin_polarity_bitpos = TIM1_AF1_BKCMP1P_Pos;
 6285              		.loc 1 2190 28
 6286 007a 0A23     		movs	r3, #10
 6287 007c 3B61     		str	r3, [r7, #16]
2191:HW_Lib/STM32H7/HAL_Lib/STM32H7xx_HAL_Driver/Src/stm32h7xx_hal_tim_ex.c ****       break;
 6288              		.loc 1 2191 7
ARM GAS  C:\Users\HUAV\AppData\Local\Temp\ccIqAtUa.s 			page 149


 6289 007e 1CE0     		b	.L386
 6290              	.L383:
2192:HW_Lib/STM32H7/HAL_Lib/STM32H7xx_HAL_Driver/Src/stm32h7xx_hal_tim_ex.c ****     }
2193:HW_Lib/STM32H7/HAL_Lib/STM32H7xx_HAL_Driver/Src/stm32h7xx_hal_tim_ex.c ****     case TIM_BREAKINPUTSOURCE_COMP2:
2194:HW_Lib/STM32H7/HAL_Lib/STM32H7xx_HAL_Driver/Src/stm32h7xx_hal_tim_ex.c ****     {
2195:HW_Lib/STM32H7/HAL_Lib/STM32H7xx_HAL_Driver/Src/stm32h7xx_hal_tim_ex.c ****       bkin_enable_mask = TIM1_AF1_BKCMP2E;
 6291              		.loc 1 2195 24
 6292 0080 0423     		movs	r3, #4
 6293 0082 FB61     		str	r3, [r7, #28]
2196:HW_Lib/STM32H7/HAL_Lib/STM32H7xx_HAL_Driver/Src/stm32h7xx_hal_tim_ex.c ****       bkin_enable_bitpos = TIM1_AF1_BKCMP2E_Pos;
 6294              		.loc 1 2196 26
 6295 0084 0223     		movs	r3, #2
 6296 0086 7B61     		str	r3, [r7, #20]
2197:HW_Lib/STM32H7/HAL_Lib/STM32H7xx_HAL_Driver/Src/stm32h7xx_hal_tim_ex.c ****       bkin_polarity_mask = TIM1_AF1_BKCMP2P;
 6297              		.loc 1 2197 26
 6298 0088 4FF40063 		mov	r3, #2048
 6299 008c BB61     		str	r3, [r7, #24]
2198:HW_Lib/STM32H7/HAL_Lib/STM32H7xx_HAL_Driver/Src/stm32h7xx_hal_tim_ex.c ****       bkin_polarity_bitpos = TIM1_AF1_BKCMP2P_Pos;
 6300              		.loc 1 2198 28
 6301 008e 0B23     		movs	r3, #11
 6302 0090 3B61     		str	r3, [r7, #16]
2199:HW_Lib/STM32H7/HAL_Lib/STM32H7xx_HAL_Driver/Src/stm32h7xx_hal_tim_ex.c ****       break;
 6303              		.loc 1 2199 7
 6304 0092 12E0     		b	.L386
 6305              	.L381:
2200:HW_Lib/STM32H7/HAL_Lib/STM32H7xx_HAL_Driver/Src/stm32h7xx_hal_tim_ex.c ****     }
2201:HW_Lib/STM32H7/HAL_Lib/STM32H7xx_HAL_Driver/Src/stm32h7xx_hal_tim_ex.c ****     case TIM_BREAKINPUTSOURCE_DFSDM1:
2202:HW_Lib/STM32H7/HAL_Lib/STM32H7xx_HAL_Driver/Src/stm32h7xx_hal_tim_ex.c ****     {
2203:HW_Lib/STM32H7/HAL_Lib/STM32H7xx_HAL_Driver/Src/stm32h7xx_hal_tim_ex.c ****       bkin_enable_mask = TIM1_AF1_BKDF1BK0E;
 6306              		.loc 1 2203 24
 6307 0094 4FF48073 		mov	r3, #256
 6308 0098 FB61     		str	r3, [r7, #28]
2204:HW_Lib/STM32H7/HAL_Lib/STM32H7xx_HAL_Driver/Src/stm32h7xx_hal_tim_ex.c ****       bkin_enable_bitpos = TIM1_AF1_BKDF1BK0E_Pos;
 6309              		.loc 1 2204 26
 6310 009a 0823     		movs	r3, #8
 6311 009c 7B61     		str	r3, [r7, #20]
2205:HW_Lib/STM32H7/HAL_Lib/STM32H7xx_HAL_Driver/Src/stm32h7xx_hal_tim_ex.c ****       bkin_polarity_mask = 0U;
 6312              		.loc 1 2205 26
 6313 009e 0023     		movs	r3, #0
 6314 00a0 BB61     		str	r3, [r7, #24]
2206:HW_Lib/STM32H7/HAL_Lib/STM32H7xx_HAL_Driver/Src/stm32h7xx_hal_tim_ex.c ****       bkin_polarity_bitpos = 0U;
 6315              		.loc 1 2206 28
 6316 00a2 0023     		movs	r3, #0
 6317 00a4 3B61     		str	r3, [r7, #16]
2207:HW_Lib/STM32H7/HAL_Lib/STM32H7xx_HAL_Driver/Src/stm32h7xx_hal_tim_ex.c ****       break;
 6318              		.loc 1 2207 7
 6319 00a6 08E0     		b	.L386
 6320              	.L380:
2208:HW_Lib/STM32H7/HAL_Lib/STM32H7xx_HAL_Driver/Src/stm32h7xx_hal_tim_ex.c ****     }
2209:HW_Lib/STM32H7/HAL_Lib/STM32H7xx_HAL_Driver/Src/stm32h7xx_hal_tim_ex.c **** 
2210:HW_Lib/STM32H7/HAL_Lib/STM32H7xx_HAL_Driver/Src/stm32h7xx_hal_tim_ex.c ****     default:
2211:HW_Lib/STM32H7/HAL_Lib/STM32H7xx_HAL_Driver/Src/stm32h7xx_hal_tim_ex.c ****     {
2212:HW_Lib/STM32H7/HAL_Lib/STM32H7xx_HAL_Driver/Src/stm32h7xx_hal_tim_ex.c ****       bkin_enable_mask = 0U;
 6321              		.loc 1 2212 24
 6322 00a8 0023     		movs	r3, #0
 6323 00aa FB61     		str	r3, [r7, #28]
2213:HW_Lib/STM32H7/HAL_Lib/STM32H7xx_HAL_Driver/Src/stm32h7xx_hal_tim_ex.c ****       bkin_polarity_mask = 0U;
ARM GAS  C:\Users\HUAV\AppData\Local\Temp\ccIqAtUa.s 			page 150


 6324              		.loc 1 2213 26
 6325 00ac 0023     		movs	r3, #0
 6326 00ae BB61     		str	r3, [r7, #24]
2214:HW_Lib/STM32H7/HAL_Lib/STM32H7xx_HAL_Driver/Src/stm32h7xx_hal_tim_ex.c ****       bkin_enable_bitpos = 0U;
 6327              		.loc 1 2214 26
 6328 00b0 0023     		movs	r3, #0
 6329 00b2 7B61     		str	r3, [r7, #20]
2215:HW_Lib/STM32H7/HAL_Lib/STM32H7xx_HAL_Driver/Src/stm32h7xx_hal_tim_ex.c ****       bkin_polarity_bitpos = 0U;
 6330              		.loc 1 2215 28
 6331 00b4 0023     		movs	r3, #0
 6332 00b6 3B61     		str	r3, [r7, #16]
2216:HW_Lib/STM32H7/HAL_Lib/STM32H7xx_HAL_Driver/Src/stm32h7xx_hal_tim_ex.c ****       break;
 6333              		.loc 1 2216 7
 6334 00b8 00BF     		nop
 6335              	.L386:
2217:HW_Lib/STM32H7/HAL_Lib/STM32H7xx_HAL_Driver/Src/stm32h7xx_hal_tim_ex.c ****     }
2218:HW_Lib/STM32H7/HAL_Lib/STM32H7xx_HAL_Driver/Src/stm32h7xx_hal_tim_ex.c ****   }
2219:HW_Lib/STM32H7/HAL_Lib/STM32H7xx_HAL_Driver/Src/stm32h7xx_hal_tim_ex.c **** 
2220:HW_Lib/STM32H7/HAL_Lib/STM32H7xx_HAL_Driver/Src/stm32h7xx_hal_tim_ex.c ****   switch (BreakInput)
 6336              		.loc 1 2220 3
 6337 00ba BB68     		ldr	r3, [r7, #8]
 6338 00bc 012B     		cmp	r3, #1
 6339 00be 03D0     		beq	.L387
 6340 00c0 BB68     		ldr	r3, [r7, #8]
 6341 00c2 022B     		cmp	r3, #2
 6342 00c4 29D0     		beq	.L388
 6343 00c6 51E0     		b	.L393
 6344              	.L387:
2221:HW_Lib/STM32H7/HAL_Lib/STM32H7xx_HAL_Driver/Src/stm32h7xx_hal_tim_ex.c ****   {
2222:HW_Lib/STM32H7/HAL_Lib/STM32H7xx_HAL_Driver/Src/stm32h7xx_hal_tim_ex.c ****     case TIM_BREAKINPUT_BRK:
2223:HW_Lib/STM32H7/HAL_Lib/STM32H7xx_HAL_Driver/Src/stm32h7xx_hal_tim_ex.c ****     {
2224:HW_Lib/STM32H7/HAL_Lib/STM32H7xx_HAL_Driver/Src/stm32h7xx_hal_tim_ex.c ****       /* Get the TIMx_AF1 register value */
2225:HW_Lib/STM32H7/HAL_Lib/STM32H7xx_HAL_Driver/Src/stm32h7xx_hal_tim_ex.c ****       tmporx = htim->Instance->AF1;
 6345              		.loc 1 2225 20
 6346 00c8 FB68     		ldr	r3, [r7, #12]
 6347 00ca 1B68     		ldr	r3, [r3]
 6348              		.loc 1 2225 14
 6349 00cc 1B6E     		ldr	r3, [r3, #96]
 6350 00ce 3B62     		str	r3, [r7, #32]
2226:HW_Lib/STM32H7/HAL_Lib/STM32H7xx_HAL_Driver/Src/stm32h7xx_hal_tim_ex.c **** 
2227:HW_Lib/STM32H7/HAL_Lib/STM32H7xx_HAL_Driver/Src/stm32h7xx_hal_tim_ex.c ****       /* Enable the break input */
2228:HW_Lib/STM32H7/HAL_Lib/STM32H7xx_HAL_Driver/Src/stm32h7xx_hal_tim_ex.c ****       tmporx &= ~bkin_enable_mask;
 6351              		.loc 1 2228 17
 6352 00d0 FB69     		ldr	r3, [r7, #28]
 6353 00d2 DB43     		mvns	r3, r3
 6354              		.loc 1 2228 14
 6355 00d4 3A6A     		ldr	r2, [r7, #32]
 6356 00d6 1340     		ands	r3, r3, r2
 6357 00d8 3B62     		str	r3, [r7, #32]
2229:HW_Lib/STM32H7/HAL_Lib/STM32H7xx_HAL_Driver/Src/stm32h7xx_hal_tim_ex.c ****       tmporx |= (sBreakInputConfig->Enable << bkin_enable_bitpos) & bkin_enable_mask;
 6358              		.loc 1 2229 35
 6359 00da 7B68     		ldr	r3, [r7, #4]
 6360 00dc 5A68     		ldr	r2, [r3, #4]
 6361              		.loc 1 2229 44
 6362 00de 7B69     		ldr	r3, [r7, #20]
 6363 00e0 9A40     		lsls	r2, r2, r3
 6364              		.loc 1 2229 67
ARM GAS  C:\Users\HUAV\AppData\Local\Temp\ccIqAtUa.s 			page 151


 6365 00e2 FB69     		ldr	r3, [r7, #28]
 6366 00e4 1340     		ands	r3, r3, r2
 6367              		.loc 1 2229 14
 6368 00e6 3A6A     		ldr	r2, [r7, #32]
 6369 00e8 1343     		orrs	r3, r3, r2
 6370 00ea 3B62     		str	r3, [r7, #32]
2230:HW_Lib/STM32H7/HAL_Lib/STM32H7xx_HAL_Driver/Src/stm32h7xx_hal_tim_ex.c **** 
2231:HW_Lib/STM32H7/HAL_Lib/STM32H7xx_HAL_Driver/Src/stm32h7xx_hal_tim_ex.c ****       /* Set the break input polarity */
2232:HW_Lib/STM32H7/HAL_Lib/STM32H7xx_HAL_Driver/Src/stm32h7xx_hal_tim_ex.c ****       if (sBreakInputConfig->Source != TIM_BREAKINPUTSOURCE_DFSDM1)
 6371              		.loc 1 2232 28
 6372 00ec 7B68     		ldr	r3, [r7, #4]
 6373 00ee 1B68     		ldr	r3, [r3]
 6374              		.loc 1 2232 10
 6375 00f0 082B     		cmp	r3, #8
 6376 00f2 0DD0     		beq	.L390
2233:HW_Lib/STM32H7/HAL_Lib/STM32H7xx_HAL_Driver/Src/stm32h7xx_hal_tim_ex.c ****       {
2234:HW_Lib/STM32H7/HAL_Lib/STM32H7xx_HAL_Driver/Src/stm32h7xx_hal_tim_ex.c ****         tmporx &= ~bkin_polarity_mask;
 6377              		.loc 1 2234 19
 6378 00f4 BB69     		ldr	r3, [r7, #24]
 6379 00f6 DB43     		mvns	r3, r3
 6380              		.loc 1 2234 16
 6381 00f8 3A6A     		ldr	r2, [r7, #32]
 6382 00fa 1340     		ands	r3, r3, r2
 6383 00fc 3B62     		str	r3, [r7, #32]
2235:HW_Lib/STM32H7/HAL_Lib/STM32H7xx_HAL_Driver/Src/stm32h7xx_hal_tim_ex.c ****         tmporx |= (sBreakInputConfig->Polarity << bkin_polarity_bitpos) & bkin_polarity_mask;
 6384              		.loc 1 2235 37
 6385 00fe 7B68     		ldr	r3, [r7, #4]
 6386 0100 9A68     		ldr	r2, [r3, #8]
 6387              		.loc 1 2235 48
 6388 0102 3B69     		ldr	r3, [r7, #16]
 6389 0104 9A40     		lsls	r2, r2, r3
 6390              		.loc 1 2235 73
 6391 0106 BB69     		ldr	r3, [r7, #24]
 6392 0108 1340     		ands	r3, r3, r2
 6393              		.loc 1 2235 16
 6394 010a 3A6A     		ldr	r2, [r7, #32]
 6395 010c 1343     		orrs	r3, r3, r2
 6396 010e 3B62     		str	r3, [r7, #32]
 6397              	.L390:
2236:HW_Lib/STM32H7/HAL_Lib/STM32H7xx_HAL_Driver/Src/stm32h7xx_hal_tim_ex.c ****       }
2237:HW_Lib/STM32H7/HAL_Lib/STM32H7xx_HAL_Driver/Src/stm32h7xx_hal_tim_ex.c **** 
2238:HW_Lib/STM32H7/HAL_Lib/STM32H7xx_HAL_Driver/Src/stm32h7xx_hal_tim_ex.c ****       /* Set TIMx_AF1 */
2239:HW_Lib/STM32H7/HAL_Lib/STM32H7xx_HAL_Driver/Src/stm32h7xx_hal_tim_ex.c ****       htim->Instance->AF1 = tmporx;
 6398              		.loc 1 2239 11
 6399 0110 FB68     		ldr	r3, [r7, #12]
 6400 0112 1B68     		ldr	r3, [r3]
 6401              		.loc 1 2239 27
 6402 0114 3A6A     		ldr	r2, [r7, #32]
 6403 0116 1A66     		str	r2, [r3, #96]
2240:HW_Lib/STM32H7/HAL_Lib/STM32H7xx_HAL_Driver/Src/stm32h7xx_hal_tim_ex.c ****       break;
 6404              		.loc 1 2240 7
 6405 0118 2CE0     		b	.L391
 6406              	.L388:
2241:HW_Lib/STM32H7/HAL_Lib/STM32H7xx_HAL_Driver/Src/stm32h7xx_hal_tim_ex.c ****     }
2242:HW_Lib/STM32H7/HAL_Lib/STM32H7xx_HAL_Driver/Src/stm32h7xx_hal_tim_ex.c ****     case TIM_BREAKINPUT_BRK2:
2243:HW_Lib/STM32H7/HAL_Lib/STM32H7xx_HAL_Driver/Src/stm32h7xx_hal_tim_ex.c ****     {
2244:HW_Lib/STM32H7/HAL_Lib/STM32H7xx_HAL_Driver/Src/stm32h7xx_hal_tim_ex.c ****       /* Get the TIMx_AF2 register value */
ARM GAS  C:\Users\HUAV\AppData\Local\Temp\ccIqAtUa.s 			page 152


2245:HW_Lib/STM32H7/HAL_Lib/STM32H7xx_HAL_Driver/Src/stm32h7xx_hal_tim_ex.c ****       tmporx = htim->Instance->AF2;
 6407              		.loc 1 2245 20
 6408 011a FB68     		ldr	r3, [r7, #12]
 6409 011c 1B68     		ldr	r3, [r3]
 6410              		.loc 1 2245 14
 6411 011e 5B6E     		ldr	r3, [r3, #100]
 6412 0120 3B62     		str	r3, [r7, #32]
2246:HW_Lib/STM32H7/HAL_Lib/STM32H7xx_HAL_Driver/Src/stm32h7xx_hal_tim_ex.c **** 
2247:HW_Lib/STM32H7/HAL_Lib/STM32H7xx_HAL_Driver/Src/stm32h7xx_hal_tim_ex.c ****       /* Enable the break input */
2248:HW_Lib/STM32H7/HAL_Lib/STM32H7xx_HAL_Driver/Src/stm32h7xx_hal_tim_ex.c ****       tmporx &= ~bkin_enable_mask;
 6413              		.loc 1 2248 17
 6414 0122 FB69     		ldr	r3, [r7, #28]
 6415 0124 DB43     		mvns	r3, r3
 6416              		.loc 1 2248 14
 6417 0126 3A6A     		ldr	r2, [r7, #32]
 6418 0128 1340     		ands	r3, r3, r2
 6419 012a 3B62     		str	r3, [r7, #32]
2249:HW_Lib/STM32H7/HAL_Lib/STM32H7xx_HAL_Driver/Src/stm32h7xx_hal_tim_ex.c ****       tmporx |= (sBreakInputConfig->Enable << bkin_enable_bitpos) & bkin_enable_mask;
 6420              		.loc 1 2249 35
 6421 012c 7B68     		ldr	r3, [r7, #4]
 6422 012e 5A68     		ldr	r2, [r3, #4]
 6423              		.loc 1 2249 44
 6424 0130 7B69     		ldr	r3, [r7, #20]
 6425 0132 9A40     		lsls	r2, r2, r3
 6426              		.loc 1 2249 67
 6427 0134 FB69     		ldr	r3, [r7, #28]
 6428 0136 1340     		ands	r3, r3, r2
 6429              		.loc 1 2249 14
 6430 0138 3A6A     		ldr	r2, [r7, #32]
 6431 013a 1343     		orrs	r3, r3, r2
 6432 013c 3B62     		str	r3, [r7, #32]
2250:HW_Lib/STM32H7/HAL_Lib/STM32H7xx_HAL_Driver/Src/stm32h7xx_hal_tim_ex.c **** 
2251:HW_Lib/STM32H7/HAL_Lib/STM32H7xx_HAL_Driver/Src/stm32h7xx_hal_tim_ex.c ****       /* Set the break input polarity */
2252:HW_Lib/STM32H7/HAL_Lib/STM32H7xx_HAL_Driver/Src/stm32h7xx_hal_tim_ex.c ****       if (sBreakInputConfig->Source != TIM_BREAKINPUTSOURCE_DFSDM1)
 6433              		.loc 1 2252 28
 6434 013e 7B68     		ldr	r3, [r7, #4]
 6435 0140 1B68     		ldr	r3, [r3]
 6436              		.loc 1 2252 10
 6437 0142 082B     		cmp	r3, #8
 6438 0144 0DD0     		beq	.L392
2253:HW_Lib/STM32H7/HAL_Lib/STM32H7xx_HAL_Driver/Src/stm32h7xx_hal_tim_ex.c ****       {
2254:HW_Lib/STM32H7/HAL_Lib/STM32H7xx_HAL_Driver/Src/stm32h7xx_hal_tim_ex.c ****         tmporx &= ~bkin_polarity_mask;
 6439              		.loc 1 2254 19
 6440 0146 BB69     		ldr	r3, [r7, #24]
 6441 0148 DB43     		mvns	r3, r3
 6442              		.loc 1 2254 16
 6443 014a 3A6A     		ldr	r2, [r7, #32]
 6444 014c 1340     		ands	r3, r3, r2
 6445 014e 3B62     		str	r3, [r7, #32]
2255:HW_Lib/STM32H7/HAL_Lib/STM32H7xx_HAL_Driver/Src/stm32h7xx_hal_tim_ex.c ****         tmporx |= (sBreakInputConfig->Polarity << bkin_polarity_bitpos) & bkin_polarity_mask;
 6446              		.loc 1 2255 37
 6447 0150 7B68     		ldr	r3, [r7, #4]
 6448 0152 9A68     		ldr	r2, [r3, #8]
 6449              		.loc 1 2255 48
 6450 0154 3B69     		ldr	r3, [r7, #16]
 6451 0156 9A40     		lsls	r2, r2, r3
 6452              		.loc 1 2255 73
ARM GAS  C:\Users\HUAV\AppData\Local\Temp\ccIqAtUa.s 			page 153


 6453 0158 BB69     		ldr	r3, [r7, #24]
 6454 015a 1340     		ands	r3, r3, r2
 6455              		.loc 1 2255 16
 6456 015c 3A6A     		ldr	r2, [r7, #32]
 6457 015e 1343     		orrs	r3, r3, r2
 6458 0160 3B62     		str	r3, [r7, #32]
 6459              	.L392:
2256:HW_Lib/STM32H7/HAL_Lib/STM32H7xx_HAL_Driver/Src/stm32h7xx_hal_tim_ex.c ****       }
2257:HW_Lib/STM32H7/HAL_Lib/STM32H7xx_HAL_Driver/Src/stm32h7xx_hal_tim_ex.c **** 
2258:HW_Lib/STM32H7/HAL_Lib/STM32H7xx_HAL_Driver/Src/stm32h7xx_hal_tim_ex.c ****       /* Set TIMx_AF2 */
2259:HW_Lib/STM32H7/HAL_Lib/STM32H7xx_HAL_Driver/Src/stm32h7xx_hal_tim_ex.c ****       htim->Instance->AF2 = tmporx;
 6460              		.loc 1 2259 11
 6461 0162 FB68     		ldr	r3, [r7, #12]
 6462 0164 1B68     		ldr	r3, [r3]
 6463              		.loc 1 2259 27
 6464 0166 3A6A     		ldr	r2, [r7, #32]
 6465 0168 5A66     		str	r2, [r3, #100]
2260:HW_Lib/STM32H7/HAL_Lib/STM32H7xx_HAL_Driver/Src/stm32h7xx_hal_tim_ex.c ****       break;
 6466              		.loc 1 2260 7
 6467 016a 03E0     		b	.L391
 6468              	.L393:
2261:HW_Lib/STM32H7/HAL_Lib/STM32H7xx_HAL_Driver/Src/stm32h7xx_hal_tim_ex.c ****     }
2262:HW_Lib/STM32H7/HAL_Lib/STM32H7xx_HAL_Driver/Src/stm32h7xx_hal_tim_ex.c ****     default:
2263:HW_Lib/STM32H7/HAL_Lib/STM32H7xx_HAL_Driver/Src/stm32h7xx_hal_tim_ex.c ****       status = HAL_ERROR;
 6469              		.loc 1 2263 14
 6470 016c 0123     		movs	r3, #1
 6471 016e 87F82730 		strb	r3, [r7, #39]
2264:HW_Lib/STM32H7/HAL_Lib/STM32H7xx_HAL_Driver/Src/stm32h7xx_hal_tim_ex.c ****       break;
 6472              		.loc 1 2264 7
 6473 0172 00BF     		nop
 6474              	.L391:
2265:HW_Lib/STM32H7/HAL_Lib/STM32H7xx_HAL_Driver/Src/stm32h7xx_hal_tim_ex.c ****   }
2266:HW_Lib/STM32H7/HAL_Lib/STM32H7xx_HAL_Driver/Src/stm32h7xx_hal_tim_ex.c **** 
2267:HW_Lib/STM32H7/HAL_Lib/STM32H7xx_HAL_Driver/Src/stm32h7xx_hal_tim_ex.c ****   __HAL_UNLOCK(htim);
 6475              		.loc 1 2267 3
 6476 0174 FB68     		ldr	r3, [r7, #12]
 6477 0176 0022     		movs	r2, #0
 6478 0178 83F83C20 		strb	r2, [r3, #60]
2268:HW_Lib/STM32H7/HAL_Lib/STM32H7xx_HAL_Driver/Src/stm32h7xx_hal_tim_ex.c **** 
2269:HW_Lib/STM32H7/HAL_Lib/STM32H7xx_HAL_Driver/Src/stm32h7xx_hal_tim_ex.c ****   return status;
 6479              		.loc 1 2269 10
 6480 017c 97F82730 		ldrb	r3, [r7, #39]	@ zero_extendqisi2
 6481              	.L379:
2270:HW_Lib/STM32H7/HAL_Lib/STM32H7xx_HAL_Driver/Src/stm32h7xx_hal_tim_ex.c **** }
 6482              		.loc 1 2270 1
 6483 0180 1846     		mov	r0, r3
 6484 0182 2C37     		adds	r7, r7, #44
 6485              	.LCFI165:
 6486              		.cfi_def_cfa_offset 4
 6487 0184 BD46     		mov	sp, r7
 6488              	.LCFI166:
 6489              		.cfi_def_cfa_register 13
 6490              		@ sp needed
 6491 0186 5DF8047B 		ldr	r7, [sp], #4
 6492              	.LCFI167:
 6493              		.cfi_restore 7
 6494              		.cfi_def_cfa_offset 0
ARM GAS  C:\Users\HUAV\AppData\Local\Temp\ccIqAtUa.s 			page 154


 6495 018a 7047     		bx	lr
 6496              		.cfi_endproc
 6497              	.LFE364:
 6499              		.section	.text.HAL_TIMEx_RemapConfig,"ax",%progbits
 6500              		.align	1
 6501              		.global	HAL_TIMEx_RemapConfig
 6502              		.syntax unified
 6503              		.thumb
 6504              		.thumb_func
 6506              	HAL_TIMEx_RemapConfig:
 6507              	.LFB365:
2271:HW_Lib/STM32H7/HAL_Lib/STM32H7xx_HAL_Driver/Src/stm32h7xx_hal_tim_ex.c **** #endif /*TIM_BREAK_INPUT_SUPPORT */
2272:HW_Lib/STM32H7/HAL_Lib/STM32H7xx_HAL_Driver/Src/stm32h7xx_hal_tim_ex.c **** 
2273:HW_Lib/STM32H7/HAL_Lib/STM32H7xx_HAL_Driver/Src/stm32h7xx_hal_tim_ex.c **** /**
2274:HW_Lib/STM32H7/HAL_Lib/STM32H7xx_HAL_Driver/Src/stm32h7xx_hal_tim_ex.c ****   * @brief  Configures the TIMx Remapping input capabilities.
2275:HW_Lib/STM32H7/HAL_Lib/STM32H7xx_HAL_Driver/Src/stm32h7xx_hal_tim_ex.c ****   * @param  htim TIM handle.
2276:HW_Lib/STM32H7/HAL_Lib/STM32H7xx_HAL_Driver/Src/stm32h7xx_hal_tim_ex.c ****   * @param  Remap specifies the TIM remapping source.
2277:HW_Lib/STM32H7/HAL_Lib/STM32H7xx_HAL_Driver/Src/stm32h7xx_hal_tim_ex.c ****   *         For TIM1, the parameter is one of the following values:
2278:HW_Lib/STM32H7/HAL_Lib/STM32H7xx_HAL_Driver/Src/stm32h7xx_hal_tim_ex.c ****   *            @arg TIM_TIM1_ETR_GPIO:               TIM1_ETR is connected to GPIO
2279:HW_Lib/STM32H7/HAL_Lib/STM32H7xx_HAL_Driver/Src/stm32h7xx_hal_tim_ex.c ****   *            @arg TIM_TIM1_ETR_COMP1:              TIM1_ETR is connected to COMP1 output
2280:HW_Lib/STM32H7/HAL_Lib/STM32H7xx_HAL_Driver/Src/stm32h7xx_hal_tim_ex.c ****   *            @arg TIM_TIM1_ETR_COMP2:              TIM1_ETR is connected to COMP2 output
2281:HW_Lib/STM32H7/HAL_Lib/STM32H7xx_HAL_Driver/Src/stm32h7xx_hal_tim_ex.c ****   *            @arg TIM_TIM1_ETR_ADC1_AWD1:          TIM1_ETR is connected to ADC1 AWD1
2282:HW_Lib/STM32H7/HAL_Lib/STM32H7xx_HAL_Driver/Src/stm32h7xx_hal_tim_ex.c ****   *            @arg TIM_TIM1_ETR_ADC1_AWD2:          TIM1_ETR is connected to ADC1 AWD2
2283:HW_Lib/STM32H7/HAL_Lib/STM32H7xx_HAL_Driver/Src/stm32h7xx_hal_tim_ex.c ****   *            @arg TIM_TIM1_ETR_ADC1_AWD3:          TIM1_ETR is connected to ADC1 AWD3
2284:HW_Lib/STM32H7/HAL_Lib/STM32H7xx_HAL_Driver/Src/stm32h7xx_hal_tim_ex.c ****   *            @arg TIM_TIM1_ETR_ADC3_AWD1:          TIM1_ETR is connected to ADC3 AWD1
2285:HW_Lib/STM32H7/HAL_Lib/STM32H7xx_HAL_Driver/Src/stm32h7xx_hal_tim_ex.c ****   *            @arg TIM_TIM1_ETR_ADC3_AWD2:          TIM1_ETR is connected to ADC3 AWD2
2286:HW_Lib/STM32H7/HAL_Lib/STM32H7xx_HAL_Driver/Src/stm32h7xx_hal_tim_ex.c ****   *            @arg TIM_TIM1_ETR_ADC3_AWD3:          TIM1_ETR is connected to ADC3 AWD3
2287:HW_Lib/STM32H7/HAL_Lib/STM32H7xx_HAL_Driver/Src/stm32h7xx_hal_tim_ex.c ****   *
2288:HW_Lib/STM32H7/HAL_Lib/STM32H7xx_HAL_Driver/Src/stm32h7xx_hal_tim_ex.c ****   *         For TIM2, the parameter is one of the following values:
2289:HW_Lib/STM32H7/HAL_Lib/STM32H7xx_HAL_Driver/Src/stm32h7xx_hal_tim_ex.c ****   *            @arg TIM_TIM2_ETR_GPIO:               TIM2_ETR is connected to GPIO
2290:HW_Lib/STM32H7/HAL_Lib/STM32H7xx_HAL_Driver/Src/stm32h7xx_hal_tim_ex.c ****   *            @arg TIM_TIM2_ETR_COMP1:              TIM2_ETR is connected to COMP1 output
2291:HW_Lib/STM32H7/HAL_Lib/STM32H7xx_HAL_Driver/Src/stm32h7xx_hal_tim_ex.c ****   *            @arg TIM_TIM2_ETR_COMP2:              TIM2_ETR is connected to COMP2 output
2292:HW_Lib/STM32H7/HAL_Lib/STM32H7xx_HAL_Driver/Src/stm32h7xx_hal_tim_ex.c ****   *            @arg TIM_TIM2_ETR_LSE:                TIM2_ETR is connected to LSE
2293:HW_Lib/STM32H7/HAL_Lib/STM32H7xx_HAL_Driver/Src/stm32h7xx_hal_tim_ex.c ****   *            @arg TIM_TIM2_ETR_SAI1_FSA:           TIM2_ETR is connected to SAI1 FS_A
2294:HW_Lib/STM32H7/HAL_Lib/STM32H7xx_HAL_Driver/Src/stm32h7xx_hal_tim_ex.c ****   *            @arg TIM_TIM2_ETR_SAI1_FSB:           TIM2_ETR is connected to SAI1 FS_B
2295:HW_Lib/STM32H7/HAL_Lib/STM32H7xx_HAL_Driver/Src/stm32h7xx_hal_tim_ex.c ****   *
2296:HW_Lib/STM32H7/HAL_Lib/STM32H7xx_HAL_Driver/Src/stm32h7xx_hal_tim_ex.c ****   *         For TIM3, the parameter is one of the following values:
2297:HW_Lib/STM32H7/HAL_Lib/STM32H7xx_HAL_Driver/Src/stm32h7xx_hal_tim_ex.c ****   *            @arg TIM_TIM3_ETR_GPIO:               TIM3_ETR is connected to GPIO
2298:HW_Lib/STM32H7/HAL_Lib/STM32H7xx_HAL_Driver/Src/stm32h7xx_hal_tim_ex.c ****   *            @arg TIM_TIM3_ETR_COMP1:              TIM3_ETR is connected to COMP1 output
2299:HW_Lib/STM32H7/HAL_Lib/STM32H7xx_HAL_Driver/Src/stm32h7xx_hal_tim_ex.c ****   *
2300:HW_Lib/STM32H7/HAL_Lib/STM32H7xx_HAL_Driver/Src/stm32h7xx_hal_tim_ex.c ****   *         For TIM5, the parameter is one of the following values:
2301:HW_Lib/STM32H7/HAL_Lib/STM32H7xx_HAL_Driver/Src/stm32h7xx_hal_tim_ex.c ****   *            @arg TIM_TIM5_ETR_GPIO:               TIM5_ETR is connected to GPIO
2302:HW_Lib/STM32H7/HAL_Lib/STM32H7xx_HAL_Driver/Src/stm32h7xx_hal_tim_ex.c ****   *            @arg TIM_TIM5_ETR_SAI2_FSA:           TIM5_ETR is connected to SAI2 FS_A (*)
2303:HW_Lib/STM32H7/HAL_Lib/STM32H7xx_HAL_Driver/Src/stm32h7xx_hal_tim_ex.c ****   *            @arg TIM_TIM5_ETR_SAI2_FSB:           TIM5_ETR is connected to SAI2 FS_B (*)
2304:HW_Lib/STM32H7/HAL_Lib/STM32H7xx_HAL_Driver/Src/stm32h7xx_hal_tim_ex.c ****   *            @arg TIM_TIM5_ETR_SAI4_FSA:           TIM5_ETR is connected to SAI2 FS_A (*)
2305:HW_Lib/STM32H7/HAL_Lib/STM32H7xx_HAL_Driver/Src/stm32h7xx_hal_tim_ex.c ****   *            @arg TIM_TIM5_ETR_SAI4_FSB:           TIM5_ETR is connected to SAI2 FS_B (*)
2306:HW_Lib/STM32H7/HAL_Lib/STM32H7xx_HAL_Driver/Src/stm32h7xx_hal_tim_ex.c ****   *
2307:HW_Lib/STM32H7/HAL_Lib/STM32H7xx_HAL_Driver/Src/stm32h7xx_hal_tim_ex.c ****   *         For TIM8, the parameter is one of the following values:
2308:HW_Lib/STM32H7/HAL_Lib/STM32H7xx_HAL_Driver/Src/stm32h7xx_hal_tim_ex.c ****   *            @arg TIM_TIM8_ETR_GPIO:               TIM8_ETR is connected to GPIO
2309:HW_Lib/STM32H7/HAL_Lib/STM32H7xx_HAL_Driver/Src/stm32h7xx_hal_tim_ex.c ****   *            @arg TIM_TIM8_ETR_COMP1:              TIM8_ETR is connected to COMP1 output
2310:HW_Lib/STM32H7/HAL_Lib/STM32H7xx_HAL_Driver/Src/stm32h7xx_hal_tim_ex.c ****   *            @arg TIM_TIM8_ETR_COMP2:              TIM8_ETR is connected to COMP2 output
2311:HW_Lib/STM32H7/HAL_Lib/STM32H7xx_HAL_Driver/Src/stm32h7xx_hal_tim_ex.c ****   *            @arg TIM_TIM8_ETR_ADC2_AWD1:          TIM8_ETR is connected to ADC2 AWD1
2312:HW_Lib/STM32H7/HAL_Lib/STM32H7xx_HAL_Driver/Src/stm32h7xx_hal_tim_ex.c ****   *            @arg TIM_TIM8_ETR_ADC2_AWD2:          TIM8_ETR is connected to ADC2 AWD2
2313:HW_Lib/STM32H7/HAL_Lib/STM32H7xx_HAL_Driver/Src/stm32h7xx_hal_tim_ex.c ****   *            @arg TIM_TIM8_ETR_ADC2_AWD3:          TIM8_ETR is connected to ADC2 AWD3
2314:HW_Lib/STM32H7/HAL_Lib/STM32H7xx_HAL_Driver/Src/stm32h7xx_hal_tim_ex.c ****   *            @arg TIM_TIM8_ETR_ADC3_AWD1:          TIM8_ETR is connected to ADC3 AWD1
2315:HW_Lib/STM32H7/HAL_Lib/STM32H7xx_HAL_Driver/Src/stm32h7xx_hal_tim_ex.c ****   *            @arg TIM_TIM8_ETR_ADC3_AWD2:          TIM8_ETR is connected to ADC3 AWD2
2316:HW_Lib/STM32H7/HAL_Lib/STM32H7xx_HAL_Driver/Src/stm32h7xx_hal_tim_ex.c ****   *            @arg TIM_TIM8_ETR_ADC3_AWD3:          TIM8_ETR is connected to ADC3 AWD3
ARM GAS  C:\Users\HUAV\AppData\Local\Temp\ccIqAtUa.s 			page 155


2317:HW_Lib/STM32H7/HAL_Lib/STM32H7xx_HAL_Driver/Src/stm32h7xx_hal_tim_ex.c ****   *
2318:HW_Lib/STM32H7/HAL_Lib/STM32H7xx_HAL_Driver/Src/stm32h7xx_hal_tim_ex.c ****   *         For TIM23, the parameter is one of the following values: (*)
2319:HW_Lib/STM32H7/HAL_Lib/STM32H7xx_HAL_Driver/Src/stm32h7xx_hal_tim_ex.c ****   *            @arg TIM_TIM23_ETR_GPIO               TIM23_ETR is connected to GPIO
2320:HW_Lib/STM32H7/HAL_Lib/STM32H7xx_HAL_Driver/Src/stm32h7xx_hal_tim_ex.c ****   *            @arg TIM_TIM23_ETR_COMP1              TIM23_ETR is connected to COMP1 output
2321:HW_Lib/STM32H7/HAL_Lib/STM32H7xx_HAL_Driver/Src/stm32h7xx_hal_tim_ex.c ****   *            @arg TIM_TIM23_ETR_COMP2              TIM23_ETR is connected to COMP2 output
2322:HW_Lib/STM32H7/HAL_Lib/STM32H7xx_HAL_Driver/Src/stm32h7xx_hal_tim_ex.c ****   *
2323:HW_Lib/STM32H7/HAL_Lib/STM32H7xx_HAL_Driver/Src/stm32h7xx_hal_tim_ex.c ****   *         For TIM24, the parameter is one of the following values: (*)
2324:HW_Lib/STM32H7/HAL_Lib/STM32H7xx_HAL_Driver/Src/stm32h7xx_hal_tim_ex.c ****   *           @arg TIM_TIM24_ETR_GPIO                TIM24_ETR is connected to GPIO
2325:HW_Lib/STM32H7/HAL_Lib/STM32H7xx_HAL_Driver/Src/stm32h7xx_hal_tim_ex.c ****   *           @arg TIM_TIM24_ETR_SAI4_FSA            TIM24_ETR is connected to SAI4 FS_A
2326:HW_Lib/STM32H7/HAL_Lib/STM32H7xx_HAL_Driver/Src/stm32h7xx_hal_tim_ex.c ****   *           @arg TIM_TIM24_ETR_SAI4_FSB            TIM24_ETR is connected to SAI4 FS_B
2327:HW_Lib/STM32H7/HAL_Lib/STM32H7xx_HAL_Driver/Src/stm32h7xx_hal_tim_ex.c ****   *           @arg TIM_TIM24_ETR_SAI1_FSA            TIM24_ETR is connected to SAI1 FS_A
2328:HW_Lib/STM32H7/HAL_Lib/STM32H7xx_HAL_Driver/Src/stm32h7xx_hal_tim_ex.c ****   *           @arg TIM_TIM24_ETR_SAI1_FSB            TIM24_ETR is connected to SAI1 FS_B
2329:HW_Lib/STM32H7/HAL_Lib/STM32H7xx_HAL_Driver/Src/stm32h7xx_hal_tim_ex.c ****   *
2330:HW_Lib/STM32H7/HAL_Lib/STM32H7xx_HAL_Driver/Src/stm32h7xx_hal_tim_ex.c ****   *         (*)  Value not defined in all devices.
2331:HW_Lib/STM32H7/HAL_Lib/STM32H7xx_HAL_Driver/Src/stm32h7xx_hal_tim_ex.c ****   *
2332:HW_Lib/STM32H7/HAL_Lib/STM32H7xx_HAL_Driver/Src/stm32h7xx_hal_tim_ex.c ****   * @retval HAL status
2333:HW_Lib/STM32H7/HAL_Lib/STM32H7xx_HAL_Driver/Src/stm32h7xx_hal_tim_ex.c ****   */
2334:HW_Lib/STM32H7/HAL_Lib/STM32H7xx_HAL_Driver/Src/stm32h7xx_hal_tim_ex.c **** HAL_StatusTypeDef HAL_TIMEx_RemapConfig(TIM_HandleTypeDef *htim, uint32_t Remap)
2335:HW_Lib/STM32H7/HAL_Lib/STM32H7xx_HAL_Driver/Src/stm32h7xx_hal_tim_ex.c **** {
 6508              		.loc 1 2335 1
 6509              		.cfi_startproc
 6510              		@ args = 0, pretend = 0, frame = 8
 6511              		@ frame_needed = 1, uses_anonymous_args = 0
 6512              		@ link register save eliminated.
 6513 0000 80B4     		push	{r7}
 6514              	.LCFI168:
 6515              		.cfi_def_cfa_offset 4
 6516              		.cfi_offset 7, -4
 6517 0002 83B0     		sub	sp, sp, #12
 6518              	.LCFI169:
 6519              		.cfi_def_cfa_offset 16
 6520 0004 00AF     		add	r7, sp, #0
 6521              	.LCFI170:
 6522              		.cfi_def_cfa_register 7
 6523 0006 7860     		str	r0, [r7, #4]
 6524 0008 3960     		str	r1, [r7]
2336:HW_Lib/STM32H7/HAL_Lib/STM32H7xx_HAL_Driver/Src/stm32h7xx_hal_tim_ex.c ****   /* Check parameters */
2337:HW_Lib/STM32H7/HAL_Lib/STM32H7xx_HAL_Driver/Src/stm32h7xx_hal_tim_ex.c ****   assert_param(IS_TIM_REMAP_INSTANCE(htim->Instance));
2338:HW_Lib/STM32H7/HAL_Lib/STM32H7xx_HAL_Driver/Src/stm32h7xx_hal_tim_ex.c ****   assert_param(IS_TIM_REMAP(Remap));
2339:HW_Lib/STM32H7/HAL_Lib/STM32H7xx_HAL_Driver/Src/stm32h7xx_hal_tim_ex.c **** 
2340:HW_Lib/STM32H7/HAL_Lib/STM32H7xx_HAL_Driver/Src/stm32h7xx_hal_tim_ex.c ****   __HAL_LOCK(htim);
 6525              		.loc 1 2340 3
 6526 000a 7B68     		ldr	r3, [r7, #4]
 6527 000c 93F83C30 		ldrb	r3, [r3, #60]	@ zero_extendqisi2
 6528 0010 012B     		cmp	r3, #1
 6529 0012 01D1     		bne	.L395
 6530              		.loc 1 2340 3 is_stmt 0 discriminator 1
 6531 0014 0223     		movs	r3, #2
 6532 0016 12E0     		b	.L396
 6533              	.L395:
 6534              		.loc 1 2340 3 discriminator 2
 6535 0018 7B68     		ldr	r3, [r7, #4]
 6536 001a 0122     		movs	r2, #1
 6537 001c 83F83C20 		strb	r2, [r3, #60]
2341:HW_Lib/STM32H7/HAL_Lib/STM32H7xx_HAL_Driver/Src/stm32h7xx_hal_tim_ex.c **** 
2342:HW_Lib/STM32H7/HAL_Lib/STM32H7xx_HAL_Driver/Src/stm32h7xx_hal_tim_ex.c ****   MODIFY_REG(htim->Instance->AF1, TIM1_AF1_ETRSEL_Msk, Remap);
 6538              		.loc 1 2342 3 is_stmt 1 discriminator 2
ARM GAS  C:\Users\HUAV\AppData\Local\Temp\ccIqAtUa.s 			page 156


 6539 0020 7B68     		ldr	r3, [r7, #4]
 6540 0022 1B68     		ldr	r3, [r3]
 6541 0024 1B6E     		ldr	r3, [r3, #96]
 6542 0026 23F47031 		bic	r1, r3, #245760
 6543 002a 7B68     		ldr	r3, [r7, #4]
 6544 002c 1B68     		ldr	r3, [r3]
 6545 002e 3A68     		ldr	r2, [r7]
 6546 0030 0A43     		orrs	r2, r2, r1
 6547 0032 1A66     		str	r2, [r3, #96]
2343:HW_Lib/STM32H7/HAL_Lib/STM32H7xx_HAL_Driver/Src/stm32h7xx_hal_tim_ex.c **** 
2344:HW_Lib/STM32H7/HAL_Lib/STM32H7xx_HAL_Driver/Src/stm32h7xx_hal_tim_ex.c ****   __HAL_UNLOCK(htim);
 6548              		.loc 1 2344 3 discriminator 2
 6549 0034 7B68     		ldr	r3, [r7, #4]
 6550 0036 0022     		movs	r2, #0
 6551 0038 83F83C20 		strb	r2, [r3, #60]
2345:HW_Lib/STM32H7/HAL_Lib/STM32H7xx_HAL_Driver/Src/stm32h7xx_hal_tim_ex.c **** 
2346:HW_Lib/STM32H7/HAL_Lib/STM32H7xx_HAL_Driver/Src/stm32h7xx_hal_tim_ex.c ****   return HAL_OK;
 6552              		.loc 1 2346 10 discriminator 2
 6553 003c 0023     		movs	r3, #0
 6554              	.L396:
2347:HW_Lib/STM32H7/HAL_Lib/STM32H7xx_HAL_Driver/Src/stm32h7xx_hal_tim_ex.c **** }
 6555              		.loc 1 2347 1
 6556 003e 1846     		mov	r0, r3
 6557 0040 0C37     		adds	r7, r7, #12
 6558              	.LCFI171:
 6559              		.cfi_def_cfa_offset 4
 6560 0042 BD46     		mov	sp, r7
 6561              	.LCFI172:
 6562              		.cfi_def_cfa_register 13
 6563              		@ sp needed
 6564 0044 5DF8047B 		ldr	r7, [sp], #4
 6565              	.LCFI173:
 6566              		.cfi_restore 7
 6567              		.cfi_def_cfa_offset 0
 6568 0048 7047     		bx	lr
 6569              		.cfi_endproc
 6570              	.LFE365:
 6572              		.section	.text.HAL_TIMEx_TISelection,"ax",%progbits
 6573              		.align	1
 6574              		.global	HAL_TIMEx_TISelection
 6575              		.syntax unified
 6576              		.thumb
 6577              		.thumb_func
 6579              	HAL_TIMEx_TISelection:
 6580              	.LFB366:
2348:HW_Lib/STM32H7/HAL_Lib/STM32H7xx_HAL_Driver/Src/stm32h7xx_hal_tim_ex.c **** 
2349:HW_Lib/STM32H7/HAL_Lib/STM32H7xx_HAL_Driver/Src/stm32h7xx_hal_tim_ex.c **** /**
2350:HW_Lib/STM32H7/HAL_Lib/STM32H7xx_HAL_Driver/Src/stm32h7xx_hal_tim_ex.c ****   * @brief  Select the timer input source
2351:HW_Lib/STM32H7/HAL_Lib/STM32H7xx_HAL_Driver/Src/stm32h7xx_hal_tim_ex.c ****   * @param  htim TIM handle.
2352:HW_Lib/STM32H7/HAL_Lib/STM32H7xx_HAL_Driver/Src/stm32h7xx_hal_tim_ex.c ****   * @param  Channel specifies the TIM Channel
2353:HW_Lib/STM32H7/HAL_Lib/STM32H7xx_HAL_Driver/Src/stm32h7xx_hal_tim_ex.c ****   *          This parameter can be one of the following values:
2354:HW_Lib/STM32H7/HAL_Lib/STM32H7xx_HAL_Driver/Src/stm32h7xx_hal_tim_ex.c ****   *            @arg TIM_CHANNEL_1: TI1 input channel
2355:HW_Lib/STM32H7/HAL_Lib/STM32H7xx_HAL_Driver/Src/stm32h7xx_hal_tim_ex.c ****   *            @arg TIM_CHANNEL_2: TI2 input channel
2356:HW_Lib/STM32H7/HAL_Lib/STM32H7xx_HAL_Driver/Src/stm32h7xx_hal_tim_ex.c ****   *            @arg TIM_CHANNEL_3: TIM Channel 3
2357:HW_Lib/STM32H7/HAL_Lib/STM32H7xx_HAL_Driver/Src/stm32h7xx_hal_tim_ex.c ****   *            @arg TIM_CHANNEL_4: TIM Channel 4
2358:HW_Lib/STM32H7/HAL_Lib/STM32H7xx_HAL_Driver/Src/stm32h7xx_hal_tim_ex.c ****   * @param  TISelection parameter of the TIM_TISelectionStruct structure is detailed as follows:
2359:HW_Lib/STM32H7/HAL_Lib/STM32H7xx_HAL_Driver/Src/stm32h7xx_hal_tim_ex.c ****   *         For TIM1, the parameter is one of the following values:
ARM GAS  C:\Users\HUAV\AppData\Local\Temp\ccIqAtUa.s 			page 157


2360:HW_Lib/STM32H7/HAL_Lib/STM32H7xx_HAL_Driver/Src/stm32h7xx_hal_tim_ex.c ****   *            @arg TIM_TIM1_TI1_GPIO:                TIM1 TI1 is connected to GPIO
2361:HW_Lib/STM32H7/HAL_Lib/STM32H7xx_HAL_Driver/Src/stm32h7xx_hal_tim_ex.c ****   *            @arg TIM_TIM1_TI1_COMP1:               TIM1 TI1 is connected to COMP1 output
2362:HW_Lib/STM32H7/HAL_Lib/STM32H7xx_HAL_Driver/Src/stm32h7xx_hal_tim_ex.c ****   *
2363:HW_Lib/STM32H7/HAL_Lib/STM32H7xx_HAL_Driver/Src/stm32h7xx_hal_tim_ex.c ****   *         For TIM2, the parameter is one of the following values:
2364:HW_Lib/STM32H7/HAL_Lib/STM32H7xx_HAL_Driver/Src/stm32h7xx_hal_tim_ex.c ****   *            @arg TIM_TIM2_TI4_GPIO:                TIM2 TI4 is connected to GPIO
2365:HW_Lib/STM32H7/HAL_Lib/STM32H7xx_HAL_Driver/Src/stm32h7xx_hal_tim_ex.c ****   *            @arg TIM_TIM2_TI4_COMP1:               TIM2 TI4 is connected to COMP1 output
2366:HW_Lib/STM32H7/HAL_Lib/STM32H7xx_HAL_Driver/Src/stm32h7xx_hal_tim_ex.c ****   *            @arg TIM_TIM2_TI4_COMP2:               TIM2 TI4 is connected to COMP2 output
2367:HW_Lib/STM32H7/HAL_Lib/STM32H7xx_HAL_Driver/Src/stm32h7xx_hal_tim_ex.c ****   *            @arg TIM_TIM2_TI4_COMP1_COMP2:         TIM2 TI4 is connected to logical OR between C
2368:HW_Lib/STM32H7/HAL_Lib/STM32H7xx_HAL_Driver/Src/stm32h7xx_hal_tim_ex.c ****   *
2369:HW_Lib/STM32H7/HAL_Lib/STM32H7xx_HAL_Driver/Src/stm32h7xx_hal_tim_ex.c ****   *         For TIM3, the parameter is one of the following values:
2370:HW_Lib/STM32H7/HAL_Lib/STM32H7xx_HAL_Driver/Src/stm32h7xx_hal_tim_ex.c ****   *            @arg TIM_TIM3_TI1_GPIO:                TIM3 TI1 is connected to GPIO
2371:HW_Lib/STM32H7/HAL_Lib/STM32H7xx_HAL_Driver/Src/stm32h7xx_hal_tim_ex.c ****   *            @arg TIM_TIM3_TI1_COMP1:               TIM3 TI1 is connected to COMP1 output
2372:HW_Lib/STM32H7/HAL_Lib/STM32H7xx_HAL_Driver/Src/stm32h7xx_hal_tim_ex.c ****   *            @arg TIM_TIM3_TI1_COMP2:               TIM3 TI1 is connected to COMP2 output
2373:HW_Lib/STM32H7/HAL_Lib/STM32H7xx_HAL_Driver/Src/stm32h7xx_hal_tim_ex.c ****   *            @arg TIM_TIM3_TI1_COMP1_COMP2:         TIM3 TI1 is connected to logical OR between C
2374:HW_Lib/STM32H7/HAL_Lib/STM32H7xx_HAL_Driver/Src/stm32h7xx_hal_tim_ex.c ****   *
2375:HW_Lib/STM32H7/HAL_Lib/STM32H7xx_HAL_Driver/Src/stm32h7xx_hal_tim_ex.c ****   *         For TIM5, the parameter is one of the following values:
2376:HW_Lib/STM32H7/HAL_Lib/STM32H7xx_HAL_Driver/Src/stm32h7xx_hal_tim_ex.c ****   *            @arg TIM_TIM5_TI1_GPIO:                TIM5 TI1 is connected to GPIO
2377:HW_Lib/STM32H7/HAL_Lib/STM32H7xx_HAL_Driver/Src/stm32h7xx_hal_tim_ex.c ****   *            @arg TIM_TIM5_TI1_CAN_TMP:             TIM5 TI1 is connected to CAN TMP
2378:HW_Lib/STM32H7/HAL_Lib/STM32H7xx_HAL_Driver/Src/stm32h7xx_hal_tim_ex.c ****   *            @arg TIM_TIM5_TI1_CAN_RTP:             TIM5 TI1 is connected to CAN RTP
2379:HW_Lib/STM32H7/HAL_Lib/STM32H7xx_HAL_Driver/Src/stm32h7xx_hal_tim_ex.c ****   *
2380:HW_Lib/STM32H7/HAL_Lib/STM32H7xx_HAL_Driver/Src/stm32h7xx_hal_tim_ex.c ****   *         For TIM8, the parameter is one of the following values:
2381:HW_Lib/STM32H7/HAL_Lib/STM32H7xx_HAL_Driver/Src/stm32h7xx_hal_tim_ex.c ****   *            @arg TIM_TIM8_TI1_GPIO:               TIM8 TI1 is connected to GPIO
2382:HW_Lib/STM32H7/HAL_Lib/STM32H7xx_HAL_Driver/Src/stm32h7xx_hal_tim_ex.c ****   *            @arg TIM_TIM8_TI1_COMP2:              TIM8 TI1 is connected to COMP2 output
2383:HW_Lib/STM32H7/HAL_Lib/STM32H7xx_HAL_Driver/Src/stm32h7xx_hal_tim_ex.c ****   *
2384:HW_Lib/STM32H7/HAL_Lib/STM32H7xx_HAL_Driver/Src/stm32h7xx_hal_tim_ex.c ****   *         For TIM12, the parameter can have the following values: (*)
2385:HW_Lib/STM32H7/HAL_Lib/STM32H7xx_HAL_Driver/Src/stm32h7xx_hal_tim_ex.c ****   *            @arg TIM_TIM12_TI1_GPIO:              TIM12 TI1 is connected to GPIO
2386:HW_Lib/STM32H7/HAL_Lib/STM32H7xx_HAL_Driver/Src/stm32h7xx_hal_tim_ex.c ****   *            @arg TIM_TIM12_TI1_SPDIF_FS:          TIM12 TI1 is connected to SPDIF FS
2387:HW_Lib/STM32H7/HAL_Lib/STM32H7xx_HAL_Driver/Src/stm32h7xx_hal_tim_ex.c ****   *
2388:HW_Lib/STM32H7/HAL_Lib/STM32H7xx_HAL_Driver/Src/stm32h7xx_hal_tim_ex.c ****   *         For TIM15, the parameter is one of the following values:
2389:HW_Lib/STM32H7/HAL_Lib/STM32H7xx_HAL_Driver/Src/stm32h7xx_hal_tim_ex.c ****   *            @arg TIM_TIM15_TI1_GPIO:              TIM15 TI1 is connected to GPIO
2390:HW_Lib/STM32H7/HAL_Lib/STM32H7xx_HAL_Driver/Src/stm32h7xx_hal_tim_ex.c ****   *            @arg TIM_TIM15_TI1_TIM2:              TIM15 TI1 is connected to TIM2 CH1
2391:HW_Lib/STM32H7/HAL_Lib/STM32H7xx_HAL_Driver/Src/stm32h7xx_hal_tim_ex.c ****   *            @arg TIM_TIM15_TI1_TIM3:              TIM15 TI1 is connected to TIM3 CH1
2392:HW_Lib/STM32H7/HAL_Lib/STM32H7xx_HAL_Driver/Src/stm32h7xx_hal_tim_ex.c ****   *            @arg TIM_TIM15_TI1_TIM4:              TIM15 TI1 is connected to TIM4 CH1
2393:HW_Lib/STM32H7/HAL_Lib/STM32H7xx_HAL_Driver/Src/stm32h7xx_hal_tim_ex.c ****   *            @arg TIM_TIM15_TI1_LSE:               TIM15 TI1 is connected to LSE
2394:HW_Lib/STM32H7/HAL_Lib/STM32H7xx_HAL_Driver/Src/stm32h7xx_hal_tim_ex.c ****   *            @arg TIM_TIM15_TI1_CSI:               TIM15 TI1 is connected to CSI
2395:HW_Lib/STM32H7/HAL_Lib/STM32H7xx_HAL_Driver/Src/stm32h7xx_hal_tim_ex.c ****   *            @arg TIM_TIM15_TI1_MCO2:              TIM15 TI1 is connected to MCO2
2396:HW_Lib/STM32H7/HAL_Lib/STM32H7xx_HAL_Driver/Src/stm32h7xx_hal_tim_ex.c ****   *            @arg TIM_TIM15_TI2_GPIO:              TIM15 TI2 is connected to GPIO
2397:HW_Lib/STM32H7/HAL_Lib/STM32H7xx_HAL_Driver/Src/stm32h7xx_hal_tim_ex.c ****   *            @arg TIM_TIM15_TI2_TIM2:              TIM15 TI2 is connected to TIM2 CH2
2398:HW_Lib/STM32H7/HAL_Lib/STM32H7xx_HAL_Driver/Src/stm32h7xx_hal_tim_ex.c ****   *            @arg TIM_TIM15_TI2_TIM3:              TIM15 TI2 is connected to TIM3 CH2
2399:HW_Lib/STM32H7/HAL_Lib/STM32H7xx_HAL_Driver/Src/stm32h7xx_hal_tim_ex.c ****   *            @arg TIM_TIM15_TI2_TIM4:              TIM15 TI2 is connected to TIM4 CH2
2400:HW_Lib/STM32H7/HAL_Lib/STM32H7xx_HAL_Driver/Src/stm32h7xx_hal_tim_ex.c ****   *
2401:HW_Lib/STM32H7/HAL_Lib/STM32H7xx_HAL_Driver/Src/stm32h7xx_hal_tim_ex.c ****   *         For TIM16, the parameter can have the following values:
2402:HW_Lib/STM32H7/HAL_Lib/STM32H7xx_HAL_Driver/Src/stm32h7xx_hal_tim_ex.c ****   *            @arg TIM_TIM16_TI1_GPIO:              TIM16 TI1 is connected to GPIO
2403:HW_Lib/STM32H7/HAL_Lib/STM32H7xx_HAL_Driver/Src/stm32h7xx_hal_tim_ex.c ****   *            @arg TIM_TIM16_TI1_LSI:               TIM16 TI1 is connected to LSI
2404:HW_Lib/STM32H7/HAL_Lib/STM32H7xx_HAL_Driver/Src/stm32h7xx_hal_tim_ex.c ****   *            @arg TIM_TIM16_TI1_LSE:               TIM16 TI1 is connected to LSE
2405:HW_Lib/STM32H7/HAL_Lib/STM32H7xx_HAL_Driver/Src/stm32h7xx_hal_tim_ex.c ****   *            @arg TIM_TIM16_TI1_RTC:               TIM16 TI1 is connected to RTC wakeup interrupt
2406:HW_Lib/STM32H7/HAL_Lib/STM32H7xx_HAL_Driver/Src/stm32h7xx_hal_tim_ex.c ****   *
2407:HW_Lib/STM32H7/HAL_Lib/STM32H7xx_HAL_Driver/Src/stm32h7xx_hal_tim_ex.c ****   *         For TIM17, the parameter can have the following values:
2408:HW_Lib/STM32H7/HAL_Lib/STM32H7xx_HAL_Driver/Src/stm32h7xx_hal_tim_ex.c ****   *            @arg TIM_TIM17_TI1_GPIO:              TIM17 TI1 is connected to GPIO
2409:HW_Lib/STM32H7/HAL_Lib/STM32H7xx_HAL_Driver/Src/stm32h7xx_hal_tim_ex.c ****   *            @arg TIM_TIM17_TI1_SPDIF_FS:          TIM17 TI1 is connected to SPDIF FS (*)
2410:HW_Lib/STM32H7/HAL_Lib/STM32H7xx_HAL_Driver/Src/stm32h7xx_hal_tim_ex.c ****   *            @arg TIM_TIM17_TI1_HSE_1MHZ:          TIM17 TI1 is connected to HSE 1MHz
2411:HW_Lib/STM32H7/HAL_Lib/STM32H7xx_HAL_Driver/Src/stm32h7xx_hal_tim_ex.c ****   *            @arg TIM_TIM17_TI1_MCO1:              TIM17 TI1 is connected to MCO1
2412:HW_Lib/STM32H7/HAL_Lib/STM32H7xx_HAL_Driver/Src/stm32h7xx_hal_tim_ex.c ****   *
2413:HW_Lib/STM32H7/HAL_Lib/STM32H7xx_HAL_Driver/Src/stm32h7xx_hal_tim_ex.c ****   *         For TIM23, the parameter can have the following values: (*)
2414:HW_Lib/STM32H7/HAL_Lib/STM32H7xx_HAL_Driver/Src/stm32h7xx_hal_tim_ex.c ****   *            @arg TIM_TIM23_TI4_GPIO               TIM23_TI4 is connected to GPIO
2415:HW_Lib/STM32H7/HAL_Lib/STM32H7xx_HAL_Driver/Src/stm32h7xx_hal_tim_ex.c ****   *            @arg TIM_TIM23_TI4_COMP1              TIM23_TI4 is connected to COMP1 output
2416:HW_Lib/STM32H7/HAL_Lib/STM32H7xx_HAL_Driver/Src/stm32h7xx_hal_tim_ex.c ****   *            @arg TIM_TIM23_TI4_COMP2              TIM23_TI4 is connected to COMP2 output
ARM GAS  C:\Users\HUAV\AppData\Local\Temp\ccIqAtUa.s 			page 158


2417:HW_Lib/STM32H7/HAL_Lib/STM32H7xx_HAL_Driver/Src/stm32h7xx_hal_tim_ex.c ****   *            @arg TIM_TIM23_TI4_COMP1_COMP2        TIM23_TI4 is connected to COMP2 output
2418:HW_Lib/STM32H7/HAL_Lib/STM32H7xx_HAL_Driver/Src/stm32h7xx_hal_tim_ex.c ****   *
2419:HW_Lib/STM32H7/HAL_Lib/STM32H7xx_HAL_Driver/Src/stm32h7xx_hal_tim_ex.c ****   *         For TIM24, the parameter can have the following values: (*)
2420:HW_Lib/STM32H7/HAL_Lib/STM32H7xx_HAL_Driver/Src/stm32h7xx_hal_tim_ex.c ****   *            @arg TIM_TIM24_TI1_GPIO               TIM24_TI1 is connected to GPIO
2421:HW_Lib/STM32H7/HAL_Lib/STM32H7xx_HAL_Driver/Src/stm32h7xx_hal_tim_ex.c ****   *            @arg TIM_TIM24_TI1_CAN_TMP            TIM24_TI1 is connected to CAN_TMP
2422:HW_Lib/STM32H7/HAL_Lib/STM32H7xx_HAL_Driver/Src/stm32h7xx_hal_tim_ex.c ****   *            @arg TIM_TIM24_TI1_CAN_RTP            TIM24_TI1 is connected to CAN_RTP
2423:HW_Lib/STM32H7/HAL_Lib/STM32H7xx_HAL_Driver/Src/stm32h7xx_hal_tim_ex.c ****   *            @arg TIM_TIM24_TI1_CAN_SOC            TIM24_TI1 is connected to CAN_SOC
2424:HW_Lib/STM32H7/HAL_Lib/STM32H7xx_HAL_Driver/Src/stm32h7xx_hal_tim_ex.c ****   *
2425:HW_Lib/STM32H7/HAL_Lib/STM32H7xx_HAL_Driver/Src/stm32h7xx_hal_tim_ex.c ****   *         (*)  Value not defined in all devices. \n
2426:HW_Lib/STM32H7/HAL_Lib/STM32H7xx_HAL_Driver/Src/stm32h7xx_hal_tim_ex.c ****   * @retval HAL status
2427:HW_Lib/STM32H7/HAL_Lib/STM32H7xx_HAL_Driver/Src/stm32h7xx_hal_tim_ex.c ****   */
2428:HW_Lib/STM32H7/HAL_Lib/STM32H7xx_HAL_Driver/Src/stm32h7xx_hal_tim_ex.c **** HAL_StatusTypeDef  HAL_TIMEx_TISelection(TIM_HandleTypeDef *htim, uint32_t TISelection, uint32_t Ch
2429:HW_Lib/STM32H7/HAL_Lib/STM32H7xx_HAL_Driver/Src/stm32h7xx_hal_tim_ex.c **** {
 6581              		.loc 1 2429 1
 6582              		.cfi_startproc
 6583              		@ args = 0, pretend = 0, frame = 24
 6584              		@ frame_needed = 1, uses_anonymous_args = 0
 6585              		@ link register save eliminated.
 6586 0000 80B4     		push	{r7}
 6587              	.LCFI174:
 6588              		.cfi_def_cfa_offset 4
 6589              		.cfi_offset 7, -4
 6590 0002 87B0     		sub	sp, sp, #28
 6591              	.LCFI175:
 6592              		.cfi_def_cfa_offset 32
 6593 0004 00AF     		add	r7, sp, #0
 6594              	.LCFI176:
 6595              		.cfi_def_cfa_register 7
 6596 0006 F860     		str	r0, [r7, #12]
 6597 0008 B960     		str	r1, [r7, #8]
 6598 000a 7A60     		str	r2, [r7, #4]
2430:HW_Lib/STM32H7/HAL_Lib/STM32H7xx_HAL_Driver/Src/stm32h7xx_hal_tim_ex.c ****   HAL_StatusTypeDef status = HAL_OK;
 6599              		.loc 1 2430 21
 6600 000c 0023     		movs	r3, #0
 6601 000e FB75     		strb	r3, [r7, #23]
2431:HW_Lib/STM32H7/HAL_Lib/STM32H7xx_HAL_Driver/Src/stm32h7xx_hal_tim_ex.c **** 
2432:HW_Lib/STM32H7/HAL_Lib/STM32H7xx_HAL_Driver/Src/stm32h7xx_hal_tim_ex.c ****   /* Check parameters */
2433:HW_Lib/STM32H7/HAL_Lib/STM32H7xx_HAL_Driver/Src/stm32h7xx_hal_tim_ex.c ****   assert_param(IS_TIM_TISEL_INSTANCE(htim->Instance));
2434:HW_Lib/STM32H7/HAL_Lib/STM32H7xx_HAL_Driver/Src/stm32h7xx_hal_tim_ex.c ****   assert_param(IS_TIM_TISEL(TISelection));
2435:HW_Lib/STM32H7/HAL_Lib/STM32H7xx_HAL_Driver/Src/stm32h7xx_hal_tim_ex.c **** 
2436:HW_Lib/STM32H7/HAL_Lib/STM32H7xx_HAL_Driver/Src/stm32h7xx_hal_tim_ex.c ****   __HAL_LOCK(htim);
 6602              		.loc 1 2436 3
 6603 0010 FB68     		ldr	r3, [r7, #12]
 6604 0012 93F83C30 		ldrb	r3, [r3, #60]	@ zero_extendqisi2
 6605 0016 012B     		cmp	r3, #1
 6606 0018 01D1     		bne	.L398
 6607              		.loc 1 2436 3 is_stmt 0 discriminator 1
 6608 001a 0223     		movs	r3, #2
 6609 001c 58E0     		b	.L399
 6610              	.L398:
 6611              		.loc 1 2436 3 discriminator 2
 6612 001e FB68     		ldr	r3, [r7, #12]
 6613 0020 0122     		movs	r2, #1
 6614 0022 83F83C20 		strb	r2, [r3, #60]
2437:HW_Lib/STM32H7/HAL_Lib/STM32H7xx_HAL_Driver/Src/stm32h7xx_hal_tim_ex.c **** 
2438:HW_Lib/STM32H7/HAL_Lib/STM32H7xx_HAL_Driver/Src/stm32h7xx_hal_tim_ex.c ****   switch (Channel)
 6615              		.loc 1 2438 3 is_stmt 1 discriminator 2
ARM GAS  C:\Users\HUAV\AppData\Local\Temp\ccIqAtUa.s 			page 159


 6616 0026 7B68     		ldr	r3, [r7, #4]
 6617 0028 0C2B     		cmp	r3, #12
 6618 002a 49D8     		bhi	.L400
 6619 002c 01A2     		adr	r2, .L402
 6620 002e 52F823F0 		ldr	pc, [r2, r3, lsl #2]
 6621 0032 00BF     		.p2align 2
 6622              	.L402:
 6623 0034 69000000 		.word	.L405+1
 6624 0038 C1000000 		.word	.L400+1
 6625 003c C1000000 		.word	.L400+1
 6626 0040 C1000000 		.word	.L400+1
 6627 0044 7F000000 		.word	.L404+1
 6628 0048 C1000000 		.word	.L400+1
 6629 004c C1000000 		.word	.L400+1
 6630 0050 C1000000 		.word	.L400+1
 6631 0054 95000000 		.word	.L403+1
 6632 0058 C1000000 		.word	.L400+1
 6633 005c C1000000 		.word	.L400+1
 6634 0060 C1000000 		.word	.L400+1
 6635 0064 AB000000 		.word	.L401+1
 6636              		.p2align 1
 6637              	.L405:
2439:HW_Lib/STM32H7/HAL_Lib/STM32H7xx_HAL_Driver/Src/stm32h7xx_hal_tim_ex.c ****   {
2440:HW_Lib/STM32H7/HAL_Lib/STM32H7xx_HAL_Driver/Src/stm32h7xx_hal_tim_ex.c ****     case TIM_CHANNEL_1:
2441:HW_Lib/STM32H7/HAL_Lib/STM32H7xx_HAL_Driver/Src/stm32h7xx_hal_tim_ex.c ****       MODIFY_REG(htim->Instance->TISEL, TIM_TISEL_TI1SEL, TISelection);
 6638              		.loc 1 2441 7
 6639 0068 FB68     		ldr	r3, [r7, #12]
 6640 006a 1B68     		ldr	r3, [r3]
 6641 006c 9B6E     		ldr	r3, [r3, #104]
 6642 006e 23F00F01 		bic	r1, r3, #15
 6643 0072 FB68     		ldr	r3, [r7, #12]
 6644 0074 1B68     		ldr	r3, [r3]
 6645 0076 BA68     		ldr	r2, [r7, #8]
 6646 0078 0A43     		orrs	r2, r2, r1
 6647 007a 9A66     		str	r2, [r3, #104]
2442:HW_Lib/STM32H7/HAL_Lib/STM32H7xx_HAL_Driver/Src/stm32h7xx_hal_tim_ex.c ****       break;
 6648              		.loc 1 2442 7
 6649 007c 23E0     		b	.L406
 6650              	.L404:
2443:HW_Lib/STM32H7/HAL_Lib/STM32H7xx_HAL_Driver/Src/stm32h7xx_hal_tim_ex.c ****     case TIM_CHANNEL_2:
2444:HW_Lib/STM32H7/HAL_Lib/STM32H7xx_HAL_Driver/Src/stm32h7xx_hal_tim_ex.c ****       MODIFY_REG(htim->Instance->TISEL, TIM_TISEL_TI2SEL, TISelection);
 6651              		.loc 1 2444 7
 6652 007e FB68     		ldr	r3, [r7, #12]
 6653 0080 1B68     		ldr	r3, [r3]
 6654 0082 9B6E     		ldr	r3, [r3, #104]
 6655 0084 23F47061 		bic	r1, r3, #3840
 6656 0088 FB68     		ldr	r3, [r7, #12]
 6657 008a 1B68     		ldr	r3, [r3]
 6658 008c BA68     		ldr	r2, [r7, #8]
 6659 008e 0A43     		orrs	r2, r2, r1
 6660 0090 9A66     		str	r2, [r3, #104]
2445:HW_Lib/STM32H7/HAL_Lib/STM32H7xx_HAL_Driver/Src/stm32h7xx_hal_tim_ex.c ****       break;
 6661              		.loc 1 2445 7
 6662 0092 18E0     		b	.L406
 6663              	.L403:
2446:HW_Lib/STM32H7/HAL_Lib/STM32H7xx_HAL_Driver/Src/stm32h7xx_hal_tim_ex.c ****     case TIM_CHANNEL_3:
2447:HW_Lib/STM32H7/HAL_Lib/STM32H7xx_HAL_Driver/Src/stm32h7xx_hal_tim_ex.c ****       MODIFY_REG(htim->Instance->TISEL, TIM_TISEL_TI3SEL, TISelection);
ARM GAS  C:\Users\HUAV\AppData\Local\Temp\ccIqAtUa.s 			page 160


 6664              		.loc 1 2447 7
 6665 0094 FB68     		ldr	r3, [r7, #12]
 6666 0096 1B68     		ldr	r3, [r3]
 6667 0098 9B6E     		ldr	r3, [r3, #104]
 6668 009a 23F47021 		bic	r1, r3, #983040
 6669 009e FB68     		ldr	r3, [r7, #12]
 6670 00a0 1B68     		ldr	r3, [r3]
 6671 00a2 BA68     		ldr	r2, [r7, #8]
 6672 00a4 0A43     		orrs	r2, r2, r1
 6673 00a6 9A66     		str	r2, [r3, #104]
2448:HW_Lib/STM32H7/HAL_Lib/STM32H7xx_HAL_Driver/Src/stm32h7xx_hal_tim_ex.c ****       break;
 6674              		.loc 1 2448 7
 6675 00a8 0DE0     		b	.L406
 6676              	.L401:
2449:HW_Lib/STM32H7/HAL_Lib/STM32H7xx_HAL_Driver/Src/stm32h7xx_hal_tim_ex.c ****     case TIM_CHANNEL_4:
2450:HW_Lib/STM32H7/HAL_Lib/STM32H7xx_HAL_Driver/Src/stm32h7xx_hal_tim_ex.c ****       MODIFY_REG(htim->Instance->TISEL, TIM_TISEL_TI4SEL, TISelection);
 6677              		.loc 1 2450 7
 6678 00aa FB68     		ldr	r3, [r7, #12]
 6679 00ac 1B68     		ldr	r3, [r3]
 6680 00ae 9B6E     		ldr	r3, [r3, #104]
 6681 00b0 23F07061 		bic	r1, r3, #251658240
 6682 00b4 FB68     		ldr	r3, [r7, #12]
 6683 00b6 1B68     		ldr	r3, [r3]
 6684 00b8 BA68     		ldr	r2, [r7, #8]
 6685 00ba 0A43     		orrs	r2, r2, r1
 6686 00bc 9A66     		str	r2, [r3, #104]
2451:HW_Lib/STM32H7/HAL_Lib/STM32H7xx_HAL_Driver/Src/stm32h7xx_hal_tim_ex.c ****       break;
 6687              		.loc 1 2451 7
 6688 00be 02E0     		b	.L406
 6689              	.L400:
2452:HW_Lib/STM32H7/HAL_Lib/STM32H7xx_HAL_Driver/Src/stm32h7xx_hal_tim_ex.c ****     default:
2453:HW_Lib/STM32H7/HAL_Lib/STM32H7xx_HAL_Driver/Src/stm32h7xx_hal_tim_ex.c ****       status = HAL_ERROR;
 6690              		.loc 1 2453 14
 6691 00c0 0123     		movs	r3, #1
 6692 00c2 FB75     		strb	r3, [r7, #23]
2454:HW_Lib/STM32H7/HAL_Lib/STM32H7xx_HAL_Driver/Src/stm32h7xx_hal_tim_ex.c ****       break;
 6693              		.loc 1 2454 7
 6694 00c4 00BF     		nop
 6695              	.L406:
2455:HW_Lib/STM32H7/HAL_Lib/STM32H7xx_HAL_Driver/Src/stm32h7xx_hal_tim_ex.c ****   }
2456:HW_Lib/STM32H7/HAL_Lib/STM32H7xx_HAL_Driver/Src/stm32h7xx_hal_tim_ex.c **** 
2457:HW_Lib/STM32H7/HAL_Lib/STM32H7xx_HAL_Driver/Src/stm32h7xx_hal_tim_ex.c ****   __HAL_UNLOCK(htim);
 6696              		.loc 1 2457 3
 6697 00c6 FB68     		ldr	r3, [r7, #12]
 6698 00c8 0022     		movs	r2, #0
 6699 00ca 83F83C20 		strb	r2, [r3, #60]
2458:HW_Lib/STM32H7/HAL_Lib/STM32H7xx_HAL_Driver/Src/stm32h7xx_hal_tim_ex.c **** 
2459:HW_Lib/STM32H7/HAL_Lib/STM32H7xx_HAL_Driver/Src/stm32h7xx_hal_tim_ex.c ****   return status;
 6700              		.loc 1 2459 10
 6701 00ce FB7D     		ldrb	r3, [r7, #23]	@ zero_extendqisi2
 6702              	.L399:
2460:HW_Lib/STM32H7/HAL_Lib/STM32H7xx_HAL_Driver/Src/stm32h7xx_hal_tim_ex.c **** }
 6703              		.loc 1 2460 1
 6704 00d0 1846     		mov	r0, r3
 6705 00d2 1C37     		adds	r7, r7, #28
 6706              	.LCFI177:
 6707              		.cfi_def_cfa_offset 4
ARM GAS  C:\Users\HUAV\AppData\Local\Temp\ccIqAtUa.s 			page 161


 6708 00d4 BD46     		mov	sp, r7
 6709              	.LCFI178:
 6710              		.cfi_def_cfa_register 13
 6711              		@ sp needed
 6712 00d6 5DF8047B 		ldr	r7, [sp], #4
 6713              	.LCFI179:
 6714              		.cfi_restore 7
 6715              		.cfi_def_cfa_offset 0
 6716 00da 7047     		bx	lr
 6717              		.cfi_endproc
 6718              	.LFE366:
 6720              		.section	.text.HAL_TIMEx_GroupChannel5,"ax",%progbits
 6721              		.align	1
 6722              		.global	HAL_TIMEx_GroupChannel5
 6723              		.syntax unified
 6724              		.thumb
 6725              		.thumb_func
 6727              	HAL_TIMEx_GroupChannel5:
 6728              	.LFB367:
2461:HW_Lib/STM32H7/HAL_Lib/STM32H7xx_HAL_Driver/Src/stm32h7xx_hal_tim_ex.c **** 
2462:HW_Lib/STM32H7/HAL_Lib/STM32H7xx_HAL_Driver/Src/stm32h7xx_hal_tim_ex.c **** /**
2463:HW_Lib/STM32H7/HAL_Lib/STM32H7xx_HAL_Driver/Src/stm32h7xx_hal_tim_ex.c ****   * @brief  Group channel 5 and channel 1, 2 or 3
2464:HW_Lib/STM32H7/HAL_Lib/STM32H7xx_HAL_Driver/Src/stm32h7xx_hal_tim_ex.c ****   * @param  htim TIM handle.
2465:HW_Lib/STM32H7/HAL_Lib/STM32H7xx_HAL_Driver/Src/stm32h7xx_hal_tim_ex.c ****   * @param  Channels specifies the reference signal(s) the OC5REF is combined with.
2466:HW_Lib/STM32H7/HAL_Lib/STM32H7xx_HAL_Driver/Src/stm32h7xx_hal_tim_ex.c ****   *         This parameter can be any combination of the following values:
2467:HW_Lib/STM32H7/HAL_Lib/STM32H7xx_HAL_Driver/Src/stm32h7xx_hal_tim_ex.c ****   *         TIM_GROUPCH5_NONE: No effect of OC5REF on OC1REFC, OC2REFC and OC3REFC
2468:HW_Lib/STM32H7/HAL_Lib/STM32H7xx_HAL_Driver/Src/stm32h7xx_hal_tim_ex.c ****   *         TIM_GROUPCH5_OC1REFC: OC1REFC is the logical AND of OC1REFC and OC5REF
2469:HW_Lib/STM32H7/HAL_Lib/STM32H7xx_HAL_Driver/Src/stm32h7xx_hal_tim_ex.c ****   *         TIM_GROUPCH5_OC2REFC: OC2REFC is the logical AND of OC2REFC and OC5REF
2470:HW_Lib/STM32H7/HAL_Lib/STM32H7xx_HAL_Driver/Src/stm32h7xx_hal_tim_ex.c ****   *         TIM_GROUPCH5_OC3REFC: OC3REFC is the logical AND of OC3REFC and OC5REF
2471:HW_Lib/STM32H7/HAL_Lib/STM32H7xx_HAL_Driver/Src/stm32h7xx_hal_tim_ex.c ****   * @retval HAL status
2472:HW_Lib/STM32H7/HAL_Lib/STM32H7xx_HAL_Driver/Src/stm32h7xx_hal_tim_ex.c ****   */
2473:HW_Lib/STM32H7/HAL_Lib/STM32H7xx_HAL_Driver/Src/stm32h7xx_hal_tim_ex.c **** HAL_StatusTypeDef HAL_TIMEx_GroupChannel5(TIM_HandleTypeDef *htim, uint32_t Channels)
2474:HW_Lib/STM32H7/HAL_Lib/STM32H7xx_HAL_Driver/Src/stm32h7xx_hal_tim_ex.c **** {
 6729              		.loc 1 2474 1
 6730              		.cfi_startproc
 6731              		@ args = 0, pretend = 0, frame = 8
 6732              		@ frame_needed = 1, uses_anonymous_args = 0
 6733              		@ link register save eliminated.
 6734 0000 80B4     		push	{r7}
 6735              	.LCFI180:
 6736              		.cfi_def_cfa_offset 4
 6737              		.cfi_offset 7, -4
 6738 0002 83B0     		sub	sp, sp, #12
 6739              	.LCFI181:
 6740              		.cfi_def_cfa_offset 16
 6741 0004 00AF     		add	r7, sp, #0
 6742              	.LCFI182:
 6743              		.cfi_def_cfa_register 7
 6744 0006 7860     		str	r0, [r7, #4]
 6745 0008 3960     		str	r1, [r7]
2475:HW_Lib/STM32H7/HAL_Lib/STM32H7xx_HAL_Driver/Src/stm32h7xx_hal_tim_ex.c ****   /* Check parameters */
2476:HW_Lib/STM32H7/HAL_Lib/STM32H7xx_HAL_Driver/Src/stm32h7xx_hal_tim_ex.c ****   assert_param(IS_TIM_COMBINED3PHASEPWM_INSTANCE(htim->Instance));
2477:HW_Lib/STM32H7/HAL_Lib/STM32H7xx_HAL_Driver/Src/stm32h7xx_hal_tim_ex.c ****   assert_param(IS_TIM_GROUPCH5(Channels));
2478:HW_Lib/STM32H7/HAL_Lib/STM32H7xx_HAL_Driver/Src/stm32h7xx_hal_tim_ex.c **** 
2479:HW_Lib/STM32H7/HAL_Lib/STM32H7xx_HAL_Driver/Src/stm32h7xx_hal_tim_ex.c ****   /* Process Locked */
2480:HW_Lib/STM32H7/HAL_Lib/STM32H7xx_HAL_Driver/Src/stm32h7xx_hal_tim_ex.c ****   __HAL_LOCK(htim);
 6746              		.loc 1 2480 3
ARM GAS  C:\Users\HUAV\AppData\Local\Temp\ccIqAtUa.s 			page 162


 6747 000a 7B68     		ldr	r3, [r7, #4]
 6748 000c 93F83C30 		ldrb	r3, [r3, #60]	@ zero_extendqisi2
 6749 0010 012B     		cmp	r3, #1
 6750 0012 01D1     		bne	.L408
 6751              		.loc 1 2480 3 is_stmt 0 discriminator 1
 6752 0014 0223     		movs	r3, #2
 6753 0016 20E0     		b	.L409
 6754              	.L408:
 6755              		.loc 1 2480 3 discriminator 2
 6756 0018 7B68     		ldr	r3, [r7, #4]
 6757 001a 0122     		movs	r2, #1
 6758 001c 83F83C20 		strb	r2, [r3, #60]
2481:HW_Lib/STM32H7/HAL_Lib/STM32H7xx_HAL_Driver/Src/stm32h7xx_hal_tim_ex.c **** 
2482:HW_Lib/STM32H7/HAL_Lib/STM32H7xx_HAL_Driver/Src/stm32h7xx_hal_tim_ex.c ****   htim->State = HAL_TIM_STATE_BUSY;
 6759              		.loc 1 2482 15 is_stmt 1 discriminator 2
 6760 0020 7B68     		ldr	r3, [r7, #4]
 6761 0022 0222     		movs	r2, #2
 6762 0024 83F83D20 		strb	r2, [r3, #61]
2483:HW_Lib/STM32H7/HAL_Lib/STM32H7xx_HAL_Driver/Src/stm32h7xx_hal_tim_ex.c **** 
2484:HW_Lib/STM32H7/HAL_Lib/STM32H7xx_HAL_Driver/Src/stm32h7xx_hal_tim_ex.c ****   /* Clear GC5Cx bit fields */
2485:HW_Lib/STM32H7/HAL_Lib/STM32H7xx_HAL_Driver/Src/stm32h7xx_hal_tim_ex.c ****   htim->Instance->CCR5 &= ~(TIM_CCR5_GC5C3 | TIM_CCR5_GC5C2 | TIM_CCR5_GC5C1);
 6763              		.loc 1 2485 7 discriminator 2
 6764 0028 7B68     		ldr	r3, [r7, #4]
 6765 002a 1B68     		ldr	r3, [r3]
 6766              		.loc 1 2485 24 discriminator 2
 6767 002c 9A6D     		ldr	r2, [r3, #88]
 6768              		.loc 1 2485 7 discriminator 2
 6769 002e 7B68     		ldr	r3, [r7, #4]
 6770 0030 1B68     		ldr	r3, [r3]
 6771              		.loc 1 2485 24 discriminator 2
 6772 0032 22F06042 		bic	r2, r2, #-536870912
 6773 0036 9A65     		str	r2, [r3, #88]
2486:HW_Lib/STM32H7/HAL_Lib/STM32H7xx_HAL_Driver/Src/stm32h7xx_hal_tim_ex.c **** 
2487:HW_Lib/STM32H7/HAL_Lib/STM32H7xx_HAL_Driver/Src/stm32h7xx_hal_tim_ex.c ****   /* Set GC5Cx bit fields */
2488:HW_Lib/STM32H7/HAL_Lib/STM32H7xx_HAL_Driver/Src/stm32h7xx_hal_tim_ex.c ****   htim->Instance->CCR5 |= Channels;
 6774              		.loc 1 2488 7 discriminator 2
 6775 0038 7B68     		ldr	r3, [r7, #4]
 6776 003a 1B68     		ldr	r3, [r3]
 6777              		.loc 1 2488 24 discriminator 2
 6778 003c 996D     		ldr	r1, [r3, #88]
 6779              		.loc 1 2488 7 discriminator 2
 6780 003e 7B68     		ldr	r3, [r7, #4]
 6781 0040 1B68     		ldr	r3, [r3]
 6782              		.loc 1 2488 24 discriminator 2
 6783 0042 3A68     		ldr	r2, [r7]
 6784 0044 0A43     		orrs	r2, r2, r1
 6785 0046 9A65     		str	r2, [r3, #88]
2489:HW_Lib/STM32H7/HAL_Lib/STM32H7xx_HAL_Driver/Src/stm32h7xx_hal_tim_ex.c **** 
2490:HW_Lib/STM32H7/HAL_Lib/STM32H7xx_HAL_Driver/Src/stm32h7xx_hal_tim_ex.c ****   /* Change the htim state */
2491:HW_Lib/STM32H7/HAL_Lib/STM32H7xx_HAL_Driver/Src/stm32h7xx_hal_tim_ex.c ****   htim->State = HAL_TIM_STATE_READY;
 6786              		.loc 1 2491 15 discriminator 2
 6787 0048 7B68     		ldr	r3, [r7, #4]
 6788 004a 0122     		movs	r2, #1
 6789 004c 83F83D20 		strb	r2, [r3, #61]
2492:HW_Lib/STM32H7/HAL_Lib/STM32H7xx_HAL_Driver/Src/stm32h7xx_hal_tim_ex.c **** 
2493:HW_Lib/STM32H7/HAL_Lib/STM32H7xx_HAL_Driver/Src/stm32h7xx_hal_tim_ex.c ****   __HAL_UNLOCK(htim);
 6790              		.loc 1 2493 3 discriminator 2
ARM GAS  C:\Users\HUAV\AppData\Local\Temp\ccIqAtUa.s 			page 163


 6791 0050 7B68     		ldr	r3, [r7, #4]
 6792 0052 0022     		movs	r2, #0
 6793 0054 83F83C20 		strb	r2, [r3, #60]
2494:HW_Lib/STM32H7/HAL_Lib/STM32H7xx_HAL_Driver/Src/stm32h7xx_hal_tim_ex.c **** 
2495:HW_Lib/STM32H7/HAL_Lib/STM32H7xx_HAL_Driver/Src/stm32h7xx_hal_tim_ex.c ****   return HAL_OK;
 6794              		.loc 1 2495 10 discriminator 2
 6795 0058 0023     		movs	r3, #0
 6796              	.L409:
2496:HW_Lib/STM32H7/HAL_Lib/STM32H7xx_HAL_Driver/Src/stm32h7xx_hal_tim_ex.c **** }
 6797              		.loc 1 2496 1
 6798 005a 1846     		mov	r0, r3
 6799 005c 0C37     		adds	r7, r7, #12
 6800              	.LCFI183:
 6801              		.cfi_def_cfa_offset 4
 6802 005e BD46     		mov	sp, r7
 6803              	.LCFI184:
 6804              		.cfi_def_cfa_register 13
 6805              		@ sp needed
 6806 0060 5DF8047B 		ldr	r7, [sp], #4
 6807              	.LCFI185:
 6808              		.cfi_restore 7
 6809              		.cfi_def_cfa_offset 0
 6810 0064 7047     		bx	lr
 6811              		.cfi_endproc
 6812              	.LFE367:
 6814              		.section	.text.HAL_TIMEx_CommutCallback,"ax",%progbits
 6815              		.align	1
 6816              		.weak	HAL_TIMEx_CommutCallback
 6817              		.syntax unified
 6818              		.thumb
 6819              		.thumb_func
 6821              	HAL_TIMEx_CommutCallback:
 6822              	.LFB368:
2497:HW_Lib/STM32H7/HAL_Lib/STM32H7xx_HAL_Driver/Src/stm32h7xx_hal_tim_ex.c **** #if defined(TIM_BDTR_BKBID)
2498:HW_Lib/STM32H7/HAL_Lib/STM32H7xx_HAL_Driver/Src/stm32h7xx_hal_tim_ex.c **** 
2499:HW_Lib/STM32H7/HAL_Lib/STM32H7xx_HAL_Driver/Src/stm32h7xx_hal_tim_ex.c **** /**
2500:HW_Lib/STM32H7/HAL_Lib/STM32H7xx_HAL_Driver/Src/stm32h7xx_hal_tim_ex.c ****   * @brief  Disarm the designated break input (when it operates in bidirectional mode).
2501:HW_Lib/STM32H7/HAL_Lib/STM32H7xx_HAL_Driver/Src/stm32h7xx_hal_tim_ex.c ****   * @param  htim TIM handle.
2502:HW_Lib/STM32H7/HAL_Lib/STM32H7xx_HAL_Driver/Src/stm32h7xx_hal_tim_ex.c ****   * @param  BreakInput Break input to disarm
2503:HW_Lib/STM32H7/HAL_Lib/STM32H7xx_HAL_Driver/Src/stm32h7xx_hal_tim_ex.c ****   *          This parameter can be one of the following values:
2504:HW_Lib/STM32H7/HAL_Lib/STM32H7xx_HAL_Driver/Src/stm32h7xx_hal_tim_ex.c ****   *            @arg TIM_BREAKINPUT_BRK: Timer break input
2505:HW_Lib/STM32H7/HAL_Lib/STM32H7xx_HAL_Driver/Src/stm32h7xx_hal_tim_ex.c ****   *            @arg TIM_BREAKINPUT_BRK2: Timer break 2 input
2506:HW_Lib/STM32H7/HAL_Lib/STM32H7xx_HAL_Driver/Src/stm32h7xx_hal_tim_ex.c ****   * @note  The break input can be disarmed only when it is configured in
2507:HW_Lib/STM32H7/HAL_Lib/STM32H7xx_HAL_Driver/Src/stm32h7xx_hal_tim_ex.c ****   *        bidirectional mode and when when MOE is reset.
2508:HW_Lib/STM32H7/HAL_Lib/STM32H7xx_HAL_Driver/Src/stm32h7xx_hal_tim_ex.c ****   * @note  Purpose is to be able to have the input voltage back to high-state,
2509:HW_Lib/STM32H7/HAL_Lib/STM32H7xx_HAL_Driver/Src/stm32h7xx_hal_tim_ex.c ****   *        whatever the time constant on the output .
2510:HW_Lib/STM32H7/HAL_Lib/STM32H7xx_HAL_Driver/Src/stm32h7xx_hal_tim_ex.c ****   * @retval HAL status
2511:HW_Lib/STM32H7/HAL_Lib/STM32H7xx_HAL_Driver/Src/stm32h7xx_hal_tim_ex.c ****   */
2512:HW_Lib/STM32H7/HAL_Lib/STM32H7xx_HAL_Driver/Src/stm32h7xx_hal_tim_ex.c **** HAL_StatusTypeDef HAL_TIMEx_DisarmBreakInput(TIM_HandleTypeDef *htim, uint32_t BreakInput)
2513:HW_Lib/STM32H7/HAL_Lib/STM32H7xx_HAL_Driver/Src/stm32h7xx_hal_tim_ex.c **** {
2514:HW_Lib/STM32H7/HAL_Lib/STM32H7xx_HAL_Driver/Src/stm32h7xx_hal_tim_ex.c ****   HAL_StatusTypeDef status = HAL_OK;
2515:HW_Lib/STM32H7/HAL_Lib/STM32H7xx_HAL_Driver/Src/stm32h7xx_hal_tim_ex.c ****   uint32_t tmpbdtr;
2516:HW_Lib/STM32H7/HAL_Lib/STM32H7xx_HAL_Driver/Src/stm32h7xx_hal_tim_ex.c **** 
2517:HW_Lib/STM32H7/HAL_Lib/STM32H7xx_HAL_Driver/Src/stm32h7xx_hal_tim_ex.c ****   /* Check the parameters */
2518:HW_Lib/STM32H7/HAL_Lib/STM32H7xx_HAL_Driver/Src/stm32h7xx_hal_tim_ex.c ****   assert_param(IS_TIM_ADVANCED_INSTANCE(htim->Instance));
2519:HW_Lib/STM32H7/HAL_Lib/STM32H7xx_HAL_Driver/Src/stm32h7xx_hal_tim_ex.c ****   assert_param(IS_TIM_BREAKINPUT(BreakInput));
2520:HW_Lib/STM32H7/HAL_Lib/STM32H7xx_HAL_Driver/Src/stm32h7xx_hal_tim_ex.c **** 
ARM GAS  C:\Users\HUAV\AppData\Local\Temp\ccIqAtUa.s 			page 164


2521:HW_Lib/STM32H7/HAL_Lib/STM32H7xx_HAL_Driver/Src/stm32h7xx_hal_tim_ex.c ****   switch (BreakInput)
2522:HW_Lib/STM32H7/HAL_Lib/STM32H7xx_HAL_Driver/Src/stm32h7xx_hal_tim_ex.c ****   {
2523:HW_Lib/STM32H7/HAL_Lib/STM32H7xx_HAL_Driver/Src/stm32h7xx_hal_tim_ex.c ****     case TIM_BREAKINPUT_BRK:
2524:HW_Lib/STM32H7/HAL_Lib/STM32H7xx_HAL_Driver/Src/stm32h7xx_hal_tim_ex.c ****     {
2525:HW_Lib/STM32H7/HAL_Lib/STM32H7xx_HAL_Driver/Src/stm32h7xx_hal_tim_ex.c ****       /* Check initial conditions */
2526:HW_Lib/STM32H7/HAL_Lib/STM32H7xx_HAL_Driver/Src/stm32h7xx_hal_tim_ex.c ****       tmpbdtr = READ_REG(htim->Instance->BDTR);
2527:HW_Lib/STM32H7/HAL_Lib/STM32H7xx_HAL_Driver/Src/stm32h7xx_hal_tim_ex.c ****       if ((READ_BIT(tmpbdtr, TIM_BDTR_BKBID) == TIM_BDTR_BKBID) &&
2528:HW_Lib/STM32H7/HAL_Lib/STM32H7xx_HAL_Driver/Src/stm32h7xx_hal_tim_ex.c ****           (READ_BIT(tmpbdtr, TIM_BDTR_MOE) == 0U))
2529:HW_Lib/STM32H7/HAL_Lib/STM32H7xx_HAL_Driver/Src/stm32h7xx_hal_tim_ex.c ****       {
2530:HW_Lib/STM32H7/HAL_Lib/STM32H7xx_HAL_Driver/Src/stm32h7xx_hal_tim_ex.c ****         /* Break input BRK is disarmed */
2531:HW_Lib/STM32H7/HAL_Lib/STM32H7xx_HAL_Driver/Src/stm32h7xx_hal_tim_ex.c ****         SET_BIT(htim->Instance->BDTR, TIM_BDTR_BKDSRM);
2532:HW_Lib/STM32H7/HAL_Lib/STM32H7xx_HAL_Driver/Src/stm32h7xx_hal_tim_ex.c ****       }
2533:HW_Lib/STM32H7/HAL_Lib/STM32H7xx_HAL_Driver/Src/stm32h7xx_hal_tim_ex.c ****       break;
2534:HW_Lib/STM32H7/HAL_Lib/STM32H7xx_HAL_Driver/Src/stm32h7xx_hal_tim_ex.c ****     }
2535:HW_Lib/STM32H7/HAL_Lib/STM32H7xx_HAL_Driver/Src/stm32h7xx_hal_tim_ex.c **** 
2536:HW_Lib/STM32H7/HAL_Lib/STM32H7xx_HAL_Driver/Src/stm32h7xx_hal_tim_ex.c ****     case TIM_BREAKINPUT_BRK2:
2537:HW_Lib/STM32H7/HAL_Lib/STM32H7xx_HAL_Driver/Src/stm32h7xx_hal_tim_ex.c ****     {
2538:HW_Lib/STM32H7/HAL_Lib/STM32H7xx_HAL_Driver/Src/stm32h7xx_hal_tim_ex.c ****       /* Check initial conditions */
2539:HW_Lib/STM32H7/HAL_Lib/STM32H7xx_HAL_Driver/Src/stm32h7xx_hal_tim_ex.c ****       tmpbdtr = READ_REG(htim->Instance->BDTR);
2540:HW_Lib/STM32H7/HAL_Lib/STM32H7xx_HAL_Driver/Src/stm32h7xx_hal_tim_ex.c ****       if ((READ_BIT(tmpbdtr, TIM_BDTR_BK2BID) == TIM_BDTR_BK2BID) &&
2541:HW_Lib/STM32H7/HAL_Lib/STM32H7xx_HAL_Driver/Src/stm32h7xx_hal_tim_ex.c ****           (READ_BIT(tmpbdtr, TIM_BDTR_MOE) == 0U))
2542:HW_Lib/STM32H7/HAL_Lib/STM32H7xx_HAL_Driver/Src/stm32h7xx_hal_tim_ex.c ****       {
2543:HW_Lib/STM32H7/HAL_Lib/STM32H7xx_HAL_Driver/Src/stm32h7xx_hal_tim_ex.c ****         /* Break input BRK is disarmed */
2544:HW_Lib/STM32H7/HAL_Lib/STM32H7xx_HAL_Driver/Src/stm32h7xx_hal_tim_ex.c ****         SET_BIT(htim->Instance->BDTR, TIM_BDTR_BK2DSRM);
2545:HW_Lib/STM32H7/HAL_Lib/STM32H7xx_HAL_Driver/Src/stm32h7xx_hal_tim_ex.c ****       }
2546:HW_Lib/STM32H7/HAL_Lib/STM32H7xx_HAL_Driver/Src/stm32h7xx_hal_tim_ex.c ****       break;
2547:HW_Lib/STM32H7/HAL_Lib/STM32H7xx_HAL_Driver/Src/stm32h7xx_hal_tim_ex.c ****     }
2548:HW_Lib/STM32H7/HAL_Lib/STM32H7xx_HAL_Driver/Src/stm32h7xx_hal_tim_ex.c ****     default:
2549:HW_Lib/STM32H7/HAL_Lib/STM32H7xx_HAL_Driver/Src/stm32h7xx_hal_tim_ex.c ****       status = HAL_ERROR;
2550:HW_Lib/STM32H7/HAL_Lib/STM32H7xx_HAL_Driver/Src/stm32h7xx_hal_tim_ex.c ****       break;
2551:HW_Lib/STM32H7/HAL_Lib/STM32H7xx_HAL_Driver/Src/stm32h7xx_hal_tim_ex.c ****   }
2552:HW_Lib/STM32H7/HAL_Lib/STM32H7xx_HAL_Driver/Src/stm32h7xx_hal_tim_ex.c **** 
2553:HW_Lib/STM32H7/HAL_Lib/STM32H7xx_HAL_Driver/Src/stm32h7xx_hal_tim_ex.c ****   return status;
2554:HW_Lib/STM32H7/HAL_Lib/STM32H7xx_HAL_Driver/Src/stm32h7xx_hal_tim_ex.c **** }
2555:HW_Lib/STM32H7/HAL_Lib/STM32H7xx_HAL_Driver/Src/stm32h7xx_hal_tim_ex.c **** 
2556:HW_Lib/STM32H7/HAL_Lib/STM32H7xx_HAL_Driver/Src/stm32h7xx_hal_tim_ex.c **** /**
2557:HW_Lib/STM32H7/HAL_Lib/STM32H7xx_HAL_Driver/Src/stm32h7xx_hal_tim_ex.c ****   * @brief  Arm the designated break input (when it operates in bidirectional mode).
2558:HW_Lib/STM32H7/HAL_Lib/STM32H7xx_HAL_Driver/Src/stm32h7xx_hal_tim_ex.c ****   * @param  htim TIM handle.
2559:HW_Lib/STM32H7/HAL_Lib/STM32H7xx_HAL_Driver/Src/stm32h7xx_hal_tim_ex.c ****   * @param  BreakInput Break input to arm
2560:HW_Lib/STM32H7/HAL_Lib/STM32H7xx_HAL_Driver/Src/stm32h7xx_hal_tim_ex.c ****   *          This parameter can be one of the following values:
2561:HW_Lib/STM32H7/HAL_Lib/STM32H7xx_HAL_Driver/Src/stm32h7xx_hal_tim_ex.c ****   *            @arg TIM_BREAKINPUT_BRK: Timer break input
2562:HW_Lib/STM32H7/HAL_Lib/STM32H7xx_HAL_Driver/Src/stm32h7xx_hal_tim_ex.c ****   *            @arg TIM_BREAKINPUT_BRK2: Timer break 2 input
2563:HW_Lib/STM32H7/HAL_Lib/STM32H7xx_HAL_Driver/Src/stm32h7xx_hal_tim_ex.c ****   * @note  Arming is possible at anytime, even if fault is present.
2564:HW_Lib/STM32H7/HAL_Lib/STM32H7xx_HAL_Driver/Src/stm32h7xx_hal_tim_ex.c ****   * @note  Break input is automatically armed as soon as MOE bit is set.
2565:HW_Lib/STM32H7/HAL_Lib/STM32H7xx_HAL_Driver/Src/stm32h7xx_hal_tim_ex.c ****   * @retval HAL status
2566:HW_Lib/STM32H7/HAL_Lib/STM32H7xx_HAL_Driver/Src/stm32h7xx_hal_tim_ex.c ****   */
2567:HW_Lib/STM32H7/HAL_Lib/STM32H7xx_HAL_Driver/Src/stm32h7xx_hal_tim_ex.c **** HAL_StatusTypeDef HAL_TIMEx_ReArmBreakInput(TIM_HandleTypeDef *htim, uint32_t BreakInput)
2568:HW_Lib/STM32H7/HAL_Lib/STM32H7xx_HAL_Driver/Src/stm32h7xx_hal_tim_ex.c **** {
2569:HW_Lib/STM32H7/HAL_Lib/STM32H7xx_HAL_Driver/Src/stm32h7xx_hal_tim_ex.c ****   HAL_StatusTypeDef status = HAL_OK;
2570:HW_Lib/STM32H7/HAL_Lib/STM32H7xx_HAL_Driver/Src/stm32h7xx_hal_tim_ex.c ****   uint32_t tickstart;
2571:HW_Lib/STM32H7/HAL_Lib/STM32H7xx_HAL_Driver/Src/stm32h7xx_hal_tim_ex.c **** 
2572:HW_Lib/STM32H7/HAL_Lib/STM32H7xx_HAL_Driver/Src/stm32h7xx_hal_tim_ex.c ****   /* Check the parameters */
2573:HW_Lib/STM32H7/HAL_Lib/STM32H7xx_HAL_Driver/Src/stm32h7xx_hal_tim_ex.c ****   assert_param(IS_TIM_ADVANCED_INSTANCE(htim->Instance));
2574:HW_Lib/STM32H7/HAL_Lib/STM32H7xx_HAL_Driver/Src/stm32h7xx_hal_tim_ex.c ****   assert_param(IS_TIM_BREAKINPUT(BreakInput));
2575:HW_Lib/STM32H7/HAL_Lib/STM32H7xx_HAL_Driver/Src/stm32h7xx_hal_tim_ex.c **** 
2576:HW_Lib/STM32H7/HAL_Lib/STM32H7xx_HAL_Driver/Src/stm32h7xx_hal_tim_ex.c ****   switch (BreakInput)
2577:HW_Lib/STM32H7/HAL_Lib/STM32H7xx_HAL_Driver/Src/stm32h7xx_hal_tim_ex.c ****   {
ARM GAS  C:\Users\HUAV\AppData\Local\Temp\ccIqAtUa.s 			page 165


2578:HW_Lib/STM32H7/HAL_Lib/STM32H7xx_HAL_Driver/Src/stm32h7xx_hal_tim_ex.c ****     case TIM_BREAKINPUT_BRK:
2579:HW_Lib/STM32H7/HAL_Lib/STM32H7xx_HAL_Driver/Src/stm32h7xx_hal_tim_ex.c ****     {
2580:HW_Lib/STM32H7/HAL_Lib/STM32H7xx_HAL_Driver/Src/stm32h7xx_hal_tim_ex.c ****       /* Check initial conditions */
2581:HW_Lib/STM32H7/HAL_Lib/STM32H7xx_HAL_Driver/Src/stm32h7xx_hal_tim_ex.c ****       if (READ_BIT(htim->Instance->BDTR, TIM_BDTR_BKBID) == TIM_BDTR_BKBID)
2582:HW_Lib/STM32H7/HAL_Lib/STM32H7xx_HAL_Driver/Src/stm32h7xx_hal_tim_ex.c ****       {
2583:HW_Lib/STM32H7/HAL_Lib/STM32H7xx_HAL_Driver/Src/stm32h7xx_hal_tim_ex.c ****         /* Break input BRK is re-armed automatically by hardware. Poll to check whether fault condi
2584:HW_Lib/STM32H7/HAL_Lib/STM32H7xx_HAL_Driver/Src/stm32h7xx_hal_tim_ex.c ****         /* Init tickstart for timeout management */
2585:HW_Lib/STM32H7/HAL_Lib/STM32H7xx_HAL_Driver/Src/stm32h7xx_hal_tim_ex.c ****         tickstart = HAL_GetTick();
2586:HW_Lib/STM32H7/HAL_Lib/STM32H7xx_HAL_Driver/Src/stm32h7xx_hal_tim_ex.c ****         while (READ_BIT(htim->Instance->BDTR, TIM_BDTR_BKDSRM) != 0UL)
2587:HW_Lib/STM32H7/HAL_Lib/STM32H7xx_HAL_Driver/Src/stm32h7xx_hal_tim_ex.c ****         {
2588:HW_Lib/STM32H7/HAL_Lib/STM32H7xx_HAL_Driver/Src/stm32h7xx_hal_tim_ex.c ****           if ((HAL_GetTick() - tickstart) > TIM_BREAKINPUT_REARM_TIMEOUT)
2589:HW_Lib/STM32H7/HAL_Lib/STM32H7xx_HAL_Driver/Src/stm32h7xx_hal_tim_ex.c ****           {
2590:HW_Lib/STM32H7/HAL_Lib/STM32H7xx_HAL_Driver/Src/stm32h7xx_hal_tim_ex.c ****             /* New check to avoid false timeout detection in case of preemption */
2591:HW_Lib/STM32H7/HAL_Lib/STM32H7xx_HAL_Driver/Src/stm32h7xx_hal_tim_ex.c ****             if (READ_BIT(htim->Instance->BDTR, TIM_BDTR_BKDSRM) != 0UL)
2592:HW_Lib/STM32H7/HAL_Lib/STM32H7xx_HAL_Driver/Src/stm32h7xx_hal_tim_ex.c ****             {
2593:HW_Lib/STM32H7/HAL_Lib/STM32H7xx_HAL_Driver/Src/stm32h7xx_hal_tim_ex.c ****               return HAL_TIMEOUT;
2594:HW_Lib/STM32H7/HAL_Lib/STM32H7xx_HAL_Driver/Src/stm32h7xx_hal_tim_ex.c ****             }
2595:HW_Lib/STM32H7/HAL_Lib/STM32H7xx_HAL_Driver/Src/stm32h7xx_hal_tim_ex.c ****           }
2596:HW_Lib/STM32H7/HAL_Lib/STM32H7xx_HAL_Driver/Src/stm32h7xx_hal_tim_ex.c ****         }
2597:HW_Lib/STM32H7/HAL_Lib/STM32H7xx_HAL_Driver/Src/stm32h7xx_hal_tim_ex.c ****       }
2598:HW_Lib/STM32H7/HAL_Lib/STM32H7xx_HAL_Driver/Src/stm32h7xx_hal_tim_ex.c ****       break;
2599:HW_Lib/STM32H7/HAL_Lib/STM32H7xx_HAL_Driver/Src/stm32h7xx_hal_tim_ex.c ****     }
2600:HW_Lib/STM32H7/HAL_Lib/STM32H7xx_HAL_Driver/Src/stm32h7xx_hal_tim_ex.c **** 
2601:HW_Lib/STM32H7/HAL_Lib/STM32H7xx_HAL_Driver/Src/stm32h7xx_hal_tim_ex.c ****     case TIM_BREAKINPUT_BRK2:
2602:HW_Lib/STM32H7/HAL_Lib/STM32H7xx_HAL_Driver/Src/stm32h7xx_hal_tim_ex.c ****     {
2603:HW_Lib/STM32H7/HAL_Lib/STM32H7xx_HAL_Driver/Src/stm32h7xx_hal_tim_ex.c ****       /* Check initial conditions */
2604:HW_Lib/STM32H7/HAL_Lib/STM32H7xx_HAL_Driver/Src/stm32h7xx_hal_tim_ex.c ****       if (READ_BIT(htim->Instance->BDTR, TIM_BDTR_BK2BID) == TIM_BDTR_BK2BID)
2605:HW_Lib/STM32H7/HAL_Lib/STM32H7xx_HAL_Driver/Src/stm32h7xx_hal_tim_ex.c ****       {
2606:HW_Lib/STM32H7/HAL_Lib/STM32H7xx_HAL_Driver/Src/stm32h7xx_hal_tim_ex.c ****         /* Break input BRK2 is re-armed automatically by hardware. Poll to check whether fault cond
2607:HW_Lib/STM32H7/HAL_Lib/STM32H7xx_HAL_Driver/Src/stm32h7xx_hal_tim_ex.c ****         /* Init tickstart for timeout management */
2608:HW_Lib/STM32H7/HAL_Lib/STM32H7xx_HAL_Driver/Src/stm32h7xx_hal_tim_ex.c ****         tickstart = HAL_GetTick();
2609:HW_Lib/STM32H7/HAL_Lib/STM32H7xx_HAL_Driver/Src/stm32h7xx_hal_tim_ex.c ****         while (READ_BIT(htim->Instance->BDTR, TIM_BDTR_BK2DSRM) != 0UL)
2610:HW_Lib/STM32H7/HAL_Lib/STM32H7xx_HAL_Driver/Src/stm32h7xx_hal_tim_ex.c ****         {
2611:HW_Lib/STM32H7/HAL_Lib/STM32H7xx_HAL_Driver/Src/stm32h7xx_hal_tim_ex.c ****           if ((HAL_GetTick() - tickstart) > TIM_BREAKINPUT_REARM_TIMEOUT)
2612:HW_Lib/STM32H7/HAL_Lib/STM32H7xx_HAL_Driver/Src/stm32h7xx_hal_tim_ex.c ****           {
2613:HW_Lib/STM32H7/HAL_Lib/STM32H7xx_HAL_Driver/Src/stm32h7xx_hal_tim_ex.c ****             /* New check to avoid false timeout detection in case of preemption */
2614:HW_Lib/STM32H7/HAL_Lib/STM32H7xx_HAL_Driver/Src/stm32h7xx_hal_tim_ex.c ****             if (READ_BIT(htim->Instance->BDTR, TIM_BDTR_BK2DSRM) != 0UL)
2615:HW_Lib/STM32H7/HAL_Lib/STM32H7xx_HAL_Driver/Src/stm32h7xx_hal_tim_ex.c ****             {
2616:HW_Lib/STM32H7/HAL_Lib/STM32H7xx_HAL_Driver/Src/stm32h7xx_hal_tim_ex.c ****               return HAL_TIMEOUT;
2617:HW_Lib/STM32H7/HAL_Lib/STM32H7xx_HAL_Driver/Src/stm32h7xx_hal_tim_ex.c ****             }
2618:HW_Lib/STM32H7/HAL_Lib/STM32H7xx_HAL_Driver/Src/stm32h7xx_hal_tim_ex.c ****           }
2619:HW_Lib/STM32H7/HAL_Lib/STM32H7xx_HAL_Driver/Src/stm32h7xx_hal_tim_ex.c ****         }
2620:HW_Lib/STM32H7/HAL_Lib/STM32H7xx_HAL_Driver/Src/stm32h7xx_hal_tim_ex.c ****       }
2621:HW_Lib/STM32H7/HAL_Lib/STM32H7xx_HAL_Driver/Src/stm32h7xx_hal_tim_ex.c ****       break;
2622:HW_Lib/STM32H7/HAL_Lib/STM32H7xx_HAL_Driver/Src/stm32h7xx_hal_tim_ex.c ****     }
2623:HW_Lib/STM32H7/HAL_Lib/STM32H7xx_HAL_Driver/Src/stm32h7xx_hal_tim_ex.c ****     default:
2624:HW_Lib/STM32H7/HAL_Lib/STM32H7xx_HAL_Driver/Src/stm32h7xx_hal_tim_ex.c ****       status = HAL_ERROR;
2625:HW_Lib/STM32H7/HAL_Lib/STM32H7xx_HAL_Driver/Src/stm32h7xx_hal_tim_ex.c ****       break;
2626:HW_Lib/STM32H7/HAL_Lib/STM32H7xx_HAL_Driver/Src/stm32h7xx_hal_tim_ex.c ****   }
2627:HW_Lib/STM32H7/HAL_Lib/STM32H7xx_HAL_Driver/Src/stm32h7xx_hal_tim_ex.c **** 
2628:HW_Lib/STM32H7/HAL_Lib/STM32H7xx_HAL_Driver/Src/stm32h7xx_hal_tim_ex.c ****   return status;
2629:HW_Lib/STM32H7/HAL_Lib/STM32H7xx_HAL_Driver/Src/stm32h7xx_hal_tim_ex.c **** }
2630:HW_Lib/STM32H7/HAL_Lib/STM32H7xx_HAL_Driver/Src/stm32h7xx_hal_tim_ex.c **** #endif /* TIM_BDTR_BKBID */
2631:HW_Lib/STM32H7/HAL_Lib/STM32H7xx_HAL_Driver/Src/stm32h7xx_hal_tim_ex.c **** 
2632:HW_Lib/STM32H7/HAL_Lib/STM32H7xx_HAL_Driver/Src/stm32h7xx_hal_tim_ex.c **** /**
2633:HW_Lib/STM32H7/HAL_Lib/STM32H7xx_HAL_Driver/Src/stm32h7xx_hal_tim_ex.c ****   * @}
2634:HW_Lib/STM32H7/HAL_Lib/STM32H7xx_HAL_Driver/Src/stm32h7xx_hal_tim_ex.c ****   */
ARM GAS  C:\Users\HUAV\AppData\Local\Temp\ccIqAtUa.s 			page 166


2635:HW_Lib/STM32H7/HAL_Lib/STM32H7xx_HAL_Driver/Src/stm32h7xx_hal_tim_ex.c **** 
2636:HW_Lib/STM32H7/HAL_Lib/STM32H7xx_HAL_Driver/Src/stm32h7xx_hal_tim_ex.c **** /** @defgroup TIMEx_Exported_Functions_Group6 Extended Callbacks functions
2637:HW_Lib/STM32H7/HAL_Lib/STM32H7xx_HAL_Driver/Src/stm32h7xx_hal_tim_ex.c ****   * @brief    Extended Callbacks functions
2638:HW_Lib/STM32H7/HAL_Lib/STM32H7xx_HAL_Driver/Src/stm32h7xx_hal_tim_ex.c ****   *
2639:HW_Lib/STM32H7/HAL_Lib/STM32H7xx_HAL_Driver/Src/stm32h7xx_hal_tim_ex.c **** @verbatim
2640:HW_Lib/STM32H7/HAL_Lib/STM32H7xx_HAL_Driver/Src/stm32h7xx_hal_tim_ex.c ****   ==============================================================================
2641:HW_Lib/STM32H7/HAL_Lib/STM32H7xx_HAL_Driver/Src/stm32h7xx_hal_tim_ex.c ****                     ##### Extended Callbacks functions #####
2642:HW_Lib/STM32H7/HAL_Lib/STM32H7xx_HAL_Driver/Src/stm32h7xx_hal_tim_ex.c ****   ==============================================================================
2643:HW_Lib/STM32H7/HAL_Lib/STM32H7xx_HAL_Driver/Src/stm32h7xx_hal_tim_ex.c ****   [..]
2644:HW_Lib/STM32H7/HAL_Lib/STM32H7xx_HAL_Driver/Src/stm32h7xx_hal_tim_ex.c ****     This section provides Extended TIM callback functions:
2645:HW_Lib/STM32H7/HAL_Lib/STM32H7xx_HAL_Driver/Src/stm32h7xx_hal_tim_ex.c ****     (+) Timer Commutation callback
2646:HW_Lib/STM32H7/HAL_Lib/STM32H7xx_HAL_Driver/Src/stm32h7xx_hal_tim_ex.c ****     (+) Timer Break callback
2647:HW_Lib/STM32H7/HAL_Lib/STM32H7xx_HAL_Driver/Src/stm32h7xx_hal_tim_ex.c **** 
2648:HW_Lib/STM32H7/HAL_Lib/STM32H7xx_HAL_Driver/Src/stm32h7xx_hal_tim_ex.c **** @endverbatim
2649:HW_Lib/STM32H7/HAL_Lib/STM32H7xx_HAL_Driver/Src/stm32h7xx_hal_tim_ex.c ****   * @{
2650:HW_Lib/STM32H7/HAL_Lib/STM32H7xx_HAL_Driver/Src/stm32h7xx_hal_tim_ex.c ****   */
2651:HW_Lib/STM32H7/HAL_Lib/STM32H7xx_HAL_Driver/Src/stm32h7xx_hal_tim_ex.c **** 
2652:HW_Lib/STM32H7/HAL_Lib/STM32H7xx_HAL_Driver/Src/stm32h7xx_hal_tim_ex.c **** /**
2653:HW_Lib/STM32H7/HAL_Lib/STM32H7xx_HAL_Driver/Src/stm32h7xx_hal_tim_ex.c ****   * @brief  Hall commutation changed callback in non-blocking mode
2654:HW_Lib/STM32H7/HAL_Lib/STM32H7xx_HAL_Driver/Src/stm32h7xx_hal_tim_ex.c ****   * @param  htim TIM handle
2655:HW_Lib/STM32H7/HAL_Lib/STM32H7xx_HAL_Driver/Src/stm32h7xx_hal_tim_ex.c ****   * @retval None
2656:HW_Lib/STM32H7/HAL_Lib/STM32H7xx_HAL_Driver/Src/stm32h7xx_hal_tim_ex.c ****   */
2657:HW_Lib/STM32H7/HAL_Lib/STM32H7xx_HAL_Driver/Src/stm32h7xx_hal_tim_ex.c **** __weak void HAL_TIMEx_CommutCallback(TIM_HandleTypeDef *htim)
2658:HW_Lib/STM32H7/HAL_Lib/STM32H7xx_HAL_Driver/Src/stm32h7xx_hal_tim_ex.c **** {
 6823              		.loc 1 2658 1
 6824              		.cfi_startproc
 6825              		@ args = 0, pretend = 0, frame = 8
 6826              		@ frame_needed = 1, uses_anonymous_args = 0
 6827              		@ link register save eliminated.
 6828 0000 80B4     		push	{r7}
 6829              	.LCFI186:
 6830              		.cfi_def_cfa_offset 4
 6831              		.cfi_offset 7, -4
 6832 0002 83B0     		sub	sp, sp, #12
 6833              	.LCFI187:
 6834              		.cfi_def_cfa_offset 16
 6835 0004 00AF     		add	r7, sp, #0
 6836              	.LCFI188:
 6837              		.cfi_def_cfa_register 7
 6838 0006 7860     		str	r0, [r7, #4]
2659:HW_Lib/STM32H7/HAL_Lib/STM32H7xx_HAL_Driver/Src/stm32h7xx_hal_tim_ex.c ****   /* Prevent unused argument(s) compilation warning */
2660:HW_Lib/STM32H7/HAL_Lib/STM32H7xx_HAL_Driver/Src/stm32h7xx_hal_tim_ex.c ****   UNUSED(htim);
2661:HW_Lib/STM32H7/HAL_Lib/STM32H7xx_HAL_Driver/Src/stm32h7xx_hal_tim_ex.c **** 
2662:HW_Lib/STM32H7/HAL_Lib/STM32H7xx_HAL_Driver/Src/stm32h7xx_hal_tim_ex.c ****   /* NOTE : This function should not be modified, when the callback is needed,
2663:HW_Lib/STM32H7/HAL_Lib/STM32H7xx_HAL_Driver/Src/stm32h7xx_hal_tim_ex.c ****             the HAL_TIMEx_CommutCallback could be implemented in the user file
2664:HW_Lib/STM32H7/HAL_Lib/STM32H7xx_HAL_Driver/Src/stm32h7xx_hal_tim_ex.c ****    */
2665:HW_Lib/STM32H7/HAL_Lib/STM32H7xx_HAL_Driver/Src/stm32h7xx_hal_tim_ex.c **** }
 6839              		.loc 1 2665 1
 6840 0008 00BF     		nop
 6841 000a 0C37     		adds	r7, r7, #12
 6842              	.LCFI189:
 6843              		.cfi_def_cfa_offset 4
 6844 000c BD46     		mov	sp, r7
 6845              	.LCFI190:
 6846              		.cfi_def_cfa_register 13
 6847              		@ sp needed
 6848 000e 5DF8047B 		ldr	r7, [sp], #4
ARM GAS  C:\Users\HUAV\AppData\Local\Temp\ccIqAtUa.s 			page 167


 6849              	.LCFI191:
 6850              		.cfi_restore 7
 6851              		.cfi_def_cfa_offset 0
 6852 0012 7047     		bx	lr
 6853              		.cfi_endproc
 6854              	.LFE368:
 6856              		.section	.text.HAL_TIMEx_CommutHalfCpltCallback,"ax",%progbits
 6857              		.align	1
 6858              		.weak	HAL_TIMEx_CommutHalfCpltCallback
 6859              		.syntax unified
 6860              		.thumb
 6861              		.thumb_func
 6863              	HAL_TIMEx_CommutHalfCpltCallback:
 6864              	.LFB369:
2666:HW_Lib/STM32H7/HAL_Lib/STM32H7xx_HAL_Driver/Src/stm32h7xx_hal_tim_ex.c **** /**
2667:HW_Lib/STM32H7/HAL_Lib/STM32H7xx_HAL_Driver/Src/stm32h7xx_hal_tim_ex.c ****   * @brief  Hall commutation changed half complete callback in non-blocking mode
2668:HW_Lib/STM32H7/HAL_Lib/STM32H7xx_HAL_Driver/Src/stm32h7xx_hal_tim_ex.c ****   * @param  htim TIM handle
2669:HW_Lib/STM32H7/HAL_Lib/STM32H7xx_HAL_Driver/Src/stm32h7xx_hal_tim_ex.c ****   * @retval None
2670:HW_Lib/STM32H7/HAL_Lib/STM32H7xx_HAL_Driver/Src/stm32h7xx_hal_tim_ex.c ****   */
2671:HW_Lib/STM32H7/HAL_Lib/STM32H7xx_HAL_Driver/Src/stm32h7xx_hal_tim_ex.c **** __weak void HAL_TIMEx_CommutHalfCpltCallback(TIM_HandleTypeDef *htim)
2672:HW_Lib/STM32H7/HAL_Lib/STM32H7xx_HAL_Driver/Src/stm32h7xx_hal_tim_ex.c **** {
 6865              		.loc 1 2672 1
 6866              		.cfi_startproc
 6867              		@ args = 0, pretend = 0, frame = 8
 6868              		@ frame_needed = 1, uses_anonymous_args = 0
 6869              		@ link register save eliminated.
 6870 0000 80B4     		push	{r7}
 6871              	.LCFI192:
 6872              		.cfi_def_cfa_offset 4
 6873              		.cfi_offset 7, -4
 6874 0002 83B0     		sub	sp, sp, #12
 6875              	.LCFI193:
 6876              		.cfi_def_cfa_offset 16
 6877 0004 00AF     		add	r7, sp, #0
 6878              	.LCFI194:
 6879              		.cfi_def_cfa_register 7
 6880 0006 7860     		str	r0, [r7, #4]
2673:HW_Lib/STM32H7/HAL_Lib/STM32H7xx_HAL_Driver/Src/stm32h7xx_hal_tim_ex.c ****   /* Prevent unused argument(s) compilation warning */
2674:HW_Lib/STM32H7/HAL_Lib/STM32H7xx_HAL_Driver/Src/stm32h7xx_hal_tim_ex.c ****   UNUSED(htim);
2675:HW_Lib/STM32H7/HAL_Lib/STM32H7xx_HAL_Driver/Src/stm32h7xx_hal_tim_ex.c **** 
2676:HW_Lib/STM32H7/HAL_Lib/STM32H7xx_HAL_Driver/Src/stm32h7xx_hal_tim_ex.c ****   /* NOTE : This function should not be modified, when the callback is needed,
2677:HW_Lib/STM32H7/HAL_Lib/STM32H7xx_HAL_Driver/Src/stm32h7xx_hal_tim_ex.c ****             the HAL_TIMEx_CommutHalfCpltCallback could be implemented in the user file
2678:HW_Lib/STM32H7/HAL_Lib/STM32H7xx_HAL_Driver/Src/stm32h7xx_hal_tim_ex.c ****    */
2679:HW_Lib/STM32H7/HAL_Lib/STM32H7xx_HAL_Driver/Src/stm32h7xx_hal_tim_ex.c **** }
 6881              		.loc 1 2679 1
 6882 0008 00BF     		nop
 6883 000a 0C37     		adds	r7, r7, #12
 6884              	.LCFI195:
 6885              		.cfi_def_cfa_offset 4
 6886 000c BD46     		mov	sp, r7
 6887              	.LCFI196:
 6888              		.cfi_def_cfa_register 13
 6889              		@ sp needed
 6890 000e 5DF8047B 		ldr	r7, [sp], #4
 6891              	.LCFI197:
 6892              		.cfi_restore 7
 6893              		.cfi_def_cfa_offset 0
ARM GAS  C:\Users\HUAV\AppData\Local\Temp\ccIqAtUa.s 			page 168


 6894 0012 7047     		bx	lr
 6895              		.cfi_endproc
 6896              	.LFE369:
 6898              		.section	.text.HAL_TIMEx_BreakCallback,"ax",%progbits
 6899              		.align	1
 6900              		.weak	HAL_TIMEx_BreakCallback
 6901              		.syntax unified
 6902              		.thumb
 6903              		.thumb_func
 6905              	HAL_TIMEx_BreakCallback:
 6906              	.LFB370:
2680:HW_Lib/STM32H7/HAL_Lib/STM32H7xx_HAL_Driver/Src/stm32h7xx_hal_tim_ex.c **** 
2681:HW_Lib/STM32H7/HAL_Lib/STM32H7xx_HAL_Driver/Src/stm32h7xx_hal_tim_ex.c **** /**
2682:HW_Lib/STM32H7/HAL_Lib/STM32H7xx_HAL_Driver/Src/stm32h7xx_hal_tim_ex.c ****   * @brief  Hall Break detection callback in non-blocking mode
2683:HW_Lib/STM32H7/HAL_Lib/STM32H7xx_HAL_Driver/Src/stm32h7xx_hal_tim_ex.c ****   * @param  htim TIM handle
2684:HW_Lib/STM32H7/HAL_Lib/STM32H7xx_HAL_Driver/Src/stm32h7xx_hal_tim_ex.c ****   * @retval None
2685:HW_Lib/STM32H7/HAL_Lib/STM32H7xx_HAL_Driver/Src/stm32h7xx_hal_tim_ex.c ****   */
2686:HW_Lib/STM32H7/HAL_Lib/STM32H7xx_HAL_Driver/Src/stm32h7xx_hal_tim_ex.c **** __weak void HAL_TIMEx_BreakCallback(TIM_HandleTypeDef *htim)
2687:HW_Lib/STM32H7/HAL_Lib/STM32H7xx_HAL_Driver/Src/stm32h7xx_hal_tim_ex.c **** {
 6907              		.loc 1 2687 1
 6908              		.cfi_startproc
 6909              		@ args = 0, pretend = 0, frame = 8
 6910              		@ frame_needed = 1, uses_anonymous_args = 0
 6911              		@ link register save eliminated.
 6912 0000 80B4     		push	{r7}
 6913              	.LCFI198:
 6914              		.cfi_def_cfa_offset 4
 6915              		.cfi_offset 7, -4
 6916 0002 83B0     		sub	sp, sp, #12
 6917              	.LCFI199:
 6918              		.cfi_def_cfa_offset 16
 6919 0004 00AF     		add	r7, sp, #0
 6920              	.LCFI200:
 6921              		.cfi_def_cfa_register 7
 6922 0006 7860     		str	r0, [r7, #4]
2688:HW_Lib/STM32H7/HAL_Lib/STM32H7xx_HAL_Driver/Src/stm32h7xx_hal_tim_ex.c ****   /* Prevent unused argument(s) compilation warning */
2689:HW_Lib/STM32H7/HAL_Lib/STM32H7xx_HAL_Driver/Src/stm32h7xx_hal_tim_ex.c ****   UNUSED(htim);
2690:HW_Lib/STM32H7/HAL_Lib/STM32H7xx_HAL_Driver/Src/stm32h7xx_hal_tim_ex.c **** 
2691:HW_Lib/STM32H7/HAL_Lib/STM32H7xx_HAL_Driver/Src/stm32h7xx_hal_tim_ex.c ****   /* NOTE : This function should not be modified, when the callback is needed,
2692:HW_Lib/STM32H7/HAL_Lib/STM32H7xx_HAL_Driver/Src/stm32h7xx_hal_tim_ex.c ****             the HAL_TIMEx_BreakCallback could be implemented in the user file
2693:HW_Lib/STM32H7/HAL_Lib/STM32H7xx_HAL_Driver/Src/stm32h7xx_hal_tim_ex.c ****    */
2694:HW_Lib/STM32H7/HAL_Lib/STM32H7xx_HAL_Driver/Src/stm32h7xx_hal_tim_ex.c **** }
 6923              		.loc 1 2694 1
 6924 0008 00BF     		nop
 6925 000a 0C37     		adds	r7, r7, #12
 6926              	.LCFI201:
 6927              		.cfi_def_cfa_offset 4
 6928 000c BD46     		mov	sp, r7
 6929              	.LCFI202:
 6930              		.cfi_def_cfa_register 13
 6931              		@ sp needed
 6932 000e 5DF8047B 		ldr	r7, [sp], #4
 6933              	.LCFI203:
 6934              		.cfi_restore 7
 6935              		.cfi_def_cfa_offset 0
 6936 0012 7047     		bx	lr
 6937              		.cfi_endproc
ARM GAS  C:\Users\HUAV\AppData\Local\Temp\ccIqAtUa.s 			page 169


 6938              	.LFE370:
 6940              		.section	.text.HAL_TIMEx_Break2Callback,"ax",%progbits
 6941              		.align	1
 6942              		.weak	HAL_TIMEx_Break2Callback
 6943              		.syntax unified
 6944              		.thumb
 6945              		.thumb_func
 6947              	HAL_TIMEx_Break2Callback:
 6948              	.LFB371:
2695:HW_Lib/STM32H7/HAL_Lib/STM32H7xx_HAL_Driver/Src/stm32h7xx_hal_tim_ex.c **** 
2696:HW_Lib/STM32H7/HAL_Lib/STM32H7xx_HAL_Driver/Src/stm32h7xx_hal_tim_ex.c **** /**
2697:HW_Lib/STM32H7/HAL_Lib/STM32H7xx_HAL_Driver/Src/stm32h7xx_hal_tim_ex.c ****   * @brief  Hall Break2 detection callback in non blocking mode
2698:HW_Lib/STM32H7/HAL_Lib/STM32H7xx_HAL_Driver/Src/stm32h7xx_hal_tim_ex.c ****   * @param  htim: TIM handle
2699:HW_Lib/STM32H7/HAL_Lib/STM32H7xx_HAL_Driver/Src/stm32h7xx_hal_tim_ex.c ****   * @retval None
2700:HW_Lib/STM32H7/HAL_Lib/STM32H7xx_HAL_Driver/Src/stm32h7xx_hal_tim_ex.c ****   */
2701:HW_Lib/STM32H7/HAL_Lib/STM32H7xx_HAL_Driver/Src/stm32h7xx_hal_tim_ex.c **** __weak void HAL_TIMEx_Break2Callback(TIM_HandleTypeDef *htim)
2702:HW_Lib/STM32H7/HAL_Lib/STM32H7xx_HAL_Driver/Src/stm32h7xx_hal_tim_ex.c **** {
 6949              		.loc 1 2702 1
 6950              		.cfi_startproc
 6951              		@ args = 0, pretend = 0, frame = 8
 6952              		@ frame_needed = 1, uses_anonymous_args = 0
 6953              		@ link register save eliminated.
 6954 0000 80B4     		push	{r7}
 6955              	.LCFI204:
 6956              		.cfi_def_cfa_offset 4
 6957              		.cfi_offset 7, -4
 6958 0002 83B0     		sub	sp, sp, #12
 6959              	.LCFI205:
 6960              		.cfi_def_cfa_offset 16
 6961 0004 00AF     		add	r7, sp, #0
 6962              	.LCFI206:
 6963              		.cfi_def_cfa_register 7
 6964 0006 7860     		str	r0, [r7, #4]
2703:HW_Lib/STM32H7/HAL_Lib/STM32H7xx_HAL_Driver/Src/stm32h7xx_hal_tim_ex.c ****   /* Prevent unused argument(s) compilation warning */
2704:HW_Lib/STM32H7/HAL_Lib/STM32H7xx_HAL_Driver/Src/stm32h7xx_hal_tim_ex.c ****   UNUSED(htim);
2705:HW_Lib/STM32H7/HAL_Lib/STM32H7xx_HAL_Driver/Src/stm32h7xx_hal_tim_ex.c **** 
2706:HW_Lib/STM32H7/HAL_Lib/STM32H7xx_HAL_Driver/Src/stm32h7xx_hal_tim_ex.c ****   /* NOTE : This function Should not be modified, when the callback is needed,
2707:HW_Lib/STM32H7/HAL_Lib/STM32H7xx_HAL_Driver/Src/stm32h7xx_hal_tim_ex.c ****             the HAL_TIMEx_Break2Callback could be implemented in the user file
2708:HW_Lib/STM32H7/HAL_Lib/STM32H7xx_HAL_Driver/Src/stm32h7xx_hal_tim_ex.c ****    */
2709:HW_Lib/STM32H7/HAL_Lib/STM32H7xx_HAL_Driver/Src/stm32h7xx_hal_tim_ex.c **** }
 6965              		.loc 1 2709 1
 6966 0008 00BF     		nop
 6967 000a 0C37     		adds	r7, r7, #12
 6968              	.LCFI207:
 6969              		.cfi_def_cfa_offset 4
 6970 000c BD46     		mov	sp, r7
 6971              	.LCFI208:
 6972              		.cfi_def_cfa_register 13
 6973              		@ sp needed
 6974 000e 5DF8047B 		ldr	r7, [sp], #4
 6975              	.LCFI209:
 6976              		.cfi_restore 7
 6977              		.cfi_def_cfa_offset 0
 6978 0012 7047     		bx	lr
 6979              		.cfi_endproc
 6980              	.LFE371:
 6982              		.section	.text.HAL_TIMEx_HallSensor_GetState,"ax",%progbits
ARM GAS  C:\Users\HUAV\AppData\Local\Temp\ccIqAtUa.s 			page 170


 6983              		.align	1
 6984              		.global	HAL_TIMEx_HallSensor_GetState
 6985              		.syntax unified
 6986              		.thumb
 6987              		.thumb_func
 6989              	HAL_TIMEx_HallSensor_GetState:
 6990              	.LFB372:
2710:HW_Lib/STM32H7/HAL_Lib/STM32H7xx_HAL_Driver/Src/stm32h7xx_hal_tim_ex.c **** /**
2711:HW_Lib/STM32H7/HAL_Lib/STM32H7xx_HAL_Driver/Src/stm32h7xx_hal_tim_ex.c ****   * @}
2712:HW_Lib/STM32H7/HAL_Lib/STM32H7xx_HAL_Driver/Src/stm32h7xx_hal_tim_ex.c ****   */
2713:HW_Lib/STM32H7/HAL_Lib/STM32H7xx_HAL_Driver/Src/stm32h7xx_hal_tim_ex.c **** 
2714:HW_Lib/STM32H7/HAL_Lib/STM32H7xx_HAL_Driver/Src/stm32h7xx_hal_tim_ex.c **** /** @defgroup TIMEx_Exported_Functions_Group7 Extended Peripheral State functions
2715:HW_Lib/STM32H7/HAL_Lib/STM32H7xx_HAL_Driver/Src/stm32h7xx_hal_tim_ex.c ****   * @brief    Extended Peripheral State functions
2716:HW_Lib/STM32H7/HAL_Lib/STM32H7xx_HAL_Driver/Src/stm32h7xx_hal_tim_ex.c ****   *
2717:HW_Lib/STM32H7/HAL_Lib/STM32H7xx_HAL_Driver/Src/stm32h7xx_hal_tim_ex.c **** @verbatim
2718:HW_Lib/STM32H7/HAL_Lib/STM32H7xx_HAL_Driver/Src/stm32h7xx_hal_tim_ex.c ****   ==============================================================================
2719:HW_Lib/STM32H7/HAL_Lib/STM32H7xx_HAL_Driver/Src/stm32h7xx_hal_tim_ex.c ****                 ##### Extended Peripheral State functions #####
2720:HW_Lib/STM32H7/HAL_Lib/STM32H7xx_HAL_Driver/Src/stm32h7xx_hal_tim_ex.c ****   ==============================================================================
2721:HW_Lib/STM32H7/HAL_Lib/STM32H7xx_HAL_Driver/Src/stm32h7xx_hal_tim_ex.c ****   [..]
2722:HW_Lib/STM32H7/HAL_Lib/STM32H7xx_HAL_Driver/Src/stm32h7xx_hal_tim_ex.c ****     This subsection permits to get in run-time the status of the peripheral
2723:HW_Lib/STM32H7/HAL_Lib/STM32H7xx_HAL_Driver/Src/stm32h7xx_hal_tim_ex.c ****     and the data flow.
2724:HW_Lib/STM32H7/HAL_Lib/STM32H7xx_HAL_Driver/Src/stm32h7xx_hal_tim_ex.c **** 
2725:HW_Lib/STM32H7/HAL_Lib/STM32H7xx_HAL_Driver/Src/stm32h7xx_hal_tim_ex.c **** @endverbatim
2726:HW_Lib/STM32H7/HAL_Lib/STM32H7xx_HAL_Driver/Src/stm32h7xx_hal_tim_ex.c ****   * @{
2727:HW_Lib/STM32H7/HAL_Lib/STM32H7xx_HAL_Driver/Src/stm32h7xx_hal_tim_ex.c ****   */
2728:HW_Lib/STM32H7/HAL_Lib/STM32H7xx_HAL_Driver/Src/stm32h7xx_hal_tim_ex.c **** 
2729:HW_Lib/STM32H7/HAL_Lib/STM32H7xx_HAL_Driver/Src/stm32h7xx_hal_tim_ex.c **** /**
2730:HW_Lib/STM32H7/HAL_Lib/STM32H7xx_HAL_Driver/Src/stm32h7xx_hal_tim_ex.c ****   * @brief  Return the TIM Hall Sensor interface handle state.
2731:HW_Lib/STM32H7/HAL_Lib/STM32H7xx_HAL_Driver/Src/stm32h7xx_hal_tim_ex.c ****   * @param  htim TIM Hall Sensor handle
2732:HW_Lib/STM32H7/HAL_Lib/STM32H7xx_HAL_Driver/Src/stm32h7xx_hal_tim_ex.c ****   * @retval HAL state
2733:HW_Lib/STM32H7/HAL_Lib/STM32H7xx_HAL_Driver/Src/stm32h7xx_hal_tim_ex.c ****   */
2734:HW_Lib/STM32H7/HAL_Lib/STM32H7xx_HAL_Driver/Src/stm32h7xx_hal_tim_ex.c **** HAL_TIM_StateTypeDef HAL_TIMEx_HallSensor_GetState(TIM_HandleTypeDef *htim)
2735:HW_Lib/STM32H7/HAL_Lib/STM32H7xx_HAL_Driver/Src/stm32h7xx_hal_tim_ex.c **** {
 6991              		.loc 1 2735 1
 6992              		.cfi_startproc
 6993              		@ args = 0, pretend = 0, frame = 8
 6994              		@ frame_needed = 1, uses_anonymous_args = 0
 6995              		@ link register save eliminated.
 6996 0000 80B4     		push	{r7}
 6997              	.LCFI210:
 6998              		.cfi_def_cfa_offset 4
 6999              		.cfi_offset 7, -4
 7000 0002 83B0     		sub	sp, sp, #12
 7001              	.LCFI211:
 7002              		.cfi_def_cfa_offset 16
 7003 0004 00AF     		add	r7, sp, #0
 7004              	.LCFI212:
 7005              		.cfi_def_cfa_register 7
 7006 0006 7860     		str	r0, [r7, #4]
2736:HW_Lib/STM32H7/HAL_Lib/STM32H7xx_HAL_Driver/Src/stm32h7xx_hal_tim_ex.c ****   return htim->State;
 7007              		.loc 1 2736 14
 7008 0008 7B68     		ldr	r3, [r7, #4]
 7009 000a 93F83D30 		ldrb	r3, [r3, #61]
 7010 000e DBB2     		uxtb	r3, r3
2737:HW_Lib/STM32H7/HAL_Lib/STM32H7xx_HAL_Driver/Src/stm32h7xx_hal_tim_ex.c **** }
 7011              		.loc 1 2737 1
 7012 0010 1846     		mov	r0, r3
ARM GAS  C:\Users\HUAV\AppData\Local\Temp\ccIqAtUa.s 			page 171


 7013 0012 0C37     		adds	r7, r7, #12
 7014              	.LCFI213:
 7015              		.cfi_def_cfa_offset 4
 7016 0014 BD46     		mov	sp, r7
 7017              	.LCFI214:
 7018              		.cfi_def_cfa_register 13
 7019              		@ sp needed
 7020 0016 5DF8047B 		ldr	r7, [sp], #4
 7021              	.LCFI215:
 7022              		.cfi_restore 7
 7023              		.cfi_def_cfa_offset 0
 7024 001a 7047     		bx	lr
 7025              		.cfi_endproc
 7026              	.LFE372:
 7028              		.section	.text.HAL_TIMEx_GetChannelNState,"ax",%progbits
 7029              		.align	1
 7030              		.global	HAL_TIMEx_GetChannelNState
 7031              		.syntax unified
 7032              		.thumb
 7033              		.thumb_func
 7035              	HAL_TIMEx_GetChannelNState:
 7036              	.LFB373:
2738:HW_Lib/STM32H7/HAL_Lib/STM32H7xx_HAL_Driver/Src/stm32h7xx_hal_tim_ex.c **** 
2739:HW_Lib/STM32H7/HAL_Lib/STM32H7xx_HAL_Driver/Src/stm32h7xx_hal_tim_ex.c **** /**
2740:HW_Lib/STM32H7/HAL_Lib/STM32H7xx_HAL_Driver/Src/stm32h7xx_hal_tim_ex.c ****   * @brief  Return actual state of the TIM complementary channel.
2741:HW_Lib/STM32H7/HAL_Lib/STM32H7xx_HAL_Driver/Src/stm32h7xx_hal_tim_ex.c ****   * @param  htim TIM handle
2742:HW_Lib/STM32H7/HAL_Lib/STM32H7xx_HAL_Driver/Src/stm32h7xx_hal_tim_ex.c ****   * @param  ChannelN TIM Complementary channel
2743:HW_Lib/STM32H7/HAL_Lib/STM32H7xx_HAL_Driver/Src/stm32h7xx_hal_tim_ex.c ****   *          This parameter can be one of the following values:
2744:HW_Lib/STM32H7/HAL_Lib/STM32H7xx_HAL_Driver/Src/stm32h7xx_hal_tim_ex.c ****   *            @arg TIM_CHANNEL_1: TIM Channel 1
2745:HW_Lib/STM32H7/HAL_Lib/STM32H7xx_HAL_Driver/Src/stm32h7xx_hal_tim_ex.c ****   *            @arg TIM_CHANNEL_2: TIM Channel 2
2746:HW_Lib/STM32H7/HAL_Lib/STM32H7xx_HAL_Driver/Src/stm32h7xx_hal_tim_ex.c ****   *            @arg TIM_CHANNEL_3: TIM Channel 3
2747:HW_Lib/STM32H7/HAL_Lib/STM32H7xx_HAL_Driver/Src/stm32h7xx_hal_tim_ex.c ****   * @retval TIM Complementary channel state
2748:HW_Lib/STM32H7/HAL_Lib/STM32H7xx_HAL_Driver/Src/stm32h7xx_hal_tim_ex.c ****   */
2749:HW_Lib/STM32H7/HAL_Lib/STM32H7xx_HAL_Driver/Src/stm32h7xx_hal_tim_ex.c **** HAL_TIM_ChannelStateTypeDef HAL_TIMEx_GetChannelNState(TIM_HandleTypeDef *htim,  uint32_t ChannelN)
2750:HW_Lib/STM32H7/HAL_Lib/STM32H7xx_HAL_Driver/Src/stm32h7xx_hal_tim_ex.c **** {
 7037              		.loc 1 2750 1
 7038              		.cfi_startproc
 7039              		@ args = 0, pretend = 0, frame = 16
 7040              		@ frame_needed = 1, uses_anonymous_args = 0
 7041              		@ link register save eliminated.
 7042 0000 80B4     		push	{r7}
 7043              	.LCFI216:
 7044              		.cfi_def_cfa_offset 4
 7045              		.cfi_offset 7, -4
 7046 0002 85B0     		sub	sp, sp, #20
 7047              	.LCFI217:
 7048              		.cfi_def_cfa_offset 24
 7049 0004 00AF     		add	r7, sp, #0
 7050              	.LCFI218:
 7051              		.cfi_def_cfa_register 7
 7052 0006 7860     		str	r0, [r7, #4]
 7053 0008 3960     		str	r1, [r7]
2751:HW_Lib/STM32H7/HAL_Lib/STM32H7xx_HAL_Driver/Src/stm32h7xx_hal_tim_ex.c ****   HAL_TIM_ChannelStateTypeDef channel_state;
2752:HW_Lib/STM32H7/HAL_Lib/STM32H7xx_HAL_Driver/Src/stm32h7xx_hal_tim_ex.c **** 
2753:HW_Lib/STM32H7/HAL_Lib/STM32H7xx_HAL_Driver/Src/stm32h7xx_hal_tim_ex.c ****   /* Check the parameters */
2754:HW_Lib/STM32H7/HAL_Lib/STM32H7xx_HAL_Driver/Src/stm32h7xx_hal_tim_ex.c ****   assert_param(IS_TIM_CCXN_INSTANCE(htim->Instance, ChannelN));
2755:HW_Lib/STM32H7/HAL_Lib/STM32H7xx_HAL_Driver/Src/stm32h7xx_hal_tim_ex.c **** 
ARM GAS  C:\Users\HUAV\AppData\Local\Temp\ccIqAtUa.s 			page 172


2756:HW_Lib/STM32H7/HAL_Lib/STM32H7xx_HAL_Driver/Src/stm32h7xx_hal_tim_ex.c ****   channel_state = TIM_CHANNEL_N_STATE_GET(htim, ChannelN);
 7054              		.loc 1 2756 19
 7055 000a 3B68     		ldr	r3, [r7]
 7056 000c 002B     		cmp	r3, #0
 7057 000e 04D1     		bne	.L417
 7058              		.loc 1 2756 19 is_stmt 0 discriminator 1
 7059 0010 7B68     		ldr	r3, [r7, #4]
 7060 0012 93F84430 		ldrb	r3, [r3, #68]
 7061 0016 DBB2     		uxtb	r3, r3
 7062 0018 13E0     		b	.L418
 7063              	.L417:
 7064              		.loc 1 2756 19 discriminator 2
 7065 001a 3B68     		ldr	r3, [r7]
 7066 001c 042B     		cmp	r3, #4
 7067 001e 04D1     		bne	.L419
 7068              		.loc 1 2756 19 discriminator 4
 7069 0020 7B68     		ldr	r3, [r7, #4]
 7070 0022 93F84530 		ldrb	r3, [r3, #69]
 7071 0026 DBB2     		uxtb	r3, r3
 7072 0028 0BE0     		b	.L418
 7073              	.L419:
 7074              		.loc 1 2756 19 discriminator 5
 7075 002a 3B68     		ldr	r3, [r7]
 7076 002c 082B     		cmp	r3, #8
 7077 002e 04D1     		bne	.L421
 7078              		.loc 1 2756 19 discriminator 7
 7079 0030 7B68     		ldr	r3, [r7, #4]
 7080 0032 93F84630 		ldrb	r3, [r3, #70]
 7081 0036 DBB2     		uxtb	r3, r3
 7082 0038 03E0     		b	.L418
 7083              	.L421:
 7084              		.loc 1 2756 19 discriminator 8
 7085 003a 7B68     		ldr	r3, [r7, #4]
 7086 003c 93F84730 		ldrb	r3, [r3, #71]
 7087 0040 DBB2     		uxtb	r3, r3
 7088              	.L418:
 7089              		.loc 1 2756 17 is_stmt 1 discriminator 12
 7090 0042 FB73     		strb	r3, [r7, #15]
2757:HW_Lib/STM32H7/HAL_Lib/STM32H7xx_HAL_Driver/Src/stm32h7xx_hal_tim_ex.c **** 
2758:HW_Lib/STM32H7/HAL_Lib/STM32H7xx_HAL_Driver/Src/stm32h7xx_hal_tim_ex.c ****   return channel_state;
 7091              		.loc 1 2758 10 discriminator 12
 7092 0044 FB7B     		ldrb	r3, [r7, #15]	@ zero_extendqisi2
2759:HW_Lib/STM32H7/HAL_Lib/STM32H7xx_HAL_Driver/Src/stm32h7xx_hal_tim_ex.c **** }
 7093              		.loc 1 2759 1 discriminator 12
 7094 0046 1846     		mov	r0, r3
 7095 0048 1437     		adds	r7, r7, #20
 7096              	.LCFI219:
 7097              		.cfi_def_cfa_offset 4
 7098 004a BD46     		mov	sp, r7
 7099              	.LCFI220:
 7100              		.cfi_def_cfa_register 13
 7101              		@ sp needed
 7102 004c 5DF8047B 		ldr	r7, [sp], #4
 7103              	.LCFI221:
 7104              		.cfi_restore 7
 7105              		.cfi_def_cfa_offset 0
 7106 0050 7047     		bx	lr
ARM GAS  C:\Users\HUAV\AppData\Local\Temp\ccIqAtUa.s 			page 173


 7107              		.cfi_endproc
 7108              	.LFE373:
 7110              		.section	.text.TIMEx_DMACommutationCplt,"ax",%progbits
 7111              		.align	1
 7112              		.global	TIMEx_DMACommutationCplt
 7113              		.syntax unified
 7114              		.thumb
 7115              		.thumb_func
 7117              	TIMEx_DMACommutationCplt:
 7118              	.LFB374:
2760:HW_Lib/STM32H7/HAL_Lib/STM32H7xx_HAL_Driver/Src/stm32h7xx_hal_tim_ex.c **** /**
2761:HW_Lib/STM32H7/HAL_Lib/STM32H7xx_HAL_Driver/Src/stm32h7xx_hal_tim_ex.c ****   * @}
2762:HW_Lib/STM32H7/HAL_Lib/STM32H7xx_HAL_Driver/Src/stm32h7xx_hal_tim_ex.c ****   */
2763:HW_Lib/STM32H7/HAL_Lib/STM32H7xx_HAL_Driver/Src/stm32h7xx_hal_tim_ex.c **** 
2764:HW_Lib/STM32H7/HAL_Lib/STM32H7xx_HAL_Driver/Src/stm32h7xx_hal_tim_ex.c **** /**
2765:HW_Lib/STM32H7/HAL_Lib/STM32H7xx_HAL_Driver/Src/stm32h7xx_hal_tim_ex.c ****   * @}
2766:HW_Lib/STM32H7/HAL_Lib/STM32H7xx_HAL_Driver/Src/stm32h7xx_hal_tim_ex.c ****   */
2767:HW_Lib/STM32H7/HAL_Lib/STM32H7xx_HAL_Driver/Src/stm32h7xx_hal_tim_ex.c **** 
2768:HW_Lib/STM32H7/HAL_Lib/STM32H7xx_HAL_Driver/Src/stm32h7xx_hal_tim_ex.c **** /* Private functions ---------------------------------------------------------*/
2769:HW_Lib/STM32H7/HAL_Lib/STM32H7xx_HAL_Driver/Src/stm32h7xx_hal_tim_ex.c **** /** @defgroup TIMEx_Private_Functions TIM Extended Private Functions
2770:HW_Lib/STM32H7/HAL_Lib/STM32H7xx_HAL_Driver/Src/stm32h7xx_hal_tim_ex.c ****   * @{
2771:HW_Lib/STM32H7/HAL_Lib/STM32H7xx_HAL_Driver/Src/stm32h7xx_hal_tim_ex.c ****   */
2772:HW_Lib/STM32H7/HAL_Lib/STM32H7xx_HAL_Driver/Src/stm32h7xx_hal_tim_ex.c **** 
2773:HW_Lib/STM32H7/HAL_Lib/STM32H7xx_HAL_Driver/Src/stm32h7xx_hal_tim_ex.c **** /**
2774:HW_Lib/STM32H7/HAL_Lib/STM32H7xx_HAL_Driver/Src/stm32h7xx_hal_tim_ex.c ****   * @brief  TIM DMA Commutation callback.
2775:HW_Lib/STM32H7/HAL_Lib/STM32H7xx_HAL_Driver/Src/stm32h7xx_hal_tim_ex.c ****   * @param  hdma pointer to DMA handle.
2776:HW_Lib/STM32H7/HAL_Lib/STM32H7xx_HAL_Driver/Src/stm32h7xx_hal_tim_ex.c ****   * @retval None
2777:HW_Lib/STM32H7/HAL_Lib/STM32H7xx_HAL_Driver/Src/stm32h7xx_hal_tim_ex.c ****   */
2778:HW_Lib/STM32H7/HAL_Lib/STM32H7xx_HAL_Driver/Src/stm32h7xx_hal_tim_ex.c **** void TIMEx_DMACommutationCplt(DMA_HandleTypeDef *hdma)
2779:HW_Lib/STM32H7/HAL_Lib/STM32H7xx_HAL_Driver/Src/stm32h7xx_hal_tim_ex.c **** {
 7119              		.loc 1 2779 1
 7120              		.cfi_startproc
 7121              		@ args = 0, pretend = 0, frame = 16
 7122              		@ frame_needed = 1, uses_anonymous_args = 0
 7123 0000 80B5     		push	{r7, lr}
 7124              	.LCFI222:
 7125              		.cfi_def_cfa_offset 8
 7126              		.cfi_offset 7, -8
 7127              		.cfi_offset 14, -4
 7128 0002 84B0     		sub	sp, sp, #16
 7129              	.LCFI223:
 7130              		.cfi_def_cfa_offset 24
 7131 0004 00AF     		add	r7, sp, #0
 7132              	.LCFI224:
 7133              		.cfi_def_cfa_register 7
 7134 0006 7860     		str	r0, [r7, #4]
2780:HW_Lib/STM32H7/HAL_Lib/STM32H7xx_HAL_Driver/Src/stm32h7xx_hal_tim_ex.c ****   TIM_HandleTypeDef *htim = (TIM_HandleTypeDef *)((DMA_HandleTypeDef *)hdma)->Parent;
 7135              		.loc 1 2780 22
 7136 0008 7B68     		ldr	r3, [r7, #4]
 7137 000a 9B6B     		ldr	r3, [r3, #56]
 7138 000c FB60     		str	r3, [r7, #12]
2781:HW_Lib/STM32H7/HAL_Lib/STM32H7xx_HAL_Driver/Src/stm32h7xx_hal_tim_ex.c **** 
2782:HW_Lib/STM32H7/HAL_Lib/STM32H7xx_HAL_Driver/Src/stm32h7xx_hal_tim_ex.c ****   /* Change the htim state */
2783:HW_Lib/STM32H7/HAL_Lib/STM32H7xx_HAL_Driver/Src/stm32h7xx_hal_tim_ex.c ****   htim->State = HAL_TIM_STATE_READY;
 7139              		.loc 1 2783 15
 7140 000e FB68     		ldr	r3, [r7, #12]
 7141 0010 0122     		movs	r2, #1
ARM GAS  C:\Users\HUAV\AppData\Local\Temp\ccIqAtUa.s 			page 174


 7142 0012 83F83D20 		strb	r2, [r3, #61]
2784:HW_Lib/STM32H7/HAL_Lib/STM32H7xx_HAL_Driver/Src/stm32h7xx_hal_tim_ex.c **** 
2785:HW_Lib/STM32H7/HAL_Lib/STM32H7xx_HAL_Driver/Src/stm32h7xx_hal_tim_ex.c **** #if (USE_HAL_TIM_REGISTER_CALLBACKS == 1)
2786:HW_Lib/STM32H7/HAL_Lib/STM32H7xx_HAL_Driver/Src/stm32h7xx_hal_tim_ex.c ****   htim->CommutationCallback(htim);
2787:HW_Lib/STM32H7/HAL_Lib/STM32H7xx_HAL_Driver/Src/stm32h7xx_hal_tim_ex.c **** #else
2788:HW_Lib/STM32H7/HAL_Lib/STM32H7xx_HAL_Driver/Src/stm32h7xx_hal_tim_ex.c ****   HAL_TIMEx_CommutCallback(htim);
 7143              		.loc 1 2788 3
 7144 0016 F868     		ldr	r0, [r7, #12]
 7145 0018 FFF7FEFF 		bl	HAL_TIMEx_CommutCallback
2789:HW_Lib/STM32H7/HAL_Lib/STM32H7xx_HAL_Driver/Src/stm32h7xx_hal_tim_ex.c **** #endif /* USE_HAL_TIM_REGISTER_CALLBACKS */
2790:HW_Lib/STM32H7/HAL_Lib/STM32H7xx_HAL_Driver/Src/stm32h7xx_hal_tim_ex.c **** }
 7146              		.loc 1 2790 1
 7147 001c 00BF     		nop
 7148 001e 1037     		adds	r7, r7, #16
 7149              	.LCFI225:
 7150              		.cfi_def_cfa_offset 8
 7151 0020 BD46     		mov	sp, r7
 7152              	.LCFI226:
 7153              		.cfi_def_cfa_register 13
 7154              		@ sp needed
 7155 0022 80BD     		pop	{r7, pc}
 7156              		.cfi_endproc
 7157              	.LFE374:
 7159              		.section	.text.TIMEx_DMACommutationHalfCplt,"ax",%progbits
 7160              		.align	1
 7161              		.global	TIMEx_DMACommutationHalfCplt
 7162              		.syntax unified
 7163              		.thumb
 7164              		.thumb_func
 7166              	TIMEx_DMACommutationHalfCplt:
 7167              	.LFB375:
2791:HW_Lib/STM32H7/HAL_Lib/STM32H7xx_HAL_Driver/Src/stm32h7xx_hal_tim_ex.c **** 
2792:HW_Lib/STM32H7/HAL_Lib/STM32H7xx_HAL_Driver/Src/stm32h7xx_hal_tim_ex.c **** /**
2793:HW_Lib/STM32H7/HAL_Lib/STM32H7xx_HAL_Driver/Src/stm32h7xx_hal_tim_ex.c ****   * @brief  TIM DMA Commutation half complete callback.
2794:HW_Lib/STM32H7/HAL_Lib/STM32H7xx_HAL_Driver/Src/stm32h7xx_hal_tim_ex.c ****   * @param  hdma pointer to DMA handle.
2795:HW_Lib/STM32H7/HAL_Lib/STM32H7xx_HAL_Driver/Src/stm32h7xx_hal_tim_ex.c ****   * @retval None
2796:HW_Lib/STM32H7/HAL_Lib/STM32H7xx_HAL_Driver/Src/stm32h7xx_hal_tim_ex.c ****   */
2797:HW_Lib/STM32H7/HAL_Lib/STM32H7xx_HAL_Driver/Src/stm32h7xx_hal_tim_ex.c **** void TIMEx_DMACommutationHalfCplt(DMA_HandleTypeDef *hdma)
2798:HW_Lib/STM32H7/HAL_Lib/STM32H7xx_HAL_Driver/Src/stm32h7xx_hal_tim_ex.c **** {
 7168              		.loc 1 2798 1
 7169              		.cfi_startproc
 7170              		@ args = 0, pretend = 0, frame = 16
 7171              		@ frame_needed = 1, uses_anonymous_args = 0
 7172 0000 80B5     		push	{r7, lr}
 7173              	.LCFI227:
 7174              		.cfi_def_cfa_offset 8
 7175              		.cfi_offset 7, -8
 7176              		.cfi_offset 14, -4
 7177 0002 84B0     		sub	sp, sp, #16
 7178              	.LCFI228:
 7179              		.cfi_def_cfa_offset 24
 7180 0004 00AF     		add	r7, sp, #0
 7181              	.LCFI229:
 7182              		.cfi_def_cfa_register 7
 7183 0006 7860     		str	r0, [r7, #4]
2799:HW_Lib/STM32H7/HAL_Lib/STM32H7xx_HAL_Driver/Src/stm32h7xx_hal_tim_ex.c ****   TIM_HandleTypeDef *htim = (TIM_HandleTypeDef *)((DMA_HandleTypeDef *)hdma)->Parent;
 7184              		.loc 1 2799 22
ARM GAS  C:\Users\HUAV\AppData\Local\Temp\ccIqAtUa.s 			page 175


 7185 0008 7B68     		ldr	r3, [r7, #4]
 7186 000a 9B6B     		ldr	r3, [r3, #56]
 7187 000c FB60     		str	r3, [r7, #12]
2800:HW_Lib/STM32H7/HAL_Lib/STM32H7xx_HAL_Driver/Src/stm32h7xx_hal_tim_ex.c **** 
2801:HW_Lib/STM32H7/HAL_Lib/STM32H7xx_HAL_Driver/Src/stm32h7xx_hal_tim_ex.c ****   /* Change the htim state */
2802:HW_Lib/STM32H7/HAL_Lib/STM32H7xx_HAL_Driver/Src/stm32h7xx_hal_tim_ex.c ****   htim->State = HAL_TIM_STATE_READY;
 7188              		.loc 1 2802 15
 7189 000e FB68     		ldr	r3, [r7, #12]
 7190 0010 0122     		movs	r2, #1
 7191 0012 83F83D20 		strb	r2, [r3, #61]
2803:HW_Lib/STM32H7/HAL_Lib/STM32H7xx_HAL_Driver/Src/stm32h7xx_hal_tim_ex.c **** 
2804:HW_Lib/STM32H7/HAL_Lib/STM32H7xx_HAL_Driver/Src/stm32h7xx_hal_tim_ex.c **** #if (USE_HAL_TIM_REGISTER_CALLBACKS == 1)
2805:HW_Lib/STM32H7/HAL_Lib/STM32H7xx_HAL_Driver/Src/stm32h7xx_hal_tim_ex.c ****   htim->CommutationHalfCpltCallback(htim);
2806:HW_Lib/STM32H7/HAL_Lib/STM32H7xx_HAL_Driver/Src/stm32h7xx_hal_tim_ex.c **** #else
2807:HW_Lib/STM32H7/HAL_Lib/STM32H7xx_HAL_Driver/Src/stm32h7xx_hal_tim_ex.c ****   HAL_TIMEx_CommutHalfCpltCallback(htim);
 7192              		.loc 1 2807 3
 7193 0016 F868     		ldr	r0, [r7, #12]
 7194 0018 FFF7FEFF 		bl	HAL_TIMEx_CommutHalfCpltCallback
2808:HW_Lib/STM32H7/HAL_Lib/STM32H7xx_HAL_Driver/Src/stm32h7xx_hal_tim_ex.c **** #endif /* USE_HAL_TIM_REGISTER_CALLBACKS */
2809:HW_Lib/STM32H7/HAL_Lib/STM32H7xx_HAL_Driver/Src/stm32h7xx_hal_tim_ex.c **** }
 7195              		.loc 1 2809 1
 7196 001c 00BF     		nop
 7197 001e 1037     		adds	r7, r7, #16
 7198              	.LCFI230:
 7199              		.cfi_def_cfa_offset 8
 7200 0020 BD46     		mov	sp, r7
 7201              	.LCFI231:
 7202              		.cfi_def_cfa_register 13
 7203              		@ sp needed
 7204 0022 80BD     		pop	{r7, pc}
 7205              		.cfi_endproc
 7206              	.LFE375:
 7208              		.section	.text.TIM_DMADelayPulseNCplt,"ax",%progbits
 7209              		.align	1
 7210              		.syntax unified
 7211              		.thumb
 7212              		.thumb_func
 7214              	TIM_DMADelayPulseNCplt:
 7215              	.LFB376:
2810:HW_Lib/STM32H7/HAL_Lib/STM32H7xx_HAL_Driver/Src/stm32h7xx_hal_tim_ex.c **** 
2811:HW_Lib/STM32H7/HAL_Lib/STM32H7xx_HAL_Driver/Src/stm32h7xx_hal_tim_ex.c **** 
2812:HW_Lib/STM32H7/HAL_Lib/STM32H7xx_HAL_Driver/Src/stm32h7xx_hal_tim_ex.c **** /**
2813:HW_Lib/STM32H7/HAL_Lib/STM32H7xx_HAL_Driver/Src/stm32h7xx_hal_tim_ex.c ****   * @brief  TIM DMA Delay Pulse complete callback (complementary channel).
2814:HW_Lib/STM32H7/HAL_Lib/STM32H7xx_HAL_Driver/Src/stm32h7xx_hal_tim_ex.c ****   * @param  hdma pointer to DMA handle.
2815:HW_Lib/STM32H7/HAL_Lib/STM32H7xx_HAL_Driver/Src/stm32h7xx_hal_tim_ex.c ****   * @retval None
2816:HW_Lib/STM32H7/HAL_Lib/STM32H7xx_HAL_Driver/Src/stm32h7xx_hal_tim_ex.c ****   */
2817:HW_Lib/STM32H7/HAL_Lib/STM32H7xx_HAL_Driver/Src/stm32h7xx_hal_tim_ex.c **** static void TIM_DMADelayPulseNCplt(DMA_HandleTypeDef *hdma)
2818:HW_Lib/STM32H7/HAL_Lib/STM32H7xx_HAL_Driver/Src/stm32h7xx_hal_tim_ex.c **** {
 7216              		.loc 1 2818 1
 7217              		.cfi_startproc
 7218              		@ args = 0, pretend = 0, frame = 16
 7219              		@ frame_needed = 1, uses_anonymous_args = 0
 7220 0000 80B5     		push	{r7, lr}
 7221              	.LCFI232:
 7222              		.cfi_def_cfa_offset 8
 7223              		.cfi_offset 7, -8
 7224              		.cfi_offset 14, -4
ARM GAS  C:\Users\HUAV\AppData\Local\Temp\ccIqAtUa.s 			page 176


 7225 0002 84B0     		sub	sp, sp, #16
 7226              	.LCFI233:
 7227              		.cfi_def_cfa_offset 24
 7228 0004 00AF     		add	r7, sp, #0
 7229              	.LCFI234:
 7230              		.cfi_def_cfa_register 7
 7231 0006 7860     		str	r0, [r7, #4]
2819:HW_Lib/STM32H7/HAL_Lib/STM32H7xx_HAL_Driver/Src/stm32h7xx_hal_tim_ex.c ****   TIM_HandleTypeDef *htim = (TIM_HandleTypeDef *)((DMA_HandleTypeDef *)hdma)->Parent;
 7232              		.loc 1 2819 22
 7233 0008 7B68     		ldr	r3, [r7, #4]
 7234 000a 9B6B     		ldr	r3, [r3, #56]
 7235 000c FB60     		str	r3, [r7, #12]
2820:HW_Lib/STM32H7/HAL_Lib/STM32H7xx_HAL_Driver/Src/stm32h7xx_hal_tim_ex.c **** 
2821:HW_Lib/STM32H7/HAL_Lib/STM32H7xx_HAL_Driver/Src/stm32h7xx_hal_tim_ex.c ****   if (hdma == htim->hdma[TIM_DMA_ID_CC1])
 7236              		.loc 1 2821 25
 7237 000e FB68     		ldr	r3, [r7, #12]
 7238 0010 5B6A     		ldr	r3, [r3, #36]
 7239              		.loc 1 2821 6
 7240 0012 7A68     		ldr	r2, [r7, #4]
 7241 0014 9A42     		cmp	r2, r3
 7242 0016 0BD1     		bne	.L427
2822:HW_Lib/STM32H7/HAL_Lib/STM32H7xx_HAL_Driver/Src/stm32h7xx_hal_tim_ex.c ****   {
2823:HW_Lib/STM32H7/HAL_Lib/STM32H7xx_HAL_Driver/Src/stm32h7xx_hal_tim_ex.c ****     htim->Channel = HAL_TIM_ACTIVE_CHANNEL_1;
 7243              		.loc 1 2823 19
 7244 0018 FB68     		ldr	r3, [r7, #12]
 7245 001a 0122     		movs	r2, #1
 7246 001c 1A77     		strb	r2, [r3, #28]
2824:HW_Lib/STM32H7/HAL_Lib/STM32H7xx_HAL_Driver/Src/stm32h7xx_hal_tim_ex.c **** 
2825:HW_Lib/STM32H7/HAL_Lib/STM32H7xx_HAL_Driver/Src/stm32h7xx_hal_tim_ex.c ****     if (hdma->Init.Mode == DMA_NORMAL)
 7247              		.loc 1 2825 19
 7248 001e 7B68     		ldr	r3, [r7, #4]
 7249 0020 DB69     		ldr	r3, [r3, #28]
 7250              		.loc 1 2825 8
 7251 0022 002B     		cmp	r3, #0
 7252 0024 36D1     		bne	.L428
2826:HW_Lib/STM32H7/HAL_Lib/STM32H7xx_HAL_Driver/Src/stm32h7xx_hal_tim_ex.c ****     {
2827:HW_Lib/STM32H7/HAL_Lib/STM32H7xx_HAL_Driver/Src/stm32h7xx_hal_tim_ex.c ****       TIM_CHANNEL_N_STATE_SET(htim, TIM_CHANNEL_1, HAL_TIM_CHANNEL_STATE_READY);
 7253              		.loc 1 2827 7
 7254 0026 FB68     		ldr	r3, [r7, #12]
 7255 0028 0122     		movs	r2, #1
 7256 002a 83F84420 		strb	r2, [r3, #68]
 7257 002e 31E0     		b	.L428
 7258              	.L427:
2828:HW_Lib/STM32H7/HAL_Lib/STM32H7xx_HAL_Driver/Src/stm32h7xx_hal_tim_ex.c ****     }
2829:HW_Lib/STM32H7/HAL_Lib/STM32H7xx_HAL_Driver/Src/stm32h7xx_hal_tim_ex.c ****   }
2830:HW_Lib/STM32H7/HAL_Lib/STM32H7xx_HAL_Driver/Src/stm32h7xx_hal_tim_ex.c ****   else if (hdma == htim->hdma[TIM_DMA_ID_CC2])
 7259              		.loc 1 2830 30
 7260 0030 FB68     		ldr	r3, [r7, #12]
 7261 0032 9B6A     		ldr	r3, [r3, #40]
 7262              		.loc 1 2830 11
 7263 0034 7A68     		ldr	r2, [r7, #4]
 7264 0036 9A42     		cmp	r2, r3
 7265 0038 0BD1     		bne	.L429
2831:HW_Lib/STM32H7/HAL_Lib/STM32H7xx_HAL_Driver/Src/stm32h7xx_hal_tim_ex.c ****   {
2832:HW_Lib/STM32H7/HAL_Lib/STM32H7xx_HAL_Driver/Src/stm32h7xx_hal_tim_ex.c ****     htim->Channel = HAL_TIM_ACTIVE_CHANNEL_2;
 7266              		.loc 1 2832 19
 7267 003a FB68     		ldr	r3, [r7, #12]
ARM GAS  C:\Users\HUAV\AppData\Local\Temp\ccIqAtUa.s 			page 177


 7268 003c 0222     		movs	r2, #2
 7269 003e 1A77     		strb	r2, [r3, #28]
2833:HW_Lib/STM32H7/HAL_Lib/STM32H7xx_HAL_Driver/Src/stm32h7xx_hal_tim_ex.c **** 
2834:HW_Lib/STM32H7/HAL_Lib/STM32H7xx_HAL_Driver/Src/stm32h7xx_hal_tim_ex.c ****     if (hdma->Init.Mode == DMA_NORMAL)
 7270              		.loc 1 2834 19
 7271 0040 7B68     		ldr	r3, [r7, #4]
 7272 0042 DB69     		ldr	r3, [r3, #28]
 7273              		.loc 1 2834 8
 7274 0044 002B     		cmp	r3, #0
 7275 0046 25D1     		bne	.L428
2835:HW_Lib/STM32H7/HAL_Lib/STM32H7xx_HAL_Driver/Src/stm32h7xx_hal_tim_ex.c ****     {
2836:HW_Lib/STM32H7/HAL_Lib/STM32H7xx_HAL_Driver/Src/stm32h7xx_hal_tim_ex.c ****       TIM_CHANNEL_N_STATE_SET(htim, TIM_CHANNEL_2, HAL_TIM_CHANNEL_STATE_READY);
 7276              		.loc 1 2836 7
 7277 0048 FB68     		ldr	r3, [r7, #12]
 7278 004a 0122     		movs	r2, #1
 7279 004c 83F84520 		strb	r2, [r3, #69]
 7280 0050 20E0     		b	.L428
 7281              	.L429:
2837:HW_Lib/STM32H7/HAL_Lib/STM32H7xx_HAL_Driver/Src/stm32h7xx_hal_tim_ex.c ****     }
2838:HW_Lib/STM32H7/HAL_Lib/STM32H7xx_HAL_Driver/Src/stm32h7xx_hal_tim_ex.c ****   }
2839:HW_Lib/STM32H7/HAL_Lib/STM32H7xx_HAL_Driver/Src/stm32h7xx_hal_tim_ex.c ****   else if (hdma == htim->hdma[TIM_DMA_ID_CC3])
 7282              		.loc 1 2839 30
 7283 0052 FB68     		ldr	r3, [r7, #12]
 7284 0054 DB6A     		ldr	r3, [r3, #44]
 7285              		.loc 1 2839 11
 7286 0056 7A68     		ldr	r2, [r7, #4]
 7287 0058 9A42     		cmp	r2, r3
 7288 005a 0BD1     		bne	.L430
2840:HW_Lib/STM32H7/HAL_Lib/STM32H7xx_HAL_Driver/Src/stm32h7xx_hal_tim_ex.c ****   {
2841:HW_Lib/STM32H7/HAL_Lib/STM32H7xx_HAL_Driver/Src/stm32h7xx_hal_tim_ex.c ****     htim->Channel = HAL_TIM_ACTIVE_CHANNEL_3;
 7289              		.loc 1 2841 19
 7290 005c FB68     		ldr	r3, [r7, #12]
 7291 005e 0422     		movs	r2, #4
 7292 0060 1A77     		strb	r2, [r3, #28]
2842:HW_Lib/STM32H7/HAL_Lib/STM32H7xx_HAL_Driver/Src/stm32h7xx_hal_tim_ex.c **** 
2843:HW_Lib/STM32H7/HAL_Lib/STM32H7xx_HAL_Driver/Src/stm32h7xx_hal_tim_ex.c ****     if (hdma->Init.Mode == DMA_NORMAL)
 7293              		.loc 1 2843 19
 7294 0062 7B68     		ldr	r3, [r7, #4]
 7295 0064 DB69     		ldr	r3, [r3, #28]
 7296              		.loc 1 2843 8
 7297 0066 002B     		cmp	r3, #0
 7298 0068 14D1     		bne	.L428
2844:HW_Lib/STM32H7/HAL_Lib/STM32H7xx_HAL_Driver/Src/stm32h7xx_hal_tim_ex.c ****     {
2845:HW_Lib/STM32H7/HAL_Lib/STM32H7xx_HAL_Driver/Src/stm32h7xx_hal_tim_ex.c ****       TIM_CHANNEL_N_STATE_SET(htim, TIM_CHANNEL_3, HAL_TIM_CHANNEL_STATE_READY);
 7299              		.loc 1 2845 7
 7300 006a FB68     		ldr	r3, [r7, #12]
 7301 006c 0122     		movs	r2, #1
 7302 006e 83F84620 		strb	r2, [r3, #70]
 7303 0072 0FE0     		b	.L428
 7304              	.L430:
2846:HW_Lib/STM32H7/HAL_Lib/STM32H7xx_HAL_Driver/Src/stm32h7xx_hal_tim_ex.c ****     }
2847:HW_Lib/STM32H7/HAL_Lib/STM32H7xx_HAL_Driver/Src/stm32h7xx_hal_tim_ex.c ****   }
2848:HW_Lib/STM32H7/HAL_Lib/STM32H7xx_HAL_Driver/Src/stm32h7xx_hal_tim_ex.c ****   else if (hdma == htim->hdma[TIM_DMA_ID_CC4])
 7305              		.loc 1 2848 30
 7306 0074 FB68     		ldr	r3, [r7, #12]
 7307 0076 1B6B     		ldr	r3, [r3, #48]
 7308              		.loc 1 2848 11
ARM GAS  C:\Users\HUAV\AppData\Local\Temp\ccIqAtUa.s 			page 178


 7309 0078 7A68     		ldr	r2, [r7, #4]
 7310 007a 9A42     		cmp	r2, r3
 7311 007c 0AD1     		bne	.L428
2849:HW_Lib/STM32H7/HAL_Lib/STM32H7xx_HAL_Driver/Src/stm32h7xx_hal_tim_ex.c ****   {
2850:HW_Lib/STM32H7/HAL_Lib/STM32H7xx_HAL_Driver/Src/stm32h7xx_hal_tim_ex.c ****     htim->Channel = HAL_TIM_ACTIVE_CHANNEL_4;
 7312              		.loc 1 2850 19
 7313 007e FB68     		ldr	r3, [r7, #12]
 7314 0080 0822     		movs	r2, #8
 7315 0082 1A77     		strb	r2, [r3, #28]
2851:HW_Lib/STM32H7/HAL_Lib/STM32H7xx_HAL_Driver/Src/stm32h7xx_hal_tim_ex.c **** 
2852:HW_Lib/STM32H7/HAL_Lib/STM32H7xx_HAL_Driver/Src/stm32h7xx_hal_tim_ex.c ****     if (hdma->Init.Mode == DMA_NORMAL)
 7316              		.loc 1 2852 19
 7317 0084 7B68     		ldr	r3, [r7, #4]
 7318 0086 DB69     		ldr	r3, [r3, #28]
 7319              		.loc 1 2852 8
 7320 0088 002B     		cmp	r3, #0
 7321 008a 03D1     		bne	.L428
2853:HW_Lib/STM32H7/HAL_Lib/STM32H7xx_HAL_Driver/Src/stm32h7xx_hal_tim_ex.c ****     {
2854:HW_Lib/STM32H7/HAL_Lib/STM32H7xx_HAL_Driver/Src/stm32h7xx_hal_tim_ex.c ****       TIM_CHANNEL_N_STATE_SET(htim, TIM_CHANNEL_4, HAL_TIM_CHANNEL_STATE_READY);
 7322              		.loc 1 2854 7
 7323 008c FB68     		ldr	r3, [r7, #12]
 7324 008e 0122     		movs	r2, #1
 7325 0090 83F84720 		strb	r2, [r3, #71]
 7326              	.L428:
2855:HW_Lib/STM32H7/HAL_Lib/STM32H7xx_HAL_Driver/Src/stm32h7xx_hal_tim_ex.c ****     }
2856:HW_Lib/STM32H7/HAL_Lib/STM32H7xx_HAL_Driver/Src/stm32h7xx_hal_tim_ex.c ****   }
2857:HW_Lib/STM32H7/HAL_Lib/STM32H7xx_HAL_Driver/Src/stm32h7xx_hal_tim_ex.c ****   else
2858:HW_Lib/STM32H7/HAL_Lib/STM32H7xx_HAL_Driver/Src/stm32h7xx_hal_tim_ex.c ****   {
2859:HW_Lib/STM32H7/HAL_Lib/STM32H7xx_HAL_Driver/Src/stm32h7xx_hal_tim_ex.c ****     /* nothing to do */
2860:HW_Lib/STM32H7/HAL_Lib/STM32H7xx_HAL_Driver/Src/stm32h7xx_hal_tim_ex.c ****   }
2861:HW_Lib/STM32H7/HAL_Lib/STM32H7xx_HAL_Driver/Src/stm32h7xx_hal_tim_ex.c **** 
2862:HW_Lib/STM32H7/HAL_Lib/STM32H7xx_HAL_Driver/Src/stm32h7xx_hal_tim_ex.c **** #if (USE_HAL_TIM_REGISTER_CALLBACKS == 1)
2863:HW_Lib/STM32H7/HAL_Lib/STM32H7xx_HAL_Driver/Src/stm32h7xx_hal_tim_ex.c ****   htim->PWM_PulseFinishedCallback(htim);
2864:HW_Lib/STM32H7/HAL_Lib/STM32H7xx_HAL_Driver/Src/stm32h7xx_hal_tim_ex.c **** #else
2865:HW_Lib/STM32H7/HAL_Lib/STM32H7xx_HAL_Driver/Src/stm32h7xx_hal_tim_ex.c ****   HAL_TIM_PWM_PulseFinishedCallback(htim);
 7327              		.loc 1 2865 3
 7328 0094 F868     		ldr	r0, [r7, #12]
 7329 0096 FFF7FEFF 		bl	HAL_TIM_PWM_PulseFinishedCallback
2866:HW_Lib/STM32H7/HAL_Lib/STM32H7xx_HAL_Driver/Src/stm32h7xx_hal_tim_ex.c **** #endif /* USE_HAL_TIM_REGISTER_CALLBACKS */
2867:HW_Lib/STM32H7/HAL_Lib/STM32H7xx_HAL_Driver/Src/stm32h7xx_hal_tim_ex.c **** 
2868:HW_Lib/STM32H7/HAL_Lib/STM32H7xx_HAL_Driver/Src/stm32h7xx_hal_tim_ex.c ****   htim->Channel = HAL_TIM_ACTIVE_CHANNEL_CLEARED;
 7330              		.loc 1 2868 17
 7331 009a FB68     		ldr	r3, [r7, #12]
 7332 009c 0022     		movs	r2, #0
 7333 009e 1A77     		strb	r2, [r3, #28]
2869:HW_Lib/STM32H7/HAL_Lib/STM32H7xx_HAL_Driver/Src/stm32h7xx_hal_tim_ex.c **** }
 7334              		.loc 1 2869 1
 7335 00a0 00BF     		nop
 7336 00a2 1037     		adds	r7, r7, #16
 7337              	.LCFI235:
 7338              		.cfi_def_cfa_offset 8
 7339 00a4 BD46     		mov	sp, r7
 7340              	.LCFI236:
 7341              		.cfi_def_cfa_register 13
 7342              		@ sp needed
 7343 00a6 80BD     		pop	{r7, pc}
 7344              		.cfi_endproc
ARM GAS  C:\Users\HUAV\AppData\Local\Temp\ccIqAtUa.s 			page 179


 7345              	.LFE376:
 7347              		.section	.text.TIM_DMAErrorCCxN,"ax",%progbits
 7348              		.align	1
 7349              		.syntax unified
 7350              		.thumb
 7351              		.thumb_func
 7353              	TIM_DMAErrorCCxN:
 7354              	.LFB377:
2870:HW_Lib/STM32H7/HAL_Lib/STM32H7xx_HAL_Driver/Src/stm32h7xx_hal_tim_ex.c **** 
2871:HW_Lib/STM32H7/HAL_Lib/STM32H7xx_HAL_Driver/Src/stm32h7xx_hal_tim_ex.c **** /**
2872:HW_Lib/STM32H7/HAL_Lib/STM32H7xx_HAL_Driver/Src/stm32h7xx_hal_tim_ex.c ****   * @brief  TIM DMA error callback (complementary channel)
2873:HW_Lib/STM32H7/HAL_Lib/STM32H7xx_HAL_Driver/Src/stm32h7xx_hal_tim_ex.c ****   * @param  hdma pointer to DMA handle.
2874:HW_Lib/STM32H7/HAL_Lib/STM32H7xx_HAL_Driver/Src/stm32h7xx_hal_tim_ex.c ****   * @retval None
2875:HW_Lib/STM32H7/HAL_Lib/STM32H7xx_HAL_Driver/Src/stm32h7xx_hal_tim_ex.c ****   */
2876:HW_Lib/STM32H7/HAL_Lib/STM32H7xx_HAL_Driver/Src/stm32h7xx_hal_tim_ex.c **** static void TIM_DMAErrorCCxN(DMA_HandleTypeDef *hdma)
2877:HW_Lib/STM32H7/HAL_Lib/STM32H7xx_HAL_Driver/Src/stm32h7xx_hal_tim_ex.c **** {
 7355              		.loc 1 2877 1
 7356              		.cfi_startproc
 7357              		@ args = 0, pretend = 0, frame = 16
 7358              		@ frame_needed = 1, uses_anonymous_args = 0
 7359 0000 80B5     		push	{r7, lr}
 7360              	.LCFI237:
 7361              		.cfi_def_cfa_offset 8
 7362              		.cfi_offset 7, -8
 7363              		.cfi_offset 14, -4
 7364 0002 84B0     		sub	sp, sp, #16
 7365              	.LCFI238:
 7366              		.cfi_def_cfa_offset 24
 7367 0004 00AF     		add	r7, sp, #0
 7368              	.LCFI239:
 7369              		.cfi_def_cfa_register 7
 7370 0006 7860     		str	r0, [r7, #4]
2878:HW_Lib/STM32H7/HAL_Lib/STM32H7xx_HAL_Driver/Src/stm32h7xx_hal_tim_ex.c ****   TIM_HandleTypeDef *htim = (TIM_HandleTypeDef *)((DMA_HandleTypeDef *)hdma)->Parent;
 7371              		.loc 1 2878 22
 7372 0008 7B68     		ldr	r3, [r7, #4]
 7373 000a 9B6B     		ldr	r3, [r3, #56]
 7374 000c FB60     		str	r3, [r7, #12]
2879:HW_Lib/STM32H7/HAL_Lib/STM32H7xx_HAL_Driver/Src/stm32h7xx_hal_tim_ex.c **** 
2880:HW_Lib/STM32H7/HAL_Lib/STM32H7xx_HAL_Driver/Src/stm32h7xx_hal_tim_ex.c ****   if (hdma == htim->hdma[TIM_DMA_ID_CC1])
 7375              		.loc 1 2880 25
 7376 000e FB68     		ldr	r3, [r7, #12]
 7377 0010 5B6A     		ldr	r3, [r3, #36]
 7378              		.loc 1 2880 6
 7379 0012 7A68     		ldr	r2, [r7, #4]
 7380 0014 9A42     		cmp	r2, r3
 7381 0016 07D1     		bne	.L432
2881:HW_Lib/STM32H7/HAL_Lib/STM32H7xx_HAL_Driver/Src/stm32h7xx_hal_tim_ex.c ****   {
2882:HW_Lib/STM32H7/HAL_Lib/STM32H7xx_HAL_Driver/Src/stm32h7xx_hal_tim_ex.c ****     htim->Channel = HAL_TIM_ACTIVE_CHANNEL_1;
 7382              		.loc 1 2882 19
 7383 0018 FB68     		ldr	r3, [r7, #12]
 7384 001a 0122     		movs	r2, #1
 7385 001c 1A77     		strb	r2, [r3, #28]
2883:HW_Lib/STM32H7/HAL_Lib/STM32H7xx_HAL_Driver/Src/stm32h7xx_hal_tim_ex.c ****     TIM_CHANNEL_N_STATE_SET(htim, TIM_CHANNEL_1, HAL_TIM_CHANNEL_STATE_READY);
 7386              		.loc 1 2883 5
 7387 001e FB68     		ldr	r3, [r7, #12]
 7388 0020 0122     		movs	r2, #1
 7389 0022 83F84420 		strb	r2, [r3, #68]
ARM GAS  C:\Users\HUAV\AppData\Local\Temp\ccIqAtUa.s 			page 180


 7390 0026 18E0     		b	.L433
 7391              	.L432:
2884:HW_Lib/STM32H7/HAL_Lib/STM32H7xx_HAL_Driver/Src/stm32h7xx_hal_tim_ex.c ****   }
2885:HW_Lib/STM32H7/HAL_Lib/STM32H7xx_HAL_Driver/Src/stm32h7xx_hal_tim_ex.c ****   else if (hdma == htim->hdma[TIM_DMA_ID_CC2])
 7392              		.loc 1 2885 30
 7393 0028 FB68     		ldr	r3, [r7, #12]
 7394 002a 9B6A     		ldr	r3, [r3, #40]
 7395              		.loc 1 2885 11
 7396 002c 7A68     		ldr	r2, [r7, #4]
 7397 002e 9A42     		cmp	r2, r3
 7398 0030 07D1     		bne	.L434
2886:HW_Lib/STM32H7/HAL_Lib/STM32H7xx_HAL_Driver/Src/stm32h7xx_hal_tim_ex.c ****   {
2887:HW_Lib/STM32H7/HAL_Lib/STM32H7xx_HAL_Driver/Src/stm32h7xx_hal_tim_ex.c ****     htim->Channel = HAL_TIM_ACTIVE_CHANNEL_2;
 7399              		.loc 1 2887 19
 7400 0032 FB68     		ldr	r3, [r7, #12]
 7401 0034 0222     		movs	r2, #2
 7402 0036 1A77     		strb	r2, [r3, #28]
2888:HW_Lib/STM32H7/HAL_Lib/STM32H7xx_HAL_Driver/Src/stm32h7xx_hal_tim_ex.c ****     TIM_CHANNEL_N_STATE_SET(htim, TIM_CHANNEL_2, HAL_TIM_CHANNEL_STATE_READY);
 7403              		.loc 1 2888 5
 7404 0038 FB68     		ldr	r3, [r7, #12]
 7405 003a 0122     		movs	r2, #1
 7406 003c 83F84520 		strb	r2, [r3, #69]
 7407 0040 0BE0     		b	.L433
 7408              	.L434:
2889:HW_Lib/STM32H7/HAL_Lib/STM32H7xx_HAL_Driver/Src/stm32h7xx_hal_tim_ex.c ****   }
2890:HW_Lib/STM32H7/HAL_Lib/STM32H7xx_HAL_Driver/Src/stm32h7xx_hal_tim_ex.c ****   else if (hdma == htim->hdma[TIM_DMA_ID_CC3])
 7409              		.loc 1 2890 30
 7410 0042 FB68     		ldr	r3, [r7, #12]
 7411 0044 DB6A     		ldr	r3, [r3, #44]
 7412              		.loc 1 2890 11
 7413 0046 7A68     		ldr	r2, [r7, #4]
 7414 0048 9A42     		cmp	r2, r3
 7415 004a 06D1     		bne	.L433
2891:HW_Lib/STM32H7/HAL_Lib/STM32H7xx_HAL_Driver/Src/stm32h7xx_hal_tim_ex.c ****   {
2892:HW_Lib/STM32H7/HAL_Lib/STM32H7xx_HAL_Driver/Src/stm32h7xx_hal_tim_ex.c ****     htim->Channel = HAL_TIM_ACTIVE_CHANNEL_3;
 7416              		.loc 1 2892 19
 7417 004c FB68     		ldr	r3, [r7, #12]
 7418 004e 0422     		movs	r2, #4
 7419 0050 1A77     		strb	r2, [r3, #28]
2893:HW_Lib/STM32H7/HAL_Lib/STM32H7xx_HAL_Driver/Src/stm32h7xx_hal_tim_ex.c ****     TIM_CHANNEL_N_STATE_SET(htim, TIM_CHANNEL_3, HAL_TIM_CHANNEL_STATE_READY);
 7420              		.loc 1 2893 5
 7421 0052 FB68     		ldr	r3, [r7, #12]
 7422 0054 0122     		movs	r2, #1
 7423 0056 83F84620 		strb	r2, [r3, #70]
 7424              	.L433:
2894:HW_Lib/STM32H7/HAL_Lib/STM32H7xx_HAL_Driver/Src/stm32h7xx_hal_tim_ex.c ****   }
2895:HW_Lib/STM32H7/HAL_Lib/STM32H7xx_HAL_Driver/Src/stm32h7xx_hal_tim_ex.c ****   else
2896:HW_Lib/STM32H7/HAL_Lib/STM32H7xx_HAL_Driver/Src/stm32h7xx_hal_tim_ex.c ****   {
2897:HW_Lib/STM32H7/HAL_Lib/STM32H7xx_HAL_Driver/Src/stm32h7xx_hal_tim_ex.c ****     /* nothing to do */
2898:HW_Lib/STM32H7/HAL_Lib/STM32H7xx_HAL_Driver/Src/stm32h7xx_hal_tim_ex.c ****   }
2899:HW_Lib/STM32H7/HAL_Lib/STM32H7xx_HAL_Driver/Src/stm32h7xx_hal_tim_ex.c **** 
2900:HW_Lib/STM32H7/HAL_Lib/STM32H7xx_HAL_Driver/Src/stm32h7xx_hal_tim_ex.c **** #if (USE_HAL_TIM_REGISTER_CALLBACKS == 1)
2901:HW_Lib/STM32H7/HAL_Lib/STM32H7xx_HAL_Driver/Src/stm32h7xx_hal_tim_ex.c ****   htim->ErrorCallback(htim);
2902:HW_Lib/STM32H7/HAL_Lib/STM32H7xx_HAL_Driver/Src/stm32h7xx_hal_tim_ex.c **** #else
2903:HW_Lib/STM32H7/HAL_Lib/STM32H7xx_HAL_Driver/Src/stm32h7xx_hal_tim_ex.c ****   HAL_TIM_ErrorCallback(htim);
 7425              		.loc 1 2903 3
 7426 005a F868     		ldr	r0, [r7, #12]
ARM GAS  C:\Users\HUAV\AppData\Local\Temp\ccIqAtUa.s 			page 181


 7427 005c FFF7FEFF 		bl	HAL_TIM_ErrorCallback
2904:HW_Lib/STM32H7/HAL_Lib/STM32H7xx_HAL_Driver/Src/stm32h7xx_hal_tim_ex.c **** #endif /* USE_HAL_TIM_REGISTER_CALLBACKS */
2905:HW_Lib/STM32H7/HAL_Lib/STM32H7xx_HAL_Driver/Src/stm32h7xx_hal_tim_ex.c **** 
2906:HW_Lib/STM32H7/HAL_Lib/STM32H7xx_HAL_Driver/Src/stm32h7xx_hal_tim_ex.c ****   htim->Channel = HAL_TIM_ACTIVE_CHANNEL_CLEARED;
 7428              		.loc 1 2906 17
 7429 0060 FB68     		ldr	r3, [r7, #12]
 7430 0062 0022     		movs	r2, #0
 7431 0064 1A77     		strb	r2, [r3, #28]
2907:HW_Lib/STM32H7/HAL_Lib/STM32H7xx_HAL_Driver/Src/stm32h7xx_hal_tim_ex.c **** }
 7432              		.loc 1 2907 1
 7433 0066 00BF     		nop
 7434 0068 1037     		adds	r7, r7, #16
 7435              	.LCFI240:
 7436              		.cfi_def_cfa_offset 8
 7437 006a BD46     		mov	sp, r7
 7438              	.LCFI241:
 7439              		.cfi_def_cfa_register 13
 7440              		@ sp needed
 7441 006c 80BD     		pop	{r7, pc}
 7442              		.cfi_endproc
 7443              	.LFE377:
 7445              		.section	.text.TIM_CCxNChannelCmd,"ax",%progbits
 7446              		.align	1
 7447              		.syntax unified
 7448              		.thumb
 7449              		.thumb_func
 7451              	TIM_CCxNChannelCmd:
 7452              	.LFB378:
2908:HW_Lib/STM32H7/HAL_Lib/STM32H7xx_HAL_Driver/Src/stm32h7xx_hal_tim_ex.c **** 
2909:HW_Lib/STM32H7/HAL_Lib/STM32H7xx_HAL_Driver/Src/stm32h7xx_hal_tim_ex.c **** /**
2910:HW_Lib/STM32H7/HAL_Lib/STM32H7xx_HAL_Driver/Src/stm32h7xx_hal_tim_ex.c ****   * @brief  Enables or disables the TIM Capture Compare Channel xN.
2911:HW_Lib/STM32H7/HAL_Lib/STM32H7xx_HAL_Driver/Src/stm32h7xx_hal_tim_ex.c ****   * @param  TIMx to select the TIM peripheral
2912:HW_Lib/STM32H7/HAL_Lib/STM32H7xx_HAL_Driver/Src/stm32h7xx_hal_tim_ex.c ****   * @param  Channel specifies the TIM Channel
2913:HW_Lib/STM32H7/HAL_Lib/STM32H7xx_HAL_Driver/Src/stm32h7xx_hal_tim_ex.c ****   *          This parameter can be one of the following values:
2914:HW_Lib/STM32H7/HAL_Lib/STM32H7xx_HAL_Driver/Src/stm32h7xx_hal_tim_ex.c ****   *            @arg TIM_CHANNEL_1: TIM Channel 1
2915:HW_Lib/STM32H7/HAL_Lib/STM32H7xx_HAL_Driver/Src/stm32h7xx_hal_tim_ex.c ****   *            @arg TIM_CHANNEL_2: TIM Channel 2
2916:HW_Lib/STM32H7/HAL_Lib/STM32H7xx_HAL_Driver/Src/stm32h7xx_hal_tim_ex.c ****   *            @arg TIM_CHANNEL_3: TIM Channel 3
2917:HW_Lib/STM32H7/HAL_Lib/STM32H7xx_HAL_Driver/Src/stm32h7xx_hal_tim_ex.c ****   * @param  ChannelNState specifies the TIM Channel CCxNE bit new state.
2918:HW_Lib/STM32H7/HAL_Lib/STM32H7xx_HAL_Driver/Src/stm32h7xx_hal_tim_ex.c ****   *          This parameter can be: TIM_CCxN_ENABLE or TIM_CCxN_Disable.
2919:HW_Lib/STM32H7/HAL_Lib/STM32H7xx_HAL_Driver/Src/stm32h7xx_hal_tim_ex.c ****   * @retval None
2920:HW_Lib/STM32H7/HAL_Lib/STM32H7xx_HAL_Driver/Src/stm32h7xx_hal_tim_ex.c ****   */
2921:HW_Lib/STM32H7/HAL_Lib/STM32H7xx_HAL_Driver/Src/stm32h7xx_hal_tim_ex.c **** static void TIM_CCxNChannelCmd(TIM_TypeDef *TIMx, uint32_t Channel, uint32_t ChannelNState)
2922:HW_Lib/STM32H7/HAL_Lib/STM32H7xx_HAL_Driver/Src/stm32h7xx_hal_tim_ex.c **** {
 7453              		.loc 1 2922 1
 7454              		.cfi_startproc
 7455              		@ args = 0, pretend = 0, frame = 24
 7456              		@ frame_needed = 1, uses_anonymous_args = 0
 7457              		@ link register save eliminated.
 7458 0000 80B4     		push	{r7}
 7459              	.LCFI242:
 7460              		.cfi_def_cfa_offset 4
 7461              		.cfi_offset 7, -4
 7462 0002 87B0     		sub	sp, sp, #28
 7463              	.LCFI243:
 7464              		.cfi_def_cfa_offset 32
 7465 0004 00AF     		add	r7, sp, #0
 7466              	.LCFI244:
ARM GAS  C:\Users\HUAV\AppData\Local\Temp\ccIqAtUa.s 			page 182


 7467              		.cfi_def_cfa_register 7
 7468 0006 F860     		str	r0, [r7, #12]
 7469 0008 B960     		str	r1, [r7, #8]
 7470 000a 7A60     		str	r2, [r7, #4]
2923:HW_Lib/STM32H7/HAL_Lib/STM32H7xx_HAL_Driver/Src/stm32h7xx_hal_tim_ex.c ****   uint32_t tmp;
2924:HW_Lib/STM32H7/HAL_Lib/STM32H7xx_HAL_Driver/Src/stm32h7xx_hal_tim_ex.c **** 
2925:HW_Lib/STM32H7/HAL_Lib/STM32H7xx_HAL_Driver/Src/stm32h7xx_hal_tim_ex.c ****   tmp = TIM_CCER_CC1NE << (Channel & 0x1FU); /* 0x1FU = 31 bits max shift */
 7471              		.loc 1 2925 36
 7472 000c BB68     		ldr	r3, [r7, #8]
 7473 000e 03F01F03 		and	r3, r3, #31
 7474              		.loc 1 2925 7
 7475 0012 0422     		movs	r2, #4
 7476 0014 02FA03F3 		lsl	r3, r2, r3
 7477 0018 7B61     		str	r3, [r7, #20]
2926:HW_Lib/STM32H7/HAL_Lib/STM32H7xx_HAL_Driver/Src/stm32h7xx_hal_tim_ex.c **** 
2927:HW_Lib/STM32H7/HAL_Lib/STM32H7xx_HAL_Driver/Src/stm32h7xx_hal_tim_ex.c ****   /* Reset the CCxNE Bit */
2928:HW_Lib/STM32H7/HAL_Lib/STM32H7xx_HAL_Driver/Src/stm32h7xx_hal_tim_ex.c ****   TIMx->CCER &=  ~tmp;
 7478              		.loc 1 2928 14
 7479 001a FB68     		ldr	r3, [r7, #12]
 7480 001c 1A6A     		ldr	r2, [r3, #32]
 7481              		.loc 1 2928 18
 7482 001e 7B69     		ldr	r3, [r7, #20]
 7483 0020 DB43     		mvns	r3, r3
 7484              		.loc 1 2928 14
 7485 0022 1A40     		ands	r2, r2, r3
 7486 0024 FB68     		ldr	r3, [r7, #12]
 7487 0026 1A62     		str	r2, [r3, #32]
2929:HW_Lib/STM32H7/HAL_Lib/STM32H7xx_HAL_Driver/Src/stm32h7xx_hal_tim_ex.c **** 
2930:HW_Lib/STM32H7/HAL_Lib/STM32H7xx_HAL_Driver/Src/stm32h7xx_hal_tim_ex.c ****   /* Set or reset the CCxNE Bit */
2931:HW_Lib/STM32H7/HAL_Lib/STM32H7xx_HAL_Driver/Src/stm32h7xx_hal_tim_ex.c ****   TIMx->CCER |= (uint32_t)(ChannelNState << (Channel & 0x1FU)); /* 0x1FU = 31 bits max shift */
 7488              		.loc 1 2931 14
 7489 0028 FB68     		ldr	r3, [r7, #12]
 7490 002a 1A6A     		ldr	r2, [r3, #32]
 7491              		.loc 1 2931 54
 7492 002c BB68     		ldr	r3, [r7, #8]
 7493 002e 03F01F03 		and	r3, r3, #31
 7494              		.loc 1 2931 42
 7495 0032 7968     		ldr	r1, [r7, #4]
 7496 0034 01FA03F3 		lsl	r3, r1, r3
 7497              		.loc 1 2931 14
 7498 0038 1A43     		orrs	r2, r2, r3
 7499 003a FB68     		ldr	r3, [r7, #12]
 7500 003c 1A62     		str	r2, [r3, #32]
2932:HW_Lib/STM32H7/HAL_Lib/STM32H7xx_HAL_Driver/Src/stm32h7xx_hal_tim_ex.c **** }
 7501              		.loc 1 2932 1
 7502 003e 00BF     		nop
 7503 0040 1C37     		adds	r7, r7, #28
 7504              	.LCFI245:
 7505              		.cfi_def_cfa_offset 4
 7506 0042 BD46     		mov	sp, r7
 7507              	.LCFI246:
 7508              		.cfi_def_cfa_register 13
 7509              		@ sp needed
 7510 0044 5DF8047B 		ldr	r7, [sp], #4
 7511              	.LCFI247:
 7512              		.cfi_restore 7
 7513              		.cfi_def_cfa_offset 0
ARM GAS  C:\Users\HUAV\AppData\Local\Temp\ccIqAtUa.s 			page 183


 7514 0048 7047     		bx	lr
 7515              		.cfi_endproc
 7516              	.LFE378:
 7518              		.text
 7519              	.Letext0:
 7520              		.file 2 "d:\\hpm-compile-tool\\gcc-arm-none-eabi-10.3-win\\arm-none-eabi\\include\\machine\\_defau
 7521              		.file 3 "d:\\hpm-compile-tool\\gcc-arm-none-eabi-10.3-win\\arm-none-eabi\\include\\sys\\_stdint.h"
 7522              		.file 4 "HW_Lib/STM32H7/HAL_Lib/CMSIS/Device/ST/STM32H7xx/Include/stm32h743xx.h"
 7523              		.file 5 "HW_Lib/STM32H7/HAL_Lib/CMSIS/Device/ST/STM32H7xx/Include/stm32h7xx.h"
 7524              		.file 6 "HW_Lib/STM32H7/HAL_Lib/STM32H7xx_HAL_Driver/Inc/stm32h7xx_hal_def.h"
 7525              		.file 7 "HW_Lib/STM32H7/HAL_Lib/STM32H7xx_HAL_Driver/Inc/stm32h7xx_hal_dma.h"
 7526              		.file 8 "HW_Lib/STM32H7/HAL_Lib/STM32H7xx_HAL_Driver/Inc/stm32h7xx_hal_tim.h"
 7527              		.file 9 "HW_Lib/STM32H7/HAL_Lib/STM32H7xx_HAL_Driver/Inc/stm32h7xx_hal_tim_ex.h"
ARM GAS  C:\Users\HUAV\AppData\Local\Temp\ccIqAtUa.s 			page 184


DEFINED SYMBOLS
                            *ABS*:00000000 stm32h7xx_hal_tim_ex.c
C:\Users\HUAV\AppData\Local\Temp\ccIqAtUa.s:19     .text.HAL_TIMEx_HallSensor_Init:00000000 $t
C:\Users\HUAV\AppData\Local\Temp\ccIqAtUa.s:25     .text.HAL_TIMEx_HallSensor_Init:00000000 HAL_TIMEx_HallSensor_Init
C:\Users\HUAV\AppData\Local\Temp\ccIqAtUa.s:375    .text.HAL_TIMEx_HallSensor_MspInit:00000000 HAL_TIMEx_HallSensor_MspInit
C:\Users\HUAV\AppData\Local\Temp\ccIqAtUa.s:263    .text.HAL_TIMEx_HallSensor_Init:00000154 $d
C:\Users\HUAV\AppData\Local\Temp\ccIqAtUa.s:269    .text.HAL_TIMEx_HallSensor_DeInit:00000000 $t
C:\Users\HUAV\AppData\Local\Temp\ccIqAtUa.s:275    .text.HAL_TIMEx_HallSensor_DeInit:00000000 HAL_TIMEx_HallSensor_DeInit
C:\Users\HUAV\AppData\Local\Temp\ccIqAtUa.s:417    .text.HAL_TIMEx_HallSensor_MspDeInit:00000000 HAL_TIMEx_HallSensor_MspDeInit
C:\Users\HUAV\AppData\Local\Temp\ccIqAtUa.s:369    .text.HAL_TIMEx_HallSensor_MspInit:00000000 $t
C:\Users\HUAV\AppData\Local\Temp\ccIqAtUa.s:411    .text.HAL_TIMEx_HallSensor_MspDeInit:00000000 $t
C:\Users\HUAV\AppData\Local\Temp\ccIqAtUa.s:453    .text.HAL_TIMEx_HallSensor_Start:00000000 $t
C:\Users\HUAV\AppData\Local\Temp\ccIqAtUa.s:459    .text.HAL_TIMEx_HallSensor_Start:00000000 HAL_TIMEx_HallSensor_Start
C:\Users\HUAV\AppData\Local\Temp\ccIqAtUa.s:643    .text.HAL_TIMEx_HallSensor_Start:0000010c $d
C:\Users\HUAV\AppData\Local\Temp\ccIqAtUa.s:655    .text.HAL_TIMEx_HallSensor_Stop:00000000 $t
C:\Users\HUAV\AppData\Local\Temp\ccIqAtUa.s:661    .text.HAL_TIMEx_HallSensor_Stop:00000000 HAL_TIMEx_HallSensor_Stop
C:\Users\HUAV\AppData\Local\Temp\ccIqAtUa.s:743    .text.HAL_TIMEx_HallSensor_Start_IT:00000000 $t
C:\Users\HUAV\AppData\Local\Temp\ccIqAtUa.s:749    .text.HAL_TIMEx_HallSensor_Start_IT:00000000 HAL_TIMEx_HallSensor_Start_IT
C:\Users\HUAV\AppData\Local\Temp\ccIqAtUa.s:941    .text.HAL_TIMEx_HallSensor_Start_IT:0000011c $d
C:\Users\HUAV\AppData\Local\Temp\ccIqAtUa.s:953    .text.HAL_TIMEx_HallSensor_Stop_IT:00000000 $t
C:\Users\HUAV\AppData\Local\Temp\ccIqAtUa.s:959    .text.HAL_TIMEx_HallSensor_Stop_IT:00000000 HAL_TIMEx_HallSensor_Stop_IT
C:\Users\HUAV\AppData\Local\Temp\ccIqAtUa.s:1049   .text.HAL_TIMEx_HallSensor_Start_DMA:00000000 $t
C:\Users\HUAV\AppData\Local\Temp\ccIqAtUa.s:1055   .text.HAL_TIMEx_HallSensor_Start_DMA:00000000 HAL_TIMEx_HallSensor_Start_DMA
C:\Users\HUAV\AppData\Local\Temp\ccIqAtUa.s:1293   .text.HAL_TIMEx_HallSensor_Start_DMA:00000150 $d
C:\Users\HUAV\AppData\Local\Temp\ccIqAtUa.s:1308   .text.HAL_TIMEx_HallSensor_Stop_DMA:00000000 $t
C:\Users\HUAV\AppData\Local\Temp\ccIqAtUa.s:1314   .text.HAL_TIMEx_HallSensor_Stop_DMA:00000000 HAL_TIMEx_HallSensor_Stop_DMA
C:\Users\HUAV\AppData\Local\Temp\ccIqAtUa.s:1401   .text.HAL_TIMEx_OCN_Start:00000000 $t
C:\Users\HUAV\AppData\Local\Temp\ccIqAtUa.s:1407   .text.HAL_TIMEx_OCN_Start:00000000 HAL_TIMEx_OCN_Start
C:\Users\HUAV\AppData\Local\Temp\ccIqAtUa.s:7451   .text.TIM_CCxNChannelCmd:00000000 TIM_CCxNChannelCmd
C:\Users\HUAV\AppData\Local\Temp\ccIqAtUa.s:1648   .text.HAL_TIMEx_OCN_Start:00000164 $d
C:\Users\HUAV\AppData\Local\Temp\ccIqAtUa.s:1660   .text.HAL_TIMEx_OCN_Stop:00000000 $t
C:\Users\HUAV\AppData\Local\Temp\ccIqAtUa.s:1666   .text.HAL_TIMEx_OCN_Stop:00000000 HAL_TIMEx_OCN_Stop
C:\Users\HUAV\AppData\Local\Temp\ccIqAtUa.s:1793   .text.HAL_TIMEx_OCN_Start_IT:00000000 $t
C:\Users\HUAV\AppData\Local\Temp\ccIqAtUa.s:1799   .text.HAL_TIMEx_OCN_Start_IT:00000000 HAL_TIMEx_OCN_Start_IT
C:\Users\HUAV\AppData\Local\Temp\ccIqAtUa.s:2109   .text.HAL_TIMEx_OCN_Start_IT:000001d4 $d
C:\Users\HUAV\AppData\Local\Temp\ccIqAtUa.s:2121   .text.HAL_TIMEx_OCN_Stop_IT:00000000 $t
C:\Users\HUAV\AppData\Local\Temp\ccIqAtUa.s:2127   .text.HAL_TIMEx_OCN_Stop_IT:00000000 HAL_TIMEx_OCN_Stop_IT
C:\Users\HUAV\AppData\Local\Temp\ccIqAtUa.s:2337   .text.HAL_TIMEx_OCN_Start_DMA:00000000 $t
C:\Users\HUAV\AppData\Local\Temp\ccIqAtUa.s:2343   .text.HAL_TIMEx_OCN_Start_DMA:00000000 HAL_TIMEx_OCN_Start_DMA
C:\Users\HUAV\AppData\Local\Temp\ccIqAtUa.s:2843   .text.HAL_TIMEx_OCN_Start_DMA:000002e4 $d
C:\Users\HUAV\AppData\Local\Temp\ccIqAtUa.s:7214   .text.TIM_DMADelayPulseNCplt:00000000 TIM_DMADelayPulseNCplt
C:\Users\HUAV\AppData\Local\Temp\ccIqAtUa.s:7353   .text.TIM_DMAErrorCCxN:00000000 TIM_DMAErrorCCxN
C:\Users\HUAV\AppData\Local\Temp\ccIqAtUa.s:2858   .text.HAL_TIMEx_OCN_Stop_DMA:00000000 $t
C:\Users\HUAV\AppData\Local\Temp\ccIqAtUa.s:2864   .text.HAL_TIMEx_OCN_Stop_DMA:00000000 HAL_TIMEx_OCN_Stop_DMA
C:\Users\HUAV\AppData\Local\Temp\ccIqAtUa.s:3067   .text.HAL_TIMEx_PWMN_Start:00000000 $t
C:\Users\HUAV\AppData\Local\Temp\ccIqAtUa.s:3073   .text.HAL_TIMEx_PWMN_Start:00000000 HAL_TIMEx_PWMN_Start
C:\Users\HUAV\AppData\Local\Temp\ccIqAtUa.s:3314   .text.HAL_TIMEx_PWMN_Start:00000164 $d
C:\Users\HUAV\AppData\Local\Temp\ccIqAtUa.s:3326   .text.HAL_TIMEx_PWMN_Stop:00000000 $t
C:\Users\HUAV\AppData\Local\Temp\ccIqAtUa.s:3332   .text.HAL_TIMEx_PWMN_Stop:00000000 HAL_TIMEx_PWMN_Stop
C:\Users\HUAV\AppData\Local\Temp\ccIqAtUa.s:3459   .text.HAL_TIMEx_PWMN_Start_IT:00000000 $t
C:\Users\HUAV\AppData\Local\Temp\ccIqAtUa.s:3465   .text.HAL_TIMEx_PWMN_Start_IT:00000000 HAL_TIMEx_PWMN_Start_IT
C:\Users\HUAV\AppData\Local\Temp\ccIqAtUa.s:3775   .text.HAL_TIMEx_PWMN_Start_IT:000001d4 $d
C:\Users\HUAV\AppData\Local\Temp\ccIqAtUa.s:3787   .text.HAL_TIMEx_PWMN_Stop_IT:00000000 $t
C:\Users\HUAV\AppData\Local\Temp\ccIqAtUa.s:3793   .text.HAL_TIMEx_PWMN_Stop_IT:00000000 HAL_TIMEx_PWMN_Stop_IT
C:\Users\HUAV\AppData\Local\Temp\ccIqAtUa.s:4003   .text.HAL_TIMEx_PWMN_Start_DMA:00000000 $t
C:\Users\HUAV\AppData\Local\Temp\ccIqAtUa.s:4009   .text.HAL_TIMEx_PWMN_Start_DMA:00000000 HAL_TIMEx_PWMN_Start_DMA
C:\Users\HUAV\AppData\Local\Temp\ccIqAtUa.s:4509   .text.HAL_TIMEx_PWMN_Start_DMA:000002e4 $d
ARM GAS  C:\Users\HUAV\AppData\Local\Temp\ccIqAtUa.s 			page 185


C:\Users\HUAV\AppData\Local\Temp\ccIqAtUa.s:4524   .text.HAL_TIMEx_PWMN_Stop_DMA:00000000 $t
C:\Users\HUAV\AppData\Local\Temp\ccIqAtUa.s:4530   .text.HAL_TIMEx_PWMN_Stop_DMA:00000000 HAL_TIMEx_PWMN_Stop_DMA
C:\Users\HUAV\AppData\Local\Temp\ccIqAtUa.s:4733   .text.HAL_TIMEx_OnePulseN_Start:00000000 $t
C:\Users\HUAV\AppData\Local\Temp\ccIqAtUa.s:4739   .text.HAL_TIMEx_OnePulseN_Start:00000000 HAL_TIMEx_OnePulseN_Start
C:\Users\HUAV\AppData\Local\Temp\ccIqAtUa.s:4863   .text.HAL_TIMEx_OnePulseN_Stop:00000000 $t
C:\Users\HUAV\AppData\Local\Temp\ccIqAtUa.s:4869   .text.HAL_TIMEx_OnePulseN_Stop:00000000 HAL_TIMEx_OnePulseN_Stop
C:\Users\HUAV\AppData\Local\Temp\ccIqAtUa.s:4997   .text.HAL_TIMEx_OnePulseN_Start_IT:00000000 $t
C:\Users\HUAV\AppData\Local\Temp\ccIqAtUa.s:5003   .text.HAL_TIMEx_OnePulseN_Start_IT:00000000 HAL_TIMEx_OnePulseN_Start_IT
C:\Users\HUAV\AppData\Local\Temp\ccIqAtUa.s:5143   .text.HAL_TIMEx_OnePulseN_Stop_IT:00000000 $t
C:\Users\HUAV\AppData\Local\Temp\ccIqAtUa.s:5149   .text.HAL_TIMEx_OnePulseN_Stop_IT:00000000 HAL_TIMEx_OnePulseN_Stop_IT
C:\Users\HUAV\AppData\Local\Temp\ccIqAtUa.s:5293   .text.HAL_TIMEx_ConfigCommutEvent:00000000 $t
C:\Users\HUAV\AppData\Local\Temp\ccIqAtUa.s:5299   .text.HAL_TIMEx_ConfigCommutEvent:00000000 HAL_TIMEx_ConfigCommutEvent
C:\Users\HUAV\AppData\Local\Temp\ccIqAtUa.s:5457   .text.HAL_TIMEx_ConfigCommutEvent:000000d0 $d
C:\Users\HUAV\AppData\Local\Temp\ccIqAtUa.s:5463   .text.HAL_TIMEx_ConfigCommutEvent_IT:00000000 $t
C:\Users\HUAV\AppData\Local\Temp\ccIqAtUa.s:5469   .text.HAL_TIMEx_ConfigCommutEvent_IT:00000000 HAL_TIMEx_ConfigCommutEvent_IT
C:\Users\HUAV\AppData\Local\Temp\ccIqAtUa.s:5627   .text.HAL_TIMEx_ConfigCommutEvent_IT:000000d0 $d
C:\Users\HUAV\AppData\Local\Temp\ccIqAtUa.s:5633   .text.HAL_TIMEx_ConfigCommutEvent_DMA:00000000 $t
C:\Users\HUAV\AppData\Local\Temp\ccIqAtUa.s:5639   .text.HAL_TIMEx_ConfigCommutEvent_DMA:00000000 HAL_TIMEx_ConfigCommutEvent_DMA
C:\Users\HUAV\AppData\Local\Temp\ccIqAtUa.s:5815   .text.HAL_TIMEx_ConfigCommutEvent_DMA:000000e8 $d
C:\Users\HUAV\AppData\Local\Temp\ccIqAtUa.s:7117   .text.TIMEx_DMACommutationCplt:00000000 TIMEx_DMACommutationCplt
C:\Users\HUAV\AppData\Local\Temp\ccIqAtUa.s:7166   .text.TIMEx_DMACommutationHalfCplt:00000000 TIMEx_DMACommutationHalfCplt
C:\Users\HUAV\AppData\Local\Temp\ccIqAtUa.s:5824   .text.HAL_TIMEx_MasterConfigSynchronization:00000000 $t
C:\Users\HUAV\AppData\Local\Temp\ccIqAtUa.s:5830   .text.HAL_TIMEx_MasterConfigSynchronization:00000000 HAL_TIMEx_MasterConfigSynchronization
C:\Users\HUAV\AppData\Local\Temp\ccIqAtUa.s:6016   .text.HAL_TIMEx_MasterConfigSynchronization:00000100 $d
C:\Users\HUAV\AppData\Local\Temp\ccIqAtUa.s:6027   .text.HAL_TIMEx_ConfigBreakDeadTime:00000000 $t
C:\Users\HUAV\AppData\Local\Temp\ccIqAtUa.s:6033   .text.HAL_TIMEx_ConfigBreakDeadTime:00000000 HAL_TIMEx_ConfigBreakDeadTime
C:\Users\HUAV\AppData\Local\Temp\ccIqAtUa.s:6192   .text.HAL_TIMEx_ConfigBreakDeadTime:000000f4 $d
C:\Users\HUAV\AppData\Local\Temp\ccIqAtUa.s:6198   .text.HAL_TIMEx_ConfigBreakInput:00000000 $t
C:\Users\HUAV\AppData\Local\Temp\ccIqAtUa.s:6204   .text.HAL_TIMEx_ConfigBreakInput:00000000 HAL_TIMEx_ConfigBreakInput
C:\Users\HUAV\AppData\Local\Temp\ccIqAtUa.s:6251   .text.HAL_TIMEx_ConfigBreakInput:00000038 $d
C:\Users\HUAV\AppData\Local\Temp\ccIqAtUa.s:6259   .text.HAL_TIMEx_ConfigBreakInput:00000058 $t
C:\Users\HUAV\AppData\Local\Temp\ccIqAtUa.s:6500   .text.HAL_TIMEx_RemapConfig:00000000 $t
C:\Users\HUAV\AppData\Local\Temp\ccIqAtUa.s:6506   .text.HAL_TIMEx_RemapConfig:00000000 HAL_TIMEx_RemapConfig
C:\Users\HUAV\AppData\Local\Temp\ccIqAtUa.s:6573   .text.HAL_TIMEx_TISelection:00000000 $t
C:\Users\HUAV\AppData\Local\Temp\ccIqAtUa.s:6579   .text.HAL_TIMEx_TISelection:00000000 HAL_TIMEx_TISelection
C:\Users\HUAV\AppData\Local\Temp\ccIqAtUa.s:6623   .text.HAL_TIMEx_TISelection:00000034 $d
C:\Users\HUAV\AppData\Local\Temp\ccIqAtUa.s:6636   .text.HAL_TIMEx_TISelection:00000068 $t
C:\Users\HUAV\AppData\Local\Temp\ccIqAtUa.s:6721   .text.HAL_TIMEx_GroupChannel5:00000000 $t
C:\Users\HUAV\AppData\Local\Temp\ccIqAtUa.s:6727   .text.HAL_TIMEx_GroupChannel5:00000000 HAL_TIMEx_GroupChannel5
C:\Users\HUAV\AppData\Local\Temp\ccIqAtUa.s:6815   .text.HAL_TIMEx_CommutCallback:00000000 $t
C:\Users\HUAV\AppData\Local\Temp\ccIqAtUa.s:6821   .text.HAL_TIMEx_CommutCallback:00000000 HAL_TIMEx_CommutCallback
C:\Users\HUAV\AppData\Local\Temp\ccIqAtUa.s:6857   .text.HAL_TIMEx_CommutHalfCpltCallback:00000000 $t
C:\Users\HUAV\AppData\Local\Temp\ccIqAtUa.s:6863   .text.HAL_TIMEx_CommutHalfCpltCallback:00000000 HAL_TIMEx_CommutHalfCpltCallback
C:\Users\HUAV\AppData\Local\Temp\ccIqAtUa.s:6899   .text.HAL_TIMEx_BreakCallback:00000000 $t
C:\Users\HUAV\AppData\Local\Temp\ccIqAtUa.s:6905   .text.HAL_TIMEx_BreakCallback:00000000 HAL_TIMEx_BreakCallback
C:\Users\HUAV\AppData\Local\Temp\ccIqAtUa.s:6941   .text.HAL_TIMEx_Break2Callback:00000000 $t
C:\Users\HUAV\AppData\Local\Temp\ccIqAtUa.s:6947   .text.HAL_TIMEx_Break2Callback:00000000 HAL_TIMEx_Break2Callback
C:\Users\HUAV\AppData\Local\Temp\ccIqAtUa.s:6983   .text.HAL_TIMEx_HallSensor_GetState:00000000 $t
C:\Users\HUAV\AppData\Local\Temp\ccIqAtUa.s:6989   .text.HAL_TIMEx_HallSensor_GetState:00000000 HAL_TIMEx_HallSensor_GetState
C:\Users\HUAV\AppData\Local\Temp\ccIqAtUa.s:7029   .text.HAL_TIMEx_GetChannelNState:00000000 $t
C:\Users\HUAV\AppData\Local\Temp\ccIqAtUa.s:7035   .text.HAL_TIMEx_GetChannelNState:00000000 HAL_TIMEx_GetChannelNState
C:\Users\HUAV\AppData\Local\Temp\ccIqAtUa.s:7111   .text.TIMEx_DMACommutationCplt:00000000 $t
C:\Users\HUAV\AppData\Local\Temp\ccIqAtUa.s:7160   .text.TIMEx_DMACommutationHalfCplt:00000000 $t
C:\Users\HUAV\AppData\Local\Temp\ccIqAtUa.s:7209   .text.TIM_DMADelayPulseNCplt:00000000 $t
C:\Users\HUAV\AppData\Local\Temp\ccIqAtUa.s:7348   .text.TIM_DMAErrorCCxN:00000000 $t
C:\Users\HUAV\AppData\Local\Temp\ccIqAtUa.s:7446   .text.TIM_CCxNChannelCmd:00000000 $t

ARM GAS  C:\Users\HUAV\AppData\Local\Temp\ccIqAtUa.s 			page 186


UNDEFINED SYMBOLS
TIM_Base_SetConfig
TIM_TI1_SetConfig
TIM_OC2_SetConfig
TIM_CCxChannelCmd
HAL_DMA_Start_IT
TIM_DMACaptureCplt
TIM_DMACaptureHalfCplt
TIM_DMAError
HAL_DMA_Abort_IT
TIM_DMADelayPulseHalfCplt
HAL_TIM_PWM_PulseFinishedCallback
HAL_TIM_ErrorCallback
