ARM GAS  C:\Users\HUAV\AppData\Local\Temp\ccYQlmuE.s 			page 1


   1              		.cpu cortex-m7
   2              		.arch armv7e-m
   3              		.fpu fpv5-d16
   4              		.eabi_attribute 28, 1
   5              		.eabi_attribute 20, 1
   6              		.eabi_attribute 21, 1
   7              		.eabi_attribute 23, 3
   8              		.eabi_attribute 24, 1
   9              		.eabi_attribute 25, 1
  10              		.eabi_attribute 26, 1
  11              		.eabi_attribute 30, 6
  12              		.eabi_attribute 34, 1
  13              		.eabi_attribute 18, 4
  14              		.file	"stm32h7xx_hal_spi.c"
  15              		.text
  16              	.Ltext0:
  17              		.cfi_sections	.debug_frame
  18              		.section	.text.HAL_SPI_Init,"ax",%progbits
  19              		.align	1
  20              		.global	HAL_SPI_Init
  21              		.syntax unified
  22              		.thumb
  23              		.thumb_func
  25              	HAL_SPI_Init:
  26              	.LFB333:
  27              		.file 1 "HW_Lib/STM32H7/HAL_Lib/STM32H7xx_HAL_Driver/Src/stm32h7xx_hal_spi.c"
   1:HW_Lib/STM32H7/HAL_Lib/STM32H7xx_HAL_Driver/Src/stm32h7xx_hal_spi.c **** /**
   2:HW_Lib/STM32H7/HAL_Lib/STM32H7xx_HAL_Driver/Src/stm32h7xx_hal_spi.c ****   ******************************************************************************
   3:HW_Lib/STM32H7/HAL_Lib/STM32H7xx_HAL_Driver/Src/stm32h7xx_hal_spi.c ****   * @file    stm32h7xx_hal_spi.c
   4:HW_Lib/STM32H7/HAL_Lib/STM32H7xx_HAL_Driver/Src/stm32h7xx_hal_spi.c ****   * @author  MCD Application Team
   5:HW_Lib/STM32H7/HAL_Lib/STM32H7xx_HAL_Driver/Src/stm32h7xx_hal_spi.c ****   * @brief   SPI HAL module driver.
   6:HW_Lib/STM32H7/HAL_Lib/STM32H7xx_HAL_Driver/Src/stm32h7xx_hal_spi.c ****   *          This file provides firmware functions to manage the following
   7:HW_Lib/STM32H7/HAL_Lib/STM32H7xx_HAL_Driver/Src/stm32h7xx_hal_spi.c ****   *          functionalities of the Serial Peripheral Interface (SPI) peripheral:
   8:HW_Lib/STM32H7/HAL_Lib/STM32H7xx_HAL_Driver/Src/stm32h7xx_hal_spi.c ****   *           + Initialization and de-initialization functions
   9:HW_Lib/STM32H7/HAL_Lib/STM32H7xx_HAL_Driver/Src/stm32h7xx_hal_spi.c ****   *           + IO operation functions
  10:HW_Lib/STM32H7/HAL_Lib/STM32H7xx_HAL_Driver/Src/stm32h7xx_hal_spi.c ****   *           + Peripheral Control functions
  11:HW_Lib/STM32H7/HAL_Lib/STM32H7xx_HAL_Driver/Src/stm32h7xx_hal_spi.c ****   *           + Peripheral State functions
  12:HW_Lib/STM32H7/HAL_Lib/STM32H7xx_HAL_Driver/Src/stm32h7xx_hal_spi.c ****   *
  13:HW_Lib/STM32H7/HAL_Lib/STM32H7xx_HAL_Driver/Src/stm32h7xx_hal_spi.c ****   ******************************************************************************
  14:HW_Lib/STM32H7/HAL_Lib/STM32H7xx_HAL_Driver/Src/stm32h7xx_hal_spi.c ****   * @attention
  15:HW_Lib/STM32H7/HAL_Lib/STM32H7xx_HAL_Driver/Src/stm32h7xx_hal_spi.c ****   *
  16:HW_Lib/STM32H7/HAL_Lib/STM32H7xx_HAL_Driver/Src/stm32h7xx_hal_spi.c ****   * Copyright (c) 2017 STMicroelectronics.
  17:HW_Lib/STM32H7/HAL_Lib/STM32H7xx_HAL_Driver/Src/stm32h7xx_hal_spi.c ****   * All rights reserved.
  18:HW_Lib/STM32H7/HAL_Lib/STM32H7xx_HAL_Driver/Src/stm32h7xx_hal_spi.c ****   *
  19:HW_Lib/STM32H7/HAL_Lib/STM32H7xx_HAL_Driver/Src/stm32h7xx_hal_spi.c ****   * This software is licensed under terms that can be found in the LICENSE file
  20:HW_Lib/STM32H7/HAL_Lib/STM32H7xx_HAL_Driver/Src/stm32h7xx_hal_spi.c ****   * in the root directory of this software component.
  21:HW_Lib/STM32H7/HAL_Lib/STM32H7xx_HAL_Driver/Src/stm32h7xx_hal_spi.c ****   * If no LICENSE file comes with this software, it is provided AS-IS.
  22:HW_Lib/STM32H7/HAL_Lib/STM32H7xx_HAL_Driver/Src/stm32h7xx_hal_spi.c ****   *
  23:HW_Lib/STM32H7/HAL_Lib/STM32H7xx_HAL_Driver/Src/stm32h7xx_hal_spi.c ****   ******************************************************************************
  24:HW_Lib/STM32H7/HAL_Lib/STM32H7xx_HAL_Driver/Src/stm32h7xx_hal_spi.c ****   @verbatim
  25:HW_Lib/STM32H7/HAL_Lib/STM32H7xx_HAL_Driver/Src/stm32h7xx_hal_spi.c ****   ==============================================================================
  26:HW_Lib/STM32H7/HAL_Lib/STM32H7xx_HAL_Driver/Src/stm32h7xx_hal_spi.c ****                         ##### How to use this driver #####
  27:HW_Lib/STM32H7/HAL_Lib/STM32H7xx_HAL_Driver/Src/stm32h7xx_hal_spi.c ****   ==============================================================================
  28:HW_Lib/STM32H7/HAL_Lib/STM32H7xx_HAL_Driver/Src/stm32h7xx_hal_spi.c ****     [..]
  29:HW_Lib/STM32H7/HAL_Lib/STM32H7xx_HAL_Driver/Src/stm32h7xx_hal_spi.c ****       The SPI HAL driver can be used as follows:
  30:HW_Lib/STM32H7/HAL_Lib/STM32H7xx_HAL_Driver/Src/stm32h7xx_hal_spi.c **** 
  31:HW_Lib/STM32H7/HAL_Lib/STM32H7xx_HAL_Driver/Src/stm32h7xx_hal_spi.c ****       (#) Declare a SPI_HandleTypeDef handle structure, for example:
ARM GAS  C:\Users\HUAV\AppData\Local\Temp\ccYQlmuE.s 			page 2


  32:HW_Lib/STM32H7/HAL_Lib/STM32H7xx_HAL_Driver/Src/stm32h7xx_hal_spi.c ****           SPI_HandleTypeDef  hspi;
  33:HW_Lib/STM32H7/HAL_Lib/STM32H7xx_HAL_Driver/Src/stm32h7xx_hal_spi.c **** 
  34:HW_Lib/STM32H7/HAL_Lib/STM32H7xx_HAL_Driver/Src/stm32h7xx_hal_spi.c ****       (#)Initialize the SPI low level resources by implementing the HAL_SPI_MspInit() API:
  35:HW_Lib/STM32H7/HAL_Lib/STM32H7xx_HAL_Driver/Src/stm32h7xx_hal_spi.c ****           (##) Enable the SPIx interface clock
  36:HW_Lib/STM32H7/HAL_Lib/STM32H7xx_HAL_Driver/Src/stm32h7xx_hal_spi.c ****           (##) SPI pins configuration
  37:HW_Lib/STM32H7/HAL_Lib/STM32H7xx_HAL_Driver/Src/stm32h7xx_hal_spi.c ****               (+++) Enable the clock for the SPI GPIOs
  38:HW_Lib/STM32H7/HAL_Lib/STM32H7xx_HAL_Driver/Src/stm32h7xx_hal_spi.c ****               (+++) Configure these SPI pins as alternate function push-pull
  39:HW_Lib/STM32H7/HAL_Lib/STM32H7xx_HAL_Driver/Src/stm32h7xx_hal_spi.c ****           (##) NVIC configuration if you need to use interrupt process or DMA process
  40:HW_Lib/STM32H7/HAL_Lib/STM32H7xx_HAL_Driver/Src/stm32h7xx_hal_spi.c ****               (+++) Configure the SPIx interrupt priority
  41:HW_Lib/STM32H7/HAL_Lib/STM32H7xx_HAL_Driver/Src/stm32h7xx_hal_spi.c ****               (+++) Enable the NVIC SPI IRQ handle
  42:HW_Lib/STM32H7/HAL_Lib/STM32H7xx_HAL_Driver/Src/stm32h7xx_hal_spi.c ****           (##) DMA Configuration if you need to use DMA process
  43:HW_Lib/STM32H7/HAL_Lib/STM32H7xx_HAL_Driver/Src/stm32h7xx_hal_spi.c ****               (+++) Declare a DMA_HandleTypeDef handle structure for the transmit or receive Stream
  44:HW_Lib/STM32H7/HAL_Lib/STM32H7xx_HAL_Driver/Src/stm32h7xx_hal_spi.c ****               (+++) Enable the DMAx clock
  45:HW_Lib/STM32H7/HAL_Lib/STM32H7xx_HAL_Driver/Src/stm32h7xx_hal_spi.c ****               (+++) Configure the DMA handle parameters
  46:HW_Lib/STM32H7/HAL_Lib/STM32H7xx_HAL_Driver/Src/stm32h7xx_hal_spi.c ****               (+++) Configure the DMA Tx or Rx Stream/Channel
  47:HW_Lib/STM32H7/HAL_Lib/STM32H7xx_HAL_Driver/Src/stm32h7xx_hal_spi.c ****               (+++) Associate the initialized hdma_tx handle to the hspi DMA Tx or Rx handle
  48:HW_Lib/STM32H7/HAL_Lib/STM32H7xx_HAL_Driver/Src/stm32h7xx_hal_spi.c ****               (+++) Configure the priority and enable the NVIC for the transfer complete interrupt 
  49:HW_Lib/STM32H7/HAL_Lib/STM32H7xx_HAL_Driver/Src/stm32h7xx_hal_spi.c ****                     or Rx Stream/Channel
  50:HW_Lib/STM32H7/HAL_Lib/STM32H7xx_HAL_Driver/Src/stm32h7xx_hal_spi.c **** 
  51:HW_Lib/STM32H7/HAL_Lib/STM32H7xx_HAL_Driver/Src/stm32h7xx_hal_spi.c ****       (#) Program the Mode, BidirectionalMode , Data size, Baudrate Prescaler, NSS
  52:HW_Lib/STM32H7/HAL_Lib/STM32H7xx_HAL_Driver/Src/stm32h7xx_hal_spi.c ****           management, Clock polarity and phase, FirstBit and CRC configuration in the hspi Init str
  53:HW_Lib/STM32H7/HAL_Lib/STM32H7xx_HAL_Driver/Src/stm32h7xx_hal_spi.c **** 
  54:HW_Lib/STM32H7/HAL_Lib/STM32H7xx_HAL_Driver/Src/stm32h7xx_hal_spi.c ****       (#) Initialize the SPI registers by calling the HAL_SPI_Init() API:
  55:HW_Lib/STM32H7/HAL_Lib/STM32H7xx_HAL_Driver/Src/stm32h7xx_hal_spi.c ****           (++) This API configures also the low level Hardware GPIO, CLOCK, CORTEX...etc)
  56:HW_Lib/STM32H7/HAL_Lib/STM32H7xx_HAL_Driver/Src/stm32h7xx_hal_spi.c ****               by calling the customized HAL_SPI_MspInit() API.
  57:HW_Lib/STM32H7/HAL_Lib/STM32H7xx_HAL_Driver/Src/stm32h7xx_hal_spi.c ****      [..]
  58:HW_Lib/STM32H7/HAL_Lib/STM32H7xx_HAL_Driver/Src/stm32h7xx_hal_spi.c ****        Callback registration:
  59:HW_Lib/STM32H7/HAL_Lib/STM32H7xx_HAL_Driver/Src/stm32h7xx_hal_spi.c **** 
  60:HW_Lib/STM32H7/HAL_Lib/STM32H7xx_HAL_Driver/Src/stm32h7xx_hal_spi.c ****       (#) The compilation flag USE_HAL_SPI_REGISTER_CALLBACKS when set to 1UL
  61:HW_Lib/STM32H7/HAL_Lib/STM32H7xx_HAL_Driver/Src/stm32h7xx_hal_spi.c ****           allows the user to configure dynamically the driver callbacks.
  62:HW_Lib/STM32H7/HAL_Lib/STM32H7xx_HAL_Driver/Src/stm32h7xx_hal_spi.c ****           Use Functions HAL_SPI_RegisterCallback() to register an interrupt callback.
  63:HW_Lib/STM32H7/HAL_Lib/STM32H7xx_HAL_Driver/Src/stm32h7xx_hal_spi.c **** 
  64:HW_Lib/STM32H7/HAL_Lib/STM32H7xx_HAL_Driver/Src/stm32h7xx_hal_spi.c ****           Function HAL_SPI_RegisterCallback() allows to register following callbacks:
  65:HW_Lib/STM32H7/HAL_Lib/STM32H7xx_HAL_Driver/Src/stm32h7xx_hal_spi.c ****             (+) TxCpltCallback        : SPI Tx Completed callback
  66:HW_Lib/STM32H7/HAL_Lib/STM32H7xx_HAL_Driver/Src/stm32h7xx_hal_spi.c ****             (+) RxCpltCallback        : SPI Rx Completed callback
  67:HW_Lib/STM32H7/HAL_Lib/STM32H7xx_HAL_Driver/Src/stm32h7xx_hal_spi.c ****             (+) TxRxCpltCallback      : SPI TxRx Completed callback
  68:HW_Lib/STM32H7/HAL_Lib/STM32H7xx_HAL_Driver/Src/stm32h7xx_hal_spi.c ****             (+) TxHalfCpltCallback    : SPI Tx Half Completed callback
  69:HW_Lib/STM32H7/HAL_Lib/STM32H7xx_HAL_Driver/Src/stm32h7xx_hal_spi.c ****             (+) RxHalfCpltCallback    : SPI Rx Half Completed callback
  70:HW_Lib/STM32H7/HAL_Lib/STM32H7xx_HAL_Driver/Src/stm32h7xx_hal_spi.c ****             (+) TxRxHalfCpltCallback  : SPI TxRx Half Completed callback
  71:HW_Lib/STM32H7/HAL_Lib/STM32H7xx_HAL_Driver/Src/stm32h7xx_hal_spi.c ****             (+) ErrorCallback         : SPI Error callback
  72:HW_Lib/STM32H7/HAL_Lib/STM32H7xx_HAL_Driver/Src/stm32h7xx_hal_spi.c ****             (+) AbortCpltCallback     : SPI Abort callback
  73:HW_Lib/STM32H7/HAL_Lib/STM32H7xx_HAL_Driver/Src/stm32h7xx_hal_spi.c ****             (+) MspInitCallback       : SPI Msp Init callback
  74:HW_Lib/STM32H7/HAL_Lib/STM32H7xx_HAL_Driver/Src/stm32h7xx_hal_spi.c ****             (+) MspDeInitCallback     : SPI Msp DeInit callback
  75:HW_Lib/STM32H7/HAL_Lib/STM32H7xx_HAL_Driver/Src/stm32h7xx_hal_spi.c ****           This function takes as parameters the HAL peripheral handle, the Callback ID
  76:HW_Lib/STM32H7/HAL_Lib/STM32H7xx_HAL_Driver/Src/stm32h7xx_hal_spi.c ****           and a pointer to the user callback function.
  77:HW_Lib/STM32H7/HAL_Lib/STM32H7xx_HAL_Driver/Src/stm32h7xx_hal_spi.c **** 
  78:HW_Lib/STM32H7/HAL_Lib/STM32H7xx_HAL_Driver/Src/stm32h7xx_hal_spi.c **** 
  79:HW_Lib/STM32H7/HAL_Lib/STM32H7xx_HAL_Driver/Src/stm32h7xx_hal_spi.c ****       (#) Use function HAL_SPI_UnRegisterCallback to reset a callback to the default
  80:HW_Lib/STM32H7/HAL_Lib/STM32H7xx_HAL_Driver/Src/stm32h7xx_hal_spi.c ****           weak function.
  81:HW_Lib/STM32H7/HAL_Lib/STM32H7xx_HAL_Driver/Src/stm32h7xx_hal_spi.c ****           HAL_SPI_UnRegisterCallback takes as parameters the HAL peripheral handle,
  82:HW_Lib/STM32H7/HAL_Lib/STM32H7xx_HAL_Driver/Src/stm32h7xx_hal_spi.c ****           and the Callback ID.
  83:HW_Lib/STM32H7/HAL_Lib/STM32H7xx_HAL_Driver/Src/stm32h7xx_hal_spi.c ****           This function allows to reset following callbacks:
  84:HW_Lib/STM32H7/HAL_Lib/STM32H7xx_HAL_Driver/Src/stm32h7xx_hal_spi.c ****             (+) TxCpltCallback        : SPI Tx Completed callback
  85:HW_Lib/STM32H7/HAL_Lib/STM32H7xx_HAL_Driver/Src/stm32h7xx_hal_spi.c ****             (+) RxCpltCallback        : SPI Rx Completed callback
  86:HW_Lib/STM32H7/HAL_Lib/STM32H7xx_HAL_Driver/Src/stm32h7xx_hal_spi.c ****             (+) TxRxCpltCallback      : SPI TxRx Completed callback
  87:HW_Lib/STM32H7/HAL_Lib/STM32H7xx_HAL_Driver/Src/stm32h7xx_hal_spi.c ****             (+) TxHalfCpltCallback    : SPI Tx Half Completed callback
  88:HW_Lib/STM32H7/HAL_Lib/STM32H7xx_HAL_Driver/Src/stm32h7xx_hal_spi.c ****             (+) RxHalfCpltCallback    : SPI Rx Half Completed callback
ARM GAS  C:\Users\HUAV\AppData\Local\Temp\ccYQlmuE.s 			page 3


  89:HW_Lib/STM32H7/HAL_Lib/STM32H7xx_HAL_Driver/Src/stm32h7xx_hal_spi.c ****             (+) TxRxHalfCpltCallback  : SPI TxRx Half Completed callback
  90:HW_Lib/STM32H7/HAL_Lib/STM32H7xx_HAL_Driver/Src/stm32h7xx_hal_spi.c ****             (+) ErrorCallback         : SPI Error callback
  91:HW_Lib/STM32H7/HAL_Lib/STM32H7xx_HAL_Driver/Src/stm32h7xx_hal_spi.c ****             (+) AbortCpltCallback     : SPI Abort callback
  92:HW_Lib/STM32H7/HAL_Lib/STM32H7xx_HAL_Driver/Src/stm32h7xx_hal_spi.c ****             (+) MspInitCallback       : SPI Msp Init callback
  93:HW_Lib/STM32H7/HAL_Lib/STM32H7xx_HAL_Driver/Src/stm32h7xx_hal_spi.c ****             (+) MspDeInitCallback     : SPI Msp DeInit callback
  94:HW_Lib/STM32H7/HAL_Lib/STM32H7xx_HAL_Driver/Src/stm32h7xx_hal_spi.c **** 
  95:HW_Lib/STM32H7/HAL_Lib/STM32H7xx_HAL_Driver/Src/stm32h7xx_hal_spi.c ****        By default, after the HAL_SPI_Init() and when the state is HAL_SPI_STATE_RESET
  96:HW_Lib/STM32H7/HAL_Lib/STM32H7xx_HAL_Driver/Src/stm32h7xx_hal_spi.c ****        all callbacks are set to the corresponding weak functions:
  97:HW_Lib/STM32H7/HAL_Lib/STM32H7xx_HAL_Driver/Src/stm32h7xx_hal_spi.c ****        examples HAL_SPI_MasterTxCpltCallback(), HAL_SPI_MasterRxCpltCallback().
  98:HW_Lib/STM32H7/HAL_Lib/STM32H7xx_HAL_Driver/Src/stm32h7xx_hal_spi.c ****        Exception done for MspInit and MspDeInit functions that are
  99:HW_Lib/STM32H7/HAL_Lib/STM32H7xx_HAL_Driver/Src/stm32h7xx_hal_spi.c ****        reset to the legacy weak functions in the HAL_SPI_Init()/ HAL_SPI_DeInit() only when
 100:HW_Lib/STM32H7/HAL_Lib/STM32H7xx_HAL_Driver/Src/stm32h7xx_hal_spi.c ****        these callbacks are null (not registered beforehand).
 101:HW_Lib/STM32H7/HAL_Lib/STM32H7xx_HAL_Driver/Src/stm32h7xx_hal_spi.c ****        If MspInit or MspDeInit are not null, the HAL_SPI_Init()/ HAL_SPI_DeInit()
 102:HW_Lib/STM32H7/HAL_Lib/STM32H7xx_HAL_Driver/Src/stm32h7xx_hal_spi.c ****        keep and use the user MspInit/MspDeInit callbacks (registered beforehand) whatever the state
 103:HW_Lib/STM32H7/HAL_Lib/STM32H7xx_HAL_Driver/Src/stm32h7xx_hal_spi.c **** 
 104:HW_Lib/STM32H7/HAL_Lib/STM32H7xx_HAL_Driver/Src/stm32h7xx_hal_spi.c ****        Callbacks can be registered/unregistered in HAL_SPI_STATE_READY state only.
 105:HW_Lib/STM32H7/HAL_Lib/STM32H7xx_HAL_Driver/Src/stm32h7xx_hal_spi.c ****        Exception done MspInit/MspDeInit functions that can be registered/unregistered
 106:HW_Lib/STM32H7/HAL_Lib/STM32H7xx_HAL_Driver/Src/stm32h7xx_hal_spi.c ****        in HAL_SPI_STATE_READY or HAL_SPI_STATE_RESET state,
 107:HW_Lib/STM32H7/HAL_Lib/STM32H7xx_HAL_Driver/Src/stm32h7xx_hal_spi.c ****        thus registered (user) MspInit/DeInit callbacks can be used during the Init/DeInit.
 108:HW_Lib/STM32H7/HAL_Lib/STM32H7xx_HAL_Driver/Src/stm32h7xx_hal_spi.c ****        Then, the user first registers the MspInit/MspDeInit user callbacks
 109:HW_Lib/STM32H7/HAL_Lib/STM32H7xx_HAL_Driver/Src/stm32h7xx_hal_spi.c ****        using HAL_SPI_RegisterCallback() before calling HAL_SPI_DeInit()
 110:HW_Lib/STM32H7/HAL_Lib/STM32H7xx_HAL_Driver/Src/stm32h7xx_hal_spi.c ****        or HAL_SPI_Init() function.
 111:HW_Lib/STM32H7/HAL_Lib/STM32H7xx_HAL_Driver/Src/stm32h7xx_hal_spi.c **** 
 112:HW_Lib/STM32H7/HAL_Lib/STM32H7xx_HAL_Driver/Src/stm32h7xx_hal_spi.c ****        When The compilation define USE_HAL_PPP_REGISTER_CALLBACKS is set to 0 or
 113:HW_Lib/STM32H7/HAL_Lib/STM32H7xx_HAL_Driver/Src/stm32h7xx_hal_spi.c ****        not defined, the callback registering feature is not available
 114:HW_Lib/STM32H7/HAL_Lib/STM32H7xx_HAL_Driver/Src/stm32h7xx_hal_spi.c ****        and weak (surcharged) callbacks are used.
 115:HW_Lib/STM32H7/HAL_Lib/STM32H7xx_HAL_Driver/Src/stm32h7xx_hal_spi.c **** 
 116:HW_Lib/STM32H7/HAL_Lib/STM32H7xx_HAL_Driver/Src/stm32h7xx_hal_spi.c **** 
 117:HW_Lib/STM32H7/HAL_Lib/STM32H7xx_HAL_Driver/Src/stm32h7xx_hal_spi.c ****     [..]
 118:HW_Lib/STM32H7/HAL_Lib/STM32H7xx_HAL_Driver/Src/stm32h7xx_hal_spi.c ****       Circular mode restriction:
 119:HW_Lib/STM32H7/HAL_Lib/STM32H7xx_HAL_Driver/Src/stm32h7xx_hal_spi.c ****       (+) The DMA circular mode cannot be used when the SPI is configured in these modes:
 120:HW_Lib/STM32H7/HAL_Lib/STM32H7xx_HAL_Driver/Src/stm32h7xx_hal_spi.c ****           (++) Master 2Lines RxOnly
 121:HW_Lib/STM32H7/HAL_Lib/STM32H7xx_HAL_Driver/Src/stm32h7xx_hal_spi.c ****           (++) Master 1Line Rx
 122:HW_Lib/STM32H7/HAL_Lib/STM32H7xx_HAL_Driver/Src/stm32h7xx_hal_spi.c ****       (+) The CRC feature is not managed when the DMA circular mode is enabled
 123:HW_Lib/STM32H7/HAL_Lib/STM32H7xx_HAL_Driver/Src/stm32h7xx_hal_spi.c ****       (+) The functions HAL_SPI_DMAPause()/ HAL_SPI_DMAResume() are not supported. Return always
 124:HW_Lib/STM32H7/HAL_Lib/STM32H7xx_HAL_Driver/Src/stm32h7xx_hal_spi.c ****           HAL_ERROR with ErrorCode set to HAL_SPI_ERROR_NOT_SUPPORTED.
 125:HW_Lib/STM32H7/HAL_Lib/STM32H7xx_HAL_Driver/Src/stm32h7xx_hal_spi.c ****           Those functions are maintained for backward compatibility reasons.
 126:HW_Lib/STM32H7/HAL_Lib/STM32H7xx_HAL_Driver/Src/stm32h7xx_hal_spi.c **** 
 127:HW_Lib/STM32H7/HAL_Lib/STM32H7xx_HAL_Driver/Src/stm32h7xx_hal_spi.c ****   @endverbatim
 128:HW_Lib/STM32H7/HAL_Lib/STM32H7xx_HAL_Driver/Src/stm32h7xx_hal_spi.c ****   */
 129:HW_Lib/STM32H7/HAL_Lib/STM32H7xx_HAL_Driver/Src/stm32h7xx_hal_spi.c **** 
 130:HW_Lib/STM32H7/HAL_Lib/STM32H7xx_HAL_Driver/Src/stm32h7xx_hal_spi.c **** /* Includes ------------------------------------------------------------------*/
 131:HW_Lib/STM32H7/HAL_Lib/STM32H7xx_HAL_Driver/Src/stm32h7xx_hal_spi.c **** #include "stm32h7xx_hal.h"
 132:HW_Lib/STM32H7/HAL_Lib/STM32H7xx_HAL_Driver/Src/stm32h7xx_hal_spi.c **** 
 133:HW_Lib/STM32H7/HAL_Lib/STM32H7xx_HAL_Driver/Src/stm32h7xx_hal_spi.c **** /** @addtogroup STM32H7xx_HAL_Driver
 134:HW_Lib/STM32H7/HAL_Lib/STM32H7xx_HAL_Driver/Src/stm32h7xx_hal_spi.c ****   * @{
 135:HW_Lib/STM32H7/HAL_Lib/STM32H7xx_HAL_Driver/Src/stm32h7xx_hal_spi.c ****   */
 136:HW_Lib/STM32H7/HAL_Lib/STM32H7xx_HAL_Driver/Src/stm32h7xx_hal_spi.c **** 
 137:HW_Lib/STM32H7/HAL_Lib/STM32H7xx_HAL_Driver/Src/stm32h7xx_hal_spi.c **** /** @defgroup SPI SPI
 138:HW_Lib/STM32H7/HAL_Lib/STM32H7xx_HAL_Driver/Src/stm32h7xx_hal_spi.c ****   * @brief SPI HAL module driver
 139:HW_Lib/STM32H7/HAL_Lib/STM32H7xx_HAL_Driver/Src/stm32h7xx_hal_spi.c ****   * @{
 140:HW_Lib/STM32H7/HAL_Lib/STM32H7xx_HAL_Driver/Src/stm32h7xx_hal_spi.c ****   */
 141:HW_Lib/STM32H7/HAL_Lib/STM32H7xx_HAL_Driver/Src/stm32h7xx_hal_spi.c **** #ifdef HAL_SPI_MODULE_ENABLED
 142:HW_Lib/STM32H7/HAL_Lib/STM32H7xx_HAL_Driver/Src/stm32h7xx_hal_spi.c **** 
 143:HW_Lib/STM32H7/HAL_Lib/STM32H7xx_HAL_Driver/Src/stm32h7xx_hal_spi.c **** /* Private typedef -----------------------------------------------------------*/
 144:HW_Lib/STM32H7/HAL_Lib/STM32H7xx_HAL_Driver/Src/stm32h7xx_hal_spi.c **** /* Private defines -----------------------------------------------------------*/
 145:HW_Lib/STM32H7/HAL_Lib/STM32H7xx_HAL_Driver/Src/stm32h7xx_hal_spi.c **** /** @defgroup SPI_Private_Constants SPI Private Constants
ARM GAS  C:\Users\HUAV\AppData\Local\Temp\ccYQlmuE.s 			page 4


 146:HW_Lib/STM32H7/HAL_Lib/STM32H7xx_HAL_Driver/Src/stm32h7xx_hal_spi.c ****   * @{
 147:HW_Lib/STM32H7/HAL_Lib/STM32H7xx_HAL_Driver/Src/stm32h7xx_hal_spi.c ****   */
 148:HW_Lib/STM32H7/HAL_Lib/STM32H7xx_HAL_Driver/Src/stm32h7xx_hal_spi.c **** #define SPI_DEFAULT_TIMEOUT 100UL
 149:HW_Lib/STM32H7/HAL_Lib/STM32H7xx_HAL_Driver/Src/stm32h7xx_hal_spi.c **** #define MAX_FIFO_LENGTH     16UL
 150:HW_Lib/STM32H7/HAL_Lib/STM32H7xx_HAL_Driver/Src/stm32h7xx_hal_spi.c **** /**
 151:HW_Lib/STM32H7/HAL_Lib/STM32H7xx_HAL_Driver/Src/stm32h7xx_hal_spi.c ****   * @}
 152:HW_Lib/STM32H7/HAL_Lib/STM32H7xx_HAL_Driver/Src/stm32h7xx_hal_spi.c ****   */
 153:HW_Lib/STM32H7/HAL_Lib/STM32H7xx_HAL_Driver/Src/stm32h7xx_hal_spi.c **** 
 154:HW_Lib/STM32H7/HAL_Lib/STM32H7xx_HAL_Driver/Src/stm32h7xx_hal_spi.c **** /* Private macros ------------------------------------------------------------*/
 155:HW_Lib/STM32H7/HAL_Lib/STM32H7xx_HAL_Driver/Src/stm32h7xx_hal_spi.c **** /* Private variables ---------------------------------------------------------*/
 156:HW_Lib/STM32H7/HAL_Lib/STM32H7xx_HAL_Driver/Src/stm32h7xx_hal_spi.c **** /* Private function prototypes -----------------------------------------------*/
 157:HW_Lib/STM32H7/HAL_Lib/STM32H7xx_HAL_Driver/Src/stm32h7xx_hal_spi.c **** /** @defgroup SPI_Private_Functions SPI Private Functions
 158:HW_Lib/STM32H7/HAL_Lib/STM32H7xx_HAL_Driver/Src/stm32h7xx_hal_spi.c ****   * @{
 159:HW_Lib/STM32H7/HAL_Lib/STM32H7xx_HAL_Driver/Src/stm32h7xx_hal_spi.c ****   */
 160:HW_Lib/STM32H7/HAL_Lib/STM32H7xx_HAL_Driver/Src/stm32h7xx_hal_spi.c **** static void SPI_DMATransmitCplt(DMA_HandleTypeDef *hdma);
 161:HW_Lib/STM32H7/HAL_Lib/STM32H7xx_HAL_Driver/Src/stm32h7xx_hal_spi.c **** static void SPI_DMAReceiveCplt(DMA_HandleTypeDef *hdma);
 162:HW_Lib/STM32H7/HAL_Lib/STM32H7xx_HAL_Driver/Src/stm32h7xx_hal_spi.c **** static void SPI_DMATransmitReceiveCplt(DMA_HandleTypeDef *hdma);
 163:HW_Lib/STM32H7/HAL_Lib/STM32H7xx_HAL_Driver/Src/stm32h7xx_hal_spi.c **** static void SPI_DMAHalfTransmitCplt(DMA_HandleTypeDef *hdma);
 164:HW_Lib/STM32H7/HAL_Lib/STM32H7xx_HAL_Driver/Src/stm32h7xx_hal_spi.c **** static void SPI_DMAHalfReceiveCplt(DMA_HandleTypeDef *hdma);
 165:HW_Lib/STM32H7/HAL_Lib/STM32H7xx_HAL_Driver/Src/stm32h7xx_hal_spi.c **** static void SPI_DMAHalfTransmitReceiveCplt(DMA_HandleTypeDef *hdma);
 166:HW_Lib/STM32H7/HAL_Lib/STM32H7xx_HAL_Driver/Src/stm32h7xx_hal_spi.c **** static void SPI_DMAError(DMA_HandleTypeDef *hdma);
 167:HW_Lib/STM32H7/HAL_Lib/STM32H7xx_HAL_Driver/Src/stm32h7xx_hal_spi.c **** static void SPI_DMAAbortOnError(DMA_HandleTypeDef *hdma);
 168:HW_Lib/STM32H7/HAL_Lib/STM32H7xx_HAL_Driver/Src/stm32h7xx_hal_spi.c **** static void SPI_DMATxAbortCallback(DMA_HandleTypeDef *hdma);
 169:HW_Lib/STM32H7/HAL_Lib/STM32H7xx_HAL_Driver/Src/stm32h7xx_hal_spi.c **** static void SPI_DMARxAbortCallback(DMA_HandleTypeDef *hdma);
 170:HW_Lib/STM32H7/HAL_Lib/STM32H7xx_HAL_Driver/Src/stm32h7xx_hal_spi.c **** static HAL_StatusTypeDef SPI_WaitOnFlagUntilTimeout(SPI_HandleTypeDef *hspi, uint32_t Flag, FlagSta
 171:HW_Lib/STM32H7/HAL_Lib/STM32H7xx_HAL_Driver/Src/stm32h7xx_hal_spi.c ****                                                     uint32_t Timeout, uint32_t Tickstart);
 172:HW_Lib/STM32H7/HAL_Lib/STM32H7xx_HAL_Driver/Src/stm32h7xx_hal_spi.c **** static void SPI_TxISR_8BIT(SPI_HandleTypeDef *hspi);
 173:HW_Lib/STM32H7/HAL_Lib/STM32H7xx_HAL_Driver/Src/stm32h7xx_hal_spi.c **** static void SPI_TxISR_16BIT(SPI_HandleTypeDef *hspi);
 174:HW_Lib/STM32H7/HAL_Lib/STM32H7xx_HAL_Driver/Src/stm32h7xx_hal_spi.c **** static void SPI_TxISR_32BIT(SPI_HandleTypeDef *hspi);
 175:HW_Lib/STM32H7/HAL_Lib/STM32H7xx_HAL_Driver/Src/stm32h7xx_hal_spi.c **** static void SPI_RxISR_8BIT(SPI_HandleTypeDef *hspi);
 176:HW_Lib/STM32H7/HAL_Lib/STM32H7xx_HAL_Driver/Src/stm32h7xx_hal_spi.c **** static void SPI_RxISR_16BIT(SPI_HandleTypeDef *hspi);
 177:HW_Lib/STM32H7/HAL_Lib/STM32H7xx_HAL_Driver/Src/stm32h7xx_hal_spi.c **** static void SPI_RxISR_32BIT(SPI_HandleTypeDef *hspi);
 178:HW_Lib/STM32H7/HAL_Lib/STM32H7xx_HAL_Driver/Src/stm32h7xx_hal_spi.c **** static void SPI_AbortTransfer(SPI_HandleTypeDef *hspi);
 179:HW_Lib/STM32H7/HAL_Lib/STM32H7xx_HAL_Driver/Src/stm32h7xx_hal_spi.c **** static void SPI_CloseTransfer(SPI_HandleTypeDef *hspi);
 180:HW_Lib/STM32H7/HAL_Lib/STM32H7xx_HAL_Driver/Src/stm32h7xx_hal_spi.c **** static uint32_t SPI_GetPacketSize(SPI_HandleTypeDef *hspi);
 181:HW_Lib/STM32H7/HAL_Lib/STM32H7xx_HAL_Driver/Src/stm32h7xx_hal_spi.c **** 
 182:HW_Lib/STM32H7/HAL_Lib/STM32H7xx_HAL_Driver/Src/stm32h7xx_hal_spi.c **** 
 183:HW_Lib/STM32H7/HAL_Lib/STM32H7xx_HAL_Driver/Src/stm32h7xx_hal_spi.c **** /**
 184:HW_Lib/STM32H7/HAL_Lib/STM32H7xx_HAL_Driver/Src/stm32h7xx_hal_spi.c ****   * @}
 185:HW_Lib/STM32H7/HAL_Lib/STM32H7xx_HAL_Driver/Src/stm32h7xx_hal_spi.c ****   */
 186:HW_Lib/STM32H7/HAL_Lib/STM32H7xx_HAL_Driver/Src/stm32h7xx_hal_spi.c **** 
 187:HW_Lib/STM32H7/HAL_Lib/STM32H7xx_HAL_Driver/Src/stm32h7xx_hal_spi.c **** /* Exported functions --------------------------------------------------------*/
 188:HW_Lib/STM32H7/HAL_Lib/STM32H7xx_HAL_Driver/Src/stm32h7xx_hal_spi.c **** /** @defgroup SPI_Exported_Functions SPI Exported Functions
 189:HW_Lib/STM32H7/HAL_Lib/STM32H7xx_HAL_Driver/Src/stm32h7xx_hal_spi.c ****   * @{
 190:HW_Lib/STM32H7/HAL_Lib/STM32H7xx_HAL_Driver/Src/stm32h7xx_hal_spi.c ****   */
 191:HW_Lib/STM32H7/HAL_Lib/STM32H7xx_HAL_Driver/Src/stm32h7xx_hal_spi.c **** 
 192:HW_Lib/STM32H7/HAL_Lib/STM32H7xx_HAL_Driver/Src/stm32h7xx_hal_spi.c **** /** @defgroup SPI_Exported_Functions_Group1 Initialization and de-initialization functions
 193:HW_Lib/STM32H7/HAL_Lib/STM32H7xx_HAL_Driver/Src/stm32h7xx_hal_spi.c ****   *  @brief    Initialization and Configuration functions
 194:HW_Lib/STM32H7/HAL_Lib/STM32H7xx_HAL_Driver/Src/stm32h7xx_hal_spi.c ****   *
 195:HW_Lib/STM32H7/HAL_Lib/STM32H7xx_HAL_Driver/Src/stm32h7xx_hal_spi.c **** @verbatim
 196:HW_Lib/STM32H7/HAL_Lib/STM32H7xx_HAL_Driver/Src/stm32h7xx_hal_spi.c ****  ===============================================================================
 197:HW_Lib/STM32H7/HAL_Lib/STM32H7xx_HAL_Driver/Src/stm32h7xx_hal_spi.c ****               ##### Initialization and de-initialization functions #####
 198:HW_Lib/STM32H7/HAL_Lib/STM32H7xx_HAL_Driver/Src/stm32h7xx_hal_spi.c ****  ===============================================================================
 199:HW_Lib/STM32H7/HAL_Lib/STM32H7xx_HAL_Driver/Src/stm32h7xx_hal_spi.c ****     [..]  This subsection provides a set of functions allowing to initialize and
 200:HW_Lib/STM32H7/HAL_Lib/STM32H7xx_HAL_Driver/Src/stm32h7xx_hal_spi.c ****           de-initialize the SPIx peripheral:
 201:HW_Lib/STM32H7/HAL_Lib/STM32H7xx_HAL_Driver/Src/stm32h7xx_hal_spi.c **** 
 202:HW_Lib/STM32H7/HAL_Lib/STM32H7xx_HAL_Driver/Src/stm32h7xx_hal_spi.c ****       (+) User must implement HAL_SPI_MspInit() function in which he configures
ARM GAS  C:\Users\HUAV\AppData\Local\Temp\ccYQlmuE.s 			page 5


 203:HW_Lib/STM32H7/HAL_Lib/STM32H7xx_HAL_Driver/Src/stm32h7xx_hal_spi.c ****           all related peripherals resources (CLOCK, GPIO, DMA, IT and NVIC ).
 204:HW_Lib/STM32H7/HAL_Lib/STM32H7xx_HAL_Driver/Src/stm32h7xx_hal_spi.c **** 
 205:HW_Lib/STM32H7/HAL_Lib/STM32H7xx_HAL_Driver/Src/stm32h7xx_hal_spi.c ****       (+) Call the function HAL_SPI_Init() to configure the selected device with
 206:HW_Lib/STM32H7/HAL_Lib/STM32H7xx_HAL_Driver/Src/stm32h7xx_hal_spi.c ****           the selected configuration:
 207:HW_Lib/STM32H7/HAL_Lib/STM32H7xx_HAL_Driver/Src/stm32h7xx_hal_spi.c ****         (++) Mode
 208:HW_Lib/STM32H7/HAL_Lib/STM32H7xx_HAL_Driver/Src/stm32h7xx_hal_spi.c ****         (++) Direction
 209:HW_Lib/STM32H7/HAL_Lib/STM32H7xx_HAL_Driver/Src/stm32h7xx_hal_spi.c ****         (++) Data Size
 210:HW_Lib/STM32H7/HAL_Lib/STM32H7xx_HAL_Driver/Src/stm32h7xx_hal_spi.c ****         (++) Clock Polarity and Phase
 211:HW_Lib/STM32H7/HAL_Lib/STM32H7xx_HAL_Driver/Src/stm32h7xx_hal_spi.c ****         (++) NSS Management
 212:HW_Lib/STM32H7/HAL_Lib/STM32H7xx_HAL_Driver/Src/stm32h7xx_hal_spi.c ****         (++) BaudRate Prescaler
 213:HW_Lib/STM32H7/HAL_Lib/STM32H7xx_HAL_Driver/Src/stm32h7xx_hal_spi.c ****         (++) FirstBit
 214:HW_Lib/STM32H7/HAL_Lib/STM32H7xx_HAL_Driver/Src/stm32h7xx_hal_spi.c ****         (++) TIMode
 215:HW_Lib/STM32H7/HAL_Lib/STM32H7xx_HAL_Driver/Src/stm32h7xx_hal_spi.c ****         (++) CRC Calculation
 216:HW_Lib/STM32H7/HAL_Lib/STM32H7xx_HAL_Driver/Src/stm32h7xx_hal_spi.c ****         (++) CRC Polynomial if CRC enabled
 217:HW_Lib/STM32H7/HAL_Lib/STM32H7xx_HAL_Driver/Src/stm32h7xx_hal_spi.c ****         (++) CRC Length, used only with Data8 and Data16
 218:HW_Lib/STM32H7/HAL_Lib/STM32H7xx_HAL_Driver/Src/stm32h7xx_hal_spi.c ****         (++) FIFO reception threshold
 219:HW_Lib/STM32H7/HAL_Lib/STM32H7xx_HAL_Driver/Src/stm32h7xx_hal_spi.c ****         (++) FIFO transmission threshold
 220:HW_Lib/STM32H7/HAL_Lib/STM32H7xx_HAL_Driver/Src/stm32h7xx_hal_spi.c **** 
 221:HW_Lib/STM32H7/HAL_Lib/STM32H7xx_HAL_Driver/Src/stm32h7xx_hal_spi.c ****       (+) Call the function HAL_SPI_DeInit() to restore the default configuration
 222:HW_Lib/STM32H7/HAL_Lib/STM32H7xx_HAL_Driver/Src/stm32h7xx_hal_spi.c ****           of the selected SPIx peripheral.
 223:HW_Lib/STM32H7/HAL_Lib/STM32H7xx_HAL_Driver/Src/stm32h7xx_hal_spi.c **** 
 224:HW_Lib/STM32H7/HAL_Lib/STM32H7xx_HAL_Driver/Src/stm32h7xx_hal_spi.c **** @endverbatim
 225:HW_Lib/STM32H7/HAL_Lib/STM32H7xx_HAL_Driver/Src/stm32h7xx_hal_spi.c ****   * @{
 226:HW_Lib/STM32H7/HAL_Lib/STM32H7xx_HAL_Driver/Src/stm32h7xx_hal_spi.c ****   */
 227:HW_Lib/STM32H7/HAL_Lib/STM32H7xx_HAL_Driver/Src/stm32h7xx_hal_spi.c **** 
 228:HW_Lib/STM32H7/HAL_Lib/STM32H7xx_HAL_Driver/Src/stm32h7xx_hal_spi.c **** /**
 229:HW_Lib/STM32H7/HAL_Lib/STM32H7xx_HAL_Driver/Src/stm32h7xx_hal_spi.c ****   * @brief  Initialize the SPI according to the specified parameters
 230:HW_Lib/STM32H7/HAL_Lib/STM32H7xx_HAL_Driver/Src/stm32h7xx_hal_spi.c ****   *         in the SPI_InitTypeDef and initialize the associated handle.
 231:HW_Lib/STM32H7/HAL_Lib/STM32H7xx_HAL_Driver/Src/stm32h7xx_hal_spi.c ****   * @param  hspi: pointer to a SPI_HandleTypeDef structure that contains
 232:HW_Lib/STM32H7/HAL_Lib/STM32H7xx_HAL_Driver/Src/stm32h7xx_hal_spi.c ****   *               the configuration information for SPI module.
 233:HW_Lib/STM32H7/HAL_Lib/STM32H7xx_HAL_Driver/Src/stm32h7xx_hal_spi.c ****   * @retval HAL status
 234:HW_Lib/STM32H7/HAL_Lib/STM32H7xx_HAL_Driver/Src/stm32h7xx_hal_spi.c ****   */
 235:HW_Lib/STM32H7/HAL_Lib/STM32H7xx_HAL_Driver/Src/stm32h7xx_hal_spi.c **** HAL_StatusTypeDef HAL_SPI_Init(SPI_HandleTypeDef *hspi)
 236:HW_Lib/STM32H7/HAL_Lib/STM32H7xx_HAL_Driver/Src/stm32h7xx_hal_spi.c **** {
  28              		.loc 1 236 1
  29              		.cfi_startproc
  30              		@ args = 0, pretend = 0, frame = 16
  31              		@ frame_needed = 1, uses_anonymous_args = 0
  32 0000 80B5     		push	{r7, lr}
  33              	.LCFI0:
  34              		.cfi_def_cfa_offset 8
  35              		.cfi_offset 7, -8
  36              		.cfi_offset 14, -4
  37 0002 84B0     		sub	sp, sp, #16
  38              	.LCFI1:
  39              		.cfi_def_cfa_offset 24
  40 0004 00AF     		add	r7, sp, #0
  41              	.LCFI2:
  42              		.cfi_def_cfa_register 7
  43 0006 7860     		str	r0, [r7, #4]
 237:HW_Lib/STM32H7/HAL_Lib/STM32H7xx_HAL_Driver/Src/stm32h7xx_hal_spi.c ****   uint32_t crc_length;
 238:HW_Lib/STM32H7/HAL_Lib/STM32H7xx_HAL_Driver/Src/stm32h7xx_hal_spi.c ****   uint32_t packet_length;
 239:HW_Lib/STM32H7/HAL_Lib/STM32H7xx_HAL_Driver/Src/stm32h7xx_hal_spi.c **** 
 240:HW_Lib/STM32H7/HAL_Lib/STM32H7xx_HAL_Driver/Src/stm32h7xx_hal_spi.c ****   /* Check the SPI handle allocation */
 241:HW_Lib/STM32H7/HAL_Lib/STM32H7xx_HAL_Driver/Src/stm32h7xx_hal_spi.c ****   if (hspi == NULL)
  44              		.loc 1 241 6
  45 0008 7B68     		ldr	r3, [r7, #4]
ARM GAS  C:\Users\HUAV\AppData\Local\Temp\ccYQlmuE.s 			page 6


  46 000a 002B     		cmp	r3, #0
  47 000c 01D1     		bne	.L2
 242:HW_Lib/STM32H7/HAL_Lib/STM32H7xx_HAL_Driver/Src/stm32h7xx_hal_spi.c ****   {
 243:HW_Lib/STM32H7/HAL_Lib/STM32H7xx_HAL_Driver/Src/stm32h7xx_hal_spi.c ****     return HAL_ERROR;
  48              		.loc 1 243 12
  49 000e 0123     		movs	r3, #1
  50 0010 F1E0     		b	.L3
  51              	.L2:
 244:HW_Lib/STM32H7/HAL_Lib/STM32H7xx_HAL_Driver/Src/stm32h7xx_hal_spi.c ****   }
 245:HW_Lib/STM32H7/HAL_Lib/STM32H7xx_HAL_Driver/Src/stm32h7xx_hal_spi.c **** 
 246:HW_Lib/STM32H7/HAL_Lib/STM32H7xx_HAL_Driver/Src/stm32h7xx_hal_spi.c ****   /* Check the parameters */
 247:HW_Lib/STM32H7/HAL_Lib/STM32H7xx_HAL_Driver/Src/stm32h7xx_hal_spi.c ****   assert_param(IS_SPI_ALL_INSTANCE(hspi->Instance));
 248:HW_Lib/STM32H7/HAL_Lib/STM32H7xx_HAL_Driver/Src/stm32h7xx_hal_spi.c ****   assert_param(IS_SPI_MODE(hspi->Init.Mode));
 249:HW_Lib/STM32H7/HAL_Lib/STM32H7xx_HAL_Driver/Src/stm32h7xx_hal_spi.c ****   assert_param(IS_SPI_DIRECTION(hspi->Init.Direction));
 250:HW_Lib/STM32H7/HAL_Lib/STM32H7xx_HAL_Driver/Src/stm32h7xx_hal_spi.c ****   assert_param(IS_SPI_DATASIZE(hspi->Init.DataSize));
 251:HW_Lib/STM32H7/HAL_Lib/STM32H7xx_HAL_Driver/Src/stm32h7xx_hal_spi.c ****   assert_param(IS_SPI_FIFOTHRESHOLD(hspi->Init.FifoThreshold));
 252:HW_Lib/STM32H7/HAL_Lib/STM32H7xx_HAL_Driver/Src/stm32h7xx_hal_spi.c ****   assert_param(IS_SPI_NSS(hspi->Init.NSS));
 253:HW_Lib/STM32H7/HAL_Lib/STM32H7xx_HAL_Driver/Src/stm32h7xx_hal_spi.c ****   assert_param(IS_SPI_NSSP(hspi->Init.NSSPMode));
 254:HW_Lib/STM32H7/HAL_Lib/STM32H7xx_HAL_Driver/Src/stm32h7xx_hal_spi.c ****   assert_param(IS_SPI_BAUDRATE_PRESCALER(hspi->Init.BaudRatePrescaler));
 255:HW_Lib/STM32H7/HAL_Lib/STM32H7xx_HAL_Driver/Src/stm32h7xx_hal_spi.c ****   assert_param(IS_SPI_FIRST_BIT(hspi->Init.FirstBit));
 256:HW_Lib/STM32H7/HAL_Lib/STM32H7xx_HAL_Driver/Src/stm32h7xx_hal_spi.c ****   assert_param(IS_SPI_TIMODE(hspi->Init.TIMode));
 257:HW_Lib/STM32H7/HAL_Lib/STM32H7xx_HAL_Driver/Src/stm32h7xx_hal_spi.c ****   if (hspi->Init.TIMode == SPI_TIMODE_DISABLE)
 258:HW_Lib/STM32H7/HAL_Lib/STM32H7xx_HAL_Driver/Src/stm32h7xx_hal_spi.c ****   {
 259:HW_Lib/STM32H7/HAL_Lib/STM32H7xx_HAL_Driver/Src/stm32h7xx_hal_spi.c ****     assert_param(IS_SPI_CPOL(hspi->Init.CLKPolarity));
 260:HW_Lib/STM32H7/HAL_Lib/STM32H7xx_HAL_Driver/Src/stm32h7xx_hal_spi.c ****     assert_param(IS_SPI_CPHA(hspi->Init.CLKPhase));
 261:HW_Lib/STM32H7/HAL_Lib/STM32H7xx_HAL_Driver/Src/stm32h7xx_hal_spi.c ****   }
 262:HW_Lib/STM32H7/HAL_Lib/STM32H7xx_HAL_Driver/Src/stm32h7xx_hal_spi.c **** #if (USE_SPI_CRC != 0UL)
 263:HW_Lib/STM32H7/HAL_Lib/STM32H7xx_HAL_Driver/Src/stm32h7xx_hal_spi.c ****   assert_param(IS_SPI_CRC_CALCULATION(hspi->Init.CRCCalculation));
 264:HW_Lib/STM32H7/HAL_Lib/STM32H7xx_HAL_Driver/Src/stm32h7xx_hal_spi.c ****   if (hspi->Init.CRCCalculation == SPI_CRCCALCULATION_ENABLE)
 265:HW_Lib/STM32H7/HAL_Lib/STM32H7xx_HAL_Driver/Src/stm32h7xx_hal_spi.c ****   {
 266:HW_Lib/STM32H7/HAL_Lib/STM32H7xx_HAL_Driver/Src/stm32h7xx_hal_spi.c ****     assert_param(IS_SPI_CRC_LENGTH(hspi->Init.CRCLength));
 267:HW_Lib/STM32H7/HAL_Lib/STM32H7xx_HAL_Driver/Src/stm32h7xx_hal_spi.c ****     assert_param(IS_SPI_CRC_POLYNOMIAL(hspi->Init.CRCPolynomial));
 268:HW_Lib/STM32H7/HAL_Lib/STM32H7xx_HAL_Driver/Src/stm32h7xx_hal_spi.c ****     assert_param(IS_SPI_CRC_INITIALIZATION_PATTERN(hspi->Init.TxCRCInitializationPattern));
 269:HW_Lib/STM32H7/HAL_Lib/STM32H7xx_HAL_Driver/Src/stm32h7xx_hal_spi.c ****     assert_param(IS_SPI_CRC_INITIALIZATION_PATTERN(hspi->Init.RxCRCInitializationPattern));
 270:HW_Lib/STM32H7/HAL_Lib/STM32H7xx_HAL_Driver/Src/stm32h7xx_hal_spi.c ****   }
 271:HW_Lib/STM32H7/HAL_Lib/STM32H7xx_HAL_Driver/Src/stm32h7xx_hal_spi.c **** #else
 272:HW_Lib/STM32H7/HAL_Lib/STM32H7xx_HAL_Driver/Src/stm32h7xx_hal_spi.c ****   hspi->Init.CRCCalculation = SPI_CRCCALCULATION_DISABLE;
  52              		.loc 1 272 29
  53 0012 7B68     		ldr	r3, [r7, #4]
  54 0014 0022     		movs	r2, #0
  55 0016 9A62     		str	r2, [r3, #40]
 273:HW_Lib/STM32H7/HAL_Lib/STM32H7xx_HAL_Driver/Src/stm32h7xx_hal_spi.c **** #endif /* USE_SPI_CRC */
 274:HW_Lib/STM32H7/HAL_Lib/STM32H7xx_HAL_Driver/Src/stm32h7xx_hal_spi.c **** 
 275:HW_Lib/STM32H7/HAL_Lib/STM32H7xx_HAL_Driver/Src/stm32h7xx_hal_spi.c ****   /* Verify that the SPI instance supports Data Size higher than 16bits */
 276:HW_Lib/STM32H7/HAL_Lib/STM32H7xx_HAL_Driver/Src/stm32h7xx_hal_spi.c ****   if ((!IS_SPI_HIGHEND_INSTANCE(hspi->Instance)) && (hspi->Init.DataSize > SPI_DATASIZE_16BIT))
  56              		.loc 1 276 9
  57 0018 7B68     		ldr	r3, [r7, #4]
  58 001a 1B68     		ldr	r3, [r3]
  59              		.loc 1 276 6
  60 001c 784A     		ldr	r2, .L15
  61 001e 9342     		cmp	r3, r2
  62 0020 0FD0     		beq	.L4
  63              		.loc 1 276 9 discriminator 1
  64 0022 7B68     		ldr	r3, [r7, #4]
  65 0024 1B68     		ldr	r3, [r3]
  66 0026 774A     		ldr	r2, .L15+4
  67 0028 9342     		cmp	r3, r2
ARM GAS  C:\Users\HUAV\AppData\Local\Temp\ccYQlmuE.s 			page 7


  68 002a 0AD0     		beq	.L4
  69              		.loc 1 276 9 is_stmt 0 discriminator 2
  70 002c 7B68     		ldr	r3, [r7, #4]
  71 002e 1B68     		ldr	r3, [r3]
  72              		.loc 1 276 8 is_stmt 1 discriminator 2
  73 0030 754A     		ldr	r2, .L15+8
  74 0032 9342     		cmp	r3, r2
  75 0034 05D0     		beq	.L4
  76              		.loc 1 276 64 discriminator 3
  77 0036 7B68     		ldr	r3, [r7, #4]
  78 0038 DB68     		ldr	r3, [r3, #12]
  79              		.loc 1 276 50 discriminator 3
  80 003a 0F2B     		cmp	r3, #15
  81 003c 01D9     		bls	.L4
 277:HW_Lib/STM32H7/HAL_Lib/STM32H7xx_HAL_Driver/Src/stm32h7xx_hal_spi.c ****   {
 278:HW_Lib/STM32H7/HAL_Lib/STM32H7xx_HAL_Driver/Src/stm32h7xx_hal_spi.c ****     return HAL_ERROR;
  82              		.loc 1 278 12
  83 003e 0123     		movs	r3, #1
  84 0040 D9E0     		b	.L3
  85              	.L4:
 279:HW_Lib/STM32H7/HAL_Lib/STM32H7xx_HAL_Driver/Src/stm32h7xx_hal_spi.c ****   }
 280:HW_Lib/STM32H7/HAL_Lib/STM32H7xx_HAL_Driver/Src/stm32h7xx_hal_spi.c **** 
 281:HW_Lib/STM32H7/HAL_Lib/STM32H7xx_HAL_Driver/Src/stm32h7xx_hal_spi.c ****   /* Verify that the SPI instance supports requested data packing */
 282:HW_Lib/STM32H7/HAL_Lib/STM32H7xx_HAL_Driver/Src/stm32h7xx_hal_spi.c ****   packet_length = SPI_GetPacketSize(hspi);
  86              		.loc 1 282 19
  87 0042 7868     		ldr	r0, [r7, #4]
  88 0044 FFF7FEFF 		bl	SPI_GetPacketSize
  89 0048 F860     		str	r0, [r7, #12]
 283:HW_Lib/STM32H7/HAL_Lib/STM32H7xx_HAL_Driver/Src/stm32h7xx_hal_spi.c ****   if (((!IS_SPI_HIGHEND_INSTANCE(hspi->Instance)) && (packet_length > SPI_LOWEND_FIFO_SIZE)) ||
  90              		.loc 1 283 10
  91 004a 7B68     		ldr	r3, [r7, #4]
  92 004c 1B68     		ldr	r3, [r3]
  93              		.loc 1 283 6
  94 004e 6C4A     		ldr	r2, .L15
  95 0050 9342     		cmp	r3, r2
  96 0052 0CD0     		beq	.L5
  97              		.loc 1 283 10 discriminator 1
  98 0054 7B68     		ldr	r3, [r7, #4]
  99 0056 1B68     		ldr	r3, [r3]
 100 0058 6A4A     		ldr	r2, .L15+4
 101 005a 9342     		cmp	r3, r2
 102 005c 07D0     		beq	.L5
 103              		.loc 1 283 10 is_stmt 0 discriminator 3
 104 005e 7B68     		ldr	r3, [r7, #4]
 105 0060 1B68     		ldr	r3, [r3]
 106              		.loc 1 283 9 is_stmt 1 discriminator 3
 107 0062 694A     		ldr	r2, .L15+8
 108 0064 9342     		cmp	r3, r2
 109 0066 02D0     		beq	.L5
 110              		.loc 1 283 51 discriminator 5
 111 0068 FB68     		ldr	r3, [r7, #12]
 112 006a 082B     		cmp	r3, #8
 113 006c 11D8     		bhi	.L6
 114              	.L5:
 284:HW_Lib/STM32H7/HAL_Lib/STM32H7xx_HAL_Driver/Src/stm32h7xx_hal_spi.c ****       ((IS_SPI_HIGHEND_INSTANCE(hspi->Instance)) && (packet_length > SPI_HIGHEND_FIFO_SIZE)))
 115              		.loc 1 284 9 discriminator 7
 116 006e 7B68     		ldr	r3, [r7, #4]
ARM GAS  C:\Users\HUAV\AppData\Local\Temp\ccYQlmuE.s 			page 8


 117 0070 1B68     		ldr	r3, [r3]
 283:HW_Lib/STM32H7/HAL_Lib/STM32H7xx_HAL_Driver/Src/stm32h7xx_hal_spi.c ****   if (((!IS_SPI_HIGHEND_INSTANCE(hspi->Instance)) && (packet_length > SPI_LOWEND_FIFO_SIZE)) ||
 118              		.loc 1 283 94 discriminator 7
 119 0072 634A     		ldr	r2, .L15
 120 0074 9342     		cmp	r3, r2
 121 0076 09D0     		beq	.L7
 122              		.loc 1 284 9
 123 0078 7B68     		ldr	r3, [r7, #4]
 124 007a 1B68     		ldr	r3, [r3]
 125 007c 614A     		ldr	r2, .L15+4
 126 007e 9342     		cmp	r3, r2
 127 0080 04D0     		beq	.L7
 128              		.loc 1 284 9 is_stmt 0 discriminator 2
 129 0082 7B68     		ldr	r3, [r7, #4]
 130 0084 1B68     		ldr	r3, [r3]
 131 0086 604A     		ldr	r2, .L15+8
 132 0088 9342     		cmp	r3, r2
 133 008a 04D1     		bne	.L8
 134              	.L7:
 135              		.loc 1 284 50 is_stmt 1 discriminator 3
 136 008c FB68     		ldr	r3, [r7, #12]
 137 008e 102B     		cmp	r3, #16
 138 0090 01D9     		bls	.L8
 139              	.L6:
 285:HW_Lib/STM32H7/HAL_Lib/STM32H7xx_HAL_Driver/Src/stm32h7xx_hal_spi.c ****   {
 286:HW_Lib/STM32H7/HAL_Lib/STM32H7xx_HAL_Driver/Src/stm32h7xx_hal_spi.c ****     return HAL_ERROR;
 140              		.loc 1 286 12
 141 0092 0123     		movs	r3, #1
 142 0094 AFE0     		b	.L3
 143              	.L8:
 287:HW_Lib/STM32H7/HAL_Lib/STM32H7xx_HAL_Driver/Src/stm32h7xx_hal_spi.c ****   }
 288:HW_Lib/STM32H7/HAL_Lib/STM32H7xx_HAL_Driver/Src/stm32h7xx_hal_spi.c **** 
 289:HW_Lib/STM32H7/HAL_Lib/STM32H7xx_HAL_Driver/Src/stm32h7xx_hal_spi.c **** #if (USE_SPI_CRC != 0UL)
 290:HW_Lib/STM32H7/HAL_Lib/STM32H7xx_HAL_Driver/Src/stm32h7xx_hal_spi.c ****   if (hspi->Init.CRCCalculation == SPI_CRCCALCULATION_ENABLE)
 291:HW_Lib/STM32H7/HAL_Lib/STM32H7xx_HAL_Driver/Src/stm32h7xx_hal_spi.c ****   {
 292:HW_Lib/STM32H7/HAL_Lib/STM32H7xx_HAL_Driver/Src/stm32h7xx_hal_spi.c ****     /* Verify that the SPI instance supports CRC Length higher than 16bits */
 293:HW_Lib/STM32H7/HAL_Lib/STM32H7xx_HAL_Driver/Src/stm32h7xx_hal_spi.c ****     if ((!IS_SPI_HIGHEND_INSTANCE(hspi->Instance)) && (hspi->Init.CRCLength > SPI_CRC_LENGTH_16BIT)
 294:HW_Lib/STM32H7/HAL_Lib/STM32H7xx_HAL_Driver/Src/stm32h7xx_hal_spi.c ****     {
 295:HW_Lib/STM32H7/HAL_Lib/STM32H7xx_HAL_Driver/Src/stm32h7xx_hal_spi.c ****       return HAL_ERROR;
 296:HW_Lib/STM32H7/HAL_Lib/STM32H7xx_HAL_Driver/Src/stm32h7xx_hal_spi.c ****     }
 297:HW_Lib/STM32H7/HAL_Lib/STM32H7xx_HAL_Driver/Src/stm32h7xx_hal_spi.c **** 
 298:HW_Lib/STM32H7/HAL_Lib/STM32H7xx_HAL_Driver/Src/stm32h7xx_hal_spi.c ****     /* Align the CRC Length on the data size */
 299:HW_Lib/STM32H7/HAL_Lib/STM32H7xx_HAL_Driver/Src/stm32h7xx_hal_spi.c ****     if (hspi->Init.CRCLength == SPI_CRC_LENGTH_DATASIZE)
 300:HW_Lib/STM32H7/HAL_Lib/STM32H7xx_HAL_Driver/Src/stm32h7xx_hal_spi.c ****     {
 301:HW_Lib/STM32H7/HAL_Lib/STM32H7xx_HAL_Driver/Src/stm32h7xx_hal_spi.c ****       crc_length = (hspi->Init.DataSize >> SPI_CFG1_DSIZE_Pos) << SPI_CFG1_CRCSIZE_Pos;
 302:HW_Lib/STM32H7/HAL_Lib/STM32H7xx_HAL_Driver/Src/stm32h7xx_hal_spi.c ****     }
 303:HW_Lib/STM32H7/HAL_Lib/STM32H7xx_HAL_Driver/Src/stm32h7xx_hal_spi.c ****     else
 304:HW_Lib/STM32H7/HAL_Lib/STM32H7xx_HAL_Driver/Src/stm32h7xx_hal_spi.c ****     {
 305:HW_Lib/STM32H7/HAL_Lib/STM32H7xx_HAL_Driver/Src/stm32h7xx_hal_spi.c ****       crc_length = hspi->Init.CRCLength;
 306:HW_Lib/STM32H7/HAL_Lib/STM32H7xx_HAL_Driver/Src/stm32h7xx_hal_spi.c ****     }
 307:HW_Lib/STM32H7/HAL_Lib/STM32H7xx_HAL_Driver/Src/stm32h7xx_hal_spi.c **** 
 308:HW_Lib/STM32H7/HAL_Lib/STM32H7xx_HAL_Driver/Src/stm32h7xx_hal_spi.c ****     /* Verify that the CRC Length is higher than DataSize */
 309:HW_Lib/STM32H7/HAL_Lib/STM32H7xx_HAL_Driver/Src/stm32h7xx_hal_spi.c ****     if ((hspi->Init.DataSize >> SPI_CFG1_DSIZE_Pos) > (crc_length >> SPI_CFG1_CRCSIZE_Pos))
 310:HW_Lib/STM32H7/HAL_Lib/STM32H7xx_HAL_Driver/Src/stm32h7xx_hal_spi.c ****     {
 311:HW_Lib/STM32H7/HAL_Lib/STM32H7xx_HAL_Driver/Src/stm32h7xx_hal_spi.c ****       return HAL_ERROR;
 312:HW_Lib/STM32H7/HAL_Lib/STM32H7xx_HAL_Driver/Src/stm32h7xx_hal_spi.c ****     }
 313:HW_Lib/STM32H7/HAL_Lib/STM32H7xx_HAL_Driver/Src/stm32h7xx_hal_spi.c ****   }
ARM GAS  C:\Users\HUAV\AppData\Local\Temp\ccYQlmuE.s 			page 9


 314:HW_Lib/STM32H7/HAL_Lib/STM32H7xx_HAL_Driver/Src/stm32h7xx_hal_spi.c ****   else
 315:HW_Lib/STM32H7/HAL_Lib/STM32H7xx_HAL_Driver/Src/stm32h7xx_hal_spi.c ****   {
 316:HW_Lib/STM32H7/HAL_Lib/STM32H7xx_HAL_Driver/Src/stm32h7xx_hal_spi.c ****     crc_length = hspi->Init.DataSize << SPI_CFG1_CRCSIZE_Pos;
 317:HW_Lib/STM32H7/HAL_Lib/STM32H7xx_HAL_Driver/Src/stm32h7xx_hal_spi.c ****   }
 318:HW_Lib/STM32H7/HAL_Lib/STM32H7xx_HAL_Driver/Src/stm32h7xx_hal_spi.c **** #endif /* USE_SPI_CRC */
 319:HW_Lib/STM32H7/HAL_Lib/STM32H7xx_HAL_Driver/Src/stm32h7xx_hal_spi.c **** 
 320:HW_Lib/STM32H7/HAL_Lib/STM32H7xx_HAL_Driver/Src/stm32h7xx_hal_spi.c ****   if (hspi->State == HAL_SPI_STATE_RESET)
 144              		.loc 1 320 11
 145 0096 7B68     		ldr	r3, [r7, #4]
 146 0098 93F88130 		ldrb	r3, [r3, #129]
 147 009c DBB2     		uxtb	r3, r3
 148              		.loc 1 320 6
 149 009e 002B     		cmp	r3, #0
 150 00a0 06D1     		bne	.L9
 321:HW_Lib/STM32H7/HAL_Lib/STM32H7xx_HAL_Driver/Src/stm32h7xx_hal_spi.c ****   {
 322:HW_Lib/STM32H7/HAL_Lib/STM32H7xx_HAL_Driver/Src/stm32h7xx_hal_spi.c ****     /* Allocate lock resource and initialize it */
 323:HW_Lib/STM32H7/HAL_Lib/STM32H7xx_HAL_Driver/Src/stm32h7xx_hal_spi.c ****     hspi->Lock = HAL_UNLOCKED;
 151              		.loc 1 323 16
 152 00a2 7B68     		ldr	r3, [r7, #4]
 153 00a4 0022     		movs	r2, #0
 154 00a6 83F88020 		strb	r2, [r3, #128]
 324:HW_Lib/STM32H7/HAL_Lib/STM32H7xx_HAL_Driver/Src/stm32h7xx_hal_spi.c **** 
 325:HW_Lib/STM32H7/HAL_Lib/STM32H7xx_HAL_Driver/Src/stm32h7xx_hal_spi.c **** #if (USE_HAL_SPI_REGISTER_CALLBACKS == 1UL)
 326:HW_Lib/STM32H7/HAL_Lib/STM32H7xx_HAL_Driver/Src/stm32h7xx_hal_spi.c ****     /* Init the SPI Callback settings */
 327:HW_Lib/STM32H7/HAL_Lib/STM32H7xx_HAL_Driver/Src/stm32h7xx_hal_spi.c ****     hspi->TxCpltCallback       = HAL_SPI_TxCpltCallback;       /* Legacy weak TxCpltCallback       
 328:HW_Lib/STM32H7/HAL_Lib/STM32H7xx_HAL_Driver/Src/stm32h7xx_hal_spi.c ****     hspi->RxCpltCallback       = HAL_SPI_RxCpltCallback;       /* Legacy weak RxCpltCallback       
 329:HW_Lib/STM32H7/HAL_Lib/STM32H7xx_HAL_Driver/Src/stm32h7xx_hal_spi.c ****     hspi->TxRxCpltCallback     = HAL_SPI_TxRxCpltCallback;     /* Legacy weak TxRxCpltCallback     
 330:HW_Lib/STM32H7/HAL_Lib/STM32H7xx_HAL_Driver/Src/stm32h7xx_hal_spi.c ****     hspi->TxHalfCpltCallback   = HAL_SPI_TxHalfCpltCallback;   /* Legacy weak TxHalfCpltCallback   
 331:HW_Lib/STM32H7/HAL_Lib/STM32H7xx_HAL_Driver/Src/stm32h7xx_hal_spi.c ****     hspi->RxHalfCpltCallback   = HAL_SPI_RxHalfCpltCallback;   /* Legacy weak RxHalfCpltCallback   
 332:HW_Lib/STM32H7/HAL_Lib/STM32H7xx_HAL_Driver/Src/stm32h7xx_hal_spi.c ****     hspi->TxRxHalfCpltCallback = HAL_SPI_TxRxHalfCpltCallback; /* Legacy weak TxRxHalfCpltCallback 
 333:HW_Lib/STM32H7/HAL_Lib/STM32H7xx_HAL_Driver/Src/stm32h7xx_hal_spi.c ****     hspi->ErrorCallback        = HAL_SPI_ErrorCallback;        /* Legacy weak ErrorCallback        
 334:HW_Lib/STM32H7/HAL_Lib/STM32H7xx_HAL_Driver/Src/stm32h7xx_hal_spi.c ****     hspi->AbortCpltCallback    = HAL_SPI_AbortCpltCallback;    /* Legacy weak AbortCpltCallback    
 335:HW_Lib/STM32H7/HAL_Lib/STM32H7xx_HAL_Driver/Src/stm32h7xx_hal_spi.c **** 
 336:HW_Lib/STM32H7/HAL_Lib/STM32H7xx_HAL_Driver/Src/stm32h7xx_hal_spi.c ****     if (hspi->MspInitCallback == NULL)
 337:HW_Lib/STM32H7/HAL_Lib/STM32H7xx_HAL_Driver/Src/stm32h7xx_hal_spi.c ****     {
 338:HW_Lib/STM32H7/HAL_Lib/STM32H7xx_HAL_Driver/Src/stm32h7xx_hal_spi.c ****       hspi->MspInitCallback = HAL_SPI_MspInit; /* Legacy weak MspInit  */
 339:HW_Lib/STM32H7/HAL_Lib/STM32H7xx_HAL_Driver/Src/stm32h7xx_hal_spi.c ****     }
 340:HW_Lib/STM32H7/HAL_Lib/STM32H7xx_HAL_Driver/Src/stm32h7xx_hal_spi.c **** 
 341:HW_Lib/STM32H7/HAL_Lib/STM32H7xx_HAL_Driver/Src/stm32h7xx_hal_spi.c ****     /* Init the low level hardware : GPIO, CLOCK, NVIC... */
 342:HW_Lib/STM32H7/HAL_Lib/STM32H7xx_HAL_Driver/Src/stm32h7xx_hal_spi.c ****     hspi->MspInitCallback(hspi);
 343:HW_Lib/STM32H7/HAL_Lib/STM32H7xx_HAL_Driver/Src/stm32h7xx_hal_spi.c **** #else
 344:HW_Lib/STM32H7/HAL_Lib/STM32H7xx_HAL_Driver/Src/stm32h7xx_hal_spi.c ****     /* Init the low level hardware : GPIO, CLOCK, NVIC... */
 345:HW_Lib/STM32H7/HAL_Lib/STM32H7xx_HAL_Driver/Src/stm32h7xx_hal_spi.c ****     HAL_SPI_MspInit(hspi);
 155              		.loc 1 345 5
 156 00aa 7868     		ldr	r0, [r7, #4]
 157 00ac FFF7FEFF 		bl	HAL_SPI_MspInit
 158              	.L9:
 346:HW_Lib/STM32H7/HAL_Lib/STM32H7xx_HAL_Driver/Src/stm32h7xx_hal_spi.c **** #endif /* USE_HAL_SPI_REGISTER_CALLBACKS */
 347:HW_Lib/STM32H7/HAL_Lib/STM32H7xx_HAL_Driver/Src/stm32h7xx_hal_spi.c ****   }
 348:HW_Lib/STM32H7/HAL_Lib/STM32H7xx_HAL_Driver/Src/stm32h7xx_hal_spi.c **** 
 349:HW_Lib/STM32H7/HAL_Lib/STM32H7xx_HAL_Driver/Src/stm32h7xx_hal_spi.c ****   hspi->State = HAL_SPI_STATE_BUSY;
 159              		.loc 1 349 15
 160 00b0 7B68     		ldr	r3, [r7, #4]
 161 00b2 0222     		movs	r2, #2
 162 00b4 83F88120 		strb	r2, [r3, #129]
 350:HW_Lib/STM32H7/HAL_Lib/STM32H7xx_HAL_Driver/Src/stm32h7xx_hal_spi.c **** 
 351:HW_Lib/STM32H7/HAL_Lib/STM32H7xx_HAL_Driver/Src/stm32h7xx_hal_spi.c ****   /* Disable the selected SPI peripheral */
ARM GAS  C:\Users\HUAV\AppData\Local\Temp\ccYQlmuE.s 			page 10


 352:HW_Lib/STM32H7/HAL_Lib/STM32H7xx_HAL_Driver/Src/stm32h7xx_hal_spi.c ****   __HAL_SPI_DISABLE(hspi);
 163              		.loc 1 352 3
 164 00b8 7B68     		ldr	r3, [r7, #4]
 165 00ba 1B68     		ldr	r3, [r3]
 166 00bc 1A68     		ldr	r2, [r3]
 167 00be 7B68     		ldr	r3, [r7, #4]
 168 00c0 1B68     		ldr	r3, [r3]
 169 00c2 22F00102 		bic	r2, r2, #1
 170 00c6 1A60     		str	r2, [r3]
 353:HW_Lib/STM32H7/HAL_Lib/STM32H7xx_HAL_Driver/Src/stm32h7xx_hal_spi.c **** 
 354:HW_Lib/STM32H7/HAL_Lib/STM32H7xx_HAL_Driver/Src/stm32h7xx_hal_spi.c **** #if (USE_SPI_CRC == 0)
 355:HW_Lib/STM32H7/HAL_Lib/STM32H7xx_HAL_Driver/Src/stm32h7xx_hal_spi.c ****   /* Keep the default value of CRCSIZE in case of CRC is not used */
 356:HW_Lib/STM32H7/HAL_Lib/STM32H7xx_HAL_Driver/Src/stm32h7xx_hal_spi.c ****   crc_length = hspi->Instance->CFG1 & SPI_CFG1_CRCSIZE;
 171              		.loc 1 356 20
 172 00c8 7B68     		ldr	r3, [r7, #4]
 173 00ca 1B68     		ldr	r3, [r3]
 174              		.loc 1 356 30
 175 00cc 9B68     		ldr	r3, [r3, #8]
 176              		.loc 1 356 14
 177 00ce 03F4F813 		and	r3, r3, #2031616
 178 00d2 BB60     		str	r3, [r7, #8]
 357:HW_Lib/STM32H7/HAL_Lib/STM32H7xx_HAL_Driver/Src/stm32h7xx_hal_spi.c **** #endif /* USE_SPI_CRC */
 358:HW_Lib/STM32H7/HAL_Lib/STM32H7xx_HAL_Driver/Src/stm32h7xx_hal_spi.c **** 
 359:HW_Lib/STM32H7/HAL_Lib/STM32H7xx_HAL_Driver/Src/stm32h7xx_hal_spi.c ****   /*----------------------- SPIx CR1 & CR2 Configuration ---------------------*/
 360:HW_Lib/STM32H7/HAL_Lib/STM32H7xx_HAL_Driver/Src/stm32h7xx_hal_spi.c ****   /* Configure : SPI Mode, Communication Mode, Clock polarity and phase, NSS management,
 361:HW_Lib/STM32H7/HAL_Lib/STM32H7xx_HAL_Driver/Src/stm32h7xx_hal_spi.c ****   Communication speed, First bit, CRC calculation state, CRC Length */
 362:HW_Lib/STM32H7/HAL_Lib/STM32H7xx_HAL_Driver/Src/stm32h7xx_hal_spi.c **** 
 363:HW_Lib/STM32H7/HAL_Lib/STM32H7xx_HAL_Driver/Src/stm32h7xx_hal_spi.c ****   /* SPIx NSS Software Management Configuration */
 364:HW_Lib/STM32H7/HAL_Lib/STM32H7xx_HAL_Driver/Src/stm32h7xx_hal_spi.c ****   if ((hspi->Init.NSS == SPI_NSS_SOFT) && (((hspi->Init.Mode == SPI_MODE_MASTER) &&  \
 179              		.loc 1 364 18
 180 00d4 7B68     		ldr	r3, [r7, #4]
 181 00d6 9B69     		ldr	r3, [r3, #24]
 182              		.loc 1 364 6
 183 00d8 B3F1806F 		cmp	r3, #67108864
 184 00dc 19D1     		bne	.L10
 185              		.loc 1 364 56 discriminator 1
 186 00de 7B68     		ldr	r3, [r7, #4]
 187 00e0 5B68     		ldr	r3, [r3, #4]
 188              		.loc 1 364 40 discriminator 1
 189 00e2 B3F5800F 		cmp	r3, #4194304
 190 00e6 03D1     		bne	.L11
 365:HW_Lib/STM32H7/HAL_Lib/STM32H7xx_HAL_Driver/Src/stm32h7xx_hal_spi.c ****                                             (hspi->Init.NSSPolarity == SPI_NSS_POLARITY_LOW)) || \
 191              		.loc 1 365 56 discriminator 2
 192 00e8 7B68     		ldr	r3, [r7, #4]
 193 00ea 9B6B     		ldr	r3, [r3, #56]
 364:HW_Lib/STM32H7/HAL_Lib/STM32H7xx_HAL_Driver/Src/stm32h7xx_hal_spi.c ****                                             (hspi->Init.NSSPolarity == SPI_NSS_POLARITY_LOW)) || \
 194              		.loc 1 364 82 discriminator 2
 195 00ec 002B     		cmp	r3, #0
 196 00ee 08D0     		beq	.L12
 197              	.L11:
 366:HW_Lib/STM32H7/HAL_Lib/STM32H7xx_HAL_Driver/Src/stm32h7xx_hal_spi.c ****                                            ((hspi->Init.Mode == SPI_MODE_SLAVE) && \
 198              		.loc 1 366 56
 199 00f0 7B68     		ldr	r3, [r7, #4]
 200 00f2 5B68     		ldr	r3, [r3, #4]
 365:HW_Lib/STM32H7/HAL_Lib/STM32H7xx_HAL_Driver/Src/stm32h7xx_hal_spi.c ****                                             (hspi->Init.NSSPolarity == SPI_NSS_POLARITY_LOW)) || \
 201              		.loc 1 365 95
 202 00f4 002B     		cmp	r3, #0
ARM GAS  C:\Users\HUAV\AppData\Local\Temp\ccYQlmuE.s 			page 11


 203 00f6 0CD1     		bne	.L10
 367:HW_Lib/STM32H7/HAL_Lib/STM32H7xx_HAL_Driver/Src/stm32h7xx_hal_spi.c ****                                             (hspi->Init.NSSPolarity == SPI_NSS_POLARITY_HIGH))))
 204              		.loc 1 367 56
 205 00f8 7B68     		ldr	r3, [r7, #4]
 206 00fa 9B6B     		ldr	r3, [r3, #56]
 366:HW_Lib/STM32H7/HAL_Lib/STM32H7xx_HAL_Driver/Src/stm32h7xx_hal_spi.c ****                                            ((hspi->Init.Mode == SPI_MODE_SLAVE) && \
 207              		.loc 1 366 81
 208 00fc B3F1805F 		cmp	r3, #268435456
 209 0100 07D1     		bne	.L10
 210              	.L12:
 368:HW_Lib/STM32H7/HAL_Lib/STM32H7xx_HAL_Driver/Src/stm32h7xx_hal_spi.c ****   {
 369:HW_Lib/STM32H7/HAL_Lib/STM32H7xx_HAL_Driver/Src/stm32h7xx_hal_spi.c ****     SET_BIT(hspi->Instance->CR1, SPI_CR1_SSI);
 211              		.loc 1 369 5
 212 0102 7B68     		ldr	r3, [r7, #4]
 213 0104 1B68     		ldr	r3, [r3]
 214 0106 1A68     		ldr	r2, [r3]
 215 0108 7B68     		ldr	r3, [r7, #4]
 216 010a 1B68     		ldr	r3, [r3]
 217 010c 42F48052 		orr	r2, r2, #4096
 218 0110 1A60     		str	r2, [r3]
 219              	.L10:
 370:HW_Lib/STM32H7/HAL_Lib/STM32H7xx_HAL_Driver/Src/stm32h7xx_hal_spi.c ****   }
 371:HW_Lib/STM32H7/HAL_Lib/STM32H7xx_HAL_Driver/Src/stm32h7xx_hal_spi.c **** 
 372:HW_Lib/STM32H7/HAL_Lib/STM32H7xx_HAL_Driver/Src/stm32h7xx_hal_spi.c ****   /* SPIx CFG1 Configuration */
 373:HW_Lib/STM32H7/HAL_Lib/STM32H7xx_HAL_Driver/Src/stm32h7xx_hal_spi.c ****   WRITE_REG(hspi->Instance->CFG1, (hspi->Init.BaudRatePrescaler | hspi->Init.CRCCalculation | crc_l
 220              		.loc 1 373 3
 221 0112 7B68     		ldr	r3, [r7, #4]
 222 0114 DA69     		ldr	r2, [r3, #28]
 223 0116 7B68     		ldr	r3, [r7, #4]
 224 0118 9B6A     		ldr	r3, [r3, #40]
 225 011a 1A43     		orrs	r2, r2, r3
 226 011c BB68     		ldr	r3, [r7, #8]
 227 011e 1A43     		orrs	r2, r2, r3
 228 0120 7B68     		ldr	r3, [r7, #4]
 229 0122 DB6B     		ldr	r3, [r3, #60]
 230 0124 42EA0301 		orr	r1, r2, r3
 231 0128 7B68     		ldr	r3, [r7, #4]
 232 012a DA68     		ldr	r2, [r3, #12]
 233 012c 7B68     		ldr	r3, [r7, #4]
 234 012e 1B68     		ldr	r3, [r3]
 235 0130 0A43     		orrs	r2, r2, r1
 236 0132 9A60     		str	r2, [r3, #8]
 374:HW_Lib/STM32H7/HAL_Lib/STM32H7xx_HAL_Driver/Src/stm32h7xx_hal_spi.c ****                                    hspi->Init.FifoThreshold     | hspi->Init.DataSize));
 375:HW_Lib/STM32H7/HAL_Lib/STM32H7xx_HAL_Driver/Src/stm32h7xx_hal_spi.c **** 
 376:HW_Lib/STM32H7/HAL_Lib/STM32H7xx_HAL_Driver/Src/stm32h7xx_hal_spi.c ****   /* SPIx CFG2 Configuration */
 377:HW_Lib/STM32H7/HAL_Lib/STM32H7xx_HAL_Driver/Src/stm32h7xx_hal_spi.c ****   WRITE_REG(hspi->Instance->CFG2, (hspi->Init.NSSPMode                | hspi->Init.TIMode    |
 237              		.loc 1 377 3
 238 0134 7B68     		ldr	r3, [r7, #4]
 239 0136 5A6B     		ldr	r2, [r3, #52]
 240 0138 7B68     		ldr	r3, [r7, #4]
 241 013a 5B6A     		ldr	r3, [r3, #36]
 242 013c 1A43     		orrs	r2, r2, r3
 243 013e 7B68     		ldr	r3, [r7, #4]
 244 0140 9B6B     		ldr	r3, [r3, #56]
 245 0142 1A43     		orrs	r2, r2, r3
 246 0144 7B68     		ldr	r3, [r7, #4]
 247 0146 9B69     		ldr	r3, [r3, #24]
ARM GAS  C:\Users\HUAV\AppData\Local\Temp\ccYQlmuE.s 			page 12


 248 0148 1A43     		orrs	r2, r2, r3
 249 014a 7B68     		ldr	r3, [r7, #4]
 250 014c 1B69     		ldr	r3, [r3, #16]
 251 014e 1A43     		orrs	r2, r2, r3
 252 0150 7B68     		ldr	r3, [r7, #4]
 253 0152 5B69     		ldr	r3, [r3, #20]
 254 0154 1A43     		orrs	r2, r2, r3
 255 0156 7B68     		ldr	r3, [r7, #4]
 256 0158 1B6A     		ldr	r3, [r3, #32]
 257 015a 1A43     		orrs	r2, r2, r3
 258 015c 7B68     		ldr	r3, [r7, #4]
 259 015e 5B68     		ldr	r3, [r3, #4]
 260 0160 1A43     		orrs	r2, r2, r3
 261 0162 7B68     		ldr	r3, [r7, #4]
 262 0164 DB6C     		ldr	r3, [r3, #76]
 263 0166 1A43     		orrs	r2, r2, r3
 264 0168 7B68     		ldr	r3, [r7, #4]
 265 016a 9B68     		ldr	r3, [r3, #8]
 266 016c 1A43     		orrs	r2, r2, r3
 267 016e 7B68     		ldr	r3, [r7, #4]
 268 0170 9B6C     		ldr	r3, [r3, #72]
 269 0172 42EA0301 		orr	r1, r2, r3
 270 0176 7B68     		ldr	r3, [r7, #4]
 271 0178 9A6D     		ldr	r2, [r3, #88]
 272 017a 7B68     		ldr	r3, [r7, #4]
 273 017c 1B68     		ldr	r3, [r3]
 274 017e 0A43     		orrs	r2, r2, r1
 275 0180 DA60     		str	r2, [r3, #12]
 378:HW_Lib/STM32H7/HAL_Lib/STM32H7xx_HAL_Driver/Src/stm32h7xx_hal_spi.c ****                                    hspi->Init.NSSPolarity             | hspi->Init.NSS       |
 379:HW_Lib/STM32H7/HAL_Lib/STM32H7xx_HAL_Driver/Src/stm32h7xx_hal_spi.c ****                                    hspi->Init.CLKPolarity             | hspi->Init.CLKPhase  |
 380:HW_Lib/STM32H7/HAL_Lib/STM32H7xx_HAL_Driver/Src/stm32h7xx_hal_spi.c ****                                    hspi->Init.FirstBit                | hspi->Init.Mode      |
 381:HW_Lib/STM32H7/HAL_Lib/STM32H7xx_HAL_Driver/Src/stm32h7xx_hal_spi.c ****                                    hspi->Init.MasterInterDataIdleness | hspi->Init.Direction |
 382:HW_Lib/STM32H7/HAL_Lib/STM32H7xx_HAL_Driver/Src/stm32h7xx_hal_spi.c ****                                    hspi->Init.MasterSSIdleness        | hspi->Init.IOSwap));
 383:HW_Lib/STM32H7/HAL_Lib/STM32H7xx_HAL_Driver/Src/stm32h7xx_hal_spi.c **** 
 384:HW_Lib/STM32H7/HAL_Lib/STM32H7xx_HAL_Driver/Src/stm32h7xx_hal_spi.c **** #if (USE_SPI_CRC != 0UL)
 385:HW_Lib/STM32H7/HAL_Lib/STM32H7xx_HAL_Driver/Src/stm32h7xx_hal_spi.c ****   /*---------------------------- SPIx CRCPOLY Configuration ------------------*/
 386:HW_Lib/STM32H7/HAL_Lib/STM32H7xx_HAL_Driver/Src/stm32h7xx_hal_spi.c ****   /* Configure : CRC Polynomial */
 387:HW_Lib/STM32H7/HAL_Lib/STM32H7xx_HAL_Driver/Src/stm32h7xx_hal_spi.c ****   if (hspi->Init.CRCCalculation == SPI_CRCCALCULATION_ENABLE)
 388:HW_Lib/STM32H7/HAL_Lib/STM32H7xx_HAL_Driver/Src/stm32h7xx_hal_spi.c ****   {
 389:HW_Lib/STM32H7/HAL_Lib/STM32H7xx_HAL_Driver/Src/stm32h7xx_hal_spi.c ****     /* Initialize TXCRC Pattern Initial Value */
 390:HW_Lib/STM32H7/HAL_Lib/STM32H7xx_HAL_Driver/Src/stm32h7xx_hal_spi.c ****     if (hspi->Init.TxCRCInitializationPattern == SPI_CRC_INITIALIZATION_ALL_ONE_PATTERN)
 391:HW_Lib/STM32H7/HAL_Lib/STM32H7xx_HAL_Driver/Src/stm32h7xx_hal_spi.c ****     {
 392:HW_Lib/STM32H7/HAL_Lib/STM32H7xx_HAL_Driver/Src/stm32h7xx_hal_spi.c ****       SET_BIT(hspi->Instance->CR1, SPI_CR1_TCRCINI);
 393:HW_Lib/STM32H7/HAL_Lib/STM32H7xx_HAL_Driver/Src/stm32h7xx_hal_spi.c ****     }
 394:HW_Lib/STM32H7/HAL_Lib/STM32H7xx_HAL_Driver/Src/stm32h7xx_hal_spi.c ****     else
 395:HW_Lib/STM32H7/HAL_Lib/STM32H7xx_HAL_Driver/Src/stm32h7xx_hal_spi.c ****     {
 396:HW_Lib/STM32H7/HAL_Lib/STM32H7xx_HAL_Driver/Src/stm32h7xx_hal_spi.c ****       CLEAR_BIT(hspi->Instance->CR1, SPI_CR1_TCRCINI);
 397:HW_Lib/STM32H7/HAL_Lib/STM32H7xx_HAL_Driver/Src/stm32h7xx_hal_spi.c ****     }
 398:HW_Lib/STM32H7/HAL_Lib/STM32H7xx_HAL_Driver/Src/stm32h7xx_hal_spi.c **** 
 399:HW_Lib/STM32H7/HAL_Lib/STM32H7xx_HAL_Driver/Src/stm32h7xx_hal_spi.c ****     /* Initialize RXCRC Pattern Initial Value */
 400:HW_Lib/STM32H7/HAL_Lib/STM32H7xx_HAL_Driver/Src/stm32h7xx_hal_spi.c ****     if (hspi->Init.RxCRCInitializationPattern == SPI_CRC_INITIALIZATION_ALL_ONE_PATTERN)
 401:HW_Lib/STM32H7/HAL_Lib/STM32H7xx_HAL_Driver/Src/stm32h7xx_hal_spi.c ****     {
 402:HW_Lib/STM32H7/HAL_Lib/STM32H7xx_HAL_Driver/Src/stm32h7xx_hal_spi.c ****       SET_BIT(hspi->Instance->CR1, SPI_CR1_RCRCINI);
 403:HW_Lib/STM32H7/HAL_Lib/STM32H7xx_HAL_Driver/Src/stm32h7xx_hal_spi.c ****     }
 404:HW_Lib/STM32H7/HAL_Lib/STM32H7xx_HAL_Driver/Src/stm32h7xx_hal_spi.c ****     else
 405:HW_Lib/STM32H7/HAL_Lib/STM32H7xx_HAL_Driver/Src/stm32h7xx_hal_spi.c ****     {
 406:HW_Lib/STM32H7/HAL_Lib/STM32H7xx_HAL_Driver/Src/stm32h7xx_hal_spi.c ****       CLEAR_BIT(hspi->Instance->CR1, SPI_CR1_RCRCINI);
ARM GAS  C:\Users\HUAV\AppData\Local\Temp\ccYQlmuE.s 			page 13


 407:HW_Lib/STM32H7/HAL_Lib/STM32H7xx_HAL_Driver/Src/stm32h7xx_hal_spi.c ****     }
 408:HW_Lib/STM32H7/HAL_Lib/STM32H7xx_HAL_Driver/Src/stm32h7xx_hal_spi.c **** 
 409:HW_Lib/STM32H7/HAL_Lib/STM32H7xx_HAL_Driver/Src/stm32h7xx_hal_spi.c ****     /* Enable 33/17 bits CRC computation */
 410:HW_Lib/STM32H7/HAL_Lib/STM32H7xx_HAL_Driver/Src/stm32h7xx_hal_spi.c ****     if (((!IS_SPI_HIGHEND_INSTANCE(hspi->Instance)) && (crc_length == SPI_CRC_LENGTH_16BIT)) ||
 411:HW_Lib/STM32H7/HAL_Lib/STM32H7xx_HAL_Driver/Src/stm32h7xx_hal_spi.c ****         ((IS_SPI_HIGHEND_INSTANCE(hspi->Instance))  && (crc_length == SPI_CRC_LENGTH_32BIT)))
 412:HW_Lib/STM32H7/HAL_Lib/STM32H7xx_HAL_Driver/Src/stm32h7xx_hal_spi.c ****     {
 413:HW_Lib/STM32H7/HAL_Lib/STM32H7xx_HAL_Driver/Src/stm32h7xx_hal_spi.c ****       SET_BIT(hspi->Instance->CR1, SPI_CR1_CRC33_17);
 414:HW_Lib/STM32H7/HAL_Lib/STM32H7xx_HAL_Driver/Src/stm32h7xx_hal_spi.c ****     }
 415:HW_Lib/STM32H7/HAL_Lib/STM32H7xx_HAL_Driver/Src/stm32h7xx_hal_spi.c ****     else
 416:HW_Lib/STM32H7/HAL_Lib/STM32H7xx_HAL_Driver/Src/stm32h7xx_hal_spi.c ****     {
 417:HW_Lib/STM32H7/HAL_Lib/STM32H7xx_HAL_Driver/Src/stm32h7xx_hal_spi.c ****       CLEAR_BIT(hspi->Instance->CR1, SPI_CR1_CRC33_17);
 418:HW_Lib/STM32H7/HAL_Lib/STM32H7xx_HAL_Driver/Src/stm32h7xx_hal_spi.c ****     }
 419:HW_Lib/STM32H7/HAL_Lib/STM32H7xx_HAL_Driver/Src/stm32h7xx_hal_spi.c **** 
 420:HW_Lib/STM32H7/HAL_Lib/STM32H7xx_HAL_Driver/Src/stm32h7xx_hal_spi.c ****     /* Write CRC polynomial in SPI Register */
 421:HW_Lib/STM32H7/HAL_Lib/STM32H7xx_HAL_Driver/Src/stm32h7xx_hal_spi.c ****     WRITE_REG(hspi->Instance->CRCPOLY, hspi->Init.CRCPolynomial);
 422:HW_Lib/STM32H7/HAL_Lib/STM32H7xx_HAL_Driver/Src/stm32h7xx_hal_spi.c ****   }
 423:HW_Lib/STM32H7/HAL_Lib/STM32H7xx_HAL_Driver/Src/stm32h7xx_hal_spi.c **** #endif /* USE_SPI_CRC */
 424:HW_Lib/STM32H7/HAL_Lib/STM32H7xx_HAL_Driver/Src/stm32h7xx_hal_spi.c **** 
 425:HW_Lib/STM32H7/HAL_Lib/STM32H7xx_HAL_Driver/Src/stm32h7xx_hal_spi.c ****   /* Insure that Underrun configuration is managed only by Salve */
 426:HW_Lib/STM32H7/HAL_Lib/STM32H7xx_HAL_Driver/Src/stm32h7xx_hal_spi.c ****   if (hspi->Init.Mode == SPI_MODE_SLAVE)
 276              		.loc 1 426 17
 277 0182 7B68     		ldr	r3, [r7, #4]
 278 0184 5B68     		ldr	r3, [r3, #4]
 279              		.loc 1 426 6
 280 0186 002B     		cmp	r3, #0
 281 0188 13D1     		bne	.L13
 427:HW_Lib/STM32H7/HAL_Lib/STM32H7xx_HAL_Driver/Src/stm32h7xx_hal_spi.c ****   {
 428:HW_Lib/STM32H7/HAL_Lib/STM32H7xx_HAL_Driver/Src/stm32h7xx_hal_spi.c ****     /* Set Default Underrun configuration */
 429:HW_Lib/STM32H7/HAL_Lib/STM32H7xx_HAL_Driver/Src/stm32h7xx_hal_spi.c **** #if (USE_SPI_CRC != 0UL)
 430:HW_Lib/STM32H7/HAL_Lib/STM32H7xx_HAL_Driver/Src/stm32h7xx_hal_spi.c ****     if (hspi->Init.CRCCalculation == SPI_CRCCALCULATION_DISABLE)
 431:HW_Lib/STM32H7/HAL_Lib/STM32H7xx_HAL_Driver/Src/stm32h7xx_hal_spi.c **** #endif /* USE_SPI_CRC */
 432:HW_Lib/STM32H7/HAL_Lib/STM32H7xx_HAL_Driver/Src/stm32h7xx_hal_spi.c ****     {
 433:HW_Lib/STM32H7/HAL_Lib/STM32H7xx_HAL_Driver/Src/stm32h7xx_hal_spi.c ****       MODIFY_REG(hspi->Instance->CFG1, SPI_CFG1_UDRDET, SPI_CFG1_UDRDET_0);
 282              		.loc 1 433 7
 283 018a 7B68     		ldr	r3, [r7, #4]
 284 018c 1B68     		ldr	r3, [r3]
 285 018e 9B68     		ldr	r3, [r3, #8]
 286 0190 23F4C052 		bic	r2, r3, #6144
 287 0194 7B68     		ldr	r3, [r7, #4]
 288 0196 1B68     		ldr	r3, [r3]
 289 0198 42F40062 		orr	r2, r2, #2048
 290 019c 9A60     		str	r2, [r3, #8]
 434:HW_Lib/STM32H7/HAL_Lib/STM32H7xx_HAL_Driver/Src/stm32h7xx_hal_spi.c ****     }
 435:HW_Lib/STM32H7/HAL_Lib/STM32H7xx_HAL_Driver/Src/stm32h7xx_hal_spi.c ****     MODIFY_REG(hspi->Instance->CFG1, SPI_CFG1_UDRCFG, SPI_CFG1_UDRCFG_1);
 291              		.loc 1 435 5
 292 019e 7B68     		ldr	r3, [r7, #4]
 293 01a0 1B68     		ldr	r3, [r3]
 294 01a2 9B68     		ldr	r3, [r3, #8]
 295 01a4 23F4C062 		bic	r2, r3, #1536
 296 01a8 7B68     		ldr	r3, [r7, #4]
 297 01aa 1B68     		ldr	r3, [r3]
 298 01ac 42F48062 		orr	r2, r2, #1024
 299 01b0 9A60     		str	r2, [r3, #8]
 300              	.L13:
 436:HW_Lib/STM32H7/HAL_Lib/STM32H7xx_HAL_Driver/Src/stm32h7xx_hal_spi.c ****   }
 437:HW_Lib/STM32H7/HAL_Lib/STM32H7xx_HAL_Driver/Src/stm32h7xx_hal_spi.c **** 
 438:HW_Lib/STM32H7/HAL_Lib/STM32H7xx_HAL_Driver/Src/stm32h7xx_hal_spi.c **** #if defined(SPI_I2SCFGR_I2SMOD)
ARM GAS  C:\Users\HUAV\AppData\Local\Temp\ccYQlmuE.s 			page 14


 439:HW_Lib/STM32H7/HAL_Lib/STM32H7xx_HAL_Driver/Src/stm32h7xx_hal_spi.c ****   /* Activate the SPI mode (Make sure that I2SMOD bit in I2SCFGR register is reset) */
 440:HW_Lib/STM32H7/HAL_Lib/STM32H7xx_HAL_Driver/Src/stm32h7xx_hal_spi.c ****   CLEAR_BIT(hspi->Instance->I2SCFGR, SPI_I2SCFGR_I2SMOD);
 301              		.loc 1 440 3
 302 01b2 7B68     		ldr	r3, [r7, #4]
 303 01b4 1B68     		ldr	r3, [r3]
 304 01b6 1A6D     		ldr	r2, [r3, #80]
 305 01b8 7B68     		ldr	r3, [r7, #4]
 306 01ba 1B68     		ldr	r3, [r3]
 307 01bc 22F00102 		bic	r2, r2, #1
 308 01c0 1A65     		str	r2, [r3, #80]
 441:HW_Lib/STM32H7/HAL_Lib/STM32H7xx_HAL_Driver/Src/stm32h7xx_hal_spi.c **** #endif /* SPI_I2SCFGR_I2SMOD */
 442:HW_Lib/STM32H7/HAL_Lib/STM32H7xx_HAL_Driver/Src/stm32h7xx_hal_spi.c **** 
 443:HW_Lib/STM32H7/HAL_Lib/STM32H7xx_HAL_Driver/Src/stm32h7xx_hal_spi.c ****   /* Insure that AFCNTR is managed only by Master */
 444:HW_Lib/STM32H7/HAL_Lib/STM32H7xx_HAL_Driver/Src/stm32h7xx_hal_spi.c ****   if ((hspi->Init.Mode & SPI_MODE_MASTER) == SPI_MODE_MASTER)
 309              		.loc 1 444 18
 310 01c2 7B68     		ldr	r3, [r7, #4]
 311 01c4 5B68     		ldr	r3, [r3, #4]
 312              		.loc 1 444 24
 313 01c6 03F48003 		and	r3, r3, #4194304
 314              		.loc 1 444 6
 315 01ca 002B     		cmp	r3, #0
 316 01cc 0AD0     		beq	.L14
 445:HW_Lib/STM32H7/HAL_Lib/STM32H7xx_HAL_Driver/Src/stm32h7xx_hal_spi.c ****   {
 446:HW_Lib/STM32H7/HAL_Lib/STM32H7xx_HAL_Driver/Src/stm32h7xx_hal_spi.c ****     /* Alternate function GPIOs control */
 447:HW_Lib/STM32H7/HAL_Lib/STM32H7xx_HAL_Driver/Src/stm32h7xx_hal_spi.c ****     MODIFY_REG(hspi->Instance->CFG2, SPI_CFG2_AFCNTR, (hspi->Init.MasterKeepIOState));
 317              		.loc 1 447 5
 318 01ce 7B68     		ldr	r3, [r7, #4]
 319 01d0 1B68     		ldr	r3, [r3]
 320 01d2 DB68     		ldr	r3, [r3, #12]
 321 01d4 23F00041 		bic	r1, r3, #-2147483648
 322 01d8 7B68     		ldr	r3, [r7, #4]
 323 01da 5A6D     		ldr	r2, [r3, #84]
 324 01dc 7B68     		ldr	r3, [r7, #4]
 325 01de 1B68     		ldr	r3, [r3]
 326 01e0 0A43     		orrs	r2, r2, r1
 327 01e2 DA60     		str	r2, [r3, #12]
 328              	.L14:
 448:HW_Lib/STM32H7/HAL_Lib/STM32H7xx_HAL_Driver/Src/stm32h7xx_hal_spi.c ****   }
 449:HW_Lib/STM32H7/HAL_Lib/STM32H7xx_HAL_Driver/Src/stm32h7xx_hal_spi.c **** 
 450:HW_Lib/STM32H7/HAL_Lib/STM32H7xx_HAL_Driver/Src/stm32h7xx_hal_spi.c ****   hspi->ErrorCode = HAL_SPI_ERROR_NONE;
 329              		.loc 1 450 19
 330 01e4 7B68     		ldr	r3, [r7, #4]
 331 01e6 0022     		movs	r2, #0
 332 01e8 C3F88420 		str	r2, [r3, #132]
 451:HW_Lib/STM32H7/HAL_Lib/STM32H7xx_HAL_Driver/Src/stm32h7xx_hal_spi.c ****   hspi->State     = HAL_SPI_STATE_READY;
 333              		.loc 1 451 19
 334 01ec 7B68     		ldr	r3, [r7, #4]
 335 01ee 0122     		movs	r2, #1
 336 01f0 83F88120 		strb	r2, [r3, #129]
 452:HW_Lib/STM32H7/HAL_Lib/STM32H7xx_HAL_Driver/Src/stm32h7xx_hal_spi.c **** 
 453:HW_Lib/STM32H7/HAL_Lib/STM32H7xx_HAL_Driver/Src/stm32h7xx_hal_spi.c ****   return HAL_OK;
 337              		.loc 1 453 10
 338 01f4 0023     		movs	r3, #0
 339              	.L3:
 454:HW_Lib/STM32H7/HAL_Lib/STM32H7xx_HAL_Driver/Src/stm32h7xx_hal_spi.c **** }
 340              		.loc 1 454 1
 341 01f6 1846     		mov	r0, r3
ARM GAS  C:\Users\HUAV\AppData\Local\Temp\ccYQlmuE.s 			page 15


 342 01f8 1037     		adds	r7, r7, #16
 343              	.LCFI3:
 344              		.cfi_def_cfa_offset 8
 345 01fa BD46     		mov	sp, r7
 346              	.LCFI4:
 347              		.cfi_def_cfa_register 13
 348              		@ sp needed
 349 01fc 80BD     		pop	{r7, pc}
 350              	.L16:
 351 01fe 00BF     		.align	2
 352              	.L15:
 353 0200 00300140 		.word	1073819648
 354 0204 00380040 		.word	1073756160
 355 0208 003C0040 		.word	1073757184
 356              		.cfi_endproc
 357              	.LFE333:
 359              		.section	.text.HAL_SPI_DeInit,"ax",%progbits
 360              		.align	1
 361              		.global	HAL_SPI_DeInit
 362              		.syntax unified
 363              		.thumb
 364              		.thumb_func
 366              	HAL_SPI_DeInit:
 367              	.LFB334:
 455:HW_Lib/STM32H7/HAL_Lib/STM32H7xx_HAL_Driver/Src/stm32h7xx_hal_spi.c **** 
 456:HW_Lib/STM32H7/HAL_Lib/STM32H7xx_HAL_Driver/Src/stm32h7xx_hal_spi.c **** /**
 457:HW_Lib/STM32H7/HAL_Lib/STM32H7xx_HAL_Driver/Src/stm32h7xx_hal_spi.c ****   * @brief  De-Initialize the SPI peripheral.
 458:HW_Lib/STM32H7/HAL_Lib/STM32H7xx_HAL_Driver/Src/stm32h7xx_hal_spi.c ****   * @param  hspi: pointer to a SPI_HandleTypeDef structure that contains
 459:HW_Lib/STM32H7/HAL_Lib/STM32H7xx_HAL_Driver/Src/stm32h7xx_hal_spi.c ****   *               the configuration information for SPI module.
 460:HW_Lib/STM32H7/HAL_Lib/STM32H7xx_HAL_Driver/Src/stm32h7xx_hal_spi.c ****   * @retval HAL status
 461:HW_Lib/STM32H7/HAL_Lib/STM32H7xx_HAL_Driver/Src/stm32h7xx_hal_spi.c ****   */
 462:HW_Lib/STM32H7/HAL_Lib/STM32H7xx_HAL_Driver/Src/stm32h7xx_hal_spi.c **** HAL_StatusTypeDef HAL_SPI_DeInit(SPI_HandleTypeDef *hspi)
 463:HW_Lib/STM32H7/HAL_Lib/STM32H7xx_HAL_Driver/Src/stm32h7xx_hal_spi.c **** {
 368              		.loc 1 463 1
 369              		.cfi_startproc
 370              		@ args = 0, pretend = 0, frame = 8
 371              		@ frame_needed = 1, uses_anonymous_args = 0
 372 0000 80B5     		push	{r7, lr}
 373              	.LCFI5:
 374              		.cfi_def_cfa_offset 8
 375              		.cfi_offset 7, -8
 376              		.cfi_offset 14, -4
 377 0002 82B0     		sub	sp, sp, #8
 378              	.LCFI6:
 379              		.cfi_def_cfa_offset 16
 380 0004 00AF     		add	r7, sp, #0
 381              	.LCFI7:
 382              		.cfi_def_cfa_register 7
 383 0006 7860     		str	r0, [r7, #4]
 464:HW_Lib/STM32H7/HAL_Lib/STM32H7xx_HAL_Driver/Src/stm32h7xx_hal_spi.c ****   /* Check the SPI handle allocation */
 465:HW_Lib/STM32H7/HAL_Lib/STM32H7xx_HAL_Driver/Src/stm32h7xx_hal_spi.c ****   if (hspi == NULL)
 384              		.loc 1 465 6
 385 0008 7B68     		ldr	r3, [r7, #4]
 386 000a 002B     		cmp	r3, #0
 387 000c 01D1     		bne	.L18
 466:HW_Lib/STM32H7/HAL_Lib/STM32H7xx_HAL_Driver/Src/stm32h7xx_hal_spi.c ****   {
 467:HW_Lib/STM32H7/HAL_Lib/STM32H7xx_HAL_Driver/Src/stm32h7xx_hal_spi.c ****     return HAL_ERROR;
ARM GAS  C:\Users\HUAV\AppData\Local\Temp\ccYQlmuE.s 			page 16


 388              		.loc 1 467 12
 389 000e 0123     		movs	r3, #1
 390 0010 1BE0     		b	.L19
 391              	.L18:
 468:HW_Lib/STM32H7/HAL_Lib/STM32H7xx_HAL_Driver/Src/stm32h7xx_hal_spi.c ****   }
 469:HW_Lib/STM32H7/HAL_Lib/STM32H7xx_HAL_Driver/Src/stm32h7xx_hal_spi.c **** 
 470:HW_Lib/STM32H7/HAL_Lib/STM32H7xx_HAL_Driver/Src/stm32h7xx_hal_spi.c ****   /* Check SPI Instance parameter */
 471:HW_Lib/STM32H7/HAL_Lib/STM32H7xx_HAL_Driver/Src/stm32h7xx_hal_spi.c ****   assert_param(IS_SPI_ALL_INSTANCE(hspi->Instance));
 472:HW_Lib/STM32H7/HAL_Lib/STM32H7xx_HAL_Driver/Src/stm32h7xx_hal_spi.c **** 
 473:HW_Lib/STM32H7/HAL_Lib/STM32H7xx_HAL_Driver/Src/stm32h7xx_hal_spi.c ****   hspi->State = HAL_SPI_STATE_BUSY;
 392              		.loc 1 473 15
 393 0012 7B68     		ldr	r3, [r7, #4]
 394 0014 0222     		movs	r2, #2
 395 0016 83F88120 		strb	r2, [r3, #129]
 474:HW_Lib/STM32H7/HAL_Lib/STM32H7xx_HAL_Driver/Src/stm32h7xx_hal_spi.c **** 
 475:HW_Lib/STM32H7/HAL_Lib/STM32H7xx_HAL_Driver/Src/stm32h7xx_hal_spi.c ****   /* Disable the SPI Peripheral Clock */
 476:HW_Lib/STM32H7/HAL_Lib/STM32H7xx_HAL_Driver/Src/stm32h7xx_hal_spi.c ****   __HAL_SPI_DISABLE(hspi);
 396              		.loc 1 476 3
 397 001a 7B68     		ldr	r3, [r7, #4]
 398 001c 1B68     		ldr	r3, [r3]
 399 001e 1A68     		ldr	r2, [r3]
 400 0020 7B68     		ldr	r3, [r7, #4]
 401 0022 1B68     		ldr	r3, [r3]
 402 0024 22F00102 		bic	r2, r2, #1
 403 0028 1A60     		str	r2, [r3]
 477:HW_Lib/STM32H7/HAL_Lib/STM32H7xx_HAL_Driver/Src/stm32h7xx_hal_spi.c **** 
 478:HW_Lib/STM32H7/HAL_Lib/STM32H7xx_HAL_Driver/Src/stm32h7xx_hal_spi.c **** #if (USE_HAL_SPI_REGISTER_CALLBACKS == 1UL)
 479:HW_Lib/STM32H7/HAL_Lib/STM32H7xx_HAL_Driver/Src/stm32h7xx_hal_spi.c ****   if (hspi->MspDeInitCallback == NULL)
 480:HW_Lib/STM32H7/HAL_Lib/STM32H7xx_HAL_Driver/Src/stm32h7xx_hal_spi.c ****   {
 481:HW_Lib/STM32H7/HAL_Lib/STM32H7xx_HAL_Driver/Src/stm32h7xx_hal_spi.c ****     hspi->MspDeInitCallback = HAL_SPI_MspDeInit; /* Legacy weak MspDeInit  */
 482:HW_Lib/STM32H7/HAL_Lib/STM32H7xx_HAL_Driver/Src/stm32h7xx_hal_spi.c ****   }
 483:HW_Lib/STM32H7/HAL_Lib/STM32H7xx_HAL_Driver/Src/stm32h7xx_hal_spi.c **** 
 484:HW_Lib/STM32H7/HAL_Lib/STM32H7xx_HAL_Driver/Src/stm32h7xx_hal_spi.c ****   /* DeInit the low level hardware: GPIO, CLOCK, NVIC... */
 485:HW_Lib/STM32H7/HAL_Lib/STM32H7xx_HAL_Driver/Src/stm32h7xx_hal_spi.c ****   hspi->MspDeInitCallback(hspi);
 486:HW_Lib/STM32H7/HAL_Lib/STM32H7xx_HAL_Driver/Src/stm32h7xx_hal_spi.c **** #else
 487:HW_Lib/STM32H7/HAL_Lib/STM32H7xx_HAL_Driver/Src/stm32h7xx_hal_spi.c ****   /* DeInit the low level hardware: GPIO, CLOCK, NVIC... */
 488:HW_Lib/STM32H7/HAL_Lib/STM32H7xx_HAL_Driver/Src/stm32h7xx_hal_spi.c ****   HAL_SPI_MspDeInit(hspi);
 404              		.loc 1 488 3
 405 002a 7868     		ldr	r0, [r7, #4]
 406 002c FFF7FEFF 		bl	HAL_SPI_MspDeInit
 489:HW_Lib/STM32H7/HAL_Lib/STM32H7xx_HAL_Driver/Src/stm32h7xx_hal_spi.c **** #endif /* USE_HAL_SPI_REGISTER_CALLBACKS */
 490:HW_Lib/STM32H7/HAL_Lib/STM32H7xx_HAL_Driver/Src/stm32h7xx_hal_spi.c **** 
 491:HW_Lib/STM32H7/HAL_Lib/STM32H7xx_HAL_Driver/Src/stm32h7xx_hal_spi.c ****   hspi->ErrorCode = HAL_SPI_ERROR_NONE;
 407              		.loc 1 491 19
 408 0030 7B68     		ldr	r3, [r7, #4]
 409 0032 0022     		movs	r2, #0
 410 0034 C3F88420 		str	r2, [r3, #132]
 492:HW_Lib/STM32H7/HAL_Lib/STM32H7xx_HAL_Driver/Src/stm32h7xx_hal_spi.c ****   hspi->State = HAL_SPI_STATE_RESET;
 411              		.loc 1 492 15
 412 0038 7B68     		ldr	r3, [r7, #4]
 413 003a 0022     		movs	r2, #0
 414 003c 83F88120 		strb	r2, [r3, #129]
 493:HW_Lib/STM32H7/HAL_Lib/STM32H7xx_HAL_Driver/Src/stm32h7xx_hal_spi.c **** 
 494:HW_Lib/STM32H7/HAL_Lib/STM32H7xx_HAL_Driver/Src/stm32h7xx_hal_spi.c ****   /* Release Lock */
 495:HW_Lib/STM32H7/HAL_Lib/STM32H7xx_HAL_Driver/Src/stm32h7xx_hal_spi.c ****   __HAL_UNLOCK(hspi);
 415              		.loc 1 495 3
 416 0040 7B68     		ldr	r3, [r7, #4]
ARM GAS  C:\Users\HUAV\AppData\Local\Temp\ccYQlmuE.s 			page 17


 417 0042 0022     		movs	r2, #0
 418 0044 83F88020 		strb	r2, [r3, #128]
 496:HW_Lib/STM32H7/HAL_Lib/STM32H7xx_HAL_Driver/Src/stm32h7xx_hal_spi.c **** 
 497:HW_Lib/STM32H7/HAL_Lib/STM32H7xx_HAL_Driver/Src/stm32h7xx_hal_spi.c ****   return HAL_OK;
 419              		.loc 1 497 10
 420 0048 0023     		movs	r3, #0
 421              	.L19:
 498:HW_Lib/STM32H7/HAL_Lib/STM32H7xx_HAL_Driver/Src/stm32h7xx_hal_spi.c **** }
 422              		.loc 1 498 1
 423 004a 1846     		mov	r0, r3
 424 004c 0837     		adds	r7, r7, #8
 425              	.LCFI8:
 426              		.cfi_def_cfa_offset 8
 427 004e BD46     		mov	sp, r7
 428              	.LCFI9:
 429              		.cfi_def_cfa_register 13
 430              		@ sp needed
 431 0050 80BD     		pop	{r7, pc}
 432              		.cfi_endproc
 433              	.LFE334:
 435              		.section	.text.HAL_SPI_MspInit,"ax",%progbits
 436              		.align	1
 437              		.weak	HAL_SPI_MspInit
 438              		.syntax unified
 439              		.thumb
 440              		.thumb_func
 442              	HAL_SPI_MspInit:
 443              	.LFB335:
 499:HW_Lib/STM32H7/HAL_Lib/STM32H7xx_HAL_Driver/Src/stm32h7xx_hal_spi.c **** 
 500:HW_Lib/STM32H7/HAL_Lib/STM32H7xx_HAL_Driver/Src/stm32h7xx_hal_spi.c **** /**
 501:HW_Lib/STM32H7/HAL_Lib/STM32H7xx_HAL_Driver/Src/stm32h7xx_hal_spi.c ****   * @brief  Initialize the SPI MSP.
 502:HW_Lib/STM32H7/HAL_Lib/STM32H7xx_HAL_Driver/Src/stm32h7xx_hal_spi.c ****   * @param  hspi: pointer to a SPI_HandleTypeDef structure that contains
 503:HW_Lib/STM32H7/HAL_Lib/STM32H7xx_HAL_Driver/Src/stm32h7xx_hal_spi.c ****   *               the configuration information for SPI module.
 504:HW_Lib/STM32H7/HAL_Lib/STM32H7xx_HAL_Driver/Src/stm32h7xx_hal_spi.c ****   * @retval None
 505:HW_Lib/STM32H7/HAL_Lib/STM32H7xx_HAL_Driver/Src/stm32h7xx_hal_spi.c ****   */
 506:HW_Lib/STM32H7/HAL_Lib/STM32H7xx_HAL_Driver/Src/stm32h7xx_hal_spi.c **** __weak void HAL_SPI_MspInit(SPI_HandleTypeDef *hspi)
 507:HW_Lib/STM32H7/HAL_Lib/STM32H7xx_HAL_Driver/Src/stm32h7xx_hal_spi.c **** {
 444              		.loc 1 507 1
 445              		.cfi_startproc
 446              		@ args = 0, pretend = 0, frame = 8
 447              		@ frame_needed = 1, uses_anonymous_args = 0
 448              		@ link register save eliminated.
 449 0000 80B4     		push	{r7}
 450              	.LCFI10:
 451              		.cfi_def_cfa_offset 4
 452              		.cfi_offset 7, -4
 453 0002 83B0     		sub	sp, sp, #12
 454              	.LCFI11:
 455              		.cfi_def_cfa_offset 16
 456 0004 00AF     		add	r7, sp, #0
 457              	.LCFI12:
 458              		.cfi_def_cfa_register 7
 459 0006 7860     		str	r0, [r7, #4]
 508:HW_Lib/STM32H7/HAL_Lib/STM32H7xx_HAL_Driver/Src/stm32h7xx_hal_spi.c ****   /* Prevent unused argument(s) compilation warning */
 509:HW_Lib/STM32H7/HAL_Lib/STM32H7xx_HAL_Driver/Src/stm32h7xx_hal_spi.c ****   UNUSED(hspi);
 510:HW_Lib/STM32H7/HAL_Lib/STM32H7xx_HAL_Driver/Src/stm32h7xx_hal_spi.c **** 
 511:HW_Lib/STM32H7/HAL_Lib/STM32H7xx_HAL_Driver/Src/stm32h7xx_hal_spi.c ****   /* NOTE : This function should not be modified, when the callback is needed,
ARM GAS  C:\Users\HUAV\AppData\Local\Temp\ccYQlmuE.s 			page 18


 512:HW_Lib/STM32H7/HAL_Lib/STM32H7xx_HAL_Driver/Src/stm32h7xx_hal_spi.c ****             the HAL_SPI_MspInit should be implemented in the user file
 513:HW_Lib/STM32H7/HAL_Lib/STM32H7xx_HAL_Driver/Src/stm32h7xx_hal_spi.c ****    */
 514:HW_Lib/STM32H7/HAL_Lib/STM32H7xx_HAL_Driver/Src/stm32h7xx_hal_spi.c **** }
 460              		.loc 1 514 1
 461 0008 00BF     		nop
 462 000a 0C37     		adds	r7, r7, #12
 463              	.LCFI13:
 464              		.cfi_def_cfa_offset 4
 465 000c BD46     		mov	sp, r7
 466              	.LCFI14:
 467              		.cfi_def_cfa_register 13
 468              		@ sp needed
 469 000e 5DF8047B 		ldr	r7, [sp], #4
 470              	.LCFI15:
 471              		.cfi_restore 7
 472              		.cfi_def_cfa_offset 0
 473 0012 7047     		bx	lr
 474              		.cfi_endproc
 475              	.LFE335:
 477              		.section	.text.HAL_SPI_MspDeInit,"ax",%progbits
 478              		.align	1
 479              		.weak	HAL_SPI_MspDeInit
 480              		.syntax unified
 481              		.thumb
 482              		.thumb_func
 484              	HAL_SPI_MspDeInit:
 485              	.LFB336:
 515:HW_Lib/STM32H7/HAL_Lib/STM32H7xx_HAL_Driver/Src/stm32h7xx_hal_spi.c **** 
 516:HW_Lib/STM32H7/HAL_Lib/STM32H7xx_HAL_Driver/Src/stm32h7xx_hal_spi.c **** /**
 517:HW_Lib/STM32H7/HAL_Lib/STM32H7xx_HAL_Driver/Src/stm32h7xx_hal_spi.c ****   * @brief  De-Initialize the SPI MSP.
 518:HW_Lib/STM32H7/HAL_Lib/STM32H7xx_HAL_Driver/Src/stm32h7xx_hal_spi.c ****   * @param  hspi: pointer to a SPI_HandleTypeDef structure that contains
 519:HW_Lib/STM32H7/HAL_Lib/STM32H7xx_HAL_Driver/Src/stm32h7xx_hal_spi.c ****   *               the configuration information for SPI module.
 520:HW_Lib/STM32H7/HAL_Lib/STM32H7xx_HAL_Driver/Src/stm32h7xx_hal_spi.c ****   * @retval None
 521:HW_Lib/STM32H7/HAL_Lib/STM32H7xx_HAL_Driver/Src/stm32h7xx_hal_spi.c ****   */
 522:HW_Lib/STM32H7/HAL_Lib/STM32H7xx_HAL_Driver/Src/stm32h7xx_hal_spi.c **** __weak void HAL_SPI_MspDeInit(SPI_HandleTypeDef *hspi)
 523:HW_Lib/STM32H7/HAL_Lib/STM32H7xx_HAL_Driver/Src/stm32h7xx_hal_spi.c **** {
 486              		.loc 1 523 1
 487              		.cfi_startproc
 488              		@ args = 0, pretend = 0, frame = 8
 489              		@ frame_needed = 1, uses_anonymous_args = 0
 490              		@ link register save eliminated.
 491 0000 80B4     		push	{r7}
 492              	.LCFI16:
 493              		.cfi_def_cfa_offset 4
 494              		.cfi_offset 7, -4
 495 0002 83B0     		sub	sp, sp, #12
 496              	.LCFI17:
 497              		.cfi_def_cfa_offset 16
 498 0004 00AF     		add	r7, sp, #0
 499              	.LCFI18:
 500              		.cfi_def_cfa_register 7
 501 0006 7860     		str	r0, [r7, #4]
 524:HW_Lib/STM32H7/HAL_Lib/STM32H7xx_HAL_Driver/Src/stm32h7xx_hal_spi.c ****   /* Prevent unused argument(s) compilation warning */
 525:HW_Lib/STM32H7/HAL_Lib/STM32H7xx_HAL_Driver/Src/stm32h7xx_hal_spi.c ****   UNUSED(hspi);
 526:HW_Lib/STM32H7/HAL_Lib/STM32H7xx_HAL_Driver/Src/stm32h7xx_hal_spi.c **** 
 527:HW_Lib/STM32H7/HAL_Lib/STM32H7xx_HAL_Driver/Src/stm32h7xx_hal_spi.c ****   /* NOTE : This function should not be modified, when the callback is needed,
 528:HW_Lib/STM32H7/HAL_Lib/STM32H7xx_HAL_Driver/Src/stm32h7xx_hal_spi.c ****             the HAL_SPI_MspDeInit should be implemented in the user file
ARM GAS  C:\Users\HUAV\AppData\Local\Temp\ccYQlmuE.s 			page 19


 529:HW_Lib/STM32H7/HAL_Lib/STM32H7xx_HAL_Driver/Src/stm32h7xx_hal_spi.c ****    */
 530:HW_Lib/STM32H7/HAL_Lib/STM32H7xx_HAL_Driver/Src/stm32h7xx_hal_spi.c **** }
 502              		.loc 1 530 1
 503 0008 00BF     		nop
 504 000a 0C37     		adds	r7, r7, #12
 505              	.LCFI19:
 506              		.cfi_def_cfa_offset 4
 507 000c BD46     		mov	sp, r7
 508              	.LCFI20:
 509              		.cfi_def_cfa_register 13
 510              		@ sp needed
 511 000e 5DF8047B 		ldr	r7, [sp], #4
 512              	.LCFI21:
 513              		.cfi_restore 7
 514              		.cfi_def_cfa_offset 0
 515 0012 7047     		bx	lr
 516              		.cfi_endproc
 517              	.LFE336:
 519              		.section	.text.HAL_SPI_Transmit,"ax",%progbits
 520              		.align	1
 521              		.global	HAL_SPI_Transmit
 522              		.syntax unified
 523              		.thumb
 524              		.thumb_func
 526              	HAL_SPI_Transmit:
 527              	.LFB337:
 531:HW_Lib/STM32H7/HAL_Lib/STM32H7xx_HAL_Driver/Src/stm32h7xx_hal_spi.c **** 
 532:HW_Lib/STM32H7/HAL_Lib/STM32H7xx_HAL_Driver/Src/stm32h7xx_hal_spi.c **** #if (USE_HAL_SPI_REGISTER_CALLBACKS == 1UL)
 533:HW_Lib/STM32H7/HAL_Lib/STM32H7xx_HAL_Driver/Src/stm32h7xx_hal_spi.c **** /**
 534:HW_Lib/STM32H7/HAL_Lib/STM32H7xx_HAL_Driver/Src/stm32h7xx_hal_spi.c ****   * @brief  Register a User SPI Callback
 535:HW_Lib/STM32H7/HAL_Lib/STM32H7xx_HAL_Driver/Src/stm32h7xx_hal_spi.c ****   *         To be used instead of the weak predefined callback
 536:HW_Lib/STM32H7/HAL_Lib/STM32H7xx_HAL_Driver/Src/stm32h7xx_hal_spi.c ****   * @param  hspi Pointer to a SPI_HandleTypeDef structure that contains
 537:HW_Lib/STM32H7/HAL_Lib/STM32H7xx_HAL_Driver/Src/stm32h7xx_hal_spi.c ****   *                the configuration information for the specified SPI.
 538:HW_Lib/STM32H7/HAL_Lib/STM32H7xx_HAL_Driver/Src/stm32h7xx_hal_spi.c ****   * @param  CallbackID ID of the callback to be registered
 539:HW_Lib/STM32H7/HAL_Lib/STM32H7xx_HAL_Driver/Src/stm32h7xx_hal_spi.c ****   * @param  pCallback pointer to the Callback function
 540:HW_Lib/STM32H7/HAL_Lib/STM32H7xx_HAL_Driver/Src/stm32h7xx_hal_spi.c ****   * @retval HAL status
 541:HW_Lib/STM32H7/HAL_Lib/STM32H7xx_HAL_Driver/Src/stm32h7xx_hal_spi.c ****   */
 542:HW_Lib/STM32H7/HAL_Lib/STM32H7xx_HAL_Driver/Src/stm32h7xx_hal_spi.c **** HAL_StatusTypeDef HAL_SPI_RegisterCallback(SPI_HandleTypeDef *hspi, HAL_SPI_CallbackIDTypeDef Callb
 543:HW_Lib/STM32H7/HAL_Lib/STM32H7xx_HAL_Driver/Src/stm32h7xx_hal_spi.c ****                                            pSPI_CallbackTypeDef pCallback)
 544:HW_Lib/STM32H7/HAL_Lib/STM32H7xx_HAL_Driver/Src/stm32h7xx_hal_spi.c **** {
 545:HW_Lib/STM32H7/HAL_Lib/STM32H7xx_HAL_Driver/Src/stm32h7xx_hal_spi.c ****   HAL_StatusTypeDef status = HAL_OK;
 546:HW_Lib/STM32H7/HAL_Lib/STM32H7xx_HAL_Driver/Src/stm32h7xx_hal_spi.c **** 
 547:HW_Lib/STM32H7/HAL_Lib/STM32H7xx_HAL_Driver/Src/stm32h7xx_hal_spi.c ****   if (pCallback == NULL)
 548:HW_Lib/STM32H7/HAL_Lib/STM32H7xx_HAL_Driver/Src/stm32h7xx_hal_spi.c ****   {
 549:HW_Lib/STM32H7/HAL_Lib/STM32H7xx_HAL_Driver/Src/stm32h7xx_hal_spi.c ****     /* Update the error code */
 550:HW_Lib/STM32H7/HAL_Lib/STM32H7xx_HAL_Driver/Src/stm32h7xx_hal_spi.c ****     hspi->ErrorCode |= HAL_SPI_ERROR_INVALID_CALLBACK;
 551:HW_Lib/STM32H7/HAL_Lib/STM32H7xx_HAL_Driver/Src/stm32h7xx_hal_spi.c **** 
 552:HW_Lib/STM32H7/HAL_Lib/STM32H7xx_HAL_Driver/Src/stm32h7xx_hal_spi.c ****     return HAL_ERROR;
 553:HW_Lib/STM32H7/HAL_Lib/STM32H7xx_HAL_Driver/Src/stm32h7xx_hal_spi.c ****   }
 554:HW_Lib/STM32H7/HAL_Lib/STM32H7xx_HAL_Driver/Src/stm32h7xx_hal_spi.c ****   /* Lock the process */
 555:HW_Lib/STM32H7/HAL_Lib/STM32H7xx_HAL_Driver/Src/stm32h7xx_hal_spi.c ****   __HAL_LOCK(hspi);
 556:HW_Lib/STM32H7/HAL_Lib/STM32H7xx_HAL_Driver/Src/stm32h7xx_hal_spi.c **** 
 557:HW_Lib/STM32H7/HAL_Lib/STM32H7xx_HAL_Driver/Src/stm32h7xx_hal_spi.c ****   if (HAL_SPI_STATE_READY == hspi->State)
 558:HW_Lib/STM32H7/HAL_Lib/STM32H7xx_HAL_Driver/Src/stm32h7xx_hal_spi.c ****   {
 559:HW_Lib/STM32H7/HAL_Lib/STM32H7xx_HAL_Driver/Src/stm32h7xx_hal_spi.c ****     switch (CallbackID)
 560:HW_Lib/STM32H7/HAL_Lib/STM32H7xx_HAL_Driver/Src/stm32h7xx_hal_spi.c ****     {
 561:HW_Lib/STM32H7/HAL_Lib/STM32H7xx_HAL_Driver/Src/stm32h7xx_hal_spi.c ****       case HAL_SPI_TX_COMPLETE_CB_ID :
ARM GAS  C:\Users\HUAV\AppData\Local\Temp\ccYQlmuE.s 			page 20


 562:HW_Lib/STM32H7/HAL_Lib/STM32H7xx_HAL_Driver/Src/stm32h7xx_hal_spi.c ****         hspi->TxCpltCallback = pCallback;
 563:HW_Lib/STM32H7/HAL_Lib/STM32H7xx_HAL_Driver/Src/stm32h7xx_hal_spi.c ****         break;
 564:HW_Lib/STM32H7/HAL_Lib/STM32H7xx_HAL_Driver/Src/stm32h7xx_hal_spi.c **** 
 565:HW_Lib/STM32H7/HAL_Lib/STM32H7xx_HAL_Driver/Src/stm32h7xx_hal_spi.c ****       case HAL_SPI_RX_COMPLETE_CB_ID :
 566:HW_Lib/STM32H7/HAL_Lib/STM32H7xx_HAL_Driver/Src/stm32h7xx_hal_spi.c ****         hspi->RxCpltCallback = pCallback;
 567:HW_Lib/STM32H7/HAL_Lib/STM32H7xx_HAL_Driver/Src/stm32h7xx_hal_spi.c ****         break;
 568:HW_Lib/STM32H7/HAL_Lib/STM32H7xx_HAL_Driver/Src/stm32h7xx_hal_spi.c **** 
 569:HW_Lib/STM32H7/HAL_Lib/STM32H7xx_HAL_Driver/Src/stm32h7xx_hal_spi.c ****       case HAL_SPI_TX_RX_COMPLETE_CB_ID :
 570:HW_Lib/STM32H7/HAL_Lib/STM32H7xx_HAL_Driver/Src/stm32h7xx_hal_spi.c ****         hspi->TxRxCpltCallback = pCallback;
 571:HW_Lib/STM32H7/HAL_Lib/STM32H7xx_HAL_Driver/Src/stm32h7xx_hal_spi.c ****         break;
 572:HW_Lib/STM32H7/HAL_Lib/STM32H7xx_HAL_Driver/Src/stm32h7xx_hal_spi.c **** 
 573:HW_Lib/STM32H7/HAL_Lib/STM32H7xx_HAL_Driver/Src/stm32h7xx_hal_spi.c ****       case HAL_SPI_TX_HALF_COMPLETE_CB_ID :
 574:HW_Lib/STM32H7/HAL_Lib/STM32H7xx_HAL_Driver/Src/stm32h7xx_hal_spi.c ****         hspi->TxHalfCpltCallback = pCallback;
 575:HW_Lib/STM32H7/HAL_Lib/STM32H7xx_HAL_Driver/Src/stm32h7xx_hal_spi.c ****         break;
 576:HW_Lib/STM32H7/HAL_Lib/STM32H7xx_HAL_Driver/Src/stm32h7xx_hal_spi.c **** 
 577:HW_Lib/STM32H7/HAL_Lib/STM32H7xx_HAL_Driver/Src/stm32h7xx_hal_spi.c ****       case HAL_SPI_RX_HALF_COMPLETE_CB_ID :
 578:HW_Lib/STM32H7/HAL_Lib/STM32H7xx_HAL_Driver/Src/stm32h7xx_hal_spi.c ****         hspi->RxHalfCpltCallback = pCallback;
 579:HW_Lib/STM32H7/HAL_Lib/STM32H7xx_HAL_Driver/Src/stm32h7xx_hal_spi.c ****         break;
 580:HW_Lib/STM32H7/HAL_Lib/STM32H7xx_HAL_Driver/Src/stm32h7xx_hal_spi.c **** 
 581:HW_Lib/STM32H7/HAL_Lib/STM32H7xx_HAL_Driver/Src/stm32h7xx_hal_spi.c ****       case HAL_SPI_TX_RX_HALF_COMPLETE_CB_ID :
 582:HW_Lib/STM32H7/HAL_Lib/STM32H7xx_HAL_Driver/Src/stm32h7xx_hal_spi.c ****         hspi->TxRxHalfCpltCallback = pCallback;
 583:HW_Lib/STM32H7/HAL_Lib/STM32H7xx_HAL_Driver/Src/stm32h7xx_hal_spi.c ****         break;
 584:HW_Lib/STM32H7/HAL_Lib/STM32H7xx_HAL_Driver/Src/stm32h7xx_hal_spi.c **** 
 585:HW_Lib/STM32H7/HAL_Lib/STM32H7xx_HAL_Driver/Src/stm32h7xx_hal_spi.c ****       case HAL_SPI_ERROR_CB_ID :
 586:HW_Lib/STM32H7/HAL_Lib/STM32H7xx_HAL_Driver/Src/stm32h7xx_hal_spi.c ****         hspi->ErrorCallback = pCallback;
 587:HW_Lib/STM32H7/HAL_Lib/STM32H7xx_HAL_Driver/Src/stm32h7xx_hal_spi.c ****         break;
 588:HW_Lib/STM32H7/HAL_Lib/STM32H7xx_HAL_Driver/Src/stm32h7xx_hal_spi.c **** 
 589:HW_Lib/STM32H7/HAL_Lib/STM32H7xx_HAL_Driver/Src/stm32h7xx_hal_spi.c ****       case HAL_SPI_ABORT_CB_ID :
 590:HW_Lib/STM32H7/HAL_Lib/STM32H7xx_HAL_Driver/Src/stm32h7xx_hal_spi.c ****         hspi->AbortCpltCallback = pCallback;
 591:HW_Lib/STM32H7/HAL_Lib/STM32H7xx_HAL_Driver/Src/stm32h7xx_hal_spi.c ****         break;
 592:HW_Lib/STM32H7/HAL_Lib/STM32H7xx_HAL_Driver/Src/stm32h7xx_hal_spi.c **** 
 593:HW_Lib/STM32H7/HAL_Lib/STM32H7xx_HAL_Driver/Src/stm32h7xx_hal_spi.c ****       case HAL_SPI_MSPINIT_CB_ID :
 594:HW_Lib/STM32H7/HAL_Lib/STM32H7xx_HAL_Driver/Src/stm32h7xx_hal_spi.c ****         hspi->MspInitCallback = pCallback;
 595:HW_Lib/STM32H7/HAL_Lib/STM32H7xx_HAL_Driver/Src/stm32h7xx_hal_spi.c ****         break;
 596:HW_Lib/STM32H7/HAL_Lib/STM32H7xx_HAL_Driver/Src/stm32h7xx_hal_spi.c **** 
 597:HW_Lib/STM32H7/HAL_Lib/STM32H7xx_HAL_Driver/Src/stm32h7xx_hal_spi.c ****       case HAL_SPI_MSPDEINIT_CB_ID :
 598:HW_Lib/STM32H7/HAL_Lib/STM32H7xx_HAL_Driver/Src/stm32h7xx_hal_spi.c ****         hspi->MspDeInitCallback = pCallback;
 599:HW_Lib/STM32H7/HAL_Lib/STM32H7xx_HAL_Driver/Src/stm32h7xx_hal_spi.c ****         break;
 600:HW_Lib/STM32H7/HAL_Lib/STM32H7xx_HAL_Driver/Src/stm32h7xx_hal_spi.c **** 
 601:HW_Lib/STM32H7/HAL_Lib/STM32H7xx_HAL_Driver/Src/stm32h7xx_hal_spi.c ****       default :
 602:HW_Lib/STM32H7/HAL_Lib/STM32H7xx_HAL_Driver/Src/stm32h7xx_hal_spi.c ****         /* Update the error code */
 603:HW_Lib/STM32H7/HAL_Lib/STM32H7xx_HAL_Driver/Src/stm32h7xx_hal_spi.c ****         SET_BIT(hspi->ErrorCode, HAL_SPI_ERROR_INVALID_CALLBACK);
 604:HW_Lib/STM32H7/HAL_Lib/STM32H7xx_HAL_Driver/Src/stm32h7xx_hal_spi.c **** 
 605:HW_Lib/STM32H7/HAL_Lib/STM32H7xx_HAL_Driver/Src/stm32h7xx_hal_spi.c ****         /* Return error status */
 606:HW_Lib/STM32H7/HAL_Lib/STM32H7xx_HAL_Driver/Src/stm32h7xx_hal_spi.c ****         status =  HAL_ERROR;
 607:HW_Lib/STM32H7/HAL_Lib/STM32H7xx_HAL_Driver/Src/stm32h7xx_hal_spi.c ****         break;
 608:HW_Lib/STM32H7/HAL_Lib/STM32H7xx_HAL_Driver/Src/stm32h7xx_hal_spi.c ****     }
 609:HW_Lib/STM32H7/HAL_Lib/STM32H7xx_HAL_Driver/Src/stm32h7xx_hal_spi.c ****   }
 610:HW_Lib/STM32H7/HAL_Lib/STM32H7xx_HAL_Driver/Src/stm32h7xx_hal_spi.c ****   else if (HAL_SPI_STATE_RESET == hspi->State)
 611:HW_Lib/STM32H7/HAL_Lib/STM32H7xx_HAL_Driver/Src/stm32h7xx_hal_spi.c ****   {
 612:HW_Lib/STM32H7/HAL_Lib/STM32H7xx_HAL_Driver/Src/stm32h7xx_hal_spi.c ****     switch (CallbackID)
 613:HW_Lib/STM32H7/HAL_Lib/STM32H7xx_HAL_Driver/Src/stm32h7xx_hal_spi.c ****     {
 614:HW_Lib/STM32H7/HAL_Lib/STM32H7xx_HAL_Driver/Src/stm32h7xx_hal_spi.c ****       case HAL_SPI_MSPINIT_CB_ID :
 615:HW_Lib/STM32H7/HAL_Lib/STM32H7xx_HAL_Driver/Src/stm32h7xx_hal_spi.c ****         hspi->MspInitCallback = pCallback;
 616:HW_Lib/STM32H7/HAL_Lib/STM32H7xx_HAL_Driver/Src/stm32h7xx_hal_spi.c ****         break;
 617:HW_Lib/STM32H7/HAL_Lib/STM32H7xx_HAL_Driver/Src/stm32h7xx_hal_spi.c **** 
 618:HW_Lib/STM32H7/HAL_Lib/STM32H7xx_HAL_Driver/Src/stm32h7xx_hal_spi.c ****       case HAL_SPI_MSPDEINIT_CB_ID :
ARM GAS  C:\Users\HUAV\AppData\Local\Temp\ccYQlmuE.s 			page 21


 619:HW_Lib/STM32H7/HAL_Lib/STM32H7xx_HAL_Driver/Src/stm32h7xx_hal_spi.c ****         hspi->MspDeInitCallback = pCallback;
 620:HW_Lib/STM32H7/HAL_Lib/STM32H7xx_HAL_Driver/Src/stm32h7xx_hal_spi.c ****         break;
 621:HW_Lib/STM32H7/HAL_Lib/STM32H7xx_HAL_Driver/Src/stm32h7xx_hal_spi.c **** 
 622:HW_Lib/STM32H7/HAL_Lib/STM32H7xx_HAL_Driver/Src/stm32h7xx_hal_spi.c ****       default :
 623:HW_Lib/STM32H7/HAL_Lib/STM32H7xx_HAL_Driver/Src/stm32h7xx_hal_spi.c ****         /* Update the error code */
 624:HW_Lib/STM32H7/HAL_Lib/STM32H7xx_HAL_Driver/Src/stm32h7xx_hal_spi.c ****         SET_BIT(hspi->ErrorCode, HAL_SPI_ERROR_INVALID_CALLBACK);
 625:HW_Lib/STM32H7/HAL_Lib/STM32H7xx_HAL_Driver/Src/stm32h7xx_hal_spi.c **** 
 626:HW_Lib/STM32H7/HAL_Lib/STM32H7xx_HAL_Driver/Src/stm32h7xx_hal_spi.c ****         /* Return error status */
 627:HW_Lib/STM32H7/HAL_Lib/STM32H7xx_HAL_Driver/Src/stm32h7xx_hal_spi.c ****         status =  HAL_ERROR;
 628:HW_Lib/STM32H7/HAL_Lib/STM32H7xx_HAL_Driver/Src/stm32h7xx_hal_spi.c ****         break;
 629:HW_Lib/STM32H7/HAL_Lib/STM32H7xx_HAL_Driver/Src/stm32h7xx_hal_spi.c ****     }
 630:HW_Lib/STM32H7/HAL_Lib/STM32H7xx_HAL_Driver/Src/stm32h7xx_hal_spi.c ****   }
 631:HW_Lib/STM32H7/HAL_Lib/STM32H7xx_HAL_Driver/Src/stm32h7xx_hal_spi.c ****   else
 632:HW_Lib/STM32H7/HAL_Lib/STM32H7xx_HAL_Driver/Src/stm32h7xx_hal_spi.c ****   {
 633:HW_Lib/STM32H7/HAL_Lib/STM32H7xx_HAL_Driver/Src/stm32h7xx_hal_spi.c ****     /* Update the error code */
 634:HW_Lib/STM32H7/HAL_Lib/STM32H7xx_HAL_Driver/Src/stm32h7xx_hal_spi.c ****     SET_BIT(hspi->ErrorCode, HAL_SPI_ERROR_INVALID_CALLBACK);
 635:HW_Lib/STM32H7/HAL_Lib/STM32H7xx_HAL_Driver/Src/stm32h7xx_hal_spi.c **** 
 636:HW_Lib/STM32H7/HAL_Lib/STM32H7xx_HAL_Driver/Src/stm32h7xx_hal_spi.c ****     /* Return error status */
 637:HW_Lib/STM32H7/HAL_Lib/STM32H7xx_HAL_Driver/Src/stm32h7xx_hal_spi.c ****     status =  HAL_ERROR;
 638:HW_Lib/STM32H7/HAL_Lib/STM32H7xx_HAL_Driver/Src/stm32h7xx_hal_spi.c ****   }
 639:HW_Lib/STM32H7/HAL_Lib/STM32H7xx_HAL_Driver/Src/stm32h7xx_hal_spi.c **** 
 640:HW_Lib/STM32H7/HAL_Lib/STM32H7xx_HAL_Driver/Src/stm32h7xx_hal_spi.c ****   /* Release Lock */
 641:HW_Lib/STM32H7/HAL_Lib/STM32H7xx_HAL_Driver/Src/stm32h7xx_hal_spi.c ****   __HAL_UNLOCK(hspi);
 642:HW_Lib/STM32H7/HAL_Lib/STM32H7xx_HAL_Driver/Src/stm32h7xx_hal_spi.c ****   return status;
 643:HW_Lib/STM32H7/HAL_Lib/STM32H7xx_HAL_Driver/Src/stm32h7xx_hal_spi.c **** }
 644:HW_Lib/STM32H7/HAL_Lib/STM32H7xx_HAL_Driver/Src/stm32h7xx_hal_spi.c **** 
 645:HW_Lib/STM32H7/HAL_Lib/STM32H7xx_HAL_Driver/Src/stm32h7xx_hal_spi.c **** /**
 646:HW_Lib/STM32H7/HAL_Lib/STM32H7xx_HAL_Driver/Src/stm32h7xx_hal_spi.c ****   * @brief  Unregister an SPI Callback
 647:HW_Lib/STM32H7/HAL_Lib/STM32H7xx_HAL_Driver/Src/stm32h7xx_hal_spi.c ****   *         SPI callback is redirected to the weak predefined callback
 648:HW_Lib/STM32H7/HAL_Lib/STM32H7xx_HAL_Driver/Src/stm32h7xx_hal_spi.c ****   * @param  hspi Pointer to a SPI_HandleTypeDef structure that contains
 649:HW_Lib/STM32H7/HAL_Lib/STM32H7xx_HAL_Driver/Src/stm32h7xx_hal_spi.c ****   *                the configuration information for the specified SPI.
 650:HW_Lib/STM32H7/HAL_Lib/STM32H7xx_HAL_Driver/Src/stm32h7xx_hal_spi.c ****   * @param  CallbackID ID of the callback to be unregistered
 651:HW_Lib/STM32H7/HAL_Lib/STM32H7xx_HAL_Driver/Src/stm32h7xx_hal_spi.c ****   * @retval HAL status
 652:HW_Lib/STM32H7/HAL_Lib/STM32H7xx_HAL_Driver/Src/stm32h7xx_hal_spi.c ****   */
 653:HW_Lib/STM32H7/HAL_Lib/STM32H7xx_HAL_Driver/Src/stm32h7xx_hal_spi.c **** HAL_StatusTypeDef HAL_SPI_UnRegisterCallback(SPI_HandleTypeDef *hspi, HAL_SPI_CallbackIDTypeDef Cal
 654:HW_Lib/STM32H7/HAL_Lib/STM32H7xx_HAL_Driver/Src/stm32h7xx_hal_spi.c **** {
 655:HW_Lib/STM32H7/HAL_Lib/STM32H7xx_HAL_Driver/Src/stm32h7xx_hal_spi.c ****   HAL_StatusTypeDef status = HAL_OK;
 656:HW_Lib/STM32H7/HAL_Lib/STM32H7xx_HAL_Driver/Src/stm32h7xx_hal_spi.c **** 
 657:HW_Lib/STM32H7/HAL_Lib/STM32H7xx_HAL_Driver/Src/stm32h7xx_hal_spi.c ****   /* Lock the process */
 658:HW_Lib/STM32H7/HAL_Lib/STM32H7xx_HAL_Driver/Src/stm32h7xx_hal_spi.c ****   __HAL_LOCK(hspi);
 659:HW_Lib/STM32H7/HAL_Lib/STM32H7xx_HAL_Driver/Src/stm32h7xx_hal_spi.c **** 
 660:HW_Lib/STM32H7/HAL_Lib/STM32H7xx_HAL_Driver/Src/stm32h7xx_hal_spi.c ****   if (HAL_SPI_STATE_READY == hspi->State)
 661:HW_Lib/STM32H7/HAL_Lib/STM32H7xx_HAL_Driver/Src/stm32h7xx_hal_spi.c ****   {
 662:HW_Lib/STM32H7/HAL_Lib/STM32H7xx_HAL_Driver/Src/stm32h7xx_hal_spi.c ****     switch (CallbackID)
 663:HW_Lib/STM32H7/HAL_Lib/STM32H7xx_HAL_Driver/Src/stm32h7xx_hal_spi.c ****     {
 664:HW_Lib/STM32H7/HAL_Lib/STM32H7xx_HAL_Driver/Src/stm32h7xx_hal_spi.c ****       case HAL_SPI_TX_COMPLETE_CB_ID :
 665:HW_Lib/STM32H7/HAL_Lib/STM32H7xx_HAL_Driver/Src/stm32h7xx_hal_spi.c ****         hspi->TxCpltCallback = HAL_SPI_TxCpltCallback;             /* Legacy weak TxCpltCallback   
 666:HW_Lib/STM32H7/HAL_Lib/STM32H7xx_HAL_Driver/Src/stm32h7xx_hal_spi.c ****         break;
 667:HW_Lib/STM32H7/HAL_Lib/STM32H7xx_HAL_Driver/Src/stm32h7xx_hal_spi.c **** 
 668:HW_Lib/STM32H7/HAL_Lib/STM32H7xx_HAL_Driver/Src/stm32h7xx_hal_spi.c ****       case HAL_SPI_RX_COMPLETE_CB_ID :
 669:HW_Lib/STM32H7/HAL_Lib/STM32H7xx_HAL_Driver/Src/stm32h7xx_hal_spi.c ****         hspi->RxCpltCallback = HAL_SPI_RxCpltCallback;             /* Legacy weak RxCpltCallback   
 670:HW_Lib/STM32H7/HAL_Lib/STM32H7xx_HAL_Driver/Src/stm32h7xx_hal_spi.c ****         break;
 671:HW_Lib/STM32H7/HAL_Lib/STM32H7xx_HAL_Driver/Src/stm32h7xx_hal_spi.c **** 
 672:HW_Lib/STM32H7/HAL_Lib/STM32H7xx_HAL_Driver/Src/stm32h7xx_hal_spi.c ****       case HAL_SPI_TX_RX_COMPLETE_CB_ID :
 673:HW_Lib/STM32H7/HAL_Lib/STM32H7xx_HAL_Driver/Src/stm32h7xx_hal_spi.c ****         hspi->TxRxCpltCallback = HAL_SPI_TxRxCpltCallback;         /* Legacy weak TxRxCpltCallback 
 674:HW_Lib/STM32H7/HAL_Lib/STM32H7xx_HAL_Driver/Src/stm32h7xx_hal_spi.c ****         break;
 675:HW_Lib/STM32H7/HAL_Lib/STM32H7xx_HAL_Driver/Src/stm32h7xx_hal_spi.c **** 
ARM GAS  C:\Users\HUAV\AppData\Local\Temp\ccYQlmuE.s 			page 22


 676:HW_Lib/STM32H7/HAL_Lib/STM32H7xx_HAL_Driver/Src/stm32h7xx_hal_spi.c ****       case HAL_SPI_TX_HALF_COMPLETE_CB_ID :
 677:HW_Lib/STM32H7/HAL_Lib/STM32H7xx_HAL_Driver/Src/stm32h7xx_hal_spi.c ****         hspi->TxHalfCpltCallback = HAL_SPI_TxHalfCpltCallback;     /* Legacy weak TxHalfCpltCallbac
 678:HW_Lib/STM32H7/HAL_Lib/STM32H7xx_HAL_Driver/Src/stm32h7xx_hal_spi.c ****         break;
 679:HW_Lib/STM32H7/HAL_Lib/STM32H7xx_HAL_Driver/Src/stm32h7xx_hal_spi.c **** 
 680:HW_Lib/STM32H7/HAL_Lib/STM32H7xx_HAL_Driver/Src/stm32h7xx_hal_spi.c ****       case HAL_SPI_RX_HALF_COMPLETE_CB_ID :
 681:HW_Lib/STM32H7/HAL_Lib/STM32H7xx_HAL_Driver/Src/stm32h7xx_hal_spi.c ****         hspi->RxHalfCpltCallback = HAL_SPI_RxHalfCpltCallback;     /* Legacy weak RxHalfCpltCallbac
 682:HW_Lib/STM32H7/HAL_Lib/STM32H7xx_HAL_Driver/Src/stm32h7xx_hal_spi.c ****         break;
 683:HW_Lib/STM32H7/HAL_Lib/STM32H7xx_HAL_Driver/Src/stm32h7xx_hal_spi.c **** 
 684:HW_Lib/STM32H7/HAL_Lib/STM32H7xx_HAL_Driver/Src/stm32h7xx_hal_spi.c ****       case HAL_SPI_TX_RX_HALF_COMPLETE_CB_ID :
 685:HW_Lib/STM32H7/HAL_Lib/STM32H7xx_HAL_Driver/Src/stm32h7xx_hal_spi.c ****         hspi->TxRxHalfCpltCallback = HAL_SPI_TxRxHalfCpltCallback; /* Legacy weak TxRxHalfCpltCallb
 686:HW_Lib/STM32H7/HAL_Lib/STM32H7xx_HAL_Driver/Src/stm32h7xx_hal_spi.c ****         break;
 687:HW_Lib/STM32H7/HAL_Lib/STM32H7xx_HAL_Driver/Src/stm32h7xx_hal_spi.c **** 
 688:HW_Lib/STM32H7/HAL_Lib/STM32H7xx_HAL_Driver/Src/stm32h7xx_hal_spi.c ****       case HAL_SPI_ERROR_CB_ID :
 689:HW_Lib/STM32H7/HAL_Lib/STM32H7xx_HAL_Driver/Src/stm32h7xx_hal_spi.c ****         hspi->ErrorCallback = HAL_SPI_ErrorCallback;               /* Legacy weak ErrorCallback    
 690:HW_Lib/STM32H7/HAL_Lib/STM32H7xx_HAL_Driver/Src/stm32h7xx_hal_spi.c ****         break;
 691:HW_Lib/STM32H7/HAL_Lib/STM32H7xx_HAL_Driver/Src/stm32h7xx_hal_spi.c **** 
 692:HW_Lib/STM32H7/HAL_Lib/STM32H7xx_HAL_Driver/Src/stm32h7xx_hal_spi.c ****       case HAL_SPI_ABORT_CB_ID :
 693:HW_Lib/STM32H7/HAL_Lib/STM32H7xx_HAL_Driver/Src/stm32h7xx_hal_spi.c ****         hspi->AbortCpltCallback = HAL_SPI_AbortCpltCallback;       /* Legacy weak AbortCpltCallback
 694:HW_Lib/STM32H7/HAL_Lib/STM32H7xx_HAL_Driver/Src/stm32h7xx_hal_spi.c ****         break;
 695:HW_Lib/STM32H7/HAL_Lib/STM32H7xx_HAL_Driver/Src/stm32h7xx_hal_spi.c **** 
 696:HW_Lib/STM32H7/HAL_Lib/STM32H7xx_HAL_Driver/Src/stm32h7xx_hal_spi.c ****       case HAL_SPI_MSPINIT_CB_ID :
 697:HW_Lib/STM32H7/HAL_Lib/STM32H7xx_HAL_Driver/Src/stm32h7xx_hal_spi.c ****         hspi->MspInitCallback = HAL_SPI_MspInit;                   /* Legacy weak MspInit          
 698:HW_Lib/STM32H7/HAL_Lib/STM32H7xx_HAL_Driver/Src/stm32h7xx_hal_spi.c ****         break;
 699:HW_Lib/STM32H7/HAL_Lib/STM32H7xx_HAL_Driver/Src/stm32h7xx_hal_spi.c **** 
 700:HW_Lib/STM32H7/HAL_Lib/STM32H7xx_HAL_Driver/Src/stm32h7xx_hal_spi.c ****       case HAL_SPI_MSPDEINIT_CB_ID :
 701:HW_Lib/STM32H7/HAL_Lib/STM32H7xx_HAL_Driver/Src/stm32h7xx_hal_spi.c ****         hspi->MspDeInitCallback = HAL_SPI_MspDeInit;               /* Legacy weak MspDeInit        
 702:HW_Lib/STM32H7/HAL_Lib/STM32H7xx_HAL_Driver/Src/stm32h7xx_hal_spi.c ****         break;
 703:HW_Lib/STM32H7/HAL_Lib/STM32H7xx_HAL_Driver/Src/stm32h7xx_hal_spi.c **** 
 704:HW_Lib/STM32H7/HAL_Lib/STM32H7xx_HAL_Driver/Src/stm32h7xx_hal_spi.c ****       default :
 705:HW_Lib/STM32H7/HAL_Lib/STM32H7xx_HAL_Driver/Src/stm32h7xx_hal_spi.c ****         /* Update the error code */
 706:HW_Lib/STM32H7/HAL_Lib/STM32H7xx_HAL_Driver/Src/stm32h7xx_hal_spi.c ****         SET_BIT(hspi->ErrorCode, HAL_SPI_ERROR_INVALID_CALLBACK);
 707:HW_Lib/STM32H7/HAL_Lib/STM32H7xx_HAL_Driver/Src/stm32h7xx_hal_spi.c **** 
 708:HW_Lib/STM32H7/HAL_Lib/STM32H7xx_HAL_Driver/Src/stm32h7xx_hal_spi.c ****         /* Return error status */
 709:HW_Lib/STM32H7/HAL_Lib/STM32H7xx_HAL_Driver/Src/stm32h7xx_hal_spi.c ****         status =  HAL_ERROR;
 710:HW_Lib/STM32H7/HAL_Lib/STM32H7xx_HAL_Driver/Src/stm32h7xx_hal_spi.c ****         break;
 711:HW_Lib/STM32H7/HAL_Lib/STM32H7xx_HAL_Driver/Src/stm32h7xx_hal_spi.c ****     }
 712:HW_Lib/STM32H7/HAL_Lib/STM32H7xx_HAL_Driver/Src/stm32h7xx_hal_spi.c ****   }
 713:HW_Lib/STM32H7/HAL_Lib/STM32H7xx_HAL_Driver/Src/stm32h7xx_hal_spi.c ****   else if (HAL_SPI_STATE_RESET == hspi->State)
 714:HW_Lib/STM32H7/HAL_Lib/STM32H7xx_HAL_Driver/Src/stm32h7xx_hal_spi.c ****   {
 715:HW_Lib/STM32H7/HAL_Lib/STM32H7xx_HAL_Driver/Src/stm32h7xx_hal_spi.c ****     switch (CallbackID)
 716:HW_Lib/STM32H7/HAL_Lib/STM32H7xx_HAL_Driver/Src/stm32h7xx_hal_spi.c ****     {
 717:HW_Lib/STM32H7/HAL_Lib/STM32H7xx_HAL_Driver/Src/stm32h7xx_hal_spi.c ****       case HAL_SPI_MSPINIT_CB_ID :
 718:HW_Lib/STM32H7/HAL_Lib/STM32H7xx_HAL_Driver/Src/stm32h7xx_hal_spi.c ****         hspi->MspInitCallback = HAL_SPI_MspInit;                   /* Legacy weak MspInit          
 719:HW_Lib/STM32H7/HAL_Lib/STM32H7xx_HAL_Driver/Src/stm32h7xx_hal_spi.c ****         break;
 720:HW_Lib/STM32H7/HAL_Lib/STM32H7xx_HAL_Driver/Src/stm32h7xx_hal_spi.c **** 
 721:HW_Lib/STM32H7/HAL_Lib/STM32H7xx_HAL_Driver/Src/stm32h7xx_hal_spi.c ****       case HAL_SPI_MSPDEINIT_CB_ID :
 722:HW_Lib/STM32H7/HAL_Lib/STM32H7xx_HAL_Driver/Src/stm32h7xx_hal_spi.c ****         hspi->MspDeInitCallback = HAL_SPI_MspDeInit;               /* Legacy weak MspDeInit        
 723:HW_Lib/STM32H7/HAL_Lib/STM32H7xx_HAL_Driver/Src/stm32h7xx_hal_spi.c ****         break;
 724:HW_Lib/STM32H7/HAL_Lib/STM32H7xx_HAL_Driver/Src/stm32h7xx_hal_spi.c **** 
 725:HW_Lib/STM32H7/HAL_Lib/STM32H7xx_HAL_Driver/Src/stm32h7xx_hal_spi.c ****       default :
 726:HW_Lib/STM32H7/HAL_Lib/STM32H7xx_HAL_Driver/Src/stm32h7xx_hal_spi.c ****         /* Update the error code */
 727:HW_Lib/STM32H7/HAL_Lib/STM32H7xx_HAL_Driver/Src/stm32h7xx_hal_spi.c ****         SET_BIT(hspi->ErrorCode, HAL_SPI_ERROR_INVALID_CALLBACK);
 728:HW_Lib/STM32H7/HAL_Lib/STM32H7xx_HAL_Driver/Src/stm32h7xx_hal_spi.c **** 
 729:HW_Lib/STM32H7/HAL_Lib/STM32H7xx_HAL_Driver/Src/stm32h7xx_hal_spi.c ****         /* Return error status */
 730:HW_Lib/STM32H7/HAL_Lib/STM32H7xx_HAL_Driver/Src/stm32h7xx_hal_spi.c ****         status =  HAL_ERROR;
 731:HW_Lib/STM32H7/HAL_Lib/STM32H7xx_HAL_Driver/Src/stm32h7xx_hal_spi.c ****         break;
 732:HW_Lib/STM32H7/HAL_Lib/STM32H7xx_HAL_Driver/Src/stm32h7xx_hal_spi.c ****     }
ARM GAS  C:\Users\HUAV\AppData\Local\Temp\ccYQlmuE.s 			page 23


 733:HW_Lib/STM32H7/HAL_Lib/STM32H7xx_HAL_Driver/Src/stm32h7xx_hal_spi.c ****   }
 734:HW_Lib/STM32H7/HAL_Lib/STM32H7xx_HAL_Driver/Src/stm32h7xx_hal_spi.c ****   else
 735:HW_Lib/STM32H7/HAL_Lib/STM32H7xx_HAL_Driver/Src/stm32h7xx_hal_spi.c ****   {
 736:HW_Lib/STM32H7/HAL_Lib/STM32H7xx_HAL_Driver/Src/stm32h7xx_hal_spi.c ****     /* Update the error code */
 737:HW_Lib/STM32H7/HAL_Lib/STM32H7xx_HAL_Driver/Src/stm32h7xx_hal_spi.c ****     SET_BIT(hspi->ErrorCode, HAL_SPI_ERROR_INVALID_CALLBACK);
 738:HW_Lib/STM32H7/HAL_Lib/STM32H7xx_HAL_Driver/Src/stm32h7xx_hal_spi.c **** 
 739:HW_Lib/STM32H7/HAL_Lib/STM32H7xx_HAL_Driver/Src/stm32h7xx_hal_spi.c ****     /* Return error status */
 740:HW_Lib/STM32H7/HAL_Lib/STM32H7xx_HAL_Driver/Src/stm32h7xx_hal_spi.c ****     status =  HAL_ERROR;
 741:HW_Lib/STM32H7/HAL_Lib/STM32H7xx_HAL_Driver/Src/stm32h7xx_hal_spi.c ****   }
 742:HW_Lib/STM32H7/HAL_Lib/STM32H7xx_HAL_Driver/Src/stm32h7xx_hal_spi.c **** 
 743:HW_Lib/STM32H7/HAL_Lib/STM32H7xx_HAL_Driver/Src/stm32h7xx_hal_spi.c ****   /* Release Lock */
 744:HW_Lib/STM32H7/HAL_Lib/STM32H7xx_HAL_Driver/Src/stm32h7xx_hal_spi.c ****   __HAL_UNLOCK(hspi);
 745:HW_Lib/STM32H7/HAL_Lib/STM32H7xx_HAL_Driver/Src/stm32h7xx_hal_spi.c ****   return status;
 746:HW_Lib/STM32H7/HAL_Lib/STM32H7xx_HAL_Driver/Src/stm32h7xx_hal_spi.c **** }
 747:HW_Lib/STM32H7/HAL_Lib/STM32H7xx_HAL_Driver/Src/stm32h7xx_hal_spi.c **** #endif /* USE_HAL_SPI_REGISTER_CALLBACKS */
 748:HW_Lib/STM32H7/HAL_Lib/STM32H7xx_HAL_Driver/Src/stm32h7xx_hal_spi.c **** /**
 749:HW_Lib/STM32H7/HAL_Lib/STM32H7xx_HAL_Driver/Src/stm32h7xx_hal_spi.c ****   * @}
 750:HW_Lib/STM32H7/HAL_Lib/STM32H7xx_HAL_Driver/Src/stm32h7xx_hal_spi.c ****   */
 751:HW_Lib/STM32H7/HAL_Lib/STM32H7xx_HAL_Driver/Src/stm32h7xx_hal_spi.c **** 
 752:HW_Lib/STM32H7/HAL_Lib/STM32H7xx_HAL_Driver/Src/stm32h7xx_hal_spi.c **** /** @defgroup SPI_Exported_Functions_Group2 IO operation functions
 753:HW_Lib/STM32H7/HAL_Lib/STM32H7xx_HAL_Driver/Src/stm32h7xx_hal_spi.c ****   *  @brief   Data transfers functions
 754:HW_Lib/STM32H7/HAL_Lib/STM32H7xx_HAL_Driver/Src/stm32h7xx_hal_spi.c ****   *
 755:HW_Lib/STM32H7/HAL_Lib/STM32H7xx_HAL_Driver/Src/stm32h7xx_hal_spi.c **** @verbatim
 756:HW_Lib/STM32H7/HAL_Lib/STM32H7xx_HAL_Driver/Src/stm32h7xx_hal_spi.c ****   ==============================================================================
 757:HW_Lib/STM32H7/HAL_Lib/STM32H7xx_HAL_Driver/Src/stm32h7xx_hal_spi.c ****                       ##### IO operation functions #####
 758:HW_Lib/STM32H7/HAL_Lib/STM32H7xx_HAL_Driver/Src/stm32h7xx_hal_spi.c ****  ===============================================================================
 759:HW_Lib/STM32H7/HAL_Lib/STM32H7xx_HAL_Driver/Src/stm32h7xx_hal_spi.c ****  [..]
 760:HW_Lib/STM32H7/HAL_Lib/STM32H7xx_HAL_Driver/Src/stm32h7xx_hal_spi.c ****     This subsection provides a set of functions allowing to manage the SPI
 761:HW_Lib/STM32H7/HAL_Lib/STM32H7xx_HAL_Driver/Src/stm32h7xx_hal_spi.c ****     data transfers.
 762:HW_Lib/STM32H7/HAL_Lib/STM32H7xx_HAL_Driver/Src/stm32h7xx_hal_spi.c **** 
 763:HW_Lib/STM32H7/HAL_Lib/STM32H7xx_HAL_Driver/Src/stm32h7xx_hal_spi.c ****     [..] The SPI supports master and slave mode :
 764:HW_Lib/STM32H7/HAL_Lib/STM32H7xx_HAL_Driver/Src/stm32h7xx_hal_spi.c **** 
 765:HW_Lib/STM32H7/HAL_Lib/STM32H7xx_HAL_Driver/Src/stm32h7xx_hal_spi.c ****     (#) There are two modes of transfer:
 766:HW_Lib/STM32H7/HAL_Lib/STM32H7xx_HAL_Driver/Src/stm32h7xx_hal_spi.c ****        (##) Blocking mode: The communication is performed in polling mode.
 767:HW_Lib/STM32H7/HAL_Lib/STM32H7xx_HAL_Driver/Src/stm32h7xx_hal_spi.c ****             The HAL status of all data processing is returned by the same function
 768:HW_Lib/STM32H7/HAL_Lib/STM32H7xx_HAL_Driver/Src/stm32h7xx_hal_spi.c ****             after finishing transfer.
 769:HW_Lib/STM32H7/HAL_Lib/STM32H7xx_HAL_Driver/Src/stm32h7xx_hal_spi.c ****        (##) No-Blocking mode: The communication is performed using Interrupts
 770:HW_Lib/STM32H7/HAL_Lib/STM32H7xx_HAL_Driver/Src/stm32h7xx_hal_spi.c ****             or DMA, These APIs return the HAL status.
 771:HW_Lib/STM32H7/HAL_Lib/STM32H7xx_HAL_Driver/Src/stm32h7xx_hal_spi.c ****             The end of the data processing will be indicated through the
 772:HW_Lib/STM32H7/HAL_Lib/STM32H7xx_HAL_Driver/Src/stm32h7xx_hal_spi.c ****             dedicated SPI IRQ when using Interrupt mode or the DMA IRQ when
 773:HW_Lib/STM32H7/HAL_Lib/STM32H7xx_HAL_Driver/Src/stm32h7xx_hal_spi.c ****             using DMA mode.
 774:HW_Lib/STM32H7/HAL_Lib/STM32H7xx_HAL_Driver/Src/stm32h7xx_hal_spi.c ****             The HAL_SPI_TxCpltCallback(), HAL_SPI_RxCpltCallback() and HAL_SPI_TxRxCpltCallback() u
 775:HW_Lib/STM32H7/HAL_Lib/STM32H7xx_HAL_Driver/Src/stm32h7xx_hal_spi.c ****             will be executed respectively at the end of the transmit or Receive process
 776:HW_Lib/STM32H7/HAL_Lib/STM32H7xx_HAL_Driver/Src/stm32h7xx_hal_spi.c ****             The HAL_SPI_ErrorCallback()user callback will be executed when a communication error is
 777:HW_Lib/STM32H7/HAL_Lib/STM32H7xx_HAL_Driver/Src/stm32h7xx_hal_spi.c **** 
 778:HW_Lib/STM32H7/HAL_Lib/STM32H7xx_HAL_Driver/Src/stm32h7xx_hal_spi.c ****     (#) APIs provided for these 2 transfer modes (Blocking mode or Non blocking mode using either I
 779:HW_Lib/STM32H7/HAL_Lib/STM32H7xx_HAL_Driver/Src/stm32h7xx_hal_spi.c ****         exist for 1Line (simplex) and 2Lines (full duplex) modes.
 780:HW_Lib/STM32H7/HAL_Lib/STM32H7xx_HAL_Driver/Src/stm32h7xx_hal_spi.c **** 
 781:HW_Lib/STM32H7/HAL_Lib/STM32H7xx_HAL_Driver/Src/stm32h7xx_hal_spi.c **** @endverbatim
 782:HW_Lib/STM32H7/HAL_Lib/STM32H7xx_HAL_Driver/Src/stm32h7xx_hal_spi.c ****   * @{
 783:HW_Lib/STM32H7/HAL_Lib/STM32H7xx_HAL_Driver/Src/stm32h7xx_hal_spi.c ****   */
 784:HW_Lib/STM32H7/HAL_Lib/STM32H7xx_HAL_Driver/Src/stm32h7xx_hal_spi.c **** 
 785:HW_Lib/STM32H7/HAL_Lib/STM32H7xx_HAL_Driver/Src/stm32h7xx_hal_spi.c **** /**
 786:HW_Lib/STM32H7/HAL_Lib/STM32H7xx_HAL_Driver/Src/stm32h7xx_hal_spi.c ****   * @brief  Transmit an amount of data in blocking mode.
 787:HW_Lib/STM32H7/HAL_Lib/STM32H7xx_HAL_Driver/Src/stm32h7xx_hal_spi.c ****   * @param  hspi   : pointer to a SPI_HandleTypeDef structure that contains
 788:HW_Lib/STM32H7/HAL_Lib/STM32H7xx_HAL_Driver/Src/stm32h7xx_hal_spi.c ****   *                  the configuration information for SPI module.
 789:HW_Lib/STM32H7/HAL_Lib/STM32H7xx_HAL_Driver/Src/stm32h7xx_hal_spi.c ****   * @param  pData  : pointer to data buffer
ARM GAS  C:\Users\HUAV\AppData\Local\Temp\ccYQlmuE.s 			page 24


 790:HW_Lib/STM32H7/HAL_Lib/STM32H7xx_HAL_Driver/Src/stm32h7xx_hal_spi.c ****   * @param  Size   : amount of data to be sent
 791:HW_Lib/STM32H7/HAL_Lib/STM32H7xx_HAL_Driver/Src/stm32h7xx_hal_spi.c ****   * @param  Timeout: Timeout duration
 792:HW_Lib/STM32H7/HAL_Lib/STM32H7xx_HAL_Driver/Src/stm32h7xx_hal_spi.c ****   * @retval HAL status
 793:HW_Lib/STM32H7/HAL_Lib/STM32H7xx_HAL_Driver/Src/stm32h7xx_hal_spi.c ****   */
 794:HW_Lib/STM32H7/HAL_Lib/STM32H7xx_HAL_Driver/Src/stm32h7xx_hal_spi.c **** HAL_StatusTypeDef HAL_SPI_Transmit(SPI_HandleTypeDef *hspi, uint8_t *pData, uint16_t Size, uint32_t
 795:HW_Lib/STM32H7/HAL_Lib/STM32H7xx_HAL_Driver/Src/stm32h7xx_hal_spi.c **** {
 528              		.loc 1 795 1
 529              		.cfi_startproc
 530              		@ args = 0, pretend = 0, frame = 32
 531              		@ frame_needed = 1, uses_anonymous_args = 0
 532 0000 80B5     		push	{r7, lr}
 533              	.LCFI22:
 534              		.cfi_def_cfa_offset 8
 535              		.cfi_offset 7, -8
 536              		.cfi_offset 14, -4
 537 0002 8AB0     		sub	sp, sp, #40
 538              	.LCFI23:
 539              		.cfi_def_cfa_offset 48
 540 0004 02AF     		add	r7, sp, #8
 541              	.LCFI24:
 542              		.cfi_def_cfa 7, 40
 543 0006 F860     		str	r0, [r7, #12]
 544 0008 B960     		str	r1, [r7, #8]
 545 000a 3B60     		str	r3, [r7]
 546 000c 1346     		mov	r3, r2	@ movhi
 547 000e FB80     		strh	r3, [r7, #6]	@ movhi
 796:HW_Lib/STM32H7/HAL_Lib/STM32H7xx_HAL_Driver/Src/stm32h7xx_hal_spi.c **** #if defined (__GNUC__)
 797:HW_Lib/STM32H7/HAL_Lib/STM32H7xx_HAL_Driver/Src/stm32h7xx_hal_spi.c ****   __IO uint16_t *ptxdr_16bits = (__IO uint16_t *)(&(hspi->Instance->TXDR));
 548              		.loc 1 797 57
 549 0010 FB68     		ldr	r3, [r7, #12]
 550 0012 1B68     		ldr	r3, [r3]
 551              		.loc 1 797 18
 552 0014 2033     		adds	r3, r3, #32
 553 0016 FB61     		str	r3, [r7, #28]
 798:HW_Lib/STM32H7/HAL_Lib/STM32H7xx_HAL_Driver/Src/stm32h7xx_hal_spi.c **** #endif /* __GNUC__ */
 799:HW_Lib/STM32H7/HAL_Lib/STM32H7xx_HAL_Driver/Src/stm32h7xx_hal_spi.c **** 
 800:HW_Lib/STM32H7/HAL_Lib/STM32H7xx_HAL_Driver/Src/stm32h7xx_hal_spi.c ****   uint32_t tickstart;
 801:HW_Lib/STM32H7/HAL_Lib/STM32H7xx_HAL_Driver/Src/stm32h7xx_hal_spi.c ****   HAL_StatusTypeDef errorcode = HAL_OK;
 554              		.loc 1 801 21
 555 0018 0023     		movs	r3, #0
 556 001a FB76     		strb	r3, [r7, #27]
 802:HW_Lib/STM32H7/HAL_Lib/STM32H7xx_HAL_Driver/Src/stm32h7xx_hal_spi.c **** 
 803:HW_Lib/STM32H7/HAL_Lib/STM32H7xx_HAL_Driver/Src/stm32h7xx_hal_spi.c ****   /* Check Direction parameter */
 804:HW_Lib/STM32H7/HAL_Lib/STM32H7xx_HAL_Driver/Src/stm32h7xx_hal_spi.c ****   assert_param(IS_SPI_DIRECTION_2LINES_OR_1LINE_2LINES_TXONLY(hspi->Init.Direction));
 805:HW_Lib/STM32H7/HAL_Lib/STM32H7xx_HAL_Driver/Src/stm32h7xx_hal_spi.c **** 
 806:HW_Lib/STM32H7/HAL_Lib/STM32H7xx_HAL_Driver/Src/stm32h7xx_hal_spi.c ****   /* Lock the process */
 807:HW_Lib/STM32H7/HAL_Lib/STM32H7xx_HAL_Driver/Src/stm32h7xx_hal_spi.c ****   __HAL_LOCK(hspi);
 557              		.loc 1 807 3
 558 001c FB68     		ldr	r3, [r7, #12]
 559 001e 93F88030 		ldrb	r3, [r3, #128]	@ zero_extendqisi2
 560 0022 012B     		cmp	r3, #1
 561 0024 01D1     		bne	.L23
 562              		.loc 1 807 3 is_stmt 0 discriminator 1
 563 0026 0223     		movs	r3, #2
 564 0028 D7E1     		b	.L24
 565              	.L23:
 566              		.loc 1 807 3 discriminator 2
ARM GAS  C:\Users\HUAV\AppData\Local\Temp\ccYQlmuE.s 			page 25


 567 002a FB68     		ldr	r3, [r7, #12]
 568 002c 0122     		movs	r2, #1
 569 002e 83F88020 		strb	r2, [r3, #128]
 808:HW_Lib/STM32H7/HAL_Lib/STM32H7xx_HAL_Driver/Src/stm32h7xx_hal_spi.c **** 
 809:HW_Lib/STM32H7/HAL_Lib/STM32H7xx_HAL_Driver/Src/stm32h7xx_hal_spi.c ****   /* Init tickstart for timeout management*/
 810:HW_Lib/STM32H7/HAL_Lib/STM32H7xx_HAL_Driver/Src/stm32h7xx_hal_spi.c ****   tickstart = HAL_GetTick();
 570              		.loc 1 810 15 is_stmt 1 discriminator 2
 571 0032 FFF7FEFF 		bl	HAL_GetTick
 572 0036 7861     		str	r0, [r7, #20]
 811:HW_Lib/STM32H7/HAL_Lib/STM32H7xx_HAL_Driver/Src/stm32h7xx_hal_spi.c **** 
 812:HW_Lib/STM32H7/HAL_Lib/STM32H7xx_HAL_Driver/Src/stm32h7xx_hal_spi.c ****   if (hspi->State != HAL_SPI_STATE_READY)
 573              		.loc 1 812 11 discriminator 2
 574 0038 FB68     		ldr	r3, [r7, #12]
 575 003a 93F88130 		ldrb	r3, [r3, #129]
 576 003e DBB2     		uxtb	r3, r3
 577              		.loc 1 812 6 discriminator 2
 578 0040 012B     		cmp	r3, #1
 579 0042 07D0     		beq	.L25
 813:HW_Lib/STM32H7/HAL_Lib/STM32H7xx_HAL_Driver/Src/stm32h7xx_hal_spi.c ****   {
 814:HW_Lib/STM32H7/HAL_Lib/STM32H7xx_HAL_Driver/Src/stm32h7xx_hal_spi.c ****     errorcode = HAL_BUSY;
 580              		.loc 1 814 15
 581 0044 0223     		movs	r3, #2
 582 0046 FB76     		strb	r3, [r7, #27]
 815:HW_Lib/STM32H7/HAL_Lib/STM32H7xx_HAL_Driver/Src/stm32h7xx_hal_spi.c ****     __HAL_UNLOCK(hspi);
 583              		.loc 1 815 5
 584 0048 FB68     		ldr	r3, [r7, #12]
 585 004a 0022     		movs	r2, #0
 586 004c 83F88020 		strb	r2, [r3, #128]
 816:HW_Lib/STM32H7/HAL_Lib/STM32H7xx_HAL_Driver/Src/stm32h7xx_hal_spi.c ****     return errorcode;
 587              		.loc 1 816 12
 588 0050 FB7E     		ldrb	r3, [r7, #27]	@ zero_extendqisi2
 589 0052 C2E1     		b	.L24
 590              	.L25:
 817:HW_Lib/STM32H7/HAL_Lib/STM32H7xx_HAL_Driver/Src/stm32h7xx_hal_spi.c ****   }
 818:HW_Lib/STM32H7/HAL_Lib/STM32H7xx_HAL_Driver/Src/stm32h7xx_hal_spi.c **** 
 819:HW_Lib/STM32H7/HAL_Lib/STM32H7xx_HAL_Driver/Src/stm32h7xx_hal_spi.c ****   if ((pData == NULL) || (Size == 0UL))
 591              		.loc 1 819 6
 592 0054 BB68     		ldr	r3, [r7, #8]
 593 0056 002B     		cmp	r3, #0
 594 0058 02D0     		beq	.L26
 595              		.loc 1 819 23 discriminator 1
 596 005a FB88     		ldrh	r3, [r7, #6]
 597 005c 002B     		cmp	r3, #0
 598 005e 07D1     		bne	.L27
 599              	.L26:
 820:HW_Lib/STM32H7/HAL_Lib/STM32H7xx_HAL_Driver/Src/stm32h7xx_hal_spi.c ****   {
 821:HW_Lib/STM32H7/HAL_Lib/STM32H7xx_HAL_Driver/Src/stm32h7xx_hal_spi.c ****     errorcode = HAL_ERROR;
 600              		.loc 1 821 15
 601 0060 0123     		movs	r3, #1
 602 0062 FB76     		strb	r3, [r7, #27]
 822:HW_Lib/STM32H7/HAL_Lib/STM32H7xx_HAL_Driver/Src/stm32h7xx_hal_spi.c ****     __HAL_UNLOCK(hspi);
 603              		.loc 1 822 5
 604 0064 FB68     		ldr	r3, [r7, #12]
 605 0066 0022     		movs	r2, #0
 606 0068 83F88020 		strb	r2, [r3, #128]
 823:HW_Lib/STM32H7/HAL_Lib/STM32H7xx_HAL_Driver/Src/stm32h7xx_hal_spi.c ****     return errorcode;
 607              		.loc 1 823 12
ARM GAS  C:\Users\HUAV\AppData\Local\Temp\ccYQlmuE.s 			page 26


 608 006c FB7E     		ldrb	r3, [r7, #27]	@ zero_extendqisi2
 609 006e B4E1     		b	.L24
 610              	.L27:
 824:HW_Lib/STM32H7/HAL_Lib/STM32H7xx_HAL_Driver/Src/stm32h7xx_hal_spi.c ****   }
 825:HW_Lib/STM32H7/HAL_Lib/STM32H7xx_HAL_Driver/Src/stm32h7xx_hal_spi.c **** 
 826:HW_Lib/STM32H7/HAL_Lib/STM32H7xx_HAL_Driver/Src/stm32h7xx_hal_spi.c ****   /* Set the transaction information */
 827:HW_Lib/STM32H7/HAL_Lib/STM32H7xx_HAL_Driver/Src/stm32h7xx_hal_spi.c ****   hspi->State       = HAL_SPI_STATE_BUSY_TX;
 611              		.loc 1 827 21
 612 0070 FB68     		ldr	r3, [r7, #12]
 613 0072 0322     		movs	r2, #3
 614 0074 83F88120 		strb	r2, [r3, #129]
 828:HW_Lib/STM32H7/HAL_Lib/STM32H7xx_HAL_Driver/Src/stm32h7xx_hal_spi.c ****   hspi->ErrorCode   = HAL_SPI_ERROR_NONE;
 615              		.loc 1 828 21
 616 0078 FB68     		ldr	r3, [r7, #12]
 617 007a 0022     		movs	r2, #0
 618 007c C3F88420 		str	r2, [r3, #132]
 829:HW_Lib/STM32H7/HAL_Lib/STM32H7xx_HAL_Driver/Src/stm32h7xx_hal_spi.c ****   hspi->pTxBuffPtr  = (uint8_t *)pData;
 619              		.loc 1 829 21
 620 0080 FB68     		ldr	r3, [r7, #12]
 621 0082 BA68     		ldr	r2, [r7, #8]
 622 0084 DA65     		str	r2, [r3, #92]
 830:HW_Lib/STM32H7/HAL_Lib/STM32H7xx_HAL_Driver/Src/stm32h7xx_hal_spi.c ****   hspi->TxXferSize  = Size;
 623              		.loc 1 830 21
 624 0086 FB68     		ldr	r3, [r7, #12]
 625 0088 FA88     		ldrh	r2, [r7, #6]	@ movhi
 626 008a A3F86020 		strh	r2, [r3, #96]	@ movhi
 831:HW_Lib/STM32H7/HAL_Lib/STM32H7xx_HAL_Driver/Src/stm32h7xx_hal_spi.c ****   hspi->TxXferCount = Size;
 627              		.loc 1 831 21
 628 008e FB68     		ldr	r3, [r7, #12]
 629 0090 FA88     		ldrh	r2, [r7, #6]	@ movhi
 630 0092 A3F86220 		strh	r2, [r3, #98]	@ movhi
 832:HW_Lib/STM32H7/HAL_Lib/STM32H7xx_HAL_Driver/Src/stm32h7xx_hal_spi.c **** 
 833:HW_Lib/STM32H7/HAL_Lib/STM32H7xx_HAL_Driver/Src/stm32h7xx_hal_spi.c ****   /*Init field not used in handle to zero */
 834:HW_Lib/STM32H7/HAL_Lib/STM32H7xx_HAL_Driver/Src/stm32h7xx_hal_spi.c ****   hspi->pRxBuffPtr  = NULL;
 631              		.loc 1 834 21
 632 0096 FB68     		ldr	r3, [r7, #12]
 633 0098 0022     		movs	r2, #0
 634 009a 5A66     		str	r2, [r3, #100]
 835:HW_Lib/STM32H7/HAL_Lib/STM32H7xx_HAL_Driver/Src/stm32h7xx_hal_spi.c ****   hspi->RxXferSize  = (uint16_t) 0UL;
 635              		.loc 1 835 21
 636 009c FB68     		ldr	r3, [r7, #12]
 637 009e 0022     		movs	r2, #0
 638 00a0 A3F86820 		strh	r2, [r3, #104]	@ movhi
 836:HW_Lib/STM32H7/HAL_Lib/STM32H7xx_HAL_Driver/Src/stm32h7xx_hal_spi.c ****   hspi->RxXferCount = (uint16_t) 0UL;
 639              		.loc 1 836 21
 640 00a4 FB68     		ldr	r3, [r7, #12]
 641 00a6 0022     		movs	r2, #0
 642 00a8 A3F86A20 		strh	r2, [r3, #106]	@ movhi
 837:HW_Lib/STM32H7/HAL_Lib/STM32H7xx_HAL_Driver/Src/stm32h7xx_hal_spi.c ****   hspi->TxISR       = NULL;
 643              		.loc 1 837 21
 644 00ac FB68     		ldr	r3, [r7, #12]
 645 00ae 0022     		movs	r2, #0
 646 00b0 5A67     		str	r2, [r3, #116]
 838:HW_Lib/STM32H7/HAL_Lib/STM32H7xx_HAL_Driver/Src/stm32h7xx_hal_spi.c ****   hspi->RxISR       = NULL;
 647              		.loc 1 838 21
 648 00b2 FB68     		ldr	r3, [r7, #12]
 649 00b4 0022     		movs	r2, #0
ARM GAS  C:\Users\HUAV\AppData\Local\Temp\ccYQlmuE.s 			page 27


 650 00b6 1A67     		str	r2, [r3, #112]
 839:HW_Lib/STM32H7/HAL_Lib/STM32H7xx_HAL_Driver/Src/stm32h7xx_hal_spi.c **** 
 840:HW_Lib/STM32H7/HAL_Lib/STM32H7xx_HAL_Driver/Src/stm32h7xx_hal_spi.c ****   /* Configure communication direction : 1Line */
 841:HW_Lib/STM32H7/HAL_Lib/STM32H7xx_HAL_Driver/Src/stm32h7xx_hal_spi.c ****   if (hspi->Init.Direction == SPI_DIRECTION_1LINE)
 651              		.loc 1 841 17
 652 00b8 FB68     		ldr	r3, [r7, #12]
 653 00ba 9B68     		ldr	r3, [r3, #8]
 654              		.loc 1 841 6
 655 00bc B3F5C02F 		cmp	r3, #393216
 656 00c0 07D1     		bne	.L28
 842:HW_Lib/STM32H7/HAL_Lib/STM32H7xx_HAL_Driver/Src/stm32h7xx_hal_spi.c ****   {
 843:HW_Lib/STM32H7/HAL_Lib/STM32H7xx_HAL_Driver/Src/stm32h7xx_hal_spi.c ****     SPI_1LINE_TX(hspi);
 657              		.loc 1 843 5
 658 00c2 FB68     		ldr	r3, [r7, #12]
 659 00c4 1B68     		ldr	r3, [r3]
 660 00c6 1A68     		ldr	r2, [r3]
 661 00c8 FB68     		ldr	r3, [r7, #12]
 662 00ca 1B68     		ldr	r3, [r3]
 663 00cc 42F40062 		orr	r2, r2, #2048
 664 00d0 1A60     		str	r2, [r3]
 665              	.L28:
 844:HW_Lib/STM32H7/HAL_Lib/STM32H7xx_HAL_Driver/Src/stm32h7xx_hal_spi.c ****   }
 845:HW_Lib/STM32H7/HAL_Lib/STM32H7xx_HAL_Driver/Src/stm32h7xx_hal_spi.c **** 
 846:HW_Lib/STM32H7/HAL_Lib/STM32H7xx_HAL_Driver/Src/stm32h7xx_hal_spi.c ****   /* Set the number of data at current transfer */
 847:HW_Lib/STM32H7/HAL_Lib/STM32H7xx_HAL_Driver/Src/stm32h7xx_hal_spi.c ****   MODIFY_REG(hspi->Instance->CR2, SPI_CR2_TSIZE, Size);
 666              		.loc 1 847 3
 667 00d2 FB68     		ldr	r3, [r7, #12]
 668 00d4 1B68     		ldr	r3, [r3]
 669 00d6 5A68     		ldr	r2, [r3, #4]
 670 00d8 964B     		ldr	r3, .L55
 671 00da 1340     		ands	r3, r3, r2
 672 00dc F988     		ldrh	r1, [r7, #6]
 673 00de FA68     		ldr	r2, [r7, #12]
 674 00e0 1268     		ldr	r2, [r2]
 675 00e2 0B43     		orrs	r3, r3, r1
 676 00e4 5360     		str	r3, [r2, #4]
 848:HW_Lib/STM32H7/HAL_Lib/STM32H7xx_HAL_Driver/Src/stm32h7xx_hal_spi.c **** 
 849:HW_Lib/STM32H7/HAL_Lib/STM32H7xx_HAL_Driver/Src/stm32h7xx_hal_spi.c ****   /* Enable SPI peripheral */
 850:HW_Lib/STM32H7/HAL_Lib/STM32H7xx_HAL_Driver/Src/stm32h7xx_hal_spi.c ****   __HAL_SPI_ENABLE(hspi);
 677              		.loc 1 850 3
 678 00e6 FB68     		ldr	r3, [r7, #12]
 679 00e8 1B68     		ldr	r3, [r3]
 680 00ea 1A68     		ldr	r2, [r3]
 681 00ec FB68     		ldr	r3, [r7, #12]
 682 00ee 1B68     		ldr	r3, [r3]
 683 00f0 42F00102 		orr	r2, r2, #1
 684 00f4 1A60     		str	r2, [r3]
 851:HW_Lib/STM32H7/HAL_Lib/STM32H7xx_HAL_Driver/Src/stm32h7xx_hal_spi.c **** 
 852:HW_Lib/STM32H7/HAL_Lib/STM32H7xx_HAL_Driver/Src/stm32h7xx_hal_spi.c ****   if (hspi->Init.Mode == SPI_MODE_MASTER)
 685              		.loc 1 852 17
 686 00f6 FB68     		ldr	r3, [r7, #12]
 687 00f8 5B68     		ldr	r3, [r3, #4]
 688              		.loc 1 852 6
 689 00fa B3F5800F 		cmp	r3, #4194304
 690 00fe 07D1     		bne	.L29
 853:HW_Lib/STM32H7/HAL_Lib/STM32H7xx_HAL_Driver/Src/stm32h7xx_hal_spi.c ****   {
 854:HW_Lib/STM32H7/HAL_Lib/STM32H7xx_HAL_Driver/Src/stm32h7xx_hal_spi.c ****     /* Master transfer start */
ARM GAS  C:\Users\HUAV\AppData\Local\Temp\ccYQlmuE.s 			page 28


 855:HW_Lib/STM32H7/HAL_Lib/STM32H7xx_HAL_Driver/Src/stm32h7xx_hal_spi.c ****     SET_BIT(hspi->Instance->CR1, SPI_CR1_CSTART);
 691              		.loc 1 855 5
 692 0100 FB68     		ldr	r3, [r7, #12]
 693 0102 1B68     		ldr	r3, [r3]
 694 0104 1A68     		ldr	r2, [r3]
 695 0106 FB68     		ldr	r3, [r7, #12]
 696 0108 1B68     		ldr	r3, [r3]
 697 010a 42F40072 		orr	r2, r2, #512
 698 010e 1A60     		str	r2, [r3]
 699              	.L29:
 856:HW_Lib/STM32H7/HAL_Lib/STM32H7xx_HAL_Driver/Src/stm32h7xx_hal_spi.c ****   }
 857:HW_Lib/STM32H7/HAL_Lib/STM32H7xx_HAL_Driver/Src/stm32h7xx_hal_spi.c **** 
 858:HW_Lib/STM32H7/HAL_Lib/STM32H7xx_HAL_Driver/Src/stm32h7xx_hal_spi.c ****   /* Transmit data in 32 Bit mode */
 859:HW_Lib/STM32H7/HAL_Lib/STM32H7xx_HAL_Driver/Src/stm32h7xx_hal_spi.c ****   if (hspi->Init.DataSize > SPI_DATASIZE_16BIT)
 700              		.loc 1 859 17
 701 0110 FB68     		ldr	r3, [r7, #12]
 702 0112 DB68     		ldr	r3, [r3, #12]
 703              		.loc 1 859 6
 704 0114 0F2B     		cmp	r3, #15
 705 0116 47D9     		bls	.L30
 860:HW_Lib/STM32H7/HAL_Lib/STM32H7xx_HAL_Driver/Src/stm32h7xx_hal_spi.c ****   {
 861:HW_Lib/STM32H7/HAL_Lib/STM32H7xx_HAL_Driver/Src/stm32h7xx_hal_spi.c ****     /* Transmit data in 32 Bit mode */
 862:HW_Lib/STM32H7/HAL_Lib/STM32H7xx_HAL_Driver/Src/stm32h7xx_hal_spi.c ****     while (hspi->TxXferCount > 0UL)
 706              		.loc 1 862 11
 707 0118 3FE0     		b	.L31
 708              	.L35:
 863:HW_Lib/STM32H7/HAL_Lib/STM32H7xx_HAL_Driver/Src/stm32h7xx_hal_spi.c ****     {
 864:HW_Lib/STM32H7/HAL_Lib/STM32H7xx_HAL_Driver/Src/stm32h7xx_hal_spi.c ****       /* Wait until TXP flag is set to send data */
 865:HW_Lib/STM32H7/HAL_Lib/STM32H7xx_HAL_Driver/Src/stm32h7xx_hal_spi.c ****       if (__HAL_SPI_GET_FLAG(hspi, SPI_FLAG_TXP))
 709              		.loc 1 865 11
 710 011a FB68     		ldr	r3, [r7, #12]
 711 011c 1B68     		ldr	r3, [r3]
 712 011e 5B69     		ldr	r3, [r3, #20]
 713 0120 03F00203 		and	r3, r3, #2
 714              		.loc 1 865 10
 715 0124 022B     		cmp	r3, #2
 716 0126 14D1     		bne	.L32
 866:HW_Lib/STM32H7/HAL_Lib/STM32H7xx_HAL_Driver/Src/stm32h7xx_hal_spi.c ****       {
 867:HW_Lib/STM32H7/HAL_Lib/STM32H7xx_HAL_Driver/Src/stm32h7xx_hal_spi.c ****         *((__IO uint32_t *)&hspi->Instance->TXDR) = *((uint32_t *)hspi->pTxBuffPtr);
 717              		.loc 1 867 71
 718 0128 FB68     		ldr	r3, [r7, #12]
 719 012a DA6D     		ldr	r2, [r3, #92]
 720              		.loc 1 867 33
 721 012c FB68     		ldr	r3, [r7, #12]
 722 012e 1B68     		ldr	r3, [r3]
 723              		.loc 1 867 53
 724 0130 1268     		ldr	r2, [r2]
 725              		.loc 1 867 51
 726 0132 1A62     		str	r2, [r3, #32]
 868:HW_Lib/STM32H7/HAL_Lib/STM32H7xx_HAL_Driver/Src/stm32h7xx_hal_spi.c ****         hspi->pTxBuffPtr += sizeof(uint32_t);
 727              		.loc 1 868 26
 728 0134 FB68     		ldr	r3, [r7, #12]
 729 0136 DB6D     		ldr	r3, [r3, #92]
 730 0138 1A1D     		adds	r2, r3, #4
 731 013a FB68     		ldr	r3, [r7, #12]
 732 013c DA65     		str	r2, [r3, #92]
 869:HW_Lib/STM32H7/HAL_Lib/STM32H7xx_HAL_Driver/Src/stm32h7xx_hal_spi.c ****         hspi->TxXferCount--;
ARM GAS  C:\Users\HUAV\AppData\Local\Temp\ccYQlmuE.s 			page 29


 733              		.loc 1 869 13
 734 013e FB68     		ldr	r3, [r7, #12]
 735 0140 B3F86230 		ldrh	r3, [r3, #98]	@ movhi
 736 0144 9BB2     		uxth	r3, r3
 737              		.loc 1 869 26
 738 0146 013B     		subs	r3, r3, #1
 739 0148 9AB2     		uxth	r2, r3
 740 014a FB68     		ldr	r3, [r7, #12]
 741 014c A3F86220 		strh	r2, [r3, #98]	@ movhi
 742 0150 23E0     		b	.L31
 743              	.L32:
 870:HW_Lib/STM32H7/HAL_Lib/STM32H7xx_HAL_Driver/Src/stm32h7xx_hal_spi.c ****       }
 871:HW_Lib/STM32H7/HAL_Lib/STM32H7xx_HAL_Driver/Src/stm32h7xx_hal_spi.c ****       else
 872:HW_Lib/STM32H7/HAL_Lib/STM32H7xx_HAL_Driver/Src/stm32h7xx_hal_spi.c ****       {
 873:HW_Lib/STM32H7/HAL_Lib/STM32H7xx_HAL_Driver/Src/stm32h7xx_hal_spi.c ****         /* Timeout management */
 874:HW_Lib/STM32H7/HAL_Lib/STM32H7xx_HAL_Driver/Src/stm32h7xx_hal_spi.c ****         if ((((HAL_GetTick() - tickstart) >=  Timeout) && (Timeout != HAL_MAX_DELAY)) || (Timeout =
 744              		.loc 1 874 16
 745 0152 FFF7FEFF 		bl	HAL_GetTick
 746 0156 0246     		mov	r2, r0
 747              		.loc 1 874 30
 748 0158 7B69     		ldr	r3, [r7, #20]
 749 015a D31A     		subs	r3, r2, r3
 750              		.loc 1 874 12
 751 015c 3A68     		ldr	r2, [r7]
 752 015e 9A42     		cmp	r2, r3
 753 0160 03D8     		bhi	.L33
 754              		.loc 1 874 56 discriminator 1
 755 0162 3B68     		ldr	r3, [r7]
 756 0164 B3F1FF3F 		cmp	r3, #-1
 757 0168 02D1     		bne	.L34
 758              	.L33:
 759              		.loc 1 874 87 discriminator 3
 760 016a 3B68     		ldr	r3, [r7]
 761 016c 002B     		cmp	r3, #0
 762 016e 14D1     		bne	.L31
 763              	.L34:
 875:HW_Lib/STM32H7/HAL_Lib/STM32H7xx_HAL_Driver/Src/stm32h7xx_hal_spi.c ****         {
 876:HW_Lib/STM32H7/HAL_Lib/STM32H7xx_HAL_Driver/Src/stm32h7xx_hal_spi.c ****           /* Call standard close procedure with error check */
 877:HW_Lib/STM32H7/HAL_Lib/STM32H7xx_HAL_Driver/Src/stm32h7xx_hal_spi.c ****           SPI_CloseTransfer(hspi);
 764              		.loc 1 877 11
 765 0170 F868     		ldr	r0, [r7, #12]
 766 0172 FFF7FEFF 		bl	SPI_CloseTransfer
 878:HW_Lib/STM32H7/HAL_Lib/STM32H7xx_HAL_Driver/Src/stm32h7xx_hal_spi.c **** 
 879:HW_Lib/STM32H7/HAL_Lib/STM32H7xx_HAL_Driver/Src/stm32h7xx_hal_spi.c ****           /* Unlock the process */
 880:HW_Lib/STM32H7/HAL_Lib/STM32H7xx_HAL_Driver/Src/stm32h7xx_hal_spi.c ****           __HAL_UNLOCK(hspi);
 767              		.loc 1 880 11
 768 0176 FB68     		ldr	r3, [r7, #12]
 769 0178 0022     		movs	r2, #0
 770 017a 83F88020 		strb	r2, [r3, #128]
 881:HW_Lib/STM32H7/HAL_Lib/STM32H7xx_HAL_Driver/Src/stm32h7xx_hal_spi.c **** 
 882:HW_Lib/STM32H7/HAL_Lib/STM32H7xx_HAL_Driver/Src/stm32h7xx_hal_spi.c ****           SET_BIT(hspi->ErrorCode, HAL_SPI_ERROR_TIMEOUT);
 771              		.loc 1 882 11
 772 017e FB68     		ldr	r3, [r7, #12]
 773 0180 D3F88430 		ldr	r3, [r3, #132]
 774 0184 43F48072 		orr	r2, r3, #256
 775 0188 FB68     		ldr	r3, [r7, #12]
 776 018a C3F88420 		str	r2, [r3, #132]
ARM GAS  C:\Users\HUAV\AppData\Local\Temp\ccYQlmuE.s 			page 30


 883:HW_Lib/STM32H7/HAL_Lib/STM32H7xx_HAL_Driver/Src/stm32h7xx_hal_spi.c ****           hspi->State = HAL_SPI_STATE_READY;
 777              		.loc 1 883 23
 778 018e FB68     		ldr	r3, [r7, #12]
 779 0190 0122     		movs	r2, #1
 780 0192 83F88120 		strb	r2, [r3, #129]
 884:HW_Lib/STM32H7/HAL_Lib/STM32H7xx_HAL_Driver/Src/stm32h7xx_hal_spi.c ****           return HAL_TIMEOUT;
 781              		.loc 1 884 18
 782 0196 0323     		movs	r3, #3
 783 0198 1FE1     		b	.L24
 784              	.L31:
 862:HW_Lib/STM32H7/HAL_Lib/STM32H7xx_HAL_Driver/Src/stm32h7xx_hal_spi.c ****     {
 785              		.loc 1 862 16
 786 019a FB68     		ldr	r3, [r7, #12]
 787 019c B3F86230 		ldrh	r3, [r3, #98]	@ movhi
 788 01a0 9BB2     		uxth	r3, r3
 862:HW_Lib/STM32H7/HAL_Lib/STM32H7xx_HAL_Driver/Src/stm32h7xx_hal_spi.c ****     {
 789              		.loc 1 862 11
 790 01a2 002B     		cmp	r3, #0
 791 01a4 B9D1     		bne	.L35
 792 01a6 F2E0     		b	.L36
 793              	.L30:
 885:HW_Lib/STM32H7/HAL_Lib/STM32H7xx_HAL_Driver/Src/stm32h7xx_hal_spi.c ****         }
 886:HW_Lib/STM32H7/HAL_Lib/STM32H7xx_HAL_Driver/Src/stm32h7xx_hal_spi.c ****       }
 887:HW_Lib/STM32H7/HAL_Lib/STM32H7xx_HAL_Driver/Src/stm32h7xx_hal_spi.c ****     }
 888:HW_Lib/STM32H7/HAL_Lib/STM32H7xx_HAL_Driver/Src/stm32h7xx_hal_spi.c ****   }
 889:HW_Lib/STM32H7/HAL_Lib/STM32H7xx_HAL_Driver/Src/stm32h7xx_hal_spi.c ****   /* Transmit data in 16 Bit mode */
 890:HW_Lib/STM32H7/HAL_Lib/STM32H7xx_HAL_Driver/Src/stm32h7xx_hal_spi.c ****   else if (hspi->Init.DataSize > SPI_DATASIZE_8BIT)
 794              		.loc 1 890 22
 795 01a8 FB68     		ldr	r3, [r7, #12]
 796 01aa DB68     		ldr	r3, [r3, #12]
 797              		.loc 1 890 11
 798 01ac 072B     		cmp	r3, #7
 799 01ae 40F2E780 		bls	.L45
 891:HW_Lib/STM32H7/HAL_Lib/STM32H7xx_HAL_Driver/Src/stm32h7xx_hal_spi.c ****   {
 892:HW_Lib/STM32H7/HAL_Lib/STM32H7xx_HAL_Driver/Src/stm32h7xx_hal_spi.c ****     /* Transmit data in 16 Bit mode */
 893:HW_Lib/STM32H7/HAL_Lib/STM32H7xx_HAL_Driver/Src/stm32h7xx_hal_spi.c ****     while (hspi->TxXferCount > 0UL)
 800              		.loc 1 893 11
 801 01b2 5DE0     		b	.L38
 802              	.L44:
 894:HW_Lib/STM32H7/HAL_Lib/STM32H7xx_HAL_Driver/Src/stm32h7xx_hal_spi.c ****     {
 895:HW_Lib/STM32H7/HAL_Lib/STM32H7xx_HAL_Driver/Src/stm32h7xx_hal_spi.c ****       /* Wait until TXP flag is set to send data */
 896:HW_Lib/STM32H7/HAL_Lib/STM32H7xx_HAL_Driver/Src/stm32h7xx_hal_spi.c ****       if (__HAL_SPI_GET_FLAG(hspi, SPI_FLAG_TXP))
 803              		.loc 1 896 11
 804 01b4 FB68     		ldr	r3, [r7, #12]
 805 01b6 1B68     		ldr	r3, [r3]
 806 01b8 5B69     		ldr	r3, [r3, #20]
 807 01ba 03F00203 		and	r3, r3, #2
 808              		.loc 1 896 10
 809 01be 022B     		cmp	r3, #2
 810 01c0 32D1     		bne	.L39
 897:HW_Lib/STM32H7/HAL_Lib/STM32H7xx_HAL_Driver/Src/stm32h7xx_hal_spi.c ****       {
 898:HW_Lib/STM32H7/HAL_Lib/STM32H7xx_HAL_Driver/Src/stm32h7xx_hal_spi.c ****         if ((hspi->TxXferCount > 1UL) && (hspi->Init.FifoThreshold > SPI_FIFO_THRESHOLD_01DATA))
 811              		.loc 1 898 18
 812 01c2 FB68     		ldr	r3, [r7, #12]
 813 01c4 B3F86230 		ldrh	r3, [r3, #98]	@ movhi
 814 01c8 9BB2     		uxth	r3, r3
 815              		.loc 1 898 12
ARM GAS  C:\Users\HUAV\AppData\Local\Temp\ccYQlmuE.s 			page 31


 816 01ca 012B     		cmp	r3, #1
 817 01cc 18D9     		bls	.L40
 818              		.loc 1 898 53 discriminator 1
 819 01ce FB68     		ldr	r3, [r7, #12]
 820 01d0 DB6B     		ldr	r3, [r3, #60]
 821              		.loc 1 898 39 discriminator 1
 822 01d2 002B     		cmp	r3, #0
 823 01d4 14D0     		beq	.L40
 899:HW_Lib/STM32H7/HAL_Lib/STM32H7xx_HAL_Driver/Src/stm32h7xx_hal_spi.c ****         {
 900:HW_Lib/STM32H7/HAL_Lib/STM32H7xx_HAL_Driver/Src/stm32h7xx_hal_spi.c ****           *((__IO uint32_t *)&hspi->Instance->TXDR) = *((uint32_t *)hspi->pTxBuffPtr);
 824              		.loc 1 900 73
 825 01d6 FB68     		ldr	r3, [r7, #12]
 826 01d8 DA6D     		ldr	r2, [r3, #92]
 827              		.loc 1 900 35
 828 01da FB68     		ldr	r3, [r7, #12]
 829 01dc 1B68     		ldr	r3, [r3]
 830              		.loc 1 900 55
 831 01de 1268     		ldr	r2, [r2]
 832              		.loc 1 900 53
 833 01e0 1A62     		str	r2, [r3, #32]
 901:HW_Lib/STM32H7/HAL_Lib/STM32H7xx_HAL_Driver/Src/stm32h7xx_hal_spi.c ****           hspi->pTxBuffPtr += sizeof(uint32_t);
 834              		.loc 1 901 28
 835 01e2 FB68     		ldr	r3, [r7, #12]
 836 01e4 DB6D     		ldr	r3, [r3, #92]
 837 01e6 1A1D     		adds	r2, r3, #4
 838 01e8 FB68     		ldr	r3, [r7, #12]
 839 01ea DA65     		str	r2, [r3, #92]
 902:HW_Lib/STM32H7/HAL_Lib/STM32H7xx_HAL_Driver/Src/stm32h7xx_hal_spi.c ****           hspi->TxXferCount -= (uint16_t)2UL;
 840              		.loc 1 902 29
 841 01ec FB68     		ldr	r3, [r7, #12]
 842 01ee B3F86230 		ldrh	r3, [r3, #98]	@ movhi
 843 01f2 9BB2     		uxth	r3, r3
 844 01f4 023B     		subs	r3, r3, #2
 845 01f6 9AB2     		uxth	r2, r3
 846 01f8 FB68     		ldr	r3, [r7, #12]
 847 01fa A3F86220 		strh	r2, [r3, #98]	@ movhi
 848 01fe 37E0     		b	.L38
 849              	.L40:
 903:HW_Lib/STM32H7/HAL_Lib/STM32H7xx_HAL_Driver/Src/stm32h7xx_hal_spi.c ****         }
 904:HW_Lib/STM32H7/HAL_Lib/STM32H7xx_HAL_Driver/Src/stm32h7xx_hal_spi.c ****         else
 905:HW_Lib/STM32H7/HAL_Lib/STM32H7xx_HAL_Driver/Src/stm32h7xx_hal_spi.c ****         {
 906:HW_Lib/STM32H7/HAL_Lib/STM32H7xx_HAL_Driver/Src/stm32h7xx_hal_spi.c **** #if defined (__GNUC__)
 907:HW_Lib/STM32H7/HAL_Lib/STM32H7xx_HAL_Driver/Src/stm32h7xx_hal_spi.c ****           *ptxdr_16bits = *((uint16_t *)hspi->pTxBuffPtr);
 850              		.loc 1 907 45
 851 0200 FB68     		ldr	r3, [r7, #12]
 852 0202 DB6D     		ldr	r3, [r3, #92]
 853              		.loc 1 907 27
 854 0204 1A88     		ldrh	r2, [r3]
 855              		.loc 1 907 25
 856 0206 FB69     		ldr	r3, [r7, #28]
 857 0208 1A80     		strh	r2, [r3]	@ movhi
 908:HW_Lib/STM32H7/HAL_Lib/STM32H7xx_HAL_Driver/Src/stm32h7xx_hal_spi.c **** #else
 909:HW_Lib/STM32H7/HAL_Lib/STM32H7xx_HAL_Driver/Src/stm32h7xx_hal_spi.c ****           *((__IO uint16_t *)&hspi->Instance->TXDR) = *((uint16_t *)hspi->pTxBuffPtr);
 910:HW_Lib/STM32H7/HAL_Lib/STM32H7xx_HAL_Driver/Src/stm32h7xx_hal_spi.c **** #endif /* __GNUC__ */
 911:HW_Lib/STM32H7/HAL_Lib/STM32H7xx_HAL_Driver/Src/stm32h7xx_hal_spi.c ****           hspi->pTxBuffPtr += sizeof(uint16_t);
 858              		.loc 1 911 28
 859 020a FB68     		ldr	r3, [r7, #12]
ARM GAS  C:\Users\HUAV\AppData\Local\Temp\ccYQlmuE.s 			page 32


 860 020c DB6D     		ldr	r3, [r3, #92]
 861 020e 9A1C     		adds	r2, r3, #2
 862 0210 FB68     		ldr	r3, [r7, #12]
 863 0212 DA65     		str	r2, [r3, #92]
 912:HW_Lib/STM32H7/HAL_Lib/STM32H7xx_HAL_Driver/Src/stm32h7xx_hal_spi.c ****           hspi->TxXferCount--;
 864              		.loc 1 912 15
 865 0214 FB68     		ldr	r3, [r7, #12]
 866 0216 B3F86230 		ldrh	r3, [r3, #98]	@ movhi
 867 021a 9BB2     		uxth	r3, r3
 868              		.loc 1 912 28
 869 021c 013B     		subs	r3, r3, #1
 870 021e 9AB2     		uxth	r2, r3
 871 0220 FB68     		ldr	r3, [r7, #12]
 872 0222 A3F86220 		strh	r2, [r3, #98]	@ movhi
 873 0226 23E0     		b	.L38
 874              	.L39:
 913:HW_Lib/STM32H7/HAL_Lib/STM32H7xx_HAL_Driver/Src/stm32h7xx_hal_spi.c ****         }
 914:HW_Lib/STM32H7/HAL_Lib/STM32H7xx_HAL_Driver/Src/stm32h7xx_hal_spi.c ****       }
 915:HW_Lib/STM32H7/HAL_Lib/STM32H7xx_HAL_Driver/Src/stm32h7xx_hal_spi.c ****       else
 916:HW_Lib/STM32H7/HAL_Lib/STM32H7xx_HAL_Driver/Src/stm32h7xx_hal_spi.c ****       {
 917:HW_Lib/STM32H7/HAL_Lib/STM32H7xx_HAL_Driver/Src/stm32h7xx_hal_spi.c ****         /* Timeout management */
 918:HW_Lib/STM32H7/HAL_Lib/STM32H7xx_HAL_Driver/Src/stm32h7xx_hal_spi.c ****         if ((((HAL_GetTick() - tickstart) >=  Timeout) && (Timeout != HAL_MAX_DELAY)) || (Timeout =
 875              		.loc 1 918 16
 876 0228 FFF7FEFF 		bl	HAL_GetTick
 877 022c 0246     		mov	r2, r0
 878              		.loc 1 918 30
 879 022e 7B69     		ldr	r3, [r7, #20]
 880 0230 D31A     		subs	r3, r2, r3
 881              		.loc 1 918 12
 882 0232 3A68     		ldr	r2, [r7]
 883 0234 9A42     		cmp	r2, r3
 884 0236 03D8     		bhi	.L42
 885              		.loc 1 918 56 discriminator 1
 886 0238 3B68     		ldr	r3, [r7]
 887 023a B3F1FF3F 		cmp	r3, #-1
 888 023e 02D1     		bne	.L43
 889              	.L42:
 890              		.loc 1 918 87 discriminator 3
 891 0240 3B68     		ldr	r3, [r7]
 892 0242 002B     		cmp	r3, #0
 893 0244 14D1     		bne	.L38
 894              	.L43:
 919:HW_Lib/STM32H7/HAL_Lib/STM32H7xx_HAL_Driver/Src/stm32h7xx_hal_spi.c ****         {
 920:HW_Lib/STM32H7/HAL_Lib/STM32H7xx_HAL_Driver/Src/stm32h7xx_hal_spi.c ****           /* Call standard close procedure with error check */
 921:HW_Lib/STM32H7/HAL_Lib/STM32H7xx_HAL_Driver/Src/stm32h7xx_hal_spi.c ****           SPI_CloseTransfer(hspi);
 895              		.loc 1 921 11
 896 0246 F868     		ldr	r0, [r7, #12]
 897 0248 FFF7FEFF 		bl	SPI_CloseTransfer
 922:HW_Lib/STM32H7/HAL_Lib/STM32H7xx_HAL_Driver/Src/stm32h7xx_hal_spi.c **** 
 923:HW_Lib/STM32H7/HAL_Lib/STM32H7xx_HAL_Driver/Src/stm32h7xx_hal_spi.c ****           /* Unlock the process */
 924:HW_Lib/STM32H7/HAL_Lib/STM32H7xx_HAL_Driver/Src/stm32h7xx_hal_spi.c ****           __HAL_UNLOCK(hspi);
 898              		.loc 1 924 11
 899 024c FB68     		ldr	r3, [r7, #12]
 900 024e 0022     		movs	r2, #0
 901 0250 83F88020 		strb	r2, [r3, #128]
 925:HW_Lib/STM32H7/HAL_Lib/STM32H7xx_HAL_Driver/Src/stm32h7xx_hal_spi.c **** 
 926:HW_Lib/STM32H7/HAL_Lib/STM32H7xx_HAL_Driver/Src/stm32h7xx_hal_spi.c ****           SET_BIT(hspi->ErrorCode, HAL_SPI_ERROR_TIMEOUT);
ARM GAS  C:\Users\HUAV\AppData\Local\Temp\ccYQlmuE.s 			page 33


 902              		.loc 1 926 11
 903 0254 FB68     		ldr	r3, [r7, #12]
 904 0256 D3F88430 		ldr	r3, [r3, #132]
 905 025a 43F48072 		orr	r2, r3, #256
 906 025e FB68     		ldr	r3, [r7, #12]
 907 0260 C3F88420 		str	r2, [r3, #132]
 927:HW_Lib/STM32H7/HAL_Lib/STM32H7xx_HAL_Driver/Src/stm32h7xx_hal_spi.c ****           hspi->State = HAL_SPI_STATE_READY;
 908              		.loc 1 927 23
 909 0264 FB68     		ldr	r3, [r7, #12]
 910 0266 0122     		movs	r2, #1
 911 0268 83F88120 		strb	r2, [r3, #129]
 928:HW_Lib/STM32H7/HAL_Lib/STM32H7xx_HAL_Driver/Src/stm32h7xx_hal_spi.c ****           return HAL_TIMEOUT;
 912              		.loc 1 928 18
 913 026c 0323     		movs	r3, #3
 914 026e B4E0     		b	.L24
 915              	.L38:
 893:HW_Lib/STM32H7/HAL_Lib/STM32H7xx_HAL_Driver/Src/stm32h7xx_hal_spi.c ****     {
 916              		.loc 1 893 16
 917 0270 FB68     		ldr	r3, [r7, #12]
 918 0272 B3F86230 		ldrh	r3, [r3, #98]	@ movhi
 919 0276 9BB2     		uxth	r3, r3
 893:HW_Lib/STM32H7/HAL_Lib/STM32H7xx_HAL_Driver/Src/stm32h7xx_hal_spi.c ****     {
 920              		.loc 1 893 11
 921 0278 002B     		cmp	r3, #0
 922 027a 9BD1     		bne	.L44
 923 027c 87E0     		b	.L36
 924              	.L52:
 929:HW_Lib/STM32H7/HAL_Lib/STM32H7xx_HAL_Driver/Src/stm32h7xx_hal_spi.c ****         }
 930:HW_Lib/STM32H7/HAL_Lib/STM32H7xx_HAL_Driver/Src/stm32h7xx_hal_spi.c ****       }
 931:HW_Lib/STM32H7/HAL_Lib/STM32H7xx_HAL_Driver/Src/stm32h7xx_hal_spi.c ****     }
 932:HW_Lib/STM32H7/HAL_Lib/STM32H7xx_HAL_Driver/Src/stm32h7xx_hal_spi.c ****   }
 933:HW_Lib/STM32H7/HAL_Lib/STM32H7xx_HAL_Driver/Src/stm32h7xx_hal_spi.c ****   /* Transmit data in 8 Bit mode */
 934:HW_Lib/STM32H7/HAL_Lib/STM32H7xx_HAL_Driver/Src/stm32h7xx_hal_spi.c ****   else
 935:HW_Lib/STM32H7/HAL_Lib/STM32H7xx_HAL_Driver/Src/stm32h7xx_hal_spi.c ****   {
 936:HW_Lib/STM32H7/HAL_Lib/STM32H7xx_HAL_Driver/Src/stm32h7xx_hal_spi.c ****     while (hspi->TxXferCount > 0UL)
 937:HW_Lib/STM32H7/HAL_Lib/STM32H7xx_HAL_Driver/Src/stm32h7xx_hal_spi.c ****     {
 938:HW_Lib/STM32H7/HAL_Lib/STM32H7xx_HAL_Driver/Src/stm32h7xx_hal_spi.c ****       /* Wait until TXP flag is set to send data */
 939:HW_Lib/STM32H7/HAL_Lib/STM32H7xx_HAL_Driver/Src/stm32h7xx_hal_spi.c ****       if (__HAL_SPI_GET_FLAG(hspi, SPI_FLAG_TXP))
 925              		.loc 1 939 11
 926 027e FB68     		ldr	r3, [r7, #12]
 927 0280 1B68     		ldr	r3, [r3]
 928 0282 5B69     		ldr	r3, [r3, #20]
 929 0284 03F00203 		and	r3, r3, #2
 930              		.loc 1 939 10
 931 0288 022B     		cmp	r3, #2
 932 028a 55D1     		bne	.L46
 940:HW_Lib/STM32H7/HAL_Lib/STM32H7xx_HAL_Driver/Src/stm32h7xx_hal_spi.c ****       {
 941:HW_Lib/STM32H7/HAL_Lib/STM32H7xx_HAL_Driver/Src/stm32h7xx_hal_spi.c ****         if ((hspi->TxXferCount > 3UL) && (hspi->Init.FifoThreshold > SPI_FIFO_THRESHOLD_03DATA))
 933              		.loc 1 941 18
 934 028c FB68     		ldr	r3, [r7, #12]
 935 028e B3F86230 		ldrh	r3, [r3, #98]	@ movhi
 936 0292 9BB2     		uxth	r3, r3
 937              		.loc 1 941 12
 938 0294 032B     		cmp	r3, #3
 939 0296 18D9     		bls	.L47
 940              		.loc 1 941 53 discriminator 1
 941 0298 FB68     		ldr	r3, [r7, #12]
ARM GAS  C:\Users\HUAV\AppData\Local\Temp\ccYQlmuE.s 			page 34


 942 029a DB6B     		ldr	r3, [r3, #60]
 943              		.loc 1 941 39 discriminator 1
 944 029c 402B     		cmp	r3, #64
 945 029e 14D9     		bls	.L47
 942:HW_Lib/STM32H7/HAL_Lib/STM32H7xx_HAL_Driver/Src/stm32h7xx_hal_spi.c ****         {
 943:HW_Lib/STM32H7/HAL_Lib/STM32H7xx_HAL_Driver/Src/stm32h7xx_hal_spi.c ****           *((__IO uint32_t *)&hspi->Instance->TXDR) = *((uint32_t *)hspi->pTxBuffPtr);
 946              		.loc 1 943 73
 947 02a0 FB68     		ldr	r3, [r7, #12]
 948 02a2 DA6D     		ldr	r2, [r3, #92]
 949              		.loc 1 943 35
 950 02a4 FB68     		ldr	r3, [r7, #12]
 951 02a6 1B68     		ldr	r3, [r3]
 952              		.loc 1 943 55
 953 02a8 1268     		ldr	r2, [r2]
 954              		.loc 1 943 53
 955 02aa 1A62     		str	r2, [r3, #32]
 944:HW_Lib/STM32H7/HAL_Lib/STM32H7xx_HAL_Driver/Src/stm32h7xx_hal_spi.c ****           hspi->pTxBuffPtr += sizeof(uint32_t);
 956              		.loc 1 944 28
 957 02ac FB68     		ldr	r3, [r7, #12]
 958 02ae DB6D     		ldr	r3, [r3, #92]
 959 02b0 1A1D     		adds	r2, r3, #4
 960 02b2 FB68     		ldr	r3, [r7, #12]
 961 02b4 DA65     		str	r2, [r3, #92]
 945:HW_Lib/STM32H7/HAL_Lib/STM32H7xx_HAL_Driver/Src/stm32h7xx_hal_spi.c ****           hspi->TxXferCount -= (uint16_t)4UL;
 962              		.loc 1 945 29
 963 02b6 FB68     		ldr	r3, [r7, #12]
 964 02b8 B3F86230 		ldrh	r3, [r3, #98]	@ movhi
 965 02bc 9BB2     		uxth	r3, r3
 966 02be 043B     		subs	r3, r3, #4
 967 02c0 9AB2     		uxth	r2, r3
 968 02c2 FB68     		ldr	r3, [r7, #12]
 969 02c4 A3F86220 		strh	r2, [r3, #98]	@ movhi
 970 02c8 5AE0     		b	.L45
 971              	.L47:
 946:HW_Lib/STM32H7/HAL_Lib/STM32H7xx_HAL_Driver/Src/stm32h7xx_hal_spi.c ****         }
 947:HW_Lib/STM32H7/HAL_Lib/STM32H7xx_HAL_Driver/Src/stm32h7xx_hal_spi.c ****         else if ((hspi->TxXferCount > 1UL) && (hspi->Init.FifoThreshold > SPI_FIFO_THRESHOLD_01DATA
 972              		.loc 1 947 23
 973 02ca FB68     		ldr	r3, [r7, #12]
 974 02cc B3F86230 		ldrh	r3, [r3, #98]	@ movhi
 975 02d0 9BB2     		uxth	r3, r3
 976              		.loc 1 947 17
 977 02d2 012B     		cmp	r3, #1
 978 02d4 17D9     		bls	.L49
 979              		.loc 1 947 58 discriminator 1
 980 02d6 FB68     		ldr	r3, [r7, #12]
 981 02d8 DB6B     		ldr	r3, [r3, #60]
 982              		.loc 1 947 44 discriminator 1
 983 02da 002B     		cmp	r3, #0
 984 02dc 13D0     		beq	.L49
 948:HW_Lib/STM32H7/HAL_Lib/STM32H7xx_HAL_Driver/Src/stm32h7xx_hal_spi.c ****         {
 949:HW_Lib/STM32H7/HAL_Lib/STM32H7xx_HAL_Driver/Src/stm32h7xx_hal_spi.c **** #if defined (__GNUC__)
 950:HW_Lib/STM32H7/HAL_Lib/STM32H7xx_HAL_Driver/Src/stm32h7xx_hal_spi.c ****           *ptxdr_16bits = *((uint16_t *)hspi->pTxBuffPtr);
 985              		.loc 1 950 45
 986 02de FB68     		ldr	r3, [r7, #12]
 987 02e0 DB6D     		ldr	r3, [r3, #92]
 988              		.loc 1 950 27
 989 02e2 1A88     		ldrh	r2, [r3]
ARM GAS  C:\Users\HUAV\AppData\Local\Temp\ccYQlmuE.s 			page 35


 990              		.loc 1 950 25
 991 02e4 FB69     		ldr	r3, [r7, #28]
 992 02e6 1A80     		strh	r2, [r3]	@ movhi
 951:HW_Lib/STM32H7/HAL_Lib/STM32H7xx_HAL_Driver/Src/stm32h7xx_hal_spi.c **** #else
 952:HW_Lib/STM32H7/HAL_Lib/STM32H7xx_HAL_Driver/Src/stm32h7xx_hal_spi.c ****           *((__IO uint16_t *)&hspi->Instance->TXDR) = *((uint16_t *)hspi->pTxBuffPtr);
 953:HW_Lib/STM32H7/HAL_Lib/STM32H7xx_HAL_Driver/Src/stm32h7xx_hal_spi.c **** #endif /* __GNUC__ */
 954:HW_Lib/STM32H7/HAL_Lib/STM32H7xx_HAL_Driver/Src/stm32h7xx_hal_spi.c ****           hspi->pTxBuffPtr += sizeof(uint16_t);
 993              		.loc 1 954 28
 994 02e8 FB68     		ldr	r3, [r7, #12]
 995 02ea DB6D     		ldr	r3, [r3, #92]
 996 02ec 9A1C     		adds	r2, r3, #2
 997 02ee FB68     		ldr	r3, [r7, #12]
 998 02f0 DA65     		str	r2, [r3, #92]
 955:HW_Lib/STM32H7/HAL_Lib/STM32H7xx_HAL_Driver/Src/stm32h7xx_hal_spi.c ****           hspi->TxXferCount -= (uint16_t)2UL;
 999              		.loc 1 955 29
 1000 02f2 FB68     		ldr	r3, [r7, #12]
 1001 02f4 B3F86230 		ldrh	r3, [r3, #98]	@ movhi
 1002 02f8 9BB2     		uxth	r3, r3
 1003 02fa 023B     		subs	r3, r3, #2
 1004 02fc 9AB2     		uxth	r2, r3
 1005 02fe FB68     		ldr	r3, [r7, #12]
 1006 0300 A3F86220 		strh	r2, [r3, #98]	@ movhi
 1007 0304 3CE0     		b	.L45
 1008              	.L49:
 956:HW_Lib/STM32H7/HAL_Lib/STM32H7xx_HAL_Driver/Src/stm32h7xx_hal_spi.c ****         }
 957:HW_Lib/STM32H7/HAL_Lib/STM32H7xx_HAL_Driver/Src/stm32h7xx_hal_spi.c ****         else
 958:HW_Lib/STM32H7/HAL_Lib/STM32H7xx_HAL_Driver/Src/stm32h7xx_hal_spi.c ****         {
 959:HW_Lib/STM32H7/HAL_Lib/STM32H7xx_HAL_Driver/Src/stm32h7xx_hal_spi.c ****           *((__IO uint8_t *)&hspi->Instance->TXDR) = *((uint8_t *)hspi->pTxBuffPtr);
 1009              		.loc 1 959 71
 1010 0306 FB68     		ldr	r3, [r7, #12]
 1011 0308 DA6D     		ldr	r2, [r3, #92]
 1012              		.loc 1 959 34
 1013 030a FB68     		ldr	r3, [r7, #12]
 1014 030c 1B68     		ldr	r3, [r3]
 1015              		.loc 1 959 29
 1016 030e 2033     		adds	r3, r3, #32
 1017              		.loc 1 959 54
 1018 0310 1278     		ldrb	r2, [r2]	@ zero_extendqisi2
 1019              		.loc 1 959 52
 1020 0312 1A70     		strb	r2, [r3]
 960:HW_Lib/STM32H7/HAL_Lib/STM32H7xx_HAL_Driver/Src/stm32h7xx_hal_spi.c ****           hspi->pTxBuffPtr += sizeof(uint8_t);
 1021              		.loc 1 960 28
 1022 0314 FB68     		ldr	r3, [r7, #12]
 1023 0316 DB6D     		ldr	r3, [r3, #92]
 1024 0318 5A1C     		adds	r2, r3, #1
 1025 031a FB68     		ldr	r3, [r7, #12]
 1026 031c DA65     		str	r2, [r3, #92]
 961:HW_Lib/STM32H7/HAL_Lib/STM32H7xx_HAL_Driver/Src/stm32h7xx_hal_spi.c ****           hspi->TxXferCount--;
 1027              		.loc 1 961 15
 1028 031e FB68     		ldr	r3, [r7, #12]
 1029 0320 B3F86230 		ldrh	r3, [r3, #98]	@ movhi
 1030 0324 9BB2     		uxth	r3, r3
 1031              		.loc 1 961 28
 1032 0326 013B     		subs	r3, r3, #1
 1033 0328 9AB2     		uxth	r2, r3
 1034 032a FB68     		ldr	r3, [r7, #12]
 1035 032c A3F86220 		strh	r2, [r3, #98]	@ movhi
ARM GAS  C:\Users\HUAV\AppData\Local\Temp\ccYQlmuE.s 			page 36


 1036 0330 26E0     		b	.L45
 1037              	.L56:
 1038 0332 00BF     		.align	2
 1039              	.L55:
 1040 0334 0000FFFF 		.word	-65536
 1041              	.L46:
 962:HW_Lib/STM32H7/HAL_Lib/STM32H7xx_HAL_Driver/Src/stm32h7xx_hal_spi.c ****         }
 963:HW_Lib/STM32H7/HAL_Lib/STM32H7xx_HAL_Driver/Src/stm32h7xx_hal_spi.c ****       }
 964:HW_Lib/STM32H7/HAL_Lib/STM32H7xx_HAL_Driver/Src/stm32h7xx_hal_spi.c ****       else
 965:HW_Lib/STM32H7/HAL_Lib/STM32H7xx_HAL_Driver/Src/stm32h7xx_hal_spi.c ****       {
 966:HW_Lib/STM32H7/HAL_Lib/STM32H7xx_HAL_Driver/Src/stm32h7xx_hal_spi.c ****         /* Timeout management */
 967:HW_Lib/STM32H7/HAL_Lib/STM32H7xx_HAL_Driver/Src/stm32h7xx_hal_spi.c ****         if ((((HAL_GetTick() - tickstart) >=  Timeout) && (Timeout != HAL_MAX_DELAY)) || (Timeout =
 1042              		.loc 1 967 16
 1043 0338 FFF7FEFF 		bl	HAL_GetTick
 1044 033c 0246     		mov	r2, r0
 1045              		.loc 1 967 30
 1046 033e 7B69     		ldr	r3, [r7, #20]
 1047 0340 D31A     		subs	r3, r2, r3
 1048              		.loc 1 967 12
 1049 0342 3A68     		ldr	r2, [r7]
 1050 0344 9A42     		cmp	r2, r3
 1051 0346 03D8     		bhi	.L50
 1052              		.loc 1 967 56 discriminator 1
 1053 0348 3B68     		ldr	r3, [r7]
 1054 034a B3F1FF3F 		cmp	r3, #-1
 1055 034e 02D1     		bne	.L51
 1056              	.L50:
 1057              		.loc 1 967 87 discriminator 3
 1058 0350 3B68     		ldr	r3, [r7]
 1059 0352 002B     		cmp	r3, #0
 1060 0354 14D1     		bne	.L45
 1061              	.L51:
 968:HW_Lib/STM32H7/HAL_Lib/STM32H7xx_HAL_Driver/Src/stm32h7xx_hal_spi.c ****         {
 969:HW_Lib/STM32H7/HAL_Lib/STM32H7xx_HAL_Driver/Src/stm32h7xx_hal_spi.c ****           /* Call standard close procedure with error check */
 970:HW_Lib/STM32H7/HAL_Lib/STM32H7xx_HAL_Driver/Src/stm32h7xx_hal_spi.c ****           SPI_CloseTransfer(hspi);
 1062              		.loc 1 970 11
 1063 0356 F868     		ldr	r0, [r7, #12]
 1064 0358 FFF7FEFF 		bl	SPI_CloseTransfer
 971:HW_Lib/STM32H7/HAL_Lib/STM32H7xx_HAL_Driver/Src/stm32h7xx_hal_spi.c **** 
 972:HW_Lib/STM32H7/HAL_Lib/STM32H7xx_HAL_Driver/Src/stm32h7xx_hal_spi.c ****           /* Unlock the process */
 973:HW_Lib/STM32H7/HAL_Lib/STM32H7xx_HAL_Driver/Src/stm32h7xx_hal_spi.c ****           __HAL_UNLOCK(hspi);
 1065              		.loc 1 973 11
 1066 035c FB68     		ldr	r3, [r7, #12]
 1067 035e 0022     		movs	r2, #0
 1068 0360 83F88020 		strb	r2, [r3, #128]
 974:HW_Lib/STM32H7/HAL_Lib/STM32H7xx_HAL_Driver/Src/stm32h7xx_hal_spi.c **** 
 975:HW_Lib/STM32H7/HAL_Lib/STM32H7xx_HAL_Driver/Src/stm32h7xx_hal_spi.c ****           SET_BIT(hspi->ErrorCode, HAL_SPI_ERROR_TIMEOUT);
 1069              		.loc 1 975 11
 1070 0364 FB68     		ldr	r3, [r7, #12]
 1071 0366 D3F88430 		ldr	r3, [r3, #132]
 1072 036a 43F48072 		orr	r2, r3, #256
 1073 036e FB68     		ldr	r3, [r7, #12]
 1074 0370 C3F88420 		str	r2, [r3, #132]
 976:HW_Lib/STM32H7/HAL_Lib/STM32H7xx_HAL_Driver/Src/stm32h7xx_hal_spi.c ****           hspi->State = HAL_SPI_STATE_READY;
 1075              		.loc 1 976 23
 1076 0374 FB68     		ldr	r3, [r7, #12]
 1077 0376 0122     		movs	r2, #1
ARM GAS  C:\Users\HUAV\AppData\Local\Temp\ccYQlmuE.s 			page 37


 1078 0378 83F88120 		strb	r2, [r3, #129]
 977:HW_Lib/STM32H7/HAL_Lib/STM32H7xx_HAL_Driver/Src/stm32h7xx_hal_spi.c ****           return HAL_TIMEOUT;
 1079              		.loc 1 977 18
 1080 037c 0323     		movs	r3, #3
 1081 037e 2CE0     		b	.L24
 1082              	.L45:
 936:HW_Lib/STM32H7/HAL_Lib/STM32H7xx_HAL_Driver/Src/stm32h7xx_hal_spi.c ****     {
 1083              		.loc 1 936 16
 1084 0380 FB68     		ldr	r3, [r7, #12]
 1085 0382 B3F86230 		ldrh	r3, [r3, #98]	@ movhi
 1086 0386 9BB2     		uxth	r3, r3
 936:HW_Lib/STM32H7/HAL_Lib/STM32H7xx_HAL_Driver/Src/stm32h7xx_hal_spi.c ****     {
 1087              		.loc 1 936 11
 1088 0388 002B     		cmp	r3, #0
 1089 038a 7FF478AF 		bne	.L52
 1090              	.L36:
 978:HW_Lib/STM32H7/HAL_Lib/STM32H7xx_HAL_Driver/Src/stm32h7xx_hal_spi.c ****         }
 979:HW_Lib/STM32H7/HAL_Lib/STM32H7xx_HAL_Driver/Src/stm32h7xx_hal_spi.c ****       }
 980:HW_Lib/STM32H7/HAL_Lib/STM32H7xx_HAL_Driver/Src/stm32h7xx_hal_spi.c ****     }
 981:HW_Lib/STM32H7/HAL_Lib/STM32H7xx_HAL_Driver/Src/stm32h7xx_hal_spi.c ****   }
 982:HW_Lib/STM32H7/HAL_Lib/STM32H7xx_HAL_Driver/Src/stm32h7xx_hal_spi.c **** 
 983:HW_Lib/STM32H7/HAL_Lib/STM32H7xx_HAL_Driver/Src/stm32h7xx_hal_spi.c ****   /* Wait for Tx (and CRC) data to be sent */
 984:HW_Lib/STM32H7/HAL_Lib/STM32H7xx_HAL_Driver/Src/stm32h7xx_hal_spi.c ****   if (SPI_WaitOnFlagUntilTimeout(hspi, SPI_FLAG_EOT, RESET, tickstart, Timeout) != HAL_OK)
 1091              		.loc 1 984 7
 1092 038e 3B68     		ldr	r3, [r7]
 1093 0390 0093     		str	r3, [sp]
 1094 0392 7B69     		ldr	r3, [r7, #20]
 1095 0394 0022     		movs	r2, #0
 1096 0396 0821     		movs	r1, #8
 1097 0398 F868     		ldr	r0, [r7, #12]
 1098 039a FFF7FEFF 		bl	SPI_WaitOnFlagUntilTimeout
 1099 039e 0346     		mov	r3, r0
 1100              		.loc 1 984 6
 1101 03a0 002B     		cmp	r3, #0
 1102 03a2 07D0     		beq	.L53
 985:HW_Lib/STM32H7/HAL_Lib/STM32H7xx_HAL_Driver/Src/stm32h7xx_hal_spi.c ****   {
 986:HW_Lib/STM32H7/HAL_Lib/STM32H7xx_HAL_Driver/Src/stm32h7xx_hal_spi.c ****     SET_BIT(hspi->ErrorCode, HAL_SPI_ERROR_FLAG);
 1103              		.loc 1 986 5
 1104 03a4 FB68     		ldr	r3, [r7, #12]
 1105 03a6 D3F88430 		ldr	r3, [r3, #132]
 1106 03aa 43F02002 		orr	r2, r3, #32
 1107 03ae FB68     		ldr	r3, [r7, #12]
 1108 03b0 C3F88420 		str	r2, [r3, #132]
 1109              	.L53:
 987:HW_Lib/STM32H7/HAL_Lib/STM32H7xx_HAL_Driver/Src/stm32h7xx_hal_spi.c ****   }
 988:HW_Lib/STM32H7/HAL_Lib/STM32H7xx_HAL_Driver/Src/stm32h7xx_hal_spi.c **** 
 989:HW_Lib/STM32H7/HAL_Lib/STM32H7xx_HAL_Driver/Src/stm32h7xx_hal_spi.c ****   /* Call standard close procedure with error check */
 990:HW_Lib/STM32H7/HAL_Lib/STM32H7xx_HAL_Driver/Src/stm32h7xx_hal_spi.c ****   SPI_CloseTransfer(hspi);
 1110              		.loc 1 990 3
 1111 03b4 F868     		ldr	r0, [r7, #12]
 1112 03b6 FFF7FEFF 		bl	SPI_CloseTransfer
 991:HW_Lib/STM32H7/HAL_Lib/STM32H7xx_HAL_Driver/Src/stm32h7xx_hal_spi.c **** 
 992:HW_Lib/STM32H7/HAL_Lib/STM32H7xx_HAL_Driver/Src/stm32h7xx_hal_spi.c ****   /* Unlock the process */
 993:HW_Lib/STM32H7/HAL_Lib/STM32H7xx_HAL_Driver/Src/stm32h7xx_hal_spi.c ****   __HAL_UNLOCK(hspi);
 1113              		.loc 1 993 3
 1114 03ba FB68     		ldr	r3, [r7, #12]
 1115 03bc 0022     		movs	r2, #0
ARM GAS  C:\Users\HUAV\AppData\Local\Temp\ccYQlmuE.s 			page 38


 1116 03be 83F88020 		strb	r2, [r3, #128]
 994:HW_Lib/STM32H7/HAL_Lib/STM32H7xx_HAL_Driver/Src/stm32h7xx_hal_spi.c **** 
 995:HW_Lib/STM32H7/HAL_Lib/STM32H7xx_HAL_Driver/Src/stm32h7xx_hal_spi.c ****   hspi->State = HAL_SPI_STATE_READY;
 1117              		.loc 1 995 15
 1118 03c2 FB68     		ldr	r3, [r7, #12]
 1119 03c4 0122     		movs	r2, #1
 1120 03c6 83F88120 		strb	r2, [r3, #129]
 996:HW_Lib/STM32H7/HAL_Lib/STM32H7xx_HAL_Driver/Src/stm32h7xx_hal_spi.c **** 
 997:HW_Lib/STM32H7/HAL_Lib/STM32H7xx_HAL_Driver/Src/stm32h7xx_hal_spi.c ****   if (hspi->ErrorCode != HAL_SPI_ERROR_NONE)
 1121              		.loc 1 997 11
 1122 03ca FB68     		ldr	r3, [r7, #12]
 1123 03cc D3F88430 		ldr	r3, [r3, #132]
 1124              		.loc 1 997 6
 1125 03d0 002B     		cmp	r3, #0
 1126 03d2 01D0     		beq	.L54
 998:HW_Lib/STM32H7/HAL_Lib/STM32H7xx_HAL_Driver/Src/stm32h7xx_hal_spi.c ****   {
 999:HW_Lib/STM32H7/HAL_Lib/STM32H7xx_HAL_Driver/Src/stm32h7xx_hal_spi.c ****     return HAL_ERROR;
 1127              		.loc 1 999 12
 1128 03d4 0123     		movs	r3, #1
 1129 03d6 00E0     		b	.L24
 1130              	.L54:
1000:HW_Lib/STM32H7/HAL_Lib/STM32H7xx_HAL_Driver/Src/stm32h7xx_hal_spi.c ****   }
1001:HW_Lib/STM32H7/HAL_Lib/STM32H7xx_HAL_Driver/Src/stm32h7xx_hal_spi.c ****   return errorcode;
 1131              		.loc 1 1001 10
 1132 03d8 FB7E     		ldrb	r3, [r7, #27]	@ zero_extendqisi2
 1133              	.L24:
1002:HW_Lib/STM32H7/HAL_Lib/STM32H7xx_HAL_Driver/Src/stm32h7xx_hal_spi.c **** }
 1134              		.loc 1 1002 1
 1135 03da 1846     		mov	r0, r3
 1136 03dc 2037     		adds	r7, r7, #32
 1137              	.LCFI25:
 1138              		.cfi_def_cfa_offset 8
 1139 03de BD46     		mov	sp, r7
 1140              	.LCFI26:
 1141              		.cfi_def_cfa_register 13
 1142              		@ sp needed
 1143 03e0 80BD     		pop	{r7, pc}
 1144              		.cfi_endproc
 1145              	.LFE337:
 1147 03e2 00BF     		.section	.text.HAL_SPI_Receive,"ax",%progbits
 1148              		.align	1
 1149              		.global	HAL_SPI_Receive
 1150              		.syntax unified
 1151              		.thumb
 1152              		.thumb_func
 1154              	HAL_SPI_Receive:
 1155              	.LFB338:
1003:HW_Lib/STM32H7/HAL_Lib/STM32H7xx_HAL_Driver/Src/stm32h7xx_hal_spi.c **** 
1004:HW_Lib/STM32H7/HAL_Lib/STM32H7xx_HAL_Driver/Src/stm32h7xx_hal_spi.c **** /**
1005:HW_Lib/STM32H7/HAL_Lib/STM32H7xx_HAL_Driver/Src/stm32h7xx_hal_spi.c ****   * @brief  Receive an amount of data in blocking mode.
1006:HW_Lib/STM32H7/HAL_Lib/STM32H7xx_HAL_Driver/Src/stm32h7xx_hal_spi.c ****   * @param  hspi   : pointer to a SPI_HandleTypeDef structure that contains
1007:HW_Lib/STM32H7/HAL_Lib/STM32H7xx_HAL_Driver/Src/stm32h7xx_hal_spi.c ****   *                  the configuration information for SPI module.
1008:HW_Lib/STM32H7/HAL_Lib/STM32H7xx_HAL_Driver/Src/stm32h7xx_hal_spi.c ****   * @param  pData  : pointer to data buffer
1009:HW_Lib/STM32H7/HAL_Lib/STM32H7xx_HAL_Driver/Src/stm32h7xx_hal_spi.c ****   * @param  Size   : amount of data to be received
1010:HW_Lib/STM32H7/HAL_Lib/STM32H7xx_HAL_Driver/Src/stm32h7xx_hal_spi.c ****   * @param  Timeout: Timeout duration
1011:HW_Lib/STM32H7/HAL_Lib/STM32H7xx_HAL_Driver/Src/stm32h7xx_hal_spi.c ****   * @retval HAL status
1012:HW_Lib/STM32H7/HAL_Lib/STM32H7xx_HAL_Driver/Src/stm32h7xx_hal_spi.c ****   */
ARM GAS  C:\Users\HUAV\AppData\Local\Temp\ccYQlmuE.s 			page 39


1013:HW_Lib/STM32H7/HAL_Lib/STM32H7xx_HAL_Driver/Src/stm32h7xx_hal_spi.c **** HAL_StatusTypeDef HAL_SPI_Receive(SPI_HandleTypeDef *hspi, uint8_t *pData, uint16_t Size, uint32_t 
1014:HW_Lib/STM32H7/HAL_Lib/STM32H7xx_HAL_Driver/Src/stm32h7xx_hal_spi.c **** {
 1156              		.loc 1 1014 1
 1157              		.cfi_startproc
 1158              		@ args = 0, pretend = 0, frame = 32
 1159              		@ frame_needed = 1, uses_anonymous_args = 0
 1160 0000 80B5     		push	{r7, lr}
 1161              	.LCFI27:
 1162              		.cfi_def_cfa_offset 8
 1163              		.cfi_offset 7, -8
 1164              		.cfi_offset 14, -4
 1165 0002 8AB0     		sub	sp, sp, #40
 1166              	.LCFI28:
 1167              		.cfi_def_cfa_offset 48
 1168 0004 02AF     		add	r7, sp, #8
 1169              	.LCFI29:
 1170              		.cfi_def_cfa 7, 40
 1171 0006 F860     		str	r0, [r7, #12]
 1172 0008 B960     		str	r1, [r7, #8]
 1173 000a 3B60     		str	r3, [r7]
 1174 000c 1346     		mov	r3, r2	@ movhi
 1175 000e FB80     		strh	r3, [r7, #6]	@ movhi
1015:HW_Lib/STM32H7/HAL_Lib/STM32H7xx_HAL_Driver/Src/stm32h7xx_hal_spi.c ****   uint32_t tickstart;
1016:HW_Lib/STM32H7/HAL_Lib/STM32H7xx_HAL_Driver/Src/stm32h7xx_hal_spi.c ****   HAL_StatusTypeDef errorcode = HAL_OK;
 1176              		.loc 1 1016 21
 1177 0010 0023     		movs	r3, #0
 1178 0012 FB77     		strb	r3, [r7, #31]
1017:HW_Lib/STM32H7/HAL_Lib/STM32H7xx_HAL_Driver/Src/stm32h7xx_hal_spi.c **** #if defined (__GNUC__)
1018:HW_Lib/STM32H7/HAL_Lib/STM32H7xx_HAL_Driver/Src/stm32h7xx_hal_spi.c ****   __IO uint16_t *prxdr_16bits = (__IO uint16_t *)(&(hspi->Instance->RXDR));
 1179              		.loc 1 1018 57
 1180 0014 FB68     		ldr	r3, [r7, #12]
 1181 0016 1B68     		ldr	r3, [r3]
 1182              		.loc 1 1018 18
 1183 0018 3033     		adds	r3, r3, #48
 1184 001a BB61     		str	r3, [r7, #24]
1019:HW_Lib/STM32H7/HAL_Lib/STM32H7xx_HAL_Driver/Src/stm32h7xx_hal_spi.c **** #endif /* __GNUC__ */
1020:HW_Lib/STM32H7/HAL_Lib/STM32H7xx_HAL_Driver/Src/stm32h7xx_hal_spi.c **** 
1021:HW_Lib/STM32H7/HAL_Lib/STM32H7xx_HAL_Driver/Src/stm32h7xx_hal_spi.c ****   /* Check Direction parameter */
1022:HW_Lib/STM32H7/HAL_Lib/STM32H7xx_HAL_Driver/Src/stm32h7xx_hal_spi.c ****   assert_param(IS_SPI_DIRECTION_2LINES_OR_1LINE_2LINES_RXONLY(hspi->Init.Direction));
1023:HW_Lib/STM32H7/HAL_Lib/STM32H7xx_HAL_Driver/Src/stm32h7xx_hal_spi.c **** 
1024:HW_Lib/STM32H7/HAL_Lib/STM32H7xx_HAL_Driver/Src/stm32h7xx_hal_spi.c ****   if ((hspi->Init.Mode == SPI_MODE_MASTER) && (hspi->Init.Direction == SPI_DIRECTION_2LINES))
 1185              		.loc 1 1024 18
 1186 001c FB68     		ldr	r3, [r7, #12]
 1187 001e 5B68     		ldr	r3, [r3, #4]
 1188              		.loc 1 1024 6
 1189 0020 B3F5800F 		cmp	r3, #4194304
 1190 0024 12D1     		bne	.L58
 1191              		.loc 1 1024 58 discriminator 1
 1192 0026 FB68     		ldr	r3, [r7, #12]
 1193 0028 9B68     		ldr	r3, [r3, #8]
 1194              		.loc 1 1024 44 discriminator 1
 1195 002a 002B     		cmp	r3, #0
 1196 002c 0ED1     		bne	.L58
1025:HW_Lib/STM32H7/HAL_Lib/STM32H7xx_HAL_Driver/Src/stm32h7xx_hal_spi.c ****   {
1026:HW_Lib/STM32H7/HAL_Lib/STM32H7xx_HAL_Driver/Src/stm32h7xx_hal_spi.c ****     hspi->State = HAL_SPI_STATE_BUSY_RX;
 1197              		.loc 1 1026 17
 1198 002e FB68     		ldr	r3, [r7, #12]
ARM GAS  C:\Users\HUAV\AppData\Local\Temp\ccYQlmuE.s 			page 40


 1199 0030 0422     		movs	r2, #4
 1200 0032 83F88120 		strb	r2, [r3, #129]
1027:HW_Lib/STM32H7/HAL_Lib/STM32H7xx_HAL_Driver/Src/stm32h7xx_hal_spi.c ****     /* Call transmit-receive function to send Dummy data on Tx line and generate clock on CLK line 
1028:HW_Lib/STM32H7/HAL_Lib/STM32H7xx_HAL_Driver/Src/stm32h7xx_hal_spi.c ****     return HAL_SPI_TransmitReceive(hspi, pData, pData, Size, Timeout);
 1201              		.loc 1 1028 12
 1202 0036 FA88     		ldrh	r2, [r7, #6]
 1203 0038 3B68     		ldr	r3, [r7]
 1204 003a 0093     		str	r3, [sp]
 1205 003c 1346     		mov	r3, r2
 1206 003e BA68     		ldr	r2, [r7, #8]
 1207 0040 B968     		ldr	r1, [r7, #8]
 1208 0042 F868     		ldr	r0, [r7, #12]
 1209 0044 FFF7FEFF 		bl	HAL_SPI_TransmitReceive
 1210 0048 0346     		mov	r3, r0
 1211 004a C7E1     		b	.L59
 1212              	.L58:
1029:HW_Lib/STM32H7/HAL_Lib/STM32H7xx_HAL_Driver/Src/stm32h7xx_hal_spi.c ****   }
1030:HW_Lib/STM32H7/HAL_Lib/STM32H7xx_HAL_Driver/Src/stm32h7xx_hal_spi.c **** 
1031:HW_Lib/STM32H7/HAL_Lib/STM32H7xx_HAL_Driver/Src/stm32h7xx_hal_spi.c ****   /* Lock the process */
1032:HW_Lib/STM32H7/HAL_Lib/STM32H7xx_HAL_Driver/Src/stm32h7xx_hal_spi.c ****   __HAL_LOCK(hspi);
 1213              		.loc 1 1032 3
 1214 004c FB68     		ldr	r3, [r7, #12]
 1215 004e 93F88030 		ldrb	r3, [r3, #128]	@ zero_extendqisi2
 1216 0052 012B     		cmp	r3, #1
 1217 0054 01D1     		bne	.L60
 1218              		.loc 1 1032 3 is_stmt 0 discriminator 1
 1219 0056 0223     		movs	r3, #2
 1220 0058 C0E1     		b	.L59
 1221              	.L60:
 1222              		.loc 1 1032 3 discriminator 2
 1223 005a FB68     		ldr	r3, [r7, #12]
 1224 005c 0122     		movs	r2, #1
 1225 005e 83F88020 		strb	r2, [r3, #128]
1033:HW_Lib/STM32H7/HAL_Lib/STM32H7xx_HAL_Driver/Src/stm32h7xx_hal_spi.c **** 
1034:HW_Lib/STM32H7/HAL_Lib/STM32H7xx_HAL_Driver/Src/stm32h7xx_hal_spi.c ****   /* Init tickstart for timeout management*/
1035:HW_Lib/STM32H7/HAL_Lib/STM32H7xx_HAL_Driver/Src/stm32h7xx_hal_spi.c ****   tickstart = HAL_GetTick();
 1226              		.loc 1 1035 15 is_stmt 1 discriminator 2
 1227 0062 FFF7FEFF 		bl	HAL_GetTick
 1228 0066 7861     		str	r0, [r7, #20]
1036:HW_Lib/STM32H7/HAL_Lib/STM32H7xx_HAL_Driver/Src/stm32h7xx_hal_spi.c **** 
1037:HW_Lib/STM32H7/HAL_Lib/STM32H7xx_HAL_Driver/Src/stm32h7xx_hal_spi.c ****   if (hspi->State != HAL_SPI_STATE_READY)
 1229              		.loc 1 1037 11 discriminator 2
 1230 0068 FB68     		ldr	r3, [r7, #12]
 1231 006a 93F88130 		ldrb	r3, [r3, #129]
 1232 006e DBB2     		uxtb	r3, r3
 1233              		.loc 1 1037 6 discriminator 2
 1234 0070 012B     		cmp	r3, #1
 1235 0072 07D0     		beq	.L61
1038:HW_Lib/STM32H7/HAL_Lib/STM32H7xx_HAL_Driver/Src/stm32h7xx_hal_spi.c ****   {
1039:HW_Lib/STM32H7/HAL_Lib/STM32H7xx_HAL_Driver/Src/stm32h7xx_hal_spi.c ****     errorcode = HAL_BUSY;
 1236              		.loc 1 1039 15
 1237 0074 0223     		movs	r3, #2
 1238 0076 FB77     		strb	r3, [r7, #31]
1040:HW_Lib/STM32H7/HAL_Lib/STM32H7xx_HAL_Driver/Src/stm32h7xx_hal_spi.c ****     __HAL_UNLOCK(hspi);
 1239              		.loc 1 1040 5
 1240 0078 FB68     		ldr	r3, [r7, #12]
 1241 007a 0022     		movs	r2, #0
ARM GAS  C:\Users\HUAV\AppData\Local\Temp\ccYQlmuE.s 			page 41


 1242 007c 83F88020 		strb	r2, [r3, #128]
1041:HW_Lib/STM32H7/HAL_Lib/STM32H7xx_HAL_Driver/Src/stm32h7xx_hal_spi.c ****     return errorcode;
 1243              		.loc 1 1041 12
 1244 0080 FB7F     		ldrb	r3, [r7, #31]	@ zero_extendqisi2
 1245 0082 ABE1     		b	.L59
 1246              	.L61:
1042:HW_Lib/STM32H7/HAL_Lib/STM32H7xx_HAL_Driver/Src/stm32h7xx_hal_spi.c ****   }
1043:HW_Lib/STM32H7/HAL_Lib/STM32H7xx_HAL_Driver/Src/stm32h7xx_hal_spi.c **** 
1044:HW_Lib/STM32H7/HAL_Lib/STM32H7xx_HAL_Driver/Src/stm32h7xx_hal_spi.c ****   if ((pData == NULL) || (Size == 0UL))
 1247              		.loc 1 1044 6
 1248 0084 BB68     		ldr	r3, [r7, #8]
 1249 0086 002B     		cmp	r3, #0
 1250 0088 02D0     		beq	.L62
 1251              		.loc 1 1044 23 discriminator 1
 1252 008a FB88     		ldrh	r3, [r7, #6]
 1253 008c 002B     		cmp	r3, #0
 1254 008e 07D1     		bne	.L63
 1255              	.L62:
1045:HW_Lib/STM32H7/HAL_Lib/STM32H7xx_HAL_Driver/Src/stm32h7xx_hal_spi.c ****   {
1046:HW_Lib/STM32H7/HAL_Lib/STM32H7xx_HAL_Driver/Src/stm32h7xx_hal_spi.c ****     errorcode = HAL_ERROR;
 1256              		.loc 1 1046 15
 1257 0090 0123     		movs	r3, #1
 1258 0092 FB77     		strb	r3, [r7, #31]
1047:HW_Lib/STM32H7/HAL_Lib/STM32H7xx_HAL_Driver/Src/stm32h7xx_hal_spi.c ****     __HAL_UNLOCK(hspi);
 1259              		.loc 1 1047 5
 1260 0094 FB68     		ldr	r3, [r7, #12]
 1261 0096 0022     		movs	r2, #0
 1262 0098 83F88020 		strb	r2, [r3, #128]
1048:HW_Lib/STM32H7/HAL_Lib/STM32H7xx_HAL_Driver/Src/stm32h7xx_hal_spi.c ****     return errorcode;
 1263              		.loc 1 1048 12
 1264 009c FB7F     		ldrb	r3, [r7, #31]	@ zero_extendqisi2
 1265 009e 9DE1     		b	.L59
 1266              	.L63:
1049:HW_Lib/STM32H7/HAL_Lib/STM32H7xx_HAL_Driver/Src/stm32h7xx_hal_spi.c ****   }
1050:HW_Lib/STM32H7/HAL_Lib/STM32H7xx_HAL_Driver/Src/stm32h7xx_hal_spi.c **** 
1051:HW_Lib/STM32H7/HAL_Lib/STM32H7xx_HAL_Driver/Src/stm32h7xx_hal_spi.c ****   /* Set the transaction information */
1052:HW_Lib/STM32H7/HAL_Lib/STM32H7xx_HAL_Driver/Src/stm32h7xx_hal_spi.c ****   hspi->State       = HAL_SPI_STATE_BUSY_RX;
 1267              		.loc 1 1052 21
 1268 00a0 FB68     		ldr	r3, [r7, #12]
 1269 00a2 0422     		movs	r2, #4
 1270 00a4 83F88120 		strb	r2, [r3, #129]
1053:HW_Lib/STM32H7/HAL_Lib/STM32H7xx_HAL_Driver/Src/stm32h7xx_hal_spi.c ****   hspi->ErrorCode   = HAL_SPI_ERROR_NONE;
 1271              		.loc 1 1053 21
 1272 00a8 FB68     		ldr	r3, [r7, #12]
 1273 00aa 0022     		movs	r2, #0
 1274 00ac C3F88420 		str	r2, [r3, #132]
1054:HW_Lib/STM32H7/HAL_Lib/STM32H7xx_HAL_Driver/Src/stm32h7xx_hal_spi.c ****   hspi->pRxBuffPtr  = (uint8_t *)pData;
 1275              		.loc 1 1054 21
 1276 00b0 FB68     		ldr	r3, [r7, #12]
 1277 00b2 BA68     		ldr	r2, [r7, #8]
 1278 00b4 5A66     		str	r2, [r3, #100]
1055:HW_Lib/STM32H7/HAL_Lib/STM32H7xx_HAL_Driver/Src/stm32h7xx_hal_spi.c ****   hspi->RxXferSize  = Size;
 1279              		.loc 1 1055 21
 1280 00b6 FB68     		ldr	r3, [r7, #12]
 1281 00b8 FA88     		ldrh	r2, [r7, #6]	@ movhi
 1282 00ba A3F86820 		strh	r2, [r3, #104]	@ movhi
1056:HW_Lib/STM32H7/HAL_Lib/STM32H7xx_HAL_Driver/Src/stm32h7xx_hal_spi.c ****   hspi->RxXferCount = Size;
ARM GAS  C:\Users\HUAV\AppData\Local\Temp\ccYQlmuE.s 			page 42


 1283              		.loc 1 1056 21
 1284 00be FB68     		ldr	r3, [r7, #12]
 1285 00c0 FA88     		ldrh	r2, [r7, #6]	@ movhi
 1286 00c2 A3F86A20 		strh	r2, [r3, #106]	@ movhi
1057:HW_Lib/STM32H7/HAL_Lib/STM32H7xx_HAL_Driver/Src/stm32h7xx_hal_spi.c **** 
1058:HW_Lib/STM32H7/HAL_Lib/STM32H7xx_HAL_Driver/Src/stm32h7xx_hal_spi.c ****   /*Init field not used in handle to zero */
1059:HW_Lib/STM32H7/HAL_Lib/STM32H7xx_HAL_Driver/Src/stm32h7xx_hal_spi.c ****   hspi->pTxBuffPtr  = NULL;
 1287              		.loc 1 1059 21
 1288 00c6 FB68     		ldr	r3, [r7, #12]
 1289 00c8 0022     		movs	r2, #0
 1290 00ca DA65     		str	r2, [r3, #92]
1060:HW_Lib/STM32H7/HAL_Lib/STM32H7xx_HAL_Driver/Src/stm32h7xx_hal_spi.c ****   hspi->TxXferSize  = (uint16_t) 0UL;
 1291              		.loc 1 1060 21
 1292 00cc FB68     		ldr	r3, [r7, #12]
 1293 00ce 0022     		movs	r2, #0
 1294 00d0 A3F86020 		strh	r2, [r3, #96]	@ movhi
1061:HW_Lib/STM32H7/HAL_Lib/STM32H7xx_HAL_Driver/Src/stm32h7xx_hal_spi.c ****   hspi->TxXferCount = (uint16_t) 0UL;
 1295              		.loc 1 1061 21
 1296 00d4 FB68     		ldr	r3, [r7, #12]
 1297 00d6 0022     		movs	r2, #0
 1298 00d8 A3F86220 		strh	r2, [r3, #98]	@ movhi
1062:HW_Lib/STM32H7/HAL_Lib/STM32H7xx_HAL_Driver/Src/stm32h7xx_hal_spi.c ****   hspi->RxISR       = NULL;
 1299              		.loc 1 1062 21
 1300 00dc FB68     		ldr	r3, [r7, #12]
 1301 00de 0022     		movs	r2, #0
 1302 00e0 1A67     		str	r2, [r3, #112]
1063:HW_Lib/STM32H7/HAL_Lib/STM32H7xx_HAL_Driver/Src/stm32h7xx_hal_spi.c ****   hspi->TxISR       = NULL;
 1303              		.loc 1 1063 21
 1304 00e2 FB68     		ldr	r3, [r7, #12]
 1305 00e4 0022     		movs	r2, #0
 1306 00e6 5A67     		str	r2, [r3, #116]
1064:HW_Lib/STM32H7/HAL_Lib/STM32H7xx_HAL_Driver/Src/stm32h7xx_hal_spi.c **** 
1065:HW_Lib/STM32H7/HAL_Lib/STM32H7xx_HAL_Driver/Src/stm32h7xx_hal_spi.c ****   /* Configure communication direction: 1Line */
1066:HW_Lib/STM32H7/HAL_Lib/STM32H7xx_HAL_Driver/Src/stm32h7xx_hal_spi.c ****   if (hspi->Init.Direction == SPI_DIRECTION_1LINE)
 1307              		.loc 1 1066 17
 1308 00e8 FB68     		ldr	r3, [r7, #12]
 1309 00ea 9B68     		ldr	r3, [r3, #8]
 1310              		.loc 1 1066 6
 1311 00ec B3F5C02F 		cmp	r3, #393216
 1312 00f0 07D1     		bne	.L64
1067:HW_Lib/STM32H7/HAL_Lib/STM32H7xx_HAL_Driver/Src/stm32h7xx_hal_spi.c ****   {
1068:HW_Lib/STM32H7/HAL_Lib/STM32H7xx_HAL_Driver/Src/stm32h7xx_hal_spi.c ****     SPI_1LINE_RX(hspi);
 1313              		.loc 1 1068 5
 1314 00f2 FB68     		ldr	r3, [r7, #12]
 1315 00f4 1B68     		ldr	r3, [r3]
 1316 00f6 1A68     		ldr	r2, [r3]
 1317 00f8 FB68     		ldr	r3, [r7, #12]
 1318 00fa 1B68     		ldr	r3, [r3]
 1319 00fc 22F40062 		bic	r2, r2, #2048
 1320 0100 1A60     		str	r2, [r3]
 1321              	.L64:
1069:HW_Lib/STM32H7/HAL_Lib/STM32H7xx_HAL_Driver/Src/stm32h7xx_hal_spi.c ****   }
1070:HW_Lib/STM32H7/HAL_Lib/STM32H7xx_HAL_Driver/Src/stm32h7xx_hal_spi.c **** 
1071:HW_Lib/STM32H7/HAL_Lib/STM32H7xx_HAL_Driver/Src/stm32h7xx_hal_spi.c ****   /* Set the number of data at current transfer */
1072:HW_Lib/STM32H7/HAL_Lib/STM32H7xx_HAL_Driver/Src/stm32h7xx_hal_spi.c ****   MODIFY_REG(hspi->Instance->CR2, SPI_CR2_TSIZE, Size);
 1322              		.loc 1 1072 3
 1323 0102 FB68     		ldr	r3, [r7, #12]
ARM GAS  C:\Users\HUAV\AppData\Local\Temp\ccYQlmuE.s 			page 43


 1324 0104 1B68     		ldr	r3, [r3]
 1325 0106 5A68     		ldr	r2, [r3, #4]
 1326 0108 944B     		ldr	r3, .L88
 1327 010a 1340     		ands	r3, r3, r2
 1328 010c F988     		ldrh	r1, [r7, #6]
 1329 010e FA68     		ldr	r2, [r7, #12]
 1330 0110 1268     		ldr	r2, [r2]
 1331 0112 0B43     		orrs	r3, r3, r1
 1332 0114 5360     		str	r3, [r2, #4]
1073:HW_Lib/STM32H7/HAL_Lib/STM32H7xx_HAL_Driver/Src/stm32h7xx_hal_spi.c **** 
1074:HW_Lib/STM32H7/HAL_Lib/STM32H7xx_HAL_Driver/Src/stm32h7xx_hal_spi.c ****   /* Enable SPI peripheral */
1075:HW_Lib/STM32H7/HAL_Lib/STM32H7xx_HAL_Driver/Src/stm32h7xx_hal_spi.c ****   __HAL_SPI_ENABLE(hspi);
 1333              		.loc 1 1075 3
 1334 0116 FB68     		ldr	r3, [r7, #12]
 1335 0118 1B68     		ldr	r3, [r3]
 1336 011a 1A68     		ldr	r2, [r3]
 1337 011c FB68     		ldr	r3, [r7, #12]
 1338 011e 1B68     		ldr	r3, [r3]
 1339 0120 42F00102 		orr	r2, r2, #1
 1340 0124 1A60     		str	r2, [r3]
1076:HW_Lib/STM32H7/HAL_Lib/STM32H7xx_HAL_Driver/Src/stm32h7xx_hal_spi.c **** 
1077:HW_Lib/STM32H7/HAL_Lib/STM32H7xx_HAL_Driver/Src/stm32h7xx_hal_spi.c ****   if (hspi->Init.Mode == SPI_MODE_MASTER)
 1341              		.loc 1 1077 17
 1342 0126 FB68     		ldr	r3, [r7, #12]
 1343 0128 5B68     		ldr	r3, [r3, #4]
 1344              		.loc 1 1077 6
 1345 012a B3F5800F 		cmp	r3, #4194304
 1346 012e 07D1     		bne	.L65
1078:HW_Lib/STM32H7/HAL_Lib/STM32H7xx_HAL_Driver/Src/stm32h7xx_hal_spi.c ****   {
1079:HW_Lib/STM32H7/HAL_Lib/STM32H7xx_HAL_Driver/Src/stm32h7xx_hal_spi.c ****     /* Master transfer start */
1080:HW_Lib/STM32H7/HAL_Lib/STM32H7xx_HAL_Driver/Src/stm32h7xx_hal_spi.c ****     SET_BIT(hspi->Instance->CR1, SPI_CR1_CSTART);
 1347              		.loc 1 1080 5
 1348 0130 FB68     		ldr	r3, [r7, #12]
 1349 0132 1B68     		ldr	r3, [r3]
 1350 0134 1A68     		ldr	r2, [r3]
 1351 0136 FB68     		ldr	r3, [r7, #12]
 1352 0138 1B68     		ldr	r3, [r3]
 1353 013a 42F40072 		orr	r2, r2, #512
 1354 013e 1A60     		str	r2, [r3]
 1355              	.L65:
1081:HW_Lib/STM32H7/HAL_Lib/STM32H7xx_HAL_Driver/Src/stm32h7xx_hal_spi.c ****   }
1082:HW_Lib/STM32H7/HAL_Lib/STM32H7xx_HAL_Driver/Src/stm32h7xx_hal_spi.c **** 
1083:HW_Lib/STM32H7/HAL_Lib/STM32H7xx_HAL_Driver/Src/stm32h7xx_hal_spi.c ****   /* Receive data in 32 Bit mode */
1084:HW_Lib/STM32H7/HAL_Lib/STM32H7xx_HAL_Driver/Src/stm32h7xx_hal_spi.c ****   if (hspi->Init.DataSize > SPI_DATASIZE_16BIT)
 1356              		.loc 1 1084 17
 1357 0140 FB68     		ldr	r3, [r7, #12]
 1358 0142 DB68     		ldr	r3, [r3, #12]
 1359              		.loc 1 1084 6
 1360 0144 0F2B     		cmp	r3, #15
 1361 0146 48D9     		bls	.L66
1085:HW_Lib/STM32H7/HAL_Lib/STM32H7xx_HAL_Driver/Src/stm32h7xx_hal_spi.c ****   {
1086:HW_Lib/STM32H7/HAL_Lib/STM32H7xx_HAL_Driver/Src/stm32h7xx_hal_spi.c ****     /* Transfer loop */
1087:HW_Lib/STM32H7/HAL_Lib/STM32H7xx_HAL_Driver/Src/stm32h7xx_hal_spi.c ****     while (hspi->RxXferCount > 0UL)
 1362              		.loc 1 1087 11
 1363 0148 40E0     		b	.L67
 1364              	.L71:
1088:HW_Lib/STM32H7/HAL_Lib/STM32H7xx_HAL_Driver/Src/stm32h7xx_hal_spi.c ****     {
ARM GAS  C:\Users\HUAV\AppData\Local\Temp\ccYQlmuE.s 			page 44


1089:HW_Lib/STM32H7/HAL_Lib/STM32H7xx_HAL_Driver/Src/stm32h7xx_hal_spi.c ****       /* Check the RXWNE/EOT flag */
1090:HW_Lib/STM32H7/HAL_Lib/STM32H7xx_HAL_Driver/Src/stm32h7xx_hal_spi.c ****       if ((hspi->Instance->SR & (SPI_FLAG_RXWNE | SPI_FLAG_EOT)) != 0UL)
 1365              		.loc 1 1090 16
 1366 014a FB68     		ldr	r3, [r7, #12]
 1367 014c 1B68     		ldr	r3, [r3]
 1368              		.loc 1 1090 26
 1369 014e 5A69     		ldr	r2, [r3, #20]
 1370              		.loc 1 1090 31
 1371 0150 48F20803 		movw	r3, #32776
 1372 0154 1340     		ands	r3, r3, r2
 1373              		.loc 1 1090 10
 1374 0156 002B     		cmp	r3, #0
 1375 0158 14D0     		beq	.L68
1091:HW_Lib/STM32H7/HAL_Lib/STM32H7xx_HAL_Driver/Src/stm32h7xx_hal_spi.c ****       {
1092:HW_Lib/STM32H7/HAL_Lib/STM32H7xx_HAL_Driver/Src/stm32h7xx_hal_spi.c ****         *((uint32_t *)hspi->pRxBuffPtr) = *((__IO uint32_t *)&hspi->Instance->RXDR);
 1376              		.loc 1 1092 67
 1377 015a FB68     		ldr	r3, [r7, #12]
 1378 015c 1A68     		ldr	r2, [r3]
 1379              		.loc 1 1092 27
 1380 015e FB68     		ldr	r3, [r7, #12]
 1381 0160 5B6E     		ldr	r3, [r3, #100]
 1382              		.loc 1 1092 43
 1383 0162 126B     		ldr	r2, [r2, #48]
 1384              		.loc 1 1092 41
 1385 0164 1A60     		str	r2, [r3]
1093:HW_Lib/STM32H7/HAL_Lib/STM32H7xx_HAL_Driver/Src/stm32h7xx_hal_spi.c ****         hspi->pRxBuffPtr += sizeof(uint32_t);
 1386              		.loc 1 1093 26
 1387 0166 FB68     		ldr	r3, [r7, #12]
 1388 0168 5B6E     		ldr	r3, [r3, #100]
 1389 016a 1A1D     		adds	r2, r3, #4
 1390 016c FB68     		ldr	r3, [r7, #12]
 1391 016e 5A66     		str	r2, [r3, #100]
1094:HW_Lib/STM32H7/HAL_Lib/STM32H7xx_HAL_Driver/Src/stm32h7xx_hal_spi.c ****         hspi->RxXferCount--;
 1392              		.loc 1 1094 13
 1393 0170 FB68     		ldr	r3, [r7, #12]
 1394 0172 B3F86A30 		ldrh	r3, [r3, #106]	@ movhi
 1395 0176 9BB2     		uxth	r3, r3
 1396              		.loc 1 1094 26
 1397 0178 013B     		subs	r3, r3, #1
 1398 017a 9AB2     		uxth	r2, r3
 1399 017c FB68     		ldr	r3, [r7, #12]
 1400 017e A3F86A20 		strh	r2, [r3, #106]	@ movhi
 1401 0182 23E0     		b	.L67
 1402              	.L68:
1095:HW_Lib/STM32H7/HAL_Lib/STM32H7xx_HAL_Driver/Src/stm32h7xx_hal_spi.c ****       }
1096:HW_Lib/STM32H7/HAL_Lib/STM32H7xx_HAL_Driver/Src/stm32h7xx_hal_spi.c ****       else
1097:HW_Lib/STM32H7/HAL_Lib/STM32H7xx_HAL_Driver/Src/stm32h7xx_hal_spi.c ****       {
1098:HW_Lib/STM32H7/HAL_Lib/STM32H7xx_HAL_Driver/Src/stm32h7xx_hal_spi.c ****         /* Timeout management */
1099:HW_Lib/STM32H7/HAL_Lib/STM32H7xx_HAL_Driver/Src/stm32h7xx_hal_spi.c ****         if ((((HAL_GetTick() - tickstart) >=  Timeout) && (Timeout != HAL_MAX_DELAY)) || (Timeout =
 1403              		.loc 1 1099 16
 1404 0184 FFF7FEFF 		bl	HAL_GetTick
 1405 0188 0246     		mov	r2, r0
 1406              		.loc 1 1099 30
 1407 018a 7B69     		ldr	r3, [r7, #20]
 1408 018c D31A     		subs	r3, r2, r3
 1409              		.loc 1 1099 12
 1410 018e 3A68     		ldr	r2, [r7]
ARM GAS  C:\Users\HUAV\AppData\Local\Temp\ccYQlmuE.s 			page 45


 1411 0190 9A42     		cmp	r2, r3
 1412 0192 03D8     		bhi	.L69
 1413              		.loc 1 1099 56 discriminator 1
 1414 0194 3B68     		ldr	r3, [r7]
 1415 0196 B3F1FF3F 		cmp	r3, #-1
 1416 019a 02D1     		bne	.L70
 1417              	.L69:
 1418              		.loc 1 1099 87 discriminator 3
 1419 019c 3B68     		ldr	r3, [r7]
 1420 019e 002B     		cmp	r3, #0
 1421 01a0 14D1     		bne	.L67
 1422              	.L70:
1100:HW_Lib/STM32H7/HAL_Lib/STM32H7xx_HAL_Driver/Src/stm32h7xx_hal_spi.c ****         {
1101:HW_Lib/STM32H7/HAL_Lib/STM32H7xx_HAL_Driver/Src/stm32h7xx_hal_spi.c ****           /* Call standard close procedure with error check */
1102:HW_Lib/STM32H7/HAL_Lib/STM32H7xx_HAL_Driver/Src/stm32h7xx_hal_spi.c ****           SPI_CloseTransfer(hspi);
 1423              		.loc 1 1102 11
 1424 01a2 F868     		ldr	r0, [r7, #12]
 1425 01a4 FFF7FEFF 		bl	SPI_CloseTransfer
1103:HW_Lib/STM32H7/HAL_Lib/STM32H7xx_HAL_Driver/Src/stm32h7xx_hal_spi.c **** 
1104:HW_Lib/STM32H7/HAL_Lib/STM32H7xx_HAL_Driver/Src/stm32h7xx_hal_spi.c ****           /* Unlock the process */
1105:HW_Lib/STM32H7/HAL_Lib/STM32H7xx_HAL_Driver/Src/stm32h7xx_hal_spi.c ****           __HAL_UNLOCK(hspi);
 1426              		.loc 1 1105 11
 1427 01a8 FB68     		ldr	r3, [r7, #12]
 1428 01aa 0022     		movs	r2, #0
 1429 01ac 83F88020 		strb	r2, [r3, #128]
1106:HW_Lib/STM32H7/HAL_Lib/STM32H7xx_HAL_Driver/Src/stm32h7xx_hal_spi.c **** 
1107:HW_Lib/STM32H7/HAL_Lib/STM32H7xx_HAL_Driver/Src/stm32h7xx_hal_spi.c ****           SET_BIT(hspi->ErrorCode, HAL_SPI_ERROR_TIMEOUT);
 1430              		.loc 1 1107 11
 1431 01b0 FB68     		ldr	r3, [r7, #12]
 1432 01b2 D3F88430 		ldr	r3, [r3, #132]
 1433 01b6 43F48072 		orr	r2, r3, #256
 1434 01ba FB68     		ldr	r3, [r7, #12]
 1435 01bc C3F88420 		str	r2, [r3, #132]
1108:HW_Lib/STM32H7/HAL_Lib/STM32H7xx_HAL_Driver/Src/stm32h7xx_hal_spi.c ****           hspi->State = HAL_SPI_STATE_READY;
 1436              		.loc 1 1108 23
 1437 01c0 FB68     		ldr	r3, [r7, #12]
 1438 01c2 0122     		movs	r2, #1
 1439 01c4 83F88120 		strb	r2, [r3, #129]
1109:HW_Lib/STM32H7/HAL_Lib/STM32H7xx_HAL_Driver/Src/stm32h7xx_hal_spi.c ****           return HAL_TIMEOUT;
 1440              		.loc 1 1109 18
 1441 01c8 0323     		movs	r3, #3
 1442 01ca 07E1     		b	.L59
 1443              	.L67:
1087:HW_Lib/STM32H7/HAL_Lib/STM32H7xx_HAL_Driver/Src/stm32h7xx_hal_spi.c ****     {
 1444              		.loc 1 1087 16
 1445 01cc FB68     		ldr	r3, [r7, #12]
 1446 01ce B3F86A30 		ldrh	r3, [r3, #106]	@ movhi
 1447 01d2 9BB2     		uxth	r3, r3
1087:HW_Lib/STM32H7/HAL_Lib/STM32H7xx_HAL_Driver/Src/stm32h7xx_hal_spi.c ****     {
 1448              		.loc 1 1087 11
 1449 01d4 002B     		cmp	r3, #0
 1450 01d6 B8D1     		bne	.L71
 1451 01d8 EDE0     		b	.L72
 1452              	.L66:
1110:HW_Lib/STM32H7/HAL_Lib/STM32H7xx_HAL_Driver/Src/stm32h7xx_hal_spi.c ****         }
1111:HW_Lib/STM32H7/HAL_Lib/STM32H7xx_HAL_Driver/Src/stm32h7xx_hal_spi.c ****       }
1112:HW_Lib/STM32H7/HAL_Lib/STM32H7xx_HAL_Driver/Src/stm32h7xx_hal_spi.c ****     }
ARM GAS  C:\Users\HUAV\AppData\Local\Temp\ccYQlmuE.s 			page 46


1113:HW_Lib/STM32H7/HAL_Lib/STM32H7xx_HAL_Driver/Src/stm32h7xx_hal_spi.c ****   }
1114:HW_Lib/STM32H7/HAL_Lib/STM32H7xx_HAL_Driver/Src/stm32h7xx_hal_spi.c ****   /* Receive data in 16 Bit mode */
1115:HW_Lib/STM32H7/HAL_Lib/STM32H7xx_HAL_Driver/Src/stm32h7xx_hal_spi.c ****   else if (hspi->Init.DataSize > SPI_DATASIZE_8BIT)
 1453              		.loc 1 1115 22
 1454 01da FB68     		ldr	r3, [r7, #12]
 1455 01dc DB68     		ldr	r3, [r3, #12]
 1456              		.loc 1 1115 11
 1457 01de 072B     		cmp	r3, #7
 1458 01e0 40F2E280 		bls	.L80
1116:HW_Lib/STM32H7/HAL_Lib/STM32H7xx_HAL_Driver/Src/stm32h7xx_hal_spi.c ****   {
1117:HW_Lib/STM32H7/HAL_Lib/STM32H7xx_HAL_Driver/Src/stm32h7xx_hal_spi.c ****     /* Transfer loop */
1118:HW_Lib/STM32H7/HAL_Lib/STM32H7xx_HAL_Driver/Src/stm32h7xx_hal_spi.c ****     while (hspi->RxXferCount > 0UL)
 1459              		.loc 1 1118 11
 1460 01e4 5BE0     		b	.L74
 1461              	.L79:
1119:HW_Lib/STM32H7/HAL_Lib/STM32H7xx_HAL_Driver/Src/stm32h7xx_hal_spi.c ****     {
1120:HW_Lib/STM32H7/HAL_Lib/STM32H7xx_HAL_Driver/Src/stm32h7xx_hal_spi.c ****       /* Check the RXWNE/FRLVL flag */
1121:HW_Lib/STM32H7/HAL_Lib/STM32H7xx_HAL_Driver/Src/stm32h7xx_hal_spi.c ****       if ((hspi->Instance->SR & (SPI_FLAG_RXWNE | SPI_FLAG_FRLVL)) != 0UL)
 1462              		.loc 1 1121 16
 1463 01e6 FB68     		ldr	r3, [r7, #12]
 1464 01e8 1B68     		ldr	r3, [r3]
 1465              		.loc 1 1121 26
 1466 01ea 5B69     		ldr	r3, [r3, #20]
 1467              		.loc 1 1121 31
 1468 01ec 03F46043 		and	r3, r3, #57344
 1469              		.loc 1 1121 10
 1470 01f0 002B     		cmp	r3, #0
 1471 01f2 30D0     		beq	.L75
1122:HW_Lib/STM32H7/HAL_Lib/STM32H7xx_HAL_Driver/Src/stm32h7xx_hal_spi.c ****       {
1123:HW_Lib/STM32H7/HAL_Lib/STM32H7xx_HAL_Driver/Src/stm32h7xx_hal_spi.c ****         if ((hspi->Instance->SR & SPI_FLAG_RXWNE) != 0UL)
 1472              		.loc 1 1123 18
 1473 01f4 FB68     		ldr	r3, [r7, #12]
 1474 01f6 1B68     		ldr	r3, [r3]
 1475              		.loc 1 1123 28
 1476 01f8 5B69     		ldr	r3, [r3, #20]
 1477              		.loc 1 1123 33
 1478 01fa 03F40043 		and	r3, r3, #32768
 1479              		.loc 1 1123 12
 1480 01fe 002B     		cmp	r3, #0
 1481 0200 14D0     		beq	.L76
1124:HW_Lib/STM32H7/HAL_Lib/STM32H7xx_HAL_Driver/Src/stm32h7xx_hal_spi.c ****         {
1125:HW_Lib/STM32H7/HAL_Lib/STM32H7xx_HAL_Driver/Src/stm32h7xx_hal_spi.c ****           *((uint32_t *)hspi->pRxBuffPtr) = *((__IO uint32_t *)&hspi->Instance->RXDR);
 1482              		.loc 1 1125 69
 1483 0202 FB68     		ldr	r3, [r7, #12]
 1484 0204 1A68     		ldr	r2, [r3]
 1485              		.loc 1 1125 29
 1486 0206 FB68     		ldr	r3, [r7, #12]
 1487 0208 5B6E     		ldr	r3, [r3, #100]
 1488              		.loc 1 1125 45
 1489 020a 126B     		ldr	r2, [r2, #48]
 1490              		.loc 1 1125 43
 1491 020c 1A60     		str	r2, [r3]
1126:HW_Lib/STM32H7/HAL_Lib/STM32H7xx_HAL_Driver/Src/stm32h7xx_hal_spi.c ****           hspi->pRxBuffPtr += sizeof(uint32_t);
 1492              		.loc 1 1126 28
 1493 020e FB68     		ldr	r3, [r7, #12]
 1494 0210 5B6E     		ldr	r3, [r3, #100]
 1495 0212 1A1D     		adds	r2, r3, #4
ARM GAS  C:\Users\HUAV\AppData\Local\Temp\ccYQlmuE.s 			page 47


 1496 0214 FB68     		ldr	r3, [r7, #12]
 1497 0216 5A66     		str	r2, [r3, #100]
1127:HW_Lib/STM32H7/HAL_Lib/STM32H7xx_HAL_Driver/Src/stm32h7xx_hal_spi.c ****           hspi->RxXferCount -= (uint16_t)2UL;
 1498              		.loc 1 1127 29
 1499 0218 FB68     		ldr	r3, [r7, #12]
 1500 021a B3F86A30 		ldrh	r3, [r3, #106]	@ movhi
 1501 021e 9BB2     		uxth	r3, r3
 1502 0220 023B     		subs	r3, r3, #2
 1503 0222 9AB2     		uxth	r2, r3
 1504 0224 FB68     		ldr	r3, [r7, #12]
 1505 0226 A3F86A20 		strh	r2, [r3, #106]	@ movhi
 1506 022a 38E0     		b	.L74
 1507              	.L76:
1128:HW_Lib/STM32H7/HAL_Lib/STM32H7xx_HAL_Driver/Src/stm32h7xx_hal_spi.c ****         }
1129:HW_Lib/STM32H7/HAL_Lib/STM32H7xx_HAL_Driver/Src/stm32h7xx_hal_spi.c ****         else
1130:HW_Lib/STM32H7/HAL_Lib/STM32H7xx_HAL_Driver/Src/stm32h7xx_hal_spi.c ****         {
1131:HW_Lib/STM32H7/HAL_Lib/STM32H7xx_HAL_Driver/Src/stm32h7xx_hal_spi.c **** #if defined (__GNUC__)
1132:HW_Lib/STM32H7/HAL_Lib/STM32H7xx_HAL_Driver/Src/stm32h7xx_hal_spi.c ****           *((uint16_t *)hspi->pRxBuffPtr) = *prxdr_16bits;
 1508              		.loc 1 1132 29
 1509 022c FB68     		ldr	r3, [r7, #12]
 1510 022e 5B6E     		ldr	r3, [r3, #100]
 1511              		.loc 1 1132 45
 1512 0230 BA69     		ldr	r2, [r7, #24]
 1513 0232 1288     		ldrh	r2, [r2]	@ movhi
 1514 0234 92B2     		uxth	r2, r2
 1515              		.loc 1 1132 43
 1516 0236 1A80     		strh	r2, [r3]	@ movhi
1133:HW_Lib/STM32H7/HAL_Lib/STM32H7xx_HAL_Driver/Src/stm32h7xx_hal_spi.c **** #else
1134:HW_Lib/STM32H7/HAL_Lib/STM32H7xx_HAL_Driver/Src/stm32h7xx_hal_spi.c ****           *((uint16_t *)hspi->pRxBuffPtr) = *((__IO uint16_t *)&hspi->Instance->RXDR);
1135:HW_Lib/STM32H7/HAL_Lib/STM32H7xx_HAL_Driver/Src/stm32h7xx_hal_spi.c **** #endif /* __GNUC__ */
1136:HW_Lib/STM32H7/HAL_Lib/STM32H7xx_HAL_Driver/Src/stm32h7xx_hal_spi.c ****           hspi->pRxBuffPtr += sizeof(uint16_t);
 1517              		.loc 1 1136 28
 1518 0238 FB68     		ldr	r3, [r7, #12]
 1519 023a 5B6E     		ldr	r3, [r3, #100]
 1520 023c 9A1C     		adds	r2, r3, #2
 1521 023e FB68     		ldr	r3, [r7, #12]
 1522 0240 5A66     		str	r2, [r3, #100]
1137:HW_Lib/STM32H7/HAL_Lib/STM32H7xx_HAL_Driver/Src/stm32h7xx_hal_spi.c ****           hspi->RxXferCount--;
 1523              		.loc 1 1137 15
 1524 0242 FB68     		ldr	r3, [r7, #12]
 1525 0244 B3F86A30 		ldrh	r3, [r3, #106]	@ movhi
 1526 0248 9BB2     		uxth	r3, r3
 1527              		.loc 1 1137 28
 1528 024a 013B     		subs	r3, r3, #1
 1529 024c 9AB2     		uxth	r2, r3
 1530 024e FB68     		ldr	r3, [r7, #12]
 1531 0250 A3F86A20 		strh	r2, [r3, #106]	@ movhi
 1532 0254 23E0     		b	.L74
 1533              	.L75:
1138:HW_Lib/STM32H7/HAL_Lib/STM32H7xx_HAL_Driver/Src/stm32h7xx_hal_spi.c ****         }
1139:HW_Lib/STM32H7/HAL_Lib/STM32H7xx_HAL_Driver/Src/stm32h7xx_hal_spi.c ****       }
1140:HW_Lib/STM32H7/HAL_Lib/STM32H7xx_HAL_Driver/Src/stm32h7xx_hal_spi.c ****       else
1141:HW_Lib/STM32H7/HAL_Lib/STM32H7xx_HAL_Driver/Src/stm32h7xx_hal_spi.c ****       {
1142:HW_Lib/STM32H7/HAL_Lib/STM32H7xx_HAL_Driver/Src/stm32h7xx_hal_spi.c ****         /* Timeout management */
1143:HW_Lib/STM32H7/HAL_Lib/STM32H7xx_HAL_Driver/Src/stm32h7xx_hal_spi.c ****         if ((((HAL_GetTick() - tickstart) >=  Timeout) && (Timeout != HAL_MAX_DELAY)) || (Timeout =
 1534              		.loc 1 1143 16
 1535 0256 FFF7FEFF 		bl	HAL_GetTick
ARM GAS  C:\Users\HUAV\AppData\Local\Temp\ccYQlmuE.s 			page 48


 1536 025a 0246     		mov	r2, r0
 1537              		.loc 1 1143 30
 1538 025c 7B69     		ldr	r3, [r7, #20]
 1539 025e D31A     		subs	r3, r2, r3
 1540              		.loc 1 1143 12
 1541 0260 3A68     		ldr	r2, [r7]
 1542 0262 9A42     		cmp	r2, r3
 1543 0264 03D8     		bhi	.L77
 1544              		.loc 1 1143 56 discriminator 1
 1545 0266 3B68     		ldr	r3, [r7]
 1546 0268 B3F1FF3F 		cmp	r3, #-1
 1547 026c 02D1     		bne	.L78
 1548              	.L77:
 1549              		.loc 1 1143 87 discriminator 3
 1550 026e 3B68     		ldr	r3, [r7]
 1551 0270 002B     		cmp	r3, #0
 1552 0272 14D1     		bne	.L74
 1553              	.L78:
1144:HW_Lib/STM32H7/HAL_Lib/STM32H7xx_HAL_Driver/Src/stm32h7xx_hal_spi.c ****         {
1145:HW_Lib/STM32H7/HAL_Lib/STM32H7xx_HAL_Driver/Src/stm32h7xx_hal_spi.c ****           /* Call standard close procedure with error check */
1146:HW_Lib/STM32H7/HAL_Lib/STM32H7xx_HAL_Driver/Src/stm32h7xx_hal_spi.c ****           SPI_CloseTransfer(hspi);
 1554              		.loc 1 1146 11
 1555 0274 F868     		ldr	r0, [r7, #12]
 1556 0276 FFF7FEFF 		bl	SPI_CloseTransfer
1147:HW_Lib/STM32H7/HAL_Lib/STM32H7xx_HAL_Driver/Src/stm32h7xx_hal_spi.c **** 
1148:HW_Lib/STM32H7/HAL_Lib/STM32H7xx_HAL_Driver/Src/stm32h7xx_hal_spi.c ****           /* Unlock the process */
1149:HW_Lib/STM32H7/HAL_Lib/STM32H7xx_HAL_Driver/Src/stm32h7xx_hal_spi.c ****           __HAL_UNLOCK(hspi);
 1557              		.loc 1 1149 11
 1558 027a FB68     		ldr	r3, [r7, #12]
 1559 027c 0022     		movs	r2, #0
 1560 027e 83F88020 		strb	r2, [r3, #128]
1150:HW_Lib/STM32H7/HAL_Lib/STM32H7xx_HAL_Driver/Src/stm32h7xx_hal_spi.c **** 
1151:HW_Lib/STM32H7/HAL_Lib/STM32H7xx_HAL_Driver/Src/stm32h7xx_hal_spi.c ****           SET_BIT(hspi->ErrorCode, HAL_SPI_ERROR_TIMEOUT);
 1561              		.loc 1 1151 11
 1562 0282 FB68     		ldr	r3, [r7, #12]
 1563 0284 D3F88430 		ldr	r3, [r3, #132]
 1564 0288 43F48072 		orr	r2, r3, #256
 1565 028c FB68     		ldr	r3, [r7, #12]
 1566 028e C3F88420 		str	r2, [r3, #132]
1152:HW_Lib/STM32H7/HAL_Lib/STM32H7xx_HAL_Driver/Src/stm32h7xx_hal_spi.c ****           hspi->State = HAL_SPI_STATE_READY;
 1567              		.loc 1 1152 23
 1568 0292 FB68     		ldr	r3, [r7, #12]
 1569 0294 0122     		movs	r2, #1
 1570 0296 83F88120 		strb	r2, [r3, #129]
1153:HW_Lib/STM32H7/HAL_Lib/STM32H7xx_HAL_Driver/Src/stm32h7xx_hal_spi.c ****           return HAL_TIMEOUT;
 1571              		.loc 1 1153 18
 1572 029a 0323     		movs	r3, #3
 1573 029c 9EE0     		b	.L59
 1574              	.L74:
1118:HW_Lib/STM32H7/HAL_Lib/STM32H7xx_HAL_Driver/Src/stm32h7xx_hal_spi.c ****     {
 1575              		.loc 1 1118 16
 1576 029e FB68     		ldr	r3, [r7, #12]
 1577 02a0 B3F86A30 		ldrh	r3, [r3, #106]	@ movhi
 1578 02a4 9BB2     		uxth	r3, r3
1118:HW_Lib/STM32H7/HAL_Lib/STM32H7xx_HAL_Driver/Src/stm32h7xx_hal_spi.c ****     {
 1579              		.loc 1 1118 11
 1580 02a6 002B     		cmp	r3, #0
ARM GAS  C:\Users\HUAV\AppData\Local\Temp\ccYQlmuE.s 			page 49


 1581 02a8 9DD1     		bne	.L79
 1582 02aa 84E0     		b	.L72
 1583              	.L86:
1154:HW_Lib/STM32H7/HAL_Lib/STM32H7xx_HAL_Driver/Src/stm32h7xx_hal_spi.c ****         }
1155:HW_Lib/STM32H7/HAL_Lib/STM32H7xx_HAL_Driver/Src/stm32h7xx_hal_spi.c ****       }
1156:HW_Lib/STM32H7/HAL_Lib/STM32H7xx_HAL_Driver/Src/stm32h7xx_hal_spi.c ****     }
1157:HW_Lib/STM32H7/HAL_Lib/STM32H7xx_HAL_Driver/Src/stm32h7xx_hal_spi.c ****   }
1158:HW_Lib/STM32H7/HAL_Lib/STM32H7xx_HAL_Driver/Src/stm32h7xx_hal_spi.c ****   /* Receive data in 8 Bit mode */
1159:HW_Lib/STM32H7/HAL_Lib/STM32H7xx_HAL_Driver/Src/stm32h7xx_hal_spi.c ****   else
1160:HW_Lib/STM32H7/HAL_Lib/STM32H7xx_HAL_Driver/Src/stm32h7xx_hal_spi.c ****   {
1161:HW_Lib/STM32H7/HAL_Lib/STM32H7xx_HAL_Driver/Src/stm32h7xx_hal_spi.c ****     /* Transfer loop */
1162:HW_Lib/STM32H7/HAL_Lib/STM32H7xx_HAL_Driver/Src/stm32h7xx_hal_spi.c ****     while (hspi->RxXferCount > 0UL)
1163:HW_Lib/STM32H7/HAL_Lib/STM32H7xx_HAL_Driver/Src/stm32h7xx_hal_spi.c ****     {
1164:HW_Lib/STM32H7/HAL_Lib/STM32H7xx_HAL_Driver/Src/stm32h7xx_hal_spi.c ****       /* Check the RXWNE/FRLVL flag */
1165:HW_Lib/STM32H7/HAL_Lib/STM32H7xx_HAL_Driver/Src/stm32h7xx_hal_spi.c ****       if ((hspi->Instance->SR & (SPI_FLAG_RXWNE | SPI_FLAG_FRLVL)) != 0UL)
 1584              		.loc 1 1165 16
 1585 02ac FB68     		ldr	r3, [r7, #12]
 1586 02ae 1B68     		ldr	r3, [r3]
 1587              		.loc 1 1165 26
 1588 02b0 5B69     		ldr	r3, [r3, #20]
 1589              		.loc 1 1165 31
 1590 02b2 03F46043 		and	r3, r3, #57344
 1591              		.loc 1 1165 10
 1592 02b6 002B     		cmp	r3, #0
 1593 02b8 52D0     		beq	.L81
1166:HW_Lib/STM32H7/HAL_Lib/STM32H7xx_HAL_Driver/Src/stm32h7xx_hal_spi.c ****       {
1167:HW_Lib/STM32H7/HAL_Lib/STM32H7xx_HAL_Driver/Src/stm32h7xx_hal_spi.c ****         if ((hspi->Instance->SR & SPI_FLAG_RXWNE) != 0UL)
 1594              		.loc 1 1167 18
 1595 02ba FB68     		ldr	r3, [r7, #12]
 1596 02bc 1B68     		ldr	r3, [r3]
 1597              		.loc 1 1167 28
 1598 02be 5B69     		ldr	r3, [r3, #20]
 1599              		.loc 1 1167 33
 1600 02c0 03F40043 		and	r3, r3, #32768
 1601              		.loc 1 1167 12
 1602 02c4 002B     		cmp	r3, #0
 1603 02c6 14D0     		beq	.L82
1168:HW_Lib/STM32H7/HAL_Lib/STM32H7xx_HAL_Driver/Src/stm32h7xx_hal_spi.c ****         {
1169:HW_Lib/STM32H7/HAL_Lib/STM32H7xx_HAL_Driver/Src/stm32h7xx_hal_spi.c ****           *((uint32_t *)hspi->pRxBuffPtr) = *((__IO uint32_t *)&hspi->Instance->RXDR);
 1604              		.loc 1 1169 69
 1605 02c8 FB68     		ldr	r3, [r7, #12]
 1606 02ca 1A68     		ldr	r2, [r3]
 1607              		.loc 1 1169 29
 1608 02cc FB68     		ldr	r3, [r7, #12]
 1609 02ce 5B6E     		ldr	r3, [r3, #100]
 1610              		.loc 1 1169 45
 1611 02d0 126B     		ldr	r2, [r2, #48]
 1612              		.loc 1 1169 43
 1613 02d2 1A60     		str	r2, [r3]
1170:HW_Lib/STM32H7/HAL_Lib/STM32H7xx_HAL_Driver/Src/stm32h7xx_hal_spi.c ****           hspi->pRxBuffPtr += sizeof(uint32_t);
 1614              		.loc 1 1170 28
 1615 02d4 FB68     		ldr	r3, [r7, #12]
 1616 02d6 5B6E     		ldr	r3, [r3, #100]
 1617 02d8 1A1D     		adds	r2, r3, #4
 1618 02da FB68     		ldr	r3, [r7, #12]
 1619 02dc 5A66     		str	r2, [r3, #100]
1171:HW_Lib/STM32H7/HAL_Lib/STM32H7xx_HAL_Driver/Src/stm32h7xx_hal_spi.c ****           hspi->RxXferCount -= (uint16_t)4UL;
ARM GAS  C:\Users\HUAV\AppData\Local\Temp\ccYQlmuE.s 			page 50


 1620              		.loc 1 1171 29
 1621 02de FB68     		ldr	r3, [r7, #12]
 1622 02e0 B3F86A30 		ldrh	r3, [r3, #106]	@ movhi
 1623 02e4 9BB2     		uxth	r3, r3
 1624 02e6 043B     		subs	r3, r3, #4
 1625 02e8 9AB2     		uxth	r2, r3
 1626 02ea FB68     		ldr	r3, [r7, #12]
 1627 02ec A3F86A20 		strh	r2, [r3, #106]	@ movhi
 1628 02f0 5AE0     		b	.L80
 1629              	.L82:
1172:HW_Lib/STM32H7/HAL_Lib/STM32H7xx_HAL_Driver/Src/stm32h7xx_hal_spi.c ****         }
1173:HW_Lib/STM32H7/HAL_Lib/STM32H7xx_HAL_Driver/Src/stm32h7xx_hal_spi.c ****         else if ((hspi->Instance->SR & SPI_FLAG_FRLVL) > SPI_RX_FIFO_1PACKET)
 1630              		.loc 1 1173 23
 1631 02f2 FB68     		ldr	r3, [r7, #12]
 1632 02f4 1B68     		ldr	r3, [r3]
 1633              		.loc 1 1173 33
 1634 02f6 5B69     		ldr	r3, [r3, #20]
 1635              		.loc 1 1173 38
 1636 02f8 03F4C043 		and	r3, r3, #24576
 1637              		.loc 1 1173 17
 1638 02fc B3F5005F 		cmp	r3, #8192
 1639 0300 14D9     		bls	.L83
1174:HW_Lib/STM32H7/HAL_Lib/STM32H7xx_HAL_Driver/Src/stm32h7xx_hal_spi.c ****         {
1175:HW_Lib/STM32H7/HAL_Lib/STM32H7xx_HAL_Driver/Src/stm32h7xx_hal_spi.c **** #if defined (__GNUC__)
1176:HW_Lib/STM32H7/HAL_Lib/STM32H7xx_HAL_Driver/Src/stm32h7xx_hal_spi.c ****           *((uint16_t *)hspi->pRxBuffPtr) = *prxdr_16bits;
 1640              		.loc 1 1176 29
 1641 0302 FB68     		ldr	r3, [r7, #12]
 1642 0304 5B6E     		ldr	r3, [r3, #100]
 1643              		.loc 1 1176 45
 1644 0306 BA69     		ldr	r2, [r7, #24]
 1645 0308 1288     		ldrh	r2, [r2]	@ movhi
 1646 030a 92B2     		uxth	r2, r2
 1647              		.loc 1 1176 43
 1648 030c 1A80     		strh	r2, [r3]	@ movhi
1177:HW_Lib/STM32H7/HAL_Lib/STM32H7xx_HAL_Driver/Src/stm32h7xx_hal_spi.c **** #else
1178:HW_Lib/STM32H7/HAL_Lib/STM32H7xx_HAL_Driver/Src/stm32h7xx_hal_spi.c ****           *((uint16_t *)hspi->pRxBuffPtr) = *((__IO uint16_t *)&hspi->Instance->RXDR);
1179:HW_Lib/STM32H7/HAL_Lib/STM32H7xx_HAL_Driver/Src/stm32h7xx_hal_spi.c **** #endif /* __GNUC__ */
1180:HW_Lib/STM32H7/HAL_Lib/STM32H7xx_HAL_Driver/Src/stm32h7xx_hal_spi.c ****           hspi->pRxBuffPtr += sizeof(uint16_t);
 1649              		.loc 1 1180 28
 1650 030e FB68     		ldr	r3, [r7, #12]
 1651 0310 5B6E     		ldr	r3, [r3, #100]
 1652 0312 9A1C     		adds	r2, r3, #2
 1653 0314 FB68     		ldr	r3, [r7, #12]
 1654 0316 5A66     		str	r2, [r3, #100]
1181:HW_Lib/STM32H7/HAL_Lib/STM32H7xx_HAL_Driver/Src/stm32h7xx_hal_spi.c ****           hspi->RxXferCount -= (uint16_t)2UL;
 1655              		.loc 1 1181 29
 1656 0318 FB68     		ldr	r3, [r7, #12]
 1657 031a B3F86A30 		ldrh	r3, [r3, #106]	@ movhi
 1658 031e 9BB2     		uxth	r3, r3
 1659 0320 023B     		subs	r3, r3, #2
 1660 0322 9AB2     		uxth	r2, r3
 1661 0324 FB68     		ldr	r3, [r7, #12]
 1662 0326 A3F86A20 		strh	r2, [r3, #106]	@ movhi
 1663 032a 3DE0     		b	.L80
 1664              	.L83:
1182:HW_Lib/STM32H7/HAL_Lib/STM32H7xx_HAL_Driver/Src/stm32h7xx_hal_spi.c ****         }
1183:HW_Lib/STM32H7/HAL_Lib/STM32H7xx_HAL_Driver/Src/stm32h7xx_hal_spi.c ****         else
ARM GAS  C:\Users\HUAV\AppData\Local\Temp\ccYQlmuE.s 			page 51


1184:HW_Lib/STM32H7/HAL_Lib/STM32H7xx_HAL_Driver/Src/stm32h7xx_hal_spi.c ****         {
1185:HW_Lib/STM32H7/HAL_Lib/STM32H7xx_HAL_Driver/Src/stm32h7xx_hal_spi.c ****           *((uint8_t *)hspi->pRxBuffPtr) = *((__IO uint8_t *)&hspi->Instance->RXDR);
 1665              		.loc 1 1185 67
 1666 032c FB68     		ldr	r3, [r7, #12]
 1667 032e 1B68     		ldr	r3, [r3]
 1668              		.loc 1 1185 62
 1669 0330 03F13002 		add	r2, r3, #48
 1670              		.loc 1 1185 28
 1671 0334 FB68     		ldr	r3, [r7, #12]
 1672 0336 5B6E     		ldr	r3, [r3, #100]
 1673              		.loc 1 1185 44
 1674 0338 1278     		ldrb	r2, [r2]
 1675 033a D2B2     		uxtb	r2, r2
 1676              		.loc 1 1185 42
 1677 033c 1A70     		strb	r2, [r3]
1186:HW_Lib/STM32H7/HAL_Lib/STM32H7xx_HAL_Driver/Src/stm32h7xx_hal_spi.c ****           hspi->pRxBuffPtr += sizeof(uint8_t);
 1678              		.loc 1 1186 28
 1679 033e FB68     		ldr	r3, [r7, #12]
 1680 0340 5B6E     		ldr	r3, [r3, #100]
 1681 0342 5A1C     		adds	r2, r3, #1
 1682 0344 FB68     		ldr	r3, [r7, #12]
 1683 0346 5A66     		str	r2, [r3, #100]
1187:HW_Lib/STM32H7/HAL_Lib/STM32H7xx_HAL_Driver/Src/stm32h7xx_hal_spi.c ****           hspi->RxXferCount--;
 1684              		.loc 1 1187 15
 1685 0348 FB68     		ldr	r3, [r7, #12]
 1686 034a B3F86A30 		ldrh	r3, [r3, #106]	@ movhi
 1687 034e 9BB2     		uxth	r3, r3
 1688              		.loc 1 1187 28
 1689 0350 013B     		subs	r3, r3, #1
 1690 0352 9AB2     		uxth	r2, r3
 1691 0354 FB68     		ldr	r3, [r7, #12]
 1692 0356 A3F86A20 		strh	r2, [r3, #106]	@ movhi
 1693 035a 25E0     		b	.L80
 1694              	.L89:
 1695              		.align	2
 1696              	.L88:
 1697 035c 0000FFFF 		.word	-65536
 1698              	.L81:
1188:HW_Lib/STM32H7/HAL_Lib/STM32H7xx_HAL_Driver/Src/stm32h7xx_hal_spi.c ****         }
1189:HW_Lib/STM32H7/HAL_Lib/STM32H7xx_HAL_Driver/Src/stm32h7xx_hal_spi.c ****       }
1190:HW_Lib/STM32H7/HAL_Lib/STM32H7xx_HAL_Driver/Src/stm32h7xx_hal_spi.c ****       else
1191:HW_Lib/STM32H7/HAL_Lib/STM32H7xx_HAL_Driver/Src/stm32h7xx_hal_spi.c ****       {
1192:HW_Lib/STM32H7/HAL_Lib/STM32H7xx_HAL_Driver/Src/stm32h7xx_hal_spi.c ****         /* Timeout management */
1193:HW_Lib/STM32H7/HAL_Lib/STM32H7xx_HAL_Driver/Src/stm32h7xx_hal_spi.c ****         if ((((HAL_GetTick() - tickstart) >=  Timeout) && (Timeout != HAL_MAX_DELAY)) || (Timeout =
 1699              		.loc 1 1193 16
 1700 0360 FFF7FEFF 		bl	HAL_GetTick
 1701 0364 0246     		mov	r2, r0
 1702              		.loc 1 1193 30
 1703 0366 7B69     		ldr	r3, [r7, #20]
 1704 0368 D31A     		subs	r3, r2, r3
 1705              		.loc 1 1193 12
 1706 036a 3A68     		ldr	r2, [r7]
 1707 036c 9A42     		cmp	r2, r3
 1708 036e 03D8     		bhi	.L84
 1709              		.loc 1 1193 56 discriminator 1
 1710 0370 3B68     		ldr	r3, [r7]
 1711 0372 B3F1FF3F 		cmp	r3, #-1
ARM GAS  C:\Users\HUAV\AppData\Local\Temp\ccYQlmuE.s 			page 52


 1712 0376 02D1     		bne	.L85
 1713              	.L84:
 1714              		.loc 1 1193 87 discriminator 3
 1715 0378 3B68     		ldr	r3, [r7]
 1716 037a 002B     		cmp	r3, #0
 1717 037c 14D1     		bne	.L80
 1718              	.L85:
1194:HW_Lib/STM32H7/HAL_Lib/STM32H7xx_HAL_Driver/Src/stm32h7xx_hal_spi.c ****         {
1195:HW_Lib/STM32H7/HAL_Lib/STM32H7xx_HAL_Driver/Src/stm32h7xx_hal_spi.c ****           /* Call standard close procedure with error check */
1196:HW_Lib/STM32H7/HAL_Lib/STM32H7xx_HAL_Driver/Src/stm32h7xx_hal_spi.c ****           SPI_CloseTransfer(hspi);
 1719              		.loc 1 1196 11
 1720 037e F868     		ldr	r0, [r7, #12]
 1721 0380 FFF7FEFF 		bl	SPI_CloseTransfer
1197:HW_Lib/STM32H7/HAL_Lib/STM32H7xx_HAL_Driver/Src/stm32h7xx_hal_spi.c **** 
1198:HW_Lib/STM32H7/HAL_Lib/STM32H7xx_HAL_Driver/Src/stm32h7xx_hal_spi.c ****           /* Unlock the process */
1199:HW_Lib/STM32H7/HAL_Lib/STM32H7xx_HAL_Driver/Src/stm32h7xx_hal_spi.c ****           __HAL_UNLOCK(hspi);
 1722              		.loc 1 1199 11
 1723 0384 FB68     		ldr	r3, [r7, #12]
 1724 0386 0022     		movs	r2, #0
 1725 0388 83F88020 		strb	r2, [r3, #128]
1200:HW_Lib/STM32H7/HAL_Lib/STM32H7xx_HAL_Driver/Src/stm32h7xx_hal_spi.c **** 
1201:HW_Lib/STM32H7/HAL_Lib/STM32H7xx_HAL_Driver/Src/stm32h7xx_hal_spi.c ****           SET_BIT(hspi->ErrorCode, HAL_SPI_ERROR_TIMEOUT);
 1726              		.loc 1 1201 11
 1727 038c FB68     		ldr	r3, [r7, #12]
 1728 038e D3F88430 		ldr	r3, [r3, #132]
 1729 0392 43F48072 		orr	r2, r3, #256
 1730 0396 FB68     		ldr	r3, [r7, #12]
 1731 0398 C3F88420 		str	r2, [r3, #132]
1202:HW_Lib/STM32H7/HAL_Lib/STM32H7xx_HAL_Driver/Src/stm32h7xx_hal_spi.c ****           hspi->State = HAL_SPI_STATE_READY;
 1732              		.loc 1 1202 23
 1733 039c FB68     		ldr	r3, [r7, #12]
 1734 039e 0122     		movs	r2, #1
 1735 03a0 83F88120 		strb	r2, [r3, #129]
1203:HW_Lib/STM32H7/HAL_Lib/STM32H7xx_HAL_Driver/Src/stm32h7xx_hal_spi.c ****           return HAL_TIMEOUT;
 1736              		.loc 1 1203 18
 1737 03a4 0323     		movs	r3, #3
 1738 03a6 19E0     		b	.L59
 1739              	.L80:
1162:HW_Lib/STM32H7/HAL_Lib/STM32H7xx_HAL_Driver/Src/stm32h7xx_hal_spi.c ****     {
 1740              		.loc 1 1162 16
 1741 03a8 FB68     		ldr	r3, [r7, #12]
 1742 03aa B3F86A30 		ldrh	r3, [r3, #106]	@ movhi
 1743 03ae 9BB2     		uxth	r3, r3
1162:HW_Lib/STM32H7/HAL_Lib/STM32H7xx_HAL_Driver/Src/stm32h7xx_hal_spi.c ****     {
 1744              		.loc 1 1162 11
 1745 03b0 002B     		cmp	r3, #0
 1746 03b2 7FF47BAF 		bne	.L86
 1747              	.L72:
1204:HW_Lib/STM32H7/HAL_Lib/STM32H7xx_HAL_Driver/Src/stm32h7xx_hal_spi.c ****         }
1205:HW_Lib/STM32H7/HAL_Lib/STM32H7xx_HAL_Driver/Src/stm32h7xx_hal_spi.c ****       }
1206:HW_Lib/STM32H7/HAL_Lib/STM32H7xx_HAL_Driver/Src/stm32h7xx_hal_spi.c ****     }
1207:HW_Lib/STM32H7/HAL_Lib/STM32H7xx_HAL_Driver/Src/stm32h7xx_hal_spi.c ****   }
1208:HW_Lib/STM32H7/HAL_Lib/STM32H7xx_HAL_Driver/Src/stm32h7xx_hal_spi.c **** 
1209:HW_Lib/STM32H7/HAL_Lib/STM32H7xx_HAL_Driver/Src/stm32h7xx_hal_spi.c **** #if (USE_SPI_CRC != 0UL)
1210:HW_Lib/STM32H7/HAL_Lib/STM32H7xx_HAL_Driver/Src/stm32h7xx_hal_spi.c ****   if (hspi->Init.CRCCalculation == SPI_CRCCALCULATION_ENABLE)
1211:HW_Lib/STM32H7/HAL_Lib/STM32H7xx_HAL_Driver/Src/stm32h7xx_hal_spi.c ****   {
1212:HW_Lib/STM32H7/HAL_Lib/STM32H7xx_HAL_Driver/Src/stm32h7xx_hal_spi.c ****     /* Wait for crc data to be received */
ARM GAS  C:\Users\HUAV\AppData\Local\Temp\ccYQlmuE.s 			page 53


1213:HW_Lib/STM32H7/HAL_Lib/STM32H7xx_HAL_Driver/Src/stm32h7xx_hal_spi.c ****     if (SPI_WaitOnFlagUntilTimeout(hspi, SPI_FLAG_EOT, RESET, tickstart, Timeout) != HAL_OK)
1214:HW_Lib/STM32H7/HAL_Lib/STM32H7xx_HAL_Driver/Src/stm32h7xx_hal_spi.c ****     {
1215:HW_Lib/STM32H7/HAL_Lib/STM32H7xx_HAL_Driver/Src/stm32h7xx_hal_spi.c ****       SET_BIT(hspi->ErrorCode, HAL_SPI_ERROR_FLAG);
1216:HW_Lib/STM32H7/HAL_Lib/STM32H7xx_HAL_Driver/Src/stm32h7xx_hal_spi.c ****     }
1217:HW_Lib/STM32H7/HAL_Lib/STM32H7xx_HAL_Driver/Src/stm32h7xx_hal_spi.c ****   }
1218:HW_Lib/STM32H7/HAL_Lib/STM32H7xx_HAL_Driver/Src/stm32h7xx_hal_spi.c **** #endif /* USE_SPI_CRC */
1219:HW_Lib/STM32H7/HAL_Lib/STM32H7xx_HAL_Driver/Src/stm32h7xx_hal_spi.c **** 
1220:HW_Lib/STM32H7/HAL_Lib/STM32H7xx_HAL_Driver/Src/stm32h7xx_hal_spi.c ****   /* Call standard close procedure with error check */
1221:HW_Lib/STM32H7/HAL_Lib/STM32H7xx_HAL_Driver/Src/stm32h7xx_hal_spi.c ****   SPI_CloseTransfer(hspi);
 1748              		.loc 1 1221 3
 1749 03b6 F868     		ldr	r0, [r7, #12]
 1750 03b8 FFF7FEFF 		bl	SPI_CloseTransfer
1222:HW_Lib/STM32H7/HAL_Lib/STM32H7xx_HAL_Driver/Src/stm32h7xx_hal_spi.c **** 
1223:HW_Lib/STM32H7/HAL_Lib/STM32H7xx_HAL_Driver/Src/stm32h7xx_hal_spi.c ****   /* Unlock the process */
1224:HW_Lib/STM32H7/HAL_Lib/STM32H7xx_HAL_Driver/Src/stm32h7xx_hal_spi.c ****   __HAL_UNLOCK(hspi);
 1751              		.loc 1 1224 3
 1752 03bc FB68     		ldr	r3, [r7, #12]
 1753 03be 0022     		movs	r2, #0
 1754 03c0 83F88020 		strb	r2, [r3, #128]
1225:HW_Lib/STM32H7/HAL_Lib/STM32H7xx_HAL_Driver/Src/stm32h7xx_hal_spi.c **** 
1226:HW_Lib/STM32H7/HAL_Lib/STM32H7xx_HAL_Driver/Src/stm32h7xx_hal_spi.c ****   hspi->State = HAL_SPI_STATE_READY;
 1755              		.loc 1 1226 15
 1756 03c4 FB68     		ldr	r3, [r7, #12]
 1757 03c6 0122     		movs	r2, #1
 1758 03c8 83F88120 		strb	r2, [r3, #129]
1227:HW_Lib/STM32H7/HAL_Lib/STM32H7xx_HAL_Driver/Src/stm32h7xx_hal_spi.c **** 
1228:HW_Lib/STM32H7/HAL_Lib/STM32H7xx_HAL_Driver/Src/stm32h7xx_hal_spi.c ****   if (hspi->ErrorCode != HAL_SPI_ERROR_NONE)
 1759              		.loc 1 1228 11
 1760 03cc FB68     		ldr	r3, [r7, #12]
 1761 03ce D3F88430 		ldr	r3, [r3, #132]
 1762              		.loc 1 1228 6
 1763 03d2 002B     		cmp	r3, #0
 1764 03d4 01D0     		beq	.L87
1229:HW_Lib/STM32H7/HAL_Lib/STM32H7xx_HAL_Driver/Src/stm32h7xx_hal_spi.c ****   {
1230:HW_Lib/STM32H7/HAL_Lib/STM32H7xx_HAL_Driver/Src/stm32h7xx_hal_spi.c ****     return HAL_ERROR;
 1765              		.loc 1 1230 12
 1766 03d6 0123     		movs	r3, #1
 1767 03d8 00E0     		b	.L59
 1768              	.L87:
1231:HW_Lib/STM32H7/HAL_Lib/STM32H7xx_HAL_Driver/Src/stm32h7xx_hal_spi.c ****   }
1232:HW_Lib/STM32H7/HAL_Lib/STM32H7xx_HAL_Driver/Src/stm32h7xx_hal_spi.c ****   return errorcode;
 1769              		.loc 1 1232 10
 1770 03da FB7F     		ldrb	r3, [r7, #31]	@ zero_extendqisi2
 1771              	.L59:
1233:HW_Lib/STM32H7/HAL_Lib/STM32H7xx_HAL_Driver/Src/stm32h7xx_hal_spi.c **** }
 1772              		.loc 1 1233 1
 1773 03dc 1846     		mov	r0, r3
 1774 03de 2037     		adds	r7, r7, #32
 1775              	.LCFI30:
 1776              		.cfi_def_cfa_offset 8
 1777 03e0 BD46     		mov	sp, r7
 1778              	.LCFI31:
 1779              		.cfi_def_cfa_register 13
 1780              		@ sp needed
 1781 03e2 80BD     		pop	{r7, pc}
 1782              		.cfi_endproc
 1783              	.LFE338:
ARM GAS  C:\Users\HUAV\AppData\Local\Temp\ccYQlmuE.s 			page 54


 1785              		.section	.text.HAL_SPI_TransmitReceive,"ax",%progbits
 1786              		.align	1
 1787              		.global	HAL_SPI_TransmitReceive
 1788              		.syntax unified
 1789              		.thumb
 1790              		.thumb_func
 1792              	HAL_SPI_TransmitReceive:
 1793              	.LFB339:
1234:HW_Lib/STM32H7/HAL_Lib/STM32H7xx_HAL_Driver/Src/stm32h7xx_hal_spi.c **** 
1235:HW_Lib/STM32H7/HAL_Lib/STM32H7xx_HAL_Driver/Src/stm32h7xx_hal_spi.c **** /**
1236:HW_Lib/STM32H7/HAL_Lib/STM32H7xx_HAL_Driver/Src/stm32h7xx_hal_spi.c ****   * @brief  Transmit and Receive an amount of data in blocking mode.
1237:HW_Lib/STM32H7/HAL_Lib/STM32H7xx_HAL_Driver/Src/stm32h7xx_hal_spi.c ****   * @param  hspi   : pointer to a SPI_HandleTypeDef structure that contains
1238:HW_Lib/STM32H7/HAL_Lib/STM32H7xx_HAL_Driver/Src/stm32h7xx_hal_spi.c ****   *                  the configuration information for SPI module.
1239:HW_Lib/STM32H7/HAL_Lib/STM32H7xx_HAL_Driver/Src/stm32h7xx_hal_spi.c ****   * @param  pTxData: pointer to transmission data buffer
1240:HW_Lib/STM32H7/HAL_Lib/STM32H7xx_HAL_Driver/Src/stm32h7xx_hal_spi.c ****   * @param  pRxData: pointer to reception data buffer
1241:HW_Lib/STM32H7/HAL_Lib/STM32H7xx_HAL_Driver/Src/stm32h7xx_hal_spi.c ****   * @param  Size   : amount of data to be sent and received
1242:HW_Lib/STM32H7/HAL_Lib/STM32H7xx_HAL_Driver/Src/stm32h7xx_hal_spi.c ****   * @param  Timeout: Timeout duration
1243:HW_Lib/STM32H7/HAL_Lib/STM32H7xx_HAL_Driver/Src/stm32h7xx_hal_spi.c ****   * @retval HAL status
1244:HW_Lib/STM32H7/HAL_Lib/STM32H7xx_HAL_Driver/Src/stm32h7xx_hal_spi.c ****   */
1245:HW_Lib/STM32H7/HAL_Lib/STM32H7xx_HAL_Driver/Src/stm32h7xx_hal_spi.c **** HAL_StatusTypeDef HAL_SPI_TransmitReceive(SPI_HandleTypeDef *hspi, uint8_t *pTxData, uint8_t *pRxDa
1246:HW_Lib/STM32H7/HAL_Lib/STM32H7xx_HAL_Driver/Src/stm32h7xx_hal_spi.c ****                                           uint32_t Timeout)
1247:HW_Lib/STM32H7/HAL_Lib/STM32H7xx_HAL_Driver/Src/stm32h7xx_hal_spi.c **** {
 1794              		.loc 1 1247 1
 1795              		.cfi_startproc
 1796              		@ args = 4, pretend = 0, frame = 48
 1797              		@ frame_needed = 1, uses_anonymous_args = 0
 1798 0000 80B5     		push	{r7, lr}
 1799              	.LCFI32:
 1800              		.cfi_def_cfa_offset 8
 1801              		.cfi_offset 7, -8
 1802              		.cfi_offset 14, -4
 1803 0002 8EB0     		sub	sp, sp, #56
 1804              	.LCFI33:
 1805              		.cfi_def_cfa_offset 64
 1806 0004 02AF     		add	r7, sp, #8
 1807              	.LCFI34:
 1808              		.cfi_def_cfa 7, 56
 1809 0006 F860     		str	r0, [r7, #12]
 1810 0008 B960     		str	r1, [r7, #8]
 1811 000a 7A60     		str	r2, [r7, #4]
 1812 000c 7B80     		strh	r3, [r7, #2]	@ movhi
1248:HW_Lib/STM32H7/HAL_Lib/STM32H7xx_HAL_Driver/Src/stm32h7xx_hal_spi.c ****   HAL_SPI_StateTypeDef tmp_state;
1249:HW_Lib/STM32H7/HAL_Lib/STM32H7xx_HAL_Driver/Src/stm32h7xx_hal_spi.c ****   HAL_StatusTypeDef errorcode = HAL_OK;
 1813              		.loc 1 1249 21
 1814 000e 0023     		movs	r3, #0
 1815 0010 87F82B30 		strb	r3, [r7, #43]
1250:HW_Lib/STM32H7/HAL_Lib/STM32H7xx_HAL_Driver/Src/stm32h7xx_hal_spi.c **** #if defined (__GNUC__)
1251:HW_Lib/STM32H7/HAL_Lib/STM32H7xx_HAL_Driver/Src/stm32h7xx_hal_spi.c ****   __IO uint16_t *ptxdr_16bits = (__IO uint16_t *)(&(hspi->Instance->TXDR));
 1816              		.loc 1 1251 57
 1817 0014 FB68     		ldr	r3, [r7, #12]
 1818 0016 1B68     		ldr	r3, [r3]
 1819              		.loc 1 1251 18
 1820 0018 2033     		adds	r3, r3, #32
 1821 001a 7B62     		str	r3, [r7, #36]
1252:HW_Lib/STM32H7/HAL_Lib/STM32H7xx_HAL_Driver/Src/stm32h7xx_hal_spi.c ****   __IO uint16_t *prxdr_16bits = (__IO uint16_t *)(&(hspi->Instance->RXDR));
 1822              		.loc 1 1252 57
 1823 001c FB68     		ldr	r3, [r7, #12]
ARM GAS  C:\Users\HUAV\AppData\Local\Temp\ccYQlmuE.s 			page 55


 1824 001e 1B68     		ldr	r3, [r3]
 1825              		.loc 1 1252 18
 1826 0020 3033     		adds	r3, r3, #48
 1827 0022 3B62     		str	r3, [r7, #32]
1253:HW_Lib/STM32H7/HAL_Lib/STM32H7xx_HAL_Driver/Src/stm32h7xx_hal_spi.c **** #endif /* __GNUC__ */
1254:HW_Lib/STM32H7/HAL_Lib/STM32H7xx_HAL_Driver/Src/stm32h7xx_hal_spi.c **** 
1255:HW_Lib/STM32H7/HAL_Lib/STM32H7xx_HAL_Driver/Src/stm32h7xx_hal_spi.c ****   uint32_t   tickstart;
1256:HW_Lib/STM32H7/HAL_Lib/STM32H7xx_HAL_Driver/Src/stm32h7xx_hal_spi.c ****   uint32_t   tmp_mode;
1257:HW_Lib/STM32H7/HAL_Lib/STM32H7xx_HAL_Driver/Src/stm32h7xx_hal_spi.c ****   uint16_t   initial_TxXferCount;
1258:HW_Lib/STM32H7/HAL_Lib/STM32H7xx_HAL_Driver/Src/stm32h7xx_hal_spi.c ****   uint16_t   initial_RxXferCount;
1259:HW_Lib/STM32H7/HAL_Lib/STM32H7xx_HAL_Driver/Src/stm32h7xx_hal_spi.c **** 
1260:HW_Lib/STM32H7/HAL_Lib/STM32H7xx_HAL_Driver/Src/stm32h7xx_hal_spi.c ****   /* Check Direction parameter */
1261:HW_Lib/STM32H7/HAL_Lib/STM32H7xx_HAL_Driver/Src/stm32h7xx_hal_spi.c ****   assert_param(IS_SPI_DIRECTION_2LINES(hspi->Init.Direction));
1262:HW_Lib/STM32H7/HAL_Lib/STM32H7xx_HAL_Driver/Src/stm32h7xx_hal_spi.c **** 
1263:HW_Lib/STM32H7/HAL_Lib/STM32H7xx_HAL_Driver/Src/stm32h7xx_hal_spi.c ****   /* Lock the process */
1264:HW_Lib/STM32H7/HAL_Lib/STM32H7xx_HAL_Driver/Src/stm32h7xx_hal_spi.c ****   __HAL_LOCK(hspi);
 1828              		.loc 1 1264 3
 1829 0024 FB68     		ldr	r3, [r7, #12]
 1830 0026 93F88030 		ldrb	r3, [r3, #128]	@ zero_extendqisi2
 1831 002a 012B     		cmp	r3, #1
 1832 002c 01D1     		bne	.L91
 1833              		.loc 1 1264 3 is_stmt 0 discriminator 1
 1834 002e 0223     		movs	r3, #2
 1835 0030 CEE2     		b	.L92
 1836              	.L91:
 1837              		.loc 1 1264 3 discriminator 2
 1838 0032 FB68     		ldr	r3, [r7, #12]
 1839 0034 0122     		movs	r2, #1
 1840 0036 83F88020 		strb	r2, [r3, #128]
1265:HW_Lib/STM32H7/HAL_Lib/STM32H7xx_HAL_Driver/Src/stm32h7xx_hal_spi.c **** 
1266:HW_Lib/STM32H7/HAL_Lib/STM32H7xx_HAL_Driver/Src/stm32h7xx_hal_spi.c ****   /* Init tickstart for timeout management*/
1267:HW_Lib/STM32H7/HAL_Lib/STM32H7xx_HAL_Driver/Src/stm32h7xx_hal_spi.c ****   tickstart = HAL_GetTick();
 1841              		.loc 1 1267 15 is_stmt 1 discriminator 2
 1842 003a FFF7FEFF 		bl	HAL_GetTick
 1843 003e F861     		str	r0, [r7, #28]
1268:HW_Lib/STM32H7/HAL_Lib/STM32H7xx_HAL_Driver/Src/stm32h7xx_hal_spi.c **** 
1269:HW_Lib/STM32H7/HAL_Lib/STM32H7xx_HAL_Driver/Src/stm32h7xx_hal_spi.c ****   initial_TxXferCount = Size;
 1844              		.loc 1 1269 23 discriminator 2
 1845 0040 7B88     		ldrh	r3, [r7, #2]	@ movhi
 1846 0042 FB85     		strh	r3, [r7, #46]	@ movhi
1270:HW_Lib/STM32H7/HAL_Lib/STM32H7xx_HAL_Driver/Src/stm32h7xx_hal_spi.c ****   initial_RxXferCount = Size;
 1847              		.loc 1 1270 23 discriminator 2
 1848 0044 7B88     		ldrh	r3, [r7, #2]	@ movhi
 1849 0046 BB85     		strh	r3, [r7, #44]	@ movhi
1271:HW_Lib/STM32H7/HAL_Lib/STM32H7xx_HAL_Driver/Src/stm32h7xx_hal_spi.c ****   tmp_state           = hspi->State;
 1850              		.loc 1 1271 23 discriminator 2
 1851 0048 FB68     		ldr	r3, [r7, #12]
 1852 004a 93F88130 		ldrb	r3, [r3, #129]
 1853 004e FB76     		strb	r3, [r7, #27]
1272:HW_Lib/STM32H7/HAL_Lib/STM32H7xx_HAL_Driver/Src/stm32h7xx_hal_spi.c ****   tmp_mode            = hspi->Init.Mode;
 1854              		.loc 1 1272 23 discriminator 2
 1855 0050 FB68     		ldr	r3, [r7, #12]
 1856 0052 5B68     		ldr	r3, [r3, #4]
 1857 0054 7B61     		str	r3, [r7, #20]
1273:HW_Lib/STM32H7/HAL_Lib/STM32H7xx_HAL_Driver/Src/stm32h7xx_hal_spi.c **** 
1274:HW_Lib/STM32H7/HAL_Lib/STM32H7xx_HAL_Driver/Src/stm32h7xx_hal_spi.c ****   if (!((tmp_state == HAL_SPI_STATE_READY) || \
 1858              		.loc 1 1274 6 discriminator 2
ARM GAS  C:\Users\HUAV\AppData\Local\Temp\ccYQlmuE.s 			page 56


 1859 0056 FB7E     		ldrb	r3, [r7, #27]	@ zero_extendqisi2
 1860 0058 012B     		cmp	r3, #1
 1861 005a 14D0     		beq	.L93
 1862              		.loc 1 1274 7 discriminator 1
 1863 005c 7B69     		ldr	r3, [r7, #20]
 1864 005e B3F5800F 		cmp	r3, #4194304
 1865 0062 06D1     		bne	.L94
1275:HW_Lib/STM32H7/HAL_Lib/STM32H7xx_HAL_Driver/Src/stm32h7xx_hal_spi.c ****         ((tmp_mode == SPI_MODE_MASTER) && \
1276:HW_Lib/STM32H7/HAL_Lib/STM32H7xx_HAL_Driver/Src/stm32h7xx_hal_spi.c ****          (hspi->Init.Direction == SPI_DIRECTION_2LINES) && \
 1866              		.loc 1 1276 21
 1867 0064 FB68     		ldr	r3, [r7, #12]
 1868 0066 9B68     		ldr	r3, [r3, #8]
1275:HW_Lib/STM32H7/HAL_Lib/STM32H7xx_HAL_Driver/Src/stm32h7xx_hal_spi.c ****         ((tmp_mode == SPI_MODE_MASTER) && \
 1869              		.loc 1 1275 40
 1870 0068 002B     		cmp	r3, #0
 1871 006a 02D1     		bne	.L94
 1872              		.loc 1 1276 57
 1873 006c FB7E     		ldrb	r3, [r7, #27]	@ zero_extendqisi2
 1874 006e 042B     		cmp	r3, #4
 1875 0070 09D0     		beq	.L93
 1876              	.L94:
1277:HW_Lib/STM32H7/HAL_Lib/STM32H7xx_HAL_Driver/Src/stm32h7xx_hal_spi.c ****          (tmp_state == HAL_SPI_STATE_BUSY_RX))))
1278:HW_Lib/STM32H7/HAL_Lib/STM32H7xx_HAL_Driver/Src/stm32h7xx_hal_spi.c ****   {
1279:HW_Lib/STM32H7/HAL_Lib/STM32H7xx_HAL_Driver/Src/stm32h7xx_hal_spi.c ****     errorcode = HAL_BUSY;
 1877              		.loc 1 1279 15
 1878 0072 0223     		movs	r3, #2
 1879 0074 87F82B30 		strb	r3, [r7, #43]
1280:HW_Lib/STM32H7/HAL_Lib/STM32H7xx_HAL_Driver/Src/stm32h7xx_hal_spi.c ****     __HAL_UNLOCK(hspi);
 1880              		.loc 1 1280 5
 1881 0078 FB68     		ldr	r3, [r7, #12]
 1882 007a 0022     		movs	r2, #0
 1883 007c 83F88020 		strb	r2, [r3, #128]
1281:HW_Lib/STM32H7/HAL_Lib/STM32H7xx_HAL_Driver/Src/stm32h7xx_hal_spi.c ****     return errorcode;
 1884              		.loc 1 1281 12
 1885 0080 97F82B30 		ldrb	r3, [r7, #43]	@ zero_extendqisi2
 1886 0084 A4E2     		b	.L92
 1887              	.L93:
1282:HW_Lib/STM32H7/HAL_Lib/STM32H7xx_HAL_Driver/Src/stm32h7xx_hal_spi.c ****   }
1283:HW_Lib/STM32H7/HAL_Lib/STM32H7xx_HAL_Driver/Src/stm32h7xx_hal_spi.c **** 
1284:HW_Lib/STM32H7/HAL_Lib/STM32H7xx_HAL_Driver/Src/stm32h7xx_hal_spi.c ****   if ((pTxData == NULL) || (pRxData == NULL) || (Size == 0UL))
 1888              		.loc 1 1284 6
 1889 0086 BB68     		ldr	r3, [r7, #8]
 1890 0088 002B     		cmp	r3, #0
 1891 008a 05D0     		beq	.L95
 1892              		.loc 1 1284 25 discriminator 1
 1893 008c 7B68     		ldr	r3, [r7, #4]
 1894 008e 002B     		cmp	r3, #0
 1895 0090 02D0     		beq	.L95
 1896              		.loc 1 1284 46 discriminator 2
 1897 0092 7B88     		ldrh	r3, [r7, #2]
 1898 0094 002B     		cmp	r3, #0
 1899 0096 09D1     		bne	.L96
 1900              	.L95:
1285:HW_Lib/STM32H7/HAL_Lib/STM32H7xx_HAL_Driver/Src/stm32h7xx_hal_spi.c ****   {
1286:HW_Lib/STM32H7/HAL_Lib/STM32H7xx_HAL_Driver/Src/stm32h7xx_hal_spi.c ****     errorcode = HAL_ERROR;
 1901              		.loc 1 1286 15
 1902 0098 0123     		movs	r3, #1
ARM GAS  C:\Users\HUAV\AppData\Local\Temp\ccYQlmuE.s 			page 57


 1903 009a 87F82B30 		strb	r3, [r7, #43]
1287:HW_Lib/STM32H7/HAL_Lib/STM32H7xx_HAL_Driver/Src/stm32h7xx_hal_spi.c ****     __HAL_UNLOCK(hspi);
 1904              		.loc 1 1287 5
 1905 009e FB68     		ldr	r3, [r7, #12]
 1906 00a0 0022     		movs	r2, #0
 1907 00a2 83F88020 		strb	r2, [r3, #128]
1288:HW_Lib/STM32H7/HAL_Lib/STM32H7xx_HAL_Driver/Src/stm32h7xx_hal_spi.c ****     return errorcode;
 1908              		.loc 1 1288 12
 1909 00a6 97F82B30 		ldrb	r3, [r7, #43]	@ zero_extendqisi2
 1910 00aa 91E2     		b	.L92
 1911              	.L96:
1289:HW_Lib/STM32H7/HAL_Lib/STM32H7xx_HAL_Driver/Src/stm32h7xx_hal_spi.c ****   }
1290:HW_Lib/STM32H7/HAL_Lib/STM32H7xx_HAL_Driver/Src/stm32h7xx_hal_spi.c **** 
1291:HW_Lib/STM32H7/HAL_Lib/STM32H7xx_HAL_Driver/Src/stm32h7xx_hal_spi.c ****   /* Don't overwrite in case of HAL_SPI_STATE_BUSY_RX */
1292:HW_Lib/STM32H7/HAL_Lib/STM32H7xx_HAL_Driver/Src/stm32h7xx_hal_spi.c ****   if (hspi->State != HAL_SPI_STATE_BUSY_RX)
 1912              		.loc 1 1292 11
 1913 00ac FB68     		ldr	r3, [r7, #12]
 1914 00ae 93F88130 		ldrb	r3, [r3, #129]
 1915 00b2 DBB2     		uxtb	r3, r3
 1916              		.loc 1 1292 6
 1917 00b4 042B     		cmp	r3, #4
 1918 00b6 03D0     		beq	.L97
1293:HW_Lib/STM32H7/HAL_Lib/STM32H7xx_HAL_Driver/Src/stm32h7xx_hal_spi.c ****   {
1294:HW_Lib/STM32H7/HAL_Lib/STM32H7xx_HAL_Driver/Src/stm32h7xx_hal_spi.c ****     hspi->State = HAL_SPI_STATE_BUSY_TX_RX;
 1919              		.loc 1 1294 17
 1920 00b8 FB68     		ldr	r3, [r7, #12]
 1921 00ba 0522     		movs	r2, #5
 1922 00bc 83F88120 		strb	r2, [r3, #129]
 1923              	.L97:
1295:HW_Lib/STM32H7/HAL_Lib/STM32H7xx_HAL_Driver/Src/stm32h7xx_hal_spi.c ****   }
1296:HW_Lib/STM32H7/HAL_Lib/STM32H7xx_HAL_Driver/Src/stm32h7xx_hal_spi.c **** 
1297:HW_Lib/STM32H7/HAL_Lib/STM32H7xx_HAL_Driver/Src/stm32h7xx_hal_spi.c ****   /* Set the transaction information */
1298:HW_Lib/STM32H7/HAL_Lib/STM32H7xx_HAL_Driver/Src/stm32h7xx_hal_spi.c ****   hspi->ErrorCode   = HAL_SPI_ERROR_NONE;
 1924              		.loc 1 1298 21
 1925 00c0 FB68     		ldr	r3, [r7, #12]
 1926 00c2 0022     		movs	r2, #0
 1927 00c4 C3F88420 		str	r2, [r3, #132]
1299:HW_Lib/STM32H7/HAL_Lib/STM32H7xx_HAL_Driver/Src/stm32h7xx_hal_spi.c ****   hspi->pRxBuffPtr  = (uint8_t *)pRxData;
 1928              		.loc 1 1299 21
 1929 00c8 FB68     		ldr	r3, [r7, #12]
 1930 00ca 7A68     		ldr	r2, [r7, #4]
 1931 00cc 5A66     		str	r2, [r3, #100]
1300:HW_Lib/STM32H7/HAL_Lib/STM32H7xx_HAL_Driver/Src/stm32h7xx_hal_spi.c ****   hspi->RxXferCount = Size;
 1932              		.loc 1 1300 21
 1933 00ce FB68     		ldr	r3, [r7, #12]
 1934 00d0 7A88     		ldrh	r2, [r7, #2]	@ movhi
 1935 00d2 A3F86A20 		strh	r2, [r3, #106]	@ movhi
1301:HW_Lib/STM32H7/HAL_Lib/STM32H7xx_HAL_Driver/Src/stm32h7xx_hal_spi.c ****   hspi->RxXferSize  = Size;
 1936              		.loc 1 1301 21
 1937 00d6 FB68     		ldr	r3, [r7, #12]
 1938 00d8 7A88     		ldrh	r2, [r7, #2]	@ movhi
 1939 00da A3F86820 		strh	r2, [r3, #104]	@ movhi
1302:HW_Lib/STM32H7/HAL_Lib/STM32H7xx_HAL_Driver/Src/stm32h7xx_hal_spi.c ****   hspi->pTxBuffPtr  = (uint8_t *)pTxData;
 1940              		.loc 1 1302 21
 1941 00de FB68     		ldr	r3, [r7, #12]
 1942 00e0 BA68     		ldr	r2, [r7, #8]
 1943 00e2 DA65     		str	r2, [r3, #92]
ARM GAS  C:\Users\HUAV\AppData\Local\Temp\ccYQlmuE.s 			page 58


1303:HW_Lib/STM32H7/HAL_Lib/STM32H7xx_HAL_Driver/Src/stm32h7xx_hal_spi.c ****   hspi->TxXferCount = Size;
 1944              		.loc 1 1303 21
 1945 00e4 FB68     		ldr	r3, [r7, #12]
 1946 00e6 7A88     		ldrh	r2, [r7, #2]	@ movhi
 1947 00e8 A3F86220 		strh	r2, [r3, #98]	@ movhi
1304:HW_Lib/STM32H7/HAL_Lib/STM32H7xx_HAL_Driver/Src/stm32h7xx_hal_spi.c ****   hspi->TxXferSize  = Size;
 1948              		.loc 1 1304 21
 1949 00ec FB68     		ldr	r3, [r7, #12]
 1950 00ee 7A88     		ldrh	r2, [r7, #2]	@ movhi
 1951 00f0 A3F86020 		strh	r2, [r3, #96]	@ movhi
1305:HW_Lib/STM32H7/HAL_Lib/STM32H7xx_HAL_Driver/Src/stm32h7xx_hal_spi.c **** 
1306:HW_Lib/STM32H7/HAL_Lib/STM32H7xx_HAL_Driver/Src/stm32h7xx_hal_spi.c ****   /*Init field not used in handle to zero */
1307:HW_Lib/STM32H7/HAL_Lib/STM32H7xx_HAL_Driver/Src/stm32h7xx_hal_spi.c ****   hspi->RxISR       = NULL;
 1952              		.loc 1 1307 21
 1953 00f4 FB68     		ldr	r3, [r7, #12]
 1954 00f6 0022     		movs	r2, #0
 1955 00f8 1A67     		str	r2, [r3, #112]
1308:HW_Lib/STM32H7/HAL_Lib/STM32H7xx_HAL_Driver/Src/stm32h7xx_hal_spi.c ****   hspi->TxISR       = NULL;
 1956              		.loc 1 1308 21
 1957 00fa FB68     		ldr	r3, [r7, #12]
 1958 00fc 0022     		movs	r2, #0
 1959 00fe 5A67     		str	r2, [r3, #116]
1309:HW_Lib/STM32H7/HAL_Lib/STM32H7xx_HAL_Driver/Src/stm32h7xx_hal_spi.c **** 
1310:HW_Lib/STM32H7/HAL_Lib/STM32H7xx_HAL_Driver/Src/stm32h7xx_hal_spi.c ****   /* Set the number of data at current transfer */
1311:HW_Lib/STM32H7/HAL_Lib/STM32H7xx_HAL_Driver/Src/stm32h7xx_hal_spi.c ****   MODIFY_REG(hspi->Instance->CR2, SPI_CR2_TSIZE, Size);
 1960              		.loc 1 1311 3
 1961 0100 FB68     		ldr	r3, [r7, #12]
 1962 0102 1B68     		ldr	r3, [r3]
 1963 0104 5A68     		ldr	r2, [r3, #4]
 1964 0106 814B     		ldr	r3, .L128
 1965 0108 1340     		ands	r3, r3, r2
 1966 010a 7988     		ldrh	r1, [r7, #2]
 1967 010c FA68     		ldr	r2, [r7, #12]
 1968 010e 1268     		ldr	r2, [r2]
 1969 0110 0B43     		orrs	r3, r3, r1
 1970 0112 5360     		str	r3, [r2, #4]
1312:HW_Lib/STM32H7/HAL_Lib/STM32H7xx_HAL_Driver/Src/stm32h7xx_hal_spi.c **** 
1313:HW_Lib/STM32H7/HAL_Lib/STM32H7xx_HAL_Driver/Src/stm32h7xx_hal_spi.c ****   __HAL_SPI_ENABLE(hspi);
 1971              		.loc 1 1313 3
 1972 0114 FB68     		ldr	r3, [r7, #12]
 1973 0116 1B68     		ldr	r3, [r3]
 1974 0118 1A68     		ldr	r2, [r3]
 1975 011a FB68     		ldr	r3, [r7, #12]
 1976 011c 1B68     		ldr	r3, [r3]
 1977 011e 42F00102 		orr	r2, r2, #1
 1978 0122 1A60     		str	r2, [r3]
1314:HW_Lib/STM32H7/HAL_Lib/STM32H7xx_HAL_Driver/Src/stm32h7xx_hal_spi.c **** 
1315:HW_Lib/STM32H7/HAL_Lib/STM32H7xx_HAL_Driver/Src/stm32h7xx_hal_spi.c ****   if (hspi->Init.Mode == SPI_MODE_MASTER)
 1979              		.loc 1 1315 17
 1980 0124 FB68     		ldr	r3, [r7, #12]
 1981 0126 5B68     		ldr	r3, [r3, #4]
 1982              		.loc 1 1315 6
 1983 0128 B3F5800F 		cmp	r3, #4194304
 1984 012c 07D1     		bne	.L98
1316:HW_Lib/STM32H7/HAL_Lib/STM32H7xx_HAL_Driver/Src/stm32h7xx_hal_spi.c ****   {
1317:HW_Lib/STM32H7/HAL_Lib/STM32H7xx_HAL_Driver/Src/stm32h7xx_hal_spi.c ****     /* Master transfer start */
1318:HW_Lib/STM32H7/HAL_Lib/STM32H7xx_HAL_Driver/Src/stm32h7xx_hal_spi.c ****     SET_BIT(hspi->Instance->CR1, SPI_CR1_CSTART);
ARM GAS  C:\Users\HUAV\AppData\Local\Temp\ccYQlmuE.s 			page 59


 1985              		.loc 1 1318 5
 1986 012e FB68     		ldr	r3, [r7, #12]
 1987 0130 1B68     		ldr	r3, [r3]
 1988 0132 1A68     		ldr	r2, [r3]
 1989 0134 FB68     		ldr	r3, [r7, #12]
 1990 0136 1B68     		ldr	r3, [r3]
 1991 0138 42F40072 		orr	r2, r2, #512
 1992 013c 1A60     		str	r2, [r3]
 1993              	.L98:
1319:HW_Lib/STM32H7/HAL_Lib/STM32H7xx_HAL_Driver/Src/stm32h7xx_hal_spi.c ****   }
1320:HW_Lib/STM32H7/HAL_Lib/STM32H7xx_HAL_Driver/Src/stm32h7xx_hal_spi.c **** 
1321:HW_Lib/STM32H7/HAL_Lib/STM32H7xx_HAL_Driver/Src/stm32h7xx_hal_spi.c ****   /* Transmit and Receive data in 32 Bit mode */
1322:HW_Lib/STM32H7/HAL_Lib/STM32H7xx_HAL_Driver/Src/stm32h7xx_hal_spi.c ****   if (hspi->Init.DataSize > SPI_DATASIZE_16BIT)
 1994              		.loc 1 1322 17
 1995 013e FB68     		ldr	r3, [r7, #12]
 1996 0140 DB68     		ldr	r3, [r3, #12]
 1997              		.loc 1 1322 6
 1998 0142 0F2B     		cmp	r3, #15
 1999 0144 70D9     		bls	.L99
1323:HW_Lib/STM32H7/HAL_Lib/STM32H7xx_HAL_Driver/Src/stm32h7xx_hal_spi.c ****   {
1324:HW_Lib/STM32H7/HAL_Lib/STM32H7xx_HAL_Driver/Src/stm32h7xx_hal_spi.c ****     while ((initial_TxXferCount > 0UL) || (initial_RxXferCount > 0UL))
 2000              		.loc 1 1324 11
 2001 0146 68E0     		b	.L100
 2002              	.L105:
1325:HW_Lib/STM32H7/HAL_Lib/STM32H7xx_HAL_Driver/Src/stm32h7xx_hal_spi.c ****     {
1326:HW_Lib/STM32H7/HAL_Lib/STM32H7xx_HAL_Driver/Src/stm32h7xx_hal_spi.c ****       /* Check TXP flag */
1327:HW_Lib/STM32H7/HAL_Lib/STM32H7xx_HAL_Driver/Src/stm32h7xx_hal_spi.c ****       if ((__HAL_SPI_GET_FLAG(hspi, SPI_FLAG_TXP)) && (initial_TxXferCount > 0UL))
 2003              		.loc 1 1327 12
 2004 0148 FB68     		ldr	r3, [r7, #12]
 2005 014a 1B68     		ldr	r3, [r3]
 2006 014c 5B69     		ldr	r3, [r3, #20]
 2007 014e 03F00203 		and	r3, r3, #2
 2008              		.loc 1 1327 10
 2009 0152 022B     		cmp	r3, #2
 2010 0154 1AD1     		bne	.L101
 2011              		.loc 1 1327 52 discriminator 1
 2012 0156 FB8D     		ldrh	r3, [r7, #46]
 2013 0158 002B     		cmp	r3, #0
 2014 015a 17D0     		beq	.L101
1328:HW_Lib/STM32H7/HAL_Lib/STM32H7xx_HAL_Driver/Src/stm32h7xx_hal_spi.c ****       {
1329:HW_Lib/STM32H7/HAL_Lib/STM32H7xx_HAL_Driver/Src/stm32h7xx_hal_spi.c ****         *((__IO uint32_t *)&hspi->Instance->TXDR) = *((uint32_t *)hspi->pTxBuffPtr);
 2015              		.loc 1 1329 71
 2016 015c FB68     		ldr	r3, [r7, #12]
 2017 015e DA6D     		ldr	r2, [r3, #92]
 2018              		.loc 1 1329 33
 2019 0160 FB68     		ldr	r3, [r7, #12]
 2020 0162 1B68     		ldr	r3, [r3]
 2021              		.loc 1 1329 53
 2022 0164 1268     		ldr	r2, [r2]
 2023              		.loc 1 1329 51
 2024 0166 1A62     		str	r2, [r3, #32]
1330:HW_Lib/STM32H7/HAL_Lib/STM32H7xx_HAL_Driver/Src/stm32h7xx_hal_spi.c ****         hspi->pTxBuffPtr += sizeof(uint32_t);
 2025              		.loc 1 1330 26
 2026 0168 FB68     		ldr	r3, [r7, #12]
 2027 016a DB6D     		ldr	r3, [r3, #92]
 2028 016c 1A1D     		adds	r2, r3, #4
 2029 016e FB68     		ldr	r3, [r7, #12]
ARM GAS  C:\Users\HUAV\AppData\Local\Temp\ccYQlmuE.s 			page 60


 2030 0170 DA65     		str	r2, [r3, #92]
1331:HW_Lib/STM32H7/HAL_Lib/STM32H7xx_HAL_Driver/Src/stm32h7xx_hal_spi.c ****         hspi->TxXferCount --;
 2031              		.loc 1 1331 13
 2032 0172 FB68     		ldr	r3, [r7, #12]
 2033 0174 B3F86230 		ldrh	r3, [r3, #98]	@ movhi
 2034 0178 9BB2     		uxth	r3, r3
 2035              		.loc 1 1331 27
 2036 017a 013B     		subs	r3, r3, #1
 2037 017c 9AB2     		uxth	r2, r3
 2038 017e FB68     		ldr	r3, [r7, #12]
 2039 0180 A3F86220 		strh	r2, [r3, #98]	@ movhi
1332:HW_Lib/STM32H7/HAL_Lib/STM32H7xx_HAL_Driver/Src/stm32h7xx_hal_spi.c ****         initial_TxXferCount = hspi->TxXferCount;
 2040              		.loc 1 1332 29
 2041 0184 FB68     		ldr	r3, [r7, #12]
 2042 0186 B3F86230 		ldrh	r3, [r3, #98]	@ movhi
 2043 018a FB85     		strh	r3, [r7, #46]	@ movhi
 2044              	.L101:
1333:HW_Lib/STM32H7/HAL_Lib/STM32H7xx_HAL_Driver/Src/stm32h7xx_hal_spi.c ****       }
1334:HW_Lib/STM32H7/HAL_Lib/STM32H7xx_HAL_Driver/Src/stm32h7xx_hal_spi.c **** 
1335:HW_Lib/STM32H7/HAL_Lib/STM32H7xx_HAL_Driver/Src/stm32h7xx_hal_spi.c ****       /* Check RXWNE/EOT flag */
1336:HW_Lib/STM32H7/HAL_Lib/STM32H7xx_HAL_Driver/Src/stm32h7xx_hal_spi.c ****       if (((hspi->Instance->SR & (SPI_FLAG_RXWNE | SPI_FLAG_EOT)) != 0UL) && (initial_RxXferCount >
 2045              		.loc 1 1336 17
 2046 018c FB68     		ldr	r3, [r7, #12]
 2047 018e 1B68     		ldr	r3, [r3]
 2048              		.loc 1 1336 27
 2049 0190 5A69     		ldr	r2, [r3, #20]
 2050              		.loc 1 1336 32
 2051 0192 48F20803 		movw	r3, #32776
 2052 0196 1340     		ands	r3, r3, r2
 2053              		.loc 1 1336 10
 2054 0198 002B     		cmp	r3, #0
 2055 019a 1AD0     		beq	.L102
 2056              		.loc 1 1336 75 discriminator 1
 2057 019c BB8D     		ldrh	r3, [r7, #44]
 2058 019e 002B     		cmp	r3, #0
 2059 01a0 17D0     		beq	.L102
1337:HW_Lib/STM32H7/HAL_Lib/STM32H7xx_HAL_Driver/Src/stm32h7xx_hal_spi.c ****       {
1338:HW_Lib/STM32H7/HAL_Lib/STM32H7xx_HAL_Driver/Src/stm32h7xx_hal_spi.c ****         *((uint32_t *)hspi->pRxBuffPtr) = *((__IO uint32_t *)&hspi->Instance->RXDR);
 2060              		.loc 1 1338 67
 2061 01a2 FB68     		ldr	r3, [r7, #12]
 2062 01a4 1A68     		ldr	r2, [r3]
 2063              		.loc 1 1338 27
 2064 01a6 FB68     		ldr	r3, [r7, #12]
 2065 01a8 5B6E     		ldr	r3, [r3, #100]
 2066              		.loc 1 1338 43
 2067 01aa 126B     		ldr	r2, [r2, #48]
 2068              		.loc 1 1338 41
 2069 01ac 1A60     		str	r2, [r3]
1339:HW_Lib/STM32H7/HAL_Lib/STM32H7xx_HAL_Driver/Src/stm32h7xx_hal_spi.c ****         hspi->pRxBuffPtr += sizeof(uint32_t);
 2070              		.loc 1 1339 26
 2071 01ae FB68     		ldr	r3, [r7, #12]
 2072 01b0 5B6E     		ldr	r3, [r3, #100]
 2073 01b2 1A1D     		adds	r2, r3, #4
 2074 01b4 FB68     		ldr	r3, [r7, #12]
 2075 01b6 5A66     		str	r2, [r3, #100]
1340:HW_Lib/STM32H7/HAL_Lib/STM32H7xx_HAL_Driver/Src/stm32h7xx_hal_spi.c ****         hspi->RxXferCount --;
 2076              		.loc 1 1340 13
ARM GAS  C:\Users\HUAV\AppData\Local\Temp\ccYQlmuE.s 			page 61


 2077 01b8 FB68     		ldr	r3, [r7, #12]
 2078 01ba B3F86A30 		ldrh	r3, [r3, #106]	@ movhi
 2079 01be 9BB2     		uxth	r3, r3
 2080              		.loc 1 1340 27
 2081 01c0 013B     		subs	r3, r3, #1
 2082 01c2 9AB2     		uxth	r2, r3
 2083 01c4 FB68     		ldr	r3, [r7, #12]
 2084 01c6 A3F86A20 		strh	r2, [r3, #106]	@ movhi
1341:HW_Lib/STM32H7/HAL_Lib/STM32H7xx_HAL_Driver/Src/stm32h7xx_hal_spi.c ****         initial_RxXferCount = hspi->RxXferCount;
 2085              		.loc 1 1341 29
 2086 01ca FB68     		ldr	r3, [r7, #12]
 2087 01cc B3F86A30 		ldrh	r3, [r3, #106]	@ movhi
 2088 01d0 BB85     		strh	r3, [r7, #44]	@ movhi
 2089              	.L102:
1342:HW_Lib/STM32H7/HAL_Lib/STM32H7xx_HAL_Driver/Src/stm32h7xx_hal_spi.c ****       }
1343:HW_Lib/STM32H7/HAL_Lib/STM32H7xx_HAL_Driver/Src/stm32h7xx_hal_spi.c **** 
1344:HW_Lib/STM32H7/HAL_Lib/STM32H7xx_HAL_Driver/Src/stm32h7xx_hal_spi.c ****       /* Timeout management */
1345:HW_Lib/STM32H7/HAL_Lib/STM32H7xx_HAL_Driver/Src/stm32h7xx_hal_spi.c ****       if ((((HAL_GetTick() - tickstart) >=  Timeout) && (Timeout != HAL_MAX_DELAY)) || (Timeout == 
 2090              		.loc 1 1345 14
 2091 01d2 FFF7FEFF 		bl	HAL_GetTick
 2092 01d6 0246     		mov	r2, r0
 2093              		.loc 1 1345 28
 2094 01d8 FB69     		ldr	r3, [r7, #28]
 2095 01da D31A     		subs	r3, r2, r3
 2096              		.loc 1 1345 10
 2097 01dc BA6B     		ldr	r2, [r7, #56]
 2098 01de 9A42     		cmp	r2, r3
 2099 01e0 03D8     		bhi	.L103
 2100              		.loc 1 1345 54 discriminator 1
 2101 01e2 BB6B     		ldr	r3, [r7, #56]
 2102 01e4 B3F1FF3F 		cmp	r3, #-1
 2103 01e8 02D1     		bne	.L104
 2104              	.L103:
 2105              		.loc 1 1345 85 discriminator 3
 2106 01ea BB6B     		ldr	r3, [r7, #56]
 2107 01ec 002B     		cmp	r3, #0
 2108 01ee 14D1     		bne	.L100
 2109              	.L104:
1346:HW_Lib/STM32H7/HAL_Lib/STM32H7xx_HAL_Driver/Src/stm32h7xx_hal_spi.c ****       {
1347:HW_Lib/STM32H7/HAL_Lib/STM32H7xx_HAL_Driver/Src/stm32h7xx_hal_spi.c ****         /* Call standard close procedure with error check */
1348:HW_Lib/STM32H7/HAL_Lib/STM32H7xx_HAL_Driver/Src/stm32h7xx_hal_spi.c ****         SPI_CloseTransfer(hspi);
 2110              		.loc 1 1348 9
 2111 01f0 F868     		ldr	r0, [r7, #12]
 2112 01f2 FFF7FEFF 		bl	SPI_CloseTransfer
1349:HW_Lib/STM32H7/HAL_Lib/STM32H7xx_HAL_Driver/Src/stm32h7xx_hal_spi.c **** 
1350:HW_Lib/STM32H7/HAL_Lib/STM32H7xx_HAL_Driver/Src/stm32h7xx_hal_spi.c ****         /* Unlock the process */
1351:HW_Lib/STM32H7/HAL_Lib/STM32H7xx_HAL_Driver/Src/stm32h7xx_hal_spi.c ****         __HAL_UNLOCK(hspi);
 2113              		.loc 1 1351 9
 2114 01f6 FB68     		ldr	r3, [r7, #12]
 2115 01f8 0022     		movs	r2, #0
 2116 01fa 83F88020 		strb	r2, [r3, #128]
1352:HW_Lib/STM32H7/HAL_Lib/STM32H7xx_HAL_Driver/Src/stm32h7xx_hal_spi.c **** 
1353:HW_Lib/STM32H7/HAL_Lib/STM32H7xx_HAL_Driver/Src/stm32h7xx_hal_spi.c ****         SET_BIT(hspi->ErrorCode, HAL_SPI_ERROR_TIMEOUT);
 2117              		.loc 1 1353 9
 2118 01fe FB68     		ldr	r3, [r7, #12]
 2119 0200 D3F88430 		ldr	r3, [r3, #132]
 2120 0204 43F48072 		orr	r2, r3, #256
ARM GAS  C:\Users\HUAV\AppData\Local\Temp\ccYQlmuE.s 			page 62


 2121 0208 FB68     		ldr	r3, [r7, #12]
 2122 020a C3F88420 		str	r2, [r3, #132]
1354:HW_Lib/STM32H7/HAL_Lib/STM32H7xx_HAL_Driver/Src/stm32h7xx_hal_spi.c ****         hspi->State = HAL_SPI_STATE_READY;
 2123              		.loc 1 1354 21
 2124 020e FB68     		ldr	r3, [r7, #12]
 2125 0210 0122     		movs	r2, #1
 2126 0212 83F88120 		strb	r2, [r3, #129]
1355:HW_Lib/STM32H7/HAL_Lib/STM32H7xx_HAL_Driver/Src/stm32h7xx_hal_spi.c ****         return HAL_TIMEOUT;
 2127              		.loc 1 1355 16
 2128 0216 0323     		movs	r3, #3
 2129 0218 DAE1     		b	.L92
 2130              	.L100:
1324:HW_Lib/STM32H7/HAL_Lib/STM32H7xx_HAL_Driver/Src/stm32h7xx_hal_spi.c ****     {
 2131              		.loc 1 1324 11
 2132 021a FB8D     		ldrh	r3, [r7, #46]
 2133 021c 002B     		cmp	r3, #0
 2134 021e 93D1     		bne	.L105
1324:HW_Lib/STM32H7/HAL_Lib/STM32H7xx_HAL_Driver/Src/stm32h7xx_hal_spi.c ****     {
 2135              		.loc 1 1324 40 discriminator 1
 2136 0220 BB8D     		ldrh	r3, [r7, #44]
 2137 0222 002B     		cmp	r3, #0
 2138 0224 90D1     		bne	.L105
 2139 0226 ACE1     		b	.L106
 2140              	.L99:
1356:HW_Lib/STM32H7/HAL_Lib/STM32H7xx_HAL_Driver/Src/stm32h7xx_hal_spi.c ****       }
1357:HW_Lib/STM32H7/HAL_Lib/STM32H7xx_HAL_Driver/Src/stm32h7xx_hal_spi.c ****     }
1358:HW_Lib/STM32H7/HAL_Lib/STM32H7xx_HAL_Driver/Src/stm32h7xx_hal_spi.c ****   }
1359:HW_Lib/STM32H7/HAL_Lib/STM32H7xx_HAL_Driver/Src/stm32h7xx_hal_spi.c ****   /* Transmit and Receive data in 16 Bit mode */
1360:HW_Lib/STM32H7/HAL_Lib/STM32H7xx_HAL_Driver/Src/stm32h7xx_hal_spi.c ****   else if (hspi->Init.DataSize > SPI_DATASIZE_8BIT)
 2141              		.loc 1 1360 22
 2142 0228 FB68     		ldr	r3, [r7, #12]
 2143 022a DB68     		ldr	r3, [r3, #12]
 2144              		.loc 1 1360 11
 2145 022c 072B     		cmp	r3, #7
 2146 022e 40F2A081 		bls	.L116
1361:HW_Lib/STM32H7/HAL_Lib/STM32H7xx_HAL_Driver/Src/stm32h7xx_hal_spi.c ****   {
1362:HW_Lib/STM32H7/HAL_Lib/STM32H7xx_HAL_Driver/Src/stm32h7xx_hal_spi.c ****     while ((initial_TxXferCount > 0UL) || (initial_RxXferCount > 0UL))
 2147              		.loc 1 1362 11
 2148 0232 A9E0     		b	.L108
 2149              	.L115:
1363:HW_Lib/STM32H7/HAL_Lib/STM32H7xx_HAL_Driver/Src/stm32h7xx_hal_spi.c ****     {
1364:HW_Lib/STM32H7/HAL_Lib/STM32H7xx_HAL_Driver/Src/stm32h7xx_hal_spi.c ****       /* Check TXP flag */
1365:HW_Lib/STM32H7/HAL_Lib/STM32H7xx_HAL_Driver/Src/stm32h7xx_hal_spi.c ****       if (__HAL_SPI_GET_FLAG(hspi, SPI_FLAG_TXP) && (initial_TxXferCount > 0UL))
 2150              		.loc 1 1365 11
 2151 0234 FB68     		ldr	r3, [r7, #12]
 2152 0236 1B68     		ldr	r3, [r3]
 2153 0238 5B69     		ldr	r3, [r3, #20]
 2154 023a 03F00203 		and	r3, r3, #2
 2155              		.loc 1 1365 10
 2156 023e 022B     		cmp	r3, #2
 2157 0240 39D1     		bne	.L109
 2158              		.loc 1 1365 50 discriminator 1
 2159 0242 FB8D     		ldrh	r3, [r7, #46]
 2160 0244 002B     		cmp	r3, #0
 2161 0246 36D0     		beq	.L109
1366:HW_Lib/STM32H7/HAL_Lib/STM32H7xx_HAL_Driver/Src/stm32h7xx_hal_spi.c ****       {
1367:HW_Lib/STM32H7/HAL_Lib/STM32H7xx_HAL_Driver/Src/stm32h7xx_hal_spi.c ****         if ((initial_TxXferCount > 1UL) && (hspi->Init.FifoThreshold > SPI_FIFO_THRESHOLD_01DATA))
ARM GAS  C:\Users\HUAV\AppData\Local\Temp\ccYQlmuE.s 			page 63


 2162              		.loc 1 1367 12
 2163 0248 FB8D     		ldrh	r3, [r7, #46]
 2164 024a 012B     		cmp	r3, #1
 2165 024c 1CD9     		bls	.L110
 2166              		.loc 1 1367 55 discriminator 1
 2167 024e FB68     		ldr	r3, [r7, #12]
 2168 0250 DB6B     		ldr	r3, [r3, #60]
 2169              		.loc 1 1367 41 discriminator 1
 2170 0252 002B     		cmp	r3, #0
 2171 0254 18D0     		beq	.L110
1368:HW_Lib/STM32H7/HAL_Lib/STM32H7xx_HAL_Driver/Src/stm32h7xx_hal_spi.c ****         {
1369:HW_Lib/STM32H7/HAL_Lib/STM32H7xx_HAL_Driver/Src/stm32h7xx_hal_spi.c ****           *((__IO uint32_t *)&hspi->Instance->TXDR) = *((uint32_t *)hspi->pTxBuffPtr);
 2172              		.loc 1 1369 73
 2173 0256 FB68     		ldr	r3, [r7, #12]
 2174 0258 DA6D     		ldr	r2, [r3, #92]
 2175              		.loc 1 1369 35
 2176 025a FB68     		ldr	r3, [r7, #12]
 2177 025c 1B68     		ldr	r3, [r3]
 2178              		.loc 1 1369 55
 2179 025e 1268     		ldr	r2, [r2]
 2180              		.loc 1 1369 53
 2181 0260 1A62     		str	r2, [r3, #32]
1370:HW_Lib/STM32H7/HAL_Lib/STM32H7xx_HAL_Driver/Src/stm32h7xx_hal_spi.c ****           hspi->pTxBuffPtr += sizeof(uint32_t);
 2182              		.loc 1 1370 28
 2183 0262 FB68     		ldr	r3, [r7, #12]
 2184 0264 DB6D     		ldr	r3, [r3, #92]
 2185 0266 1A1D     		adds	r2, r3, #4
 2186 0268 FB68     		ldr	r3, [r7, #12]
 2187 026a DA65     		str	r2, [r3, #92]
1371:HW_Lib/STM32H7/HAL_Lib/STM32H7xx_HAL_Driver/Src/stm32h7xx_hal_spi.c ****           hspi->TxXferCount -= (uint16_t)2UL;
 2188              		.loc 1 1371 29
 2189 026c FB68     		ldr	r3, [r7, #12]
 2190 026e B3F86230 		ldrh	r3, [r3, #98]	@ movhi
 2191 0272 9BB2     		uxth	r3, r3
 2192 0274 023B     		subs	r3, r3, #2
 2193 0276 9AB2     		uxth	r2, r3
 2194 0278 FB68     		ldr	r3, [r7, #12]
 2195 027a A3F86220 		strh	r2, [r3, #98]	@ movhi
1372:HW_Lib/STM32H7/HAL_Lib/STM32H7xx_HAL_Driver/Src/stm32h7xx_hal_spi.c ****           initial_TxXferCount = hspi->TxXferCount;
 2196              		.loc 1 1372 31
 2197 027e FB68     		ldr	r3, [r7, #12]
 2198 0280 B3F86230 		ldrh	r3, [r3, #98]	@ movhi
 2199 0284 FB85     		strh	r3, [r7, #46]	@ movhi
 2200 0286 16E0     		b	.L109
 2201              	.L110:
1373:HW_Lib/STM32H7/HAL_Lib/STM32H7xx_HAL_Driver/Src/stm32h7xx_hal_spi.c ****         }
1374:HW_Lib/STM32H7/HAL_Lib/STM32H7xx_HAL_Driver/Src/stm32h7xx_hal_spi.c ****         else
1375:HW_Lib/STM32H7/HAL_Lib/STM32H7xx_HAL_Driver/Src/stm32h7xx_hal_spi.c ****         {
1376:HW_Lib/STM32H7/HAL_Lib/STM32H7xx_HAL_Driver/Src/stm32h7xx_hal_spi.c **** #if defined (__GNUC__)
1377:HW_Lib/STM32H7/HAL_Lib/STM32H7xx_HAL_Driver/Src/stm32h7xx_hal_spi.c ****           *ptxdr_16bits = *((uint16_t *)hspi->pTxBuffPtr);
 2202              		.loc 1 1377 45
 2203 0288 FB68     		ldr	r3, [r7, #12]
 2204 028a DB6D     		ldr	r3, [r3, #92]
 2205              		.loc 1 1377 27
 2206 028c 1A88     		ldrh	r2, [r3]
 2207              		.loc 1 1377 25
 2208 028e 7B6A     		ldr	r3, [r7, #36]
ARM GAS  C:\Users\HUAV\AppData\Local\Temp\ccYQlmuE.s 			page 64


 2209 0290 1A80     		strh	r2, [r3]	@ movhi
1378:HW_Lib/STM32H7/HAL_Lib/STM32H7xx_HAL_Driver/Src/stm32h7xx_hal_spi.c **** #else
1379:HW_Lib/STM32H7/HAL_Lib/STM32H7xx_HAL_Driver/Src/stm32h7xx_hal_spi.c ****           *((__IO uint16_t *)&hspi->Instance->TXDR) = *((uint16_t *)hspi->pTxBuffPtr);
1380:HW_Lib/STM32H7/HAL_Lib/STM32H7xx_HAL_Driver/Src/stm32h7xx_hal_spi.c **** #endif /* __GNUC__ */
1381:HW_Lib/STM32H7/HAL_Lib/STM32H7xx_HAL_Driver/Src/stm32h7xx_hal_spi.c ****           hspi->pTxBuffPtr += sizeof(uint16_t);
 2210              		.loc 1 1381 28
 2211 0292 FB68     		ldr	r3, [r7, #12]
 2212 0294 DB6D     		ldr	r3, [r3, #92]
 2213 0296 9A1C     		adds	r2, r3, #2
 2214 0298 FB68     		ldr	r3, [r7, #12]
 2215 029a DA65     		str	r2, [r3, #92]
1382:HW_Lib/STM32H7/HAL_Lib/STM32H7xx_HAL_Driver/Src/stm32h7xx_hal_spi.c ****           hspi->TxXferCount--;
 2216              		.loc 1 1382 15
 2217 029c FB68     		ldr	r3, [r7, #12]
 2218 029e B3F86230 		ldrh	r3, [r3, #98]	@ movhi
 2219 02a2 9BB2     		uxth	r3, r3
 2220              		.loc 1 1382 28
 2221 02a4 013B     		subs	r3, r3, #1
 2222 02a6 9AB2     		uxth	r2, r3
 2223 02a8 FB68     		ldr	r3, [r7, #12]
 2224 02aa A3F86220 		strh	r2, [r3, #98]	@ movhi
1383:HW_Lib/STM32H7/HAL_Lib/STM32H7xx_HAL_Driver/Src/stm32h7xx_hal_spi.c ****           initial_TxXferCount = hspi->TxXferCount;
 2225              		.loc 1 1383 31
 2226 02ae FB68     		ldr	r3, [r7, #12]
 2227 02b0 B3F86230 		ldrh	r3, [r3, #98]	@ movhi
 2228 02b4 FB85     		strh	r3, [r7, #46]	@ movhi
 2229              	.L109:
1384:HW_Lib/STM32H7/HAL_Lib/STM32H7xx_HAL_Driver/Src/stm32h7xx_hal_spi.c ****         }
1385:HW_Lib/STM32H7/HAL_Lib/STM32H7xx_HAL_Driver/Src/stm32h7xx_hal_spi.c ****       }
1386:HW_Lib/STM32H7/HAL_Lib/STM32H7xx_HAL_Driver/Src/stm32h7xx_hal_spi.c **** 
1387:HW_Lib/STM32H7/HAL_Lib/STM32H7xx_HAL_Driver/Src/stm32h7xx_hal_spi.c ****       /* Check RXWNE/FRLVL flag */
1388:HW_Lib/STM32H7/HAL_Lib/STM32H7xx_HAL_Driver/Src/stm32h7xx_hal_spi.c ****       if (((hspi->Instance->SR & (SPI_FLAG_RXWNE | SPI_FLAG_FRLVL)) != 0UL) && (initial_RxXferCount
 2230              		.loc 1 1388 17
 2231 02b6 FB68     		ldr	r3, [r7, #12]
 2232 02b8 1B68     		ldr	r3, [r3]
 2233              		.loc 1 1388 27
 2234 02ba 5B69     		ldr	r3, [r3, #20]
 2235              		.loc 1 1388 32
 2236 02bc 03F46043 		and	r3, r3, #57344
 2237              		.loc 1 1388 10
 2238 02c0 002B     		cmp	r3, #0
 2239 02c2 3DD0     		beq	.L111
 2240              		.loc 1 1388 77 discriminator 1
 2241 02c4 BB8D     		ldrh	r3, [r7, #44]
 2242 02c6 002B     		cmp	r3, #0
 2243 02c8 3AD0     		beq	.L111
1389:HW_Lib/STM32H7/HAL_Lib/STM32H7xx_HAL_Driver/Src/stm32h7xx_hal_spi.c ****       {
1390:HW_Lib/STM32H7/HAL_Lib/STM32H7xx_HAL_Driver/Src/stm32h7xx_hal_spi.c ****         if ((hspi->Instance->SR & SPI_FLAG_RXWNE) != 0UL)
 2244              		.loc 1 1390 18
 2245 02ca FB68     		ldr	r3, [r7, #12]
 2246 02cc 1B68     		ldr	r3, [r3]
 2247              		.loc 1 1390 28
 2248 02ce 5B69     		ldr	r3, [r3, #20]
 2249              		.loc 1 1390 33
 2250 02d0 03F40043 		and	r3, r3, #32768
 2251              		.loc 1 1390 12
 2252 02d4 002B     		cmp	r3, #0
ARM GAS  C:\Users\HUAV\AppData\Local\Temp\ccYQlmuE.s 			page 65


 2253 02d6 1BD0     		beq	.L112
1391:HW_Lib/STM32H7/HAL_Lib/STM32H7xx_HAL_Driver/Src/stm32h7xx_hal_spi.c ****         {
1392:HW_Lib/STM32H7/HAL_Lib/STM32H7xx_HAL_Driver/Src/stm32h7xx_hal_spi.c ****           *((uint32_t *)hspi->pRxBuffPtr) = *((__IO uint32_t *)&hspi->Instance->RXDR);
 2254              		.loc 1 1392 69
 2255 02d8 FB68     		ldr	r3, [r7, #12]
 2256 02da 1A68     		ldr	r2, [r3]
 2257              		.loc 1 1392 29
 2258 02dc FB68     		ldr	r3, [r7, #12]
 2259 02de 5B6E     		ldr	r3, [r3, #100]
 2260              		.loc 1 1392 45
 2261 02e0 126B     		ldr	r2, [r2, #48]
 2262              		.loc 1 1392 43
 2263 02e2 1A60     		str	r2, [r3]
1393:HW_Lib/STM32H7/HAL_Lib/STM32H7xx_HAL_Driver/Src/stm32h7xx_hal_spi.c ****           hspi->pRxBuffPtr += sizeof(uint32_t);
 2264              		.loc 1 1393 28
 2265 02e4 FB68     		ldr	r3, [r7, #12]
 2266 02e6 5B6E     		ldr	r3, [r3, #100]
 2267 02e8 1A1D     		adds	r2, r3, #4
 2268 02ea FB68     		ldr	r3, [r7, #12]
 2269 02ec 5A66     		str	r2, [r3, #100]
1394:HW_Lib/STM32H7/HAL_Lib/STM32H7xx_HAL_Driver/Src/stm32h7xx_hal_spi.c ****           hspi->RxXferCount -= (uint16_t)2UL;
 2270              		.loc 1 1394 29
 2271 02ee FB68     		ldr	r3, [r7, #12]
 2272 02f0 B3F86A30 		ldrh	r3, [r3, #106]	@ movhi
 2273 02f4 9BB2     		uxth	r3, r3
 2274 02f6 023B     		subs	r3, r3, #2
 2275 02f8 9AB2     		uxth	r2, r3
 2276 02fa FB68     		ldr	r3, [r7, #12]
 2277 02fc A3F86A20 		strh	r2, [r3, #106]	@ movhi
1395:HW_Lib/STM32H7/HAL_Lib/STM32H7xx_HAL_Driver/Src/stm32h7xx_hal_spi.c ****           initial_RxXferCount = hspi->RxXferCount;
 2278              		.loc 1 1395 31
 2279 0300 FB68     		ldr	r3, [r7, #12]
 2280 0302 B3F86A30 		ldrh	r3, [r3, #106]	@ movhi
 2281 0306 BB85     		strh	r3, [r7, #44]	@ movhi
 2282 0308 1AE0     		b	.L111
 2283              	.L129:
 2284 030a 00BF     		.align	2
 2285              	.L128:
 2286 030c 0000FFFF 		.word	-65536
 2287              	.L112:
1396:HW_Lib/STM32H7/HAL_Lib/STM32H7xx_HAL_Driver/Src/stm32h7xx_hal_spi.c ****         }
1397:HW_Lib/STM32H7/HAL_Lib/STM32H7xx_HAL_Driver/Src/stm32h7xx_hal_spi.c ****         else
1398:HW_Lib/STM32H7/HAL_Lib/STM32H7xx_HAL_Driver/Src/stm32h7xx_hal_spi.c ****         {
1399:HW_Lib/STM32H7/HAL_Lib/STM32H7xx_HAL_Driver/Src/stm32h7xx_hal_spi.c **** #if defined (__GNUC__)
1400:HW_Lib/STM32H7/HAL_Lib/STM32H7xx_HAL_Driver/Src/stm32h7xx_hal_spi.c ****           *((uint16_t *)hspi->pRxBuffPtr) = *prxdr_16bits;
 2288              		.loc 1 1400 29
 2289 0310 FB68     		ldr	r3, [r7, #12]
 2290 0312 5B6E     		ldr	r3, [r3, #100]
 2291              		.loc 1 1400 45
 2292 0314 3A6A     		ldr	r2, [r7, #32]
 2293 0316 1288     		ldrh	r2, [r2]	@ movhi
 2294 0318 92B2     		uxth	r2, r2
 2295              		.loc 1 1400 43
 2296 031a 1A80     		strh	r2, [r3]	@ movhi
1401:HW_Lib/STM32H7/HAL_Lib/STM32H7xx_HAL_Driver/Src/stm32h7xx_hal_spi.c **** #else
1402:HW_Lib/STM32H7/HAL_Lib/STM32H7xx_HAL_Driver/Src/stm32h7xx_hal_spi.c ****           *((uint16_t *)hspi->pRxBuffPtr) = *((__IO uint16_t *)&hspi->Instance->RXDR);
1403:HW_Lib/STM32H7/HAL_Lib/STM32H7xx_HAL_Driver/Src/stm32h7xx_hal_spi.c **** #endif /* __GNUC__ */
ARM GAS  C:\Users\HUAV\AppData\Local\Temp\ccYQlmuE.s 			page 66


1404:HW_Lib/STM32H7/HAL_Lib/STM32H7xx_HAL_Driver/Src/stm32h7xx_hal_spi.c ****           hspi->pRxBuffPtr += sizeof(uint16_t);
 2297              		.loc 1 1404 28
 2298 031c FB68     		ldr	r3, [r7, #12]
 2299 031e 5B6E     		ldr	r3, [r3, #100]
 2300 0320 9A1C     		adds	r2, r3, #2
 2301 0322 FB68     		ldr	r3, [r7, #12]
 2302 0324 5A66     		str	r2, [r3, #100]
1405:HW_Lib/STM32H7/HAL_Lib/STM32H7xx_HAL_Driver/Src/stm32h7xx_hal_spi.c ****           hspi->RxXferCount--;
 2303              		.loc 1 1405 15
 2304 0326 FB68     		ldr	r3, [r7, #12]
 2305 0328 B3F86A30 		ldrh	r3, [r3, #106]	@ movhi
 2306 032c 9BB2     		uxth	r3, r3
 2307              		.loc 1 1405 28
 2308 032e 013B     		subs	r3, r3, #1
 2309 0330 9AB2     		uxth	r2, r3
 2310 0332 FB68     		ldr	r3, [r7, #12]
 2311 0334 A3F86A20 		strh	r2, [r3, #106]	@ movhi
1406:HW_Lib/STM32H7/HAL_Lib/STM32H7xx_HAL_Driver/Src/stm32h7xx_hal_spi.c ****           initial_RxXferCount = hspi->RxXferCount;
 2312              		.loc 1 1406 31
 2313 0338 FB68     		ldr	r3, [r7, #12]
 2314 033a B3F86A30 		ldrh	r3, [r3, #106]	@ movhi
 2315 033e BB85     		strh	r3, [r7, #44]	@ movhi
 2316              	.L111:
1407:HW_Lib/STM32H7/HAL_Lib/STM32H7xx_HAL_Driver/Src/stm32h7xx_hal_spi.c ****         }
1408:HW_Lib/STM32H7/HAL_Lib/STM32H7xx_HAL_Driver/Src/stm32h7xx_hal_spi.c ****       }
1409:HW_Lib/STM32H7/HAL_Lib/STM32H7xx_HAL_Driver/Src/stm32h7xx_hal_spi.c **** 
1410:HW_Lib/STM32H7/HAL_Lib/STM32H7xx_HAL_Driver/Src/stm32h7xx_hal_spi.c ****       /* Timeout management */
1411:HW_Lib/STM32H7/HAL_Lib/STM32H7xx_HAL_Driver/Src/stm32h7xx_hal_spi.c ****       if ((((HAL_GetTick() - tickstart) >=  Timeout) && (Timeout != HAL_MAX_DELAY)) || (Timeout == 
 2317              		.loc 1 1411 14
 2318 0340 FFF7FEFF 		bl	HAL_GetTick
 2319 0344 0246     		mov	r2, r0
 2320              		.loc 1 1411 28
 2321 0346 FB69     		ldr	r3, [r7, #28]
 2322 0348 D31A     		subs	r3, r2, r3
 2323              		.loc 1 1411 10
 2324 034a BA6B     		ldr	r2, [r7, #56]
 2325 034c 9A42     		cmp	r2, r3
 2326 034e 03D8     		bhi	.L113
 2327              		.loc 1 1411 54 discriminator 1
 2328 0350 BB6B     		ldr	r3, [r7, #56]
 2329 0352 B3F1FF3F 		cmp	r3, #-1
 2330 0356 02D1     		bne	.L114
 2331              	.L113:
 2332              		.loc 1 1411 85 discriminator 3
 2333 0358 BB6B     		ldr	r3, [r7, #56]
 2334 035a 002B     		cmp	r3, #0
 2335 035c 14D1     		bne	.L108
 2336              	.L114:
1412:HW_Lib/STM32H7/HAL_Lib/STM32H7xx_HAL_Driver/Src/stm32h7xx_hal_spi.c ****       {
1413:HW_Lib/STM32H7/HAL_Lib/STM32H7xx_HAL_Driver/Src/stm32h7xx_hal_spi.c ****         /* Call standard close procedure with error check */
1414:HW_Lib/STM32H7/HAL_Lib/STM32H7xx_HAL_Driver/Src/stm32h7xx_hal_spi.c ****         SPI_CloseTransfer(hspi);
 2337              		.loc 1 1414 9
 2338 035e F868     		ldr	r0, [r7, #12]
 2339 0360 FFF7FEFF 		bl	SPI_CloseTransfer
1415:HW_Lib/STM32H7/HAL_Lib/STM32H7xx_HAL_Driver/Src/stm32h7xx_hal_spi.c **** 
1416:HW_Lib/STM32H7/HAL_Lib/STM32H7xx_HAL_Driver/Src/stm32h7xx_hal_spi.c ****         /* Unlock the process */
1417:HW_Lib/STM32H7/HAL_Lib/STM32H7xx_HAL_Driver/Src/stm32h7xx_hal_spi.c ****         __HAL_UNLOCK(hspi);
ARM GAS  C:\Users\HUAV\AppData\Local\Temp\ccYQlmuE.s 			page 67


 2340              		.loc 1 1417 9
 2341 0364 FB68     		ldr	r3, [r7, #12]
 2342 0366 0022     		movs	r2, #0
 2343 0368 83F88020 		strb	r2, [r3, #128]
1418:HW_Lib/STM32H7/HAL_Lib/STM32H7xx_HAL_Driver/Src/stm32h7xx_hal_spi.c **** 
1419:HW_Lib/STM32H7/HAL_Lib/STM32H7xx_HAL_Driver/Src/stm32h7xx_hal_spi.c ****         SET_BIT(hspi->ErrorCode, HAL_SPI_ERROR_TIMEOUT);
 2344              		.loc 1 1419 9
 2345 036c FB68     		ldr	r3, [r7, #12]
 2346 036e D3F88430 		ldr	r3, [r3, #132]
 2347 0372 43F48072 		orr	r2, r3, #256
 2348 0376 FB68     		ldr	r3, [r7, #12]
 2349 0378 C3F88420 		str	r2, [r3, #132]
1420:HW_Lib/STM32H7/HAL_Lib/STM32H7xx_HAL_Driver/Src/stm32h7xx_hal_spi.c ****         hspi->State = HAL_SPI_STATE_READY;
 2350              		.loc 1 1420 21
 2351 037c FB68     		ldr	r3, [r7, #12]
 2352 037e 0122     		movs	r2, #1
 2353 0380 83F88120 		strb	r2, [r3, #129]
1421:HW_Lib/STM32H7/HAL_Lib/STM32H7xx_HAL_Driver/Src/stm32h7xx_hal_spi.c ****         return HAL_TIMEOUT;
 2354              		.loc 1 1421 16
 2355 0384 0323     		movs	r3, #3
 2356 0386 23E1     		b	.L92
 2357              	.L108:
1362:HW_Lib/STM32H7/HAL_Lib/STM32H7xx_HAL_Driver/Src/stm32h7xx_hal_spi.c ****     {
 2358              		.loc 1 1362 11
 2359 0388 FB8D     		ldrh	r3, [r7, #46]
 2360 038a 002B     		cmp	r3, #0
 2361 038c 7FF452AF 		bne	.L115
1362:HW_Lib/STM32H7/HAL_Lib/STM32H7xx_HAL_Driver/Src/stm32h7xx_hal_spi.c ****     {
 2362              		.loc 1 1362 40 discriminator 1
 2363 0390 BB8D     		ldrh	r3, [r7, #44]
 2364 0392 002B     		cmp	r3, #0
 2365 0394 7FF44EAF 		bne	.L115
 2366 0398 F3E0     		b	.L106
 2367              	.L125:
1422:HW_Lib/STM32H7/HAL_Lib/STM32H7xx_HAL_Driver/Src/stm32h7xx_hal_spi.c ****       }
1423:HW_Lib/STM32H7/HAL_Lib/STM32H7xx_HAL_Driver/Src/stm32h7xx_hal_spi.c ****     }
1424:HW_Lib/STM32H7/HAL_Lib/STM32H7xx_HAL_Driver/Src/stm32h7xx_hal_spi.c ****   }
1425:HW_Lib/STM32H7/HAL_Lib/STM32H7xx_HAL_Driver/Src/stm32h7xx_hal_spi.c ****   /* Transmit and Receive data in 8 Bit mode */
1426:HW_Lib/STM32H7/HAL_Lib/STM32H7xx_HAL_Driver/Src/stm32h7xx_hal_spi.c ****   else
1427:HW_Lib/STM32H7/HAL_Lib/STM32H7xx_HAL_Driver/Src/stm32h7xx_hal_spi.c ****   {
1428:HW_Lib/STM32H7/HAL_Lib/STM32H7xx_HAL_Driver/Src/stm32h7xx_hal_spi.c ****     while ((initial_TxXferCount > 0UL) || (initial_RxXferCount > 0UL))
1429:HW_Lib/STM32H7/HAL_Lib/STM32H7xx_HAL_Driver/Src/stm32h7xx_hal_spi.c ****     {
1430:HW_Lib/STM32H7/HAL_Lib/STM32H7xx_HAL_Driver/Src/stm32h7xx_hal_spi.c ****       /* check TXP flag */
1431:HW_Lib/STM32H7/HAL_Lib/STM32H7xx_HAL_Driver/Src/stm32h7xx_hal_spi.c ****       if ((__HAL_SPI_GET_FLAG(hspi, SPI_FLAG_TXP)) && (initial_TxXferCount > 0UL))
 2368              		.loc 1 1431 12
 2369 039a FB68     		ldr	r3, [r7, #12]
 2370 039c 1B68     		ldr	r3, [r3]
 2371 039e 5B69     		ldr	r3, [r3, #20]
 2372 03a0 03F00203 		and	r3, r3, #2
 2373              		.loc 1 1431 10
 2374 03a4 022B     		cmp	r3, #2
 2375 03a6 5AD1     		bne	.L117
 2376              		.loc 1 1431 52 discriminator 1
 2377 03a8 FB8D     		ldrh	r3, [r7, #46]
 2378 03aa 002B     		cmp	r3, #0
 2379 03ac 57D0     		beq	.L117
1432:HW_Lib/STM32H7/HAL_Lib/STM32H7xx_HAL_Driver/Src/stm32h7xx_hal_spi.c ****       {
ARM GAS  C:\Users\HUAV\AppData\Local\Temp\ccYQlmuE.s 			page 68


1433:HW_Lib/STM32H7/HAL_Lib/STM32H7xx_HAL_Driver/Src/stm32h7xx_hal_spi.c ****         if ((initial_TxXferCount > 3UL) && (hspi->Init.FifoThreshold > SPI_FIFO_THRESHOLD_03DATA))
 2380              		.loc 1 1433 12
 2381 03ae FB8D     		ldrh	r3, [r7, #46]
 2382 03b0 032B     		cmp	r3, #3
 2383 03b2 1CD9     		bls	.L118
 2384              		.loc 1 1433 55 discriminator 1
 2385 03b4 FB68     		ldr	r3, [r7, #12]
 2386 03b6 DB6B     		ldr	r3, [r3, #60]
 2387              		.loc 1 1433 41 discriminator 1
 2388 03b8 402B     		cmp	r3, #64
 2389 03ba 18D9     		bls	.L118
1434:HW_Lib/STM32H7/HAL_Lib/STM32H7xx_HAL_Driver/Src/stm32h7xx_hal_spi.c ****         {
1435:HW_Lib/STM32H7/HAL_Lib/STM32H7xx_HAL_Driver/Src/stm32h7xx_hal_spi.c ****           *((__IO uint32_t *)&hspi->Instance->TXDR) = *((uint32_t *)hspi->pTxBuffPtr);
 2390              		.loc 1 1435 73
 2391 03bc FB68     		ldr	r3, [r7, #12]
 2392 03be DA6D     		ldr	r2, [r3, #92]
 2393              		.loc 1 1435 35
 2394 03c0 FB68     		ldr	r3, [r7, #12]
 2395 03c2 1B68     		ldr	r3, [r3]
 2396              		.loc 1 1435 55
 2397 03c4 1268     		ldr	r2, [r2]
 2398              		.loc 1 1435 53
 2399 03c6 1A62     		str	r2, [r3, #32]
1436:HW_Lib/STM32H7/HAL_Lib/STM32H7xx_HAL_Driver/Src/stm32h7xx_hal_spi.c ****           hspi->pTxBuffPtr += sizeof(uint32_t);
 2400              		.loc 1 1436 28
 2401 03c8 FB68     		ldr	r3, [r7, #12]
 2402 03ca DB6D     		ldr	r3, [r3, #92]
 2403 03cc 1A1D     		adds	r2, r3, #4
 2404 03ce FB68     		ldr	r3, [r7, #12]
 2405 03d0 DA65     		str	r2, [r3, #92]
1437:HW_Lib/STM32H7/HAL_Lib/STM32H7xx_HAL_Driver/Src/stm32h7xx_hal_spi.c ****           hspi->TxXferCount -= (uint16_t)4UL;
 2406              		.loc 1 1437 29
 2407 03d2 FB68     		ldr	r3, [r7, #12]
 2408 03d4 B3F86230 		ldrh	r3, [r3, #98]	@ movhi
 2409 03d8 9BB2     		uxth	r3, r3
 2410 03da 043B     		subs	r3, r3, #4
 2411 03dc 9AB2     		uxth	r2, r3
 2412 03de FB68     		ldr	r3, [r7, #12]
 2413 03e0 A3F86220 		strh	r2, [r3, #98]	@ movhi
1438:HW_Lib/STM32H7/HAL_Lib/STM32H7xx_HAL_Driver/Src/stm32h7xx_hal_spi.c ****           initial_TxXferCount = hspi->TxXferCount;
 2414              		.loc 1 1438 31
 2415 03e4 FB68     		ldr	r3, [r7, #12]
 2416 03e6 B3F86230 		ldrh	r3, [r3, #98]	@ movhi
 2417 03ea FB85     		strh	r3, [r7, #46]	@ movhi
 2418 03ec 37E0     		b	.L117
 2419              	.L118:
1439:HW_Lib/STM32H7/HAL_Lib/STM32H7xx_HAL_Driver/Src/stm32h7xx_hal_spi.c ****         }
1440:HW_Lib/STM32H7/HAL_Lib/STM32H7xx_HAL_Driver/Src/stm32h7xx_hal_spi.c ****         else if ((initial_TxXferCount > 1UL) && (hspi->Init.FifoThreshold > SPI_FIFO_THRESHOLD_01DA
 2420              		.loc 1 1440 17
 2421 03ee FB8D     		ldrh	r3, [r7, #46]
 2422 03f0 012B     		cmp	r3, #1
 2423 03f2 1BD9     		bls	.L119
 2424              		.loc 1 1440 60 discriminator 1
 2425 03f4 FB68     		ldr	r3, [r7, #12]
 2426 03f6 DB6B     		ldr	r3, [r3, #60]
 2427              		.loc 1 1440 46 discriminator 1
 2428 03f8 002B     		cmp	r3, #0
ARM GAS  C:\Users\HUAV\AppData\Local\Temp\ccYQlmuE.s 			page 69


 2429 03fa 17D0     		beq	.L119
1441:HW_Lib/STM32H7/HAL_Lib/STM32H7xx_HAL_Driver/Src/stm32h7xx_hal_spi.c ****         {
1442:HW_Lib/STM32H7/HAL_Lib/STM32H7xx_HAL_Driver/Src/stm32h7xx_hal_spi.c **** #if defined (__GNUC__)
1443:HW_Lib/STM32H7/HAL_Lib/STM32H7xx_HAL_Driver/Src/stm32h7xx_hal_spi.c ****           *ptxdr_16bits = *((uint16_t *)hspi->pTxBuffPtr);
 2430              		.loc 1 1443 45
 2431 03fc FB68     		ldr	r3, [r7, #12]
 2432 03fe DB6D     		ldr	r3, [r3, #92]
 2433              		.loc 1 1443 27
 2434 0400 1A88     		ldrh	r2, [r3]
 2435              		.loc 1 1443 25
 2436 0402 7B6A     		ldr	r3, [r7, #36]
 2437 0404 1A80     		strh	r2, [r3]	@ movhi
1444:HW_Lib/STM32H7/HAL_Lib/STM32H7xx_HAL_Driver/Src/stm32h7xx_hal_spi.c **** #else
1445:HW_Lib/STM32H7/HAL_Lib/STM32H7xx_HAL_Driver/Src/stm32h7xx_hal_spi.c ****           *((__IO uint16_t *)&hspi->Instance->TXDR) = *((uint16_t *)hspi->pTxBuffPtr);
1446:HW_Lib/STM32H7/HAL_Lib/STM32H7xx_HAL_Driver/Src/stm32h7xx_hal_spi.c **** #endif /* __GNUC__ */
1447:HW_Lib/STM32H7/HAL_Lib/STM32H7xx_HAL_Driver/Src/stm32h7xx_hal_spi.c ****           hspi->pTxBuffPtr += sizeof(uint16_t);
 2438              		.loc 1 1447 28
 2439 0406 FB68     		ldr	r3, [r7, #12]
 2440 0408 DB6D     		ldr	r3, [r3, #92]
 2441 040a 9A1C     		adds	r2, r3, #2
 2442 040c FB68     		ldr	r3, [r7, #12]
 2443 040e DA65     		str	r2, [r3, #92]
1448:HW_Lib/STM32H7/HAL_Lib/STM32H7xx_HAL_Driver/Src/stm32h7xx_hal_spi.c ****           hspi->TxXferCount -= (uint16_t)2UL;
 2444              		.loc 1 1448 29
 2445 0410 FB68     		ldr	r3, [r7, #12]
 2446 0412 B3F86230 		ldrh	r3, [r3, #98]	@ movhi
 2447 0416 9BB2     		uxth	r3, r3
 2448 0418 023B     		subs	r3, r3, #2
 2449 041a 9AB2     		uxth	r2, r3
 2450 041c FB68     		ldr	r3, [r7, #12]
 2451 041e A3F86220 		strh	r2, [r3, #98]	@ movhi
1449:HW_Lib/STM32H7/HAL_Lib/STM32H7xx_HAL_Driver/Src/stm32h7xx_hal_spi.c ****           initial_TxXferCount = hspi->TxXferCount;
 2452              		.loc 1 1449 31
 2453 0422 FB68     		ldr	r3, [r7, #12]
 2454 0424 B3F86230 		ldrh	r3, [r3, #98]	@ movhi
 2455 0428 FB85     		strh	r3, [r7, #46]	@ movhi
 2456 042a 18E0     		b	.L117
 2457              	.L119:
1450:HW_Lib/STM32H7/HAL_Lib/STM32H7xx_HAL_Driver/Src/stm32h7xx_hal_spi.c ****         }
1451:HW_Lib/STM32H7/HAL_Lib/STM32H7xx_HAL_Driver/Src/stm32h7xx_hal_spi.c ****         else
1452:HW_Lib/STM32H7/HAL_Lib/STM32H7xx_HAL_Driver/Src/stm32h7xx_hal_spi.c ****         {
1453:HW_Lib/STM32H7/HAL_Lib/STM32H7xx_HAL_Driver/Src/stm32h7xx_hal_spi.c ****           *((__IO uint8_t *)&hspi->Instance->TXDR) = *((uint8_t *)hspi->pTxBuffPtr);
 2458              		.loc 1 1453 71
 2459 042c FB68     		ldr	r3, [r7, #12]
 2460 042e DA6D     		ldr	r2, [r3, #92]
 2461              		.loc 1 1453 34
 2462 0430 FB68     		ldr	r3, [r7, #12]
 2463 0432 1B68     		ldr	r3, [r3]
 2464              		.loc 1 1453 29
 2465 0434 2033     		adds	r3, r3, #32
 2466              		.loc 1 1453 54
 2467 0436 1278     		ldrb	r2, [r2]	@ zero_extendqisi2
 2468              		.loc 1 1453 52
 2469 0438 1A70     		strb	r2, [r3]
1454:HW_Lib/STM32H7/HAL_Lib/STM32H7xx_HAL_Driver/Src/stm32h7xx_hal_spi.c ****           hspi->pTxBuffPtr += sizeof(uint8_t);
 2470              		.loc 1 1454 28
 2471 043a FB68     		ldr	r3, [r7, #12]
ARM GAS  C:\Users\HUAV\AppData\Local\Temp\ccYQlmuE.s 			page 70


 2472 043c DB6D     		ldr	r3, [r3, #92]
 2473 043e 5A1C     		adds	r2, r3, #1
 2474 0440 FB68     		ldr	r3, [r7, #12]
 2475 0442 DA65     		str	r2, [r3, #92]
1455:HW_Lib/STM32H7/HAL_Lib/STM32H7xx_HAL_Driver/Src/stm32h7xx_hal_spi.c ****           hspi->TxXferCount--;
 2476              		.loc 1 1455 15
 2477 0444 FB68     		ldr	r3, [r7, #12]
 2478 0446 B3F86230 		ldrh	r3, [r3, #98]	@ movhi
 2479 044a 9BB2     		uxth	r3, r3
 2480              		.loc 1 1455 28
 2481 044c 013B     		subs	r3, r3, #1
 2482 044e 9AB2     		uxth	r2, r3
 2483 0450 FB68     		ldr	r3, [r7, #12]
 2484 0452 A3F86220 		strh	r2, [r3, #98]	@ movhi
1456:HW_Lib/STM32H7/HAL_Lib/STM32H7xx_HAL_Driver/Src/stm32h7xx_hal_spi.c ****           initial_TxXferCount = hspi->TxXferCount;
 2485              		.loc 1 1456 31
 2486 0456 FB68     		ldr	r3, [r7, #12]
 2487 0458 B3F86230 		ldrh	r3, [r3, #98]	@ movhi
 2488 045c FB85     		strh	r3, [r7, #46]	@ movhi
 2489              	.L117:
1457:HW_Lib/STM32H7/HAL_Lib/STM32H7xx_HAL_Driver/Src/stm32h7xx_hal_spi.c ****         }
1458:HW_Lib/STM32H7/HAL_Lib/STM32H7xx_HAL_Driver/Src/stm32h7xx_hal_spi.c ****       }
1459:HW_Lib/STM32H7/HAL_Lib/STM32H7xx_HAL_Driver/Src/stm32h7xx_hal_spi.c **** 
1460:HW_Lib/STM32H7/HAL_Lib/STM32H7xx_HAL_Driver/Src/stm32h7xx_hal_spi.c ****       /* Wait until RXWNE/FRLVL flag is reset */
1461:HW_Lib/STM32H7/HAL_Lib/STM32H7xx_HAL_Driver/Src/stm32h7xx_hal_spi.c ****       if (((hspi->Instance->SR & (SPI_FLAG_RXWNE | SPI_FLAG_FRLVL)) != 0UL) && (initial_RxXferCount
 2490              		.loc 1 1461 17
 2491 045e FB68     		ldr	r3, [r7, #12]
 2492 0460 1B68     		ldr	r3, [r3]
 2493              		.loc 1 1461 27
 2494 0462 5B69     		ldr	r3, [r3, #20]
 2495              		.loc 1 1461 32
 2496 0464 03F46043 		and	r3, r3, #57344
 2497              		.loc 1 1461 10
 2498 0468 002B     		cmp	r3, #0
 2499 046a 5ED0     		beq	.L120
 2500              		.loc 1 1461 77 discriminator 1
 2501 046c BB8D     		ldrh	r3, [r7, #44]
 2502 046e 002B     		cmp	r3, #0
 2503 0470 5BD0     		beq	.L120
1462:HW_Lib/STM32H7/HAL_Lib/STM32H7xx_HAL_Driver/Src/stm32h7xx_hal_spi.c ****       {
1463:HW_Lib/STM32H7/HAL_Lib/STM32H7xx_HAL_Driver/Src/stm32h7xx_hal_spi.c ****         if ((hspi->Instance->SR & SPI_FLAG_RXWNE) != 0UL)
 2504              		.loc 1 1463 18
 2505 0472 FB68     		ldr	r3, [r7, #12]
 2506 0474 1B68     		ldr	r3, [r3]
 2507              		.loc 1 1463 28
 2508 0476 5B69     		ldr	r3, [r3, #20]
 2509              		.loc 1 1463 33
 2510 0478 03F40043 		and	r3, r3, #32768
 2511              		.loc 1 1463 12
 2512 047c 002B     		cmp	r3, #0
 2513 047e 18D0     		beq	.L121
1464:HW_Lib/STM32H7/HAL_Lib/STM32H7xx_HAL_Driver/Src/stm32h7xx_hal_spi.c ****         {
1465:HW_Lib/STM32H7/HAL_Lib/STM32H7xx_HAL_Driver/Src/stm32h7xx_hal_spi.c ****           *((uint32_t *)hspi->pRxBuffPtr) = *((__IO uint32_t *)&hspi->Instance->RXDR);
 2514              		.loc 1 1465 69
 2515 0480 FB68     		ldr	r3, [r7, #12]
 2516 0482 1A68     		ldr	r2, [r3]
 2517              		.loc 1 1465 29
ARM GAS  C:\Users\HUAV\AppData\Local\Temp\ccYQlmuE.s 			page 71


 2518 0484 FB68     		ldr	r3, [r7, #12]
 2519 0486 5B6E     		ldr	r3, [r3, #100]
 2520              		.loc 1 1465 45
 2521 0488 126B     		ldr	r2, [r2, #48]
 2522              		.loc 1 1465 43
 2523 048a 1A60     		str	r2, [r3]
1466:HW_Lib/STM32H7/HAL_Lib/STM32H7xx_HAL_Driver/Src/stm32h7xx_hal_spi.c ****           hspi->pRxBuffPtr += sizeof(uint32_t);
 2524              		.loc 1 1466 28
 2525 048c FB68     		ldr	r3, [r7, #12]
 2526 048e 5B6E     		ldr	r3, [r3, #100]
 2527 0490 1A1D     		adds	r2, r3, #4
 2528 0492 FB68     		ldr	r3, [r7, #12]
 2529 0494 5A66     		str	r2, [r3, #100]
1467:HW_Lib/STM32H7/HAL_Lib/STM32H7xx_HAL_Driver/Src/stm32h7xx_hal_spi.c ****           hspi->RxXferCount -= (uint16_t)4UL;
 2530              		.loc 1 1467 29
 2531 0496 FB68     		ldr	r3, [r7, #12]
 2532 0498 B3F86A30 		ldrh	r3, [r3, #106]	@ movhi
 2533 049c 9BB2     		uxth	r3, r3
 2534 049e 043B     		subs	r3, r3, #4
 2535 04a0 9AB2     		uxth	r2, r3
 2536 04a2 FB68     		ldr	r3, [r7, #12]
 2537 04a4 A3F86A20 		strh	r2, [r3, #106]	@ movhi
1468:HW_Lib/STM32H7/HAL_Lib/STM32H7xx_HAL_Driver/Src/stm32h7xx_hal_spi.c ****           initial_RxXferCount = hspi->RxXferCount;
 2538              		.loc 1 1468 31
 2539 04a8 FB68     		ldr	r3, [r7, #12]
 2540 04aa B3F86A30 		ldrh	r3, [r3, #106]	@ movhi
 2541 04ae BB85     		strh	r3, [r7, #44]	@ movhi
 2542 04b0 3BE0     		b	.L120
 2543              	.L121:
1469:HW_Lib/STM32H7/HAL_Lib/STM32H7xx_HAL_Driver/Src/stm32h7xx_hal_spi.c ****         }
1470:HW_Lib/STM32H7/HAL_Lib/STM32H7xx_HAL_Driver/Src/stm32h7xx_hal_spi.c ****         else if ((hspi->Instance->SR & SPI_FLAG_FRLVL) > SPI_RX_FIFO_1PACKET)
 2544              		.loc 1 1470 23
 2545 04b2 FB68     		ldr	r3, [r7, #12]
 2546 04b4 1B68     		ldr	r3, [r3]
 2547              		.loc 1 1470 33
 2548 04b6 5B69     		ldr	r3, [r3, #20]
 2549              		.loc 1 1470 38
 2550 04b8 03F4C043 		and	r3, r3, #24576
 2551              		.loc 1 1470 17
 2552 04bc B3F5005F 		cmp	r3, #8192
 2553 04c0 18D9     		bls	.L122
1471:HW_Lib/STM32H7/HAL_Lib/STM32H7xx_HAL_Driver/Src/stm32h7xx_hal_spi.c ****         {
1472:HW_Lib/STM32H7/HAL_Lib/STM32H7xx_HAL_Driver/Src/stm32h7xx_hal_spi.c **** #if defined (__GNUC__)
1473:HW_Lib/STM32H7/HAL_Lib/STM32H7xx_HAL_Driver/Src/stm32h7xx_hal_spi.c ****           *((uint16_t *)hspi->pRxBuffPtr) = *prxdr_16bits;
 2554              		.loc 1 1473 29
 2555 04c2 FB68     		ldr	r3, [r7, #12]
 2556 04c4 5B6E     		ldr	r3, [r3, #100]
 2557              		.loc 1 1473 45
 2558 04c6 3A6A     		ldr	r2, [r7, #32]
 2559 04c8 1288     		ldrh	r2, [r2]	@ movhi
 2560 04ca 92B2     		uxth	r2, r2
 2561              		.loc 1 1473 43
 2562 04cc 1A80     		strh	r2, [r3]	@ movhi
1474:HW_Lib/STM32H7/HAL_Lib/STM32H7xx_HAL_Driver/Src/stm32h7xx_hal_spi.c **** #else
1475:HW_Lib/STM32H7/HAL_Lib/STM32H7xx_HAL_Driver/Src/stm32h7xx_hal_spi.c ****           *((uint16_t *)hspi->pRxBuffPtr) = *((__IO uint16_t *)&hspi->Instance->RXDR);
1476:HW_Lib/STM32H7/HAL_Lib/STM32H7xx_HAL_Driver/Src/stm32h7xx_hal_spi.c **** #endif /* __GNUC__ */
1477:HW_Lib/STM32H7/HAL_Lib/STM32H7xx_HAL_Driver/Src/stm32h7xx_hal_spi.c ****           hspi->pRxBuffPtr += sizeof(uint16_t);
ARM GAS  C:\Users\HUAV\AppData\Local\Temp\ccYQlmuE.s 			page 72


 2563              		.loc 1 1477 28
 2564 04ce FB68     		ldr	r3, [r7, #12]
 2565 04d0 5B6E     		ldr	r3, [r3, #100]
 2566 04d2 9A1C     		adds	r2, r3, #2
 2567 04d4 FB68     		ldr	r3, [r7, #12]
 2568 04d6 5A66     		str	r2, [r3, #100]
1478:HW_Lib/STM32H7/HAL_Lib/STM32H7xx_HAL_Driver/Src/stm32h7xx_hal_spi.c ****           hspi->RxXferCount -= (uint16_t)2UL;
 2569              		.loc 1 1478 29
 2570 04d8 FB68     		ldr	r3, [r7, #12]
 2571 04da B3F86A30 		ldrh	r3, [r3, #106]	@ movhi
 2572 04de 9BB2     		uxth	r3, r3
 2573 04e0 023B     		subs	r3, r3, #2
 2574 04e2 9AB2     		uxth	r2, r3
 2575 04e4 FB68     		ldr	r3, [r7, #12]
 2576 04e6 A3F86A20 		strh	r2, [r3, #106]	@ movhi
1479:HW_Lib/STM32H7/HAL_Lib/STM32H7xx_HAL_Driver/Src/stm32h7xx_hal_spi.c ****           initial_RxXferCount = hspi->RxXferCount;
 2577              		.loc 1 1479 31
 2578 04ea FB68     		ldr	r3, [r7, #12]
 2579 04ec B3F86A30 		ldrh	r3, [r3, #106]	@ movhi
 2580 04f0 BB85     		strh	r3, [r7, #44]	@ movhi
 2581 04f2 1AE0     		b	.L120
 2582              	.L122:
1480:HW_Lib/STM32H7/HAL_Lib/STM32H7xx_HAL_Driver/Src/stm32h7xx_hal_spi.c ****         }
1481:HW_Lib/STM32H7/HAL_Lib/STM32H7xx_HAL_Driver/Src/stm32h7xx_hal_spi.c ****         else
1482:HW_Lib/STM32H7/HAL_Lib/STM32H7xx_HAL_Driver/Src/stm32h7xx_hal_spi.c ****         {
1483:HW_Lib/STM32H7/HAL_Lib/STM32H7xx_HAL_Driver/Src/stm32h7xx_hal_spi.c ****           *((uint8_t *)hspi->pRxBuffPtr) = *((__IO uint8_t *)&hspi->Instance->RXDR);
 2583              		.loc 1 1483 67
 2584 04f4 FB68     		ldr	r3, [r7, #12]
 2585 04f6 1B68     		ldr	r3, [r3]
 2586              		.loc 1 1483 62
 2587 04f8 03F13002 		add	r2, r3, #48
 2588              		.loc 1 1483 28
 2589 04fc FB68     		ldr	r3, [r7, #12]
 2590 04fe 5B6E     		ldr	r3, [r3, #100]
 2591              		.loc 1 1483 44
 2592 0500 1278     		ldrb	r2, [r2]
 2593 0502 D2B2     		uxtb	r2, r2
 2594              		.loc 1 1483 42
 2595 0504 1A70     		strb	r2, [r3]
1484:HW_Lib/STM32H7/HAL_Lib/STM32H7xx_HAL_Driver/Src/stm32h7xx_hal_spi.c ****           hspi->pRxBuffPtr += sizeof(uint8_t);
 2596              		.loc 1 1484 28
 2597 0506 FB68     		ldr	r3, [r7, #12]
 2598 0508 5B6E     		ldr	r3, [r3, #100]
 2599 050a 5A1C     		adds	r2, r3, #1
 2600 050c FB68     		ldr	r3, [r7, #12]
 2601 050e 5A66     		str	r2, [r3, #100]
1485:HW_Lib/STM32H7/HAL_Lib/STM32H7xx_HAL_Driver/Src/stm32h7xx_hal_spi.c ****           hspi->RxXferCount--;
 2602              		.loc 1 1485 15
 2603 0510 FB68     		ldr	r3, [r7, #12]
 2604 0512 B3F86A30 		ldrh	r3, [r3, #106]	@ movhi
 2605 0516 9BB2     		uxth	r3, r3
 2606              		.loc 1 1485 28
 2607 0518 013B     		subs	r3, r3, #1
 2608 051a 9AB2     		uxth	r2, r3
 2609 051c FB68     		ldr	r3, [r7, #12]
 2610 051e A3F86A20 		strh	r2, [r3, #106]	@ movhi
1486:HW_Lib/STM32H7/HAL_Lib/STM32H7xx_HAL_Driver/Src/stm32h7xx_hal_spi.c ****           initial_RxXferCount = hspi->RxXferCount;
ARM GAS  C:\Users\HUAV\AppData\Local\Temp\ccYQlmuE.s 			page 73


 2611              		.loc 1 1486 31
 2612 0522 FB68     		ldr	r3, [r7, #12]
 2613 0524 B3F86A30 		ldrh	r3, [r3, #106]	@ movhi
 2614 0528 BB85     		strh	r3, [r7, #44]	@ movhi
 2615              	.L120:
1487:HW_Lib/STM32H7/HAL_Lib/STM32H7xx_HAL_Driver/Src/stm32h7xx_hal_spi.c ****         }
1488:HW_Lib/STM32H7/HAL_Lib/STM32H7xx_HAL_Driver/Src/stm32h7xx_hal_spi.c ****       }
1489:HW_Lib/STM32H7/HAL_Lib/STM32H7xx_HAL_Driver/Src/stm32h7xx_hal_spi.c **** 
1490:HW_Lib/STM32H7/HAL_Lib/STM32H7xx_HAL_Driver/Src/stm32h7xx_hal_spi.c ****       /* Timeout management */
1491:HW_Lib/STM32H7/HAL_Lib/STM32H7xx_HAL_Driver/Src/stm32h7xx_hal_spi.c ****       if ((((HAL_GetTick() - tickstart) >=  Timeout) && (Timeout != HAL_MAX_DELAY)) || (Timeout == 
 2616              		.loc 1 1491 14
 2617 052a FFF7FEFF 		bl	HAL_GetTick
 2618 052e 0246     		mov	r2, r0
 2619              		.loc 1 1491 28
 2620 0530 FB69     		ldr	r3, [r7, #28]
 2621 0532 D31A     		subs	r3, r2, r3
 2622              		.loc 1 1491 10
 2623 0534 BA6B     		ldr	r2, [r7, #56]
 2624 0536 9A42     		cmp	r2, r3
 2625 0538 03D8     		bhi	.L123
 2626              		.loc 1 1491 54 discriminator 1
 2627 053a BB6B     		ldr	r3, [r7, #56]
 2628 053c B3F1FF3F 		cmp	r3, #-1
 2629 0540 02D1     		bne	.L124
 2630              	.L123:
 2631              		.loc 1 1491 85 discriminator 3
 2632 0542 BB6B     		ldr	r3, [r7, #56]
 2633 0544 002B     		cmp	r3, #0
 2634 0546 14D1     		bne	.L116
 2635              	.L124:
1492:HW_Lib/STM32H7/HAL_Lib/STM32H7xx_HAL_Driver/Src/stm32h7xx_hal_spi.c ****       {
1493:HW_Lib/STM32H7/HAL_Lib/STM32H7xx_HAL_Driver/Src/stm32h7xx_hal_spi.c ****         /* Call standard close procedure with error check */
1494:HW_Lib/STM32H7/HAL_Lib/STM32H7xx_HAL_Driver/Src/stm32h7xx_hal_spi.c ****         SPI_CloseTransfer(hspi);
 2636              		.loc 1 1494 9
 2637 0548 F868     		ldr	r0, [r7, #12]
 2638 054a FFF7FEFF 		bl	SPI_CloseTransfer
1495:HW_Lib/STM32H7/HAL_Lib/STM32H7xx_HAL_Driver/Src/stm32h7xx_hal_spi.c **** 
1496:HW_Lib/STM32H7/HAL_Lib/STM32H7xx_HAL_Driver/Src/stm32h7xx_hal_spi.c ****         /* Unlock the process */
1497:HW_Lib/STM32H7/HAL_Lib/STM32H7xx_HAL_Driver/Src/stm32h7xx_hal_spi.c ****         __HAL_UNLOCK(hspi);
 2639              		.loc 1 1497 9
 2640 054e FB68     		ldr	r3, [r7, #12]
 2641 0550 0022     		movs	r2, #0
 2642 0552 83F88020 		strb	r2, [r3, #128]
1498:HW_Lib/STM32H7/HAL_Lib/STM32H7xx_HAL_Driver/Src/stm32h7xx_hal_spi.c **** 
1499:HW_Lib/STM32H7/HAL_Lib/STM32H7xx_HAL_Driver/Src/stm32h7xx_hal_spi.c ****         SET_BIT(hspi->ErrorCode, HAL_SPI_ERROR_TIMEOUT);
 2643              		.loc 1 1499 9
 2644 0556 FB68     		ldr	r3, [r7, #12]
 2645 0558 D3F88430 		ldr	r3, [r3, #132]
 2646 055c 43F48072 		orr	r2, r3, #256
 2647 0560 FB68     		ldr	r3, [r7, #12]
 2648 0562 C3F88420 		str	r2, [r3, #132]
1500:HW_Lib/STM32H7/HAL_Lib/STM32H7xx_HAL_Driver/Src/stm32h7xx_hal_spi.c ****         hspi->State = HAL_SPI_STATE_READY;
 2649              		.loc 1 1500 21
 2650 0566 FB68     		ldr	r3, [r7, #12]
 2651 0568 0122     		movs	r2, #1
 2652 056a 83F88120 		strb	r2, [r3, #129]
1501:HW_Lib/STM32H7/HAL_Lib/STM32H7xx_HAL_Driver/Src/stm32h7xx_hal_spi.c ****         return HAL_TIMEOUT;
ARM GAS  C:\Users\HUAV\AppData\Local\Temp\ccYQlmuE.s 			page 74


 2653              		.loc 1 1501 16
 2654 056e 0323     		movs	r3, #3
 2655 0570 2EE0     		b	.L92
 2656              	.L116:
1428:HW_Lib/STM32H7/HAL_Lib/STM32H7xx_HAL_Driver/Src/stm32h7xx_hal_spi.c ****     {
 2657              		.loc 1 1428 11
 2658 0572 FB8D     		ldrh	r3, [r7, #46]
 2659 0574 002B     		cmp	r3, #0
 2660 0576 7FF410AF 		bne	.L125
1428:HW_Lib/STM32H7/HAL_Lib/STM32H7xx_HAL_Driver/Src/stm32h7xx_hal_spi.c ****     {
 2661              		.loc 1 1428 40 discriminator 1
 2662 057a BB8D     		ldrh	r3, [r7, #44]
 2663 057c 002B     		cmp	r3, #0
 2664 057e 7FF40CAF 		bne	.L125
 2665              	.L106:
1502:HW_Lib/STM32H7/HAL_Lib/STM32H7xx_HAL_Driver/Src/stm32h7xx_hal_spi.c ****       }
1503:HW_Lib/STM32H7/HAL_Lib/STM32H7xx_HAL_Driver/Src/stm32h7xx_hal_spi.c ****     }
1504:HW_Lib/STM32H7/HAL_Lib/STM32H7xx_HAL_Driver/Src/stm32h7xx_hal_spi.c ****   }
1505:HW_Lib/STM32H7/HAL_Lib/STM32H7xx_HAL_Driver/Src/stm32h7xx_hal_spi.c **** 
1506:HW_Lib/STM32H7/HAL_Lib/STM32H7xx_HAL_Driver/Src/stm32h7xx_hal_spi.c ****   /* Wait for Tx/Rx (and CRC) data to be sent/received */
1507:HW_Lib/STM32H7/HAL_Lib/STM32H7xx_HAL_Driver/Src/stm32h7xx_hal_spi.c ****   if (SPI_WaitOnFlagUntilTimeout(hspi, SPI_FLAG_EOT, RESET, tickstart, Timeout) != HAL_OK)
 2666              		.loc 1 1507 7
 2667 0582 BB6B     		ldr	r3, [r7, #56]
 2668 0584 0093     		str	r3, [sp]
 2669 0586 FB69     		ldr	r3, [r7, #28]
 2670 0588 0022     		movs	r2, #0
 2671 058a 0821     		movs	r1, #8
 2672 058c F868     		ldr	r0, [r7, #12]
 2673 058e FFF7FEFF 		bl	SPI_WaitOnFlagUntilTimeout
 2674 0592 0346     		mov	r3, r0
 2675              		.loc 1 1507 6
 2676 0594 002B     		cmp	r3, #0
 2677 0596 07D0     		beq	.L126
1508:HW_Lib/STM32H7/HAL_Lib/STM32H7xx_HAL_Driver/Src/stm32h7xx_hal_spi.c ****   {
1509:HW_Lib/STM32H7/HAL_Lib/STM32H7xx_HAL_Driver/Src/stm32h7xx_hal_spi.c ****     SET_BIT(hspi->ErrorCode, HAL_SPI_ERROR_FLAG);
 2678              		.loc 1 1509 5
 2679 0598 FB68     		ldr	r3, [r7, #12]
 2680 059a D3F88430 		ldr	r3, [r3, #132]
 2681 059e 43F02002 		orr	r2, r3, #32
 2682 05a2 FB68     		ldr	r3, [r7, #12]
 2683 05a4 C3F88420 		str	r2, [r3, #132]
 2684              	.L126:
1510:HW_Lib/STM32H7/HAL_Lib/STM32H7xx_HAL_Driver/Src/stm32h7xx_hal_spi.c ****   }
1511:HW_Lib/STM32H7/HAL_Lib/STM32H7xx_HAL_Driver/Src/stm32h7xx_hal_spi.c **** 
1512:HW_Lib/STM32H7/HAL_Lib/STM32H7xx_HAL_Driver/Src/stm32h7xx_hal_spi.c ****   /* Call standard close procedure with error check */
1513:HW_Lib/STM32H7/HAL_Lib/STM32H7xx_HAL_Driver/Src/stm32h7xx_hal_spi.c ****   SPI_CloseTransfer(hspi);
 2685              		.loc 1 1513 3
 2686 05a8 F868     		ldr	r0, [r7, #12]
 2687 05aa FFF7FEFF 		bl	SPI_CloseTransfer
1514:HW_Lib/STM32H7/HAL_Lib/STM32H7xx_HAL_Driver/Src/stm32h7xx_hal_spi.c **** 
1515:HW_Lib/STM32H7/HAL_Lib/STM32H7xx_HAL_Driver/Src/stm32h7xx_hal_spi.c ****   /* Unlock the process */
1516:HW_Lib/STM32H7/HAL_Lib/STM32H7xx_HAL_Driver/Src/stm32h7xx_hal_spi.c ****   __HAL_UNLOCK(hspi);
 2688              		.loc 1 1516 3
 2689 05ae FB68     		ldr	r3, [r7, #12]
 2690 05b0 0022     		movs	r2, #0
 2691 05b2 83F88020 		strb	r2, [r3, #128]
1517:HW_Lib/STM32H7/HAL_Lib/STM32H7xx_HAL_Driver/Src/stm32h7xx_hal_spi.c **** 
ARM GAS  C:\Users\HUAV\AppData\Local\Temp\ccYQlmuE.s 			page 75


1518:HW_Lib/STM32H7/HAL_Lib/STM32H7xx_HAL_Driver/Src/stm32h7xx_hal_spi.c ****   hspi->State = HAL_SPI_STATE_READY;
 2692              		.loc 1 1518 15
 2693 05b6 FB68     		ldr	r3, [r7, #12]
 2694 05b8 0122     		movs	r2, #1
 2695 05ba 83F88120 		strb	r2, [r3, #129]
1519:HW_Lib/STM32H7/HAL_Lib/STM32H7xx_HAL_Driver/Src/stm32h7xx_hal_spi.c **** 
1520:HW_Lib/STM32H7/HAL_Lib/STM32H7xx_HAL_Driver/Src/stm32h7xx_hal_spi.c ****   if (hspi->ErrorCode != HAL_SPI_ERROR_NONE)
 2696              		.loc 1 1520 11
 2697 05be FB68     		ldr	r3, [r7, #12]
 2698 05c0 D3F88430 		ldr	r3, [r3, #132]
 2699              		.loc 1 1520 6
 2700 05c4 002B     		cmp	r3, #0
 2701 05c6 01D0     		beq	.L127
1521:HW_Lib/STM32H7/HAL_Lib/STM32H7xx_HAL_Driver/Src/stm32h7xx_hal_spi.c ****   {
1522:HW_Lib/STM32H7/HAL_Lib/STM32H7xx_HAL_Driver/Src/stm32h7xx_hal_spi.c ****     return HAL_ERROR;
 2702              		.loc 1 1522 12
 2703 05c8 0123     		movs	r3, #1
 2704 05ca 01E0     		b	.L92
 2705              	.L127:
1523:HW_Lib/STM32H7/HAL_Lib/STM32H7xx_HAL_Driver/Src/stm32h7xx_hal_spi.c ****   }
1524:HW_Lib/STM32H7/HAL_Lib/STM32H7xx_HAL_Driver/Src/stm32h7xx_hal_spi.c ****   return errorcode;
 2706              		.loc 1 1524 10
 2707 05cc 97F82B30 		ldrb	r3, [r7, #43]	@ zero_extendqisi2
 2708              	.L92:
1525:HW_Lib/STM32H7/HAL_Lib/STM32H7xx_HAL_Driver/Src/stm32h7xx_hal_spi.c **** }
 2709              		.loc 1 1525 1
 2710 05d0 1846     		mov	r0, r3
 2711 05d2 3037     		adds	r7, r7, #48
 2712              	.LCFI35:
 2713              		.cfi_def_cfa_offset 8
 2714 05d4 BD46     		mov	sp, r7
 2715              	.LCFI36:
 2716              		.cfi_def_cfa_register 13
 2717              		@ sp needed
 2718 05d6 80BD     		pop	{r7, pc}
 2719              		.cfi_endproc
 2720              	.LFE339:
 2722              		.section	.text.HAL_SPI_Transmit_IT,"ax",%progbits
 2723              		.align	1
 2724              		.global	HAL_SPI_Transmit_IT
 2725              		.syntax unified
 2726              		.thumb
 2727              		.thumb_func
 2729              	HAL_SPI_Transmit_IT:
 2730              	.LFB340:
1526:HW_Lib/STM32H7/HAL_Lib/STM32H7xx_HAL_Driver/Src/stm32h7xx_hal_spi.c **** 
1527:HW_Lib/STM32H7/HAL_Lib/STM32H7xx_HAL_Driver/Src/stm32h7xx_hal_spi.c **** /**
1528:HW_Lib/STM32H7/HAL_Lib/STM32H7xx_HAL_Driver/Src/stm32h7xx_hal_spi.c ****   * @brief  Transmit an amount of data in non-blocking mode with Interrupt.
1529:HW_Lib/STM32H7/HAL_Lib/STM32H7xx_HAL_Driver/Src/stm32h7xx_hal_spi.c ****   * @param  hspi : pointer to a SPI_HandleTypeDef structure that contains
1530:HW_Lib/STM32H7/HAL_Lib/STM32H7xx_HAL_Driver/Src/stm32h7xx_hal_spi.c ****   *                the configuration information for SPI module.
1531:HW_Lib/STM32H7/HAL_Lib/STM32H7xx_HAL_Driver/Src/stm32h7xx_hal_spi.c ****   * @param  pData: pointer to data buffer
1532:HW_Lib/STM32H7/HAL_Lib/STM32H7xx_HAL_Driver/Src/stm32h7xx_hal_spi.c ****   * @param  Size : amount of data to be sent
1533:HW_Lib/STM32H7/HAL_Lib/STM32H7xx_HAL_Driver/Src/stm32h7xx_hal_spi.c ****   * @retval HAL status
1534:HW_Lib/STM32H7/HAL_Lib/STM32H7xx_HAL_Driver/Src/stm32h7xx_hal_spi.c ****   */
1535:HW_Lib/STM32H7/HAL_Lib/STM32H7xx_HAL_Driver/Src/stm32h7xx_hal_spi.c **** HAL_StatusTypeDef HAL_SPI_Transmit_IT(SPI_HandleTypeDef *hspi, uint8_t *pData, uint16_t Size)
1536:HW_Lib/STM32H7/HAL_Lib/STM32H7xx_HAL_Driver/Src/stm32h7xx_hal_spi.c **** {
 2731              		.loc 1 1536 1
ARM GAS  C:\Users\HUAV\AppData\Local\Temp\ccYQlmuE.s 			page 76


 2732              		.cfi_startproc
 2733              		@ args = 0, pretend = 0, frame = 24
 2734              		@ frame_needed = 1, uses_anonymous_args = 0
 2735              		@ link register save eliminated.
 2736 0000 80B4     		push	{r7}
 2737              	.LCFI37:
 2738              		.cfi_def_cfa_offset 4
 2739              		.cfi_offset 7, -4
 2740 0002 87B0     		sub	sp, sp, #28
 2741              	.LCFI38:
 2742              		.cfi_def_cfa_offset 32
 2743 0004 00AF     		add	r7, sp, #0
 2744              	.LCFI39:
 2745              		.cfi_def_cfa_register 7
 2746 0006 F860     		str	r0, [r7, #12]
 2747 0008 B960     		str	r1, [r7, #8]
 2748 000a 1346     		mov	r3, r2
 2749 000c FB80     		strh	r3, [r7, #6]	@ movhi
1537:HW_Lib/STM32H7/HAL_Lib/STM32H7xx_HAL_Driver/Src/stm32h7xx_hal_spi.c ****   HAL_StatusTypeDef errorcode = HAL_OK;
 2750              		.loc 1 1537 21
 2751 000e 0023     		movs	r3, #0
 2752 0010 FB75     		strb	r3, [r7, #23]
1538:HW_Lib/STM32H7/HAL_Lib/STM32H7xx_HAL_Driver/Src/stm32h7xx_hal_spi.c **** 
1539:HW_Lib/STM32H7/HAL_Lib/STM32H7xx_HAL_Driver/Src/stm32h7xx_hal_spi.c ****   /* Check Direction parameter */
1540:HW_Lib/STM32H7/HAL_Lib/STM32H7xx_HAL_Driver/Src/stm32h7xx_hal_spi.c ****   assert_param(IS_SPI_DIRECTION_2LINES_OR_1LINE_2LINES_TXONLY(hspi->Init.Direction));
1541:HW_Lib/STM32H7/HAL_Lib/STM32H7xx_HAL_Driver/Src/stm32h7xx_hal_spi.c **** 
1542:HW_Lib/STM32H7/HAL_Lib/STM32H7xx_HAL_Driver/Src/stm32h7xx_hal_spi.c ****   /* Lock the process */
1543:HW_Lib/STM32H7/HAL_Lib/STM32H7xx_HAL_Driver/Src/stm32h7xx_hal_spi.c ****   __HAL_LOCK(hspi);
 2753              		.loc 1 1543 3
 2754 0012 FB68     		ldr	r3, [r7, #12]
 2755 0014 93F88030 		ldrb	r3, [r3, #128]	@ zero_extendqisi2
 2756 0018 012B     		cmp	r3, #1
 2757 001a 01D1     		bne	.L131
 2758              		.loc 1 1543 3 is_stmt 0 discriminator 1
 2759 001c 0223     		movs	r3, #2
 2760 001e 8DE0     		b	.L132
 2761              	.L131:
 2762              		.loc 1 1543 3 discriminator 2
 2763 0020 FB68     		ldr	r3, [r7, #12]
 2764 0022 0122     		movs	r2, #1
 2765 0024 83F88020 		strb	r2, [r3, #128]
1544:HW_Lib/STM32H7/HAL_Lib/STM32H7xx_HAL_Driver/Src/stm32h7xx_hal_spi.c **** 
1545:HW_Lib/STM32H7/HAL_Lib/STM32H7xx_HAL_Driver/Src/stm32h7xx_hal_spi.c ****   if ((pData == NULL) || (Size == 0UL))
 2766              		.loc 1 1545 6 is_stmt 1 discriminator 2
 2767 0028 BB68     		ldr	r3, [r7, #8]
 2768 002a 002B     		cmp	r3, #0
 2769 002c 02D0     		beq	.L133
 2770              		.loc 1 1545 23 discriminator 1
 2771 002e FB88     		ldrh	r3, [r7, #6]
 2772 0030 002B     		cmp	r3, #0
 2773 0032 07D1     		bne	.L134
 2774              	.L133:
1546:HW_Lib/STM32H7/HAL_Lib/STM32H7xx_HAL_Driver/Src/stm32h7xx_hal_spi.c ****   {
1547:HW_Lib/STM32H7/HAL_Lib/STM32H7xx_HAL_Driver/Src/stm32h7xx_hal_spi.c ****     errorcode = HAL_ERROR;
 2775              		.loc 1 1547 15
 2776 0034 0123     		movs	r3, #1
 2777 0036 FB75     		strb	r3, [r7, #23]
ARM GAS  C:\Users\HUAV\AppData\Local\Temp\ccYQlmuE.s 			page 77


1548:HW_Lib/STM32H7/HAL_Lib/STM32H7xx_HAL_Driver/Src/stm32h7xx_hal_spi.c ****     __HAL_UNLOCK(hspi);
 2778              		.loc 1 1548 5
 2779 0038 FB68     		ldr	r3, [r7, #12]
 2780 003a 0022     		movs	r2, #0
 2781 003c 83F88020 		strb	r2, [r3, #128]
1549:HW_Lib/STM32H7/HAL_Lib/STM32H7xx_HAL_Driver/Src/stm32h7xx_hal_spi.c ****     return errorcode;
 2782              		.loc 1 1549 12
 2783 0040 FB7D     		ldrb	r3, [r7, #23]	@ zero_extendqisi2
 2784 0042 7BE0     		b	.L132
 2785              	.L134:
1550:HW_Lib/STM32H7/HAL_Lib/STM32H7xx_HAL_Driver/Src/stm32h7xx_hal_spi.c ****   }
1551:HW_Lib/STM32H7/HAL_Lib/STM32H7xx_HAL_Driver/Src/stm32h7xx_hal_spi.c **** 
1552:HW_Lib/STM32H7/HAL_Lib/STM32H7xx_HAL_Driver/Src/stm32h7xx_hal_spi.c ****   if (hspi->State != HAL_SPI_STATE_READY)
 2786              		.loc 1 1552 11
 2787 0044 FB68     		ldr	r3, [r7, #12]
 2788 0046 93F88130 		ldrb	r3, [r3, #129]
 2789 004a DBB2     		uxtb	r3, r3
 2790              		.loc 1 1552 6
 2791 004c 012B     		cmp	r3, #1
 2792 004e 07D0     		beq	.L135
1553:HW_Lib/STM32H7/HAL_Lib/STM32H7xx_HAL_Driver/Src/stm32h7xx_hal_spi.c ****   {
1554:HW_Lib/STM32H7/HAL_Lib/STM32H7xx_HAL_Driver/Src/stm32h7xx_hal_spi.c ****     errorcode = HAL_BUSY;
 2793              		.loc 1 1554 15
 2794 0050 0223     		movs	r3, #2
 2795 0052 FB75     		strb	r3, [r7, #23]
1555:HW_Lib/STM32H7/HAL_Lib/STM32H7xx_HAL_Driver/Src/stm32h7xx_hal_spi.c ****     __HAL_UNLOCK(hspi);
 2796              		.loc 1 1555 5
 2797 0054 FB68     		ldr	r3, [r7, #12]
 2798 0056 0022     		movs	r2, #0
 2799 0058 83F88020 		strb	r2, [r3, #128]
1556:HW_Lib/STM32H7/HAL_Lib/STM32H7xx_HAL_Driver/Src/stm32h7xx_hal_spi.c ****     return errorcode;
 2800              		.loc 1 1556 12
 2801 005c FB7D     		ldrb	r3, [r7, #23]	@ zero_extendqisi2
 2802 005e 6DE0     		b	.L132
 2803              	.L135:
1557:HW_Lib/STM32H7/HAL_Lib/STM32H7xx_HAL_Driver/Src/stm32h7xx_hal_spi.c ****   }
1558:HW_Lib/STM32H7/HAL_Lib/STM32H7xx_HAL_Driver/Src/stm32h7xx_hal_spi.c **** 
1559:HW_Lib/STM32H7/HAL_Lib/STM32H7xx_HAL_Driver/Src/stm32h7xx_hal_spi.c ****   /* Set the transaction information */
1560:HW_Lib/STM32H7/HAL_Lib/STM32H7xx_HAL_Driver/Src/stm32h7xx_hal_spi.c ****   hspi->State       = HAL_SPI_STATE_BUSY_TX;
 2804              		.loc 1 1560 21
 2805 0060 FB68     		ldr	r3, [r7, #12]
 2806 0062 0322     		movs	r2, #3
 2807 0064 83F88120 		strb	r2, [r3, #129]
1561:HW_Lib/STM32H7/HAL_Lib/STM32H7xx_HAL_Driver/Src/stm32h7xx_hal_spi.c ****   hspi->ErrorCode   = HAL_SPI_ERROR_NONE;
 2808              		.loc 1 1561 21
 2809 0068 FB68     		ldr	r3, [r7, #12]
 2810 006a 0022     		movs	r2, #0
 2811 006c C3F88420 		str	r2, [r3, #132]
1562:HW_Lib/STM32H7/HAL_Lib/STM32H7xx_HAL_Driver/Src/stm32h7xx_hal_spi.c ****   hspi->pTxBuffPtr  = (uint8_t *)pData;
 2812              		.loc 1 1562 21
 2813 0070 FB68     		ldr	r3, [r7, #12]
 2814 0072 BA68     		ldr	r2, [r7, #8]
 2815 0074 DA65     		str	r2, [r3, #92]
1563:HW_Lib/STM32H7/HAL_Lib/STM32H7xx_HAL_Driver/Src/stm32h7xx_hal_spi.c ****   hspi->TxXferSize  = Size;
 2816              		.loc 1 1563 21
 2817 0076 FB68     		ldr	r3, [r7, #12]
 2818 0078 FA88     		ldrh	r2, [r7, #6]	@ movhi
ARM GAS  C:\Users\HUAV\AppData\Local\Temp\ccYQlmuE.s 			page 78


 2819 007a A3F86020 		strh	r2, [r3, #96]	@ movhi
1564:HW_Lib/STM32H7/HAL_Lib/STM32H7xx_HAL_Driver/Src/stm32h7xx_hal_spi.c ****   hspi->TxXferCount = Size;
 2820              		.loc 1 1564 21
 2821 007e FB68     		ldr	r3, [r7, #12]
 2822 0080 FA88     		ldrh	r2, [r7, #6]	@ movhi
 2823 0082 A3F86220 		strh	r2, [r3, #98]	@ movhi
1565:HW_Lib/STM32H7/HAL_Lib/STM32H7xx_HAL_Driver/Src/stm32h7xx_hal_spi.c **** 
1566:HW_Lib/STM32H7/HAL_Lib/STM32H7xx_HAL_Driver/Src/stm32h7xx_hal_spi.c ****   /* Init field not used in handle to zero */
1567:HW_Lib/STM32H7/HAL_Lib/STM32H7xx_HAL_Driver/Src/stm32h7xx_hal_spi.c ****   hspi->pRxBuffPtr  = NULL;
 2824              		.loc 1 1567 21
 2825 0086 FB68     		ldr	r3, [r7, #12]
 2826 0088 0022     		movs	r2, #0
 2827 008a 5A66     		str	r2, [r3, #100]
1568:HW_Lib/STM32H7/HAL_Lib/STM32H7xx_HAL_Driver/Src/stm32h7xx_hal_spi.c ****   hspi->RxXferSize  = (uint16_t) 0UL;
 2828              		.loc 1 1568 21
 2829 008c FB68     		ldr	r3, [r7, #12]
 2830 008e 0022     		movs	r2, #0
 2831 0090 A3F86820 		strh	r2, [r3, #104]	@ movhi
1569:HW_Lib/STM32H7/HAL_Lib/STM32H7xx_HAL_Driver/Src/stm32h7xx_hal_spi.c ****   hspi->RxXferCount = (uint16_t) 0UL;
 2832              		.loc 1 1569 21
 2833 0094 FB68     		ldr	r3, [r7, #12]
 2834 0096 0022     		movs	r2, #0
 2835 0098 A3F86A20 		strh	r2, [r3, #106]	@ movhi
1570:HW_Lib/STM32H7/HAL_Lib/STM32H7xx_HAL_Driver/Src/stm32h7xx_hal_spi.c ****   hspi->RxISR       = NULL;
 2836              		.loc 1 1570 21
 2837 009c FB68     		ldr	r3, [r7, #12]
 2838 009e 0022     		movs	r2, #0
 2839 00a0 1A67     		str	r2, [r3, #112]
1571:HW_Lib/STM32H7/HAL_Lib/STM32H7xx_HAL_Driver/Src/stm32h7xx_hal_spi.c **** 
1572:HW_Lib/STM32H7/HAL_Lib/STM32H7xx_HAL_Driver/Src/stm32h7xx_hal_spi.c ****   /* Set the function for IT treatment */
1573:HW_Lib/STM32H7/HAL_Lib/STM32H7xx_HAL_Driver/Src/stm32h7xx_hal_spi.c ****   if (hspi->Init.DataSize > SPI_DATASIZE_16BIT)
 2840              		.loc 1 1573 17
 2841 00a2 FB68     		ldr	r3, [r7, #12]
 2842 00a4 DB68     		ldr	r3, [r3, #12]
 2843              		.loc 1 1573 6
 2844 00a6 0F2B     		cmp	r3, #15
 2845 00a8 03D9     		bls	.L136
1574:HW_Lib/STM32H7/HAL_Lib/STM32H7xx_HAL_Driver/Src/stm32h7xx_hal_spi.c ****   {
1575:HW_Lib/STM32H7/HAL_Lib/STM32H7xx_HAL_Driver/Src/stm32h7xx_hal_spi.c ****     hspi->TxISR = SPI_TxISR_32BIT;
 2846              		.loc 1 1575 17
 2847 00aa FB68     		ldr	r3, [r7, #12]
 2848 00ac 264A     		ldr	r2, .L141
 2849 00ae 5A67     		str	r2, [r3, #116]
 2850 00b0 0AE0     		b	.L137
 2851              	.L136:
1576:HW_Lib/STM32H7/HAL_Lib/STM32H7xx_HAL_Driver/Src/stm32h7xx_hal_spi.c ****   }
1577:HW_Lib/STM32H7/HAL_Lib/STM32H7xx_HAL_Driver/Src/stm32h7xx_hal_spi.c ****   else if (hspi->Init.DataSize > SPI_DATASIZE_8BIT)
 2852              		.loc 1 1577 22
 2853 00b2 FB68     		ldr	r3, [r7, #12]
 2854 00b4 DB68     		ldr	r3, [r3, #12]
 2855              		.loc 1 1577 11
 2856 00b6 072B     		cmp	r3, #7
 2857 00b8 03D9     		bls	.L138
1578:HW_Lib/STM32H7/HAL_Lib/STM32H7xx_HAL_Driver/Src/stm32h7xx_hal_spi.c ****   {
1579:HW_Lib/STM32H7/HAL_Lib/STM32H7xx_HAL_Driver/Src/stm32h7xx_hal_spi.c ****     hspi->TxISR = SPI_TxISR_16BIT;
 2858              		.loc 1 1579 17
 2859 00ba FB68     		ldr	r3, [r7, #12]
ARM GAS  C:\Users\HUAV\AppData\Local\Temp\ccYQlmuE.s 			page 79


 2860 00bc 234A     		ldr	r2, .L141+4
 2861 00be 5A67     		str	r2, [r3, #116]
 2862 00c0 02E0     		b	.L137
 2863              	.L138:
1580:HW_Lib/STM32H7/HAL_Lib/STM32H7xx_HAL_Driver/Src/stm32h7xx_hal_spi.c ****   }
1581:HW_Lib/STM32H7/HAL_Lib/STM32H7xx_HAL_Driver/Src/stm32h7xx_hal_spi.c ****   else
1582:HW_Lib/STM32H7/HAL_Lib/STM32H7xx_HAL_Driver/Src/stm32h7xx_hal_spi.c ****   {
1583:HW_Lib/STM32H7/HAL_Lib/STM32H7xx_HAL_Driver/Src/stm32h7xx_hal_spi.c ****     hspi->TxISR = SPI_TxISR_8BIT;
 2864              		.loc 1 1583 17
 2865 00c2 FB68     		ldr	r3, [r7, #12]
 2866 00c4 224A     		ldr	r2, .L141+8
 2867 00c6 5A67     		str	r2, [r3, #116]
 2868              	.L137:
1584:HW_Lib/STM32H7/HAL_Lib/STM32H7xx_HAL_Driver/Src/stm32h7xx_hal_spi.c ****   }
1585:HW_Lib/STM32H7/HAL_Lib/STM32H7xx_HAL_Driver/Src/stm32h7xx_hal_spi.c **** 
1586:HW_Lib/STM32H7/HAL_Lib/STM32H7xx_HAL_Driver/Src/stm32h7xx_hal_spi.c ****   /* Configure communication direction : 1Line */
1587:HW_Lib/STM32H7/HAL_Lib/STM32H7xx_HAL_Driver/Src/stm32h7xx_hal_spi.c ****   if (hspi->Init.Direction == SPI_DIRECTION_1LINE)
 2869              		.loc 1 1587 17
 2870 00c8 FB68     		ldr	r3, [r7, #12]
 2871 00ca 9B68     		ldr	r3, [r3, #8]
 2872              		.loc 1 1587 6
 2873 00cc B3F5C02F 		cmp	r3, #393216
 2874 00d0 07D1     		bne	.L139
1588:HW_Lib/STM32H7/HAL_Lib/STM32H7xx_HAL_Driver/Src/stm32h7xx_hal_spi.c ****   {
1589:HW_Lib/STM32H7/HAL_Lib/STM32H7xx_HAL_Driver/Src/stm32h7xx_hal_spi.c ****     SPI_1LINE_TX(hspi);
 2875              		.loc 1 1589 5
 2876 00d2 FB68     		ldr	r3, [r7, #12]
 2877 00d4 1B68     		ldr	r3, [r3]
 2878 00d6 1A68     		ldr	r2, [r3]
 2879 00d8 FB68     		ldr	r3, [r7, #12]
 2880 00da 1B68     		ldr	r3, [r3]
 2881 00dc 42F40062 		orr	r2, r2, #2048
 2882 00e0 1A60     		str	r2, [r3]
 2883              	.L139:
1590:HW_Lib/STM32H7/HAL_Lib/STM32H7xx_HAL_Driver/Src/stm32h7xx_hal_spi.c ****   }
1591:HW_Lib/STM32H7/HAL_Lib/STM32H7xx_HAL_Driver/Src/stm32h7xx_hal_spi.c **** 
1592:HW_Lib/STM32H7/HAL_Lib/STM32H7xx_HAL_Driver/Src/stm32h7xx_hal_spi.c ****   /* Set the number of data at current transfer */
1593:HW_Lib/STM32H7/HAL_Lib/STM32H7xx_HAL_Driver/Src/stm32h7xx_hal_spi.c ****   MODIFY_REG(hspi->Instance->CR2, SPI_CR2_TSIZE, Size);
 2884              		.loc 1 1593 3
 2885 00e2 FB68     		ldr	r3, [r7, #12]
 2886 00e4 1B68     		ldr	r3, [r3]
 2887 00e6 5A68     		ldr	r2, [r3, #4]
 2888 00e8 1A4B     		ldr	r3, .L141+12
 2889 00ea 1340     		ands	r3, r3, r2
 2890 00ec F988     		ldrh	r1, [r7, #6]
 2891 00ee FA68     		ldr	r2, [r7, #12]
 2892 00f0 1268     		ldr	r2, [r2]
 2893 00f2 0B43     		orrs	r3, r3, r1
 2894 00f4 5360     		str	r3, [r2, #4]
1594:HW_Lib/STM32H7/HAL_Lib/STM32H7xx_HAL_Driver/Src/stm32h7xx_hal_spi.c **** 
1595:HW_Lib/STM32H7/HAL_Lib/STM32H7xx_HAL_Driver/Src/stm32h7xx_hal_spi.c ****   /* Enable SPI peripheral */
1596:HW_Lib/STM32H7/HAL_Lib/STM32H7xx_HAL_Driver/Src/stm32h7xx_hal_spi.c ****   __HAL_SPI_ENABLE(hspi);
 2895              		.loc 1 1596 3
 2896 00f6 FB68     		ldr	r3, [r7, #12]
 2897 00f8 1B68     		ldr	r3, [r3]
 2898 00fa 1A68     		ldr	r2, [r3]
 2899 00fc FB68     		ldr	r3, [r7, #12]
ARM GAS  C:\Users\HUAV\AppData\Local\Temp\ccYQlmuE.s 			page 80


 2900 00fe 1B68     		ldr	r3, [r3]
 2901 0100 42F00102 		orr	r2, r2, #1
 2902 0104 1A60     		str	r2, [r3]
1597:HW_Lib/STM32H7/HAL_Lib/STM32H7xx_HAL_Driver/Src/stm32h7xx_hal_spi.c **** 
1598:HW_Lib/STM32H7/HAL_Lib/STM32H7xx_HAL_Driver/Src/stm32h7xx_hal_spi.c ****   /* Enable EOT, TXP, FRE, MODF, UDR and TSERF interrupts */
1599:HW_Lib/STM32H7/HAL_Lib/STM32H7xx_HAL_Driver/Src/stm32h7xx_hal_spi.c ****   __HAL_SPI_ENABLE_IT(hspi, (SPI_IT_EOT | SPI_IT_TXP | SPI_IT_UDR | SPI_IT_FRE | SPI_IT_MODF | SPI_
 2903              		.loc 1 1599 3
 2904 0106 FB68     		ldr	r3, [r7, #12]
 2905 0108 1B68     		ldr	r3, [r3]
 2906 010a 1969     		ldr	r1, [r3, #16]
 2907 010c FB68     		ldr	r3, [r7, #12]
 2908 010e 1A68     		ldr	r2, [r3]
 2909 0110 40F22A73 		movw	r3, #1834
 2910 0114 0B43     		orrs	r3, r3, r1
 2911 0116 1361     		str	r3, [r2, #16]
1600:HW_Lib/STM32H7/HAL_Lib/STM32H7xx_HAL_Driver/Src/stm32h7xx_hal_spi.c **** 
1601:HW_Lib/STM32H7/HAL_Lib/STM32H7xx_HAL_Driver/Src/stm32h7xx_hal_spi.c ****   if (hspi->Init.Mode == SPI_MODE_MASTER)
 2912              		.loc 1 1601 17
 2913 0118 FB68     		ldr	r3, [r7, #12]
 2914 011a 5B68     		ldr	r3, [r3, #4]
 2915              		.loc 1 1601 6
 2916 011c B3F5800F 		cmp	r3, #4194304
 2917 0120 07D1     		bne	.L140
1602:HW_Lib/STM32H7/HAL_Lib/STM32H7xx_HAL_Driver/Src/stm32h7xx_hal_spi.c ****   {
1603:HW_Lib/STM32H7/HAL_Lib/STM32H7xx_HAL_Driver/Src/stm32h7xx_hal_spi.c ****     /* Master transfer start */
1604:HW_Lib/STM32H7/HAL_Lib/STM32H7xx_HAL_Driver/Src/stm32h7xx_hal_spi.c ****     SET_BIT(hspi->Instance->CR1, SPI_CR1_CSTART);
 2918              		.loc 1 1604 5
 2919 0122 FB68     		ldr	r3, [r7, #12]
 2920 0124 1B68     		ldr	r3, [r3]
 2921 0126 1A68     		ldr	r2, [r3]
 2922 0128 FB68     		ldr	r3, [r7, #12]
 2923 012a 1B68     		ldr	r3, [r3]
 2924 012c 42F40072 		orr	r2, r2, #512
 2925 0130 1A60     		str	r2, [r3]
 2926              	.L140:
1605:HW_Lib/STM32H7/HAL_Lib/STM32H7xx_HAL_Driver/Src/stm32h7xx_hal_spi.c ****   }
1606:HW_Lib/STM32H7/HAL_Lib/STM32H7xx_HAL_Driver/Src/stm32h7xx_hal_spi.c **** 
1607:HW_Lib/STM32H7/HAL_Lib/STM32H7xx_HAL_Driver/Src/stm32h7xx_hal_spi.c ****   __HAL_UNLOCK(hspi);
 2927              		.loc 1 1607 3
 2928 0132 FB68     		ldr	r3, [r7, #12]
 2929 0134 0022     		movs	r2, #0
 2930 0136 83F88020 		strb	r2, [r3, #128]
1608:HW_Lib/STM32H7/HAL_Lib/STM32H7xx_HAL_Driver/Src/stm32h7xx_hal_spi.c ****   return errorcode;
 2931              		.loc 1 1608 10
 2932 013a FB7D     		ldrb	r3, [r7, #23]	@ zero_extendqisi2
 2933              	.L132:
1609:HW_Lib/STM32H7/HAL_Lib/STM32H7xx_HAL_Driver/Src/stm32h7xx_hal_spi.c **** }
 2934              		.loc 1 1609 1
 2935 013c 1846     		mov	r0, r3
 2936 013e 1C37     		adds	r7, r7, #28
 2937              	.LCFI40:
 2938              		.cfi_def_cfa_offset 4
 2939 0140 BD46     		mov	sp, r7
 2940              	.LCFI41:
 2941              		.cfi_def_cfa_register 13
 2942              		@ sp needed
 2943 0142 5DF8047B 		ldr	r7, [sp], #4
ARM GAS  C:\Users\HUAV\AppData\Local\Temp\ccYQlmuE.s 			page 81


 2944              	.LCFI42:
 2945              		.cfi_restore 7
 2946              		.cfi_def_cfa_offset 0
 2947 0146 7047     		bx	lr
 2948              	.L142:
 2949              		.align	2
 2950              	.L141:
 2951 0148 00000000 		.word	SPI_TxISR_32BIT
 2952 014c 00000000 		.word	SPI_TxISR_16BIT
 2953 0150 00000000 		.word	SPI_TxISR_8BIT
 2954 0154 0000FFFF 		.word	-65536
 2955              		.cfi_endproc
 2956              	.LFE340:
 2958              		.section	.text.HAL_SPI_Receive_IT,"ax",%progbits
 2959              		.align	1
 2960              		.global	HAL_SPI_Receive_IT
 2961              		.syntax unified
 2962              		.thumb
 2963              		.thumb_func
 2965              	HAL_SPI_Receive_IT:
 2966              	.LFB341:
1610:HW_Lib/STM32H7/HAL_Lib/STM32H7xx_HAL_Driver/Src/stm32h7xx_hal_spi.c **** 
1611:HW_Lib/STM32H7/HAL_Lib/STM32H7xx_HAL_Driver/Src/stm32h7xx_hal_spi.c **** /**
1612:HW_Lib/STM32H7/HAL_Lib/STM32H7xx_HAL_Driver/Src/stm32h7xx_hal_spi.c ****   * @brief  Receive an amount of data in non-blocking mode with Interrupt.
1613:HW_Lib/STM32H7/HAL_Lib/STM32H7xx_HAL_Driver/Src/stm32h7xx_hal_spi.c ****   * @param  hspi : pointer to a SPI_HandleTypeDef structure that contains
1614:HW_Lib/STM32H7/HAL_Lib/STM32H7xx_HAL_Driver/Src/stm32h7xx_hal_spi.c ****   *                the configuration information for SPI module.
1615:HW_Lib/STM32H7/HAL_Lib/STM32H7xx_HAL_Driver/Src/stm32h7xx_hal_spi.c ****   * @param  pData: pointer to data buffer
1616:HW_Lib/STM32H7/HAL_Lib/STM32H7xx_HAL_Driver/Src/stm32h7xx_hal_spi.c ****   * @param  Size : amount of data to be sent
1617:HW_Lib/STM32H7/HAL_Lib/STM32H7xx_HAL_Driver/Src/stm32h7xx_hal_spi.c ****   * @retval HAL status
1618:HW_Lib/STM32H7/HAL_Lib/STM32H7xx_HAL_Driver/Src/stm32h7xx_hal_spi.c ****   */
1619:HW_Lib/STM32H7/HAL_Lib/STM32H7xx_HAL_Driver/Src/stm32h7xx_hal_spi.c **** HAL_StatusTypeDef HAL_SPI_Receive_IT(SPI_HandleTypeDef *hspi, uint8_t *pData, uint16_t Size)
1620:HW_Lib/STM32H7/HAL_Lib/STM32H7xx_HAL_Driver/Src/stm32h7xx_hal_spi.c **** {
 2967              		.loc 1 1620 1
 2968              		.cfi_startproc
 2969              		@ args = 0, pretend = 0, frame = 24
 2970              		@ frame_needed = 1, uses_anonymous_args = 0
 2971 0000 80B5     		push	{r7, lr}
 2972              	.LCFI43:
 2973              		.cfi_def_cfa_offset 8
 2974              		.cfi_offset 7, -8
 2975              		.cfi_offset 14, -4
 2976 0002 86B0     		sub	sp, sp, #24
 2977              	.LCFI44:
 2978              		.cfi_def_cfa_offset 32
 2979 0004 00AF     		add	r7, sp, #0
 2980              	.LCFI45:
 2981              		.cfi_def_cfa_register 7
 2982 0006 F860     		str	r0, [r7, #12]
 2983 0008 B960     		str	r1, [r7, #8]
 2984 000a 1346     		mov	r3, r2
 2985 000c FB80     		strh	r3, [r7, #6]	@ movhi
1621:HW_Lib/STM32H7/HAL_Lib/STM32H7xx_HAL_Driver/Src/stm32h7xx_hal_spi.c ****   HAL_StatusTypeDef errorcode = HAL_OK;
 2986              		.loc 1 1621 21
 2987 000e 0023     		movs	r3, #0
 2988 0010 FB75     		strb	r3, [r7, #23]
1622:HW_Lib/STM32H7/HAL_Lib/STM32H7xx_HAL_Driver/Src/stm32h7xx_hal_spi.c **** 
1623:HW_Lib/STM32H7/HAL_Lib/STM32H7xx_HAL_Driver/Src/stm32h7xx_hal_spi.c ****   /* Check Direction parameter */
ARM GAS  C:\Users\HUAV\AppData\Local\Temp\ccYQlmuE.s 			page 82


1624:HW_Lib/STM32H7/HAL_Lib/STM32H7xx_HAL_Driver/Src/stm32h7xx_hal_spi.c ****   assert_param(IS_SPI_DIRECTION_2LINES_OR_1LINE_2LINES_RXONLY(hspi->Init.Direction));
1625:HW_Lib/STM32H7/HAL_Lib/STM32H7xx_HAL_Driver/Src/stm32h7xx_hal_spi.c **** 
1626:HW_Lib/STM32H7/HAL_Lib/STM32H7xx_HAL_Driver/Src/stm32h7xx_hal_spi.c ****   if ((hspi->Init.Direction == SPI_DIRECTION_2LINES) && (hspi->Init.Mode == SPI_MODE_MASTER))
 2989              		.loc 1 1626 18
 2990 0012 FB68     		ldr	r3, [r7, #12]
 2991 0014 9B68     		ldr	r3, [r3, #8]
 2992              		.loc 1 1626 6
 2993 0016 002B     		cmp	r3, #0
 2994 0018 10D1     		bne	.L144
 2995              		.loc 1 1626 68 discriminator 1
 2996 001a FB68     		ldr	r3, [r7, #12]
 2997 001c 5B68     		ldr	r3, [r3, #4]
 2998              		.loc 1 1626 54 discriminator 1
 2999 001e B3F5800F 		cmp	r3, #4194304
 3000 0022 0BD1     		bne	.L144
1627:HW_Lib/STM32H7/HAL_Lib/STM32H7xx_HAL_Driver/Src/stm32h7xx_hal_spi.c ****   {
1628:HW_Lib/STM32H7/HAL_Lib/STM32H7xx_HAL_Driver/Src/stm32h7xx_hal_spi.c ****     hspi->State = HAL_SPI_STATE_BUSY_RX;
 3001              		.loc 1 1628 17
 3002 0024 FB68     		ldr	r3, [r7, #12]
 3003 0026 0422     		movs	r2, #4
 3004 0028 83F88120 		strb	r2, [r3, #129]
1629:HW_Lib/STM32H7/HAL_Lib/STM32H7xx_HAL_Driver/Src/stm32h7xx_hal_spi.c ****     /* Call transmit-receive function to send Dummy data on Tx line and generate clock on CLK line 
1630:HW_Lib/STM32H7/HAL_Lib/STM32H7xx_HAL_Driver/Src/stm32h7xx_hal_spi.c ****     return HAL_SPI_TransmitReceive_IT(hspi, pData, pData, Size);
 3005              		.loc 1 1630 12
 3006 002c FB88     		ldrh	r3, [r7, #6]
 3007 002e BA68     		ldr	r2, [r7, #8]
 3008 0030 B968     		ldr	r1, [r7, #8]
 3009 0032 F868     		ldr	r0, [r7, #12]
 3010 0034 FFF7FEFF 		bl	HAL_SPI_TransmitReceive_IT
 3011 0038 0346     		mov	r3, r0
 3012 003a 94E0     		b	.L145
 3013              	.L144:
1631:HW_Lib/STM32H7/HAL_Lib/STM32H7xx_HAL_Driver/Src/stm32h7xx_hal_spi.c ****   }
1632:HW_Lib/STM32H7/HAL_Lib/STM32H7xx_HAL_Driver/Src/stm32h7xx_hal_spi.c **** 
1633:HW_Lib/STM32H7/HAL_Lib/STM32H7xx_HAL_Driver/Src/stm32h7xx_hal_spi.c ****   /* Lock the process */
1634:HW_Lib/STM32H7/HAL_Lib/STM32H7xx_HAL_Driver/Src/stm32h7xx_hal_spi.c ****   __HAL_LOCK(hspi);
 3014              		.loc 1 1634 3
 3015 003c FB68     		ldr	r3, [r7, #12]
 3016 003e 93F88030 		ldrb	r3, [r3, #128]	@ zero_extendqisi2
 3017 0042 012B     		cmp	r3, #1
 3018 0044 01D1     		bne	.L146
 3019              		.loc 1 1634 3 is_stmt 0 discriminator 1
 3020 0046 0223     		movs	r3, #2
 3021 0048 8DE0     		b	.L145
 3022              	.L146:
 3023              		.loc 1 1634 3 discriminator 2
 3024 004a FB68     		ldr	r3, [r7, #12]
 3025 004c 0122     		movs	r2, #1
 3026 004e 83F88020 		strb	r2, [r3, #128]
1635:HW_Lib/STM32H7/HAL_Lib/STM32H7xx_HAL_Driver/Src/stm32h7xx_hal_spi.c **** 
1636:HW_Lib/STM32H7/HAL_Lib/STM32H7xx_HAL_Driver/Src/stm32h7xx_hal_spi.c ****   if (hspi->State != HAL_SPI_STATE_READY)
 3027              		.loc 1 1636 11 is_stmt 1 discriminator 2
 3028 0052 FB68     		ldr	r3, [r7, #12]
 3029 0054 93F88130 		ldrb	r3, [r3, #129]
 3030 0058 DBB2     		uxtb	r3, r3
 3031              		.loc 1 1636 6 discriminator 2
 3032 005a 012B     		cmp	r3, #1
ARM GAS  C:\Users\HUAV\AppData\Local\Temp\ccYQlmuE.s 			page 83


 3033 005c 07D0     		beq	.L147
1637:HW_Lib/STM32H7/HAL_Lib/STM32H7xx_HAL_Driver/Src/stm32h7xx_hal_spi.c ****   {
1638:HW_Lib/STM32H7/HAL_Lib/STM32H7xx_HAL_Driver/Src/stm32h7xx_hal_spi.c ****     errorcode = HAL_BUSY;
 3034              		.loc 1 1638 15
 3035 005e 0223     		movs	r3, #2
 3036 0060 FB75     		strb	r3, [r7, #23]
1639:HW_Lib/STM32H7/HAL_Lib/STM32H7xx_HAL_Driver/Src/stm32h7xx_hal_spi.c ****     __HAL_UNLOCK(hspi);
 3037              		.loc 1 1639 5
 3038 0062 FB68     		ldr	r3, [r7, #12]
 3039 0064 0022     		movs	r2, #0
 3040 0066 83F88020 		strb	r2, [r3, #128]
1640:HW_Lib/STM32H7/HAL_Lib/STM32H7xx_HAL_Driver/Src/stm32h7xx_hal_spi.c ****     return errorcode;
 3041              		.loc 1 1640 12
 3042 006a FB7D     		ldrb	r3, [r7, #23]	@ zero_extendqisi2
 3043 006c 7BE0     		b	.L145
 3044              	.L147:
1641:HW_Lib/STM32H7/HAL_Lib/STM32H7xx_HAL_Driver/Src/stm32h7xx_hal_spi.c ****   }
1642:HW_Lib/STM32H7/HAL_Lib/STM32H7xx_HAL_Driver/Src/stm32h7xx_hal_spi.c **** 
1643:HW_Lib/STM32H7/HAL_Lib/STM32H7xx_HAL_Driver/Src/stm32h7xx_hal_spi.c ****   if ((pData == NULL) || (Size == 0UL))
 3045              		.loc 1 1643 6
 3046 006e BB68     		ldr	r3, [r7, #8]
 3047 0070 002B     		cmp	r3, #0
 3048 0072 02D0     		beq	.L148
 3049              		.loc 1 1643 23 discriminator 1
 3050 0074 FB88     		ldrh	r3, [r7, #6]
 3051 0076 002B     		cmp	r3, #0
 3052 0078 07D1     		bne	.L149
 3053              	.L148:
1644:HW_Lib/STM32H7/HAL_Lib/STM32H7xx_HAL_Driver/Src/stm32h7xx_hal_spi.c ****   {
1645:HW_Lib/STM32H7/HAL_Lib/STM32H7xx_HAL_Driver/Src/stm32h7xx_hal_spi.c ****     errorcode = HAL_ERROR;
 3054              		.loc 1 1645 15
 3055 007a 0123     		movs	r3, #1
 3056 007c FB75     		strb	r3, [r7, #23]
1646:HW_Lib/STM32H7/HAL_Lib/STM32H7xx_HAL_Driver/Src/stm32h7xx_hal_spi.c ****     __HAL_UNLOCK(hspi);
 3057              		.loc 1 1646 5
 3058 007e FB68     		ldr	r3, [r7, #12]
 3059 0080 0022     		movs	r2, #0
 3060 0082 83F88020 		strb	r2, [r3, #128]
1647:HW_Lib/STM32H7/HAL_Lib/STM32H7xx_HAL_Driver/Src/stm32h7xx_hal_spi.c ****     return errorcode;
 3061              		.loc 1 1647 12
 3062 0086 FB7D     		ldrb	r3, [r7, #23]	@ zero_extendqisi2
 3063 0088 6DE0     		b	.L145
 3064              	.L149:
1648:HW_Lib/STM32H7/HAL_Lib/STM32H7xx_HAL_Driver/Src/stm32h7xx_hal_spi.c ****   }
1649:HW_Lib/STM32H7/HAL_Lib/STM32H7xx_HAL_Driver/Src/stm32h7xx_hal_spi.c **** 
1650:HW_Lib/STM32H7/HAL_Lib/STM32H7xx_HAL_Driver/Src/stm32h7xx_hal_spi.c ****   /* Set the transaction information */
1651:HW_Lib/STM32H7/HAL_Lib/STM32H7xx_HAL_Driver/Src/stm32h7xx_hal_spi.c ****   hspi->State       = HAL_SPI_STATE_BUSY_RX;
 3065              		.loc 1 1651 21
 3066 008a FB68     		ldr	r3, [r7, #12]
 3067 008c 0422     		movs	r2, #4
 3068 008e 83F88120 		strb	r2, [r3, #129]
1652:HW_Lib/STM32H7/HAL_Lib/STM32H7xx_HAL_Driver/Src/stm32h7xx_hal_spi.c ****   hspi->ErrorCode   = HAL_SPI_ERROR_NONE;
 3069              		.loc 1 1652 21
 3070 0092 FB68     		ldr	r3, [r7, #12]
 3071 0094 0022     		movs	r2, #0
 3072 0096 C3F88420 		str	r2, [r3, #132]
1653:HW_Lib/STM32H7/HAL_Lib/STM32H7xx_HAL_Driver/Src/stm32h7xx_hal_spi.c ****   hspi->pRxBuffPtr  = (uint8_t *)pData;
ARM GAS  C:\Users\HUAV\AppData\Local\Temp\ccYQlmuE.s 			page 84


 3073              		.loc 1 1653 21
 3074 009a FB68     		ldr	r3, [r7, #12]
 3075 009c BA68     		ldr	r2, [r7, #8]
 3076 009e 5A66     		str	r2, [r3, #100]
1654:HW_Lib/STM32H7/HAL_Lib/STM32H7xx_HAL_Driver/Src/stm32h7xx_hal_spi.c ****   hspi->RxXferSize  = Size;
 3077              		.loc 1 1654 21
 3078 00a0 FB68     		ldr	r3, [r7, #12]
 3079 00a2 FA88     		ldrh	r2, [r7, #6]	@ movhi
 3080 00a4 A3F86820 		strh	r2, [r3, #104]	@ movhi
1655:HW_Lib/STM32H7/HAL_Lib/STM32H7xx_HAL_Driver/Src/stm32h7xx_hal_spi.c ****   hspi->RxXferCount = Size;
 3081              		.loc 1 1655 21
 3082 00a8 FB68     		ldr	r3, [r7, #12]
 3083 00aa FA88     		ldrh	r2, [r7, #6]	@ movhi
 3084 00ac A3F86A20 		strh	r2, [r3, #106]	@ movhi
1656:HW_Lib/STM32H7/HAL_Lib/STM32H7xx_HAL_Driver/Src/stm32h7xx_hal_spi.c **** 
1657:HW_Lib/STM32H7/HAL_Lib/STM32H7xx_HAL_Driver/Src/stm32h7xx_hal_spi.c ****   /* Init field not used in handle to zero */
1658:HW_Lib/STM32H7/HAL_Lib/STM32H7xx_HAL_Driver/Src/stm32h7xx_hal_spi.c ****   hspi->pTxBuffPtr  = NULL;
 3085              		.loc 1 1658 21
 3086 00b0 FB68     		ldr	r3, [r7, #12]
 3087 00b2 0022     		movs	r2, #0
 3088 00b4 DA65     		str	r2, [r3, #92]
1659:HW_Lib/STM32H7/HAL_Lib/STM32H7xx_HAL_Driver/Src/stm32h7xx_hal_spi.c ****   hspi->TxXferSize  = (uint16_t) 0UL;
 3089              		.loc 1 1659 21
 3090 00b6 FB68     		ldr	r3, [r7, #12]
 3091 00b8 0022     		movs	r2, #0
 3092 00ba A3F86020 		strh	r2, [r3, #96]	@ movhi
1660:HW_Lib/STM32H7/HAL_Lib/STM32H7xx_HAL_Driver/Src/stm32h7xx_hal_spi.c ****   hspi->TxXferCount = (uint16_t) 0UL;
 3093              		.loc 1 1660 21
 3094 00be FB68     		ldr	r3, [r7, #12]
 3095 00c0 0022     		movs	r2, #0
 3096 00c2 A3F86220 		strh	r2, [r3, #98]	@ movhi
1661:HW_Lib/STM32H7/HAL_Lib/STM32H7xx_HAL_Driver/Src/stm32h7xx_hal_spi.c ****   hspi->TxISR       = NULL;
 3097              		.loc 1 1661 21
 3098 00c6 FB68     		ldr	r3, [r7, #12]
 3099 00c8 0022     		movs	r2, #0
 3100 00ca 5A67     		str	r2, [r3, #116]
1662:HW_Lib/STM32H7/HAL_Lib/STM32H7xx_HAL_Driver/Src/stm32h7xx_hal_spi.c **** 
1663:HW_Lib/STM32H7/HAL_Lib/STM32H7xx_HAL_Driver/Src/stm32h7xx_hal_spi.c ****   /* Set the function for IT treatment */
1664:HW_Lib/STM32H7/HAL_Lib/STM32H7xx_HAL_Driver/Src/stm32h7xx_hal_spi.c ****   if (hspi->Init.DataSize > SPI_DATASIZE_16BIT)
 3101              		.loc 1 1664 17
 3102 00cc FB68     		ldr	r3, [r7, #12]
 3103 00ce DB68     		ldr	r3, [r3, #12]
 3104              		.loc 1 1664 6
 3105 00d0 0F2B     		cmp	r3, #15
 3106 00d2 03D9     		bls	.L150
1665:HW_Lib/STM32H7/HAL_Lib/STM32H7xx_HAL_Driver/Src/stm32h7xx_hal_spi.c ****   {
1666:HW_Lib/STM32H7/HAL_Lib/STM32H7xx_HAL_Driver/Src/stm32h7xx_hal_spi.c ****     hspi->RxISR = SPI_RxISR_32BIT;
 3107              		.loc 1 1666 17
 3108 00d4 FB68     		ldr	r3, [r7, #12]
 3109 00d6 264A     		ldr	r2, .L155
 3110 00d8 1A67     		str	r2, [r3, #112]
 3111 00da 0AE0     		b	.L151
 3112              	.L150:
1667:HW_Lib/STM32H7/HAL_Lib/STM32H7xx_HAL_Driver/Src/stm32h7xx_hal_spi.c ****   }
1668:HW_Lib/STM32H7/HAL_Lib/STM32H7xx_HAL_Driver/Src/stm32h7xx_hal_spi.c ****   else if (hspi->Init.DataSize > SPI_DATASIZE_8BIT)
 3113              		.loc 1 1668 22
 3114 00dc FB68     		ldr	r3, [r7, #12]
ARM GAS  C:\Users\HUAV\AppData\Local\Temp\ccYQlmuE.s 			page 85


 3115 00de DB68     		ldr	r3, [r3, #12]
 3116              		.loc 1 1668 11
 3117 00e0 072B     		cmp	r3, #7
 3118 00e2 03D9     		bls	.L152
1669:HW_Lib/STM32H7/HAL_Lib/STM32H7xx_HAL_Driver/Src/stm32h7xx_hal_spi.c ****   {
1670:HW_Lib/STM32H7/HAL_Lib/STM32H7xx_HAL_Driver/Src/stm32h7xx_hal_spi.c ****     hspi->RxISR = SPI_RxISR_16BIT;
 3119              		.loc 1 1670 17
 3120 00e4 FB68     		ldr	r3, [r7, #12]
 3121 00e6 234A     		ldr	r2, .L155+4
 3122 00e8 1A67     		str	r2, [r3, #112]
 3123 00ea 02E0     		b	.L151
 3124              	.L152:
1671:HW_Lib/STM32H7/HAL_Lib/STM32H7xx_HAL_Driver/Src/stm32h7xx_hal_spi.c ****   }
1672:HW_Lib/STM32H7/HAL_Lib/STM32H7xx_HAL_Driver/Src/stm32h7xx_hal_spi.c ****   else
1673:HW_Lib/STM32H7/HAL_Lib/STM32H7xx_HAL_Driver/Src/stm32h7xx_hal_spi.c ****   {
1674:HW_Lib/STM32H7/HAL_Lib/STM32H7xx_HAL_Driver/Src/stm32h7xx_hal_spi.c ****     hspi->RxISR = SPI_RxISR_8BIT;
 3125              		.loc 1 1674 17
 3126 00ec FB68     		ldr	r3, [r7, #12]
 3127 00ee 224A     		ldr	r2, .L155+8
 3128 00f0 1A67     		str	r2, [r3, #112]
 3129              	.L151:
1675:HW_Lib/STM32H7/HAL_Lib/STM32H7xx_HAL_Driver/Src/stm32h7xx_hal_spi.c ****   }
1676:HW_Lib/STM32H7/HAL_Lib/STM32H7xx_HAL_Driver/Src/stm32h7xx_hal_spi.c **** 
1677:HW_Lib/STM32H7/HAL_Lib/STM32H7xx_HAL_Driver/Src/stm32h7xx_hal_spi.c ****   /* Configure communication direction : 1Line */
1678:HW_Lib/STM32H7/HAL_Lib/STM32H7xx_HAL_Driver/Src/stm32h7xx_hal_spi.c ****   if (hspi->Init.Direction == SPI_DIRECTION_1LINE)
 3130              		.loc 1 1678 17
 3131 00f2 FB68     		ldr	r3, [r7, #12]
 3132 00f4 9B68     		ldr	r3, [r3, #8]
 3133              		.loc 1 1678 6
 3134 00f6 B3F5C02F 		cmp	r3, #393216
 3135 00fa 07D1     		bne	.L153
1679:HW_Lib/STM32H7/HAL_Lib/STM32H7xx_HAL_Driver/Src/stm32h7xx_hal_spi.c ****   {
1680:HW_Lib/STM32H7/HAL_Lib/STM32H7xx_HAL_Driver/Src/stm32h7xx_hal_spi.c ****     SPI_1LINE_RX(hspi);
 3136              		.loc 1 1680 5
 3137 00fc FB68     		ldr	r3, [r7, #12]
 3138 00fe 1B68     		ldr	r3, [r3]
 3139 0100 1A68     		ldr	r2, [r3]
 3140 0102 FB68     		ldr	r3, [r7, #12]
 3141 0104 1B68     		ldr	r3, [r3]
 3142 0106 22F40062 		bic	r2, r2, #2048
 3143 010a 1A60     		str	r2, [r3]
 3144              	.L153:
1681:HW_Lib/STM32H7/HAL_Lib/STM32H7xx_HAL_Driver/Src/stm32h7xx_hal_spi.c ****   }
1682:HW_Lib/STM32H7/HAL_Lib/STM32H7xx_HAL_Driver/Src/stm32h7xx_hal_spi.c **** 
1683:HW_Lib/STM32H7/HAL_Lib/STM32H7xx_HAL_Driver/Src/stm32h7xx_hal_spi.c ****   /* Note : The SPI must be enabled after unlocking current process
1684:HW_Lib/STM32H7/HAL_Lib/STM32H7xx_HAL_Driver/Src/stm32h7xx_hal_spi.c ****             to avoid the risk of SPI interrupt handle execution before current
1685:HW_Lib/STM32H7/HAL_Lib/STM32H7xx_HAL_Driver/Src/stm32h7xx_hal_spi.c ****             process unlock */
1686:HW_Lib/STM32H7/HAL_Lib/STM32H7xx_HAL_Driver/Src/stm32h7xx_hal_spi.c **** 
1687:HW_Lib/STM32H7/HAL_Lib/STM32H7xx_HAL_Driver/Src/stm32h7xx_hal_spi.c ****   /* Set the number of data at current transfer */
1688:HW_Lib/STM32H7/HAL_Lib/STM32H7xx_HAL_Driver/Src/stm32h7xx_hal_spi.c ****   MODIFY_REG(hspi->Instance->CR2, SPI_CR2_TSIZE, Size);
 3145              		.loc 1 1688 3
 3146 010c FB68     		ldr	r3, [r7, #12]
 3147 010e 1B68     		ldr	r3, [r3]
 3148 0110 5A68     		ldr	r2, [r3, #4]
 3149 0112 1A4B     		ldr	r3, .L155+12
 3150 0114 1340     		ands	r3, r3, r2
 3151 0116 F988     		ldrh	r1, [r7, #6]
ARM GAS  C:\Users\HUAV\AppData\Local\Temp\ccYQlmuE.s 			page 86


 3152 0118 FA68     		ldr	r2, [r7, #12]
 3153 011a 1268     		ldr	r2, [r2]
 3154 011c 0B43     		orrs	r3, r3, r1
 3155 011e 5360     		str	r3, [r2, #4]
1689:HW_Lib/STM32H7/HAL_Lib/STM32H7xx_HAL_Driver/Src/stm32h7xx_hal_spi.c **** 
1690:HW_Lib/STM32H7/HAL_Lib/STM32H7xx_HAL_Driver/Src/stm32h7xx_hal_spi.c ****   /* Enable SPI peripheral */
1691:HW_Lib/STM32H7/HAL_Lib/STM32H7xx_HAL_Driver/Src/stm32h7xx_hal_spi.c ****   __HAL_SPI_ENABLE(hspi);
 3156              		.loc 1 1691 3
 3157 0120 FB68     		ldr	r3, [r7, #12]
 3158 0122 1B68     		ldr	r3, [r3]
 3159 0124 1A68     		ldr	r2, [r3]
 3160 0126 FB68     		ldr	r3, [r7, #12]
 3161 0128 1B68     		ldr	r3, [r3]
 3162 012a 42F00102 		orr	r2, r2, #1
 3163 012e 1A60     		str	r2, [r3]
1692:HW_Lib/STM32H7/HAL_Lib/STM32H7xx_HAL_Driver/Src/stm32h7xx_hal_spi.c **** 
1693:HW_Lib/STM32H7/HAL_Lib/STM32H7xx_HAL_Driver/Src/stm32h7xx_hal_spi.c ****   /* Enable EOT, RXP, OVR, FRE, MODF and TSERF interrupts */
1694:HW_Lib/STM32H7/HAL_Lib/STM32H7xx_HAL_Driver/Src/stm32h7xx_hal_spi.c ****   __HAL_SPI_ENABLE_IT(hspi, (SPI_IT_EOT | SPI_IT_RXP | SPI_IT_OVR | SPI_IT_FRE | SPI_IT_MODF | SPI_
 3164              		.loc 1 1694 3
 3165 0130 FB68     		ldr	r3, [r7, #12]
 3166 0132 1B68     		ldr	r3, [r3]
 3167 0134 1969     		ldr	r1, [r3, #16]
 3168 0136 FB68     		ldr	r3, [r7, #12]
 3169 0138 1A68     		ldr	r2, [r3]
 3170 013a 40F24973 		movw	r3, #1865
 3171 013e 0B43     		orrs	r3, r3, r1
 3172 0140 1361     		str	r3, [r2, #16]
1695:HW_Lib/STM32H7/HAL_Lib/STM32H7xx_HAL_Driver/Src/stm32h7xx_hal_spi.c **** 
1696:HW_Lib/STM32H7/HAL_Lib/STM32H7xx_HAL_Driver/Src/stm32h7xx_hal_spi.c ****   if (hspi->Init.Mode == SPI_MODE_MASTER)
 3173              		.loc 1 1696 17
 3174 0142 FB68     		ldr	r3, [r7, #12]
 3175 0144 5B68     		ldr	r3, [r3, #4]
 3176              		.loc 1 1696 6
 3177 0146 B3F5800F 		cmp	r3, #4194304
 3178 014a 07D1     		bne	.L154
1697:HW_Lib/STM32H7/HAL_Lib/STM32H7xx_HAL_Driver/Src/stm32h7xx_hal_spi.c ****   {
1698:HW_Lib/STM32H7/HAL_Lib/STM32H7xx_HAL_Driver/Src/stm32h7xx_hal_spi.c ****     /* Master transfer start */
1699:HW_Lib/STM32H7/HAL_Lib/STM32H7xx_HAL_Driver/Src/stm32h7xx_hal_spi.c ****     SET_BIT(hspi->Instance->CR1, SPI_CR1_CSTART);
 3179              		.loc 1 1699 5
 3180 014c FB68     		ldr	r3, [r7, #12]
 3181 014e 1B68     		ldr	r3, [r3]
 3182 0150 1A68     		ldr	r2, [r3]
 3183 0152 FB68     		ldr	r3, [r7, #12]
 3184 0154 1B68     		ldr	r3, [r3]
 3185 0156 42F40072 		orr	r2, r2, #512
 3186 015a 1A60     		str	r2, [r3]
 3187              	.L154:
1700:HW_Lib/STM32H7/HAL_Lib/STM32H7xx_HAL_Driver/Src/stm32h7xx_hal_spi.c ****   }
1701:HW_Lib/STM32H7/HAL_Lib/STM32H7xx_HAL_Driver/Src/stm32h7xx_hal_spi.c **** 
1702:HW_Lib/STM32H7/HAL_Lib/STM32H7xx_HAL_Driver/Src/stm32h7xx_hal_spi.c ****   /* Unlock the process */
1703:HW_Lib/STM32H7/HAL_Lib/STM32H7xx_HAL_Driver/Src/stm32h7xx_hal_spi.c ****   __HAL_UNLOCK(hspi);
 3188              		.loc 1 1703 3
 3189 015c FB68     		ldr	r3, [r7, #12]
 3190 015e 0022     		movs	r2, #0
 3191 0160 83F88020 		strb	r2, [r3, #128]
1704:HW_Lib/STM32H7/HAL_Lib/STM32H7xx_HAL_Driver/Src/stm32h7xx_hal_spi.c ****   return errorcode;
 3192              		.loc 1 1704 10
ARM GAS  C:\Users\HUAV\AppData\Local\Temp\ccYQlmuE.s 			page 87


 3193 0164 FB7D     		ldrb	r3, [r7, #23]	@ zero_extendqisi2
 3194              	.L145:
1705:HW_Lib/STM32H7/HAL_Lib/STM32H7xx_HAL_Driver/Src/stm32h7xx_hal_spi.c **** }
 3195              		.loc 1 1705 1
 3196 0166 1846     		mov	r0, r3
 3197 0168 1837     		adds	r7, r7, #24
 3198              	.LCFI46:
 3199              		.cfi_def_cfa_offset 8
 3200 016a BD46     		mov	sp, r7
 3201              	.LCFI47:
 3202              		.cfi_def_cfa_register 13
 3203              		@ sp needed
 3204 016c 80BD     		pop	{r7, pc}
 3205              	.L156:
 3206 016e 00BF     		.align	2
 3207              	.L155:
 3208 0170 00000000 		.word	SPI_RxISR_32BIT
 3209 0174 00000000 		.word	SPI_RxISR_16BIT
 3210 0178 00000000 		.word	SPI_RxISR_8BIT
 3211 017c 0000FFFF 		.word	-65536
 3212              		.cfi_endproc
 3213              	.LFE341:
 3215              		.section	.text.HAL_SPI_TransmitReceive_IT,"ax",%progbits
 3216              		.align	1
 3217              		.global	HAL_SPI_TransmitReceive_IT
 3218              		.syntax unified
 3219              		.thumb
 3220              		.thumb_func
 3222              	HAL_SPI_TransmitReceive_IT:
 3223              	.LFB342:
1706:HW_Lib/STM32H7/HAL_Lib/STM32H7xx_HAL_Driver/Src/stm32h7xx_hal_spi.c **** 
1707:HW_Lib/STM32H7/HAL_Lib/STM32H7xx_HAL_Driver/Src/stm32h7xx_hal_spi.c **** /**
1708:HW_Lib/STM32H7/HAL_Lib/STM32H7xx_HAL_Driver/Src/stm32h7xx_hal_spi.c ****   * @brief  Transmit and Receive an amount of data in non-blocking mode with Interrupt.
1709:HW_Lib/STM32H7/HAL_Lib/STM32H7xx_HAL_Driver/Src/stm32h7xx_hal_spi.c ****   * @param  hspi   : pointer to a SPI_HandleTypeDef structure that contains
1710:HW_Lib/STM32H7/HAL_Lib/STM32H7xx_HAL_Driver/Src/stm32h7xx_hal_spi.c ****   *                  the configuration information for SPI module.
1711:HW_Lib/STM32H7/HAL_Lib/STM32H7xx_HAL_Driver/Src/stm32h7xx_hal_spi.c ****   * @param  pTxData: pointer to transmission data buffer
1712:HW_Lib/STM32H7/HAL_Lib/STM32H7xx_HAL_Driver/Src/stm32h7xx_hal_spi.c ****   * @param  pRxData: pointer to reception data buffer
1713:HW_Lib/STM32H7/HAL_Lib/STM32H7xx_HAL_Driver/Src/stm32h7xx_hal_spi.c ****   * @param  Size   : amount of data to be sent and received
1714:HW_Lib/STM32H7/HAL_Lib/STM32H7xx_HAL_Driver/Src/stm32h7xx_hal_spi.c ****   * @retval HAL status
1715:HW_Lib/STM32H7/HAL_Lib/STM32H7xx_HAL_Driver/Src/stm32h7xx_hal_spi.c ****   */
1716:HW_Lib/STM32H7/HAL_Lib/STM32H7xx_HAL_Driver/Src/stm32h7xx_hal_spi.c **** HAL_StatusTypeDef HAL_SPI_TransmitReceive_IT(SPI_HandleTypeDef *hspi, uint8_t *pTxData, uint8_t *pR
1717:HW_Lib/STM32H7/HAL_Lib/STM32H7xx_HAL_Driver/Src/stm32h7xx_hal_spi.c **** {
 3224              		.loc 1 1717 1
 3225              		.cfi_startproc
 3226              		@ args = 0, pretend = 0, frame = 40
 3227              		@ frame_needed = 1, uses_anonymous_args = 0
 3228              		@ link register save eliminated.
 3229 0000 80B4     		push	{r7}
 3230              	.LCFI48:
 3231              		.cfi_def_cfa_offset 4
 3232              		.cfi_offset 7, -4
 3233 0002 8BB0     		sub	sp, sp, #44
 3234              	.LCFI49:
 3235              		.cfi_def_cfa_offset 48
 3236 0004 00AF     		add	r7, sp, #0
 3237              	.LCFI50:
 3238              		.cfi_def_cfa_register 7
ARM GAS  C:\Users\HUAV\AppData\Local\Temp\ccYQlmuE.s 			page 88


 3239 0006 F860     		str	r0, [r7, #12]
 3240 0008 B960     		str	r1, [r7, #8]
 3241 000a 7A60     		str	r2, [r7, #4]
 3242 000c 7B80     		strh	r3, [r7, #2]	@ movhi
1718:HW_Lib/STM32H7/HAL_Lib/STM32H7xx_HAL_Driver/Src/stm32h7xx_hal_spi.c ****   HAL_SPI_StateTypeDef  tmp_state;
1719:HW_Lib/STM32H7/HAL_Lib/STM32H7xx_HAL_Driver/Src/stm32h7xx_hal_spi.c ****   HAL_StatusTypeDef errorcode = HAL_OK;
 3243              		.loc 1 1719 21
 3244 000e 0023     		movs	r3, #0
 3245 0010 FB77     		strb	r3, [r7, #31]
1720:HW_Lib/STM32H7/HAL_Lib/STM32H7xx_HAL_Driver/Src/stm32h7xx_hal_spi.c ****   uint32_t max_fifo_length = 0UL;
 3246              		.loc 1 1720 12
 3247 0012 0023     		movs	r3, #0
 3248 0014 7B62     		str	r3, [r7, #36]
1721:HW_Lib/STM32H7/HAL_Lib/STM32H7xx_HAL_Driver/Src/stm32h7xx_hal_spi.c ****   uint32_t tmp_TxXferCount;
1722:HW_Lib/STM32H7/HAL_Lib/STM32H7xx_HAL_Driver/Src/stm32h7xx_hal_spi.c **** 
1723:HW_Lib/STM32H7/HAL_Lib/STM32H7xx_HAL_Driver/Src/stm32h7xx_hal_spi.c **** #if defined (__GNUC__)
1724:HW_Lib/STM32H7/HAL_Lib/STM32H7xx_HAL_Driver/Src/stm32h7xx_hal_spi.c ****   __IO uint16_t *ptxdr_16bits = (__IO uint16_t *)(&(hspi->Instance->TXDR));
 3249              		.loc 1 1724 57
 3250 0016 FB68     		ldr	r3, [r7, #12]
 3251 0018 1B68     		ldr	r3, [r3]
 3252              		.loc 1 1724 18
 3253 001a 2033     		adds	r3, r3, #32
 3254 001c BB61     		str	r3, [r7, #24]
1725:HW_Lib/STM32H7/HAL_Lib/STM32H7xx_HAL_Driver/Src/stm32h7xx_hal_spi.c **** #endif /* __GNUC__ */
1726:HW_Lib/STM32H7/HAL_Lib/STM32H7xx_HAL_Driver/Src/stm32h7xx_hal_spi.c **** 
1727:HW_Lib/STM32H7/HAL_Lib/STM32H7xx_HAL_Driver/Src/stm32h7xx_hal_spi.c ****   uint32_t  tmp_mode;
1728:HW_Lib/STM32H7/HAL_Lib/STM32H7xx_HAL_Driver/Src/stm32h7xx_hal_spi.c **** 
1729:HW_Lib/STM32H7/HAL_Lib/STM32H7xx_HAL_Driver/Src/stm32h7xx_hal_spi.c ****   /* Check Direction parameter */
1730:HW_Lib/STM32H7/HAL_Lib/STM32H7xx_HAL_Driver/Src/stm32h7xx_hal_spi.c ****   assert_param(IS_SPI_DIRECTION_2LINES(hspi->Init.Direction));
1731:HW_Lib/STM32H7/HAL_Lib/STM32H7xx_HAL_Driver/Src/stm32h7xx_hal_spi.c **** 
1732:HW_Lib/STM32H7/HAL_Lib/STM32H7xx_HAL_Driver/Src/stm32h7xx_hal_spi.c ****   /* Lock the process */
1733:HW_Lib/STM32H7/HAL_Lib/STM32H7xx_HAL_Driver/Src/stm32h7xx_hal_spi.c ****   __HAL_LOCK(hspi);
 3255              		.loc 1 1733 3
 3256 001e FB68     		ldr	r3, [r7, #12]
 3257 0020 93F88030 		ldrb	r3, [r3, #128]	@ zero_extendqisi2
 3258 0024 012B     		cmp	r3, #1
 3259 0026 01D1     		bne	.L158
 3260              		.loc 1 1733 3 is_stmt 0 discriminator 1
 3261 0028 0223     		movs	r3, #2
 3262 002a 7FE1     		b	.L159
 3263              	.L158:
 3264              		.loc 1 1733 3 discriminator 2
 3265 002c FB68     		ldr	r3, [r7, #12]
 3266 002e 0122     		movs	r2, #1
 3267 0030 83F88020 		strb	r2, [r3, #128]
1734:HW_Lib/STM32H7/HAL_Lib/STM32H7xx_HAL_Driver/Src/stm32h7xx_hal_spi.c **** 
1735:HW_Lib/STM32H7/HAL_Lib/STM32H7xx_HAL_Driver/Src/stm32h7xx_hal_spi.c ****   /* Init temporary variables */
1736:HW_Lib/STM32H7/HAL_Lib/STM32H7xx_HAL_Driver/Src/stm32h7xx_hal_spi.c ****   tmp_state  = hspi->State;
 3268              		.loc 1 1736 14 is_stmt 1 discriminator 2
 3269 0034 FB68     		ldr	r3, [r7, #12]
 3270 0036 93F88130 		ldrb	r3, [r3, #129]
 3271 003a FB75     		strb	r3, [r7, #23]
1737:HW_Lib/STM32H7/HAL_Lib/STM32H7xx_HAL_Driver/Src/stm32h7xx_hal_spi.c ****   tmp_mode   = hspi->Init.Mode;
 3272              		.loc 1 1737 14 discriminator 2
 3273 003c FB68     		ldr	r3, [r7, #12]
 3274 003e 5B68     		ldr	r3, [r3, #4]
 3275 0040 3B61     		str	r3, [r7, #16]
ARM GAS  C:\Users\HUAV\AppData\Local\Temp\ccYQlmuE.s 			page 89


1738:HW_Lib/STM32H7/HAL_Lib/STM32H7xx_HAL_Driver/Src/stm32h7xx_hal_spi.c **** 
1739:HW_Lib/STM32H7/HAL_Lib/STM32H7xx_HAL_Driver/Src/stm32h7xx_hal_spi.c ****   if (!((tmp_state == HAL_SPI_STATE_READY) || \
 3276              		.loc 1 1739 6 discriminator 2
 3277 0042 FB7D     		ldrb	r3, [r7, #23]	@ zero_extendqisi2
 3278 0044 012B     		cmp	r3, #1
 3279 0046 12D0     		beq	.L160
 3280              		.loc 1 1739 7 discriminator 1
 3281 0048 3B69     		ldr	r3, [r7, #16]
 3282 004a B3F5800F 		cmp	r3, #4194304
 3283 004e 06D1     		bne	.L161
1740:HW_Lib/STM32H7/HAL_Lib/STM32H7xx_HAL_Driver/Src/stm32h7xx_hal_spi.c ****         ((tmp_mode == SPI_MODE_MASTER) && \
1741:HW_Lib/STM32H7/HAL_Lib/STM32H7xx_HAL_Driver/Src/stm32h7xx_hal_spi.c ****          (hspi->Init.Direction == SPI_DIRECTION_2LINES) && \
 3284              		.loc 1 1741 21
 3285 0050 FB68     		ldr	r3, [r7, #12]
 3286 0052 9B68     		ldr	r3, [r3, #8]
1740:HW_Lib/STM32H7/HAL_Lib/STM32H7xx_HAL_Driver/Src/stm32h7xx_hal_spi.c ****         ((tmp_mode == SPI_MODE_MASTER) && \
 3287              		.loc 1 1740 40
 3288 0054 002B     		cmp	r3, #0
 3289 0056 02D1     		bne	.L161
 3290              		.loc 1 1741 57
 3291 0058 FB7D     		ldrb	r3, [r7, #23]	@ zero_extendqisi2
 3292 005a 042B     		cmp	r3, #4
 3293 005c 07D0     		beq	.L160
 3294              	.L161:
1742:HW_Lib/STM32H7/HAL_Lib/STM32H7xx_HAL_Driver/Src/stm32h7xx_hal_spi.c ****          (tmp_state == HAL_SPI_STATE_BUSY_RX))))
1743:HW_Lib/STM32H7/HAL_Lib/STM32H7xx_HAL_Driver/Src/stm32h7xx_hal_spi.c ****   {
1744:HW_Lib/STM32H7/HAL_Lib/STM32H7xx_HAL_Driver/Src/stm32h7xx_hal_spi.c ****     errorcode = HAL_BUSY;
 3295              		.loc 1 1744 15
 3296 005e 0223     		movs	r3, #2
 3297 0060 FB77     		strb	r3, [r7, #31]
1745:HW_Lib/STM32H7/HAL_Lib/STM32H7xx_HAL_Driver/Src/stm32h7xx_hal_spi.c ****     __HAL_UNLOCK(hspi);
 3298              		.loc 1 1745 5
 3299 0062 FB68     		ldr	r3, [r7, #12]
 3300 0064 0022     		movs	r2, #0
 3301 0066 83F88020 		strb	r2, [r3, #128]
1746:HW_Lib/STM32H7/HAL_Lib/STM32H7xx_HAL_Driver/Src/stm32h7xx_hal_spi.c ****     return errorcode;
 3302              		.loc 1 1746 12
 3303 006a FB7F     		ldrb	r3, [r7, #31]	@ zero_extendqisi2
 3304 006c 5EE1     		b	.L159
 3305              	.L160:
1747:HW_Lib/STM32H7/HAL_Lib/STM32H7xx_HAL_Driver/Src/stm32h7xx_hal_spi.c ****   }
1748:HW_Lib/STM32H7/HAL_Lib/STM32H7xx_HAL_Driver/Src/stm32h7xx_hal_spi.c **** 
1749:HW_Lib/STM32H7/HAL_Lib/STM32H7xx_HAL_Driver/Src/stm32h7xx_hal_spi.c ****   if ((pTxData == NULL) || (pRxData == NULL) || (Size == 0UL))
 3306              		.loc 1 1749 6
 3307 006e BB68     		ldr	r3, [r7, #8]
 3308 0070 002B     		cmp	r3, #0
 3309 0072 05D0     		beq	.L162
 3310              		.loc 1 1749 25 discriminator 1
 3311 0074 7B68     		ldr	r3, [r7, #4]
 3312 0076 002B     		cmp	r3, #0
 3313 0078 02D0     		beq	.L162
 3314              		.loc 1 1749 46 discriminator 2
 3315 007a 7B88     		ldrh	r3, [r7, #2]
 3316 007c 002B     		cmp	r3, #0
 3317 007e 07D1     		bne	.L163
 3318              	.L162:
1750:HW_Lib/STM32H7/HAL_Lib/STM32H7xx_HAL_Driver/Src/stm32h7xx_hal_spi.c ****   {
ARM GAS  C:\Users\HUAV\AppData\Local\Temp\ccYQlmuE.s 			page 90


1751:HW_Lib/STM32H7/HAL_Lib/STM32H7xx_HAL_Driver/Src/stm32h7xx_hal_spi.c ****     errorcode = HAL_ERROR;
 3319              		.loc 1 1751 15
 3320 0080 0123     		movs	r3, #1
 3321 0082 FB77     		strb	r3, [r7, #31]
1752:HW_Lib/STM32H7/HAL_Lib/STM32H7xx_HAL_Driver/Src/stm32h7xx_hal_spi.c ****     __HAL_UNLOCK(hspi);
 3322              		.loc 1 1752 5
 3323 0084 FB68     		ldr	r3, [r7, #12]
 3324 0086 0022     		movs	r2, #0
 3325 0088 83F88020 		strb	r2, [r3, #128]
1753:HW_Lib/STM32H7/HAL_Lib/STM32H7xx_HAL_Driver/Src/stm32h7xx_hal_spi.c ****     return errorcode;
 3326              		.loc 1 1753 12
 3327 008c FB7F     		ldrb	r3, [r7, #31]	@ zero_extendqisi2
 3328 008e 4DE1     		b	.L159
 3329              	.L163:
1754:HW_Lib/STM32H7/HAL_Lib/STM32H7xx_HAL_Driver/Src/stm32h7xx_hal_spi.c ****   }
1755:HW_Lib/STM32H7/HAL_Lib/STM32H7xx_HAL_Driver/Src/stm32h7xx_hal_spi.c **** 
1756:HW_Lib/STM32H7/HAL_Lib/STM32H7xx_HAL_Driver/Src/stm32h7xx_hal_spi.c ****   /* Don't overwrite in case of HAL_SPI_STATE_BUSY_RX */
1757:HW_Lib/STM32H7/HAL_Lib/STM32H7xx_HAL_Driver/Src/stm32h7xx_hal_spi.c ****   if (hspi->State != HAL_SPI_STATE_BUSY_RX)
 3330              		.loc 1 1757 11
 3331 0090 FB68     		ldr	r3, [r7, #12]
 3332 0092 93F88130 		ldrb	r3, [r3, #129]
 3333 0096 DBB2     		uxtb	r3, r3
 3334              		.loc 1 1757 6
 3335 0098 042B     		cmp	r3, #4
 3336 009a 03D0     		beq	.L164
1758:HW_Lib/STM32H7/HAL_Lib/STM32H7xx_HAL_Driver/Src/stm32h7xx_hal_spi.c ****   {
1759:HW_Lib/STM32H7/HAL_Lib/STM32H7xx_HAL_Driver/Src/stm32h7xx_hal_spi.c ****     hspi->State = HAL_SPI_STATE_BUSY_TX_RX;
 3337              		.loc 1 1759 17
 3338 009c FB68     		ldr	r3, [r7, #12]
 3339 009e 0522     		movs	r2, #5
 3340 00a0 83F88120 		strb	r2, [r3, #129]
 3341              	.L164:
1760:HW_Lib/STM32H7/HAL_Lib/STM32H7xx_HAL_Driver/Src/stm32h7xx_hal_spi.c ****   }
1761:HW_Lib/STM32H7/HAL_Lib/STM32H7xx_HAL_Driver/Src/stm32h7xx_hal_spi.c **** 
1762:HW_Lib/STM32H7/HAL_Lib/STM32H7xx_HAL_Driver/Src/stm32h7xx_hal_spi.c ****   /* Set the transaction information */
1763:HW_Lib/STM32H7/HAL_Lib/STM32H7xx_HAL_Driver/Src/stm32h7xx_hal_spi.c ****   hspi->ErrorCode   = HAL_SPI_ERROR_NONE;
 3342              		.loc 1 1763 21
 3343 00a4 FB68     		ldr	r3, [r7, #12]
 3344 00a6 0022     		movs	r2, #0
 3345 00a8 C3F88420 		str	r2, [r3, #132]
1764:HW_Lib/STM32H7/HAL_Lib/STM32H7xx_HAL_Driver/Src/stm32h7xx_hal_spi.c ****   hspi->pTxBuffPtr  = (uint8_t *)pTxData;
 3346              		.loc 1 1764 21
 3347 00ac FB68     		ldr	r3, [r7, #12]
 3348 00ae BA68     		ldr	r2, [r7, #8]
 3349 00b0 DA65     		str	r2, [r3, #92]
1765:HW_Lib/STM32H7/HAL_Lib/STM32H7xx_HAL_Driver/Src/stm32h7xx_hal_spi.c ****   hspi->TxXferSize  = Size;
 3350              		.loc 1 1765 21
 3351 00b2 FB68     		ldr	r3, [r7, #12]
 3352 00b4 7A88     		ldrh	r2, [r7, #2]	@ movhi
 3353 00b6 A3F86020 		strh	r2, [r3, #96]	@ movhi
1766:HW_Lib/STM32H7/HAL_Lib/STM32H7xx_HAL_Driver/Src/stm32h7xx_hal_spi.c ****   hspi->TxXferCount = Size;
 3354              		.loc 1 1766 21
 3355 00ba FB68     		ldr	r3, [r7, #12]
 3356 00bc 7A88     		ldrh	r2, [r7, #2]	@ movhi
 3357 00be A3F86220 		strh	r2, [r3, #98]	@ movhi
1767:HW_Lib/STM32H7/HAL_Lib/STM32H7xx_HAL_Driver/Src/stm32h7xx_hal_spi.c ****   hspi->pRxBuffPtr  = (uint8_t *)pRxData;
 3358              		.loc 1 1767 21
ARM GAS  C:\Users\HUAV\AppData\Local\Temp\ccYQlmuE.s 			page 91


 3359 00c2 FB68     		ldr	r3, [r7, #12]
 3360 00c4 7A68     		ldr	r2, [r7, #4]
 3361 00c6 5A66     		str	r2, [r3, #100]
1768:HW_Lib/STM32H7/HAL_Lib/STM32H7xx_HAL_Driver/Src/stm32h7xx_hal_spi.c ****   hspi->RxXferSize  = Size;
 3362              		.loc 1 1768 21
 3363 00c8 FB68     		ldr	r3, [r7, #12]
 3364 00ca 7A88     		ldrh	r2, [r7, #2]	@ movhi
 3365 00cc A3F86820 		strh	r2, [r3, #104]	@ movhi
1769:HW_Lib/STM32H7/HAL_Lib/STM32H7xx_HAL_Driver/Src/stm32h7xx_hal_spi.c ****   hspi->RxXferCount = Size;
 3366              		.loc 1 1769 21
 3367 00d0 FB68     		ldr	r3, [r7, #12]
 3368 00d2 7A88     		ldrh	r2, [r7, #2]	@ movhi
 3369 00d4 A3F86A20 		strh	r2, [r3, #106]	@ movhi
1770:HW_Lib/STM32H7/HAL_Lib/STM32H7xx_HAL_Driver/Src/stm32h7xx_hal_spi.c ****   tmp_TxXferCount   = hspi->TxXferCount;
 3370              		.loc 1 1770 27
 3371 00d8 FB68     		ldr	r3, [r7, #12]
 3372 00da B3F86230 		ldrh	r3, [r3, #98]	@ movhi
 3373 00de 9BB2     		uxth	r3, r3
 3374              		.loc 1 1770 21
 3375 00e0 3B62     		str	r3, [r7, #32]
1771:HW_Lib/STM32H7/HAL_Lib/STM32H7xx_HAL_Driver/Src/stm32h7xx_hal_spi.c **** 
1772:HW_Lib/STM32H7/HAL_Lib/STM32H7xx_HAL_Driver/Src/stm32h7xx_hal_spi.c ****   /* Set the function for IT treatment */
1773:HW_Lib/STM32H7/HAL_Lib/STM32H7xx_HAL_Driver/Src/stm32h7xx_hal_spi.c ****   if (hspi->Init.DataSize > SPI_DATASIZE_16BIT)
 3376              		.loc 1 1773 17
 3377 00e2 FB68     		ldr	r3, [r7, #12]
 3378 00e4 DB68     		ldr	r3, [r3, #12]
 3379              		.loc 1 1773 6
 3380 00e6 0F2B     		cmp	r3, #15
 3381 00e8 06D9     		bls	.L165
1774:HW_Lib/STM32H7/HAL_Lib/STM32H7xx_HAL_Driver/Src/stm32h7xx_hal_spi.c ****   {
1775:HW_Lib/STM32H7/HAL_Lib/STM32H7xx_HAL_Driver/Src/stm32h7xx_hal_spi.c ****     hspi->TxISR     = SPI_TxISR_32BIT;
 3382              		.loc 1 1775 21
 3383 00ea FB68     		ldr	r3, [r7, #12]
 3384 00ec 924A     		ldr	r2, .L180
 3385 00ee 5A67     		str	r2, [r3, #116]
1776:HW_Lib/STM32H7/HAL_Lib/STM32H7xx_HAL_Driver/Src/stm32h7xx_hal_spi.c ****     hspi->RxISR     = SPI_RxISR_32BIT;
 3386              		.loc 1 1776 21
 3387 00f0 FB68     		ldr	r3, [r7, #12]
 3388 00f2 924A     		ldr	r2, .L180+4
 3389 00f4 1A67     		str	r2, [r3, #112]
 3390 00f6 10E0     		b	.L166
 3391              	.L165:
1777:HW_Lib/STM32H7/HAL_Lib/STM32H7xx_HAL_Driver/Src/stm32h7xx_hal_spi.c ****   }
1778:HW_Lib/STM32H7/HAL_Lib/STM32H7xx_HAL_Driver/Src/stm32h7xx_hal_spi.c ****   else if (hspi->Init.DataSize > SPI_DATASIZE_8BIT)
 3392              		.loc 1 1778 22
 3393 00f8 FB68     		ldr	r3, [r7, #12]
 3394 00fa DB68     		ldr	r3, [r3, #12]
 3395              		.loc 1 1778 11
 3396 00fc 072B     		cmp	r3, #7
 3397 00fe 06D9     		bls	.L167
1779:HW_Lib/STM32H7/HAL_Lib/STM32H7xx_HAL_Driver/Src/stm32h7xx_hal_spi.c ****   {
1780:HW_Lib/STM32H7/HAL_Lib/STM32H7xx_HAL_Driver/Src/stm32h7xx_hal_spi.c ****     hspi->RxISR     = SPI_RxISR_16BIT;
 3398              		.loc 1 1780 21
 3399 0100 FB68     		ldr	r3, [r7, #12]
 3400 0102 8F4A     		ldr	r2, .L180+8
 3401 0104 1A67     		str	r2, [r3, #112]
1781:HW_Lib/STM32H7/HAL_Lib/STM32H7xx_HAL_Driver/Src/stm32h7xx_hal_spi.c ****     hspi->TxISR     = SPI_TxISR_16BIT;
ARM GAS  C:\Users\HUAV\AppData\Local\Temp\ccYQlmuE.s 			page 92


 3402              		.loc 1 1781 21
 3403 0106 FB68     		ldr	r3, [r7, #12]
 3404 0108 8E4A     		ldr	r2, .L180+12
 3405 010a 5A67     		str	r2, [r3, #116]
 3406 010c 05E0     		b	.L166
 3407              	.L167:
1782:HW_Lib/STM32H7/HAL_Lib/STM32H7xx_HAL_Driver/Src/stm32h7xx_hal_spi.c ****   }
1783:HW_Lib/STM32H7/HAL_Lib/STM32H7xx_HAL_Driver/Src/stm32h7xx_hal_spi.c ****   else
1784:HW_Lib/STM32H7/HAL_Lib/STM32H7xx_HAL_Driver/Src/stm32h7xx_hal_spi.c ****   {
1785:HW_Lib/STM32H7/HAL_Lib/STM32H7xx_HAL_Driver/Src/stm32h7xx_hal_spi.c ****     hspi->RxISR     = SPI_RxISR_8BIT;
 3408              		.loc 1 1785 21
 3409 010e FB68     		ldr	r3, [r7, #12]
 3410 0110 8D4A     		ldr	r2, .L180+16
 3411 0112 1A67     		str	r2, [r3, #112]
1786:HW_Lib/STM32H7/HAL_Lib/STM32H7xx_HAL_Driver/Src/stm32h7xx_hal_spi.c ****     hspi->TxISR     = SPI_TxISR_8BIT;
 3412              		.loc 1 1786 21
 3413 0114 FB68     		ldr	r3, [r7, #12]
 3414 0116 8D4A     		ldr	r2, .L180+20
 3415 0118 5A67     		str	r2, [r3, #116]
 3416              	.L166:
1787:HW_Lib/STM32H7/HAL_Lib/STM32H7xx_HAL_Driver/Src/stm32h7xx_hal_spi.c ****   }
1788:HW_Lib/STM32H7/HAL_Lib/STM32H7xx_HAL_Driver/Src/stm32h7xx_hal_spi.c **** 
1789:HW_Lib/STM32H7/HAL_Lib/STM32H7xx_HAL_Driver/Src/stm32h7xx_hal_spi.c ****   /* Set the number of data at current transfer */
1790:HW_Lib/STM32H7/HAL_Lib/STM32H7xx_HAL_Driver/Src/stm32h7xx_hal_spi.c ****   MODIFY_REG(hspi->Instance->CR2, SPI_CR2_TSIZE, Size);
 3417              		.loc 1 1790 3
 3418 011a FB68     		ldr	r3, [r7, #12]
 3419 011c 1B68     		ldr	r3, [r3]
 3420 011e 5A68     		ldr	r2, [r3, #4]
 3421 0120 8B4B     		ldr	r3, .L180+24
 3422 0122 1340     		ands	r3, r3, r2
 3423 0124 7988     		ldrh	r1, [r7, #2]
 3424 0126 FA68     		ldr	r2, [r7, #12]
 3425 0128 1268     		ldr	r2, [r2]
 3426 012a 0B43     		orrs	r3, r3, r1
 3427 012c 5360     		str	r3, [r2, #4]
1791:HW_Lib/STM32H7/HAL_Lib/STM32H7xx_HAL_Driver/Src/stm32h7xx_hal_spi.c **** 
1792:HW_Lib/STM32H7/HAL_Lib/STM32H7xx_HAL_Driver/Src/stm32h7xx_hal_spi.c ****   /* Enable SPI peripheral */
1793:HW_Lib/STM32H7/HAL_Lib/STM32H7xx_HAL_Driver/Src/stm32h7xx_hal_spi.c ****   __HAL_SPI_ENABLE(hspi);
 3428              		.loc 1 1793 3
 3429 012e FB68     		ldr	r3, [r7, #12]
 3430 0130 1B68     		ldr	r3, [r3]
 3431 0132 1A68     		ldr	r2, [r3]
 3432 0134 FB68     		ldr	r3, [r7, #12]
 3433 0136 1B68     		ldr	r3, [r3]
 3434 0138 42F00102 		orr	r2, r2, #1
 3435 013c 1A60     		str	r2, [r3]
1794:HW_Lib/STM32H7/HAL_Lib/STM32H7xx_HAL_Driver/Src/stm32h7xx_hal_spi.c **** 
1795:HW_Lib/STM32H7/HAL_Lib/STM32H7xx_HAL_Driver/Src/stm32h7xx_hal_spi.c ****   /* Fill in the TxFIFO */
1796:HW_Lib/STM32H7/HAL_Lib/STM32H7xx_HAL_Driver/Src/stm32h7xx_hal_spi.c ****   while ((__HAL_SPI_GET_FLAG(hspi, SPI_FLAG_TXP)) && (tmp_TxXferCount != 0UL))
 3436              		.loc 1 1796 9
 3437 013e CFE0     		b	.L168
 3438              	.L178:
1797:HW_Lib/STM32H7/HAL_Lib/STM32H7xx_HAL_Driver/Src/stm32h7xx_hal_spi.c ****   {
1798:HW_Lib/STM32H7/HAL_Lib/STM32H7xx_HAL_Driver/Src/stm32h7xx_hal_spi.c ****     if (max_fifo_length < MAX_FIFO_LENGTH)
 3439              		.loc 1 1798 8
 3440 0140 7B6A     		ldr	r3, [r7, #36]
 3441 0142 0F2B     		cmp	r3, #15
ARM GAS  C:\Users\HUAV\AppData\Local\Temp\ccYQlmuE.s 			page 93


 3442 0144 00F2C480 		bhi	.L169
1799:HW_Lib/STM32H7/HAL_Lib/STM32H7xx_HAL_Driver/Src/stm32h7xx_hal_spi.c ****     {
1800:HW_Lib/STM32H7/HAL_Lib/STM32H7xx_HAL_Driver/Src/stm32h7xx_hal_spi.c ****       /* Transmit data in 32 Bit mode */
1801:HW_Lib/STM32H7/HAL_Lib/STM32H7xx_HAL_Driver/Src/stm32h7xx_hal_spi.c ****       if (hspi->Init.DataSize > SPI_DATASIZE_16BIT)
 3443              		.loc 1 1801 21
 3444 0148 FB68     		ldr	r3, [r7, #12]
 3445 014a DB68     		ldr	r3, [r3, #12]
 3446              		.loc 1 1801 10
 3447 014c 0F2B     		cmp	r3, #15
 3448 014e 19D9     		bls	.L170
1802:HW_Lib/STM32H7/HAL_Lib/STM32H7xx_HAL_Driver/Src/stm32h7xx_hal_spi.c ****       {
1803:HW_Lib/STM32H7/HAL_Lib/STM32H7xx_HAL_Driver/Src/stm32h7xx_hal_spi.c ****         *((__IO uint32_t *)&hspi->Instance->TXDR) = *((uint32_t *)hspi->pTxBuffPtr);
 3449              		.loc 1 1803 71
 3450 0150 FB68     		ldr	r3, [r7, #12]
 3451 0152 DA6D     		ldr	r2, [r3, #92]
 3452              		.loc 1 1803 33
 3453 0154 FB68     		ldr	r3, [r7, #12]
 3454 0156 1B68     		ldr	r3, [r3]
 3455              		.loc 1 1803 53
 3456 0158 1268     		ldr	r2, [r2]
 3457              		.loc 1 1803 51
 3458 015a 1A62     		str	r2, [r3, #32]
1804:HW_Lib/STM32H7/HAL_Lib/STM32H7xx_HAL_Driver/Src/stm32h7xx_hal_spi.c ****         hspi->pTxBuffPtr += sizeof(uint32_t);
 3459              		.loc 1 1804 26
 3460 015c FB68     		ldr	r3, [r7, #12]
 3461 015e DB6D     		ldr	r3, [r3, #92]
 3462 0160 1A1D     		adds	r2, r3, #4
 3463 0162 FB68     		ldr	r3, [r7, #12]
 3464 0164 DA65     		str	r2, [r3, #92]
1805:HW_Lib/STM32H7/HAL_Lib/STM32H7xx_HAL_Driver/Src/stm32h7xx_hal_spi.c ****         hspi->TxXferCount--;
 3465              		.loc 1 1805 13
 3466 0166 FB68     		ldr	r3, [r7, #12]
 3467 0168 B3F86230 		ldrh	r3, [r3, #98]	@ movhi
 3468 016c 9BB2     		uxth	r3, r3
 3469              		.loc 1 1805 26
 3470 016e 013B     		subs	r3, r3, #1
 3471 0170 9AB2     		uxth	r2, r3
 3472 0172 FB68     		ldr	r3, [r7, #12]
 3473 0174 A3F86220 		strh	r2, [r3, #98]	@ movhi
1806:HW_Lib/STM32H7/HAL_Lib/STM32H7xx_HAL_Driver/Src/stm32h7xx_hal_spi.c ****         tmp_TxXferCount = hspi->TxXferCount;
 3474              		.loc 1 1806 31
 3475 0178 FB68     		ldr	r3, [r7, #12]
 3476 017a B3F86230 		ldrh	r3, [r3, #98]	@ movhi
 3477 017e 9BB2     		uxth	r3, r3
 3478              		.loc 1 1806 25
 3479 0180 3B62     		str	r3, [r7, #32]
 3480 0182 A1E0     		b	.L171
 3481              	.L170:
1807:HW_Lib/STM32H7/HAL_Lib/STM32H7xx_HAL_Driver/Src/stm32h7xx_hal_spi.c ****       }
1808:HW_Lib/STM32H7/HAL_Lib/STM32H7xx_HAL_Driver/Src/stm32h7xx_hal_spi.c ****       /* Transmit data in 16 Bit mode */
1809:HW_Lib/STM32H7/HAL_Lib/STM32H7xx_HAL_Driver/Src/stm32h7xx_hal_spi.c ****       else if (hspi->Init.DataSize > SPI_DATASIZE_8BIT)
 3482              		.loc 1 1809 26
 3483 0184 FB68     		ldr	r3, [r7, #12]
 3484 0186 DB68     		ldr	r3, [r3, #12]
 3485              		.loc 1 1809 15
 3486 0188 072B     		cmp	r3, #7
 3487 018a 3CD9     		bls	.L172
ARM GAS  C:\Users\HUAV\AppData\Local\Temp\ccYQlmuE.s 			page 94


1810:HW_Lib/STM32H7/HAL_Lib/STM32H7xx_HAL_Driver/Src/stm32h7xx_hal_spi.c ****       {
1811:HW_Lib/STM32H7/HAL_Lib/STM32H7xx_HAL_Driver/Src/stm32h7xx_hal_spi.c ****         if ((hspi->TxXferCount > 1UL) && (hspi->Init.FifoThreshold > SPI_FIFO_THRESHOLD_01DATA))
 3488              		.loc 1 1811 18
 3489 018c FB68     		ldr	r3, [r7, #12]
 3490 018e B3F86230 		ldrh	r3, [r3, #98]	@ movhi
 3491 0192 9BB2     		uxth	r3, r3
 3492              		.loc 1 1811 12
 3493 0194 012B     		cmp	r3, #1
 3494 0196 1DD9     		bls	.L173
 3495              		.loc 1 1811 53 discriminator 1
 3496 0198 FB68     		ldr	r3, [r7, #12]
 3497 019a DB6B     		ldr	r3, [r3, #60]
 3498              		.loc 1 1811 39 discriminator 1
 3499 019c 002B     		cmp	r3, #0
 3500 019e 19D0     		beq	.L173
1812:HW_Lib/STM32H7/HAL_Lib/STM32H7xx_HAL_Driver/Src/stm32h7xx_hal_spi.c ****         {
1813:HW_Lib/STM32H7/HAL_Lib/STM32H7xx_HAL_Driver/Src/stm32h7xx_hal_spi.c ****           *((__IO uint32_t *)&hspi->Instance->TXDR) = *((uint32_t *)hspi->pTxBuffPtr);
 3501              		.loc 1 1813 73
 3502 01a0 FB68     		ldr	r3, [r7, #12]
 3503 01a2 DA6D     		ldr	r2, [r3, #92]
 3504              		.loc 1 1813 35
 3505 01a4 FB68     		ldr	r3, [r7, #12]
 3506 01a6 1B68     		ldr	r3, [r3]
 3507              		.loc 1 1813 55
 3508 01a8 1268     		ldr	r2, [r2]
 3509              		.loc 1 1813 53
 3510 01aa 1A62     		str	r2, [r3, #32]
1814:HW_Lib/STM32H7/HAL_Lib/STM32H7xx_HAL_Driver/Src/stm32h7xx_hal_spi.c ****           hspi->pTxBuffPtr += sizeof(uint32_t);
 3511              		.loc 1 1814 28
 3512 01ac FB68     		ldr	r3, [r7, #12]
 3513 01ae DB6D     		ldr	r3, [r3, #92]
 3514 01b0 1A1D     		adds	r2, r3, #4
 3515 01b2 FB68     		ldr	r3, [r7, #12]
 3516 01b4 DA65     		str	r2, [r3, #92]
1815:HW_Lib/STM32H7/HAL_Lib/STM32H7xx_HAL_Driver/Src/stm32h7xx_hal_spi.c ****           hspi->TxXferCount -= (uint16_t)2UL;
 3517              		.loc 1 1815 29
 3518 01b6 FB68     		ldr	r3, [r7, #12]
 3519 01b8 B3F86230 		ldrh	r3, [r3, #98]	@ movhi
 3520 01bc 9BB2     		uxth	r3, r3
 3521 01be 023B     		subs	r3, r3, #2
 3522 01c0 9AB2     		uxth	r2, r3
 3523 01c2 FB68     		ldr	r3, [r7, #12]
 3524 01c4 A3F86220 		strh	r2, [r3, #98]	@ movhi
1816:HW_Lib/STM32H7/HAL_Lib/STM32H7xx_HAL_Driver/Src/stm32h7xx_hal_spi.c ****           tmp_TxXferCount = hspi->TxXferCount;
 3525              		.loc 1 1816 33
 3526 01c8 FB68     		ldr	r3, [r7, #12]
 3527 01ca B3F86230 		ldrh	r3, [r3, #98]	@ movhi
 3528 01ce 9BB2     		uxth	r3, r3
 3529              		.loc 1 1816 27
 3530 01d0 3B62     		str	r3, [r7, #32]
 3531 01d2 79E0     		b	.L171
 3532              	.L173:
1817:HW_Lib/STM32H7/HAL_Lib/STM32H7xx_HAL_Driver/Src/stm32h7xx_hal_spi.c ****         }
1818:HW_Lib/STM32H7/HAL_Lib/STM32H7xx_HAL_Driver/Src/stm32h7xx_hal_spi.c ****         else
1819:HW_Lib/STM32H7/HAL_Lib/STM32H7xx_HAL_Driver/Src/stm32h7xx_hal_spi.c ****         {
1820:HW_Lib/STM32H7/HAL_Lib/STM32H7xx_HAL_Driver/Src/stm32h7xx_hal_spi.c **** #if defined (__GNUC__)
1821:HW_Lib/STM32H7/HAL_Lib/STM32H7xx_HAL_Driver/Src/stm32h7xx_hal_spi.c ****           *ptxdr_16bits = *((uint16_t *)hspi->pTxBuffPtr);
ARM GAS  C:\Users\HUAV\AppData\Local\Temp\ccYQlmuE.s 			page 95


 3533              		.loc 1 1821 45
 3534 01d4 FB68     		ldr	r3, [r7, #12]
 3535 01d6 DB6D     		ldr	r3, [r3, #92]
 3536              		.loc 1 1821 27
 3537 01d8 1A88     		ldrh	r2, [r3]
 3538              		.loc 1 1821 25
 3539 01da BB69     		ldr	r3, [r7, #24]
 3540 01dc 1A80     		strh	r2, [r3]	@ movhi
1822:HW_Lib/STM32H7/HAL_Lib/STM32H7xx_HAL_Driver/Src/stm32h7xx_hal_spi.c **** #else
1823:HW_Lib/STM32H7/HAL_Lib/STM32H7xx_HAL_Driver/Src/stm32h7xx_hal_spi.c ****           *((__IO uint16_t *)&hspi->Instance->TXDR) = *((uint16_t *)hspi->pTxBuffPtr);
1824:HW_Lib/STM32H7/HAL_Lib/STM32H7xx_HAL_Driver/Src/stm32h7xx_hal_spi.c **** #endif /* __GNUC__ */
1825:HW_Lib/STM32H7/HAL_Lib/STM32H7xx_HAL_Driver/Src/stm32h7xx_hal_spi.c ****           hspi->pTxBuffPtr += sizeof(uint16_t);
 3541              		.loc 1 1825 28
 3542 01de FB68     		ldr	r3, [r7, #12]
 3543 01e0 DB6D     		ldr	r3, [r3, #92]
 3544 01e2 9A1C     		adds	r2, r3, #2
 3545 01e4 FB68     		ldr	r3, [r7, #12]
 3546 01e6 DA65     		str	r2, [r3, #92]
1826:HW_Lib/STM32H7/HAL_Lib/STM32H7xx_HAL_Driver/Src/stm32h7xx_hal_spi.c ****           hspi->TxXferCount--;
 3547              		.loc 1 1826 15
 3548 01e8 FB68     		ldr	r3, [r7, #12]
 3549 01ea B3F86230 		ldrh	r3, [r3, #98]	@ movhi
 3550 01ee 9BB2     		uxth	r3, r3
 3551              		.loc 1 1826 28
 3552 01f0 013B     		subs	r3, r3, #1
 3553 01f2 9AB2     		uxth	r2, r3
 3554 01f4 FB68     		ldr	r3, [r7, #12]
 3555 01f6 A3F86220 		strh	r2, [r3, #98]	@ movhi
1827:HW_Lib/STM32H7/HAL_Lib/STM32H7xx_HAL_Driver/Src/stm32h7xx_hal_spi.c ****           tmp_TxXferCount = hspi->TxXferCount;
 3556              		.loc 1 1827 33
 3557 01fa FB68     		ldr	r3, [r7, #12]
 3558 01fc B3F86230 		ldrh	r3, [r3, #98]	@ movhi
 3559 0200 9BB2     		uxth	r3, r3
 3560              		.loc 1 1827 27
 3561 0202 3B62     		str	r3, [r7, #32]
 3562 0204 60E0     		b	.L171
 3563              	.L172:
1828:HW_Lib/STM32H7/HAL_Lib/STM32H7xx_HAL_Driver/Src/stm32h7xx_hal_spi.c ****         }
1829:HW_Lib/STM32H7/HAL_Lib/STM32H7xx_HAL_Driver/Src/stm32h7xx_hal_spi.c ****       }
1830:HW_Lib/STM32H7/HAL_Lib/STM32H7xx_HAL_Driver/Src/stm32h7xx_hal_spi.c ****       /* Transmit data in 8 Bit mode */
1831:HW_Lib/STM32H7/HAL_Lib/STM32H7xx_HAL_Driver/Src/stm32h7xx_hal_spi.c ****       else
1832:HW_Lib/STM32H7/HAL_Lib/STM32H7xx_HAL_Driver/Src/stm32h7xx_hal_spi.c ****       {
1833:HW_Lib/STM32H7/HAL_Lib/STM32H7xx_HAL_Driver/Src/stm32h7xx_hal_spi.c ****         if ((hspi->TxXferCount > 3UL) && (hspi->Init.FifoThreshold > SPI_FIFO_THRESHOLD_03DATA))
 3564              		.loc 1 1833 18
 3565 0206 FB68     		ldr	r3, [r7, #12]
 3566 0208 B3F86230 		ldrh	r3, [r3, #98]	@ movhi
 3567 020c 9BB2     		uxth	r3, r3
 3568              		.loc 1 1833 12
 3569 020e 032B     		cmp	r3, #3
 3570 0210 1DD9     		bls	.L175
 3571              		.loc 1 1833 53 discriminator 1
 3572 0212 FB68     		ldr	r3, [r7, #12]
 3573 0214 DB6B     		ldr	r3, [r3, #60]
 3574              		.loc 1 1833 39 discriminator 1
 3575 0216 402B     		cmp	r3, #64
 3576 0218 19D9     		bls	.L175
1834:HW_Lib/STM32H7/HAL_Lib/STM32H7xx_HAL_Driver/Src/stm32h7xx_hal_spi.c ****         {
ARM GAS  C:\Users\HUAV\AppData\Local\Temp\ccYQlmuE.s 			page 96


1835:HW_Lib/STM32H7/HAL_Lib/STM32H7xx_HAL_Driver/Src/stm32h7xx_hal_spi.c ****           *((__IO uint32_t *)&hspi->Instance->TXDR) = *((uint32_t *)hspi->pTxBuffPtr);
 3577              		.loc 1 1835 73
 3578 021a FB68     		ldr	r3, [r7, #12]
 3579 021c DA6D     		ldr	r2, [r3, #92]
 3580              		.loc 1 1835 35
 3581 021e FB68     		ldr	r3, [r7, #12]
 3582 0220 1B68     		ldr	r3, [r3]
 3583              		.loc 1 1835 55
 3584 0222 1268     		ldr	r2, [r2]
 3585              		.loc 1 1835 53
 3586 0224 1A62     		str	r2, [r3, #32]
1836:HW_Lib/STM32H7/HAL_Lib/STM32H7xx_HAL_Driver/Src/stm32h7xx_hal_spi.c ****           hspi->pTxBuffPtr += sizeof(uint32_t);
 3587              		.loc 1 1836 28
 3588 0226 FB68     		ldr	r3, [r7, #12]
 3589 0228 DB6D     		ldr	r3, [r3, #92]
 3590 022a 1A1D     		adds	r2, r3, #4
 3591 022c FB68     		ldr	r3, [r7, #12]
 3592 022e DA65     		str	r2, [r3, #92]
1837:HW_Lib/STM32H7/HAL_Lib/STM32H7xx_HAL_Driver/Src/stm32h7xx_hal_spi.c ****           hspi->TxXferCount -= (uint16_t)4UL;
 3593              		.loc 1 1837 29
 3594 0230 FB68     		ldr	r3, [r7, #12]
 3595 0232 B3F86230 		ldrh	r3, [r3, #98]	@ movhi
 3596 0236 9BB2     		uxth	r3, r3
 3597 0238 043B     		subs	r3, r3, #4
 3598 023a 9AB2     		uxth	r2, r3
 3599 023c FB68     		ldr	r3, [r7, #12]
 3600 023e A3F86220 		strh	r2, [r3, #98]	@ movhi
1838:HW_Lib/STM32H7/HAL_Lib/STM32H7xx_HAL_Driver/Src/stm32h7xx_hal_spi.c ****           tmp_TxXferCount = hspi->TxXferCount;
 3601              		.loc 1 1838 33
 3602 0242 FB68     		ldr	r3, [r7, #12]
 3603 0244 B3F86230 		ldrh	r3, [r3, #98]	@ movhi
 3604 0248 9BB2     		uxth	r3, r3
 3605              		.loc 1 1838 27
 3606 024a 3B62     		str	r3, [r7, #32]
 3607 024c 3CE0     		b	.L171
 3608              	.L175:
1839:HW_Lib/STM32H7/HAL_Lib/STM32H7xx_HAL_Driver/Src/stm32h7xx_hal_spi.c ****         }
1840:HW_Lib/STM32H7/HAL_Lib/STM32H7xx_HAL_Driver/Src/stm32h7xx_hal_spi.c ****         else if ((hspi->TxXferCount > 1UL) && (hspi->Init.FifoThreshold > SPI_FIFO_THRESHOLD_01DATA
 3609              		.loc 1 1840 23
 3610 024e FB68     		ldr	r3, [r7, #12]
 3611 0250 B3F86230 		ldrh	r3, [r3, #98]	@ movhi
 3612 0254 9BB2     		uxth	r3, r3
 3613              		.loc 1 1840 17
 3614 0256 012B     		cmp	r3, #1
 3615 0258 1CD9     		bls	.L176
 3616              		.loc 1 1840 58 discriminator 1
 3617 025a FB68     		ldr	r3, [r7, #12]
 3618 025c DB6B     		ldr	r3, [r3, #60]
 3619              		.loc 1 1840 44 discriminator 1
 3620 025e 002B     		cmp	r3, #0
 3621 0260 18D0     		beq	.L176
1841:HW_Lib/STM32H7/HAL_Lib/STM32H7xx_HAL_Driver/Src/stm32h7xx_hal_spi.c ****         {
1842:HW_Lib/STM32H7/HAL_Lib/STM32H7xx_HAL_Driver/Src/stm32h7xx_hal_spi.c **** #if defined (__GNUC__)
1843:HW_Lib/STM32H7/HAL_Lib/STM32H7xx_HAL_Driver/Src/stm32h7xx_hal_spi.c ****           *ptxdr_16bits = *((uint16_t *)hspi->pTxBuffPtr);
 3622              		.loc 1 1843 45
 3623 0262 FB68     		ldr	r3, [r7, #12]
 3624 0264 DB6D     		ldr	r3, [r3, #92]
ARM GAS  C:\Users\HUAV\AppData\Local\Temp\ccYQlmuE.s 			page 97


 3625              		.loc 1 1843 27
 3626 0266 1A88     		ldrh	r2, [r3]
 3627              		.loc 1 1843 25
 3628 0268 BB69     		ldr	r3, [r7, #24]
 3629 026a 1A80     		strh	r2, [r3]	@ movhi
1844:HW_Lib/STM32H7/HAL_Lib/STM32H7xx_HAL_Driver/Src/stm32h7xx_hal_spi.c **** #else
1845:HW_Lib/STM32H7/HAL_Lib/STM32H7xx_HAL_Driver/Src/stm32h7xx_hal_spi.c ****           *((__IO uint16_t *)&hspi->Instance->TXDR) = *((uint16_t *)hspi->pTxBuffPtr);
1846:HW_Lib/STM32H7/HAL_Lib/STM32H7xx_HAL_Driver/Src/stm32h7xx_hal_spi.c **** #endif /* __GNUC__ */
1847:HW_Lib/STM32H7/HAL_Lib/STM32H7xx_HAL_Driver/Src/stm32h7xx_hal_spi.c ****           hspi->pTxBuffPtr += sizeof(uint16_t);
 3630              		.loc 1 1847 28
 3631 026c FB68     		ldr	r3, [r7, #12]
 3632 026e DB6D     		ldr	r3, [r3, #92]
 3633 0270 9A1C     		adds	r2, r3, #2
 3634 0272 FB68     		ldr	r3, [r7, #12]
 3635 0274 DA65     		str	r2, [r3, #92]
1848:HW_Lib/STM32H7/HAL_Lib/STM32H7xx_HAL_Driver/Src/stm32h7xx_hal_spi.c ****           hspi->TxXferCount -= (uint16_t)2UL;
 3636              		.loc 1 1848 29
 3637 0276 FB68     		ldr	r3, [r7, #12]
 3638 0278 B3F86230 		ldrh	r3, [r3, #98]	@ movhi
 3639 027c 9BB2     		uxth	r3, r3
 3640 027e 023B     		subs	r3, r3, #2
 3641 0280 9AB2     		uxth	r2, r3
 3642 0282 FB68     		ldr	r3, [r7, #12]
 3643 0284 A3F86220 		strh	r2, [r3, #98]	@ movhi
1849:HW_Lib/STM32H7/HAL_Lib/STM32H7xx_HAL_Driver/Src/stm32h7xx_hal_spi.c ****           tmp_TxXferCount = hspi->TxXferCount;
 3644              		.loc 1 1849 33
 3645 0288 FB68     		ldr	r3, [r7, #12]
 3646 028a B3F86230 		ldrh	r3, [r3, #98]	@ movhi
 3647 028e 9BB2     		uxth	r3, r3
 3648              		.loc 1 1849 27
 3649 0290 3B62     		str	r3, [r7, #32]
 3650 0292 19E0     		b	.L171
 3651              	.L176:
1850:HW_Lib/STM32H7/HAL_Lib/STM32H7xx_HAL_Driver/Src/stm32h7xx_hal_spi.c ****         }
1851:HW_Lib/STM32H7/HAL_Lib/STM32H7xx_HAL_Driver/Src/stm32h7xx_hal_spi.c ****         else
1852:HW_Lib/STM32H7/HAL_Lib/STM32H7xx_HAL_Driver/Src/stm32h7xx_hal_spi.c ****         {
1853:HW_Lib/STM32H7/HAL_Lib/STM32H7xx_HAL_Driver/Src/stm32h7xx_hal_spi.c ****           *((__IO uint8_t *)&hspi->Instance->TXDR) = *((uint8_t *)hspi->pTxBuffPtr);
 3652              		.loc 1 1853 71
 3653 0294 FB68     		ldr	r3, [r7, #12]
 3654 0296 DA6D     		ldr	r2, [r3, #92]
 3655              		.loc 1 1853 34
 3656 0298 FB68     		ldr	r3, [r7, #12]
 3657 029a 1B68     		ldr	r3, [r3]
 3658              		.loc 1 1853 29
 3659 029c 2033     		adds	r3, r3, #32
 3660              		.loc 1 1853 54
 3661 029e 1278     		ldrb	r2, [r2]	@ zero_extendqisi2
 3662              		.loc 1 1853 52
 3663 02a0 1A70     		strb	r2, [r3]
1854:HW_Lib/STM32H7/HAL_Lib/STM32H7xx_HAL_Driver/Src/stm32h7xx_hal_spi.c ****           hspi->pTxBuffPtr += sizeof(uint8_t);
 3664              		.loc 1 1854 28
 3665 02a2 FB68     		ldr	r3, [r7, #12]
 3666 02a4 DB6D     		ldr	r3, [r3, #92]
 3667 02a6 5A1C     		adds	r2, r3, #1
 3668 02a8 FB68     		ldr	r3, [r7, #12]
 3669 02aa DA65     		str	r2, [r3, #92]
1855:HW_Lib/STM32H7/HAL_Lib/STM32H7xx_HAL_Driver/Src/stm32h7xx_hal_spi.c ****           hspi->TxXferCount--;
ARM GAS  C:\Users\HUAV\AppData\Local\Temp\ccYQlmuE.s 			page 98


 3670              		.loc 1 1855 15
 3671 02ac FB68     		ldr	r3, [r7, #12]
 3672 02ae B3F86230 		ldrh	r3, [r3, #98]	@ movhi
 3673 02b2 9BB2     		uxth	r3, r3
 3674              		.loc 1 1855 28
 3675 02b4 013B     		subs	r3, r3, #1
 3676 02b6 9AB2     		uxth	r2, r3
 3677 02b8 FB68     		ldr	r3, [r7, #12]
 3678 02ba A3F86220 		strh	r2, [r3, #98]	@ movhi
1856:HW_Lib/STM32H7/HAL_Lib/STM32H7xx_HAL_Driver/Src/stm32h7xx_hal_spi.c ****           tmp_TxXferCount = hspi->TxXferCount;
 3679              		.loc 1 1856 33
 3680 02be FB68     		ldr	r3, [r7, #12]
 3681 02c0 B3F86230 		ldrh	r3, [r3, #98]	@ movhi
 3682 02c4 9BB2     		uxth	r3, r3
 3683              		.loc 1 1856 27
 3684 02c6 3B62     		str	r3, [r7, #32]
 3685              	.L171:
1857:HW_Lib/STM32H7/HAL_Lib/STM32H7xx_HAL_Driver/Src/stm32h7xx_hal_spi.c ****         }
1858:HW_Lib/STM32H7/HAL_Lib/STM32H7xx_HAL_Driver/Src/stm32h7xx_hal_spi.c ****       }
1859:HW_Lib/STM32H7/HAL_Lib/STM32H7xx_HAL_Driver/Src/stm32h7xx_hal_spi.c **** 
1860:HW_Lib/STM32H7/HAL_Lib/STM32H7xx_HAL_Driver/Src/stm32h7xx_hal_spi.c ****       max_fifo_length++;
 3686              		.loc 1 1860 22
 3687 02c8 7B6A     		ldr	r3, [r7, #36]
 3688 02ca 0133     		adds	r3, r3, #1
 3689 02cc 7B62     		str	r3, [r7, #36]
 3690 02ce 07E0     		b	.L168
 3691              	.L169:
1861:HW_Lib/STM32H7/HAL_Lib/STM32H7xx_HAL_Driver/Src/stm32h7xx_hal_spi.c ****     }
1862:HW_Lib/STM32H7/HAL_Lib/STM32H7xx_HAL_Driver/Src/stm32h7xx_hal_spi.c ****     else
1863:HW_Lib/STM32H7/HAL_Lib/STM32H7xx_HAL_Driver/Src/stm32h7xx_hal_spi.c ****     {
1864:HW_Lib/STM32H7/HAL_Lib/STM32H7xx_HAL_Driver/Src/stm32h7xx_hal_spi.c ****       errorcode = HAL_BUSY;
 3692              		.loc 1 1864 17
 3693 02d0 0223     		movs	r3, #2
 3694 02d2 FB77     		strb	r3, [r7, #31]
1865:HW_Lib/STM32H7/HAL_Lib/STM32H7xx_HAL_Driver/Src/stm32h7xx_hal_spi.c ****       __HAL_UNLOCK(hspi);
 3695              		.loc 1 1865 7
 3696 02d4 FB68     		ldr	r3, [r7, #12]
 3697 02d6 0022     		movs	r2, #0
 3698 02d8 83F88020 		strb	r2, [r3, #128]
1866:HW_Lib/STM32H7/HAL_Lib/STM32H7xx_HAL_Driver/Src/stm32h7xx_hal_spi.c ****       return errorcode;
 3699              		.loc 1 1866 14
 3700 02dc FB7F     		ldrb	r3, [r7, #31]	@ zero_extendqisi2
 3701 02de 25E0     		b	.L159
 3702              	.L168:
1796:HW_Lib/STM32H7/HAL_Lib/STM32H7xx_HAL_Driver/Src/stm32h7xx_hal_spi.c ****   {
 3703              		.loc 1 1796 11
 3704 02e0 FB68     		ldr	r3, [r7, #12]
 3705 02e2 1B68     		ldr	r3, [r3]
 3706 02e4 5B69     		ldr	r3, [r3, #20]
 3707 02e6 03F00203 		and	r3, r3, #2
1796:HW_Lib/STM32H7/HAL_Lib/STM32H7xx_HAL_Driver/Src/stm32h7xx_hal_spi.c ****   {
 3708              		.loc 1 1796 9
 3709 02ea 022B     		cmp	r3, #2
 3710 02ec 03D1     		bne	.L177
1796:HW_Lib/STM32H7/HAL_Lib/STM32H7xx_HAL_Driver/Src/stm32h7xx_hal_spi.c ****   {
 3711              		.loc 1 1796 51 discriminator 1
 3712 02ee 3B6A     		ldr	r3, [r7, #32]
ARM GAS  C:\Users\HUAV\AppData\Local\Temp\ccYQlmuE.s 			page 99


 3713 02f0 002B     		cmp	r3, #0
 3714 02f2 7FF425AF 		bne	.L178
 3715              	.L177:
1867:HW_Lib/STM32H7/HAL_Lib/STM32H7xx_HAL_Driver/Src/stm32h7xx_hal_spi.c ****     }
1868:HW_Lib/STM32H7/HAL_Lib/STM32H7xx_HAL_Driver/Src/stm32h7xx_hal_spi.c ****   }
1869:HW_Lib/STM32H7/HAL_Lib/STM32H7xx_HAL_Driver/Src/stm32h7xx_hal_spi.c **** 
1870:HW_Lib/STM32H7/HAL_Lib/STM32H7xx_HAL_Driver/Src/stm32h7xx_hal_spi.c ****   /* Enable EOT, DXP, UDR, OVR, FRE, MODF and TSERF interrupts */
1871:HW_Lib/STM32H7/HAL_Lib/STM32H7xx_HAL_Driver/Src/stm32h7xx_hal_spi.c ****   __HAL_SPI_ENABLE_IT(hspi, (SPI_IT_EOT | SPI_IT_DXP | SPI_IT_UDR | SPI_IT_OVR |
 3716              		.loc 1 1871 3
 3717 02f6 FB68     		ldr	r3, [r7, #12]
 3718 02f8 1B68     		ldr	r3, [r3]
 3719 02fa 1969     		ldr	r1, [r3, #16]
 3720 02fc FB68     		ldr	r3, [r7, #12]
 3721 02fe 1A68     		ldr	r2, [r3]
 3722 0300 40F26C73 		movw	r3, #1900
 3723 0304 0B43     		orrs	r3, r3, r1
 3724 0306 1361     		str	r3, [r2, #16]
1872:HW_Lib/STM32H7/HAL_Lib/STM32H7xx_HAL_Driver/Src/stm32h7xx_hal_spi.c ****                              SPI_IT_FRE | SPI_IT_MODF | SPI_IT_TSERF));
1873:HW_Lib/STM32H7/HAL_Lib/STM32H7xx_HAL_Driver/Src/stm32h7xx_hal_spi.c **** 
1874:HW_Lib/STM32H7/HAL_Lib/STM32H7xx_HAL_Driver/Src/stm32h7xx_hal_spi.c ****   if (hspi->Init.Mode == SPI_MODE_MASTER)
 3725              		.loc 1 1874 17
 3726 0308 FB68     		ldr	r3, [r7, #12]
 3727 030a 5B68     		ldr	r3, [r3, #4]
 3728              		.loc 1 1874 6
 3729 030c B3F5800F 		cmp	r3, #4194304
 3730 0310 07D1     		bne	.L179
1875:HW_Lib/STM32H7/HAL_Lib/STM32H7xx_HAL_Driver/Src/stm32h7xx_hal_spi.c ****   {
1876:HW_Lib/STM32H7/HAL_Lib/STM32H7xx_HAL_Driver/Src/stm32h7xx_hal_spi.c ****     /* Start Master transfer */
1877:HW_Lib/STM32H7/HAL_Lib/STM32H7xx_HAL_Driver/Src/stm32h7xx_hal_spi.c ****     SET_BIT(hspi->Instance->CR1, SPI_CR1_CSTART);
 3731              		.loc 1 1877 5
 3732 0312 FB68     		ldr	r3, [r7, #12]
 3733 0314 1B68     		ldr	r3, [r3]
 3734 0316 1A68     		ldr	r2, [r3]
 3735 0318 FB68     		ldr	r3, [r7, #12]
 3736 031a 1B68     		ldr	r3, [r3]
 3737 031c 42F40072 		orr	r2, r2, #512
 3738 0320 1A60     		str	r2, [r3]
 3739              	.L179:
1878:HW_Lib/STM32H7/HAL_Lib/STM32H7xx_HAL_Driver/Src/stm32h7xx_hal_spi.c ****   }
1879:HW_Lib/STM32H7/HAL_Lib/STM32H7xx_HAL_Driver/Src/stm32h7xx_hal_spi.c **** 
1880:HW_Lib/STM32H7/HAL_Lib/STM32H7xx_HAL_Driver/Src/stm32h7xx_hal_spi.c ****   /* Unlock the process */
1881:HW_Lib/STM32H7/HAL_Lib/STM32H7xx_HAL_Driver/Src/stm32h7xx_hal_spi.c ****   __HAL_UNLOCK(hspi);
 3740              		.loc 1 1881 3
 3741 0322 FB68     		ldr	r3, [r7, #12]
 3742 0324 0022     		movs	r2, #0
 3743 0326 83F88020 		strb	r2, [r3, #128]
1882:HW_Lib/STM32H7/HAL_Lib/STM32H7xx_HAL_Driver/Src/stm32h7xx_hal_spi.c ****   return errorcode;
 3744              		.loc 1 1882 10
 3745 032a FB7F     		ldrb	r3, [r7, #31]	@ zero_extendqisi2
 3746              	.L159:
1883:HW_Lib/STM32H7/HAL_Lib/STM32H7xx_HAL_Driver/Src/stm32h7xx_hal_spi.c **** }
 3747              		.loc 1 1883 1
 3748 032c 1846     		mov	r0, r3
 3749 032e 2C37     		adds	r7, r7, #44
 3750              	.LCFI51:
 3751              		.cfi_def_cfa_offset 4
 3752 0330 BD46     		mov	sp, r7
ARM GAS  C:\Users\HUAV\AppData\Local\Temp\ccYQlmuE.s 			page 100


 3753              	.LCFI52:
 3754              		.cfi_def_cfa_register 13
 3755              		@ sp needed
 3756 0332 5DF8047B 		ldr	r7, [sp], #4
 3757              	.LCFI53:
 3758              		.cfi_restore 7
 3759              		.cfi_def_cfa_offset 0
 3760 0336 7047     		bx	lr
 3761              	.L181:
 3762              		.align	2
 3763              	.L180:
 3764 0338 00000000 		.word	SPI_TxISR_32BIT
 3765 033c 00000000 		.word	SPI_RxISR_32BIT
 3766 0340 00000000 		.word	SPI_RxISR_16BIT
 3767 0344 00000000 		.word	SPI_TxISR_16BIT
 3768 0348 00000000 		.word	SPI_RxISR_8BIT
 3769 034c 00000000 		.word	SPI_TxISR_8BIT
 3770 0350 0000FFFF 		.word	-65536
 3771              		.cfi_endproc
 3772              	.LFE342:
 3774              		.section	.text.HAL_SPI_Transmit_DMA,"ax",%progbits
 3775              		.align	1
 3776              		.global	HAL_SPI_Transmit_DMA
 3777              		.syntax unified
 3778              		.thumb
 3779              		.thumb_func
 3781              	HAL_SPI_Transmit_DMA:
 3782              	.LFB343:
1884:HW_Lib/STM32H7/HAL_Lib/STM32H7xx_HAL_Driver/Src/stm32h7xx_hal_spi.c **** 
1885:HW_Lib/STM32H7/HAL_Lib/STM32H7xx_HAL_Driver/Src/stm32h7xx_hal_spi.c **** #if defined(USE_SPI_RELOAD_TRANSFER)
1886:HW_Lib/STM32H7/HAL_Lib/STM32H7xx_HAL_Driver/Src/stm32h7xx_hal_spi.c **** /**
1887:HW_Lib/STM32H7/HAL_Lib/STM32H7xx_HAL_Driver/Src/stm32h7xx_hal_spi.c ****   * @brief  Transmit an additional amount of data in blocking mode.
1888:HW_Lib/STM32H7/HAL_Lib/STM32H7xx_HAL_Driver/Src/stm32h7xx_hal_spi.c ****   * @param  hspi : pointer to a SPI_HandleTypeDef structure that contains
1889:HW_Lib/STM32H7/HAL_Lib/STM32H7xx_HAL_Driver/Src/stm32h7xx_hal_spi.c ****   *                the configuration information for SPI module.
1890:HW_Lib/STM32H7/HAL_Lib/STM32H7xx_HAL_Driver/Src/stm32h7xx_hal_spi.c ****   * @param  pData: pointer to data buffer
1891:HW_Lib/STM32H7/HAL_Lib/STM32H7xx_HAL_Driver/Src/stm32h7xx_hal_spi.c ****   * @param  Size : amount of data to be sent
1892:HW_Lib/STM32H7/HAL_Lib/STM32H7xx_HAL_Driver/Src/stm32h7xx_hal_spi.c ****   * @retval HAL status
1893:HW_Lib/STM32H7/HAL_Lib/STM32H7xx_HAL_Driver/Src/stm32h7xx_hal_spi.c ****   */
1894:HW_Lib/STM32H7/HAL_Lib/STM32H7xx_HAL_Driver/Src/stm32h7xx_hal_spi.c **** HAL_StatusTypeDef HAL_SPI_Reload_Transmit_IT(SPI_HandleTypeDef *hspi, uint8_t *pData, uint16_t Size
1895:HW_Lib/STM32H7/HAL_Lib/STM32H7xx_HAL_Driver/Src/stm32h7xx_hal_spi.c **** {
1896:HW_Lib/STM32H7/HAL_Lib/STM32H7xx_HAL_Driver/Src/stm32h7xx_hal_spi.c ****   HAL_StatusTypeDef errorcode = HAL_OK;
1897:HW_Lib/STM32H7/HAL_Lib/STM32H7xx_HAL_Driver/Src/stm32h7xx_hal_spi.c ****   HAL_SPI_StateTypeDef  tmp_state;
1898:HW_Lib/STM32H7/HAL_Lib/STM32H7xx_HAL_Driver/Src/stm32h7xx_hal_spi.c **** 
1899:HW_Lib/STM32H7/HAL_Lib/STM32H7xx_HAL_Driver/Src/stm32h7xx_hal_spi.c ****   /* Lock the process */
1900:HW_Lib/STM32H7/HAL_Lib/STM32H7xx_HAL_Driver/Src/stm32h7xx_hal_spi.c ****   __HAL_LOCK(hspi);
1901:HW_Lib/STM32H7/HAL_Lib/STM32H7xx_HAL_Driver/Src/stm32h7xx_hal_spi.c **** 
1902:HW_Lib/STM32H7/HAL_Lib/STM32H7xx_HAL_Driver/Src/stm32h7xx_hal_spi.c ****   if ((pData == NULL) || (Size == 0UL))
1903:HW_Lib/STM32H7/HAL_Lib/STM32H7xx_HAL_Driver/Src/stm32h7xx_hal_spi.c ****   {
1904:HW_Lib/STM32H7/HAL_Lib/STM32H7xx_HAL_Driver/Src/stm32h7xx_hal_spi.c ****     errorcode = HAL_ERROR;
1905:HW_Lib/STM32H7/HAL_Lib/STM32H7xx_HAL_Driver/Src/stm32h7xx_hal_spi.c ****     __HAL_UNLOCK(hspi);
1906:HW_Lib/STM32H7/HAL_Lib/STM32H7xx_HAL_Driver/Src/stm32h7xx_hal_spi.c ****     return errorcode;
1907:HW_Lib/STM32H7/HAL_Lib/STM32H7xx_HAL_Driver/Src/stm32h7xx_hal_spi.c ****   }
1908:HW_Lib/STM32H7/HAL_Lib/STM32H7xx_HAL_Driver/Src/stm32h7xx_hal_spi.c **** 
1909:HW_Lib/STM32H7/HAL_Lib/STM32H7xx_HAL_Driver/Src/stm32h7xx_hal_spi.c ****   if (hspi->State == HAL_SPI_STATE_BUSY_TX)
1910:HW_Lib/STM32H7/HAL_Lib/STM32H7xx_HAL_Driver/Src/stm32h7xx_hal_spi.c ****   {
1911:HW_Lib/STM32H7/HAL_Lib/STM32H7xx_HAL_Driver/Src/stm32h7xx_hal_spi.c ****     /* check if there is already a request to reload */
1912:HW_Lib/STM32H7/HAL_Lib/STM32H7xx_HAL_Driver/Src/stm32h7xx_hal_spi.c ****     if (hspi->Reload.Requested == 1UL)
ARM GAS  C:\Users\HUAV\AppData\Local\Temp\ccYQlmuE.s 			page 101


1913:HW_Lib/STM32H7/HAL_Lib/STM32H7xx_HAL_Driver/Src/stm32h7xx_hal_spi.c ****     {
1914:HW_Lib/STM32H7/HAL_Lib/STM32H7xx_HAL_Driver/Src/stm32h7xx_hal_spi.c ****       errorcode = HAL_ERROR;
1915:HW_Lib/STM32H7/HAL_Lib/STM32H7xx_HAL_Driver/Src/stm32h7xx_hal_spi.c ****       __HAL_UNLOCK(hspi);
1916:HW_Lib/STM32H7/HAL_Lib/STM32H7xx_HAL_Driver/Src/stm32h7xx_hal_spi.c ****       return errorcode;
1917:HW_Lib/STM32H7/HAL_Lib/STM32H7xx_HAL_Driver/Src/stm32h7xx_hal_spi.c ****     }
1918:HW_Lib/STM32H7/HAL_Lib/STM32H7xx_HAL_Driver/Src/stm32h7xx_hal_spi.c **** 
1919:HW_Lib/STM32H7/HAL_Lib/STM32H7xx_HAL_Driver/Src/stm32h7xx_hal_spi.c ****     /* Insert the new number of data to be sent just after the current one */
1920:HW_Lib/STM32H7/HAL_Lib/STM32H7xx_HAL_Driver/Src/stm32h7xx_hal_spi.c ****     MODIFY_REG(hspi->Instance->CR2, SPI_CR2_TSER, (Size & 0xFFFFFFFFUL) << 16UL);
1921:HW_Lib/STM32H7/HAL_Lib/STM32H7xx_HAL_Driver/Src/stm32h7xx_hal_spi.c **** 
1922:HW_Lib/STM32H7/HAL_Lib/STM32H7xx_HAL_Driver/Src/stm32h7xx_hal_spi.c ****     /* Set the transaction information */
1923:HW_Lib/STM32H7/HAL_Lib/STM32H7xx_HAL_Driver/Src/stm32h7xx_hal_spi.c ****     hspi->Reload.Requested   = 1UL;
1924:HW_Lib/STM32H7/HAL_Lib/STM32H7xx_HAL_Driver/Src/stm32h7xx_hal_spi.c ****     hspi->Reload.pTxBuffPtr  = (uint8_t *)pData;
1925:HW_Lib/STM32H7/HAL_Lib/STM32H7xx_HAL_Driver/Src/stm32h7xx_hal_spi.c ****     hspi->Reload.TxXferSize  = Size;
1926:HW_Lib/STM32H7/HAL_Lib/STM32H7xx_HAL_Driver/Src/stm32h7xx_hal_spi.c **** 
1927:HW_Lib/STM32H7/HAL_Lib/STM32H7xx_HAL_Driver/Src/stm32h7xx_hal_spi.c ****     tmp_state = hspi->State;
1928:HW_Lib/STM32H7/HAL_Lib/STM32H7xx_HAL_Driver/Src/stm32h7xx_hal_spi.c **** 
1929:HW_Lib/STM32H7/HAL_Lib/STM32H7xx_HAL_Driver/Src/stm32h7xx_hal_spi.c ****     /* Check if the current transmit is already completed */
1930:HW_Lib/STM32H7/HAL_Lib/STM32H7xx_HAL_Driver/Src/stm32h7xx_hal_spi.c ****     if (((hspi->Instance->CR2 & SPI_CR2_TSER) != 0UL) && (tmp_state == HAL_SPI_STATE_READY))
1931:HW_Lib/STM32H7/HAL_Lib/STM32H7xx_HAL_Driver/Src/stm32h7xx_hal_spi.c ****     {
1932:HW_Lib/STM32H7/HAL_Lib/STM32H7xx_HAL_Driver/Src/stm32h7xx_hal_spi.c ****       __HAL_SPI_DISABLE_IT(hspi, SPI_IT_TSERF);
1933:HW_Lib/STM32H7/HAL_Lib/STM32H7xx_HAL_Driver/Src/stm32h7xx_hal_spi.c ****       MODIFY_REG(hspi->Instance->CR2, SPI_CR2_TSER, 0UL);
1934:HW_Lib/STM32H7/HAL_Lib/STM32H7xx_HAL_Driver/Src/stm32h7xx_hal_spi.c ****       hspi->Reload.Requested = 0UL;
1935:HW_Lib/STM32H7/HAL_Lib/STM32H7xx_HAL_Driver/Src/stm32h7xx_hal_spi.c ****       errorcode = HAL_ERROR;
1936:HW_Lib/STM32H7/HAL_Lib/STM32H7xx_HAL_Driver/Src/stm32h7xx_hal_spi.c ****       __HAL_UNLOCK(hspi);
1937:HW_Lib/STM32H7/HAL_Lib/STM32H7xx_HAL_Driver/Src/stm32h7xx_hal_spi.c ****       return errorcode;
1938:HW_Lib/STM32H7/HAL_Lib/STM32H7xx_HAL_Driver/Src/stm32h7xx_hal_spi.c ****     }
1939:HW_Lib/STM32H7/HAL_Lib/STM32H7xx_HAL_Driver/Src/stm32h7xx_hal_spi.c ****   }
1940:HW_Lib/STM32H7/HAL_Lib/STM32H7xx_HAL_Driver/Src/stm32h7xx_hal_spi.c ****   else
1941:HW_Lib/STM32H7/HAL_Lib/STM32H7xx_HAL_Driver/Src/stm32h7xx_hal_spi.c ****   {
1942:HW_Lib/STM32H7/HAL_Lib/STM32H7xx_HAL_Driver/Src/stm32h7xx_hal_spi.c ****     errorcode = HAL_ERROR;
1943:HW_Lib/STM32H7/HAL_Lib/STM32H7xx_HAL_Driver/Src/stm32h7xx_hal_spi.c ****     return errorcode;
1944:HW_Lib/STM32H7/HAL_Lib/STM32H7xx_HAL_Driver/Src/stm32h7xx_hal_spi.c ****   }
1945:HW_Lib/STM32H7/HAL_Lib/STM32H7xx_HAL_Driver/Src/stm32h7xx_hal_spi.c **** 
1946:HW_Lib/STM32H7/HAL_Lib/STM32H7xx_HAL_Driver/Src/stm32h7xx_hal_spi.c ****   __HAL_UNLOCK(hspi);
1947:HW_Lib/STM32H7/HAL_Lib/STM32H7xx_HAL_Driver/Src/stm32h7xx_hal_spi.c ****   return errorcode;
1948:HW_Lib/STM32H7/HAL_Lib/STM32H7xx_HAL_Driver/Src/stm32h7xx_hal_spi.c **** }
1949:HW_Lib/STM32H7/HAL_Lib/STM32H7xx_HAL_Driver/Src/stm32h7xx_hal_spi.c **** #endif /* USE_SPI_RELOAD_TRANSFER */
1950:HW_Lib/STM32H7/HAL_Lib/STM32H7xx_HAL_Driver/Src/stm32h7xx_hal_spi.c **** 
1951:HW_Lib/STM32H7/HAL_Lib/STM32H7xx_HAL_Driver/Src/stm32h7xx_hal_spi.c **** #if defined(USE_SPI_RELOAD_TRANSFER)
1952:HW_Lib/STM32H7/HAL_Lib/STM32H7xx_HAL_Driver/Src/stm32h7xx_hal_spi.c **** /**
1953:HW_Lib/STM32H7/HAL_Lib/STM32H7xx_HAL_Driver/Src/stm32h7xx_hal_spi.c ****   * @brief  Receive an additional amount of data in blocking mode.
1954:HW_Lib/STM32H7/HAL_Lib/STM32H7xx_HAL_Driver/Src/stm32h7xx_hal_spi.c ****   * @param  hspi : pointer to a SPI_HandleTypeDef structure that contains
1955:HW_Lib/STM32H7/HAL_Lib/STM32H7xx_HAL_Driver/Src/stm32h7xx_hal_spi.c ****   *                the configuration information for SPI module.
1956:HW_Lib/STM32H7/HAL_Lib/STM32H7xx_HAL_Driver/Src/stm32h7xx_hal_spi.c ****   * @param  pData: pointer to data buffer
1957:HW_Lib/STM32H7/HAL_Lib/STM32H7xx_HAL_Driver/Src/stm32h7xx_hal_spi.c ****   * @param  Size : amount of data to be sent
1958:HW_Lib/STM32H7/HAL_Lib/STM32H7xx_HAL_Driver/Src/stm32h7xx_hal_spi.c ****   * @retval HAL status
1959:HW_Lib/STM32H7/HAL_Lib/STM32H7xx_HAL_Driver/Src/stm32h7xx_hal_spi.c ****   */
1960:HW_Lib/STM32H7/HAL_Lib/STM32H7xx_HAL_Driver/Src/stm32h7xx_hal_spi.c **** HAL_StatusTypeDef HAL_SPI_Reload_Receive_IT(SPI_HandleTypeDef *hspi, uint8_t *pData, uint16_t Size)
1961:HW_Lib/STM32H7/HAL_Lib/STM32H7xx_HAL_Driver/Src/stm32h7xx_hal_spi.c **** {
1962:HW_Lib/STM32H7/HAL_Lib/STM32H7xx_HAL_Driver/Src/stm32h7xx_hal_spi.c ****   HAL_StatusTypeDef errorcode = HAL_OK;
1963:HW_Lib/STM32H7/HAL_Lib/STM32H7xx_HAL_Driver/Src/stm32h7xx_hal_spi.c ****   HAL_SPI_StateTypeDef  tmp_state;
1964:HW_Lib/STM32H7/HAL_Lib/STM32H7xx_HAL_Driver/Src/stm32h7xx_hal_spi.c **** 
1965:HW_Lib/STM32H7/HAL_Lib/STM32H7xx_HAL_Driver/Src/stm32h7xx_hal_spi.c ****   /* Lock the process */
1966:HW_Lib/STM32H7/HAL_Lib/STM32H7xx_HAL_Driver/Src/stm32h7xx_hal_spi.c ****   __HAL_LOCK(hspi);
1967:HW_Lib/STM32H7/HAL_Lib/STM32H7xx_HAL_Driver/Src/stm32h7xx_hal_spi.c **** 
1968:HW_Lib/STM32H7/HAL_Lib/STM32H7xx_HAL_Driver/Src/stm32h7xx_hal_spi.c ****   if ((pData == NULL) || (Size == 0UL))
1969:HW_Lib/STM32H7/HAL_Lib/STM32H7xx_HAL_Driver/Src/stm32h7xx_hal_spi.c ****   {
ARM GAS  C:\Users\HUAV\AppData\Local\Temp\ccYQlmuE.s 			page 102


1970:HW_Lib/STM32H7/HAL_Lib/STM32H7xx_HAL_Driver/Src/stm32h7xx_hal_spi.c ****     errorcode = HAL_ERROR;
1971:HW_Lib/STM32H7/HAL_Lib/STM32H7xx_HAL_Driver/Src/stm32h7xx_hal_spi.c ****     __HAL_UNLOCK(hspi);
1972:HW_Lib/STM32H7/HAL_Lib/STM32H7xx_HAL_Driver/Src/stm32h7xx_hal_spi.c ****     return errorcode;
1973:HW_Lib/STM32H7/HAL_Lib/STM32H7xx_HAL_Driver/Src/stm32h7xx_hal_spi.c ****   }
1974:HW_Lib/STM32H7/HAL_Lib/STM32H7xx_HAL_Driver/Src/stm32h7xx_hal_spi.c **** 
1975:HW_Lib/STM32H7/HAL_Lib/STM32H7xx_HAL_Driver/Src/stm32h7xx_hal_spi.c ****   if (hspi->State == HAL_SPI_STATE_BUSY_RX)
1976:HW_Lib/STM32H7/HAL_Lib/STM32H7xx_HAL_Driver/Src/stm32h7xx_hal_spi.c ****   {
1977:HW_Lib/STM32H7/HAL_Lib/STM32H7xx_HAL_Driver/Src/stm32h7xx_hal_spi.c ****     /* check if there is already a request to reload */
1978:HW_Lib/STM32H7/HAL_Lib/STM32H7xx_HAL_Driver/Src/stm32h7xx_hal_spi.c ****     if (hspi->Reload.Requested == 1UL)
1979:HW_Lib/STM32H7/HAL_Lib/STM32H7xx_HAL_Driver/Src/stm32h7xx_hal_spi.c ****     {
1980:HW_Lib/STM32H7/HAL_Lib/STM32H7xx_HAL_Driver/Src/stm32h7xx_hal_spi.c ****       errorcode = HAL_ERROR;
1981:HW_Lib/STM32H7/HAL_Lib/STM32H7xx_HAL_Driver/Src/stm32h7xx_hal_spi.c ****       __HAL_UNLOCK(hspi);
1982:HW_Lib/STM32H7/HAL_Lib/STM32H7xx_HAL_Driver/Src/stm32h7xx_hal_spi.c ****       return errorcode;
1983:HW_Lib/STM32H7/HAL_Lib/STM32H7xx_HAL_Driver/Src/stm32h7xx_hal_spi.c ****     }
1984:HW_Lib/STM32H7/HAL_Lib/STM32H7xx_HAL_Driver/Src/stm32h7xx_hal_spi.c **** 
1985:HW_Lib/STM32H7/HAL_Lib/STM32H7xx_HAL_Driver/Src/stm32h7xx_hal_spi.c ****     /* Insert the new number of data that will be received just after the current one */
1986:HW_Lib/STM32H7/HAL_Lib/STM32H7xx_HAL_Driver/Src/stm32h7xx_hal_spi.c ****     MODIFY_REG(hspi->Instance->CR2, SPI_CR2_TSER, (Size & 0xFFFFFFFFUL) << 16UL);
1987:HW_Lib/STM32H7/HAL_Lib/STM32H7xx_HAL_Driver/Src/stm32h7xx_hal_spi.c **** 
1988:HW_Lib/STM32H7/HAL_Lib/STM32H7xx_HAL_Driver/Src/stm32h7xx_hal_spi.c ****     /* Set the transaction information */
1989:HW_Lib/STM32H7/HAL_Lib/STM32H7xx_HAL_Driver/Src/stm32h7xx_hal_spi.c ****     hspi->Reload.Requested   = 1UL;
1990:HW_Lib/STM32H7/HAL_Lib/STM32H7xx_HAL_Driver/Src/stm32h7xx_hal_spi.c ****     hspi->Reload.pRxBuffPtr  = (uint8_t *)pData;
1991:HW_Lib/STM32H7/HAL_Lib/STM32H7xx_HAL_Driver/Src/stm32h7xx_hal_spi.c ****     hspi->Reload.RxXferSize  = Size;
1992:HW_Lib/STM32H7/HAL_Lib/STM32H7xx_HAL_Driver/Src/stm32h7xx_hal_spi.c **** 
1993:HW_Lib/STM32H7/HAL_Lib/STM32H7xx_HAL_Driver/Src/stm32h7xx_hal_spi.c ****     tmp_state = hspi->State;
1994:HW_Lib/STM32H7/HAL_Lib/STM32H7xx_HAL_Driver/Src/stm32h7xx_hal_spi.c **** 
1995:HW_Lib/STM32H7/HAL_Lib/STM32H7xx_HAL_Driver/Src/stm32h7xx_hal_spi.c ****     /* Check if the current reception is already completed */
1996:HW_Lib/STM32H7/HAL_Lib/STM32H7xx_HAL_Driver/Src/stm32h7xx_hal_spi.c ****     if (((hspi->Instance->CR2 & SPI_CR2_TSER) != 0UL) && (tmp_state == HAL_SPI_STATE_READY))
1997:HW_Lib/STM32H7/HAL_Lib/STM32H7xx_HAL_Driver/Src/stm32h7xx_hal_spi.c ****     {
1998:HW_Lib/STM32H7/HAL_Lib/STM32H7xx_HAL_Driver/Src/stm32h7xx_hal_spi.c ****       __HAL_SPI_DISABLE_IT(hspi, SPI_IT_TSERF);
1999:HW_Lib/STM32H7/HAL_Lib/STM32H7xx_HAL_Driver/Src/stm32h7xx_hal_spi.c ****       MODIFY_REG(hspi->Instance->CR2, SPI_CR2_TSER, 0UL);
2000:HW_Lib/STM32H7/HAL_Lib/STM32H7xx_HAL_Driver/Src/stm32h7xx_hal_spi.c ****       hspi->Reload.Requested = 0UL;
2001:HW_Lib/STM32H7/HAL_Lib/STM32H7xx_HAL_Driver/Src/stm32h7xx_hal_spi.c ****       errorcode = HAL_ERROR;
2002:HW_Lib/STM32H7/HAL_Lib/STM32H7xx_HAL_Driver/Src/stm32h7xx_hal_spi.c ****       __HAL_UNLOCK(hspi);
2003:HW_Lib/STM32H7/HAL_Lib/STM32H7xx_HAL_Driver/Src/stm32h7xx_hal_spi.c ****       return errorcode;
2004:HW_Lib/STM32H7/HAL_Lib/STM32H7xx_HAL_Driver/Src/stm32h7xx_hal_spi.c ****     }
2005:HW_Lib/STM32H7/HAL_Lib/STM32H7xx_HAL_Driver/Src/stm32h7xx_hal_spi.c ****   }
2006:HW_Lib/STM32H7/HAL_Lib/STM32H7xx_HAL_Driver/Src/stm32h7xx_hal_spi.c ****   else
2007:HW_Lib/STM32H7/HAL_Lib/STM32H7xx_HAL_Driver/Src/stm32h7xx_hal_spi.c ****   {
2008:HW_Lib/STM32H7/HAL_Lib/STM32H7xx_HAL_Driver/Src/stm32h7xx_hal_spi.c ****     errorcode = HAL_ERROR;
2009:HW_Lib/STM32H7/HAL_Lib/STM32H7xx_HAL_Driver/Src/stm32h7xx_hal_spi.c ****     return errorcode;
2010:HW_Lib/STM32H7/HAL_Lib/STM32H7xx_HAL_Driver/Src/stm32h7xx_hal_spi.c ****   }
2011:HW_Lib/STM32H7/HAL_Lib/STM32H7xx_HAL_Driver/Src/stm32h7xx_hal_spi.c **** 
2012:HW_Lib/STM32H7/HAL_Lib/STM32H7xx_HAL_Driver/Src/stm32h7xx_hal_spi.c ****   __HAL_UNLOCK(hspi);
2013:HW_Lib/STM32H7/HAL_Lib/STM32H7xx_HAL_Driver/Src/stm32h7xx_hal_spi.c ****   return errorcode;
2014:HW_Lib/STM32H7/HAL_Lib/STM32H7xx_HAL_Driver/Src/stm32h7xx_hal_spi.c **** }
2015:HW_Lib/STM32H7/HAL_Lib/STM32H7xx_HAL_Driver/Src/stm32h7xx_hal_spi.c **** #endif /* USE_SPI_RELOAD_TRANSFER */
2016:HW_Lib/STM32H7/HAL_Lib/STM32H7xx_HAL_Driver/Src/stm32h7xx_hal_spi.c **** 
2017:HW_Lib/STM32H7/HAL_Lib/STM32H7xx_HAL_Driver/Src/stm32h7xx_hal_spi.c **** #if defined(USE_SPI_RELOAD_TRANSFER)
2018:HW_Lib/STM32H7/HAL_Lib/STM32H7xx_HAL_Driver/Src/stm32h7xx_hal_spi.c **** /**
2019:HW_Lib/STM32H7/HAL_Lib/STM32H7xx_HAL_Driver/Src/stm32h7xx_hal_spi.c ****   * @brief  Transmit and receive an additional amount of data in blocking mode.
2020:HW_Lib/STM32H7/HAL_Lib/STM32H7xx_HAL_Driver/Src/stm32h7xx_hal_spi.c ****   * @param  hspi   : pointer to a SPI_HandleTypeDef structure that contains
2021:HW_Lib/STM32H7/HAL_Lib/STM32H7xx_HAL_Driver/Src/stm32h7xx_hal_spi.c ****   *                  the configuration information for SPI module.
2022:HW_Lib/STM32H7/HAL_Lib/STM32H7xx_HAL_Driver/Src/stm32h7xx_hal_spi.c ****   * @param  pTxData: pointer to transmission data buffer
2023:HW_Lib/STM32H7/HAL_Lib/STM32H7xx_HAL_Driver/Src/stm32h7xx_hal_spi.c ****   * @param  pRxData: pointer to reception data buffer
2024:HW_Lib/STM32H7/HAL_Lib/STM32H7xx_HAL_Driver/Src/stm32h7xx_hal_spi.c ****   * @param  Size   : amount of data to be sent and received
2025:HW_Lib/STM32H7/HAL_Lib/STM32H7xx_HAL_Driver/Src/stm32h7xx_hal_spi.c ****   * @retval HAL status
2026:HW_Lib/STM32H7/HAL_Lib/STM32H7xx_HAL_Driver/Src/stm32h7xx_hal_spi.c ****   */
ARM GAS  C:\Users\HUAV\AppData\Local\Temp\ccYQlmuE.s 			page 103


2027:HW_Lib/STM32H7/HAL_Lib/STM32H7xx_HAL_Driver/Src/stm32h7xx_hal_spi.c **** HAL_StatusTypeDef HAL_SPI_Reload_TransmitReceive_IT(SPI_HandleTypeDef *hspi, uint8_t *pTxData, uint
2028:HW_Lib/STM32H7/HAL_Lib/STM32H7xx_HAL_Driver/Src/stm32h7xx_hal_spi.c **** {
2029:HW_Lib/STM32H7/HAL_Lib/STM32H7xx_HAL_Driver/Src/stm32h7xx_hal_spi.c ****   HAL_StatusTypeDef errorcode = HAL_OK;
2030:HW_Lib/STM32H7/HAL_Lib/STM32H7xx_HAL_Driver/Src/stm32h7xx_hal_spi.c ****   HAL_SPI_StateTypeDef  tmp_state;
2031:HW_Lib/STM32H7/HAL_Lib/STM32H7xx_HAL_Driver/Src/stm32h7xx_hal_spi.c **** 
2032:HW_Lib/STM32H7/HAL_Lib/STM32H7xx_HAL_Driver/Src/stm32h7xx_hal_spi.c ****   /* Lock the process */
2033:HW_Lib/STM32H7/HAL_Lib/STM32H7xx_HAL_Driver/Src/stm32h7xx_hal_spi.c ****   __HAL_LOCK(hspi);
2034:HW_Lib/STM32H7/HAL_Lib/STM32H7xx_HAL_Driver/Src/stm32h7xx_hal_spi.c **** 
2035:HW_Lib/STM32H7/HAL_Lib/STM32H7xx_HAL_Driver/Src/stm32h7xx_hal_spi.c ****   if ((pTxData == NULL) || (pRxData == NULL) || (Size == 0UL))
2036:HW_Lib/STM32H7/HAL_Lib/STM32H7xx_HAL_Driver/Src/stm32h7xx_hal_spi.c ****   {
2037:HW_Lib/STM32H7/HAL_Lib/STM32H7xx_HAL_Driver/Src/stm32h7xx_hal_spi.c ****     errorcode = HAL_ERROR;
2038:HW_Lib/STM32H7/HAL_Lib/STM32H7xx_HAL_Driver/Src/stm32h7xx_hal_spi.c ****     __HAL_UNLOCK(hspi);
2039:HW_Lib/STM32H7/HAL_Lib/STM32H7xx_HAL_Driver/Src/stm32h7xx_hal_spi.c ****     return errorcode;
2040:HW_Lib/STM32H7/HAL_Lib/STM32H7xx_HAL_Driver/Src/stm32h7xx_hal_spi.c ****   }
2041:HW_Lib/STM32H7/HAL_Lib/STM32H7xx_HAL_Driver/Src/stm32h7xx_hal_spi.c **** 
2042:HW_Lib/STM32H7/HAL_Lib/STM32H7xx_HAL_Driver/Src/stm32h7xx_hal_spi.c ****   if (hspi->State == HAL_SPI_STATE_BUSY_TX_RX)
2043:HW_Lib/STM32H7/HAL_Lib/STM32H7xx_HAL_Driver/Src/stm32h7xx_hal_spi.c ****   {
2044:HW_Lib/STM32H7/HAL_Lib/STM32H7xx_HAL_Driver/Src/stm32h7xx_hal_spi.c ****     /* check if there is already a request to reload */
2045:HW_Lib/STM32H7/HAL_Lib/STM32H7xx_HAL_Driver/Src/stm32h7xx_hal_spi.c ****     if (hspi->Reload.Requested == 1UL)
2046:HW_Lib/STM32H7/HAL_Lib/STM32H7xx_HAL_Driver/Src/stm32h7xx_hal_spi.c ****     {
2047:HW_Lib/STM32H7/HAL_Lib/STM32H7xx_HAL_Driver/Src/stm32h7xx_hal_spi.c ****       errorcode = HAL_ERROR;
2048:HW_Lib/STM32H7/HAL_Lib/STM32H7xx_HAL_Driver/Src/stm32h7xx_hal_spi.c ****       __HAL_UNLOCK(hspi);
2049:HW_Lib/STM32H7/HAL_Lib/STM32H7xx_HAL_Driver/Src/stm32h7xx_hal_spi.c ****       return errorcode;
2050:HW_Lib/STM32H7/HAL_Lib/STM32H7xx_HAL_Driver/Src/stm32h7xx_hal_spi.c ****     }
2051:HW_Lib/STM32H7/HAL_Lib/STM32H7xx_HAL_Driver/Src/stm32h7xx_hal_spi.c **** 
2052:HW_Lib/STM32H7/HAL_Lib/STM32H7xx_HAL_Driver/Src/stm32h7xx_hal_spi.c ****     /* Insert the new number of data that will be sent and received just after the current one */
2053:HW_Lib/STM32H7/HAL_Lib/STM32H7xx_HAL_Driver/Src/stm32h7xx_hal_spi.c ****     MODIFY_REG(hspi->Instance->CR2, SPI_CR2_TSER, (Size & 0xFFFFFFFFUL) << 16UL);
2054:HW_Lib/STM32H7/HAL_Lib/STM32H7xx_HAL_Driver/Src/stm32h7xx_hal_spi.c **** 
2055:HW_Lib/STM32H7/HAL_Lib/STM32H7xx_HAL_Driver/Src/stm32h7xx_hal_spi.c ****     /* Set the transaction information */
2056:HW_Lib/STM32H7/HAL_Lib/STM32H7xx_HAL_Driver/Src/stm32h7xx_hal_spi.c ****     hspi->Reload.Requested   = 1UL;
2057:HW_Lib/STM32H7/HAL_Lib/STM32H7xx_HAL_Driver/Src/stm32h7xx_hal_spi.c ****     hspi->Reload.pTxBuffPtr  = (uint8_t *)pTxData;
2058:HW_Lib/STM32H7/HAL_Lib/STM32H7xx_HAL_Driver/Src/stm32h7xx_hal_spi.c ****     hspi->Reload.TxXferSize  = Size;
2059:HW_Lib/STM32H7/HAL_Lib/STM32H7xx_HAL_Driver/Src/stm32h7xx_hal_spi.c ****     hspi->Reload.pRxBuffPtr  = (uint8_t *)pRxData;
2060:HW_Lib/STM32H7/HAL_Lib/STM32H7xx_HAL_Driver/Src/stm32h7xx_hal_spi.c ****     hspi->Reload.RxXferSize  = Size;
2061:HW_Lib/STM32H7/HAL_Lib/STM32H7xx_HAL_Driver/Src/stm32h7xx_hal_spi.c **** 
2062:HW_Lib/STM32H7/HAL_Lib/STM32H7xx_HAL_Driver/Src/stm32h7xx_hal_spi.c ****     tmp_state = hspi->State;
2063:HW_Lib/STM32H7/HAL_Lib/STM32H7xx_HAL_Driver/Src/stm32h7xx_hal_spi.c **** 
2064:HW_Lib/STM32H7/HAL_Lib/STM32H7xx_HAL_Driver/Src/stm32h7xx_hal_spi.c ****     /* Check if the current transmit is already completed */
2065:HW_Lib/STM32H7/HAL_Lib/STM32H7xx_HAL_Driver/Src/stm32h7xx_hal_spi.c ****     if (((hspi->Instance->CR2 & SPI_CR2_TSER) != 0UL) && (tmp_state == HAL_SPI_STATE_READY))
2066:HW_Lib/STM32H7/HAL_Lib/STM32H7xx_HAL_Driver/Src/stm32h7xx_hal_spi.c ****     {
2067:HW_Lib/STM32H7/HAL_Lib/STM32H7xx_HAL_Driver/Src/stm32h7xx_hal_spi.c ****       __HAL_SPI_DISABLE_IT(hspi, SPI_IT_TSERF);
2068:HW_Lib/STM32H7/HAL_Lib/STM32H7xx_HAL_Driver/Src/stm32h7xx_hal_spi.c ****       MODIFY_REG(hspi->Instance->CR2, SPI_CR2_TSER, 0UL);
2069:HW_Lib/STM32H7/HAL_Lib/STM32H7xx_HAL_Driver/Src/stm32h7xx_hal_spi.c ****       hspi->Reload.Requested = 0UL;
2070:HW_Lib/STM32H7/HAL_Lib/STM32H7xx_HAL_Driver/Src/stm32h7xx_hal_spi.c ****       errorcode = HAL_ERROR;
2071:HW_Lib/STM32H7/HAL_Lib/STM32H7xx_HAL_Driver/Src/stm32h7xx_hal_spi.c ****       __HAL_UNLOCK(hspi);
2072:HW_Lib/STM32H7/HAL_Lib/STM32H7xx_HAL_Driver/Src/stm32h7xx_hal_spi.c ****       return errorcode;
2073:HW_Lib/STM32H7/HAL_Lib/STM32H7xx_HAL_Driver/Src/stm32h7xx_hal_spi.c ****     }
2074:HW_Lib/STM32H7/HAL_Lib/STM32H7xx_HAL_Driver/Src/stm32h7xx_hal_spi.c ****   }
2075:HW_Lib/STM32H7/HAL_Lib/STM32H7xx_HAL_Driver/Src/stm32h7xx_hal_spi.c ****   else
2076:HW_Lib/STM32H7/HAL_Lib/STM32H7xx_HAL_Driver/Src/stm32h7xx_hal_spi.c ****   {
2077:HW_Lib/STM32H7/HAL_Lib/STM32H7xx_HAL_Driver/Src/stm32h7xx_hal_spi.c ****     errorcode = HAL_ERROR;
2078:HW_Lib/STM32H7/HAL_Lib/STM32H7xx_HAL_Driver/Src/stm32h7xx_hal_spi.c ****     return errorcode;
2079:HW_Lib/STM32H7/HAL_Lib/STM32H7xx_HAL_Driver/Src/stm32h7xx_hal_spi.c ****   }
2080:HW_Lib/STM32H7/HAL_Lib/STM32H7xx_HAL_Driver/Src/stm32h7xx_hal_spi.c **** 
2081:HW_Lib/STM32H7/HAL_Lib/STM32H7xx_HAL_Driver/Src/stm32h7xx_hal_spi.c ****   __HAL_UNLOCK(hspi);
2082:HW_Lib/STM32H7/HAL_Lib/STM32H7xx_HAL_Driver/Src/stm32h7xx_hal_spi.c ****   return errorcode;
2083:HW_Lib/STM32H7/HAL_Lib/STM32H7xx_HAL_Driver/Src/stm32h7xx_hal_spi.c **** }
ARM GAS  C:\Users\HUAV\AppData\Local\Temp\ccYQlmuE.s 			page 104


2084:HW_Lib/STM32H7/HAL_Lib/STM32H7xx_HAL_Driver/Src/stm32h7xx_hal_spi.c **** #endif /* USE_SPI_RELOAD_TRANSFER */
2085:HW_Lib/STM32H7/HAL_Lib/STM32H7xx_HAL_Driver/Src/stm32h7xx_hal_spi.c **** 
2086:HW_Lib/STM32H7/HAL_Lib/STM32H7xx_HAL_Driver/Src/stm32h7xx_hal_spi.c **** /**
2087:HW_Lib/STM32H7/HAL_Lib/STM32H7xx_HAL_Driver/Src/stm32h7xx_hal_spi.c ****   * @brief  Transmit an amount of data in non-blocking mode with DMA.
2088:HW_Lib/STM32H7/HAL_Lib/STM32H7xx_HAL_Driver/Src/stm32h7xx_hal_spi.c ****   * @param  hspi : pointer to a SPI_HandleTypeDef structure that contains
2089:HW_Lib/STM32H7/HAL_Lib/STM32H7xx_HAL_Driver/Src/stm32h7xx_hal_spi.c ****   *                the configuration information for SPI module.
2090:HW_Lib/STM32H7/HAL_Lib/STM32H7xx_HAL_Driver/Src/stm32h7xx_hal_spi.c ****   * @param  pData: pointer to data buffer
2091:HW_Lib/STM32H7/HAL_Lib/STM32H7xx_HAL_Driver/Src/stm32h7xx_hal_spi.c ****   * @param  Size : amount of data to be sent
2092:HW_Lib/STM32H7/HAL_Lib/STM32H7xx_HAL_Driver/Src/stm32h7xx_hal_spi.c ****   * @retval HAL status
2093:HW_Lib/STM32H7/HAL_Lib/STM32H7xx_HAL_Driver/Src/stm32h7xx_hal_spi.c ****   */
2094:HW_Lib/STM32H7/HAL_Lib/STM32H7xx_HAL_Driver/Src/stm32h7xx_hal_spi.c **** HAL_StatusTypeDef HAL_SPI_Transmit_DMA(SPI_HandleTypeDef *hspi, uint8_t *pData, uint16_t Size)
2095:HW_Lib/STM32H7/HAL_Lib/STM32H7xx_HAL_Driver/Src/stm32h7xx_hal_spi.c **** {
 3783              		.loc 1 2095 1
 3784              		.cfi_startproc
 3785              		@ args = 0, pretend = 0, frame = 24
 3786              		@ frame_needed = 1, uses_anonymous_args = 0
 3787 0000 80B5     		push	{r7, lr}
 3788              	.LCFI54:
 3789              		.cfi_def_cfa_offset 8
 3790              		.cfi_offset 7, -8
 3791              		.cfi_offset 14, -4
 3792 0002 86B0     		sub	sp, sp, #24
 3793              	.LCFI55:
 3794              		.cfi_def_cfa_offset 32
 3795 0004 00AF     		add	r7, sp, #0
 3796              	.LCFI56:
 3797              		.cfi_def_cfa_register 7
 3798 0006 F860     		str	r0, [r7, #12]
 3799 0008 B960     		str	r1, [r7, #8]
 3800 000a 1346     		mov	r3, r2
 3801 000c FB80     		strh	r3, [r7, #6]	@ movhi
2096:HW_Lib/STM32H7/HAL_Lib/STM32H7xx_HAL_Driver/Src/stm32h7xx_hal_spi.c ****   HAL_StatusTypeDef errorcode = HAL_OK;
 3802              		.loc 1 2096 21
 3803 000e 0023     		movs	r3, #0
 3804 0010 FB75     		strb	r3, [r7, #23]
2097:HW_Lib/STM32H7/HAL_Lib/STM32H7xx_HAL_Driver/Src/stm32h7xx_hal_spi.c **** 
2098:HW_Lib/STM32H7/HAL_Lib/STM32H7xx_HAL_Driver/Src/stm32h7xx_hal_spi.c ****   /* Check Direction parameter */
2099:HW_Lib/STM32H7/HAL_Lib/STM32H7xx_HAL_Driver/Src/stm32h7xx_hal_spi.c ****   assert_param(IS_SPI_DIRECTION_2LINES_OR_1LINE_2LINES_TXONLY(hspi->Init.Direction));
2100:HW_Lib/STM32H7/HAL_Lib/STM32H7xx_HAL_Driver/Src/stm32h7xx_hal_spi.c **** 
2101:HW_Lib/STM32H7/HAL_Lib/STM32H7xx_HAL_Driver/Src/stm32h7xx_hal_spi.c ****   /* Lock the process */
2102:HW_Lib/STM32H7/HAL_Lib/STM32H7xx_HAL_Driver/Src/stm32h7xx_hal_spi.c ****   __HAL_LOCK(hspi);
 3805              		.loc 1 2102 3
 3806 0012 FB68     		ldr	r3, [r7, #12]
 3807 0014 93F88030 		ldrb	r3, [r3, #128]	@ zero_extendqisi2
 3808 0018 012B     		cmp	r3, #1
 3809 001a 01D1     		bne	.L183
 3810              		.loc 1 2102 3 is_stmt 0 discriminator 1
 3811 001c 0223     		movs	r3, #2
 3812 001e 2CE1     		b	.L184
 3813              	.L183:
 3814              		.loc 1 2102 3 discriminator 2
 3815 0020 FB68     		ldr	r3, [r7, #12]
 3816 0022 0122     		movs	r2, #1
 3817 0024 83F88020 		strb	r2, [r3, #128]
2103:HW_Lib/STM32H7/HAL_Lib/STM32H7xx_HAL_Driver/Src/stm32h7xx_hal_spi.c **** 
2104:HW_Lib/STM32H7/HAL_Lib/STM32H7xx_HAL_Driver/Src/stm32h7xx_hal_spi.c ****   if (hspi->State != HAL_SPI_STATE_READY)
 3818              		.loc 1 2104 11 is_stmt 1 discriminator 2
ARM GAS  C:\Users\HUAV\AppData\Local\Temp\ccYQlmuE.s 			page 105


 3819 0028 FB68     		ldr	r3, [r7, #12]
 3820 002a 93F88130 		ldrb	r3, [r3, #129]
 3821 002e DBB2     		uxtb	r3, r3
 3822              		.loc 1 2104 6 discriminator 2
 3823 0030 012B     		cmp	r3, #1
 3824 0032 07D0     		beq	.L185
2105:HW_Lib/STM32H7/HAL_Lib/STM32H7xx_HAL_Driver/Src/stm32h7xx_hal_spi.c ****   {
2106:HW_Lib/STM32H7/HAL_Lib/STM32H7xx_HAL_Driver/Src/stm32h7xx_hal_spi.c ****     errorcode = HAL_BUSY;
 3825              		.loc 1 2106 15
 3826 0034 0223     		movs	r3, #2
 3827 0036 FB75     		strb	r3, [r7, #23]
2107:HW_Lib/STM32H7/HAL_Lib/STM32H7xx_HAL_Driver/Src/stm32h7xx_hal_spi.c ****     __HAL_UNLOCK(hspi);
 3828              		.loc 1 2107 5
 3829 0038 FB68     		ldr	r3, [r7, #12]
 3830 003a 0022     		movs	r2, #0
 3831 003c 83F88020 		strb	r2, [r3, #128]
2108:HW_Lib/STM32H7/HAL_Lib/STM32H7xx_HAL_Driver/Src/stm32h7xx_hal_spi.c ****     return errorcode;
 3832              		.loc 1 2108 12
 3833 0040 FB7D     		ldrb	r3, [r7, #23]	@ zero_extendqisi2
 3834 0042 1AE1     		b	.L184
 3835              	.L185:
2109:HW_Lib/STM32H7/HAL_Lib/STM32H7xx_HAL_Driver/Src/stm32h7xx_hal_spi.c ****   }
2110:HW_Lib/STM32H7/HAL_Lib/STM32H7xx_HAL_Driver/Src/stm32h7xx_hal_spi.c **** 
2111:HW_Lib/STM32H7/HAL_Lib/STM32H7xx_HAL_Driver/Src/stm32h7xx_hal_spi.c ****   if ((pData == NULL) || (Size == 0UL))
 3836              		.loc 1 2111 6
 3837 0044 BB68     		ldr	r3, [r7, #8]
 3838 0046 002B     		cmp	r3, #0
 3839 0048 02D0     		beq	.L186
 3840              		.loc 1 2111 23 discriminator 1
 3841 004a FB88     		ldrh	r3, [r7, #6]
 3842 004c 002B     		cmp	r3, #0
 3843 004e 07D1     		bne	.L187
 3844              	.L186:
2112:HW_Lib/STM32H7/HAL_Lib/STM32H7xx_HAL_Driver/Src/stm32h7xx_hal_spi.c ****   {
2113:HW_Lib/STM32H7/HAL_Lib/STM32H7xx_HAL_Driver/Src/stm32h7xx_hal_spi.c ****     errorcode = HAL_ERROR;
 3845              		.loc 1 2113 15
 3846 0050 0123     		movs	r3, #1
 3847 0052 FB75     		strb	r3, [r7, #23]
2114:HW_Lib/STM32H7/HAL_Lib/STM32H7xx_HAL_Driver/Src/stm32h7xx_hal_spi.c ****     __HAL_UNLOCK(hspi);
 3848              		.loc 1 2114 5
 3849 0054 FB68     		ldr	r3, [r7, #12]
 3850 0056 0022     		movs	r2, #0
 3851 0058 83F88020 		strb	r2, [r3, #128]
2115:HW_Lib/STM32H7/HAL_Lib/STM32H7xx_HAL_Driver/Src/stm32h7xx_hal_spi.c ****     return errorcode;
 3852              		.loc 1 2115 12
 3853 005c FB7D     		ldrb	r3, [r7, #23]	@ zero_extendqisi2
 3854 005e 0CE1     		b	.L184
 3855              	.L187:
2116:HW_Lib/STM32H7/HAL_Lib/STM32H7xx_HAL_Driver/Src/stm32h7xx_hal_spi.c ****   }
2117:HW_Lib/STM32H7/HAL_Lib/STM32H7xx_HAL_Driver/Src/stm32h7xx_hal_spi.c **** 
2118:HW_Lib/STM32H7/HAL_Lib/STM32H7xx_HAL_Driver/Src/stm32h7xx_hal_spi.c ****   /* Set the transaction information */
2119:HW_Lib/STM32H7/HAL_Lib/STM32H7xx_HAL_Driver/Src/stm32h7xx_hal_spi.c ****   hspi->State       = HAL_SPI_STATE_BUSY_TX;
 3856              		.loc 1 2119 21
 3857 0060 FB68     		ldr	r3, [r7, #12]
 3858 0062 0322     		movs	r2, #3
 3859 0064 83F88120 		strb	r2, [r3, #129]
2120:HW_Lib/STM32H7/HAL_Lib/STM32H7xx_HAL_Driver/Src/stm32h7xx_hal_spi.c ****   hspi->ErrorCode   = HAL_SPI_ERROR_NONE;
ARM GAS  C:\Users\HUAV\AppData\Local\Temp\ccYQlmuE.s 			page 106


 3860              		.loc 1 2120 21
 3861 0068 FB68     		ldr	r3, [r7, #12]
 3862 006a 0022     		movs	r2, #0
 3863 006c C3F88420 		str	r2, [r3, #132]
2121:HW_Lib/STM32H7/HAL_Lib/STM32H7xx_HAL_Driver/Src/stm32h7xx_hal_spi.c ****   hspi->pTxBuffPtr  = (uint8_t *)pData;
 3864              		.loc 1 2121 21
 3865 0070 FB68     		ldr	r3, [r7, #12]
 3866 0072 BA68     		ldr	r2, [r7, #8]
 3867 0074 DA65     		str	r2, [r3, #92]
2122:HW_Lib/STM32H7/HAL_Lib/STM32H7xx_HAL_Driver/Src/stm32h7xx_hal_spi.c ****   hspi->TxXferSize  = Size;
 3868              		.loc 1 2122 21
 3869 0076 FB68     		ldr	r3, [r7, #12]
 3870 0078 FA88     		ldrh	r2, [r7, #6]	@ movhi
 3871 007a A3F86020 		strh	r2, [r3, #96]	@ movhi
2123:HW_Lib/STM32H7/HAL_Lib/STM32H7xx_HAL_Driver/Src/stm32h7xx_hal_spi.c ****   hspi->TxXferCount = Size;
 3872              		.loc 1 2123 21
 3873 007e FB68     		ldr	r3, [r7, #12]
 3874 0080 FA88     		ldrh	r2, [r7, #6]	@ movhi
 3875 0082 A3F86220 		strh	r2, [r3, #98]	@ movhi
2124:HW_Lib/STM32H7/HAL_Lib/STM32H7xx_HAL_Driver/Src/stm32h7xx_hal_spi.c **** 
2125:HW_Lib/STM32H7/HAL_Lib/STM32H7xx_HAL_Driver/Src/stm32h7xx_hal_spi.c ****   /* Init field not used in handle to zero */
2126:HW_Lib/STM32H7/HAL_Lib/STM32H7xx_HAL_Driver/Src/stm32h7xx_hal_spi.c ****   hspi->pRxBuffPtr  = NULL;
 3876              		.loc 1 2126 21
 3877 0086 FB68     		ldr	r3, [r7, #12]
 3878 0088 0022     		movs	r2, #0
 3879 008a 5A66     		str	r2, [r3, #100]
2127:HW_Lib/STM32H7/HAL_Lib/STM32H7xx_HAL_Driver/Src/stm32h7xx_hal_spi.c ****   hspi->TxISR       = NULL;
 3880              		.loc 1 2127 21
 3881 008c FB68     		ldr	r3, [r7, #12]
 3882 008e 0022     		movs	r2, #0
 3883 0090 5A67     		str	r2, [r3, #116]
2128:HW_Lib/STM32H7/HAL_Lib/STM32H7xx_HAL_Driver/Src/stm32h7xx_hal_spi.c ****   hspi->RxISR       = NULL;
 3884              		.loc 1 2128 21
 3885 0092 FB68     		ldr	r3, [r7, #12]
 3886 0094 0022     		movs	r2, #0
 3887 0096 1A67     		str	r2, [r3, #112]
2129:HW_Lib/STM32H7/HAL_Lib/STM32H7xx_HAL_Driver/Src/stm32h7xx_hal_spi.c ****   hspi->RxXferSize  = (uint16_t)0UL;
 3888              		.loc 1 2129 21
 3889 0098 FB68     		ldr	r3, [r7, #12]
 3890 009a 0022     		movs	r2, #0
 3891 009c A3F86820 		strh	r2, [r3, #104]	@ movhi
2130:HW_Lib/STM32H7/HAL_Lib/STM32H7xx_HAL_Driver/Src/stm32h7xx_hal_spi.c ****   hspi->RxXferCount = (uint16_t)0UL;
 3892              		.loc 1 2130 21
 3893 00a0 FB68     		ldr	r3, [r7, #12]
 3894 00a2 0022     		movs	r2, #0
 3895 00a4 A3F86A20 		strh	r2, [r3, #106]	@ movhi
2131:HW_Lib/STM32H7/HAL_Lib/STM32H7xx_HAL_Driver/Src/stm32h7xx_hal_spi.c **** 
2132:HW_Lib/STM32H7/HAL_Lib/STM32H7xx_HAL_Driver/Src/stm32h7xx_hal_spi.c ****   /* Configure communication direction : 1Line */
2133:HW_Lib/STM32H7/HAL_Lib/STM32H7xx_HAL_Driver/Src/stm32h7xx_hal_spi.c ****   if (hspi->Init.Direction == SPI_DIRECTION_1LINE)
 3896              		.loc 1 2133 17
 3897 00a8 FB68     		ldr	r3, [r7, #12]
 3898 00aa 9B68     		ldr	r3, [r3, #8]
 3899              		.loc 1 2133 6
 3900 00ac B3F5C02F 		cmp	r3, #393216
 3901 00b0 07D1     		bne	.L188
2134:HW_Lib/STM32H7/HAL_Lib/STM32H7xx_HAL_Driver/Src/stm32h7xx_hal_spi.c ****   {
2135:HW_Lib/STM32H7/HAL_Lib/STM32H7xx_HAL_Driver/Src/stm32h7xx_hal_spi.c ****     SPI_1LINE_TX(hspi);
ARM GAS  C:\Users\HUAV\AppData\Local\Temp\ccYQlmuE.s 			page 107


 3902              		.loc 1 2135 5
 3903 00b2 FB68     		ldr	r3, [r7, #12]
 3904 00b4 1B68     		ldr	r3, [r3]
 3905 00b6 1A68     		ldr	r2, [r3]
 3906 00b8 FB68     		ldr	r3, [r7, #12]
 3907 00ba 1B68     		ldr	r3, [r3]
 3908 00bc 42F40062 		orr	r2, r2, #2048
 3909 00c0 1A60     		str	r2, [r3]
 3910              	.L188:
2136:HW_Lib/STM32H7/HAL_Lib/STM32H7xx_HAL_Driver/Src/stm32h7xx_hal_spi.c ****   }
2137:HW_Lib/STM32H7/HAL_Lib/STM32H7xx_HAL_Driver/Src/stm32h7xx_hal_spi.c **** 
2138:HW_Lib/STM32H7/HAL_Lib/STM32H7xx_HAL_Driver/Src/stm32h7xx_hal_spi.c ****   /* Packing mode management is enabled by the DMA settings */
2139:HW_Lib/STM32H7/HAL_Lib/STM32H7xx_HAL_Driver/Src/stm32h7xx_hal_spi.c ****   if (((hspi->Init.DataSize > SPI_DATASIZE_16BIT) && (hspi->hdmatx->Init.MemDataAlignment != DMA_MD
 3911              		.loc 1 2139 19
 3912 00c2 FB68     		ldr	r3, [r7, #12]
 3913 00c4 DB68     		ldr	r3, [r3, #12]
 3914              		.loc 1 2139 6
 3915 00c6 0F2B     		cmp	r3, #15
 3916 00c8 05D9     		bls	.L189
 3917              		.loc 1 2139 59 discriminator 1
 3918 00ca FB68     		ldr	r3, [r7, #12]
 3919 00cc 9B6F     		ldr	r3, [r3, #120]
 3920              		.loc 1 2139 73 discriminator 1
 3921 00ce 9B69     		ldr	r3, [r3, #24]
 3922              		.loc 1 2139 51 discriminator 1
 3923 00d0 B3F5804F 		cmp	r3, #16384
 3924 00d4 0FD1     		bne	.L190
 3925              	.L189:
2140:HW_Lib/STM32H7/HAL_Lib/STM32H7xx_HAL_Driver/Src/stm32h7xx_hal_spi.c ****       ((hspi->Init.DataSize > SPI_DATASIZE_8BIT) && ((hspi->hdmatx->Init.MemDataAlignment != DMA_MD
 3926              		.loc 1 2140 19 discriminator 3
 3927 00d6 FB68     		ldr	r3, [r7, #12]
 3928 00d8 DB68     		ldr	r3, [r3, #12]
2139:HW_Lib/STM32H7/HAL_Lib/STM32H7xx_HAL_Driver/Src/stm32h7xx_hal_spi.c ****       ((hspi->Init.DataSize > SPI_DATASIZE_8BIT) && ((hspi->hdmatx->Init.MemDataAlignment != DMA_MD
 3929              		.loc 1 2139 119 discriminator 3
 3930 00da 072B     		cmp	r3, #7
 3931 00dc 13D9     		bls	.L191
 3932              		.loc 1 2140 59
 3933 00de FB68     		ldr	r3, [r7, #12]
 3934 00e0 9B6F     		ldr	r3, [r3, #120]
 3935              		.loc 1 2140 73
 3936 00e2 9B69     		ldr	r3, [r3, #24]
 3937              		.loc 1 2140 50
 3938 00e4 B3F5005F 		cmp	r3, #8192
 3939 00e8 0DD0     		beq	.L191
2141:HW_Lib/STM32H7/HAL_Lib/STM32H7xx_HAL_Driver/Src/stm32h7xx_hal_spi.c ****                                                      (hspi->hdmatx->Init.MemDataAlignment != DMA_MD
 3940              		.loc 1 2141 59 discriminator 1
 3941 00ea FB68     		ldr	r3, [r7, #12]
 3942 00ec 9B6F     		ldr	r3, [r3, #120]
 3943              		.loc 1 2141 73 discriminator 1
 3944 00ee 9B69     		ldr	r3, [r3, #24]
2140:HW_Lib/STM32H7/HAL_Lib/STM32H7xx_HAL_Driver/Src/stm32h7xx_hal_spi.c ****       ((hspi->Init.DataSize > SPI_DATASIZE_8BIT) && ((hspi->hdmatx->Init.MemDataAlignment != DMA_MD
 3945              		.loc 1 2140 119 discriminator 1
 3946 00f0 B3F5804F 		cmp	r3, #16384
 3947 00f4 07D0     		beq	.L191
 3948              	.L190:
2142:HW_Lib/STM32H7/HAL_Lib/STM32H7xx_HAL_Driver/Src/stm32h7xx_hal_spi.c ****   {
2143:HW_Lib/STM32H7/HAL_Lib/STM32H7xx_HAL_Driver/Src/stm32h7xx_hal_spi.c ****     /* Restriction the DMA data received is not allowed in this mode */
ARM GAS  C:\Users\HUAV\AppData\Local\Temp\ccYQlmuE.s 			page 108


2144:HW_Lib/STM32H7/HAL_Lib/STM32H7xx_HAL_Driver/Src/stm32h7xx_hal_spi.c ****     errorcode = HAL_ERROR;
 3949              		.loc 1 2144 15
 3950 00f6 0123     		movs	r3, #1
 3951 00f8 FB75     		strb	r3, [r7, #23]
2145:HW_Lib/STM32H7/HAL_Lib/STM32H7xx_HAL_Driver/Src/stm32h7xx_hal_spi.c ****     __HAL_UNLOCK(hspi);
 3952              		.loc 1 2145 5
 3953 00fa FB68     		ldr	r3, [r7, #12]
 3954 00fc 0022     		movs	r2, #0
 3955 00fe 83F88020 		strb	r2, [r3, #128]
2146:HW_Lib/STM32H7/HAL_Lib/STM32H7xx_HAL_Driver/Src/stm32h7xx_hal_spi.c ****     return errorcode;
 3956              		.loc 1 2146 12
 3957 0102 FB7D     		ldrb	r3, [r7, #23]	@ zero_extendqisi2
 3958 0104 B9E0     		b	.L184
 3959              	.L191:
2147:HW_Lib/STM32H7/HAL_Lib/STM32H7xx_HAL_Driver/Src/stm32h7xx_hal_spi.c ****   }
2148:HW_Lib/STM32H7/HAL_Lib/STM32H7xx_HAL_Driver/Src/stm32h7xx_hal_spi.c **** 
2149:HW_Lib/STM32H7/HAL_Lib/STM32H7xx_HAL_Driver/Src/stm32h7xx_hal_spi.c ****   /* Adjust XferCount according to DMA alignment / Data size */
2150:HW_Lib/STM32H7/HAL_Lib/STM32H7xx_HAL_Driver/Src/stm32h7xx_hal_spi.c ****   if (hspi->Init.DataSize <= SPI_DATASIZE_8BIT)
 3960              		.loc 1 2150 17
 3961 0106 FB68     		ldr	r3, [r7, #12]
 3962 0108 DB68     		ldr	r3, [r3, #12]
 3963              		.loc 1 2150 6
 3964 010a 072B     		cmp	r3, #7
 3965 010c 20D8     		bhi	.L192
2151:HW_Lib/STM32H7/HAL_Lib/STM32H7xx_HAL_Driver/Src/stm32h7xx_hal_spi.c ****   {
2152:HW_Lib/STM32H7/HAL_Lib/STM32H7xx_HAL_Driver/Src/stm32h7xx_hal_spi.c ****     if (hspi->hdmatx->Init.MemDataAlignment == DMA_MDATAALIGN_HALFWORD)
 3966              		.loc 1 2152 13
 3967 010e FB68     		ldr	r3, [r7, #12]
 3968 0110 9B6F     		ldr	r3, [r3, #120]
 3969              		.loc 1 2152 27
 3970 0112 9B69     		ldr	r3, [r3, #24]
 3971              		.loc 1 2152 8
 3972 0114 B3F5005F 		cmp	r3, #8192
 3973 0118 09D1     		bne	.L193
2153:HW_Lib/STM32H7/HAL_Lib/STM32H7xx_HAL_Driver/Src/stm32h7xx_hal_spi.c ****     {
2154:HW_Lib/STM32H7/HAL_Lib/STM32H7xx_HAL_Driver/Src/stm32h7xx_hal_spi.c ****       hspi->TxXferCount = (hspi->TxXferCount + (uint16_t) 1UL) >> 1UL;
 3974              		.loc 1 2154 32
 3975 011a FB68     		ldr	r3, [r7, #12]
 3976 011c B3F86230 		ldrh	r3, [r3, #98]	@ movhi
 3977 0120 9BB2     		uxth	r3, r3
 3978              		.loc 1 2154 46
 3979 0122 0133     		adds	r3, r3, #1
 3980              		.loc 1 2154 64
 3981 0124 5B10     		asrs	r3, r3, #1
 3982              		.loc 1 2154 25
 3983 0126 9AB2     		uxth	r2, r3
 3984 0128 FB68     		ldr	r3, [r7, #12]
 3985 012a A3F86220 		strh	r2, [r3, #98]	@ movhi
 3986              	.L193:
2155:HW_Lib/STM32H7/HAL_Lib/STM32H7xx_HAL_Driver/Src/stm32h7xx_hal_spi.c ****     }
2156:HW_Lib/STM32H7/HAL_Lib/STM32H7xx_HAL_Driver/Src/stm32h7xx_hal_spi.c ****     if (hspi->hdmatx->Init.MemDataAlignment == DMA_MDATAALIGN_WORD)
 3987              		.loc 1 2156 13
 3988 012e FB68     		ldr	r3, [r7, #12]
 3989 0130 9B6F     		ldr	r3, [r3, #120]
 3990              		.loc 1 2156 27
 3991 0132 9B69     		ldr	r3, [r3, #24]
 3992              		.loc 1 2156 8
ARM GAS  C:\Users\HUAV\AppData\Local\Temp\ccYQlmuE.s 			page 109


 3993 0134 B3F5804F 		cmp	r3, #16384
 3994 0138 1ED1     		bne	.L194
2157:HW_Lib/STM32H7/HAL_Lib/STM32H7xx_HAL_Driver/Src/stm32h7xx_hal_spi.c ****     {
2158:HW_Lib/STM32H7/HAL_Lib/STM32H7xx_HAL_Driver/Src/stm32h7xx_hal_spi.c ****       hspi->TxXferCount = (hspi->TxXferCount + (uint16_t) 3UL) >> 2UL;
 3995              		.loc 1 2158 32
 3996 013a FB68     		ldr	r3, [r7, #12]
 3997 013c B3F86230 		ldrh	r3, [r3, #98]	@ movhi
 3998 0140 9BB2     		uxth	r3, r3
 3999              		.loc 1 2158 46
 4000 0142 0333     		adds	r3, r3, #3
 4001              		.loc 1 2158 64
 4002 0144 9B10     		asrs	r3, r3, #2
 4003              		.loc 1 2158 25
 4004 0146 9AB2     		uxth	r2, r3
 4005 0148 FB68     		ldr	r3, [r7, #12]
 4006 014a A3F86220 		strh	r2, [r3, #98]	@ movhi
 4007 014e 13E0     		b	.L194
 4008              	.L192:
2159:HW_Lib/STM32H7/HAL_Lib/STM32H7xx_HAL_Driver/Src/stm32h7xx_hal_spi.c ****     }
2160:HW_Lib/STM32H7/HAL_Lib/STM32H7xx_HAL_Driver/Src/stm32h7xx_hal_spi.c ****   }
2161:HW_Lib/STM32H7/HAL_Lib/STM32H7xx_HAL_Driver/Src/stm32h7xx_hal_spi.c ****   else if (hspi->Init.DataSize <= SPI_DATASIZE_16BIT)
 4009              		.loc 1 2161 22
 4010 0150 FB68     		ldr	r3, [r7, #12]
 4011 0152 DB68     		ldr	r3, [r3, #12]
 4012              		.loc 1 2161 11
 4013 0154 0F2B     		cmp	r3, #15
 4014 0156 0FD8     		bhi	.L194
2162:HW_Lib/STM32H7/HAL_Lib/STM32H7xx_HAL_Driver/Src/stm32h7xx_hal_spi.c ****   {
2163:HW_Lib/STM32H7/HAL_Lib/STM32H7xx_HAL_Driver/Src/stm32h7xx_hal_spi.c ****     if (hspi->hdmatx->Init.MemDataAlignment == DMA_MDATAALIGN_WORD)
 4015              		.loc 1 2163 13
 4016 0158 FB68     		ldr	r3, [r7, #12]
 4017 015a 9B6F     		ldr	r3, [r3, #120]
 4018              		.loc 1 2163 27
 4019 015c 9B69     		ldr	r3, [r3, #24]
 4020              		.loc 1 2163 8
 4021 015e B3F5804F 		cmp	r3, #16384
 4022 0162 09D1     		bne	.L194
2164:HW_Lib/STM32H7/HAL_Lib/STM32H7xx_HAL_Driver/Src/stm32h7xx_hal_spi.c ****     {
2165:HW_Lib/STM32H7/HAL_Lib/STM32H7xx_HAL_Driver/Src/stm32h7xx_hal_spi.c ****       hspi->TxXferCount = (hspi->TxXferCount + (uint16_t) 1UL) >> 1UL;
 4023              		.loc 1 2165 32
 4024 0164 FB68     		ldr	r3, [r7, #12]
 4025 0166 B3F86230 		ldrh	r3, [r3, #98]	@ movhi
 4026 016a 9BB2     		uxth	r3, r3
 4027              		.loc 1 2165 46
 4028 016c 0133     		adds	r3, r3, #1
 4029              		.loc 1 2165 64
 4030 016e 5B10     		asrs	r3, r3, #1
 4031              		.loc 1 2165 25
 4032 0170 9AB2     		uxth	r2, r3
 4033 0172 FB68     		ldr	r3, [r7, #12]
 4034 0174 A3F86220 		strh	r2, [r3, #98]	@ movhi
 4035              	.L194:
2166:HW_Lib/STM32H7/HAL_Lib/STM32H7xx_HAL_Driver/Src/stm32h7xx_hal_spi.c ****     }
2167:HW_Lib/STM32H7/HAL_Lib/STM32H7xx_HAL_Driver/Src/stm32h7xx_hal_spi.c ****   }
2168:HW_Lib/STM32H7/HAL_Lib/STM32H7xx_HAL_Driver/Src/stm32h7xx_hal_spi.c ****   else
2169:HW_Lib/STM32H7/HAL_Lib/STM32H7xx_HAL_Driver/Src/stm32h7xx_hal_spi.c ****   {
2170:HW_Lib/STM32H7/HAL_Lib/STM32H7xx_HAL_Driver/Src/stm32h7xx_hal_spi.c ****     /* Adjustment done */
ARM GAS  C:\Users\HUAV\AppData\Local\Temp\ccYQlmuE.s 			page 110


2171:HW_Lib/STM32H7/HAL_Lib/STM32H7xx_HAL_Driver/Src/stm32h7xx_hal_spi.c ****   }
2172:HW_Lib/STM32H7/HAL_Lib/STM32H7xx_HAL_Driver/Src/stm32h7xx_hal_spi.c **** 
2173:HW_Lib/STM32H7/HAL_Lib/STM32H7xx_HAL_Driver/Src/stm32h7xx_hal_spi.c ****   /* Set the SPI TxDMA Half transfer complete callback */
2174:HW_Lib/STM32H7/HAL_Lib/STM32H7xx_HAL_Driver/Src/stm32h7xx_hal_spi.c ****   hspi->hdmatx->XferHalfCpltCallback = SPI_DMAHalfTransmitCplt;
 4036              		.loc 1 2174 7
 4037 0178 FB68     		ldr	r3, [r7, #12]
 4038 017a 9B6F     		ldr	r3, [r3, #120]
 4039              		.loc 1 2174 38
 4040 017c 414A     		ldr	r2, .L199
 4041 017e 1A64     		str	r2, [r3, #64]
2175:HW_Lib/STM32H7/HAL_Lib/STM32H7xx_HAL_Driver/Src/stm32h7xx_hal_spi.c **** 
2176:HW_Lib/STM32H7/HAL_Lib/STM32H7xx_HAL_Driver/Src/stm32h7xx_hal_spi.c ****   /* Set the SPI TxDMA transfer complete callback */
2177:HW_Lib/STM32H7/HAL_Lib/STM32H7xx_HAL_Driver/Src/stm32h7xx_hal_spi.c ****   hspi->hdmatx->XferCpltCallback = SPI_DMATransmitCplt;
 4042              		.loc 1 2177 7
 4043 0180 FB68     		ldr	r3, [r7, #12]
 4044 0182 9B6F     		ldr	r3, [r3, #120]
 4045              		.loc 1 2177 34
 4046 0184 404A     		ldr	r2, .L199+4
 4047 0186 DA63     		str	r2, [r3, #60]
2178:HW_Lib/STM32H7/HAL_Lib/STM32H7xx_HAL_Driver/Src/stm32h7xx_hal_spi.c **** 
2179:HW_Lib/STM32H7/HAL_Lib/STM32H7xx_HAL_Driver/Src/stm32h7xx_hal_spi.c ****   /* Set the DMA error callback */
2180:HW_Lib/STM32H7/HAL_Lib/STM32H7xx_HAL_Driver/Src/stm32h7xx_hal_spi.c ****   hspi->hdmatx->XferErrorCallback = SPI_DMAError;
 4048              		.loc 1 2180 7
 4049 0188 FB68     		ldr	r3, [r7, #12]
 4050 018a 9B6F     		ldr	r3, [r3, #120]
 4051              		.loc 1 2180 35
 4052 018c 3F4A     		ldr	r2, .L199+8
 4053 018e DA64     		str	r2, [r3, #76]
2181:HW_Lib/STM32H7/HAL_Lib/STM32H7xx_HAL_Driver/Src/stm32h7xx_hal_spi.c **** 
2182:HW_Lib/STM32H7/HAL_Lib/STM32H7xx_HAL_Driver/Src/stm32h7xx_hal_spi.c ****   /* Set the DMA AbortCpltCallback */
2183:HW_Lib/STM32H7/HAL_Lib/STM32H7xx_HAL_Driver/Src/stm32h7xx_hal_spi.c ****   hspi->hdmatx->XferAbortCallback = NULL;
 4054              		.loc 1 2183 7
 4055 0190 FB68     		ldr	r3, [r7, #12]
 4056 0192 9B6F     		ldr	r3, [r3, #120]
 4057              		.loc 1 2183 35
 4058 0194 0022     		movs	r2, #0
 4059 0196 1A65     		str	r2, [r3, #80]
2184:HW_Lib/STM32H7/HAL_Lib/STM32H7xx_HAL_Driver/Src/stm32h7xx_hal_spi.c **** 
2185:HW_Lib/STM32H7/HAL_Lib/STM32H7xx_HAL_Driver/Src/stm32h7xx_hal_spi.c ****   /* Clear TXDMAEN bit*/
2186:HW_Lib/STM32H7/HAL_Lib/STM32H7xx_HAL_Driver/Src/stm32h7xx_hal_spi.c ****   CLEAR_BIT(hspi->Instance->CFG1, SPI_CFG1_TXDMAEN);
 4060              		.loc 1 2186 3
 4061 0198 FB68     		ldr	r3, [r7, #12]
 4062 019a 1B68     		ldr	r3, [r3]
 4063 019c 9A68     		ldr	r2, [r3, #8]
 4064 019e FB68     		ldr	r3, [r7, #12]
 4065 01a0 1B68     		ldr	r3, [r3]
 4066 01a2 22F40042 		bic	r2, r2, #32768
 4067 01a6 9A60     		str	r2, [r3, #8]
2187:HW_Lib/STM32H7/HAL_Lib/STM32H7xx_HAL_Driver/Src/stm32h7xx_hal_spi.c **** 
2188:HW_Lib/STM32H7/HAL_Lib/STM32H7xx_HAL_Driver/Src/stm32h7xx_hal_spi.c ****   /* Enable the Tx DMA Stream/Channel */
2189:HW_Lib/STM32H7/HAL_Lib/STM32H7xx_HAL_Driver/Src/stm32h7xx_hal_spi.c ****   if (HAL_OK != HAL_DMA_Start_IT(hspi->hdmatx, (uint32_t)hspi->pTxBuffPtr, (uint32_t)&hspi->Instanc
 4068              		.loc 1 2189 17
 4069 01a8 FB68     		ldr	r3, [r7, #12]
 4070 01aa 986F     		ldr	r0, [r3, #120]
 4071              		.loc 1 2189 62
 4072 01ac FB68     		ldr	r3, [r7, #12]
 4073 01ae DB6D     		ldr	r3, [r3, #92]
ARM GAS  C:\Users\HUAV\AppData\Local\Temp\ccYQlmuE.s 			page 111


 4074              		.loc 1 2189 17
 4075 01b0 1946     		mov	r1, r3
 4076              		.loc 1 2189 91
 4077 01b2 FB68     		ldr	r3, [r7, #12]
 4078 01b4 1B68     		ldr	r3, [r3]
 4079              		.loc 1 2189 86
 4080 01b6 2033     		adds	r3, r3, #32
 4081              		.loc 1 2189 17
 4082 01b8 1A46     		mov	r2, r3
2190:HW_Lib/STM32H7/HAL_Lib/STM32H7xx_HAL_Driver/Src/stm32h7xx_hal_spi.c ****                                  hspi->TxXferCount))
 4083              		.loc 1 2190 38
 4084 01ba FB68     		ldr	r3, [r7, #12]
 4085 01bc B3F86230 		ldrh	r3, [r3, #98]	@ movhi
 4086 01c0 9BB2     		uxth	r3, r3
2189:HW_Lib/STM32H7/HAL_Lib/STM32H7xx_HAL_Driver/Src/stm32h7xx_hal_spi.c ****                                  hspi->TxXferCount))
 4087              		.loc 1 2189 17
 4088 01c2 FFF7FEFF 		bl	HAL_DMA_Start_IT
 4089 01c6 0346     		mov	r3, r0
2189:HW_Lib/STM32H7/HAL_Lib/STM32H7xx_HAL_Driver/Src/stm32h7xx_hal_spi.c ****                                  hspi->TxXferCount))
 4090              		.loc 1 2189 6
 4091 01c8 002B     		cmp	r3, #0
 4092 01ca 13D0     		beq	.L195
2191:HW_Lib/STM32H7/HAL_Lib/STM32H7xx_HAL_Driver/Src/stm32h7xx_hal_spi.c ****   {
2192:HW_Lib/STM32H7/HAL_Lib/STM32H7xx_HAL_Driver/Src/stm32h7xx_hal_spi.c ****     /* Update SPI error code */
2193:HW_Lib/STM32H7/HAL_Lib/STM32H7xx_HAL_Driver/Src/stm32h7xx_hal_spi.c ****     SET_BIT(hspi->ErrorCode, HAL_SPI_ERROR_DMA);
 4093              		.loc 1 2193 5
 4094 01cc FB68     		ldr	r3, [r7, #12]
 4095 01ce D3F88430 		ldr	r3, [r3, #132]
 4096 01d2 43F01002 		orr	r2, r3, #16
 4097 01d6 FB68     		ldr	r3, [r7, #12]
 4098 01d8 C3F88420 		str	r2, [r3, #132]
2194:HW_Lib/STM32H7/HAL_Lib/STM32H7xx_HAL_Driver/Src/stm32h7xx_hal_spi.c **** 
2195:HW_Lib/STM32H7/HAL_Lib/STM32H7xx_HAL_Driver/Src/stm32h7xx_hal_spi.c ****     /* Unlock the process */
2196:HW_Lib/STM32H7/HAL_Lib/STM32H7xx_HAL_Driver/Src/stm32h7xx_hal_spi.c ****     __HAL_UNLOCK(hspi);
 4099              		.loc 1 2196 5
 4100 01dc FB68     		ldr	r3, [r7, #12]
 4101 01de 0022     		movs	r2, #0
 4102 01e0 83F88020 		strb	r2, [r3, #128]
2197:HW_Lib/STM32H7/HAL_Lib/STM32H7xx_HAL_Driver/Src/stm32h7xx_hal_spi.c **** 
2198:HW_Lib/STM32H7/HAL_Lib/STM32H7xx_HAL_Driver/Src/stm32h7xx_hal_spi.c ****     hspi->State = HAL_SPI_STATE_READY;
 4103              		.loc 1 2198 17
 4104 01e4 FB68     		ldr	r3, [r7, #12]
 4105 01e6 0122     		movs	r2, #1
 4106 01e8 83F88120 		strb	r2, [r3, #129]
2199:HW_Lib/STM32H7/HAL_Lib/STM32H7xx_HAL_Driver/Src/stm32h7xx_hal_spi.c ****     errorcode = HAL_ERROR;
 4107              		.loc 1 2199 15
 4108 01ec 0123     		movs	r3, #1
 4109 01ee FB75     		strb	r3, [r7, #23]
2200:HW_Lib/STM32H7/HAL_Lib/STM32H7xx_HAL_Driver/Src/stm32h7xx_hal_spi.c ****     return errorcode;
 4110              		.loc 1 2200 12
 4111 01f0 FB7D     		ldrb	r3, [r7, #23]	@ zero_extendqisi2
 4112 01f2 42E0     		b	.L184
 4113              	.L195:
2201:HW_Lib/STM32H7/HAL_Lib/STM32H7xx_HAL_Driver/Src/stm32h7xx_hal_spi.c ****   }
2202:HW_Lib/STM32H7/HAL_Lib/STM32H7xx_HAL_Driver/Src/stm32h7xx_hal_spi.c **** 
2203:HW_Lib/STM32H7/HAL_Lib/STM32H7xx_HAL_Driver/Src/stm32h7xx_hal_spi.c ****   /* Set the number of data at current transfer */
2204:HW_Lib/STM32H7/HAL_Lib/STM32H7xx_HAL_Driver/Src/stm32h7xx_hal_spi.c ****   if (hspi->hdmatx->Init.Mode == DMA_CIRCULAR)
ARM GAS  C:\Users\HUAV\AppData\Local\Temp\ccYQlmuE.s 			page 112


 4114              		.loc 1 2204 11
 4115 01f4 FB68     		ldr	r3, [r7, #12]
 4116 01f6 9B6F     		ldr	r3, [r3, #120]
 4117              		.loc 1 2204 25
 4118 01f8 DB69     		ldr	r3, [r3, #28]
 4119              		.loc 1 2204 6
 4120 01fa B3F5807F 		cmp	r3, #256
 4121 01fe 08D1     		bne	.L196
2205:HW_Lib/STM32H7/HAL_Lib/STM32H7xx_HAL_Driver/Src/stm32h7xx_hal_spi.c ****   {
2206:HW_Lib/STM32H7/HAL_Lib/STM32H7xx_HAL_Driver/Src/stm32h7xx_hal_spi.c ****     MODIFY_REG(hspi->Instance->CR2, SPI_CR2_TSIZE, 0UL);
 4122              		.loc 1 2206 5
 4123 0200 FB68     		ldr	r3, [r7, #12]
 4124 0202 1B68     		ldr	r3, [r3]
 4125 0204 5968     		ldr	r1, [r3, #4]
 4126 0206 FB68     		ldr	r3, [r7, #12]
 4127 0208 1A68     		ldr	r2, [r3]
 4128 020a 214B     		ldr	r3, .L199+12
 4129 020c 0B40     		ands	r3, r3, r1
 4130 020e 5360     		str	r3, [r2, #4]
 4131 0210 09E0     		b	.L197
 4132              	.L196:
2207:HW_Lib/STM32H7/HAL_Lib/STM32H7xx_HAL_Driver/Src/stm32h7xx_hal_spi.c ****   }
2208:HW_Lib/STM32H7/HAL_Lib/STM32H7xx_HAL_Driver/Src/stm32h7xx_hal_spi.c ****   else
2209:HW_Lib/STM32H7/HAL_Lib/STM32H7xx_HAL_Driver/Src/stm32h7xx_hal_spi.c ****   {
2210:HW_Lib/STM32H7/HAL_Lib/STM32H7xx_HAL_Driver/Src/stm32h7xx_hal_spi.c ****     MODIFY_REG(hspi->Instance->CR2, SPI_CR2_TSIZE, Size);
 4133              		.loc 1 2210 5
 4134 0212 FB68     		ldr	r3, [r7, #12]
 4135 0214 1B68     		ldr	r3, [r3]
 4136 0216 5A68     		ldr	r2, [r3, #4]
 4137 0218 1D4B     		ldr	r3, .L199+12
 4138 021a 1340     		ands	r3, r3, r2
 4139 021c F988     		ldrh	r1, [r7, #6]
 4140 021e FA68     		ldr	r2, [r7, #12]
 4141 0220 1268     		ldr	r2, [r2]
 4142 0222 0B43     		orrs	r3, r3, r1
 4143 0224 5360     		str	r3, [r2, #4]
 4144              	.L197:
2211:HW_Lib/STM32H7/HAL_Lib/STM32H7xx_HAL_Driver/Src/stm32h7xx_hal_spi.c ****   }
2212:HW_Lib/STM32H7/HAL_Lib/STM32H7xx_HAL_Driver/Src/stm32h7xx_hal_spi.c **** 
2213:HW_Lib/STM32H7/HAL_Lib/STM32H7xx_HAL_Driver/Src/stm32h7xx_hal_spi.c ****   /* Enable Tx DMA Request */
2214:HW_Lib/STM32H7/HAL_Lib/STM32H7xx_HAL_Driver/Src/stm32h7xx_hal_spi.c ****   SET_BIT(hspi->Instance->CFG1, SPI_CFG1_TXDMAEN);
 4145              		.loc 1 2214 3
 4146 0226 FB68     		ldr	r3, [r7, #12]
 4147 0228 1B68     		ldr	r3, [r3]
 4148 022a 9A68     		ldr	r2, [r3, #8]
 4149 022c FB68     		ldr	r3, [r7, #12]
 4150 022e 1B68     		ldr	r3, [r3]
 4151 0230 42F40042 		orr	r2, r2, #32768
 4152 0234 9A60     		str	r2, [r3, #8]
2215:HW_Lib/STM32H7/HAL_Lib/STM32H7xx_HAL_Driver/Src/stm32h7xx_hal_spi.c **** 
2216:HW_Lib/STM32H7/HAL_Lib/STM32H7xx_HAL_Driver/Src/stm32h7xx_hal_spi.c ****   /* Enable the SPI Error Interrupt Bit */
2217:HW_Lib/STM32H7/HAL_Lib/STM32H7xx_HAL_Driver/Src/stm32h7xx_hal_spi.c ****   __HAL_SPI_ENABLE_IT(hspi, (SPI_IT_UDR | SPI_IT_FRE | SPI_IT_MODF));
 4153              		.loc 1 2217 3
 4154 0236 FB68     		ldr	r3, [r7, #12]
 4155 0238 1B68     		ldr	r3, [r3]
 4156 023a 1A69     		ldr	r2, [r3, #16]
 4157 023c FB68     		ldr	r3, [r7, #12]
ARM GAS  C:\Users\HUAV\AppData\Local\Temp\ccYQlmuE.s 			page 113


 4158 023e 1B68     		ldr	r3, [r3]
 4159 0240 42F44872 		orr	r2, r2, #800
 4160 0244 1A61     		str	r2, [r3, #16]
2218:HW_Lib/STM32H7/HAL_Lib/STM32H7xx_HAL_Driver/Src/stm32h7xx_hal_spi.c **** 
2219:HW_Lib/STM32H7/HAL_Lib/STM32H7xx_HAL_Driver/Src/stm32h7xx_hal_spi.c ****   /* Enable SPI peripheral */
2220:HW_Lib/STM32H7/HAL_Lib/STM32H7xx_HAL_Driver/Src/stm32h7xx_hal_spi.c ****   __HAL_SPI_ENABLE(hspi);
 4161              		.loc 1 2220 3
 4162 0246 FB68     		ldr	r3, [r7, #12]
 4163 0248 1B68     		ldr	r3, [r3]
 4164 024a 1A68     		ldr	r2, [r3]
 4165 024c FB68     		ldr	r3, [r7, #12]
 4166 024e 1B68     		ldr	r3, [r3]
 4167 0250 42F00102 		orr	r2, r2, #1
 4168 0254 1A60     		str	r2, [r3]
2221:HW_Lib/STM32H7/HAL_Lib/STM32H7xx_HAL_Driver/Src/stm32h7xx_hal_spi.c **** 
2222:HW_Lib/STM32H7/HAL_Lib/STM32H7xx_HAL_Driver/Src/stm32h7xx_hal_spi.c ****   if (hspi->Init.Mode == SPI_MODE_MASTER)
 4169              		.loc 1 2222 17
 4170 0256 FB68     		ldr	r3, [r7, #12]
 4171 0258 5B68     		ldr	r3, [r3, #4]
 4172              		.loc 1 2222 6
 4173 025a B3F5800F 		cmp	r3, #4194304
 4174 025e 07D1     		bne	.L198
2223:HW_Lib/STM32H7/HAL_Lib/STM32H7xx_HAL_Driver/Src/stm32h7xx_hal_spi.c ****   {
2224:HW_Lib/STM32H7/HAL_Lib/STM32H7xx_HAL_Driver/Src/stm32h7xx_hal_spi.c ****     /* Master transfer start */
2225:HW_Lib/STM32H7/HAL_Lib/STM32H7xx_HAL_Driver/Src/stm32h7xx_hal_spi.c ****     SET_BIT(hspi->Instance->CR1, SPI_CR1_CSTART);
 4175              		.loc 1 2225 5
 4176 0260 FB68     		ldr	r3, [r7, #12]
 4177 0262 1B68     		ldr	r3, [r3]
 4178 0264 1A68     		ldr	r2, [r3]
 4179 0266 FB68     		ldr	r3, [r7, #12]
 4180 0268 1B68     		ldr	r3, [r3]
 4181 026a 42F40072 		orr	r2, r2, #512
 4182 026e 1A60     		str	r2, [r3]
 4183              	.L198:
2226:HW_Lib/STM32H7/HAL_Lib/STM32H7xx_HAL_Driver/Src/stm32h7xx_hal_spi.c ****   }
2227:HW_Lib/STM32H7/HAL_Lib/STM32H7xx_HAL_Driver/Src/stm32h7xx_hal_spi.c **** 
2228:HW_Lib/STM32H7/HAL_Lib/STM32H7xx_HAL_Driver/Src/stm32h7xx_hal_spi.c ****   /* Unlock the process */
2229:HW_Lib/STM32H7/HAL_Lib/STM32H7xx_HAL_Driver/Src/stm32h7xx_hal_spi.c ****   __HAL_UNLOCK(hspi);
 4184              		.loc 1 2229 3
 4185 0270 FB68     		ldr	r3, [r7, #12]
 4186 0272 0022     		movs	r2, #0
 4187 0274 83F88020 		strb	r2, [r3, #128]
2230:HW_Lib/STM32H7/HAL_Lib/STM32H7xx_HAL_Driver/Src/stm32h7xx_hal_spi.c ****   return errorcode;
 4188              		.loc 1 2230 10
 4189 0278 FB7D     		ldrb	r3, [r7, #23]	@ zero_extendqisi2
 4190              	.L184:
2231:HW_Lib/STM32H7/HAL_Lib/STM32H7xx_HAL_Driver/Src/stm32h7xx_hal_spi.c **** }
 4191              		.loc 1 2231 1
 4192 027a 1846     		mov	r0, r3
 4193 027c 1837     		adds	r7, r7, #24
 4194              	.LCFI57:
 4195              		.cfi_def_cfa_offset 8
 4196 027e BD46     		mov	sp, r7
 4197              	.LCFI58:
 4198              		.cfi_def_cfa_register 13
 4199              		@ sp needed
 4200 0280 80BD     		pop	{r7, pc}
ARM GAS  C:\Users\HUAV\AppData\Local\Temp\ccYQlmuE.s 			page 114


 4201              	.L200:
 4202 0282 00BF     		.align	2
 4203              	.L199:
 4204 0284 00000000 		.word	SPI_DMAHalfTransmitCplt
 4205 0288 00000000 		.word	SPI_DMATransmitCplt
 4206 028c 00000000 		.word	SPI_DMAError
 4207 0290 0000FFFF 		.word	-65536
 4208              		.cfi_endproc
 4209              	.LFE343:
 4211              		.section	.text.HAL_SPI_Receive_DMA,"ax",%progbits
 4212              		.align	1
 4213              		.global	HAL_SPI_Receive_DMA
 4214              		.syntax unified
 4215              		.thumb
 4216              		.thumb_func
 4218              	HAL_SPI_Receive_DMA:
 4219              	.LFB344:
2232:HW_Lib/STM32H7/HAL_Lib/STM32H7xx_HAL_Driver/Src/stm32h7xx_hal_spi.c **** 
2233:HW_Lib/STM32H7/HAL_Lib/STM32H7xx_HAL_Driver/Src/stm32h7xx_hal_spi.c **** /**
2234:HW_Lib/STM32H7/HAL_Lib/STM32H7xx_HAL_Driver/Src/stm32h7xx_hal_spi.c ****   * @brief  Receive an amount of data in non-blocking mode with DMA.
2235:HW_Lib/STM32H7/HAL_Lib/STM32H7xx_HAL_Driver/Src/stm32h7xx_hal_spi.c ****   * @param  hspi : pointer to a SPI_HandleTypeDef structure that contains
2236:HW_Lib/STM32H7/HAL_Lib/STM32H7xx_HAL_Driver/Src/stm32h7xx_hal_spi.c ****   *                the configuration information for SPI module.
2237:HW_Lib/STM32H7/HAL_Lib/STM32H7xx_HAL_Driver/Src/stm32h7xx_hal_spi.c ****   * @param  pData: pointer to data buffer
2238:HW_Lib/STM32H7/HAL_Lib/STM32H7xx_HAL_Driver/Src/stm32h7xx_hal_spi.c ****   * @param  Size : amount of data to be sent
2239:HW_Lib/STM32H7/HAL_Lib/STM32H7xx_HAL_Driver/Src/stm32h7xx_hal_spi.c ****   * @note   When the CRC feature is enabled the pData Length must be Size + 1.
2240:HW_Lib/STM32H7/HAL_Lib/STM32H7xx_HAL_Driver/Src/stm32h7xx_hal_spi.c ****   * @retval HAL status
2241:HW_Lib/STM32H7/HAL_Lib/STM32H7xx_HAL_Driver/Src/stm32h7xx_hal_spi.c ****   */
2242:HW_Lib/STM32H7/HAL_Lib/STM32H7xx_HAL_Driver/Src/stm32h7xx_hal_spi.c **** HAL_StatusTypeDef HAL_SPI_Receive_DMA(SPI_HandleTypeDef *hspi, uint8_t *pData, uint16_t Size)
2243:HW_Lib/STM32H7/HAL_Lib/STM32H7xx_HAL_Driver/Src/stm32h7xx_hal_spi.c **** {
 4220              		.loc 1 2243 1
 4221              		.cfi_startproc
 4222              		@ args = 0, pretend = 0, frame = 24
 4223              		@ frame_needed = 1, uses_anonymous_args = 0
 4224 0000 80B5     		push	{r7, lr}
 4225              	.LCFI59:
 4226              		.cfi_def_cfa_offset 8
 4227              		.cfi_offset 7, -8
 4228              		.cfi_offset 14, -4
 4229 0002 86B0     		sub	sp, sp, #24
 4230              	.LCFI60:
 4231              		.cfi_def_cfa_offset 32
 4232 0004 00AF     		add	r7, sp, #0
 4233              	.LCFI61:
 4234              		.cfi_def_cfa_register 7
 4235 0006 F860     		str	r0, [r7, #12]
 4236 0008 B960     		str	r1, [r7, #8]
 4237 000a 1346     		mov	r3, r2
 4238 000c FB80     		strh	r3, [r7, #6]	@ movhi
2244:HW_Lib/STM32H7/HAL_Lib/STM32H7xx_HAL_Driver/Src/stm32h7xx_hal_spi.c ****   HAL_StatusTypeDef errorcode = HAL_OK;
 4239              		.loc 1 2244 21
 4240 000e 0023     		movs	r3, #0
 4241 0010 FB75     		strb	r3, [r7, #23]
2245:HW_Lib/STM32H7/HAL_Lib/STM32H7xx_HAL_Driver/Src/stm32h7xx_hal_spi.c **** 
2246:HW_Lib/STM32H7/HAL_Lib/STM32H7xx_HAL_Driver/Src/stm32h7xx_hal_spi.c ****   /* Check Direction parameter */
2247:HW_Lib/STM32H7/HAL_Lib/STM32H7xx_HAL_Driver/Src/stm32h7xx_hal_spi.c ****   assert_param(IS_SPI_DIRECTION_2LINES_OR_1LINE_2LINES_RXONLY(hspi->Init.Direction));
2248:HW_Lib/STM32H7/HAL_Lib/STM32H7xx_HAL_Driver/Src/stm32h7xx_hal_spi.c **** 
2249:HW_Lib/STM32H7/HAL_Lib/STM32H7xx_HAL_Driver/Src/stm32h7xx_hal_spi.c ****   if ((hspi->Init.Direction == SPI_DIRECTION_2LINES) && (hspi->Init.Mode == SPI_MODE_MASTER))
ARM GAS  C:\Users\HUAV\AppData\Local\Temp\ccYQlmuE.s 			page 115


 4242              		.loc 1 2249 18
 4243 0012 FB68     		ldr	r3, [r7, #12]
 4244 0014 9B68     		ldr	r3, [r3, #8]
 4245              		.loc 1 2249 6
 4246 0016 002B     		cmp	r3, #0
 4247 0018 10D1     		bne	.L202
 4248              		.loc 1 2249 68 discriminator 1
 4249 001a FB68     		ldr	r3, [r7, #12]
 4250 001c 5B68     		ldr	r3, [r3, #4]
 4251              		.loc 1 2249 54 discriminator 1
 4252 001e B3F5800F 		cmp	r3, #4194304
 4253 0022 0BD1     		bne	.L202
2250:HW_Lib/STM32H7/HAL_Lib/STM32H7xx_HAL_Driver/Src/stm32h7xx_hal_spi.c ****   {
2251:HW_Lib/STM32H7/HAL_Lib/STM32H7xx_HAL_Driver/Src/stm32h7xx_hal_spi.c ****     hspi->State = HAL_SPI_STATE_BUSY_RX;
 4254              		.loc 1 2251 17
 4255 0024 FB68     		ldr	r3, [r7, #12]
 4256 0026 0422     		movs	r2, #4
 4257 0028 83F88120 		strb	r2, [r3, #129]
2252:HW_Lib/STM32H7/HAL_Lib/STM32H7xx_HAL_Driver/Src/stm32h7xx_hal_spi.c ****     /* Call transmit-receive function to send Dummy data on Tx line and generate clock on CLK line 
2253:HW_Lib/STM32H7/HAL_Lib/STM32H7xx_HAL_Driver/Src/stm32h7xx_hal_spi.c ****     return HAL_SPI_TransmitReceive_DMA(hspi, pData, pData, Size);
 4258              		.loc 1 2253 12
 4259 002c FB88     		ldrh	r3, [r7, #6]
 4260 002e BA68     		ldr	r2, [r7, #8]
 4261 0030 B968     		ldr	r1, [r7, #8]
 4262 0032 F868     		ldr	r0, [r7, #12]
 4263 0034 FFF7FEFF 		bl	HAL_SPI_TransmitReceive_DMA
 4264 0038 0346     		mov	r3, r0
 4265 003a 30E1     		b	.L203
 4266              	.L202:
2254:HW_Lib/STM32H7/HAL_Lib/STM32H7xx_HAL_Driver/Src/stm32h7xx_hal_spi.c ****   }
2255:HW_Lib/STM32H7/HAL_Lib/STM32H7xx_HAL_Driver/Src/stm32h7xx_hal_spi.c **** 
2256:HW_Lib/STM32H7/HAL_Lib/STM32H7xx_HAL_Driver/Src/stm32h7xx_hal_spi.c ****   /* Lock the process */
2257:HW_Lib/STM32H7/HAL_Lib/STM32H7xx_HAL_Driver/Src/stm32h7xx_hal_spi.c ****   __HAL_LOCK(hspi);
 4267              		.loc 1 2257 3
 4268 003c FB68     		ldr	r3, [r7, #12]
 4269 003e 93F88030 		ldrb	r3, [r3, #128]	@ zero_extendqisi2
 4270 0042 012B     		cmp	r3, #1
 4271 0044 01D1     		bne	.L204
 4272              		.loc 1 2257 3 is_stmt 0 discriminator 1
 4273 0046 0223     		movs	r3, #2
 4274 0048 29E1     		b	.L203
 4275              	.L204:
 4276              		.loc 1 2257 3 discriminator 2
 4277 004a FB68     		ldr	r3, [r7, #12]
 4278 004c 0122     		movs	r2, #1
 4279 004e 83F88020 		strb	r2, [r3, #128]
2258:HW_Lib/STM32H7/HAL_Lib/STM32H7xx_HAL_Driver/Src/stm32h7xx_hal_spi.c **** 
2259:HW_Lib/STM32H7/HAL_Lib/STM32H7xx_HAL_Driver/Src/stm32h7xx_hal_spi.c ****   if (hspi->State != HAL_SPI_STATE_READY)
 4280              		.loc 1 2259 11 is_stmt 1 discriminator 2
 4281 0052 FB68     		ldr	r3, [r7, #12]
 4282 0054 93F88130 		ldrb	r3, [r3, #129]
 4283 0058 DBB2     		uxtb	r3, r3
 4284              		.loc 1 2259 6 discriminator 2
 4285 005a 012B     		cmp	r3, #1
 4286 005c 07D0     		beq	.L205
2260:HW_Lib/STM32H7/HAL_Lib/STM32H7xx_HAL_Driver/Src/stm32h7xx_hal_spi.c ****   {
2261:HW_Lib/STM32H7/HAL_Lib/STM32H7xx_HAL_Driver/Src/stm32h7xx_hal_spi.c ****     errorcode = HAL_BUSY;
ARM GAS  C:\Users\HUAV\AppData\Local\Temp\ccYQlmuE.s 			page 116


 4287              		.loc 1 2261 15
 4288 005e 0223     		movs	r3, #2
 4289 0060 FB75     		strb	r3, [r7, #23]
2262:HW_Lib/STM32H7/HAL_Lib/STM32H7xx_HAL_Driver/Src/stm32h7xx_hal_spi.c ****     __HAL_UNLOCK(hspi);
 4290              		.loc 1 2262 5
 4291 0062 FB68     		ldr	r3, [r7, #12]
 4292 0064 0022     		movs	r2, #0
 4293 0066 83F88020 		strb	r2, [r3, #128]
2263:HW_Lib/STM32H7/HAL_Lib/STM32H7xx_HAL_Driver/Src/stm32h7xx_hal_spi.c ****     return errorcode;
 4294              		.loc 1 2263 12
 4295 006a FB7D     		ldrb	r3, [r7, #23]	@ zero_extendqisi2
 4296 006c 17E1     		b	.L203
 4297              	.L205:
2264:HW_Lib/STM32H7/HAL_Lib/STM32H7xx_HAL_Driver/Src/stm32h7xx_hal_spi.c ****   }
2265:HW_Lib/STM32H7/HAL_Lib/STM32H7xx_HAL_Driver/Src/stm32h7xx_hal_spi.c **** 
2266:HW_Lib/STM32H7/HAL_Lib/STM32H7xx_HAL_Driver/Src/stm32h7xx_hal_spi.c ****   if ((pData == NULL) || (Size == 0UL))
 4298              		.loc 1 2266 6
 4299 006e BB68     		ldr	r3, [r7, #8]
 4300 0070 002B     		cmp	r3, #0
 4301 0072 02D0     		beq	.L206
 4302              		.loc 1 2266 23 discriminator 1
 4303 0074 FB88     		ldrh	r3, [r7, #6]
 4304 0076 002B     		cmp	r3, #0
 4305 0078 07D1     		bne	.L207
 4306              	.L206:
2267:HW_Lib/STM32H7/HAL_Lib/STM32H7xx_HAL_Driver/Src/stm32h7xx_hal_spi.c ****   {
2268:HW_Lib/STM32H7/HAL_Lib/STM32H7xx_HAL_Driver/Src/stm32h7xx_hal_spi.c ****     errorcode = HAL_ERROR;
 4307              		.loc 1 2268 15
 4308 007a 0123     		movs	r3, #1
 4309 007c FB75     		strb	r3, [r7, #23]
2269:HW_Lib/STM32H7/HAL_Lib/STM32H7xx_HAL_Driver/Src/stm32h7xx_hal_spi.c ****     __HAL_UNLOCK(hspi);
 4310              		.loc 1 2269 5
 4311 007e FB68     		ldr	r3, [r7, #12]
 4312 0080 0022     		movs	r2, #0
 4313 0082 83F88020 		strb	r2, [r3, #128]
2270:HW_Lib/STM32H7/HAL_Lib/STM32H7xx_HAL_Driver/Src/stm32h7xx_hal_spi.c ****     return errorcode;
 4314              		.loc 1 2270 12
 4315 0086 FB7D     		ldrb	r3, [r7, #23]	@ zero_extendqisi2
 4316 0088 09E1     		b	.L203
 4317              	.L207:
2271:HW_Lib/STM32H7/HAL_Lib/STM32H7xx_HAL_Driver/Src/stm32h7xx_hal_spi.c ****   }
2272:HW_Lib/STM32H7/HAL_Lib/STM32H7xx_HAL_Driver/Src/stm32h7xx_hal_spi.c **** 
2273:HW_Lib/STM32H7/HAL_Lib/STM32H7xx_HAL_Driver/Src/stm32h7xx_hal_spi.c ****   /* Set the transaction information */
2274:HW_Lib/STM32H7/HAL_Lib/STM32H7xx_HAL_Driver/Src/stm32h7xx_hal_spi.c ****   hspi->State       = HAL_SPI_STATE_BUSY_RX;
 4318              		.loc 1 2274 21
 4319 008a FB68     		ldr	r3, [r7, #12]
 4320 008c 0422     		movs	r2, #4
 4321 008e 83F88120 		strb	r2, [r3, #129]
2275:HW_Lib/STM32H7/HAL_Lib/STM32H7xx_HAL_Driver/Src/stm32h7xx_hal_spi.c ****   hspi->ErrorCode   = HAL_SPI_ERROR_NONE;
 4322              		.loc 1 2275 21
 4323 0092 FB68     		ldr	r3, [r7, #12]
 4324 0094 0022     		movs	r2, #0
 4325 0096 C3F88420 		str	r2, [r3, #132]
2276:HW_Lib/STM32H7/HAL_Lib/STM32H7xx_HAL_Driver/Src/stm32h7xx_hal_spi.c ****   hspi->pRxBuffPtr  = (uint8_t *)pData;
 4326              		.loc 1 2276 21
 4327 009a FB68     		ldr	r3, [r7, #12]
 4328 009c BA68     		ldr	r2, [r7, #8]
ARM GAS  C:\Users\HUAV\AppData\Local\Temp\ccYQlmuE.s 			page 117


 4329 009e 5A66     		str	r2, [r3, #100]
2277:HW_Lib/STM32H7/HAL_Lib/STM32H7xx_HAL_Driver/Src/stm32h7xx_hal_spi.c ****   hspi->RxXferSize  = Size;
 4330              		.loc 1 2277 21
 4331 00a0 FB68     		ldr	r3, [r7, #12]
 4332 00a2 FA88     		ldrh	r2, [r7, #6]	@ movhi
 4333 00a4 A3F86820 		strh	r2, [r3, #104]	@ movhi
2278:HW_Lib/STM32H7/HAL_Lib/STM32H7xx_HAL_Driver/Src/stm32h7xx_hal_spi.c ****   hspi->RxXferCount = Size;
 4334              		.loc 1 2278 21
 4335 00a8 FB68     		ldr	r3, [r7, #12]
 4336 00aa FA88     		ldrh	r2, [r7, #6]	@ movhi
 4337 00ac A3F86A20 		strh	r2, [r3, #106]	@ movhi
2279:HW_Lib/STM32H7/HAL_Lib/STM32H7xx_HAL_Driver/Src/stm32h7xx_hal_spi.c **** 
2280:HW_Lib/STM32H7/HAL_Lib/STM32H7xx_HAL_Driver/Src/stm32h7xx_hal_spi.c ****   /*Init field not used in handle to zero */
2281:HW_Lib/STM32H7/HAL_Lib/STM32H7xx_HAL_Driver/Src/stm32h7xx_hal_spi.c ****   hspi->RxISR       = NULL;
 4338              		.loc 1 2281 21
 4339 00b0 FB68     		ldr	r3, [r7, #12]
 4340 00b2 0022     		movs	r2, #0
 4341 00b4 1A67     		str	r2, [r3, #112]
2282:HW_Lib/STM32H7/HAL_Lib/STM32H7xx_HAL_Driver/Src/stm32h7xx_hal_spi.c ****   hspi->TxISR       = NULL;
 4342              		.loc 1 2282 21
 4343 00b6 FB68     		ldr	r3, [r7, #12]
 4344 00b8 0022     		movs	r2, #0
 4345 00ba 5A67     		str	r2, [r3, #116]
2283:HW_Lib/STM32H7/HAL_Lib/STM32H7xx_HAL_Driver/Src/stm32h7xx_hal_spi.c ****   hspi->TxXferSize  = (uint16_t) 0UL;
 4346              		.loc 1 2283 21
 4347 00bc FB68     		ldr	r3, [r7, #12]
 4348 00be 0022     		movs	r2, #0
 4349 00c0 A3F86020 		strh	r2, [r3, #96]	@ movhi
2284:HW_Lib/STM32H7/HAL_Lib/STM32H7xx_HAL_Driver/Src/stm32h7xx_hal_spi.c ****   hspi->TxXferCount = (uint16_t) 0UL;
 4350              		.loc 1 2284 21
 4351 00c4 FB68     		ldr	r3, [r7, #12]
 4352 00c6 0022     		movs	r2, #0
 4353 00c8 A3F86220 		strh	r2, [r3, #98]	@ movhi
2285:HW_Lib/STM32H7/HAL_Lib/STM32H7xx_HAL_Driver/Src/stm32h7xx_hal_spi.c **** 
2286:HW_Lib/STM32H7/HAL_Lib/STM32H7xx_HAL_Driver/Src/stm32h7xx_hal_spi.c ****   /* Configure communication direction : 1Line */
2287:HW_Lib/STM32H7/HAL_Lib/STM32H7xx_HAL_Driver/Src/stm32h7xx_hal_spi.c ****   if (hspi->Init.Direction == SPI_DIRECTION_1LINE)
 4354              		.loc 1 2287 17
 4355 00cc FB68     		ldr	r3, [r7, #12]
 4356 00ce 9B68     		ldr	r3, [r3, #8]
 4357              		.loc 1 2287 6
 4358 00d0 B3F5C02F 		cmp	r3, #393216
 4359 00d4 07D1     		bne	.L208
2288:HW_Lib/STM32H7/HAL_Lib/STM32H7xx_HAL_Driver/Src/stm32h7xx_hal_spi.c ****   {
2289:HW_Lib/STM32H7/HAL_Lib/STM32H7xx_HAL_Driver/Src/stm32h7xx_hal_spi.c ****     SPI_1LINE_RX(hspi);
 4360              		.loc 1 2289 5
 4361 00d6 FB68     		ldr	r3, [r7, #12]
 4362 00d8 1B68     		ldr	r3, [r3]
 4363 00da 1A68     		ldr	r2, [r3]
 4364 00dc FB68     		ldr	r3, [r7, #12]
 4365 00de 1B68     		ldr	r3, [r3]
 4366 00e0 22F40062 		bic	r2, r2, #2048
 4367 00e4 1A60     		str	r2, [r3]
 4368              	.L208:
2290:HW_Lib/STM32H7/HAL_Lib/STM32H7xx_HAL_Driver/Src/stm32h7xx_hal_spi.c ****   }
2291:HW_Lib/STM32H7/HAL_Lib/STM32H7xx_HAL_Driver/Src/stm32h7xx_hal_spi.c **** 
2292:HW_Lib/STM32H7/HAL_Lib/STM32H7xx_HAL_Driver/Src/stm32h7xx_hal_spi.c ****   /* Packing mode management is enabled by the DMA settings */
2293:HW_Lib/STM32H7/HAL_Lib/STM32H7xx_HAL_Driver/Src/stm32h7xx_hal_spi.c ****   if (((hspi->Init.DataSize > SPI_DATASIZE_16BIT) && (hspi->hdmarx->Init.MemDataAlignment != DMA_MD
ARM GAS  C:\Users\HUAV\AppData\Local\Temp\ccYQlmuE.s 			page 118


 4369              		.loc 1 2293 19
 4370 00e6 FB68     		ldr	r3, [r7, #12]
 4371 00e8 DB68     		ldr	r3, [r3, #12]
 4372              		.loc 1 2293 6
 4373 00ea 0F2B     		cmp	r3, #15
 4374 00ec 05D9     		bls	.L209
 4375              		.loc 1 2293 59 discriminator 1
 4376 00ee FB68     		ldr	r3, [r7, #12]
 4377 00f0 DB6F     		ldr	r3, [r3, #124]
 4378              		.loc 1 2293 73 discriminator 1
 4379 00f2 9B69     		ldr	r3, [r3, #24]
 4380              		.loc 1 2293 51 discriminator 1
 4381 00f4 B3F5804F 		cmp	r3, #16384
 4382 00f8 0FD1     		bne	.L210
 4383              	.L209:
2294:HW_Lib/STM32H7/HAL_Lib/STM32H7xx_HAL_Driver/Src/stm32h7xx_hal_spi.c ****       ((hspi->Init.DataSize > SPI_DATASIZE_8BIT) && ((hspi->hdmarx->Init.MemDataAlignment != DMA_MD
 4384              		.loc 1 2294 19 discriminator 3
 4385 00fa FB68     		ldr	r3, [r7, #12]
 4386 00fc DB68     		ldr	r3, [r3, #12]
2293:HW_Lib/STM32H7/HAL_Lib/STM32H7xx_HAL_Driver/Src/stm32h7xx_hal_spi.c ****       ((hspi->Init.DataSize > SPI_DATASIZE_8BIT) && ((hspi->hdmarx->Init.MemDataAlignment != DMA_MD
 4387              		.loc 1 2293 119 discriminator 3
 4388 00fe 072B     		cmp	r3, #7
 4389 0100 13D9     		bls	.L211
 4390              		.loc 1 2294 59
 4391 0102 FB68     		ldr	r3, [r7, #12]
 4392 0104 DB6F     		ldr	r3, [r3, #124]
 4393              		.loc 1 2294 73
 4394 0106 9B69     		ldr	r3, [r3, #24]
 4395              		.loc 1 2294 50
 4396 0108 B3F5005F 		cmp	r3, #8192
 4397 010c 0DD0     		beq	.L211
2295:HW_Lib/STM32H7/HAL_Lib/STM32H7xx_HAL_Driver/Src/stm32h7xx_hal_spi.c ****                                                      (hspi->hdmarx->Init.MemDataAlignment != DMA_MD
 4398              		.loc 1 2295 59 discriminator 1
 4399 010e FB68     		ldr	r3, [r7, #12]
 4400 0110 DB6F     		ldr	r3, [r3, #124]
 4401              		.loc 1 2295 73 discriminator 1
 4402 0112 9B69     		ldr	r3, [r3, #24]
2294:HW_Lib/STM32H7/HAL_Lib/STM32H7xx_HAL_Driver/Src/stm32h7xx_hal_spi.c ****       ((hspi->Init.DataSize > SPI_DATASIZE_8BIT) && ((hspi->hdmarx->Init.MemDataAlignment != DMA_MD
 4403              		.loc 1 2294 119 discriminator 1
 4404 0114 B3F5804F 		cmp	r3, #16384
 4405 0118 07D0     		beq	.L211
 4406              	.L210:
2296:HW_Lib/STM32H7/HAL_Lib/STM32H7xx_HAL_Driver/Src/stm32h7xx_hal_spi.c ****   {
2297:HW_Lib/STM32H7/HAL_Lib/STM32H7xx_HAL_Driver/Src/stm32h7xx_hal_spi.c ****     /* Restriction the DMA data received is not allowed in this mode */
2298:HW_Lib/STM32H7/HAL_Lib/STM32H7xx_HAL_Driver/Src/stm32h7xx_hal_spi.c ****     errorcode = HAL_ERROR;
 4407              		.loc 1 2298 15
 4408 011a 0123     		movs	r3, #1
 4409 011c FB75     		strb	r3, [r7, #23]
2299:HW_Lib/STM32H7/HAL_Lib/STM32H7xx_HAL_Driver/Src/stm32h7xx_hal_spi.c ****     __HAL_UNLOCK(hspi);
 4410              		.loc 1 2299 5
 4411 011e FB68     		ldr	r3, [r7, #12]
 4412 0120 0022     		movs	r2, #0
 4413 0122 83F88020 		strb	r2, [r3, #128]
2300:HW_Lib/STM32H7/HAL_Lib/STM32H7xx_HAL_Driver/Src/stm32h7xx_hal_spi.c ****     return errorcode;
 4414              		.loc 1 2300 12
 4415 0126 FB7D     		ldrb	r3, [r7, #23]	@ zero_extendqisi2
 4416 0128 B9E0     		b	.L203
ARM GAS  C:\Users\HUAV\AppData\Local\Temp\ccYQlmuE.s 			page 119


 4417              	.L211:
2301:HW_Lib/STM32H7/HAL_Lib/STM32H7xx_HAL_Driver/Src/stm32h7xx_hal_spi.c ****   }
2302:HW_Lib/STM32H7/HAL_Lib/STM32H7xx_HAL_Driver/Src/stm32h7xx_hal_spi.c **** 
2303:HW_Lib/STM32H7/HAL_Lib/STM32H7xx_HAL_Driver/Src/stm32h7xx_hal_spi.c ****   /* Clear RXDMAEN bit */
2304:HW_Lib/STM32H7/HAL_Lib/STM32H7xx_HAL_Driver/Src/stm32h7xx_hal_spi.c ****   CLEAR_BIT(hspi->Instance->CFG1, SPI_CFG1_RXDMAEN);
 4418              		.loc 1 2304 3
 4419 012a FB68     		ldr	r3, [r7, #12]
 4420 012c 1B68     		ldr	r3, [r3]
 4421 012e 9A68     		ldr	r2, [r3, #8]
 4422 0130 FB68     		ldr	r3, [r7, #12]
 4423 0132 1B68     		ldr	r3, [r3]
 4424 0134 22F48042 		bic	r2, r2, #16384
 4425 0138 9A60     		str	r2, [r3, #8]
2305:HW_Lib/STM32H7/HAL_Lib/STM32H7xx_HAL_Driver/Src/stm32h7xx_hal_spi.c **** 
2306:HW_Lib/STM32H7/HAL_Lib/STM32H7xx_HAL_Driver/Src/stm32h7xx_hal_spi.c ****   /* Adjust XferCount according to DMA alignment / Data size */
2307:HW_Lib/STM32H7/HAL_Lib/STM32H7xx_HAL_Driver/Src/stm32h7xx_hal_spi.c ****   if (hspi->Init.DataSize <= SPI_DATASIZE_8BIT)
 4426              		.loc 1 2307 17
 4427 013a FB68     		ldr	r3, [r7, #12]
 4428 013c DB68     		ldr	r3, [r3, #12]
 4429              		.loc 1 2307 6
 4430 013e 072B     		cmp	r3, #7
 4431 0140 20D8     		bhi	.L212
2308:HW_Lib/STM32H7/HAL_Lib/STM32H7xx_HAL_Driver/Src/stm32h7xx_hal_spi.c ****   {
2309:HW_Lib/STM32H7/HAL_Lib/STM32H7xx_HAL_Driver/Src/stm32h7xx_hal_spi.c ****     if (hspi->hdmarx->Init.MemDataAlignment == DMA_MDATAALIGN_HALFWORD)
 4432              		.loc 1 2309 13
 4433 0142 FB68     		ldr	r3, [r7, #12]
 4434 0144 DB6F     		ldr	r3, [r3, #124]
 4435              		.loc 1 2309 27
 4436 0146 9B69     		ldr	r3, [r3, #24]
 4437              		.loc 1 2309 8
 4438 0148 B3F5005F 		cmp	r3, #8192
 4439 014c 09D1     		bne	.L213
2310:HW_Lib/STM32H7/HAL_Lib/STM32H7xx_HAL_Driver/Src/stm32h7xx_hal_spi.c ****     {
2311:HW_Lib/STM32H7/HAL_Lib/STM32H7xx_HAL_Driver/Src/stm32h7xx_hal_spi.c ****       hspi->RxXferCount = (hspi->RxXferCount + (uint16_t) 1UL) >> 1UL;
 4440              		.loc 1 2311 32
 4441 014e FB68     		ldr	r3, [r7, #12]
 4442 0150 B3F86A30 		ldrh	r3, [r3, #106]	@ movhi
 4443 0154 9BB2     		uxth	r3, r3
 4444              		.loc 1 2311 46
 4445 0156 0133     		adds	r3, r3, #1
 4446              		.loc 1 2311 64
 4447 0158 5B10     		asrs	r3, r3, #1
 4448              		.loc 1 2311 25
 4449 015a 9AB2     		uxth	r2, r3
 4450 015c FB68     		ldr	r3, [r7, #12]
 4451 015e A3F86A20 		strh	r2, [r3, #106]	@ movhi
 4452              	.L213:
2312:HW_Lib/STM32H7/HAL_Lib/STM32H7xx_HAL_Driver/Src/stm32h7xx_hal_spi.c ****     }
2313:HW_Lib/STM32H7/HAL_Lib/STM32H7xx_HAL_Driver/Src/stm32h7xx_hal_spi.c ****     if (hspi->hdmarx->Init.MemDataAlignment == DMA_MDATAALIGN_WORD)
 4453              		.loc 1 2313 13
 4454 0162 FB68     		ldr	r3, [r7, #12]
 4455 0164 DB6F     		ldr	r3, [r3, #124]
 4456              		.loc 1 2313 27
 4457 0166 9B69     		ldr	r3, [r3, #24]
 4458              		.loc 1 2313 8
 4459 0168 B3F5804F 		cmp	r3, #16384
 4460 016c 1ED1     		bne	.L214
ARM GAS  C:\Users\HUAV\AppData\Local\Temp\ccYQlmuE.s 			page 120


2314:HW_Lib/STM32H7/HAL_Lib/STM32H7xx_HAL_Driver/Src/stm32h7xx_hal_spi.c ****     {
2315:HW_Lib/STM32H7/HAL_Lib/STM32H7xx_HAL_Driver/Src/stm32h7xx_hal_spi.c ****       hspi->RxXferCount = (hspi->RxXferCount + (uint16_t) 3UL) >> 2UL;
 4461              		.loc 1 2315 32
 4462 016e FB68     		ldr	r3, [r7, #12]
 4463 0170 B3F86A30 		ldrh	r3, [r3, #106]	@ movhi
 4464 0174 9BB2     		uxth	r3, r3
 4465              		.loc 1 2315 46
 4466 0176 0333     		adds	r3, r3, #3
 4467              		.loc 1 2315 64
 4468 0178 9B10     		asrs	r3, r3, #2
 4469              		.loc 1 2315 25
 4470 017a 9AB2     		uxth	r2, r3
 4471 017c FB68     		ldr	r3, [r7, #12]
 4472 017e A3F86A20 		strh	r2, [r3, #106]	@ movhi
 4473 0182 13E0     		b	.L214
 4474              	.L212:
2316:HW_Lib/STM32H7/HAL_Lib/STM32H7xx_HAL_Driver/Src/stm32h7xx_hal_spi.c ****     }
2317:HW_Lib/STM32H7/HAL_Lib/STM32H7xx_HAL_Driver/Src/stm32h7xx_hal_spi.c ****   }
2318:HW_Lib/STM32H7/HAL_Lib/STM32H7xx_HAL_Driver/Src/stm32h7xx_hal_spi.c ****   else if (hspi->Init.DataSize <= SPI_DATASIZE_16BIT)
 4475              		.loc 1 2318 22
 4476 0184 FB68     		ldr	r3, [r7, #12]
 4477 0186 DB68     		ldr	r3, [r3, #12]
 4478              		.loc 1 2318 11
 4479 0188 0F2B     		cmp	r3, #15
 4480 018a 0FD8     		bhi	.L214
2319:HW_Lib/STM32H7/HAL_Lib/STM32H7xx_HAL_Driver/Src/stm32h7xx_hal_spi.c ****   {
2320:HW_Lib/STM32H7/HAL_Lib/STM32H7xx_HAL_Driver/Src/stm32h7xx_hal_spi.c ****     if (hspi->hdmarx->Init.MemDataAlignment == DMA_MDATAALIGN_WORD)
 4481              		.loc 1 2320 13
 4482 018c FB68     		ldr	r3, [r7, #12]
 4483 018e DB6F     		ldr	r3, [r3, #124]
 4484              		.loc 1 2320 27
 4485 0190 9B69     		ldr	r3, [r3, #24]
 4486              		.loc 1 2320 8
 4487 0192 B3F5804F 		cmp	r3, #16384
 4488 0196 09D1     		bne	.L214
2321:HW_Lib/STM32H7/HAL_Lib/STM32H7xx_HAL_Driver/Src/stm32h7xx_hal_spi.c ****     {
2322:HW_Lib/STM32H7/HAL_Lib/STM32H7xx_HAL_Driver/Src/stm32h7xx_hal_spi.c ****       hspi->RxXferCount = (hspi->RxXferCount + (uint16_t) 1UL) >> 1UL;
 4489              		.loc 1 2322 32
 4490 0198 FB68     		ldr	r3, [r7, #12]
 4491 019a B3F86A30 		ldrh	r3, [r3, #106]	@ movhi
 4492 019e 9BB2     		uxth	r3, r3
 4493              		.loc 1 2322 46
 4494 01a0 0133     		adds	r3, r3, #1
 4495              		.loc 1 2322 64
 4496 01a2 5B10     		asrs	r3, r3, #1
 4497              		.loc 1 2322 25
 4498 01a4 9AB2     		uxth	r2, r3
 4499 01a6 FB68     		ldr	r3, [r7, #12]
 4500 01a8 A3F86A20 		strh	r2, [r3, #106]	@ movhi
 4501              	.L214:
2323:HW_Lib/STM32H7/HAL_Lib/STM32H7xx_HAL_Driver/Src/stm32h7xx_hal_spi.c ****     }
2324:HW_Lib/STM32H7/HAL_Lib/STM32H7xx_HAL_Driver/Src/stm32h7xx_hal_spi.c ****   }
2325:HW_Lib/STM32H7/HAL_Lib/STM32H7xx_HAL_Driver/Src/stm32h7xx_hal_spi.c ****   else
2326:HW_Lib/STM32H7/HAL_Lib/STM32H7xx_HAL_Driver/Src/stm32h7xx_hal_spi.c ****   {
2327:HW_Lib/STM32H7/HAL_Lib/STM32H7xx_HAL_Driver/Src/stm32h7xx_hal_spi.c ****     /* Adjustment done */
2328:HW_Lib/STM32H7/HAL_Lib/STM32H7xx_HAL_Driver/Src/stm32h7xx_hal_spi.c ****   }
2329:HW_Lib/STM32H7/HAL_Lib/STM32H7xx_HAL_Driver/Src/stm32h7xx_hal_spi.c **** 
ARM GAS  C:\Users\HUAV\AppData\Local\Temp\ccYQlmuE.s 			page 121


2330:HW_Lib/STM32H7/HAL_Lib/STM32H7xx_HAL_Driver/Src/stm32h7xx_hal_spi.c ****   /* Set the SPI RxDMA Half transfer complete callback */
2331:HW_Lib/STM32H7/HAL_Lib/STM32H7xx_HAL_Driver/Src/stm32h7xx_hal_spi.c ****   hspi->hdmarx->XferHalfCpltCallback = SPI_DMAHalfReceiveCplt;
 4502              		.loc 1 2331 7
 4503 01ac FB68     		ldr	r3, [r7, #12]
 4504 01ae DB6F     		ldr	r3, [r3, #124]
 4505              		.loc 1 2331 38
 4506 01b0 3D4A     		ldr	r2, .L219
 4507 01b2 1A64     		str	r2, [r3, #64]
2332:HW_Lib/STM32H7/HAL_Lib/STM32H7xx_HAL_Driver/Src/stm32h7xx_hal_spi.c **** 
2333:HW_Lib/STM32H7/HAL_Lib/STM32H7xx_HAL_Driver/Src/stm32h7xx_hal_spi.c ****   /* Set the SPI Rx DMA transfer complete callback */
2334:HW_Lib/STM32H7/HAL_Lib/STM32H7xx_HAL_Driver/Src/stm32h7xx_hal_spi.c ****   hspi->hdmarx->XferCpltCallback = SPI_DMAReceiveCplt;
 4508              		.loc 1 2334 7
 4509 01b4 FB68     		ldr	r3, [r7, #12]
 4510 01b6 DB6F     		ldr	r3, [r3, #124]
 4511              		.loc 1 2334 34
 4512 01b8 3C4A     		ldr	r2, .L219+4
 4513 01ba DA63     		str	r2, [r3, #60]
2335:HW_Lib/STM32H7/HAL_Lib/STM32H7xx_HAL_Driver/Src/stm32h7xx_hal_spi.c **** 
2336:HW_Lib/STM32H7/HAL_Lib/STM32H7xx_HAL_Driver/Src/stm32h7xx_hal_spi.c ****   /* Set the DMA error callback */
2337:HW_Lib/STM32H7/HAL_Lib/STM32H7xx_HAL_Driver/Src/stm32h7xx_hal_spi.c ****   hspi->hdmarx->XferErrorCallback = SPI_DMAError;
 4514              		.loc 1 2337 7
 4515 01bc FB68     		ldr	r3, [r7, #12]
 4516 01be DB6F     		ldr	r3, [r3, #124]
 4517              		.loc 1 2337 35
 4518 01c0 3B4A     		ldr	r2, .L219+8
 4519 01c2 DA64     		str	r2, [r3, #76]
2338:HW_Lib/STM32H7/HAL_Lib/STM32H7xx_HAL_Driver/Src/stm32h7xx_hal_spi.c **** 
2339:HW_Lib/STM32H7/HAL_Lib/STM32H7xx_HAL_Driver/Src/stm32h7xx_hal_spi.c ****   /* Set the DMA AbortCpltCallback */
2340:HW_Lib/STM32H7/HAL_Lib/STM32H7xx_HAL_Driver/Src/stm32h7xx_hal_spi.c ****   hspi->hdmarx->XferAbortCallback = NULL;
 4520              		.loc 1 2340 7
 4521 01c4 FB68     		ldr	r3, [r7, #12]
 4522 01c6 DB6F     		ldr	r3, [r3, #124]
 4523              		.loc 1 2340 35
 4524 01c8 0022     		movs	r2, #0
 4525 01ca 1A65     		str	r2, [r3, #80]
2341:HW_Lib/STM32H7/HAL_Lib/STM32H7xx_HAL_Driver/Src/stm32h7xx_hal_spi.c **** 
2342:HW_Lib/STM32H7/HAL_Lib/STM32H7xx_HAL_Driver/Src/stm32h7xx_hal_spi.c ****   /* Enable the Rx DMA Stream/Channel  */
2343:HW_Lib/STM32H7/HAL_Lib/STM32H7xx_HAL_Driver/Src/stm32h7xx_hal_spi.c ****   if (HAL_OK != HAL_DMA_Start_IT(hspi->hdmarx, (uint32_t)&hspi->Instance->RXDR, (uint32_t)hspi->pRx
 4526              		.loc 1 2343 17
 4527 01cc FB68     		ldr	r3, [r7, #12]
 4528 01ce D86F     		ldr	r0, [r3, #124]
 4529              		.loc 1 2343 63
 4530 01d0 FB68     		ldr	r3, [r7, #12]
 4531 01d2 1B68     		ldr	r3, [r3]
 4532              		.loc 1 2343 58
 4533 01d4 3033     		adds	r3, r3, #48
 4534              		.loc 1 2343 17
 4535 01d6 1946     		mov	r1, r3
 4536              		.loc 1 2343 95
 4537 01d8 FB68     		ldr	r3, [r7, #12]
 4538 01da 5B6E     		ldr	r3, [r3, #100]
 4539              		.loc 1 2343 17
 4540 01dc 1A46     		mov	r2, r3
2344:HW_Lib/STM32H7/HAL_Lib/STM32H7xx_HAL_Driver/Src/stm32h7xx_hal_spi.c ****                                  hspi->RxXferCount))
 4541              		.loc 1 2344 38
 4542 01de FB68     		ldr	r3, [r7, #12]
 4543 01e0 B3F86A30 		ldrh	r3, [r3, #106]	@ movhi
ARM GAS  C:\Users\HUAV\AppData\Local\Temp\ccYQlmuE.s 			page 122


 4544 01e4 9BB2     		uxth	r3, r3
2343:HW_Lib/STM32H7/HAL_Lib/STM32H7xx_HAL_Driver/Src/stm32h7xx_hal_spi.c ****                                  hspi->RxXferCount))
 4545              		.loc 1 2343 17
 4546 01e6 FFF7FEFF 		bl	HAL_DMA_Start_IT
 4547 01ea 0346     		mov	r3, r0
2343:HW_Lib/STM32H7/HAL_Lib/STM32H7xx_HAL_Driver/Src/stm32h7xx_hal_spi.c ****                                  hspi->RxXferCount))
 4548              		.loc 1 2343 6
 4549 01ec 002B     		cmp	r3, #0
 4550 01ee 13D0     		beq	.L215
2345:HW_Lib/STM32H7/HAL_Lib/STM32H7xx_HAL_Driver/Src/stm32h7xx_hal_spi.c ****   {
2346:HW_Lib/STM32H7/HAL_Lib/STM32H7xx_HAL_Driver/Src/stm32h7xx_hal_spi.c ****     /* Update SPI error code */
2347:HW_Lib/STM32H7/HAL_Lib/STM32H7xx_HAL_Driver/Src/stm32h7xx_hal_spi.c ****     SET_BIT(hspi->ErrorCode, HAL_SPI_ERROR_DMA);
 4551              		.loc 1 2347 5
 4552 01f0 FB68     		ldr	r3, [r7, #12]
 4553 01f2 D3F88430 		ldr	r3, [r3, #132]
 4554 01f6 43F01002 		orr	r2, r3, #16
 4555 01fa FB68     		ldr	r3, [r7, #12]
 4556 01fc C3F88420 		str	r2, [r3, #132]
2348:HW_Lib/STM32H7/HAL_Lib/STM32H7xx_HAL_Driver/Src/stm32h7xx_hal_spi.c **** 
2349:HW_Lib/STM32H7/HAL_Lib/STM32H7xx_HAL_Driver/Src/stm32h7xx_hal_spi.c ****     /* Unlock the process */
2350:HW_Lib/STM32H7/HAL_Lib/STM32H7xx_HAL_Driver/Src/stm32h7xx_hal_spi.c ****     __HAL_UNLOCK(hspi);
 4557              		.loc 1 2350 5
 4558 0200 FB68     		ldr	r3, [r7, #12]
 4559 0202 0022     		movs	r2, #0
 4560 0204 83F88020 		strb	r2, [r3, #128]
2351:HW_Lib/STM32H7/HAL_Lib/STM32H7xx_HAL_Driver/Src/stm32h7xx_hal_spi.c **** 
2352:HW_Lib/STM32H7/HAL_Lib/STM32H7xx_HAL_Driver/Src/stm32h7xx_hal_spi.c ****     hspi->State = HAL_SPI_STATE_READY;
 4561              		.loc 1 2352 17
 4562 0208 FB68     		ldr	r3, [r7, #12]
 4563 020a 0122     		movs	r2, #1
 4564 020c 83F88120 		strb	r2, [r3, #129]
2353:HW_Lib/STM32H7/HAL_Lib/STM32H7xx_HAL_Driver/Src/stm32h7xx_hal_spi.c ****     errorcode = HAL_ERROR;
 4565              		.loc 1 2353 15
 4566 0210 0123     		movs	r3, #1
 4567 0212 FB75     		strb	r3, [r7, #23]
2354:HW_Lib/STM32H7/HAL_Lib/STM32H7xx_HAL_Driver/Src/stm32h7xx_hal_spi.c ****     return errorcode;
 4568              		.loc 1 2354 12
 4569 0214 FB7D     		ldrb	r3, [r7, #23]	@ zero_extendqisi2
 4570 0216 42E0     		b	.L203
 4571              	.L215:
2355:HW_Lib/STM32H7/HAL_Lib/STM32H7xx_HAL_Driver/Src/stm32h7xx_hal_spi.c ****   }
2356:HW_Lib/STM32H7/HAL_Lib/STM32H7xx_HAL_Driver/Src/stm32h7xx_hal_spi.c **** 
2357:HW_Lib/STM32H7/HAL_Lib/STM32H7xx_HAL_Driver/Src/stm32h7xx_hal_spi.c ****   /* Set the number of data at current transfer */
2358:HW_Lib/STM32H7/HAL_Lib/STM32H7xx_HAL_Driver/Src/stm32h7xx_hal_spi.c ****   if (hspi->hdmarx->Init.Mode == DMA_CIRCULAR)
 4572              		.loc 1 2358 11
 4573 0218 FB68     		ldr	r3, [r7, #12]
 4574 021a DB6F     		ldr	r3, [r3, #124]
 4575              		.loc 1 2358 25
 4576 021c DB69     		ldr	r3, [r3, #28]
 4577              		.loc 1 2358 6
 4578 021e B3F5807F 		cmp	r3, #256
 4579 0222 08D1     		bne	.L216
2359:HW_Lib/STM32H7/HAL_Lib/STM32H7xx_HAL_Driver/Src/stm32h7xx_hal_spi.c ****   {
2360:HW_Lib/STM32H7/HAL_Lib/STM32H7xx_HAL_Driver/Src/stm32h7xx_hal_spi.c ****     MODIFY_REG(hspi->Instance->CR2, SPI_CR2_TSIZE, 0UL);
 4580              		.loc 1 2360 5
 4581 0224 FB68     		ldr	r3, [r7, #12]
 4582 0226 1B68     		ldr	r3, [r3]
ARM GAS  C:\Users\HUAV\AppData\Local\Temp\ccYQlmuE.s 			page 123


 4583 0228 5968     		ldr	r1, [r3, #4]
 4584 022a FB68     		ldr	r3, [r7, #12]
 4585 022c 1A68     		ldr	r2, [r3]
 4586 022e 214B     		ldr	r3, .L219+12
 4587 0230 0B40     		ands	r3, r3, r1
 4588 0232 5360     		str	r3, [r2, #4]
 4589 0234 09E0     		b	.L217
 4590              	.L216:
2361:HW_Lib/STM32H7/HAL_Lib/STM32H7xx_HAL_Driver/Src/stm32h7xx_hal_spi.c ****   }
2362:HW_Lib/STM32H7/HAL_Lib/STM32H7xx_HAL_Driver/Src/stm32h7xx_hal_spi.c ****   else
2363:HW_Lib/STM32H7/HAL_Lib/STM32H7xx_HAL_Driver/Src/stm32h7xx_hal_spi.c ****   {
2364:HW_Lib/STM32H7/HAL_Lib/STM32H7xx_HAL_Driver/Src/stm32h7xx_hal_spi.c ****     MODIFY_REG(hspi->Instance->CR2, SPI_CR2_TSIZE, Size);
 4591              		.loc 1 2364 5
 4592 0236 FB68     		ldr	r3, [r7, #12]
 4593 0238 1B68     		ldr	r3, [r3]
 4594 023a 5A68     		ldr	r2, [r3, #4]
 4595 023c 1D4B     		ldr	r3, .L219+12
 4596 023e 1340     		ands	r3, r3, r2
 4597 0240 F988     		ldrh	r1, [r7, #6]
 4598 0242 FA68     		ldr	r2, [r7, #12]
 4599 0244 1268     		ldr	r2, [r2]
 4600 0246 0B43     		orrs	r3, r3, r1
 4601 0248 5360     		str	r3, [r2, #4]
 4602              	.L217:
2365:HW_Lib/STM32H7/HAL_Lib/STM32H7xx_HAL_Driver/Src/stm32h7xx_hal_spi.c ****   }
2366:HW_Lib/STM32H7/HAL_Lib/STM32H7xx_HAL_Driver/Src/stm32h7xx_hal_spi.c **** 
2367:HW_Lib/STM32H7/HAL_Lib/STM32H7xx_HAL_Driver/Src/stm32h7xx_hal_spi.c ****   /* Enable Rx DMA Request */
2368:HW_Lib/STM32H7/HAL_Lib/STM32H7xx_HAL_Driver/Src/stm32h7xx_hal_spi.c ****   SET_BIT(hspi->Instance->CFG1, SPI_CFG1_RXDMAEN);
 4603              		.loc 1 2368 3
 4604 024a FB68     		ldr	r3, [r7, #12]
 4605 024c 1B68     		ldr	r3, [r3]
 4606 024e 9A68     		ldr	r2, [r3, #8]
 4607 0250 FB68     		ldr	r3, [r7, #12]
 4608 0252 1B68     		ldr	r3, [r3]
 4609 0254 42F48042 		orr	r2, r2, #16384
 4610 0258 9A60     		str	r2, [r3, #8]
2369:HW_Lib/STM32H7/HAL_Lib/STM32H7xx_HAL_Driver/Src/stm32h7xx_hal_spi.c **** 
2370:HW_Lib/STM32H7/HAL_Lib/STM32H7xx_HAL_Driver/Src/stm32h7xx_hal_spi.c ****   /* Enable the SPI Error Interrupt Bit */
2371:HW_Lib/STM32H7/HAL_Lib/STM32H7xx_HAL_Driver/Src/stm32h7xx_hal_spi.c ****   __HAL_SPI_ENABLE_IT(hspi, (SPI_IT_OVR | SPI_IT_FRE | SPI_IT_MODF));
 4611              		.loc 1 2371 3
 4612 025a FB68     		ldr	r3, [r7, #12]
 4613 025c 1B68     		ldr	r3, [r3]
 4614 025e 1A69     		ldr	r2, [r3, #16]
 4615 0260 FB68     		ldr	r3, [r7, #12]
 4616 0262 1B68     		ldr	r3, [r3]
 4617 0264 42F45072 		orr	r2, r2, #832
 4618 0268 1A61     		str	r2, [r3, #16]
2372:HW_Lib/STM32H7/HAL_Lib/STM32H7xx_HAL_Driver/Src/stm32h7xx_hal_spi.c **** 
2373:HW_Lib/STM32H7/HAL_Lib/STM32H7xx_HAL_Driver/Src/stm32h7xx_hal_spi.c ****   /* Enable SPI peripheral */
2374:HW_Lib/STM32H7/HAL_Lib/STM32H7xx_HAL_Driver/Src/stm32h7xx_hal_spi.c ****   __HAL_SPI_ENABLE(hspi);
 4619              		.loc 1 2374 3
 4620 026a FB68     		ldr	r3, [r7, #12]
 4621 026c 1B68     		ldr	r3, [r3]
 4622 026e 1A68     		ldr	r2, [r3]
 4623 0270 FB68     		ldr	r3, [r7, #12]
 4624 0272 1B68     		ldr	r3, [r3]
 4625 0274 42F00102 		orr	r2, r2, #1
ARM GAS  C:\Users\HUAV\AppData\Local\Temp\ccYQlmuE.s 			page 124


 4626 0278 1A60     		str	r2, [r3]
2375:HW_Lib/STM32H7/HAL_Lib/STM32H7xx_HAL_Driver/Src/stm32h7xx_hal_spi.c **** 
2376:HW_Lib/STM32H7/HAL_Lib/STM32H7xx_HAL_Driver/Src/stm32h7xx_hal_spi.c ****   if (hspi->Init.Mode == SPI_MODE_MASTER)
 4627              		.loc 1 2376 17
 4628 027a FB68     		ldr	r3, [r7, #12]
 4629 027c 5B68     		ldr	r3, [r3, #4]
 4630              		.loc 1 2376 6
 4631 027e B3F5800F 		cmp	r3, #4194304
 4632 0282 07D1     		bne	.L218
2377:HW_Lib/STM32H7/HAL_Lib/STM32H7xx_HAL_Driver/Src/stm32h7xx_hal_spi.c ****   {
2378:HW_Lib/STM32H7/HAL_Lib/STM32H7xx_HAL_Driver/Src/stm32h7xx_hal_spi.c ****     /* Master transfer start */
2379:HW_Lib/STM32H7/HAL_Lib/STM32H7xx_HAL_Driver/Src/stm32h7xx_hal_spi.c ****     SET_BIT(hspi->Instance->CR1, SPI_CR1_CSTART);
 4633              		.loc 1 2379 5
 4634 0284 FB68     		ldr	r3, [r7, #12]
 4635 0286 1B68     		ldr	r3, [r3]
 4636 0288 1A68     		ldr	r2, [r3]
 4637 028a FB68     		ldr	r3, [r7, #12]
 4638 028c 1B68     		ldr	r3, [r3]
 4639 028e 42F40072 		orr	r2, r2, #512
 4640 0292 1A60     		str	r2, [r3]
 4641              	.L218:
2380:HW_Lib/STM32H7/HAL_Lib/STM32H7xx_HAL_Driver/Src/stm32h7xx_hal_spi.c ****   }
2381:HW_Lib/STM32H7/HAL_Lib/STM32H7xx_HAL_Driver/Src/stm32h7xx_hal_spi.c **** 
2382:HW_Lib/STM32H7/HAL_Lib/STM32H7xx_HAL_Driver/Src/stm32h7xx_hal_spi.c ****   /* Unlock the process */
2383:HW_Lib/STM32H7/HAL_Lib/STM32H7xx_HAL_Driver/Src/stm32h7xx_hal_spi.c ****   __HAL_UNLOCK(hspi);
 4642              		.loc 1 2383 3
 4643 0294 FB68     		ldr	r3, [r7, #12]
 4644 0296 0022     		movs	r2, #0
 4645 0298 83F88020 		strb	r2, [r3, #128]
2384:HW_Lib/STM32H7/HAL_Lib/STM32H7xx_HAL_Driver/Src/stm32h7xx_hal_spi.c ****   return errorcode;
 4646              		.loc 1 2384 10
 4647 029c FB7D     		ldrb	r3, [r7, #23]	@ zero_extendqisi2
 4648              	.L203:
2385:HW_Lib/STM32H7/HAL_Lib/STM32H7xx_HAL_Driver/Src/stm32h7xx_hal_spi.c **** }
 4649              		.loc 1 2385 1
 4650 029e 1846     		mov	r0, r3
 4651 02a0 1837     		adds	r7, r7, #24
 4652              	.LCFI62:
 4653              		.cfi_def_cfa_offset 8
 4654 02a2 BD46     		mov	sp, r7
 4655              	.LCFI63:
 4656              		.cfi_def_cfa_register 13
 4657              		@ sp needed
 4658 02a4 80BD     		pop	{r7, pc}
 4659              	.L220:
 4660 02a6 00BF     		.align	2
 4661              	.L219:
 4662 02a8 00000000 		.word	SPI_DMAHalfReceiveCplt
 4663 02ac 00000000 		.word	SPI_DMAReceiveCplt
 4664 02b0 00000000 		.word	SPI_DMAError
 4665 02b4 0000FFFF 		.word	-65536
 4666              		.cfi_endproc
 4667              	.LFE344:
 4669              		.section	.text.HAL_SPI_TransmitReceive_DMA,"ax",%progbits
 4670              		.align	1
 4671              		.global	HAL_SPI_TransmitReceive_DMA
 4672              		.syntax unified
ARM GAS  C:\Users\HUAV\AppData\Local\Temp\ccYQlmuE.s 			page 125


 4673              		.thumb
 4674              		.thumb_func
 4676              	HAL_SPI_TransmitReceive_DMA:
 4677              	.LFB345:
2386:HW_Lib/STM32H7/HAL_Lib/STM32H7xx_HAL_Driver/Src/stm32h7xx_hal_spi.c **** 
2387:HW_Lib/STM32H7/HAL_Lib/STM32H7xx_HAL_Driver/Src/stm32h7xx_hal_spi.c **** /**
2388:HW_Lib/STM32H7/HAL_Lib/STM32H7xx_HAL_Driver/Src/stm32h7xx_hal_spi.c ****   * @brief  Transmit and Receive an amount of data in non-blocking mode with DMA.
2389:HW_Lib/STM32H7/HAL_Lib/STM32H7xx_HAL_Driver/Src/stm32h7xx_hal_spi.c ****   * @param  hspi   : pointer to a SPI_HandleTypeDef structure that contains
2390:HW_Lib/STM32H7/HAL_Lib/STM32H7xx_HAL_Driver/Src/stm32h7xx_hal_spi.c ****   *                  the configuration information for SPI module.
2391:HW_Lib/STM32H7/HAL_Lib/STM32H7xx_HAL_Driver/Src/stm32h7xx_hal_spi.c ****   * @param  pTxData: pointer to transmission data buffer
2392:HW_Lib/STM32H7/HAL_Lib/STM32H7xx_HAL_Driver/Src/stm32h7xx_hal_spi.c ****   * @param  pRxData: pointer to reception data buffer
2393:HW_Lib/STM32H7/HAL_Lib/STM32H7xx_HAL_Driver/Src/stm32h7xx_hal_spi.c ****   * @param  Size   : amount of data to be sent
2394:HW_Lib/STM32H7/HAL_Lib/STM32H7xx_HAL_Driver/Src/stm32h7xx_hal_spi.c ****   * @note   When the CRC feature is enabled the pRxData Length must be Size + 1
2395:HW_Lib/STM32H7/HAL_Lib/STM32H7xx_HAL_Driver/Src/stm32h7xx_hal_spi.c ****   * @retval HAL status
2396:HW_Lib/STM32H7/HAL_Lib/STM32H7xx_HAL_Driver/Src/stm32h7xx_hal_spi.c ****   */
2397:HW_Lib/STM32H7/HAL_Lib/STM32H7xx_HAL_Driver/Src/stm32h7xx_hal_spi.c **** HAL_StatusTypeDef HAL_SPI_TransmitReceive_DMA(SPI_HandleTypeDef *hspi, uint8_t *pTxData, uint8_t *p
2398:HW_Lib/STM32H7/HAL_Lib/STM32H7xx_HAL_Driver/Src/stm32h7xx_hal_spi.c ****                                               uint16_t Size)
2399:HW_Lib/STM32H7/HAL_Lib/STM32H7xx_HAL_Driver/Src/stm32h7xx_hal_spi.c **** {
 4678              		.loc 1 2399 1
 4679              		.cfi_startproc
 4680              		@ args = 0, pretend = 0, frame = 24
 4681              		@ frame_needed = 1, uses_anonymous_args = 0
 4682 0000 80B5     		push	{r7, lr}
 4683              	.LCFI64:
 4684              		.cfi_def_cfa_offset 8
 4685              		.cfi_offset 7, -8
 4686              		.cfi_offset 14, -4
 4687 0002 86B0     		sub	sp, sp, #24
 4688              	.LCFI65:
 4689              		.cfi_def_cfa_offset 32
 4690 0004 00AF     		add	r7, sp, #0
 4691              	.LCFI66:
 4692              		.cfi_def_cfa_register 7
 4693 0006 F860     		str	r0, [r7, #12]
 4694 0008 B960     		str	r1, [r7, #8]
 4695 000a 7A60     		str	r2, [r7, #4]
 4696 000c 7B80     		strh	r3, [r7, #2]	@ movhi
2400:HW_Lib/STM32H7/HAL_Lib/STM32H7xx_HAL_Driver/Src/stm32h7xx_hal_spi.c ****   HAL_SPI_StateTypeDef tmp_state;
2401:HW_Lib/STM32H7/HAL_Lib/STM32H7xx_HAL_Driver/Src/stm32h7xx_hal_spi.c ****   HAL_StatusTypeDef errorcode = HAL_OK;
 4697              		.loc 1 2401 21
 4698 000e 0023     		movs	r3, #0
 4699 0010 FB75     		strb	r3, [r7, #23]
2402:HW_Lib/STM32H7/HAL_Lib/STM32H7xx_HAL_Driver/Src/stm32h7xx_hal_spi.c **** 
2403:HW_Lib/STM32H7/HAL_Lib/STM32H7xx_HAL_Driver/Src/stm32h7xx_hal_spi.c ****   uint32_t             tmp_mode;
2404:HW_Lib/STM32H7/HAL_Lib/STM32H7xx_HAL_Driver/Src/stm32h7xx_hal_spi.c **** 
2405:HW_Lib/STM32H7/HAL_Lib/STM32H7xx_HAL_Driver/Src/stm32h7xx_hal_spi.c ****   /* Check Direction parameter */
2406:HW_Lib/STM32H7/HAL_Lib/STM32H7xx_HAL_Driver/Src/stm32h7xx_hal_spi.c ****   assert_param(IS_SPI_DIRECTION_2LINES(hspi->Init.Direction));
2407:HW_Lib/STM32H7/HAL_Lib/STM32H7xx_HAL_Driver/Src/stm32h7xx_hal_spi.c **** 
2408:HW_Lib/STM32H7/HAL_Lib/STM32H7xx_HAL_Driver/Src/stm32h7xx_hal_spi.c ****   /* Lock the process */
2409:HW_Lib/STM32H7/HAL_Lib/STM32H7xx_HAL_Driver/Src/stm32h7xx_hal_spi.c ****   __HAL_LOCK(hspi);
 4700              		.loc 1 2409 3
 4701 0012 FB68     		ldr	r3, [r7, #12]
 4702 0014 93F88030 		ldrb	r3, [r3, #128]	@ zero_extendqisi2
 4703 0018 012B     		cmp	r3, #1
 4704 001a 01D1     		bne	.L222
 4705              		.loc 1 2409 3 is_stmt 0 discriminator 1
 4706 001c 0223     		movs	r3, #2
ARM GAS  C:\Users\HUAV\AppData\Local\Temp\ccYQlmuE.s 			page 126


 4707 001e B4E1     		b	.L223
 4708              	.L222:
 4709              		.loc 1 2409 3 discriminator 2
 4710 0020 FB68     		ldr	r3, [r7, #12]
 4711 0022 0122     		movs	r2, #1
 4712 0024 83F88020 		strb	r2, [r3, #128]
2410:HW_Lib/STM32H7/HAL_Lib/STM32H7xx_HAL_Driver/Src/stm32h7xx_hal_spi.c **** 
2411:HW_Lib/STM32H7/HAL_Lib/STM32H7xx_HAL_Driver/Src/stm32h7xx_hal_spi.c ****   /* Init temporary variables */
2412:HW_Lib/STM32H7/HAL_Lib/STM32H7xx_HAL_Driver/Src/stm32h7xx_hal_spi.c ****   tmp_state   = hspi->State;
 4713              		.loc 1 2412 15 is_stmt 1 discriminator 2
 4714 0028 FB68     		ldr	r3, [r7, #12]
 4715 002a 93F88130 		ldrb	r3, [r3, #129]
 4716 002e BB75     		strb	r3, [r7, #22]
2413:HW_Lib/STM32H7/HAL_Lib/STM32H7xx_HAL_Driver/Src/stm32h7xx_hal_spi.c ****   tmp_mode    = hspi->Init.Mode;
 4717              		.loc 1 2413 15 discriminator 2
 4718 0030 FB68     		ldr	r3, [r7, #12]
 4719 0032 5B68     		ldr	r3, [r3, #4]
 4720 0034 3B61     		str	r3, [r7, #16]
2414:HW_Lib/STM32H7/HAL_Lib/STM32H7xx_HAL_Driver/Src/stm32h7xx_hal_spi.c **** 
2415:HW_Lib/STM32H7/HAL_Lib/STM32H7xx_HAL_Driver/Src/stm32h7xx_hal_spi.c ****   if (!((tmp_state == HAL_SPI_STATE_READY) || \
 4721              		.loc 1 2415 6 discriminator 2
 4722 0036 BB7D     		ldrb	r3, [r7, #22]	@ zero_extendqisi2
 4723 0038 012B     		cmp	r3, #1
 4724 003a 12D0     		beq	.L224
 4725              		.loc 1 2415 7 discriminator 1
 4726 003c 3B69     		ldr	r3, [r7, #16]
 4727 003e B3F5800F 		cmp	r3, #4194304
 4728 0042 06D1     		bne	.L225
2416:HW_Lib/STM32H7/HAL_Lib/STM32H7xx_HAL_Driver/Src/stm32h7xx_hal_spi.c ****         ((tmp_mode == SPI_MODE_MASTER) && \
2417:HW_Lib/STM32H7/HAL_Lib/STM32H7xx_HAL_Driver/Src/stm32h7xx_hal_spi.c ****          (hspi->Init.Direction == SPI_DIRECTION_2LINES) && \
 4729              		.loc 1 2417 21
 4730 0044 FB68     		ldr	r3, [r7, #12]
 4731 0046 9B68     		ldr	r3, [r3, #8]
2416:HW_Lib/STM32H7/HAL_Lib/STM32H7xx_HAL_Driver/Src/stm32h7xx_hal_spi.c ****         ((tmp_mode == SPI_MODE_MASTER) && \
 4732              		.loc 1 2416 40
 4733 0048 002B     		cmp	r3, #0
 4734 004a 02D1     		bne	.L225
 4735              		.loc 1 2417 57
 4736 004c BB7D     		ldrb	r3, [r7, #22]	@ zero_extendqisi2
 4737 004e 042B     		cmp	r3, #4
 4738 0050 07D0     		beq	.L224
 4739              	.L225:
2418:HW_Lib/STM32H7/HAL_Lib/STM32H7xx_HAL_Driver/Src/stm32h7xx_hal_spi.c ****          (tmp_state == HAL_SPI_STATE_BUSY_RX))))
2419:HW_Lib/STM32H7/HAL_Lib/STM32H7xx_HAL_Driver/Src/stm32h7xx_hal_spi.c ****   {
2420:HW_Lib/STM32H7/HAL_Lib/STM32H7xx_HAL_Driver/Src/stm32h7xx_hal_spi.c ****     errorcode = HAL_BUSY;
 4740              		.loc 1 2420 15
 4741 0052 0223     		movs	r3, #2
 4742 0054 FB75     		strb	r3, [r7, #23]
2421:HW_Lib/STM32H7/HAL_Lib/STM32H7xx_HAL_Driver/Src/stm32h7xx_hal_spi.c ****     __HAL_UNLOCK(hspi);
 4743              		.loc 1 2421 5
 4744 0056 FB68     		ldr	r3, [r7, #12]
 4745 0058 0022     		movs	r2, #0
 4746 005a 83F88020 		strb	r2, [r3, #128]
2422:HW_Lib/STM32H7/HAL_Lib/STM32H7xx_HAL_Driver/Src/stm32h7xx_hal_spi.c ****     return errorcode;
 4747              		.loc 1 2422 12
 4748 005e FB7D     		ldrb	r3, [r7, #23]	@ zero_extendqisi2
 4749 0060 93E1     		b	.L223
ARM GAS  C:\Users\HUAV\AppData\Local\Temp\ccYQlmuE.s 			page 127


 4750              	.L224:
2423:HW_Lib/STM32H7/HAL_Lib/STM32H7xx_HAL_Driver/Src/stm32h7xx_hal_spi.c ****   }
2424:HW_Lib/STM32H7/HAL_Lib/STM32H7xx_HAL_Driver/Src/stm32h7xx_hal_spi.c **** 
2425:HW_Lib/STM32H7/HAL_Lib/STM32H7xx_HAL_Driver/Src/stm32h7xx_hal_spi.c ****   if ((pTxData == NULL) || (pRxData == NULL) || (Size == 0UL))
 4751              		.loc 1 2425 6
 4752 0062 BB68     		ldr	r3, [r7, #8]
 4753 0064 002B     		cmp	r3, #0
 4754 0066 05D0     		beq	.L226
 4755              		.loc 1 2425 25 discriminator 1
 4756 0068 7B68     		ldr	r3, [r7, #4]
 4757 006a 002B     		cmp	r3, #0
 4758 006c 02D0     		beq	.L226
 4759              		.loc 1 2425 46 discriminator 2
 4760 006e 7B88     		ldrh	r3, [r7, #2]
 4761 0070 002B     		cmp	r3, #0
 4762 0072 07D1     		bne	.L227
 4763              	.L226:
2426:HW_Lib/STM32H7/HAL_Lib/STM32H7xx_HAL_Driver/Src/stm32h7xx_hal_spi.c ****   {
2427:HW_Lib/STM32H7/HAL_Lib/STM32H7xx_HAL_Driver/Src/stm32h7xx_hal_spi.c ****     errorcode = HAL_ERROR;
 4764              		.loc 1 2427 15
 4765 0074 0123     		movs	r3, #1
 4766 0076 FB75     		strb	r3, [r7, #23]
2428:HW_Lib/STM32H7/HAL_Lib/STM32H7xx_HAL_Driver/Src/stm32h7xx_hal_spi.c ****     __HAL_UNLOCK(hspi);
 4767              		.loc 1 2428 5
 4768 0078 FB68     		ldr	r3, [r7, #12]
 4769 007a 0022     		movs	r2, #0
 4770 007c 83F88020 		strb	r2, [r3, #128]
2429:HW_Lib/STM32H7/HAL_Lib/STM32H7xx_HAL_Driver/Src/stm32h7xx_hal_spi.c ****     return errorcode;
 4771              		.loc 1 2429 12
 4772 0080 FB7D     		ldrb	r3, [r7, #23]	@ zero_extendqisi2
 4773 0082 82E1     		b	.L223
 4774              	.L227:
2430:HW_Lib/STM32H7/HAL_Lib/STM32H7xx_HAL_Driver/Src/stm32h7xx_hal_spi.c ****   }
2431:HW_Lib/STM32H7/HAL_Lib/STM32H7xx_HAL_Driver/Src/stm32h7xx_hal_spi.c **** 
2432:HW_Lib/STM32H7/HAL_Lib/STM32H7xx_HAL_Driver/Src/stm32h7xx_hal_spi.c ****   /* Don't overwrite in case of HAL_SPI_STATE_BUSY_RX */
2433:HW_Lib/STM32H7/HAL_Lib/STM32H7xx_HAL_Driver/Src/stm32h7xx_hal_spi.c ****   if (hspi->State != HAL_SPI_STATE_BUSY_RX)
 4775              		.loc 1 2433 11
 4776 0084 FB68     		ldr	r3, [r7, #12]
 4777 0086 93F88130 		ldrb	r3, [r3, #129]
 4778 008a DBB2     		uxtb	r3, r3
 4779              		.loc 1 2433 6
 4780 008c 042B     		cmp	r3, #4
 4781 008e 03D0     		beq	.L228
2434:HW_Lib/STM32H7/HAL_Lib/STM32H7xx_HAL_Driver/Src/stm32h7xx_hal_spi.c ****   {
2435:HW_Lib/STM32H7/HAL_Lib/STM32H7xx_HAL_Driver/Src/stm32h7xx_hal_spi.c ****     hspi->State = HAL_SPI_STATE_BUSY_TX_RX;
 4782              		.loc 1 2435 17
 4783 0090 FB68     		ldr	r3, [r7, #12]
 4784 0092 0522     		movs	r2, #5
 4785 0094 83F88120 		strb	r2, [r3, #129]
 4786              	.L228:
2436:HW_Lib/STM32H7/HAL_Lib/STM32H7xx_HAL_Driver/Src/stm32h7xx_hal_spi.c ****   }
2437:HW_Lib/STM32H7/HAL_Lib/STM32H7xx_HAL_Driver/Src/stm32h7xx_hal_spi.c **** 
2438:HW_Lib/STM32H7/HAL_Lib/STM32H7xx_HAL_Driver/Src/stm32h7xx_hal_spi.c ****   /* Set the transaction information */
2439:HW_Lib/STM32H7/HAL_Lib/STM32H7xx_HAL_Driver/Src/stm32h7xx_hal_spi.c ****   hspi->ErrorCode   = HAL_SPI_ERROR_NONE;
 4787              		.loc 1 2439 21
 4788 0098 FB68     		ldr	r3, [r7, #12]
 4789 009a 0022     		movs	r2, #0
ARM GAS  C:\Users\HUAV\AppData\Local\Temp\ccYQlmuE.s 			page 128


 4790 009c C3F88420 		str	r2, [r3, #132]
2440:HW_Lib/STM32H7/HAL_Lib/STM32H7xx_HAL_Driver/Src/stm32h7xx_hal_spi.c ****   hspi->pTxBuffPtr  = (uint8_t *)pTxData;
 4791              		.loc 1 2440 21
 4792 00a0 FB68     		ldr	r3, [r7, #12]
 4793 00a2 BA68     		ldr	r2, [r7, #8]
 4794 00a4 DA65     		str	r2, [r3, #92]
2441:HW_Lib/STM32H7/HAL_Lib/STM32H7xx_HAL_Driver/Src/stm32h7xx_hal_spi.c ****   hspi->TxXferSize  = Size;
 4795              		.loc 1 2441 21
 4796 00a6 FB68     		ldr	r3, [r7, #12]
 4797 00a8 7A88     		ldrh	r2, [r7, #2]	@ movhi
 4798 00aa A3F86020 		strh	r2, [r3, #96]	@ movhi
2442:HW_Lib/STM32H7/HAL_Lib/STM32H7xx_HAL_Driver/Src/stm32h7xx_hal_spi.c ****   hspi->TxXferCount = Size;
 4799              		.loc 1 2442 21
 4800 00ae FB68     		ldr	r3, [r7, #12]
 4801 00b0 7A88     		ldrh	r2, [r7, #2]	@ movhi
 4802 00b2 A3F86220 		strh	r2, [r3, #98]	@ movhi
2443:HW_Lib/STM32H7/HAL_Lib/STM32H7xx_HAL_Driver/Src/stm32h7xx_hal_spi.c ****   hspi->pRxBuffPtr  = (uint8_t *)pRxData;
 4803              		.loc 1 2443 21
 4804 00b6 FB68     		ldr	r3, [r7, #12]
 4805 00b8 7A68     		ldr	r2, [r7, #4]
 4806 00ba 5A66     		str	r2, [r3, #100]
2444:HW_Lib/STM32H7/HAL_Lib/STM32H7xx_HAL_Driver/Src/stm32h7xx_hal_spi.c ****   hspi->RxXferSize  = Size;
 4807              		.loc 1 2444 21
 4808 00bc FB68     		ldr	r3, [r7, #12]
 4809 00be 7A88     		ldrh	r2, [r7, #2]	@ movhi
 4810 00c0 A3F86820 		strh	r2, [r3, #104]	@ movhi
2445:HW_Lib/STM32H7/HAL_Lib/STM32H7xx_HAL_Driver/Src/stm32h7xx_hal_spi.c ****   hspi->RxXferCount = Size;
 4811              		.loc 1 2445 21
 4812 00c4 FB68     		ldr	r3, [r7, #12]
 4813 00c6 7A88     		ldrh	r2, [r7, #2]	@ movhi
 4814 00c8 A3F86A20 		strh	r2, [r3, #106]	@ movhi
2446:HW_Lib/STM32H7/HAL_Lib/STM32H7xx_HAL_Driver/Src/stm32h7xx_hal_spi.c **** 
2447:HW_Lib/STM32H7/HAL_Lib/STM32H7xx_HAL_Driver/Src/stm32h7xx_hal_spi.c ****   /* Init field not used in handle to zero */
2448:HW_Lib/STM32H7/HAL_Lib/STM32H7xx_HAL_Driver/Src/stm32h7xx_hal_spi.c ****   hspi->RxISR       = NULL;
 4815              		.loc 1 2448 21
 4816 00cc FB68     		ldr	r3, [r7, #12]
 4817 00ce 0022     		movs	r2, #0
 4818 00d0 1A67     		str	r2, [r3, #112]
2449:HW_Lib/STM32H7/HAL_Lib/STM32H7xx_HAL_Driver/Src/stm32h7xx_hal_spi.c ****   hspi->TxISR       = NULL;
 4819              		.loc 1 2449 21
 4820 00d2 FB68     		ldr	r3, [r7, #12]
 4821 00d4 0022     		movs	r2, #0
 4822 00d6 5A67     		str	r2, [r3, #116]
2450:HW_Lib/STM32H7/HAL_Lib/STM32H7xx_HAL_Driver/Src/stm32h7xx_hal_spi.c **** 
2451:HW_Lib/STM32H7/HAL_Lib/STM32H7xx_HAL_Driver/Src/stm32h7xx_hal_spi.c ****   /* Reset the Tx/Rx DMA bits */
2452:HW_Lib/STM32H7/HAL_Lib/STM32H7xx_HAL_Driver/Src/stm32h7xx_hal_spi.c ****   CLEAR_BIT(hspi->Instance->CFG1, SPI_CFG1_TXDMAEN | SPI_CFG1_RXDMAEN);
 4823              		.loc 1 2452 3
 4824 00d8 FB68     		ldr	r3, [r7, #12]
 4825 00da 1B68     		ldr	r3, [r3]
 4826 00dc 9A68     		ldr	r2, [r3, #8]
 4827 00de FB68     		ldr	r3, [r7, #12]
 4828 00e0 1B68     		ldr	r3, [r3]
 4829 00e2 22F44042 		bic	r2, r2, #49152
 4830 00e6 9A60     		str	r2, [r3, #8]
2453:HW_Lib/STM32H7/HAL_Lib/STM32H7xx_HAL_Driver/Src/stm32h7xx_hal_spi.c **** 
2454:HW_Lib/STM32H7/HAL_Lib/STM32H7xx_HAL_Driver/Src/stm32h7xx_hal_spi.c ****   /* Packing mode management is enabled by the DMA settings */
2455:HW_Lib/STM32H7/HAL_Lib/STM32H7xx_HAL_Driver/Src/stm32h7xx_hal_spi.c ****   if (((hspi->Init.DataSize > SPI_DATASIZE_16BIT) && (hspi->hdmarx->Init.MemDataAlignment != DMA_MD
ARM GAS  C:\Users\HUAV\AppData\Local\Temp\ccYQlmuE.s 			page 129


 4831              		.loc 1 2455 19
 4832 00e8 FB68     		ldr	r3, [r7, #12]
 4833 00ea DB68     		ldr	r3, [r3, #12]
 4834              		.loc 1 2455 6
 4835 00ec 0F2B     		cmp	r3, #15
 4836 00ee 05D9     		bls	.L229
 4837              		.loc 1 2455 59 discriminator 1
 4838 00f0 FB68     		ldr	r3, [r7, #12]
 4839 00f2 DB6F     		ldr	r3, [r3, #124]
 4840              		.loc 1 2455 73 discriminator 1
 4841 00f4 9B69     		ldr	r3, [r3, #24]
 4842              		.loc 1 2455 51 discriminator 1
 4843 00f6 B3F5804F 		cmp	r3, #16384
 4844 00fa 0FD1     		bne	.L230
 4845              	.L229:
2456:HW_Lib/STM32H7/HAL_Lib/STM32H7xx_HAL_Driver/Src/stm32h7xx_hal_spi.c ****       ((hspi->Init.DataSize > SPI_DATASIZE_8BIT) && ((hspi->hdmarx->Init.MemDataAlignment != DMA_MD
 4846              		.loc 1 2456 19 discriminator 3
 4847 00fc FB68     		ldr	r3, [r7, #12]
 4848 00fe DB68     		ldr	r3, [r3, #12]
2455:HW_Lib/STM32H7/HAL_Lib/STM32H7xx_HAL_Driver/Src/stm32h7xx_hal_spi.c ****       ((hspi->Init.DataSize > SPI_DATASIZE_8BIT) && ((hspi->hdmarx->Init.MemDataAlignment != DMA_MD
 4849              		.loc 1 2455 119 discriminator 3
 4850 0100 072B     		cmp	r3, #7
 4851 0102 13D9     		bls	.L231
 4852              		.loc 1 2456 59
 4853 0104 FB68     		ldr	r3, [r7, #12]
 4854 0106 DB6F     		ldr	r3, [r3, #124]
 4855              		.loc 1 2456 73
 4856 0108 9B69     		ldr	r3, [r3, #24]
 4857              		.loc 1 2456 50
 4858 010a B3F5005F 		cmp	r3, #8192
 4859 010e 0DD0     		beq	.L231
2457:HW_Lib/STM32H7/HAL_Lib/STM32H7xx_HAL_Driver/Src/stm32h7xx_hal_spi.c ****                                                      (hspi->hdmarx->Init.MemDataAlignment != DMA_MD
 4860              		.loc 1 2457 59 discriminator 1
 4861 0110 FB68     		ldr	r3, [r7, #12]
 4862 0112 DB6F     		ldr	r3, [r3, #124]
 4863              		.loc 1 2457 73 discriminator 1
 4864 0114 9B69     		ldr	r3, [r3, #24]
2456:HW_Lib/STM32H7/HAL_Lib/STM32H7xx_HAL_Driver/Src/stm32h7xx_hal_spi.c ****       ((hspi->Init.DataSize > SPI_DATASIZE_8BIT) && ((hspi->hdmarx->Init.MemDataAlignment != DMA_MD
 4865              		.loc 1 2456 119 discriminator 1
 4866 0116 B3F5804F 		cmp	r3, #16384
 4867 011a 07D0     		beq	.L231
 4868              	.L230:
2458:HW_Lib/STM32H7/HAL_Lib/STM32H7xx_HAL_Driver/Src/stm32h7xx_hal_spi.c ****   {
2459:HW_Lib/STM32H7/HAL_Lib/STM32H7xx_HAL_Driver/Src/stm32h7xx_hal_spi.c ****     /* Restriction the DMA data received is not allowed in this mode */
2460:HW_Lib/STM32H7/HAL_Lib/STM32H7xx_HAL_Driver/Src/stm32h7xx_hal_spi.c ****     errorcode = HAL_ERROR;
 4869              		.loc 1 2460 15
 4870 011c 0123     		movs	r3, #1
 4871 011e FB75     		strb	r3, [r7, #23]
2461:HW_Lib/STM32H7/HAL_Lib/STM32H7xx_HAL_Driver/Src/stm32h7xx_hal_spi.c ****     /* Unlock the process */
2462:HW_Lib/STM32H7/HAL_Lib/STM32H7xx_HAL_Driver/Src/stm32h7xx_hal_spi.c ****     __HAL_UNLOCK(hspi);
 4872              		.loc 1 2462 5
 4873 0120 FB68     		ldr	r3, [r7, #12]
 4874 0122 0022     		movs	r2, #0
 4875 0124 83F88020 		strb	r2, [r3, #128]
2463:HW_Lib/STM32H7/HAL_Lib/STM32H7xx_HAL_Driver/Src/stm32h7xx_hal_spi.c ****     return errorcode;
 4876              		.loc 1 2463 12
 4877 0128 FB7D     		ldrb	r3, [r7, #23]	@ zero_extendqisi2
ARM GAS  C:\Users\HUAV\AppData\Local\Temp\ccYQlmuE.s 			page 130


 4878 012a 2EE1     		b	.L223
 4879              	.L231:
2464:HW_Lib/STM32H7/HAL_Lib/STM32H7xx_HAL_Driver/Src/stm32h7xx_hal_spi.c ****   }
2465:HW_Lib/STM32H7/HAL_Lib/STM32H7xx_HAL_Driver/Src/stm32h7xx_hal_spi.c **** 
2466:HW_Lib/STM32H7/HAL_Lib/STM32H7xx_HAL_Driver/Src/stm32h7xx_hal_spi.c ****   /* Adjust XferCount according to DMA alignment / Data size */
2467:HW_Lib/STM32H7/HAL_Lib/STM32H7xx_HAL_Driver/Src/stm32h7xx_hal_spi.c ****   if (hspi->Init.DataSize <= SPI_DATASIZE_8BIT)
 4880              		.loc 1 2467 17
 4881 012c FB68     		ldr	r3, [r7, #12]
 4882 012e DB68     		ldr	r3, [r3, #12]
 4883              		.loc 1 2467 6
 4884 0130 072B     		cmp	r3, #7
 4885 0132 40D8     		bhi	.L232
2468:HW_Lib/STM32H7/HAL_Lib/STM32H7xx_HAL_Driver/Src/stm32h7xx_hal_spi.c ****   {
2469:HW_Lib/STM32H7/HAL_Lib/STM32H7xx_HAL_Driver/Src/stm32h7xx_hal_spi.c ****     if (hspi->hdmatx->Init.MemDataAlignment == DMA_MDATAALIGN_HALFWORD)
 4886              		.loc 1 2469 13
 4887 0134 FB68     		ldr	r3, [r7, #12]
 4888 0136 9B6F     		ldr	r3, [r3, #120]
 4889              		.loc 1 2469 27
 4890 0138 9B69     		ldr	r3, [r3, #24]
 4891              		.loc 1 2469 8
 4892 013a B3F5005F 		cmp	r3, #8192
 4893 013e 09D1     		bne	.L233
2470:HW_Lib/STM32H7/HAL_Lib/STM32H7xx_HAL_Driver/Src/stm32h7xx_hal_spi.c ****     {
2471:HW_Lib/STM32H7/HAL_Lib/STM32H7xx_HAL_Driver/Src/stm32h7xx_hal_spi.c ****       hspi->TxXferCount = (hspi->TxXferCount + (uint16_t) 1UL) >> 1UL;
 4894              		.loc 1 2471 32
 4895 0140 FB68     		ldr	r3, [r7, #12]
 4896 0142 B3F86230 		ldrh	r3, [r3, #98]	@ movhi
 4897 0146 9BB2     		uxth	r3, r3
 4898              		.loc 1 2471 46
 4899 0148 0133     		adds	r3, r3, #1
 4900              		.loc 1 2471 64
 4901 014a 5B10     		asrs	r3, r3, #1
 4902              		.loc 1 2471 25
 4903 014c 9AB2     		uxth	r2, r3
 4904 014e FB68     		ldr	r3, [r7, #12]
 4905 0150 A3F86220 		strh	r2, [r3, #98]	@ movhi
 4906              	.L233:
2472:HW_Lib/STM32H7/HAL_Lib/STM32H7xx_HAL_Driver/Src/stm32h7xx_hal_spi.c ****     }
2473:HW_Lib/STM32H7/HAL_Lib/STM32H7xx_HAL_Driver/Src/stm32h7xx_hal_spi.c ****     if (hspi->hdmatx->Init.MemDataAlignment == DMA_MDATAALIGN_WORD)
 4907              		.loc 1 2473 13
 4908 0154 FB68     		ldr	r3, [r7, #12]
 4909 0156 9B6F     		ldr	r3, [r3, #120]
 4910              		.loc 1 2473 27
 4911 0158 9B69     		ldr	r3, [r3, #24]
 4912              		.loc 1 2473 8
 4913 015a B3F5804F 		cmp	r3, #16384
 4914 015e 09D1     		bne	.L234
2474:HW_Lib/STM32H7/HAL_Lib/STM32H7xx_HAL_Driver/Src/stm32h7xx_hal_spi.c ****     {
2475:HW_Lib/STM32H7/HAL_Lib/STM32H7xx_HAL_Driver/Src/stm32h7xx_hal_spi.c ****       hspi->TxXferCount = (hspi->TxXferCount + (uint16_t) 3UL) >> 2UL;
 4915              		.loc 1 2475 32
 4916 0160 FB68     		ldr	r3, [r7, #12]
 4917 0162 B3F86230 		ldrh	r3, [r3, #98]	@ movhi
 4918 0166 9BB2     		uxth	r3, r3
 4919              		.loc 1 2475 46
 4920 0168 0333     		adds	r3, r3, #3
 4921              		.loc 1 2475 64
 4922 016a 9B10     		asrs	r3, r3, #2
ARM GAS  C:\Users\HUAV\AppData\Local\Temp\ccYQlmuE.s 			page 131


 4923              		.loc 1 2475 25
 4924 016c 9AB2     		uxth	r2, r3
 4925 016e FB68     		ldr	r3, [r7, #12]
 4926 0170 A3F86220 		strh	r2, [r3, #98]	@ movhi
 4927              	.L234:
2476:HW_Lib/STM32H7/HAL_Lib/STM32H7xx_HAL_Driver/Src/stm32h7xx_hal_spi.c ****     }
2477:HW_Lib/STM32H7/HAL_Lib/STM32H7xx_HAL_Driver/Src/stm32h7xx_hal_spi.c ****     if (hspi->hdmarx->Init.MemDataAlignment == DMA_MDATAALIGN_HALFWORD)
 4928              		.loc 1 2477 13
 4929 0174 FB68     		ldr	r3, [r7, #12]
 4930 0176 DB6F     		ldr	r3, [r3, #124]
 4931              		.loc 1 2477 27
 4932 0178 9B69     		ldr	r3, [r3, #24]
 4933              		.loc 1 2477 8
 4934 017a B3F5005F 		cmp	r3, #8192
 4935 017e 09D1     		bne	.L235
2478:HW_Lib/STM32H7/HAL_Lib/STM32H7xx_HAL_Driver/Src/stm32h7xx_hal_spi.c ****     {
2479:HW_Lib/STM32H7/HAL_Lib/STM32H7xx_HAL_Driver/Src/stm32h7xx_hal_spi.c ****       hspi->RxXferCount = (hspi->RxXferCount + (uint16_t) 1UL) >> 1UL;
 4936              		.loc 1 2479 32
 4937 0180 FB68     		ldr	r3, [r7, #12]
 4938 0182 B3F86A30 		ldrh	r3, [r3, #106]	@ movhi
 4939 0186 9BB2     		uxth	r3, r3
 4940              		.loc 1 2479 46
 4941 0188 0133     		adds	r3, r3, #1
 4942              		.loc 1 2479 64
 4943 018a 5B10     		asrs	r3, r3, #1
 4944              		.loc 1 2479 25
 4945 018c 9AB2     		uxth	r2, r3
 4946 018e FB68     		ldr	r3, [r7, #12]
 4947 0190 A3F86A20 		strh	r2, [r3, #106]	@ movhi
 4948              	.L235:
2480:HW_Lib/STM32H7/HAL_Lib/STM32H7xx_HAL_Driver/Src/stm32h7xx_hal_spi.c ****     }
2481:HW_Lib/STM32H7/HAL_Lib/STM32H7xx_HAL_Driver/Src/stm32h7xx_hal_spi.c ****     if (hspi->hdmarx->Init.MemDataAlignment == DMA_MDATAALIGN_WORD)
 4949              		.loc 1 2481 13
 4950 0194 FB68     		ldr	r3, [r7, #12]
 4951 0196 DB6F     		ldr	r3, [r3, #124]
 4952              		.loc 1 2481 27
 4953 0198 9B69     		ldr	r3, [r3, #24]
 4954              		.loc 1 2481 8
 4955 019a B3F5804F 		cmp	r3, #16384
 4956 019e 2ED1     		bne	.L236
2482:HW_Lib/STM32H7/HAL_Lib/STM32H7xx_HAL_Driver/Src/stm32h7xx_hal_spi.c ****     {
2483:HW_Lib/STM32H7/HAL_Lib/STM32H7xx_HAL_Driver/Src/stm32h7xx_hal_spi.c ****       hspi->RxXferCount = (hspi->RxXferCount + (uint16_t) 3UL) >> 2UL;
 4957              		.loc 1 2483 32
 4958 01a0 FB68     		ldr	r3, [r7, #12]
 4959 01a2 B3F86A30 		ldrh	r3, [r3, #106]	@ movhi
 4960 01a6 9BB2     		uxth	r3, r3
 4961              		.loc 1 2483 46
 4962 01a8 0333     		adds	r3, r3, #3
 4963              		.loc 1 2483 64
 4964 01aa 9B10     		asrs	r3, r3, #2
 4965              		.loc 1 2483 25
 4966 01ac 9AB2     		uxth	r2, r3
 4967 01ae FB68     		ldr	r3, [r7, #12]
 4968 01b0 A3F86A20 		strh	r2, [r3, #106]	@ movhi
 4969 01b4 23E0     		b	.L236
 4970              	.L232:
2484:HW_Lib/STM32H7/HAL_Lib/STM32H7xx_HAL_Driver/Src/stm32h7xx_hal_spi.c ****     }
ARM GAS  C:\Users\HUAV\AppData\Local\Temp\ccYQlmuE.s 			page 132


2485:HW_Lib/STM32H7/HAL_Lib/STM32H7xx_HAL_Driver/Src/stm32h7xx_hal_spi.c ****   }
2486:HW_Lib/STM32H7/HAL_Lib/STM32H7xx_HAL_Driver/Src/stm32h7xx_hal_spi.c ****   else if (hspi->Init.DataSize <= SPI_DATASIZE_16BIT)
 4971              		.loc 1 2486 22
 4972 01b6 FB68     		ldr	r3, [r7, #12]
 4973 01b8 DB68     		ldr	r3, [r3, #12]
 4974              		.loc 1 2486 11
 4975 01ba 0F2B     		cmp	r3, #15
 4976 01bc 1FD8     		bhi	.L236
2487:HW_Lib/STM32H7/HAL_Lib/STM32H7xx_HAL_Driver/Src/stm32h7xx_hal_spi.c ****   {
2488:HW_Lib/STM32H7/HAL_Lib/STM32H7xx_HAL_Driver/Src/stm32h7xx_hal_spi.c ****     if (hspi->hdmatx->Init.MemDataAlignment == DMA_MDATAALIGN_WORD)
 4977              		.loc 1 2488 13
 4978 01be FB68     		ldr	r3, [r7, #12]
 4979 01c0 9B6F     		ldr	r3, [r3, #120]
 4980              		.loc 1 2488 27
 4981 01c2 9B69     		ldr	r3, [r3, #24]
 4982              		.loc 1 2488 8
 4983 01c4 B3F5804F 		cmp	r3, #16384
 4984 01c8 09D1     		bne	.L237
2489:HW_Lib/STM32H7/HAL_Lib/STM32H7xx_HAL_Driver/Src/stm32h7xx_hal_spi.c ****     {
2490:HW_Lib/STM32H7/HAL_Lib/STM32H7xx_HAL_Driver/Src/stm32h7xx_hal_spi.c ****       hspi->TxXferCount = (hspi->TxXferCount + (uint16_t) 1UL) >> 1UL;
 4985              		.loc 1 2490 32
 4986 01ca FB68     		ldr	r3, [r7, #12]
 4987 01cc B3F86230 		ldrh	r3, [r3, #98]	@ movhi
 4988 01d0 9BB2     		uxth	r3, r3
 4989              		.loc 1 2490 46
 4990 01d2 0133     		adds	r3, r3, #1
 4991              		.loc 1 2490 64
 4992 01d4 5B10     		asrs	r3, r3, #1
 4993              		.loc 1 2490 25
 4994 01d6 9AB2     		uxth	r2, r3
 4995 01d8 FB68     		ldr	r3, [r7, #12]
 4996 01da A3F86220 		strh	r2, [r3, #98]	@ movhi
 4997              	.L237:
2491:HW_Lib/STM32H7/HAL_Lib/STM32H7xx_HAL_Driver/Src/stm32h7xx_hal_spi.c ****     }
2492:HW_Lib/STM32H7/HAL_Lib/STM32H7xx_HAL_Driver/Src/stm32h7xx_hal_spi.c ****     if (hspi->hdmarx->Init.MemDataAlignment == DMA_MDATAALIGN_WORD)
 4998              		.loc 1 2492 13
 4999 01de FB68     		ldr	r3, [r7, #12]
 5000 01e0 DB6F     		ldr	r3, [r3, #124]
 5001              		.loc 1 2492 27
 5002 01e2 9B69     		ldr	r3, [r3, #24]
 5003              		.loc 1 2492 8
 5004 01e4 B3F5804F 		cmp	r3, #16384
 5005 01e8 09D1     		bne	.L236
2493:HW_Lib/STM32H7/HAL_Lib/STM32H7xx_HAL_Driver/Src/stm32h7xx_hal_spi.c ****     {
2494:HW_Lib/STM32H7/HAL_Lib/STM32H7xx_HAL_Driver/Src/stm32h7xx_hal_spi.c ****       hspi->RxXferCount = (hspi->RxXferCount + (uint16_t) 1UL) >> 1UL;
 5006              		.loc 1 2494 32
 5007 01ea FB68     		ldr	r3, [r7, #12]
 5008 01ec B3F86A30 		ldrh	r3, [r3, #106]	@ movhi
 5009 01f0 9BB2     		uxth	r3, r3
 5010              		.loc 1 2494 46
 5011 01f2 0133     		adds	r3, r3, #1
 5012              		.loc 1 2494 64
 5013 01f4 5B10     		asrs	r3, r3, #1
 5014              		.loc 1 2494 25
 5015 01f6 9AB2     		uxth	r2, r3
 5016 01f8 FB68     		ldr	r3, [r7, #12]
 5017 01fa A3F86A20 		strh	r2, [r3, #106]	@ movhi
ARM GAS  C:\Users\HUAV\AppData\Local\Temp\ccYQlmuE.s 			page 133


 5018              	.L236:
2495:HW_Lib/STM32H7/HAL_Lib/STM32H7xx_HAL_Driver/Src/stm32h7xx_hal_spi.c ****     }
2496:HW_Lib/STM32H7/HAL_Lib/STM32H7xx_HAL_Driver/Src/stm32h7xx_hal_spi.c ****   }
2497:HW_Lib/STM32H7/HAL_Lib/STM32H7xx_HAL_Driver/Src/stm32h7xx_hal_spi.c ****   else
2498:HW_Lib/STM32H7/HAL_Lib/STM32H7xx_HAL_Driver/Src/stm32h7xx_hal_spi.c ****   {
2499:HW_Lib/STM32H7/HAL_Lib/STM32H7xx_HAL_Driver/Src/stm32h7xx_hal_spi.c ****     /* Adjustment done */
2500:HW_Lib/STM32H7/HAL_Lib/STM32H7xx_HAL_Driver/Src/stm32h7xx_hal_spi.c ****   }
2501:HW_Lib/STM32H7/HAL_Lib/STM32H7xx_HAL_Driver/Src/stm32h7xx_hal_spi.c **** 
2502:HW_Lib/STM32H7/HAL_Lib/STM32H7xx_HAL_Driver/Src/stm32h7xx_hal_spi.c ****   /* Check if we are in Rx only or in Rx/Tx Mode and configure the DMA transfer complete callback *
2503:HW_Lib/STM32H7/HAL_Lib/STM32H7xx_HAL_Driver/Src/stm32h7xx_hal_spi.c ****   if (hspi->State == HAL_SPI_STATE_BUSY_RX)
 5019              		.loc 1 2503 11
 5020 01fe FB68     		ldr	r3, [r7, #12]
 5021 0200 93F88130 		ldrb	r3, [r3, #129]
 5022 0204 DBB2     		uxtb	r3, r3
 5023              		.loc 1 2503 6
 5024 0206 042B     		cmp	r3, #4
 5025 0208 08D1     		bne	.L238
2504:HW_Lib/STM32H7/HAL_Lib/STM32H7xx_HAL_Driver/Src/stm32h7xx_hal_spi.c ****   {
2505:HW_Lib/STM32H7/HAL_Lib/STM32H7xx_HAL_Driver/Src/stm32h7xx_hal_spi.c ****     /* Set the SPI Rx DMA Half transfer complete callback */
2506:HW_Lib/STM32H7/HAL_Lib/STM32H7xx_HAL_Driver/Src/stm32h7xx_hal_spi.c ****     hspi->hdmarx->XferHalfCpltCallback = SPI_DMAHalfReceiveCplt;
 5026              		.loc 1 2506 9
 5027 020a FB68     		ldr	r3, [r7, #12]
 5028 020c DB6F     		ldr	r3, [r3, #124]
 5029              		.loc 1 2506 40
 5030 020e 614A     		ldr	r2, .L245
 5031 0210 1A64     		str	r2, [r3, #64]
2507:HW_Lib/STM32H7/HAL_Lib/STM32H7xx_HAL_Driver/Src/stm32h7xx_hal_spi.c ****     hspi->hdmarx->XferCpltCallback     = SPI_DMAReceiveCplt;
 5032              		.loc 1 2507 9
 5033 0212 FB68     		ldr	r3, [r7, #12]
 5034 0214 DB6F     		ldr	r3, [r3, #124]
 5035              		.loc 1 2507 40
 5036 0216 604A     		ldr	r2, .L245+4
 5037 0218 DA63     		str	r2, [r3, #60]
 5038 021a 07E0     		b	.L239
 5039              	.L238:
2508:HW_Lib/STM32H7/HAL_Lib/STM32H7xx_HAL_Driver/Src/stm32h7xx_hal_spi.c ****   }
2509:HW_Lib/STM32H7/HAL_Lib/STM32H7xx_HAL_Driver/Src/stm32h7xx_hal_spi.c ****   else
2510:HW_Lib/STM32H7/HAL_Lib/STM32H7xx_HAL_Driver/Src/stm32h7xx_hal_spi.c ****   {
2511:HW_Lib/STM32H7/HAL_Lib/STM32H7xx_HAL_Driver/Src/stm32h7xx_hal_spi.c ****     /* Set the SPI Tx/Rx DMA Half transfer complete callback */
2512:HW_Lib/STM32H7/HAL_Lib/STM32H7xx_HAL_Driver/Src/stm32h7xx_hal_spi.c ****     hspi->hdmarx->XferHalfCpltCallback = SPI_DMAHalfTransmitReceiveCplt;
 5040              		.loc 1 2512 9
 5041 021c FB68     		ldr	r3, [r7, #12]
 5042 021e DB6F     		ldr	r3, [r3, #124]
 5043              		.loc 1 2512 40
 5044 0220 5E4A     		ldr	r2, .L245+8
 5045 0222 1A64     		str	r2, [r3, #64]
2513:HW_Lib/STM32H7/HAL_Lib/STM32H7xx_HAL_Driver/Src/stm32h7xx_hal_spi.c ****     hspi->hdmarx->XferCpltCallback     = SPI_DMATransmitReceiveCplt;
 5046              		.loc 1 2513 9
 5047 0224 FB68     		ldr	r3, [r7, #12]
 5048 0226 DB6F     		ldr	r3, [r3, #124]
 5049              		.loc 1 2513 40
 5050 0228 5D4A     		ldr	r2, .L245+12
 5051 022a DA63     		str	r2, [r3, #60]
 5052              	.L239:
2514:HW_Lib/STM32H7/HAL_Lib/STM32H7xx_HAL_Driver/Src/stm32h7xx_hal_spi.c ****   }
2515:HW_Lib/STM32H7/HAL_Lib/STM32H7xx_HAL_Driver/Src/stm32h7xx_hal_spi.c **** 
2516:HW_Lib/STM32H7/HAL_Lib/STM32H7xx_HAL_Driver/Src/stm32h7xx_hal_spi.c ****   /* Set the DMA error callback */
ARM GAS  C:\Users\HUAV\AppData\Local\Temp\ccYQlmuE.s 			page 134


2517:HW_Lib/STM32H7/HAL_Lib/STM32H7xx_HAL_Driver/Src/stm32h7xx_hal_spi.c ****   hspi->hdmarx->XferErrorCallback = SPI_DMAError;
 5053              		.loc 1 2517 7
 5054 022c FB68     		ldr	r3, [r7, #12]
 5055 022e DB6F     		ldr	r3, [r3, #124]
 5056              		.loc 1 2517 35
 5057 0230 5C4A     		ldr	r2, .L245+16
 5058 0232 DA64     		str	r2, [r3, #76]
2518:HW_Lib/STM32H7/HAL_Lib/STM32H7xx_HAL_Driver/Src/stm32h7xx_hal_spi.c **** 
2519:HW_Lib/STM32H7/HAL_Lib/STM32H7xx_HAL_Driver/Src/stm32h7xx_hal_spi.c ****   /* Set the DMA AbortCallback */
2520:HW_Lib/STM32H7/HAL_Lib/STM32H7xx_HAL_Driver/Src/stm32h7xx_hal_spi.c ****   hspi->hdmarx->XferAbortCallback = NULL;
 5059              		.loc 1 2520 7
 5060 0234 FB68     		ldr	r3, [r7, #12]
 5061 0236 DB6F     		ldr	r3, [r3, #124]
 5062              		.loc 1 2520 35
 5063 0238 0022     		movs	r2, #0
 5064 023a 1A65     		str	r2, [r3, #80]
2521:HW_Lib/STM32H7/HAL_Lib/STM32H7xx_HAL_Driver/Src/stm32h7xx_hal_spi.c **** 
2522:HW_Lib/STM32H7/HAL_Lib/STM32H7xx_HAL_Driver/Src/stm32h7xx_hal_spi.c ****   /* Enable the Rx DMA Stream/Channel  */
2523:HW_Lib/STM32H7/HAL_Lib/STM32H7xx_HAL_Driver/Src/stm32h7xx_hal_spi.c ****   if (HAL_OK != HAL_DMA_Start_IT(hspi->hdmarx, (uint32_t)&hspi->Instance->RXDR, (uint32_t)hspi->pRx
 5065              		.loc 1 2523 17
 5066 023c FB68     		ldr	r3, [r7, #12]
 5067 023e D86F     		ldr	r0, [r3, #124]
 5068              		.loc 1 2523 63
 5069 0240 FB68     		ldr	r3, [r7, #12]
 5070 0242 1B68     		ldr	r3, [r3]
 5071              		.loc 1 2523 58
 5072 0244 3033     		adds	r3, r3, #48
 5073              		.loc 1 2523 17
 5074 0246 1946     		mov	r1, r3
 5075              		.loc 1 2523 95
 5076 0248 FB68     		ldr	r3, [r7, #12]
 5077 024a 5B6E     		ldr	r3, [r3, #100]
 5078              		.loc 1 2523 17
 5079 024c 1A46     		mov	r2, r3
2524:HW_Lib/STM32H7/HAL_Lib/STM32H7xx_HAL_Driver/Src/stm32h7xx_hal_spi.c ****                                  hspi->RxXferCount))
 5080              		.loc 1 2524 38
 5081 024e FB68     		ldr	r3, [r7, #12]
 5082 0250 B3F86A30 		ldrh	r3, [r3, #106]	@ movhi
 5083 0254 9BB2     		uxth	r3, r3
2523:HW_Lib/STM32H7/HAL_Lib/STM32H7xx_HAL_Driver/Src/stm32h7xx_hal_spi.c ****                                  hspi->RxXferCount))
 5084              		.loc 1 2523 17
 5085 0256 FFF7FEFF 		bl	HAL_DMA_Start_IT
 5086 025a 0346     		mov	r3, r0
2523:HW_Lib/STM32H7/HAL_Lib/STM32H7xx_HAL_Driver/Src/stm32h7xx_hal_spi.c ****                                  hspi->RxXferCount))
 5087              		.loc 1 2523 6
 5088 025c 002B     		cmp	r3, #0
 5089 025e 13D0     		beq	.L240
2525:HW_Lib/STM32H7/HAL_Lib/STM32H7xx_HAL_Driver/Src/stm32h7xx_hal_spi.c ****   {
2526:HW_Lib/STM32H7/HAL_Lib/STM32H7xx_HAL_Driver/Src/stm32h7xx_hal_spi.c ****     /* Update SPI error code */
2527:HW_Lib/STM32H7/HAL_Lib/STM32H7xx_HAL_Driver/Src/stm32h7xx_hal_spi.c ****     SET_BIT(hspi->ErrorCode, HAL_SPI_ERROR_DMA);
 5090              		.loc 1 2527 5
 5091 0260 FB68     		ldr	r3, [r7, #12]
 5092 0262 D3F88430 		ldr	r3, [r3, #132]
 5093 0266 43F01002 		orr	r2, r3, #16
 5094 026a FB68     		ldr	r3, [r7, #12]
 5095 026c C3F88420 		str	r2, [r3, #132]
2528:HW_Lib/STM32H7/HAL_Lib/STM32H7xx_HAL_Driver/Src/stm32h7xx_hal_spi.c **** 
ARM GAS  C:\Users\HUAV\AppData\Local\Temp\ccYQlmuE.s 			page 135


2529:HW_Lib/STM32H7/HAL_Lib/STM32H7xx_HAL_Driver/Src/stm32h7xx_hal_spi.c ****     /* Unlock the process */
2530:HW_Lib/STM32H7/HAL_Lib/STM32H7xx_HAL_Driver/Src/stm32h7xx_hal_spi.c ****     __HAL_UNLOCK(hspi);
 5096              		.loc 1 2530 5
 5097 0270 FB68     		ldr	r3, [r7, #12]
 5098 0272 0022     		movs	r2, #0
 5099 0274 83F88020 		strb	r2, [r3, #128]
2531:HW_Lib/STM32H7/HAL_Lib/STM32H7xx_HAL_Driver/Src/stm32h7xx_hal_spi.c **** 
2532:HW_Lib/STM32H7/HAL_Lib/STM32H7xx_HAL_Driver/Src/stm32h7xx_hal_spi.c ****     hspi->State = HAL_SPI_STATE_READY;
 5100              		.loc 1 2532 17
 5101 0278 FB68     		ldr	r3, [r7, #12]
 5102 027a 0122     		movs	r2, #1
 5103 027c 83F88120 		strb	r2, [r3, #129]
2533:HW_Lib/STM32H7/HAL_Lib/STM32H7xx_HAL_Driver/Src/stm32h7xx_hal_spi.c ****     errorcode = HAL_ERROR;
 5104              		.loc 1 2533 15
 5105 0280 0123     		movs	r3, #1
 5106 0282 FB75     		strb	r3, [r7, #23]
2534:HW_Lib/STM32H7/HAL_Lib/STM32H7xx_HAL_Driver/Src/stm32h7xx_hal_spi.c ****     return errorcode;
 5107              		.loc 1 2534 12
 5108 0284 FB7D     		ldrb	r3, [r7, #23]	@ zero_extendqisi2
 5109 0286 80E0     		b	.L223
 5110              	.L240:
2535:HW_Lib/STM32H7/HAL_Lib/STM32H7xx_HAL_Driver/Src/stm32h7xx_hal_spi.c ****   }
2536:HW_Lib/STM32H7/HAL_Lib/STM32H7xx_HAL_Driver/Src/stm32h7xx_hal_spi.c **** 
2537:HW_Lib/STM32H7/HAL_Lib/STM32H7xx_HAL_Driver/Src/stm32h7xx_hal_spi.c ****   /* Enable Rx DMA Request */
2538:HW_Lib/STM32H7/HAL_Lib/STM32H7xx_HAL_Driver/Src/stm32h7xx_hal_spi.c ****   SET_BIT(hspi->Instance->CFG1, SPI_CFG1_RXDMAEN);
 5111              		.loc 1 2538 3
 5112 0288 FB68     		ldr	r3, [r7, #12]
 5113 028a 1B68     		ldr	r3, [r3]
 5114 028c 9A68     		ldr	r2, [r3, #8]
 5115 028e FB68     		ldr	r3, [r7, #12]
 5116 0290 1B68     		ldr	r3, [r3]
 5117 0292 42F48042 		orr	r2, r2, #16384
 5118 0296 9A60     		str	r2, [r3, #8]
2539:HW_Lib/STM32H7/HAL_Lib/STM32H7xx_HAL_Driver/Src/stm32h7xx_hal_spi.c **** 
2540:HW_Lib/STM32H7/HAL_Lib/STM32H7xx_HAL_Driver/Src/stm32h7xx_hal_spi.c ****   /* Set the SPI Tx DMA transfer complete callback as NULL because the communication closing
2541:HW_Lib/STM32H7/HAL_Lib/STM32H7xx_HAL_Driver/Src/stm32h7xx_hal_spi.c ****   is performed in DMA reception complete callback  */
2542:HW_Lib/STM32H7/HAL_Lib/STM32H7xx_HAL_Driver/Src/stm32h7xx_hal_spi.c ****   hspi->hdmatx->XferHalfCpltCallback = NULL;
 5119              		.loc 1 2542 7
 5120 0298 FB68     		ldr	r3, [r7, #12]
 5121 029a 9B6F     		ldr	r3, [r3, #120]
 5122              		.loc 1 2542 38
 5123 029c 0022     		movs	r2, #0
 5124 029e 1A64     		str	r2, [r3, #64]
2543:HW_Lib/STM32H7/HAL_Lib/STM32H7xx_HAL_Driver/Src/stm32h7xx_hal_spi.c ****   hspi->hdmatx->XferCpltCallback     = NULL;
 5125              		.loc 1 2543 7
 5126 02a0 FB68     		ldr	r3, [r7, #12]
 5127 02a2 9B6F     		ldr	r3, [r3, #120]
 5128              		.loc 1 2543 38
 5129 02a4 0022     		movs	r2, #0
 5130 02a6 DA63     		str	r2, [r3, #60]
2544:HW_Lib/STM32H7/HAL_Lib/STM32H7xx_HAL_Driver/Src/stm32h7xx_hal_spi.c ****   hspi->hdmatx->XferErrorCallback    = NULL;
 5131              		.loc 1 2544 7
 5132 02a8 FB68     		ldr	r3, [r7, #12]
 5133 02aa 9B6F     		ldr	r3, [r3, #120]
 5134              		.loc 1 2544 38
 5135 02ac 0022     		movs	r2, #0
 5136 02ae DA64     		str	r2, [r3, #76]
ARM GAS  C:\Users\HUAV\AppData\Local\Temp\ccYQlmuE.s 			page 136


2545:HW_Lib/STM32H7/HAL_Lib/STM32H7xx_HAL_Driver/Src/stm32h7xx_hal_spi.c ****   hspi->hdmatx->XferAbortCallback    = NULL;
 5137              		.loc 1 2545 7
 5138 02b0 FB68     		ldr	r3, [r7, #12]
 5139 02b2 9B6F     		ldr	r3, [r3, #120]
 5140              		.loc 1 2545 38
 5141 02b4 0022     		movs	r2, #0
 5142 02b6 1A65     		str	r2, [r3, #80]
2546:HW_Lib/STM32H7/HAL_Lib/STM32H7xx_HAL_Driver/Src/stm32h7xx_hal_spi.c **** 
2547:HW_Lib/STM32H7/HAL_Lib/STM32H7xx_HAL_Driver/Src/stm32h7xx_hal_spi.c ****   /* Enable the Tx DMA Stream/Channel  */
2548:HW_Lib/STM32H7/HAL_Lib/STM32H7xx_HAL_Driver/Src/stm32h7xx_hal_spi.c ****   if (HAL_OK != HAL_DMA_Start_IT(hspi->hdmatx, (uint32_t)hspi->pTxBuffPtr, (uint32_t)&hspi->Instanc
 5143              		.loc 1 2548 17
 5144 02b8 FB68     		ldr	r3, [r7, #12]
 5145 02ba 986F     		ldr	r0, [r3, #120]
 5146              		.loc 1 2548 62
 5147 02bc FB68     		ldr	r3, [r7, #12]
 5148 02be DB6D     		ldr	r3, [r3, #92]
 5149              		.loc 1 2548 17
 5150 02c0 1946     		mov	r1, r3
 5151              		.loc 1 2548 91
 5152 02c2 FB68     		ldr	r3, [r7, #12]
 5153 02c4 1B68     		ldr	r3, [r3]
 5154              		.loc 1 2548 86
 5155 02c6 2033     		adds	r3, r3, #32
 5156              		.loc 1 2548 17
 5157 02c8 1A46     		mov	r2, r3
2549:HW_Lib/STM32H7/HAL_Lib/STM32H7xx_HAL_Driver/Src/stm32h7xx_hal_spi.c ****                                  hspi->TxXferCount))
 5158              		.loc 1 2549 38
 5159 02ca FB68     		ldr	r3, [r7, #12]
 5160 02cc B3F86230 		ldrh	r3, [r3, #98]	@ movhi
 5161 02d0 9BB2     		uxth	r3, r3
2548:HW_Lib/STM32H7/HAL_Lib/STM32H7xx_HAL_Driver/Src/stm32h7xx_hal_spi.c ****                                  hspi->TxXferCount))
 5162              		.loc 1 2548 17
 5163 02d2 FFF7FEFF 		bl	HAL_DMA_Start_IT
 5164 02d6 0346     		mov	r3, r0
2548:HW_Lib/STM32H7/HAL_Lib/STM32H7xx_HAL_Driver/Src/stm32h7xx_hal_spi.c ****                                  hspi->TxXferCount))
 5165              		.loc 1 2548 6
 5166 02d8 002B     		cmp	r3, #0
 5167 02da 13D0     		beq	.L241
2550:HW_Lib/STM32H7/HAL_Lib/STM32H7xx_HAL_Driver/Src/stm32h7xx_hal_spi.c ****   {
2551:HW_Lib/STM32H7/HAL_Lib/STM32H7xx_HAL_Driver/Src/stm32h7xx_hal_spi.c ****     /* Update SPI error code */
2552:HW_Lib/STM32H7/HAL_Lib/STM32H7xx_HAL_Driver/Src/stm32h7xx_hal_spi.c ****     SET_BIT(hspi->ErrorCode, HAL_SPI_ERROR_DMA);
 5168              		.loc 1 2552 5
 5169 02dc FB68     		ldr	r3, [r7, #12]
 5170 02de D3F88430 		ldr	r3, [r3, #132]
 5171 02e2 43F01002 		orr	r2, r3, #16
 5172 02e6 FB68     		ldr	r3, [r7, #12]
 5173 02e8 C3F88420 		str	r2, [r3, #132]
2553:HW_Lib/STM32H7/HAL_Lib/STM32H7xx_HAL_Driver/Src/stm32h7xx_hal_spi.c **** 
2554:HW_Lib/STM32H7/HAL_Lib/STM32H7xx_HAL_Driver/Src/stm32h7xx_hal_spi.c ****     /* Unlock the process */
2555:HW_Lib/STM32H7/HAL_Lib/STM32H7xx_HAL_Driver/Src/stm32h7xx_hal_spi.c ****     __HAL_UNLOCK(hspi);
 5174              		.loc 1 2555 5
 5175 02ec FB68     		ldr	r3, [r7, #12]
 5176 02ee 0022     		movs	r2, #0
 5177 02f0 83F88020 		strb	r2, [r3, #128]
2556:HW_Lib/STM32H7/HAL_Lib/STM32H7xx_HAL_Driver/Src/stm32h7xx_hal_spi.c **** 
2557:HW_Lib/STM32H7/HAL_Lib/STM32H7xx_HAL_Driver/Src/stm32h7xx_hal_spi.c ****     hspi->State = HAL_SPI_STATE_READY;
 5178              		.loc 1 2557 17
ARM GAS  C:\Users\HUAV\AppData\Local\Temp\ccYQlmuE.s 			page 137


 5179 02f4 FB68     		ldr	r3, [r7, #12]
 5180 02f6 0122     		movs	r2, #1
 5181 02f8 83F88120 		strb	r2, [r3, #129]
2558:HW_Lib/STM32H7/HAL_Lib/STM32H7xx_HAL_Driver/Src/stm32h7xx_hal_spi.c ****     errorcode = HAL_ERROR;
 5182              		.loc 1 2558 15
 5183 02fc 0123     		movs	r3, #1
 5184 02fe FB75     		strb	r3, [r7, #23]
2559:HW_Lib/STM32H7/HAL_Lib/STM32H7xx_HAL_Driver/Src/stm32h7xx_hal_spi.c ****     return errorcode;
 5185              		.loc 1 2559 12
 5186 0300 FB7D     		ldrb	r3, [r7, #23]	@ zero_extendqisi2
 5187 0302 42E0     		b	.L223
 5188              	.L241:
2560:HW_Lib/STM32H7/HAL_Lib/STM32H7xx_HAL_Driver/Src/stm32h7xx_hal_spi.c ****   }
2561:HW_Lib/STM32H7/HAL_Lib/STM32H7xx_HAL_Driver/Src/stm32h7xx_hal_spi.c **** 
2562:HW_Lib/STM32H7/HAL_Lib/STM32H7xx_HAL_Driver/Src/stm32h7xx_hal_spi.c ****   if (hspi->hdmatx->Init.Mode == DMA_CIRCULAR)
 5189              		.loc 1 2562 11
 5190 0304 FB68     		ldr	r3, [r7, #12]
 5191 0306 9B6F     		ldr	r3, [r3, #120]
 5192              		.loc 1 2562 25
 5193 0308 DB69     		ldr	r3, [r3, #28]
 5194              		.loc 1 2562 6
 5195 030a B3F5807F 		cmp	r3, #256
 5196 030e 08D1     		bne	.L242
2563:HW_Lib/STM32H7/HAL_Lib/STM32H7xx_HAL_Driver/Src/stm32h7xx_hal_spi.c ****   {
2564:HW_Lib/STM32H7/HAL_Lib/STM32H7xx_HAL_Driver/Src/stm32h7xx_hal_spi.c ****     MODIFY_REG(hspi->Instance->CR2, SPI_CR2_TSIZE, 0UL);
 5197              		.loc 1 2564 5
 5198 0310 FB68     		ldr	r3, [r7, #12]
 5199 0312 1B68     		ldr	r3, [r3]
 5200 0314 5968     		ldr	r1, [r3, #4]
 5201 0316 FB68     		ldr	r3, [r7, #12]
 5202 0318 1A68     		ldr	r2, [r3]
 5203 031a 234B     		ldr	r3, .L245+20
 5204 031c 0B40     		ands	r3, r3, r1
 5205 031e 5360     		str	r3, [r2, #4]
 5206 0320 09E0     		b	.L243
 5207              	.L242:
2565:HW_Lib/STM32H7/HAL_Lib/STM32H7xx_HAL_Driver/Src/stm32h7xx_hal_spi.c ****   }
2566:HW_Lib/STM32H7/HAL_Lib/STM32H7xx_HAL_Driver/Src/stm32h7xx_hal_spi.c ****   else
2567:HW_Lib/STM32H7/HAL_Lib/STM32H7xx_HAL_Driver/Src/stm32h7xx_hal_spi.c ****   {
2568:HW_Lib/STM32H7/HAL_Lib/STM32H7xx_HAL_Driver/Src/stm32h7xx_hal_spi.c ****     MODIFY_REG(hspi->Instance->CR2, SPI_CR2_TSIZE, Size);
 5208              		.loc 1 2568 5
 5209 0322 FB68     		ldr	r3, [r7, #12]
 5210 0324 1B68     		ldr	r3, [r3]
 5211 0326 5A68     		ldr	r2, [r3, #4]
 5212 0328 1F4B     		ldr	r3, .L245+20
 5213 032a 1340     		ands	r3, r3, r2
 5214 032c 7988     		ldrh	r1, [r7, #2]
 5215 032e FA68     		ldr	r2, [r7, #12]
 5216 0330 1268     		ldr	r2, [r2]
 5217 0332 0B43     		orrs	r3, r3, r1
 5218 0334 5360     		str	r3, [r2, #4]
 5219              	.L243:
2569:HW_Lib/STM32H7/HAL_Lib/STM32H7xx_HAL_Driver/Src/stm32h7xx_hal_spi.c ****   }
2570:HW_Lib/STM32H7/HAL_Lib/STM32H7xx_HAL_Driver/Src/stm32h7xx_hal_spi.c **** 
2571:HW_Lib/STM32H7/HAL_Lib/STM32H7xx_HAL_Driver/Src/stm32h7xx_hal_spi.c ****   /* Enable Tx DMA Request */
2572:HW_Lib/STM32H7/HAL_Lib/STM32H7xx_HAL_Driver/Src/stm32h7xx_hal_spi.c ****   SET_BIT(hspi->Instance->CFG1, SPI_CFG1_TXDMAEN);
 5220              		.loc 1 2572 3
ARM GAS  C:\Users\HUAV\AppData\Local\Temp\ccYQlmuE.s 			page 138


 5221 0336 FB68     		ldr	r3, [r7, #12]
 5222 0338 1B68     		ldr	r3, [r3]
 5223 033a 9A68     		ldr	r2, [r3, #8]
 5224 033c FB68     		ldr	r3, [r7, #12]
 5225 033e 1B68     		ldr	r3, [r3]
 5226 0340 42F40042 		orr	r2, r2, #32768
 5227 0344 9A60     		str	r2, [r3, #8]
2573:HW_Lib/STM32H7/HAL_Lib/STM32H7xx_HAL_Driver/Src/stm32h7xx_hal_spi.c **** 
2574:HW_Lib/STM32H7/HAL_Lib/STM32H7xx_HAL_Driver/Src/stm32h7xx_hal_spi.c ****   /* Enable the SPI Error Interrupt Bit */
2575:HW_Lib/STM32H7/HAL_Lib/STM32H7xx_HAL_Driver/Src/stm32h7xx_hal_spi.c ****   __HAL_SPI_ENABLE_IT(hspi, (SPI_IT_OVR | SPI_IT_UDR | SPI_IT_FRE | SPI_IT_MODF));
 5228              		.loc 1 2575 3
 5229 0346 FB68     		ldr	r3, [r7, #12]
 5230 0348 1B68     		ldr	r3, [r3]
 5231 034a 1A69     		ldr	r2, [r3, #16]
 5232 034c FB68     		ldr	r3, [r7, #12]
 5233 034e 1B68     		ldr	r3, [r3]
 5234 0350 42F45872 		orr	r2, r2, #864
 5235 0354 1A61     		str	r2, [r3, #16]
2576:HW_Lib/STM32H7/HAL_Lib/STM32H7xx_HAL_Driver/Src/stm32h7xx_hal_spi.c **** 
2577:HW_Lib/STM32H7/HAL_Lib/STM32H7xx_HAL_Driver/Src/stm32h7xx_hal_spi.c ****   /* Enable SPI peripheral */
2578:HW_Lib/STM32H7/HAL_Lib/STM32H7xx_HAL_Driver/Src/stm32h7xx_hal_spi.c ****   __HAL_SPI_ENABLE(hspi);
 5236              		.loc 1 2578 3
 5237 0356 FB68     		ldr	r3, [r7, #12]
 5238 0358 1B68     		ldr	r3, [r3]
 5239 035a 1A68     		ldr	r2, [r3]
 5240 035c FB68     		ldr	r3, [r7, #12]
 5241 035e 1B68     		ldr	r3, [r3]
 5242 0360 42F00102 		orr	r2, r2, #1
 5243 0364 1A60     		str	r2, [r3]
2579:HW_Lib/STM32H7/HAL_Lib/STM32H7xx_HAL_Driver/Src/stm32h7xx_hal_spi.c **** 
2580:HW_Lib/STM32H7/HAL_Lib/STM32H7xx_HAL_Driver/Src/stm32h7xx_hal_spi.c ****   if (hspi->Init.Mode == SPI_MODE_MASTER)
 5244              		.loc 1 2580 17
 5245 0366 FB68     		ldr	r3, [r7, #12]
 5246 0368 5B68     		ldr	r3, [r3, #4]
 5247              		.loc 1 2580 6
 5248 036a B3F5800F 		cmp	r3, #4194304
 5249 036e 07D1     		bne	.L244
2581:HW_Lib/STM32H7/HAL_Lib/STM32H7xx_HAL_Driver/Src/stm32h7xx_hal_spi.c ****   {
2582:HW_Lib/STM32H7/HAL_Lib/STM32H7xx_HAL_Driver/Src/stm32h7xx_hal_spi.c ****     /* Master transfer start */
2583:HW_Lib/STM32H7/HAL_Lib/STM32H7xx_HAL_Driver/Src/stm32h7xx_hal_spi.c ****     SET_BIT(hspi->Instance->CR1, SPI_CR1_CSTART);
 5250              		.loc 1 2583 5
 5251 0370 FB68     		ldr	r3, [r7, #12]
 5252 0372 1B68     		ldr	r3, [r3]
 5253 0374 1A68     		ldr	r2, [r3]
 5254 0376 FB68     		ldr	r3, [r7, #12]
 5255 0378 1B68     		ldr	r3, [r3]
 5256 037a 42F40072 		orr	r2, r2, #512
 5257 037e 1A60     		str	r2, [r3]
 5258              	.L244:
2584:HW_Lib/STM32H7/HAL_Lib/STM32H7xx_HAL_Driver/Src/stm32h7xx_hal_spi.c ****   }
2585:HW_Lib/STM32H7/HAL_Lib/STM32H7xx_HAL_Driver/Src/stm32h7xx_hal_spi.c **** 
2586:HW_Lib/STM32H7/HAL_Lib/STM32H7xx_HAL_Driver/Src/stm32h7xx_hal_spi.c ****   /* Unlock the process */
2587:HW_Lib/STM32H7/HAL_Lib/STM32H7xx_HAL_Driver/Src/stm32h7xx_hal_spi.c ****   __HAL_UNLOCK(hspi);
 5259              		.loc 1 2587 3
 5260 0380 FB68     		ldr	r3, [r7, #12]
 5261 0382 0022     		movs	r2, #0
 5262 0384 83F88020 		strb	r2, [r3, #128]
ARM GAS  C:\Users\HUAV\AppData\Local\Temp\ccYQlmuE.s 			page 139


2588:HW_Lib/STM32H7/HAL_Lib/STM32H7xx_HAL_Driver/Src/stm32h7xx_hal_spi.c ****   return errorcode;
 5263              		.loc 1 2588 10
 5264 0388 FB7D     		ldrb	r3, [r7, #23]	@ zero_extendqisi2
 5265              	.L223:
2589:HW_Lib/STM32H7/HAL_Lib/STM32H7xx_HAL_Driver/Src/stm32h7xx_hal_spi.c **** }
 5266              		.loc 1 2589 1
 5267 038a 1846     		mov	r0, r3
 5268 038c 1837     		adds	r7, r7, #24
 5269              	.LCFI67:
 5270              		.cfi_def_cfa_offset 8
 5271 038e BD46     		mov	sp, r7
 5272              	.LCFI68:
 5273              		.cfi_def_cfa_register 13
 5274              		@ sp needed
 5275 0390 80BD     		pop	{r7, pc}
 5276              	.L246:
 5277 0392 00BF     		.align	2
 5278              	.L245:
 5279 0394 00000000 		.word	SPI_DMAHalfReceiveCplt
 5280 0398 00000000 		.word	SPI_DMAReceiveCplt
 5281 039c 00000000 		.word	SPI_DMAHalfTransmitReceiveCplt
 5282 03a0 00000000 		.word	SPI_DMATransmitReceiveCplt
 5283 03a4 00000000 		.word	SPI_DMAError
 5284 03a8 0000FFFF 		.word	-65536
 5285              		.cfi_endproc
 5286              	.LFE345:
 5288              		.section	.text.HAL_SPI_Abort,"ax",%progbits
 5289              		.align	1
 5290              		.global	HAL_SPI_Abort
 5291              		.syntax unified
 5292              		.thumb
 5293              		.thumb_func
 5295              	HAL_SPI_Abort:
 5296              	.LFB346:
2590:HW_Lib/STM32H7/HAL_Lib/STM32H7xx_HAL_Driver/Src/stm32h7xx_hal_spi.c **** 
2591:HW_Lib/STM32H7/HAL_Lib/STM32H7xx_HAL_Driver/Src/stm32h7xx_hal_spi.c **** /**
2592:HW_Lib/STM32H7/HAL_Lib/STM32H7xx_HAL_Driver/Src/stm32h7xx_hal_spi.c ****   * @brief  Abort ongoing transfer (blocking mode).
2593:HW_Lib/STM32H7/HAL_Lib/STM32H7xx_HAL_Driver/Src/stm32h7xx_hal_spi.c ****   * @param  hspi SPI handle.
2594:HW_Lib/STM32H7/HAL_Lib/STM32H7xx_HAL_Driver/Src/stm32h7xx_hal_spi.c ****   * @note   This procedure could be used for aborting any ongoing transfer (Tx and Rx),
2595:HW_Lib/STM32H7/HAL_Lib/STM32H7xx_HAL_Driver/Src/stm32h7xx_hal_spi.c ****   *         started in Interrupt or DMA mode.
2596:HW_Lib/STM32H7/HAL_Lib/STM32H7xx_HAL_Driver/Src/stm32h7xx_hal_spi.c ****   * @note   This procedure performs following operations :
2597:HW_Lib/STM32H7/HAL_Lib/STM32H7xx_HAL_Driver/Src/stm32h7xx_hal_spi.c ****   *          + Disable SPI Interrupts (depending of transfer direction)
2598:HW_Lib/STM32H7/HAL_Lib/STM32H7xx_HAL_Driver/Src/stm32h7xx_hal_spi.c ****   *          + Disable the DMA transfer in the peripheral register (if enabled)
2599:HW_Lib/STM32H7/HAL_Lib/STM32H7xx_HAL_Driver/Src/stm32h7xx_hal_spi.c ****   *          + Abort DMA transfer by calling HAL_DMA_Abort (in case of transfer in DMA mode)
2600:HW_Lib/STM32H7/HAL_Lib/STM32H7xx_HAL_Driver/Src/stm32h7xx_hal_spi.c ****   *          + Set handle State to READY.
2601:HW_Lib/STM32H7/HAL_Lib/STM32H7xx_HAL_Driver/Src/stm32h7xx_hal_spi.c ****   * @note   This procedure is executed in blocking mode : when exiting function, Abort is considere
2602:HW_Lib/STM32H7/HAL_Lib/STM32H7xx_HAL_Driver/Src/stm32h7xx_hal_spi.c ****   * @retval HAL status
2603:HW_Lib/STM32H7/HAL_Lib/STM32H7xx_HAL_Driver/Src/stm32h7xx_hal_spi.c ****   */
2604:HW_Lib/STM32H7/HAL_Lib/STM32H7xx_HAL_Driver/Src/stm32h7xx_hal_spi.c **** HAL_StatusTypeDef HAL_SPI_Abort(SPI_HandleTypeDef *hspi)
2605:HW_Lib/STM32H7/HAL_Lib/STM32H7xx_HAL_Driver/Src/stm32h7xx_hal_spi.c **** {
 5297              		.loc 1 2605 1
 5298              		.cfi_startproc
 5299              		@ args = 0, pretend = 0, frame = 16
 5300              		@ frame_needed = 1, uses_anonymous_args = 0
 5301 0000 80B5     		push	{r7, lr}
 5302              	.LCFI69:
 5303              		.cfi_def_cfa_offset 8
ARM GAS  C:\Users\HUAV\AppData\Local\Temp\ccYQlmuE.s 			page 140


 5304              		.cfi_offset 7, -8
 5305              		.cfi_offset 14, -4
 5306 0002 84B0     		sub	sp, sp, #16
 5307              	.LCFI70:
 5308              		.cfi_def_cfa_offset 24
 5309 0004 00AF     		add	r7, sp, #0
 5310              	.LCFI71:
 5311              		.cfi_def_cfa_register 7
 5312 0006 7860     		str	r0, [r7, #4]
2606:HW_Lib/STM32H7/HAL_Lib/STM32H7xx_HAL_Driver/Src/stm32h7xx_hal_spi.c ****   HAL_StatusTypeDef errorcode;
2607:HW_Lib/STM32H7/HAL_Lib/STM32H7xx_HAL_Driver/Src/stm32h7xx_hal_spi.c **** 
2608:HW_Lib/STM32H7/HAL_Lib/STM32H7xx_HAL_Driver/Src/stm32h7xx_hal_spi.c ****   __IO uint32_t count;
2609:HW_Lib/STM32H7/HAL_Lib/STM32H7xx_HAL_Driver/Src/stm32h7xx_hal_spi.c **** 
2610:HW_Lib/STM32H7/HAL_Lib/STM32H7xx_HAL_Driver/Src/stm32h7xx_hal_spi.c ****   /* Lock the process */
2611:HW_Lib/STM32H7/HAL_Lib/STM32H7xx_HAL_Driver/Src/stm32h7xx_hal_spi.c ****   __HAL_LOCK(hspi);
 5313              		.loc 1 2611 3
 5314 0008 7B68     		ldr	r3, [r7, #4]
 5315 000a 93F88030 		ldrb	r3, [r3, #128]	@ zero_extendqisi2
 5316 000e 012B     		cmp	r3, #1
 5317 0010 01D1     		bne	.L248
 5318              		.loc 1 2611 3 is_stmt 0 discriminator 1
 5319 0012 0223     		movs	r3, #2
 5320 0014 9AE0     		b	.L249
 5321              	.L248:
 5322              		.loc 1 2611 3 discriminator 2
 5323 0016 7B68     		ldr	r3, [r7, #4]
 5324 0018 0122     		movs	r2, #1
 5325 001a 83F88020 		strb	r2, [r3, #128]
2612:HW_Lib/STM32H7/HAL_Lib/STM32H7xx_HAL_Driver/Src/stm32h7xx_hal_spi.c **** 
2613:HW_Lib/STM32H7/HAL_Lib/STM32H7xx_HAL_Driver/Src/stm32h7xx_hal_spi.c ****   /* Set hspi->state to aborting to avoid any interaction */
2614:HW_Lib/STM32H7/HAL_Lib/STM32H7xx_HAL_Driver/Src/stm32h7xx_hal_spi.c ****   hspi->State = HAL_SPI_STATE_ABORT;
 5326              		.loc 1 2614 15 is_stmt 1 discriminator 2
 5327 001e 7B68     		ldr	r3, [r7, #4]
 5328 0020 0722     		movs	r2, #7
 5329 0022 83F88120 		strb	r2, [r3, #129]
2615:HW_Lib/STM32H7/HAL_Lib/STM32H7xx_HAL_Driver/Src/stm32h7xx_hal_spi.c **** 
2616:HW_Lib/STM32H7/HAL_Lib/STM32H7xx_HAL_Driver/Src/stm32h7xx_hal_spi.c ****   /* Initialized local variable  */
2617:HW_Lib/STM32H7/HAL_Lib/STM32H7xx_HAL_Driver/Src/stm32h7xx_hal_spi.c ****   errorcode = HAL_OK;
 5330              		.loc 1 2617 13 discriminator 2
 5331 0026 0023     		movs	r3, #0
 5332 0028 FB73     		strb	r3, [r7, #15]
2618:HW_Lib/STM32H7/HAL_Lib/STM32H7xx_HAL_Driver/Src/stm32h7xx_hal_spi.c ****   count = SPI_DEFAULT_TIMEOUT * (SystemCoreClock / 24UL / 1000UL);
 5333              		.loc 1 2618 57 discriminator 2
 5334 002a 4A4B     		ldr	r3, .L257
 5335 002c 1B68     		ldr	r3, [r3]
 5336 002e 4A4A     		ldr	r2, .L257+4
 5337 0030 A2FB0323 		umull	r2, r3, r2, r3
 5338 0034 5B0A     		lsrs	r3, r3, #9
 5339              		.loc 1 2618 31 discriminator 2
 5340 0036 6422     		movs	r2, #100
 5341 0038 02FB03F3 		mul	r3, r2, r3
 5342              		.loc 1 2618 9 discriminator 2
 5343 003c BB60     		str	r3, [r7, #8]
2619:HW_Lib/STM32H7/HAL_Lib/STM32H7xx_HAL_Driver/Src/stm32h7xx_hal_spi.c **** 
2620:HW_Lib/STM32H7/HAL_Lib/STM32H7xx_HAL_Driver/Src/stm32h7xx_hal_spi.c ****   /* If master communication on going, make sure current frame is done before closing the connectio
2621:HW_Lib/STM32H7/HAL_Lib/STM32H7xx_HAL_Driver/Src/stm32h7xx_hal_spi.c ****   if (HAL_IS_BIT_SET(hspi->Instance->CR1, SPI_CR1_CSTART))
 5344              		.loc 1 2621 7 discriminator 2
ARM GAS  C:\Users\HUAV\AppData\Local\Temp\ccYQlmuE.s 			page 141


 5345 003e 7B68     		ldr	r3, [r7, #4]
 5346 0040 1B68     		ldr	r3, [r3]
 5347 0042 1B68     		ldr	r3, [r3]
 5348 0044 03F40073 		and	r3, r3, #512
 5349              		.loc 1 2621 6 discriminator 2
 5350 0048 B3F5007F 		cmp	r3, #512
 5351 004c 1ED1     		bne	.L250
2622:HW_Lib/STM32H7/HAL_Lib/STM32H7xx_HAL_Driver/Src/stm32h7xx_hal_spi.c ****   {
2623:HW_Lib/STM32H7/HAL_Lib/STM32H7xx_HAL_Driver/Src/stm32h7xx_hal_spi.c ****     SET_BIT(hspi->Instance->CR1, SPI_CR1_CSUSP);
 5352              		.loc 1 2623 5
 5353 004e 7B68     		ldr	r3, [r7, #4]
 5354 0050 1B68     		ldr	r3, [r3]
 5355 0052 1A68     		ldr	r2, [r3]
 5356 0054 7B68     		ldr	r3, [r7, #4]
 5357 0056 1B68     		ldr	r3, [r3]
 5358 0058 42F48062 		orr	r2, r2, #1024
 5359 005c 1A60     		str	r2, [r3]
 5360              	.L252:
2624:HW_Lib/STM32H7/HAL_Lib/STM32H7xx_HAL_Driver/Src/stm32h7xx_hal_spi.c ****     do
2625:HW_Lib/STM32H7/HAL_Lib/STM32H7xx_HAL_Driver/Src/stm32h7xx_hal_spi.c ****     {
2626:HW_Lib/STM32H7/HAL_Lib/STM32H7xx_HAL_Driver/Src/stm32h7xx_hal_spi.c ****       count--;
 5361              		.loc 1 2626 12
 5362 005e BB68     		ldr	r3, [r7, #8]
 5363 0060 013B     		subs	r3, r3, #1
 5364 0062 BB60     		str	r3, [r7, #8]
2627:HW_Lib/STM32H7/HAL_Lib/STM32H7xx_HAL_Driver/Src/stm32h7xx_hal_spi.c ****       if (count == 0UL)
 5365              		.loc 1 2627 17
 5366 0064 BB68     		ldr	r3, [r7, #8]
 5367              		.loc 1 2627 10
 5368 0066 002B     		cmp	r3, #0
 5369 0068 08D1     		bne	.L251
2628:HW_Lib/STM32H7/HAL_Lib/STM32H7xx_HAL_Driver/Src/stm32h7xx_hal_spi.c ****       {
2629:HW_Lib/STM32H7/HAL_Lib/STM32H7xx_HAL_Driver/Src/stm32h7xx_hal_spi.c ****         SET_BIT(hspi->ErrorCode, HAL_SPI_ERROR_ABORT);
 5370              		.loc 1 2629 9
 5371 006a 7B68     		ldr	r3, [r7, #4]
 5372 006c D3F88430 		ldr	r3, [r3, #132]
 5373 0070 43F04002 		orr	r2, r3, #64
 5374 0074 7B68     		ldr	r3, [r7, #4]
 5375 0076 C3F88420 		str	r2, [r3, #132]
2630:HW_Lib/STM32H7/HAL_Lib/STM32H7xx_HAL_Driver/Src/stm32h7xx_hal_spi.c ****         break;
 5376              		.loc 1 2630 9
 5377 007a 07E0     		b	.L250
 5378              	.L251:
2631:HW_Lib/STM32H7/HAL_Lib/STM32H7xx_HAL_Driver/Src/stm32h7xx_hal_spi.c ****       }
2632:HW_Lib/STM32H7/HAL_Lib/STM32H7xx_HAL_Driver/Src/stm32h7xx_hal_spi.c ****     } while (HAL_IS_BIT_SET(hspi->Instance->CR1, SPI_CR1_CSTART));
 5379              		.loc 1 2632 14
 5380 007c 7B68     		ldr	r3, [r7, #4]
 5381 007e 1B68     		ldr	r3, [r3]
 5382 0080 1B68     		ldr	r3, [r3]
 5383 0082 03F40073 		and	r3, r3, #512
 5384              		.loc 1 2632 5
 5385 0086 B3F5007F 		cmp	r3, #512
 5386 008a E8D0     		beq	.L252
 5387              	.L250:
2633:HW_Lib/STM32H7/HAL_Lib/STM32H7xx_HAL_Driver/Src/stm32h7xx_hal_spi.c ****   }
2634:HW_Lib/STM32H7/HAL_Lib/STM32H7xx_HAL_Driver/Src/stm32h7xx_hal_spi.c **** 
2635:HW_Lib/STM32H7/HAL_Lib/STM32H7xx_HAL_Driver/Src/stm32h7xx_hal_spi.c ****   /* Disable the SPI DMA Tx request if enabled */
ARM GAS  C:\Users\HUAV\AppData\Local\Temp\ccYQlmuE.s 			page 142


2636:HW_Lib/STM32H7/HAL_Lib/STM32H7xx_HAL_Driver/Src/stm32h7xx_hal_spi.c ****   if (HAL_IS_BIT_SET(hspi->Instance->CFG1, SPI_CFG1_TXDMAEN))
 5388              		.loc 1 2636 7
 5389 008c 7B68     		ldr	r3, [r7, #4]
 5390 008e 1B68     		ldr	r3, [r3]
 5391 0090 9B68     		ldr	r3, [r3, #8]
 5392 0092 03F40043 		and	r3, r3, #32768
 5393              		.loc 1 2636 6
 5394 0096 B3F5004F 		cmp	r3, #32768
 5395 009a 1BD1     		bne	.L253
2637:HW_Lib/STM32H7/HAL_Lib/STM32H7xx_HAL_Driver/Src/stm32h7xx_hal_spi.c ****   {
2638:HW_Lib/STM32H7/HAL_Lib/STM32H7xx_HAL_Driver/Src/stm32h7xx_hal_spi.c ****     if (hspi->hdmatx != NULL)
 5396              		.loc 1 2638 13
 5397 009c 7B68     		ldr	r3, [r7, #4]
 5398 009e 9B6F     		ldr	r3, [r3, #120]
 5399              		.loc 1 2638 8
 5400 00a0 002B     		cmp	r3, #0
 5401 00a2 17D0     		beq	.L253
2639:HW_Lib/STM32H7/HAL_Lib/STM32H7xx_HAL_Driver/Src/stm32h7xx_hal_spi.c ****     {
2640:HW_Lib/STM32H7/HAL_Lib/STM32H7xx_HAL_Driver/Src/stm32h7xx_hal_spi.c ****       /* Abort the SPI DMA Tx Stream/Channel : use blocking DMA Abort API (no callback) */
2641:HW_Lib/STM32H7/HAL_Lib/STM32H7xx_HAL_Driver/Src/stm32h7xx_hal_spi.c ****       hspi->hdmatx->XferAbortCallback = NULL;
 5402              		.loc 1 2641 11
 5403 00a4 7B68     		ldr	r3, [r7, #4]
 5404 00a6 9B6F     		ldr	r3, [r3, #120]
 5405              		.loc 1 2641 39
 5406 00a8 0022     		movs	r2, #0
 5407 00aa 1A65     		str	r2, [r3, #80]
2642:HW_Lib/STM32H7/HAL_Lib/STM32H7xx_HAL_Driver/Src/stm32h7xx_hal_spi.c **** 
2643:HW_Lib/STM32H7/HAL_Lib/STM32H7xx_HAL_Driver/Src/stm32h7xx_hal_spi.c ****       /* Abort DMA Tx Handle linked to SPI Peripheral */
2644:HW_Lib/STM32H7/HAL_Lib/STM32H7xx_HAL_Driver/Src/stm32h7xx_hal_spi.c ****       if (HAL_DMA_Abort(hspi->hdmatx) != HAL_OK)
 5408              		.loc 1 2644 11
 5409 00ac 7B68     		ldr	r3, [r7, #4]
 5410 00ae 9B6F     		ldr	r3, [r3, #120]
 5411 00b0 1846     		mov	r0, r3
 5412 00b2 FFF7FEFF 		bl	HAL_DMA_Abort
 5413 00b6 0346     		mov	r3, r0
 5414              		.loc 1 2644 10
 5415 00b8 002B     		cmp	r3, #0
 5416 00ba 0BD0     		beq	.L253
2645:HW_Lib/STM32H7/HAL_Lib/STM32H7xx_HAL_Driver/Src/stm32h7xx_hal_spi.c ****       {
2646:HW_Lib/STM32H7/HAL_Lib/STM32H7xx_HAL_Driver/Src/stm32h7xx_hal_spi.c ****         if (HAL_DMA_GetError(hspi->hdmatx) == HAL_DMA_ERROR_TIMEOUT)
 5417              		.loc 1 2646 13
 5418 00bc 7B68     		ldr	r3, [r7, #4]
 5419 00be 9B6F     		ldr	r3, [r3, #120]
 5420 00c0 1846     		mov	r0, r3
 5421 00c2 FFF7FEFF 		bl	HAL_DMA_GetError
 5422 00c6 0346     		mov	r3, r0
 5423              		.loc 1 2646 12
 5424 00c8 202B     		cmp	r3, #32
 5425 00ca 03D1     		bne	.L253
2647:HW_Lib/STM32H7/HAL_Lib/STM32H7xx_HAL_Driver/Src/stm32h7xx_hal_spi.c ****         {
2648:HW_Lib/STM32H7/HAL_Lib/STM32H7xx_HAL_Driver/Src/stm32h7xx_hal_spi.c ****           hspi->ErrorCode = HAL_SPI_ERROR_ABORT;
 5426              		.loc 1 2648 27
 5427 00cc 7B68     		ldr	r3, [r7, #4]
 5428 00ce 4022     		movs	r2, #64
 5429 00d0 C3F88420 		str	r2, [r3, #132]
 5430              	.L253:
2649:HW_Lib/STM32H7/HAL_Lib/STM32H7xx_HAL_Driver/Src/stm32h7xx_hal_spi.c ****         }
ARM GAS  C:\Users\HUAV\AppData\Local\Temp\ccYQlmuE.s 			page 143


2650:HW_Lib/STM32H7/HAL_Lib/STM32H7xx_HAL_Driver/Src/stm32h7xx_hal_spi.c ****       }
2651:HW_Lib/STM32H7/HAL_Lib/STM32H7xx_HAL_Driver/Src/stm32h7xx_hal_spi.c ****     }
2652:HW_Lib/STM32H7/HAL_Lib/STM32H7xx_HAL_Driver/Src/stm32h7xx_hal_spi.c ****   }
2653:HW_Lib/STM32H7/HAL_Lib/STM32H7xx_HAL_Driver/Src/stm32h7xx_hal_spi.c **** 
2654:HW_Lib/STM32H7/HAL_Lib/STM32H7xx_HAL_Driver/Src/stm32h7xx_hal_spi.c ****   /* Disable the SPI DMA Rx request if enabled */
2655:HW_Lib/STM32H7/HAL_Lib/STM32H7xx_HAL_Driver/Src/stm32h7xx_hal_spi.c ****   if (HAL_IS_BIT_SET(hspi->Instance->CFG1, SPI_CFG1_RXDMAEN))
 5431              		.loc 1 2655 7
 5432 00d4 7B68     		ldr	r3, [r7, #4]
 5433 00d6 1B68     		ldr	r3, [r3]
 5434 00d8 9B68     		ldr	r3, [r3, #8]
 5435 00da 03F48043 		and	r3, r3, #16384
 5436              		.loc 1 2655 6
 5437 00de B3F5804F 		cmp	r3, #16384
 5438 00e2 1BD1     		bne	.L254
2656:HW_Lib/STM32H7/HAL_Lib/STM32H7xx_HAL_Driver/Src/stm32h7xx_hal_spi.c ****   {
2657:HW_Lib/STM32H7/HAL_Lib/STM32H7xx_HAL_Driver/Src/stm32h7xx_hal_spi.c ****     if (hspi->hdmarx != NULL)
 5439              		.loc 1 2657 13
 5440 00e4 7B68     		ldr	r3, [r7, #4]
 5441 00e6 DB6F     		ldr	r3, [r3, #124]
 5442              		.loc 1 2657 8
 5443 00e8 002B     		cmp	r3, #0
 5444 00ea 17D0     		beq	.L254
2658:HW_Lib/STM32H7/HAL_Lib/STM32H7xx_HAL_Driver/Src/stm32h7xx_hal_spi.c ****     {
2659:HW_Lib/STM32H7/HAL_Lib/STM32H7xx_HAL_Driver/Src/stm32h7xx_hal_spi.c ****       /* Abort the SPI DMA Rx Stream/Channel : use blocking DMA Abort API (no callback) */
2660:HW_Lib/STM32H7/HAL_Lib/STM32H7xx_HAL_Driver/Src/stm32h7xx_hal_spi.c ****       hspi->hdmarx->XferAbortCallback = NULL;
 5445              		.loc 1 2660 11
 5446 00ec 7B68     		ldr	r3, [r7, #4]
 5447 00ee DB6F     		ldr	r3, [r3, #124]
 5448              		.loc 1 2660 39
 5449 00f0 0022     		movs	r2, #0
 5450 00f2 1A65     		str	r2, [r3, #80]
2661:HW_Lib/STM32H7/HAL_Lib/STM32H7xx_HAL_Driver/Src/stm32h7xx_hal_spi.c **** 
2662:HW_Lib/STM32H7/HAL_Lib/STM32H7xx_HAL_Driver/Src/stm32h7xx_hal_spi.c ****       /* Abort DMA Rx Handle linked to SPI Peripheral */
2663:HW_Lib/STM32H7/HAL_Lib/STM32H7xx_HAL_Driver/Src/stm32h7xx_hal_spi.c ****       if (HAL_DMA_Abort(hspi->hdmarx) != HAL_OK)
 5451              		.loc 1 2663 11
 5452 00f4 7B68     		ldr	r3, [r7, #4]
 5453 00f6 DB6F     		ldr	r3, [r3, #124]
 5454 00f8 1846     		mov	r0, r3
 5455 00fa FFF7FEFF 		bl	HAL_DMA_Abort
 5456 00fe 0346     		mov	r3, r0
 5457              		.loc 1 2663 10
 5458 0100 002B     		cmp	r3, #0
 5459 0102 0BD0     		beq	.L254
2664:HW_Lib/STM32H7/HAL_Lib/STM32H7xx_HAL_Driver/Src/stm32h7xx_hal_spi.c ****       {
2665:HW_Lib/STM32H7/HAL_Lib/STM32H7xx_HAL_Driver/Src/stm32h7xx_hal_spi.c ****         if (HAL_DMA_GetError(hspi->hdmarx) == HAL_DMA_ERROR_TIMEOUT)
 5460              		.loc 1 2665 13
 5461 0104 7B68     		ldr	r3, [r7, #4]
 5462 0106 DB6F     		ldr	r3, [r3, #124]
 5463 0108 1846     		mov	r0, r3
 5464 010a FFF7FEFF 		bl	HAL_DMA_GetError
 5465 010e 0346     		mov	r3, r0
 5466              		.loc 1 2665 12
 5467 0110 202B     		cmp	r3, #32
 5468 0112 03D1     		bne	.L254
2666:HW_Lib/STM32H7/HAL_Lib/STM32H7xx_HAL_Driver/Src/stm32h7xx_hal_spi.c ****         {
2667:HW_Lib/STM32H7/HAL_Lib/STM32H7xx_HAL_Driver/Src/stm32h7xx_hal_spi.c ****           hspi->ErrorCode = HAL_SPI_ERROR_ABORT;
 5469              		.loc 1 2667 27
ARM GAS  C:\Users\HUAV\AppData\Local\Temp\ccYQlmuE.s 			page 144


 5470 0114 7B68     		ldr	r3, [r7, #4]
 5471 0116 4022     		movs	r2, #64
 5472 0118 C3F88420 		str	r2, [r3, #132]
 5473              	.L254:
2668:HW_Lib/STM32H7/HAL_Lib/STM32H7xx_HAL_Driver/Src/stm32h7xx_hal_spi.c ****         }
2669:HW_Lib/STM32H7/HAL_Lib/STM32H7xx_HAL_Driver/Src/stm32h7xx_hal_spi.c ****       }
2670:HW_Lib/STM32H7/HAL_Lib/STM32H7xx_HAL_Driver/Src/stm32h7xx_hal_spi.c ****     }
2671:HW_Lib/STM32H7/HAL_Lib/STM32H7xx_HAL_Driver/Src/stm32h7xx_hal_spi.c ****   }
2672:HW_Lib/STM32H7/HAL_Lib/STM32H7xx_HAL_Driver/Src/stm32h7xx_hal_spi.c **** 
2673:HW_Lib/STM32H7/HAL_Lib/STM32H7xx_HAL_Driver/Src/stm32h7xx_hal_spi.c ****   /* Proceed with abort procedure */
2674:HW_Lib/STM32H7/HAL_Lib/STM32H7xx_HAL_Driver/Src/stm32h7xx_hal_spi.c ****   SPI_AbortTransfer(hspi);
 5474              		.loc 1 2674 3
 5475 011c 7868     		ldr	r0, [r7, #4]
 5476 011e FFF7FEFF 		bl	SPI_AbortTransfer
2675:HW_Lib/STM32H7/HAL_Lib/STM32H7xx_HAL_Driver/Src/stm32h7xx_hal_spi.c **** 
2676:HW_Lib/STM32H7/HAL_Lib/STM32H7xx_HAL_Driver/Src/stm32h7xx_hal_spi.c ****   /* Check error during Abort procedure */
2677:HW_Lib/STM32H7/HAL_Lib/STM32H7xx_HAL_Driver/Src/stm32h7xx_hal_spi.c ****   if (hspi->ErrorCode == HAL_SPI_ERROR_ABORT)
 5477              		.loc 1 2677 11
 5478 0122 7B68     		ldr	r3, [r7, #4]
 5479 0124 D3F88430 		ldr	r3, [r3, #132]
 5480              		.loc 1 2677 6
 5481 0128 402B     		cmp	r3, #64
 5482 012a 02D1     		bne	.L255
2678:HW_Lib/STM32H7/HAL_Lib/STM32H7xx_HAL_Driver/Src/stm32h7xx_hal_spi.c ****   {
2679:HW_Lib/STM32H7/HAL_Lib/STM32H7xx_HAL_Driver/Src/stm32h7xx_hal_spi.c ****     /* return HAL_Error in case of error during Abort procedure */
2680:HW_Lib/STM32H7/HAL_Lib/STM32H7xx_HAL_Driver/Src/stm32h7xx_hal_spi.c ****     errorcode = HAL_ERROR;
 5483              		.loc 1 2680 15
 5484 012c 0123     		movs	r3, #1
 5485 012e FB73     		strb	r3, [r7, #15]
 5486 0130 03E0     		b	.L256
 5487              	.L255:
2681:HW_Lib/STM32H7/HAL_Lib/STM32H7xx_HAL_Driver/Src/stm32h7xx_hal_spi.c ****   }
2682:HW_Lib/STM32H7/HAL_Lib/STM32H7xx_HAL_Driver/Src/stm32h7xx_hal_spi.c ****   else
2683:HW_Lib/STM32H7/HAL_Lib/STM32H7xx_HAL_Driver/Src/stm32h7xx_hal_spi.c ****   {
2684:HW_Lib/STM32H7/HAL_Lib/STM32H7xx_HAL_Driver/Src/stm32h7xx_hal_spi.c ****     /* Reset errorCode */
2685:HW_Lib/STM32H7/HAL_Lib/STM32H7xx_HAL_Driver/Src/stm32h7xx_hal_spi.c ****     hspi->ErrorCode = HAL_SPI_ERROR_NONE;
 5488              		.loc 1 2685 21
 5489 0132 7B68     		ldr	r3, [r7, #4]
 5490 0134 0022     		movs	r2, #0
 5491 0136 C3F88420 		str	r2, [r3, #132]
 5492              	.L256:
2686:HW_Lib/STM32H7/HAL_Lib/STM32H7xx_HAL_Driver/Src/stm32h7xx_hal_spi.c ****   }
2687:HW_Lib/STM32H7/HAL_Lib/STM32H7xx_HAL_Driver/Src/stm32h7xx_hal_spi.c **** 
2688:HW_Lib/STM32H7/HAL_Lib/STM32H7xx_HAL_Driver/Src/stm32h7xx_hal_spi.c ****   /* Unlock the process */
2689:HW_Lib/STM32H7/HAL_Lib/STM32H7xx_HAL_Driver/Src/stm32h7xx_hal_spi.c ****   __HAL_UNLOCK(hspi);
 5493              		.loc 1 2689 3
 5494 013a 7B68     		ldr	r3, [r7, #4]
 5495 013c 0022     		movs	r2, #0
 5496 013e 83F88020 		strb	r2, [r3, #128]
2690:HW_Lib/STM32H7/HAL_Lib/STM32H7xx_HAL_Driver/Src/stm32h7xx_hal_spi.c **** 
2691:HW_Lib/STM32H7/HAL_Lib/STM32H7xx_HAL_Driver/Src/stm32h7xx_hal_spi.c ****   /* Restore hspi->state to ready */
2692:HW_Lib/STM32H7/HAL_Lib/STM32H7xx_HAL_Driver/Src/stm32h7xx_hal_spi.c ****   hspi->State = HAL_SPI_STATE_READY;
 5497              		.loc 1 2692 15
 5498 0142 7B68     		ldr	r3, [r7, #4]
 5499 0144 0122     		movs	r2, #1
 5500 0146 83F88120 		strb	r2, [r3, #129]
2693:HW_Lib/STM32H7/HAL_Lib/STM32H7xx_HAL_Driver/Src/stm32h7xx_hal_spi.c **** 
ARM GAS  C:\Users\HUAV\AppData\Local\Temp\ccYQlmuE.s 			page 145


2694:HW_Lib/STM32H7/HAL_Lib/STM32H7xx_HAL_Driver/Src/stm32h7xx_hal_spi.c ****   return errorcode;
 5501              		.loc 1 2694 10
 5502 014a FB7B     		ldrb	r3, [r7, #15]	@ zero_extendqisi2
 5503              	.L249:
2695:HW_Lib/STM32H7/HAL_Lib/STM32H7xx_HAL_Driver/Src/stm32h7xx_hal_spi.c **** }
 5504              		.loc 1 2695 1
 5505 014c 1846     		mov	r0, r3
 5506 014e 1037     		adds	r7, r7, #16
 5507              	.LCFI72:
 5508              		.cfi_def_cfa_offset 8
 5509 0150 BD46     		mov	sp, r7
 5510              	.LCFI73:
 5511              		.cfi_def_cfa_register 13
 5512              		@ sp needed
 5513 0152 80BD     		pop	{r7, pc}
 5514              	.L258:
 5515              		.align	2
 5516              	.L257:
 5517 0154 00000000 		.word	SystemCoreClock
 5518 0158 F1197605 		.word	91625969
 5519              		.cfi_endproc
 5520              	.LFE346:
 5522              		.section	.text.HAL_SPI_Abort_IT,"ax",%progbits
 5523              		.align	1
 5524              		.global	HAL_SPI_Abort_IT
 5525              		.syntax unified
 5526              		.thumb
 5527              		.thumb_func
 5529              	HAL_SPI_Abort_IT:
 5530              	.LFB347:
2696:HW_Lib/STM32H7/HAL_Lib/STM32H7xx_HAL_Driver/Src/stm32h7xx_hal_spi.c **** 
2697:HW_Lib/STM32H7/HAL_Lib/STM32H7xx_HAL_Driver/Src/stm32h7xx_hal_spi.c **** /**
2698:HW_Lib/STM32H7/HAL_Lib/STM32H7xx_HAL_Driver/Src/stm32h7xx_hal_spi.c ****   * @brief  Abort ongoing transfer (Interrupt mode).
2699:HW_Lib/STM32H7/HAL_Lib/STM32H7xx_HAL_Driver/Src/stm32h7xx_hal_spi.c ****   * @param  hspi SPI handle.
2700:HW_Lib/STM32H7/HAL_Lib/STM32H7xx_HAL_Driver/Src/stm32h7xx_hal_spi.c ****   * @note   This procedure could be used for aborting any ongoing transfer (Tx and Rx),
2701:HW_Lib/STM32H7/HAL_Lib/STM32H7xx_HAL_Driver/Src/stm32h7xx_hal_spi.c ****   *         started in Interrupt or DMA mode.
2702:HW_Lib/STM32H7/HAL_Lib/STM32H7xx_HAL_Driver/Src/stm32h7xx_hal_spi.c ****   * @note   This procedure performs following operations :
2703:HW_Lib/STM32H7/HAL_Lib/STM32H7xx_HAL_Driver/Src/stm32h7xx_hal_spi.c ****   *          + Disable SPI Interrupts (depending of transfer direction)
2704:HW_Lib/STM32H7/HAL_Lib/STM32H7xx_HAL_Driver/Src/stm32h7xx_hal_spi.c ****   *          + Disable the DMA transfer in the peripheral register (if enabled)
2705:HW_Lib/STM32H7/HAL_Lib/STM32H7xx_HAL_Driver/Src/stm32h7xx_hal_spi.c ****   *          + Abort DMA transfer by calling HAL_DMA_Abort_IT (in case of transfer in DMA mode)
2706:HW_Lib/STM32H7/HAL_Lib/STM32H7xx_HAL_Driver/Src/stm32h7xx_hal_spi.c ****   *          + Set handle State to READY
2707:HW_Lib/STM32H7/HAL_Lib/STM32H7xx_HAL_Driver/Src/stm32h7xx_hal_spi.c ****   *          + At abort completion, call user abort complete callback.
2708:HW_Lib/STM32H7/HAL_Lib/STM32H7xx_HAL_Driver/Src/stm32h7xx_hal_spi.c ****   * @note   This procedure is executed in Interrupt mode, meaning that abort procedure could be
2709:HW_Lib/STM32H7/HAL_Lib/STM32H7xx_HAL_Driver/Src/stm32h7xx_hal_spi.c ****   *         considered as completed only when user abort complete callback is executed (not when ex
2710:HW_Lib/STM32H7/HAL_Lib/STM32H7xx_HAL_Driver/Src/stm32h7xx_hal_spi.c ****   * @retval HAL status
2711:HW_Lib/STM32H7/HAL_Lib/STM32H7xx_HAL_Driver/Src/stm32h7xx_hal_spi.c ****   */
2712:HW_Lib/STM32H7/HAL_Lib/STM32H7xx_HAL_Driver/Src/stm32h7xx_hal_spi.c **** HAL_StatusTypeDef HAL_SPI_Abort_IT(SPI_HandleTypeDef *hspi)
2713:HW_Lib/STM32H7/HAL_Lib/STM32H7xx_HAL_Driver/Src/stm32h7xx_hal_spi.c **** {
 5531              		.loc 1 2713 1
 5532              		.cfi_startproc
 5533              		@ args = 0, pretend = 0, frame = 24
 5534              		@ frame_needed = 1, uses_anonymous_args = 0
 5535 0000 80B5     		push	{r7, lr}
 5536              	.LCFI74:
 5537              		.cfi_def_cfa_offset 8
 5538              		.cfi_offset 7, -8
 5539              		.cfi_offset 14, -4
ARM GAS  C:\Users\HUAV\AppData\Local\Temp\ccYQlmuE.s 			page 146


 5540 0002 86B0     		sub	sp, sp, #24
 5541              	.LCFI75:
 5542              		.cfi_def_cfa_offset 32
 5543 0004 00AF     		add	r7, sp, #0
 5544              	.LCFI76:
 5545              		.cfi_def_cfa_register 7
 5546 0006 7860     		str	r0, [r7, #4]
2714:HW_Lib/STM32H7/HAL_Lib/STM32H7xx_HAL_Driver/Src/stm32h7xx_hal_spi.c ****   HAL_StatusTypeDef errorcode;
2715:HW_Lib/STM32H7/HAL_Lib/STM32H7xx_HAL_Driver/Src/stm32h7xx_hal_spi.c ****   __IO uint32_t count;
2716:HW_Lib/STM32H7/HAL_Lib/STM32H7xx_HAL_Driver/Src/stm32h7xx_hal_spi.c ****   uint32_t dma_tx_abort_done = 1UL;
 5547              		.loc 1 2716 12
 5548 0008 0123     		movs	r3, #1
 5549 000a 3B61     		str	r3, [r7, #16]
2717:HW_Lib/STM32H7/HAL_Lib/STM32H7xx_HAL_Driver/Src/stm32h7xx_hal_spi.c ****   uint32_t dma_rx_abort_done = 1UL;
 5550              		.loc 1 2717 12
 5551 000c 0123     		movs	r3, #1
 5552 000e FB60     		str	r3, [r7, #12]
2718:HW_Lib/STM32H7/HAL_Lib/STM32H7xx_HAL_Driver/Src/stm32h7xx_hal_spi.c **** 
2719:HW_Lib/STM32H7/HAL_Lib/STM32H7xx_HAL_Driver/Src/stm32h7xx_hal_spi.c ****   /* Set hspi->state to aborting to avoid any interaction */
2720:HW_Lib/STM32H7/HAL_Lib/STM32H7xx_HAL_Driver/Src/stm32h7xx_hal_spi.c ****   hspi->State = HAL_SPI_STATE_ABORT;
 5553              		.loc 1 2720 15
 5554 0010 7B68     		ldr	r3, [r7, #4]
 5555 0012 0722     		movs	r2, #7
 5556 0014 83F88120 		strb	r2, [r3, #129]
2721:HW_Lib/STM32H7/HAL_Lib/STM32H7xx_HAL_Driver/Src/stm32h7xx_hal_spi.c **** 
2722:HW_Lib/STM32H7/HAL_Lib/STM32H7xx_HAL_Driver/Src/stm32h7xx_hal_spi.c ****   /* Initialized local variable  */
2723:HW_Lib/STM32H7/HAL_Lib/STM32H7xx_HAL_Driver/Src/stm32h7xx_hal_spi.c ****   errorcode = HAL_OK;
 5557              		.loc 1 2723 13
 5558 0018 0023     		movs	r3, #0
 5559 001a FB75     		strb	r3, [r7, #23]
2724:HW_Lib/STM32H7/HAL_Lib/STM32H7xx_HAL_Driver/Src/stm32h7xx_hal_spi.c ****   count = SPI_DEFAULT_TIMEOUT * (SystemCoreClock / 24UL / 1000UL);
 5560              		.loc 1 2724 57
 5561 001c 554B     		ldr	r3, .L271
 5562 001e 1B68     		ldr	r3, [r3]
 5563 0020 554A     		ldr	r2, .L271+4
 5564 0022 A2FB0323 		umull	r2, r3, r2, r3
 5565 0026 5B0A     		lsrs	r3, r3, #9
 5566              		.loc 1 2724 31
 5567 0028 6422     		movs	r2, #100
 5568 002a 02FB03F3 		mul	r3, r2, r3
 5569              		.loc 1 2724 9
 5570 002e BB60     		str	r3, [r7, #8]
2725:HW_Lib/STM32H7/HAL_Lib/STM32H7xx_HAL_Driver/Src/stm32h7xx_hal_spi.c **** 
2726:HW_Lib/STM32H7/HAL_Lib/STM32H7xx_HAL_Driver/Src/stm32h7xx_hal_spi.c ****   /* If master communication on going, make sure current frame is done before closing the connectio
2727:HW_Lib/STM32H7/HAL_Lib/STM32H7xx_HAL_Driver/Src/stm32h7xx_hal_spi.c ****   if (HAL_IS_BIT_SET(hspi->Instance->CR1, SPI_CR1_CSTART))
 5571              		.loc 1 2727 7
 5572 0030 7B68     		ldr	r3, [r7, #4]
 5573 0032 1B68     		ldr	r3, [r3]
 5574 0034 1B68     		ldr	r3, [r3]
 5575 0036 03F40073 		and	r3, r3, #512
 5576              		.loc 1 2727 6
 5577 003a B3F5007F 		cmp	r3, #512
 5578 003e 1ED1     		bne	.L260
2728:HW_Lib/STM32H7/HAL_Lib/STM32H7xx_HAL_Driver/Src/stm32h7xx_hal_spi.c ****   {
2729:HW_Lib/STM32H7/HAL_Lib/STM32H7xx_HAL_Driver/Src/stm32h7xx_hal_spi.c ****     SET_BIT(hspi->Instance->CR1, SPI_CR1_CSUSP);
 5579              		.loc 1 2729 5
 5580 0040 7B68     		ldr	r3, [r7, #4]
ARM GAS  C:\Users\HUAV\AppData\Local\Temp\ccYQlmuE.s 			page 147


 5581 0042 1B68     		ldr	r3, [r3]
 5582 0044 1A68     		ldr	r2, [r3]
 5583 0046 7B68     		ldr	r3, [r7, #4]
 5584 0048 1B68     		ldr	r3, [r3]
 5585 004a 42F48062 		orr	r2, r2, #1024
 5586 004e 1A60     		str	r2, [r3]
 5587              	.L262:
2730:HW_Lib/STM32H7/HAL_Lib/STM32H7xx_HAL_Driver/Src/stm32h7xx_hal_spi.c ****     do
2731:HW_Lib/STM32H7/HAL_Lib/STM32H7xx_HAL_Driver/Src/stm32h7xx_hal_spi.c ****     {
2732:HW_Lib/STM32H7/HAL_Lib/STM32H7xx_HAL_Driver/Src/stm32h7xx_hal_spi.c ****       count--;
 5588              		.loc 1 2732 12
 5589 0050 BB68     		ldr	r3, [r7, #8]
 5590 0052 013B     		subs	r3, r3, #1
 5591 0054 BB60     		str	r3, [r7, #8]
2733:HW_Lib/STM32H7/HAL_Lib/STM32H7xx_HAL_Driver/Src/stm32h7xx_hal_spi.c ****       if (count == 0UL)
 5592              		.loc 1 2733 17
 5593 0056 BB68     		ldr	r3, [r7, #8]
 5594              		.loc 1 2733 10
 5595 0058 002B     		cmp	r3, #0
 5596 005a 08D1     		bne	.L261
2734:HW_Lib/STM32H7/HAL_Lib/STM32H7xx_HAL_Driver/Src/stm32h7xx_hal_spi.c ****       {
2735:HW_Lib/STM32H7/HAL_Lib/STM32H7xx_HAL_Driver/Src/stm32h7xx_hal_spi.c ****         SET_BIT(hspi->ErrorCode, HAL_SPI_ERROR_ABORT);
 5597              		.loc 1 2735 9
 5598 005c 7B68     		ldr	r3, [r7, #4]
 5599 005e D3F88430 		ldr	r3, [r3, #132]
 5600 0062 43F04002 		orr	r2, r3, #64
 5601 0066 7B68     		ldr	r3, [r7, #4]
 5602 0068 C3F88420 		str	r2, [r3, #132]
2736:HW_Lib/STM32H7/HAL_Lib/STM32H7xx_HAL_Driver/Src/stm32h7xx_hal_spi.c ****         break;
 5603              		.loc 1 2736 9
 5604 006c 07E0     		b	.L260
 5605              	.L261:
2737:HW_Lib/STM32H7/HAL_Lib/STM32H7xx_HAL_Driver/Src/stm32h7xx_hal_spi.c ****       }
2738:HW_Lib/STM32H7/HAL_Lib/STM32H7xx_HAL_Driver/Src/stm32h7xx_hal_spi.c ****     } while (HAL_IS_BIT_SET(hspi->Instance->CR1, SPI_CR1_CSTART));
 5606              		.loc 1 2738 14
 5607 006e 7B68     		ldr	r3, [r7, #4]
 5608 0070 1B68     		ldr	r3, [r3]
 5609 0072 1B68     		ldr	r3, [r3]
 5610 0074 03F40073 		and	r3, r3, #512
 5611              		.loc 1 2738 5
 5612 0078 B3F5007F 		cmp	r3, #512
 5613 007c E8D0     		beq	.L262
 5614              	.L260:
2739:HW_Lib/STM32H7/HAL_Lib/STM32H7xx_HAL_Driver/Src/stm32h7xx_hal_spi.c ****   }
2740:HW_Lib/STM32H7/HAL_Lib/STM32H7xx_HAL_Driver/Src/stm32h7xx_hal_spi.c **** 
2741:HW_Lib/STM32H7/HAL_Lib/STM32H7xx_HAL_Driver/Src/stm32h7xx_hal_spi.c ****   /* If DMA Tx and/or DMA Rx Handles are associated to SPI Handle, DMA Abort complete callbacks sho
2742:HW_Lib/STM32H7/HAL_Lib/STM32H7xx_HAL_Driver/Src/stm32h7xx_hal_spi.c ****      before any call to DMA Abort functions */
2743:HW_Lib/STM32H7/HAL_Lib/STM32H7xx_HAL_Driver/Src/stm32h7xx_hal_spi.c **** 
2744:HW_Lib/STM32H7/HAL_Lib/STM32H7xx_HAL_Driver/Src/stm32h7xx_hal_spi.c ****   if (hspi->hdmatx != NULL)
 5615              		.loc 1 2744 11
 5616 007e 7B68     		ldr	r3, [r7, #4]
 5617 0080 9B6F     		ldr	r3, [r3, #120]
 5618              		.loc 1 2744 6
 5619 0082 002B     		cmp	r3, #0
 5620 0084 28D0     		beq	.L263
2745:HW_Lib/STM32H7/HAL_Lib/STM32H7xx_HAL_Driver/Src/stm32h7xx_hal_spi.c ****   {
2746:HW_Lib/STM32H7/HAL_Lib/STM32H7xx_HAL_Driver/Src/stm32h7xx_hal_spi.c ****     if (HAL_IS_BIT_SET(hspi->Instance->CFG1, SPI_CFG1_TXDMAEN))
ARM GAS  C:\Users\HUAV\AppData\Local\Temp\ccYQlmuE.s 			page 148


 5621              		.loc 1 2746 9
 5622 0086 7B68     		ldr	r3, [r7, #4]
 5623 0088 1B68     		ldr	r3, [r3]
 5624 008a 9B68     		ldr	r3, [r3, #8]
 5625 008c 03F40043 		and	r3, r3, #32768
 5626              		.loc 1 2746 8
 5627 0090 B3F5004F 		cmp	r3, #32768
 5628 0094 1CD1     		bne	.L264
2747:HW_Lib/STM32H7/HAL_Lib/STM32H7xx_HAL_Driver/Src/stm32h7xx_hal_spi.c ****     {
2748:HW_Lib/STM32H7/HAL_Lib/STM32H7xx_HAL_Driver/Src/stm32h7xx_hal_spi.c ****       /* Set DMA Abort Complete callback if SPI DMA Tx request if enabled */
2749:HW_Lib/STM32H7/HAL_Lib/STM32H7xx_HAL_Driver/Src/stm32h7xx_hal_spi.c ****       hspi->hdmatx->XferAbortCallback = SPI_DMATxAbortCallback;
 5629              		.loc 1 2749 11
 5630 0096 7B68     		ldr	r3, [r7, #4]
 5631 0098 9B6F     		ldr	r3, [r3, #120]
 5632              		.loc 1 2749 39
 5633 009a 384A     		ldr	r2, .L271+8
 5634 009c 1A65     		str	r2, [r3, #80]
2750:HW_Lib/STM32H7/HAL_Lib/STM32H7xx_HAL_Driver/Src/stm32h7xx_hal_spi.c **** 
2751:HW_Lib/STM32H7/HAL_Lib/STM32H7xx_HAL_Driver/Src/stm32h7xx_hal_spi.c ****       dma_tx_abort_done = 0UL;
 5635              		.loc 1 2751 25
 5636 009e 0023     		movs	r3, #0
 5637 00a0 3B61     		str	r3, [r7, #16]
2752:HW_Lib/STM32H7/HAL_Lib/STM32H7xx_HAL_Driver/Src/stm32h7xx_hal_spi.c **** 
2753:HW_Lib/STM32H7/HAL_Lib/STM32H7xx_HAL_Driver/Src/stm32h7xx_hal_spi.c ****       /* Abort DMA Tx Handle linked to SPI Peripheral */
2754:HW_Lib/STM32H7/HAL_Lib/STM32H7xx_HAL_Driver/Src/stm32h7xx_hal_spi.c ****       if (HAL_DMA_Abort_IT(hspi->hdmatx) != HAL_OK)
 5638              		.loc 1 2754 11
 5639 00a2 7B68     		ldr	r3, [r7, #4]
 5640 00a4 9B6F     		ldr	r3, [r3, #120]
 5641 00a6 1846     		mov	r0, r3
 5642 00a8 FFF7FEFF 		bl	HAL_DMA_Abort_IT
 5643 00ac 0346     		mov	r3, r0
 5644              		.loc 1 2754 10
 5645 00ae 002B     		cmp	r3, #0
 5646 00b0 12D0     		beq	.L263
2755:HW_Lib/STM32H7/HAL_Lib/STM32H7xx_HAL_Driver/Src/stm32h7xx_hal_spi.c ****       {
2756:HW_Lib/STM32H7/HAL_Lib/STM32H7xx_HAL_Driver/Src/stm32h7xx_hal_spi.c ****         if (HAL_DMA_GetError(hspi->hdmatx) == HAL_DMA_ERROR_NO_XFER)
 5647              		.loc 1 2756 13
 5648 00b2 7B68     		ldr	r3, [r7, #4]
 5649 00b4 9B6F     		ldr	r3, [r3, #120]
 5650 00b6 1846     		mov	r0, r3
 5651 00b8 FFF7FEFF 		bl	HAL_DMA_GetError
 5652 00bc 0346     		mov	r3, r0
 5653              		.loc 1 2756 12
 5654 00be 802B     		cmp	r3, #128
 5655 00c0 0AD1     		bne	.L263
2757:HW_Lib/STM32H7/HAL_Lib/STM32H7xx_HAL_Driver/Src/stm32h7xx_hal_spi.c ****         {
2758:HW_Lib/STM32H7/HAL_Lib/STM32H7xx_HAL_Driver/Src/stm32h7xx_hal_spi.c ****           dma_tx_abort_done = 1UL;
 5656              		.loc 1 2758 29
 5657 00c2 0123     		movs	r3, #1
 5658 00c4 3B61     		str	r3, [r7, #16]
2759:HW_Lib/STM32H7/HAL_Lib/STM32H7xx_HAL_Driver/Src/stm32h7xx_hal_spi.c ****           hspi->hdmatx->XferAbortCallback = NULL;
 5659              		.loc 1 2759 15
 5660 00c6 7B68     		ldr	r3, [r7, #4]
 5661 00c8 9B6F     		ldr	r3, [r3, #120]
 5662              		.loc 1 2759 43
 5663 00ca 0022     		movs	r2, #0
 5664 00cc 1A65     		str	r2, [r3, #80]
ARM GAS  C:\Users\HUAV\AppData\Local\Temp\ccYQlmuE.s 			page 149


 5665 00ce 03E0     		b	.L263
 5666              	.L264:
2760:HW_Lib/STM32H7/HAL_Lib/STM32H7xx_HAL_Driver/Src/stm32h7xx_hal_spi.c ****         }
2761:HW_Lib/STM32H7/HAL_Lib/STM32H7xx_HAL_Driver/Src/stm32h7xx_hal_spi.c ****       }
2762:HW_Lib/STM32H7/HAL_Lib/STM32H7xx_HAL_Driver/Src/stm32h7xx_hal_spi.c ****     }
2763:HW_Lib/STM32H7/HAL_Lib/STM32H7xx_HAL_Driver/Src/stm32h7xx_hal_spi.c ****     else
2764:HW_Lib/STM32H7/HAL_Lib/STM32H7xx_HAL_Driver/Src/stm32h7xx_hal_spi.c ****     {
2765:HW_Lib/STM32H7/HAL_Lib/STM32H7xx_HAL_Driver/Src/stm32h7xx_hal_spi.c ****       hspi->hdmatx->XferAbortCallback = NULL;
 5667              		.loc 1 2765 11
 5668 00d0 7B68     		ldr	r3, [r7, #4]
 5669 00d2 9B6F     		ldr	r3, [r3, #120]
 5670              		.loc 1 2765 39
 5671 00d4 0022     		movs	r2, #0
 5672 00d6 1A65     		str	r2, [r3, #80]
 5673              	.L263:
2766:HW_Lib/STM32H7/HAL_Lib/STM32H7xx_HAL_Driver/Src/stm32h7xx_hal_spi.c ****     }
2767:HW_Lib/STM32H7/HAL_Lib/STM32H7xx_HAL_Driver/Src/stm32h7xx_hal_spi.c ****   }
2768:HW_Lib/STM32H7/HAL_Lib/STM32H7xx_HAL_Driver/Src/stm32h7xx_hal_spi.c **** 
2769:HW_Lib/STM32H7/HAL_Lib/STM32H7xx_HAL_Driver/Src/stm32h7xx_hal_spi.c ****   if (hspi->hdmarx != NULL)
 5674              		.loc 1 2769 11
 5675 00d8 7B68     		ldr	r3, [r7, #4]
 5676 00da DB6F     		ldr	r3, [r3, #124]
 5677              		.loc 1 2769 6
 5678 00dc 002B     		cmp	r3, #0
 5679 00de 28D0     		beq	.L265
2770:HW_Lib/STM32H7/HAL_Lib/STM32H7xx_HAL_Driver/Src/stm32h7xx_hal_spi.c ****   {
2771:HW_Lib/STM32H7/HAL_Lib/STM32H7xx_HAL_Driver/Src/stm32h7xx_hal_spi.c ****     if (HAL_IS_BIT_SET(hspi->Instance->CFG1, SPI_CFG1_RXDMAEN))
 5680              		.loc 1 2771 9
 5681 00e0 7B68     		ldr	r3, [r7, #4]
 5682 00e2 1B68     		ldr	r3, [r3]
 5683 00e4 9B68     		ldr	r3, [r3, #8]
 5684 00e6 03F48043 		and	r3, r3, #16384
 5685              		.loc 1 2771 8
 5686 00ea B3F5804F 		cmp	r3, #16384
 5687 00ee 1CD1     		bne	.L266
2772:HW_Lib/STM32H7/HAL_Lib/STM32H7xx_HAL_Driver/Src/stm32h7xx_hal_spi.c ****     {
2773:HW_Lib/STM32H7/HAL_Lib/STM32H7xx_HAL_Driver/Src/stm32h7xx_hal_spi.c ****       /* Set DMA Abort Complete callback if SPI DMA Rx request if enabled */
2774:HW_Lib/STM32H7/HAL_Lib/STM32H7xx_HAL_Driver/Src/stm32h7xx_hal_spi.c ****       hspi->hdmarx->XferAbortCallback = SPI_DMARxAbortCallback;
 5688              		.loc 1 2774 11
 5689 00f0 7B68     		ldr	r3, [r7, #4]
 5690 00f2 DB6F     		ldr	r3, [r3, #124]
 5691              		.loc 1 2774 39
 5692 00f4 224A     		ldr	r2, .L271+12
 5693 00f6 1A65     		str	r2, [r3, #80]
2775:HW_Lib/STM32H7/HAL_Lib/STM32H7xx_HAL_Driver/Src/stm32h7xx_hal_spi.c **** 
2776:HW_Lib/STM32H7/HAL_Lib/STM32H7xx_HAL_Driver/Src/stm32h7xx_hal_spi.c ****       dma_rx_abort_done = 0UL;
 5694              		.loc 1 2776 25
 5695 00f8 0023     		movs	r3, #0
 5696 00fa FB60     		str	r3, [r7, #12]
2777:HW_Lib/STM32H7/HAL_Lib/STM32H7xx_HAL_Driver/Src/stm32h7xx_hal_spi.c **** 
2778:HW_Lib/STM32H7/HAL_Lib/STM32H7xx_HAL_Driver/Src/stm32h7xx_hal_spi.c ****       /* Abort DMA Rx Handle linked to SPI Peripheral */
2779:HW_Lib/STM32H7/HAL_Lib/STM32H7xx_HAL_Driver/Src/stm32h7xx_hal_spi.c ****       if (HAL_DMA_Abort_IT(hspi->hdmarx) != HAL_OK)
 5697              		.loc 1 2779 11
 5698 00fc 7B68     		ldr	r3, [r7, #4]
 5699 00fe DB6F     		ldr	r3, [r3, #124]
 5700 0100 1846     		mov	r0, r3
 5701 0102 FFF7FEFF 		bl	HAL_DMA_Abort_IT
ARM GAS  C:\Users\HUAV\AppData\Local\Temp\ccYQlmuE.s 			page 150


 5702 0106 0346     		mov	r3, r0
 5703              		.loc 1 2779 10
 5704 0108 002B     		cmp	r3, #0
 5705 010a 12D0     		beq	.L265
2780:HW_Lib/STM32H7/HAL_Lib/STM32H7xx_HAL_Driver/Src/stm32h7xx_hal_spi.c ****       {
2781:HW_Lib/STM32H7/HAL_Lib/STM32H7xx_HAL_Driver/Src/stm32h7xx_hal_spi.c ****         if (HAL_DMA_GetError(hspi->hdmarx) == HAL_DMA_ERROR_NO_XFER)
 5706              		.loc 1 2781 13
 5707 010c 7B68     		ldr	r3, [r7, #4]
 5708 010e DB6F     		ldr	r3, [r3, #124]
 5709 0110 1846     		mov	r0, r3
 5710 0112 FFF7FEFF 		bl	HAL_DMA_GetError
 5711 0116 0346     		mov	r3, r0
 5712              		.loc 1 2781 12
 5713 0118 802B     		cmp	r3, #128
 5714 011a 0AD1     		bne	.L265
2782:HW_Lib/STM32H7/HAL_Lib/STM32H7xx_HAL_Driver/Src/stm32h7xx_hal_spi.c ****         {
2783:HW_Lib/STM32H7/HAL_Lib/STM32H7xx_HAL_Driver/Src/stm32h7xx_hal_spi.c ****           dma_rx_abort_done = 1UL;
 5715              		.loc 1 2783 29
 5716 011c 0123     		movs	r3, #1
 5717 011e FB60     		str	r3, [r7, #12]
2784:HW_Lib/STM32H7/HAL_Lib/STM32H7xx_HAL_Driver/Src/stm32h7xx_hal_spi.c ****           hspi->hdmarx->XferAbortCallback = NULL;
 5718              		.loc 1 2784 15
 5719 0120 7B68     		ldr	r3, [r7, #4]
 5720 0122 DB6F     		ldr	r3, [r3, #124]
 5721              		.loc 1 2784 43
 5722 0124 0022     		movs	r2, #0
 5723 0126 1A65     		str	r2, [r3, #80]
 5724 0128 03E0     		b	.L265
 5725              	.L266:
2785:HW_Lib/STM32H7/HAL_Lib/STM32H7xx_HAL_Driver/Src/stm32h7xx_hal_spi.c ****         }
2786:HW_Lib/STM32H7/HAL_Lib/STM32H7xx_HAL_Driver/Src/stm32h7xx_hal_spi.c ****       }
2787:HW_Lib/STM32H7/HAL_Lib/STM32H7xx_HAL_Driver/Src/stm32h7xx_hal_spi.c ****     }
2788:HW_Lib/STM32H7/HAL_Lib/STM32H7xx_HAL_Driver/Src/stm32h7xx_hal_spi.c ****     else
2789:HW_Lib/STM32H7/HAL_Lib/STM32H7xx_HAL_Driver/Src/stm32h7xx_hal_spi.c ****     {
2790:HW_Lib/STM32H7/HAL_Lib/STM32H7xx_HAL_Driver/Src/stm32h7xx_hal_spi.c ****       hspi->hdmarx->XferAbortCallback = NULL;
 5726              		.loc 1 2790 11
 5727 012a 7B68     		ldr	r3, [r7, #4]
 5728 012c DB6F     		ldr	r3, [r3, #124]
 5729              		.loc 1 2790 39
 5730 012e 0022     		movs	r2, #0
 5731 0130 1A65     		str	r2, [r3, #80]
 5732              	.L265:
2791:HW_Lib/STM32H7/HAL_Lib/STM32H7xx_HAL_Driver/Src/stm32h7xx_hal_spi.c ****     }
2792:HW_Lib/STM32H7/HAL_Lib/STM32H7xx_HAL_Driver/Src/stm32h7xx_hal_spi.c ****   }
2793:HW_Lib/STM32H7/HAL_Lib/STM32H7xx_HAL_Driver/Src/stm32h7xx_hal_spi.c **** 
2794:HW_Lib/STM32H7/HAL_Lib/STM32H7xx_HAL_Driver/Src/stm32h7xx_hal_spi.c ****   /* If no running DMA transfer, finish cleanup and call callbacks */
2795:HW_Lib/STM32H7/HAL_Lib/STM32H7xx_HAL_Driver/Src/stm32h7xx_hal_spi.c ****   if ((dma_tx_abort_done == 1UL) && (dma_rx_abort_done == 1UL))
 5733              		.loc 1 2795 6
 5734 0132 3B69     		ldr	r3, [r7, #16]
 5735 0134 012B     		cmp	r3, #1
 5736 0136 18D1     		bne	.L267
 5737              		.loc 1 2795 34 discriminator 1
 5738 0138 FB68     		ldr	r3, [r7, #12]
 5739 013a 012B     		cmp	r3, #1
 5740 013c 15D1     		bne	.L267
2796:HW_Lib/STM32H7/HAL_Lib/STM32H7xx_HAL_Driver/Src/stm32h7xx_hal_spi.c ****   {
2797:HW_Lib/STM32H7/HAL_Lib/STM32H7xx_HAL_Driver/Src/stm32h7xx_hal_spi.c ****     /* Proceed with abort procedure */
ARM GAS  C:\Users\HUAV\AppData\Local\Temp\ccYQlmuE.s 			page 151


2798:HW_Lib/STM32H7/HAL_Lib/STM32H7xx_HAL_Driver/Src/stm32h7xx_hal_spi.c ****     SPI_AbortTransfer(hspi);
 5741              		.loc 1 2798 5
 5742 013e 7868     		ldr	r0, [r7, #4]
 5743 0140 FFF7FEFF 		bl	SPI_AbortTransfer
2799:HW_Lib/STM32H7/HAL_Lib/STM32H7xx_HAL_Driver/Src/stm32h7xx_hal_spi.c **** 
2800:HW_Lib/STM32H7/HAL_Lib/STM32H7xx_HAL_Driver/Src/stm32h7xx_hal_spi.c ****     /* Check error during Abort procedure */
2801:HW_Lib/STM32H7/HAL_Lib/STM32H7xx_HAL_Driver/Src/stm32h7xx_hal_spi.c ****     if (hspi->ErrorCode == HAL_SPI_ERROR_ABORT)
 5744              		.loc 1 2801 13
 5745 0144 7B68     		ldr	r3, [r7, #4]
 5746 0146 D3F88430 		ldr	r3, [r3, #132]
 5747              		.loc 1 2801 8
 5748 014a 402B     		cmp	r3, #64
 5749 014c 02D1     		bne	.L268
2802:HW_Lib/STM32H7/HAL_Lib/STM32H7xx_HAL_Driver/Src/stm32h7xx_hal_spi.c ****     {
2803:HW_Lib/STM32H7/HAL_Lib/STM32H7xx_HAL_Driver/Src/stm32h7xx_hal_spi.c ****       /* return HAL_Error in case of error during Abort procedure */
2804:HW_Lib/STM32H7/HAL_Lib/STM32H7xx_HAL_Driver/Src/stm32h7xx_hal_spi.c ****       errorcode = HAL_ERROR;
 5750              		.loc 1 2804 17
 5751 014e 0123     		movs	r3, #1
 5752 0150 FB75     		strb	r3, [r7, #23]
 5753 0152 03E0     		b	.L269
 5754              	.L268:
2805:HW_Lib/STM32H7/HAL_Lib/STM32H7xx_HAL_Driver/Src/stm32h7xx_hal_spi.c ****     }
2806:HW_Lib/STM32H7/HAL_Lib/STM32H7xx_HAL_Driver/Src/stm32h7xx_hal_spi.c ****     else
2807:HW_Lib/STM32H7/HAL_Lib/STM32H7xx_HAL_Driver/Src/stm32h7xx_hal_spi.c ****     {
2808:HW_Lib/STM32H7/HAL_Lib/STM32H7xx_HAL_Driver/Src/stm32h7xx_hal_spi.c ****       /* Reset errorCode */
2809:HW_Lib/STM32H7/HAL_Lib/STM32H7xx_HAL_Driver/Src/stm32h7xx_hal_spi.c ****       hspi->ErrorCode = HAL_SPI_ERROR_NONE;
 5755              		.loc 1 2809 23
 5756 0154 7B68     		ldr	r3, [r7, #4]
 5757 0156 0022     		movs	r2, #0
 5758 0158 C3F88420 		str	r2, [r3, #132]
 5759              	.L269:
2810:HW_Lib/STM32H7/HAL_Lib/STM32H7xx_HAL_Driver/Src/stm32h7xx_hal_spi.c ****     }
2811:HW_Lib/STM32H7/HAL_Lib/STM32H7xx_HAL_Driver/Src/stm32h7xx_hal_spi.c **** 
2812:HW_Lib/STM32H7/HAL_Lib/STM32H7xx_HAL_Driver/Src/stm32h7xx_hal_spi.c ****     /* Restore hspi->state to ready */
2813:HW_Lib/STM32H7/HAL_Lib/STM32H7xx_HAL_Driver/Src/stm32h7xx_hal_spi.c ****     hspi->State = HAL_SPI_STATE_READY;
 5760              		.loc 1 2813 17
 5761 015c 7B68     		ldr	r3, [r7, #4]
 5762 015e 0122     		movs	r2, #1
 5763 0160 83F88120 		strb	r2, [r3, #129]
2814:HW_Lib/STM32H7/HAL_Lib/STM32H7xx_HAL_Driver/Src/stm32h7xx_hal_spi.c **** 
2815:HW_Lib/STM32H7/HAL_Lib/STM32H7xx_HAL_Driver/Src/stm32h7xx_hal_spi.c ****     /* Call user Abort complete callback */
2816:HW_Lib/STM32H7/HAL_Lib/STM32H7xx_HAL_Driver/Src/stm32h7xx_hal_spi.c **** #if (USE_HAL_SPI_REGISTER_CALLBACKS == 1UL)
2817:HW_Lib/STM32H7/HAL_Lib/STM32H7xx_HAL_Driver/Src/stm32h7xx_hal_spi.c ****     hspi->AbortCpltCallback(hspi);
2818:HW_Lib/STM32H7/HAL_Lib/STM32H7xx_HAL_Driver/Src/stm32h7xx_hal_spi.c **** #else
2819:HW_Lib/STM32H7/HAL_Lib/STM32H7xx_HAL_Driver/Src/stm32h7xx_hal_spi.c ****     HAL_SPI_AbortCpltCallback(hspi);
 5764              		.loc 1 2819 5
 5765 0164 7868     		ldr	r0, [r7, #4]
 5766 0166 FFF7FEFF 		bl	HAL_SPI_AbortCpltCallback
 5767              	.L267:
2820:HW_Lib/STM32H7/HAL_Lib/STM32H7xx_HAL_Driver/Src/stm32h7xx_hal_spi.c **** #endif /* USE_HAL_SPI_REGISTER_CALLBACKS */
2821:HW_Lib/STM32H7/HAL_Lib/STM32H7xx_HAL_Driver/Src/stm32h7xx_hal_spi.c ****   }
2822:HW_Lib/STM32H7/HAL_Lib/STM32H7xx_HAL_Driver/Src/stm32h7xx_hal_spi.c **** 
2823:HW_Lib/STM32H7/HAL_Lib/STM32H7xx_HAL_Driver/Src/stm32h7xx_hal_spi.c ****   return errorcode;
 5768              		.loc 1 2823 10
 5769 016a FB7D     		ldrb	r3, [r7, #23]	@ zero_extendqisi2
2824:HW_Lib/STM32H7/HAL_Lib/STM32H7xx_HAL_Driver/Src/stm32h7xx_hal_spi.c **** }
 5770              		.loc 1 2824 1
ARM GAS  C:\Users\HUAV\AppData\Local\Temp\ccYQlmuE.s 			page 152


 5771 016c 1846     		mov	r0, r3
 5772 016e 1837     		adds	r7, r7, #24
 5773              	.LCFI77:
 5774              		.cfi_def_cfa_offset 8
 5775 0170 BD46     		mov	sp, r7
 5776              	.LCFI78:
 5777              		.cfi_def_cfa_register 13
 5778              		@ sp needed
 5779 0172 80BD     		pop	{r7, pc}
 5780              	.L272:
 5781              		.align	2
 5782              	.L271:
 5783 0174 00000000 		.word	SystemCoreClock
 5784 0178 F1197605 		.word	91625969
 5785 017c 00000000 		.word	SPI_DMATxAbortCallback
 5786 0180 00000000 		.word	SPI_DMARxAbortCallback
 5787              		.cfi_endproc
 5788              	.LFE347:
 5790              		.section	.text.HAL_SPI_DMAPause,"ax",%progbits
 5791              		.align	1
 5792              		.global	HAL_SPI_DMAPause
 5793              		.syntax unified
 5794              		.thumb
 5795              		.thumb_func
 5797              	HAL_SPI_DMAPause:
 5798              	.LFB348:
2825:HW_Lib/STM32H7/HAL_Lib/STM32H7xx_HAL_Driver/Src/stm32h7xx_hal_spi.c **** 
2826:HW_Lib/STM32H7/HAL_Lib/STM32H7xx_HAL_Driver/Src/stm32h7xx_hal_spi.c **** /**
2827:HW_Lib/STM32H7/HAL_Lib/STM32H7xx_HAL_Driver/Src/stm32h7xx_hal_spi.c ****   * @brief  Pause the DMA Transfer.
2828:HW_Lib/STM32H7/HAL_Lib/STM32H7xx_HAL_Driver/Src/stm32h7xx_hal_spi.c ****   *         This API is not supported, it is maintained for backward compatibility.
2829:HW_Lib/STM32H7/HAL_Lib/STM32H7xx_HAL_Driver/Src/stm32h7xx_hal_spi.c ****   * @param  hspi: pointer to a SPI_HandleTypeDef structure that contains
2830:HW_Lib/STM32H7/HAL_Lib/STM32H7xx_HAL_Driver/Src/stm32h7xx_hal_spi.c ****   *               the configuration information for the specified SPI module.
2831:HW_Lib/STM32H7/HAL_Lib/STM32H7xx_HAL_Driver/Src/stm32h7xx_hal_spi.c ****   * @retval HAL_ERROR
2832:HW_Lib/STM32H7/HAL_Lib/STM32H7xx_HAL_Driver/Src/stm32h7xx_hal_spi.c ****   */
2833:HW_Lib/STM32H7/HAL_Lib/STM32H7xx_HAL_Driver/Src/stm32h7xx_hal_spi.c **** HAL_StatusTypeDef HAL_SPI_DMAPause(SPI_HandleTypeDef *hspi)
2834:HW_Lib/STM32H7/HAL_Lib/STM32H7xx_HAL_Driver/Src/stm32h7xx_hal_spi.c **** {
 5799              		.loc 1 2834 1
 5800              		.cfi_startproc
 5801              		@ args = 0, pretend = 0, frame = 8
 5802              		@ frame_needed = 1, uses_anonymous_args = 0
 5803              		@ link register save eliminated.
 5804 0000 80B4     		push	{r7}
 5805              	.LCFI79:
 5806              		.cfi_def_cfa_offset 4
 5807              		.cfi_offset 7, -4
 5808 0002 83B0     		sub	sp, sp, #12
 5809              	.LCFI80:
 5810              		.cfi_def_cfa_offset 16
 5811 0004 00AF     		add	r7, sp, #0
 5812              	.LCFI81:
 5813              		.cfi_def_cfa_register 7
 5814 0006 7860     		str	r0, [r7, #4]
2835:HW_Lib/STM32H7/HAL_Lib/STM32H7xx_HAL_Driver/Src/stm32h7xx_hal_spi.c ****   /* Set error code to not supported */
2836:HW_Lib/STM32H7/HAL_Lib/STM32H7xx_HAL_Driver/Src/stm32h7xx_hal_spi.c ****   SET_BIT(hspi->ErrorCode, HAL_SPI_ERROR_NOT_SUPPORTED);
 5815              		.loc 1 2836 3
 5816 0008 7B68     		ldr	r3, [r7, #4]
 5817 000a D3F88430 		ldr	r3, [r3, #132]
ARM GAS  C:\Users\HUAV\AppData\Local\Temp\ccYQlmuE.s 			page 153


 5818 000e 43F48062 		orr	r2, r3, #1024
 5819 0012 7B68     		ldr	r3, [r7, #4]
 5820 0014 C3F88420 		str	r2, [r3, #132]
2837:HW_Lib/STM32H7/HAL_Lib/STM32H7xx_HAL_Driver/Src/stm32h7xx_hal_spi.c **** 
2838:HW_Lib/STM32H7/HAL_Lib/STM32H7xx_HAL_Driver/Src/stm32h7xx_hal_spi.c ****   return HAL_ERROR;
 5821              		.loc 1 2838 10
 5822 0018 0123     		movs	r3, #1
2839:HW_Lib/STM32H7/HAL_Lib/STM32H7xx_HAL_Driver/Src/stm32h7xx_hal_spi.c **** }
 5823              		.loc 1 2839 1
 5824 001a 1846     		mov	r0, r3
 5825 001c 0C37     		adds	r7, r7, #12
 5826              	.LCFI82:
 5827              		.cfi_def_cfa_offset 4
 5828 001e BD46     		mov	sp, r7
 5829              	.LCFI83:
 5830              		.cfi_def_cfa_register 13
 5831              		@ sp needed
 5832 0020 5DF8047B 		ldr	r7, [sp], #4
 5833              	.LCFI84:
 5834              		.cfi_restore 7
 5835              		.cfi_def_cfa_offset 0
 5836 0024 7047     		bx	lr
 5837              		.cfi_endproc
 5838              	.LFE348:
 5840              		.section	.text.HAL_SPI_DMAResume,"ax",%progbits
 5841              		.align	1
 5842              		.global	HAL_SPI_DMAResume
 5843              		.syntax unified
 5844              		.thumb
 5845              		.thumb_func
 5847              	HAL_SPI_DMAResume:
 5848              	.LFB349:
2840:HW_Lib/STM32H7/HAL_Lib/STM32H7xx_HAL_Driver/Src/stm32h7xx_hal_spi.c **** 
2841:HW_Lib/STM32H7/HAL_Lib/STM32H7xx_HAL_Driver/Src/stm32h7xx_hal_spi.c **** /**
2842:HW_Lib/STM32H7/HAL_Lib/STM32H7xx_HAL_Driver/Src/stm32h7xx_hal_spi.c ****   * @brief  Resume the DMA Transfer.
2843:HW_Lib/STM32H7/HAL_Lib/STM32H7xx_HAL_Driver/Src/stm32h7xx_hal_spi.c ****   *         This API is not supported, it is maintained for backward compatibility.
2844:HW_Lib/STM32H7/HAL_Lib/STM32H7xx_HAL_Driver/Src/stm32h7xx_hal_spi.c ****   * @param  hspi: pointer to a SPI_HandleTypeDef structure that contains
2845:HW_Lib/STM32H7/HAL_Lib/STM32H7xx_HAL_Driver/Src/stm32h7xx_hal_spi.c ****   *               the configuration information for the specified SPI module.
2846:HW_Lib/STM32H7/HAL_Lib/STM32H7xx_HAL_Driver/Src/stm32h7xx_hal_spi.c ****   * @retval HAL_ERROR
2847:HW_Lib/STM32H7/HAL_Lib/STM32H7xx_HAL_Driver/Src/stm32h7xx_hal_spi.c ****   */
2848:HW_Lib/STM32H7/HAL_Lib/STM32H7xx_HAL_Driver/Src/stm32h7xx_hal_spi.c **** HAL_StatusTypeDef HAL_SPI_DMAResume(SPI_HandleTypeDef *hspi)
2849:HW_Lib/STM32H7/HAL_Lib/STM32H7xx_HAL_Driver/Src/stm32h7xx_hal_spi.c **** {
 5849              		.loc 1 2849 1
 5850              		.cfi_startproc
 5851              		@ args = 0, pretend = 0, frame = 8
 5852              		@ frame_needed = 1, uses_anonymous_args = 0
 5853              		@ link register save eliminated.
 5854 0000 80B4     		push	{r7}
 5855              	.LCFI85:
 5856              		.cfi_def_cfa_offset 4
 5857              		.cfi_offset 7, -4
 5858 0002 83B0     		sub	sp, sp, #12
 5859              	.LCFI86:
 5860              		.cfi_def_cfa_offset 16
 5861 0004 00AF     		add	r7, sp, #0
 5862              	.LCFI87:
 5863              		.cfi_def_cfa_register 7
ARM GAS  C:\Users\HUAV\AppData\Local\Temp\ccYQlmuE.s 			page 154


 5864 0006 7860     		str	r0, [r7, #4]
2850:HW_Lib/STM32H7/HAL_Lib/STM32H7xx_HAL_Driver/Src/stm32h7xx_hal_spi.c ****   /* Set error code to not supported */
2851:HW_Lib/STM32H7/HAL_Lib/STM32H7xx_HAL_Driver/Src/stm32h7xx_hal_spi.c ****   SET_BIT(hspi->ErrorCode, HAL_SPI_ERROR_NOT_SUPPORTED);
 5865              		.loc 1 2851 3
 5866 0008 7B68     		ldr	r3, [r7, #4]
 5867 000a D3F88430 		ldr	r3, [r3, #132]
 5868 000e 43F48062 		orr	r2, r3, #1024
 5869 0012 7B68     		ldr	r3, [r7, #4]
 5870 0014 C3F88420 		str	r2, [r3, #132]
2852:HW_Lib/STM32H7/HAL_Lib/STM32H7xx_HAL_Driver/Src/stm32h7xx_hal_spi.c **** 
2853:HW_Lib/STM32H7/HAL_Lib/STM32H7xx_HAL_Driver/Src/stm32h7xx_hal_spi.c ****   return HAL_ERROR;
 5871              		.loc 1 2853 10
 5872 0018 0123     		movs	r3, #1
2854:HW_Lib/STM32H7/HAL_Lib/STM32H7xx_HAL_Driver/Src/stm32h7xx_hal_spi.c **** }
 5873              		.loc 1 2854 1
 5874 001a 1846     		mov	r0, r3
 5875 001c 0C37     		adds	r7, r7, #12
 5876              	.LCFI88:
 5877              		.cfi_def_cfa_offset 4
 5878 001e BD46     		mov	sp, r7
 5879              	.LCFI89:
 5880              		.cfi_def_cfa_register 13
 5881              		@ sp needed
 5882 0020 5DF8047B 		ldr	r7, [sp], #4
 5883              	.LCFI90:
 5884              		.cfi_restore 7
 5885              		.cfi_def_cfa_offset 0
 5886 0024 7047     		bx	lr
 5887              		.cfi_endproc
 5888              	.LFE349:
 5890              		.section	.text.HAL_SPI_DMAStop,"ax",%progbits
 5891              		.align	1
 5892              		.global	HAL_SPI_DMAStop
 5893              		.syntax unified
 5894              		.thumb
 5895              		.thumb_func
 5897              	HAL_SPI_DMAStop:
 5898              	.LFB350:
2855:HW_Lib/STM32H7/HAL_Lib/STM32H7xx_HAL_Driver/Src/stm32h7xx_hal_spi.c **** 
2856:HW_Lib/STM32H7/HAL_Lib/STM32H7xx_HAL_Driver/Src/stm32h7xx_hal_spi.c **** /**
2857:HW_Lib/STM32H7/HAL_Lib/STM32H7xx_HAL_Driver/Src/stm32h7xx_hal_spi.c ****   * @brief  Stop the DMA Transfer.
2858:HW_Lib/STM32H7/HAL_Lib/STM32H7xx_HAL_Driver/Src/stm32h7xx_hal_spi.c ****   *         This API is not supported, it is maintained for backward compatibility.
2859:HW_Lib/STM32H7/HAL_Lib/STM32H7xx_HAL_Driver/Src/stm32h7xx_hal_spi.c ****   * @param  hspi: pointer to a SPI_HandleTypeDef structure that contains
2860:HW_Lib/STM32H7/HAL_Lib/STM32H7xx_HAL_Driver/Src/stm32h7xx_hal_spi.c ****   *               the configuration information for the specified SPI module.
2861:HW_Lib/STM32H7/HAL_Lib/STM32H7xx_HAL_Driver/Src/stm32h7xx_hal_spi.c ****   * @retval HAL_ERROR
2862:HW_Lib/STM32H7/HAL_Lib/STM32H7xx_HAL_Driver/Src/stm32h7xx_hal_spi.c ****   */
2863:HW_Lib/STM32H7/HAL_Lib/STM32H7xx_HAL_Driver/Src/stm32h7xx_hal_spi.c **** HAL_StatusTypeDef HAL_SPI_DMAStop(SPI_HandleTypeDef *hspi)
2864:HW_Lib/STM32H7/HAL_Lib/STM32H7xx_HAL_Driver/Src/stm32h7xx_hal_spi.c **** {
 5899              		.loc 1 2864 1
 5900              		.cfi_startproc
 5901              		@ args = 0, pretend = 0, frame = 8
 5902              		@ frame_needed = 1, uses_anonymous_args = 0
 5903              		@ link register save eliminated.
 5904 0000 80B4     		push	{r7}
 5905              	.LCFI91:
 5906              		.cfi_def_cfa_offset 4
 5907              		.cfi_offset 7, -4
ARM GAS  C:\Users\HUAV\AppData\Local\Temp\ccYQlmuE.s 			page 155


 5908 0002 83B0     		sub	sp, sp, #12
 5909              	.LCFI92:
 5910              		.cfi_def_cfa_offset 16
 5911 0004 00AF     		add	r7, sp, #0
 5912              	.LCFI93:
 5913              		.cfi_def_cfa_register 7
 5914 0006 7860     		str	r0, [r7, #4]
2865:HW_Lib/STM32H7/HAL_Lib/STM32H7xx_HAL_Driver/Src/stm32h7xx_hal_spi.c ****   /* Set error code to not supported */
2866:HW_Lib/STM32H7/HAL_Lib/STM32H7xx_HAL_Driver/Src/stm32h7xx_hal_spi.c ****   SET_BIT(hspi->ErrorCode, HAL_SPI_ERROR_NOT_SUPPORTED);
 5915              		.loc 1 2866 3
 5916 0008 7B68     		ldr	r3, [r7, #4]
 5917 000a D3F88430 		ldr	r3, [r3, #132]
 5918 000e 43F48062 		orr	r2, r3, #1024
 5919 0012 7B68     		ldr	r3, [r7, #4]
 5920 0014 C3F88420 		str	r2, [r3, #132]
2867:HW_Lib/STM32H7/HAL_Lib/STM32H7xx_HAL_Driver/Src/stm32h7xx_hal_spi.c **** 
2868:HW_Lib/STM32H7/HAL_Lib/STM32H7xx_HAL_Driver/Src/stm32h7xx_hal_spi.c ****   return HAL_ERROR;
 5921              		.loc 1 2868 10
 5922 0018 0123     		movs	r3, #1
2869:HW_Lib/STM32H7/HAL_Lib/STM32H7xx_HAL_Driver/Src/stm32h7xx_hal_spi.c **** }
 5923              		.loc 1 2869 1
 5924 001a 1846     		mov	r0, r3
 5925 001c 0C37     		adds	r7, r7, #12
 5926              	.LCFI94:
 5927              		.cfi_def_cfa_offset 4
 5928 001e BD46     		mov	sp, r7
 5929              	.LCFI95:
 5930              		.cfi_def_cfa_register 13
 5931              		@ sp needed
 5932 0020 5DF8047B 		ldr	r7, [sp], #4
 5933              	.LCFI96:
 5934              		.cfi_restore 7
 5935              		.cfi_def_cfa_offset 0
 5936 0024 7047     		bx	lr
 5937              		.cfi_endproc
 5938              	.LFE350:
 5940              		.section	.text.HAL_SPI_IRQHandler,"ax",%progbits
 5941              		.align	1
 5942              		.global	HAL_SPI_IRQHandler
 5943              		.syntax unified
 5944              		.thumb
 5945              		.thumb_func
 5947              	HAL_SPI_IRQHandler:
 5948              	.LFB351:
2870:HW_Lib/STM32H7/HAL_Lib/STM32H7xx_HAL_Driver/Src/stm32h7xx_hal_spi.c **** 
2871:HW_Lib/STM32H7/HAL_Lib/STM32H7xx_HAL_Driver/Src/stm32h7xx_hal_spi.c **** /**
2872:HW_Lib/STM32H7/HAL_Lib/STM32H7xx_HAL_Driver/Src/stm32h7xx_hal_spi.c ****   * @brief  Handle SPI interrupt request.
2873:HW_Lib/STM32H7/HAL_Lib/STM32H7xx_HAL_Driver/Src/stm32h7xx_hal_spi.c ****   * @param  hspi: pointer to a SPI_HandleTypeDef structure that contains
2874:HW_Lib/STM32H7/HAL_Lib/STM32H7xx_HAL_Driver/Src/stm32h7xx_hal_spi.c ****   *               the configuration information for the specified SPI module.
2875:HW_Lib/STM32H7/HAL_Lib/STM32H7xx_HAL_Driver/Src/stm32h7xx_hal_spi.c ****   * @retval None
2876:HW_Lib/STM32H7/HAL_Lib/STM32H7xx_HAL_Driver/Src/stm32h7xx_hal_spi.c ****   */
2877:HW_Lib/STM32H7/HAL_Lib/STM32H7xx_HAL_Driver/Src/stm32h7xx_hal_spi.c **** void HAL_SPI_IRQHandler(SPI_HandleTypeDef *hspi)
2878:HW_Lib/STM32H7/HAL_Lib/STM32H7xx_HAL_Driver/Src/stm32h7xx_hal_spi.c **** {
 5949              		.loc 1 2878 1
 5950              		.cfi_startproc
 5951              		@ args = 0, pretend = 0, frame = 40
 5952              		@ frame_needed = 1, uses_anonymous_args = 0
ARM GAS  C:\Users\HUAV\AppData\Local\Temp\ccYQlmuE.s 			page 156


 5953 0000 80B5     		push	{r7, lr}
 5954              	.LCFI97:
 5955              		.cfi_def_cfa_offset 8
 5956              		.cfi_offset 7, -8
 5957              		.cfi_offset 14, -4
 5958 0002 8AB0     		sub	sp, sp, #40
 5959              	.LCFI98:
 5960              		.cfi_def_cfa_offset 48
 5961 0004 00AF     		add	r7, sp, #0
 5962              	.LCFI99:
 5963              		.cfi_def_cfa_register 7
 5964 0006 7860     		str	r0, [r7, #4]
2879:HW_Lib/STM32H7/HAL_Lib/STM32H7xx_HAL_Driver/Src/stm32h7xx_hal_spi.c ****   uint32_t itsource = hspi->Instance->IER;
 5965              		.loc 1 2879 27
 5966 0008 7B68     		ldr	r3, [r7, #4]
 5967 000a 1B68     		ldr	r3, [r3]
 5968              		.loc 1 2879 12
 5969 000c 1B69     		ldr	r3, [r3, #16]
 5970 000e 3B62     		str	r3, [r7, #32]
2880:HW_Lib/STM32H7/HAL_Lib/STM32H7xx_HAL_Driver/Src/stm32h7xx_hal_spi.c ****   uint32_t itflag   = hspi->Instance->SR;
 5971              		.loc 1 2880 27
 5972 0010 7B68     		ldr	r3, [r7, #4]
 5973 0012 1B68     		ldr	r3, [r3]
 5974              		.loc 1 2880 12
 5975 0014 5B69     		ldr	r3, [r3, #20]
 5976 0016 FB61     		str	r3, [r7, #28]
2881:HW_Lib/STM32H7/HAL_Lib/STM32H7xx_HAL_Driver/Src/stm32h7xx_hal_spi.c ****   uint32_t trigger  = itsource & itflag;
 5977              		.loc 1 2881 12
 5978 0018 3A6A     		ldr	r2, [r7, #32]
 5979 001a FB69     		ldr	r3, [r7, #28]
 5980 001c 1340     		ands	r3, r3, r2
 5981 001e BB61     		str	r3, [r7, #24]
2882:HW_Lib/STM32H7/HAL_Lib/STM32H7xx_HAL_Driver/Src/stm32h7xx_hal_spi.c ****   uint32_t cfg1     = hspi->Instance->CFG1;
 5982              		.loc 1 2882 27
 5983 0020 7B68     		ldr	r3, [r7, #4]
 5984 0022 1B68     		ldr	r3, [r3]
 5985              		.loc 1 2882 12
 5986 0024 9B68     		ldr	r3, [r3, #8]
 5987 0026 7B61     		str	r3, [r7, #20]
2883:HW_Lib/STM32H7/HAL_Lib/STM32H7xx_HAL_Driver/Src/stm32h7xx_hal_spi.c ****   uint32_t handled  = 0UL;
 5988              		.loc 1 2883 12
 5989 0028 0023     		movs	r3, #0
 5990 002a 7B62     		str	r3, [r7, #36]
2884:HW_Lib/STM32H7/HAL_Lib/STM32H7xx_HAL_Driver/Src/stm32h7xx_hal_spi.c **** 
2885:HW_Lib/STM32H7/HAL_Lib/STM32H7xx_HAL_Driver/Src/stm32h7xx_hal_spi.c ****   HAL_SPI_StateTypeDef State = hspi->State;
 5991              		.loc 1 2885 24
 5992 002c 7B68     		ldr	r3, [r7, #4]
 5993 002e 93F88130 		ldrb	r3, [r3, #129]
 5994 0032 FB74     		strb	r3, [r7, #19]
2886:HW_Lib/STM32H7/HAL_Lib/STM32H7xx_HAL_Driver/Src/stm32h7xx_hal_spi.c **** #if defined (__GNUC__)
2887:HW_Lib/STM32H7/HAL_Lib/STM32H7xx_HAL_Driver/Src/stm32h7xx_hal_spi.c ****   __IO uint16_t *prxdr_16bits = (__IO uint16_t *)(&(hspi->Instance->RXDR));
 5995              		.loc 1 2887 57
 5996 0034 7B68     		ldr	r3, [r7, #4]
 5997 0036 1B68     		ldr	r3, [r3]
 5998              		.loc 1 2887 18
 5999 0038 3033     		adds	r3, r3, #48
 6000 003a FB60     		str	r3, [r7, #12]
ARM GAS  C:\Users\HUAV\AppData\Local\Temp\ccYQlmuE.s 			page 157


2888:HW_Lib/STM32H7/HAL_Lib/STM32H7xx_HAL_Driver/Src/stm32h7xx_hal_spi.c **** #endif /* __GNUC__ */
2889:HW_Lib/STM32H7/HAL_Lib/STM32H7xx_HAL_Driver/Src/stm32h7xx_hal_spi.c **** 
2890:HW_Lib/STM32H7/HAL_Lib/STM32H7xx_HAL_Driver/Src/stm32h7xx_hal_spi.c **** 
2891:HW_Lib/STM32H7/HAL_Lib/STM32H7xx_HAL_Driver/Src/stm32h7xx_hal_spi.c ****   /* SPI in mode Transmitter and Receiver ------------------------------------*/
2892:HW_Lib/STM32H7/HAL_Lib/STM32H7xx_HAL_Driver/Src/stm32h7xx_hal_spi.c ****   if (HAL_IS_BIT_CLR(trigger, SPI_FLAG_OVR) && HAL_IS_BIT_CLR(trigger, SPI_FLAG_UDR) && \
 6001              		.loc 1 2892 7
 6002 003c BB69     		ldr	r3, [r7, #24]
 6003 003e 03F04003 		and	r3, r3, #64
 6004              		.loc 1 2892 6
 6005 0042 002B     		cmp	r3, #0
 6006 0044 13D1     		bne	.L280
 6007              		.loc 1 2892 48 discriminator 1
 6008 0046 BB69     		ldr	r3, [r7, #24]
 6009 0048 03F02003 		and	r3, r3, #32
 6010              		.loc 1 2892 45 discriminator 1
 6011 004c 002B     		cmp	r3, #0
 6012 004e 0ED1     		bne	.L280
2893:HW_Lib/STM32H7/HAL_Lib/STM32H7xx_HAL_Driver/Src/stm32h7xx_hal_spi.c ****       HAL_IS_BIT_SET(trigger, SPI_FLAG_DXP))
 6013              		.loc 1 2893 7 discriminator 2
 6014 0050 BB69     		ldr	r3, [r7, #24]
 6015 0052 03F00403 		and	r3, r3, #4
2892:HW_Lib/STM32H7/HAL_Lib/STM32H7xx_HAL_Driver/Src/stm32h7xx_hal_spi.c ****       HAL_IS_BIT_SET(trigger, SPI_FLAG_DXP))
 6016              		.loc 1 2892 86 discriminator 2
 6017 0056 002B     		cmp	r3, #0
 6018 0058 09D0     		beq	.L280
2894:HW_Lib/STM32H7/HAL_Lib/STM32H7xx_HAL_Driver/Src/stm32h7xx_hal_spi.c ****   {
2895:HW_Lib/STM32H7/HAL_Lib/STM32H7xx_HAL_Driver/Src/stm32h7xx_hal_spi.c ****     hspi->TxISR(hspi);
 6019              		.loc 1 2895 9
 6020 005a 7B68     		ldr	r3, [r7, #4]
 6021 005c 5B6F     		ldr	r3, [r3, #116]
 6022              		.loc 1 2895 5
 6023 005e 7868     		ldr	r0, [r7, #4]
 6024 0060 9847     		blx	r3
 6025              	.LVL0:
2896:HW_Lib/STM32H7/HAL_Lib/STM32H7xx_HAL_Driver/Src/stm32h7xx_hal_spi.c ****     hspi->RxISR(hspi);
 6026              		.loc 1 2896 9
 6027 0062 7B68     		ldr	r3, [r7, #4]
 6028 0064 1B6F     		ldr	r3, [r3, #112]
 6029              		.loc 1 2896 5
 6030 0066 7868     		ldr	r0, [r7, #4]
 6031 0068 9847     		blx	r3
 6032              	.LVL1:
2897:HW_Lib/STM32H7/HAL_Lib/STM32H7xx_HAL_Driver/Src/stm32h7xx_hal_spi.c ****     handled = 1UL;
 6033              		.loc 1 2897 13
 6034 006a 0123     		movs	r3, #1
 6035 006c 7B62     		str	r3, [r7, #36]
 6036              	.L280:
2898:HW_Lib/STM32H7/HAL_Lib/STM32H7xx_HAL_Driver/Src/stm32h7xx_hal_spi.c ****   }
2899:HW_Lib/STM32H7/HAL_Lib/STM32H7xx_HAL_Driver/Src/stm32h7xx_hal_spi.c **** 
2900:HW_Lib/STM32H7/HAL_Lib/STM32H7xx_HAL_Driver/Src/stm32h7xx_hal_spi.c ****   /* SPI in mode Receiver ----------------------------------------------------*/
2901:HW_Lib/STM32H7/HAL_Lib/STM32H7xx_HAL_Driver/Src/stm32h7xx_hal_spi.c ****   if (HAL_IS_BIT_CLR(trigger, SPI_FLAG_OVR) && HAL_IS_BIT_SET(trigger, SPI_FLAG_RXP) && \
 6037              		.loc 1 2901 7
 6038 006e BB69     		ldr	r3, [r7, #24]
 6039 0070 03F04003 		and	r3, r3, #64
 6040              		.loc 1 2901 6
 6041 0074 002B     		cmp	r3, #0
 6042 0076 0FD1     		bne	.L281
ARM GAS  C:\Users\HUAV\AppData\Local\Temp\ccYQlmuE.s 			page 158


 6043              		.loc 1 2901 48 discriminator 1
 6044 0078 BB69     		ldr	r3, [r7, #24]
 6045 007a 03F00103 		and	r3, r3, #1
 6046              		.loc 1 2901 45 discriminator 1
 6047 007e 002B     		cmp	r3, #0
 6048 0080 0AD0     		beq	.L281
2902:HW_Lib/STM32H7/HAL_Lib/STM32H7xx_HAL_Driver/Src/stm32h7xx_hal_spi.c ****       HAL_IS_BIT_CLR(trigger, SPI_FLAG_DXP))
 6049              		.loc 1 2902 7 discriminator 2
 6050 0082 BB69     		ldr	r3, [r7, #24]
 6051 0084 03F00403 		and	r3, r3, #4
2901:HW_Lib/STM32H7/HAL_Lib/STM32H7xx_HAL_Driver/Src/stm32h7xx_hal_spi.c ****       HAL_IS_BIT_CLR(trigger, SPI_FLAG_DXP))
 6052              		.loc 1 2901 86 discriminator 2
 6053 0088 002B     		cmp	r3, #0
 6054 008a 05D1     		bne	.L281
2903:HW_Lib/STM32H7/HAL_Lib/STM32H7xx_HAL_Driver/Src/stm32h7xx_hal_spi.c ****   {
2904:HW_Lib/STM32H7/HAL_Lib/STM32H7xx_HAL_Driver/Src/stm32h7xx_hal_spi.c ****     hspi->RxISR(hspi);
 6055              		.loc 1 2904 9
 6056 008c 7B68     		ldr	r3, [r7, #4]
 6057 008e 1B6F     		ldr	r3, [r3, #112]
 6058              		.loc 1 2904 5
 6059 0090 7868     		ldr	r0, [r7, #4]
 6060 0092 9847     		blx	r3
 6061              	.LVL2:
2905:HW_Lib/STM32H7/HAL_Lib/STM32H7xx_HAL_Driver/Src/stm32h7xx_hal_spi.c ****     handled = 1UL;
 6062              		.loc 1 2905 13
 6063 0094 0123     		movs	r3, #1
 6064 0096 7B62     		str	r3, [r7, #36]
 6065              	.L281:
2906:HW_Lib/STM32H7/HAL_Lib/STM32H7xx_HAL_Driver/Src/stm32h7xx_hal_spi.c ****   }
2907:HW_Lib/STM32H7/HAL_Lib/STM32H7xx_HAL_Driver/Src/stm32h7xx_hal_spi.c **** 
2908:HW_Lib/STM32H7/HAL_Lib/STM32H7xx_HAL_Driver/Src/stm32h7xx_hal_spi.c ****   /* SPI in mode Transmitter -------------------------------------------------*/
2909:HW_Lib/STM32H7/HAL_Lib/STM32H7xx_HAL_Driver/Src/stm32h7xx_hal_spi.c ****   if (HAL_IS_BIT_CLR(trigger, SPI_FLAG_UDR) && HAL_IS_BIT_SET(trigger, SPI_FLAG_TXP) && \
 6066              		.loc 1 2909 7
 6067 0098 BB69     		ldr	r3, [r7, #24]
 6068 009a 03F02003 		and	r3, r3, #32
 6069              		.loc 1 2909 6
 6070 009e 002B     		cmp	r3, #0
 6071 00a0 0FD1     		bne	.L282
 6072              		.loc 1 2909 48 discriminator 1
 6073 00a2 BB69     		ldr	r3, [r7, #24]
 6074 00a4 03F00203 		and	r3, r3, #2
 6075              		.loc 1 2909 45 discriminator 1
 6076 00a8 002B     		cmp	r3, #0
 6077 00aa 0AD0     		beq	.L282
2910:HW_Lib/STM32H7/HAL_Lib/STM32H7xx_HAL_Driver/Src/stm32h7xx_hal_spi.c ****       HAL_IS_BIT_CLR(trigger, SPI_FLAG_DXP))
 6078              		.loc 1 2910 7 discriminator 2
 6079 00ac BB69     		ldr	r3, [r7, #24]
 6080 00ae 03F00403 		and	r3, r3, #4
2909:HW_Lib/STM32H7/HAL_Lib/STM32H7xx_HAL_Driver/Src/stm32h7xx_hal_spi.c ****       HAL_IS_BIT_CLR(trigger, SPI_FLAG_DXP))
 6081              		.loc 1 2909 86 discriminator 2
 6082 00b2 002B     		cmp	r3, #0
 6083 00b4 05D1     		bne	.L282
2911:HW_Lib/STM32H7/HAL_Lib/STM32H7xx_HAL_Driver/Src/stm32h7xx_hal_spi.c ****   {
2912:HW_Lib/STM32H7/HAL_Lib/STM32H7xx_HAL_Driver/Src/stm32h7xx_hal_spi.c ****     hspi->TxISR(hspi);
 6084              		.loc 1 2912 9
 6085 00b6 7B68     		ldr	r3, [r7, #4]
 6086 00b8 5B6F     		ldr	r3, [r3, #116]
ARM GAS  C:\Users\HUAV\AppData\Local\Temp\ccYQlmuE.s 			page 159


 6087              		.loc 1 2912 5
 6088 00ba 7868     		ldr	r0, [r7, #4]
 6089 00bc 9847     		blx	r3
 6090              	.LVL3:
2913:HW_Lib/STM32H7/HAL_Lib/STM32H7xx_HAL_Driver/Src/stm32h7xx_hal_spi.c ****     handled = 1UL;
 6091              		.loc 1 2913 13
 6092 00be 0123     		movs	r3, #1
 6093 00c0 7B62     		str	r3, [r7, #36]
 6094              	.L282:
2914:HW_Lib/STM32H7/HAL_Lib/STM32H7xx_HAL_Driver/Src/stm32h7xx_hal_spi.c ****   }
2915:HW_Lib/STM32H7/HAL_Lib/STM32H7xx_HAL_Driver/Src/stm32h7xx_hal_spi.c **** 
2916:HW_Lib/STM32H7/HAL_Lib/STM32H7xx_HAL_Driver/Src/stm32h7xx_hal_spi.c **** #if defined(USE_SPI_RELOAD_TRANSFER)
2917:HW_Lib/STM32H7/HAL_Lib/STM32H7xx_HAL_Driver/Src/stm32h7xx_hal_spi.c ****   /* SPI Reload  -------------------------------------------------*/
2918:HW_Lib/STM32H7/HAL_Lib/STM32H7xx_HAL_Driver/Src/stm32h7xx_hal_spi.c ****   if (HAL_IS_BIT_SET(trigger, SPI_FLAG_TSERF))
2919:HW_Lib/STM32H7/HAL_Lib/STM32H7xx_HAL_Driver/Src/stm32h7xx_hal_spi.c ****   {
2920:HW_Lib/STM32H7/HAL_Lib/STM32H7xx_HAL_Driver/Src/stm32h7xx_hal_spi.c ****     hspi->Reload.Requested = 0UL;
2921:HW_Lib/STM32H7/HAL_Lib/STM32H7xx_HAL_Driver/Src/stm32h7xx_hal_spi.c ****     __HAL_SPI_CLEAR_TSERFFLAG(hspi);
2922:HW_Lib/STM32H7/HAL_Lib/STM32H7xx_HAL_Driver/Src/stm32h7xx_hal_spi.c ****   }
2923:HW_Lib/STM32H7/HAL_Lib/STM32H7xx_HAL_Driver/Src/stm32h7xx_hal_spi.c **** #endif /* USE_SPI_RELOAD_TRANSFER */
2924:HW_Lib/STM32H7/HAL_Lib/STM32H7xx_HAL_Driver/Src/stm32h7xx_hal_spi.c **** 
2925:HW_Lib/STM32H7/HAL_Lib/STM32H7xx_HAL_Driver/Src/stm32h7xx_hal_spi.c ****   if (handled != 0UL)
 6095              		.loc 1 2925 6
 6096 00c2 7B6A     		ldr	r3, [r7, #36]
 6097 00c4 002B     		cmp	r3, #0
 6098 00c6 40F06F81 		bne	.L306
2926:HW_Lib/STM32H7/HAL_Lib/STM32H7xx_HAL_Driver/Src/stm32h7xx_hal_spi.c ****   {
2927:HW_Lib/STM32H7/HAL_Lib/STM32H7xx_HAL_Driver/Src/stm32h7xx_hal_spi.c ****     return;
2928:HW_Lib/STM32H7/HAL_Lib/STM32H7xx_HAL_Driver/Src/stm32h7xx_hal_spi.c ****   }
2929:HW_Lib/STM32H7/HAL_Lib/STM32H7xx_HAL_Driver/Src/stm32h7xx_hal_spi.c **** 
2930:HW_Lib/STM32H7/HAL_Lib/STM32H7xx_HAL_Driver/Src/stm32h7xx_hal_spi.c ****   /* SPI End Of Transfer: DMA or IT based transfer */
2931:HW_Lib/STM32H7/HAL_Lib/STM32H7xx_HAL_Driver/Src/stm32h7xx_hal_spi.c ****   if (HAL_IS_BIT_SET(trigger, SPI_FLAG_EOT))
 6099              		.loc 1 2931 7
 6100 00ca BB69     		ldr	r3, [r7, #24]
 6101 00cc 03F00803 		and	r3, r3, #8
 6102              		.loc 1 2931 6
 6103 00d0 002B     		cmp	r3, #0
 6104 00d2 00F0A080 		beq	.L285
2932:HW_Lib/STM32H7/HAL_Lib/STM32H7xx_HAL_Driver/Src/stm32h7xx_hal_spi.c ****   {
2933:HW_Lib/STM32H7/HAL_Lib/STM32H7xx_HAL_Driver/Src/stm32h7xx_hal_spi.c ****     /* Clear EOT/TXTF/SUSP flag */
2934:HW_Lib/STM32H7/HAL_Lib/STM32H7xx_HAL_Driver/Src/stm32h7xx_hal_spi.c ****     __HAL_SPI_CLEAR_EOTFLAG(hspi);
 6105              		.loc 1 2934 5
 6106 00d6 7B68     		ldr	r3, [r7, #4]
 6107 00d8 1B68     		ldr	r3, [r3]
 6108 00da 9A69     		ldr	r2, [r3, #24]
 6109 00dc 7B68     		ldr	r3, [r7, #4]
 6110 00de 1B68     		ldr	r3, [r3]
 6111 00e0 42F00802 		orr	r2, r2, #8
 6112 00e4 9A61     		str	r2, [r3, #24]
2935:HW_Lib/STM32H7/HAL_Lib/STM32H7xx_HAL_Driver/Src/stm32h7xx_hal_spi.c ****     __HAL_SPI_CLEAR_TXTFFLAG(hspi);
 6113              		.loc 1 2935 5
 6114 00e6 7B68     		ldr	r3, [r7, #4]
 6115 00e8 1B68     		ldr	r3, [r3]
 6116 00ea 9A69     		ldr	r2, [r3, #24]
 6117 00ec 7B68     		ldr	r3, [r7, #4]
 6118 00ee 1B68     		ldr	r3, [r3]
 6119 00f0 42F01002 		orr	r2, r2, #16
 6120 00f4 9A61     		str	r2, [r3, #24]
ARM GAS  C:\Users\HUAV\AppData\Local\Temp\ccYQlmuE.s 			page 160


2936:HW_Lib/STM32H7/HAL_Lib/STM32H7xx_HAL_Driver/Src/stm32h7xx_hal_spi.c ****     __HAL_SPI_CLEAR_SUSPFLAG(hspi);
 6121              		.loc 1 2936 5
 6122 00f6 7B68     		ldr	r3, [r7, #4]
 6123 00f8 1B68     		ldr	r3, [r3]
 6124 00fa 9A69     		ldr	r2, [r3, #24]
 6125 00fc 7B68     		ldr	r3, [r7, #4]
 6126 00fe 1B68     		ldr	r3, [r3]
 6127 0100 42F40062 		orr	r2, r2, #2048
 6128 0104 9A61     		str	r2, [r3, #24]
2937:HW_Lib/STM32H7/HAL_Lib/STM32H7xx_HAL_Driver/Src/stm32h7xx_hal_spi.c **** 
2938:HW_Lib/STM32H7/HAL_Lib/STM32H7xx_HAL_Driver/Src/stm32h7xx_hal_spi.c ****     /* Disable EOT interrupt */
2939:HW_Lib/STM32H7/HAL_Lib/STM32H7xx_HAL_Driver/Src/stm32h7xx_hal_spi.c ****     __HAL_SPI_DISABLE_IT(hspi, SPI_IT_EOT);
 6129              		.loc 1 2939 5
 6130 0106 7B68     		ldr	r3, [r7, #4]
 6131 0108 1B68     		ldr	r3, [r3]
 6132 010a 1A69     		ldr	r2, [r3, #16]
 6133 010c 7B68     		ldr	r3, [r7, #4]
 6134 010e 1B68     		ldr	r3, [r3]
 6135 0110 22F00802 		bic	r2, r2, #8
 6136 0114 1A61     		str	r2, [r3, #16]
2940:HW_Lib/STM32H7/HAL_Lib/STM32H7xx_HAL_Driver/Src/stm32h7xx_hal_spi.c **** 
2941:HW_Lib/STM32H7/HAL_Lib/STM32H7xx_HAL_Driver/Src/stm32h7xx_hal_spi.c ****     /* DMA Normal Mode */
2942:HW_Lib/STM32H7/HAL_Lib/STM32H7xx_HAL_Driver/Src/stm32h7xx_hal_spi.c ****     if (HAL_IS_BIT_CLR(cfg1, SPI_CFG1_TXDMAEN | SPI_CFG1_RXDMAEN) ||
 6137              		.loc 1 2942 9
 6138 0116 7B69     		ldr	r3, [r7, #20]
 6139 0118 03F44043 		and	r3, r3, #49152
 6140              		.loc 1 2942 8
 6141 011c 002B     		cmp	r3, #0
 6142 011e 0FD0     		beq	.L286
 6143              		.loc 1 2942 67 discriminator 1
 6144 0120 FB7C     		ldrb	r3, [r7, #19]	@ zero_extendqisi2
 6145 0122 042B     		cmp	r3, #4
 6146 0124 04D0     		beq	.L287
2943:HW_Lib/STM32H7/HAL_Lib/STM32H7xx_HAL_Driver/Src/stm32h7xx_hal_spi.c ****         ((State != HAL_SPI_STATE_BUSY_RX) && (hspi->hdmatx->Init.Mode == DMA_NORMAL)) ||
 6147              		.loc 1 2943 51
 6148 0126 7B68     		ldr	r3, [r7, #4]
 6149 0128 9B6F     		ldr	r3, [r3, #120]
 6150              		.loc 1 2943 65
 6151 012a DB69     		ldr	r3, [r3, #28]
 6152              		.loc 1 2943 43
 6153 012c 002B     		cmp	r3, #0
 6154 012e 07D0     		beq	.L286
 6155              	.L287:
 6156              		.loc 1 2943 87 discriminator 1
 6157 0130 FB7C     		ldrb	r3, [r7, #19]	@ zero_extendqisi2
 6158 0132 032B     		cmp	r3, #3
 6159 0134 59D0     		beq	.L288
2944:HW_Lib/STM32H7/HAL_Lib/STM32H7xx_HAL_Driver/Src/stm32h7xx_hal_spi.c ****         ((State != HAL_SPI_STATE_BUSY_TX) && (hspi->hdmarx->Init.Mode == DMA_NORMAL)))
 6160              		.loc 1 2944 51
 6161 0136 7B68     		ldr	r3, [r7, #4]
 6162 0138 DB6F     		ldr	r3, [r3, #124]
 6163              		.loc 1 2944 65
 6164 013a DB69     		ldr	r3, [r3, #28]
 6165              		.loc 1 2944 43
 6166 013c 002B     		cmp	r3, #0
 6167 013e 54D1     		bne	.L288
 6168              	.L286:
ARM GAS  C:\Users\HUAV\AppData\Local\Temp\ccYQlmuE.s 			page 161


2945:HW_Lib/STM32H7/HAL_Lib/STM32H7xx_HAL_Driver/Src/stm32h7xx_hal_spi.c ****     {
2946:HW_Lib/STM32H7/HAL_Lib/STM32H7xx_HAL_Driver/Src/stm32h7xx_hal_spi.c ****       /* For the IT based receive extra polling maybe required for last packet */
2947:HW_Lib/STM32H7/HAL_Lib/STM32H7xx_HAL_Driver/Src/stm32h7xx_hal_spi.c ****       if (HAL_IS_BIT_CLR(hspi->Instance->CFG1, SPI_CFG1_TXDMAEN | SPI_CFG1_RXDMAEN))
 6169              		.loc 1 2947 11
 6170 0140 7B68     		ldr	r3, [r7, #4]
 6171 0142 1B68     		ldr	r3, [r3]
 6172 0144 9B68     		ldr	r3, [r3, #8]
 6173 0146 03F44043 		and	r3, r3, #49152
 6174              		.loc 1 2947 10
 6175 014a 002B     		cmp	r3, #0
 6176 014c 3DD1     		bne	.L289
2948:HW_Lib/STM32H7/HAL_Lib/STM32H7xx_HAL_Driver/Src/stm32h7xx_hal_spi.c ****       {
2949:HW_Lib/STM32H7/HAL_Lib/STM32H7xx_HAL_Driver/Src/stm32h7xx_hal_spi.c ****         /* Pooling remaining data */
2950:HW_Lib/STM32H7/HAL_Lib/STM32H7xx_HAL_Driver/Src/stm32h7xx_hal_spi.c ****         while (hspi->RxXferCount != 0UL)
 6177              		.loc 1 2950 15
 6178 014e 36E0     		b	.L290
 6179              	.L294:
2951:HW_Lib/STM32H7/HAL_Lib/STM32H7xx_HAL_Driver/Src/stm32h7xx_hal_spi.c ****         {
2952:HW_Lib/STM32H7/HAL_Lib/STM32H7xx_HAL_Driver/Src/stm32h7xx_hal_spi.c ****           /* Receive data in 32 Bit mode */
2953:HW_Lib/STM32H7/HAL_Lib/STM32H7xx_HAL_Driver/Src/stm32h7xx_hal_spi.c ****           if (hspi->Init.DataSize > SPI_DATASIZE_16BIT)
 6180              		.loc 1 2953 25
 6181 0150 7B68     		ldr	r3, [r7, #4]
 6182 0152 DB68     		ldr	r3, [r3, #12]
 6183              		.loc 1 2953 14
 6184 0154 0F2B     		cmp	r3, #15
 6185 0156 0BD9     		bls	.L291
2954:HW_Lib/STM32H7/HAL_Lib/STM32H7xx_HAL_Driver/Src/stm32h7xx_hal_spi.c ****           {
2955:HW_Lib/STM32H7/HAL_Lib/STM32H7xx_HAL_Driver/Src/stm32h7xx_hal_spi.c ****             *((uint32_t *)hspi->pRxBuffPtr) = *((__IO uint32_t *)&hspi->Instance->RXDR);
 6186              		.loc 1 2955 71
 6187 0158 7B68     		ldr	r3, [r7, #4]
 6188 015a 1A68     		ldr	r2, [r3]
 6189              		.loc 1 2955 31
 6190 015c 7B68     		ldr	r3, [r7, #4]
 6191 015e 5B6E     		ldr	r3, [r3, #100]
 6192              		.loc 1 2955 47
 6193 0160 126B     		ldr	r2, [r2, #48]
 6194              		.loc 1 2955 45
 6195 0162 1A60     		str	r2, [r3]
2956:HW_Lib/STM32H7/HAL_Lib/STM32H7xx_HAL_Driver/Src/stm32h7xx_hal_spi.c ****             hspi->pRxBuffPtr += sizeof(uint32_t);
 6196              		.loc 1 2956 30
 6197 0164 7B68     		ldr	r3, [r7, #4]
 6198 0166 5B6E     		ldr	r3, [r3, #100]
 6199 0168 1A1D     		adds	r2, r3, #4
 6200 016a 7B68     		ldr	r3, [r7, #4]
 6201 016c 5A66     		str	r2, [r3, #100]
 6202 016e 1DE0     		b	.L292
 6203              	.L291:
2957:HW_Lib/STM32H7/HAL_Lib/STM32H7xx_HAL_Driver/Src/stm32h7xx_hal_spi.c ****           }
2958:HW_Lib/STM32H7/HAL_Lib/STM32H7xx_HAL_Driver/Src/stm32h7xx_hal_spi.c ****           /* Receive data in 16 Bit mode */
2959:HW_Lib/STM32H7/HAL_Lib/STM32H7xx_HAL_Driver/Src/stm32h7xx_hal_spi.c ****           else if (hspi->Init.DataSize > SPI_DATASIZE_8BIT)
 6204              		.loc 1 2959 30
 6205 0170 7B68     		ldr	r3, [r7, #4]
 6206 0172 DB68     		ldr	r3, [r3, #12]
 6207              		.loc 1 2959 19
 6208 0174 072B     		cmp	r3, #7
 6209 0176 0BD9     		bls	.L293
2960:HW_Lib/STM32H7/HAL_Lib/STM32H7xx_HAL_Driver/Src/stm32h7xx_hal_spi.c ****           {
ARM GAS  C:\Users\HUAV\AppData\Local\Temp\ccYQlmuE.s 			page 162


2961:HW_Lib/STM32H7/HAL_Lib/STM32H7xx_HAL_Driver/Src/stm32h7xx_hal_spi.c **** #if defined (__GNUC__)
2962:HW_Lib/STM32H7/HAL_Lib/STM32H7xx_HAL_Driver/Src/stm32h7xx_hal_spi.c ****             *((uint16_t *)hspi->pRxBuffPtr) = *prxdr_16bits;
 6210              		.loc 1 2962 31
 6211 0178 7B68     		ldr	r3, [r7, #4]
 6212 017a 5B6E     		ldr	r3, [r3, #100]
 6213              		.loc 1 2962 47
 6214 017c FA68     		ldr	r2, [r7, #12]
 6215 017e 1288     		ldrh	r2, [r2]	@ movhi
 6216 0180 92B2     		uxth	r2, r2
 6217              		.loc 1 2962 45
 6218 0182 1A80     		strh	r2, [r3]	@ movhi
2963:HW_Lib/STM32H7/HAL_Lib/STM32H7xx_HAL_Driver/Src/stm32h7xx_hal_spi.c **** #else
2964:HW_Lib/STM32H7/HAL_Lib/STM32H7xx_HAL_Driver/Src/stm32h7xx_hal_spi.c ****             *((uint16_t *)hspi->pRxBuffPtr) = *((__IO uint16_t *)&hspi->Instance->RXDR);
2965:HW_Lib/STM32H7/HAL_Lib/STM32H7xx_HAL_Driver/Src/stm32h7xx_hal_spi.c **** #endif /* __GNUC__ */
2966:HW_Lib/STM32H7/HAL_Lib/STM32H7xx_HAL_Driver/Src/stm32h7xx_hal_spi.c ****             hspi->pRxBuffPtr += sizeof(uint16_t);
 6219              		.loc 1 2966 30
 6220 0184 7B68     		ldr	r3, [r7, #4]
 6221 0186 5B6E     		ldr	r3, [r3, #100]
 6222 0188 9A1C     		adds	r2, r3, #2
 6223 018a 7B68     		ldr	r3, [r7, #4]
 6224 018c 5A66     		str	r2, [r3, #100]
 6225 018e 0DE0     		b	.L292
 6226              	.L293:
2967:HW_Lib/STM32H7/HAL_Lib/STM32H7xx_HAL_Driver/Src/stm32h7xx_hal_spi.c ****           }
2968:HW_Lib/STM32H7/HAL_Lib/STM32H7xx_HAL_Driver/Src/stm32h7xx_hal_spi.c ****           /* Receive data in 8 Bit mode */
2969:HW_Lib/STM32H7/HAL_Lib/STM32H7xx_HAL_Driver/Src/stm32h7xx_hal_spi.c ****           else
2970:HW_Lib/STM32H7/HAL_Lib/STM32H7xx_HAL_Driver/Src/stm32h7xx_hal_spi.c ****           {
2971:HW_Lib/STM32H7/HAL_Lib/STM32H7xx_HAL_Driver/Src/stm32h7xx_hal_spi.c ****             *((uint8_t *)hspi->pRxBuffPtr) = *((__IO uint8_t *)&hspi->Instance->RXDR);
 6227              		.loc 1 2971 69
 6228 0190 7B68     		ldr	r3, [r7, #4]
 6229 0192 1B68     		ldr	r3, [r3]
 6230              		.loc 1 2971 64
 6231 0194 03F13002 		add	r2, r3, #48
 6232              		.loc 1 2971 30
 6233 0198 7B68     		ldr	r3, [r7, #4]
 6234 019a 5B6E     		ldr	r3, [r3, #100]
 6235              		.loc 1 2971 46
 6236 019c 1278     		ldrb	r2, [r2]
 6237 019e D2B2     		uxtb	r2, r2
 6238              		.loc 1 2971 44
 6239 01a0 1A70     		strb	r2, [r3]
2972:HW_Lib/STM32H7/HAL_Lib/STM32H7xx_HAL_Driver/Src/stm32h7xx_hal_spi.c ****             hspi->pRxBuffPtr += sizeof(uint8_t);
 6240              		.loc 1 2972 30
 6241 01a2 7B68     		ldr	r3, [r7, #4]
 6242 01a4 5B6E     		ldr	r3, [r3, #100]
 6243 01a6 5A1C     		adds	r2, r3, #1
 6244 01a8 7B68     		ldr	r3, [r7, #4]
 6245 01aa 5A66     		str	r2, [r3, #100]
 6246              	.L292:
2973:HW_Lib/STM32H7/HAL_Lib/STM32H7xx_HAL_Driver/Src/stm32h7xx_hal_spi.c ****           }
2974:HW_Lib/STM32H7/HAL_Lib/STM32H7xx_HAL_Driver/Src/stm32h7xx_hal_spi.c **** 
2975:HW_Lib/STM32H7/HAL_Lib/STM32H7xx_HAL_Driver/Src/stm32h7xx_hal_spi.c ****           hspi->RxXferCount--;
 6247              		.loc 1 2975 15
 6248 01ac 7B68     		ldr	r3, [r7, #4]
 6249 01ae B3F86A30 		ldrh	r3, [r3, #106]	@ movhi
 6250 01b2 9BB2     		uxth	r3, r3
 6251              		.loc 1 2975 28
ARM GAS  C:\Users\HUAV\AppData\Local\Temp\ccYQlmuE.s 			page 163


 6252 01b4 013B     		subs	r3, r3, #1
 6253 01b6 9AB2     		uxth	r2, r3
 6254 01b8 7B68     		ldr	r3, [r7, #4]
 6255 01ba A3F86A20 		strh	r2, [r3, #106]	@ movhi
 6256              	.L290:
2950:HW_Lib/STM32H7/HAL_Lib/STM32H7xx_HAL_Driver/Src/stm32h7xx_hal_spi.c ****         {
 6257              		.loc 1 2950 20
 6258 01be 7B68     		ldr	r3, [r7, #4]
 6259 01c0 B3F86A30 		ldrh	r3, [r3, #106]	@ movhi
 6260 01c4 9BB2     		uxth	r3, r3
2950:HW_Lib/STM32H7/HAL_Lib/STM32H7xx_HAL_Driver/Src/stm32h7xx_hal_spi.c ****         {
 6261              		.loc 1 2950 15
 6262 01c6 002B     		cmp	r3, #0
 6263 01c8 C2D1     		bne	.L294
 6264              	.L289:
2976:HW_Lib/STM32H7/HAL_Lib/STM32H7xx_HAL_Driver/Src/stm32h7xx_hal_spi.c ****         }
2977:HW_Lib/STM32H7/HAL_Lib/STM32H7xx_HAL_Driver/Src/stm32h7xx_hal_spi.c ****       }
2978:HW_Lib/STM32H7/HAL_Lib/STM32H7xx_HAL_Driver/Src/stm32h7xx_hal_spi.c **** 
2979:HW_Lib/STM32H7/HAL_Lib/STM32H7xx_HAL_Driver/Src/stm32h7xx_hal_spi.c ****       /* Call SPI Standard close procedure */
2980:HW_Lib/STM32H7/HAL_Lib/STM32H7xx_HAL_Driver/Src/stm32h7xx_hal_spi.c ****       SPI_CloseTransfer(hspi);
 6265              		.loc 1 2980 7
 6266 01ca 7868     		ldr	r0, [r7, #4]
 6267 01cc FFF7FEFF 		bl	SPI_CloseTransfer
2981:HW_Lib/STM32H7/HAL_Lib/STM32H7xx_HAL_Driver/Src/stm32h7xx_hal_spi.c **** 
2982:HW_Lib/STM32H7/HAL_Lib/STM32H7xx_HAL_Driver/Src/stm32h7xx_hal_spi.c ****       hspi->State = HAL_SPI_STATE_READY;
 6268              		.loc 1 2982 19
 6269 01d0 7B68     		ldr	r3, [r7, #4]
 6270 01d2 0122     		movs	r2, #1
 6271 01d4 83F88120 		strb	r2, [r3, #129]
2983:HW_Lib/STM32H7/HAL_Lib/STM32H7xx_HAL_Driver/Src/stm32h7xx_hal_spi.c ****       if (hspi->ErrorCode != HAL_SPI_ERROR_NONE)
 6272              		.loc 1 2983 15
 6273 01d8 7B68     		ldr	r3, [r7, #4]
 6274 01da D3F88430 		ldr	r3, [r3, #132]
 6275              		.loc 1 2983 10
 6276 01de 002B     		cmp	r3, #0
 6277 01e0 03D0     		beq	.L288
2984:HW_Lib/STM32H7/HAL_Lib/STM32H7xx_HAL_Driver/Src/stm32h7xx_hal_spi.c ****       {
2985:HW_Lib/STM32H7/HAL_Lib/STM32H7xx_HAL_Driver/Src/stm32h7xx_hal_spi.c **** #if (USE_HAL_SPI_REGISTER_CALLBACKS == 1UL)
2986:HW_Lib/STM32H7/HAL_Lib/STM32H7xx_HAL_Driver/Src/stm32h7xx_hal_spi.c ****         hspi->ErrorCallback(hspi);
2987:HW_Lib/STM32H7/HAL_Lib/STM32H7xx_HAL_Driver/Src/stm32h7xx_hal_spi.c **** #else
2988:HW_Lib/STM32H7/HAL_Lib/STM32H7xx_HAL_Driver/Src/stm32h7xx_hal_spi.c ****         HAL_SPI_ErrorCallback(hspi);
 6278              		.loc 1 2988 9
 6279 01e2 7868     		ldr	r0, [r7, #4]
 6280 01e4 FFF7FEFF 		bl	HAL_SPI_ErrorCallback
2989:HW_Lib/STM32H7/HAL_Lib/STM32H7xx_HAL_Driver/Src/stm32h7xx_hal_spi.c **** #endif /* USE_HAL_SPI_REGISTER_CALLBACKS */
2990:HW_Lib/STM32H7/HAL_Lib/STM32H7xx_HAL_Driver/Src/stm32h7xx_hal_spi.c ****         return;
 6281              		.loc 1 2990 9
 6282 01e8 E3E0     		b	.L279
 6283              	.L288:
2991:HW_Lib/STM32H7/HAL_Lib/STM32H7xx_HAL_Driver/Src/stm32h7xx_hal_spi.c ****       }
2992:HW_Lib/STM32H7/HAL_Lib/STM32H7xx_HAL_Driver/Src/stm32h7xx_hal_spi.c ****     }
2993:HW_Lib/STM32H7/HAL_Lib/STM32H7xx_HAL_Driver/Src/stm32h7xx_hal_spi.c **** 
2994:HW_Lib/STM32H7/HAL_Lib/STM32H7xx_HAL_Driver/Src/stm32h7xx_hal_spi.c **** #if (USE_HAL_SPI_REGISTER_CALLBACKS == 1UL)
2995:HW_Lib/STM32H7/HAL_Lib/STM32H7xx_HAL_Driver/Src/stm32h7xx_hal_spi.c ****     /* Call appropriate user callback */
2996:HW_Lib/STM32H7/HAL_Lib/STM32H7xx_HAL_Driver/Src/stm32h7xx_hal_spi.c ****     if (State == HAL_SPI_STATE_BUSY_TX_RX)
2997:HW_Lib/STM32H7/HAL_Lib/STM32H7xx_HAL_Driver/Src/stm32h7xx_hal_spi.c ****     {
2998:HW_Lib/STM32H7/HAL_Lib/STM32H7xx_HAL_Driver/Src/stm32h7xx_hal_spi.c ****       hspi->TxRxCpltCallback(hspi);
ARM GAS  C:\Users\HUAV\AppData\Local\Temp\ccYQlmuE.s 			page 164


2999:HW_Lib/STM32H7/HAL_Lib/STM32H7xx_HAL_Driver/Src/stm32h7xx_hal_spi.c ****     }
3000:HW_Lib/STM32H7/HAL_Lib/STM32H7xx_HAL_Driver/Src/stm32h7xx_hal_spi.c ****     else if (State == HAL_SPI_STATE_BUSY_RX)
3001:HW_Lib/STM32H7/HAL_Lib/STM32H7xx_HAL_Driver/Src/stm32h7xx_hal_spi.c ****     {
3002:HW_Lib/STM32H7/HAL_Lib/STM32H7xx_HAL_Driver/Src/stm32h7xx_hal_spi.c ****       hspi->RxCpltCallback(hspi);
3003:HW_Lib/STM32H7/HAL_Lib/STM32H7xx_HAL_Driver/Src/stm32h7xx_hal_spi.c ****     }
3004:HW_Lib/STM32H7/HAL_Lib/STM32H7xx_HAL_Driver/Src/stm32h7xx_hal_spi.c ****     else if (State == HAL_SPI_STATE_BUSY_TX)
3005:HW_Lib/STM32H7/HAL_Lib/STM32H7xx_HAL_Driver/Src/stm32h7xx_hal_spi.c ****     {
3006:HW_Lib/STM32H7/HAL_Lib/STM32H7xx_HAL_Driver/Src/stm32h7xx_hal_spi.c ****       hspi->TxCpltCallback(hspi);
3007:HW_Lib/STM32H7/HAL_Lib/STM32H7xx_HAL_Driver/Src/stm32h7xx_hal_spi.c ****     }
3008:HW_Lib/STM32H7/HAL_Lib/STM32H7xx_HAL_Driver/Src/stm32h7xx_hal_spi.c **** #else
3009:HW_Lib/STM32H7/HAL_Lib/STM32H7xx_HAL_Driver/Src/stm32h7xx_hal_spi.c ****     /* Call appropriate user callback */
3010:HW_Lib/STM32H7/HAL_Lib/STM32H7xx_HAL_Driver/Src/stm32h7xx_hal_spi.c ****     if (State == HAL_SPI_STATE_BUSY_TX_RX)
 6284              		.loc 1 3010 8
 6285 01ea FB7C     		ldrb	r3, [r7, #19]	@ zero_extendqisi2
 6286 01ec 052B     		cmp	r3, #5
 6287 01ee 03D1     		bne	.L295
3011:HW_Lib/STM32H7/HAL_Lib/STM32H7xx_HAL_Driver/Src/stm32h7xx_hal_spi.c ****     {
3012:HW_Lib/STM32H7/HAL_Lib/STM32H7xx_HAL_Driver/Src/stm32h7xx_hal_spi.c ****       HAL_SPI_TxRxCpltCallback(hspi);
 6288              		.loc 1 3012 7
 6289 01f0 7868     		ldr	r0, [r7, #4]
 6290 01f2 FFF7FEFF 		bl	HAL_SPI_TxRxCpltCallback
3013:HW_Lib/STM32H7/HAL_Lib/STM32H7xx_HAL_Driver/Src/stm32h7xx_hal_spi.c ****     }
3014:HW_Lib/STM32H7/HAL_Lib/STM32H7xx_HAL_Driver/Src/stm32h7xx_hal_spi.c ****     else if (State == HAL_SPI_STATE_BUSY_RX)
3015:HW_Lib/STM32H7/HAL_Lib/STM32H7xx_HAL_Driver/Src/stm32h7xx_hal_spi.c ****     {
3016:HW_Lib/STM32H7/HAL_Lib/STM32H7xx_HAL_Driver/Src/stm32h7xx_hal_spi.c ****       HAL_SPI_RxCpltCallback(hspi);
3017:HW_Lib/STM32H7/HAL_Lib/STM32H7xx_HAL_Driver/Src/stm32h7xx_hal_spi.c ****     }
3018:HW_Lib/STM32H7/HAL_Lib/STM32H7xx_HAL_Driver/Src/stm32h7xx_hal_spi.c ****     else if (State == HAL_SPI_STATE_BUSY_TX)
3019:HW_Lib/STM32H7/HAL_Lib/STM32H7xx_HAL_Driver/Src/stm32h7xx_hal_spi.c ****     {
3020:HW_Lib/STM32H7/HAL_Lib/STM32H7xx_HAL_Driver/Src/stm32h7xx_hal_spi.c ****       HAL_SPI_TxCpltCallback(hspi);
3021:HW_Lib/STM32H7/HAL_Lib/STM32H7xx_HAL_Driver/Src/stm32h7xx_hal_spi.c ****     }
3022:HW_Lib/STM32H7/HAL_Lib/STM32H7xx_HAL_Driver/Src/stm32h7xx_hal_spi.c **** #endif /* USE_HAL_SPI_REGISTER_CALLBACKS */
3023:HW_Lib/STM32H7/HAL_Lib/STM32H7xx_HAL_Driver/Src/stm32h7xx_hal_spi.c ****     else
3024:HW_Lib/STM32H7/HAL_Lib/STM32H7xx_HAL_Driver/Src/stm32h7xx_hal_spi.c ****     {
3025:HW_Lib/STM32H7/HAL_Lib/STM32H7xx_HAL_Driver/Src/stm32h7xx_hal_spi.c ****       /* End of the appropriate call */
3026:HW_Lib/STM32H7/HAL_Lib/STM32H7xx_HAL_Driver/Src/stm32h7xx_hal_spi.c ****     }
3027:HW_Lib/STM32H7/HAL_Lib/STM32H7xx_HAL_Driver/Src/stm32h7xx_hal_spi.c **** 
3028:HW_Lib/STM32H7/HAL_Lib/STM32H7xx_HAL_Driver/Src/stm32h7xx_hal_spi.c ****     return;
 6291              		.loc 1 3028 5
 6292 01f6 D9E0     		b	.L307
 6293              	.L295:
3014:HW_Lib/STM32H7/HAL_Lib/STM32H7xx_HAL_Driver/Src/stm32h7xx_hal_spi.c ****     {
 6294              		.loc 1 3014 13
 6295 01f8 FB7C     		ldrb	r3, [r7, #19]	@ zero_extendqisi2
 6296 01fa 042B     		cmp	r3, #4
 6297 01fc 03D1     		bne	.L297
3016:HW_Lib/STM32H7/HAL_Lib/STM32H7xx_HAL_Driver/Src/stm32h7xx_hal_spi.c ****     }
 6298              		.loc 1 3016 7
 6299 01fe 7868     		ldr	r0, [r7, #4]
 6300 0200 FFF7FEFF 		bl	HAL_SPI_RxCpltCallback
 6301              		.loc 1 3028 5
 6302 0204 D2E0     		b	.L307
 6303              	.L297:
3018:HW_Lib/STM32H7/HAL_Lib/STM32H7xx_HAL_Driver/Src/stm32h7xx_hal_spi.c ****     {
 6304              		.loc 1 3018 13
 6305 0206 FB7C     		ldrb	r3, [r7, #19]	@ zero_extendqisi2
 6306 0208 032B     		cmp	r3, #3
 6307 020a 40F0CF80 		bne	.L307
ARM GAS  C:\Users\HUAV\AppData\Local\Temp\ccYQlmuE.s 			page 165


3020:HW_Lib/STM32H7/HAL_Lib/STM32H7xx_HAL_Driver/Src/stm32h7xx_hal_spi.c ****     }
 6308              		.loc 1 3020 7
 6309 020e 7868     		ldr	r0, [r7, #4]
 6310 0210 FFF7FEFF 		bl	HAL_SPI_TxCpltCallback
 6311              		.loc 1 3028 5
 6312 0214 CAE0     		b	.L307
 6313              	.L285:
3029:HW_Lib/STM32H7/HAL_Lib/STM32H7xx_HAL_Driver/Src/stm32h7xx_hal_spi.c ****   }
3030:HW_Lib/STM32H7/HAL_Lib/STM32H7xx_HAL_Driver/Src/stm32h7xx_hal_spi.c **** 
3031:HW_Lib/STM32H7/HAL_Lib/STM32H7xx_HAL_Driver/Src/stm32h7xx_hal_spi.c ****   if (HAL_IS_BIT_SET(itflag, SPI_FLAG_SUSP) && HAL_IS_BIT_SET(itsource, SPI_FLAG_EOT))
 6314              		.loc 1 3031 7
 6315 0216 FB69     		ldr	r3, [r7, #28]
 6316 0218 03F40063 		and	r3, r3, #2048
 6317              		.loc 1 3031 6
 6318 021c 002B     		cmp	r3, #0
 6319 021e 0DD0     		beq	.L298
 6320              		.loc 1 3031 48 discriminator 1
 6321 0220 3B6A     		ldr	r3, [r7, #32]
 6322 0222 03F00803 		and	r3, r3, #8
 6323              		.loc 1 3031 45 discriminator 1
 6324 0226 002B     		cmp	r3, #0
 6325 0228 08D0     		beq	.L298
3032:HW_Lib/STM32H7/HAL_Lib/STM32H7xx_HAL_Driver/Src/stm32h7xx_hal_spi.c ****   {
3033:HW_Lib/STM32H7/HAL_Lib/STM32H7xx_HAL_Driver/Src/stm32h7xx_hal_spi.c ****     /* Abort on going, clear SUSP flag to avoid infinite looping */
3034:HW_Lib/STM32H7/HAL_Lib/STM32H7xx_HAL_Driver/Src/stm32h7xx_hal_spi.c ****     __HAL_SPI_CLEAR_SUSPFLAG(hspi);
 6326              		.loc 1 3034 5
 6327 022a 7B68     		ldr	r3, [r7, #4]
 6328 022c 1B68     		ldr	r3, [r3]
 6329 022e 9A69     		ldr	r2, [r3, #24]
 6330 0230 7B68     		ldr	r3, [r7, #4]
 6331 0232 1B68     		ldr	r3, [r3]
 6332 0234 42F40062 		orr	r2, r2, #2048
 6333 0238 9A61     		str	r2, [r3, #24]
3035:HW_Lib/STM32H7/HAL_Lib/STM32H7xx_HAL_Driver/Src/stm32h7xx_hal_spi.c **** 
3036:HW_Lib/STM32H7/HAL_Lib/STM32H7xx_HAL_Driver/Src/stm32h7xx_hal_spi.c ****     return;
 6334              		.loc 1 3036 5
 6335 023a BAE0     		b	.L279
 6336              	.L298:
3037:HW_Lib/STM32H7/HAL_Lib/STM32H7xx_HAL_Driver/Src/stm32h7xx_hal_spi.c ****   }
3038:HW_Lib/STM32H7/HAL_Lib/STM32H7xx_HAL_Driver/Src/stm32h7xx_hal_spi.c **** 
3039:HW_Lib/STM32H7/HAL_Lib/STM32H7xx_HAL_Driver/Src/stm32h7xx_hal_spi.c ****   /* SPI in Error Treatment --------------------------------------------------*/
3040:HW_Lib/STM32H7/HAL_Lib/STM32H7xx_HAL_Driver/Src/stm32h7xx_hal_spi.c ****   if ((trigger & (SPI_FLAG_MODF | SPI_FLAG_OVR | SPI_FLAG_FRE | SPI_FLAG_UDR)) != 0UL)
 6337              		.loc 1 3040 16
 6338 023c BB69     		ldr	r3, [r7, #24]
 6339 023e 03F45873 		and	r3, r3, #864
 6340              		.loc 1 3040 6
 6341 0242 002B     		cmp	r3, #0
 6342 0244 00F0B580 		beq	.L279
3041:HW_Lib/STM32H7/HAL_Lib/STM32H7xx_HAL_Driver/Src/stm32h7xx_hal_spi.c ****   {
3042:HW_Lib/STM32H7/HAL_Lib/STM32H7xx_HAL_Driver/Src/stm32h7xx_hal_spi.c ****     /* SPI Overrun error interrupt occurred ----------------------------------*/
3043:HW_Lib/STM32H7/HAL_Lib/STM32H7xx_HAL_Driver/Src/stm32h7xx_hal_spi.c ****     if ((trigger & SPI_FLAG_OVR) != 0UL)
 6343              		.loc 1 3043 18
 6344 0248 BB69     		ldr	r3, [r7, #24]
 6345 024a 03F04003 		and	r3, r3, #64
 6346              		.loc 1 3043 8
 6347 024e 002B     		cmp	r3, #0
 6348 0250 0FD0     		beq	.L299
ARM GAS  C:\Users\HUAV\AppData\Local\Temp\ccYQlmuE.s 			page 166


3044:HW_Lib/STM32H7/HAL_Lib/STM32H7xx_HAL_Driver/Src/stm32h7xx_hal_spi.c ****     {
3045:HW_Lib/STM32H7/HAL_Lib/STM32H7xx_HAL_Driver/Src/stm32h7xx_hal_spi.c ****       SET_BIT(hspi->ErrorCode, HAL_SPI_ERROR_OVR);
 6349              		.loc 1 3045 7
 6350 0252 7B68     		ldr	r3, [r7, #4]
 6351 0254 D3F88430 		ldr	r3, [r3, #132]
 6352 0258 43F00402 		orr	r2, r3, #4
 6353 025c 7B68     		ldr	r3, [r7, #4]
 6354 025e C3F88420 		str	r2, [r3, #132]
3046:HW_Lib/STM32H7/HAL_Lib/STM32H7xx_HAL_Driver/Src/stm32h7xx_hal_spi.c ****       __HAL_SPI_CLEAR_OVRFLAG(hspi);
 6355              		.loc 1 3046 7
 6356 0262 7B68     		ldr	r3, [r7, #4]
 6357 0264 1B68     		ldr	r3, [r3]
 6358 0266 9A69     		ldr	r2, [r3, #24]
 6359 0268 7B68     		ldr	r3, [r7, #4]
 6360 026a 1B68     		ldr	r3, [r3]
 6361 026c 42F04002 		orr	r2, r2, #64
 6362 0270 9A61     		str	r2, [r3, #24]
 6363              	.L299:
3047:HW_Lib/STM32H7/HAL_Lib/STM32H7xx_HAL_Driver/Src/stm32h7xx_hal_spi.c ****     }
3048:HW_Lib/STM32H7/HAL_Lib/STM32H7xx_HAL_Driver/Src/stm32h7xx_hal_spi.c **** 
3049:HW_Lib/STM32H7/HAL_Lib/STM32H7xx_HAL_Driver/Src/stm32h7xx_hal_spi.c ****     /* SPI Mode Fault error interrupt occurred -------------------------------*/
3050:HW_Lib/STM32H7/HAL_Lib/STM32H7xx_HAL_Driver/Src/stm32h7xx_hal_spi.c ****     if ((trigger & SPI_FLAG_MODF) != 0UL)
 6364              		.loc 1 3050 18
 6365 0272 BB69     		ldr	r3, [r7, #24]
 6366 0274 03F40073 		and	r3, r3, #512
 6367              		.loc 1 3050 8
 6368 0278 002B     		cmp	r3, #0
 6369 027a 0FD0     		beq	.L300
3051:HW_Lib/STM32H7/HAL_Lib/STM32H7xx_HAL_Driver/Src/stm32h7xx_hal_spi.c ****     {
3052:HW_Lib/STM32H7/HAL_Lib/STM32H7xx_HAL_Driver/Src/stm32h7xx_hal_spi.c ****       SET_BIT(hspi->ErrorCode, HAL_SPI_ERROR_MODF);
 6370              		.loc 1 3052 7
 6371 027c 7B68     		ldr	r3, [r7, #4]
 6372 027e D3F88430 		ldr	r3, [r3, #132]
 6373 0282 43F00102 		orr	r2, r3, #1
 6374 0286 7B68     		ldr	r3, [r7, #4]
 6375 0288 C3F88420 		str	r2, [r3, #132]
3053:HW_Lib/STM32H7/HAL_Lib/STM32H7xx_HAL_Driver/Src/stm32h7xx_hal_spi.c ****       __HAL_SPI_CLEAR_MODFFLAG(hspi);
 6376              		.loc 1 3053 7
 6377 028c 7B68     		ldr	r3, [r7, #4]
 6378 028e 1B68     		ldr	r3, [r3]
 6379 0290 9A69     		ldr	r2, [r3, #24]
 6380 0292 7B68     		ldr	r3, [r7, #4]
 6381 0294 1B68     		ldr	r3, [r3]
 6382 0296 42F40072 		orr	r2, r2, #512
 6383 029a 9A61     		str	r2, [r3, #24]
 6384              	.L300:
3054:HW_Lib/STM32H7/HAL_Lib/STM32H7xx_HAL_Driver/Src/stm32h7xx_hal_spi.c ****     }
3055:HW_Lib/STM32H7/HAL_Lib/STM32H7xx_HAL_Driver/Src/stm32h7xx_hal_spi.c **** 
3056:HW_Lib/STM32H7/HAL_Lib/STM32H7xx_HAL_Driver/Src/stm32h7xx_hal_spi.c ****     /* SPI Frame error interrupt occurred ------------------------------------*/
3057:HW_Lib/STM32H7/HAL_Lib/STM32H7xx_HAL_Driver/Src/stm32h7xx_hal_spi.c ****     if ((trigger & SPI_FLAG_FRE) != 0UL)
 6385              		.loc 1 3057 18
 6386 029c BB69     		ldr	r3, [r7, #24]
 6387 029e 03F48073 		and	r3, r3, #256
 6388              		.loc 1 3057 8
 6389 02a2 002B     		cmp	r3, #0
 6390 02a4 0FD0     		beq	.L301
3058:HW_Lib/STM32H7/HAL_Lib/STM32H7xx_HAL_Driver/Src/stm32h7xx_hal_spi.c ****     {
ARM GAS  C:\Users\HUAV\AppData\Local\Temp\ccYQlmuE.s 			page 167


3059:HW_Lib/STM32H7/HAL_Lib/STM32H7xx_HAL_Driver/Src/stm32h7xx_hal_spi.c ****       SET_BIT(hspi->ErrorCode, HAL_SPI_ERROR_FRE);
 6391              		.loc 1 3059 7
 6392 02a6 7B68     		ldr	r3, [r7, #4]
 6393 02a8 D3F88430 		ldr	r3, [r3, #132]
 6394 02ac 43F00802 		orr	r2, r3, #8
 6395 02b0 7B68     		ldr	r3, [r7, #4]
 6396 02b2 C3F88420 		str	r2, [r3, #132]
3060:HW_Lib/STM32H7/HAL_Lib/STM32H7xx_HAL_Driver/Src/stm32h7xx_hal_spi.c ****       __HAL_SPI_CLEAR_FREFLAG(hspi);
 6397              		.loc 1 3060 7
 6398 02b6 7B68     		ldr	r3, [r7, #4]
 6399 02b8 1B68     		ldr	r3, [r3]
 6400 02ba 9A69     		ldr	r2, [r3, #24]
 6401 02bc 7B68     		ldr	r3, [r7, #4]
 6402 02be 1B68     		ldr	r3, [r3]
 6403 02c0 42F48072 		orr	r2, r2, #256
 6404 02c4 9A61     		str	r2, [r3, #24]
 6405              	.L301:
3061:HW_Lib/STM32H7/HAL_Lib/STM32H7xx_HAL_Driver/Src/stm32h7xx_hal_spi.c ****     }
3062:HW_Lib/STM32H7/HAL_Lib/STM32H7xx_HAL_Driver/Src/stm32h7xx_hal_spi.c **** 
3063:HW_Lib/STM32H7/HAL_Lib/STM32H7xx_HAL_Driver/Src/stm32h7xx_hal_spi.c ****     /* SPI Underrun error interrupt occurred ------------------------------------*/
3064:HW_Lib/STM32H7/HAL_Lib/STM32H7xx_HAL_Driver/Src/stm32h7xx_hal_spi.c ****     if ((trigger & SPI_FLAG_UDR) != 0UL)
 6406              		.loc 1 3064 18
 6407 02c6 BB69     		ldr	r3, [r7, #24]
 6408 02c8 03F02003 		and	r3, r3, #32
 6409              		.loc 1 3064 8
 6410 02cc 002B     		cmp	r3, #0
 6411 02ce 0FD0     		beq	.L302
3065:HW_Lib/STM32H7/HAL_Lib/STM32H7xx_HAL_Driver/Src/stm32h7xx_hal_spi.c ****     {
3066:HW_Lib/STM32H7/HAL_Lib/STM32H7xx_HAL_Driver/Src/stm32h7xx_hal_spi.c ****       SET_BIT(hspi->ErrorCode, HAL_SPI_ERROR_UDR);
 6412              		.loc 1 3066 7
 6413 02d0 7B68     		ldr	r3, [r7, #4]
 6414 02d2 D3F88430 		ldr	r3, [r3, #132]
 6415 02d6 43F08002 		orr	r2, r3, #128
 6416 02da 7B68     		ldr	r3, [r7, #4]
 6417 02dc C3F88420 		str	r2, [r3, #132]
3067:HW_Lib/STM32H7/HAL_Lib/STM32H7xx_HAL_Driver/Src/stm32h7xx_hal_spi.c ****       __HAL_SPI_CLEAR_UDRFLAG(hspi);
 6418              		.loc 1 3067 7
 6419 02e0 7B68     		ldr	r3, [r7, #4]
 6420 02e2 1B68     		ldr	r3, [r3]
 6421 02e4 9A69     		ldr	r2, [r3, #24]
 6422 02e6 7B68     		ldr	r3, [r7, #4]
 6423 02e8 1B68     		ldr	r3, [r3]
 6424 02ea 42F02002 		orr	r2, r2, #32
 6425 02ee 9A61     		str	r2, [r3, #24]
 6426              	.L302:
3068:HW_Lib/STM32H7/HAL_Lib/STM32H7xx_HAL_Driver/Src/stm32h7xx_hal_spi.c ****     }
3069:HW_Lib/STM32H7/HAL_Lib/STM32H7xx_HAL_Driver/Src/stm32h7xx_hal_spi.c **** 
3070:HW_Lib/STM32H7/HAL_Lib/STM32H7xx_HAL_Driver/Src/stm32h7xx_hal_spi.c ****     if (hspi->ErrorCode != HAL_SPI_ERROR_NONE)
 6427              		.loc 1 3070 13
 6428 02f0 7B68     		ldr	r3, [r7, #4]
 6429 02f2 D3F88430 		ldr	r3, [r3, #132]
 6430              		.loc 1 3070 8
 6431 02f6 002B     		cmp	r3, #0
 6432 02f8 5AD0     		beq	.L308
3071:HW_Lib/STM32H7/HAL_Lib/STM32H7xx_HAL_Driver/Src/stm32h7xx_hal_spi.c ****     {
3072:HW_Lib/STM32H7/HAL_Lib/STM32H7xx_HAL_Driver/Src/stm32h7xx_hal_spi.c ****       /* Disable SPI peripheral */
3073:HW_Lib/STM32H7/HAL_Lib/STM32H7xx_HAL_Driver/Src/stm32h7xx_hal_spi.c ****       __HAL_SPI_DISABLE(hspi);
ARM GAS  C:\Users\HUAV\AppData\Local\Temp\ccYQlmuE.s 			page 168


 6433              		.loc 1 3073 7
 6434 02fa 7B68     		ldr	r3, [r7, #4]
 6435 02fc 1B68     		ldr	r3, [r3]
 6436 02fe 1A68     		ldr	r2, [r3]
 6437 0300 7B68     		ldr	r3, [r7, #4]
 6438 0302 1B68     		ldr	r3, [r3]
 6439 0304 22F00102 		bic	r2, r2, #1
 6440 0308 1A60     		str	r2, [r3]
3074:HW_Lib/STM32H7/HAL_Lib/STM32H7xx_HAL_Driver/Src/stm32h7xx_hal_spi.c **** 
3075:HW_Lib/STM32H7/HAL_Lib/STM32H7xx_HAL_Driver/Src/stm32h7xx_hal_spi.c ****       /* Disable all interrupts */
3076:HW_Lib/STM32H7/HAL_Lib/STM32H7xx_HAL_Driver/Src/stm32h7xx_hal_spi.c ****       __HAL_SPI_DISABLE_IT(hspi, (SPI_IT_EOT | SPI_IT_RXP | SPI_IT_TXP | SPI_IT_MODF |
 6441              		.loc 1 3076 7
 6442 030a 7B68     		ldr	r3, [r7, #4]
 6443 030c 1B68     		ldr	r3, [r3]
 6444 030e 1969     		ldr	r1, [r3, #16]
 6445 0310 7B68     		ldr	r3, [r7, #4]
 6446 0312 1A68     		ldr	r2, [r3]
 6447 0314 284B     		ldr	r3, .L309
 6448 0316 0B40     		ands	r3, r3, r1
 6449 0318 1361     		str	r3, [r2, #16]
3077:HW_Lib/STM32H7/HAL_Lib/STM32H7xx_HAL_Driver/Src/stm32h7xx_hal_spi.c ****                                   SPI_IT_OVR | SPI_IT_FRE | SPI_IT_UDR));
3078:HW_Lib/STM32H7/HAL_Lib/STM32H7xx_HAL_Driver/Src/stm32h7xx_hal_spi.c **** 
3079:HW_Lib/STM32H7/HAL_Lib/STM32H7xx_HAL_Driver/Src/stm32h7xx_hal_spi.c ****       /* Disable the SPI DMA requests if enabled */
3080:HW_Lib/STM32H7/HAL_Lib/STM32H7xx_HAL_Driver/Src/stm32h7xx_hal_spi.c ****       if (HAL_IS_BIT_SET(cfg1, SPI_CFG1_TXDMAEN | SPI_CFG1_RXDMAEN))
 6450              		.loc 1 3080 11
 6451 031a 7B69     		ldr	r3, [r7, #20]
 6452 031c 03F44043 		and	r3, r3, #49152
 6453              		.loc 1 3080 10
 6454 0320 B3F5404F 		cmp	r3, #49152
 6455 0324 38D1     		bne	.L304
3081:HW_Lib/STM32H7/HAL_Lib/STM32H7xx_HAL_Driver/Src/stm32h7xx_hal_spi.c ****       {
3082:HW_Lib/STM32H7/HAL_Lib/STM32H7xx_HAL_Driver/Src/stm32h7xx_hal_spi.c ****         /* Disable the SPI DMA requests */
3083:HW_Lib/STM32H7/HAL_Lib/STM32H7xx_HAL_Driver/Src/stm32h7xx_hal_spi.c ****         CLEAR_BIT(hspi->Instance->CFG1, SPI_CFG1_TXDMAEN | SPI_CFG1_RXDMAEN);
 6456              		.loc 1 3083 9
 6457 0326 7B68     		ldr	r3, [r7, #4]
 6458 0328 1B68     		ldr	r3, [r3]
 6459 032a 9A68     		ldr	r2, [r3, #8]
 6460 032c 7B68     		ldr	r3, [r7, #4]
 6461 032e 1B68     		ldr	r3, [r3]
 6462 0330 22F44042 		bic	r2, r2, #49152
 6463 0334 9A60     		str	r2, [r3, #8]
3084:HW_Lib/STM32H7/HAL_Lib/STM32H7xx_HAL_Driver/Src/stm32h7xx_hal_spi.c **** 
3085:HW_Lib/STM32H7/HAL_Lib/STM32H7xx_HAL_Driver/Src/stm32h7xx_hal_spi.c ****         /* Abort the SPI DMA Rx channel */
3086:HW_Lib/STM32H7/HAL_Lib/STM32H7xx_HAL_Driver/Src/stm32h7xx_hal_spi.c ****         if (hspi->hdmarx != NULL)
 6464              		.loc 1 3086 17
 6465 0336 7B68     		ldr	r3, [r7, #4]
 6466 0338 DB6F     		ldr	r3, [r3, #124]
 6467              		.loc 1 3086 12
 6468 033a 002B     		cmp	r3, #0
 6469 033c 13D0     		beq	.L305
3087:HW_Lib/STM32H7/HAL_Lib/STM32H7xx_HAL_Driver/Src/stm32h7xx_hal_spi.c ****         {
3088:HW_Lib/STM32H7/HAL_Lib/STM32H7xx_HAL_Driver/Src/stm32h7xx_hal_spi.c ****           /* Set the SPI DMA Abort callback :
3089:HW_Lib/STM32H7/HAL_Lib/STM32H7xx_HAL_Driver/Src/stm32h7xx_hal_spi.c ****           will lead to call HAL_SPI_ErrorCallback() at end of DMA abort procedure */
3090:HW_Lib/STM32H7/HAL_Lib/STM32H7xx_HAL_Driver/Src/stm32h7xx_hal_spi.c ****           hspi->hdmarx->XferAbortCallback = SPI_DMAAbortOnError;
 6470              		.loc 1 3090 15
 6471 033e 7B68     		ldr	r3, [r7, #4]
 6472 0340 DB6F     		ldr	r3, [r3, #124]
ARM GAS  C:\Users\HUAV\AppData\Local\Temp\ccYQlmuE.s 			page 169


 6473              		.loc 1 3090 43
 6474 0342 1E4A     		ldr	r2, .L309+4
 6475 0344 1A65     		str	r2, [r3, #80]
3091:HW_Lib/STM32H7/HAL_Lib/STM32H7xx_HAL_Driver/Src/stm32h7xx_hal_spi.c ****           if (HAL_OK != HAL_DMA_Abort_IT(hspi->hdmarx))
 6476              		.loc 1 3091 25
 6477 0346 7B68     		ldr	r3, [r7, #4]
 6478 0348 DB6F     		ldr	r3, [r3, #124]
 6479 034a 1846     		mov	r0, r3
 6480 034c FFF7FEFF 		bl	HAL_DMA_Abort_IT
 6481 0350 0346     		mov	r3, r0
 6482              		.loc 1 3091 14
 6483 0352 002B     		cmp	r3, #0
 6484 0354 07D0     		beq	.L305
3092:HW_Lib/STM32H7/HAL_Lib/STM32H7xx_HAL_Driver/Src/stm32h7xx_hal_spi.c ****           {
3093:HW_Lib/STM32H7/HAL_Lib/STM32H7xx_HAL_Driver/Src/stm32h7xx_hal_spi.c ****             SET_BIT(hspi->ErrorCode, HAL_SPI_ERROR_ABORT);
 6485              		.loc 1 3093 13
 6486 0356 7B68     		ldr	r3, [r7, #4]
 6487 0358 D3F88430 		ldr	r3, [r3, #132]
 6488 035c 43F04002 		orr	r2, r3, #64
 6489 0360 7B68     		ldr	r3, [r7, #4]
 6490 0362 C3F88420 		str	r2, [r3, #132]
 6491              	.L305:
3094:HW_Lib/STM32H7/HAL_Lib/STM32H7xx_HAL_Driver/Src/stm32h7xx_hal_spi.c ****           }
3095:HW_Lib/STM32H7/HAL_Lib/STM32H7xx_HAL_Driver/Src/stm32h7xx_hal_spi.c ****         }
3096:HW_Lib/STM32H7/HAL_Lib/STM32H7xx_HAL_Driver/Src/stm32h7xx_hal_spi.c ****         /* Abort the SPI DMA Tx channel */
3097:HW_Lib/STM32H7/HAL_Lib/STM32H7xx_HAL_Driver/Src/stm32h7xx_hal_spi.c ****         if (hspi->hdmatx != NULL)
 6492              		.loc 1 3097 17
 6493 0366 7B68     		ldr	r3, [r7, #4]
 6494 0368 9B6F     		ldr	r3, [r3, #120]
 6495              		.loc 1 3097 12
 6496 036a 002B     		cmp	r3, #0
 6497 036c 20D0     		beq	.L308
3098:HW_Lib/STM32H7/HAL_Lib/STM32H7xx_HAL_Driver/Src/stm32h7xx_hal_spi.c ****         {
3099:HW_Lib/STM32H7/HAL_Lib/STM32H7xx_HAL_Driver/Src/stm32h7xx_hal_spi.c ****           /* Set the SPI DMA Abort callback :
3100:HW_Lib/STM32H7/HAL_Lib/STM32H7xx_HAL_Driver/Src/stm32h7xx_hal_spi.c ****           will lead to call HAL_SPI_ErrorCallback() at end of DMA abort procedure */
3101:HW_Lib/STM32H7/HAL_Lib/STM32H7xx_HAL_Driver/Src/stm32h7xx_hal_spi.c ****           hspi->hdmatx->XferAbortCallback = SPI_DMAAbortOnError;
 6498              		.loc 1 3101 15
 6499 036e 7B68     		ldr	r3, [r7, #4]
 6500 0370 9B6F     		ldr	r3, [r3, #120]
 6501              		.loc 1 3101 43
 6502 0372 124A     		ldr	r2, .L309+4
 6503 0374 1A65     		str	r2, [r3, #80]
3102:HW_Lib/STM32H7/HAL_Lib/STM32H7xx_HAL_Driver/Src/stm32h7xx_hal_spi.c ****           if (HAL_OK != HAL_DMA_Abort_IT(hspi->hdmatx))
 6504              		.loc 1 3102 25
 6505 0376 7B68     		ldr	r3, [r7, #4]
 6506 0378 9B6F     		ldr	r3, [r3, #120]
 6507 037a 1846     		mov	r0, r3
 6508 037c FFF7FEFF 		bl	HAL_DMA_Abort_IT
 6509 0380 0346     		mov	r3, r0
 6510              		.loc 1 3102 14
 6511 0382 002B     		cmp	r3, #0
 6512 0384 14D0     		beq	.L308
3103:HW_Lib/STM32H7/HAL_Lib/STM32H7xx_HAL_Driver/Src/stm32h7xx_hal_spi.c ****           {
3104:HW_Lib/STM32H7/HAL_Lib/STM32H7xx_HAL_Driver/Src/stm32h7xx_hal_spi.c ****             SET_BIT(hspi->ErrorCode, HAL_SPI_ERROR_ABORT);
 6513              		.loc 1 3104 13
 6514 0386 7B68     		ldr	r3, [r7, #4]
 6515 0388 D3F88430 		ldr	r3, [r3, #132]
ARM GAS  C:\Users\HUAV\AppData\Local\Temp\ccYQlmuE.s 			page 170


 6516 038c 43F04002 		orr	r2, r3, #64
 6517 0390 7B68     		ldr	r3, [r7, #4]
 6518 0392 C3F88420 		str	r2, [r3, #132]
3105:HW_Lib/STM32H7/HAL_Lib/STM32H7xx_HAL_Driver/Src/stm32h7xx_hal_spi.c ****           }
3106:HW_Lib/STM32H7/HAL_Lib/STM32H7xx_HAL_Driver/Src/stm32h7xx_hal_spi.c ****         }
3107:HW_Lib/STM32H7/HAL_Lib/STM32H7xx_HAL_Driver/Src/stm32h7xx_hal_spi.c ****       }
3108:HW_Lib/STM32H7/HAL_Lib/STM32H7xx_HAL_Driver/Src/stm32h7xx_hal_spi.c ****       else
3109:HW_Lib/STM32H7/HAL_Lib/STM32H7xx_HAL_Driver/Src/stm32h7xx_hal_spi.c ****       {
3110:HW_Lib/STM32H7/HAL_Lib/STM32H7xx_HAL_Driver/Src/stm32h7xx_hal_spi.c ****         /* Restore hspi->State to Ready */
3111:HW_Lib/STM32H7/HAL_Lib/STM32H7xx_HAL_Driver/Src/stm32h7xx_hal_spi.c ****         hspi->State = HAL_SPI_STATE_READY;
3112:HW_Lib/STM32H7/HAL_Lib/STM32H7xx_HAL_Driver/Src/stm32h7xx_hal_spi.c **** 
3113:HW_Lib/STM32H7/HAL_Lib/STM32H7xx_HAL_Driver/Src/stm32h7xx_hal_spi.c ****         /* Call user error callback */
3114:HW_Lib/STM32H7/HAL_Lib/STM32H7xx_HAL_Driver/Src/stm32h7xx_hal_spi.c **** #if (USE_HAL_SPI_REGISTER_CALLBACKS == 1UL)
3115:HW_Lib/STM32H7/HAL_Lib/STM32H7xx_HAL_Driver/Src/stm32h7xx_hal_spi.c ****         hspi->ErrorCallback(hspi);
3116:HW_Lib/STM32H7/HAL_Lib/STM32H7xx_HAL_Driver/Src/stm32h7xx_hal_spi.c **** #else
3117:HW_Lib/STM32H7/HAL_Lib/STM32H7xx_HAL_Driver/Src/stm32h7xx_hal_spi.c ****         HAL_SPI_ErrorCallback(hspi);
3118:HW_Lib/STM32H7/HAL_Lib/STM32H7xx_HAL_Driver/Src/stm32h7xx_hal_spi.c **** #endif /* USE_HAL_SPI_REGISTER_CALLBACKS */
3119:HW_Lib/STM32H7/HAL_Lib/STM32H7xx_HAL_Driver/Src/stm32h7xx_hal_spi.c ****       }
3120:HW_Lib/STM32H7/HAL_Lib/STM32H7xx_HAL_Driver/Src/stm32h7xx_hal_spi.c ****     }
3121:HW_Lib/STM32H7/HAL_Lib/STM32H7xx_HAL_Driver/Src/stm32h7xx_hal_spi.c ****     return;
 6519              		.loc 1 3121 5
 6520 0396 0BE0     		b	.L308
 6521              	.L304:
3111:HW_Lib/STM32H7/HAL_Lib/STM32H7xx_HAL_Driver/Src/stm32h7xx_hal_spi.c **** 
 6522              		.loc 1 3111 21
 6523 0398 7B68     		ldr	r3, [r7, #4]
 6524 039a 0122     		movs	r2, #1
 6525 039c 83F88120 		strb	r2, [r3, #129]
3117:HW_Lib/STM32H7/HAL_Lib/STM32H7xx_HAL_Driver/Src/stm32h7xx_hal_spi.c **** #endif /* USE_HAL_SPI_REGISTER_CALLBACKS */
 6526              		.loc 1 3117 9
 6527 03a0 7868     		ldr	r0, [r7, #4]
 6528 03a2 FFF7FEFF 		bl	HAL_SPI_ErrorCallback
 6529              		.loc 1 3121 5
 6530 03a6 03E0     		b	.L308
 6531              	.L306:
2927:HW_Lib/STM32H7/HAL_Lib/STM32H7xx_HAL_Driver/Src/stm32h7xx_hal_spi.c ****   }
 6532              		.loc 1 2927 5
 6533 03a8 00BF     		nop
 6534 03aa 02E0     		b	.L279
 6535              	.L307:
3028:HW_Lib/STM32H7/HAL_Lib/STM32H7xx_HAL_Driver/Src/stm32h7xx_hal_spi.c ****   }
 6536              		.loc 1 3028 5
 6537 03ac 00BF     		nop
 6538 03ae 00E0     		b	.L279
 6539              	.L308:
 6540              		.loc 1 3121 5
 6541 03b0 00BF     		nop
 6542              	.L279:
3122:HW_Lib/STM32H7/HAL_Lib/STM32H7xx_HAL_Driver/Src/stm32h7xx_hal_spi.c ****   }
3123:HW_Lib/STM32H7/HAL_Lib/STM32H7xx_HAL_Driver/Src/stm32h7xx_hal_spi.c **** }
 6543              		.loc 1 3123 1
 6544 03b2 2837     		adds	r7, r7, #40
 6545              	.LCFI100:
 6546              		.cfi_def_cfa_offset 8
 6547 03b4 BD46     		mov	sp, r7
 6548              	.LCFI101:
 6549              		.cfi_def_cfa_register 13
ARM GAS  C:\Users\HUAV\AppData\Local\Temp\ccYQlmuE.s 			page 171


 6550              		@ sp needed
 6551 03b6 80BD     		pop	{r7, pc}
 6552              	.L310:
 6553              		.align	2
 6554              	.L309:
 6555 03b8 94FCFFFF 		.word	-876
 6556 03bc 00000000 		.word	SPI_DMAAbortOnError
 6557              		.cfi_endproc
 6558              	.LFE351:
 6560              		.section	.text.HAL_SPI_TxCpltCallback,"ax",%progbits
 6561              		.align	1
 6562              		.weak	HAL_SPI_TxCpltCallback
 6563              		.syntax unified
 6564              		.thumb
 6565              		.thumb_func
 6567              	HAL_SPI_TxCpltCallback:
 6568              	.LFB352:
3124:HW_Lib/STM32H7/HAL_Lib/STM32H7xx_HAL_Driver/Src/stm32h7xx_hal_spi.c **** 
3125:HW_Lib/STM32H7/HAL_Lib/STM32H7xx_HAL_Driver/Src/stm32h7xx_hal_spi.c **** /**
3126:HW_Lib/STM32H7/HAL_Lib/STM32H7xx_HAL_Driver/Src/stm32h7xx_hal_spi.c ****   * @brief Tx Transfer completed callback.
3127:HW_Lib/STM32H7/HAL_Lib/STM32H7xx_HAL_Driver/Src/stm32h7xx_hal_spi.c ****   * @param  hspi: pointer to a SPI_HandleTypeDef structure that contains
3128:HW_Lib/STM32H7/HAL_Lib/STM32H7xx_HAL_Driver/Src/stm32h7xx_hal_spi.c ****   *               the configuration information for SPI module.
3129:HW_Lib/STM32H7/HAL_Lib/STM32H7xx_HAL_Driver/Src/stm32h7xx_hal_spi.c ****   * @retval None
3130:HW_Lib/STM32H7/HAL_Lib/STM32H7xx_HAL_Driver/Src/stm32h7xx_hal_spi.c ****   */
3131:HW_Lib/STM32H7/HAL_Lib/STM32H7xx_HAL_Driver/Src/stm32h7xx_hal_spi.c **** __weak void HAL_SPI_TxCpltCallback(SPI_HandleTypeDef *hspi)
3132:HW_Lib/STM32H7/HAL_Lib/STM32H7xx_HAL_Driver/Src/stm32h7xx_hal_spi.c **** {
 6569              		.loc 1 3132 1
 6570              		.cfi_startproc
 6571              		@ args = 0, pretend = 0, frame = 8
 6572              		@ frame_needed = 1, uses_anonymous_args = 0
 6573              		@ link register save eliminated.
 6574 0000 80B4     		push	{r7}
 6575              	.LCFI102:
 6576              		.cfi_def_cfa_offset 4
 6577              		.cfi_offset 7, -4
 6578 0002 83B0     		sub	sp, sp, #12
 6579              	.LCFI103:
 6580              		.cfi_def_cfa_offset 16
 6581 0004 00AF     		add	r7, sp, #0
 6582              	.LCFI104:
 6583              		.cfi_def_cfa_register 7
 6584 0006 7860     		str	r0, [r7, #4]
3133:HW_Lib/STM32H7/HAL_Lib/STM32H7xx_HAL_Driver/Src/stm32h7xx_hal_spi.c ****   /* Prevent unused argument(s) compilation warning */
3134:HW_Lib/STM32H7/HAL_Lib/STM32H7xx_HAL_Driver/Src/stm32h7xx_hal_spi.c ****   UNUSED(hspi);
3135:HW_Lib/STM32H7/HAL_Lib/STM32H7xx_HAL_Driver/Src/stm32h7xx_hal_spi.c **** 
3136:HW_Lib/STM32H7/HAL_Lib/STM32H7xx_HAL_Driver/Src/stm32h7xx_hal_spi.c ****   /* NOTE : This function should not be modified, when the callback is needed,
3137:HW_Lib/STM32H7/HAL_Lib/STM32H7xx_HAL_Driver/Src/stm32h7xx_hal_spi.c ****             the HAL_SPI_TxCpltCallback should be implemented in the user file
3138:HW_Lib/STM32H7/HAL_Lib/STM32H7xx_HAL_Driver/Src/stm32h7xx_hal_spi.c ****    */
3139:HW_Lib/STM32H7/HAL_Lib/STM32H7xx_HAL_Driver/Src/stm32h7xx_hal_spi.c **** }
 6585              		.loc 1 3139 1
 6586 0008 00BF     		nop
 6587 000a 0C37     		adds	r7, r7, #12
 6588              	.LCFI105:
 6589              		.cfi_def_cfa_offset 4
 6590 000c BD46     		mov	sp, r7
 6591              	.LCFI106:
 6592              		.cfi_def_cfa_register 13
ARM GAS  C:\Users\HUAV\AppData\Local\Temp\ccYQlmuE.s 			page 172


 6593              		@ sp needed
 6594 000e 5DF8047B 		ldr	r7, [sp], #4
 6595              	.LCFI107:
 6596              		.cfi_restore 7
 6597              		.cfi_def_cfa_offset 0
 6598 0012 7047     		bx	lr
 6599              		.cfi_endproc
 6600              	.LFE352:
 6602              		.section	.text.HAL_SPI_RxCpltCallback,"ax",%progbits
 6603              		.align	1
 6604              		.weak	HAL_SPI_RxCpltCallback
 6605              		.syntax unified
 6606              		.thumb
 6607              		.thumb_func
 6609              	HAL_SPI_RxCpltCallback:
 6610              	.LFB353:
3140:HW_Lib/STM32H7/HAL_Lib/STM32H7xx_HAL_Driver/Src/stm32h7xx_hal_spi.c **** 
3141:HW_Lib/STM32H7/HAL_Lib/STM32H7xx_HAL_Driver/Src/stm32h7xx_hal_spi.c **** /**
3142:HW_Lib/STM32H7/HAL_Lib/STM32H7xx_HAL_Driver/Src/stm32h7xx_hal_spi.c ****   * @brief Rx Transfer completed callback.
3143:HW_Lib/STM32H7/HAL_Lib/STM32H7xx_HAL_Driver/Src/stm32h7xx_hal_spi.c ****   * @param  hspi: pointer to a SPI_HandleTypeDef structure that contains
3144:HW_Lib/STM32H7/HAL_Lib/STM32H7xx_HAL_Driver/Src/stm32h7xx_hal_spi.c ****   *               the configuration information for SPI module.
3145:HW_Lib/STM32H7/HAL_Lib/STM32H7xx_HAL_Driver/Src/stm32h7xx_hal_spi.c ****   * @retval None
3146:HW_Lib/STM32H7/HAL_Lib/STM32H7xx_HAL_Driver/Src/stm32h7xx_hal_spi.c ****   */
3147:HW_Lib/STM32H7/HAL_Lib/STM32H7xx_HAL_Driver/Src/stm32h7xx_hal_spi.c **** __weak void HAL_SPI_RxCpltCallback(SPI_HandleTypeDef *hspi)
3148:HW_Lib/STM32H7/HAL_Lib/STM32H7xx_HAL_Driver/Src/stm32h7xx_hal_spi.c **** {
 6611              		.loc 1 3148 1
 6612              		.cfi_startproc
 6613              		@ args = 0, pretend = 0, frame = 8
 6614              		@ frame_needed = 1, uses_anonymous_args = 0
 6615              		@ link register save eliminated.
 6616 0000 80B4     		push	{r7}
 6617              	.LCFI108:
 6618              		.cfi_def_cfa_offset 4
 6619              		.cfi_offset 7, -4
 6620 0002 83B0     		sub	sp, sp, #12
 6621              	.LCFI109:
 6622              		.cfi_def_cfa_offset 16
 6623 0004 00AF     		add	r7, sp, #0
 6624              	.LCFI110:
 6625              		.cfi_def_cfa_register 7
 6626 0006 7860     		str	r0, [r7, #4]
3149:HW_Lib/STM32H7/HAL_Lib/STM32H7xx_HAL_Driver/Src/stm32h7xx_hal_spi.c ****   /* Prevent unused argument(s) compilation warning */
3150:HW_Lib/STM32H7/HAL_Lib/STM32H7xx_HAL_Driver/Src/stm32h7xx_hal_spi.c ****   UNUSED(hspi);
3151:HW_Lib/STM32H7/HAL_Lib/STM32H7xx_HAL_Driver/Src/stm32h7xx_hal_spi.c **** 
3152:HW_Lib/STM32H7/HAL_Lib/STM32H7xx_HAL_Driver/Src/stm32h7xx_hal_spi.c ****   /* NOTE : This function should not be modified, when the callback is needed,
3153:HW_Lib/STM32H7/HAL_Lib/STM32H7xx_HAL_Driver/Src/stm32h7xx_hal_spi.c ****             the HAL_SPI_RxCpltCallback should be implemented in the user file
3154:HW_Lib/STM32H7/HAL_Lib/STM32H7xx_HAL_Driver/Src/stm32h7xx_hal_spi.c ****    */
3155:HW_Lib/STM32H7/HAL_Lib/STM32H7xx_HAL_Driver/Src/stm32h7xx_hal_spi.c **** }
 6627              		.loc 1 3155 1
 6628 0008 00BF     		nop
 6629 000a 0C37     		adds	r7, r7, #12
 6630              	.LCFI111:
 6631              		.cfi_def_cfa_offset 4
 6632 000c BD46     		mov	sp, r7
 6633              	.LCFI112:
 6634              		.cfi_def_cfa_register 13
 6635              		@ sp needed
ARM GAS  C:\Users\HUAV\AppData\Local\Temp\ccYQlmuE.s 			page 173


 6636 000e 5DF8047B 		ldr	r7, [sp], #4
 6637              	.LCFI113:
 6638              		.cfi_restore 7
 6639              		.cfi_def_cfa_offset 0
 6640 0012 7047     		bx	lr
 6641              		.cfi_endproc
 6642              	.LFE353:
 6644              		.section	.text.HAL_SPI_TxRxCpltCallback,"ax",%progbits
 6645              		.align	1
 6646              		.weak	HAL_SPI_TxRxCpltCallback
 6647              		.syntax unified
 6648              		.thumb
 6649              		.thumb_func
 6651              	HAL_SPI_TxRxCpltCallback:
 6652              	.LFB354:
3156:HW_Lib/STM32H7/HAL_Lib/STM32H7xx_HAL_Driver/Src/stm32h7xx_hal_spi.c **** 
3157:HW_Lib/STM32H7/HAL_Lib/STM32H7xx_HAL_Driver/Src/stm32h7xx_hal_spi.c **** /**
3158:HW_Lib/STM32H7/HAL_Lib/STM32H7xx_HAL_Driver/Src/stm32h7xx_hal_spi.c ****   * @brief Tx and Rx Transfer completed callback.
3159:HW_Lib/STM32H7/HAL_Lib/STM32H7xx_HAL_Driver/Src/stm32h7xx_hal_spi.c ****   * @param  hspi: pointer to a SPI_HandleTypeDef structure that contains
3160:HW_Lib/STM32H7/HAL_Lib/STM32H7xx_HAL_Driver/Src/stm32h7xx_hal_spi.c ****   *               the configuration information for SPI module.
3161:HW_Lib/STM32H7/HAL_Lib/STM32H7xx_HAL_Driver/Src/stm32h7xx_hal_spi.c ****   * @retval None
3162:HW_Lib/STM32H7/HAL_Lib/STM32H7xx_HAL_Driver/Src/stm32h7xx_hal_spi.c ****   */
3163:HW_Lib/STM32H7/HAL_Lib/STM32H7xx_HAL_Driver/Src/stm32h7xx_hal_spi.c **** __weak void HAL_SPI_TxRxCpltCallback(SPI_HandleTypeDef *hspi)
3164:HW_Lib/STM32H7/HAL_Lib/STM32H7xx_HAL_Driver/Src/stm32h7xx_hal_spi.c **** {
 6653              		.loc 1 3164 1
 6654              		.cfi_startproc
 6655              		@ args = 0, pretend = 0, frame = 8
 6656              		@ frame_needed = 1, uses_anonymous_args = 0
 6657              		@ link register save eliminated.
 6658 0000 80B4     		push	{r7}
 6659              	.LCFI114:
 6660              		.cfi_def_cfa_offset 4
 6661              		.cfi_offset 7, -4
 6662 0002 83B0     		sub	sp, sp, #12
 6663              	.LCFI115:
 6664              		.cfi_def_cfa_offset 16
 6665 0004 00AF     		add	r7, sp, #0
 6666              	.LCFI116:
 6667              		.cfi_def_cfa_register 7
 6668 0006 7860     		str	r0, [r7, #4]
3165:HW_Lib/STM32H7/HAL_Lib/STM32H7xx_HAL_Driver/Src/stm32h7xx_hal_spi.c ****   /* Prevent unused argument(s) compilation warning */
3166:HW_Lib/STM32H7/HAL_Lib/STM32H7xx_HAL_Driver/Src/stm32h7xx_hal_spi.c ****   UNUSED(hspi);
3167:HW_Lib/STM32H7/HAL_Lib/STM32H7xx_HAL_Driver/Src/stm32h7xx_hal_spi.c **** 
3168:HW_Lib/STM32H7/HAL_Lib/STM32H7xx_HAL_Driver/Src/stm32h7xx_hal_spi.c ****   /* NOTE : This function should not be modified, when the callback is needed,
3169:HW_Lib/STM32H7/HAL_Lib/STM32H7xx_HAL_Driver/Src/stm32h7xx_hal_spi.c ****             the HAL_SPI_TxRxCpltCallback should be implemented in the user file
3170:HW_Lib/STM32H7/HAL_Lib/STM32H7xx_HAL_Driver/Src/stm32h7xx_hal_spi.c ****    */
3171:HW_Lib/STM32H7/HAL_Lib/STM32H7xx_HAL_Driver/Src/stm32h7xx_hal_spi.c **** }
 6669              		.loc 1 3171 1
 6670 0008 00BF     		nop
 6671 000a 0C37     		adds	r7, r7, #12
 6672              	.LCFI117:
 6673              		.cfi_def_cfa_offset 4
 6674 000c BD46     		mov	sp, r7
 6675              	.LCFI118:
 6676              		.cfi_def_cfa_register 13
 6677              		@ sp needed
 6678 000e 5DF8047B 		ldr	r7, [sp], #4
ARM GAS  C:\Users\HUAV\AppData\Local\Temp\ccYQlmuE.s 			page 174


 6679              	.LCFI119:
 6680              		.cfi_restore 7
 6681              		.cfi_def_cfa_offset 0
 6682 0012 7047     		bx	lr
 6683              		.cfi_endproc
 6684              	.LFE354:
 6686              		.section	.text.HAL_SPI_TxHalfCpltCallback,"ax",%progbits
 6687              		.align	1
 6688              		.weak	HAL_SPI_TxHalfCpltCallback
 6689              		.syntax unified
 6690              		.thumb
 6691              		.thumb_func
 6693              	HAL_SPI_TxHalfCpltCallback:
 6694              	.LFB355:
3172:HW_Lib/STM32H7/HAL_Lib/STM32H7xx_HAL_Driver/Src/stm32h7xx_hal_spi.c **** 
3173:HW_Lib/STM32H7/HAL_Lib/STM32H7xx_HAL_Driver/Src/stm32h7xx_hal_spi.c **** /**
3174:HW_Lib/STM32H7/HAL_Lib/STM32H7xx_HAL_Driver/Src/stm32h7xx_hal_spi.c ****   * @brief Tx Half Transfer completed callback.
3175:HW_Lib/STM32H7/HAL_Lib/STM32H7xx_HAL_Driver/Src/stm32h7xx_hal_spi.c ****   * @param  hspi: pointer to a SPI_HandleTypeDef structure that contains
3176:HW_Lib/STM32H7/HAL_Lib/STM32H7xx_HAL_Driver/Src/stm32h7xx_hal_spi.c ****   *               the configuration information for SPI module.
3177:HW_Lib/STM32H7/HAL_Lib/STM32H7xx_HAL_Driver/Src/stm32h7xx_hal_spi.c ****   * @retval None
3178:HW_Lib/STM32H7/HAL_Lib/STM32H7xx_HAL_Driver/Src/stm32h7xx_hal_spi.c ****   */
3179:HW_Lib/STM32H7/HAL_Lib/STM32H7xx_HAL_Driver/Src/stm32h7xx_hal_spi.c **** __weak void HAL_SPI_TxHalfCpltCallback(SPI_HandleTypeDef *hspi)
3180:HW_Lib/STM32H7/HAL_Lib/STM32H7xx_HAL_Driver/Src/stm32h7xx_hal_spi.c **** {
 6695              		.loc 1 3180 1
 6696              		.cfi_startproc
 6697              		@ args = 0, pretend = 0, frame = 8
 6698              		@ frame_needed = 1, uses_anonymous_args = 0
 6699              		@ link register save eliminated.
 6700 0000 80B4     		push	{r7}
 6701              	.LCFI120:
 6702              		.cfi_def_cfa_offset 4
 6703              		.cfi_offset 7, -4
 6704 0002 83B0     		sub	sp, sp, #12
 6705              	.LCFI121:
 6706              		.cfi_def_cfa_offset 16
 6707 0004 00AF     		add	r7, sp, #0
 6708              	.LCFI122:
 6709              		.cfi_def_cfa_register 7
 6710 0006 7860     		str	r0, [r7, #4]
3181:HW_Lib/STM32H7/HAL_Lib/STM32H7xx_HAL_Driver/Src/stm32h7xx_hal_spi.c ****   /* Prevent unused argument(s) compilation warning */
3182:HW_Lib/STM32H7/HAL_Lib/STM32H7xx_HAL_Driver/Src/stm32h7xx_hal_spi.c ****   UNUSED(hspi);
3183:HW_Lib/STM32H7/HAL_Lib/STM32H7xx_HAL_Driver/Src/stm32h7xx_hal_spi.c **** 
3184:HW_Lib/STM32H7/HAL_Lib/STM32H7xx_HAL_Driver/Src/stm32h7xx_hal_spi.c ****   /* NOTE : This function should not be modified, when the callback is needed,
3185:HW_Lib/STM32H7/HAL_Lib/STM32H7xx_HAL_Driver/Src/stm32h7xx_hal_spi.c ****             the HAL_SPI_TxHalfCpltCallback should be implemented in the user file
3186:HW_Lib/STM32H7/HAL_Lib/STM32H7xx_HAL_Driver/Src/stm32h7xx_hal_spi.c ****    */
3187:HW_Lib/STM32H7/HAL_Lib/STM32H7xx_HAL_Driver/Src/stm32h7xx_hal_spi.c **** }
 6711              		.loc 1 3187 1
 6712 0008 00BF     		nop
 6713 000a 0C37     		adds	r7, r7, #12
 6714              	.LCFI123:
 6715              		.cfi_def_cfa_offset 4
 6716 000c BD46     		mov	sp, r7
 6717              	.LCFI124:
 6718              		.cfi_def_cfa_register 13
 6719              		@ sp needed
 6720 000e 5DF8047B 		ldr	r7, [sp], #4
 6721              	.LCFI125:
ARM GAS  C:\Users\HUAV\AppData\Local\Temp\ccYQlmuE.s 			page 175


 6722              		.cfi_restore 7
 6723              		.cfi_def_cfa_offset 0
 6724 0012 7047     		bx	lr
 6725              		.cfi_endproc
 6726              	.LFE355:
 6728              		.section	.text.HAL_SPI_RxHalfCpltCallback,"ax",%progbits
 6729              		.align	1
 6730              		.weak	HAL_SPI_RxHalfCpltCallback
 6731              		.syntax unified
 6732              		.thumb
 6733              		.thumb_func
 6735              	HAL_SPI_RxHalfCpltCallback:
 6736              	.LFB356:
3188:HW_Lib/STM32H7/HAL_Lib/STM32H7xx_HAL_Driver/Src/stm32h7xx_hal_spi.c **** 
3189:HW_Lib/STM32H7/HAL_Lib/STM32H7xx_HAL_Driver/Src/stm32h7xx_hal_spi.c **** /**
3190:HW_Lib/STM32H7/HAL_Lib/STM32H7xx_HAL_Driver/Src/stm32h7xx_hal_spi.c ****   * @brief Rx Half Transfer completed callback.
3191:HW_Lib/STM32H7/HAL_Lib/STM32H7xx_HAL_Driver/Src/stm32h7xx_hal_spi.c ****   * @param  hspi: pointer to a SPI_HandleTypeDef structure that contains
3192:HW_Lib/STM32H7/HAL_Lib/STM32H7xx_HAL_Driver/Src/stm32h7xx_hal_spi.c ****   *               the configuration information for SPI module.
3193:HW_Lib/STM32H7/HAL_Lib/STM32H7xx_HAL_Driver/Src/stm32h7xx_hal_spi.c ****   * @retval None
3194:HW_Lib/STM32H7/HAL_Lib/STM32H7xx_HAL_Driver/Src/stm32h7xx_hal_spi.c ****   */
3195:HW_Lib/STM32H7/HAL_Lib/STM32H7xx_HAL_Driver/Src/stm32h7xx_hal_spi.c **** __weak void HAL_SPI_RxHalfCpltCallback(SPI_HandleTypeDef *hspi)
3196:HW_Lib/STM32H7/HAL_Lib/STM32H7xx_HAL_Driver/Src/stm32h7xx_hal_spi.c **** {
 6737              		.loc 1 3196 1
 6738              		.cfi_startproc
 6739              		@ args = 0, pretend = 0, frame = 8
 6740              		@ frame_needed = 1, uses_anonymous_args = 0
 6741              		@ link register save eliminated.
 6742 0000 80B4     		push	{r7}
 6743              	.LCFI126:
 6744              		.cfi_def_cfa_offset 4
 6745              		.cfi_offset 7, -4
 6746 0002 83B0     		sub	sp, sp, #12
 6747              	.LCFI127:
 6748              		.cfi_def_cfa_offset 16
 6749 0004 00AF     		add	r7, sp, #0
 6750              	.LCFI128:
 6751              		.cfi_def_cfa_register 7
 6752 0006 7860     		str	r0, [r7, #4]
3197:HW_Lib/STM32H7/HAL_Lib/STM32H7xx_HAL_Driver/Src/stm32h7xx_hal_spi.c ****   /* Prevent unused argument(s) compilation warning */
3198:HW_Lib/STM32H7/HAL_Lib/STM32H7xx_HAL_Driver/Src/stm32h7xx_hal_spi.c ****   UNUSED(hspi);
3199:HW_Lib/STM32H7/HAL_Lib/STM32H7xx_HAL_Driver/Src/stm32h7xx_hal_spi.c **** 
3200:HW_Lib/STM32H7/HAL_Lib/STM32H7xx_HAL_Driver/Src/stm32h7xx_hal_spi.c ****   /* NOTE : This function should not be modified, when the callback is needed,
3201:HW_Lib/STM32H7/HAL_Lib/STM32H7xx_HAL_Driver/Src/stm32h7xx_hal_spi.c ****             the HAL_SPI_RxHalfCpltCallback() should be implemented in the user file
3202:HW_Lib/STM32H7/HAL_Lib/STM32H7xx_HAL_Driver/Src/stm32h7xx_hal_spi.c ****    */
3203:HW_Lib/STM32H7/HAL_Lib/STM32H7xx_HAL_Driver/Src/stm32h7xx_hal_spi.c **** }
 6753              		.loc 1 3203 1
 6754 0008 00BF     		nop
 6755 000a 0C37     		adds	r7, r7, #12
 6756              	.LCFI129:
 6757              		.cfi_def_cfa_offset 4
 6758 000c BD46     		mov	sp, r7
 6759              	.LCFI130:
 6760              		.cfi_def_cfa_register 13
 6761              		@ sp needed
 6762 000e 5DF8047B 		ldr	r7, [sp], #4
 6763              	.LCFI131:
 6764              		.cfi_restore 7
ARM GAS  C:\Users\HUAV\AppData\Local\Temp\ccYQlmuE.s 			page 176


 6765              		.cfi_def_cfa_offset 0
 6766 0012 7047     		bx	lr
 6767              		.cfi_endproc
 6768              	.LFE356:
 6770              		.section	.text.HAL_SPI_TxRxHalfCpltCallback,"ax",%progbits
 6771              		.align	1
 6772              		.weak	HAL_SPI_TxRxHalfCpltCallback
 6773              		.syntax unified
 6774              		.thumb
 6775              		.thumb_func
 6777              	HAL_SPI_TxRxHalfCpltCallback:
 6778              	.LFB357:
3204:HW_Lib/STM32H7/HAL_Lib/STM32H7xx_HAL_Driver/Src/stm32h7xx_hal_spi.c **** 
3205:HW_Lib/STM32H7/HAL_Lib/STM32H7xx_HAL_Driver/Src/stm32h7xx_hal_spi.c **** /**
3206:HW_Lib/STM32H7/HAL_Lib/STM32H7xx_HAL_Driver/Src/stm32h7xx_hal_spi.c ****   * @brief Tx and Rx Half Transfer callback.
3207:HW_Lib/STM32H7/HAL_Lib/STM32H7xx_HAL_Driver/Src/stm32h7xx_hal_spi.c ****   * @param  hspi: pointer to a SPI_HandleTypeDef structure that contains
3208:HW_Lib/STM32H7/HAL_Lib/STM32H7xx_HAL_Driver/Src/stm32h7xx_hal_spi.c ****   *               the configuration information for SPI module.
3209:HW_Lib/STM32H7/HAL_Lib/STM32H7xx_HAL_Driver/Src/stm32h7xx_hal_spi.c ****   * @retval None
3210:HW_Lib/STM32H7/HAL_Lib/STM32H7xx_HAL_Driver/Src/stm32h7xx_hal_spi.c ****   */
3211:HW_Lib/STM32H7/HAL_Lib/STM32H7xx_HAL_Driver/Src/stm32h7xx_hal_spi.c **** __weak void HAL_SPI_TxRxHalfCpltCallback(SPI_HandleTypeDef *hspi)
3212:HW_Lib/STM32H7/HAL_Lib/STM32H7xx_HAL_Driver/Src/stm32h7xx_hal_spi.c **** {
 6779              		.loc 1 3212 1
 6780              		.cfi_startproc
 6781              		@ args = 0, pretend = 0, frame = 8
 6782              		@ frame_needed = 1, uses_anonymous_args = 0
 6783              		@ link register save eliminated.
 6784 0000 80B4     		push	{r7}
 6785              	.LCFI132:
 6786              		.cfi_def_cfa_offset 4
 6787              		.cfi_offset 7, -4
 6788 0002 83B0     		sub	sp, sp, #12
 6789              	.LCFI133:
 6790              		.cfi_def_cfa_offset 16
 6791 0004 00AF     		add	r7, sp, #0
 6792              	.LCFI134:
 6793              		.cfi_def_cfa_register 7
 6794 0006 7860     		str	r0, [r7, #4]
3213:HW_Lib/STM32H7/HAL_Lib/STM32H7xx_HAL_Driver/Src/stm32h7xx_hal_spi.c ****   /* Prevent unused argument(s) compilation warning */
3214:HW_Lib/STM32H7/HAL_Lib/STM32H7xx_HAL_Driver/Src/stm32h7xx_hal_spi.c ****   UNUSED(hspi);
3215:HW_Lib/STM32H7/HAL_Lib/STM32H7xx_HAL_Driver/Src/stm32h7xx_hal_spi.c **** 
3216:HW_Lib/STM32H7/HAL_Lib/STM32H7xx_HAL_Driver/Src/stm32h7xx_hal_spi.c ****   /* NOTE : This function should not be modified, when the callback is needed,
3217:HW_Lib/STM32H7/HAL_Lib/STM32H7xx_HAL_Driver/Src/stm32h7xx_hal_spi.c ****             the HAL_SPI_TxRxHalfCpltCallback() should be implemented in the user file
3218:HW_Lib/STM32H7/HAL_Lib/STM32H7xx_HAL_Driver/Src/stm32h7xx_hal_spi.c ****    */
3219:HW_Lib/STM32H7/HAL_Lib/STM32H7xx_HAL_Driver/Src/stm32h7xx_hal_spi.c **** }
 6795              		.loc 1 3219 1
 6796 0008 00BF     		nop
 6797 000a 0C37     		adds	r7, r7, #12
 6798              	.LCFI135:
 6799              		.cfi_def_cfa_offset 4
 6800 000c BD46     		mov	sp, r7
 6801              	.LCFI136:
 6802              		.cfi_def_cfa_register 13
 6803              		@ sp needed
 6804 000e 5DF8047B 		ldr	r7, [sp], #4
 6805              	.LCFI137:
 6806              		.cfi_restore 7
 6807              		.cfi_def_cfa_offset 0
ARM GAS  C:\Users\HUAV\AppData\Local\Temp\ccYQlmuE.s 			page 177


 6808 0012 7047     		bx	lr
 6809              		.cfi_endproc
 6810              	.LFE357:
 6812              		.section	.text.HAL_SPI_ErrorCallback,"ax",%progbits
 6813              		.align	1
 6814              		.weak	HAL_SPI_ErrorCallback
 6815              		.syntax unified
 6816              		.thumb
 6817              		.thumb_func
 6819              	HAL_SPI_ErrorCallback:
 6820              	.LFB358:
3220:HW_Lib/STM32H7/HAL_Lib/STM32H7xx_HAL_Driver/Src/stm32h7xx_hal_spi.c **** 
3221:HW_Lib/STM32H7/HAL_Lib/STM32H7xx_HAL_Driver/Src/stm32h7xx_hal_spi.c **** /**
3222:HW_Lib/STM32H7/HAL_Lib/STM32H7xx_HAL_Driver/Src/stm32h7xx_hal_spi.c ****   * @brief SPI error callback.
3223:HW_Lib/STM32H7/HAL_Lib/STM32H7xx_HAL_Driver/Src/stm32h7xx_hal_spi.c ****   * @param  hspi: pointer to a SPI_HandleTypeDef structure that contains
3224:HW_Lib/STM32H7/HAL_Lib/STM32H7xx_HAL_Driver/Src/stm32h7xx_hal_spi.c ****   *               the configuration information for SPI module.
3225:HW_Lib/STM32H7/HAL_Lib/STM32H7xx_HAL_Driver/Src/stm32h7xx_hal_spi.c ****   * @retval None
3226:HW_Lib/STM32H7/HAL_Lib/STM32H7xx_HAL_Driver/Src/stm32h7xx_hal_spi.c ****   */
3227:HW_Lib/STM32H7/HAL_Lib/STM32H7xx_HAL_Driver/Src/stm32h7xx_hal_spi.c **** __weak void HAL_SPI_ErrorCallback(SPI_HandleTypeDef *hspi)
3228:HW_Lib/STM32H7/HAL_Lib/STM32H7xx_HAL_Driver/Src/stm32h7xx_hal_spi.c **** {
 6821              		.loc 1 3228 1
 6822              		.cfi_startproc
 6823              		@ args = 0, pretend = 0, frame = 8
 6824              		@ frame_needed = 1, uses_anonymous_args = 0
 6825              		@ link register save eliminated.
 6826 0000 80B4     		push	{r7}
 6827              	.LCFI138:
 6828              		.cfi_def_cfa_offset 4
 6829              		.cfi_offset 7, -4
 6830 0002 83B0     		sub	sp, sp, #12
 6831              	.LCFI139:
 6832              		.cfi_def_cfa_offset 16
 6833 0004 00AF     		add	r7, sp, #0
 6834              	.LCFI140:
 6835              		.cfi_def_cfa_register 7
 6836 0006 7860     		str	r0, [r7, #4]
3229:HW_Lib/STM32H7/HAL_Lib/STM32H7xx_HAL_Driver/Src/stm32h7xx_hal_spi.c ****   /* Prevent unused argument(s) compilation warning */
3230:HW_Lib/STM32H7/HAL_Lib/STM32H7xx_HAL_Driver/Src/stm32h7xx_hal_spi.c ****   UNUSED(hspi);
3231:HW_Lib/STM32H7/HAL_Lib/STM32H7xx_HAL_Driver/Src/stm32h7xx_hal_spi.c **** 
3232:HW_Lib/STM32H7/HAL_Lib/STM32H7xx_HAL_Driver/Src/stm32h7xx_hal_spi.c ****   /* NOTE : This function should not be modified, when the callback is needed,
3233:HW_Lib/STM32H7/HAL_Lib/STM32H7xx_HAL_Driver/Src/stm32h7xx_hal_spi.c ****             the HAL_SPI_ErrorCallback should be implemented in the user file
3234:HW_Lib/STM32H7/HAL_Lib/STM32H7xx_HAL_Driver/Src/stm32h7xx_hal_spi.c ****    */
3235:HW_Lib/STM32H7/HAL_Lib/STM32H7xx_HAL_Driver/Src/stm32h7xx_hal_spi.c ****   /* NOTE : The ErrorCode parameter in the hspi handle is updated by the SPI processes
3236:HW_Lib/STM32H7/HAL_Lib/STM32H7xx_HAL_Driver/Src/stm32h7xx_hal_spi.c ****             and user can use HAL_SPI_GetError() API to check the latest error occurred
3237:HW_Lib/STM32H7/HAL_Lib/STM32H7xx_HAL_Driver/Src/stm32h7xx_hal_spi.c ****    */
3238:HW_Lib/STM32H7/HAL_Lib/STM32H7xx_HAL_Driver/Src/stm32h7xx_hal_spi.c **** }
 6837              		.loc 1 3238 1
 6838 0008 00BF     		nop
 6839 000a 0C37     		adds	r7, r7, #12
 6840              	.LCFI141:
 6841              		.cfi_def_cfa_offset 4
 6842 000c BD46     		mov	sp, r7
 6843              	.LCFI142:
 6844              		.cfi_def_cfa_register 13
 6845              		@ sp needed
 6846 000e 5DF8047B 		ldr	r7, [sp], #4
 6847              	.LCFI143:
ARM GAS  C:\Users\HUAV\AppData\Local\Temp\ccYQlmuE.s 			page 178


 6848              		.cfi_restore 7
 6849              		.cfi_def_cfa_offset 0
 6850 0012 7047     		bx	lr
 6851              		.cfi_endproc
 6852              	.LFE358:
 6854              		.section	.text.HAL_SPI_AbortCpltCallback,"ax",%progbits
 6855              		.align	1
 6856              		.weak	HAL_SPI_AbortCpltCallback
 6857              		.syntax unified
 6858              		.thumb
 6859              		.thumb_func
 6861              	HAL_SPI_AbortCpltCallback:
 6862              	.LFB359:
3239:HW_Lib/STM32H7/HAL_Lib/STM32H7xx_HAL_Driver/Src/stm32h7xx_hal_spi.c **** 
3240:HW_Lib/STM32H7/HAL_Lib/STM32H7xx_HAL_Driver/Src/stm32h7xx_hal_spi.c **** /**
3241:HW_Lib/STM32H7/HAL_Lib/STM32H7xx_HAL_Driver/Src/stm32h7xx_hal_spi.c ****   * @brief  SPI Abort Complete callback.
3242:HW_Lib/STM32H7/HAL_Lib/STM32H7xx_HAL_Driver/Src/stm32h7xx_hal_spi.c ****   * @param  hspi SPI handle.
3243:HW_Lib/STM32H7/HAL_Lib/STM32H7xx_HAL_Driver/Src/stm32h7xx_hal_spi.c ****   * @retval None
3244:HW_Lib/STM32H7/HAL_Lib/STM32H7xx_HAL_Driver/Src/stm32h7xx_hal_spi.c ****   */
3245:HW_Lib/STM32H7/HAL_Lib/STM32H7xx_HAL_Driver/Src/stm32h7xx_hal_spi.c **** __weak void HAL_SPI_AbortCpltCallback(SPI_HandleTypeDef *hspi)
3246:HW_Lib/STM32H7/HAL_Lib/STM32H7xx_HAL_Driver/Src/stm32h7xx_hal_spi.c **** {
 6863              		.loc 1 3246 1
 6864              		.cfi_startproc
 6865              		@ args = 0, pretend = 0, frame = 8
 6866              		@ frame_needed = 1, uses_anonymous_args = 0
 6867              		@ link register save eliminated.
 6868 0000 80B4     		push	{r7}
 6869              	.LCFI144:
 6870              		.cfi_def_cfa_offset 4
 6871              		.cfi_offset 7, -4
 6872 0002 83B0     		sub	sp, sp, #12
 6873              	.LCFI145:
 6874              		.cfi_def_cfa_offset 16
 6875 0004 00AF     		add	r7, sp, #0
 6876              	.LCFI146:
 6877              		.cfi_def_cfa_register 7
 6878 0006 7860     		str	r0, [r7, #4]
3247:HW_Lib/STM32H7/HAL_Lib/STM32H7xx_HAL_Driver/Src/stm32h7xx_hal_spi.c ****   /* Prevent unused argument(s) compilation warning */
3248:HW_Lib/STM32H7/HAL_Lib/STM32H7xx_HAL_Driver/Src/stm32h7xx_hal_spi.c ****   UNUSED(hspi);
3249:HW_Lib/STM32H7/HAL_Lib/STM32H7xx_HAL_Driver/Src/stm32h7xx_hal_spi.c **** 
3250:HW_Lib/STM32H7/HAL_Lib/STM32H7xx_HAL_Driver/Src/stm32h7xx_hal_spi.c ****   /* NOTE : This function should not be modified, when the callback is needed,
3251:HW_Lib/STM32H7/HAL_Lib/STM32H7xx_HAL_Driver/Src/stm32h7xx_hal_spi.c ****             the HAL_SPI_AbortCpltCallback can be implemented in the user file.
3252:HW_Lib/STM32H7/HAL_Lib/STM32H7xx_HAL_Driver/Src/stm32h7xx_hal_spi.c ****    */
3253:HW_Lib/STM32H7/HAL_Lib/STM32H7xx_HAL_Driver/Src/stm32h7xx_hal_spi.c **** }
 6879              		.loc 1 3253 1
 6880 0008 00BF     		nop
 6881 000a 0C37     		adds	r7, r7, #12
 6882              	.LCFI147:
 6883              		.cfi_def_cfa_offset 4
 6884 000c BD46     		mov	sp, r7
 6885              	.LCFI148:
 6886              		.cfi_def_cfa_register 13
 6887              		@ sp needed
 6888 000e 5DF8047B 		ldr	r7, [sp], #4
 6889              	.LCFI149:
 6890              		.cfi_restore 7
 6891              		.cfi_def_cfa_offset 0
ARM GAS  C:\Users\HUAV\AppData\Local\Temp\ccYQlmuE.s 			page 179


 6892 0012 7047     		bx	lr
 6893              		.cfi_endproc
 6894              	.LFE359:
 6896              		.section	.text.HAL_SPI_GetState,"ax",%progbits
 6897              		.align	1
 6898              		.global	HAL_SPI_GetState
 6899              		.syntax unified
 6900              		.thumb
 6901              		.thumb_func
 6903              	HAL_SPI_GetState:
 6904              	.LFB360:
3254:HW_Lib/STM32H7/HAL_Lib/STM32H7xx_HAL_Driver/Src/stm32h7xx_hal_spi.c **** 
3255:HW_Lib/STM32H7/HAL_Lib/STM32H7xx_HAL_Driver/Src/stm32h7xx_hal_spi.c **** /**
3256:HW_Lib/STM32H7/HAL_Lib/STM32H7xx_HAL_Driver/Src/stm32h7xx_hal_spi.c ****   * @}
3257:HW_Lib/STM32H7/HAL_Lib/STM32H7xx_HAL_Driver/Src/stm32h7xx_hal_spi.c ****   */
3258:HW_Lib/STM32H7/HAL_Lib/STM32H7xx_HAL_Driver/Src/stm32h7xx_hal_spi.c **** 
3259:HW_Lib/STM32H7/HAL_Lib/STM32H7xx_HAL_Driver/Src/stm32h7xx_hal_spi.c **** /** @defgroup SPI_Exported_Functions_Group3 Peripheral State and Errors functions
3260:HW_Lib/STM32H7/HAL_Lib/STM32H7xx_HAL_Driver/Src/stm32h7xx_hal_spi.c ****   * @brief   SPI control functions
3261:HW_Lib/STM32H7/HAL_Lib/STM32H7xx_HAL_Driver/Src/stm32h7xx_hal_spi.c ****   *
3262:HW_Lib/STM32H7/HAL_Lib/STM32H7xx_HAL_Driver/Src/stm32h7xx_hal_spi.c **** @verbatim
3263:HW_Lib/STM32H7/HAL_Lib/STM32H7xx_HAL_Driver/Src/stm32h7xx_hal_spi.c ****  ===============================================================================
3264:HW_Lib/STM32H7/HAL_Lib/STM32H7xx_HAL_Driver/Src/stm32h7xx_hal_spi.c ****                       ##### Peripheral State and Errors functions #####
3265:HW_Lib/STM32H7/HAL_Lib/STM32H7xx_HAL_Driver/Src/stm32h7xx_hal_spi.c ****  ===============================================================================
3266:HW_Lib/STM32H7/HAL_Lib/STM32H7xx_HAL_Driver/Src/stm32h7xx_hal_spi.c ****     [..]
3267:HW_Lib/STM32H7/HAL_Lib/STM32H7xx_HAL_Driver/Src/stm32h7xx_hal_spi.c ****     This subsection provides a set of functions allowing to control the SPI.
3268:HW_Lib/STM32H7/HAL_Lib/STM32H7xx_HAL_Driver/Src/stm32h7xx_hal_spi.c ****      (+) HAL_SPI_GetState() API can be helpful to check in run-time the state of the SPI peripheral
3269:HW_Lib/STM32H7/HAL_Lib/STM32H7xx_HAL_Driver/Src/stm32h7xx_hal_spi.c ****      (+) HAL_SPI_GetError() check in run-time Errors occurring during communication
3270:HW_Lib/STM32H7/HAL_Lib/STM32H7xx_HAL_Driver/Src/stm32h7xx_hal_spi.c **** @endverbatim
3271:HW_Lib/STM32H7/HAL_Lib/STM32H7xx_HAL_Driver/Src/stm32h7xx_hal_spi.c ****   * @{
3272:HW_Lib/STM32H7/HAL_Lib/STM32H7xx_HAL_Driver/Src/stm32h7xx_hal_spi.c ****   */
3273:HW_Lib/STM32H7/HAL_Lib/STM32H7xx_HAL_Driver/Src/stm32h7xx_hal_spi.c **** 
3274:HW_Lib/STM32H7/HAL_Lib/STM32H7xx_HAL_Driver/Src/stm32h7xx_hal_spi.c **** /**
3275:HW_Lib/STM32H7/HAL_Lib/STM32H7xx_HAL_Driver/Src/stm32h7xx_hal_spi.c ****   * @brief  Return the SPI handle state.
3276:HW_Lib/STM32H7/HAL_Lib/STM32H7xx_HAL_Driver/Src/stm32h7xx_hal_spi.c ****   * @param  hspi: pointer to a SPI_HandleTypeDef structure that contains
3277:HW_Lib/STM32H7/HAL_Lib/STM32H7xx_HAL_Driver/Src/stm32h7xx_hal_spi.c ****   *               the configuration information for SPI module.
3278:HW_Lib/STM32H7/HAL_Lib/STM32H7xx_HAL_Driver/Src/stm32h7xx_hal_spi.c ****   * @retval SPI state
3279:HW_Lib/STM32H7/HAL_Lib/STM32H7xx_HAL_Driver/Src/stm32h7xx_hal_spi.c ****   */
3280:HW_Lib/STM32H7/HAL_Lib/STM32H7xx_HAL_Driver/Src/stm32h7xx_hal_spi.c **** HAL_SPI_StateTypeDef HAL_SPI_GetState(SPI_HandleTypeDef *hspi)
3281:HW_Lib/STM32H7/HAL_Lib/STM32H7xx_HAL_Driver/Src/stm32h7xx_hal_spi.c **** {
 6905              		.loc 1 3281 1
 6906              		.cfi_startproc
 6907              		@ args = 0, pretend = 0, frame = 8
 6908              		@ frame_needed = 1, uses_anonymous_args = 0
 6909              		@ link register save eliminated.
 6910 0000 80B4     		push	{r7}
 6911              	.LCFI150:
 6912              		.cfi_def_cfa_offset 4
 6913              		.cfi_offset 7, -4
 6914 0002 83B0     		sub	sp, sp, #12
 6915              	.LCFI151:
 6916              		.cfi_def_cfa_offset 16
 6917 0004 00AF     		add	r7, sp, #0
 6918              	.LCFI152:
 6919              		.cfi_def_cfa_register 7
 6920 0006 7860     		str	r0, [r7, #4]
3282:HW_Lib/STM32H7/HAL_Lib/STM32H7xx_HAL_Driver/Src/stm32h7xx_hal_spi.c ****   /* Return SPI handle state */
3283:HW_Lib/STM32H7/HAL_Lib/STM32H7xx_HAL_Driver/Src/stm32h7xx_hal_spi.c ****   return hspi->State;
ARM GAS  C:\Users\HUAV\AppData\Local\Temp\ccYQlmuE.s 			page 180


 6921              		.loc 1 3283 14
 6922 0008 7B68     		ldr	r3, [r7, #4]
 6923 000a 93F88130 		ldrb	r3, [r3, #129]
 6924 000e DBB2     		uxtb	r3, r3
3284:HW_Lib/STM32H7/HAL_Lib/STM32H7xx_HAL_Driver/Src/stm32h7xx_hal_spi.c **** }
 6925              		.loc 1 3284 1
 6926 0010 1846     		mov	r0, r3
 6927 0012 0C37     		adds	r7, r7, #12
 6928              	.LCFI153:
 6929              		.cfi_def_cfa_offset 4
 6930 0014 BD46     		mov	sp, r7
 6931              	.LCFI154:
 6932              		.cfi_def_cfa_register 13
 6933              		@ sp needed
 6934 0016 5DF8047B 		ldr	r7, [sp], #4
 6935              	.LCFI155:
 6936              		.cfi_restore 7
 6937              		.cfi_def_cfa_offset 0
 6938 001a 7047     		bx	lr
 6939              		.cfi_endproc
 6940              	.LFE360:
 6942              		.section	.text.HAL_SPI_GetError,"ax",%progbits
 6943              		.align	1
 6944              		.global	HAL_SPI_GetError
 6945              		.syntax unified
 6946              		.thumb
 6947              		.thumb_func
 6949              	HAL_SPI_GetError:
 6950              	.LFB361:
3285:HW_Lib/STM32H7/HAL_Lib/STM32H7xx_HAL_Driver/Src/stm32h7xx_hal_spi.c **** 
3286:HW_Lib/STM32H7/HAL_Lib/STM32H7xx_HAL_Driver/Src/stm32h7xx_hal_spi.c **** /**
3287:HW_Lib/STM32H7/HAL_Lib/STM32H7xx_HAL_Driver/Src/stm32h7xx_hal_spi.c ****   * @brief  Return the SPI error code.
3288:HW_Lib/STM32H7/HAL_Lib/STM32H7xx_HAL_Driver/Src/stm32h7xx_hal_spi.c ****   * @param  hspi: pointer to a SPI_HandleTypeDef structure that contains
3289:HW_Lib/STM32H7/HAL_Lib/STM32H7xx_HAL_Driver/Src/stm32h7xx_hal_spi.c ****   *               the configuration information for SPI module.
3290:HW_Lib/STM32H7/HAL_Lib/STM32H7xx_HAL_Driver/Src/stm32h7xx_hal_spi.c ****   * @retval SPI error code in bitmap format
3291:HW_Lib/STM32H7/HAL_Lib/STM32H7xx_HAL_Driver/Src/stm32h7xx_hal_spi.c ****   */
3292:HW_Lib/STM32H7/HAL_Lib/STM32H7xx_HAL_Driver/Src/stm32h7xx_hal_spi.c **** uint32_t HAL_SPI_GetError(SPI_HandleTypeDef *hspi)
3293:HW_Lib/STM32H7/HAL_Lib/STM32H7xx_HAL_Driver/Src/stm32h7xx_hal_spi.c **** {
 6951              		.loc 1 3293 1
 6952              		.cfi_startproc
 6953              		@ args = 0, pretend = 0, frame = 8
 6954              		@ frame_needed = 1, uses_anonymous_args = 0
 6955              		@ link register save eliminated.
 6956 0000 80B4     		push	{r7}
 6957              	.LCFI156:
 6958              		.cfi_def_cfa_offset 4
 6959              		.cfi_offset 7, -4
 6960 0002 83B0     		sub	sp, sp, #12
 6961              	.LCFI157:
 6962              		.cfi_def_cfa_offset 16
 6963 0004 00AF     		add	r7, sp, #0
 6964              	.LCFI158:
 6965              		.cfi_def_cfa_register 7
 6966 0006 7860     		str	r0, [r7, #4]
3294:HW_Lib/STM32H7/HAL_Lib/STM32H7xx_HAL_Driver/Src/stm32h7xx_hal_spi.c ****   /* Return SPI ErrorCode */
3295:HW_Lib/STM32H7/HAL_Lib/STM32H7xx_HAL_Driver/Src/stm32h7xx_hal_spi.c ****   return hspi->ErrorCode;
 6967              		.loc 1 3295 14
ARM GAS  C:\Users\HUAV\AppData\Local\Temp\ccYQlmuE.s 			page 181


 6968 0008 7B68     		ldr	r3, [r7, #4]
 6969 000a D3F88430 		ldr	r3, [r3, #132]
3296:HW_Lib/STM32H7/HAL_Lib/STM32H7xx_HAL_Driver/Src/stm32h7xx_hal_spi.c **** }
 6970              		.loc 1 3296 1
 6971 000e 1846     		mov	r0, r3
 6972 0010 0C37     		adds	r7, r7, #12
 6973              	.LCFI159:
 6974              		.cfi_def_cfa_offset 4
 6975 0012 BD46     		mov	sp, r7
 6976              	.LCFI160:
 6977              		.cfi_def_cfa_register 13
 6978              		@ sp needed
 6979 0014 5DF8047B 		ldr	r7, [sp], #4
 6980              	.LCFI161:
 6981              		.cfi_restore 7
 6982              		.cfi_def_cfa_offset 0
 6983 0018 7047     		bx	lr
 6984              		.cfi_endproc
 6985              	.LFE361:
 6987              		.section	.text.SPI_DMATransmitCplt,"ax",%progbits
 6988              		.align	1
 6989              		.syntax unified
 6990              		.thumb
 6991              		.thumb_func
 6993              	SPI_DMATransmitCplt:
 6994              	.LFB362:
3297:HW_Lib/STM32H7/HAL_Lib/STM32H7xx_HAL_Driver/Src/stm32h7xx_hal_spi.c **** 
3298:HW_Lib/STM32H7/HAL_Lib/STM32H7xx_HAL_Driver/Src/stm32h7xx_hal_spi.c **** /**
3299:HW_Lib/STM32H7/HAL_Lib/STM32H7xx_HAL_Driver/Src/stm32h7xx_hal_spi.c ****   * @}
3300:HW_Lib/STM32H7/HAL_Lib/STM32H7xx_HAL_Driver/Src/stm32h7xx_hal_spi.c ****   */
3301:HW_Lib/STM32H7/HAL_Lib/STM32H7xx_HAL_Driver/Src/stm32h7xx_hal_spi.c **** 
3302:HW_Lib/STM32H7/HAL_Lib/STM32H7xx_HAL_Driver/Src/stm32h7xx_hal_spi.c **** /**
3303:HW_Lib/STM32H7/HAL_Lib/STM32H7xx_HAL_Driver/Src/stm32h7xx_hal_spi.c ****   * @}
3304:HW_Lib/STM32H7/HAL_Lib/STM32H7xx_HAL_Driver/Src/stm32h7xx_hal_spi.c ****   */
3305:HW_Lib/STM32H7/HAL_Lib/STM32H7xx_HAL_Driver/Src/stm32h7xx_hal_spi.c **** 
3306:HW_Lib/STM32H7/HAL_Lib/STM32H7xx_HAL_Driver/Src/stm32h7xx_hal_spi.c **** /** @addtogroup SPI_Private_Functions
3307:HW_Lib/STM32H7/HAL_Lib/STM32H7xx_HAL_Driver/Src/stm32h7xx_hal_spi.c ****   * @brief   Private functions
3308:HW_Lib/STM32H7/HAL_Lib/STM32H7xx_HAL_Driver/Src/stm32h7xx_hal_spi.c ****   * @{
3309:HW_Lib/STM32H7/HAL_Lib/STM32H7xx_HAL_Driver/Src/stm32h7xx_hal_spi.c ****   */
3310:HW_Lib/STM32H7/HAL_Lib/STM32H7xx_HAL_Driver/Src/stm32h7xx_hal_spi.c **** 
3311:HW_Lib/STM32H7/HAL_Lib/STM32H7xx_HAL_Driver/Src/stm32h7xx_hal_spi.c **** /**
3312:HW_Lib/STM32H7/HAL_Lib/STM32H7xx_HAL_Driver/Src/stm32h7xx_hal_spi.c ****   * @brief DMA SPI transmit process complete callback.
3313:HW_Lib/STM32H7/HAL_Lib/STM32H7xx_HAL_Driver/Src/stm32h7xx_hal_spi.c ****   * @param  hdma: pointer to a DMA_HandleTypeDef structure that contains
3314:HW_Lib/STM32H7/HAL_Lib/STM32H7xx_HAL_Driver/Src/stm32h7xx_hal_spi.c ****   *               the configuration information for the specified DMA module.
3315:HW_Lib/STM32H7/HAL_Lib/STM32H7xx_HAL_Driver/Src/stm32h7xx_hal_spi.c ****   * @retval None
3316:HW_Lib/STM32H7/HAL_Lib/STM32H7xx_HAL_Driver/Src/stm32h7xx_hal_spi.c ****   */
3317:HW_Lib/STM32H7/HAL_Lib/STM32H7xx_HAL_Driver/Src/stm32h7xx_hal_spi.c **** static void SPI_DMATransmitCplt(DMA_HandleTypeDef *hdma)
3318:HW_Lib/STM32H7/HAL_Lib/STM32H7xx_HAL_Driver/Src/stm32h7xx_hal_spi.c **** {
 6995              		.loc 1 3318 1
 6996              		.cfi_startproc
 6997              		@ args = 0, pretend = 0, frame = 16
 6998              		@ frame_needed = 1, uses_anonymous_args = 0
 6999 0000 80B5     		push	{r7, lr}
 7000              	.LCFI162:
 7001              		.cfi_def_cfa_offset 8
 7002              		.cfi_offset 7, -8
 7003              		.cfi_offset 14, -4
ARM GAS  C:\Users\HUAV\AppData\Local\Temp\ccYQlmuE.s 			page 182


 7004 0002 84B0     		sub	sp, sp, #16
 7005              	.LCFI163:
 7006              		.cfi_def_cfa_offset 24
 7007 0004 00AF     		add	r7, sp, #0
 7008              	.LCFI164:
 7009              		.cfi_def_cfa_register 7
 7010 0006 7860     		str	r0, [r7, #4]
3319:HW_Lib/STM32H7/HAL_Lib/STM32H7xx_HAL_Driver/Src/stm32h7xx_hal_spi.c ****   SPI_HandleTypeDef *hspi = (SPI_HandleTypeDef *)((DMA_HandleTypeDef *)hdma)->Parent;
 7011              		.loc 1 3319 22
 7012 0008 7B68     		ldr	r3, [r7, #4]
 7013 000a 9B6B     		ldr	r3, [r3, #56]
 7014 000c FB60     		str	r3, [r7, #12]
3320:HW_Lib/STM32H7/HAL_Lib/STM32H7xx_HAL_Driver/Src/stm32h7xx_hal_spi.c **** 
3321:HW_Lib/STM32H7/HAL_Lib/STM32H7xx_HAL_Driver/Src/stm32h7xx_hal_spi.c ****   if (hspi->State != HAL_SPI_STATE_ABORT)
 7015              		.loc 1 3321 11
 7016 000e FB68     		ldr	r3, [r7, #12]
 7017 0010 93F88130 		ldrb	r3, [r3, #129]
 7018 0014 DBB2     		uxtb	r3, r3
 7019              		.loc 1 3321 6
 7020 0016 072B     		cmp	r3, #7
 7021 0018 11D0     		beq	.L326
3322:HW_Lib/STM32H7/HAL_Lib/STM32H7xx_HAL_Driver/Src/stm32h7xx_hal_spi.c ****   {
3323:HW_Lib/STM32H7/HAL_Lib/STM32H7xx_HAL_Driver/Src/stm32h7xx_hal_spi.c ****     if (hspi->hdmatx->Init.Mode == DMA_CIRCULAR)
 7022              		.loc 1 3323 13
 7023 001a FB68     		ldr	r3, [r7, #12]
 7024 001c 9B6F     		ldr	r3, [r3, #120]
 7025              		.loc 1 3323 27
 7026 001e DB69     		ldr	r3, [r3, #28]
 7027              		.loc 1 3323 8
 7028 0020 B3F5807F 		cmp	r3, #256
 7029 0024 03D1     		bne	.L325
3324:HW_Lib/STM32H7/HAL_Lib/STM32H7xx_HAL_Driver/Src/stm32h7xx_hal_spi.c ****     {
3325:HW_Lib/STM32H7/HAL_Lib/STM32H7xx_HAL_Driver/Src/stm32h7xx_hal_spi.c **** #if (USE_HAL_SPI_REGISTER_CALLBACKS == 1UL)
3326:HW_Lib/STM32H7/HAL_Lib/STM32H7xx_HAL_Driver/Src/stm32h7xx_hal_spi.c ****       hspi->TxCpltCallback(hspi);
3327:HW_Lib/STM32H7/HAL_Lib/STM32H7xx_HAL_Driver/Src/stm32h7xx_hal_spi.c **** #else
3328:HW_Lib/STM32H7/HAL_Lib/STM32H7xx_HAL_Driver/Src/stm32h7xx_hal_spi.c ****       HAL_SPI_TxCpltCallback(hspi);
 7030              		.loc 1 3328 7
 7031 0026 F868     		ldr	r0, [r7, #12]
 7032 0028 FFF7FEFF 		bl	HAL_SPI_TxCpltCallback
3329:HW_Lib/STM32H7/HAL_Lib/STM32H7xx_HAL_Driver/Src/stm32h7xx_hal_spi.c **** #endif /* USE_HAL_SPI_REGISTER_CALLBACKS */
3330:HW_Lib/STM32H7/HAL_Lib/STM32H7xx_HAL_Driver/Src/stm32h7xx_hal_spi.c ****     }
3331:HW_Lib/STM32H7/HAL_Lib/STM32H7xx_HAL_Driver/Src/stm32h7xx_hal_spi.c ****     else
3332:HW_Lib/STM32H7/HAL_Lib/STM32H7xx_HAL_Driver/Src/stm32h7xx_hal_spi.c ****     {
3333:HW_Lib/STM32H7/HAL_Lib/STM32H7xx_HAL_Driver/Src/stm32h7xx_hal_spi.c ****       /* Enable EOT interrupt */
3334:HW_Lib/STM32H7/HAL_Lib/STM32H7xx_HAL_Driver/Src/stm32h7xx_hal_spi.c ****       __HAL_SPI_ENABLE_IT(hspi, SPI_IT_EOT);
3335:HW_Lib/STM32H7/HAL_Lib/STM32H7xx_HAL_Driver/Src/stm32h7xx_hal_spi.c ****     }
3336:HW_Lib/STM32H7/HAL_Lib/STM32H7xx_HAL_Driver/Src/stm32h7xx_hal_spi.c ****   }
3337:HW_Lib/STM32H7/HAL_Lib/STM32H7xx_HAL_Driver/Src/stm32h7xx_hal_spi.c **** }
 7033              		.loc 1 3337 1
 7034 002c 07E0     		b	.L326
 7035              	.L325:
3334:HW_Lib/STM32H7/HAL_Lib/STM32H7xx_HAL_Driver/Src/stm32h7xx_hal_spi.c ****     }
 7036              		.loc 1 3334 7
 7037 002e FB68     		ldr	r3, [r7, #12]
 7038 0030 1B68     		ldr	r3, [r3]
 7039 0032 1A69     		ldr	r2, [r3, #16]
 7040 0034 FB68     		ldr	r3, [r7, #12]
ARM GAS  C:\Users\HUAV\AppData\Local\Temp\ccYQlmuE.s 			page 183


 7041 0036 1B68     		ldr	r3, [r3]
 7042 0038 42F00802 		orr	r2, r2, #8
 7043 003c 1A61     		str	r2, [r3, #16]
 7044              	.L326:
 7045              		.loc 1 3337 1
 7046 003e 00BF     		nop
 7047 0040 1037     		adds	r7, r7, #16
 7048              	.LCFI165:
 7049              		.cfi_def_cfa_offset 8
 7050 0042 BD46     		mov	sp, r7
 7051              	.LCFI166:
 7052              		.cfi_def_cfa_register 13
 7053              		@ sp needed
 7054 0044 80BD     		pop	{r7, pc}
 7055              		.cfi_endproc
 7056              	.LFE362:
 7058              		.section	.text.SPI_DMAReceiveCplt,"ax",%progbits
 7059              		.align	1
 7060              		.syntax unified
 7061              		.thumb
 7062              		.thumb_func
 7064              	SPI_DMAReceiveCplt:
 7065              	.LFB363:
3338:HW_Lib/STM32H7/HAL_Lib/STM32H7xx_HAL_Driver/Src/stm32h7xx_hal_spi.c **** 
3339:HW_Lib/STM32H7/HAL_Lib/STM32H7xx_HAL_Driver/Src/stm32h7xx_hal_spi.c **** /**
3340:HW_Lib/STM32H7/HAL_Lib/STM32H7xx_HAL_Driver/Src/stm32h7xx_hal_spi.c ****   * @brief DMA SPI receive process complete callback.
3341:HW_Lib/STM32H7/HAL_Lib/STM32H7xx_HAL_Driver/Src/stm32h7xx_hal_spi.c ****   * @param  hdma: pointer to a DMA_HandleTypeDef structure that contains
3342:HW_Lib/STM32H7/HAL_Lib/STM32H7xx_HAL_Driver/Src/stm32h7xx_hal_spi.c ****   *               the configuration information for the specified DMA module.
3343:HW_Lib/STM32H7/HAL_Lib/STM32H7xx_HAL_Driver/Src/stm32h7xx_hal_spi.c ****   * @retval None
3344:HW_Lib/STM32H7/HAL_Lib/STM32H7xx_HAL_Driver/Src/stm32h7xx_hal_spi.c ****   */
3345:HW_Lib/STM32H7/HAL_Lib/STM32H7xx_HAL_Driver/Src/stm32h7xx_hal_spi.c **** static void SPI_DMAReceiveCplt(DMA_HandleTypeDef *hdma)
3346:HW_Lib/STM32H7/HAL_Lib/STM32H7xx_HAL_Driver/Src/stm32h7xx_hal_spi.c **** {
 7066              		.loc 1 3346 1
 7067              		.cfi_startproc
 7068              		@ args = 0, pretend = 0, frame = 16
 7069              		@ frame_needed = 1, uses_anonymous_args = 0
 7070 0000 80B5     		push	{r7, lr}
 7071              	.LCFI167:
 7072              		.cfi_def_cfa_offset 8
 7073              		.cfi_offset 7, -8
 7074              		.cfi_offset 14, -4
 7075 0002 84B0     		sub	sp, sp, #16
 7076              	.LCFI168:
 7077              		.cfi_def_cfa_offset 24
 7078 0004 00AF     		add	r7, sp, #0
 7079              	.LCFI169:
 7080              		.cfi_def_cfa_register 7
 7081 0006 7860     		str	r0, [r7, #4]
3347:HW_Lib/STM32H7/HAL_Lib/STM32H7xx_HAL_Driver/Src/stm32h7xx_hal_spi.c ****   SPI_HandleTypeDef *hspi = (SPI_HandleTypeDef *)((DMA_HandleTypeDef *)hdma)->Parent;
 7082              		.loc 1 3347 22
 7083 0008 7B68     		ldr	r3, [r7, #4]
 7084 000a 9B6B     		ldr	r3, [r3, #56]
 7085 000c FB60     		str	r3, [r7, #12]
3348:HW_Lib/STM32H7/HAL_Lib/STM32H7xx_HAL_Driver/Src/stm32h7xx_hal_spi.c **** 
3349:HW_Lib/STM32H7/HAL_Lib/STM32H7xx_HAL_Driver/Src/stm32h7xx_hal_spi.c ****   if (hspi->State != HAL_SPI_STATE_ABORT)
 7086              		.loc 1 3349 11
 7087 000e FB68     		ldr	r3, [r7, #12]
ARM GAS  C:\Users\HUAV\AppData\Local\Temp\ccYQlmuE.s 			page 184


 7088 0010 93F88130 		ldrb	r3, [r3, #129]
 7089 0014 DBB2     		uxtb	r3, r3
 7090              		.loc 1 3349 6
 7091 0016 072B     		cmp	r3, #7
 7092 0018 11D0     		beq	.L330
3350:HW_Lib/STM32H7/HAL_Lib/STM32H7xx_HAL_Driver/Src/stm32h7xx_hal_spi.c ****   {
3351:HW_Lib/STM32H7/HAL_Lib/STM32H7xx_HAL_Driver/Src/stm32h7xx_hal_spi.c ****     if (hspi->hdmarx->Init.Mode == DMA_CIRCULAR)
 7093              		.loc 1 3351 13
 7094 001a FB68     		ldr	r3, [r7, #12]
 7095 001c DB6F     		ldr	r3, [r3, #124]
 7096              		.loc 1 3351 27
 7097 001e DB69     		ldr	r3, [r3, #28]
 7098              		.loc 1 3351 8
 7099 0020 B3F5807F 		cmp	r3, #256
 7100 0024 03D1     		bne	.L329
3352:HW_Lib/STM32H7/HAL_Lib/STM32H7xx_HAL_Driver/Src/stm32h7xx_hal_spi.c ****     {
3353:HW_Lib/STM32H7/HAL_Lib/STM32H7xx_HAL_Driver/Src/stm32h7xx_hal_spi.c **** #if (USE_HAL_SPI_REGISTER_CALLBACKS == 1UL)
3354:HW_Lib/STM32H7/HAL_Lib/STM32H7xx_HAL_Driver/Src/stm32h7xx_hal_spi.c ****       hspi->RxCpltCallback(hspi);
3355:HW_Lib/STM32H7/HAL_Lib/STM32H7xx_HAL_Driver/Src/stm32h7xx_hal_spi.c **** #else
3356:HW_Lib/STM32H7/HAL_Lib/STM32H7xx_HAL_Driver/Src/stm32h7xx_hal_spi.c ****       HAL_SPI_RxCpltCallback(hspi);
 7101              		.loc 1 3356 7
 7102 0026 F868     		ldr	r0, [r7, #12]
 7103 0028 FFF7FEFF 		bl	HAL_SPI_RxCpltCallback
3357:HW_Lib/STM32H7/HAL_Lib/STM32H7xx_HAL_Driver/Src/stm32h7xx_hal_spi.c **** #endif /* USE_HAL_SPI_REGISTER_CALLBACKS */
3358:HW_Lib/STM32H7/HAL_Lib/STM32H7xx_HAL_Driver/Src/stm32h7xx_hal_spi.c ****     }
3359:HW_Lib/STM32H7/HAL_Lib/STM32H7xx_HAL_Driver/Src/stm32h7xx_hal_spi.c ****     else
3360:HW_Lib/STM32H7/HAL_Lib/STM32H7xx_HAL_Driver/Src/stm32h7xx_hal_spi.c ****     {
3361:HW_Lib/STM32H7/HAL_Lib/STM32H7xx_HAL_Driver/Src/stm32h7xx_hal_spi.c ****       /* Enable EOT interrupt */
3362:HW_Lib/STM32H7/HAL_Lib/STM32H7xx_HAL_Driver/Src/stm32h7xx_hal_spi.c ****       __HAL_SPI_ENABLE_IT(hspi, SPI_IT_EOT);
3363:HW_Lib/STM32H7/HAL_Lib/STM32H7xx_HAL_Driver/Src/stm32h7xx_hal_spi.c ****     }
3364:HW_Lib/STM32H7/HAL_Lib/STM32H7xx_HAL_Driver/Src/stm32h7xx_hal_spi.c ****   }
3365:HW_Lib/STM32H7/HAL_Lib/STM32H7xx_HAL_Driver/Src/stm32h7xx_hal_spi.c **** }
 7104              		.loc 1 3365 1
 7105 002c 07E0     		b	.L330
 7106              	.L329:
3362:HW_Lib/STM32H7/HAL_Lib/STM32H7xx_HAL_Driver/Src/stm32h7xx_hal_spi.c ****     }
 7107              		.loc 1 3362 7
 7108 002e FB68     		ldr	r3, [r7, #12]
 7109 0030 1B68     		ldr	r3, [r3]
 7110 0032 1A69     		ldr	r2, [r3, #16]
 7111 0034 FB68     		ldr	r3, [r7, #12]
 7112 0036 1B68     		ldr	r3, [r3]
 7113 0038 42F00802 		orr	r2, r2, #8
 7114 003c 1A61     		str	r2, [r3, #16]
 7115              	.L330:
 7116              		.loc 1 3365 1
 7117 003e 00BF     		nop
 7118 0040 1037     		adds	r7, r7, #16
 7119              	.LCFI170:
 7120              		.cfi_def_cfa_offset 8
 7121 0042 BD46     		mov	sp, r7
 7122              	.LCFI171:
 7123              		.cfi_def_cfa_register 13
 7124              		@ sp needed
 7125 0044 80BD     		pop	{r7, pc}
 7126              		.cfi_endproc
 7127              	.LFE363:
ARM GAS  C:\Users\HUAV\AppData\Local\Temp\ccYQlmuE.s 			page 185


 7129              		.section	.text.SPI_DMATransmitReceiveCplt,"ax",%progbits
 7130              		.align	1
 7131              		.syntax unified
 7132              		.thumb
 7133              		.thumb_func
 7135              	SPI_DMATransmitReceiveCplt:
 7136              	.LFB364:
3366:HW_Lib/STM32H7/HAL_Lib/STM32H7xx_HAL_Driver/Src/stm32h7xx_hal_spi.c **** 
3367:HW_Lib/STM32H7/HAL_Lib/STM32H7xx_HAL_Driver/Src/stm32h7xx_hal_spi.c **** /**
3368:HW_Lib/STM32H7/HAL_Lib/STM32H7xx_HAL_Driver/Src/stm32h7xx_hal_spi.c ****   * @brief  DMA SPI transmit receive process complete callback.
3369:HW_Lib/STM32H7/HAL_Lib/STM32H7xx_HAL_Driver/Src/stm32h7xx_hal_spi.c ****   * @param  hdma: pointer to a DMA_HandleTypeDef structure that contains
3370:HW_Lib/STM32H7/HAL_Lib/STM32H7xx_HAL_Driver/Src/stm32h7xx_hal_spi.c ****   *               the configuration information for the specified DMA module.
3371:HW_Lib/STM32H7/HAL_Lib/STM32H7xx_HAL_Driver/Src/stm32h7xx_hal_spi.c ****   * @retval None
3372:HW_Lib/STM32H7/HAL_Lib/STM32H7xx_HAL_Driver/Src/stm32h7xx_hal_spi.c ****   */
3373:HW_Lib/STM32H7/HAL_Lib/STM32H7xx_HAL_Driver/Src/stm32h7xx_hal_spi.c **** static void SPI_DMATransmitReceiveCplt(DMA_HandleTypeDef *hdma)
3374:HW_Lib/STM32H7/HAL_Lib/STM32H7xx_HAL_Driver/Src/stm32h7xx_hal_spi.c **** {
 7137              		.loc 1 3374 1
 7138              		.cfi_startproc
 7139              		@ args = 0, pretend = 0, frame = 16
 7140              		@ frame_needed = 1, uses_anonymous_args = 0
 7141 0000 80B5     		push	{r7, lr}
 7142              	.LCFI172:
 7143              		.cfi_def_cfa_offset 8
 7144              		.cfi_offset 7, -8
 7145              		.cfi_offset 14, -4
 7146 0002 84B0     		sub	sp, sp, #16
 7147              	.LCFI173:
 7148              		.cfi_def_cfa_offset 24
 7149 0004 00AF     		add	r7, sp, #0
 7150              	.LCFI174:
 7151              		.cfi_def_cfa_register 7
 7152 0006 7860     		str	r0, [r7, #4]
3375:HW_Lib/STM32H7/HAL_Lib/STM32H7xx_HAL_Driver/Src/stm32h7xx_hal_spi.c ****   SPI_HandleTypeDef *hspi = (SPI_HandleTypeDef *)((DMA_HandleTypeDef *)hdma)->Parent;
 7153              		.loc 1 3375 22
 7154 0008 7B68     		ldr	r3, [r7, #4]
 7155 000a 9B6B     		ldr	r3, [r3, #56]
 7156 000c FB60     		str	r3, [r7, #12]
3376:HW_Lib/STM32H7/HAL_Lib/STM32H7xx_HAL_Driver/Src/stm32h7xx_hal_spi.c **** 
3377:HW_Lib/STM32H7/HAL_Lib/STM32H7xx_HAL_Driver/Src/stm32h7xx_hal_spi.c ****   if (hspi->State != HAL_SPI_STATE_ABORT)
 7157              		.loc 1 3377 11
 7158 000e FB68     		ldr	r3, [r7, #12]
 7159 0010 93F88130 		ldrb	r3, [r3, #129]
 7160 0014 DBB2     		uxtb	r3, r3
 7161              		.loc 1 3377 6
 7162 0016 072B     		cmp	r3, #7
 7163 0018 11D0     		beq	.L334
3378:HW_Lib/STM32H7/HAL_Lib/STM32H7xx_HAL_Driver/Src/stm32h7xx_hal_spi.c ****   {
3379:HW_Lib/STM32H7/HAL_Lib/STM32H7xx_HAL_Driver/Src/stm32h7xx_hal_spi.c ****     if (hspi->hdmatx->Init.Mode == DMA_CIRCULAR)
 7164              		.loc 1 3379 13
 7165 001a FB68     		ldr	r3, [r7, #12]
 7166 001c 9B6F     		ldr	r3, [r3, #120]
 7167              		.loc 1 3379 27
 7168 001e DB69     		ldr	r3, [r3, #28]
 7169              		.loc 1 3379 8
 7170 0020 B3F5807F 		cmp	r3, #256
 7171 0024 03D1     		bne	.L333
3380:HW_Lib/STM32H7/HAL_Lib/STM32H7xx_HAL_Driver/Src/stm32h7xx_hal_spi.c ****     {
ARM GAS  C:\Users\HUAV\AppData\Local\Temp\ccYQlmuE.s 			page 186


3381:HW_Lib/STM32H7/HAL_Lib/STM32H7xx_HAL_Driver/Src/stm32h7xx_hal_spi.c **** #if (USE_HAL_SPI_REGISTER_CALLBACKS == 1UL)
3382:HW_Lib/STM32H7/HAL_Lib/STM32H7xx_HAL_Driver/Src/stm32h7xx_hal_spi.c ****       hspi->TxRxCpltCallback(hspi);
3383:HW_Lib/STM32H7/HAL_Lib/STM32H7xx_HAL_Driver/Src/stm32h7xx_hal_spi.c **** #else
3384:HW_Lib/STM32H7/HAL_Lib/STM32H7xx_HAL_Driver/Src/stm32h7xx_hal_spi.c ****       HAL_SPI_TxRxCpltCallback(hspi);
 7172              		.loc 1 3384 7
 7173 0026 F868     		ldr	r0, [r7, #12]
 7174 0028 FFF7FEFF 		bl	HAL_SPI_TxRxCpltCallback
3385:HW_Lib/STM32H7/HAL_Lib/STM32H7xx_HAL_Driver/Src/stm32h7xx_hal_spi.c **** #endif /* USE_HAL_SPI_REGISTER_CALLBACKS */
3386:HW_Lib/STM32H7/HAL_Lib/STM32H7xx_HAL_Driver/Src/stm32h7xx_hal_spi.c ****     }
3387:HW_Lib/STM32H7/HAL_Lib/STM32H7xx_HAL_Driver/Src/stm32h7xx_hal_spi.c ****     else
3388:HW_Lib/STM32H7/HAL_Lib/STM32H7xx_HAL_Driver/Src/stm32h7xx_hal_spi.c ****     {
3389:HW_Lib/STM32H7/HAL_Lib/STM32H7xx_HAL_Driver/Src/stm32h7xx_hal_spi.c ****       /* Enable EOT interrupt */
3390:HW_Lib/STM32H7/HAL_Lib/STM32H7xx_HAL_Driver/Src/stm32h7xx_hal_spi.c ****       __HAL_SPI_ENABLE_IT(hspi, SPI_IT_EOT);
3391:HW_Lib/STM32H7/HAL_Lib/STM32H7xx_HAL_Driver/Src/stm32h7xx_hal_spi.c ****     }
3392:HW_Lib/STM32H7/HAL_Lib/STM32H7xx_HAL_Driver/Src/stm32h7xx_hal_spi.c ****   }
3393:HW_Lib/STM32H7/HAL_Lib/STM32H7xx_HAL_Driver/Src/stm32h7xx_hal_spi.c **** }
 7175              		.loc 1 3393 1
 7176 002c 07E0     		b	.L334
 7177              	.L333:
3390:HW_Lib/STM32H7/HAL_Lib/STM32H7xx_HAL_Driver/Src/stm32h7xx_hal_spi.c ****     }
 7178              		.loc 1 3390 7
 7179 002e FB68     		ldr	r3, [r7, #12]
 7180 0030 1B68     		ldr	r3, [r3]
 7181 0032 1A69     		ldr	r2, [r3, #16]
 7182 0034 FB68     		ldr	r3, [r7, #12]
 7183 0036 1B68     		ldr	r3, [r3]
 7184 0038 42F00802 		orr	r2, r2, #8
 7185 003c 1A61     		str	r2, [r3, #16]
 7186              	.L334:
 7187              		.loc 1 3393 1
 7188 003e 00BF     		nop
 7189 0040 1037     		adds	r7, r7, #16
 7190              	.LCFI175:
 7191              		.cfi_def_cfa_offset 8
 7192 0042 BD46     		mov	sp, r7
 7193              	.LCFI176:
 7194              		.cfi_def_cfa_register 13
 7195              		@ sp needed
 7196 0044 80BD     		pop	{r7, pc}
 7197              		.cfi_endproc
 7198              	.LFE364:
 7200              		.section	.text.SPI_DMAHalfTransmitCplt,"ax",%progbits
 7201              		.align	1
 7202              		.syntax unified
 7203              		.thumb
 7204              		.thumb_func
 7206              	SPI_DMAHalfTransmitCplt:
 7207              	.LFB365:
3394:HW_Lib/STM32H7/HAL_Lib/STM32H7xx_HAL_Driver/Src/stm32h7xx_hal_spi.c **** 
3395:HW_Lib/STM32H7/HAL_Lib/STM32H7xx_HAL_Driver/Src/stm32h7xx_hal_spi.c **** /**
3396:HW_Lib/STM32H7/HAL_Lib/STM32H7xx_HAL_Driver/Src/stm32h7xx_hal_spi.c ****   * @brief  DMA SPI half transmit process complete callback.
3397:HW_Lib/STM32H7/HAL_Lib/STM32H7xx_HAL_Driver/Src/stm32h7xx_hal_spi.c ****   * @param  hdma: pointer to a DMA_HandleTypeDef structure that contains
3398:HW_Lib/STM32H7/HAL_Lib/STM32H7xx_HAL_Driver/Src/stm32h7xx_hal_spi.c ****   *               the configuration information for the specified DMA module.
3399:HW_Lib/STM32H7/HAL_Lib/STM32H7xx_HAL_Driver/Src/stm32h7xx_hal_spi.c ****   * @retval None
3400:HW_Lib/STM32H7/HAL_Lib/STM32H7xx_HAL_Driver/Src/stm32h7xx_hal_spi.c ****   */
3401:HW_Lib/STM32H7/HAL_Lib/STM32H7xx_HAL_Driver/Src/stm32h7xx_hal_spi.c **** static void SPI_DMAHalfTransmitCplt(DMA_HandleTypeDef *hdma)
3402:HW_Lib/STM32H7/HAL_Lib/STM32H7xx_HAL_Driver/Src/stm32h7xx_hal_spi.c **** {
ARM GAS  C:\Users\HUAV\AppData\Local\Temp\ccYQlmuE.s 			page 187


 7208              		.loc 1 3402 1
 7209              		.cfi_startproc
 7210              		@ args = 0, pretend = 0, frame = 16
 7211              		@ frame_needed = 1, uses_anonymous_args = 0
 7212 0000 80B5     		push	{r7, lr}
 7213              	.LCFI177:
 7214              		.cfi_def_cfa_offset 8
 7215              		.cfi_offset 7, -8
 7216              		.cfi_offset 14, -4
 7217 0002 84B0     		sub	sp, sp, #16
 7218              	.LCFI178:
 7219              		.cfi_def_cfa_offset 24
 7220 0004 00AF     		add	r7, sp, #0
 7221              	.LCFI179:
 7222              		.cfi_def_cfa_register 7
 7223 0006 7860     		str	r0, [r7, #4]
3403:HW_Lib/STM32H7/HAL_Lib/STM32H7xx_HAL_Driver/Src/stm32h7xx_hal_spi.c ****   SPI_HandleTypeDef *hspi = (SPI_HandleTypeDef *)((DMA_HandleTypeDef *)hdma)->Parent;
 7224              		.loc 1 3403 22
 7225 0008 7B68     		ldr	r3, [r7, #4]
 7226 000a 9B6B     		ldr	r3, [r3, #56]
 7227 000c FB60     		str	r3, [r7, #12]
3404:HW_Lib/STM32H7/HAL_Lib/STM32H7xx_HAL_Driver/Src/stm32h7xx_hal_spi.c **** 
3405:HW_Lib/STM32H7/HAL_Lib/STM32H7xx_HAL_Driver/Src/stm32h7xx_hal_spi.c **** #if (USE_HAL_SPI_REGISTER_CALLBACKS == 1UL)
3406:HW_Lib/STM32H7/HAL_Lib/STM32H7xx_HAL_Driver/Src/stm32h7xx_hal_spi.c ****   hspi->TxHalfCpltCallback(hspi);
3407:HW_Lib/STM32H7/HAL_Lib/STM32H7xx_HAL_Driver/Src/stm32h7xx_hal_spi.c **** #else
3408:HW_Lib/STM32H7/HAL_Lib/STM32H7xx_HAL_Driver/Src/stm32h7xx_hal_spi.c ****   HAL_SPI_TxHalfCpltCallback(hspi);
 7228              		.loc 1 3408 3
 7229 000e F868     		ldr	r0, [r7, #12]
 7230 0010 FFF7FEFF 		bl	HAL_SPI_TxHalfCpltCallback
3409:HW_Lib/STM32H7/HAL_Lib/STM32H7xx_HAL_Driver/Src/stm32h7xx_hal_spi.c **** #endif /* USE_HAL_SPI_REGISTER_CALLBACKS */
3410:HW_Lib/STM32H7/HAL_Lib/STM32H7xx_HAL_Driver/Src/stm32h7xx_hal_spi.c **** }
 7231              		.loc 1 3410 1
 7232 0014 00BF     		nop
 7233 0016 1037     		adds	r7, r7, #16
 7234              	.LCFI180:
 7235              		.cfi_def_cfa_offset 8
 7236 0018 BD46     		mov	sp, r7
 7237              	.LCFI181:
 7238              		.cfi_def_cfa_register 13
 7239              		@ sp needed
 7240 001a 80BD     		pop	{r7, pc}
 7241              		.cfi_endproc
 7242              	.LFE365:
 7244              		.section	.text.SPI_DMAHalfReceiveCplt,"ax",%progbits
 7245              		.align	1
 7246              		.syntax unified
 7247              		.thumb
 7248              		.thumb_func
 7250              	SPI_DMAHalfReceiveCplt:
 7251              	.LFB366:
3411:HW_Lib/STM32H7/HAL_Lib/STM32H7xx_HAL_Driver/Src/stm32h7xx_hal_spi.c **** 
3412:HW_Lib/STM32H7/HAL_Lib/STM32H7xx_HAL_Driver/Src/stm32h7xx_hal_spi.c **** /**
3413:HW_Lib/STM32H7/HAL_Lib/STM32H7xx_HAL_Driver/Src/stm32h7xx_hal_spi.c ****   * @brief  DMA SPI half receive process complete callback
3414:HW_Lib/STM32H7/HAL_Lib/STM32H7xx_HAL_Driver/Src/stm32h7xx_hal_spi.c ****   * @param  hdma: pointer to a DMA_HandleTypeDef structure that contains
3415:HW_Lib/STM32H7/HAL_Lib/STM32H7xx_HAL_Driver/Src/stm32h7xx_hal_spi.c ****   *               the configuration information for the specified DMA module.
3416:HW_Lib/STM32H7/HAL_Lib/STM32H7xx_HAL_Driver/Src/stm32h7xx_hal_spi.c ****   * @retval None
3417:HW_Lib/STM32H7/HAL_Lib/STM32H7xx_HAL_Driver/Src/stm32h7xx_hal_spi.c ****   */
ARM GAS  C:\Users\HUAV\AppData\Local\Temp\ccYQlmuE.s 			page 188


3418:HW_Lib/STM32H7/HAL_Lib/STM32H7xx_HAL_Driver/Src/stm32h7xx_hal_spi.c **** static void SPI_DMAHalfReceiveCplt(DMA_HandleTypeDef *hdma)
3419:HW_Lib/STM32H7/HAL_Lib/STM32H7xx_HAL_Driver/Src/stm32h7xx_hal_spi.c **** {
 7252              		.loc 1 3419 1
 7253              		.cfi_startproc
 7254              		@ args = 0, pretend = 0, frame = 16
 7255              		@ frame_needed = 1, uses_anonymous_args = 0
 7256 0000 80B5     		push	{r7, lr}
 7257              	.LCFI182:
 7258              		.cfi_def_cfa_offset 8
 7259              		.cfi_offset 7, -8
 7260              		.cfi_offset 14, -4
 7261 0002 84B0     		sub	sp, sp, #16
 7262              	.LCFI183:
 7263              		.cfi_def_cfa_offset 24
 7264 0004 00AF     		add	r7, sp, #0
 7265              	.LCFI184:
 7266              		.cfi_def_cfa_register 7
 7267 0006 7860     		str	r0, [r7, #4]
3420:HW_Lib/STM32H7/HAL_Lib/STM32H7xx_HAL_Driver/Src/stm32h7xx_hal_spi.c ****   SPI_HandleTypeDef *hspi = (SPI_HandleTypeDef *)((DMA_HandleTypeDef *)hdma)->Parent;
 7268              		.loc 1 3420 22
 7269 0008 7B68     		ldr	r3, [r7, #4]
 7270 000a 9B6B     		ldr	r3, [r3, #56]
 7271 000c FB60     		str	r3, [r7, #12]
3421:HW_Lib/STM32H7/HAL_Lib/STM32H7xx_HAL_Driver/Src/stm32h7xx_hal_spi.c **** 
3422:HW_Lib/STM32H7/HAL_Lib/STM32H7xx_HAL_Driver/Src/stm32h7xx_hal_spi.c **** #if (USE_HAL_SPI_REGISTER_CALLBACKS == 1UL)
3423:HW_Lib/STM32H7/HAL_Lib/STM32H7xx_HAL_Driver/Src/stm32h7xx_hal_spi.c ****   hspi->RxHalfCpltCallback(hspi);
3424:HW_Lib/STM32H7/HAL_Lib/STM32H7xx_HAL_Driver/Src/stm32h7xx_hal_spi.c **** #else
3425:HW_Lib/STM32H7/HAL_Lib/STM32H7xx_HAL_Driver/Src/stm32h7xx_hal_spi.c ****   HAL_SPI_RxHalfCpltCallback(hspi);
 7272              		.loc 1 3425 3
 7273 000e F868     		ldr	r0, [r7, #12]
 7274 0010 FFF7FEFF 		bl	HAL_SPI_RxHalfCpltCallback
3426:HW_Lib/STM32H7/HAL_Lib/STM32H7xx_HAL_Driver/Src/stm32h7xx_hal_spi.c **** #endif /* USE_HAL_SPI_REGISTER_CALLBACKS */
3427:HW_Lib/STM32H7/HAL_Lib/STM32H7xx_HAL_Driver/Src/stm32h7xx_hal_spi.c **** }
 7275              		.loc 1 3427 1
 7276 0014 00BF     		nop
 7277 0016 1037     		adds	r7, r7, #16
 7278              	.LCFI185:
 7279              		.cfi_def_cfa_offset 8
 7280 0018 BD46     		mov	sp, r7
 7281              	.LCFI186:
 7282              		.cfi_def_cfa_register 13
 7283              		@ sp needed
 7284 001a 80BD     		pop	{r7, pc}
 7285              		.cfi_endproc
 7286              	.LFE366:
 7288              		.section	.text.SPI_DMAHalfTransmitReceiveCplt,"ax",%progbits
 7289              		.align	1
 7290              		.syntax unified
 7291              		.thumb
 7292              		.thumb_func
 7294              	SPI_DMAHalfTransmitReceiveCplt:
 7295              	.LFB367:
3428:HW_Lib/STM32H7/HAL_Lib/STM32H7xx_HAL_Driver/Src/stm32h7xx_hal_spi.c **** 
3429:HW_Lib/STM32H7/HAL_Lib/STM32H7xx_HAL_Driver/Src/stm32h7xx_hal_spi.c **** /**
3430:HW_Lib/STM32H7/HAL_Lib/STM32H7xx_HAL_Driver/Src/stm32h7xx_hal_spi.c ****   * @brief  DMA SPI half transmit receive process complete callback.
3431:HW_Lib/STM32H7/HAL_Lib/STM32H7xx_HAL_Driver/Src/stm32h7xx_hal_spi.c ****   * @param  hdma: pointer to a DMA_HandleTypeDef structure that contains
3432:HW_Lib/STM32H7/HAL_Lib/STM32H7xx_HAL_Driver/Src/stm32h7xx_hal_spi.c ****   *               the configuration information for the specified DMA module.
ARM GAS  C:\Users\HUAV\AppData\Local\Temp\ccYQlmuE.s 			page 189


3433:HW_Lib/STM32H7/HAL_Lib/STM32H7xx_HAL_Driver/Src/stm32h7xx_hal_spi.c ****   * @retval None
3434:HW_Lib/STM32H7/HAL_Lib/STM32H7xx_HAL_Driver/Src/stm32h7xx_hal_spi.c ****   */
3435:HW_Lib/STM32H7/HAL_Lib/STM32H7xx_HAL_Driver/Src/stm32h7xx_hal_spi.c **** static void SPI_DMAHalfTransmitReceiveCplt(DMA_HandleTypeDef *hdma)
3436:HW_Lib/STM32H7/HAL_Lib/STM32H7xx_HAL_Driver/Src/stm32h7xx_hal_spi.c **** {
 7296              		.loc 1 3436 1
 7297              		.cfi_startproc
 7298              		@ args = 0, pretend = 0, frame = 16
 7299              		@ frame_needed = 1, uses_anonymous_args = 0
 7300 0000 80B5     		push	{r7, lr}
 7301              	.LCFI187:
 7302              		.cfi_def_cfa_offset 8
 7303              		.cfi_offset 7, -8
 7304              		.cfi_offset 14, -4
 7305 0002 84B0     		sub	sp, sp, #16
 7306              	.LCFI188:
 7307              		.cfi_def_cfa_offset 24
 7308 0004 00AF     		add	r7, sp, #0
 7309              	.LCFI189:
 7310              		.cfi_def_cfa_register 7
 7311 0006 7860     		str	r0, [r7, #4]
3437:HW_Lib/STM32H7/HAL_Lib/STM32H7xx_HAL_Driver/Src/stm32h7xx_hal_spi.c ****   SPI_HandleTypeDef *hspi = (SPI_HandleTypeDef *)((DMA_HandleTypeDef *)hdma)->Parent;
 7312              		.loc 1 3437 22
 7313 0008 7B68     		ldr	r3, [r7, #4]
 7314 000a 9B6B     		ldr	r3, [r3, #56]
 7315 000c FB60     		str	r3, [r7, #12]
3438:HW_Lib/STM32H7/HAL_Lib/STM32H7xx_HAL_Driver/Src/stm32h7xx_hal_spi.c **** 
3439:HW_Lib/STM32H7/HAL_Lib/STM32H7xx_HAL_Driver/Src/stm32h7xx_hal_spi.c **** #if (USE_HAL_SPI_REGISTER_CALLBACKS == 1UL)
3440:HW_Lib/STM32H7/HAL_Lib/STM32H7xx_HAL_Driver/Src/stm32h7xx_hal_spi.c ****   hspi->TxRxHalfCpltCallback(hspi);
3441:HW_Lib/STM32H7/HAL_Lib/STM32H7xx_HAL_Driver/Src/stm32h7xx_hal_spi.c **** #else
3442:HW_Lib/STM32H7/HAL_Lib/STM32H7xx_HAL_Driver/Src/stm32h7xx_hal_spi.c ****   HAL_SPI_TxRxHalfCpltCallback(hspi);
 7316              		.loc 1 3442 3
 7317 000e F868     		ldr	r0, [r7, #12]
 7318 0010 FFF7FEFF 		bl	HAL_SPI_TxRxHalfCpltCallback
3443:HW_Lib/STM32H7/HAL_Lib/STM32H7xx_HAL_Driver/Src/stm32h7xx_hal_spi.c **** #endif /* USE_HAL_SPI_REGISTER_CALLBACKS */
3444:HW_Lib/STM32H7/HAL_Lib/STM32H7xx_HAL_Driver/Src/stm32h7xx_hal_spi.c **** }
 7319              		.loc 1 3444 1
 7320 0014 00BF     		nop
 7321 0016 1037     		adds	r7, r7, #16
 7322              	.LCFI190:
 7323              		.cfi_def_cfa_offset 8
 7324 0018 BD46     		mov	sp, r7
 7325              	.LCFI191:
 7326              		.cfi_def_cfa_register 13
 7327              		@ sp needed
 7328 001a 80BD     		pop	{r7, pc}
 7329              		.cfi_endproc
 7330              	.LFE367:
 7332              		.section	.text.SPI_DMAError,"ax",%progbits
 7333              		.align	1
 7334              		.syntax unified
 7335              		.thumb
 7336              		.thumb_func
 7338              	SPI_DMAError:
 7339              	.LFB368:
3445:HW_Lib/STM32H7/HAL_Lib/STM32H7xx_HAL_Driver/Src/stm32h7xx_hal_spi.c **** 
3446:HW_Lib/STM32H7/HAL_Lib/STM32H7xx_HAL_Driver/Src/stm32h7xx_hal_spi.c **** /**
3447:HW_Lib/STM32H7/HAL_Lib/STM32H7xx_HAL_Driver/Src/stm32h7xx_hal_spi.c ****   * @brief  DMA SPI communication error callback.
ARM GAS  C:\Users\HUAV\AppData\Local\Temp\ccYQlmuE.s 			page 190


3448:HW_Lib/STM32H7/HAL_Lib/STM32H7xx_HAL_Driver/Src/stm32h7xx_hal_spi.c ****   * @param  hdma: pointer to a DMA_HandleTypeDef structure that contains
3449:HW_Lib/STM32H7/HAL_Lib/STM32H7xx_HAL_Driver/Src/stm32h7xx_hal_spi.c ****   *               the configuration information for the specified DMA module.
3450:HW_Lib/STM32H7/HAL_Lib/STM32H7xx_HAL_Driver/Src/stm32h7xx_hal_spi.c ****   * @retval None
3451:HW_Lib/STM32H7/HAL_Lib/STM32H7xx_HAL_Driver/Src/stm32h7xx_hal_spi.c ****   */
3452:HW_Lib/STM32H7/HAL_Lib/STM32H7xx_HAL_Driver/Src/stm32h7xx_hal_spi.c **** static void SPI_DMAError(DMA_HandleTypeDef *hdma)
3453:HW_Lib/STM32H7/HAL_Lib/STM32H7xx_HAL_Driver/Src/stm32h7xx_hal_spi.c **** {
 7340              		.loc 1 3453 1
 7341              		.cfi_startproc
 7342              		@ args = 0, pretend = 0, frame = 16
 7343              		@ frame_needed = 1, uses_anonymous_args = 0
 7344 0000 80B5     		push	{r7, lr}
 7345              	.LCFI192:
 7346              		.cfi_def_cfa_offset 8
 7347              		.cfi_offset 7, -8
 7348              		.cfi_offset 14, -4
 7349 0002 84B0     		sub	sp, sp, #16
 7350              	.LCFI193:
 7351              		.cfi_def_cfa_offset 24
 7352 0004 00AF     		add	r7, sp, #0
 7353              	.LCFI194:
 7354              		.cfi_def_cfa_register 7
 7355 0006 7860     		str	r0, [r7, #4]
3454:HW_Lib/STM32H7/HAL_Lib/STM32H7xx_HAL_Driver/Src/stm32h7xx_hal_spi.c ****   SPI_HandleTypeDef *hspi = (SPI_HandleTypeDef *)((DMA_HandleTypeDef *)hdma)->Parent;
 7356              		.loc 1 3454 22
 7357 0008 7B68     		ldr	r3, [r7, #4]
 7358 000a 9B6B     		ldr	r3, [r3, #56]
 7359 000c FB60     		str	r3, [r7, #12]
3455:HW_Lib/STM32H7/HAL_Lib/STM32H7xx_HAL_Driver/Src/stm32h7xx_hal_spi.c **** 
3456:HW_Lib/STM32H7/HAL_Lib/STM32H7xx_HAL_Driver/Src/stm32h7xx_hal_spi.c ****   /* if DMA error is FIFO error ignore it */
3457:HW_Lib/STM32H7/HAL_Lib/STM32H7xx_HAL_Driver/Src/stm32h7xx_hal_spi.c ****   if (HAL_DMA_GetError(hdma) != HAL_DMA_ERROR_FE)
 7360              		.loc 1 3457 7
 7361 000e 7868     		ldr	r0, [r7, #4]
 7362 0010 FFF7FEFF 		bl	HAL_DMA_GetError
 7363 0014 0346     		mov	r3, r0
 7364              		.loc 1 3457 6
 7365 0016 022B     		cmp	r3, #2
 7366 0018 11D0     		beq	.L340
3458:HW_Lib/STM32H7/HAL_Lib/STM32H7xx_HAL_Driver/Src/stm32h7xx_hal_spi.c ****   {
3459:HW_Lib/STM32H7/HAL_Lib/STM32H7xx_HAL_Driver/Src/stm32h7xx_hal_spi.c ****     /* Call SPI standard close procedure */
3460:HW_Lib/STM32H7/HAL_Lib/STM32H7xx_HAL_Driver/Src/stm32h7xx_hal_spi.c ****     SPI_CloseTransfer(hspi);
 7367              		.loc 1 3460 5
 7368 001a F868     		ldr	r0, [r7, #12]
 7369 001c FFF7FEFF 		bl	SPI_CloseTransfer
3461:HW_Lib/STM32H7/HAL_Lib/STM32H7xx_HAL_Driver/Src/stm32h7xx_hal_spi.c **** 
3462:HW_Lib/STM32H7/HAL_Lib/STM32H7xx_HAL_Driver/Src/stm32h7xx_hal_spi.c ****     SET_BIT(hspi->ErrorCode, HAL_SPI_ERROR_DMA);
 7370              		.loc 1 3462 5
 7371 0020 FB68     		ldr	r3, [r7, #12]
 7372 0022 D3F88430 		ldr	r3, [r3, #132]
 7373 0026 43F01002 		orr	r2, r3, #16
 7374 002a FB68     		ldr	r3, [r7, #12]
 7375 002c C3F88420 		str	r2, [r3, #132]
3463:HW_Lib/STM32H7/HAL_Lib/STM32H7xx_HAL_Driver/Src/stm32h7xx_hal_spi.c ****     hspi->State = HAL_SPI_STATE_READY;
 7376              		.loc 1 3463 17
 7377 0030 FB68     		ldr	r3, [r7, #12]
 7378 0032 0122     		movs	r2, #1
 7379 0034 83F88120 		strb	r2, [r3, #129]
3464:HW_Lib/STM32H7/HAL_Lib/STM32H7xx_HAL_Driver/Src/stm32h7xx_hal_spi.c **** #if (USE_HAL_SPI_REGISTER_CALLBACKS == 1UL)
ARM GAS  C:\Users\HUAV\AppData\Local\Temp\ccYQlmuE.s 			page 191


3465:HW_Lib/STM32H7/HAL_Lib/STM32H7xx_HAL_Driver/Src/stm32h7xx_hal_spi.c ****     hspi->ErrorCallback(hspi);
3466:HW_Lib/STM32H7/HAL_Lib/STM32H7xx_HAL_Driver/Src/stm32h7xx_hal_spi.c **** #else
3467:HW_Lib/STM32H7/HAL_Lib/STM32H7xx_HAL_Driver/Src/stm32h7xx_hal_spi.c ****     HAL_SPI_ErrorCallback(hspi);
 7380              		.loc 1 3467 5
 7381 0038 F868     		ldr	r0, [r7, #12]
 7382 003a FFF7FEFF 		bl	HAL_SPI_ErrorCallback
 7383              	.L340:
3468:HW_Lib/STM32H7/HAL_Lib/STM32H7xx_HAL_Driver/Src/stm32h7xx_hal_spi.c **** #endif /* USE_HAL_SPI_REGISTER_CALLBACKS */
3469:HW_Lib/STM32H7/HAL_Lib/STM32H7xx_HAL_Driver/Src/stm32h7xx_hal_spi.c ****   }
3470:HW_Lib/STM32H7/HAL_Lib/STM32H7xx_HAL_Driver/Src/stm32h7xx_hal_spi.c **** }
 7384              		.loc 1 3470 1
 7385 003e 00BF     		nop
 7386 0040 1037     		adds	r7, r7, #16
 7387              	.LCFI195:
 7388              		.cfi_def_cfa_offset 8
 7389 0042 BD46     		mov	sp, r7
 7390              	.LCFI196:
 7391              		.cfi_def_cfa_register 13
 7392              		@ sp needed
 7393 0044 80BD     		pop	{r7, pc}
 7394              		.cfi_endproc
 7395              	.LFE368:
 7397              		.section	.text.SPI_DMAAbortOnError,"ax",%progbits
 7398              		.align	1
 7399              		.syntax unified
 7400              		.thumb
 7401              		.thumb_func
 7403              	SPI_DMAAbortOnError:
 7404              	.LFB369:
3471:HW_Lib/STM32H7/HAL_Lib/STM32H7xx_HAL_Driver/Src/stm32h7xx_hal_spi.c **** 
3472:HW_Lib/STM32H7/HAL_Lib/STM32H7xx_HAL_Driver/Src/stm32h7xx_hal_spi.c **** /**
3473:HW_Lib/STM32H7/HAL_Lib/STM32H7xx_HAL_Driver/Src/stm32h7xx_hal_spi.c ****   * @brief  DMA SPI communication abort callback, when initiated by HAL services on Error
3474:HW_Lib/STM32H7/HAL_Lib/STM32H7xx_HAL_Driver/Src/stm32h7xx_hal_spi.c ****   *         (To be called at end of DMA Abort procedure following error occurrence).
3475:HW_Lib/STM32H7/HAL_Lib/STM32H7xx_HAL_Driver/Src/stm32h7xx_hal_spi.c ****   * @param  hdma DMA handle.
3476:HW_Lib/STM32H7/HAL_Lib/STM32H7xx_HAL_Driver/Src/stm32h7xx_hal_spi.c ****   * @retval None
3477:HW_Lib/STM32H7/HAL_Lib/STM32H7xx_HAL_Driver/Src/stm32h7xx_hal_spi.c ****   */
3478:HW_Lib/STM32H7/HAL_Lib/STM32H7xx_HAL_Driver/Src/stm32h7xx_hal_spi.c **** static void SPI_DMAAbortOnError(DMA_HandleTypeDef *hdma)
3479:HW_Lib/STM32H7/HAL_Lib/STM32H7xx_HAL_Driver/Src/stm32h7xx_hal_spi.c **** {
 7405              		.loc 1 3479 1
 7406              		.cfi_startproc
 7407              		@ args = 0, pretend = 0, frame = 16
 7408              		@ frame_needed = 1, uses_anonymous_args = 0
 7409 0000 80B5     		push	{r7, lr}
 7410              	.LCFI197:
 7411              		.cfi_def_cfa_offset 8
 7412              		.cfi_offset 7, -8
 7413              		.cfi_offset 14, -4
 7414 0002 84B0     		sub	sp, sp, #16
 7415              	.LCFI198:
 7416              		.cfi_def_cfa_offset 24
 7417 0004 00AF     		add	r7, sp, #0
 7418              	.LCFI199:
 7419              		.cfi_def_cfa_register 7
 7420 0006 7860     		str	r0, [r7, #4]
3480:HW_Lib/STM32H7/HAL_Lib/STM32H7xx_HAL_Driver/Src/stm32h7xx_hal_spi.c ****   SPI_HandleTypeDef *hspi = (SPI_HandleTypeDef *)((DMA_HandleTypeDef *)hdma)->Parent;
 7421              		.loc 1 3480 22
 7422 0008 7B68     		ldr	r3, [r7, #4]
ARM GAS  C:\Users\HUAV\AppData\Local\Temp\ccYQlmuE.s 			page 192


 7423 000a 9B6B     		ldr	r3, [r3, #56]
 7424 000c FB60     		str	r3, [r7, #12]
3481:HW_Lib/STM32H7/HAL_Lib/STM32H7xx_HAL_Driver/Src/stm32h7xx_hal_spi.c ****   hspi->RxXferCount = (uint16_t) 0UL;
 7425              		.loc 1 3481 21
 7426 000e FB68     		ldr	r3, [r7, #12]
 7427 0010 0022     		movs	r2, #0
 7428 0012 A3F86A20 		strh	r2, [r3, #106]	@ movhi
3482:HW_Lib/STM32H7/HAL_Lib/STM32H7xx_HAL_Driver/Src/stm32h7xx_hal_spi.c ****   hspi->TxXferCount = (uint16_t) 0UL;
 7429              		.loc 1 3482 21
 7430 0016 FB68     		ldr	r3, [r7, #12]
 7431 0018 0022     		movs	r2, #0
 7432 001a A3F86220 		strh	r2, [r3, #98]	@ movhi
3483:HW_Lib/STM32H7/HAL_Lib/STM32H7xx_HAL_Driver/Src/stm32h7xx_hal_spi.c **** 
3484:HW_Lib/STM32H7/HAL_Lib/STM32H7xx_HAL_Driver/Src/stm32h7xx_hal_spi.c ****   /* Restore hspi->State to Ready */
3485:HW_Lib/STM32H7/HAL_Lib/STM32H7xx_HAL_Driver/Src/stm32h7xx_hal_spi.c ****   hspi->State = HAL_SPI_STATE_READY;
 7433              		.loc 1 3485 15
 7434 001e FB68     		ldr	r3, [r7, #12]
 7435 0020 0122     		movs	r2, #1
 7436 0022 83F88120 		strb	r2, [r3, #129]
3486:HW_Lib/STM32H7/HAL_Lib/STM32H7xx_HAL_Driver/Src/stm32h7xx_hal_spi.c **** 
3487:HW_Lib/STM32H7/HAL_Lib/STM32H7xx_HAL_Driver/Src/stm32h7xx_hal_spi.c **** #if (USE_HAL_SPI_REGISTER_CALLBACKS == 1UL)
3488:HW_Lib/STM32H7/HAL_Lib/STM32H7xx_HAL_Driver/Src/stm32h7xx_hal_spi.c ****   hspi->ErrorCallback(hspi);
3489:HW_Lib/STM32H7/HAL_Lib/STM32H7xx_HAL_Driver/Src/stm32h7xx_hal_spi.c **** #else
3490:HW_Lib/STM32H7/HAL_Lib/STM32H7xx_HAL_Driver/Src/stm32h7xx_hal_spi.c ****   HAL_SPI_ErrorCallback(hspi);
 7437              		.loc 1 3490 3
 7438 0026 F868     		ldr	r0, [r7, #12]
 7439 0028 FFF7FEFF 		bl	HAL_SPI_ErrorCallback
3491:HW_Lib/STM32H7/HAL_Lib/STM32H7xx_HAL_Driver/Src/stm32h7xx_hal_spi.c **** #endif /* USE_HAL_SPI_REGISTER_CALLBACKS */
3492:HW_Lib/STM32H7/HAL_Lib/STM32H7xx_HAL_Driver/Src/stm32h7xx_hal_spi.c **** }
 7440              		.loc 1 3492 1
 7441 002c 00BF     		nop
 7442 002e 1037     		adds	r7, r7, #16
 7443              	.LCFI200:
 7444              		.cfi_def_cfa_offset 8
 7445 0030 BD46     		mov	sp, r7
 7446              	.LCFI201:
 7447              		.cfi_def_cfa_register 13
 7448              		@ sp needed
 7449 0032 80BD     		pop	{r7, pc}
 7450              		.cfi_endproc
 7451              	.LFE369:
 7453              		.section	.text.SPI_DMATxAbortCallback,"ax",%progbits
 7454              		.align	1
 7455              		.syntax unified
 7456              		.thumb
 7457              		.thumb_func
 7459              	SPI_DMATxAbortCallback:
 7460              	.LFB370:
3493:HW_Lib/STM32H7/HAL_Lib/STM32H7xx_HAL_Driver/Src/stm32h7xx_hal_spi.c **** 
3494:HW_Lib/STM32H7/HAL_Lib/STM32H7xx_HAL_Driver/Src/stm32h7xx_hal_spi.c **** /**
3495:HW_Lib/STM32H7/HAL_Lib/STM32H7xx_HAL_Driver/Src/stm32h7xx_hal_spi.c ****   * @brief  DMA SPI Tx communication abort callback, when initiated by user
3496:HW_Lib/STM32H7/HAL_Lib/STM32H7xx_HAL_Driver/Src/stm32h7xx_hal_spi.c ****   *         (To be called at end of DMA Tx Abort procedure following user abort request).
3497:HW_Lib/STM32H7/HAL_Lib/STM32H7xx_HAL_Driver/Src/stm32h7xx_hal_spi.c ****   * @note   When this callback is executed, User Abort complete call back is called only if no
3498:HW_Lib/STM32H7/HAL_Lib/STM32H7xx_HAL_Driver/Src/stm32h7xx_hal_spi.c ****   *         Abort still ongoing for Rx DMA Handle.
3499:HW_Lib/STM32H7/HAL_Lib/STM32H7xx_HAL_Driver/Src/stm32h7xx_hal_spi.c ****   * @param  hdma DMA handle.
3500:HW_Lib/STM32H7/HAL_Lib/STM32H7xx_HAL_Driver/Src/stm32h7xx_hal_spi.c ****   * @retval None
3501:HW_Lib/STM32H7/HAL_Lib/STM32H7xx_HAL_Driver/Src/stm32h7xx_hal_spi.c ****   */
ARM GAS  C:\Users\HUAV\AppData\Local\Temp\ccYQlmuE.s 			page 193


3502:HW_Lib/STM32H7/HAL_Lib/STM32H7xx_HAL_Driver/Src/stm32h7xx_hal_spi.c **** static void SPI_DMATxAbortCallback(DMA_HandleTypeDef *hdma)
3503:HW_Lib/STM32H7/HAL_Lib/STM32H7xx_HAL_Driver/Src/stm32h7xx_hal_spi.c **** {
 7461              		.loc 1 3503 1
 7462              		.cfi_startproc
 7463              		@ args = 0, pretend = 0, frame = 16
 7464              		@ frame_needed = 1, uses_anonymous_args = 0
 7465 0000 80B5     		push	{r7, lr}
 7466              	.LCFI202:
 7467              		.cfi_def_cfa_offset 8
 7468              		.cfi_offset 7, -8
 7469              		.cfi_offset 14, -4
 7470 0002 84B0     		sub	sp, sp, #16
 7471              	.LCFI203:
 7472              		.cfi_def_cfa_offset 24
 7473 0004 00AF     		add	r7, sp, #0
 7474              	.LCFI204:
 7475              		.cfi_def_cfa_register 7
 7476 0006 7860     		str	r0, [r7, #4]
3504:HW_Lib/STM32H7/HAL_Lib/STM32H7xx_HAL_Driver/Src/stm32h7xx_hal_spi.c ****   SPI_HandleTypeDef *hspi = (SPI_HandleTypeDef *)((DMA_HandleTypeDef *)hdma)->Parent;
 7477              		.loc 1 3504 22
 7478 0008 7B68     		ldr	r3, [r7, #4]
 7479 000a 9B6B     		ldr	r3, [r3, #56]
 7480 000c FB60     		str	r3, [r7, #12]
3505:HW_Lib/STM32H7/HAL_Lib/STM32H7xx_HAL_Driver/Src/stm32h7xx_hal_spi.c **** 
3506:HW_Lib/STM32H7/HAL_Lib/STM32H7xx_HAL_Driver/Src/stm32h7xx_hal_spi.c ****   hspi->hdmatx->XferAbortCallback = NULL;
 7481              		.loc 1 3506 7
 7482 000e FB68     		ldr	r3, [r7, #12]
 7483 0010 9B6F     		ldr	r3, [r3, #120]
 7484              		.loc 1 3506 35
 7485 0012 0022     		movs	r2, #0
 7486 0014 1A65     		str	r2, [r3, #80]
3507:HW_Lib/STM32H7/HAL_Lib/STM32H7xx_HAL_Driver/Src/stm32h7xx_hal_spi.c **** 
3508:HW_Lib/STM32H7/HAL_Lib/STM32H7xx_HAL_Driver/Src/stm32h7xx_hal_spi.c ****   /* Check if an Abort process is still ongoing */
3509:HW_Lib/STM32H7/HAL_Lib/STM32H7xx_HAL_Driver/Src/stm32h7xx_hal_spi.c ****   if (hspi->hdmarx != NULL)
 7487              		.loc 1 3509 11
 7488 0016 FB68     		ldr	r3, [r7, #12]
 7489 0018 DB6F     		ldr	r3, [r3, #124]
 7490              		.loc 1 3509 6
 7491 001a 002B     		cmp	r3, #0
 7492 001c 04D0     		beq	.L343
3510:HW_Lib/STM32H7/HAL_Lib/STM32H7xx_HAL_Driver/Src/stm32h7xx_hal_spi.c ****   {
3511:HW_Lib/STM32H7/HAL_Lib/STM32H7xx_HAL_Driver/Src/stm32h7xx_hal_spi.c ****     if (hspi->hdmarx->XferAbortCallback != NULL)
 7493              		.loc 1 3511 13
 7494 001e FB68     		ldr	r3, [r7, #12]
 7495 0020 DB6F     		ldr	r3, [r3, #124]
 7496              		.loc 1 3511 21
 7497 0022 1B6D     		ldr	r3, [r3, #80]
 7498              		.loc 1 3511 8
 7499 0024 002B     		cmp	r3, #0
 7500 0026 0AD1     		bne	.L345
 7501              	.L343:
3512:HW_Lib/STM32H7/HAL_Lib/STM32H7xx_HAL_Driver/Src/stm32h7xx_hal_spi.c ****     {
3513:HW_Lib/STM32H7/HAL_Lib/STM32H7xx_HAL_Driver/Src/stm32h7xx_hal_spi.c ****       return;
3514:HW_Lib/STM32H7/HAL_Lib/STM32H7xx_HAL_Driver/Src/stm32h7xx_hal_spi.c ****     }
3515:HW_Lib/STM32H7/HAL_Lib/STM32H7xx_HAL_Driver/Src/stm32h7xx_hal_spi.c ****   }
3516:HW_Lib/STM32H7/HAL_Lib/STM32H7xx_HAL_Driver/Src/stm32h7xx_hal_spi.c **** 
3517:HW_Lib/STM32H7/HAL_Lib/STM32H7xx_HAL_Driver/Src/stm32h7xx_hal_spi.c ****   /* Call the Abort procedure */
ARM GAS  C:\Users\HUAV\AppData\Local\Temp\ccYQlmuE.s 			page 194


3518:HW_Lib/STM32H7/HAL_Lib/STM32H7xx_HAL_Driver/Src/stm32h7xx_hal_spi.c ****   SPI_AbortTransfer(hspi);
 7502              		.loc 1 3518 3
 7503 0028 F868     		ldr	r0, [r7, #12]
 7504 002a FFF7FEFF 		bl	SPI_AbortTransfer
3519:HW_Lib/STM32H7/HAL_Lib/STM32H7xx_HAL_Driver/Src/stm32h7xx_hal_spi.c **** 
3520:HW_Lib/STM32H7/HAL_Lib/STM32H7xx_HAL_Driver/Src/stm32h7xx_hal_spi.c ****   /* Restore hspi->State to Ready */
3521:HW_Lib/STM32H7/HAL_Lib/STM32H7xx_HAL_Driver/Src/stm32h7xx_hal_spi.c ****   hspi->State = HAL_SPI_STATE_READY;
 7505              		.loc 1 3521 15
 7506 002e FB68     		ldr	r3, [r7, #12]
 7507 0030 0122     		movs	r2, #1
 7508 0032 83F88120 		strb	r2, [r3, #129]
3522:HW_Lib/STM32H7/HAL_Lib/STM32H7xx_HAL_Driver/Src/stm32h7xx_hal_spi.c **** 
3523:HW_Lib/STM32H7/HAL_Lib/STM32H7xx_HAL_Driver/Src/stm32h7xx_hal_spi.c ****   /* Call user Abort complete callback */
3524:HW_Lib/STM32H7/HAL_Lib/STM32H7xx_HAL_Driver/Src/stm32h7xx_hal_spi.c **** #if (USE_HAL_SPI_REGISTER_CALLBACKS == 1UL)
3525:HW_Lib/STM32H7/HAL_Lib/STM32H7xx_HAL_Driver/Src/stm32h7xx_hal_spi.c ****   hspi->AbortCpltCallback(hspi);
3526:HW_Lib/STM32H7/HAL_Lib/STM32H7xx_HAL_Driver/Src/stm32h7xx_hal_spi.c **** #else
3527:HW_Lib/STM32H7/HAL_Lib/STM32H7xx_HAL_Driver/Src/stm32h7xx_hal_spi.c ****   HAL_SPI_AbortCpltCallback(hspi);
 7509              		.loc 1 3527 3
 7510 0036 F868     		ldr	r0, [r7, #12]
 7511 0038 FFF7FEFF 		bl	HAL_SPI_AbortCpltCallback
 7512 003c 00E0     		b	.L342
 7513              	.L345:
3513:HW_Lib/STM32H7/HAL_Lib/STM32H7xx_HAL_Driver/Src/stm32h7xx_hal_spi.c ****     }
 7514              		.loc 1 3513 7
 7515 003e 00BF     		nop
 7516              	.L342:
3528:HW_Lib/STM32H7/HAL_Lib/STM32H7xx_HAL_Driver/Src/stm32h7xx_hal_spi.c **** #endif /* USE_HAL_SPI_REGISTER_CALLBACKS */
3529:HW_Lib/STM32H7/HAL_Lib/STM32H7xx_HAL_Driver/Src/stm32h7xx_hal_spi.c **** }
 7517              		.loc 1 3529 1
 7518 0040 1037     		adds	r7, r7, #16
 7519              	.LCFI205:
 7520              		.cfi_def_cfa_offset 8
 7521 0042 BD46     		mov	sp, r7
 7522              	.LCFI206:
 7523              		.cfi_def_cfa_register 13
 7524              		@ sp needed
 7525 0044 80BD     		pop	{r7, pc}
 7526              		.cfi_endproc
 7527              	.LFE370:
 7529              		.section	.text.SPI_DMARxAbortCallback,"ax",%progbits
 7530              		.align	1
 7531              		.syntax unified
 7532              		.thumb
 7533              		.thumb_func
 7535              	SPI_DMARxAbortCallback:
 7536              	.LFB371:
3530:HW_Lib/STM32H7/HAL_Lib/STM32H7xx_HAL_Driver/Src/stm32h7xx_hal_spi.c **** 
3531:HW_Lib/STM32H7/HAL_Lib/STM32H7xx_HAL_Driver/Src/stm32h7xx_hal_spi.c **** /**
3532:HW_Lib/STM32H7/HAL_Lib/STM32H7xx_HAL_Driver/Src/stm32h7xx_hal_spi.c ****   * @brief  DMA SPI Rx communication abort callback, when initiated by user
3533:HW_Lib/STM32H7/HAL_Lib/STM32H7xx_HAL_Driver/Src/stm32h7xx_hal_spi.c ****   *         (To be called at end of DMA Rx Abort procedure following user abort request).
3534:HW_Lib/STM32H7/HAL_Lib/STM32H7xx_HAL_Driver/Src/stm32h7xx_hal_spi.c ****   * @note   When this callback is executed, User Abort complete call back is called only if no
3535:HW_Lib/STM32H7/HAL_Lib/STM32H7xx_HAL_Driver/Src/stm32h7xx_hal_spi.c ****   *         Abort still ongoing for Tx DMA Handle.
3536:HW_Lib/STM32H7/HAL_Lib/STM32H7xx_HAL_Driver/Src/stm32h7xx_hal_spi.c ****   * @param  hdma DMA handle.
3537:HW_Lib/STM32H7/HAL_Lib/STM32H7xx_HAL_Driver/Src/stm32h7xx_hal_spi.c ****   * @retval None
3538:HW_Lib/STM32H7/HAL_Lib/STM32H7xx_HAL_Driver/Src/stm32h7xx_hal_spi.c ****   */
3539:HW_Lib/STM32H7/HAL_Lib/STM32H7xx_HAL_Driver/Src/stm32h7xx_hal_spi.c **** static void SPI_DMARxAbortCallback(DMA_HandleTypeDef *hdma)
3540:HW_Lib/STM32H7/HAL_Lib/STM32H7xx_HAL_Driver/Src/stm32h7xx_hal_spi.c **** {
ARM GAS  C:\Users\HUAV\AppData\Local\Temp\ccYQlmuE.s 			page 195


 7537              		.loc 1 3540 1
 7538              		.cfi_startproc
 7539              		@ args = 0, pretend = 0, frame = 16
 7540              		@ frame_needed = 1, uses_anonymous_args = 0
 7541 0000 80B5     		push	{r7, lr}
 7542              	.LCFI207:
 7543              		.cfi_def_cfa_offset 8
 7544              		.cfi_offset 7, -8
 7545              		.cfi_offset 14, -4
 7546 0002 84B0     		sub	sp, sp, #16
 7547              	.LCFI208:
 7548              		.cfi_def_cfa_offset 24
 7549 0004 00AF     		add	r7, sp, #0
 7550              	.LCFI209:
 7551              		.cfi_def_cfa_register 7
 7552 0006 7860     		str	r0, [r7, #4]
3541:HW_Lib/STM32H7/HAL_Lib/STM32H7xx_HAL_Driver/Src/stm32h7xx_hal_spi.c ****   SPI_HandleTypeDef *hspi = (SPI_HandleTypeDef *)((DMA_HandleTypeDef *)hdma)->Parent;
 7553              		.loc 1 3541 22
 7554 0008 7B68     		ldr	r3, [r7, #4]
 7555 000a 9B6B     		ldr	r3, [r3, #56]
 7556 000c FB60     		str	r3, [r7, #12]
3542:HW_Lib/STM32H7/HAL_Lib/STM32H7xx_HAL_Driver/Src/stm32h7xx_hal_spi.c **** 
3543:HW_Lib/STM32H7/HAL_Lib/STM32H7xx_HAL_Driver/Src/stm32h7xx_hal_spi.c ****   hspi->hdmarx->XferAbortCallback = NULL;
 7557              		.loc 1 3543 7
 7558 000e FB68     		ldr	r3, [r7, #12]
 7559 0010 DB6F     		ldr	r3, [r3, #124]
 7560              		.loc 1 3543 35
 7561 0012 0022     		movs	r2, #0
 7562 0014 1A65     		str	r2, [r3, #80]
3544:HW_Lib/STM32H7/HAL_Lib/STM32H7xx_HAL_Driver/Src/stm32h7xx_hal_spi.c **** 
3545:HW_Lib/STM32H7/HAL_Lib/STM32H7xx_HAL_Driver/Src/stm32h7xx_hal_spi.c ****   /* Check if an Abort process is still ongoing */
3546:HW_Lib/STM32H7/HAL_Lib/STM32H7xx_HAL_Driver/Src/stm32h7xx_hal_spi.c ****   if (hspi->hdmatx != NULL)
 7563              		.loc 1 3546 11
 7564 0016 FB68     		ldr	r3, [r7, #12]
 7565 0018 9B6F     		ldr	r3, [r3, #120]
 7566              		.loc 1 3546 6
 7567 001a 002B     		cmp	r3, #0
 7568 001c 04D0     		beq	.L347
3547:HW_Lib/STM32H7/HAL_Lib/STM32H7xx_HAL_Driver/Src/stm32h7xx_hal_spi.c ****   {
3548:HW_Lib/STM32H7/HAL_Lib/STM32H7xx_HAL_Driver/Src/stm32h7xx_hal_spi.c ****     if (hspi->hdmatx->XferAbortCallback != NULL)
 7569              		.loc 1 3548 13
 7570 001e FB68     		ldr	r3, [r7, #12]
 7571 0020 9B6F     		ldr	r3, [r3, #120]
 7572              		.loc 1 3548 21
 7573 0022 1B6D     		ldr	r3, [r3, #80]
 7574              		.loc 1 3548 8
 7575 0024 002B     		cmp	r3, #0
 7576 0026 0AD1     		bne	.L349
 7577              	.L347:
3549:HW_Lib/STM32H7/HAL_Lib/STM32H7xx_HAL_Driver/Src/stm32h7xx_hal_spi.c ****     {
3550:HW_Lib/STM32H7/HAL_Lib/STM32H7xx_HAL_Driver/Src/stm32h7xx_hal_spi.c ****       return;
3551:HW_Lib/STM32H7/HAL_Lib/STM32H7xx_HAL_Driver/Src/stm32h7xx_hal_spi.c ****     }
3552:HW_Lib/STM32H7/HAL_Lib/STM32H7xx_HAL_Driver/Src/stm32h7xx_hal_spi.c ****   }
3553:HW_Lib/STM32H7/HAL_Lib/STM32H7xx_HAL_Driver/Src/stm32h7xx_hal_spi.c **** 
3554:HW_Lib/STM32H7/HAL_Lib/STM32H7xx_HAL_Driver/Src/stm32h7xx_hal_spi.c ****   /* Call the Abort procedure */
3555:HW_Lib/STM32H7/HAL_Lib/STM32H7xx_HAL_Driver/Src/stm32h7xx_hal_spi.c ****   SPI_AbortTransfer(hspi);
 7578              		.loc 1 3555 3
ARM GAS  C:\Users\HUAV\AppData\Local\Temp\ccYQlmuE.s 			page 196


 7579 0028 F868     		ldr	r0, [r7, #12]
 7580 002a FFF7FEFF 		bl	SPI_AbortTransfer
3556:HW_Lib/STM32H7/HAL_Lib/STM32H7xx_HAL_Driver/Src/stm32h7xx_hal_spi.c **** 
3557:HW_Lib/STM32H7/HAL_Lib/STM32H7xx_HAL_Driver/Src/stm32h7xx_hal_spi.c ****   /* Restore hspi->State to Ready */
3558:HW_Lib/STM32H7/HAL_Lib/STM32H7xx_HAL_Driver/Src/stm32h7xx_hal_spi.c ****   hspi->State = HAL_SPI_STATE_READY;
 7581              		.loc 1 3558 15
 7582 002e FB68     		ldr	r3, [r7, #12]
 7583 0030 0122     		movs	r2, #1
 7584 0032 83F88120 		strb	r2, [r3, #129]
3559:HW_Lib/STM32H7/HAL_Lib/STM32H7xx_HAL_Driver/Src/stm32h7xx_hal_spi.c **** 
3560:HW_Lib/STM32H7/HAL_Lib/STM32H7xx_HAL_Driver/Src/stm32h7xx_hal_spi.c ****   /* Call user Abort complete callback */
3561:HW_Lib/STM32H7/HAL_Lib/STM32H7xx_HAL_Driver/Src/stm32h7xx_hal_spi.c **** #if (USE_HAL_SPI_REGISTER_CALLBACKS == 1UL)
3562:HW_Lib/STM32H7/HAL_Lib/STM32H7xx_HAL_Driver/Src/stm32h7xx_hal_spi.c ****   hspi->AbortCpltCallback(hspi);
3563:HW_Lib/STM32H7/HAL_Lib/STM32H7xx_HAL_Driver/Src/stm32h7xx_hal_spi.c **** #else
3564:HW_Lib/STM32H7/HAL_Lib/STM32H7xx_HAL_Driver/Src/stm32h7xx_hal_spi.c ****   HAL_SPI_AbortCpltCallback(hspi);
 7585              		.loc 1 3564 3
 7586 0036 F868     		ldr	r0, [r7, #12]
 7587 0038 FFF7FEFF 		bl	HAL_SPI_AbortCpltCallback
 7588 003c 00E0     		b	.L346
 7589              	.L349:
3550:HW_Lib/STM32H7/HAL_Lib/STM32H7xx_HAL_Driver/Src/stm32h7xx_hal_spi.c ****     }
 7590              		.loc 1 3550 7
 7591 003e 00BF     		nop
 7592              	.L346:
3565:HW_Lib/STM32H7/HAL_Lib/STM32H7xx_HAL_Driver/Src/stm32h7xx_hal_spi.c **** #endif /* USE_HAL_SPI_REGISTER_CALLBACKS */
3566:HW_Lib/STM32H7/HAL_Lib/STM32H7xx_HAL_Driver/Src/stm32h7xx_hal_spi.c **** }
 7593              		.loc 1 3566 1
 7594 0040 1037     		adds	r7, r7, #16
 7595              	.LCFI210:
 7596              		.cfi_def_cfa_offset 8
 7597 0042 BD46     		mov	sp, r7
 7598              	.LCFI211:
 7599              		.cfi_def_cfa_register 13
 7600              		@ sp needed
 7601 0044 80BD     		pop	{r7, pc}
 7602              		.cfi_endproc
 7603              	.LFE371:
 7605              		.section	.text.SPI_RxISR_8BIT,"ax",%progbits
 7606              		.align	1
 7607              		.syntax unified
 7608              		.thumb
 7609              		.thumb_func
 7611              	SPI_RxISR_8BIT:
 7612              	.LFB372:
3567:HW_Lib/STM32H7/HAL_Lib/STM32H7xx_HAL_Driver/Src/stm32h7xx_hal_spi.c **** 
3568:HW_Lib/STM32H7/HAL_Lib/STM32H7xx_HAL_Driver/Src/stm32h7xx_hal_spi.c **** /**
3569:HW_Lib/STM32H7/HAL_Lib/STM32H7xx_HAL_Driver/Src/stm32h7xx_hal_spi.c ****   * @brief  Manage the receive 8-bit in Interrupt context.
3570:HW_Lib/STM32H7/HAL_Lib/STM32H7xx_HAL_Driver/Src/stm32h7xx_hal_spi.c ****   * @param  hspi: pointer to a SPI_HandleTypeDef structure that contains
3571:HW_Lib/STM32H7/HAL_Lib/STM32H7xx_HAL_Driver/Src/stm32h7xx_hal_spi.c ****   *               the configuration information for SPI module.
3572:HW_Lib/STM32H7/HAL_Lib/STM32H7xx_HAL_Driver/Src/stm32h7xx_hal_spi.c ****   * @retval None
3573:HW_Lib/STM32H7/HAL_Lib/STM32H7xx_HAL_Driver/Src/stm32h7xx_hal_spi.c ****   */
3574:HW_Lib/STM32H7/HAL_Lib/STM32H7xx_HAL_Driver/Src/stm32h7xx_hal_spi.c **** static void SPI_RxISR_8BIT(SPI_HandleTypeDef *hspi)
3575:HW_Lib/STM32H7/HAL_Lib/STM32H7xx_HAL_Driver/Src/stm32h7xx_hal_spi.c **** {
 7613              		.loc 1 3575 1
 7614              		.cfi_startproc
 7615              		@ args = 0, pretend = 0, frame = 8
 7616              		@ frame_needed = 1, uses_anonymous_args = 0
ARM GAS  C:\Users\HUAV\AppData\Local\Temp\ccYQlmuE.s 			page 197


 7617              		@ link register save eliminated.
 7618 0000 80B4     		push	{r7}
 7619              	.LCFI212:
 7620              		.cfi_def_cfa_offset 4
 7621              		.cfi_offset 7, -4
 7622 0002 83B0     		sub	sp, sp, #12
 7623              	.LCFI213:
 7624              		.cfi_def_cfa_offset 16
 7625 0004 00AF     		add	r7, sp, #0
 7626              	.LCFI214:
 7627              		.cfi_def_cfa_register 7
 7628 0006 7860     		str	r0, [r7, #4]
3576:HW_Lib/STM32H7/HAL_Lib/STM32H7xx_HAL_Driver/Src/stm32h7xx_hal_spi.c ****   /* Receive data in 8 Bit mode */
3577:HW_Lib/STM32H7/HAL_Lib/STM32H7xx_HAL_Driver/Src/stm32h7xx_hal_spi.c ****   *((uint8_t *)hspi->pRxBuffPtr) = (*(__IO uint8_t *)&hspi->Instance->RXDR);
 7629              		.loc 1 3577 59
 7630 0008 7B68     		ldr	r3, [r7, #4]
 7631 000a 1B68     		ldr	r3, [r3]
 7632              		.loc 1 3577 54
 7633 000c 03F13002 		add	r2, r3, #48
 7634              		.loc 1 3577 20
 7635 0010 7B68     		ldr	r3, [r7, #4]
 7636 0012 5B6E     		ldr	r3, [r3, #100]
 7637              		.loc 1 3577 37
 7638 0014 1278     		ldrb	r2, [r2]
 7639 0016 D2B2     		uxtb	r2, r2
 7640              		.loc 1 3577 34
 7641 0018 1A70     		strb	r2, [r3]
3578:HW_Lib/STM32H7/HAL_Lib/STM32H7xx_HAL_Driver/Src/stm32h7xx_hal_spi.c ****   hspi->pRxBuffPtr += sizeof(uint8_t);
 7642              		.loc 1 3578 20
 7643 001a 7B68     		ldr	r3, [r7, #4]
 7644 001c 5B6E     		ldr	r3, [r3, #100]
 7645 001e 5A1C     		adds	r2, r3, #1
 7646 0020 7B68     		ldr	r3, [r7, #4]
 7647 0022 5A66     		str	r2, [r3, #100]
3579:HW_Lib/STM32H7/HAL_Lib/STM32H7xx_HAL_Driver/Src/stm32h7xx_hal_spi.c ****   hspi->RxXferCount--;
 7648              		.loc 1 3579 7
 7649 0024 7B68     		ldr	r3, [r7, #4]
 7650 0026 B3F86A30 		ldrh	r3, [r3, #106]	@ movhi
 7651 002a 9BB2     		uxth	r3, r3
 7652              		.loc 1 3579 20
 7653 002c 013B     		subs	r3, r3, #1
 7654 002e 9AB2     		uxth	r2, r3
 7655 0030 7B68     		ldr	r3, [r7, #4]
 7656 0032 A3F86A20 		strh	r2, [r3, #106]	@ movhi
3580:HW_Lib/STM32H7/HAL_Lib/STM32H7xx_HAL_Driver/Src/stm32h7xx_hal_spi.c **** 
3581:HW_Lib/STM32H7/HAL_Lib/STM32H7xx_HAL_Driver/Src/stm32h7xx_hal_spi.c ****   /* Disable IT if no more data excepted */
3582:HW_Lib/STM32H7/HAL_Lib/STM32H7xx_HAL_Driver/Src/stm32h7xx_hal_spi.c ****   if (hspi->RxXferCount == 0UL)
 7657              		.loc 1 3582 11
 7658 0036 7B68     		ldr	r3, [r7, #4]
 7659 0038 B3F86A30 		ldrh	r3, [r3, #106]	@ movhi
 7660 003c 9BB2     		uxth	r3, r3
 7661              		.loc 1 3582 6
 7662 003e 002B     		cmp	r3, #0
 7663 0040 07D1     		bne	.L352
3583:HW_Lib/STM32H7/HAL_Lib/STM32H7xx_HAL_Driver/Src/stm32h7xx_hal_spi.c ****   {
3584:HW_Lib/STM32H7/HAL_Lib/STM32H7xx_HAL_Driver/Src/stm32h7xx_hal_spi.c **** #if defined(USE_SPI_RELOAD_TRANSFER)
3585:HW_Lib/STM32H7/HAL_Lib/STM32H7xx_HAL_Driver/Src/stm32h7xx_hal_spi.c ****     /* Check if there is any request to reload */
ARM GAS  C:\Users\HUAV\AppData\Local\Temp\ccYQlmuE.s 			page 198


3586:HW_Lib/STM32H7/HAL_Lib/STM32H7xx_HAL_Driver/Src/stm32h7xx_hal_spi.c ****     if (hspi->Reload.Requested == 1UL)
3587:HW_Lib/STM32H7/HAL_Lib/STM32H7xx_HAL_Driver/Src/stm32h7xx_hal_spi.c ****     {
3588:HW_Lib/STM32H7/HAL_Lib/STM32H7xx_HAL_Driver/Src/stm32h7xx_hal_spi.c ****       hspi->RxXferSize  = hspi->Reload.RxXferSize;
3589:HW_Lib/STM32H7/HAL_Lib/STM32H7xx_HAL_Driver/Src/stm32h7xx_hal_spi.c ****       hspi->RxXferCount = hspi->Reload.RxXferSize;
3590:HW_Lib/STM32H7/HAL_Lib/STM32H7xx_HAL_Driver/Src/stm32h7xx_hal_spi.c ****       hspi->pRxBuffPtr  = hspi->Reload.pRxBuffPtr;
3591:HW_Lib/STM32H7/HAL_Lib/STM32H7xx_HAL_Driver/Src/stm32h7xx_hal_spi.c ****     }
3592:HW_Lib/STM32H7/HAL_Lib/STM32H7xx_HAL_Driver/Src/stm32h7xx_hal_spi.c ****     else
3593:HW_Lib/STM32H7/HAL_Lib/STM32H7xx_HAL_Driver/Src/stm32h7xx_hal_spi.c ****     {
3594:HW_Lib/STM32H7/HAL_Lib/STM32H7xx_HAL_Driver/Src/stm32h7xx_hal_spi.c ****       /* Disable RXP interrupts */
3595:HW_Lib/STM32H7/HAL_Lib/STM32H7xx_HAL_Driver/Src/stm32h7xx_hal_spi.c ****       __HAL_SPI_DISABLE_IT(hspi, SPI_IT_RXP);
3596:HW_Lib/STM32H7/HAL_Lib/STM32H7xx_HAL_Driver/Src/stm32h7xx_hal_spi.c ****     }
3597:HW_Lib/STM32H7/HAL_Lib/STM32H7xx_HAL_Driver/Src/stm32h7xx_hal_spi.c **** #else
3598:HW_Lib/STM32H7/HAL_Lib/STM32H7xx_HAL_Driver/Src/stm32h7xx_hal_spi.c ****     /* Disable RXP interrupts */
3599:HW_Lib/STM32H7/HAL_Lib/STM32H7xx_HAL_Driver/Src/stm32h7xx_hal_spi.c ****     __HAL_SPI_DISABLE_IT(hspi, SPI_IT_RXP);
 7664              		.loc 1 3599 5
 7665 0042 7B68     		ldr	r3, [r7, #4]
 7666 0044 1B68     		ldr	r3, [r3]
 7667 0046 1A69     		ldr	r2, [r3, #16]
 7668 0048 7B68     		ldr	r3, [r7, #4]
 7669 004a 1B68     		ldr	r3, [r3]
 7670 004c 22F00102 		bic	r2, r2, #1
 7671 0050 1A61     		str	r2, [r3, #16]
 7672              	.L352:
3600:HW_Lib/STM32H7/HAL_Lib/STM32H7xx_HAL_Driver/Src/stm32h7xx_hal_spi.c **** #endif /* USE_SPI_RELOAD_TRANSFER */
3601:HW_Lib/STM32H7/HAL_Lib/STM32H7xx_HAL_Driver/Src/stm32h7xx_hal_spi.c ****   }
3602:HW_Lib/STM32H7/HAL_Lib/STM32H7xx_HAL_Driver/Src/stm32h7xx_hal_spi.c **** }
 7673              		.loc 1 3602 1
 7674 0052 00BF     		nop
 7675 0054 0C37     		adds	r7, r7, #12
 7676              	.LCFI215:
 7677              		.cfi_def_cfa_offset 4
 7678 0056 BD46     		mov	sp, r7
 7679              	.LCFI216:
 7680              		.cfi_def_cfa_register 13
 7681              		@ sp needed
 7682 0058 5DF8047B 		ldr	r7, [sp], #4
 7683              	.LCFI217:
 7684              		.cfi_restore 7
 7685              		.cfi_def_cfa_offset 0
 7686 005c 7047     		bx	lr
 7687              		.cfi_endproc
 7688              	.LFE372:
 7690              		.section	.text.SPI_RxISR_16BIT,"ax",%progbits
 7691              		.align	1
 7692              		.syntax unified
 7693              		.thumb
 7694              		.thumb_func
 7696              	SPI_RxISR_16BIT:
 7697              	.LFB373:
3603:HW_Lib/STM32H7/HAL_Lib/STM32H7xx_HAL_Driver/Src/stm32h7xx_hal_spi.c **** 
3604:HW_Lib/STM32H7/HAL_Lib/STM32H7xx_HAL_Driver/Src/stm32h7xx_hal_spi.c **** 
3605:HW_Lib/STM32H7/HAL_Lib/STM32H7xx_HAL_Driver/Src/stm32h7xx_hal_spi.c **** /**
3606:HW_Lib/STM32H7/HAL_Lib/STM32H7xx_HAL_Driver/Src/stm32h7xx_hal_spi.c ****   * @brief  Manage the 16-bit receive in Interrupt context.
3607:HW_Lib/STM32H7/HAL_Lib/STM32H7xx_HAL_Driver/Src/stm32h7xx_hal_spi.c ****   * @param  hspi: pointer to a SPI_HandleTypeDef structure that contains
3608:HW_Lib/STM32H7/HAL_Lib/STM32H7xx_HAL_Driver/Src/stm32h7xx_hal_spi.c ****   *               the configuration information for SPI module.
3609:HW_Lib/STM32H7/HAL_Lib/STM32H7xx_HAL_Driver/Src/stm32h7xx_hal_spi.c ****   * @retval None
3610:HW_Lib/STM32H7/HAL_Lib/STM32H7xx_HAL_Driver/Src/stm32h7xx_hal_spi.c ****   */
ARM GAS  C:\Users\HUAV\AppData\Local\Temp\ccYQlmuE.s 			page 199


3611:HW_Lib/STM32H7/HAL_Lib/STM32H7xx_HAL_Driver/Src/stm32h7xx_hal_spi.c **** static void SPI_RxISR_16BIT(SPI_HandleTypeDef *hspi)
3612:HW_Lib/STM32H7/HAL_Lib/STM32H7xx_HAL_Driver/Src/stm32h7xx_hal_spi.c **** {
 7698              		.loc 1 3612 1
 7699              		.cfi_startproc
 7700              		@ args = 0, pretend = 0, frame = 16
 7701              		@ frame_needed = 1, uses_anonymous_args = 0
 7702              		@ link register save eliminated.
 7703 0000 80B4     		push	{r7}
 7704              	.LCFI218:
 7705              		.cfi_def_cfa_offset 4
 7706              		.cfi_offset 7, -4
 7707 0002 85B0     		sub	sp, sp, #20
 7708              	.LCFI219:
 7709              		.cfi_def_cfa_offset 24
 7710 0004 00AF     		add	r7, sp, #0
 7711              	.LCFI220:
 7712              		.cfi_def_cfa_register 7
 7713 0006 7860     		str	r0, [r7, #4]
3613:HW_Lib/STM32H7/HAL_Lib/STM32H7xx_HAL_Driver/Src/stm32h7xx_hal_spi.c ****   /* Receive data in 16 Bit mode */
3614:HW_Lib/STM32H7/HAL_Lib/STM32H7xx_HAL_Driver/Src/stm32h7xx_hal_spi.c **** #if defined (__GNUC__)
3615:HW_Lib/STM32H7/HAL_Lib/STM32H7xx_HAL_Driver/Src/stm32h7xx_hal_spi.c ****   __IO uint16_t *prxdr_16bits = (__IO uint16_t *)(&(hspi->Instance->RXDR));
 7714              		.loc 1 3615 57
 7715 0008 7B68     		ldr	r3, [r7, #4]
 7716 000a 1B68     		ldr	r3, [r3]
 7717              		.loc 1 3615 18
 7718 000c 3033     		adds	r3, r3, #48
 7719 000e FB60     		str	r3, [r7, #12]
3616:HW_Lib/STM32H7/HAL_Lib/STM32H7xx_HAL_Driver/Src/stm32h7xx_hal_spi.c **** 
3617:HW_Lib/STM32H7/HAL_Lib/STM32H7xx_HAL_Driver/Src/stm32h7xx_hal_spi.c ****   *((uint16_t *)hspi->pRxBuffPtr) = *prxdr_16bits;
 7720              		.loc 1 3617 21
 7721 0010 7B68     		ldr	r3, [r7, #4]
 7722 0012 5B6E     		ldr	r3, [r3, #100]
 7723              		.loc 1 3617 37
 7724 0014 FA68     		ldr	r2, [r7, #12]
 7725 0016 1288     		ldrh	r2, [r2]	@ movhi
 7726 0018 92B2     		uxth	r2, r2
 7727              		.loc 1 3617 35
 7728 001a 1A80     		strh	r2, [r3]	@ movhi
3618:HW_Lib/STM32H7/HAL_Lib/STM32H7xx_HAL_Driver/Src/stm32h7xx_hal_spi.c **** #else
3619:HW_Lib/STM32H7/HAL_Lib/STM32H7xx_HAL_Driver/Src/stm32h7xx_hal_spi.c ****   *((uint16_t *)hspi->pRxBuffPtr) = (*(__IO uint16_t *)&hspi->Instance->RXDR);
3620:HW_Lib/STM32H7/HAL_Lib/STM32H7xx_HAL_Driver/Src/stm32h7xx_hal_spi.c **** #endif /* __GNUC__ */
3621:HW_Lib/STM32H7/HAL_Lib/STM32H7xx_HAL_Driver/Src/stm32h7xx_hal_spi.c ****   hspi->pRxBuffPtr += sizeof(uint16_t);
 7729              		.loc 1 3621 20
 7730 001c 7B68     		ldr	r3, [r7, #4]
 7731 001e 5B6E     		ldr	r3, [r3, #100]
 7732 0020 9A1C     		adds	r2, r3, #2
 7733 0022 7B68     		ldr	r3, [r7, #4]
 7734 0024 5A66     		str	r2, [r3, #100]
3622:HW_Lib/STM32H7/HAL_Lib/STM32H7xx_HAL_Driver/Src/stm32h7xx_hal_spi.c ****   hspi->RxXferCount--;
 7735              		.loc 1 3622 7
 7736 0026 7B68     		ldr	r3, [r7, #4]
 7737 0028 B3F86A30 		ldrh	r3, [r3, #106]	@ movhi
 7738 002c 9BB2     		uxth	r3, r3
 7739              		.loc 1 3622 20
 7740 002e 013B     		subs	r3, r3, #1
 7741 0030 9AB2     		uxth	r2, r3
 7742 0032 7B68     		ldr	r3, [r7, #4]
ARM GAS  C:\Users\HUAV\AppData\Local\Temp\ccYQlmuE.s 			page 200


 7743 0034 A3F86A20 		strh	r2, [r3, #106]	@ movhi
3623:HW_Lib/STM32H7/HAL_Lib/STM32H7xx_HAL_Driver/Src/stm32h7xx_hal_spi.c **** 
3624:HW_Lib/STM32H7/HAL_Lib/STM32H7xx_HAL_Driver/Src/stm32h7xx_hal_spi.c ****   /* Disable IT if no more data excepted */
3625:HW_Lib/STM32H7/HAL_Lib/STM32H7xx_HAL_Driver/Src/stm32h7xx_hal_spi.c ****   if (hspi->RxXferCount == 0UL)
 7744              		.loc 1 3625 11
 7745 0038 7B68     		ldr	r3, [r7, #4]
 7746 003a B3F86A30 		ldrh	r3, [r3, #106]	@ movhi
 7747 003e 9BB2     		uxth	r3, r3
 7748              		.loc 1 3625 6
 7749 0040 002B     		cmp	r3, #0
 7750 0042 07D1     		bne	.L355
3626:HW_Lib/STM32H7/HAL_Lib/STM32H7xx_HAL_Driver/Src/stm32h7xx_hal_spi.c ****   {
3627:HW_Lib/STM32H7/HAL_Lib/STM32H7xx_HAL_Driver/Src/stm32h7xx_hal_spi.c **** #if defined(USE_SPI_RELOAD_TRANSFER)
3628:HW_Lib/STM32H7/HAL_Lib/STM32H7xx_HAL_Driver/Src/stm32h7xx_hal_spi.c ****     /* Check if there is any request to reload */
3629:HW_Lib/STM32H7/HAL_Lib/STM32H7xx_HAL_Driver/Src/stm32h7xx_hal_spi.c ****     if (hspi->Reload.Requested == 1UL)
3630:HW_Lib/STM32H7/HAL_Lib/STM32H7xx_HAL_Driver/Src/stm32h7xx_hal_spi.c ****     {
3631:HW_Lib/STM32H7/HAL_Lib/STM32H7xx_HAL_Driver/Src/stm32h7xx_hal_spi.c ****       hspi->RxXferSize  = hspi->Reload.RxXferSize;
3632:HW_Lib/STM32H7/HAL_Lib/STM32H7xx_HAL_Driver/Src/stm32h7xx_hal_spi.c ****       hspi->RxXferCount = hspi->Reload.RxXferSize;
3633:HW_Lib/STM32H7/HAL_Lib/STM32H7xx_HAL_Driver/Src/stm32h7xx_hal_spi.c ****       hspi->pRxBuffPtr  = hspi->Reload.pRxBuffPtr;
3634:HW_Lib/STM32H7/HAL_Lib/STM32H7xx_HAL_Driver/Src/stm32h7xx_hal_spi.c ****     }
3635:HW_Lib/STM32H7/HAL_Lib/STM32H7xx_HAL_Driver/Src/stm32h7xx_hal_spi.c ****     else
3636:HW_Lib/STM32H7/HAL_Lib/STM32H7xx_HAL_Driver/Src/stm32h7xx_hal_spi.c ****     {
3637:HW_Lib/STM32H7/HAL_Lib/STM32H7xx_HAL_Driver/Src/stm32h7xx_hal_spi.c ****       /* Disable RXP interrupts */
3638:HW_Lib/STM32H7/HAL_Lib/STM32H7xx_HAL_Driver/Src/stm32h7xx_hal_spi.c ****       __HAL_SPI_DISABLE_IT(hspi, SPI_IT_RXP);
3639:HW_Lib/STM32H7/HAL_Lib/STM32H7xx_HAL_Driver/Src/stm32h7xx_hal_spi.c ****     }
3640:HW_Lib/STM32H7/HAL_Lib/STM32H7xx_HAL_Driver/Src/stm32h7xx_hal_spi.c **** #else
3641:HW_Lib/STM32H7/HAL_Lib/STM32H7xx_HAL_Driver/Src/stm32h7xx_hal_spi.c ****     /* Disable RXP interrupts */
3642:HW_Lib/STM32H7/HAL_Lib/STM32H7xx_HAL_Driver/Src/stm32h7xx_hal_spi.c ****     __HAL_SPI_DISABLE_IT(hspi, SPI_IT_RXP);
 7751              		.loc 1 3642 5
 7752 0044 7B68     		ldr	r3, [r7, #4]
 7753 0046 1B68     		ldr	r3, [r3]
 7754 0048 1A69     		ldr	r2, [r3, #16]
 7755 004a 7B68     		ldr	r3, [r7, #4]
 7756 004c 1B68     		ldr	r3, [r3]
 7757 004e 22F00102 		bic	r2, r2, #1
 7758 0052 1A61     		str	r2, [r3, #16]
 7759              	.L355:
3643:HW_Lib/STM32H7/HAL_Lib/STM32H7xx_HAL_Driver/Src/stm32h7xx_hal_spi.c **** #endif /* USE_SPI_RELOAD_TRANSFER */
3644:HW_Lib/STM32H7/HAL_Lib/STM32H7xx_HAL_Driver/Src/stm32h7xx_hal_spi.c ****   }
3645:HW_Lib/STM32H7/HAL_Lib/STM32H7xx_HAL_Driver/Src/stm32h7xx_hal_spi.c **** }
 7760              		.loc 1 3645 1
 7761 0054 00BF     		nop
 7762 0056 1437     		adds	r7, r7, #20
 7763              	.LCFI221:
 7764              		.cfi_def_cfa_offset 4
 7765 0058 BD46     		mov	sp, r7
 7766              	.LCFI222:
 7767              		.cfi_def_cfa_register 13
 7768              		@ sp needed
 7769 005a 5DF8047B 		ldr	r7, [sp], #4
 7770              	.LCFI223:
 7771              		.cfi_restore 7
 7772              		.cfi_def_cfa_offset 0
 7773 005e 7047     		bx	lr
 7774              		.cfi_endproc
 7775              	.LFE373:
 7777              		.section	.text.SPI_RxISR_32BIT,"ax",%progbits
ARM GAS  C:\Users\HUAV\AppData\Local\Temp\ccYQlmuE.s 			page 201


 7778              		.align	1
 7779              		.syntax unified
 7780              		.thumb
 7781              		.thumb_func
 7783              	SPI_RxISR_32BIT:
 7784              	.LFB374:
3646:HW_Lib/STM32H7/HAL_Lib/STM32H7xx_HAL_Driver/Src/stm32h7xx_hal_spi.c **** 
3647:HW_Lib/STM32H7/HAL_Lib/STM32H7xx_HAL_Driver/Src/stm32h7xx_hal_spi.c **** 
3648:HW_Lib/STM32H7/HAL_Lib/STM32H7xx_HAL_Driver/Src/stm32h7xx_hal_spi.c **** /**
3649:HW_Lib/STM32H7/HAL_Lib/STM32H7xx_HAL_Driver/Src/stm32h7xx_hal_spi.c ****   * @brief  Manage the 32-bit receive in Interrupt context.
3650:HW_Lib/STM32H7/HAL_Lib/STM32H7xx_HAL_Driver/Src/stm32h7xx_hal_spi.c ****   * @param  hspi: pointer to a SPI_HandleTypeDef structure that contains
3651:HW_Lib/STM32H7/HAL_Lib/STM32H7xx_HAL_Driver/Src/stm32h7xx_hal_spi.c ****   *               the configuration information for SPI module.
3652:HW_Lib/STM32H7/HAL_Lib/STM32H7xx_HAL_Driver/Src/stm32h7xx_hal_spi.c ****   * @retval None
3653:HW_Lib/STM32H7/HAL_Lib/STM32H7xx_HAL_Driver/Src/stm32h7xx_hal_spi.c ****   */
3654:HW_Lib/STM32H7/HAL_Lib/STM32H7xx_HAL_Driver/Src/stm32h7xx_hal_spi.c **** static void SPI_RxISR_32BIT(SPI_HandleTypeDef *hspi)
3655:HW_Lib/STM32H7/HAL_Lib/STM32H7xx_HAL_Driver/Src/stm32h7xx_hal_spi.c **** {
 7785              		.loc 1 3655 1
 7786              		.cfi_startproc
 7787              		@ args = 0, pretend = 0, frame = 8
 7788              		@ frame_needed = 1, uses_anonymous_args = 0
 7789              		@ link register save eliminated.
 7790 0000 80B4     		push	{r7}
 7791              	.LCFI224:
 7792              		.cfi_def_cfa_offset 4
 7793              		.cfi_offset 7, -4
 7794 0002 83B0     		sub	sp, sp, #12
 7795              	.LCFI225:
 7796              		.cfi_def_cfa_offset 16
 7797 0004 00AF     		add	r7, sp, #0
 7798              	.LCFI226:
 7799              		.cfi_def_cfa_register 7
 7800 0006 7860     		str	r0, [r7, #4]
3656:HW_Lib/STM32H7/HAL_Lib/STM32H7xx_HAL_Driver/Src/stm32h7xx_hal_spi.c ****   /* Receive data in 32 Bit mode */
3657:HW_Lib/STM32H7/HAL_Lib/STM32H7xx_HAL_Driver/Src/stm32h7xx_hal_spi.c ****   *((uint32_t *)hspi->pRxBuffPtr) = (*(__IO uint32_t *)&hspi->Instance->RXDR);
 7801              		.loc 1 3657 61
 7802 0008 7B68     		ldr	r3, [r7, #4]
 7803 000a 1A68     		ldr	r2, [r3]
 7804              		.loc 1 3657 21
 7805 000c 7B68     		ldr	r3, [r7, #4]
 7806 000e 5B6E     		ldr	r3, [r3, #100]
 7807              		.loc 1 3657 38
 7808 0010 126B     		ldr	r2, [r2, #48]
 7809              		.loc 1 3657 35
 7810 0012 1A60     		str	r2, [r3]
3658:HW_Lib/STM32H7/HAL_Lib/STM32H7xx_HAL_Driver/Src/stm32h7xx_hal_spi.c ****   hspi->pRxBuffPtr += sizeof(uint32_t);
 7811              		.loc 1 3658 20
 7812 0014 7B68     		ldr	r3, [r7, #4]
 7813 0016 5B6E     		ldr	r3, [r3, #100]
 7814 0018 1A1D     		adds	r2, r3, #4
 7815 001a 7B68     		ldr	r3, [r7, #4]
 7816 001c 5A66     		str	r2, [r3, #100]
3659:HW_Lib/STM32H7/HAL_Lib/STM32H7xx_HAL_Driver/Src/stm32h7xx_hal_spi.c ****   hspi->RxXferCount--;
 7817              		.loc 1 3659 7
 7818 001e 7B68     		ldr	r3, [r7, #4]
 7819 0020 B3F86A30 		ldrh	r3, [r3, #106]	@ movhi
 7820 0024 9BB2     		uxth	r3, r3
 7821              		.loc 1 3659 20
ARM GAS  C:\Users\HUAV\AppData\Local\Temp\ccYQlmuE.s 			page 202


 7822 0026 013B     		subs	r3, r3, #1
 7823 0028 9AB2     		uxth	r2, r3
 7824 002a 7B68     		ldr	r3, [r7, #4]
 7825 002c A3F86A20 		strh	r2, [r3, #106]	@ movhi
3660:HW_Lib/STM32H7/HAL_Lib/STM32H7xx_HAL_Driver/Src/stm32h7xx_hal_spi.c **** 
3661:HW_Lib/STM32H7/HAL_Lib/STM32H7xx_HAL_Driver/Src/stm32h7xx_hal_spi.c ****   /* Disable IT if no more data excepted */
3662:HW_Lib/STM32H7/HAL_Lib/STM32H7xx_HAL_Driver/Src/stm32h7xx_hal_spi.c ****   if (hspi->RxXferCount == 0UL)
 7826              		.loc 1 3662 11
 7827 0030 7B68     		ldr	r3, [r7, #4]
 7828 0032 B3F86A30 		ldrh	r3, [r3, #106]	@ movhi
 7829 0036 9BB2     		uxth	r3, r3
 7830              		.loc 1 3662 6
 7831 0038 002B     		cmp	r3, #0
 7832 003a 07D1     		bne	.L358
3663:HW_Lib/STM32H7/HAL_Lib/STM32H7xx_HAL_Driver/Src/stm32h7xx_hal_spi.c ****   {
3664:HW_Lib/STM32H7/HAL_Lib/STM32H7xx_HAL_Driver/Src/stm32h7xx_hal_spi.c **** #if defined(USE_SPI_RELOAD_TRANSFER)
3665:HW_Lib/STM32H7/HAL_Lib/STM32H7xx_HAL_Driver/Src/stm32h7xx_hal_spi.c ****     /* Check if there is any request to reload */
3666:HW_Lib/STM32H7/HAL_Lib/STM32H7xx_HAL_Driver/Src/stm32h7xx_hal_spi.c ****     if (hspi->Reload.Requested == 1UL)
3667:HW_Lib/STM32H7/HAL_Lib/STM32H7xx_HAL_Driver/Src/stm32h7xx_hal_spi.c ****     {
3668:HW_Lib/STM32H7/HAL_Lib/STM32H7xx_HAL_Driver/Src/stm32h7xx_hal_spi.c ****       hspi->RxXferSize  = hspi->Reload.RxXferSize;
3669:HW_Lib/STM32H7/HAL_Lib/STM32H7xx_HAL_Driver/Src/stm32h7xx_hal_spi.c ****       hspi->RxXferCount = hspi->Reload.RxXferSize;
3670:HW_Lib/STM32H7/HAL_Lib/STM32H7xx_HAL_Driver/Src/stm32h7xx_hal_spi.c ****       hspi->pRxBuffPtr  = hspi->Reload.pRxBuffPtr;
3671:HW_Lib/STM32H7/HAL_Lib/STM32H7xx_HAL_Driver/Src/stm32h7xx_hal_spi.c ****     }
3672:HW_Lib/STM32H7/HAL_Lib/STM32H7xx_HAL_Driver/Src/stm32h7xx_hal_spi.c ****     else
3673:HW_Lib/STM32H7/HAL_Lib/STM32H7xx_HAL_Driver/Src/stm32h7xx_hal_spi.c ****     {
3674:HW_Lib/STM32H7/HAL_Lib/STM32H7xx_HAL_Driver/Src/stm32h7xx_hal_spi.c ****       /* Disable RXP interrupts */
3675:HW_Lib/STM32H7/HAL_Lib/STM32H7xx_HAL_Driver/Src/stm32h7xx_hal_spi.c ****       __HAL_SPI_DISABLE_IT(hspi, SPI_IT_RXP);
3676:HW_Lib/STM32H7/HAL_Lib/STM32H7xx_HAL_Driver/Src/stm32h7xx_hal_spi.c ****     }
3677:HW_Lib/STM32H7/HAL_Lib/STM32H7xx_HAL_Driver/Src/stm32h7xx_hal_spi.c **** #else
3678:HW_Lib/STM32H7/HAL_Lib/STM32H7xx_HAL_Driver/Src/stm32h7xx_hal_spi.c ****     /* Disable RXP interrupts */
3679:HW_Lib/STM32H7/HAL_Lib/STM32H7xx_HAL_Driver/Src/stm32h7xx_hal_spi.c ****     __HAL_SPI_DISABLE_IT(hspi, SPI_IT_RXP);
 7833              		.loc 1 3679 5
 7834 003c 7B68     		ldr	r3, [r7, #4]
 7835 003e 1B68     		ldr	r3, [r3]
 7836 0040 1A69     		ldr	r2, [r3, #16]
 7837 0042 7B68     		ldr	r3, [r7, #4]
 7838 0044 1B68     		ldr	r3, [r3]
 7839 0046 22F00102 		bic	r2, r2, #1
 7840 004a 1A61     		str	r2, [r3, #16]
 7841              	.L358:
3680:HW_Lib/STM32H7/HAL_Lib/STM32H7xx_HAL_Driver/Src/stm32h7xx_hal_spi.c **** #endif /* USE_SPI_RELOAD_TRANSFER */
3681:HW_Lib/STM32H7/HAL_Lib/STM32H7xx_HAL_Driver/Src/stm32h7xx_hal_spi.c ****   }
3682:HW_Lib/STM32H7/HAL_Lib/STM32H7xx_HAL_Driver/Src/stm32h7xx_hal_spi.c **** }
 7842              		.loc 1 3682 1
 7843 004c 00BF     		nop
 7844 004e 0C37     		adds	r7, r7, #12
 7845              	.LCFI227:
 7846              		.cfi_def_cfa_offset 4
 7847 0050 BD46     		mov	sp, r7
 7848              	.LCFI228:
 7849              		.cfi_def_cfa_register 13
 7850              		@ sp needed
 7851 0052 5DF8047B 		ldr	r7, [sp], #4
 7852              	.LCFI229:
 7853              		.cfi_restore 7
 7854              		.cfi_def_cfa_offset 0
 7855 0056 7047     		bx	lr
ARM GAS  C:\Users\HUAV\AppData\Local\Temp\ccYQlmuE.s 			page 203


 7856              		.cfi_endproc
 7857              	.LFE374:
 7859              		.section	.text.SPI_TxISR_8BIT,"ax",%progbits
 7860              		.align	1
 7861              		.syntax unified
 7862              		.thumb
 7863              		.thumb_func
 7865              	SPI_TxISR_8BIT:
 7866              	.LFB375:
3683:HW_Lib/STM32H7/HAL_Lib/STM32H7xx_HAL_Driver/Src/stm32h7xx_hal_spi.c **** 
3684:HW_Lib/STM32H7/HAL_Lib/STM32H7xx_HAL_Driver/Src/stm32h7xx_hal_spi.c **** 
3685:HW_Lib/STM32H7/HAL_Lib/STM32H7xx_HAL_Driver/Src/stm32h7xx_hal_spi.c **** /**
3686:HW_Lib/STM32H7/HAL_Lib/STM32H7xx_HAL_Driver/Src/stm32h7xx_hal_spi.c ****   * @brief  Handle the data 8-bit transmit in Interrupt mode.
3687:HW_Lib/STM32H7/HAL_Lib/STM32H7xx_HAL_Driver/Src/stm32h7xx_hal_spi.c ****   * @param  hspi: pointer to a SPI_HandleTypeDef structure that contains
3688:HW_Lib/STM32H7/HAL_Lib/STM32H7xx_HAL_Driver/Src/stm32h7xx_hal_spi.c ****   *               the configuration information for SPI module.
3689:HW_Lib/STM32H7/HAL_Lib/STM32H7xx_HAL_Driver/Src/stm32h7xx_hal_spi.c ****   * @retval None
3690:HW_Lib/STM32H7/HAL_Lib/STM32H7xx_HAL_Driver/Src/stm32h7xx_hal_spi.c ****   */
3691:HW_Lib/STM32H7/HAL_Lib/STM32H7xx_HAL_Driver/Src/stm32h7xx_hal_spi.c **** static void SPI_TxISR_8BIT(SPI_HandleTypeDef *hspi)
3692:HW_Lib/STM32H7/HAL_Lib/STM32H7xx_HAL_Driver/Src/stm32h7xx_hal_spi.c **** {
 7867              		.loc 1 3692 1
 7868              		.cfi_startproc
 7869              		@ args = 0, pretend = 0, frame = 8
 7870              		@ frame_needed = 1, uses_anonymous_args = 0
 7871              		@ link register save eliminated.
 7872 0000 80B4     		push	{r7}
 7873              	.LCFI230:
 7874              		.cfi_def_cfa_offset 4
 7875              		.cfi_offset 7, -4
 7876 0002 83B0     		sub	sp, sp, #12
 7877              	.LCFI231:
 7878              		.cfi_def_cfa_offset 16
 7879 0004 00AF     		add	r7, sp, #0
 7880              	.LCFI232:
 7881              		.cfi_def_cfa_register 7
 7882 0006 7860     		str	r0, [r7, #4]
3693:HW_Lib/STM32H7/HAL_Lib/STM32H7xx_HAL_Driver/Src/stm32h7xx_hal_spi.c ****   /* Transmit data in 8 Bit mode */
3694:HW_Lib/STM32H7/HAL_Lib/STM32H7xx_HAL_Driver/Src/stm32h7xx_hal_spi.c ****   *(__IO uint8_t *)&hspi->Instance->TXDR = *((uint8_t *)hspi->pTxBuffPtr);
 7883              		.loc 1 3694 61
 7884 0008 7B68     		ldr	r3, [r7, #4]
 7885 000a DA6D     		ldr	r2, [r3, #92]
 7886              		.loc 1 3694 25
 7887 000c 7B68     		ldr	r3, [r7, #4]
 7888 000e 1B68     		ldr	r3, [r3]
 7889              		.loc 1 3694 20
 7890 0010 2033     		adds	r3, r3, #32
 7891              		.loc 1 3694 44
 7892 0012 1278     		ldrb	r2, [r2]	@ zero_extendqisi2
 7893              		.loc 1 3694 42
 7894 0014 1A70     		strb	r2, [r3]
3695:HW_Lib/STM32H7/HAL_Lib/STM32H7xx_HAL_Driver/Src/stm32h7xx_hal_spi.c ****   hspi->pTxBuffPtr += sizeof(uint8_t);
 7895              		.loc 1 3695 20
 7896 0016 7B68     		ldr	r3, [r7, #4]
 7897 0018 DB6D     		ldr	r3, [r3, #92]
 7898 001a 5A1C     		adds	r2, r3, #1
 7899 001c 7B68     		ldr	r3, [r7, #4]
 7900 001e DA65     		str	r2, [r3, #92]
3696:HW_Lib/STM32H7/HAL_Lib/STM32H7xx_HAL_Driver/Src/stm32h7xx_hal_spi.c ****   hspi->TxXferCount--;
ARM GAS  C:\Users\HUAV\AppData\Local\Temp\ccYQlmuE.s 			page 204


 7901              		.loc 1 3696 7
 7902 0020 7B68     		ldr	r3, [r7, #4]
 7903 0022 B3F86230 		ldrh	r3, [r3, #98]	@ movhi
 7904 0026 9BB2     		uxth	r3, r3
 7905              		.loc 1 3696 20
 7906 0028 013B     		subs	r3, r3, #1
 7907 002a 9AB2     		uxth	r2, r3
 7908 002c 7B68     		ldr	r3, [r7, #4]
 7909 002e A3F86220 		strh	r2, [r3, #98]	@ movhi
3697:HW_Lib/STM32H7/HAL_Lib/STM32H7xx_HAL_Driver/Src/stm32h7xx_hal_spi.c **** 
3698:HW_Lib/STM32H7/HAL_Lib/STM32H7xx_HAL_Driver/Src/stm32h7xx_hal_spi.c ****   /* Disable IT if no more data excepted */
3699:HW_Lib/STM32H7/HAL_Lib/STM32H7xx_HAL_Driver/Src/stm32h7xx_hal_spi.c ****   if (hspi->TxXferCount == 0UL)
 7910              		.loc 1 3699 11
 7911 0032 7B68     		ldr	r3, [r7, #4]
 7912 0034 B3F86230 		ldrh	r3, [r3, #98]	@ movhi
 7913 0038 9BB2     		uxth	r3, r3
 7914              		.loc 1 3699 6
 7915 003a 002B     		cmp	r3, #0
 7916 003c 07D1     		bne	.L361
3700:HW_Lib/STM32H7/HAL_Lib/STM32H7xx_HAL_Driver/Src/stm32h7xx_hal_spi.c ****   {
3701:HW_Lib/STM32H7/HAL_Lib/STM32H7xx_HAL_Driver/Src/stm32h7xx_hal_spi.c **** #if defined(USE_SPI_RELOAD_TRANSFER)
3702:HW_Lib/STM32H7/HAL_Lib/STM32H7xx_HAL_Driver/Src/stm32h7xx_hal_spi.c ****     /* Check if there is any request to reload */
3703:HW_Lib/STM32H7/HAL_Lib/STM32H7xx_HAL_Driver/Src/stm32h7xx_hal_spi.c ****     if (hspi->Reload.Requested == 1UL)
3704:HW_Lib/STM32H7/HAL_Lib/STM32H7xx_HAL_Driver/Src/stm32h7xx_hal_spi.c ****     {
3705:HW_Lib/STM32H7/HAL_Lib/STM32H7xx_HAL_Driver/Src/stm32h7xx_hal_spi.c ****       hspi->TxXferSize  = hspi->Reload.TxXferSize;
3706:HW_Lib/STM32H7/HAL_Lib/STM32H7xx_HAL_Driver/Src/stm32h7xx_hal_spi.c ****       hspi->TxXferCount = hspi->Reload.TxXferSize;
3707:HW_Lib/STM32H7/HAL_Lib/STM32H7xx_HAL_Driver/Src/stm32h7xx_hal_spi.c ****       hspi->pTxBuffPtr  = hspi->Reload.pTxBuffPtr;
3708:HW_Lib/STM32H7/HAL_Lib/STM32H7xx_HAL_Driver/Src/stm32h7xx_hal_spi.c ****     }
3709:HW_Lib/STM32H7/HAL_Lib/STM32H7xx_HAL_Driver/Src/stm32h7xx_hal_spi.c ****     else
3710:HW_Lib/STM32H7/HAL_Lib/STM32H7xx_HAL_Driver/Src/stm32h7xx_hal_spi.c ****     {
3711:HW_Lib/STM32H7/HAL_Lib/STM32H7xx_HAL_Driver/Src/stm32h7xx_hal_spi.c ****       /* Disable TXP interrupts */
3712:HW_Lib/STM32H7/HAL_Lib/STM32H7xx_HAL_Driver/Src/stm32h7xx_hal_spi.c ****       __HAL_SPI_DISABLE_IT(hspi, SPI_IT_TXP);
3713:HW_Lib/STM32H7/HAL_Lib/STM32H7xx_HAL_Driver/Src/stm32h7xx_hal_spi.c ****     }
3714:HW_Lib/STM32H7/HAL_Lib/STM32H7xx_HAL_Driver/Src/stm32h7xx_hal_spi.c **** #else
3715:HW_Lib/STM32H7/HAL_Lib/STM32H7xx_HAL_Driver/Src/stm32h7xx_hal_spi.c ****     /* Disable TXP interrupts */
3716:HW_Lib/STM32H7/HAL_Lib/STM32H7xx_HAL_Driver/Src/stm32h7xx_hal_spi.c ****     __HAL_SPI_DISABLE_IT(hspi, SPI_IT_TXP);
 7917              		.loc 1 3716 5
 7918 003e 7B68     		ldr	r3, [r7, #4]
 7919 0040 1B68     		ldr	r3, [r3]
 7920 0042 1A69     		ldr	r2, [r3, #16]
 7921 0044 7B68     		ldr	r3, [r7, #4]
 7922 0046 1B68     		ldr	r3, [r3]
 7923 0048 22F00202 		bic	r2, r2, #2
 7924 004c 1A61     		str	r2, [r3, #16]
 7925              	.L361:
3717:HW_Lib/STM32H7/HAL_Lib/STM32H7xx_HAL_Driver/Src/stm32h7xx_hal_spi.c **** #endif /* USE_SPI_RELOAD_TRANSFER */
3718:HW_Lib/STM32H7/HAL_Lib/STM32H7xx_HAL_Driver/Src/stm32h7xx_hal_spi.c ****   }
3719:HW_Lib/STM32H7/HAL_Lib/STM32H7xx_HAL_Driver/Src/stm32h7xx_hal_spi.c **** }
 7926              		.loc 1 3719 1
 7927 004e 00BF     		nop
 7928 0050 0C37     		adds	r7, r7, #12
 7929              	.LCFI233:
 7930              		.cfi_def_cfa_offset 4
 7931 0052 BD46     		mov	sp, r7
 7932              	.LCFI234:
 7933              		.cfi_def_cfa_register 13
 7934              		@ sp needed
ARM GAS  C:\Users\HUAV\AppData\Local\Temp\ccYQlmuE.s 			page 205


 7935 0054 5DF8047B 		ldr	r7, [sp], #4
 7936              	.LCFI235:
 7937              		.cfi_restore 7
 7938              		.cfi_def_cfa_offset 0
 7939 0058 7047     		bx	lr
 7940              		.cfi_endproc
 7941              	.LFE375:
 7943              		.section	.text.SPI_TxISR_16BIT,"ax",%progbits
 7944              		.align	1
 7945              		.syntax unified
 7946              		.thumb
 7947              		.thumb_func
 7949              	SPI_TxISR_16BIT:
 7950              	.LFB376:
3720:HW_Lib/STM32H7/HAL_Lib/STM32H7xx_HAL_Driver/Src/stm32h7xx_hal_spi.c **** 
3721:HW_Lib/STM32H7/HAL_Lib/STM32H7xx_HAL_Driver/Src/stm32h7xx_hal_spi.c **** /**
3722:HW_Lib/STM32H7/HAL_Lib/STM32H7xx_HAL_Driver/Src/stm32h7xx_hal_spi.c ****   * @brief  Handle the data 16-bit transmit in Interrupt mode.
3723:HW_Lib/STM32H7/HAL_Lib/STM32H7xx_HAL_Driver/Src/stm32h7xx_hal_spi.c ****   * @param  hspi: pointer to a SPI_HandleTypeDef structure that contains
3724:HW_Lib/STM32H7/HAL_Lib/STM32H7xx_HAL_Driver/Src/stm32h7xx_hal_spi.c ****   *               the configuration information for SPI module.
3725:HW_Lib/STM32H7/HAL_Lib/STM32H7xx_HAL_Driver/Src/stm32h7xx_hal_spi.c ****   * @retval None
3726:HW_Lib/STM32H7/HAL_Lib/STM32H7xx_HAL_Driver/Src/stm32h7xx_hal_spi.c ****   */
3727:HW_Lib/STM32H7/HAL_Lib/STM32H7xx_HAL_Driver/Src/stm32h7xx_hal_spi.c **** static void SPI_TxISR_16BIT(SPI_HandleTypeDef *hspi)
3728:HW_Lib/STM32H7/HAL_Lib/STM32H7xx_HAL_Driver/Src/stm32h7xx_hal_spi.c **** {
 7951              		.loc 1 3728 1
 7952              		.cfi_startproc
 7953              		@ args = 0, pretend = 0, frame = 16
 7954              		@ frame_needed = 1, uses_anonymous_args = 0
 7955              		@ link register save eliminated.
 7956 0000 80B4     		push	{r7}
 7957              	.LCFI236:
 7958              		.cfi_def_cfa_offset 4
 7959              		.cfi_offset 7, -4
 7960 0002 85B0     		sub	sp, sp, #20
 7961              	.LCFI237:
 7962              		.cfi_def_cfa_offset 24
 7963 0004 00AF     		add	r7, sp, #0
 7964              	.LCFI238:
 7965              		.cfi_def_cfa_register 7
 7966 0006 7860     		str	r0, [r7, #4]
3729:HW_Lib/STM32H7/HAL_Lib/STM32H7xx_HAL_Driver/Src/stm32h7xx_hal_spi.c ****   /* Transmit data in 16 Bit mode */
3730:HW_Lib/STM32H7/HAL_Lib/STM32H7xx_HAL_Driver/Src/stm32h7xx_hal_spi.c **** #if defined (__GNUC__)
3731:HW_Lib/STM32H7/HAL_Lib/STM32H7xx_HAL_Driver/Src/stm32h7xx_hal_spi.c ****   __IO uint16_t *ptxdr_16bits = (__IO uint16_t *)(&(hspi->Instance->TXDR));
 7967              		.loc 1 3731 57
 7968 0008 7B68     		ldr	r3, [r7, #4]
 7969 000a 1B68     		ldr	r3, [r3]
 7970              		.loc 1 3731 18
 7971 000c 2033     		adds	r3, r3, #32
 7972 000e FB60     		str	r3, [r7, #12]
3732:HW_Lib/STM32H7/HAL_Lib/STM32H7xx_HAL_Driver/Src/stm32h7xx_hal_spi.c **** 
3733:HW_Lib/STM32H7/HAL_Lib/STM32H7xx_HAL_Driver/Src/stm32h7xx_hal_spi.c ****   *ptxdr_16bits = *((uint16_t *)hspi->pTxBuffPtr);
 7973              		.loc 1 3733 37
 7974 0010 7B68     		ldr	r3, [r7, #4]
 7975 0012 DB6D     		ldr	r3, [r3, #92]
 7976              		.loc 1 3733 19
 7977 0014 1A88     		ldrh	r2, [r3]
 7978              		.loc 1 3733 17
 7979 0016 FB68     		ldr	r3, [r7, #12]
ARM GAS  C:\Users\HUAV\AppData\Local\Temp\ccYQlmuE.s 			page 206


 7980 0018 1A80     		strh	r2, [r3]	@ movhi
3734:HW_Lib/STM32H7/HAL_Lib/STM32H7xx_HAL_Driver/Src/stm32h7xx_hal_spi.c **** #else
3735:HW_Lib/STM32H7/HAL_Lib/STM32H7xx_HAL_Driver/Src/stm32h7xx_hal_spi.c ****   *((__IO uint16_t *)&hspi->Instance->TXDR) = *((uint16_t *)hspi->pTxBuffPtr);
3736:HW_Lib/STM32H7/HAL_Lib/STM32H7xx_HAL_Driver/Src/stm32h7xx_hal_spi.c **** #endif /* __GNUC__ */
3737:HW_Lib/STM32H7/HAL_Lib/STM32H7xx_HAL_Driver/Src/stm32h7xx_hal_spi.c ****   hspi->pTxBuffPtr += sizeof(uint16_t);
 7981              		.loc 1 3737 20
 7982 001a 7B68     		ldr	r3, [r7, #4]
 7983 001c DB6D     		ldr	r3, [r3, #92]
 7984 001e 9A1C     		adds	r2, r3, #2
 7985 0020 7B68     		ldr	r3, [r7, #4]
 7986 0022 DA65     		str	r2, [r3, #92]
3738:HW_Lib/STM32H7/HAL_Lib/STM32H7xx_HAL_Driver/Src/stm32h7xx_hal_spi.c ****   hspi->TxXferCount--;
 7987              		.loc 1 3738 7
 7988 0024 7B68     		ldr	r3, [r7, #4]
 7989 0026 B3F86230 		ldrh	r3, [r3, #98]	@ movhi
 7990 002a 9BB2     		uxth	r3, r3
 7991              		.loc 1 3738 20
 7992 002c 013B     		subs	r3, r3, #1
 7993 002e 9AB2     		uxth	r2, r3
 7994 0030 7B68     		ldr	r3, [r7, #4]
 7995 0032 A3F86220 		strh	r2, [r3, #98]	@ movhi
3739:HW_Lib/STM32H7/HAL_Lib/STM32H7xx_HAL_Driver/Src/stm32h7xx_hal_spi.c **** 
3740:HW_Lib/STM32H7/HAL_Lib/STM32H7xx_HAL_Driver/Src/stm32h7xx_hal_spi.c ****   /* Disable IT if no more data excepted */
3741:HW_Lib/STM32H7/HAL_Lib/STM32H7xx_HAL_Driver/Src/stm32h7xx_hal_spi.c ****   if (hspi->TxXferCount == 0UL)
 7996              		.loc 1 3741 11
 7997 0036 7B68     		ldr	r3, [r7, #4]
 7998 0038 B3F86230 		ldrh	r3, [r3, #98]	@ movhi
 7999 003c 9BB2     		uxth	r3, r3
 8000              		.loc 1 3741 6
 8001 003e 002B     		cmp	r3, #0
 8002 0040 07D1     		bne	.L364
3742:HW_Lib/STM32H7/HAL_Lib/STM32H7xx_HAL_Driver/Src/stm32h7xx_hal_spi.c ****   {
3743:HW_Lib/STM32H7/HAL_Lib/STM32H7xx_HAL_Driver/Src/stm32h7xx_hal_spi.c **** #if defined(USE_SPI_RELOAD_TRANSFER)
3744:HW_Lib/STM32H7/HAL_Lib/STM32H7xx_HAL_Driver/Src/stm32h7xx_hal_spi.c ****     /* Check if there is any request to reload */
3745:HW_Lib/STM32H7/HAL_Lib/STM32H7xx_HAL_Driver/Src/stm32h7xx_hal_spi.c ****     if (hspi->Reload.Requested == 1UL)
3746:HW_Lib/STM32H7/HAL_Lib/STM32H7xx_HAL_Driver/Src/stm32h7xx_hal_spi.c ****     {
3747:HW_Lib/STM32H7/HAL_Lib/STM32H7xx_HAL_Driver/Src/stm32h7xx_hal_spi.c ****       hspi->TxXferSize  = hspi->Reload.TxXferSize;
3748:HW_Lib/STM32H7/HAL_Lib/STM32H7xx_HAL_Driver/Src/stm32h7xx_hal_spi.c ****       hspi->TxXferCount = hspi->Reload.TxXferSize;
3749:HW_Lib/STM32H7/HAL_Lib/STM32H7xx_HAL_Driver/Src/stm32h7xx_hal_spi.c ****       hspi->pTxBuffPtr  = hspi->Reload.pTxBuffPtr;
3750:HW_Lib/STM32H7/HAL_Lib/STM32H7xx_HAL_Driver/Src/stm32h7xx_hal_spi.c ****     }
3751:HW_Lib/STM32H7/HAL_Lib/STM32H7xx_HAL_Driver/Src/stm32h7xx_hal_spi.c ****     else
3752:HW_Lib/STM32H7/HAL_Lib/STM32H7xx_HAL_Driver/Src/stm32h7xx_hal_spi.c ****     {
3753:HW_Lib/STM32H7/HAL_Lib/STM32H7xx_HAL_Driver/Src/stm32h7xx_hal_spi.c ****       /* Disable TXP interrupts */
3754:HW_Lib/STM32H7/HAL_Lib/STM32H7xx_HAL_Driver/Src/stm32h7xx_hal_spi.c ****       __HAL_SPI_DISABLE_IT(hspi, SPI_IT_TXP);
3755:HW_Lib/STM32H7/HAL_Lib/STM32H7xx_HAL_Driver/Src/stm32h7xx_hal_spi.c ****     }
3756:HW_Lib/STM32H7/HAL_Lib/STM32H7xx_HAL_Driver/Src/stm32h7xx_hal_spi.c **** #else
3757:HW_Lib/STM32H7/HAL_Lib/STM32H7xx_HAL_Driver/Src/stm32h7xx_hal_spi.c ****     /* Disable TXP interrupts */
3758:HW_Lib/STM32H7/HAL_Lib/STM32H7xx_HAL_Driver/Src/stm32h7xx_hal_spi.c ****     __HAL_SPI_DISABLE_IT(hspi, SPI_IT_TXP);
 8003              		.loc 1 3758 5
 8004 0042 7B68     		ldr	r3, [r7, #4]
 8005 0044 1B68     		ldr	r3, [r3]
 8006 0046 1A69     		ldr	r2, [r3, #16]
 8007 0048 7B68     		ldr	r3, [r7, #4]
 8008 004a 1B68     		ldr	r3, [r3]
 8009 004c 22F00202 		bic	r2, r2, #2
 8010 0050 1A61     		str	r2, [r3, #16]
 8011              	.L364:
ARM GAS  C:\Users\HUAV\AppData\Local\Temp\ccYQlmuE.s 			page 207


3759:HW_Lib/STM32H7/HAL_Lib/STM32H7xx_HAL_Driver/Src/stm32h7xx_hal_spi.c **** #endif /* USE_SPI_RELOAD_TRANSFER */
3760:HW_Lib/STM32H7/HAL_Lib/STM32H7xx_HAL_Driver/Src/stm32h7xx_hal_spi.c ****   }
3761:HW_Lib/STM32H7/HAL_Lib/STM32H7xx_HAL_Driver/Src/stm32h7xx_hal_spi.c **** }
 8012              		.loc 1 3761 1
 8013 0052 00BF     		nop
 8014 0054 1437     		adds	r7, r7, #20
 8015              	.LCFI239:
 8016              		.cfi_def_cfa_offset 4
 8017 0056 BD46     		mov	sp, r7
 8018              	.LCFI240:
 8019              		.cfi_def_cfa_register 13
 8020              		@ sp needed
 8021 0058 5DF8047B 		ldr	r7, [sp], #4
 8022              	.LCFI241:
 8023              		.cfi_restore 7
 8024              		.cfi_def_cfa_offset 0
 8025 005c 7047     		bx	lr
 8026              		.cfi_endproc
 8027              	.LFE376:
 8029              		.section	.text.SPI_TxISR_32BIT,"ax",%progbits
 8030              		.align	1
 8031              		.syntax unified
 8032              		.thumb
 8033              		.thumb_func
 8035              	SPI_TxISR_32BIT:
 8036              	.LFB377:
3762:HW_Lib/STM32H7/HAL_Lib/STM32H7xx_HAL_Driver/Src/stm32h7xx_hal_spi.c **** 
3763:HW_Lib/STM32H7/HAL_Lib/STM32H7xx_HAL_Driver/Src/stm32h7xx_hal_spi.c **** /**
3764:HW_Lib/STM32H7/HAL_Lib/STM32H7xx_HAL_Driver/Src/stm32h7xx_hal_spi.c ****   * @brief  Handle the data 32-bit transmit in Interrupt mode.
3765:HW_Lib/STM32H7/HAL_Lib/STM32H7xx_HAL_Driver/Src/stm32h7xx_hal_spi.c ****   * @param  hspi: pointer to a SPI_HandleTypeDef structure that contains
3766:HW_Lib/STM32H7/HAL_Lib/STM32H7xx_HAL_Driver/Src/stm32h7xx_hal_spi.c ****   *               the configuration information for SPI module.
3767:HW_Lib/STM32H7/HAL_Lib/STM32H7xx_HAL_Driver/Src/stm32h7xx_hal_spi.c ****   * @retval None
3768:HW_Lib/STM32H7/HAL_Lib/STM32H7xx_HAL_Driver/Src/stm32h7xx_hal_spi.c ****   */
3769:HW_Lib/STM32H7/HAL_Lib/STM32H7xx_HAL_Driver/Src/stm32h7xx_hal_spi.c **** static void SPI_TxISR_32BIT(SPI_HandleTypeDef *hspi)
3770:HW_Lib/STM32H7/HAL_Lib/STM32H7xx_HAL_Driver/Src/stm32h7xx_hal_spi.c **** {
 8037              		.loc 1 3770 1
 8038              		.cfi_startproc
 8039              		@ args = 0, pretend = 0, frame = 8
 8040              		@ frame_needed = 1, uses_anonymous_args = 0
 8041              		@ link register save eliminated.
 8042 0000 80B4     		push	{r7}
 8043              	.LCFI242:
 8044              		.cfi_def_cfa_offset 4
 8045              		.cfi_offset 7, -4
 8046 0002 83B0     		sub	sp, sp, #12
 8047              	.LCFI243:
 8048              		.cfi_def_cfa_offset 16
 8049 0004 00AF     		add	r7, sp, #0
 8050              	.LCFI244:
 8051              		.cfi_def_cfa_register 7
 8052 0006 7860     		str	r0, [r7, #4]
3771:HW_Lib/STM32H7/HAL_Lib/STM32H7xx_HAL_Driver/Src/stm32h7xx_hal_spi.c ****   /* Transmit data in 32 Bit mode */
3772:HW_Lib/STM32H7/HAL_Lib/STM32H7xx_HAL_Driver/Src/stm32h7xx_hal_spi.c ****   *((__IO uint32_t *)&hspi->Instance->TXDR) = *((uint32_t *)hspi->pTxBuffPtr);
 8053              		.loc 1 3772 65
 8054 0008 7B68     		ldr	r3, [r7, #4]
 8055 000a DA6D     		ldr	r2, [r3, #92]
 8056              		.loc 1 3772 27
ARM GAS  C:\Users\HUAV\AppData\Local\Temp\ccYQlmuE.s 			page 208


 8057 000c 7B68     		ldr	r3, [r7, #4]
 8058 000e 1B68     		ldr	r3, [r3]
 8059              		.loc 1 3772 47
 8060 0010 1268     		ldr	r2, [r2]
 8061              		.loc 1 3772 45
 8062 0012 1A62     		str	r2, [r3, #32]
3773:HW_Lib/STM32H7/HAL_Lib/STM32H7xx_HAL_Driver/Src/stm32h7xx_hal_spi.c ****   hspi->pTxBuffPtr += sizeof(uint32_t);
 8063              		.loc 1 3773 20
 8064 0014 7B68     		ldr	r3, [r7, #4]
 8065 0016 DB6D     		ldr	r3, [r3, #92]
 8066 0018 1A1D     		adds	r2, r3, #4
 8067 001a 7B68     		ldr	r3, [r7, #4]
 8068 001c DA65     		str	r2, [r3, #92]
3774:HW_Lib/STM32H7/HAL_Lib/STM32H7xx_HAL_Driver/Src/stm32h7xx_hal_spi.c ****   hspi->TxXferCount--;
 8069              		.loc 1 3774 7
 8070 001e 7B68     		ldr	r3, [r7, #4]
 8071 0020 B3F86230 		ldrh	r3, [r3, #98]	@ movhi
 8072 0024 9BB2     		uxth	r3, r3
 8073              		.loc 1 3774 20
 8074 0026 013B     		subs	r3, r3, #1
 8075 0028 9AB2     		uxth	r2, r3
 8076 002a 7B68     		ldr	r3, [r7, #4]
 8077 002c A3F86220 		strh	r2, [r3, #98]	@ movhi
3775:HW_Lib/STM32H7/HAL_Lib/STM32H7xx_HAL_Driver/Src/stm32h7xx_hal_spi.c **** 
3776:HW_Lib/STM32H7/HAL_Lib/STM32H7xx_HAL_Driver/Src/stm32h7xx_hal_spi.c ****   /* Disable IT if no more data excepted */
3777:HW_Lib/STM32H7/HAL_Lib/STM32H7xx_HAL_Driver/Src/stm32h7xx_hal_spi.c ****   if (hspi->TxXferCount == 0UL)
 8078              		.loc 1 3777 11
 8079 0030 7B68     		ldr	r3, [r7, #4]
 8080 0032 B3F86230 		ldrh	r3, [r3, #98]	@ movhi
 8081 0036 9BB2     		uxth	r3, r3
 8082              		.loc 1 3777 6
 8083 0038 002B     		cmp	r3, #0
 8084 003a 07D1     		bne	.L367
3778:HW_Lib/STM32H7/HAL_Lib/STM32H7xx_HAL_Driver/Src/stm32h7xx_hal_spi.c ****   {
3779:HW_Lib/STM32H7/HAL_Lib/STM32H7xx_HAL_Driver/Src/stm32h7xx_hal_spi.c **** #if defined(USE_SPI_RELOAD_TRANSFER)
3780:HW_Lib/STM32H7/HAL_Lib/STM32H7xx_HAL_Driver/Src/stm32h7xx_hal_spi.c ****     /* Check if there is any request to reload */
3781:HW_Lib/STM32H7/HAL_Lib/STM32H7xx_HAL_Driver/Src/stm32h7xx_hal_spi.c ****     if (hspi->Reload.Requested == 1UL)
3782:HW_Lib/STM32H7/HAL_Lib/STM32H7xx_HAL_Driver/Src/stm32h7xx_hal_spi.c ****     {
3783:HW_Lib/STM32H7/HAL_Lib/STM32H7xx_HAL_Driver/Src/stm32h7xx_hal_spi.c ****       hspi->TxXferSize  = hspi->Reload.TxXferSize;
3784:HW_Lib/STM32H7/HAL_Lib/STM32H7xx_HAL_Driver/Src/stm32h7xx_hal_spi.c ****       hspi->TxXferCount = hspi->Reload.TxXferSize;
3785:HW_Lib/STM32H7/HAL_Lib/STM32H7xx_HAL_Driver/Src/stm32h7xx_hal_spi.c ****       hspi->pTxBuffPtr  = hspi->Reload.pTxBuffPtr;
3786:HW_Lib/STM32H7/HAL_Lib/STM32H7xx_HAL_Driver/Src/stm32h7xx_hal_spi.c ****     }
3787:HW_Lib/STM32H7/HAL_Lib/STM32H7xx_HAL_Driver/Src/stm32h7xx_hal_spi.c ****     else
3788:HW_Lib/STM32H7/HAL_Lib/STM32H7xx_HAL_Driver/Src/stm32h7xx_hal_spi.c ****     {
3789:HW_Lib/STM32H7/HAL_Lib/STM32H7xx_HAL_Driver/Src/stm32h7xx_hal_spi.c ****       /* Disable TXP interrupts */
3790:HW_Lib/STM32H7/HAL_Lib/STM32H7xx_HAL_Driver/Src/stm32h7xx_hal_spi.c ****       __HAL_SPI_DISABLE_IT(hspi, SPI_IT_TXP);
3791:HW_Lib/STM32H7/HAL_Lib/STM32H7xx_HAL_Driver/Src/stm32h7xx_hal_spi.c ****     }
3792:HW_Lib/STM32H7/HAL_Lib/STM32H7xx_HAL_Driver/Src/stm32h7xx_hal_spi.c **** #else
3793:HW_Lib/STM32H7/HAL_Lib/STM32H7xx_HAL_Driver/Src/stm32h7xx_hal_spi.c ****     /* Disable TXP interrupts */
3794:HW_Lib/STM32H7/HAL_Lib/STM32H7xx_HAL_Driver/Src/stm32h7xx_hal_spi.c ****     __HAL_SPI_DISABLE_IT(hspi, SPI_IT_TXP);
 8085              		.loc 1 3794 5
 8086 003c 7B68     		ldr	r3, [r7, #4]
 8087 003e 1B68     		ldr	r3, [r3]
 8088 0040 1A69     		ldr	r2, [r3, #16]
 8089 0042 7B68     		ldr	r3, [r7, #4]
 8090 0044 1B68     		ldr	r3, [r3]
 8091 0046 22F00202 		bic	r2, r2, #2
ARM GAS  C:\Users\HUAV\AppData\Local\Temp\ccYQlmuE.s 			page 209


 8092 004a 1A61     		str	r2, [r3, #16]
 8093              	.L367:
3795:HW_Lib/STM32H7/HAL_Lib/STM32H7xx_HAL_Driver/Src/stm32h7xx_hal_spi.c **** #endif /* USE_SPI_RELOAD_TRANSFER */
3796:HW_Lib/STM32H7/HAL_Lib/STM32H7xx_HAL_Driver/Src/stm32h7xx_hal_spi.c ****   }
3797:HW_Lib/STM32H7/HAL_Lib/STM32H7xx_HAL_Driver/Src/stm32h7xx_hal_spi.c **** }
 8094              		.loc 1 3797 1
 8095 004c 00BF     		nop
 8096 004e 0C37     		adds	r7, r7, #12
 8097              	.LCFI245:
 8098              		.cfi_def_cfa_offset 4
 8099 0050 BD46     		mov	sp, r7
 8100              	.LCFI246:
 8101              		.cfi_def_cfa_register 13
 8102              		@ sp needed
 8103 0052 5DF8047B 		ldr	r7, [sp], #4
 8104              	.LCFI247:
 8105              		.cfi_restore 7
 8106              		.cfi_def_cfa_offset 0
 8107 0056 7047     		bx	lr
 8108              		.cfi_endproc
 8109              	.LFE377:
 8111              		.section	.text.SPI_AbortTransfer,"ax",%progbits
 8112              		.align	1
 8113              		.syntax unified
 8114              		.thumb
 8115              		.thumb_func
 8117              	SPI_AbortTransfer:
 8118              	.LFB378:
3798:HW_Lib/STM32H7/HAL_Lib/STM32H7xx_HAL_Driver/Src/stm32h7xx_hal_spi.c **** 
3799:HW_Lib/STM32H7/HAL_Lib/STM32H7xx_HAL_Driver/Src/stm32h7xx_hal_spi.c **** /**
3800:HW_Lib/STM32H7/HAL_Lib/STM32H7xx_HAL_Driver/Src/stm32h7xx_hal_spi.c ****   * @brief  Abort Transfer and clear flags.
3801:HW_Lib/STM32H7/HAL_Lib/STM32H7xx_HAL_Driver/Src/stm32h7xx_hal_spi.c ****   * @param  hspi: pointer to a SPI_HandleTypeDef structure that contains
3802:HW_Lib/STM32H7/HAL_Lib/STM32H7xx_HAL_Driver/Src/stm32h7xx_hal_spi.c ****   *               the configuration information for SPI module.
3803:HW_Lib/STM32H7/HAL_Lib/STM32H7xx_HAL_Driver/Src/stm32h7xx_hal_spi.c ****   * @retval None
3804:HW_Lib/STM32H7/HAL_Lib/STM32H7xx_HAL_Driver/Src/stm32h7xx_hal_spi.c ****   */
3805:HW_Lib/STM32H7/HAL_Lib/STM32H7xx_HAL_Driver/Src/stm32h7xx_hal_spi.c **** static void SPI_AbortTransfer(SPI_HandleTypeDef *hspi)
3806:HW_Lib/STM32H7/HAL_Lib/STM32H7xx_HAL_Driver/Src/stm32h7xx_hal_spi.c **** {
 8119              		.loc 1 3806 1
 8120              		.cfi_startproc
 8121              		@ args = 0, pretend = 0, frame = 8
 8122              		@ frame_needed = 1, uses_anonymous_args = 0
 8123              		@ link register save eliminated.
 8124 0000 80B4     		push	{r7}
 8125              	.LCFI248:
 8126              		.cfi_def_cfa_offset 4
 8127              		.cfi_offset 7, -4
 8128 0002 83B0     		sub	sp, sp, #12
 8129              	.LCFI249:
 8130              		.cfi_def_cfa_offset 16
 8131 0004 00AF     		add	r7, sp, #0
 8132              	.LCFI250:
 8133              		.cfi_def_cfa_register 7
 8134 0006 7860     		str	r0, [r7, #4]
3807:HW_Lib/STM32H7/HAL_Lib/STM32H7xx_HAL_Driver/Src/stm32h7xx_hal_spi.c ****   /* Disable SPI peripheral */
3808:HW_Lib/STM32H7/HAL_Lib/STM32H7xx_HAL_Driver/Src/stm32h7xx_hal_spi.c ****   __HAL_SPI_DISABLE(hspi);
 8135              		.loc 1 3808 3
 8136 0008 7B68     		ldr	r3, [r7, #4]
ARM GAS  C:\Users\HUAV\AppData\Local\Temp\ccYQlmuE.s 			page 210


 8137 000a 1B68     		ldr	r3, [r3]
 8138 000c 1A68     		ldr	r2, [r3]
 8139 000e 7B68     		ldr	r3, [r7, #4]
 8140 0010 1B68     		ldr	r3, [r3]
 8141 0012 22F00102 		bic	r2, r2, #1
 8142 0016 1A60     		str	r2, [r3]
3809:HW_Lib/STM32H7/HAL_Lib/STM32H7xx_HAL_Driver/Src/stm32h7xx_hal_spi.c **** 
3810:HW_Lib/STM32H7/HAL_Lib/STM32H7xx_HAL_Driver/Src/stm32h7xx_hal_spi.c ****   /* Disable ITs */
3811:HW_Lib/STM32H7/HAL_Lib/STM32H7xx_HAL_Driver/Src/stm32h7xx_hal_spi.c ****   __HAL_SPI_DISABLE_IT(hspi, (SPI_IT_EOT | SPI_IT_TXP | SPI_IT_RXP | SPI_IT_DXP | SPI_IT_UDR | SPI_
 8143              		.loc 1 3811 3
 8144 0018 7B68     		ldr	r3, [r7, #4]
 8145 001a 1B68     		ldr	r3, [r3]
 8146 001c 1969     		ldr	r1, [r3, #16]
 8147 001e 7B68     		ldr	r3, [r7, #4]
 8148 0020 1A68     		ldr	r2, [r3]
 8149 0022 284B     		ldr	r3, .L369
 8150 0024 0B40     		ands	r3, r3, r1
 8151 0026 1361     		str	r3, [r2, #16]
3812:HW_Lib/STM32H7/HAL_Lib/STM32H7xx_HAL_Driver/Src/stm32h7xx_hal_spi.c ****                               SPI_IT_FRE | SPI_IT_MODF));
3813:HW_Lib/STM32H7/HAL_Lib/STM32H7xx_HAL_Driver/Src/stm32h7xx_hal_spi.c **** 
3814:HW_Lib/STM32H7/HAL_Lib/STM32H7xx_HAL_Driver/Src/stm32h7xx_hal_spi.c ****   /* Clear the Status flags in the SR register */
3815:HW_Lib/STM32H7/HAL_Lib/STM32H7xx_HAL_Driver/Src/stm32h7xx_hal_spi.c ****   __HAL_SPI_CLEAR_EOTFLAG(hspi);
 8152              		.loc 1 3815 3
 8153 0028 7B68     		ldr	r3, [r7, #4]
 8154 002a 1B68     		ldr	r3, [r3]
 8155 002c 9A69     		ldr	r2, [r3, #24]
 8156 002e 7B68     		ldr	r3, [r7, #4]
 8157 0030 1B68     		ldr	r3, [r3]
 8158 0032 42F00802 		orr	r2, r2, #8
 8159 0036 9A61     		str	r2, [r3, #24]
3816:HW_Lib/STM32H7/HAL_Lib/STM32H7xx_HAL_Driver/Src/stm32h7xx_hal_spi.c ****   __HAL_SPI_CLEAR_TXTFFLAG(hspi);
 8160              		.loc 1 3816 3
 8161 0038 7B68     		ldr	r3, [r7, #4]
 8162 003a 1B68     		ldr	r3, [r3]
 8163 003c 9A69     		ldr	r2, [r3, #24]
 8164 003e 7B68     		ldr	r3, [r7, #4]
 8165 0040 1B68     		ldr	r3, [r3]
 8166 0042 42F01002 		orr	r2, r2, #16
 8167 0046 9A61     		str	r2, [r3, #24]
3817:HW_Lib/STM32H7/HAL_Lib/STM32H7xx_HAL_Driver/Src/stm32h7xx_hal_spi.c **** 
3818:HW_Lib/STM32H7/HAL_Lib/STM32H7xx_HAL_Driver/Src/stm32h7xx_hal_spi.c ****   /* Disable Tx DMA Request */
3819:HW_Lib/STM32H7/HAL_Lib/STM32H7xx_HAL_Driver/Src/stm32h7xx_hal_spi.c ****   CLEAR_BIT(hspi->Instance->CFG1, SPI_CFG1_TXDMAEN | SPI_CFG1_RXDMAEN);
 8168              		.loc 1 3819 3
 8169 0048 7B68     		ldr	r3, [r7, #4]
 8170 004a 1B68     		ldr	r3, [r3]
 8171 004c 9A68     		ldr	r2, [r3, #8]
 8172 004e 7B68     		ldr	r3, [r7, #4]
 8173 0050 1B68     		ldr	r3, [r3]
 8174 0052 22F44042 		bic	r2, r2, #49152
 8175 0056 9A60     		str	r2, [r3, #8]
3820:HW_Lib/STM32H7/HAL_Lib/STM32H7xx_HAL_Driver/Src/stm32h7xx_hal_spi.c **** 
3821:HW_Lib/STM32H7/HAL_Lib/STM32H7xx_HAL_Driver/Src/stm32h7xx_hal_spi.c ****   /* Clear the Error flags in the SR register */
3822:HW_Lib/STM32H7/HAL_Lib/STM32H7xx_HAL_Driver/Src/stm32h7xx_hal_spi.c ****   __HAL_SPI_CLEAR_OVRFLAG(hspi);
 8176              		.loc 1 3822 3
 8177 0058 7B68     		ldr	r3, [r7, #4]
 8178 005a 1B68     		ldr	r3, [r3]
 8179 005c 9A69     		ldr	r2, [r3, #24]
ARM GAS  C:\Users\HUAV\AppData\Local\Temp\ccYQlmuE.s 			page 211


 8180 005e 7B68     		ldr	r3, [r7, #4]
 8181 0060 1B68     		ldr	r3, [r3]
 8182 0062 42F04002 		orr	r2, r2, #64
 8183 0066 9A61     		str	r2, [r3, #24]
3823:HW_Lib/STM32H7/HAL_Lib/STM32H7xx_HAL_Driver/Src/stm32h7xx_hal_spi.c ****   __HAL_SPI_CLEAR_UDRFLAG(hspi);
 8184              		.loc 1 3823 3
 8185 0068 7B68     		ldr	r3, [r7, #4]
 8186 006a 1B68     		ldr	r3, [r3]
 8187 006c 9A69     		ldr	r2, [r3, #24]
 8188 006e 7B68     		ldr	r3, [r7, #4]
 8189 0070 1B68     		ldr	r3, [r3]
 8190 0072 42F02002 		orr	r2, r2, #32
 8191 0076 9A61     		str	r2, [r3, #24]
3824:HW_Lib/STM32H7/HAL_Lib/STM32H7xx_HAL_Driver/Src/stm32h7xx_hal_spi.c ****   __HAL_SPI_CLEAR_FREFLAG(hspi);
 8192              		.loc 1 3824 3
 8193 0078 7B68     		ldr	r3, [r7, #4]
 8194 007a 1B68     		ldr	r3, [r3]
 8195 007c 9A69     		ldr	r2, [r3, #24]
 8196 007e 7B68     		ldr	r3, [r7, #4]
 8197 0080 1B68     		ldr	r3, [r3]
 8198 0082 42F48072 		orr	r2, r2, #256
 8199 0086 9A61     		str	r2, [r3, #24]
3825:HW_Lib/STM32H7/HAL_Lib/STM32H7xx_HAL_Driver/Src/stm32h7xx_hal_spi.c ****   __HAL_SPI_CLEAR_MODFFLAG(hspi);
 8200              		.loc 1 3825 3
 8201 0088 7B68     		ldr	r3, [r7, #4]
 8202 008a 1B68     		ldr	r3, [r3]
 8203 008c 9A69     		ldr	r2, [r3, #24]
 8204 008e 7B68     		ldr	r3, [r7, #4]
 8205 0090 1B68     		ldr	r3, [r3]
 8206 0092 42F40072 		orr	r2, r2, #512
 8207 0096 9A61     		str	r2, [r3, #24]
3826:HW_Lib/STM32H7/HAL_Lib/STM32H7xx_HAL_Driver/Src/stm32h7xx_hal_spi.c ****   __HAL_SPI_CLEAR_SUSPFLAG(hspi);
 8208              		.loc 1 3826 3
 8209 0098 7B68     		ldr	r3, [r7, #4]
 8210 009a 1B68     		ldr	r3, [r3]
 8211 009c 9A69     		ldr	r2, [r3, #24]
 8212 009e 7B68     		ldr	r3, [r7, #4]
 8213 00a0 1B68     		ldr	r3, [r3]
 8214 00a2 42F40062 		orr	r2, r2, #2048
 8215 00a6 9A61     		str	r2, [r3, #24]
3827:HW_Lib/STM32H7/HAL_Lib/STM32H7xx_HAL_Driver/Src/stm32h7xx_hal_spi.c **** 
3828:HW_Lib/STM32H7/HAL_Lib/STM32H7xx_HAL_Driver/Src/stm32h7xx_hal_spi.c **** #if (USE_SPI_CRC != 0U)
3829:HW_Lib/STM32H7/HAL_Lib/STM32H7xx_HAL_Driver/Src/stm32h7xx_hal_spi.c ****   __HAL_SPI_CLEAR_CRCERRFLAG(hspi);
3830:HW_Lib/STM32H7/HAL_Lib/STM32H7xx_HAL_Driver/Src/stm32h7xx_hal_spi.c **** #endif /* USE_SPI_CRC */
3831:HW_Lib/STM32H7/HAL_Lib/STM32H7xx_HAL_Driver/Src/stm32h7xx_hal_spi.c **** 
3832:HW_Lib/STM32H7/HAL_Lib/STM32H7xx_HAL_Driver/Src/stm32h7xx_hal_spi.c ****   hspi->TxXferCount = (uint16_t)0UL;
 8216              		.loc 1 3832 21
 8217 00a8 7B68     		ldr	r3, [r7, #4]
 8218 00aa 0022     		movs	r2, #0
 8219 00ac A3F86220 		strh	r2, [r3, #98]	@ movhi
3833:HW_Lib/STM32H7/HAL_Lib/STM32H7xx_HAL_Driver/Src/stm32h7xx_hal_spi.c ****   hspi->RxXferCount = (uint16_t)0UL;
 8220              		.loc 1 3833 21
 8221 00b0 7B68     		ldr	r3, [r7, #4]
 8222 00b2 0022     		movs	r2, #0
 8223 00b4 A3F86A20 		strh	r2, [r3, #106]	@ movhi
3834:HW_Lib/STM32H7/HAL_Lib/STM32H7xx_HAL_Driver/Src/stm32h7xx_hal_spi.c **** }
 8224              		.loc 1 3834 1
ARM GAS  C:\Users\HUAV\AppData\Local\Temp\ccYQlmuE.s 			page 212


 8225 00b8 00BF     		nop
 8226 00ba 0C37     		adds	r7, r7, #12
 8227              	.LCFI251:
 8228              		.cfi_def_cfa_offset 4
 8229 00bc BD46     		mov	sp, r7
 8230              	.LCFI252:
 8231              		.cfi_def_cfa_register 13
 8232              		@ sp needed
 8233 00be 5DF8047B 		ldr	r7, [sp], #4
 8234              	.LCFI253:
 8235              		.cfi_restore 7
 8236              		.cfi_def_cfa_offset 0
 8237 00c2 7047     		bx	lr
 8238              	.L370:
 8239              		.align	2
 8240              	.L369:
 8241 00c4 90FCFFFF 		.word	-880
 8242              		.cfi_endproc
 8243              	.LFE378:
 8245              		.section	.text.SPI_CloseTransfer,"ax",%progbits
 8246              		.align	1
 8247              		.syntax unified
 8248              		.thumb
 8249              		.thumb_func
 8251              	SPI_CloseTransfer:
 8252              	.LFB379:
3835:HW_Lib/STM32H7/HAL_Lib/STM32H7xx_HAL_Driver/Src/stm32h7xx_hal_spi.c **** 
3836:HW_Lib/STM32H7/HAL_Lib/STM32H7xx_HAL_Driver/Src/stm32h7xx_hal_spi.c **** 
3837:HW_Lib/STM32H7/HAL_Lib/STM32H7xx_HAL_Driver/Src/stm32h7xx_hal_spi.c **** /**
3838:HW_Lib/STM32H7/HAL_Lib/STM32H7xx_HAL_Driver/Src/stm32h7xx_hal_spi.c ****   * @brief  Close Transfer and clear flags.
3839:HW_Lib/STM32H7/HAL_Lib/STM32H7xx_HAL_Driver/Src/stm32h7xx_hal_spi.c ****   * @param  hspi: pointer to a SPI_HandleTypeDef structure that contains
3840:HW_Lib/STM32H7/HAL_Lib/STM32H7xx_HAL_Driver/Src/stm32h7xx_hal_spi.c ****   *               the configuration information for SPI module.
3841:HW_Lib/STM32H7/HAL_Lib/STM32H7xx_HAL_Driver/Src/stm32h7xx_hal_spi.c ****   * @retval HAL_ERROR: if any error detected
3842:HW_Lib/STM32H7/HAL_Lib/STM32H7xx_HAL_Driver/Src/stm32h7xx_hal_spi.c ****   *         HAL_OK: if nothing detected
3843:HW_Lib/STM32H7/HAL_Lib/STM32H7xx_HAL_Driver/Src/stm32h7xx_hal_spi.c ****   */
3844:HW_Lib/STM32H7/HAL_Lib/STM32H7xx_HAL_Driver/Src/stm32h7xx_hal_spi.c **** static void SPI_CloseTransfer(SPI_HandleTypeDef *hspi)
3845:HW_Lib/STM32H7/HAL_Lib/STM32H7xx_HAL_Driver/Src/stm32h7xx_hal_spi.c **** {
 8253              		.loc 1 3845 1
 8254              		.cfi_startproc
 8255              		@ args = 0, pretend = 0, frame = 16
 8256              		@ frame_needed = 1, uses_anonymous_args = 0
 8257              		@ link register save eliminated.
 8258 0000 80B4     		push	{r7}
 8259              	.LCFI254:
 8260              		.cfi_def_cfa_offset 4
 8261              		.cfi_offset 7, -4
 8262 0002 85B0     		sub	sp, sp, #20
 8263              	.LCFI255:
 8264              		.cfi_def_cfa_offset 24
 8265 0004 00AF     		add	r7, sp, #0
 8266              	.LCFI256:
 8267              		.cfi_def_cfa_register 7
 8268 0006 7860     		str	r0, [r7, #4]
3846:HW_Lib/STM32H7/HAL_Lib/STM32H7xx_HAL_Driver/Src/stm32h7xx_hal_spi.c ****   uint32_t itflag = hspi->Instance->SR;
 8269              		.loc 1 3846 25
 8270 0008 7B68     		ldr	r3, [r7, #4]
 8271 000a 1B68     		ldr	r3, [r3]
ARM GAS  C:\Users\HUAV\AppData\Local\Temp\ccYQlmuE.s 			page 213


 8272              		.loc 1 3846 12
 8273 000c 5B69     		ldr	r3, [r3, #20]
 8274 000e FB60     		str	r3, [r7, #12]
3847:HW_Lib/STM32H7/HAL_Lib/STM32H7xx_HAL_Driver/Src/stm32h7xx_hal_spi.c **** 
3848:HW_Lib/STM32H7/HAL_Lib/STM32H7xx_HAL_Driver/Src/stm32h7xx_hal_spi.c ****   __HAL_SPI_CLEAR_EOTFLAG(hspi);
 8275              		.loc 1 3848 3
 8276 0010 7B68     		ldr	r3, [r7, #4]
 8277 0012 1B68     		ldr	r3, [r3]
 8278 0014 9A69     		ldr	r2, [r3, #24]
 8279 0016 7B68     		ldr	r3, [r7, #4]
 8280 0018 1B68     		ldr	r3, [r3]
 8281 001a 42F00802 		orr	r2, r2, #8
 8282 001e 9A61     		str	r2, [r3, #24]
3849:HW_Lib/STM32H7/HAL_Lib/STM32H7xx_HAL_Driver/Src/stm32h7xx_hal_spi.c ****   __HAL_SPI_CLEAR_TXTFFLAG(hspi);
 8283              		.loc 1 3849 3
 8284 0020 7B68     		ldr	r3, [r7, #4]
 8285 0022 1B68     		ldr	r3, [r3]
 8286 0024 9A69     		ldr	r2, [r3, #24]
 8287 0026 7B68     		ldr	r3, [r7, #4]
 8288 0028 1B68     		ldr	r3, [r3]
 8289 002a 42F01002 		orr	r2, r2, #16
 8290 002e 9A61     		str	r2, [r3, #24]
3850:HW_Lib/STM32H7/HAL_Lib/STM32H7xx_HAL_Driver/Src/stm32h7xx_hal_spi.c **** 
3851:HW_Lib/STM32H7/HAL_Lib/STM32H7xx_HAL_Driver/Src/stm32h7xx_hal_spi.c ****   /* Disable SPI peripheral */
3852:HW_Lib/STM32H7/HAL_Lib/STM32H7xx_HAL_Driver/Src/stm32h7xx_hal_spi.c ****   __HAL_SPI_DISABLE(hspi);
 8291              		.loc 1 3852 3
 8292 0030 7B68     		ldr	r3, [r7, #4]
 8293 0032 1B68     		ldr	r3, [r3]
 8294 0034 1A68     		ldr	r2, [r3]
 8295 0036 7B68     		ldr	r3, [r7, #4]
 8296 0038 1B68     		ldr	r3, [r3]
 8297 003a 22F00102 		bic	r2, r2, #1
 8298 003e 1A60     		str	r2, [r3]
3853:HW_Lib/STM32H7/HAL_Lib/STM32H7xx_HAL_Driver/Src/stm32h7xx_hal_spi.c **** 
3854:HW_Lib/STM32H7/HAL_Lib/STM32H7xx_HAL_Driver/Src/stm32h7xx_hal_spi.c ****   /* Disable ITs */
3855:HW_Lib/STM32H7/HAL_Lib/STM32H7xx_HAL_Driver/Src/stm32h7xx_hal_spi.c ****   __HAL_SPI_DISABLE_IT(hspi, (SPI_IT_EOT | SPI_IT_TXP | SPI_IT_RXP | SPI_IT_DXP | SPI_IT_UDR | SPI_
 8299              		.loc 1 3855 3
 8300 0040 7B68     		ldr	r3, [r7, #4]
 8301 0042 1B68     		ldr	r3, [r3]
 8302 0044 1969     		ldr	r1, [r3, #16]
 8303 0046 7B68     		ldr	r3, [r7, #4]
 8304 0048 1A68     		ldr	r2, [r3]
 8305 004a 3C4B     		ldr	r3, .L376
 8306 004c 0B40     		ands	r3, r3, r1
 8307 004e 1361     		str	r3, [r2, #16]
3856:HW_Lib/STM32H7/HAL_Lib/STM32H7xx_HAL_Driver/Src/stm32h7xx_hal_spi.c ****                               SPI_IT_FRE | SPI_IT_MODF));
3857:HW_Lib/STM32H7/HAL_Lib/STM32H7xx_HAL_Driver/Src/stm32h7xx_hal_spi.c **** 
3858:HW_Lib/STM32H7/HAL_Lib/STM32H7xx_HAL_Driver/Src/stm32h7xx_hal_spi.c ****   /* Disable Tx DMA Request */
3859:HW_Lib/STM32H7/HAL_Lib/STM32H7xx_HAL_Driver/Src/stm32h7xx_hal_spi.c ****   CLEAR_BIT(hspi->Instance->CFG1, SPI_CFG1_TXDMAEN | SPI_CFG1_RXDMAEN);
 8308              		.loc 1 3859 3
 8309 0050 7B68     		ldr	r3, [r7, #4]
 8310 0052 1B68     		ldr	r3, [r3]
 8311 0054 9A68     		ldr	r2, [r3, #8]
 8312 0056 7B68     		ldr	r3, [r7, #4]
 8313 0058 1B68     		ldr	r3, [r3]
 8314 005a 22F44042 		bic	r2, r2, #49152
 8315 005e 9A60     		str	r2, [r3, #8]
ARM GAS  C:\Users\HUAV\AppData\Local\Temp\ccYQlmuE.s 			page 214


3860:HW_Lib/STM32H7/HAL_Lib/STM32H7xx_HAL_Driver/Src/stm32h7xx_hal_spi.c **** 
3861:HW_Lib/STM32H7/HAL_Lib/STM32H7xx_HAL_Driver/Src/stm32h7xx_hal_spi.c ****   /* Report UnderRun error for non RX Only communication */
3862:HW_Lib/STM32H7/HAL_Lib/STM32H7xx_HAL_Driver/Src/stm32h7xx_hal_spi.c ****   if (hspi->State != HAL_SPI_STATE_BUSY_RX)
 8316              		.loc 1 3862 11
 8317 0060 7B68     		ldr	r3, [r7, #4]
 8318 0062 93F88130 		ldrb	r3, [r3, #129]
 8319 0066 DBB2     		uxtb	r3, r3
 8320              		.loc 1 3862 6
 8321 0068 042B     		cmp	r3, #4
 8322 006a 14D0     		beq	.L372
3863:HW_Lib/STM32H7/HAL_Lib/STM32H7xx_HAL_Driver/Src/stm32h7xx_hal_spi.c ****   {
3864:HW_Lib/STM32H7/HAL_Lib/STM32H7xx_HAL_Driver/Src/stm32h7xx_hal_spi.c ****     if ((itflag & SPI_FLAG_UDR) != 0UL)
 8323              		.loc 1 3864 17
 8324 006c FB68     		ldr	r3, [r7, #12]
 8325 006e 03F02003 		and	r3, r3, #32
 8326              		.loc 1 3864 8
 8327 0072 002B     		cmp	r3, #0
 8328 0074 0FD0     		beq	.L372
3865:HW_Lib/STM32H7/HAL_Lib/STM32H7xx_HAL_Driver/Src/stm32h7xx_hal_spi.c ****     {
3866:HW_Lib/STM32H7/HAL_Lib/STM32H7xx_HAL_Driver/Src/stm32h7xx_hal_spi.c ****       SET_BIT(hspi->ErrorCode, HAL_SPI_ERROR_UDR);
 8329              		.loc 1 3866 7
 8330 0076 7B68     		ldr	r3, [r7, #4]
 8331 0078 D3F88430 		ldr	r3, [r3, #132]
 8332 007c 43F08002 		orr	r2, r3, #128
 8333 0080 7B68     		ldr	r3, [r7, #4]
 8334 0082 C3F88420 		str	r2, [r3, #132]
3867:HW_Lib/STM32H7/HAL_Lib/STM32H7xx_HAL_Driver/Src/stm32h7xx_hal_spi.c ****       __HAL_SPI_CLEAR_UDRFLAG(hspi);
 8335              		.loc 1 3867 7
 8336 0086 7B68     		ldr	r3, [r7, #4]
 8337 0088 1B68     		ldr	r3, [r3]
 8338 008a 9A69     		ldr	r2, [r3, #24]
 8339 008c 7B68     		ldr	r3, [r7, #4]
 8340 008e 1B68     		ldr	r3, [r3]
 8341 0090 42F02002 		orr	r2, r2, #32
 8342 0094 9A61     		str	r2, [r3, #24]
 8343              	.L372:
3868:HW_Lib/STM32H7/HAL_Lib/STM32H7xx_HAL_Driver/Src/stm32h7xx_hal_spi.c ****     }
3869:HW_Lib/STM32H7/HAL_Lib/STM32H7xx_HAL_Driver/Src/stm32h7xx_hal_spi.c ****   }
3870:HW_Lib/STM32H7/HAL_Lib/STM32H7xx_HAL_Driver/Src/stm32h7xx_hal_spi.c **** 
3871:HW_Lib/STM32H7/HAL_Lib/STM32H7xx_HAL_Driver/Src/stm32h7xx_hal_spi.c ****   /* Report OverRun error for non TX Only communication */
3872:HW_Lib/STM32H7/HAL_Lib/STM32H7xx_HAL_Driver/Src/stm32h7xx_hal_spi.c ****   if (hspi->State != HAL_SPI_STATE_BUSY_TX)
 8344              		.loc 1 3872 11
 8345 0096 7B68     		ldr	r3, [r7, #4]
 8346 0098 93F88130 		ldrb	r3, [r3, #129]
 8347 009c DBB2     		uxtb	r3, r3
 8348              		.loc 1 3872 6
 8349 009e 032B     		cmp	r3, #3
 8350 00a0 14D0     		beq	.L373
3873:HW_Lib/STM32H7/HAL_Lib/STM32H7xx_HAL_Driver/Src/stm32h7xx_hal_spi.c ****   {
3874:HW_Lib/STM32H7/HAL_Lib/STM32H7xx_HAL_Driver/Src/stm32h7xx_hal_spi.c ****     if ((itflag & SPI_FLAG_OVR) != 0UL)
 8351              		.loc 1 3874 17
 8352 00a2 FB68     		ldr	r3, [r7, #12]
 8353 00a4 03F04003 		and	r3, r3, #64
 8354              		.loc 1 3874 8
 8355 00a8 002B     		cmp	r3, #0
 8356 00aa 0FD0     		beq	.L373
3875:HW_Lib/STM32H7/HAL_Lib/STM32H7xx_HAL_Driver/Src/stm32h7xx_hal_spi.c ****     {
ARM GAS  C:\Users\HUAV\AppData\Local\Temp\ccYQlmuE.s 			page 215


3876:HW_Lib/STM32H7/HAL_Lib/STM32H7xx_HAL_Driver/Src/stm32h7xx_hal_spi.c ****       SET_BIT(hspi->ErrorCode, HAL_SPI_ERROR_OVR);
 8357              		.loc 1 3876 7
 8358 00ac 7B68     		ldr	r3, [r7, #4]
 8359 00ae D3F88430 		ldr	r3, [r3, #132]
 8360 00b2 43F00402 		orr	r2, r3, #4
 8361 00b6 7B68     		ldr	r3, [r7, #4]
 8362 00b8 C3F88420 		str	r2, [r3, #132]
3877:HW_Lib/STM32H7/HAL_Lib/STM32H7xx_HAL_Driver/Src/stm32h7xx_hal_spi.c ****       __HAL_SPI_CLEAR_OVRFLAG(hspi);
 8363              		.loc 1 3877 7
 8364 00bc 7B68     		ldr	r3, [r7, #4]
 8365 00be 1B68     		ldr	r3, [r3]
 8366 00c0 9A69     		ldr	r2, [r3, #24]
 8367 00c2 7B68     		ldr	r3, [r7, #4]
 8368 00c4 1B68     		ldr	r3, [r3]
 8369 00c6 42F04002 		orr	r2, r2, #64
 8370 00ca 9A61     		str	r2, [r3, #24]
 8371              	.L373:
3878:HW_Lib/STM32H7/HAL_Lib/STM32H7xx_HAL_Driver/Src/stm32h7xx_hal_spi.c ****     }
3879:HW_Lib/STM32H7/HAL_Lib/STM32H7xx_HAL_Driver/Src/stm32h7xx_hal_spi.c **** 
3880:HW_Lib/STM32H7/HAL_Lib/STM32H7xx_HAL_Driver/Src/stm32h7xx_hal_spi.c **** #if (USE_SPI_CRC != 0UL)
3881:HW_Lib/STM32H7/HAL_Lib/STM32H7xx_HAL_Driver/Src/stm32h7xx_hal_spi.c ****     /* Check if CRC error occurred */
3882:HW_Lib/STM32H7/HAL_Lib/STM32H7xx_HAL_Driver/Src/stm32h7xx_hal_spi.c ****     if (hspi->Init.CRCCalculation == SPI_CRCCALCULATION_ENABLE)
3883:HW_Lib/STM32H7/HAL_Lib/STM32H7xx_HAL_Driver/Src/stm32h7xx_hal_spi.c ****     {
3884:HW_Lib/STM32H7/HAL_Lib/STM32H7xx_HAL_Driver/Src/stm32h7xx_hal_spi.c ****       if ((itflag & SPI_FLAG_CRCERR) != 0UL)
3885:HW_Lib/STM32H7/HAL_Lib/STM32H7xx_HAL_Driver/Src/stm32h7xx_hal_spi.c ****       {
3886:HW_Lib/STM32H7/HAL_Lib/STM32H7xx_HAL_Driver/Src/stm32h7xx_hal_spi.c ****         SET_BIT(hspi->ErrorCode, HAL_SPI_ERROR_CRC);
3887:HW_Lib/STM32H7/HAL_Lib/STM32H7xx_HAL_Driver/Src/stm32h7xx_hal_spi.c ****         __HAL_SPI_CLEAR_CRCERRFLAG(hspi);
3888:HW_Lib/STM32H7/HAL_Lib/STM32H7xx_HAL_Driver/Src/stm32h7xx_hal_spi.c ****       }
3889:HW_Lib/STM32H7/HAL_Lib/STM32H7xx_HAL_Driver/Src/stm32h7xx_hal_spi.c ****     }
3890:HW_Lib/STM32H7/HAL_Lib/STM32H7xx_HAL_Driver/Src/stm32h7xx_hal_spi.c **** #endif /* USE_SPI_CRC */
3891:HW_Lib/STM32H7/HAL_Lib/STM32H7xx_HAL_Driver/Src/stm32h7xx_hal_spi.c ****   }
3892:HW_Lib/STM32H7/HAL_Lib/STM32H7xx_HAL_Driver/Src/stm32h7xx_hal_spi.c **** 
3893:HW_Lib/STM32H7/HAL_Lib/STM32H7xx_HAL_Driver/Src/stm32h7xx_hal_spi.c ****   /* SPI Mode Fault error interrupt occurred -------------------------------*/
3894:HW_Lib/STM32H7/HAL_Lib/STM32H7xx_HAL_Driver/Src/stm32h7xx_hal_spi.c ****   if ((itflag & SPI_FLAG_MODF) != 0UL)
 8372              		.loc 1 3894 15
 8373 00cc FB68     		ldr	r3, [r7, #12]
 8374 00ce 03F40073 		and	r3, r3, #512
 8375              		.loc 1 3894 6
 8376 00d2 002B     		cmp	r3, #0
 8377 00d4 0FD0     		beq	.L374
3895:HW_Lib/STM32H7/HAL_Lib/STM32H7xx_HAL_Driver/Src/stm32h7xx_hal_spi.c ****   {
3896:HW_Lib/STM32H7/HAL_Lib/STM32H7xx_HAL_Driver/Src/stm32h7xx_hal_spi.c ****     SET_BIT(hspi->ErrorCode, HAL_SPI_ERROR_MODF);
 8378              		.loc 1 3896 5
 8379 00d6 7B68     		ldr	r3, [r7, #4]
 8380 00d8 D3F88430 		ldr	r3, [r3, #132]
 8381 00dc 43F00102 		orr	r2, r3, #1
 8382 00e0 7B68     		ldr	r3, [r7, #4]
 8383 00e2 C3F88420 		str	r2, [r3, #132]
3897:HW_Lib/STM32H7/HAL_Lib/STM32H7xx_HAL_Driver/Src/stm32h7xx_hal_spi.c ****     __HAL_SPI_CLEAR_MODFFLAG(hspi);
 8384              		.loc 1 3897 5
 8385 00e6 7B68     		ldr	r3, [r7, #4]
 8386 00e8 1B68     		ldr	r3, [r3]
 8387 00ea 9A69     		ldr	r2, [r3, #24]
 8388 00ec 7B68     		ldr	r3, [r7, #4]
 8389 00ee 1B68     		ldr	r3, [r3]
 8390 00f0 42F40072 		orr	r2, r2, #512
 8391 00f4 9A61     		str	r2, [r3, #24]
ARM GAS  C:\Users\HUAV\AppData\Local\Temp\ccYQlmuE.s 			page 216


 8392              	.L374:
3898:HW_Lib/STM32H7/HAL_Lib/STM32H7xx_HAL_Driver/Src/stm32h7xx_hal_spi.c ****   }
3899:HW_Lib/STM32H7/HAL_Lib/STM32H7xx_HAL_Driver/Src/stm32h7xx_hal_spi.c **** 
3900:HW_Lib/STM32H7/HAL_Lib/STM32H7xx_HAL_Driver/Src/stm32h7xx_hal_spi.c ****   /* SPI Frame error interrupt occurred ------------------------------------*/
3901:HW_Lib/STM32H7/HAL_Lib/STM32H7xx_HAL_Driver/Src/stm32h7xx_hal_spi.c ****   if ((itflag & SPI_FLAG_FRE) != 0UL)
 8393              		.loc 1 3901 15
 8394 00f6 FB68     		ldr	r3, [r7, #12]
 8395 00f8 03F48073 		and	r3, r3, #256
 8396              		.loc 1 3901 6
 8397 00fc 002B     		cmp	r3, #0
 8398 00fe 0FD0     		beq	.L375
3902:HW_Lib/STM32H7/HAL_Lib/STM32H7xx_HAL_Driver/Src/stm32h7xx_hal_spi.c ****   {
3903:HW_Lib/STM32H7/HAL_Lib/STM32H7xx_HAL_Driver/Src/stm32h7xx_hal_spi.c ****     SET_BIT(hspi->ErrorCode, HAL_SPI_ERROR_FRE);
 8399              		.loc 1 3903 5
 8400 0100 7B68     		ldr	r3, [r7, #4]
 8401 0102 D3F88430 		ldr	r3, [r3, #132]
 8402 0106 43F00802 		orr	r2, r3, #8
 8403 010a 7B68     		ldr	r3, [r7, #4]
 8404 010c C3F88420 		str	r2, [r3, #132]
3904:HW_Lib/STM32H7/HAL_Lib/STM32H7xx_HAL_Driver/Src/stm32h7xx_hal_spi.c ****     __HAL_SPI_CLEAR_FREFLAG(hspi);
 8405              		.loc 1 3904 5
 8406 0110 7B68     		ldr	r3, [r7, #4]
 8407 0112 1B68     		ldr	r3, [r3]
 8408 0114 9A69     		ldr	r2, [r3, #24]
 8409 0116 7B68     		ldr	r3, [r7, #4]
 8410 0118 1B68     		ldr	r3, [r3]
 8411 011a 42F48072 		orr	r2, r2, #256
 8412 011e 9A61     		str	r2, [r3, #24]
 8413              	.L375:
3905:HW_Lib/STM32H7/HAL_Lib/STM32H7xx_HAL_Driver/Src/stm32h7xx_hal_spi.c ****   }
3906:HW_Lib/STM32H7/HAL_Lib/STM32H7xx_HAL_Driver/Src/stm32h7xx_hal_spi.c **** 
3907:HW_Lib/STM32H7/HAL_Lib/STM32H7xx_HAL_Driver/Src/stm32h7xx_hal_spi.c ****   hspi->TxXferCount = (uint16_t)0UL;
 8414              		.loc 1 3907 21
 8415 0120 7B68     		ldr	r3, [r7, #4]
 8416 0122 0022     		movs	r2, #0
 8417 0124 A3F86220 		strh	r2, [r3, #98]	@ movhi
3908:HW_Lib/STM32H7/HAL_Lib/STM32H7xx_HAL_Driver/Src/stm32h7xx_hal_spi.c ****   hspi->RxXferCount = (uint16_t)0UL;
 8418              		.loc 1 3908 21
 8419 0128 7B68     		ldr	r3, [r7, #4]
 8420 012a 0022     		movs	r2, #0
 8421 012c A3F86A20 		strh	r2, [r3, #106]	@ movhi
3909:HW_Lib/STM32H7/HAL_Lib/STM32H7xx_HAL_Driver/Src/stm32h7xx_hal_spi.c **** }
 8422              		.loc 1 3909 1
 8423 0130 00BF     		nop
 8424 0132 1437     		adds	r7, r7, #20
 8425              	.LCFI257:
 8426              		.cfi_def_cfa_offset 4
 8427 0134 BD46     		mov	sp, r7
 8428              	.LCFI258:
 8429              		.cfi_def_cfa_register 13
 8430              		@ sp needed
 8431 0136 5DF8047B 		ldr	r7, [sp], #4
 8432              	.LCFI259:
 8433              		.cfi_restore 7
 8434              		.cfi_def_cfa_offset 0
 8435 013a 7047     		bx	lr
 8436              	.L377:
ARM GAS  C:\Users\HUAV\AppData\Local\Temp\ccYQlmuE.s 			page 217


 8437              		.align	2
 8438              	.L376:
 8439 013c 90FCFFFF 		.word	-880
 8440              		.cfi_endproc
 8441              	.LFE379:
 8443              		.section	.text.SPI_WaitOnFlagUntilTimeout,"ax",%progbits
 8444              		.align	1
 8445              		.syntax unified
 8446              		.thumb
 8447              		.thumb_func
 8449              	SPI_WaitOnFlagUntilTimeout:
 8450              	.LFB380:
3910:HW_Lib/STM32H7/HAL_Lib/STM32H7xx_HAL_Driver/Src/stm32h7xx_hal_spi.c **** 
3911:HW_Lib/STM32H7/HAL_Lib/STM32H7xx_HAL_Driver/Src/stm32h7xx_hal_spi.c **** /**
3912:HW_Lib/STM32H7/HAL_Lib/STM32H7xx_HAL_Driver/Src/stm32h7xx_hal_spi.c ****   * @brief Handle SPI Communication Timeout.
3913:HW_Lib/STM32H7/HAL_Lib/STM32H7xx_HAL_Driver/Src/stm32h7xx_hal_spi.c ****   * @param hspi: pointer to a SPI_HandleTypeDef structure that contains
3914:HW_Lib/STM32H7/HAL_Lib/STM32H7xx_HAL_Driver/Src/stm32h7xx_hal_spi.c ****   *              the configuration information for SPI module.
3915:HW_Lib/STM32H7/HAL_Lib/STM32H7xx_HAL_Driver/Src/stm32h7xx_hal_spi.c ****   * @param Flag: SPI flag to check
3916:HW_Lib/STM32H7/HAL_Lib/STM32H7xx_HAL_Driver/Src/stm32h7xx_hal_spi.c ****   * @param Status: flag state to check
3917:HW_Lib/STM32H7/HAL_Lib/STM32H7xx_HAL_Driver/Src/stm32h7xx_hal_spi.c ****   * @param Timeout: Timeout duration
3918:HW_Lib/STM32H7/HAL_Lib/STM32H7xx_HAL_Driver/Src/stm32h7xx_hal_spi.c ****   * @param Tickstart: Tick start value
3919:HW_Lib/STM32H7/HAL_Lib/STM32H7xx_HAL_Driver/Src/stm32h7xx_hal_spi.c ****   * @retval HAL status
3920:HW_Lib/STM32H7/HAL_Lib/STM32H7xx_HAL_Driver/Src/stm32h7xx_hal_spi.c ****   */
3921:HW_Lib/STM32H7/HAL_Lib/STM32H7xx_HAL_Driver/Src/stm32h7xx_hal_spi.c **** static HAL_StatusTypeDef SPI_WaitOnFlagUntilTimeout(SPI_HandleTypeDef *hspi, uint32_t Flag, FlagSta
3922:HW_Lib/STM32H7/HAL_Lib/STM32H7xx_HAL_Driver/Src/stm32h7xx_hal_spi.c ****                                                     uint32_t Tickstart, uint32_t Timeout)
3923:HW_Lib/STM32H7/HAL_Lib/STM32H7xx_HAL_Driver/Src/stm32h7xx_hal_spi.c **** {
 8451              		.loc 1 3923 1
 8452              		.cfi_startproc
 8453              		@ args = 4, pretend = 0, frame = 16
 8454              		@ frame_needed = 1, uses_anonymous_args = 0
 8455 0000 80B5     		push	{r7, lr}
 8456              	.LCFI260:
 8457              		.cfi_def_cfa_offset 8
 8458              		.cfi_offset 7, -8
 8459              		.cfi_offset 14, -4
 8460 0002 84B0     		sub	sp, sp, #16
 8461              	.LCFI261:
 8462              		.cfi_def_cfa_offset 24
 8463 0004 00AF     		add	r7, sp, #0
 8464              	.LCFI262:
 8465              		.cfi_def_cfa_register 7
 8466 0006 F860     		str	r0, [r7, #12]
 8467 0008 B960     		str	r1, [r7, #8]
 8468 000a 3B60     		str	r3, [r7]
 8469 000c 1346     		mov	r3, r2
 8470 000e FB71     		strb	r3, [r7, #7]
3924:HW_Lib/STM32H7/HAL_Lib/STM32H7xx_HAL_Driver/Src/stm32h7xx_hal_spi.c ****   /* Wait until flag is set */
3925:HW_Lib/STM32H7/HAL_Lib/STM32H7xx_HAL_Driver/Src/stm32h7xx_hal_spi.c ****   while ((__HAL_SPI_GET_FLAG(hspi, Flag) ? SET : RESET) == Status)
 8471              		.loc 1 3925 9
 8472 0010 10E0     		b	.L379
 8473              	.L383:
3926:HW_Lib/STM32H7/HAL_Lib/STM32H7xx_HAL_Driver/Src/stm32h7xx_hal_spi.c ****   {
3927:HW_Lib/STM32H7/HAL_Lib/STM32H7xx_HAL_Driver/Src/stm32h7xx_hal_spi.c ****     /* Check for the Timeout */
3928:HW_Lib/STM32H7/HAL_Lib/STM32H7xx_HAL_Driver/Src/stm32h7xx_hal_spi.c ****     if ((((HAL_GetTick() - Tickstart) >=  Timeout) && (Timeout != HAL_MAX_DELAY)) || (Timeout == 0U
 8474              		.loc 1 3928 12
 8475 0012 FFF7FEFF 		bl	HAL_GetTick
 8476 0016 0246     		mov	r2, r0
ARM GAS  C:\Users\HUAV\AppData\Local\Temp\ccYQlmuE.s 			page 218


 8477              		.loc 1 3928 26
 8478 0018 3B68     		ldr	r3, [r7]
 8479 001a D31A     		subs	r3, r2, r3
 8480              		.loc 1 3928 8
 8481 001c BA69     		ldr	r2, [r7, #24]
 8482 001e 9A42     		cmp	r2, r3
 8483 0020 03D8     		bhi	.L380
 8484              		.loc 1 3928 52 discriminator 1
 8485 0022 BB69     		ldr	r3, [r7, #24]
 8486 0024 B3F1FF3F 		cmp	r3, #-1
 8487 0028 02D1     		bne	.L381
 8488              	.L380:
 8489              		.loc 1 3928 83 discriminator 3
 8490 002a BB69     		ldr	r3, [r7, #24]
 8491 002c 002B     		cmp	r3, #0
 8492 002e 01D1     		bne	.L379
 8493              	.L381:
3929:HW_Lib/STM32H7/HAL_Lib/STM32H7xx_HAL_Driver/Src/stm32h7xx_hal_spi.c ****     {
3930:HW_Lib/STM32H7/HAL_Lib/STM32H7xx_HAL_Driver/Src/stm32h7xx_hal_spi.c ****       return HAL_TIMEOUT;
 8494              		.loc 1 3930 14
 8495 0030 0323     		movs	r3, #3
 8496 0032 0FE0     		b	.L382
 8497              	.L379:
3925:HW_Lib/STM32H7/HAL_Lib/STM32H7xx_HAL_Driver/Src/stm32h7xx_hal_spi.c ****   {
 8498              		.loc 1 3925 11
 8499 0034 FB68     		ldr	r3, [r7, #12]
 8500 0036 1B68     		ldr	r3, [r3]
 8501 0038 5A69     		ldr	r2, [r3, #20]
 8502 003a BB68     		ldr	r3, [r7, #8]
 8503 003c 1340     		ands	r3, r3, r2
3925:HW_Lib/STM32H7/HAL_Lib/STM32H7xx_HAL_Driver/Src/stm32h7xx_hal_spi.c ****   {
 8504              		.loc 1 3925 48
 8505 003e BA68     		ldr	r2, [r7, #8]
 8506 0040 9A42     		cmp	r2, r3
 8507 0042 0CBF     		ite	eq
 8508 0044 0123     		moveq	r3, #1
 8509 0046 0023     		movne	r3, #0
 8510 0048 DBB2     		uxtb	r3, r3
 8511 004a 1A46     		mov	r2, r3
3925:HW_Lib/STM32H7/HAL_Lib/STM32H7xx_HAL_Driver/Src/stm32h7xx_hal_spi.c ****   {
 8512              		.loc 1 3925 57
 8513 004c FB79     		ldrb	r3, [r7, #7]	@ zero_extendqisi2
3925:HW_Lib/STM32H7/HAL_Lib/STM32H7xx_HAL_Driver/Src/stm32h7xx_hal_spi.c ****   {
 8514              		.loc 1 3925 9
 8515 004e 9A42     		cmp	r2, r3
 8516 0050 DFD0     		beq	.L383
3931:HW_Lib/STM32H7/HAL_Lib/STM32H7xx_HAL_Driver/Src/stm32h7xx_hal_spi.c ****     }
3932:HW_Lib/STM32H7/HAL_Lib/STM32H7xx_HAL_Driver/Src/stm32h7xx_hal_spi.c ****   }
3933:HW_Lib/STM32H7/HAL_Lib/STM32H7xx_HAL_Driver/Src/stm32h7xx_hal_spi.c ****   return HAL_OK;
 8517              		.loc 1 3933 10
 8518 0052 0023     		movs	r3, #0
 8519              	.L382:
3934:HW_Lib/STM32H7/HAL_Lib/STM32H7xx_HAL_Driver/Src/stm32h7xx_hal_spi.c **** }
 8520              		.loc 1 3934 1
 8521 0054 1846     		mov	r0, r3
 8522 0056 1037     		adds	r7, r7, #16
 8523              	.LCFI263:
ARM GAS  C:\Users\HUAV\AppData\Local\Temp\ccYQlmuE.s 			page 219


 8524              		.cfi_def_cfa_offset 8
 8525 0058 BD46     		mov	sp, r7
 8526              	.LCFI264:
 8527              		.cfi_def_cfa_register 13
 8528              		@ sp needed
 8529 005a 80BD     		pop	{r7, pc}
 8530              		.cfi_endproc
 8531              	.LFE380:
 8533              		.section	.text.SPI_GetPacketSize,"ax",%progbits
 8534              		.align	1
 8535              		.syntax unified
 8536              		.thumb
 8537              		.thumb_func
 8539              	SPI_GetPacketSize:
 8540              	.LFB381:
3935:HW_Lib/STM32H7/HAL_Lib/STM32H7xx_HAL_Driver/Src/stm32h7xx_hal_spi.c **** 
3936:HW_Lib/STM32H7/HAL_Lib/STM32H7xx_HAL_Driver/Src/stm32h7xx_hal_spi.c **** /**
3937:HW_Lib/STM32H7/HAL_Lib/STM32H7xx_HAL_Driver/Src/stm32h7xx_hal_spi.c ****   * @brief  Compute configured packet size from fifo perspective.
3938:HW_Lib/STM32H7/HAL_Lib/STM32H7xx_HAL_Driver/Src/stm32h7xx_hal_spi.c ****   * @param  hspi: pointer to a SPI_HandleTypeDef structure that contains
3939:HW_Lib/STM32H7/HAL_Lib/STM32H7xx_HAL_Driver/Src/stm32h7xx_hal_spi.c ****   *               the configuration information for SPI module.
3940:HW_Lib/STM32H7/HAL_Lib/STM32H7xx_HAL_Driver/Src/stm32h7xx_hal_spi.c ****   * @retval Packet size occupied in the fifo
3941:HW_Lib/STM32H7/HAL_Lib/STM32H7xx_HAL_Driver/Src/stm32h7xx_hal_spi.c ****   */
3942:HW_Lib/STM32H7/HAL_Lib/STM32H7xx_HAL_Driver/Src/stm32h7xx_hal_spi.c **** static uint32_t SPI_GetPacketSize(SPI_HandleTypeDef *hspi)
3943:HW_Lib/STM32H7/HAL_Lib/STM32H7xx_HAL_Driver/Src/stm32h7xx_hal_spi.c **** {
 8541              		.loc 1 3943 1
 8542              		.cfi_startproc
 8543              		@ args = 0, pretend = 0, frame = 16
 8544              		@ frame_needed = 1, uses_anonymous_args = 0
 8545              		@ link register save eliminated.
 8546 0000 80B4     		push	{r7}
 8547              	.LCFI265:
 8548              		.cfi_def_cfa_offset 4
 8549              		.cfi_offset 7, -4
 8550 0002 85B0     		sub	sp, sp, #20
 8551              	.LCFI266:
 8552              		.cfi_def_cfa_offset 24
 8553 0004 00AF     		add	r7, sp, #0
 8554              	.LCFI267:
 8555              		.cfi_def_cfa_register 7
 8556 0006 7860     		str	r0, [r7, #4]
3944:HW_Lib/STM32H7/HAL_Lib/STM32H7xx_HAL_Driver/Src/stm32h7xx_hal_spi.c ****   uint32_t fifo_threashold = (hspi->Init.FifoThreshold >> SPI_CFG1_FTHLV_Pos) + 1UL;
 8557              		.loc 1 3944 41
 8558 0008 7B68     		ldr	r3, [r7, #4]
 8559 000a DB6B     		ldr	r3, [r3, #60]
 8560              		.loc 1 3944 56
 8561 000c 5B09     		lsrs	r3, r3, #5
 8562              		.loc 1 3944 12
 8563 000e 0133     		adds	r3, r3, #1
 8564 0010 FB60     		str	r3, [r7, #12]
3945:HW_Lib/STM32H7/HAL_Lib/STM32H7xx_HAL_Driver/Src/stm32h7xx_hal_spi.c ****   uint32_t data_size       = (hspi->Init.DataSize      >> SPI_CFG1_DSIZE_Pos) + 1UL;
 8565              		.loc 1 3945 56
 8566 0012 7B68     		ldr	r3, [r7, #4]
 8567 0014 DB68     		ldr	r3, [r3, #12]
 8568              		.loc 1 3945 12
 8569 0016 0133     		adds	r3, r3, #1
 8570 0018 BB60     		str	r3, [r7, #8]
3946:HW_Lib/STM32H7/HAL_Lib/STM32H7xx_HAL_Driver/Src/stm32h7xx_hal_spi.c **** 
ARM GAS  C:\Users\HUAV\AppData\Local\Temp\ccYQlmuE.s 			page 220


3947:HW_Lib/STM32H7/HAL_Lib/STM32H7xx_HAL_Driver/Src/stm32h7xx_hal_spi.c ****   /* Convert data size to Byte */
3948:HW_Lib/STM32H7/HAL_Lib/STM32H7xx_HAL_Driver/Src/stm32h7xx_hal_spi.c ****   data_size = (data_size + 7UL) / 8UL;
 8571              		.loc 1 3948 26
 8572 001a BB68     		ldr	r3, [r7, #8]
 8573 001c 0733     		adds	r3, r3, #7
 8574              		.loc 1 3948 13
 8575 001e DB08     		lsrs	r3, r3, #3
 8576 0020 BB60     		str	r3, [r7, #8]
3949:HW_Lib/STM32H7/HAL_Lib/STM32H7xx_HAL_Driver/Src/stm32h7xx_hal_spi.c **** 
3950:HW_Lib/STM32H7/HAL_Lib/STM32H7xx_HAL_Driver/Src/stm32h7xx_hal_spi.c ****   return data_size * fifo_threashold;
 8577              		.loc 1 3950 20
 8578 0022 BB68     		ldr	r3, [r7, #8]
 8579 0024 FA68     		ldr	r2, [r7, #12]
 8580 0026 02FB03F3 		mul	r3, r2, r3
3951:HW_Lib/STM32H7/HAL_Lib/STM32H7xx_HAL_Driver/Src/stm32h7xx_hal_spi.c **** }
 8581              		.loc 1 3951 1
 8582 002a 1846     		mov	r0, r3
 8583 002c 1437     		adds	r7, r7, #20
 8584              	.LCFI268:
 8585              		.cfi_def_cfa_offset 4
 8586 002e BD46     		mov	sp, r7
 8587              	.LCFI269:
 8588              		.cfi_def_cfa_register 13
 8589              		@ sp needed
 8590 0030 5DF8047B 		ldr	r7, [sp], #4
 8591              	.LCFI270:
 8592              		.cfi_restore 7
 8593              		.cfi_def_cfa_offset 0
 8594 0034 7047     		bx	lr
 8595              		.cfi_endproc
 8596              	.LFE381:
 8598              		.text
 8599              	.Letext0:
 8600              		.file 2 "d:\\hpm-compile-tool\\gcc-arm-none-eabi-10.3-win\\arm-none-eabi\\include\\machine\\_defau
 8601              		.file 3 "d:\\hpm-compile-tool\\gcc-arm-none-eabi-10.3-win\\arm-none-eabi\\include\\sys\\_stdint.h"
 8602              		.file 4 "HW_Lib/STM32H7/HAL_Lib/CMSIS/Device/ST/STM32H7xx/Include/stm32h743xx.h"
 8603              		.file 5 "HW_Lib/STM32H7/HAL_Lib/CMSIS/Device/ST/STM32H7xx/Include/stm32h7xx.h"
 8604              		.file 6 "HW_Lib/STM32H7/HAL_Lib/STM32H7xx_HAL_Driver/Inc/stm32h7xx_hal_def.h"
 8605              		.file 7 "HW_Lib/STM32H7/HAL_Lib/STM32H7xx_HAL_Driver/Inc/stm32h7xx_hal_dma.h"
 8606              		.file 8 "HW_Lib/STM32H7/HAL_Lib/STM32H7xx_HAL_Driver/Inc/stm32h7xx_hal_spi.h"
 8607              		.file 9 "HW_Lib/STM32H7/HAL_Lib/CMSIS/Device/ST/STM32H7xx/Include/system_stm32h7xx.h"
ARM GAS  C:\Users\HUAV\AppData\Local\Temp\ccYQlmuE.s 			page 221


DEFINED SYMBOLS
                            *ABS*:00000000 stm32h7xx_hal_spi.c
C:\Users\HUAV\AppData\Local\Temp\ccYQlmuE.s:19     .text.HAL_SPI_Init:00000000 $t
C:\Users\HUAV\AppData\Local\Temp\ccYQlmuE.s:25     .text.HAL_SPI_Init:00000000 HAL_SPI_Init
C:\Users\HUAV\AppData\Local\Temp\ccYQlmuE.s:8539   .text.SPI_GetPacketSize:00000000 SPI_GetPacketSize
C:\Users\HUAV\AppData\Local\Temp\ccYQlmuE.s:442    .text.HAL_SPI_MspInit:00000000 HAL_SPI_MspInit
C:\Users\HUAV\AppData\Local\Temp\ccYQlmuE.s:353    .text.HAL_SPI_Init:00000200 $d
C:\Users\HUAV\AppData\Local\Temp\ccYQlmuE.s:360    .text.HAL_SPI_DeInit:00000000 $t
C:\Users\HUAV\AppData\Local\Temp\ccYQlmuE.s:366    .text.HAL_SPI_DeInit:00000000 HAL_SPI_DeInit
C:\Users\HUAV\AppData\Local\Temp\ccYQlmuE.s:484    .text.HAL_SPI_MspDeInit:00000000 HAL_SPI_MspDeInit
C:\Users\HUAV\AppData\Local\Temp\ccYQlmuE.s:436    .text.HAL_SPI_MspInit:00000000 $t
C:\Users\HUAV\AppData\Local\Temp\ccYQlmuE.s:478    .text.HAL_SPI_MspDeInit:00000000 $t
C:\Users\HUAV\AppData\Local\Temp\ccYQlmuE.s:520    .text.HAL_SPI_Transmit:00000000 $t
C:\Users\HUAV\AppData\Local\Temp\ccYQlmuE.s:526    .text.HAL_SPI_Transmit:00000000 HAL_SPI_Transmit
C:\Users\HUAV\AppData\Local\Temp\ccYQlmuE.s:8251   .text.SPI_CloseTransfer:00000000 SPI_CloseTransfer
C:\Users\HUAV\AppData\Local\Temp\ccYQlmuE.s:1040   .text.HAL_SPI_Transmit:00000334 $d
C:\Users\HUAV\AppData\Local\Temp\ccYQlmuE.s:1043   .text.HAL_SPI_Transmit:00000338 $t
C:\Users\HUAV\AppData\Local\Temp\ccYQlmuE.s:8449   .text.SPI_WaitOnFlagUntilTimeout:00000000 SPI_WaitOnFlagUntilTimeout
C:\Users\HUAV\AppData\Local\Temp\ccYQlmuE.s:1148   .text.HAL_SPI_Receive:00000000 $t
C:\Users\HUAV\AppData\Local\Temp\ccYQlmuE.s:1154   .text.HAL_SPI_Receive:00000000 HAL_SPI_Receive
C:\Users\HUAV\AppData\Local\Temp\ccYQlmuE.s:1792   .text.HAL_SPI_TransmitReceive:00000000 HAL_SPI_TransmitReceive
C:\Users\HUAV\AppData\Local\Temp\ccYQlmuE.s:1697   .text.HAL_SPI_Receive:0000035c $d
C:\Users\HUAV\AppData\Local\Temp\ccYQlmuE.s:1700   .text.HAL_SPI_Receive:00000360 $t
C:\Users\HUAV\AppData\Local\Temp\ccYQlmuE.s:1786   .text.HAL_SPI_TransmitReceive:00000000 $t
C:\Users\HUAV\AppData\Local\Temp\ccYQlmuE.s:2286   .text.HAL_SPI_TransmitReceive:0000030c $d
C:\Users\HUAV\AppData\Local\Temp\ccYQlmuE.s:2289   .text.HAL_SPI_TransmitReceive:00000310 $t
C:\Users\HUAV\AppData\Local\Temp\ccYQlmuE.s:2723   .text.HAL_SPI_Transmit_IT:00000000 $t
C:\Users\HUAV\AppData\Local\Temp\ccYQlmuE.s:2729   .text.HAL_SPI_Transmit_IT:00000000 HAL_SPI_Transmit_IT
C:\Users\HUAV\AppData\Local\Temp\ccYQlmuE.s:2951   .text.HAL_SPI_Transmit_IT:00000148 $d
C:\Users\HUAV\AppData\Local\Temp\ccYQlmuE.s:8035   .text.SPI_TxISR_32BIT:00000000 SPI_TxISR_32BIT
C:\Users\HUAV\AppData\Local\Temp\ccYQlmuE.s:7949   .text.SPI_TxISR_16BIT:00000000 SPI_TxISR_16BIT
C:\Users\HUAV\AppData\Local\Temp\ccYQlmuE.s:7865   .text.SPI_TxISR_8BIT:00000000 SPI_TxISR_8BIT
C:\Users\HUAV\AppData\Local\Temp\ccYQlmuE.s:2959   .text.HAL_SPI_Receive_IT:00000000 $t
C:\Users\HUAV\AppData\Local\Temp\ccYQlmuE.s:2965   .text.HAL_SPI_Receive_IT:00000000 HAL_SPI_Receive_IT
C:\Users\HUAV\AppData\Local\Temp\ccYQlmuE.s:3222   .text.HAL_SPI_TransmitReceive_IT:00000000 HAL_SPI_TransmitReceive_IT
C:\Users\HUAV\AppData\Local\Temp\ccYQlmuE.s:3208   .text.HAL_SPI_Receive_IT:00000170 $d
C:\Users\HUAV\AppData\Local\Temp\ccYQlmuE.s:7783   .text.SPI_RxISR_32BIT:00000000 SPI_RxISR_32BIT
C:\Users\HUAV\AppData\Local\Temp\ccYQlmuE.s:7696   .text.SPI_RxISR_16BIT:00000000 SPI_RxISR_16BIT
C:\Users\HUAV\AppData\Local\Temp\ccYQlmuE.s:7611   .text.SPI_RxISR_8BIT:00000000 SPI_RxISR_8BIT
C:\Users\HUAV\AppData\Local\Temp\ccYQlmuE.s:3216   .text.HAL_SPI_TransmitReceive_IT:00000000 $t
C:\Users\HUAV\AppData\Local\Temp\ccYQlmuE.s:3764   .text.HAL_SPI_TransmitReceive_IT:00000338 $d
C:\Users\HUAV\AppData\Local\Temp\ccYQlmuE.s:3775   .text.HAL_SPI_Transmit_DMA:00000000 $t
C:\Users\HUAV\AppData\Local\Temp\ccYQlmuE.s:3781   .text.HAL_SPI_Transmit_DMA:00000000 HAL_SPI_Transmit_DMA
C:\Users\HUAV\AppData\Local\Temp\ccYQlmuE.s:4204   .text.HAL_SPI_Transmit_DMA:00000284 $d
C:\Users\HUAV\AppData\Local\Temp\ccYQlmuE.s:7206   .text.SPI_DMAHalfTransmitCplt:00000000 SPI_DMAHalfTransmitCplt
C:\Users\HUAV\AppData\Local\Temp\ccYQlmuE.s:6993   .text.SPI_DMATransmitCplt:00000000 SPI_DMATransmitCplt
C:\Users\HUAV\AppData\Local\Temp\ccYQlmuE.s:7338   .text.SPI_DMAError:00000000 SPI_DMAError
C:\Users\HUAV\AppData\Local\Temp\ccYQlmuE.s:4212   .text.HAL_SPI_Receive_DMA:00000000 $t
C:\Users\HUAV\AppData\Local\Temp\ccYQlmuE.s:4218   .text.HAL_SPI_Receive_DMA:00000000 HAL_SPI_Receive_DMA
C:\Users\HUAV\AppData\Local\Temp\ccYQlmuE.s:4676   .text.HAL_SPI_TransmitReceive_DMA:00000000 HAL_SPI_TransmitReceive_DMA
C:\Users\HUAV\AppData\Local\Temp\ccYQlmuE.s:4662   .text.HAL_SPI_Receive_DMA:000002a8 $d
C:\Users\HUAV\AppData\Local\Temp\ccYQlmuE.s:7250   .text.SPI_DMAHalfReceiveCplt:00000000 SPI_DMAHalfReceiveCplt
C:\Users\HUAV\AppData\Local\Temp\ccYQlmuE.s:7064   .text.SPI_DMAReceiveCplt:00000000 SPI_DMAReceiveCplt
C:\Users\HUAV\AppData\Local\Temp\ccYQlmuE.s:4670   .text.HAL_SPI_TransmitReceive_DMA:00000000 $t
C:\Users\HUAV\AppData\Local\Temp\ccYQlmuE.s:5279   .text.HAL_SPI_TransmitReceive_DMA:00000394 $d
C:\Users\HUAV\AppData\Local\Temp\ccYQlmuE.s:7294   .text.SPI_DMAHalfTransmitReceiveCplt:00000000 SPI_DMAHalfTransmitReceiveCplt
C:\Users\HUAV\AppData\Local\Temp\ccYQlmuE.s:7135   .text.SPI_DMATransmitReceiveCplt:00000000 SPI_DMATransmitReceiveCplt
ARM GAS  C:\Users\HUAV\AppData\Local\Temp\ccYQlmuE.s 			page 222


C:\Users\HUAV\AppData\Local\Temp\ccYQlmuE.s:5289   .text.HAL_SPI_Abort:00000000 $t
C:\Users\HUAV\AppData\Local\Temp\ccYQlmuE.s:5295   .text.HAL_SPI_Abort:00000000 HAL_SPI_Abort
C:\Users\HUAV\AppData\Local\Temp\ccYQlmuE.s:8117   .text.SPI_AbortTransfer:00000000 SPI_AbortTransfer
C:\Users\HUAV\AppData\Local\Temp\ccYQlmuE.s:5517   .text.HAL_SPI_Abort:00000154 $d
C:\Users\HUAV\AppData\Local\Temp\ccYQlmuE.s:5523   .text.HAL_SPI_Abort_IT:00000000 $t
C:\Users\HUAV\AppData\Local\Temp\ccYQlmuE.s:5529   .text.HAL_SPI_Abort_IT:00000000 HAL_SPI_Abort_IT
C:\Users\HUAV\AppData\Local\Temp\ccYQlmuE.s:6861   .text.HAL_SPI_AbortCpltCallback:00000000 HAL_SPI_AbortCpltCallback
C:\Users\HUAV\AppData\Local\Temp\ccYQlmuE.s:5783   .text.HAL_SPI_Abort_IT:00000174 $d
C:\Users\HUAV\AppData\Local\Temp\ccYQlmuE.s:7459   .text.SPI_DMATxAbortCallback:00000000 SPI_DMATxAbortCallback
C:\Users\HUAV\AppData\Local\Temp\ccYQlmuE.s:7535   .text.SPI_DMARxAbortCallback:00000000 SPI_DMARxAbortCallback
C:\Users\HUAV\AppData\Local\Temp\ccYQlmuE.s:5791   .text.HAL_SPI_DMAPause:00000000 $t
C:\Users\HUAV\AppData\Local\Temp\ccYQlmuE.s:5797   .text.HAL_SPI_DMAPause:00000000 HAL_SPI_DMAPause
C:\Users\HUAV\AppData\Local\Temp\ccYQlmuE.s:5841   .text.HAL_SPI_DMAResume:00000000 $t
C:\Users\HUAV\AppData\Local\Temp\ccYQlmuE.s:5847   .text.HAL_SPI_DMAResume:00000000 HAL_SPI_DMAResume
C:\Users\HUAV\AppData\Local\Temp\ccYQlmuE.s:5891   .text.HAL_SPI_DMAStop:00000000 $t
C:\Users\HUAV\AppData\Local\Temp\ccYQlmuE.s:5897   .text.HAL_SPI_DMAStop:00000000 HAL_SPI_DMAStop
C:\Users\HUAV\AppData\Local\Temp\ccYQlmuE.s:5941   .text.HAL_SPI_IRQHandler:00000000 $t
C:\Users\HUAV\AppData\Local\Temp\ccYQlmuE.s:5947   .text.HAL_SPI_IRQHandler:00000000 HAL_SPI_IRQHandler
C:\Users\HUAV\AppData\Local\Temp\ccYQlmuE.s:6819   .text.HAL_SPI_ErrorCallback:00000000 HAL_SPI_ErrorCallback
C:\Users\HUAV\AppData\Local\Temp\ccYQlmuE.s:6651   .text.HAL_SPI_TxRxCpltCallback:00000000 HAL_SPI_TxRxCpltCallback
C:\Users\HUAV\AppData\Local\Temp\ccYQlmuE.s:6609   .text.HAL_SPI_RxCpltCallback:00000000 HAL_SPI_RxCpltCallback
C:\Users\HUAV\AppData\Local\Temp\ccYQlmuE.s:6567   .text.HAL_SPI_TxCpltCallback:00000000 HAL_SPI_TxCpltCallback
C:\Users\HUAV\AppData\Local\Temp\ccYQlmuE.s:6555   .text.HAL_SPI_IRQHandler:000003b8 $d
C:\Users\HUAV\AppData\Local\Temp\ccYQlmuE.s:7403   .text.SPI_DMAAbortOnError:00000000 SPI_DMAAbortOnError
C:\Users\HUAV\AppData\Local\Temp\ccYQlmuE.s:6561   .text.HAL_SPI_TxCpltCallback:00000000 $t
C:\Users\HUAV\AppData\Local\Temp\ccYQlmuE.s:6603   .text.HAL_SPI_RxCpltCallback:00000000 $t
C:\Users\HUAV\AppData\Local\Temp\ccYQlmuE.s:6645   .text.HAL_SPI_TxRxCpltCallback:00000000 $t
C:\Users\HUAV\AppData\Local\Temp\ccYQlmuE.s:6687   .text.HAL_SPI_TxHalfCpltCallback:00000000 $t
C:\Users\HUAV\AppData\Local\Temp\ccYQlmuE.s:6693   .text.HAL_SPI_TxHalfCpltCallback:00000000 HAL_SPI_TxHalfCpltCallback
C:\Users\HUAV\AppData\Local\Temp\ccYQlmuE.s:6729   .text.HAL_SPI_RxHalfCpltCallback:00000000 $t
C:\Users\HUAV\AppData\Local\Temp\ccYQlmuE.s:6735   .text.HAL_SPI_RxHalfCpltCallback:00000000 HAL_SPI_RxHalfCpltCallback
C:\Users\HUAV\AppData\Local\Temp\ccYQlmuE.s:6771   .text.HAL_SPI_TxRxHalfCpltCallback:00000000 $t
C:\Users\HUAV\AppData\Local\Temp\ccYQlmuE.s:6777   .text.HAL_SPI_TxRxHalfCpltCallback:00000000 HAL_SPI_TxRxHalfCpltCallback
C:\Users\HUAV\AppData\Local\Temp\ccYQlmuE.s:6813   .text.HAL_SPI_ErrorCallback:00000000 $t
C:\Users\HUAV\AppData\Local\Temp\ccYQlmuE.s:6855   .text.HAL_SPI_AbortCpltCallback:00000000 $t
C:\Users\HUAV\AppData\Local\Temp\ccYQlmuE.s:6897   .text.HAL_SPI_GetState:00000000 $t
C:\Users\HUAV\AppData\Local\Temp\ccYQlmuE.s:6903   .text.HAL_SPI_GetState:00000000 HAL_SPI_GetState
C:\Users\HUAV\AppData\Local\Temp\ccYQlmuE.s:6943   .text.HAL_SPI_GetError:00000000 $t
C:\Users\HUAV\AppData\Local\Temp\ccYQlmuE.s:6949   .text.HAL_SPI_GetError:00000000 HAL_SPI_GetError
C:\Users\HUAV\AppData\Local\Temp\ccYQlmuE.s:6988   .text.SPI_DMATransmitCplt:00000000 $t
C:\Users\HUAV\AppData\Local\Temp\ccYQlmuE.s:7059   .text.SPI_DMAReceiveCplt:00000000 $t
C:\Users\HUAV\AppData\Local\Temp\ccYQlmuE.s:7130   .text.SPI_DMATransmitReceiveCplt:00000000 $t
C:\Users\HUAV\AppData\Local\Temp\ccYQlmuE.s:7201   .text.SPI_DMAHalfTransmitCplt:00000000 $t
C:\Users\HUAV\AppData\Local\Temp\ccYQlmuE.s:7245   .text.SPI_DMAHalfReceiveCplt:00000000 $t
C:\Users\HUAV\AppData\Local\Temp\ccYQlmuE.s:7289   .text.SPI_DMAHalfTransmitReceiveCplt:00000000 $t
C:\Users\HUAV\AppData\Local\Temp\ccYQlmuE.s:7333   .text.SPI_DMAError:00000000 $t
C:\Users\HUAV\AppData\Local\Temp\ccYQlmuE.s:7398   .text.SPI_DMAAbortOnError:00000000 $t
C:\Users\HUAV\AppData\Local\Temp\ccYQlmuE.s:7454   .text.SPI_DMATxAbortCallback:00000000 $t
C:\Users\HUAV\AppData\Local\Temp\ccYQlmuE.s:7530   .text.SPI_DMARxAbortCallback:00000000 $t
C:\Users\HUAV\AppData\Local\Temp\ccYQlmuE.s:7606   .text.SPI_RxISR_8BIT:00000000 $t
C:\Users\HUAV\AppData\Local\Temp\ccYQlmuE.s:7691   .text.SPI_RxISR_16BIT:00000000 $t
C:\Users\HUAV\AppData\Local\Temp\ccYQlmuE.s:7778   .text.SPI_RxISR_32BIT:00000000 $t
C:\Users\HUAV\AppData\Local\Temp\ccYQlmuE.s:7860   .text.SPI_TxISR_8BIT:00000000 $t
C:\Users\HUAV\AppData\Local\Temp\ccYQlmuE.s:7944   .text.SPI_TxISR_16BIT:00000000 $t
C:\Users\HUAV\AppData\Local\Temp\ccYQlmuE.s:8030   .text.SPI_TxISR_32BIT:00000000 $t
C:\Users\HUAV\AppData\Local\Temp\ccYQlmuE.s:8112   .text.SPI_AbortTransfer:00000000 $t
C:\Users\HUAV\AppData\Local\Temp\ccYQlmuE.s:8241   .text.SPI_AbortTransfer:000000c4 $d
ARM GAS  C:\Users\HUAV\AppData\Local\Temp\ccYQlmuE.s 			page 223


C:\Users\HUAV\AppData\Local\Temp\ccYQlmuE.s:8246   .text.SPI_CloseTransfer:00000000 $t
C:\Users\HUAV\AppData\Local\Temp\ccYQlmuE.s:8439   .text.SPI_CloseTransfer:0000013c $d
C:\Users\HUAV\AppData\Local\Temp\ccYQlmuE.s:8444   .text.SPI_WaitOnFlagUntilTimeout:00000000 $t
C:\Users\HUAV\AppData\Local\Temp\ccYQlmuE.s:8534   .text.SPI_GetPacketSize:00000000 $t

UNDEFINED SYMBOLS
HAL_GetTick
HAL_DMA_Start_IT
HAL_DMA_Abort
HAL_DMA_GetError
SystemCoreClock
HAL_DMA_Abort_IT
