ARM GAS  C:\Users\HUAV\AppData\Local\Temp\ccoKuDbb.s 			page 1


   1              		.cpu cortex-m7
   2              		.arch armv7e-m
   3              		.fpu fpv5-d16
   4              		.eabi_attribute 28, 1
   5              		.eabi_attribute 20, 1
   6              		.eabi_attribute 21, 1
   7              		.eabi_attribute 23, 3
   8              		.eabi_attribute 24, 1
   9              		.eabi_attribute 25, 1
  10              		.eabi_attribute 26, 1
  11              		.eabi_attribute 30, 6
  12              		.eabi_attribute 34, 1
  13              		.eabi_attribute 18, 4
  14              		.file	"stm32h7xx_hal_pwr.c"
  15              		.text
  16              	.Ltext0:
  17              		.cfi_sections	.debug_frame
  18              		.section	.text.HAL_PWR_DeInit,"ax",%progbits
  19              		.align	1
  20              		.global	HAL_PWR_DeInit
  21              		.syntax unified
  22              		.thumb
  23              		.thumb_func
  25              	HAL_PWR_DeInit:
  26              	.LFB333:
  27              		.file 1 "HW_Lib/STM32H7/HAL_Lib/STM32H7xx_HAL_Driver/Src/stm32h7xx_hal_pwr.c"
   1:HW_Lib/STM32H7/HAL_Lib/STM32H7xx_HAL_Driver/Src/stm32h7xx_hal_pwr.c **** /**
   2:HW_Lib/STM32H7/HAL_Lib/STM32H7xx_HAL_Driver/Src/stm32h7xx_hal_pwr.c ****   ******************************************************************************
   3:HW_Lib/STM32H7/HAL_Lib/STM32H7xx_HAL_Driver/Src/stm32h7xx_hal_pwr.c ****   * @file    stm32h7xx_hal_pwr.c
   4:HW_Lib/STM32H7/HAL_Lib/STM32H7xx_HAL_Driver/Src/stm32h7xx_hal_pwr.c ****   * @author  MCD Application Team
   5:HW_Lib/STM32H7/HAL_Lib/STM32H7xx_HAL_Driver/Src/stm32h7xx_hal_pwr.c ****   * @brief   PWR HAL module driver.
   6:HW_Lib/STM32H7/HAL_Lib/STM32H7xx_HAL_Driver/Src/stm32h7xx_hal_pwr.c ****   *          This file provides firmware functions to manage the following
   7:HW_Lib/STM32H7/HAL_Lib/STM32H7xx_HAL_Driver/Src/stm32h7xx_hal_pwr.c ****   *          functionalities of the Power Controller (PWR) peripheral:
   8:HW_Lib/STM32H7/HAL_Lib/STM32H7xx_HAL_Driver/Src/stm32h7xx_hal_pwr.c ****   *           + Initialization and de-initialization functions.
   9:HW_Lib/STM32H7/HAL_Lib/STM32H7xx_HAL_Driver/Src/stm32h7xx_hal_pwr.c ****   *           + Peripheral Control functions.
  10:HW_Lib/STM32H7/HAL_Lib/STM32H7xx_HAL_Driver/Src/stm32h7xx_hal_pwr.c ****   *           + Interrupt Handling functions.
  11:HW_Lib/STM32H7/HAL_Lib/STM32H7xx_HAL_Driver/Src/stm32h7xx_hal_pwr.c ****   ******************************************************************************
  12:HW_Lib/STM32H7/HAL_Lib/STM32H7xx_HAL_Driver/Src/stm32h7xx_hal_pwr.c ****   * @attention
  13:HW_Lib/STM32H7/HAL_Lib/STM32H7xx_HAL_Driver/Src/stm32h7xx_hal_pwr.c ****   *
  14:HW_Lib/STM32H7/HAL_Lib/STM32H7xx_HAL_Driver/Src/stm32h7xx_hal_pwr.c ****   * Copyright (c) 2017 STMicroelectronics.
  15:HW_Lib/STM32H7/HAL_Lib/STM32H7xx_HAL_Driver/Src/stm32h7xx_hal_pwr.c ****   * All rights reserved.
  16:HW_Lib/STM32H7/HAL_Lib/STM32H7xx_HAL_Driver/Src/stm32h7xx_hal_pwr.c ****   *
  17:HW_Lib/STM32H7/HAL_Lib/STM32H7xx_HAL_Driver/Src/stm32h7xx_hal_pwr.c ****   * This software is licensed under terms that can be found in the LICENSE file
  18:HW_Lib/STM32H7/HAL_Lib/STM32H7xx_HAL_Driver/Src/stm32h7xx_hal_pwr.c ****   * in the root directory of this software component.
  19:HW_Lib/STM32H7/HAL_Lib/STM32H7xx_HAL_Driver/Src/stm32h7xx_hal_pwr.c ****   * If no LICENSE file comes with this software, it is provided AS-IS.
  20:HW_Lib/STM32H7/HAL_Lib/STM32H7xx_HAL_Driver/Src/stm32h7xx_hal_pwr.c ****   *
  21:HW_Lib/STM32H7/HAL_Lib/STM32H7xx_HAL_Driver/Src/stm32h7xx_hal_pwr.c ****   ******************************************************************************
  22:HW_Lib/STM32H7/HAL_Lib/STM32H7xx_HAL_Driver/Src/stm32h7xx_hal_pwr.c ****   @verbatim
  23:HW_Lib/STM32H7/HAL_Lib/STM32H7xx_HAL_Driver/Src/stm32h7xx_hal_pwr.c ****   ==============================================================================
  24:HW_Lib/STM32H7/HAL_Lib/STM32H7xx_HAL_Driver/Src/stm32h7xx_hal_pwr.c ****                         ##### PWR peripheral overview #####
  25:HW_Lib/STM32H7/HAL_Lib/STM32H7xx_HAL_Driver/Src/stm32h7xx_hal_pwr.c ****   ==============================================================================
  26:HW_Lib/STM32H7/HAL_Lib/STM32H7xx_HAL_Driver/Src/stm32h7xx_hal_pwr.c ****   [..]
  27:HW_Lib/STM32H7/HAL_Lib/STM32H7xx_HAL_Driver/Src/stm32h7xx_hal_pwr.c ****    (#) The Power control (PWR) provides an overview of the supply architecture
  28:HW_Lib/STM32H7/HAL_Lib/STM32H7xx_HAL_Driver/Src/stm32h7xx_hal_pwr.c ****        for the different power domains and of the supply configuration
  29:HW_Lib/STM32H7/HAL_Lib/STM32H7xx_HAL_Driver/Src/stm32h7xx_hal_pwr.c ****        controller.
  30:HW_Lib/STM32H7/HAL_Lib/STM32H7xx_HAL_Driver/Src/stm32h7xx_hal_pwr.c ****        In the H7 family, the number of power domains is different between
  31:HW_Lib/STM32H7/HAL_Lib/STM32H7xx_HAL_Driver/Src/stm32h7xx_hal_pwr.c ****        device lines. This difference is due to characteristics of each device.
ARM GAS  C:\Users\HUAV\AppData\Local\Temp\ccoKuDbb.s 			page 2


  32:HW_Lib/STM32H7/HAL_Lib/STM32H7xx_HAL_Driver/Src/stm32h7xx_hal_pwr.c **** 
  33:HW_Lib/STM32H7/HAL_Lib/STM32H7xx_HAL_Driver/Src/stm32h7xx_hal_pwr.c ****    (#) Domain architecture overview for the different H7 lines:
  34:HW_Lib/STM32H7/HAL_Lib/STM32H7xx_HAL_Driver/Src/stm32h7xx_hal_pwr.c ****       (+) Dual core lines are STM32H745, STM32H747, STM32H755 and STM32H757.
  35:HW_Lib/STM32H7/HAL_Lib/STM32H7xx_HAL_Driver/Src/stm32h7xx_hal_pwr.c ****           These devices have 3 power domains (D1, D2 and D3).
  36:HW_Lib/STM32H7/HAL_Lib/STM32H7xx_HAL_Driver/Src/stm32h7xx_hal_pwr.c ****           The domain D1 contains a CPU (Cortex-M7), a Flash memory and some
  37:HW_Lib/STM32H7/HAL_Lib/STM32H7xx_HAL_Driver/Src/stm32h7xx_hal_pwr.c ****           peripherals. The D2 domain contains peripherals and a CPU
  38:HW_Lib/STM32H7/HAL_Lib/STM32H7xx_HAL_Driver/Src/stm32h7xx_hal_pwr.c ****           (Cortex-M4). The D3 domain contains the system control, I/O logic
  39:HW_Lib/STM32H7/HAL_Lib/STM32H7xx_HAL_Driver/Src/stm32h7xx_hal_pwr.c ****           and low-power peripherals.
  40:HW_Lib/STM32H7/HAL_Lib/STM32H7xx_HAL_Driver/Src/stm32h7xx_hal_pwr.c ****       (+) STM32H72x, STM32H73x, STM32H742, STM32H743, STM32H750 and STM32H753 
  41:HW_Lib/STM32H7/HAL_Lib/STM32H7xx_HAL_Driver/Src/stm32h7xx_hal_pwr.c ****           devices have 3 power domains (D1, D2 and D3).
  42:HW_Lib/STM32H7/HAL_Lib/STM32H7xx_HAL_Driver/Src/stm32h7xx_hal_pwr.c ****           The domain D1 contains a CPU (Cortex-M7), a Flash memory and some
  43:HW_Lib/STM32H7/HAL_Lib/STM32H7xx_HAL_Driver/Src/stm32h7xx_hal_pwr.c ****           peripherals. The D2 domain contains peripherals. The D3 domains
  44:HW_Lib/STM32H7/HAL_Lib/STM32H7xx_HAL_Driver/Src/stm32h7xx_hal_pwr.c ****           contains the system control, I/O logic and low-power peripherals.
  45:HW_Lib/STM32H7/HAL_Lib/STM32H7xx_HAL_Driver/Src/stm32h7xx_hal_pwr.c ****       (+) STM32H7Axxx and STM32H7Bxxx devices have 2 power domains (CD and SRD).
  46:HW_Lib/STM32H7/HAL_Lib/STM32H7xx_HAL_Driver/Src/stm32h7xx_hal_pwr.c ****           The core domain (CD) contains a CPU (Cortex-M7), a Flash
  47:HW_Lib/STM32H7/HAL_Lib/STM32H7xx_HAL_Driver/Src/stm32h7xx_hal_pwr.c ****           memory and peripherals. The SmartRun domain contains the system
  48:HW_Lib/STM32H7/HAL_Lib/STM32H7xx_HAL_Driver/Src/stm32h7xx_hal_pwr.c ****           control, I/O logic and low-power peripherals.
  49:HW_Lib/STM32H7/HAL_Lib/STM32H7xx_HAL_Driver/Src/stm32h7xx_hal_pwr.c **** 
  50:HW_Lib/STM32H7/HAL_Lib/STM32H7xx_HAL_Driver/Src/stm32h7xx_hal_pwr.c ****    (#) Every entity have low power mode as described below :
  51:HW_Lib/STM32H7/HAL_Lib/STM32H7xx_HAL_Driver/Src/stm32h7xx_hal_pwr.c ****    (#) The CPU low power modes are :
  52:HW_Lib/STM32H7/HAL_Lib/STM32H7xx_HAL_Driver/Src/stm32h7xx_hal_pwr.c ****       (+) CPU CRUN.
  53:HW_Lib/STM32H7/HAL_Lib/STM32H7xx_HAL_Driver/Src/stm32h7xx_hal_pwr.c ****       (+) CPU CSLEEP.
  54:HW_Lib/STM32H7/HAL_Lib/STM32H7xx_HAL_Driver/Src/stm32h7xx_hal_pwr.c ****       (+) CPU CSTOP.
  55:HW_Lib/STM32H7/HAL_Lib/STM32H7xx_HAL_Driver/Src/stm32h7xx_hal_pwr.c ****    (#) The domain low power modes are :
  56:HW_Lib/STM32H7/HAL_Lib/STM32H7xx_HAL_Driver/Src/stm32h7xx_hal_pwr.c ****       (+) DRUN.
  57:HW_Lib/STM32H7/HAL_Lib/STM32H7xx_HAL_Driver/Src/stm32h7xx_hal_pwr.c ****       (+) DSTOP.
  58:HW_Lib/STM32H7/HAL_Lib/STM32H7xx_HAL_Driver/Src/stm32h7xx_hal_pwr.c ****       (+) DSTANDBY.
  59:HW_Lib/STM32H7/HAL_Lib/STM32H7xx_HAL_Driver/Src/stm32h7xx_hal_pwr.c ****    (#) The SYSTEM low power modes are :
  60:HW_Lib/STM32H7/HAL_Lib/STM32H7xx_HAL_Driver/Src/stm32h7xx_hal_pwr.c ****       (+) RUN* : The Run* mode is entered after a POR reset and a wakeup from
  61:HW_Lib/STM32H7/HAL_Lib/STM32H7xx_HAL_Driver/Src/stm32h7xx_hal_pwr.c ****                  Standby. In Run* mode, the performance is limited and the
  62:HW_Lib/STM32H7/HAL_Lib/STM32H7xx_HAL_Driver/Src/stm32h7xx_hal_pwr.c ****                  system supply configuration shall be programmed. The system
  63:HW_Lib/STM32H7/HAL_Lib/STM32H7xx_HAL_Driver/Src/stm32h7xx_hal_pwr.c ****                  enters Run mode only when the ACTVOSRDY bit in PWR control
  64:HW_Lib/STM32H7/HAL_Lib/STM32H7xx_HAL_Driver/Src/stm32h7xx_hal_pwr.c ****                  status register 1 (PWR_CSR1) is set to 1.
  65:HW_Lib/STM32H7/HAL_Lib/STM32H7xx_HAL_Driver/Src/stm32h7xx_hal_pwr.c ****       (+) RUN.
  66:HW_Lib/STM32H7/HAL_Lib/STM32H7xx_HAL_Driver/Src/stm32h7xx_hal_pwr.c ****       (+) STOP.
  67:HW_Lib/STM32H7/HAL_Lib/STM32H7xx_HAL_Driver/Src/stm32h7xx_hal_pwr.c ****       (+) STANDBY.
  68:HW_Lib/STM32H7/HAL_Lib/STM32H7xx_HAL_Driver/Src/stm32h7xx_hal_pwr.c **** 
  69:HW_Lib/STM32H7/HAL_Lib/STM32H7xx_HAL_Driver/Src/stm32h7xx_hal_pwr.c ****   ==============================================================================
  70:HW_Lib/STM32H7/HAL_Lib/STM32H7xx_HAL_Driver/Src/stm32h7xx_hal_pwr.c ****                         ##### How to use this driver #####
  71:HW_Lib/STM32H7/HAL_Lib/STM32H7xx_HAL_Driver/Src/stm32h7xx_hal_pwr.c ****   ==============================================================================
  72:HW_Lib/STM32H7/HAL_Lib/STM32H7xx_HAL_Driver/Src/stm32h7xx_hal_pwr.c ****   [..]
  73:HW_Lib/STM32H7/HAL_Lib/STM32H7xx_HAL_Driver/Src/stm32h7xx_hal_pwr.c ****    (#) Power management peripheral is active by default at startup level in
  74:HW_Lib/STM32H7/HAL_Lib/STM32H7xx_HAL_Driver/Src/stm32h7xx_hal_pwr.c ****        STM32h7xx lines.
  75:HW_Lib/STM32H7/HAL_Lib/STM32H7xx_HAL_Driver/Src/stm32h7xx_hal_pwr.c **** 
  76:HW_Lib/STM32H7/HAL_Lib/STM32H7xx_HAL_Driver/Src/stm32h7xx_hal_pwr.c ****    (#) Call HAL_PWR_EnableBkUpAccess() and HAL_PWR_DisableBkUpAccess() functions
  77:HW_Lib/STM32H7/HAL_Lib/STM32H7xx_HAL_Driver/Src/stm32h7xx_hal_pwr.c ****        to enable/disable access to the backup domain (RTC registers, RTC backup
  78:HW_Lib/STM32H7/HAL_Lib/STM32H7xx_HAL_Driver/Src/stm32h7xx_hal_pwr.c ****        data registers and backup SRAM).
  79:HW_Lib/STM32H7/HAL_Lib/STM32H7xx_HAL_Driver/Src/stm32h7xx_hal_pwr.c **** 
  80:HW_Lib/STM32H7/HAL_Lib/STM32H7xx_HAL_Driver/Src/stm32h7xx_hal_pwr.c ****    (#) Call HAL_PWR_ConfigPVD() after setting parameters to be configured (event
  81:HW_Lib/STM32H7/HAL_Lib/STM32H7xx_HAL_Driver/Src/stm32h7xx_hal_pwr.c ****        mode and voltage threshold) in order to set up the Power Voltage Detector,
  82:HW_Lib/STM32H7/HAL_Lib/STM32H7xx_HAL_Driver/Src/stm32h7xx_hal_pwr.c ****        then use HAL_PWR_EnablePVD() and  HAL_PWR_DisablePVD() functions to start
  83:HW_Lib/STM32H7/HAL_Lib/STM32H7xx_HAL_Driver/Src/stm32h7xx_hal_pwr.c ****        and stop the PVD detection.
  84:HW_Lib/STM32H7/HAL_Lib/STM32H7xx_HAL_Driver/Src/stm32h7xx_hal_pwr.c ****        (+) PVD level could be one of the following values :
  85:HW_Lib/STM32H7/HAL_Lib/STM32H7xx_HAL_Driver/Src/stm32h7xx_hal_pwr.c ****              (++) 1V95
  86:HW_Lib/STM32H7/HAL_Lib/STM32H7xx_HAL_Driver/Src/stm32h7xx_hal_pwr.c ****              (++) 2V1
  87:HW_Lib/STM32H7/HAL_Lib/STM32H7xx_HAL_Driver/Src/stm32h7xx_hal_pwr.c ****              (++) 2V25
  88:HW_Lib/STM32H7/HAL_Lib/STM32H7xx_HAL_Driver/Src/stm32h7xx_hal_pwr.c ****              (++) 2V4
ARM GAS  C:\Users\HUAV\AppData\Local\Temp\ccoKuDbb.s 			page 3


  89:HW_Lib/STM32H7/HAL_Lib/STM32H7xx_HAL_Driver/Src/stm32h7xx_hal_pwr.c ****              (++) 2V55
  90:HW_Lib/STM32H7/HAL_Lib/STM32H7xx_HAL_Driver/Src/stm32h7xx_hal_pwr.c ****              (++) 2V7
  91:HW_Lib/STM32H7/HAL_Lib/STM32H7xx_HAL_Driver/Src/stm32h7xx_hal_pwr.c ****              (++) 2V85
  92:HW_Lib/STM32H7/HAL_Lib/STM32H7xx_HAL_Driver/Src/stm32h7xx_hal_pwr.c ****              (++) External voltage level
  93:HW_Lib/STM32H7/HAL_Lib/STM32H7xx_HAL_Driver/Src/stm32h7xx_hal_pwr.c **** 
  94:HW_Lib/STM32H7/HAL_Lib/STM32H7xx_HAL_Driver/Src/stm32h7xx_hal_pwr.c ****    (#) Call HAL_PWR_EnableWakeUpPin() and HAL_PWR_DisableWakeUpPin() functions
  95:HW_Lib/STM32H7/HAL_Lib/STM32H7xx_HAL_Driver/Src/stm32h7xx_hal_pwr.c ****        with the right parameter to configure the wake up pin polarity (Low or
  96:HW_Lib/STM32H7/HAL_Lib/STM32H7xx_HAL_Driver/Src/stm32h7xx_hal_pwr.c ****        High) and to enable and disable it.
  97:HW_Lib/STM32H7/HAL_Lib/STM32H7xx_HAL_Driver/Src/stm32h7xx_hal_pwr.c **** 
  98:HW_Lib/STM32H7/HAL_Lib/STM32H7xx_HAL_Driver/Src/stm32h7xx_hal_pwr.c ****    (#) Call HAL_PWR_EnterSLEEPMode() function to enter the current Core in SLEEP
  99:HW_Lib/STM32H7/HAL_Lib/STM32H7xx_HAL_Driver/Src/stm32h7xx_hal_pwr.c ****        mode. Wake-up from SLEEP mode could be following to an event or an
 100:HW_Lib/STM32H7/HAL_Lib/STM32H7xx_HAL_Driver/Src/stm32h7xx_hal_pwr.c ****        interrupt according to low power mode intrinsic request called (__WFI()
 101:HW_Lib/STM32H7/HAL_Lib/STM32H7xx_HAL_Driver/Src/stm32h7xx_hal_pwr.c ****        or __WFE()).
 102:HW_Lib/STM32H7/HAL_Lib/STM32H7xx_HAL_Driver/Src/stm32h7xx_hal_pwr.c ****        Please ensure to clear all CPU pending events by calling
 103:HW_Lib/STM32H7/HAL_Lib/STM32H7xx_HAL_Driver/Src/stm32h7xx_hal_pwr.c ****        HAL_PWREx_ClearPendingEvent() function when trying to enter the Cortex-Mx
 104:HW_Lib/STM32H7/HAL_Lib/STM32H7xx_HAL_Driver/Src/stm32h7xx_hal_pwr.c ****        in SLEEP mode with __WFE() entry.
 105:HW_Lib/STM32H7/HAL_Lib/STM32H7xx_HAL_Driver/Src/stm32h7xx_hal_pwr.c **** 
 106:HW_Lib/STM32H7/HAL_Lib/STM32H7xx_HAL_Driver/Src/stm32h7xx_hal_pwr.c ****    (#) Call HAL_PWR_EnterSTOPMode() function to enter the whole system to Stop 0
 107:HW_Lib/STM32H7/HAL_Lib/STM32H7xx_HAL_Driver/Src/stm32h7xx_hal_pwr.c ****        mode for single core devices. For dual core devices, this API will enter
 108:HW_Lib/STM32H7/HAL_Lib/STM32H7xx_HAL_Driver/Src/stm32h7xx_hal_pwr.c ****        the domain (containing Cortex-Mx that executing this function) in DSTOP
 109:HW_Lib/STM32H7/HAL_Lib/STM32H7xx_HAL_Driver/Src/stm32h7xx_hal_pwr.c ****        mode. According to the used parameter, user could select the regulator to
 110:HW_Lib/STM32H7/HAL_Lib/STM32H7xx_HAL_Driver/Src/stm32h7xx_hal_pwr.c ****        be kept actif in low power mode and wake-up event type.
 111:HW_Lib/STM32H7/HAL_Lib/STM32H7xx_HAL_Driver/Src/stm32h7xx_hal_pwr.c ****        Please ensure to clear all CPU pending events by calling
 112:HW_Lib/STM32H7/HAL_Lib/STM32H7xx_HAL_Driver/Src/stm32h7xx_hal_pwr.c ****        HAL_PWREx_ClearPendingEvent() function when trying to enter the Cortex-Mx
 113:HW_Lib/STM32H7/HAL_Lib/STM32H7xx_HAL_Driver/Src/stm32h7xx_hal_pwr.c ****        in CSTOP mode with __WFE() entry.
 114:HW_Lib/STM32H7/HAL_Lib/STM32H7xx_HAL_Driver/Src/stm32h7xx_hal_pwr.c **** 
 115:HW_Lib/STM32H7/HAL_Lib/STM32H7xx_HAL_Driver/Src/stm32h7xx_hal_pwr.c ****    (#) Call HAL_PWR_EnterSTANDBYMode() function to enter the whole system in
 116:HW_Lib/STM32H7/HAL_Lib/STM32H7xx_HAL_Driver/Src/stm32h7xx_hal_pwr.c ****        STANDBY mode for single core devices. For dual core devices, this API
 117:HW_Lib/STM32H7/HAL_Lib/STM32H7xx_HAL_Driver/Src/stm32h7xx_hal_pwr.c ****        will enter the domain (containing Cortex-Mx that executing this function)
 118:HW_Lib/STM32H7/HAL_Lib/STM32H7xx_HAL_Driver/Src/stm32h7xx_hal_pwr.c ****        in DSTANDBY mode.
 119:HW_Lib/STM32H7/HAL_Lib/STM32H7xx_HAL_Driver/Src/stm32h7xx_hal_pwr.c **** 
 120:HW_Lib/STM32H7/HAL_Lib/STM32H7xx_HAL_Driver/Src/stm32h7xx_hal_pwr.c ****    (#) Call HAL_PWR_EnableSleepOnExit() and HAL_PWR_DisableSleepOnExit() APIs to
 121:HW_Lib/STM32H7/HAL_Lib/STM32H7xx_HAL_Driver/Src/stm32h7xx_hal_pwr.c ****        enable and disable the Cortex-Mx re-entring in SLEEP mode after an
 122:HW_Lib/STM32H7/HAL_Lib/STM32H7xx_HAL_Driver/Src/stm32h7xx_hal_pwr.c ****        interruption handling is over.
 123:HW_Lib/STM32H7/HAL_Lib/STM32H7xx_HAL_Driver/Src/stm32h7xx_hal_pwr.c **** 
 124:HW_Lib/STM32H7/HAL_Lib/STM32H7xx_HAL_Driver/Src/stm32h7xx_hal_pwr.c ****    (#) Call HAL_PWR_EnableSEVOnPend() and HAL_PWR_DisableSEVOnPend() functions
 125:HW_Lib/STM32H7/HAL_Lib/STM32H7xx_HAL_Driver/Src/stm32h7xx_hal_pwr.c ****        to configure the Cortex-Mx to wake-up after any pending event / interrupt
 126:HW_Lib/STM32H7/HAL_Lib/STM32H7xx_HAL_Driver/Src/stm32h7xx_hal_pwr.c ****        even if it's disabled or has insufficient priority to cause exception
 127:HW_Lib/STM32H7/HAL_Lib/STM32H7xx_HAL_Driver/Src/stm32h7xx_hal_pwr.c ****        entry.
 128:HW_Lib/STM32H7/HAL_Lib/STM32H7xx_HAL_Driver/Src/stm32h7xx_hal_pwr.c **** 
 129:HW_Lib/STM32H7/HAL_Lib/STM32H7xx_HAL_Driver/Src/stm32h7xx_hal_pwr.c ****    (#) Call HAL_PWR_PVD_IRQHandler() function to handle the PWR PVD interrupt
 130:HW_Lib/STM32H7/HAL_Lib/STM32H7xx_HAL_Driver/Src/stm32h7xx_hal_pwr.c ****        request.
 131:HW_Lib/STM32H7/HAL_Lib/STM32H7xx_HAL_Driver/Src/stm32h7xx_hal_pwr.c **** 
 132:HW_Lib/STM32H7/HAL_Lib/STM32H7xx_HAL_Driver/Src/stm32h7xx_hal_pwr.c ****      *** PWR HAL driver macros list ***
 133:HW_Lib/STM32H7/HAL_Lib/STM32H7xx_HAL_Driver/Src/stm32h7xx_hal_pwr.c ****      =============================================
 134:HW_Lib/STM32H7/HAL_Lib/STM32H7xx_HAL_Driver/Src/stm32h7xx_hal_pwr.c ****      [..]
 135:HW_Lib/STM32H7/HAL_Lib/STM32H7xx_HAL_Driver/Src/stm32h7xx_hal_pwr.c ****        Below the list of most used macros in PWR HAL driver.
 136:HW_Lib/STM32H7/HAL_Lib/STM32H7xx_HAL_Driver/Src/stm32h7xx_hal_pwr.c **** 
 137:HW_Lib/STM32H7/HAL_Lib/STM32H7xx_HAL_Driver/Src/stm32h7xx_hal_pwr.c ****       (+) __HAL_PWR_VOLTAGESCALING_CONFIG() : Configure the main internal
 138:HW_Lib/STM32H7/HAL_Lib/STM32H7xx_HAL_Driver/Src/stm32h7xx_hal_pwr.c ****                                               regulator output voltage.
 139:HW_Lib/STM32H7/HAL_Lib/STM32H7xx_HAL_Driver/Src/stm32h7xx_hal_pwr.c ****       (+) __HAL_PWR_GET_FLAG()              : Get the PWR pending flags.
 140:HW_Lib/STM32H7/HAL_Lib/STM32H7xx_HAL_Driver/Src/stm32h7xx_hal_pwr.c ****       (+) __HAL_PWR_CLEAR_FLAG()            : Clear the PWR pending flags.
 141:HW_Lib/STM32H7/HAL_Lib/STM32H7xx_HAL_Driver/Src/stm32h7xx_hal_pwr.c **** 
 142:HW_Lib/STM32H7/HAL_Lib/STM32H7xx_HAL_Driver/Src/stm32h7xx_hal_pwr.c ****   @endverbatim
 143:HW_Lib/STM32H7/HAL_Lib/STM32H7xx_HAL_Driver/Src/stm32h7xx_hal_pwr.c ****   */
 144:HW_Lib/STM32H7/HAL_Lib/STM32H7xx_HAL_Driver/Src/stm32h7xx_hal_pwr.c **** 
 145:HW_Lib/STM32H7/HAL_Lib/STM32H7xx_HAL_Driver/Src/stm32h7xx_hal_pwr.c **** /* Includes ------------------------------------------------------------------*/
ARM GAS  C:\Users\HUAV\AppData\Local\Temp\ccoKuDbb.s 			page 4


 146:HW_Lib/STM32H7/HAL_Lib/STM32H7xx_HAL_Driver/Src/stm32h7xx_hal_pwr.c **** #include "stm32h7xx_hal.h"
 147:HW_Lib/STM32H7/HAL_Lib/STM32H7xx_HAL_Driver/Src/stm32h7xx_hal_pwr.c **** 
 148:HW_Lib/STM32H7/HAL_Lib/STM32H7xx_HAL_Driver/Src/stm32h7xx_hal_pwr.c **** /** @addtogroup STM32H7xx_HAL_Driver
 149:HW_Lib/STM32H7/HAL_Lib/STM32H7xx_HAL_Driver/Src/stm32h7xx_hal_pwr.c ****   * @{
 150:HW_Lib/STM32H7/HAL_Lib/STM32H7xx_HAL_Driver/Src/stm32h7xx_hal_pwr.c ****   */
 151:HW_Lib/STM32H7/HAL_Lib/STM32H7xx_HAL_Driver/Src/stm32h7xx_hal_pwr.c **** 
 152:HW_Lib/STM32H7/HAL_Lib/STM32H7xx_HAL_Driver/Src/stm32h7xx_hal_pwr.c **** /** @defgroup PWR PWR
 153:HW_Lib/STM32H7/HAL_Lib/STM32H7xx_HAL_Driver/Src/stm32h7xx_hal_pwr.c ****   * @brief PWR HAL module driver
 154:HW_Lib/STM32H7/HAL_Lib/STM32H7xx_HAL_Driver/Src/stm32h7xx_hal_pwr.c ****   * @{
 155:HW_Lib/STM32H7/HAL_Lib/STM32H7xx_HAL_Driver/Src/stm32h7xx_hal_pwr.c ****   */
 156:HW_Lib/STM32H7/HAL_Lib/STM32H7xx_HAL_Driver/Src/stm32h7xx_hal_pwr.c **** 
 157:HW_Lib/STM32H7/HAL_Lib/STM32H7xx_HAL_Driver/Src/stm32h7xx_hal_pwr.c **** #ifdef HAL_PWR_MODULE_ENABLED
 158:HW_Lib/STM32H7/HAL_Lib/STM32H7xx_HAL_Driver/Src/stm32h7xx_hal_pwr.c **** 
 159:HW_Lib/STM32H7/HAL_Lib/STM32H7xx_HAL_Driver/Src/stm32h7xx_hal_pwr.c **** /* Private typedef -----------------------------------------------------------*/
 160:HW_Lib/STM32H7/HAL_Lib/STM32H7xx_HAL_Driver/Src/stm32h7xx_hal_pwr.c **** /* Private define ------------------------------------------------------------*/
 161:HW_Lib/STM32H7/HAL_Lib/STM32H7xx_HAL_Driver/Src/stm32h7xx_hal_pwr.c **** 
 162:HW_Lib/STM32H7/HAL_Lib/STM32H7xx_HAL_Driver/Src/stm32h7xx_hal_pwr.c **** /** @addtogroup PWR_Private_Constants PWR Private Constants
 163:HW_Lib/STM32H7/HAL_Lib/STM32H7xx_HAL_Driver/Src/stm32h7xx_hal_pwr.c ****   * @{
 164:HW_Lib/STM32H7/HAL_Lib/STM32H7xx_HAL_Driver/Src/stm32h7xx_hal_pwr.c ****   */
 165:HW_Lib/STM32H7/HAL_Lib/STM32H7xx_HAL_Driver/Src/stm32h7xx_hal_pwr.c **** 
 166:HW_Lib/STM32H7/HAL_Lib/STM32H7xx_HAL_Driver/Src/stm32h7xx_hal_pwr.c **** /** @defgroup PWR_PVD_Mode_Mask PWR PVD Mode Mask
 167:HW_Lib/STM32H7/HAL_Lib/STM32H7xx_HAL_Driver/Src/stm32h7xx_hal_pwr.c ****   * @{
 168:HW_Lib/STM32H7/HAL_Lib/STM32H7xx_HAL_Driver/Src/stm32h7xx_hal_pwr.c ****   */
 169:HW_Lib/STM32H7/HAL_Lib/STM32H7xx_HAL_Driver/Src/stm32h7xx_hal_pwr.c **** #if !defined (DUAL_CORE)
 170:HW_Lib/STM32H7/HAL_Lib/STM32H7xx_HAL_Driver/Src/stm32h7xx_hal_pwr.c **** #define PVD_MODE_IT              (0x00010000U)
 171:HW_Lib/STM32H7/HAL_Lib/STM32H7xx_HAL_Driver/Src/stm32h7xx_hal_pwr.c **** #define PVD_MODE_EVT             (0x00020000U)
 172:HW_Lib/STM32H7/HAL_Lib/STM32H7xx_HAL_Driver/Src/stm32h7xx_hal_pwr.c **** #endif /* !defined (DUAL_CORE) */
 173:HW_Lib/STM32H7/HAL_Lib/STM32H7xx_HAL_Driver/Src/stm32h7xx_hal_pwr.c **** 
 174:HW_Lib/STM32H7/HAL_Lib/STM32H7xx_HAL_Driver/Src/stm32h7xx_hal_pwr.c **** #define PVD_RISING_EDGE          (0x00000001U)
 175:HW_Lib/STM32H7/HAL_Lib/STM32H7xx_HAL_Driver/Src/stm32h7xx_hal_pwr.c **** #define PVD_FALLING_EDGE         (0x00000002U)
 176:HW_Lib/STM32H7/HAL_Lib/STM32H7xx_HAL_Driver/Src/stm32h7xx_hal_pwr.c **** #define PVD_RISING_FALLING_EDGE  (0x00000003U)
 177:HW_Lib/STM32H7/HAL_Lib/STM32H7xx_HAL_Driver/Src/stm32h7xx_hal_pwr.c **** /**
 178:HW_Lib/STM32H7/HAL_Lib/STM32H7xx_HAL_Driver/Src/stm32h7xx_hal_pwr.c ****   * @}
 179:HW_Lib/STM32H7/HAL_Lib/STM32H7xx_HAL_Driver/Src/stm32h7xx_hal_pwr.c ****   */
 180:HW_Lib/STM32H7/HAL_Lib/STM32H7xx_HAL_Driver/Src/stm32h7xx_hal_pwr.c **** 
 181:HW_Lib/STM32H7/HAL_Lib/STM32H7xx_HAL_Driver/Src/stm32h7xx_hal_pwr.c **** /**
 182:HW_Lib/STM32H7/HAL_Lib/STM32H7xx_HAL_Driver/Src/stm32h7xx_hal_pwr.c ****   * @}
 183:HW_Lib/STM32H7/HAL_Lib/STM32H7xx_HAL_Driver/Src/stm32h7xx_hal_pwr.c ****   */
 184:HW_Lib/STM32H7/HAL_Lib/STM32H7xx_HAL_Driver/Src/stm32h7xx_hal_pwr.c **** 
 185:HW_Lib/STM32H7/HAL_Lib/STM32H7xx_HAL_Driver/Src/stm32h7xx_hal_pwr.c **** /* Private macro -------------------------------------------------------------*/
 186:HW_Lib/STM32H7/HAL_Lib/STM32H7xx_HAL_Driver/Src/stm32h7xx_hal_pwr.c **** /* Private variables ---------------------------------------------------------*/
 187:HW_Lib/STM32H7/HAL_Lib/STM32H7xx_HAL_Driver/Src/stm32h7xx_hal_pwr.c **** /* Private function prototypes -----------------------------------------------*/
 188:HW_Lib/STM32H7/HAL_Lib/STM32H7xx_HAL_Driver/Src/stm32h7xx_hal_pwr.c **** /* Private functions ---------------------------------------------------------*/
 189:HW_Lib/STM32H7/HAL_Lib/STM32H7xx_HAL_Driver/Src/stm32h7xx_hal_pwr.c **** 
 190:HW_Lib/STM32H7/HAL_Lib/STM32H7xx_HAL_Driver/Src/stm32h7xx_hal_pwr.c **** /** @defgroup PWR_Exported_Functions PWR Exported Functions
 191:HW_Lib/STM32H7/HAL_Lib/STM32H7xx_HAL_Driver/Src/stm32h7xx_hal_pwr.c ****   * @{
 192:HW_Lib/STM32H7/HAL_Lib/STM32H7xx_HAL_Driver/Src/stm32h7xx_hal_pwr.c ****   */
 193:HW_Lib/STM32H7/HAL_Lib/STM32H7xx_HAL_Driver/Src/stm32h7xx_hal_pwr.c **** 
 194:HW_Lib/STM32H7/HAL_Lib/STM32H7xx_HAL_Driver/Src/stm32h7xx_hal_pwr.c **** /** @defgroup PWR_Exported_Functions_Group1 Initialization and De-Initialization Functions
 195:HW_Lib/STM32H7/HAL_Lib/STM32H7xx_HAL_Driver/Src/stm32h7xx_hal_pwr.c ****   * @brief    Initialization and De-Initialization functions
 196:HW_Lib/STM32H7/HAL_Lib/STM32H7xx_HAL_Driver/Src/stm32h7xx_hal_pwr.c ****   *
 197:HW_Lib/STM32H7/HAL_Lib/STM32H7xx_HAL_Driver/Src/stm32h7xx_hal_pwr.c **** @verbatim
 198:HW_Lib/STM32H7/HAL_Lib/STM32H7xx_HAL_Driver/Src/stm32h7xx_hal_pwr.c ****  ===============================================================================
 199:HW_Lib/STM32H7/HAL_Lib/STM32H7xx_HAL_Driver/Src/stm32h7xx_hal_pwr.c ****               ##### Initialization and De-Initialization Functions #####
 200:HW_Lib/STM32H7/HAL_Lib/STM32H7xx_HAL_Driver/Src/stm32h7xx_hal_pwr.c ****  ===============================================================================
 201:HW_Lib/STM32H7/HAL_Lib/STM32H7xx_HAL_Driver/Src/stm32h7xx_hal_pwr.c ****     [..]
 202:HW_Lib/STM32H7/HAL_Lib/STM32H7xx_HAL_Driver/Src/stm32h7xx_hal_pwr.c ****       This section provides functions allowing to deinitialize power peripheral.
ARM GAS  C:\Users\HUAV\AppData\Local\Temp\ccoKuDbb.s 			page 5


 203:HW_Lib/STM32H7/HAL_Lib/STM32H7xx_HAL_Driver/Src/stm32h7xx_hal_pwr.c **** 
 204:HW_Lib/STM32H7/HAL_Lib/STM32H7xx_HAL_Driver/Src/stm32h7xx_hal_pwr.c ****     [..]
 205:HW_Lib/STM32H7/HAL_Lib/STM32H7xx_HAL_Driver/Src/stm32h7xx_hal_pwr.c ****       After system reset, the backup domain (RTC registers, RTC backup data
 206:HW_Lib/STM32H7/HAL_Lib/STM32H7xx_HAL_Driver/Src/stm32h7xx_hal_pwr.c ****       registers and backup SRAM) is protected against possible unwanted write
 207:HW_Lib/STM32H7/HAL_Lib/STM32H7xx_HAL_Driver/Src/stm32h7xx_hal_pwr.c ****       accesses.
 208:HW_Lib/STM32H7/HAL_Lib/STM32H7xx_HAL_Driver/Src/stm32h7xx_hal_pwr.c ****       The HAL_PWR_EnableBkUpAccess() function enables the access to the backup
 209:HW_Lib/STM32H7/HAL_Lib/STM32H7xx_HAL_Driver/Src/stm32h7xx_hal_pwr.c ****       domain.
 210:HW_Lib/STM32H7/HAL_Lib/STM32H7xx_HAL_Driver/Src/stm32h7xx_hal_pwr.c ****       The HAL_PWR_DisableBkUpAccess() function disables the access to the backup
 211:HW_Lib/STM32H7/HAL_Lib/STM32H7xx_HAL_Driver/Src/stm32h7xx_hal_pwr.c ****       domain.
 212:HW_Lib/STM32H7/HAL_Lib/STM32H7xx_HAL_Driver/Src/stm32h7xx_hal_pwr.c **** 
 213:HW_Lib/STM32H7/HAL_Lib/STM32H7xx_HAL_Driver/Src/stm32h7xx_hal_pwr.c **** @endverbatim
 214:HW_Lib/STM32H7/HAL_Lib/STM32H7xx_HAL_Driver/Src/stm32h7xx_hal_pwr.c ****   * @{
 215:HW_Lib/STM32H7/HAL_Lib/STM32H7xx_HAL_Driver/Src/stm32h7xx_hal_pwr.c ****   */
 216:HW_Lib/STM32H7/HAL_Lib/STM32H7xx_HAL_Driver/Src/stm32h7xx_hal_pwr.c **** 
 217:HW_Lib/STM32H7/HAL_Lib/STM32H7xx_HAL_Driver/Src/stm32h7xx_hal_pwr.c **** /**
 218:HW_Lib/STM32H7/HAL_Lib/STM32H7xx_HAL_Driver/Src/stm32h7xx_hal_pwr.c ****   * @brief  Deinitialize the HAL PWR peripheral registers to their default reset
 219:HW_Lib/STM32H7/HAL_Lib/STM32H7xx_HAL_Driver/Src/stm32h7xx_hal_pwr.c ****   *         values.
 220:HW_Lib/STM32H7/HAL_Lib/STM32H7xx_HAL_Driver/Src/stm32h7xx_hal_pwr.c ****   * @note   This functionality is not available in this product.
 221:HW_Lib/STM32H7/HAL_Lib/STM32H7xx_HAL_Driver/Src/stm32h7xx_hal_pwr.c ****   *         The prototype is kept just to maintain compatibility with other
 222:HW_Lib/STM32H7/HAL_Lib/STM32H7xx_HAL_Driver/Src/stm32h7xx_hal_pwr.c ****   *         products.
 223:HW_Lib/STM32H7/HAL_Lib/STM32H7xx_HAL_Driver/Src/stm32h7xx_hal_pwr.c ****   * @retval None.
 224:HW_Lib/STM32H7/HAL_Lib/STM32H7xx_HAL_Driver/Src/stm32h7xx_hal_pwr.c ****   */
 225:HW_Lib/STM32H7/HAL_Lib/STM32H7xx_HAL_Driver/Src/stm32h7xx_hal_pwr.c **** void HAL_PWR_DeInit (void)
 226:HW_Lib/STM32H7/HAL_Lib/STM32H7xx_HAL_Driver/Src/stm32h7xx_hal_pwr.c **** {
  28              		.loc 1 226 1
  29              		.cfi_startproc
  30              		@ args = 0, pretend = 0, frame = 0
  31              		@ frame_needed = 1, uses_anonymous_args = 0
  32              		@ link register save eliminated.
  33 0000 80B4     		push	{r7}
  34              	.LCFI0:
  35              		.cfi_def_cfa_offset 4
  36              		.cfi_offset 7, -4
  37 0002 00AF     		add	r7, sp, #0
  38              	.LCFI1:
  39              		.cfi_def_cfa_register 7
 227:HW_Lib/STM32H7/HAL_Lib/STM32H7xx_HAL_Driver/Src/stm32h7xx_hal_pwr.c **** }
  40              		.loc 1 227 1
  41 0004 00BF     		nop
  42 0006 BD46     		mov	sp, r7
  43              	.LCFI2:
  44              		.cfi_def_cfa_register 13
  45              		@ sp needed
  46 0008 5DF8047B 		ldr	r7, [sp], #4
  47              	.LCFI3:
  48              		.cfi_restore 7
  49              		.cfi_def_cfa_offset 0
  50 000c 7047     		bx	lr
  51              		.cfi_endproc
  52              	.LFE333:
  54              		.section	.text.HAL_PWR_EnableBkUpAccess,"ax",%progbits
  55              		.align	1
  56              		.global	HAL_PWR_EnableBkUpAccess
  57              		.syntax unified
  58              		.thumb
  59              		.thumb_func
  61              	HAL_PWR_EnableBkUpAccess:
ARM GAS  C:\Users\HUAV\AppData\Local\Temp\ccoKuDbb.s 			page 6


  62              	.LFB334:
 228:HW_Lib/STM32H7/HAL_Lib/STM32H7xx_HAL_Driver/Src/stm32h7xx_hal_pwr.c **** 
 229:HW_Lib/STM32H7/HAL_Lib/STM32H7xx_HAL_Driver/Src/stm32h7xx_hal_pwr.c **** /**
 230:HW_Lib/STM32H7/HAL_Lib/STM32H7xx_HAL_Driver/Src/stm32h7xx_hal_pwr.c ****   * @brief  Enable access to the backup domain (RTC registers, RTC backup data
 231:HW_Lib/STM32H7/HAL_Lib/STM32H7xx_HAL_Driver/Src/stm32h7xx_hal_pwr.c ****   *         registers and backup SRAM).
 232:HW_Lib/STM32H7/HAL_Lib/STM32H7xx_HAL_Driver/Src/stm32h7xx_hal_pwr.c ****   * @note   If the HSE divided by 2, 3, ..31 is used as the RTC clock, the
 233:HW_Lib/STM32H7/HAL_Lib/STM32H7xx_HAL_Driver/Src/stm32h7xx_hal_pwr.c ****   *         Backup Domain Access should be kept enabled.
 234:HW_Lib/STM32H7/HAL_Lib/STM32H7xx_HAL_Driver/Src/stm32h7xx_hal_pwr.c ****   * @retval None.
 235:HW_Lib/STM32H7/HAL_Lib/STM32H7xx_HAL_Driver/Src/stm32h7xx_hal_pwr.c ****   */
 236:HW_Lib/STM32H7/HAL_Lib/STM32H7xx_HAL_Driver/Src/stm32h7xx_hal_pwr.c **** void HAL_PWR_EnableBkUpAccess (void)
 237:HW_Lib/STM32H7/HAL_Lib/STM32H7xx_HAL_Driver/Src/stm32h7xx_hal_pwr.c **** {
  63              		.loc 1 237 1
  64              		.cfi_startproc
  65              		@ args = 0, pretend = 0, frame = 0
  66              		@ frame_needed = 1, uses_anonymous_args = 0
  67              		@ link register save eliminated.
  68 0000 80B4     		push	{r7}
  69              	.LCFI4:
  70              		.cfi_def_cfa_offset 4
  71              		.cfi_offset 7, -4
  72 0002 00AF     		add	r7, sp, #0
  73              	.LCFI5:
  74              		.cfi_def_cfa_register 7
 238:HW_Lib/STM32H7/HAL_Lib/STM32H7xx_HAL_Driver/Src/stm32h7xx_hal_pwr.c ****   /* Enable access to RTC and backup registers */
 239:HW_Lib/STM32H7/HAL_Lib/STM32H7xx_HAL_Driver/Src/stm32h7xx_hal_pwr.c ****   SET_BIT (PWR->CR1, PWR_CR1_DBP);
  75              		.loc 1 239 3
  76 0004 054B     		ldr	r3, .L3
  77 0006 1B68     		ldr	r3, [r3]
  78 0008 044A     		ldr	r2, .L3
  79 000a 43F48073 		orr	r3, r3, #256
  80 000e 1360     		str	r3, [r2]
 240:HW_Lib/STM32H7/HAL_Lib/STM32H7xx_HAL_Driver/Src/stm32h7xx_hal_pwr.c **** }
  81              		.loc 1 240 1
  82 0010 00BF     		nop
  83 0012 BD46     		mov	sp, r7
  84              	.LCFI6:
  85              		.cfi_def_cfa_register 13
  86              		@ sp needed
  87 0014 5DF8047B 		ldr	r7, [sp], #4
  88              	.LCFI7:
  89              		.cfi_restore 7
  90              		.cfi_def_cfa_offset 0
  91 0018 7047     		bx	lr
  92              	.L4:
  93 001a 00BF     		.align	2
  94              	.L3:
  95 001c 00480258 		.word	1476544512
  96              		.cfi_endproc
  97              	.LFE334:
  99              		.section	.text.HAL_PWR_DisableBkUpAccess,"ax",%progbits
 100              		.align	1
 101              		.global	HAL_PWR_DisableBkUpAccess
 102              		.syntax unified
 103              		.thumb
 104              		.thumb_func
 106              	HAL_PWR_DisableBkUpAccess:
 107              	.LFB335:
ARM GAS  C:\Users\HUAV\AppData\Local\Temp\ccoKuDbb.s 			page 7


 241:HW_Lib/STM32H7/HAL_Lib/STM32H7xx_HAL_Driver/Src/stm32h7xx_hal_pwr.c **** 
 242:HW_Lib/STM32H7/HAL_Lib/STM32H7xx_HAL_Driver/Src/stm32h7xx_hal_pwr.c **** /**
 243:HW_Lib/STM32H7/HAL_Lib/STM32H7xx_HAL_Driver/Src/stm32h7xx_hal_pwr.c ****   * @brief  Disable access to the backup domain (RTC registers, RTC backup data
 244:HW_Lib/STM32H7/HAL_Lib/STM32H7xx_HAL_Driver/Src/stm32h7xx_hal_pwr.c ****   *         registers and backup SRAM).
 245:HW_Lib/STM32H7/HAL_Lib/STM32H7xx_HAL_Driver/Src/stm32h7xx_hal_pwr.c ****   * @note   If the HSE divided by 2, 3, ..31 is used as the RTC clock, the
 246:HW_Lib/STM32H7/HAL_Lib/STM32H7xx_HAL_Driver/Src/stm32h7xx_hal_pwr.c ****   *         Backup Domain Access should be kept enabled.
 247:HW_Lib/STM32H7/HAL_Lib/STM32H7xx_HAL_Driver/Src/stm32h7xx_hal_pwr.c ****   * @retval None.
 248:HW_Lib/STM32H7/HAL_Lib/STM32H7xx_HAL_Driver/Src/stm32h7xx_hal_pwr.c ****   */
 249:HW_Lib/STM32H7/HAL_Lib/STM32H7xx_HAL_Driver/Src/stm32h7xx_hal_pwr.c **** void HAL_PWR_DisableBkUpAccess (void)
 250:HW_Lib/STM32H7/HAL_Lib/STM32H7xx_HAL_Driver/Src/stm32h7xx_hal_pwr.c **** {
 108              		.loc 1 250 1
 109              		.cfi_startproc
 110              		@ args = 0, pretend = 0, frame = 0
 111              		@ frame_needed = 1, uses_anonymous_args = 0
 112              		@ link register save eliminated.
 113 0000 80B4     		push	{r7}
 114              	.LCFI8:
 115              		.cfi_def_cfa_offset 4
 116              		.cfi_offset 7, -4
 117 0002 00AF     		add	r7, sp, #0
 118              	.LCFI9:
 119              		.cfi_def_cfa_register 7
 251:HW_Lib/STM32H7/HAL_Lib/STM32H7xx_HAL_Driver/Src/stm32h7xx_hal_pwr.c ****   /* Disable access to RTC and backup registers */
 252:HW_Lib/STM32H7/HAL_Lib/STM32H7xx_HAL_Driver/Src/stm32h7xx_hal_pwr.c ****   CLEAR_BIT (PWR->CR1, PWR_CR1_DBP);
 120              		.loc 1 252 3
 121 0004 054B     		ldr	r3, .L6
 122 0006 1B68     		ldr	r3, [r3]
 123 0008 044A     		ldr	r2, .L6
 124 000a 23F48073 		bic	r3, r3, #256
 125 000e 1360     		str	r3, [r2]
 253:HW_Lib/STM32H7/HAL_Lib/STM32H7xx_HAL_Driver/Src/stm32h7xx_hal_pwr.c **** }
 126              		.loc 1 253 1
 127 0010 00BF     		nop
 128 0012 BD46     		mov	sp, r7
 129              	.LCFI10:
 130              		.cfi_def_cfa_register 13
 131              		@ sp needed
 132 0014 5DF8047B 		ldr	r7, [sp], #4
 133              	.LCFI11:
 134              		.cfi_restore 7
 135              		.cfi_def_cfa_offset 0
 136 0018 7047     		bx	lr
 137              	.L7:
 138 001a 00BF     		.align	2
 139              	.L6:
 140 001c 00480258 		.word	1476544512
 141              		.cfi_endproc
 142              	.LFE335:
 144              		.section	.text.HAL_PWR_ConfigPVD,"ax",%progbits
 145              		.align	1
 146              		.global	HAL_PWR_ConfigPVD
 147              		.syntax unified
 148              		.thumb
 149              		.thumb_func
 151              	HAL_PWR_ConfigPVD:
 152              	.LFB336:
 254:HW_Lib/STM32H7/HAL_Lib/STM32H7xx_HAL_Driver/Src/stm32h7xx_hal_pwr.c **** /**
ARM GAS  C:\Users\HUAV\AppData\Local\Temp\ccoKuDbb.s 			page 8


 255:HW_Lib/STM32H7/HAL_Lib/STM32H7xx_HAL_Driver/Src/stm32h7xx_hal_pwr.c ****   * @}
 256:HW_Lib/STM32H7/HAL_Lib/STM32H7xx_HAL_Driver/Src/stm32h7xx_hal_pwr.c ****   */
 257:HW_Lib/STM32H7/HAL_Lib/STM32H7xx_HAL_Driver/Src/stm32h7xx_hal_pwr.c **** 
 258:HW_Lib/STM32H7/HAL_Lib/STM32H7xx_HAL_Driver/Src/stm32h7xx_hal_pwr.c **** /** @defgroup PWR_Exported_Functions_Group2 Peripheral Control Functions
 259:HW_Lib/STM32H7/HAL_Lib/STM32H7xx_HAL_Driver/Src/stm32h7xx_hal_pwr.c ****   *  @brief   Power Control functions
 260:HW_Lib/STM32H7/HAL_Lib/STM32H7xx_HAL_Driver/Src/stm32h7xx_hal_pwr.c ****   *
 261:HW_Lib/STM32H7/HAL_Lib/STM32H7xx_HAL_Driver/Src/stm32h7xx_hal_pwr.c **** @verbatim
 262:HW_Lib/STM32H7/HAL_Lib/STM32H7xx_HAL_Driver/Src/stm32h7xx_hal_pwr.c ****  ===============================================================================
 263:HW_Lib/STM32H7/HAL_Lib/STM32H7xx_HAL_Driver/Src/stm32h7xx_hal_pwr.c ****                  ##### Peripheral Control Functions #####
 264:HW_Lib/STM32H7/HAL_Lib/STM32H7xx_HAL_Driver/Src/stm32h7xx_hal_pwr.c ****  ===============================================================================
 265:HW_Lib/STM32H7/HAL_Lib/STM32H7xx_HAL_Driver/Src/stm32h7xx_hal_pwr.c ****     [..]
 266:HW_Lib/STM32H7/HAL_Lib/STM32H7xx_HAL_Driver/Src/stm32h7xx_hal_pwr.c ****       This section provides functions allowing to control power peripheral.
 267:HW_Lib/STM32H7/HAL_Lib/STM32H7xx_HAL_Driver/Src/stm32h7xx_hal_pwr.c **** 
 268:HW_Lib/STM32H7/HAL_Lib/STM32H7xx_HAL_Driver/Src/stm32h7xx_hal_pwr.c ****     *** PVD configuration ***
 269:HW_Lib/STM32H7/HAL_Lib/STM32H7xx_HAL_Driver/Src/stm32h7xx_hal_pwr.c ****     =========================
 270:HW_Lib/STM32H7/HAL_Lib/STM32H7xx_HAL_Driver/Src/stm32h7xx_hal_pwr.c ****     [..]
 271:HW_Lib/STM32H7/HAL_Lib/STM32H7xx_HAL_Driver/Src/stm32h7xx_hal_pwr.c ****       (+) The PVD is used to monitor the VDD power supply by comparing it to a
 272:HW_Lib/STM32H7/HAL_Lib/STM32H7xx_HAL_Driver/Src/stm32h7xx_hal_pwr.c ****           threshold selected by the PVD Level (PLS[7:0] bits in the PWR_CR1
 273:HW_Lib/STM32H7/HAL_Lib/STM32H7xx_HAL_Driver/Src/stm32h7xx_hal_pwr.c ****           register).
 274:HW_Lib/STM32H7/HAL_Lib/STM32H7xx_HAL_Driver/Src/stm32h7xx_hal_pwr.c **** 
 275:HW_Lib/STM32H7/HAL_Lib/STM32H7xx_HAL_Driver/Src/stm32h7xx_hal_pwr.c ****       (+) A PVDO flag is available to indicate if VDD is higher or lower
 276:HW_Lib/STM32H7/HAL_Lib/STM32H7xx_HAL_Driver/Src/stm32h7xx_hal_pwr.c ****           than the PVD threshold. This event is internally connected to the EXTI
 277:HW_Lib/STM32H7/HAL_Lib/STM32H7xx_HAL_Driver/Src/stm32h7xx_hal_pwr.c ****           line 16 to generate an interrupt if enabled.
 278:HW_Lib/STM32H7/HAL_Lib/STM32H7xx_HAL_Driver/Src/stm32h7xx_hal_pwr.c ****           It is configurable through __HAL_PWR_PVD_EXTI_ENABLE_IT() macro.
 279:HW_Lib/STM32H7/HAL_Lib/STM32H7xx_HAL_Driver/Src/stm32h7xx_hal_pwr.c **** 
 280:HW_Lib/STM32H7/HAL_Lib/STM32H7xx_HAL_Driver/Src/stm32h7xx_hal_pwr.c ****       (+) The PVD is stopped in STANDBY mode.
 281:HW_Lib/STM32H7/HAL_Lib/STM32H7xx_HAL_Driver/Src/stm32h7xx_hal_pwr.c **** 
 282:HW_Lib/STM32H7/HAL_Lib/STM32H7xx_HAL_Driver/Src/stm32h7xx_hal_pwr.c ****     *** Wake-up pin configuration ***
 283:HW_Lib/STM32H7/HAL_Lib/STM32H7xx_HAL_Driver/Src/stm32h7xx_hal_pwr.c ****     =================================
 284:HW_Lib/STM32H7/HAL_Lib/STM32H7xx_HAL_Driver/Src/stm32h7xx_hal_pwr.c ****     [..]
 285:HW_Lib/STM32H7/HAL_Lib/STM32H7xx_HAL_Driver/Src/stm32h7xx_hal_pwr.c ****       (+) Wake-up pin is used to wake up the system from STANDBY mode.
 286:HW_Lib/STM32H7/HAL_Lib/STM32H7xx_HAL_Driver/Src/stm32h7xx_hal_pwr.c ****           The pin pull is configurable through the WKUPEPR register to be in
 287:HW_Lib/STM32H7/HAL_Lib/STM32H7xx_HAL_Driver/Src/stm32h7xx_hal_pwr.c ****           No-pull, Pull-up and Pull-down.
 288:HW_Lib/STM32H7/HAL_Lib/STM32H7xx_HAL_Driver/Src/stm32h7xx_hal_pwr.c ****           The pin polarity is configurable through the WKUPEPR register to be
 289:HW_Lib/STM32H7/HAL_Lib/STM32H7xx_HAL_Driver/Src/stm32h7xx_hal_pwr.c ****           active on rising or falling edges.
 290:HW_Lib/STM32H7/HAL_Lib/STM32H7xx_HAL_Driver/Src/stm32h7xx_hal_pwr.c **** 
 291:HW_Lib/STM32H7/HAL_Lib/STM32H7xx_HAL_Driver/Src/stm32h7xx_hal_pwr.c ****       (+) There are up to six Wake-up pin in the STM32H7 devices family.
 292:HW_Lib/STM32H7/HAL_Lib/STM32H7xx_HAL_Driver/Src/stm32h7xx_hal_pwr.c **** 
 293:HW_Lib/STM32H7/HAL_Lib/STM32H7xx_HAL_Driver/Src/stm32h7xx_hal_pwr.c ****     *** Low Power modes configuration ***
 294:HW_Lib/STM32H7/HAL_Lib/STM32H7xx_HAL_Driver/Src/stm32h7xx_hal_pwr.c ****     =====================================
 295:HW_Lib/STM32H7/HAL_Lib/STM32H7xx_HAL_Driver/Src/stm32h7xx_hal_pwr.c ****     [..]
 296:HW_Lib/STM32H7/HAL_Lib/STM32H7xx_HAL_Driver/Src/stm32h7xx_hal_pwr.c ****      The device present 3 principles low-power modes features:
 297:HW_Lib/STM32H7/HAL_Lib/STM32H7xx_HAL_Driver/Src/stm32h7xx_hal_pwr.c ****       (+) SLEEP mode   : Cortex-Mx is stopped and all PWR domains are remaining
 298:HW_Lib/STM32H7/HAL_Lib/STM32H7xx_HAL_Driver/Src/stm32h7xx_hal_pwr.c ****                          active (Powered and Clocked).
 299:HW_Lib/STM32H7/HAL_Lib/STM32H7xx_HAL_Driver/Src/stm32h7xx_hal_pwr.c **** 
 300:HW_Lib/STM32H7/HAL_Lib/STM32H7xx_HAL_Driver/Src/stm32h7xx_hal_pwr.c ****       (+) STOP mode    : Cortex-Mx is stopped, clocks are stopped and the
 301:HW_Lib/STM32H7/HAL_Lib/STM32H7xx_HAL_Driver/Src/stm32h7xx_hal_pwr.c ****                          regulator is running. The Main regulator or the LP
 302:HW_Lib/STM32H7/HAL_Lib/STM32H7xx_HAL_Driver/Src/stm32h7xx_hal_pwr.c ****                          regulator could be selected.
 303:HW_Lib/STM32H7/HAL_Lib/STM32H7xx_HAL_Driver/Src/stm32h7xx_hal_pwr.c **** 
 304:HW_Lib/STM32H7/HAL_Lib/STM32H7xx_HAL_Driver/Src/stm32h7xx_hal_pwr.c ****       (+) STANDBY mode : All PWR domains enter DSTANDBY mode and the VCORE
 305:HW_Lib/STM32H7/HAL_Lib/STM32H7xx_HAL_Driver/Src/stm32h7xx_hal_pwr.c ****                          supply regulator is powered off.
 306:HW_Lib/STM32H7/HAL_Lib/STM32H7xx_HAL_Driver/Src/stm32h7xx_hal_pwr.c **** 
 307:HW_Lib/STM32H7/HAL_Lib/STM32H7xx_HAL_Driver/Src/stm32h7xx_hal_pwr.c ****    *** SLEEP mode ***
 308:HW_Lib/STM32H7/HAL_Lib/STM32H7xx_HAL_Driver/Src/stm32h7xx_hal_pwr.c ****    ==================
 309:HW_Lib/STM32H7/HAL_Lib/STM32H7xx_HAL_Driver/Src/stm32h7xx_hal_pwr.c ****     [..]
 310:HW_Lib/STM32H7/HAL_Lib/STM32H7xx_HAL_Driver/Src/stm32h7xx_hal_pwr.c ****       (+) Entry:
 311:HW_Lib/STM32H7/HAL_Lib/STM32H7xx_HAL_Driver/Src/stm32h7xx_hal_pwr.c ****         The SLEEP mode is entered by using the HAL_PWR_EnterSLEEPMode(Regulator,
ARM GAS  C:\Users\HUAV\AppData\Local\Temp\ccoKuDbb.s 			page 9


 312:HW_Lib/STM32H7/HAL_Lib/STM32H7xx_HAL_Driver/Src/stm32h7xx_hal_pwr.c ****         SLEEPEntry) function.
 313:HW_Lib/STM32H7/HAL_Lib/STM32H7xx_HAL_Driver/Src/stm32h7xx_hal_pwr.c **** 
 314:HW_Lib/STM32H7/HAL_Lib/STM32H7xx_HAL_Driver/Src/stm32h7xx_hal_pwr.c ****           (++) PWR_SLEEPENTRY_WFI: enter SLEEP mode with WFI instruction.
 315:HW_Lib/STM32H7/HAL_Lib/STM32H7xx_HAL_Driver/Src/stm32h7xx_hal_pwr.c ****           (++) PWR_SLEEPENTRY_WFE: enter SLEEP mode with WFE instruction.
 316:HW_Lib/STM32H7/HAL_Lib/STM32H7xx_HAL_Driver/Src/stm32h7xx_hal_pwr.c **** 
 317:HW_Lib/STM32H7/HAL_Lib/STM32H7xx_HAL_Driver/Src/stm32h7xx_hal_pwr.c ****       -@@- The Regulator parameter is not used for the STM32H7 family
 318:HW_Lib/STM32H7/HAL_Lib/STM32H7xx_HAL_Driver/Src/stm32h7xx_hal_pwr.c ****               and is kept as parameter just to maintain compatibility with the
 319:HW_Lib/STM32H7/HAL_Lib/STM32H7xx_HAL_Driver/Src/stm32h7xx_hal_pwr.c ****               lower power families (STM32L).
 320:HW_Lib/STM32H7/HAL_Lib/STM32H7xx_HAL_Driver/Src/stm32h7xx_hal_pwr.c **** 
 321:HW_Lib/STM32H7/HAL_Lib/STM32H7xx_HAL_Driver/Src/stm32h7xx_hal_pwr.c ****       (+) Exit:
 322:HW_Lib/STM32H7/HAL_Lib/STM32H7xx_HAL_Driver/Src/stm32h7xx_hal_pwr.c ****         Any peripheral interrupt acknowledged by the nested vectored interrupt
 323:HW_Lib/STM32H7/HAL_Lib/STM32H7xx_HAL_Driver/Src/stm32h7xx_hal_pwr.c ****         controller (NVIC) can wake up the device from SLEEP mode.
 324:HW_Lib/STM32H7/HAL_Lib/STM32H7xx_HAL_Driver/Src/stm32h7xx_hal_pwr.c **** 
 325:HW_Lib/STM32H7/HAL_Lib/STM32H7xx_HAL_Driver/Src/stm32h7xx_hal_pwr.c ****    *** STOP mode ***
 326:HW_Lib/STM32H7/HAL_Lib/STM32H7xx_HAL_Driver/Src/stm32h7xx_hal_pwr.c ****    =================
 327:HW_Lib/STM32H7/HAL_Lib/STM32H7xx_HAL_Driver/Src/stm32h7xx_hal_pwr.c ****     [..]
 328:HW_Lib/STM32H7/HAL_Lib/STM32H7xx_HAL_Driver/Src/stm32h7xx_hal_pwr.c ****       In system STOP mode, all clocks in the 1.2V domain are stopped, the PLL,
 329:HW_Lib/STM32H7/HAL_Lib/STM32H7xx_HAL_Driver/Src/stm32h7xx_hal_pwr.c ****       the HSI, and the HSE RC oscillators are disabled. Internal SRAM and
 330:HW_Lib/STM32H7/HAL_Lib/STM32H7xx_HAL_Driver/Src/stm32h7xx_hal_pwr.c ****       register contents are preserved.
 331:HW_Lib/STM32H7/HAL_Lib/STM32H7xx_HAL_Driver/Src/stm32h7xx_hal_pwr.c ****       The voltage regulator can be configured either in normal or low-power mode.
 332:HW_Lib/STM32H7/HAL_Lib/STM32H7xx_HAL_Driver/Src/stm32h7xx_hal_pwr.c ****       To minimize the consumption in STOP mode, FLASH can be powered off before
 333:HW_Lib/STM32H7/HAL_Lib/STM32H7xx_HAL_Driver/Src/stm32h7xx_hal_pwr.c ****       entering the STOP mode using the HAL_PWREx_EnableFlashPowerDown() function.
 334:HW_Lib/STM32H7/HAL_Lib/STM32H7xx_HAL_Driver/Src/stm32h7xx_hal_pwr.c ****       It can be switched on again by software after exiting the STOP mode using
 335:HW_Lib/STM32H7/HAL_Lib/STM32H7xx_HAL_Driver/Src/stm32h7xx_hal_pwr.c ****       the HAL_PWREx_DisableFlashPowerDown() function.
 336:HW_Lib/STM32H7/HAL_Lib/STM32H7xx_HAL_Driver/Src/stm32h7xx_hal_pwr.c **** 
 337:HW_Lib/STM32H7/HAL_Lib/STM32H7xx_HAL_Driver/Src/stm32h7xx_hal_pwr.c ****       (+) Entry:
 338:HW_Lib/STM32H7/HAL_Lib/STM32H7xx_HAL_Driver/Src/stm32h7xx_hal_pwr.c ****          The STOP mode is entered using the HAL_PWR_EnterSTOPMode(Regulator,
 339:HW_Lib/STM32H7/HAL_Lib/STM32H7xx_HAL_Driver/Src/stm32h7xx_hal_pwr.c ****          STOPEntry) function with:
 340:HW_Lib/STM32H7/HAL_Lib/STM32H7xx_HAL_Driver/Src/stm32h7xx_hal_pwr.c **** 
 341:HW_Lib/STM32H7/HAL_Lib/STM32H7xx_HAL_Driver/Src/stm32h7xx_hal_pwr.c ****          (++) Regulator:
 342:HW_Lib/STM32H7/HAL_Lib/STM32H7xx_HAL_Driver/Src/stm32h7xx_hal_pwr.c ****           (+++) PWR_MAINREGULATOR_ON: Main regulator ON.
 343:HW_Lib/STM32H7/HAL_Lib/STM32H7xx_HAL_Driver/Src/stm32h7xx_hal_pwr.c ****           (+++) PWR_LOWPOWERREGULATOR_ON: Low Power regulator ON.
 344:HW_Lib/STM32H7/HAL_Lib/STM32H7xx_HAL_Driver/Src/stm32h7xx_hal_pwr.c **** 
 345:HW_Lib/STM32H7/HAL_Lib/STM32H7xx_HAL_Driver/Src/stm32h7xx_hal_pwr.c ****          (++) STOPEntry:
 346:HW_Lib/STM32H7/HAL_Lib/STM32H7xx_HAL_Driver/Src/stm32h7xx_hal_pwr.c ****           (+++) PWR_STOPENTRY_WFI: enter STOP mode with WFI instruction.
 347:HW_Lib/STM32H7/HAL_Lib/STM32H7xx_HAL_Driver/Src/stm32h7xx_hal_pwr.c ****           (+++) PWR_STOPENTRY_WFE: enter STOP mode with WFE instruction.
 348:HW_Lib/STM32H7/HAL_Lib/STM32H7xx_HAL_Driver/Src/stm32h7xx_hal_pwr.c **** 
 349:HW_Lib/STM32H7/HAL_Lib/STM32H7xx_HAL_Driver/Src/stm32h7xx_hal_pwr.c ****       (+) Exit:
 350:HW_Lib/STM32H7/HAL_Lib/STM32H7xx_HAL_Driver/Src/stm32h7xx_hal_pwr.c ****          Any EXTI Line (Internal or External) configured in Interrupt/Event mode.
 351:HW_Lib/STM32H7/HAL_Lib/STM32H7xx_HAL_Driver/Src/stm32h7xx_hal_pwr.c **** 
 352:HW_Lib/STM32H7/HAL_Lib/STM32H7xx_HAL_Driver/Src/stm32h7xx_hal_pwr.c ****    *** STANDBY mode ***
 353:HW_Lib/STM32H7/HAL_Lib/STM32H7xx_HAL_Driver/Src/stm32h7xx_hal_pwr.c ****    ====================
 354:HW_Lib/STM32H7/HAL_Lib/STM32H7xx_HAL_Driver/Src/stm32h7xx_hal_pwr.c ****     [..]
 355:HW_Lib/STM32H7/HAL_Lib/STM32H7xx_HAL_Driver/Src/stm32h7xx_hal_pwr.c ****     (+)
 356:HW_Lib/STM32H7/HAL_Lib/STM32H7xx_HAL_Driver/Src/stm32h7xx_hal_pwr.c ****       The system STANDBY mode allows to achieve the lowest power consumption.
 357:HW_Lib/STM32H7/HAL_Lib/STM32H7xx_HAL_Driver/Src/stm32h7xx_hal_pwr.c ****       It is based on the Cortex-Mx deep SLEEP mode, with the voltage regulator
 358:HW_Lib/STM32H7/HAL_Lib/STM32H7xx_HAL_Driver/Src/stm32h7xx_hal_pwr.c ****       disabled. The system is consequently powered off. The PLL, the HSI
 359:HW_Lib/STM32H7/HAL_Lib/STM32H7xx_HAL_Driver/Src/stm32h7xx_hal_pwr.c ****       oscillator and the HSE oscillator are also switched off. SRAM and register
 360:HW_Lib/STM32H7/HAL_Lib/STM32H7xx_HAL_Driver/Src/stm32h7xx_hal_pwr.c ****       contents are lost except for the RTC registers, RTC backup registers,
 361:HW_Lib/STM32H7/HAL_Lib/STM32H7xx_HAL_Driver/Src/stm32h7xx_hal_pwr.c ****       backup SRAM and standby circuitry.
 362:HW_Lib/STM32H7/HAL_Lib/STM32H7xx_HAL_Driver/Src/stm32h7xx_hal_pwr.c **** 
 363:HW_Lib/STM32H7/HAL_Lib/STM32H7xx_HAL_Driver/Src/stm32h7xx_hal_pwr.c ****     [..]
 364:HW_Lib/STM32H7/HAL_Lib/STM32H7xx_HAL_Driver/Src/stm32h7xx_hal_pwr.c ****       The voltage regulator is OFF.
 365:HW_Lib/STM32H7/HAL_Lib/STM32H7xx_HAL_Driver/Src/stm32h7xx_hal_pwr.c **** 
 366:HW_Lib/STM32H7/HAL_Lib/STM32H7xx_HAL_Driver/Src/stm32h7xx_hal_pwr.c ****       (++) Entry:
 367:HW_Lib/STM32H7/HAL_Lib/STM32H7xx_HAL_Driver/Src/stm32h7xx_hal_pwr.c ****         (+++) The STANDBY mode is entered using the HAL_PWR_EnterSTANDBYMode()
 368:HW_Lib/STM32H7/HAL_Lib/STM32H7xx_HAL_Driver/Src/stm32h7xx_hal_pwr.c ****               function.
ARM GAS  C:\Users\HUAV\AppData\Local\Temp\ccoKuDbb.s 			page 10


 369:HW_Lib/STM32H7/HAL_Lib/STM32H7xx_HAL_Driver/Src/stm32h7xx_hal_pwr.c **** 
 370:HW_Lib/STM32H7/HAL_Lib/STM32H7xx_HAL_Driver/Src/stm32h7xx_hal_pwr.c ****       (++) Exit:
 371:HW_Lib/STM32H7/HAL_Lib/STM32H7xx_HAL_Driver/Src/stm32h7xx_hal_pwr.c ****         (+++) WKUP pin rising or falling edge, RTC alarm (Alarm A and Alarm B),
 372:HW_Lib/STM32H7/HAL_Lib/STM32H7xx_HAL_Driver/Src/stm32h7xx_hal_pwr.c ****               RTC wakeup, tamper event, time stamp event, external reset in NRST
 373:HW_Lib/STM32H7/HAL_Lib/STM32H7xx_HAL_Driver/Src/stm32h7xx_hal_pwr.c ****               pin, IWDG reset.
 374:HW_Lib/STM32H7/HAL_Lib/STM32H7xx_HAL_Driver/Src/stm32h7xx_hal_pwr.c **** 
 375:HW_Lib/STM32H7/HAL_Lib/STM32H7xx_HAL_Driver/Src/stm32h7xx_hal_pwr.c ****    *** Auto-wakeup (AWU) from low-power mode ***
 376:HW_Lib/STM32H7/HAL_Lib/STM32H7xx_HAL_Driver/Src/stm32h7xx_hal_pwr.c ****    =============================================
 377:HW_Lib/STM32H7/HAL_Lib/STM32H7xx_HAL_Driver/Src/stm32h7xx_hal_pwr.c ****     [..]
 378:HW_Lib/STM32H7/HAL_Lib/STM32H7xx_HAL_Driver/Src/stm32h7xx_hal_pwr.c ****      (+) The MCU can be woken up from low-power mode by an RTC Alarm event, an
 379:HW_Lib/STM32H7/HAL_Lib/STM32H7xx_HAL_Driver/Src/stm32h7xx_hal_pwr.c ****          RTC Wakeup event, a tamper event or a time-stamp event, without
 380:HW_Lib/STM32H7/HAL_Lib/STM32H7xx_HAL_Driver/Src/stm32h7xx_hal_pwr.c ****          depending on an external interrupt (Auto-wakeup mode).
 381:HW_Lib/STM32H7/HAL_Lib/STM32H7xx_HAL_Driver/Src/stm32h7xx_hal_pwr.c **** 
 382:HW_Lib/STM32H7/HAL_Lib/STM32H7xx_HAL_Driver/Src/stm32h7xx_hal_pwr.c ****      (+) RTC auto-wakeup (AWU) from the STOP and STANDBY modes
 383:HW_Lib/STM32H7/HAL_Lib/STM32H7xx_HAL_Driver/Src/stm32h7xx_hal_pwr.c **** 
 384:HW_Lib/STM32H7/HAL_Lib/STM32H7xx_HAL_Driver/Src/stm32h7xx_hal_pwr.c ****        (++) To wake up from the STOP mode with an RTC alarm event, it is
 385:HW_Lib/STM32H7/HAL_Lib/STM32H7xx_HAL_Driver/Src/stm32h7xx_hal_pwr.c ****             necessary to configure the RTC to generate the RTC alarm using the
 386:HW_Lib/STM32H7/HAL_Lib/STM32H7xx_HAL_Driver/Src/stm32h7xx_hal_pwr.c ****             HAL_RTC_SetAlarm_IT() function.
 387:HW_Lib/STM32H7/HAL_Lib/STM32H7xx_HAL_Driver/Src/stm32h7xx_hal_pwr.c **** 
 388:HW_Lib/STM32H7/HAL_Lib/STM32H7xx_HAL_Driver/Src/stm32h7xx_hal_pwr.c ****        (++) To wake up from the STOP mode with an RTC Tamper or time stamp event,
 389:HW_Lib/STM32H7/HAL_Lib/STM32H7xx_HAL_Driver/Src/stm32h7xx_hal_pwr.c ****             it is necessary to configure the RTC to detect the tamper or time
 390:HW_Lib/STM32H7/HAL_Lib/STM32H7xx_HAL_Driver/Src/stm32h7xx_hal_pwr.c ****             stamp event using the HAL_RTCEx_SetTimeStamp_IT() or
 391:HW_Lib/STM32H7/HAL_Lib/STM32H7xx_HAL_Driver/Src/stm32h7xx_hal_pwr.c ****             HAL_RTCEx_SetTamper_IT() functions.
 392:HW_Lib/STM32H7/HAL_Lib/STM32H7xx_HAL_Driver/Src/stm32h7xx_hal_pwr.c **** 
 393:HW_Lib/STM32H7/HAL_Lib/STM32H7xx_HAL_Driver/Src/stm32h7xx_hal_pwr.c ****        (++) To wake up from the STOP mode with an RTC WakeUp event, it is
 394:HW_Lib/STM32H7/HAL_Lib/STM32H7xx_HAL_Driver/Src/stm32h7xx_hal_pwr.c ****             necessary to configure the RTC to generate the RTC WakeUp event
 395:HW_Lib/STM32H7/HAL_Lib/STM32H7xx_HAL_Driver/Src/stm32h7xx_hal_pwr.c ****             using the HAL_RTCEx_SetWakeUpTimer_IT() function.
 396:HW_Lib/STM32H7/HAL_Lib/STM32H7xx_HAL_Driver/Src/stm32h7xx_hal_pwr.c **** 
 397:HW_Lib/STM32H7/HAL_Lib/STM32H7xx_HAL_Driver/Src/stm32h7xx_hal_pwr.c **** @endverbatim
 398:HW_Lib/STM32H7/HAL_Lib/STM32H7xx_HAL_Driver/Src/stm32h7xx_hal_pwr.c ****   * @{
 399:HW_Lib/STM32H7/HAL_Lib/STM32H7xx_HAL_Driver/Src/stm32h7xx_hal_pwr.c ****   */
 400:HW_Lib/STM32H7/HAL_Lib/STM32H7xx_HAL_Driver/Src/stm32h7xx_hal_pwr.c **** 
 401:HW_Lib/STM32H7/HAL_Lib/STM32H7xx_HAL_Driver/Src/stm32h7xx_hal_pwr.c **** /**
 402:HW_Lib/STM32H7/HAL_Lib/STM32H7xx_HAL_Driver/Src/stm32h7xx_hal_pwr.c ****   * @brief  Configure the event mode and the voltage threshold detected by the
 403:HW_Lib/STM32H7/HAL_Lib/STM32H7xx_HAL_Driver/Src/stm32h7xx_hal_pwr.c ****   *         Programmable Voltage Detector(PVD).
 404:HW_Lib/STM32H7/HAL_Lib/STM32H7xx_HAL_Driver/Src/stm32h7xx_hal_pwr.c ****   * @param  sConfigPVD : Pointer to an PWR_PVDTypeDef structure that contains
 405:HW_Lib/STM32H7/HAL_Lib/STM32H7xx_HAL_Driver/Src/stm32h7xx_hal_pwr.c ****   *                      the configuration information for the PVD.
 406:HW_Lib/STM32H7/HAL_Lib/STM32H7xx_HAL_Driver/Src/stm32h7xx_hal_pwr.c ****   * @note   Refer to the electrical characteristics of your device datasheet for
 407:HW_Lib/STM32H7/HAL_Lib/STM32H7xx_HAL_Driver/Src/stm32h7xx_hal_pwr.c ****   *         more details about the voltage threshold corresponding to each
 408:HW_Lib/STM32H7/HAL_Lib/STM32H7xx_HAL_Driver/Src/stm32h7xx_hal_pwr.c ****   *         detection level.
 409:HW_Lib/STM32H7/HAL_Lib/STM32H7xx_HAL_Driver/Src/stm32h7xx_hal_pwr.c ****   * @note   For dual core devices, please ensure to configure the EXTI lines for
 410:HW_Lib/STM32H7/HAL_Lib/STM32H7xx_HAL_Driver/Src/stm32h7xx_hal_pwr.c ****   *         the different Cortex-Mx through PWR_Exported_Macro provided by this
 411:HW_Lib/STM32H7/HAL_Lib/STM32H7xx_HAL_Driver/Src/stm32h7xx_hal_pwr.c ****   *         driver. All combination are allowed: wake up only Cortex-M7, wake up
 412:HW_Lib/STM32H7/HAL_Lib/STM32H7xx_HAL_Driver/Src/stm32h7xx_hal_pwr.c ****   *         only Cortex-M4 or wake up Cortex-M7 and Cortex-M4.
 413:HW_Lib/STM32H7/HAL_Lib/STM32H7xx_HAL_Driver/Src/stm32h7xx_hal_pwr.c ****   * @retval None.
 414:HW_Lib/STM32H7/HAL_Lib/STM32H7xx_HAL_Driver/Src/stm32h7xx_hal_pwr.c ****   */
 415:HW_Lib/STM32H7/HAL_Lib/STM32H7xx_HAL_Driver/Src/stm32h7xx_hal_pwr.c **** void HAL_PWR_ConfigPVD (PWR_PVDTypeDef *sConfigPVD)
 416:HW_Lib/STM32H7/HAL_Lib/STM32H7xx_HAL_Driver/Src/stm32h7xx_hal_pwr.c **** {
 153              		.loc 1 416 1
 154              		.cfi_startproc
 155              		@ args = 0, pretend = 0, frame = 8
 156              		@ frame_needed = 1, uses_anonymous_args = 0
 157              		@ link register save eliminated.
 158 0000 80B4     		push	{r7}
 159              	.LCFI12:
 160              		.cfi_def_cfa_offset 4
 161              		.cfi_offset 7, -4
ARM GAS  C:\Users\HUAV\AppData\Local\Temp\ccoKuDbb.s 			page 11


 162 0002 83B0     		sub	sp, sp, #12
 163              	.LCFI13:
 164              		.cfi_def_cfa_offset 16
 165 0004 00AF     		add	r7, sp, #0
 166              	.LCFI14:
 167              		.cfi_def_cfa_register 7
 168 0006 7860     		str	r0, [r7, #4]
 417:HW_Lib/STM32H7/HAL_Lib/STM32H7xx_HAL_Driver/Src/stm32h7xx_hal_pwr.c ****   /* Check the PVD configuration parameter */
 418:HW_Lib/STM32H7/HAL_Lib/STM32H7xx_HAL_Driver/Src/stm32h7xx_hal_pwr.c ****   if (sConfigPVD == NULL)
 169              		.loc 1 418 6
 170 0008 7B68     		ldr	r3, [r7, #4]
 171 000a 002B     		cmp	r3, #0
 172 000c 69D0     		beq	.L14
 419:HW_Lib/STM32H7/HAL_Lib/STM32H7xx_HAL_Driver/Src/stm32h7xx_hal_pwr.c ****   {
 420:HW_Lib/STM32H7/HAL_Lib/STM32H7xx_HAL_Driver/Src/stm32h7xx_hal_pwr.c ****     return;
 421:HW_Lib/STM32H7/HAL_Lib/STM32H7xx_HAL_Driver/Src/stm32h7xx_hal_pwr.c ****   }
 422:HW_Lib/STM32H7/HAL_Lib/STM32H7xx_HAL_Driver/Src/stm32h7xx_hal_pwr.c **** 
 423:HW_Lib/STM32H7/HAL_Lib/STM32H7xx_HAL_Driver/Src/stm32h7xx_hal_pwr.c ****   /* Check the parameters */
 424:HW_Lib/STM32H7/HAL_Lib/STM32H7xx_HAL_Driver/Src/stm32h7xx_hal_pwr.c ****   assert_param (IS_PWR_PVD_LEVEL (sConfigPVD->PVDLevel));
 425:HW_Lib/STM32H7/HAL_Lib/STM32H7xx_HAL_Driver/Src/stm32h7xx_hal_pwr.c ****   assert_param (IS_PWR_PVD_MODE (sConfigPVD->Mode));
 426:HW_Lib/STM32H7/HAL_Lib/STM32H7xx_HAL_Driver/Src/stm32h7xx_hal_pwr.c **** 
 427:HW_Lib/STM32H7/HAL_Lib/STM32H7xx_HAL_Driver/Src/stm32h7xx_hal_pwr.c ****   /* Set PLS[7:5] bits according to PVDLevel value */
 428:HW_Lib/STM32H7/HAL_Lib/STM32H7xx_HAL_Driver/Src/stm32h7xx_hal_pwr.c ****   MODIFY_REG (PWR->CR1, PWR_CR1_PLS, sConfigPVD->PVDLevel);
 173              		.loc 1 428 3
 174 000e 384B     		ldr	r3, .L15
 175 0010 1B68     		ldr	r3, [r3]
 176 0012 23F0E002 		bic	r2, r3, #224
 177 0016 7B68     		ldr	r3, [r7, #4]
 178 0018 1B68     		ldr	r3, [r3]
 179 001a 3549     		ldr	r1, .L15
 180 001c 1343     		orrs	r3, r3, r2
 181 001e 0B60     		str	r3, [r1]
 429:HW_Lib/STM32H7/HAL_Lib/STM32H7xx_HAL_Driver/Src/stm32h7xx_hal_pwr.c **** 
 430:HW_Lib/STM32H7/HAL_Lib/STM32H7xx_HAL_Driver/Src/stm32h7xx_hal_pwr.c ****   /* Clear previous config */
 431:HW_Lib/STM32H7/HAL_Lib/STM32H7xx_HAL_Driver/Src/stm32h7xx_hal_pwr.c **** #if !defined (DUAL_CORE)
 432:HW_Lib/STM32H7/HAL_Lib/STM32H7xx_HAL_Driver/Src/stm32h7xx_hal_pwr.c ****   __HAL_PWR_PVD_EXTI_DISABLE_EVENT ();
 182              		.loc 1 432 3
 183 0020 4FF0B043 		mov	r3, #1476395008
 184 0024 D3F88430 		ldr	r3, [r3, #132]
 185 0028 4FF0B042 		mov	r2, #1476395008
 186 002c 23F48033 		bic	r3, r3, #65536
 187 0030 C2F88430 		str	r3, [r2, #132]
 433:HW_Lib/STM32H7/HAL_Lib/STM32H7xx_HAL_Driver/Src/stm32h7xx_hal_pwr.c ****   __HAL_PWR_PVD_EXTI_DISABLE_IT ();
 188              		.loc 1 433 3
 189 0034 4FF0B043 		mov	r3, #1476395008
 190 0038 D3F88030 		ldr	r3, [r3, #128]
 191 003c 4FF0B042 		mov	r2, #1476395008
 192 0040 23F48033 		bic	r3, r3, #65536
 193 0044 C2F88030 		str	r3, [r2, #128]
 434:HW_Lib/STM32H7/HAL_Lib/STM32H7xx_HAL_Driver/Src/stm32h7xx_hal_pwr.c **** #endif /* !defined (DUAL_CORE) */
 435:HW_Lib/STM32H7/HAL_Lib/STM32H7xx_HAL_Driver/Src/stm32h7xx_hal_pwr.c **** 
 436:HW_Lib/STM32H7/HAL_Lib/STM32H7xx_HAL_Driver/Src/stm32h7xx_hal_pwr.c ****   __HAL_PWR_PVD_EXTI_DISABLE_RISING_EDGE ();
 194              		.loc 1 436 3
 195 0048 4FF0B043 		mov	r3, #1476395008
 196 004c 1B68     		ldr	r3, [r3]
 197 004e 4FF0B042 		mov	r2, #1476395008
 198 0052 23F48033 		bic	r3, r3, #65536
ARM GAS  C:\Users\HUAV\AppData\Local\Temp\ccoKuDbb.s 			page 12


 199 0056 1360     		str	r3, [r2]
 437:HW_Lib/STM32H7/HAL_Lib/STM32H7xx_HAL_Driver/Src/stm32h7xx_hal_pwr.c ****   __HAL_PWR_PVD_EXTI_DISABLE_FALLING_EDGE ();
 200              		.loc 1 437 3
 201 0058 4FF0B043 		mov	r3, #1476395008
 202 005c 5B68     		ldr	r3, [r3, #4]
 203 005e 4FF0B042 		mov	r2, #1476395008
 204 0062 23F48033 		bic	r3, r3, #65536
 205 0066 5360     		str	r3, [r2, #4]
 438:HW_Lib/STM32H7/HAL_Lib/STM32H7xx_HAL_Driver/Src/stm32h7xx_hal_pwr.c **** 
 439:HW_Lib/STM32H7/HAL_Lib/STM32H7xx_HAL_Driver/Src/stm32h7xx_hal_pwr.c **** #if !defined (DUAL_CORE)
 440:HW_Lib/STM32H7/HAL_Lib/STM32H7xx_HAL_Driver/Src/stm32h7xx_hal_pwr.c ****   /* Interrupt mode configuration */
 441:HW_Lib/STM32H7/HAL_Lib/STM32H7xx_HAL_Driver/Src/stm32h7xx_hal_pwr.c ****   if ((sConfigPVD->Mode & PVD_MODE_IT) == PVD_MODE_IT)
 206              		.loc 1 441 18
 207 0068 7B68     		ldr	r3, [r7, #4]
 208 006a 5B68     		ldr	r3, [r3, #4]
 209              		.loc 1 441 25
 210 006c 03F48033 		and	r3, r3, #65536
 211              		.loc 1 441 6
 212 0070 002B     		cmp	r3, #0
 213 0072 09D0     		beq	.L11
 442:HW_Lib/STM32H7/HAL_Lib/STM32H7xx_HAL_Driver/Src/stm32h7xx_hal_pwr.c ****   {
 443:HW_Lib/STM32H7/HAL_Lib/STM32H7xx_HAL_Driver/Src/stm32h7xx_hal_pwr.c ****     __HAL_PWR_PVD_EXTI_ENABLE_IT ();
 214              		.loc 1 443 5
 215 0074 4FF0B043 		mov	r3, #1476395008
 216 0078 D3F88030 		ldr	r3, [r3, #128]
 217 007c 4FF0B042 		mov	r2, #1476395008
 218 0080 43F48033 		orr	r3, r3, #65536
 219 0084 C2F88030 		str	r3, [r2, #128]
 220              	.L11:
 444:HW_Lib/STM32H7/HAL_Lib/STM32H7xx_HAL_Driver/Src/stm32h7xx_hal_pwr.c ****   }
 445:HW_Lib/STM32H7/HAL_Lib/STM32H7xx_HAL_Driver/Src/stm32h7xx_hal_pwr.c **** 
 446:HW_Lib/STM32H7/HAL_Lib/STM32H7xx_HAL_Driver/Src/stm32h7xx_hal_pwr.c ****   /* Event mode configuration */
 447:HW_Lib/STM32H7/HAL_Lib/STM32H7xx_HAL_Driver/Src/stm32h7xx_hal_pwr.c ****   if ((sConfigPVD->Mode & PVD_MODE_EVT) == PVD_MODE_EVT)
 221              		.loc 1 447 18
 222 0088 7B68     		ldr	r3, [r7, #4]
 223 008a 5B68     		ldr	r3, [r3, #4]
 224              		.loc 1 447 25
 225 008c 03F40033 		and	r3, r3, #131072
 226              		.loc 1 447 6
 227 0090 002B     		cmp	r3, #0
 228 0092 09D0     		beq	.L12
 448:HW_Lib/STM32H7/HAL_Lib/STM32H7xx_HAL_Driver/Src/stm32h7xx_hal_pwr.c ****   {
 449:HW_Lib/STM32H7/HAL_Lib/STM32H7xx_HAL_Driver/Src/stm32h7xx_hal_pwr.c ****     __HAL_PWR_PVD_EXTI_ENABLE_EVENT ();
 229              		.loc 1 449 5
 230 0094 4FF0B043 		mov	r3, #1476395008
 231 0098 D3F88430 		ldr	r3, [r3, #132]
 232 009c 4FF0B042 		mov	r2, #1476395008
 233 00a0 43F48033 		orr	r3, r3, #65536
 234 00a4 C2F88430 		str	r3, [r2, #132]
 235              	.L12:
 450:HW_Lib/STM32H7/HAL_Lib/STM32H7xx_HAL_Driver/Src/stm32h7xx_hal_pwr.c ****   }
 451:HW_Lib/STM32H7/HAL_Lib/STM32H7xx_HAL_Driver/Src/stm32h7xx_hal_pwr.c **** #endif /* !defined (DUAL_CORE) */
 452:HW_Lib/STM32H7/HAL_Lib/STM32H7xx_HAL_Driver/Src/stm32h7xx_hal_pwr.c **** 
 453:HW_Lib/STM32H7/HAL_Lib/STM32H7xx_HAL_Driver/Src/stm32h7xx_hal_pwr.c ****   /* Rising edge configuration */
 454:HW_Lib/STM32H7/HAL_Lib/STM32H7xx_HAL_Driver/Src/stm32h7xx_hal_pwr.c ****   if ((sConfigPVD->Mode & PVD_RISING_EDGE) == PVD_RISING_EDGE)
 236              		.loc 1 454 18
 237 00a8 7B68     		ldr	r3, [r7, #4]
ARM GAS  C:\Users\HUAV\AppData\Local\Temp\ccoKuDbb.s 			page 13


 238 00aa 5B68     		ldr	r3, [r3, #4]
 239              		.loc 1 454 25
 240 00ac 03F00103 		and	r3, r3, #1
 241              		.loc 1 454 6
 242 00b0 002B     		cmp	r3, #0
 243 00b2 07D0     		beq	.L13
 455:HW_Lib/STM32H7/HAL_Lib/STM32H7xx_HAL_Driver/Src/stm32h7xx_hal_pwr.c ****   {
 456:HW_Lib/STM32H7/HAL_Lib/STM32H7xx_HAL_Driver/Src/stm32h7xx_hal_pwr.c ****     __HAL_PWR_PVD_EXTI_ENABLE_RISING_EDGE ();
 244              		.loc 1 456 5
 245 00b4 4FF0B043 		mov	r3, #1476395008
 246 00b8 1B68     		ldr	r3, [r3]
 247 00ba 4FF0B042 		mov	r2, #1476395008
 248 00be 43F48033 		orr	r3, r3, #65536
 249 00c2 1360     		str	r3, [r2]
 250              	.L13:
 457:HW_Lib/STM32H7/HAL_Lib/STM32H7xx_HAL_Driver/Src/stm32h7xx_hal_pwr.c ****   }
 458:HW_Lib/STM32H7/HAL_Lib/STM32H7xx_HAL_Driver/Src/stm32h7xx_hal_pwr.c **** 
 459:HW_Lib/STM32H7/HAL_Lib/STM32H7xx_HAL_Driver/Src/stm32h7xx_hal_pwr.c ****   /* Falling edge configuration */
 460:HW_Lib/STM32H7/HAL_Lib/STM32H7xx_HAL_Driver/Src/stm32h7xx_hal_pwr.c ****   if ((sConfigPVD->Mode & PVD_FALLING_EDGE) == PVD_FALLING_EDGE)
 251              		.loc 1 460 18
 252 00c4 7B68     		ldr	r3, [r7, #4]
 253 00c6 5B68     		ldr	r3, [r3, #4]
 254              		.loc 1 460 25
 255 00c8 03F00203 		and	r3, r3, #2
 256              		.loc 1 460 6
 257 00cc 002B     		cmp	r3, #0
 258 00ce 09D0     		beq	.L8
 461:HW_Lib/STM32H7/HAL_Lib/STM32H7xx_HAL_Driver/Src/stm32h7xx_hal_pwr.c ****   {
 462:HW_Lib/STM32H7/HAL_Lib/STM32H7xx_HAL_Driver/Src/stm32h7xx_hal_pwr.c ****     __HAL_PWR_PVD_EXTI_ENABLE_FALLING_EDGE ();
 259              		.loc 1 462 5
 260 00d0 4FF0B043 		mov	r3, #1476395008
 261 00d4 5B68     		ldr	r3, [r3, #4]
 262 00d6 4FF0B042 		mov	r2, #1476395008
 263 00da 43F48033 		orr	r3, r3, #65536
 264 00de 5360     		str	r3, [r2, #4]
 265 00e0 00E0     		b	.L8
 266              	.L14:
 420:HW_Lib/STM32H7/HAL_Lib/STM32H7xx_HAL_Driver/Src/stm32h7xx_hal_pwr.c ****   }
 267              		.loc 1 420 5
 268 00e2 00BF     		nop
 269              	.L8:
 463:HW_Lib/STM32H7/HAL_Lib/STM32H7xx_HAL_Driver/Src/stm32h7xx_hal_pwr.c ****   }
 464:HW_Lib/STM32H7/HAL_Lib/STM32H7xx_HAL_Driver/Src/stm32h7xx_hal_pwr.c **** }
 270              		.loc 1 464 1
 271 00e4 0C37     		adds	r7, r7, #12
 272              	.LCFI15:
 273              		.cfi_def_cfa_offset 4
 274 00e6 BD46     		mov	sp, r7
 275              	.LCFI16:
 276              		.cfi_def_cfa_register 13
 277              		@ sp needed
 278 00e8 5DF8047B 		ldr	r7, [sp], #4
 279              	.LCFI17:
 280              		.cfi_restore 7
 281              		.cfi_def_cfa_offset 0
 282 00ec 7047     		bx	lr
 283              	.L16:
ARM GAS  C:\Users\HUAV\AppData\Local\Temp\ccoKuDbb.s 			page 14


 284 00ee 00BF     		.align	2
 285              	.L15:
 286 00f0 00480258 		.word	1476544512
 287              		.cfi_endproc
 288              	.LFE336:
 290              		.section	.text.HAL_PWR_EnablePVD,"ax",%progbits
 291              		.align	1
 292              		.global	HAL_PWR_EnablePVD
 293              		.syntax unified
 294              		.thumb
 295              		.thumb_func
 297              	HAL_PWR_EnablePVD:
 298              	.LFB337:
 465:HW_Lib/STM32H7/HAL_Lib/STM32H7xx_HAL_Driver/Src/stm32h7xx_hal_pwr.c **** 
 466:HW_Lib/STM32H7/HAL_Lib/STM32H7xx_HAL_Driver/Src/stm32h7xx_hal_pwr.c **** /**
 467:HW_Lib/STM32H7/HAL_Lib/STM32H7xx_HAL_Driver/Src/stm32h7xx_hal_pwr.c ****   * @brief Enable the Programmable Voltage Detector (PVD).
 468:HW_Lib/STM32H7/HAL_Lib/STM32H7xx_HAL_Driver/Src/stm32h7xx_hal_pwr.c ****   * @retval None.
 469:HW_Lib/STM32H7/HAL_Lib/STM32H7xx_HAL_Driver/Src/stm32h7xx_hal_pwr.c ****   */
 470:HW_Lib/STM32H7/HAL_Lib/STM32H7xx_HAL_Driver/Src/stm32h7xx_hal_pwr.c **** void HAL_PWR_EnablePVD (void)
 471:HW_Lib/STM32H7/HAL_Lib/STM32H7xx_HAL_Driver/Src/stm32h7xx_hal_pwr.c **** {
 299              		.loc 1 471 1
 300              		.cfi_startproc
 301              		@ args = 0, pretend = 0, frame = 0
 302              		@ frame_needed = 1, uses_anonymous_args = 0
 303              		@ link register save eliminated.
 304 0000 80B4     		push	{r7}
 305              	.LCFI18:
 306              		.cfi_def_cfa_offset 4
 307              		.cfi_offset 7, -4
 308 0002 00AF     		add	r7, sp, #0
 309              	.LCFI19:
 310              		.cfi_def_cfa_register 7
 472:HW_Lib/STM32H7/HAL_Lib/STM32H7xx_HAL_Driver/Src/stm32h7xx_hal_pwr.c ****   /* Enable the power voltage detector */
 473:HW_Lib/STM32H7/HAL_Lib/STM32H7xx_HAL_Driver/Src/stm32h7xx_hal_pwr.c ****   SET_BIT (PWR->CR1, PWR_CR1_PVDEN);
 311              		.loc 1 473 3
 312 0004 054B     		ldr	r3, .L18
 313 0006 1B68     		ldr	r3, [r3]
 314 0008 044A     		ldr	r2, .L18
 315 000a 43F01003 		orr	r3, r3, #16
 316 000e 1360     		str	r3, [r2]
 474:HW_Lib/STM32H7/HAL_Lib/STM32H7xx_HAL_Driver/Src/stm32h7xx_hal_pwr.c **** }
 317              		.loc 1 474 1
 318 0010 00BF     		nop
 319 0012 BD46     		mov	sp, r7
 320              	.LCFI20:
 321              		.cfi_def_cfa_register 13
 322              		@ sp needed
 323 0014 5DF8047B 		ldr	r7, [sp], #4
 324              	.LCFI21:
 325              		.cfi_restore 7
 326              		.cfi_def_cfa_offset 0
 327 0018 7047     		bx	lr
 328              	.L19:
 329 001a 00BF     		.align	2
 330              	.L18:
 331 001c 00480258 		.word	1476544512
 332              		.cfi_endproc
ARM GAS  C:\Users\HUAV\AppData\Local\Temp\ccoKuDbb.s 			page 15


 333              	.LFE337:
 335              		.section	.text.HAL_PWR_DisablePVD,"ax",%progbits
 336              		.align	1
 337              		.global	HAL_PWR_DisablePVD
 338              		.syntax unified
 339              		.thumb
 340              		.thumb_func
 342              	HAL_PWR_DisablePVD:
 343              	.LFB338:
 475:HW_Lib/STM32H7/HAL_Lib/STM32H7xx_HAL_Driver/Src/stm32h7xx_hal_pwr.c **** 
 476:HW_Lib/STM32H7/HAL_Lib/STM32H7xx_HAL_Driver/Src/stm32h7xx_hal_pwr.c **** /**
 477:HW_Lib/STM32H7/HAL_Lib/STM32H7xx_HAL_Driver/Src/stm32h7xx_hal_pwr.c ****   * @brief Disable the Programmable Voltage Detector (PVD).
 478:HW_Lib/STM32H7/HAL_Lib/STM32H7xx_HAL_Driver/Src/stm32h7xx_hal_pwr.c ****   * @retval None.
 479:HW_Lib/STM32H7/HAL_Lib/STM32H7xx_HAL_Driver/Src/stm32h7xx_hal_pwr.c ****   */
 480:HW_Lib/STM32H7/HAL_Lib/STM32H7xx_HAL_Driver/Src/stm32h7xx_hal_pwr.c **** void HAL_PWR_DisablePVD (void)
 481:HW_Lib/STM32H7/HAL_Lib/STM32H7xx_HAL_Driver/Src/stm32h7xx_hal_pwr.c **** {
 344              		.loc 1 481 1
 345              		.cfi_startproc
 346              		@ args = 0, pretend = 0, frame = 0
 347              		@ frame_needed = 1, uses_anonymous_args = 0
 348              		@ link register save eliminated.
 349 0000 80B4     		push	{r7}
 350              	.LCFI22:
 351              		.cfi_def_cfa_offset 4
 352              		.cfi_offset 7, -4
 353 0002 00AF     		add	r7, sp, #0
 354              	.LCFI23:
 355              		.cfi_def_cfa_register 7
 482:HW_Lib/STM32H7/HAL_Lib/STM32H7xx_HAL_Driver/Src/stm32h7xx_hal_pwr.c ****   /* Disable the power voltage detector */
 483:HW_Lib/STM32H7/HAL_Lib/STM32H7xx_HAL_Driver/Src/stm32h7xx_hal_pwr.c ****   CLEAR_BIT (PWR->CR1, PWR_CR1_PVDEN);
 356              		.loc 1 483 3
 357 0004 054B     		ldr	r3, .L21
 358 0006 1B68     		ldr	r3, [r3]
 359 0008 044A     		ldr	r2, .L21
 360 000a 23F01003 		bic	r3, r3, #16
 361 000e 1360     		str	r3, [r2]
 484:HW_Lib/STM32H7/HAL_Lib/STM32H7xx_HAL_Driver/Src/stm32h7xx_hal_pwr.c **** }
 362              		.loc 1 484 1
 363 0010 00BF     		nop
 364 0012 BD46     		mov	sp, r7
 365              	.LCFI24:
 366              		.cfi_def_cfa_register 13
 367              		@ sp needed
 368 0014 5DF8047B 		ldr	r7, [sp], #4
 369              	.LCFI25:
 370              		.cfi_restore 7
 371              		.cfi_def_cfa_offset 0
 372 0018 7047     		bx	lr
 373              	.L22:
 374 001a 00BF     		.align	2
 375              	.L21:
 376 001c 00480258 		.word	1476544512
 377              		.cfi_endproc
 378              	.LFE338:
 380              		.section	.text.HAL_PWR_EnableWakeUpPin,"ax",%progbits
 381              		.align	1
 382              		.global	HAL_PWR_EnableWakeUpPin
ARM GAS  C:\Users\HUAV\AppData\Local\Temp\ccoKuDbb.s 			page 16


 383              		.syntax unified
 384              		.thumb
 385              		.thumb_func
 387              	HAL_PWR_EnableWakeUpPin:
 388              	.LFB339:
 485:HW_Lib/STM32H7/HAL_Lib/STM32H7xx_HAL_Driver/Src/stm32h7xx_hal_pwr.c **** 
 486:HW_Lib/STM32H7/HAL_Lib/STM32H7xx_HAL_Driver/Src/stm32h7xx_hal_pwr.c **** /**
 487:HW_Lib/STM32H7/HAL_Lib/STM32H7xx_HAL_Driver/Src/stm32h7xx_hal_pwr.c ****   * @brief  Enable the WakeUp PINx functionality.
 488:HW_Lib/STM32H7/HAL_Lib/STM32H7xx_HAL_Driver/Src/stm32h7xx_hal_pwr.c ****   * @param  WakeUpPinPolarity : Specifies which Wake-Up pin to enable.
 489:HW_Lib/STM32H7/HAL_Lib/STM32H7xx_HAL_Driver/Src/stm32h7xx_hal_pwr.c ****   *          This parameter can be one of the following legacy values, which
 490:HW_Lib/STM32H7/HAL_Lib/STM32H7xx_HAL_Driver/Src/stm32h7xx_hal_pwr.c ****   *          sets the default (rising edge):
 491:HW_Lib/STM32H7/HAL_Lib/STM32H7xx_HAL_Driver/Src/stm32h7xx_hal_pwr.c ****   *            @arg PWR_WAKEUP_PIN1, PWR_WAKEUP_PIN2, PWR_WAKEUP_PIN3,
 492:HW_Lib/STM32H7/HAL_Lib/STM32H7xx_HAL_Driver/Src/stm32h7xx_hal_pwr.c ****   *                 PWR_WAKEUP_PIN4, PWR_WAKEUP_PIN5, PWR_WAKEUP_PIN6.
 493:HW_Lib/STM32H7/HAL_Lib/STM32H7xx_HAL_Driver/Src/stm32h7xx_hal_pwr.c ****   *          or one of the following values where the user can explicitly states
 494:HW_Lib/STM32H7/HAL_Lib/STM32H7xx_HAL_Driver/Src/stm32h7xx_hal_pwr.c ****   *          the enabled pin and the chosen polarity:
 495:HW_Lib/STM32H7/HAL_Lib/STM32H7xx_HAL_Driver/Src/stm32h7xx_hal_pwr.c ****   *            @arg PWR_WAKEUP_PIN1_HIGH, PWR_WAKEUP_PIN1_LOW,
 496:HW_Lib/STM32H7/HAL_Lib/STM32H7xx_HAL_Driver/Src/stm32h7xx_hal_pwr.c ****   *                 PWR_WAKEUP_PIN2_HIGH, PWR_WAKEUP_PIN2_LOW,
 497:HW_Lib/STM32H7/HAL_Lib/STM32H7xx_HAL_Driver/Src/stm32h7xx_hal_pwr.c ****   *                 PWR_WAKEUP_PIN3_HIGH, PWR_WAKEUP_PIN3_LOW,
 498:HW_Lib/STM32H7/HAL_Lib/STM32H7xx_HAL_Driver/Src/stm32h7xx_hal_pwr.c ****   *                 PWR_WAKEUP_PIN4_HIGH, PWR_WAKEUP_PIN4_LOW,
 499:HW_Lib/STM32H7/HAL_Lib/STM32H7xx_HAL_Driver/Src/stm32h7xx_hal_pwr.c ****   *                 PWR_WAKEUP_PIN5_HIGH, PWR_WAKEUP_PIN5_LOW,
 500:HW_Lib/STM32H7/HAL_Lib/STM32H7xx_HAL_Driver/Src/stm32h7xx_hal_pwr.c ****   *                 PWR_WAKEUP_PIN6_HIGH, PWR_WAKEUP_PIN6_LOW.
 501:HW_Lib/STM32H7/HAL_Lib/STM32H7xx_HAL_Driver/Src/stm32h7xx_hal_pwr.c ****   * @note   PWR_WAKEUP_PINx and PWR_WAKEUP_PINx_HIGH are equivalent.
 502:HW_Lib/STM32H7/HAL_Lib/STM32H7xx_HAL_Driver/Src/stm32h7xx_hal_pwr.c ****   * @note   The PWR_WAKEUP_PIN3_HIGH, PWR_WAKEUP_PIN3_LOW, PWR_WAKEUP_PIN5_HIGH
 503:HW_Lib/STM32H7/HAL_Lib/STM32H7xx_HAL_Driver/Src/stm32h7xx_hal_pwr.c ****   *         and PWR_WAKEUP_PIN5_LOW are available only for devices that includes
 504:HW_Lib/STM32H7/HAL_Lib/STM32H7xx_HAL_Driver/Src/stm32h7xx_hal_pwr.c ****   *         GPIOI port.
 505:HW_Lib/STM32H7/HAL_Lib/STM32H7xx_HAL_Driver/Src/stm32h7xx_hal_pwr.c ****   * @retval None.
 506:HW_Lib/STM32H7/HAL_Lib/STM32H7xx_HAL_Driver/Src/stm32h7xx_hal_pwr.c ****   */
 507:HW_Lib/STM32H7/HAL_Lib/STM32H7xx_HAL_Driver/Src/stm32h7xx_hal_pwr.c **** void HAL_PWR_EnableWakeUpPin (uint32_t WakeUpPinPolarity)
 508:HW_Lib/STM32H7/HAL_Lib/STM32H7xx_HAL_Driver/Src/stm32h7xx_hal_pwr.c **** {
 389              		.loc 1 508 1
 390              		.cfi_startproc
 391              		@ args = 0, pretend = 0, frame = 8
 392              		@ frame_needed = 1, uses_anonymous_args = 0
 393              		@ link register save eliminated.
 394 0000 80B4     		push	{r7}
 395              	.LCFI26:
 396              		.cfi_def_cfa_offset 4
 397              		.cfi_offset 7, -4
 398 0002 83B0     		sub	sp, sp, #12
 399              	.LCFI27:
 400              		.cfi_def_cfa_offset 16
 401 0004 00AF     		add	r7, sp, #0
 402              	.LCFI28:
 403              		.cfi_def_cfa_register 7
 404 0006 7860     		str	r0, [r7, #4]
 509:HW_Lib/STM32H7/HAL_Lib/STM32H7xx_HAL_Driver/Src/stm32h7xx_hal_pwr.c ****   /* Check the parameters */
 510:HW_Lib/STM32H7/HAL_Lib/STM32H7xx_HAL_Driver/Src/stm32h7xx_hal_pwr.c ****   assert_param (IS_PWR_WAKEUP_PIN (WakeUpPinPolarity));
 511:HW_Lib/STM32H7/HAL_Lib/STM32H7xx_HAL_Driver/Src/stm32h7xx_hal_pwr.c **** 
 512:HW_Lib/STM32H7/HAL_Lib/STM32H7xx_HAL_Driver/Src/stm32h7xx_hal_pwr.c ****   /*
 513:HW_Lib/STM32H7/HAL_Lib/STM32H7xx_HAL_Driver/Src/stm32h7xx_hal_pwr.c ****      Enable and Specify the Wake-Up pin polarity and the pull configuration
 514:HW_Lib/STM32H7/HAL_Lib/STM32H7xx_HAL_Driver/Src/stm32h7xx_hal_pwr.c ****      for the event detection (rising or falling edge).
 515:HW_Lib/STM32H7/HAL_Lib/STM32H7xx_HAL_Driver/Src/stm32h7xx_hal_pwr.c ****   */
 516:HW_Lib/STM32H7/HAL_Lib/STM32H7xx_HAL_Driver/Src/stm32h7xx_hal_pwr.c ****   MODIFY_REG (PWR->WKUPEPR, PWR_EWUP_MASK, WakeUpPinPolarity);
 405              		.loc 1 516 3
 406 0008 064B     		ldr	r3, .L24
 407 000a 9A6A     		ldr	r2, [r3, #40]
 408 000c 064B     		ldr	r3, .L24+4
ARM GAS  C:\Users\HUAV\AppData\Local\Temp\ccoKuDbb.s 			page 17


 409 000e 1340     		ands	r3, r3, r2
 410 0010 0449     		ldr	r1, .L24
 411 0012 7A68     		ldr	r2, [r7, #4]
 412 0014 1343     		orrs	r3, r3, r2
 413 0016 8B62     		str	r3, [r1, #40]
 517:HW_Lib/STM32H7/HAL_Lib/STM32H7xx_HAL_Driver/Src/stm32h7xx_hal_pwr.c **** }
 414              		.loc 1 517 1
 415 0018 00BF     		nop
 416 001a 0C37     		adds	r7, r7, #12
 417              	.LCFI29:
 418              		.cfi_def_cfa_offset 4
 419 001c BD46     		mov	sp, r7
 420              	.LCFI30:
 421              		.cfi_def_cfa_register 13
 422              		@ sp needed
 423 001e 5DF8047B 		ldr	r7, [sp], #4
 424              	.LCFI31:
 425              		.cfi_restore 7
 426              		.cfi_def_cfa_offset 0
 427 0022 7047     		bx	lr
 428              	.L25:
 429              		.align	2
 430              	.L24:
 431 0024 00480258 		.word	1476544512
 432 0028 C0C000F0 		.word	-268386112
 433              		.cfi_endproc
 434              	.LFE339:
 436              		.section	.text.HAL_PWR_DisableWakeUpPin,"ax",%progbits
 437              		.align	1
 438              		.global	HAL_PWR_DisableWakeUpPin
 439              		.syntax unified
 440              		.thumb
 441              		.thumb_func
 443              	HAL_PWR_DisableWakeUpPin:
 444              	.LFB340:
 518:HW_Lib/STM32H7/HAL_Lib/STM32H7xx_HAL_Driver/Src/stm32h7xx_hal_pwr.c **** 
 519:HW_Lib/STM32H7/HAL_Lib/STM32H7xx_HAL_Driver/Src/stm32h7xx_hal_pwr.c **** /**
 520:HW_Lib/STM32H7/HAL_Lib/STM32H7xx_HAL_Driver/Src/stm32h7xx_hal_pwr.c ****   * @brief  Disable the WakeUp PINx functionality.
 521:HW_Lib/STM32H7/HAL_Lib/STM32H7xx_HAL_Driver/Src/stm32h7xx_hal_pwr.c ****   * @param  WakeUpPinx : Specifies the Power Wake-Up pin to disable.
 522:HW_Lib/STM32H7/HAL_Lib/STM32H7xx_HAL_Driver/Src/stm32h7xx_hal_pwr.c ****   *          This parameter can be one of the following values:
 523:HW_Lib/STM32H7/HAL_Lib/STM32H7xx_HAL_Driver/Src/stm32h7xx_hal_pwr.c ****   *            @arg PWR_WAKEUP_PIN1, PWR_WAKEUP_PIN2, PWR_WAKEUP_PIN3,
 524:HW_Lib/STM32H7/HAL_Lib/STM32H7xx_HAL_Driver/Src/stm32h7xx_hal_pwr.c ****   *                 PWR_WAKEUP_PIN4, PWR_WAKEUP_PIN5, PWR_WAKEUP_PIN6,
 525:HW_Lib/STM32H7/HAL_Lib/STM32H7xx_HAL_Driver/Src/stm32h7xx_hal_pwr.c ****   *                 PWR_WAKEUP_PIN1_HIGH, PWR_WAKEUP_PIN1_LOW,
 526:HW_Lib/STM32H7/HAL_Lib/STM32H7xx_HAL_Driver/Src/stm32h7xx_hal_pwr.c ****   *                 PWR_WAKEUP_PIN2_HIGH, PWR_WAKEUP_PIN2_LOW,
 527:HW_Lib/STM32H7/HAL_Lib/STM32H7xx_HAL_Driver/Src/stm32h7xx_hal_pwr.c ****   *                 PWR_WAKEUP_PIN3_HIGH, PWR_WAKEUP_PIN3_LOW,
 528:HW_Lib/STM32H7/HAL_Lib/STM32H7xx_HAL_Driver/Src/stm32h7xx_hal_pwr.c ****   *                 PWR_WAKEUP_PIN4_HIGH, PWR_WAKEUP_PIN4_LOW,
 529:HW_Lib/STM32H7/HAL_Lib/STM32H7xx_HAL_Driver/Src/stm32h7xx_hal_pwr.c ****   *                 PWR_WAKEUP_PIN5_HIGH, PWR_WAKEUP_PIN5_LOW,
 530:HW_Lib/STM32H7/HAL_Lib/STM32H7xx_HAL_Driver/Src/stm32h7xx_hal_pwr.c ****   *                 PWR_WAKEUP_PIN6_HIGH, PWR_WAKEUP_PIN6_LOW.
 531:HW_Lib/STM32H7/HAL_Lib/STM32H7xx_HAL_Driver/Src/stm32h7xx_hal_pwr.c ****   * @note   The PWR_WAKEUP_PIN3_HIGH, PWR_WAKEUP_PIN3_LOW, PWR_WAKEUP_PIN5_HIGH
 532:HW_Lib/STM32H7/HAL_Lib/STM32H7xx_HAL_Driver/Src/stm32h7xx_hal_pwr.c ****   *         and PWR_WAKEUP_PIN5_LOW are available only for devices that includes
 533:HW_Lib/STM32H7/HAL_Lib/STM32H7xx_HAL_Driver/Src/stm32h7xx_hal_pwr.c ****   *         GPIOI port.
 534:HW_Lib/STM32H7/HAL_Lib/STM32H7xx_HAL_Driver/Src/stm32h7xx_hal_pwr.c ****   * @retval None.
 535:HW_Lib/STM32H7/HAL_Lib/STM32H7xx_HAL_Driver/Src/stm32h7xx_hal_pwr.c ****   */
 536:HW_Lib/STM32H7/HAL_Lib/STM32H7xx_HAL_Driver/Src/stm32h7xx_hal_pwr.c **** void HAL_PWR_DisableWakeUpPin (uint32_t WakeUpPinx)
 537:HW_Lib/STM32H7/HAL_Lib/STM32H7xx_HAL_Driver/Src/stm32h7xx_hal_pwr.c **** {
 445              		.loc 1 537 1
 446              		.cfi_startproc
ARM GAS  C:\Users\HUAV\AppData\Local\Temp\ccoKuDbb.s 			page 18


 447              		@ args = 0, pretend = 0, frame = 8
 448              		@ frame_needed = 1, uses_anonymous_args = 0
 449              		@ link register save eliminated.
 450 0000 80B4     		push	{r7}
 451              	.LCFI32:
 452              		.cfi_def_cfa_offset 4
 453              		.cfi_offset 7, -4
 454 0002 83B0     		sub	sp, sp, #12
 455              	.LCFI33:
 456              		.cfi_def_cfa_offset 16
 457 0004 00AF     		add	r7, sp, #0
 458              	.LCFI34:
 459              		.cfi_def_cfa_register 7
 460 0006 7860     		str	r0, [r7, #4]
 538:HW_Lib/STM32H7/HAL_Lib/STM32H7xx_HAL_Driver/Src/stm32h7xx_hal_pwr.c ****   /* Check the parameters */
 539:HW_Lib/STM32H7/HAL_Lib/STM32H7xx_HAL_Driver/Src/stm32h7xx_hal_pwr.c ****   assert_param (IS_PWR_WAKEUP_PIN (WakeUpPinx));
 540:HW_Lib/STM32H7/HAL_Lib/STM32H7xx_HAL_Driver/Src/stm32h7xx_hal_pwr.c **** 
 541:HW_Lib/STM32H7/HAL_Lib/STM32H7xx_HAL_Driver/Src/stm32h7xx_hal_pwr.c ****   /* Disable the wake up pin selected */
 542:HW_Lib/STM32H7/HAL_Lib/STM32H7xx_HAL_Driver/Src/stm32h7xx_hal_pwr.c ****   CLEAR_BIT (PWR->WKUPEPR, (PWR_WKUPEPR_WKUPEN & WakeUpPinx));
 461              		.loc 1 542 3
 462 0008 074B     		ldr	r3, .L27
 463 000a 9A6A     		ldr	r2, [r3, #40]
 464 000c 7B68     		ldr	r3, [r7, #4]
 465 000e 03F03F03 		and	r3, r3, #63
 466 0012 DB43     		mvns	r3, r3
 467 0014 0449     		ldr	r1, .L27
 468 0016 1340     		ands	r3, r3, r2
 469 0018 8B62     		str	r3, [r1, #40]
 543:HW_Lib/STM32H7/HAL_Lib/STM32H7xx_HAL_Driver/Src/stm32h7xx_hal_pwr.c **** }
 470              		.loc 1 543 1
 471 001a 00BF     		nop
 472 001c 0C37     		adds	r7, r7, #12
 473              	.LCFI35:
 474              		.cfi_def_cfa_offset 4
 475 001e BD46     		mov	sp, r7
 476              	.LCFI36:
 477              		.cfi_def_cfa_register 13
 478              		@ sp needed
 479 0020 5DF8047B 		ldr	r7, [sp], #4
 480              	.LCFI37:
 481              		.cfi_restore 7
 482              		.cfi_def_cfa_offset 0
 483 0024 7047     		bx	lr
 484              	.L28:
 485 0026 00BF     		.align	2
 486              	.L27:
 487 0028 00480258 		.word	1476544512
 488              		.cfi_endproc
 489              	.LFE340:
 491              		.section	.text.HAL_PWR_EnterSLEEPMode,"ax",%progbits
 492              		.align	1
 493              		.global	HAL_PWR_EnterSLEEPMode
 494              		.syntax unified
 495              		.thumb
 496              		.thumb_func
 498              	HAL_PWR_EnterSLEEPMode:
 499              	.LFB341:
ARM GAS  C:\Users\HUAV\AppData\Local\Temp\ccoKuDbb.s 			page 19


 544:HW_Lib/STM32H7/HAL_Lib/STM32H7xx_HAL_Driver/Src/stm32h7xx_hal_pwr.c **** 
 545:HW_Lib/STM32H7/HAL_Lib/STM32H7xx_HAL_Driver/Src/stm32h7xx_hal_pwr.c **** /**
 546:HW_Lib/STM32H7/HAL_Lib/STM32H7xx_HAL_Driver/Src/stm32h7xx_hal_pwr.c ****   * @brief  Enter the current core in SLEEP mode (CSLEEP).
 547:HW_Lib/STM32H7/HAL_Lib/STM32H7xx_HAL_Driver/Src/stm32h7xx_hal_pwr.c ****   * @param  Regulator : Specifies the regulator state in SLEEP mode.
 548:HW_Lib/STM32H7/HAL_Lib/STM32H7xx_HAL_Driver/Src/stm32h7xx_hal_pwr.c ****   *          This parameter can be one of the following values:
 549:HW_Lib/STM32H7/HAL_Lib/STM32H7xx_HAL_Driver/Src/stm32h7xx_hal_pwr.c ****   *            @arg PWR_MAINREGULATOR_ON     : SLEEP mode with regulator ON.
 550:HW_Lib/STM32H7/HAL_Lib/STM32H7xx_HAL_Driver/Src/stm32h7xx_hal_pwr.c ****   *            @arg PWR_LOWPOWERREGULATOR_ON : SLEEP mode with low power
 551:HW_Lib/STM32H7/HAL_Lib/STM32H7xx_HAL_Driver/Src/stm32h7xx_hal_pwr.c ****   *                                           regulator ON.
 552:HW_Lib/STM32H7/HAL_Lib/STM32H7xx_HAL_Driver/Src/stm32h7xx_hal_pwr.c ****   * @note   This parameter is not used for the STM32H7 family and is kept as
 553:HW_Lib/STM32H7/HAL_Lib/STM32H7xx_HAL_Driver/Src/stm32h7xx_hal_pwr.c ****   *         parameter just to maintain compatibility with the lower power
 554:HW_Lib/STM32H7/HAL_Lib/STM32H7xx_HAL_Driver/Src/stm32h7xx_hal_pwr.c ****   *         families.
 555:HW_Lib/STM32H7/HAL_Lib/STM32H7xx_HAL_Driver/Src/stm32h7xx_hal_pwr.c ****   * @param  SLEEPEntry : Specifies if SLEEP mode is entered with WFI or WFE
 556:HW_Lib/STM32H7/HAL_Lib/STM32H7xx_HAL_Driver/Src/stm32h7xx_hal_pwr.c ****   *                      intrinsic instruction.
 557:HW_Lib/STM32H7/HAL_Lib/STM32H7xx_HAL_Driver/Src/stm32h7xx_hal_pwr.c ****   *          This parameter can be one of the following values:
 558:HW_Lib/STM32H7/HAL_Lib/STM32H7xx_HAL_Driver/Src/stm32h7xx_hal_pwr.c ****   *            @arg PWR_SLEEPENTRY_WFI : enter SLEEP mode with WFI instruction.
 559:HW_Lib/STM32H7/HAL_Lib/STM32H7xx_HAL_Driver/Src/stm32h7xx_hal_pwr.c ****   *            @arg PWR_SLEEPENTRY_WFE : enter SLEEP mode with WFE instruction.
 560:HW_Lib/STM32H7/HAL_Lib/STM32H7xx_HAL_Driver/Src/stm32h7xx_hal_pwr.c ****   * @note   Ensure to clear pending events before calling this API through
 561:HW_Lib/STM32H7/HAL_Lib/STM32H7xx_HAL_Driver/Src/stm32h7xx_hal_pwr.c ****   *         HAL_PWREx_ClearPendingEvent() when the SLEEP entry is WFE.
 562:HW_Lib/STM32H7/HAL_Lib/STM32H7xx_HAL_Driver/Src/stm32h7xx_hal_pwr.c ****   * @retval None.
 563:HW_Lib/STM32H7/HAL_Lib/STM32H7xx_HAL_Driver/Src/stm32h7xx_hal_pwr.c ****   */
 564:HW_Lib/STM32H7/HAL_Lib/STM32H7xx_HAL_Driver/Src/stm32h7xx_hal_pwr.c **** void HAL_PWR_EnterSLEEPMode (uint32_t Regulator, uint8_t SLEEPEntry)
 565:HW_Lib/STM32H7/HAL_Lib/STM32H7xx_HAL_Driver/Src/stm32h7xx_hal_pwr.c **** {
 500              		.loc 1 565 1
 501              		.cfi_startproc
 502              		@ args = 0, pretend = 0, frame = 8
 503              		@ frame_needed = 1, uses_anonymous_args = 0
 504              		@ link register save eliminated.
 505 0000 80B4     		push	{r7}
 506              	.LCFI38:
 507              		.cfi_def_cfa_offset 4
 508              		.cfi_offset 7, -4
 509 0002 83B0     		sub	sp, sp, #12
 510              	.LCFI39:
 511              		.cfi_def_cfa_offset 16
 512 0004 00AF     		add	r7, sp, #0
 513              	.LCFI40:
 514              		.cfi_def_cfa_register 7
 515 0006 7860     		str	r0, [r7, #4]
 516 0008 0B46     		mov	r3, r1
 517 000a FB70     		strb	r3, [r7, #3]
 566:HW_Lib/STM32H7/HAL_Lib/STM32H7xx_HAL_Driver/Src/stm32h7xx_hal_pwr.c ****   /* Check the parameters */
 567:HW_Lib/STM32H7/HAL_Lib/STM32H7xx_HAL_Driver/Src/stm32h7xx_hal_pwr.c ****   assert_param (IS_PWR_REGULATOR (Regulator));
 568:HW_Lib/STM32H7/HAL_Lib/STM32H7xx_HAL_Driver/Src/stm32h7xx_hal_pwr.c ****   assert_param (IS_PWR_SLEEP_ENTRY (SLEEPEntry));
 569:HW_Lib/STM32H7/HAL_Lib/STM32H7xx_HAL_Driver/Src/stm32h7xx_hal_pwr.c **** 
 570:HW_Lib/STM32H7/HAL_Lib/STM32H7xx_HAL_Driver/Src/stm32h7xx_hal_pwr.c ****   /* Clear SLEEPDEEP bit of Cortex System Control Register */
 571:HW_Lib/STM32H7/HAL_Lib/STM32H7xx_HAL_Driver/Src/stm32h7xx_hal_pwr.c ****   CLEAR_BIT (SCB->SCR, SCB_SCR_SLEEPDEEP_Msk);
 518              		.loc 1 571 3
 519 000c 084B     		ldr	r3, .L33
 520 000e 1B69     		ldr	r3, [r3, #16]
 521 0010 074A     		ldr	r2, .L33
 522 0012 23F00403 		bic	r3, r3, #4
 523 0016 1361     		str	r3, [r2, #16]
 572:HW_Lib/STM32H7/HAL_Lib/STM32H7xx_HAL_Driver/Src/stm32h7xx_hal_pwr.c **** 
 573:HW_Lib/STM32H7/HAL_Lib/STM32H7xx_HAL_Driver/Src/stm32h7xx_hal_pwr.c ****   /* Select SLEEP mode entry */
 574:HW_Lib/STM32H7/HAL_Lib/STM32H7xx_HAL_Driver/Src/stm32h7xx_hal_pwr.c ****   if (SLEEPEntry == PWR_SLEEPENTRY_WFI)
 524              		.loc 1 574 6
 525 0018 FB78     		ldrb	r3, [r7, #3]	@ zero_extendqisi2
ARM GAS  C:\Users\HUAV\AppData\Local\Temp\ccoKuDbb.s 			page 20


 526 001a 012B     		cmp	r3, #1
 527 001c 01D1     		bne	.L30
 575:HW_Lib/STM32H7/HAL_Lib/STM32H7xx_HAL_Driver/Src/stm32h7xx_hal_pwr.c ****   {
 576:HW_Lib/STM32H7/HAL_Lib/STM32H7xx_HAL_Driver/Src/stm32h7xx_hal_pwr.c ****     /* Request Wait For Interrupt */
 577:HW_Lib/STM32H7/HAL_Lib/STM32H7xx_HAL_Driver/Src/stm32h7xx_hal_pwr.c ****     __WFI ();
 528              		.loc 1 577 5
 529              		.syntax unified
 530              	@ 577 "HW_Lib/STM32H7/HAL_Lib/STM32H7xx_HAL_Driver/Src/stm32h7xx_hal_pwr.c" 1
 531 001e 30BF     		wfi
 532              	@ 0 "" 2
 578:HW_Lib/STM32H7/HAL_Lib/STM32H7xx_HAL_Driver/Src/stm32h7xx_hal_pwr.c ****   }
 579:HW_Lib/STM32H7/HAL_Lib/STM32H7xx_HAL_Driver/Src/stm32h7xx_hal_pwr.c ****   else
 580:HW_Lib/STM32H7/HAL_Lib/STM32H7xx_HAL_Driver/Src/stm32h7xx_hal_pwr.c ****   {
 581:HW_Lib/STM32H7/HAL_Lib/STM32H7xx_HAL_Driver/Src/stm32h7xx_hal_pwr.c ****     /* Request Wait For Event */
 582:HW_Lib/STM32H7/HAL_Lib/STM32H7xx_HAL_Driver/Src/stm32h7xx_hal_pwr.c ****     __WFE ();
 583:HW_Lib/STM32H7/HAL_Lib/STM32H7xx_HAL_Driver/Src/stm32h7xx_hal_pwr.c ****   }
 584:HW_Lib/STM32H7/HAL_Lib/STM32H7xx_HAL_Driver/Src/stm32h7xx_hal_pwr.c **** }
 533              		.loc 1 584 1
 534              		.thumb
 535              		.syntax unified
 536 0020 00E0     		b	.L32
 537              	.L30:
 582:HW_Lib/STM32H7/HAL_Lib/STM32H7xx_HAL_Driver/Src/stm32h7xx_hal_pwr.c ****   }
 538              		.loc 1 582 5
 539              		.syntax unified
 540              	@ 582 "HW_Lib/STM32H7/HAL_Lib/STM32H7xx_HAL_Driver/Src/stm32h7xx_hal_pwr.c" 1
 541 0022 20BF     		wfe
 542              	@ 0 "" 2
 543              		.thumb
 544              		.syntax unified
 545              	.L32:
 546              		.loc 1 584 1
 547 0024 00BF     		nop
 548 0026 0C37     		adds	r7, r7, #12
 549              	.LCFI41:
 550              		.cfi_def_cfa_offset 4
 551 0028 BD46     		mov	sp, r7
 552              	.LCFI42:
 553              		.cfi_def_cfa_register 13
 554              		@ sp needed
 555 002a 5DF8047B 		ldr	r7, [sp], #4
 556              	.LCFI43:
 557              		.cfi_restore 7
 558              		.cfi_def_cfa_offset 0
 559 002e 7047     		bx	lr
 560              	.L34:
 561              		.align	2
 562              	.L33:
 563 0030 00ED00E0 		.word	-536810240
 564              		.cfi_endproc
 565              	.LFE341:
 567              		.section	.text.HAL_PWR_EnterSTOPMode,"ax",%progbits
 568              		.align	1
 569              		.global	HAL_PWR_EnterSTOPMode
 570              		.syntax unified
 571              		.thumb
 572              		.thumb_func
ARM GAS  C:\Users\HUAV\AppData\Local\Temp\ccoKuDbb.s 			page 21


 574              	HAL_PWR_EnterSTOPMode:
 575              	.LFB342:
 585:HW_Lib/STM32H7/HAL_Lib/STM32H7xx_HAL_Driver/Src/stm32h7xx_hal_pwr.c **** 
 586:HW_Lib/STM32H7/HAL_Lib/STM32H7xx_HAL_Driver/Src/stm32h7xx_hal_pwr.c **** /**
 587:HW_Lib/STM32H7/HAL_Lib/STM32H7xx_HAL_Driver/Src/stm32h7xx_hal_pwr.c ****   * @brief  Enter STOP mode.
 588:HW_Lib/STM32H7/HAL_Lib/STM32H7xx_HAL_Driver/Src/stm32h7xx_hal_pwr.c ****   * @note   For single core devices, this API will enter the system in STOP mode
 589:HW_Lib/STM32H7/HAL_Lib/STM32H7xx_HAL_Driver/Src/stm32h7xx_hal_pwr.c ****   *         with all domains in DSTOP, if RUN_D3/RUN_SRD bit in CPUCR register is
 590:HW_Lib/STM32H7/HAL_Lib/STM32H7xx_HAL_Driver/Src/stm32h7xx_hal_pwr.c ****   *         cleared.
 591:HW_Lib/STM32H7/HAL_Lib/STM32H7xx_HAL_Driver/Src/stm32h7xx_hal_pwr.c ****   *         For dual core devices, this API will enter the domain (containing
 592:HW_Lib/STM32H7/HAL_Lib/STM32H7xx_HAL_Driver/Src/stm32h7xx_hal_pwr.c ****   *         Cortex-Mx that executing this function) in DSTOP mode. If all
 593:HW_Lib/STM32H7/HAL_Lib/STM32H7xx_HAL_Driver/Src/stm32h7xx_hal_pwr.c ****   *         Cortex-Mx domains are in DSTOP and RUN_D3 bit in CPUCR register is
 594:HW_Lib/STM32H7/HAL_Lib/STM32H7xx_HAL_Driver/Src/stm32h7xx_hal_pwr.c ****   *         cleared, all the system will enter in STOP mode.
 595:HW_Lib/STM32H7/HAL_Lib/STM32H7xx_HAL_Driver/Src/stm32h7xx_hal_pwr.c ****   * @param  Regulator : Specifies the regulator state in STOP mode.
 596:HW_Lib/STM32H7/HAL_Lib/STM32H7xx_HAL_Driver/Src/stm32h7xx_hal_pwr.c ****   *          This parameter can be one of the following values:
 597:HW_Lib/STM32H7/HAL_Lib/STM32H7xx_HAL_Driver/Src/stm32h7xx_hal_pwr.c ****   *            @arg PWR_MAINREGULATOR_ON     : STOP mode with regulator ON.
 598:HW_Lib/STM32H7/HAL_Lib/STM32H7xx_HAL_Driver/Src/stm32h7xx_hal_pwr.c ****   *            @arg PWR_LOWPOWERREGULATOR_ON : STOP mode with low power
 599:HW_Lib/STM32H7/HAL_Lib/STM32H7xx_HAL_Driver/Src/stm32h7xx_hal_pwr.c ****   *                                            regulator ON.
 600:HW_Lib/STM32H7/HAL_Lib/STM32H7xx_HAL_Driver/Src/stm32h7xx_hal_pwr.c ****   * @param  STOPEntry : Specifies if STOP mode in entered with WFI or WFE
 601:HW_Lib/STM32H7/HAL_Lib/STM32H7xx_HAL_Driver/Src/stm32h7xx_hal_pwr.c ****   *                     intrinsic instruction.
 602:HW_Lib/STM32H7/HAL_Lib/STM32H7xx_HAL_Driver/Src/stm32h7xx_hal_pwr.c ****   *          This parameter can be one of the following values:
 603:HW_Lib/STM32H7/HAL_Lib/STM32H7xx_HAL_Driver/Src/stm32h7xx_hal_pwr.c ****   *            @arg PWR_STOPENTRY_WFI : Enter STOP mode with WFI instruction.
 604:HW_Lib/STM32H7/HAL_Lib/STM32H7xx_HAL_Driver/Src/stm32h7xx_hal_pwr.c ****   *            @arg PWR_STOPENTRY_WFE : Enter STOP mode with WFE instruction.
 605:HW_Lib/STM32H7/HAL_Lib/STM32H7xx_HAL_Driver/Src/stm32h7xx_hal_pwr.c ****   * @note   In System STOP mode, all I/O pins keep the same state as in Run mode.
 606:HW_Lib/STM32H7/HAL_Lib/STM32H7xx_HAL_Driver/Src/stm32h7xx_hal_pwr.c ****   * @note   When exiting System STOP mode by issuing an interrupt or a wakeup
 607:HW_Lib/STM32H7/HAL_Lib/STM32H7xx_HAL_Driver/Src/stm32h7xx_hal_pwr.c ****   *         event, the HSI RC oscillator is selected as default system wakeup
 608:HW_Lib/STM32H7/HAL_Lib/STM32H7xx_HAL_Driver/Src/stm32h7xx_hal_pwr.c ****   *         clock.
 609:HW_Lib/STM32H7/HAL_Lib/STM32H7xx_HAL_Driver/Src/stm32h7xx_hal_pwr.c ****   * @note   In System STOP mode, when the voltage regulator operates in low
 610:HW_Lib/STM32H7/HAL_Lib/STM32H7xx_HAL_Driver/Src/stm32h7xx_hal_pwr.c ****   *         power mode, an additional startup delay is incurred when the system
 611:HW_Lib/STM32H7/HAL_Lib/STM32H7xx_HAL_Driver/Src/stm32h7xx_hal_pwr.c ****   *         is waking up. By keeping the internal regulator ON during STOP mode,
 612:HW_Lib/STM32H7/HAL_Lib/STM32H7xx_HAL_Driver/Src/stm32h7xx_hal_pwr.c ****   *         the consumption is higher although the startup time is reduced.
 613:HW_Lib/STM32H7/HAL_Lib/STM32H7xx_HAL_Driver/Src/stm32h7xx_hal_pwr.c ****   * @retval None.
 614:HW_Lib/STM32H7/HAL_Lib/STM32H7xx_HAL_Driver/Src/stm32h7xx_hal_pwr.c ****   */
 615:HW_Lib/STM32H7/HAL_Lib/STM32H7xx_HAL_Driver/Src/stm32h7xx_hal_pwr.c **** void HAL_PWR_EnterSTOPMode (uint32_t Regulator, uint8_t STOPEntry)
 616:HW_Lib/STM32H7/HAL_Lib/STM32H7xx_HAL_Driver/Src/stm32h7xx_hal_pwr.c **** {
 576              		.loc 1 616 1
 577              		.cfi_startproc
 578              		@ args = 0, pretend = 0, frame = 8
 579              		@ frame_needed = 1, uses_anonymous_args = 0
 580              		@ link register save eliminated.
 581 0000 80B4     		push	{r7}
 582              	.LCFI44:
 583              		.cfi_def_cfa_offset 4
 584              		.cfi_offset 7, -4
 585 0002 83B0     		sub	sp, sp, #12
 586              	.LCFI45:
 587              		.cfi_def_cfa_offset 16
 588 0004 00AF     		add	r7, sp, #0
 589              	.LCFI46:
 590              		.cfi_def_cfa_register 7
 591 0006 7860     		str	r0, [r7, #4]
 592 0008 0B46     		mov	r3, r1
 593 000a FB70     		strb	r3, [r7, #3]
 617:HW_Lib/STM32H7/HAL_Lib/STM32H7xx_HAL_Driver/Src/stm32h7xx_hal_pwr.c ****   /* Check the parameters */
 618:HW_Lib/STM32H7/HAL_Lib/STM32H7xx_HAL_Driver/Src/stm32h7xx_hal_pwr.c ****   assert_param (IS_PWR_REGULATOR (Regulator));
 619:HW_Lib/STM32H7/HAL_Lib/STM32H7xx_HAL_Driver/Src/stm32h7xx_hal_pwr.c ****   assert_param (IS_PWR_STOP_ENTRY (STOPEntry));
 620:HW_Lib/STM32H7/HAL_Lib/STM32H7xx_HAL_Driver/Src/stm32h7xx_hal_pwr.c **** 
 621:HW_Lib/STM32H7/HAL_Lib/STM32H7xx_HAL_Driver/Src/stm32h7xx_hal_pwr.c ****   /* Select the regulator state in STOP mode */
ARM GAS  C:\Users\HUAV\AppData\Local\Temp\ccoKuDbb.s 			page 22


 622:HW_Lib/STM32H7/HAL_Lib/STM32H7xx_HAL_Driver/Src/stm32h7xx_hal_pwr.c ****   MODIFY_REG (PWR->CR1, PWR_CR1_LPDS, Regulator);
 594              		.loc 1 622 3
 595 000c 184B     		ldr	r3, .L38
 596 000e 1B68     		ldr	r3, [r3]
 597 0010 23F00102 		bic	r2, r3, #1
 598 0014 1649     		ldr	r1, .L38
 599 0016 7B68     		ldr	r3, [r7, #4]
 600 0018 1343     		orrs	r3, r3, r2
 601 001a 0B60     		str	r3, [r1]
 623:HW_Lib/STM32H7/HAL_Lib/STM32H7xx_HAL_Driver/Src/stm32h7xx_hal_pwr.c **** 
 624:HW_Lib/STM32H7/HAL_Lib/STM32H7xx_HAL_Driver/Src/stm32h7xx_hal_pwr.c ****   /* Configure the PWR mode for the different Domains */
 625:HW_Lib/STM32H7/HAL_Lib/STM32H7xx_HAL_Driver/Src/stm32h7xx_hal_pwr.c **** #if defined (DUAL_CORE)
 626:HW_Lib/STM32H7/HAL_Lib/STM32H7xx_HAL_Driver/Src/stm32h7xx_hal_pwr.c ****   /* Check CPU ID */
 627:HW_Lib/STM32H7/HAL_Lib/STM32H7xx_HAL_Driver/Src/stm32h7xx_hal_pwr.c ****   if (HAL_GetCurrentCPUID () == CM7_CPUID)
 628:HW_Lib/STM32H7/HAL_Lib/STM32H7xx_HAL_Driver/Src/stm32h7xx_hal_pwr.c ****   {
 629:HW_Lib/STM32H7/HAL_Lib/STM32H7xx_HAL_Driver/Src/stm32h7xx_hal_pwr.c ****     /* Keep DSTOP mode when Cortex-M7 enters DEEP-SLEEP */
 630:HW_Lib/STM32H7/HAL_Lib/STM32H7xx_HAL_Driver/Src/stm32h7xx_hal_pwr.c ****     CLEAR_BIT (PWR->CPUCR, (PWR_CPUCR_PDDS_D1 | PWR_CPUCR_PDDS_D3));
 631:HW_Lib/STM32H7/HAL_Lib/STM32H7xx_HAL_Driver/Src/stm32h7xx_hal_pwr.c ****   }
 632:HW_Lib/STM32H7/HAL_Lib/STM32H7xx_HAL_Driver/Src/stm32h7xx_hal_pwr.c ****   else
 633:HW_Lib/STM32H7/HAL_Lib/STM32H7xx_HAL_Driver/Src/stm32h7xx_hal_pwr.c ****   {
 634:HW_Lib/STM32H7/HAL_Lib/STM32H7xx_HAL_Driver/Src/stm32h7xx_hal_pwr.c ****     /* Keep DSTOP mode when Cortex-M4 enters DEEP-SLEEP */
 635:HW_Lib/STM32H7/HAL_Lib/STM32H7xx_HAL_Driver/Src/stm32h7xx_hal_pwr.c ****     CLEAR_BIT (PWR->CPUCR, (PWR_CPUCR_PDDS_D2 | PWR_CPUCR_PDDS_D3));
 636:HW_Lib/STM32H7/HAL_Lib/STM32H7xx_HAL_Driver/Src/stm32h7xx_hal_pwr.c ****   }
 637:HW_Lib/STM32H7/HAL_Lib/STM32H7xx_HAL_Driver/Src/stm32h7xx_hal_pwr.c **** #else /* Single core devices */
 638:HW_Lib/STM32H7/HAL_Lib/STM32H7xx_HAL_Driver/Src/stm32h7xx_hal_pwr.c ****   /* Keep DSTOP mode when Cortex-M7 enter in DEEP-SLEEP */
 639:HW_Lib/STM32H7/HAL_Lib/STM32H7xx_HAL_Driver/Src/stm32h7xx_hal_pwr.c ****   CLEAR_BIT (PWR->CPUCR, (PWR_CPUCR_PDDS_D1 | PWR_CPUCR_PDDS_D3));
 602              		.loc 1 639 3
 603 001c 144B     		ldr	r3, .L38
 604 001e 1B69     		ldr	r3, [r3, #16]
 605 0020 134A     		ldr	r2, .L38
 606 0022 23F00503 		bic	r3, r3, #5
 607 0026 1361     		str	r3, [r2, #16]
 640:HW_Lib/STM32H7/HAL_Lib/STM32H7xx_HAL_Driver/Src/stm32h7xx_hal_pwr.c **** 
 641:HW_Lib/STM32H7/HAL_Lib/STM32H7xx_HAL_Driver/Src/stm32h7xx_hal_pwr.c **** #if defined (PWR_CPUCR_PDDS_D2)
 642:HW_Lib/STM32H7/HAL_Lib/STM32H7xx_HAL_Driver/Src/stm32h7xx_hal_pwr.c ****   /* Keep DSTOP mode when Cortex-M7 enter in DEEP-SLEEP */
 643:HW_Lib/STM32H7/HAL_Lib/STM32H7xx_HAL_Driver/Src/stm32h7xx_hal_pwr.c ****   CLEAR_BIT (PWR->CPUCR, PWR_CPUCR_PDDS_D2);
 608              		.loc 1 643 3
 609 0028 114B     		ldr	r3, .L38
 610 002a 1B69     		ldr	r3, [r3, #16]
 611 002c 104A     		ldr	r2, .L38
 612 002e 23F00203 		bic	r3, r3, #2
 613 0032 1361     		str	r3, [r2, #16]
 644:HW_Lib/STM32H7/HAL_Lib/STM32H7xx_HAL_Driver/Src/stm32h7xx_hal_pwr.c **** #endif /* PWR_CPUCR_PDDS_D2 */
 645:HW_Lib/STM32H7/HAL_Lib/STM32H7xx_HAL_Driver/Src/stm32h7xx_hal_pwr.c **** #endif /* defined (DUAL_CORE) */
 646:HW_Lib/STM32H7/HAL_Lib/STM32H7xx_HAL_Driver/Src/stm32h7xx_hal_pwr.c **** 
 647:HW_Lib/STM32H7/HAL_Lib/STM32H7xx_HAL_Driver/Src/stm32h7xx_hal_pwr.c ****   /* Set SLEEPDEEP bit of Cortex System Control Register */
 648:HW_Lib/STM32H7/HAL_Lib/STM32H7xx_HAL_Driver/Src/stm32h7xx_hal_pwr.c ****   SET_BIT (SCB->SCR, SCB_SCR_SLEEPDEEP_Msk);
 614              		.loc 1 648 3
 615 0034 0F4B     		ldr	r3, .L38+4
 616 0036 1B69     		ldr	r3, [r3, #16]
 617 0038 0E4A     		ldr	r2, .L38+4
 618 003a 43F00403 		orr	r3, r3, #4
 619 003e 1361     		str	r3, [r2, #16]
 620              	.LBB10:
 621              	.LBB11:
 622              		.file 2 "HW_Lib/STM32H7/HAL_Lib/CMSIS/Core/Include/cmsis_gcc.h"
   1:HW_Lib/STM32H7/HAL_Lib/CMSIS/Core/Include/cmsis_gcc.h **** /**************************************************************************//**
ARM GAS  C:\Users\HUAV\AppData\Local\Temp\ccoKuDbb.s 			page 23


   2:HW_Lib/STM32H7/HAL_Lib/CMSIS/Core/Include/cmsis_gcc.h ****  * @file     cmsis_gcc.h
   3:HW_Lib/STM32H7/HAL_Lib/CMSIS/Core/Include/cmsis_gcc.h ****  * @brief    CMSIS compiler GCC header file
   4:HW_Lib/STM32H7/HAL_Lib/CMSIS/Core/Include/cmsis_gcc.h ****  * @version  V5.2.0
   5:HW_Lib/STM32H7/HAL_Lib/CMSIS/Core/Include/cmsis_gcc.h ****  * @date     08. May 2019
   6:HW_Lib/STM32H7/HAL_Lib/CMSIS/Core/Include/cmsis_gcc.h ****  ******************************************************************************/
   7:HW_Lib/STM32H7/HAL_Lib/CMSIS/Core/Include/cmsis_gcc.h **** /*
   8:HW_Lib/STM32H7/HAL_Lib/CMSIS/Core/Include/cmsis_gcc.h ****  * Copyright (c) 2009-2019 Arm Limited. All rights reserved.
   9:HW_Lib/STM32H7/HAL_Lib/CMSIS/Core/Include/cmsis_gcc.h ****  *
  10:HW_Lib/STM32H7/HAL_Lib/CMSIS/Core/Include/cmsis_gcc.h ****  * SPDX-License-Identifier: Apache-2.0
  11:HW_Lib/STM32H7/HAL_Lib/CMSIS/Core/Include/cmsis_gcc.h ****  *
  12:HW_Lib/STM32H7/HAL_Lib/CMSIS/Core/Include/cmsis_gcc.h ****  * Licensed under the Apache License, Version 2.0 (the License); you may
  13:HW_Lib/STM32H7/HAL_Lib/CMSIS/Core/Include/cmsis_gcc.h ****  * not use this file except in compliance with the License.
  14:HW_Lib/STM32H7/HAL_Lib/CMSIS/Core/Include/cmsis_gcc.h ****  * You may obtain a copy of the License at
  15:HW_Lib/STM32H7/HAL_Lib/CMSIS/Core/Include/cmsis_gcc.h ****  *
  16:HW_Lib/STM32H7/HAL_Lib/CMSIS/Core/Include/cmsis_gcc.h ****  * www.apache.org/licenses/LICENSE-2.0
  17:HW_Lib/STM32H7/HAL_Lib/CMSIS/Core/Include/cmsis_gcc.h ****  *
  18:HW_Lib/STM32H7/HAL_Lib/CMSIS/Core/Include/cmsis_gcc.h ****  * Unless required by applicable law or agreed to in writing, software
  19:HW_Lib/STM32H7/HAL_Lib/CMSIS/Core/Include/cmsis_gcc.h ****  * distributed under the License is distributed on an AS IS BASIS, WITHOUT
  20:HW_Lib/STM32H7/HAL_Lib/CMSIS/Core/Include/cmsis_gcc.h ****  * WARRANTIES OR CONDITIONS OF ANY KIND, either express or implied.
  21:HW_Lib/STM32H7/HAL_Lib/CMSIS/Core/Include/cmsis_gcc.h ****  * See the License for the specific language governing permissions and
  22:HW_Lib/STM32H7/HAL_Lib/CMSIS/Core/Include/cmsis_gcc.h ****  * limitations under the License.
  23:HW_Lib/STM32H7/HAL_Lib/CMSIS/Core/Include/cmsis_gcc.h ****  */
  24:HW_Lib/STM32H7/HAL_Lib/CMSIS/Core/Include/cmsis_gcc.h **** 
  25:HW_Lib/STM32H7/HAL_Lib/CMSIS/Core/Include/cmsis_gcc.h **** #ifndef __CMSIS_GCC_H
  26:HW_Lib/STM32H7/HAL_Lib/CMSIS/Core/Include/cmsis_gcc.h **** #define __CMSIS_GCC_H
  27:HW_Lib/STM32H7/HAL_Lib/CMSIS/Core/Include/cmsis_gcc.h **** 
  28:HW_Lib/STM32H7/HAL_Lib/CMSIS/Core/Include/cmsis_gcc.h **** /* ignore some GCC warnings */
  29:HW_Lib/STM32H7/HAL_Lib/CMSIS/Core/Include/cmsis_gcc.h **** #pragma GCC diagnostic push
  30:HW_Lib/STM32H7/HAL_Lib/CMSIS/Core/Include/cmsis_gcc.h **** #pragma GCC diagnostic ignored "-Wsign-conversion"
  31:HW_Lib/STM32H7/HAL_Lib/CMSIS/Core/Include/cmsis_gcc.h **** #pragma GCC diagnostic ignored "-Wconversion"
  32:HW_Lib/STM32H7/HAL_Lib/CMSIS/Core/Include/cmsis_gcc.h **** #pragma GCC diagnostic ignored "-Wunused-parameter"
  33:HW_Lib/STM32H7/HAL_Lib/CMSIS/Core/Include/cmsis_gcc.h **** 
  34:HW_Lib/STM32H7/HAL_Lib/CMSIS/Core/Include/cmsis_gcc.h **** /* Fallback for __has_builtin */
  35:HW_Lib/STM32H7/HAL_Lib/CMSIS/Core/Include/cmsis_gcc.h **** #ifndef __has_builtin
  36:HW_Lib/STM32H7/HAL_Lib/CMSIS/Core/Include/cmsis_gcc.h ****   #define __has_builtin(x) (0)
  37:HW_Lib/STM32H7/HAL_Lib/CMSIS/Core/Include/cmsis_gcc.h **** #endif
  38:HW_Lib/STM32H7/HAL_Lib/CMSIS/Core/Include/cmsis_gcc.h **** 
  39:HW_Lib/STM32H7/HAL_Lib/CMSIS/Core/Include/cmsis_gcc.h **** /* CMSIS compiler specific defines */
  40:HW_Lib/STM32H7/HAL_Lib/CMSIS/Core/Include/cmsis_gcc.h **** #ifndef   __ASM
  41:HW_Lib/STM32H7/HAL_Lib/CMSIS/Core/Include/cmsis_gcc.h ****   #define __ASM                                  __asm
  42:HW_Lib/STM32H7/HAL_Lib/CMSIS/Core/Include/cmsis_gcc.h **** #endif
  43:HW_Lib/STM32H7/HAL_Lib/CMSIS/Core/Include/cmsis_gcc.h **** #ifndef   __INLINE
  44:HW_Lib/STM32H7/HAL_Lib/CMSIS/Core/Include/cmsis_gcc.h ****   #define __INLINE                               inline
  45:HW_Lib/STM32H7/HAL_Lib/CMSIS/Core/Include/cmsis_gcc.h **** #endif
  46:HW_Lib/STM32H7/HAL_Lib/CMSIS/Core/Include/cmsis_gcc.h **** #ifndef   __STATIC_INLINE
  47:HW_Lib/STM32H7/HAL_Lib/CMSIS/Core/Include/cmsis_gcc.h ****   #define __STATIC_INLINE                        static inline
  48:HW_Lib/STM32H7/HAL_Lib/CMSIS/Core/Include/cmsis_gcc.h **** #endif
  49:HW_Lib/STM32H7/HAL_Lib/CMSIS/Core/Include/cmsis_gcc.h **** #ifndef   __STATIC_FORCEINLINE                 
  50:HW_Lib/STM32H7/HAL_Lib/CMSIS/Core/Include/cmsis_gcc.h ****   #define __STATIC_FORCEINLINE                   __attribute__((always_inline)) static inline
  51:HW_Lib/STM32H7/HAL_Lib/CMSIS/Core/Include/cmsis_gcc.h **** #endif                                           
  52:HW_Lib/STM32H7/HAL_Lib/CMSIS/Core/Include/cmsis_gcc.h **** #ifndef   __NO_RETURN
  53:HW_Lib/STM32H7/HAL_Lib/CMSIS/Core/Include/cmsis_gcc.h ****   #define __NO_RETURN                            __attribute__((__noreturn__))
  54:HW_Lib/STM32H7/HAL_Lib/CMSIS/Core/Include/cmsis_gcc.h **** #endif
  55:HW_Lib/STM32H7/HAL_Lib/CMSIS/Core/Include/cmsis_gcc.h **** #ifndef   __USED
  56:HW_Lib/STM32H7/HAL_Lib/CMSIS/Core/Include/cmsis_gcc.h ****   #define __USED                                 __attribute__((used))
  57:HW_Lib/STM32H7/HAL_Lib/CMSIS/Core/Include/cmsis_gcc.h **** #endif
  58:HW_Lib/STM32H7/HAL_Lib/CMSIS/Core/Include/cmsis_gcc.h **** #ifndef   __WEAK
ARM GAS  C:\Users\HUAV\AppData\Local\Temp\ccoKuDbb.s 			page 24


  59:HW_Lib/STM32H7/HAL_Lib/CMSIS/Core/Include/cmsis_gcc.h ****   #define __WEAK                                 __attribute__((weak))
  60:HW_Lib/STM32H7/HAL_Lib/CMSIS/Core/Include/cmsis_gcc.h **** #endif
  61:HW_Lib/STM32H7/HAL_Lib/CMSIS/Core/Include/cmsis_gcc.h **** #ifndef   __PACKED
  62:HW_Lib/STM32H7/HAL_Lib/CMSIS/Core/Include/cmsis_gcc.h ****   #define __PACKED                               __attribute__((packed, aligned(1)))
  63:HW_Lib/STM32H7/HAL_Lib/CMSIS/Core/Include/cmsis_gcc.h **** #endif
  64:HW_Lib/STM32H7/HAL_Lib/CMSIS/Core/Include/cmsis_gcc.h **** #ifndef   __PACKED_STRUCT
  65:HW_Lib/STM32H7/HAL_Lib/CMSIS/Core/Include/cmsis_gcc.h ****   #define __PACKED_STRUCT                        struct __attribute__((packed, aligned(1)))
  66:HW_Lib/STM32H7/HAL_Lib/CMSIS/Core/Include/cmsis_gcc.h **** #endif
  67:HW_Lib/STM32H7/HAL_Lib/CMSIS/Core/Include/cmsis_gcc.h **** #ifndef   __PACKED_UNION
  68:HW_Lib/STM32H7/HAL_Lib/CMSIS/Core/Include/cmsis_gcc.h ****   #define __PACKED_UNION                         union __attribute__((packed, aligned(1)))
  69:HW_Lib/STM32H7/HAL_Lib/CMSIS/Core/Include/cmsis_gcc.h **** #endif
  70:HW_Lib/STM32H7/HAL_Lib/CMSIS/Core/Include/cmsis_gcc.h **** #ifndef   __UNALIGNED_UINT32        /* deprecated */
  71:HW_Lib/STM32H7/HAL_Lib/CMSIS/Core/Include/cmsis_gcc.h ****   #pragma GCC diagnostic push
  72:HW_Lib/STM32H7/HAL_Lib/CMSIS/Core/Include/cmsis_gcc.h ****   #pragma GCC diagnostic ignored "-Wpacked"
  73:HW_Lib/STM32H7/HAL_Lib/CMSIS/Core/Include/cmsis_gcc.h ****   #pragma GCC diagnostic ignored "-Wattributes"
  74:HW_Lib/STM32H7/HAL_Lib/CMSIS/Core/Include/cmsis_gcc.h ****   struct __attribute__((packed)) T_UINT32 { uint32_t v; };
  75:HW_Lib/STM32H7/HAL_Lib/CMSIS/Core/Include/cmsis_gcc.h ****   #pragma GCC diagnostic pop
  76:HW_Lib/STM32H7/HAL_Lib/CMSIS/Core/Include/cmsis_gcc.h ****   #define __UNALIGNED_UINT32(x)                  (((struct T_UINT32 *)(x))->v)
  77:HW_Lib/STM32H7/HAL_Lib/CMSIS/Core/Include/cmsis_gcc.h **** #endif
  78:HW_Lib/STM32H7/HAL_Lib/CMSIS/Core/Include/cmsis_gcc.h **** #ifndef   __UNALIGNED_UINT16_WRITE
  79:HW_Lib/STM32H7/HAL_Lib/CMSIS/Core/Include/cmsis_gcc.h ****   #pragma GCC diagnostic push
  80:HW_Lib/STM32H7/HAL_Lib/CMSIS/Core/Include/cmsis_gcc.h ****   #pragma GCC diagnostic ignored "-Wpacked"
  81:HW_Lib/STM32H7/HAL_Lib/CMSIS/Core/Include/cmsis_gcc.h ****   #pragma GCC diagnostic ignored "-Wattributes"
  82:HW_Lib/STM32H7/HAL_Lib/CMSIS/Core/Include/cmsis_gcc.h ****   __PACKED_STRUCT T_UINT16_WRITE { uint16_t v; };
  83:HW_Lib/STM32H7/HAL_Lib/CMSIS/Core/Include/cmsis_gcc.h ****   #pragma GCC diagnostic pop
  84:HW_Lib/STM32H7/HAL_Lib/CMSIS/Core/Include/cmsis_gcc.h ****   #define __UNALIGNED_UINT16_WRITE(addr, val)    (void)((((struct T_UINT16_WRITE *)(void *)(addr))-
  85:HW_Lib/STM32H7/HAL_Lib/CMSIS/Core/Include/cmsis_gcc.h **** #endif
  86:HW_Lib/STM32H7/HAL_Lib/CMSIS/Core/Include/cmsis_gcc.h **** #ifndef   __UNALIGNED_UINT16_READ
  87:HW_Lib/STM32H7/HAL_Lib/CMSIS/Core/Include/cmsis_gcc.h ****   #pragma GCC diagnostic push
  88:HW_Lib/STM32H7/HAL_Lib/CMSIS/Core/Include/cmsis_gcc.h ****   #pragma GCC diagnostic ignored "-Wpacked"
  89:HW_Lib/STM32H7/HAL_Lib/CMSIS/Core/Include/cmsis_gcc.h ****   #pragma GCC diagnostic ignored "-Wattributes"
  90:HW_Lib/STM32H7/HAL_Lib/CMSIS/Core/Include/cmsis_gcc.h ****   __PACKED_STRUCT T_UINT16_READ { uint16_t v; };
  91:HW_Lib/STM32H7/HAL_Lib/CMSIS/Core/Include/cmsis_gcc.h ****   #pragma GCC diagnostic pop
  92:HW_Lib/STM32H7/HAL_Lib/CMSIS/Core/Include/cmsis_gcc.h ****   #define __UNALIGNED_UINT16_READ(addr)          (((const struct T_UINT16_READ *)(const void *)(add
  93:HW_Lib/STM32H7/HAL_Lib/CMSIS/Core/Include/cmsis_gcc.h **** #endif
  94:HW_Lib/STM32H7/HAL_Lib/CMSIS/Core/Include/cmsis_gcc.h **** #ifndef   __UNALIGNED_UINT32_WRITE
  95:HW_Lib/STM32H7/HAL_Lib/CMSIS/Core/Include/cmsis_gcc.h ****   #pragma GCC diagnostic push
  96:HW_Lib/STM32H7/HAL_Lib/CMSIS/Core/Include/cmsis_gcc.h ****   #pragma GCC diagnostic ignored "-Wpacked"
  97:HW_Lib/STM32H7/HAL_Lib/CMSIS/Core/Include/cmsis_gcc.h ****   #pragma GCC diagnostic ignored "-Wattributes"
  98:HW_Lib/STM32H7/HAL_Lib/CMSIS/Core/Include/cmsis_gcc.h ****   __PACKED_STRUCT T_UINT32_WRITE { uint32_t v; };
  99:HW_Lib/STM32H7/HAL_Lib/CMSIS/Core/Include/cmsis_gcc.h ****   #pragma GCC diagnostic pop
 100:HW_Lib/STM32H7/HAL_Lib/CMSIS/Core/Include/cmsis_gcc.h ****   #define __UNALIGNED_UINT32_WRITE(addr, val)    (void)((((struct T_UINT32_WRITE *)(void *)(addr))-
 101:HW_Lib/STM32H7/HAL_Lib/CMSIS/Core/Include/cmsis_gcc.h **** #endif
 102:HW_Lib/STM32H7/HAL_Lib/CMSIS/Core/Include/cmsis_gcc.h **** #ifndef   __UNALIGNED_UINT32_READ
 103:HW_Lib/STM32H7/HAL_Lib/CMSIS/Core/Include/cmsis_gcc.h ****   #pragma GCC diagnostic push
 104:HW_Lib/STM32H7/HAL_Lib/CMSIS/Core/Include/cmsis_gcc.h ****   #pragma GCC diagnostic ignored "-Wpacked"
 105:HW_Lib/STM32H7/HAL_Lib/CMSIS/Core/Include/cmsis_gcc.h ****   #pragma GCC diagnostic ignored "-Wattributes"
 106:HW_Lib/STM32H7/HAL_Lib/CMSIS/Core/Include/cmsis_gcc.h ****   __PACKED_STRUCT T_UINT32_READ { uint32_t v; };
 107:HW_Lib/STM32H7/HAL_Lib/CMSIS/Core/Include/cmsis_gcc.h ****   #pragma GCC diagnostic pop
 108:HW_Lib/STM32H7/HAL_Lib/CMSIS/Core/Include/cmsis_gcc.h ****   #define __UNALIGNED_UINT32_READ(addr)          (((const struct T_UINT32_READ *)(const void *)(add
 109:HW_Lib/STM32H7/HAL_Lib/CMSIS/Core/Include/cmsis_gcc.h **** #endif
 110:HW_Lib/STM32H7/HAL_Lib/CMSIS/Core/Include/cmsis_gcc.h **** #ifndef   __ALIGNED
 111:HW_Lib/STM32H7/HAL_Lib/CMSIS/Core/Include/cmsis_gcc.h ****   #define __ALIGNED(x)                           __attribute__((aligned(x)))
 112:HW_Lib/STM32H7/HAL_Lib/CMSIS/Core/Include/cmsis_gcc.h **** #endif
 113:HW_Lib/STM32H7/HAL_Lib/CMSIS/Core/Include/cmsis_gcc.h **** #ifndef   __RESTRICT
 114:HW_Lib/STM32H7/HAL_Lib/CMSIS/Core/Include/cmsis_gcc.h ****   #define __RESTRICT                             __restrict
 115:HW_Lib/STM32H7/HAL_Lib/CMSIS/Core/Include/cmsis_gcc.h **** #endif
ARM GAS  C:\Users\HUAV\AppData\Local\Temp\ccoKuDbb.s 			page 25


 116:HW_Lib/STM32H7/HAL_Lib/CMSIS/Core/Include/cmsis_gcc.h **** #ifndef   __COMPILER_BARRIER
 117:HW_Lib/STM32H7/HAL_Lib/CMSIS/Core/Include/cmsis_gcc.h ****   #define __COMPILER_BARRIER()                   __ASM volatile("":::"memory")
 118:HW_Lib/STM32H7/HAL_Lib/CMSIS/Core/Include/cmsis_gcc.h **** #endif
 119:HW_Lib/STM32H7/HAL_Lib/CMSIS/Core/Include/cmsis_gcc.h **** 
 120:HW_Lib/STM32H7/HAL_Lib/CMSIS/Core/Include/cmsis_gcc.h **** /* #########################  Startup and Lowlevel Init  ######################## */
 121:HW_Lib/STM32H7/HAL_Lib/CMSIS/Core/Include/cmsis_gcc.h **** 
 122:HW_Lib/STM32H7/HAL_Lib/CMSIS/Core/Include/cmsis_gcc.h **** #ifndef __PROGRAM_START
 123:HW_Lib/STM32H7/HAL_Lib/CMSIS/Core/Include/cmsis_gcc.h **** 
 124:HW_Lib/STM32H7/HAL_Lib/CMSIS/Core/Include/cmsis_gcc.h **** /**
 125:HW_Lib/STM32H7/HAL_Lib/CMSIS/Core/Include/cmsis_gcc.h ****   \brief   Initializes data and bss sections
 126:HW_Lib/STM32H7/HAL_Lib/CMSIS/Core/Include/cmsis_gcc.h ****   \details This default implementations initialized all data and additional bss
 127:HW_Lib/STM32H7/HAL_Lib/CMSIS/Core/Include/cmsis_gcc.h ****            sections relying on .copy.table and .zero.table specified properly
 128:HW_Lib/STM32H7/HAL_Lib/CMSIS/Core/Include/cmsis_gcc.h ****            in the used linker script.
 129:HW_Lib/STM32H7/HAL_Lib/CMSIS/Core/Include/cmsis_gcc.h ****   
 130:HW_Lib/STM32H7/HAL_Lib/CMSIS/Core/Include/cmsis_gcc.h ****  */
 131:HW_Lib/STM32H7/HAL_Lib/CMSIS/Core/Include/cmsis_gcc.h **** __STATIC_FORCEINLINE __NO_RETURN void __cmsis_start(void)
 132:HW_Lib/STM32H7/HAL_Lib/CMSIS/Core/Include/cmsis_gcc.h **** {
 133:HW_Lib/STM32H7/HAL_Lib/CMSIS/Core/Include/cmsis_gcc.h ****   extern void _start(void) __NO_RETURN;
 134:HW_Lib/STM32H7/HAL_Lib/CMSIS/Core/Include/cmsis_gcc.h ****   
 135:HW_Lib/STM32H7/HAL_Lib/CMSIS/Core/Include/cmsis_gcc.h ****   typedef struct {
 136:HW_Lib/STM32H7/HAL_Lib/CMSIS/Core/Include/cmsis_gcc.h ****     uint32_t const* src;
 137:HW_Lib/STM32H7/HAL_Lib/CMSIS/Core/Include/cmsis_gcc.h ****     uint32_t* dest;
 138:HW_Lib/STM32H7/HAL_Lib/CMSIS/Core/Include/cmsis_gcc.h ****     uint32_t  wlen;
 139:HW_Lib/STM32H7/HAL_Lib/CMSIS/Core/Include/cmsis_gcc.h ****   } __copy_table_t;
 140:HW_Lib/STM32H7/HAL_Lib/CMSIS/Core/Include/cmsis_gcc.h ****   
 141:HW_Lib/STM32H7/HAL_Lib/CMSIS/Core/Include/cmsis_gcc.h ****   typedef struct {
 142:HW_Lib/STM32H7/HAL_Lib/CMSIS/Core/Include/cmsis_gcc.h ****     uint32_t* dest;
 143:HW_Lib/STM32H7/HAL_Lib/CMSIS/Core/Include/cmsis_gcc.h ****     uint32_t  wlen;
 144:HW_Lib/STM32H7/HAL_Lib/CMSIS/Core/Include/cmsis_gcc.h ****   } __zero_table_t;
 145:HW_Lib/STM32H7/HAL_Lib/CMSIS/Core/Include/cmsis_gcc.h ****   
 146:HW_Lib/STM32H7/HAL_Lib/CMSIS/Core/Include/cmsis_gcc.h ****   extern const __copy_table_t __copy_table_start__;
 147:HW_Lib/STM32H7/HAL_Lib/CMSIS/Core/Include/cmsis_gcc.h ****   extern const __copy_table_t __copy_table_end__;
 148:HW_Lib/STM32H7/HAL_Lib/CMSIS/Core/Include/cmsis_gcc.h ****   extern const __zero_table_t __zero_table_start__;
 149:HW_Lib/STM32H7/HAL_Lib/CMSIS/Core/Include/cmsis_gcc.h ****   extern const __zero_table_t __zero_table_end__;
 150:HW_Lib/STM32H7/HAL_Lib/CMSIS/Core/Include/cmsis_gcc.h **** 
 151:HW_Lib/STM32H7/HAL_Lib/CMSIS/Core/Include/cmsis_gcc.h ****   for (__copy_table_t const* pTable = &__copy_table_start__; pTable < &__copy_table_end__; ++pTable
 152:HW_Lib/STM32H7/HAL_Lib/CMSIS/Core/Include/cmsis_gcc.h ****     for(uint32_t i=0u; i<pTable->wlen; ++i) {
 153:HW_Lib/STM32H7/HAL_Lib/CMSIS/Core/Include/cmsis_gcc.h ****       pTable->dest[i] = pTable->src[i];
 154:HW_Lib/STM32H7/HAL_Lib/CMSIS/Core/Include/cmsis_gcc.h ****     }
 155:HW_Lib/STM32H7/HAL_Lib/CMSIS/Core/Include/cmsis_gcc.h ****   }
 156:HW_Lib/STM32H7/HAL_Lib/CMSIS/Core/Include/cmsis_gcc.h ****  
 157:HW_Lib/STM32H7/HAL_Lib/CMSIS/Core/Include/cmsis_gcc.h ****   for (__zero_table_t const* pTable = &__zero_table_start__; pTable < &__zero_table_end__; ++pTable
 158:HW_Lib/STM32H7/HAL_Lib/CMSIS/Core/Include/cmsis_gcc.h ****     for(uint32_t i=0u; i<pTable->wlen; ++i) {
 159:HW_Lib/STM32H7/HAL_Lib/CMSIS/Core/Include/cmsis_gcc.h ****       pTable->dest[i] = 0u;
 160:HW_Lib/STM32H7/HAL_Lib/CMSIS/Core/Include/cmsis_gcc.h ****     }
 161:HW_Lib/STM32H7/HAL_Lib/CMSIS/Core/Include/cmsis_gcc.h ****   }
 162:HW_Lib/STM32H7/HAL_Lib/CMSIS/Core/Include/cmsis_gcc.h ****  
 163:HW_Lib/STM32H7/HAL_Lib/CMSIS/Core/Include/cmsis_gcc.h ****   _start();
 164:HW_Lib/STM32H7/HAL_Lib/CMSIS/Core/Include/cmsis_gcc.h **** }
 165:HW_Lib/STM32H7/HAL_Lib/CMSIS/Core/Include/cmsis_gcc.h ****   
 166:HW_Lib/STM32H7/HAL_Lib/CMSIS/Core/Include/cmsis_gcc.h **** #define __PROGRAM_START           __cmsis_start
 167:HW_Lib/STM32H7/HAL_Lib/CMSIS/Core/Include/cmsis_gcc.h **** #endif
 168:HW_Lib/STM32H7/HAL_Lib/CMSIS/Core/Include/cmsis_gcc.h **** 
 169:HW_Lib/STM32H7/HAL_Lib/CMSIS/Core/Include/cmsis_gcc.h **** #ifndef __INITIAL_SP
 170:HW_Lib/STM32H7/HAL_Lib/CMSIS/Core/Include/cmsis_gcc.h **** #define __INITIAL_SP              __StackTop
 171:HW_Lib/STM32H7/HAL_Lib/CMSIS/Core/Include/cmsis_gcc.h **** #endif
 172:HW_Lib/STM32H7/HAL_Lib/CMSIS/Core/Include/cmsis_gcc.h **** 
ARM GAS  C:\Users\HUAV\AppData\Local\Temp\ccoKuDbb.s 			page 26


 173:HW_Lib/STM32H7/HAL_Lib/CMSIS/Core/Include/cmsis_gcc.h **** #ifndef __STACK_LIMIT
 174:HW_Lib/STM32H7/HAL_Lib/CMSIS/Core/Include/cmsis_gcc.h **** #define __STACK_LIMIT             __StackLimit
 175:HW_Lib/STM32H7/HAL_Lib/CMSIS/Core/Include/cmsis_gcc.h **** #endif
 176:HW_Lib/STM32H7/HAL_Lib/CMSIS/Core/Include/cmsis_gcc.h **** 
 177:HW_Lib/STM32H7/HAL_Lib/CMSIS/Core/Include/cmsis_gcc.h **** #ifndef __VECTOR_TABLE
 178:HW_Lib/STM32H7/HAL_Lib/CMSIS/Core/Include/cmsis_gcc.h **** #define __VECTOR_TABLE            __Vectors
 179:HW_Lib/STM32H7/HAL_Lib/CMSIS/Core/Include/cmsis_gcc.h **** #endif
 180:HW_Lib/STM32H7/HAL_Lib/CMSIS/Core/Include/cmsis_gcc.h **** 
 181:HW_Lib/STM32H7/HAL_Lib/CMSIS/Core/Include/cmsis_gcc.h **** #ifndef __VECTOR_TABLE_ATTRIBUTE
 182:HW_Lib/STM32H7/HAL_Lib/CMSIS/Core/Include/cmsis_gcc.h **** #define __VECTOR_TABLE_ATTRIBUTE  __attribute((used, section(".vectors")))
 183:HW_Lib/STM32H7/HAL_Lib/CMSIS/Core/Include/cmsis_gcc.h **** #endif
 184:HW_Lib/STM32H7/HAL_Lib/CMSIS/Core/Include/cmsis_gcc.h **** 
 185:HW_Lib/STM32H7/HAL_Lib/CMSIS/Core/Include/cmsis_gcc.h **** /* ###########################  Core Function Access  ########################### */
 186:HW_Lib/STM32H7/HAL_Lib/CMSIS/Core/Include/cmsis_gcc.h **** /** \ingroup  CMSIS_Core_FunctionInterface
 187:HW_Lib/STM32H7/HAL_Lib/CMSIS/Core/Include/cmsis_gcc.h ****     \defgroup CMSIS_Core_RegAccFunctions CMSIS Core Register Access Functions
 188:HW_Lib/STM32H7/HAL_Lib/CMSIS/Core/Include/cmsis_gcc.h ****   @{
 189:HW_Lib/STM32H7/HAL_Lib/CMSIS/Core/Include/cmsis_gcc.h ****  */
 190:HW_Lib/STM32H7/HAL_Lib/CMSIS/Core/Include/cmsis_gcc.h **** 
 191:HW_Lib/STM32H7/HAL_Lib/CMSIS/Core/Include/cmsis_gcc.h **** /**
 192:HW_Lib/STM32H7/HAL_Lib/CMSIS/Core/Include/cmsis_gcc.h ****   \brief   Enable IRQ Interrupts
 193:HW_Lib/STM32H7/HAL_Lib/CMSIS/Core/Include/cmsis_gcc.h ****   \details Enables IRQ interrupts by clearing the I-bit in the CPSR.
 194:HW_Lib/STM32H7/HAL_Lib/CMSIS/Core/Include/cmsis_gcc.h ****            Can only be executed in Privileged modes.
 195:HW_Lib/STM32H7/HAL_Lib/CMSIS/Core/Include/cmsis_gcc.h ****  */
 196:HW_Lib/STM32H7/HAL_Lib/CMSIS/Core/Include/cmsis_gcc.h **** __STATIC_FORCEINLINE void __enable_irq(void)
 197:HW_Lib/STM32H7/HAL_Lib/CMSIS/Core/Include/cmsis_gcc.h **** {
 198:HW_Lib/STM32H7/HAL_Lib/CMSIS/Core/Include/cmsis_gcc.h ****   __ASM volatile ("cpsie i" : : : "memory");
 199:HW_Lib/STM32H7/HAL_Lib/CMSIS/Core/Include/cmsis_gcc.h **** }
 200:HW_Lib/STM32H7/HAL_Lib/CMSIS/Core/Include/cmsis_gcc.h **** 
 201:HW_Lib/STM32H7/HAL_Lib/CMSIS/Core/Include/cmsis_gcc.h **** 
 202:HW_Lib/STM32H7/HAL_Lib/CMSIS/Core/Include/cmsis_gcc.h **** /**
 203:HW_Lib/STM32H7/HAL_Lib/CMSIS/Core/Include/cmsis_gcc.h ****   \brief   Disable IRQ Interrupts
 204:HW_Lib/STM32H7/HAL_Lib/CMSIS/Core/Include/cmsis_gcc.h ****   \details Disables IRQ interrupts by setting the I-bit in the CPSR.
 205:HW_Lib/STM32H7/HAL_Lib/CMSIS/Core/Include/cmsis_gcc.h ****            Can only be executed in Privileged modes.
 206:HW_Lib/STM32H7/HAL_Lib/CMSIS/Core/Include/cmsis_gcc.h ****  */
 207:HW_Lib/STM32H7/HAL_Lib/CMSIS/Core/Include/cmsis_gcc.h **** __STATIC_FORCEINLINE void __disable_irq(void)
 208:HW_Lib/STM32H7/HAL_Lib/CMSIS/Core/Include/cmsis_gcc.h **** {
 209:HW_Lib/STM32H7/HAL_Lib/CMSIS/Core/Include/cmsis_gcc.h ****   __ASM volatile ("cpsid i" : : : "memory");
 210:HW_Lib/STM32H7/HAL_Lib/CMSIS/Core/Include/cmsis_gcc.h **** }
 211:HW_Lib/STM32H7/HAL_Lib/CMSIS/Core/Include/cmsis_gcc.h **** 
 212:HW_Lib/STM32H7/HAL_Lib/CMSIS/Core/Include/cmsis_gcc.h **** 
 213:HW_Lib/STM32H7/HAL_Lib/CMSIS/Core/Include/cmsis_gcc.h **** /**
 214:HW_Lib/STM32H7/HAL_Lib/CMSIS/Core/Include/cmsis_gcc.h ****   \brief   Get Control Register
 215:HW_Lib/STM32H7/HAL_Lib/CMSIS/Core/Include/cmsis_gcc.h ****   \details Returns the content of the Control Register.
 216:HW_Lib/STM32H7/HAL_Lib/CMSIS/Core/Include/cmsis_gcc.h ****   \return               Control Register value
 217:HW_Lib/STM32H7/HAL_Lib/CMSIS/Core/Include/cmsis_gcc.h ****  */
 218:HW_Lib/STM32H7/HAL_Lib/CMSIS/Core/Include/cmsis_gcc.h **** __STATIC_FORCEINLINE uint32_t __get_CONTROL(void)
 219:HW_Lib/STM32H7/HAL_Lib/CMSIS/Core/Include/cmsis_gcc.h **** {
 220:HW_Lib/STM32H7/HAL_Lib/CMSIS/Core/Include/cmsis_gcc.h ****   uint32_t result;
 221:HW_Lib/STM32H7/HAL_Lib/CMSIS/Core/Include/cmsis_gcc.h **** 
 222:HW_Lib/STM32H7/HAL_Lib/CMSIS/Core/Include/cmsis_gcc.h ****   __ASM volatile ("MRS %0, control" : "=r" (result) );
 223:HW_Lib/STM32H7/HAL_Lib/CMSIS/Core/Include/cmsis_gcc.h ****   return(result);
 224:HW_Lib/STM32H7/HAL_Lib/CMSIS/Core/Include/cmsis_gcc.h **** }
 225:HW_Lib/STM32H7/HAL_Lib/CMSIS/Core/Include/cmsis_gcc.h **** 
 226:HW_Lib/STM32H7/HAL_Lib/CMSIS/Core/Include/cmsis_gcc.h **** 
 227:HW_Lib/STM32H7/HAL_Lib/CMSIS/Core/Include/cmsis_gcc.h **** #if (defined (__ARM_FEATURE_CMSE ) && (__ARM_FEATURE_CMSE == 3))
 228:HW_Lib/STM32H7/HAL_Lib/CMSIS/Core/Include/cmsis_gcc.h **** /**
 229:HW_Lib/STM32H7/HAL_Lib/CMSIS/Core/Include/cmsis_gcc.h ****   \brief   Get Control Register (non-secure)
ARM GAS  C:\Users\HUAV\AppData\Local\Temp\ccoKuDbb.s 			page 27


 230:HW_Lib/STM32H7/HAL_Lib/CMSIS/Core/Include/cmsis_gcc.h ****   \details Returns the content of the non-secure Control Register when in secure mode.
 231:HW_Lib/STM32H7/HAL_Lib/CMSIS/Core/Include/cmsis_gcc.h ****   \return               non-secure Control Register value
 232:HW_Lib/STM32H7/HAL_Lib/CMSIS/Core/Include/cmsis_gcc.h ****  */
 233:HW_Lib/STM32H7/HAL_Lib/CMSIS/Core/Include/cmsis_gcc.h **** __STATIC_FORCEINLINE uint32_t __TZ_get_CONTROL_NS(void)
 234:HW_Lib/STM32H7/HAL_Lib/CMSIS/Core/Include/cmsis_gcc.h **** {
 235:HW_Lib/STM32H7/HAL_Lib/CMSIS/Core/Include/cmsis_gcc.h ****   uint32_t result;
 236:HW_Lib/STM32H7/HAL_Lib/CMSIS/Core/Include/cmsis_gcc.h **** 
 237:HW_Lib/STM32H7/HAL_Lib/CMSIS/Core/Include/cmsis_gcc.h ****   __ASM volatile ("MRS %0, control_ns" : "=r" (result) );
 238:HW_Lib/STM32H7/HAL_Lib/CMSIS/Core/Include/cmsis_gcc.h ****   return(result);
 239:HW_Lib/STM32H7/HAL_Lib/CMSIS/Core/Include/cmsis_gcc.h **** }
 240:HW_Lib/STM32H7/HAL_Lib/CMSIS/Core/Include/cmsis_gcc.h **** #endif
 241:HW_Lib/STM32H7/HAL_Lib/CMSIS/Core/Include/cmsis_gcc.h **** 
 242:HW_Lib/STM32H7/HAL_Lib/CMSIS/Core/Include/cmsis_gcc.h **** 
 243:HW_Lib/STM32H7/HAL_Lib/CMSIS/Core/Include/cmsis_gcc.h **** /**
 244:HW_Lib/STM32H7/HAL_Lib/CMSIS/Core/Include/cmsis_gcc.h ****   \brief   Set Control Register
 245:HW_Lib/STM32H7/HAL_Lib/CMSIS/Core/Include/cmsis_gcc.h ****   \details Writes the given value to the Control Register.
 246:HW_Lib/STM32H7/HAL_Lib/CMSIS/Core/Include/cmsis_gcc.h ****   \param [in]    control  Control Register value to set
 247:HW_Lib/STM32H7/HAL_Lib/CMSIS/Core/Include/cmsis_gcc.h ****  */
 248:HW_Lib/STM32H7/HAL_Lib/CMSIS/Core/Include/cmsis_gcc.h **** __STATIC_FORCEINLINE void __set_CONTROL(uint32_t control)
 249:HW_Lib/STM32H7/HAL_Lib/CMSIS/Core/Include/cmsis_gcc.h **** {
 250:HW_Lib/STM32H7/HAL_Lib/CMSIS/Core/Include/cmsis_gcc.h ****   __ASM volatile ("MSR control, %0" : : "r" (control) : "memory");
 251:HW_Lib/STM32H7/HAL_Lib/CMSIS/Core/Include/cmsis_gcc.h **** }
 252:HW_Lib/STM32H7/HAL_Lib/CMSIS/Core/Include/cmsis_gcc.h **** 
 253:HW_Lib/STM32H7/HAL_Lib/CMSIS/Core/Include/cmsis_gcc.h **** 
 254:HW_Lib/STM32H7/HAL_Lib/CMSIS/Core/Include/cmsis_gcc.h **** #if (defined (__ARM_FEATURE_CMSE ) && (__ARM_FEATURE_CMSE == 3))
 255:HW_Lib/STM32H7/HAL_Lib/CMSIS/Core/Include/cmsis_gcc.h **** /**
 256:HW_Lib/STM32H7/HAL_Lib/CMSIS/Core/Include/cmsis_gcc.h ****   \brief   Set Control Register (non-secure)
 257:HW_Lib/STM32H7/HAL_Lib/CMSIS/Core/Include/cmsis_gcc.h ****   \details Writes the given value to the non-secure Control Register when in secure state.
 258:HW_Lib/STM32H7/HAL_Lib/CMSIS/Core/Include/cmsis_gcc.h ****   \param [in]    control  Control Register value to set
 259:HW_Lib/STM32H7/HAL_Lib/CMSIS/Core/Include/cmsis_gcc.h ****  */
 260:HW_Lib/STM32H7/HAL_Lib/CMSIS/Core/Include/cmsis_gcc.h **** __STATIC_FORCEINLINE void __TZ_set_CONTROL_NS(uint32_t control)
 261:HW_Lib/STM32H7/HAL_Lib/CMSIS/Core/Include/cmsis_gcc.h **** {
 262:HW_Lib/STM32H7/HAL_Lib/CMSIS/Core/Include/cmsis_gcc.h ****   __ASM volatile ("MSR control_ns, %0" : : "r" (control) : "memory");
 263:HW_Lib/STM32H7/HAL_Lib/CMSIS/Core/Include/cmsis_gcc.h **** }
 264:HW_Lib/STM32H7/HAL_Lib/CMSIS/Core/Include/cmsis_gcc.h **** #endif
 265:HW_Lib/STM32H7/HAL_Lib/CMSIS/Core/Include/cmsis_gcc.h **** 
 266:HW_Lib/STM32H7/HAL_Lib/CMSIS/Core/Include/cmsis_gcc.h **** 
 267:HW_Lib/STM32H7/HAL_Lib/CMSIS/Core/Include/cmsis_gcc.h **** /**
 268:HW_Lib/STM32H7/HAL_Lib/CMSIS/Core/Include/cmsis_gcc.h ****   \brief   Get IPSR Register
 269:HW_Lib/STM32H7/HAL_Lib/CMSIS/Core/Include/cmsis_gcc.h ****   \details Returns the content of the IPSR Register.
 270:HW_Lib/STM32H7/HAL_Lib/CMSIS/Core/Include/cmsis_gcc.h ****   \return               IPSR Register value
 271:HW_Lib/STM32H7/HAL_Lib/CMSIS/Core/Include/cmsis_gcc.h ****  */
 272:HW_Lib/STM32H7/HAL_Lib/CMSIS/Core/Include/cmsis_gcc.h **** __STATIC_FORCEINLINE uint32_t __get_IPSR(void)
 273:HW_Lib/STM32H7/HAL_Lib/CMSIS/Core/Include/cmsis_gcc.h **** {
 274:HW_Lib/STM32H7/HAL_Lib/CMSIS/Core/Include/cmsis_gcc.h ****   uint32_t result;
 275:HW_Lib/STM32H7/HAL_Lib/CMSIS/Core/Include/cmsis_gcc.h **** 
 276:HW_Lib/STM32H7/HAL_Lib/CMSIS/Core/Include/cmsis_gcc.h ****   __ASM volatile ("MRS %0, ipsr" : "=r" (result) );
 277:HW_Lib/STM32H7/HAL_Lib/CMSIS/Core/Include/cmsis_gcc.h ****   return(result);
 278:HW_Lib/STM32H7/HAL_Lib/CMSIS/Core/Include/cmsis_gcc.h **** }
 279:HW_Lib/STM32H7/HAL_Lib/CMSIS/Core/Include/cmsis_gcc.h **** 
 280:HW_Lib/STM32H7/HAL_Lib/CMSIS/Core/Include/cmsis_gcc.h **** 
 281:HW_Lib/STM32H7/HAL_Lib/CMSIS/Core/Include/cmsis_gcc.h **** /**
 282:HW_Lib/STM32H7/HAL_Lib/CMSIS/Core/Include/cmsis_gcc.h ****   \brief   Get APSR Register
 283:HW_Lib/STM32H7/HAL_Lib/CMSIS/Core/Include/cmsis_gcc.h ****   \details Returns the content of the APSR Register.
 284:HW_Lib/STM32H7/HAL_Lib/CMSIS/Core/Include/cmsis_gcc.h ****   \return               APSR Register value
 285:HW_Lib/STM32H7/HAL_Lib/CMSIS/Core/Include/cmsis_gcc.h ****  */
 286:HW_Lib/STM32H7/HAL_Lib/CMSIS/Core/Include/cmsis_gcc.h **** __STATIC_FORCEINLINE uint32_t __get_APSR(void)
ARM GAS  C:\Users\HUAV\AppData\Local\Temp\ccoKuDbb.s 			page 28


 287:HW_Lib/STM32H7/HAL_Lib/CMSIS/Core/Include/cmsis_gcc.h **** {
 288:HW_Lib/STM32H7/HAL_Lib/CMSIS/Core/Include/cmsis_gcc.h ****   uint32_t result;
 289:HW_Lib/STM32H7/HAL_Lib/CMSIS/Core/Include/cmsis_gcc.h **** 
 290:HW_Lib/STM32H7/HAL_Lib/CMSIS/Core/Include/cmsis_gcc.h ****   __ASM volatile ("MRS %0, apsr" : "=r" (result) );
 291:HW_Lib/STM32H7/HAL_Lib/CMSIS/Core/Include/cmsis_gcc.h ****   return(result);
 292:HW_Lib/STM32H7/HAL_Lib/CMSIS/Core/Include/cmsis_gcc.h **** }
 293:HW_Lib/STM32H7/HAL_Lib/CMSIS/Core/Include/cmsis_gcc.h **** 
 294:HW_Lib/STM32H7/HAL_Lib/CMSIS/Core/Include/cmsis_gcc.h **** 
 295:HW_Lib/STM32H7/HAL_Lib/CMSIS/Core/Include/cmsis_gcc.h **** /**
 296:HW_Lib/STM32H7/HAL_Lib/CMSIS/Core/Include/cmsis_gcc.h ****   \brief   Get xPSR Register
 297:HW_Lib/STM32H7/HAL_Lib/CMSIS/Core/Include/cmsis_gcc.h ****   \details Returns the content of the xPSR Register.
 298:HW_Lib/STM32H7/HAL_Lib/CMSIS/Core/Include/cmsis_gcc.h ****   \return               xPSR Register value
 299:HW_Lib/STM32H7/HAL_Lib/CMSIS/Core/Include/cmsis_gcc.h ****  */
 300:HW_Lib/STM32H7/HAL_Lib/CMSIS/Core/Include/cmsis_gcc.h **** __STATIC_FORCEINLINE uint32_t __get_xPSR(void)
 301:HW_Lib/STM32H7/HAL_Lib/CMSIS/Core/Include/cmsis_gcc.h **** {
 302:HW_Lib/STM32H7/HAL_Lib/CMSIS/Core/Include/cmsis_gcc.h ****   uint32_t result;
 303:HW_Lib/STM32H7/HAL_Lib/CMSIS/Core/Include/cmsis_gcc.h **** 
 304:HW_Lib/STM32H7/HAL_Lib/CMSIS/Core/Include/cmsis_gcc.h ****   __ASM volatile ("MRS %0, xpsr" : "=r" (result) );
 305:HW_Lib/STM32H7/HAL_Lib/CMSIS/Core/Include/cmsis_gcc.h ****   return(result);
 306:HW_Lib/STM32H7/HAL_Lib/CMSIS/Core/Include/cmsis_gcc.h **** }
 307:HW_Lib/STM32H7/HAL_Lib/CMSIS/Core/Include/cmsis_gcc.h **** 
 308:HW_Lib/STM32H7/HAL_Lib/CMSIS/Core/Include/cmsis_gcc.h **** 
 309:HW_Lib/STM32H7/HAL_Lib/CMSIS/Core/Include/cmsis_gcc.h **** /**
 310:HW_Lib/STM32H7/HAL_Lib/CMSIS/Core/Include/cmsis_gcc.h ****   \brief   Get Process Stack Pointer
 311:HW_Lib/STM32H7/HAL_Lib/CMSIS/Core/Include/cmsis_gcc.h ****   \details Returns the current value of the Process Stack Pointer (PSP).
 312:HW_Lib/STM32H7/HAL_Lib/CMSIS/Core/Include/cmsis_gcc.h ****   \return               PSP Register value
 313:HW_Lib/STM32H7/HAL_Lib/CMSIS/Core/Include/cmsis_gcc.h ****  */
 314:HW_Lib/STM32H7/HAL_Lib/CMSIS/Core/Include/cmsis_gcc.h **** __STATIC_FORCEINLINE uint32_t __get_PSP(void)
 315:HW_Lib/STM32H7/HAL_Lib/CMSIS/Core/Include/cmsis_gcc.h **** {
 316:HW_Lib/STM32H7/HAL_Lib/CMSIS/Core/Include/cmsis_gcc.h ****   uint32_t result;
 317:HW_Lib/STM32H7/HAL_Lib/CMSIS/Core/Include/cmsis_gcc.h **** 
 318:HW_Lib/STM32H7/HAL_Lib/CMSIS/Core/Include/cmsis_gcc.h ****   __ASM volatile ("MRS %0, psp"  : "=r" (result) );
 319:HW_Lib/STM32H7/HAL_Lib/CMSIS/Core/Include/cmsis_gcc.h ****   return(result);
 320:HW_Lib/STM32H7/HAL_Lib/CMSIS/Core/Include/cmsis_gcc.h **** }
 321:HW_Lib/STM32H7/HAL_Lib/CMSIS/Core/Include/cmsis_gcc.h **** 
 322:HW_Lib/STM32H7/HAL_Lib/CMSIS/Core/Include/cmsis_gcc.h **** 
 323:HW_Lib/STM32H7/HAL_Lib/CMSIS/Core/Include/cmsis_gcc.h **** #if (defined (__ARM_FEATURE_CMSE ) && (__ARM_FEATURE_CMSE == 3))
 324:HW_Lib/STM32H7/HAL_Lib/CMSIS/Core/Include/cmsis_gcc.h **** /**
 325:HW_Lib/STM32H7/HAL_Lib/CMSIS/Core/Include/cmsis_gcc.h ****   \brief   Get Process Stack Pointer (non-secure)
 326:HW_Lib/STM32H7/HAL_Lib/CMSIS/Core/Include/cmsis_gcc.h ****   \details Returns the current value of the non-secure Process Stack Pointer (PSP) when in secure s
 327:HW_Lib/STM32H7/HAL_Lib/CMSIS/Core/Include/cmsis_gcc.h ****   \return               PSP Register value
 328:HW_Lib/STM32H7/HAL_Lib/CMSIS/Core/Include/cmsis_gcc.h ****  */
 329:HW_Lib/STM32H7/HAL_Lib/CMSIS/Core/Include/cmsis_gcc.h **** __STATIC_FORCEINLINE uint32_t __TZ_get_PSP_NS(void)
 330:HW_Lib/STM32H7/HAL_Lib/CMSIS/Core/Include/cmsis_gcc.h **** {
 331:HW_Lib/STM32H7/HAL_Lib/CMSIS/Core/Include/cmsis_gcc.h ****   uint32_t result;
 332:HW_Lib/STM32H7/HAL_Lib/CMSIS/Core/Include/cmsis_gcc.h **** 
 333:HW_Lib/STM32H7/HAL_Lib/CMSIS/Core/Include/cmsis_gcc.h ****   __ASM volatile ("MRS %0, psp_ns"  : "=r" (result) );
 334:HW_Lib/STM32H7/HAL_Lib/CMSIS/Core/Include/cmsis_gcc.h ****   return(result);
 335:HW_Lib/STM32H7/HAL_Lib/CMSIS/Core/Include/cmsis_gcc.h **** }
 336:HW_Lib/STM32H7/HAL_Lib/CMSIS/Core/Include/cmsis_gcc.h **** #endif
 337:HW_Lib/STM32H7/HAL_Lib/CMSIS/Core/Include/cmsis_gcc.h **** 
 338:HW_Lib/STM32H7/HAL_Lib/CMSIS/Core/Include/cmsis_gcc.h **** 
 339:HW_Lib/STM32H7/HAL_Lib/CMSIS/Core/Include/cmsis_gcc.h **** /**
 340:HW_Lib/STM32H7/HAL_Lib/CMSIS/Core/Include/cmsis_gcc.h ****   \brief   Set Process Stack Pointer
 341:HW_Lib/STM32H7/HAL_Lib/CMSIS/Core/Include/cmsis_gcc.h ****   \details Assigns the given value to the Process Stack Pointer (PSP).
 342:HW_Lib/STM32H7/HAL_Lib/CMSIS/Core/Include/cmsis_gcc.h ****   \param [in]    topOfProcStack  Process Stack Pointer value to set
 343:HW_Lib/STM32H7/HAL_Lib/CMSIS/Core/Include/cmsis_gcc.h ****  */
ARM GAS  C:\Users\HUAV\AppData\Local\Temp\ccoKuDbb.s 			page 29


 344:HW_Lib/STM32H7/HAL_Lib/CMSIS/Core/Include/cmsis_gcc.h **** __STATIC_FORCEINLINE void __set_PSP(uint32_t topOfProcStack)
 345:HW_Lib/STM32H7/HAL_Lib/CMSIS/Core/Include/cmsis_gcc.h **** {
 346:HW_Lib/STM32H7/HAL_Lib/CMSIS/Core/Include/cmsis_gcc.h ****   __ASM volatile ("MSR psp, %0" : : "r" (topOfProcStack) : );
 347:HW_Lib/STM32H7/HAL_Lib/CMSIS/Core/Include/cmsis_gcc.h **** }
 348:HW_Lib/STM32H7/HAL_Lib/CMSIS/Core/Include/cmsis_gcc.h **** 
 349:HW_Lib/STM32H7/HAL_Lib/CMSIS/Core/Include/cmsis_gcc.h **** 
 350:HW_Lib/STM32H7/HAL_Lib/CMSIS/Core/Include/cmsis_gcc.h **** #if (defined (__ARM_FEATURE_CMSE ) && (__ARM_FEATURE_CMSE == 3))
 351:HW_Lib/STM32H7/HAL_Lib/CMSIS/Core/Include/cmsis_gcc.h **** /**
 352:HW_Lib/STM32H7/HAL_Lib/CMSIS/Core/Include/cmsis_gcc.h ****   \brief   Set Process Stack Pointer (non-secure)
 353:HW_Lib/STM32H7/HAL_Lib/CMSIS/Core/Include/cmsis_gcc.h ****   \details Assigns the given value to the non-secure Process Stack Pointer (PSP) when in secure sta
 354:HW_Lib/STM32H7/HAL_Lib/CMSIS/Core/Include/cmsis_gcc.h ****   \param [in]    topOfProcStack  Process Stack Pointer value to set
 355:HW_Lib/STM32H7/HAL_Lib/CMSIS/Core/Include/cmsis_gcc.h ****  */
 356:HW_Lib/STM32H7/HAL_Lib/CMSIS/Core/Include/cmsis_gcc.h **** __STATIC_FORCEINLINE void __TZ_set_PSP_NS(uint32_t topOfProcStack)
 357:HW_Lib/STM32H7/HAL_Lib/CMSIS/Core/Include/cmsis_gcc.h **** {
 358:HW_Lib/STM32H7/HAL_Lib/CMSIS/Core/Include/cmsis_gcc.h ****   __ASM volatile ("MSR psp_ns, %0" : : "r" (topOfProcStack) : );
 359:HW_Lib/STM32H7/HAL_Lib/CMSIS/Core/Include/cmsis_gcc.h **** }
 360:HW_Lib/STM32H7/HAL_Lib/CMSIS/Core/Include/cmsis_gcc.h **** #endif
 361:HW_Lib/STM32H7/HAL_Lib/CMSIS/Core/Include/cmsis_gcc.h **** 
 362:HW_Lib/STM32H7/HAL_Lib/CMSIS/Core/Include/cmsis_gcc.h **** 
 363:HW_Lib/STM32H7/HAL_Lib/CMSIS/Core/Include/cmsis_gcc.h **** /**
 364:HW_Lib/STM32H7/HAL_Lib/CMSIS/Core/Include/cmsis_gcc.h ****   \brief   Get Main Stack Pointer
 365:HW_Lib/STM32H7/HAL_Lib/CMSIS/Core/Include/cmsis_gcc.h ****   \details Returns the current value of the Main Stack Pointer (MSP).
 366:HW_Lib/STM32H7/HAL_Lib/CMSIS/Core/Include/cmsis_gcc.h ****   \return               MSP Register value
 367:HW_Lib/STM32H7/HAL_Lib/CMSIS/Core/Include/cmsis_gcc.h ****  */
 368:HW_Lib/STM32H7/HAL_Lib/CMSIS/Core/Include/cmsis_gcc.h **** __STATIC_FORCEINLINE uint32_t __get_MSP(void)
 369:HW_Lib/STM32H7/HAL_Lib/CMSIS/Core/Include/cmsis_gcc.h **** {
 370:HW_Lib/STM32H7/HAL_Lib/CMSIS/Core/Include/cmsis_gcc.h ****   uint32_t result;
 371:HW_Lib/STM32H7/HAL_Lib/CMSIS/Core/Include/cmsis_gcc.h **** 
 372:HW_Lib/STM32H7/HAL_Lib/CMSIS/Core/Include/cmsis_gcc.h ****   __ASM volatile ("MRS %0, msp" : "=r" (result) );
 373:HW_Lib/STM32H7/HAL_Lib/CMSIS/Core/Include/cmsis_gcc.h ****   return(result);
 374:HW_Lib/STM32H7/HAL_Lib/CMSIS/Core/Include/cmsis_gcc.h **** }
 375:HW_Lib/STM32H7/HAL_Lib/CMSIS/Core/Include/cmsis_gcc.h **** 
 376:HW_Lib/STM32H7/HAL_Lib/CMSIS/Core/Include/cmsis_gcc.h **** 
 377:HW_Lib/STM32H7/HAL_Lib/CMSIS/Core/Include/cmsis_gcc.h **** #if (defined (__ARM_FEATURE_CMSE ) && (__ARM_FEATURE_CMSE == 3))
 378:HW_Lib/STM32H7/HAL_Lib/CMSIS/Core/Include/cmsis_gcc.h **** /**
 379:HW_Lib/STM32H7/HAL_Lib/CMSIS/Core/Include/cmsis_gcc.h ****   \brief   Get Main Stack Pointer (non-secure)
 380:HW_Lib/STM32H7/HAL_Lib/CMSIS/Core/Include/cmsis_gcc.h ****   \details Returns the current value of the non-secure Main Stack Pointer (MSP) when in secure stat
 381:HW_Lib/STM32H7/HAL_Lib/CMSIS/Core/Include/cmsis_gcc.h ****   \return               MSP Register value
 382:HW_Lib/STM32H7/HAL_Lib/CMSIS/Core/Include/cmsis_gcc.h ****  */
 383:HW_Lib/STM32H7/HAL_Lib/CMSIS/Core/Include/cmsis_gcc.h **** __STATIC_FORCEINLINE uint32_t __TZ_get_MSP_NS(void)
 384:HW_Lib/STM32H7/HAL_Lib/CMSIS/Core/Include/cmsis_gcc.h **** {
 385:HW_Lib/STM32H7/HAL_Lib/CMSIS/Core/Include/cmsis_gcc.h ****   uint32_t result;
 386:HW_Lib/STM32H7/HAL_Lib/CMSIS/Core/Include/cmsis_gcc.h **** 
 387:HW_Lib/STM32H7/HAL_Lib/CMSIS/Core/Include/cmsis_gcc.h ****   __ASM volatile ("MRS %0, msp_ns" : "=r" (result) );
 388:HW_Lib/STM32H7/HAL_Lib/CMSIS/Core/Include/cmsis_gcc.h ****   return(result);
 389:HW_Lib/STM32H7/HAL_Lib/CMSIS/Core/Include/cmsis_gcc.h **** }
 390:HW_Lib/STM32H7/HAL_Lib/CMSIS/Core/Include/cmsis_gcc.h **** #endif
 391:HW_Lib/STM32H7/HAL_Lib/CMSIS/Core/Include/cmsis_gcc.h **** 
 392:HW_Lib/STM32H7/HAL_Lib/CMSIS/Core/Include/cmsis_gcc.h **** 
 393:HW_Lib/STM32H7/HAL_Lib/CMSIS/Core/Include/cmsis_gcc.h **** /**
 394:HW_Lib/STM32H7/HAL_Lib/CMSIS/Core/Include/cmsis_gcc.h ****   \brief   Set Main Stack Pointer
 395:HW_Lib/STM32H7/HAL_Lib/CMSIS/Core/Include/cmsis_gcc.h ****   \details Assigns the given value to the Main Stack Pointer (MSP).
 396:HW_Lib/STM32H7/HAL_Lib/CMSIS/Core/Include/cmsis_gcc.h ****   \param [in]    topOfMainStack  Main Stack Pointer value to set
 397:HW_Lib/STM32H7/HAL_Lib/CMSIS/Core/Include/cmsis_gcc.h ****  */
 398:HW_Lib/STM32H7/HAL_Lib/CMSIS/Core/Include/cmsis_gcc.h **** __STATIC_FORCEINLINE void __set_MSP(uint32_t topOfMainStack)
 399:HW_Lib/STM32H7/HAL_Lib/CMSIS/Core/Include/cmsis_gcc.h **** {
 400:HW_Lib/STM32H7/HAL_Lib/CMSIS/Core/Include/cmsis_gcc.h ****   __ASM volatile ("MSR msp, %0" : : "r" (topOfMainStack) : );
ARM GAS  C:\Users\HUAV\AppData\Local\Temp\ccoKuDbb.s 			page 30


 401:HW_Lib/STM32H7/HAL_Lib/CMSIS/Core/Include/cmsis_gcc.h **** }
 402:HW_Lib/STM32H7/HAL_Lib/CMSIS/Core/Include/cmsis_gcc.h **** 
 403:HW_Lib/STM32H7/HAL_Lib/CMSIS/Core/Include/cmsis_gcc.h **** 
 404:HW_Lib/STM32H7/HAL_Lib/CMSIS/Core/Include/cmsis_gcc.h **** #if (defined (__ARM_FEATURE_CMSE ) && (__ARM_FEATURE_CMSE == 3))
 405:HW_Lib/STM32H7/HAL_Lib/CMSIS/Core/Include/cmsis_gcc.h **** /**
 406:HW_Lib/STM32H7/HAL_Lib/CMSIS/Core/Include/cmsis_gcc.h ****   \brief   Set Main Stack Pointer (non-secure)
 407:HW_Lib/STM32H7/HAL_Lib/CMSIS/Core/Include/cmsis_gcc.h ****   \details Assigns the given value to the non-secure Main Stack Pointer (MSP) when in secure state.
 408:HW_Lib/STM32H7/HAL_Lib/CMSIS/Core/Include/cmsis_gcc.h ****   \param [in]    topOfMainStack  Main Stack Pointer value to set
 409:HW_Lib/STM32H7/HAL_Lib/CMSIS/Core/Include/cmsis_gcc.h ****  */
 410:HW_Lib/STM32H7/HAL_Lib/CMSIS/Core/Include/cmsis_gcc.h **** __STATIC_FORCEINLINE void __TZ_set_MSP_NS(uint32_t topOfMainStack)
 411:HW_Lib/STM32H7/HAL_Lib/CMSIS/Core/Include/cmsis_gcc.h **** {
 412:HW_Lib/STM32H7/HAL_Lib/CMSIS/Core/Include/cmsis_gcc.h ****   __ASM volatile ("MSR msp_ns, %0" : : "r" (topOfMainStack) : );
 413:HW_Lib/STM32H7/HAL_Lib/CMSIS/Core/Include/cmsis_gcc.h **** }
 414:HW_Lib/STM32H7/HAL_Lib/CMSIS/Core/Include/cmsis_gcc.h **** #endif
 415:HW_Lib/STM32H7/HAL_Lib/CMSIS/Core/Include/cmsis_gcc.h **** 
 416:HW_Lib/STM32H7/HAL_Lib/CMSIS/Core/Include/cmsis_gcc.h **** 
 417:HW_Lib/STM32H7/HAL_Lib/CMSIS/Core/Include/cmsis_gcc.h **** #if (defined (__ARM_FEATURE_CMSE ) && (__ARM_FEATURE_CMSE == 3))
 418:HW_Lib/STM32H7/HAL_Lib/CMSIS/Core/Include/cmsis_gcc.h **** /**
 419:HW_Lib/STM32H7/HAL_Lib/CMSIS/Core/Include/cmsis_gcc.h ****   \brief   Get Stack Pointer (non-secure)
 420:HW_Lib/STM32H7/HAL_Lib/CMSIS/Core/Include/cmsis_gcc.h ****   \details Returns the current value of the non-secure Stack Pointer (SP) when in secure state.
 421:HW_Lib/STM32H7/HAL_Lib/CMSIS/Core/Include/cmsis_gcc.h ****   \return               SP Register value
 422:HW_Lib/STM32H7/HAL_Lib/CMSIS/Core/Include/cmsis_gcc.h ****  */
 423:HW_Lib/STM32H7/HAL_Lib/CMSIS/Core/Include/cmsis_gcc.h **** __STATIC_FORCEINLINE uint32_t __TZ_get_SP_NS(void)
 424:HW_Lib/STM32H7/HAL_Lib/CMSIS/Core/Include/cmsis_gcc.h **** {
 425:HW_Lib/STM32H7/HAL_Lib/CMSIS/Core/Include/cmsis_gcc.h ****   uint32_t result;
 426:HW_Lib/STM32H7/HAL_Lib/CMSIS/Core/Include/cmsis_gcc.h **** 
 427:HW_Lib/STM32H7/HAL_Lib/CMSIS/Core/Include/cmsis_gcc.h ****   __ASM volatile ("MRS %0, sp_ns" : "=r" (result) );
 428:HW_Lib/STM32H7/HAL_Lib/CMSIS/Core/Include/cmsis_gcc.h ****   return(result);
 429:HW_Lib/STM32H7/HAL_Lib/CMSIS/Core/Include/cmsis_gcc.h **** }
 430:HW_Lib/STM32H7/HAL_Lib/CMSIS/Core/Include/cmsis_gcc.h **** 
 431:HW_Lib/STM32H7/HAL_Lib/CMSIS/Core/Include/cmsis_gcc.h **** 
 432:HW_Lib/STM32H7/HAL_Lib/CMSIS/Core/Include/cmsis_gcc.h **** /**
 433:HW_Lib/STM32H7/HAL_Lib/CMSIS/Core/Include/cmsis_gcc.h ****   \brief   Set Stack Pointer (non-secure)
 434:HW_Lib/STM32H7/HAL_Lib/CMSIS/Core/Include/cmsis_gcc.h ****   \details Assigns the given value to the non-secure Stack Pointer (SP) when in secure state.
 435:HW_Lib/STM32H7/HAL_Lib/CMSIS/Core/Include/cmsis_gcc.h ****   \param [in]    topOfStack  Stack Pointer value to set
 436:HW_Lib/STM32H7/HAL_Lib/CMSIS/Core/Include/cmsis_gcc.h ****  */
 437:HW_Lib/STM32H7/HAL_Lib/CMSIS/Core/Include/cmsis_gcc.h **** __STATIC_FORCEINLINE void __TZ_set_SP_NS(uint32_t topOfStack)
 438:HW_Lib/STM32H7/HAL_Lib/CMSIS/Core/Include/cmsis_gcc.h **** {
 439:HW_Lib/STM32H7/HAL_Lib/CMSIS/Core/Include/cmsis_gcc.h ****   __ASM volatile ("MSR sp_ns, %0" : : "r" (topOfStack) : );
 440:HW_Lib/STM32H7/HAL_Lib/CMSIS/Core/Include/cmsis_gcc.h **** }
 441:HW_Lib/STM32H7/HAL_Lib/CMSIS/Core/Include/cmsis_gcc.h **** #endif
 442:HW_Lib/STM32H7/HAL_Lib/CMSIS/Core/Include/cmsis_gcc.h **** 
 443:HW_Lib/STM32H7/HAL_Lib/CMSIS/Core/Include/cmsis_gcc.h **** 
 444:HW_Lib/STM32H7/HAL_Lib/CMSIS/Core/Include/cmsis_gcc.h **** /**
 445:HW_Lib/STM32H7/HAL_Lib/CMSIS/Core/Include/cmsis_gcc.h ****   \brief   Get Priority Mask
 446:HW_Lib/STM32H7/HAL_Lib/CMSIS/Core/Include/cmsis_gcc.h ****   \details Returns the current state of the priority mask bit from the Priority Mask Register.
 447:HW_Lib/STM32H7/HAL_Lib/CMSIS/Core/Include/cmsis_gcc.h ****   \return               Priority Mask value
 448:HW_Lib/STM32H7/HAL_Lib/CMSIS/Core/Include/cmsis_gcc.h ****  */
 449:HW_Lib/STM32H7/HAL_Lib/CMSIS/Core/Include/cmsis_gcc.h **** __STATIC_FORCEINLINE uint32_t __get_PRIMASK(void)
 450:HW_Lib/STM32H7/HAL_Lib/CMSIS/Core/Include/cmsis_gcc.h **** {
 451:HW_Lib/STM32H7/HAL_Lib/CMSIS/Core/Include/cmsis_gcc.h ****   uint32_t result;
 452:HW_Lib/STM32H7/HAL_Lib/CMSIS/Core/Include/cmsis_gcc.h **** 
 453:HW_Lib/STM32H7/HAL_Lib/CMSIS/Core/Include/cmsis_gcc.h ****   __ASM volatile ("MRS %0, primask" : "=r" (result) :: "memory");
 454:HW_Lib/STM32H7/HAL_Lib/CMSIS/Core/Include/cmsis_gcc.h ****   return(result);
 455:HW_Lib/STM32H7/HAL_Lib/CMSIS/Core/Include/cmsis_gcc.h **** }
 456:HW_Lib/STM32H7/HAL_Lib/CMSIS/Core/Include/cmsis_gcc.h **** 
 457:HW_Lib/STM32H7/HAL_Lib/CMSIS/Core/Include/cmsis_gcc.h **** 
ARM GAS  C:\Users\HUAV\AppData\Local\Temp\ccoKuDbb.s 			page 31


 458:HW_Lib/STM32H7/HAL_Lib/CMSIS/Core/Include/cmsis_gcc.h **** #if (defined (__ARM_FEATURE_CMSE ) && (__ARM_FEATURE_CMSE == 3))
 459:HW_Lib/STM32H7/HAL_Lib/CMSIS/Core/Include/cmsis_gcc.h **** /**
 460:HW_Lib/STM32H7/HAL_Lib/CMSIS/Core/Include/cmsis_gcc.h ****   \brief   Get Priority Mask (non-secure)
 461:HW_Lib/STM32H7/HAL_Lib/CMSIS/Core/Include/cmsis_gcc.h ****   \details Returns the current state of the non-secure priority mask bit from the Priority Mask Reg
 462:HW_Lib/STM32H7/HAL_Lib/CMSIS/Core/Include/cmsis_gcc.h ****   \return               Priority Mask value
 463:HW_Lib/STM32H7/HAL_Lib/CMSIS/Core/Include/cmsis_gcc.h ****  */
 464:HW_Lib/STM32H7/HAL_Lib/CMSIS/Core/Include/cmsis_gcc.h **** __STATIC_FORCEINLINE uint32_t __TZ_get_PRIMASK_NS(void)
 465:HW_Lib/STM32H7/HAL_Lib/CMSIS/Core/Include/cmsis_gcc.h **** {
 466:HW_Lib/STM32H7/HAL_Lib/CMSIS/Core/Include/cmsis_gcc.h ****   uint32_t result;
 467:HW_Lib/STM32H7/HAL_Lib/CMSIS/Core/Include/cmsis_gcc.h **** 
 468:HW_Lib/STM32H7/HAL_Lib/CMSIS/Core/Include/cmsis_gcc.h ****   __ASM volatile ("MRS %0, primask_ns" : "=r" (result) :: "memory");
 469:HW_Lib/STM32H7/HAL_Lib/CMSIS/Core/Include/cmsis_gcc.h ****   return(result);
 470:HW_Lib/STM32H7/HAL_Lib/CMSIS/Core/Include/cmsis_gcc.h **** }
 471:HW_Lib/STM32H7/HAL_Lib/CMSIS/Core/Include/cmsis_gcc.h **** #endif
 472:HW_Lib/STM32H7/HAL_Lib/CMSIS/Core/Include/cmsis_gcc.h **** 
 473:HW_Lib/STM32H7/HAL_Lib/CMSIS/Core/Include/cmsis_gcc.h **** 
 474:HW_Lib/STM32H7/HAL_Lib/CMSIS/Core/Include/cmsis_gcc.h **** /**
 475:HW_Lib/STM32H7/HAL_Lib/CMSIS/Core/Include/cmsis_gcc.h ****   \brief   Set Priority Mask
 476:HW_Lib/STM32H7/HAL_Lib/CMSIS/Core/Include/cmsis_gcc.h ****   \details Assigns the given value to the Priority Mask Register.
 477:HW_Lib/STM32H7/HAL_Lib/CMSIS/Core/Include/cmsis_gcc.h ****   \param [in]    priMask  Priority Mask
 478:HW_Lib/STM32H7/HAL_Lib/CMSIS/Core/Include/cmsis_gcc.h ****  */
 479:HW_Lib/STM32H7/HAL_Lib/CMSIS/Core/Include/cmsis_gcc.h **** __STATIC_FORCEINLINE void __set_PRIMASK(uint32_t priMask)
 480:HW_Lib/STM32H7/HAL_Lib/CMSIS/Core/Include/cmsis_gcc.h **** {
 481:HW_Lib/STM32H7/HAL_Lib/CMSIS/Core/Include/cmsis_gcc.h ****   __ASM volatile ("MSR primask, %0" : : "r" (priMask) : "memory");
 482:HW_Lib/STM32H7/HAL_Lib/CMSIS/Core/Include/cmsis_gcc.h **** }
 483:HW_Lib/STM32H7/HAL_Lib/CMSIS/Core/Include/cmsis_gcc.h **** 
 484:HW_Lib/STM32H7/HAL_Lib/CMSIS/Core/Include/cmsis_gcc.h **** 
 485:HW_Lib/STM32H7/HAL_Lib/CMSIS/Core/Include/cmsis_gcc.h **** #if (defined (__ARM_FEATURE_CMSE ) && (__ARM_FEATURE_CMSE == 3))
 486:HW_Lib/STM32H7/HAL_Lib/CMSIS/Core/Include/cmsis_gcc.h **** /**
 487:HW_Lib/STM32H7/HAL_Lib/CMSIS/Core/Include/cmsis_gcc.h ****   \brief   Set Priority Mask (non-secure)
 488:HW_Lib/STM32H7/HAL_Lib/CMSIS/Core/Include/cmsis_gcc.h ****   \details Assigns the given value to the non-secure Priority Mask Register when in secure state.
 489:HW_Lib/STM32H7/HAL_Lib/CMSIS/Core/Include/cmsis_gcc.h ****   \param [in]    priMask  Priority Mask
 490:HW_Lib/STM32H7/HAL_Lib/CMSIS/Core/Include/cmsis_gcc.h ****  */
 491:HW_Lib/STM32H7/HAL_Lib/CMSIS/Core/Include/cmsis_gcc.h **** __STATIC_FORCEINLINE void __TZ_set_PRIMASK_NS(uint32_t priMask)
 492:HW_Lib/STM32H7/HAL_Lib/CMSIS/Core/Include/cmsis_gcc.h **** {
 493:HW_Lib/STM32H7/HAL_Lib/CMSIS/Core/Include/cmsis_gcc.h ****   __ASM volatile ("MSR primask_ns, %0" : : "r" (priMask) : "memory");
 494:HW_Lib/STM32H7/HAL_Lib/CMSIS/Core/Include/cmsis_gcc.h **** }
 495:HW_Lib/STM32H7/HAL_Lib/CMSIS/Core/Include/cmsis_gcc.h **** #endif
 496:HW_Lib/STM32H7/HAL_Lib/CMSIS/Core/Include/cmsis_gcc.h **** 
 497:HW_Lib/STM32H7/HAL_Lib/CMSIS/Core/Include/cmsis_gcc.h **** 
 498:HW_Lib/STM32H7/HAL_Lib/CMSIS/Core/Include/cmsis_gcc.h **** #if ((defined (__ARM_ARCH_7M__      ) && (__ARM_ARCH_7M__      == 1)) || \
 499:HW_Lib/STM32H7/HAL_Lib/CMSIS/Core/Include/cmsis_gcc.h ****      (defined (__ARM_ARCH_7EM__     ) && (__ARM_ARCH_7EM__     == 1)) || \
 500:HW_Lib/STM32H7/HAL_Lib/CMSIS/Core/Include/cmsis_gcc.h ****      (defined (__ARM_ARCH_8M_MAIN__ ) && (__ARM_ARCH_8M_MAIN__ == 1))    )
 501:HW_Lib/STM32H7/HAL_Lib/CMSIS/Core/Include/cmsis_gcc.h **** /**
 502:HW_Lib/STM32H7/HAL_Lib/CMSIS/Core/Include/cmsis_gcc.h ****   \brief   Enable FIQ
 503:HW_Lib/STM32H7/HAL_Lib/CMSIS/Core/Include/cmsis_gcc.h ****   \details Enables FIQ interrupts by clearing the F-bit in the CPSR.
 504:HW_Lib/STM32H7/HAL_Lib/CMSIS/Core/Include/cmsis_gcc.h ****            Can only be executed in Privileged modes.
 505:HW_Lib/STM32H7/HAL_Lib/CMSIS/Core/Include/cmsis_gcc.h ****  */
 506:HW_Lib/STM32H7/HAL_Lib/CMSIS/Core/Include/cmsis_gcc.h **** __STATIC_FORCEINLINE void __enable_fault_irq(void)
 507:HW_Lib/STM32H7/HAL_Lib/CMSIS/Core/Include/cmsis_gcc.h **** {
 508:HW_Lib/STM32H7/HAL_Lib/CMSIS/Core/Include/cmsis_gcc.h ****   __ASM volatile ("cpsie f" : : : "memory");
 509:HW_Lib/STM32H7/HAL_Lib/CMSIS/Core/Include/cmsis_gcc.h **** }
 510:HW_Lib/STM32H7/HAL_Lib/CMSIS/Core/Include/cmsis_gcc.h **** 
 511:HW_Lib/STM32H7/HAL_Lib/CMSIS/Core/Include/cmsis_gcc.h **** 
 512:HW_Lib/STM32H7/HAL_Lib/CMSIS/Core/Include/cmsis_gcc.h **** /**
 513:HW_Lib/STM32H7/HAL_Lib/CMSIS/Core/Include/cmsis_gcc.h ****   \brief   Disable FIQ
 514:HW_Lib/STM32H7/HAL_Lib/CMSIS/Core/Include/cmsis_gcc.h ****   \details Disables FIQ interrupts by setting the F-bit in the CPSR.
ARM GAS  C:\Users\HUAV\AppData\Local\Temp\ccoKuDbb.s 			page 32


 515:HW_Lib/STM32H7/HAL_Lib/CMSIS/Core/Include/cmsis_gcc.h ****            Can only be executed in Privileged modes.
 516:HW_Lib/STM32H7/HAL_Lib/CMSIS/Core/Include/cmsis_gcc.h ****  */
 517:HW_Lib/STM32H7/HAL_Lib/CMSIS/Core/Include/cmsis_gcc.h **** __STATIC_FORCEINLINE void __disable_fault_irq(void)
 518:HW_Lib/STM32H7/HAL_Lib/CMSIS/Core/Include/cmsis_gcc.h **** {
 519:HW_Lib/STM32H7/HAL_Lib/CMSIS/Core/Include/cmsis_gcc.h ****   __ASM volatile ("cpsid f" : : : "memory");
 520:HW_Lib/STM32H7/HAL_Lib/CMSIS/Core/Include/cmsis_gcc.h **** }
 521:HW_Lib/STM32H7/HAL_Lib/CMSIS/Core/Include/cmsis_gcc.h **** 
 522:HW_Lib/STM32H7/HAL_Lib/CMSIS/Core/Include/cmsis_gcc.h **** 
 523:HW_Lib/STM32H7/HAL_Lib/CMSIS/Core/Include/cmsis_gcc.h **** /**
 524:HW_Lib/STM32H7/HAL_Lib/CMSIS/Core/Include/cmsis_gcc.h ****   \brief   Get Base Priority
 525:HW_Lib/STM32H7/HAL_Lib/CMSIS/Core/Include/cmsis_gcc.h ****   \details Returns the current value of the Base Priority register.
 526:HW_Lib/STM32H7/HAL_Lib/CMSIS/Core/Include/cmsis_gcc.h ****   \return               Base Priority register value
 527:HW_Lib/STM32H7/HAL_Lib/CMSIS/Core/Include/cmsis_gcc.h ****  */
 528:HW_Lib/STM32H7/HAL_Lib/CMSIS/Core/Include/cmsis_gcc.h **** __STATIC_FORCEINLINE uint32_t __get_BASEPRI(void)
 529:HW_Lib/STM32H7/HAL_Lib/CMSIS/Core/Include/cmsis_gcc.h **** {
 530:HW_Lib/STM32H7/HAL_Lib/CMSIS/Core/Include/cmsis_gcc.h ****   uint32_t result;
 531:HW_Lib/STM32H7/HAL_Lib/CMSIS/Core/Include/cmsis_gcc.h **** 
 532:HW_Lib/STM32H7/HAL_Lib/CMSIS/Core/Include/cmsis_gcc.h ****   __ASM volatile ("MRS %0, basepri" : "=r" (result) );
 533:HW_Lib/STM32H7/HAL_Lib/CMSIS/Core/Include/cmsis_gcc.h ****   return(result);
 534:HW_Lib/STM32H7/HAL_Lib/CMSIS/Core/Include/cmsis_gcc.h **** }
 535:HW_Lib/STM32H7/HAL_Lib/CMSIS/Core/Include/cmsis_gcc.h **** 
 536:HW_Lib/STM32H7/HAL_Lib/CMSIS/Core/Include/cmsis_gcc.h **** 
 537:HW_Lib/STM32H7/HAL_Lib/CMSIS/Core/Include/cmsis_gcc.h **** #if (defined (__ARM_FEATURE_CMSE ) && (__ARM_FEATURE_CMSE == 3))
 538:HW_Lib/STM32H7/HAL_Lib/CMSIS/Core/Include/cmsis_gcc.h **** /**
 539:HW_Lib/STM32H7/HAL_Lib/CMSIS/Core/Include/cmsis_gcc.h ****   \brief   Get Base Priority (non-secure)
 540:HW_Lib/STM32H7/HAL_Lib/CMSIS/Core/Include/cmsis_gcc.h ****   \details Returns the current value of the non-secure Base Priority register when in secure state.
 541:HW_Lib/STM32H7/HAL_Lib/CMSIS/Core/Include/cmsis_gcc.h ****   \return               Base Priority register value
 542:HW_Lib/STM32H7/HAL_Lib/CMSIS/Core/Include/cmsis_gcc.h ****  */
 543:HW_Lib/STM32H7/HAL_Lib/CMSIS/Core/Include/cmsis_gcc.h **** __STATIC_FORCEINLINE uint32_t __TZ_get_BASEPRI_NS(void)
 544:HW_Lib/STM32H7/HAL_Lib/CMSIS/Core/Include/cmsis_gcc.h **** {
 545:HW_Lib/STM32H7/HAL_Lib/CMSIS/Core/Include/cmsis_gcc.h ****   uint32_t result;
 546:HW_Lib/STM32H7/HAL_Lib/CMSIS/Core/Include/cmsis_gcc.h **** 
 547:HW_Lib/STM32H7/HAL_Lib/CMSIS/Core/Include/cmsis_gcc.h ****   __ASM volatile ("MRS %0, basepri_ns" : "=r" (result) );
 548:HW_Lib/STM32H7/HAL_Lib/CMSIS/Core/Include/cmsis_gcc.h ****   return(result);
 549:HW_Lib/STM32H7/HAL_Lib/CMSIS/Core/Include/cmsis_gcc.h **** }
 550:HW_Lib/STM32H7/HAL_Lib/CMSIS/Core/Include/cmsis_gcc.h **** #endif
 551:HW_Lib/STM32H7/HAL_Lib/CMSIS/Core/Include/cmsis_gcc.h **** 
 552:HW_Lib/STM32H7/HAL_Lib/CMSIS/Core/Include/cmsis_gcc.h **** 
 553:HW_Lib/STM32H7/HAL_Lib/CMSIS/Core/Include/cmsis_gcc.h **** /**
 554:HW_Lib/STM32H7/HAL_Lib/CMSIS/Core/Include/cmsis_gcc.h ****   \brief   Set Base Priority
 555:HW_Lib/STM32H7/HAL_Lib/CMSIS/Core/Include/cmsis_gcc.h ****   \details Assigns the given value to the Base Priority register.
 556:HW_Lib/STM32H7/HAL_Lib/CMSIS/Core/Include/cmsis_gcc.h ****   \param [in]    basePri  Base Priority value to set
 557:HW_Lib/STM32H7/HAL_Lib/CMSIS/Core/Include/cmsis_gcc.h ****  */
 558:HW_Lib/STM32H7/HAL_Lib/CMSIS/Core/Include/cmsis_gcc.h **** __STATIC_FORCEINLINE void __set_BASEPRI(uint32_t basePri)
 559:HW_Lib/STM32H7/HAL_Lib/CMSIS/Core/Include/cmsis_gcc.h **** {
 560:HW_Lib/STM32H7/HAL_Lib/CMSIS/Core/Include/cmsis_gcc.h ****   __ASM volatile ("MSR basepri, %0" : : "r" (basePri) : "memory");
 561:HW_Lib/STM32H7/HAL_Lib/CMSIS/Core/Include/cmsis_gcc.h **** }
 562:HW_Lib/STM32H7/HAL_Lib/CMSIS/Core/Include/cmsis_gcc.h **** 
 563:HW_Lib/STM32H7/HAL_Lib/CMSIS/Core/Include/cmsis_gcc.h **** 
 564:HW_Lib/STM32H7/HAL_Lib/CMSIS/Core/Include/cmsis_gcc.h **** #if (defined (__ARM_FEATURE_CMSE ) && (__ARM_FEATURE_CMSE == 3))
 565:HW_Lib/STM32H7/HAL_Lib/CMSIS/Core/Include/cmsis_gcc.h **** /**
 566:HW_Lib/STM32H7/HAL_Lib/CMSIS/Core/Include/cmsis_gcc.h ****   \brief   Set Base Priority (non-secure)
 567:HW_Lib/STM32H7/HAL_Lib/CMSIS/Core/Include/cmsis_gcc.h ****   \details Assigns the given value to the non-secure Base Priority register when in secure state.
 568:HW_Lib/STM32H7/HAL_Lib/CMSIS/Core/Include/cmsis_gcc.h ****   \param [in]    basePri  Base Priority value to set
 569:HW_Lib/STM32H7/HAL_Lib/CMSIS/Core/Include/cmsis_gcc.h ****  */
 570:HW_Lib/STM32H7/HAL_Lib/CMSIS/Core/Include/cmsis_gcc.h **** __STATIC_FORCEINLINE void __TZ_set_BASEPRI_NS(uint32_t basePri)
 571:HW_Lib/STM32H7/HAL_Lib/CMSIS/Core/Include/cmsis_gcc.h **** {
ARM GAS  C:\Users\HUAV\AppData\Local\Temp\ccoKuDbb.s 			page 33


 572:HW_Lib/STM32H7/HAL_Lib/CMSIS/Core/Include/cmsis_gcc.h ****   __ASM volatile ("MSR basepri_ns, %0" : : "r" (basePri) : "memory");
 573:HW_Lib/STM32H7/HAL_Lib/CMSIS/Core/Include/cmsis_gcc.h **** }
 574:HW_Lib/STM32H7/HAL_Lib/CMSIS/Core/Include/cmsis_gcc.h **** #endif
 575:HW_Lib/STM32H7/HAL_Lib/CMSIS/Core/Include/cmsis_gcc.h **** 
 576:HW_Lib/STM32H7/HAL_Lib/CMSIS/Core/Include/cmsis_gcc.h **** 
 577:HW_Lib/STM32H7/HAL_Lib/CMSIS/Core/Include/cmsis_gcc.h **** /**
 578:HW_Lib/STM32H7/HAL_Lib/CMSIS/Core/Include/cmsis_gcc.h ****   \brief   Set Base Priority with condition
 579:HW_Lib/STM32H7/HAL_Lib/CMSIS/Core/Include/cmsis_gcc.h ****   \details Assigns the given value to the Base Priority register only if BASEPRI masking is disable
 580:HW_Lib/STM32H7/HAL_Lib/CMSIS/Core/Include/cmsis_gcc.h ****            or the new value increases the BASEPRI priority level.
 581:HW_Lib/STM32H7/HAL_Lib/CMSIS/Core/Include/cmsis_gcc.h ****   \param [in]    basePri  Base Priority value to set
 582:HW_Lib/STM32H7/HAL_Lib/CMSIS/Core/Include/cmsis_gcc.h ****  */
 583:HW_Lib/STM32H7/HAL_Lib/CMSIS/Core/Include/cmsis_gcc.h **** __STATIC_FORCEINLINE void __set_BASEPRI_MAX(uint32_t basePri)
 584:HW_Lib/STM32H7/HAL_Lib/CMSIS/Core/Include/cmsis_gcc.h **** {
 585:HW_Lib/STM32H7/HAL_Lib/CMSIS/Core/Include/cmsis_gcc.h ****   __ASM volatile ("MSR basepri_max, %0" : : "r" (basePri) : "memory");
 586:HW_Lib/STM32H7/HAL_Lib/CMSIS/Core/Include/cmsis_gcc.h **** }
 587:HW_Lib/STM32H7/HAL_Lib/CMSIS/Core/Include/cmsis_gcc.h **** 
 588:HW_Lib/STM32H7/HAL_Lib/CMSIS/Core/Include/cmsis_gcc.h **** 
 589:HW_Lib/STM32H7/HAL_Lib/CMSIS/Core/Include/cmsis_gcc.h **** /**
 590:HW_Lib/STM32H7/HAL_Lib/CMSIS/Core/Include/cmsis_gcc.h ****   \brief   Get Fault Mask
 591:HW_Lib/STM32H7/HAL_Lib/CMSIS/Core/Include/cmsis_gcc.h ****   \details Returns the current value of the Fault Mask register.
 592:HW_Lib/STM32H7/HAL_Lib/CMSIS/Core/Include/cmsis_gcc.h ****   \return               Fault Mask register value
 593:HW_Lib/STM32H7/HAL_Lib/CMSIS/Core/Include/cmsis_gcc.h ****  */
 594:HW_Lib/STM32H7/HAL_Lib/CMSIS/Core/Include/cmsis_gcc.h **** __STATIC_FORCEINLINE uint32_t __get_FAULTMASK(void)
 595:HW_Lib/STM32H7/HAL_Lib/CMSIS/Core/Include/cmsis_gcc.h **** {
 596:HW_Lib/STM32H7/HAL_Lib/CMSIS/Core/Include/cmsis_gcc.h ****   uint32_t result;
 597:HW_Lib/STM32H7/HAL_Lib/CMSIS/Core/Include/cmsis_gcc.h **** 
 598:HW_Lib/STM32H7/HAL_Lib/CMSIS/Core/Include/cmsis_gcc.h ****   __ASM volatile ("MRS %0, faultmask" : "=r" (result) );
 599:HW_Lib/STM32H7/HAL_Lib/CMSIS/Core/Include/cmsis_gcc.h ****   return(result);
 600:HW_Lib/STM32H7/HAL_Lib/CMSIS/Core/Include/cmsis_gcc.h **** }
 601:HW_Lib/STM32H7/HAL_Lib/CMSIS/Core/Include/cmsis_gcc.h **** 
 602:HW_Lib/STM32H7/HAL_Lib/CMSIS/Core/Include/cmsis_gcc.h **** 
 603:HW_Lib/STM32H7/HAL_Lib/CMSIS/Core/Include/cmsis_gcc.h **** #if (defined (__ARM_FEATURE_CMSE ) && (__ARM_FEATURE_CMSE == 3))
 604:HW_Lib/STM32H7/HAL_Lib/CMSIS/Core/Include/cmsis_gcc.h **** /**
 605:HW_Lib/STM32H7/HAL_Lib/CMSIS/Core/Include/cmsis_gcc.h ****   \brief   Get Fault Mask (non-secure)
 606:HW_Lib/STM32H7/HAL_Lib/CMSIS/Core/Include/cmsis_gcc.h ****   \details Returns the current value of the non-secure Fault Mask register when in secure state.
 607:HW_Lib/STM32H7/HAL_Lib/CMSIS/Core/Include/cmsis_gcc.h ****   \return               Fault Mask register value
 608:HW_Lib/STM32H7/HAL_Lib/CMSIS/Core/Include/cmsis_gcc.h ****  */
 609:HW_Lib/STM32H7/HAL_Lib/CMSIS/Core/Include/cmsis_gcc.h **** __STATIC_FORCEINLINE uint32_t __TZ_get_FAULTMASK_NS(void)
 610:HW_Lib/STM32H7/HAL_Lib/CMSIS/Core/Include/cmsis_gcc.h **** {
 611:HW_Lib/STM32H7/HAL_Lib/CMSIS/Core/Include/cmsis_gcc.h ****   uint32_t result;
 612:HW_Lib/STM32H7/HAL_Lib/CMSIS/Core/Include/cmsis_gcc.h **** 
 613:HW_Lib/STM32H7/HAL_Lib/CMSIS/Core/Include/cmsis_gcc.h ****   __ASM volatile ("MRS %0, faultmask_ns" : "=r" (result) );
 614:HW_Lib/STM32H7/HAL_Lib/CMSIS/Core/Include/cmsis_gcc.h ****   return(result);
 615:HW_Lib/STM32H7/HAL_Lib/CMSIS/Core/Include/cmsis_gcc.h **** }
 616:HW_Lib/STM32H7/HAL_Lib/CMSIS/Core/Include/cmsis_gcc.h **** #endif
 617:HW_Lib/STM32H7/HAL_Lib/CMSIS/Core/Include/cmsis_gcc.h **** 
 618:HW_Lib/STM32H7/HAL_Lib/CMSIS/Core/Include/cmsis_gcc.h **** 
 619:HW_Lib/STM32H7/HAL_Lib/CMSIS/Core/Include/cmsis_gcc.h **** /**
 620:HW_Lib/STM32H7/HAL_Lib/CMSIS/Core/Include/cmsis_gcc.h ****   \brief   Set Fault Mask
 621:HW_Lib/STM32H7/HAL_Lib/CMSIS/Core/Include/cmsis_gcc.h ****   \details Assigns the given value to the Fault Mask register.
 622:HW_Lib/STM32H7/HAL_Lib/CMSIS/Core/Include/cmsis_gcc.h ****   \param [in]    faultMask  Fault Mask value to set
 623:HW_Lib/STM32H7/HAL_Lib/CMSIS/Core/Include/cmsis_gcc.h ****  */
 624:HW_Lib/STM32H7/HAL_Lib/CMSIS/Core/Include/cmsis_gcc.h **** __STATIC_FORCEINLINE void __set_FAULTMASK(uint32_t faultMask)
 625:HW_Lib/STM32H7/HAL_Lib/CMSIS/Core/Include/cmsis_gcc.h **** {
 626:HW_Lib/STM32H7/HAL_Lib/CMSIS/Core/Include/cmsis_gcc.h ****   __ASM volatile ("MSR faultmask, %0" : : "r" (faultMask) : "memory");
 627:HW_Lib/STM32H7/HAL_Lib/CMSIS/Core/Include/cmsis_gcc.h **** }
 628:HW_Lib/STM32H7/HAL_Lib/CMSIS/Core/Include/cmsis_gcc.h **** 
ARM GAS  C:\Users\HUAV\AppData\Local\Temp\ccoKuDbb.s 			page 34


 629:HW_Lib/STM32H7/HAL_Lib/CMSIS/Core/Include/cmsis_gcc.h **** 
 630:HW_Lib/STM32H7/HAL_Lib/CMSIS/Core/Include/cmsis_gcc.h **** #if (defined (__ARM_FEATURE_CMSE ) && (__ARM_FEATURE_CMSE == 3))
 631:HW_Lib/STM32H7/HAL_Lib/CMSIS/Core/Include/cmsis_gcc.h **** /**
 632:HW_Lib/STM32H7/HAL_Lib/CMSIS/Core/Include/cmsis_gcc.h ****   \brief   Set Fault Mask (non-secure)
 633:HW_Lib/STM32H7/HAL_Lib/CMSIS/Core/Include/cmsis_gcc.h ****   \details Assigns the given value to the non-secure Fault Mask register when in secure state.
 634:HW_Lib/STM32H7/HAL_Lib/CMSIS/Core/Include/cmsis_gcc.h ****   \param [in]    faultMask  Fault Mask value to set
 635:HW_Lib/STM32H7/HAL_Lib/CMSIS/Core/Include/cmsis_gcc.h ****  */
 636:HW_Lib/STM32H7/HAL_Lib/CMSIS/Core/Include/cmsis_gcc.h **** __STATIC_FORCEINLINE void __TZ_set_FAULTMASK_NS(uint32_t faultMask)
 637:HW_Lib/STM32H7/HAL_Lib/CMSIS/Core/Include/cmsis_gcc.h **** {
 638:HW_Lib/STM32H7/HAL_Lib/CMSIS/Core/Include/cmsis_gcc.h ****   __ASM volatile ("MSR faultmask_ns, %0" : : "r" (faultMask) : "memory");
 639:HW_Lib/STM32H7/HAL_Lib/CMSIS/Core/Include/cmsis_gcc.h **** }
 640:HW_Lib/STM32H7/HAL_Lib/CMSIS/Core/Include/cmsis_gcc.h **** #endif
 641:HW_Lib/STM32H7/HAL_Lib/CMSIS/Core/Include/cmsis_gcc.h **** 
 642:HW_Lib/STM32H7/HAL_Lib/CMSIS/Core/Include/cmsis_gcc.h **** #endif /* ((defined (__ARM_ARCH_7M__      ) && (__ARM_ARCH_7M__      == 1)) || \
 643:HW_Lib/STM32H7/HAL_Lib/CMSIS/Core/Include/cmsis_gcc.h ****            (defined (__ARM_ARCH_7EM__     ) && (__ARM_ARCH_7EM__     == 1)) || \
 644:HW_Lib/STM32H7/HAL_Lib/CMSIS/Core/Include/cmsis_gcc.h ****            (defined (__ARM_ARCH_8M_MAIN__ ) && (__ARM_ARCH_8M_MAIN__ == 1))    ) */
 645:HW_Lib/STM32H7/HAL_Lib/CMSIS/Core/Include/cmsis_gcc.h **** 
 646:HW_Lib/STM32H7/HAL_Lib/CMSIS/Core/Include/cmsis_gcc.h **** 
 647:HW_Lib/STM32H7/HAL_Lib/CMSIS/Core/Include/cmsis_gcc.h **** #if ((defined (__ARM_ARCH_8M_MAIN__ ) && (__ARM_ARCH_8M_MAIN__ == 1)) || \
 648:HW_Lib/STM32H7/HAL_Lib/CMSIS/Core/Include/cmsis_gcc.h ****      (defined (__ARM_ARCH_8M_BASE__ ) && (__ARM_ARCH_8M_BASE__ == 1))    )
 649:HW_Lib/STM32H7/HAL_Lib/CMSIS/Core/Include/cmsis_gcc.h **** 
 650:HW_Lib/STM32H7/HAL_Lib/CMSIS/Core/Include/cmsis_gcc.h **** /**
 651:HW_Lib/STM32H7/HAL_Lib/CMSIS/Core/Include/cmsis_gcc.h ****   \brief   Get Process Stack Pointer Limit
 652:HW_Lib/STM32H7/HAL_Lib/CMSIS/Core/Include/cmsis_gcc.h ****   Devices without ARMv8-M Main Extensions (i.e. Cortex-M23) lack the non-secure
 653:HW_Lib/STM32H7/HAL_Lib/CMSIS/Core/Include/cmsis_gcc.h ****   Stack Pointer Limit register hence zero is returned always in non-secure
 654:HW_Lib/STM32H7/HAL_Lib/CMSIS/Core/Include/cmsis_gcc.h ****   mode.
 655:HW_Lib/STM32H7/HAL_Lib/CMSIS/Core/Include/cmsis_gcc.h ****   
 656:HW_Lib/STM32H7/HAL_Lib/CMSIS/Core/Include/cmsis_gcc.h ****   \details Returns the current value of the Process Stack Pointer Limit (PSPLIM).
 657:HW_Lib/STM32H7/HAL_Lib/CMSIS/Core/Include/cmsis_gcc.h ****   \return               PSPLIM Register value
 658:HW_Lib/STM32H7/HAL_Lib/CMSIS/Core/Include/cmsis_gcc.h ****  */
 659:HW_Lib/STM32H7/HAL_Lib/CMSIS/Core/Include/cmsis_gcc.h **** __STATIC_FORCEINLINE uint32_t __get_PSPLIM(void)
 660:HW_Lib/STM32H7/HAL_Lib/CMSIS/Core/Include/cmsis_gcc.h **** {
 661:HW_Lib/STM32H7/HAL_Lib/CMSIS/Core/Include/cmsis_gcc.h **** #if (!(defined (__ARM_ARCH_8M_MAIN__ ) && (__ARM_ARCH_8M_MAIN__ == 1)) && \
 662:HW_Lib/STM32H7/HAL_Lib/CMSIS/Core/Include/cmsis_gcc.h ****     (!defined (__ARM_FEATURE_CMSE) || (__ARM_FEATURE_CMSE < 3)))
 663:HW_Lib/STM32H7/HAL_Lib/CMSIS/Core/Include/cmsis_gcc.h ****     // without main extensions, the non-secure PSPLIM is RAZ/WI
 664:HW_Lib/STM32H7/HAL_Lib/CMSIS/Core/Include/cmsis_gcc.h ****   return 0U;
 665:HW_Lib/STM32H7/HAL_Lib/CMSIS/Core/Include/cmsis_gcc.h **** #else
 666:HW_Lib/STM32H7/HAL_Lib/CMSIS/Core/Include/cmsis_gcc.h ****   uint32_t result;
 667:HW_Lib/STM32H7/HAL_Lib/CMSIS/Core/Include/cmsis_gcc.h ****   __ASM volatile ("MRS %0, psplim"  : "=r" (result) );
 668:HW_Lib/STM32H7/HAL_Lib/CMSIS/Core/Include/cmsis_gcc.h ****   return result;
 669:HW_Lib/STM32H7/HAL_Lib/CMSIS/Core/Include/cmsis_gcc.h **** #endif
 670:HW_Lib/STM32H7/HAL_Lib/CMSIS/Core/Include/cmsis_gcc.h **** }
 671:HW_Lib/STM32H7/HAL_Lib/CMSIS/Core/Include/cmsis_gcc.h **** 
 672:HW_Lib/STM32H7/HAL_Lib/CMSIS/Core/Include/cmsis_gcc.h **** #if (defined (__ARM_FEATURE_CMSE) && (__ARM_FEATURE_CMSE == 3))
 673:HW_Lib/STM32H7/HAL_Lib/CMSIS/Core/Include/cmsis_gcc.h **** /**
 674:HW_Lib/STM32H7/HAL_Lib/CMSIS/Core/Include/cmsis_gcc.h ****   \brief   Get Process Stack Pointer Limit (non-secure)
 675:HW_Lib/STM32H7/HAL_Lib/CMSIS/Core/Include/cmsis_gcc.h ****   Devices without ARMv8-M Main Extensions (i.e. Cortex-M23) lack the non-secure
 676:HW_Lib/STM32H7/HAL_Lib/CMSIS/Core/Include/cmsis_gcc.h ****   Stack Pointer Limit register hence zero is returned always.
 677:HW_Lib/STM32H7/HAL_Lib/CMSIS/Core/Include/cmsis_gcc.h **** 
 678:HW_Lib/STM32H7/HAL_Lib/CMSIS/Core/Include/cmsis_gcc.h ****   \details Returns the current value of the non-secure Process Stack Pointer Limit (PSPLIM) when in
 679:HW_Lib/STM32H7/HAL_Lib/CMSIS/Core/Include/cmsis_gcc.h ****   \return               PSPLIM Register value
 680:HW_Lib/STM32H7/HAL_Lib/CMSIS/Core/Include/cmsis_gcc.h ****  */
 681:HW_Lib/STM32H7/HAL_Lib/CMSIS/Core/Include/cmsis_gcc.h **** __STATIC_FORCEINLINE uint32_t __TZ_get_PSPLIM_NS(void)
 682:HW_Lib/STM32H7/HAL_Lib/CMSIS/Core/Include/cmsis_gcc.h **** {
 683:HW_Lib/STM32H7/HAL_Lib/CMSIS/Core/Include/cmsis_gcc.h **** #if (!(defined (__ARM_ARCH_8M_MAIN__ ) && (__ARM_ARCH_8M_MAIN__ == 1)))
 684:HW_Lib/STM32H7/HAL_Lib/CMSIS/Core/Include/cmsis_gcc.h ****   // without main extensions, the non-secure PSPLIM is RAZ/WI
 685:HW_Lib/STM32H7/HAL_Lib/CMSIS/Core/Include/cmsis_gcc.h ****   return 0U;
ARM GAS  C:\Users\HUAV\AppData\Local\Temp\ccoKuDbb.s 			page 35


 686:HW_Lib/STM32H7/HAL_Lib/CMSIS/Core/Include/cmsis_gcc.h **** #else
 687:HW_Lib/STM32H7/HAL_Lib/CMSIS/Core/Include/cmsis_gcc.h ****   uint32_t result;
 688:HW_Lib/STM32H7/HAL_Lib/CMSIS/Core/Include/cmsis_gcc.h ****   __ASM volatile ("MRS %0, psplim_ns"  : "=r" (result) );
 689:HW_Lib/STM32H7/HAL_Lib/CMSIS/Core/Include/cmsis_gcc.h ****   return result;
 690:HW_Lib/STM32H7/HAL_Lib/CMSIS/Core/Include/cmsis_gcc.h **** #endif
 691:HW_Lib/STM32H7/HAL_Lib/CMSIS/Core/Include/cmsis_gcc.h **** }
 692:HW_Lib/STM32H7/HAL_Lib/CMSIS/Core/Include/cmsis_gcc.h **** #endif
 693:HW_Lib/STM32H7/HAL_Lib/CMSIS/Core/Include/cmsis_gcc.h **** 
 694:HW_Lib/STM32H7/HAL_Lib/CMSIS/Core/Include/cmsis_gcc.h **** 
 695:HW_Lib/STM32H7/HAL_Lib/CMSIS/Core/Include/cmsis_gcc.h **** /**
 696:HW_Lib/STM32H7/HAL_Lib/CMSIS/Core/Include/cmsis_gcc.h ****   \brief   Set Process Stack Pointer Limit
 697:HW_Lib/STM32H7/HAL_Lib/CMSIS/Core/Include/cmsis_gcc.h ****   Devices without ARMv8-M Main Extensions (i.e. Cortex-M23) lack the non-secure
 698:HW_Lib/STM32H7/HAL_Lib/CMSIS/Core/Include/cmsis_gcc.h ****   Stack Pointer Limit register hence the write is silently ignored in non-secure
 699:HW_Lib/STM32H7/HAL_Lib/CMSIS/Core/Include/cmsis_gcc.h ****   mode.
 700:HW_Lib/STM32H7/HAL_Lib/CMSIS/Core/Include/cmsis_gcc.h ****   
 701:HW_Lib/STM32H7/HAL_Lib/CMSIS/Core/Include/cmsis_gcc.h ****   \details Assigns the given value to the Process Stack Pointer Limit (PSPLIM).
 702:HW_Lib/STM32H7/HAL_Lib/CMSIS/Core/Include/cmsis_gcc.h ****   \param [in]    ProcStackPtrLimit  Process Stack Pointer Limit value to set
 703:HW_Lib/STM32H7/HAL_Lib/CMSIS/Core/Include/cmsis_gcc.h ****  */
 704:HW_Lib/STM32H7/HAL_Lib/CMSIS/Core/Include/cmsis_gcc.h **** __STATIC_FORCEINLINE void __set_PSPLIM(uint32_t ProcStackPtrLimit)
 705:HW_Lib/STM32H7/HAL_Lib/CMSIS/Core/Include/cmsis_gcc.h **** {
 706:HW_Lib/STM32H7/HAL_Lib/CMSIS/Core/Include/cmsis_gcc.h **** #if (!(defined (__ARM_ARCH_8M_MAIN__ ) && (__ARM_ARCH_8M_MAIN__ == 1)) && \
 707:HW_Lib/STM32H7/HAL_Lib/CMSIS/Core/Include/cmsis_gcc.h ****     (!defined (__ARM_FEATURE_CMSE) || (__ARM_FEATURE_CMSE < 3)))
 708:HW_Lib/STM32H7/HAL_Lib/CMSIS/Core/Include/cmsis_gcc.h ****   // without main extensions, the non-secure PSPLIM is RAZ/WI
 709:HW_Lib/STM32H7/HAL_Lib/CMSIS/Core/Include/cmsis_gcc.h ****   (void)ProcStackPtrLimit;
 710:HW_Lib/STM32H7/HAL_Lib/CMSIS/Core/Include/cmsis_gcc.h **** #else
 711:HW_Lib/STM32H7/HAL_Lib/CMSIS/Core/Include/cmsis_gcc.h ****   __ASM volatile ("MSR psplim, %0" : : "r" (ProcStackPtrLimit));
 712:HW_Lib/STM32H7/HAL_Lib/CMSIS/Core/Include/cmsis_gcc.h **** #endif
 713:HW_Lib/STM32H7/HAL_Lib/CMSIS/Core/Include/cmsis_gcc.h **** }
 714:HW_Lib/STM32H7/HAL_Lib/CMSIS/Core/Include/cmsis_gcc.h **** 
 715:HW_Lib/STM32H7/HAL_Lib/CMSIS/Core/Include/cmsis_gcc.h **** 
 716:HW_Lib/STM32H7/HAL_Lib/CMSIS/Core/Include/cmsis_gcc.h **** #if (defined (__ARM_FEATURE_CMSE  ) && (__ARM_FEATURE_CMSE   == 3))
 717:HW_Lib/STM32H7/HAL_Lib/CMSIS/Core/Include/cmsis_gcc.h **** /**
 718:HW_Lib/STM32H7/HAL_Lib/CMSIS/Core/Include/cmsis_gcc.h ****   \brief   Set Process Stack Pointer (non-secure)
 719:HW_Lib/STM32H7/HAL_Lib/CMSIS/Core/Include/cmsis_gcc.h ****   Devices without ARMv8-M Main Extensions (i.e. Cortex-M23) lack the non-secure
 720:HW_Lib/STM32H7/HAL_Lib/CMSIS/Core/Include/cmsis_gcc.h ****   Stack Pointer Limit register hence the write is silently ignored.
 721:HW_Lib/STM32H7/HAL_Lib/CMSIS/Core/Include/cmsis_gcc.h **** 
 722:HW_Lib/STM32H7/HAL_Lib/CMSIS/Core/Include/cmsis_gcc.h ****   \details Assigns the given value to the non-secure Process Stack Pointer Limit (PSPLIM) when in s
 723:HW_Lib/STM32H7/HAL_Lib/CMSIS/Core/Include/cmsis_gcc.h ****   \param [in]    ProcStackPtrLimit  Process Stack Pointer Limit value to set
 724:HW_Lib/STM32H7/HAL_Lib/CMSIS/Core/Include/cmsis_gcc.h ****  */
 725:HW_Lib/STM32H7/HAL_Lib/CMSIS/Core/Include/cmsis_gcc.h **** __STATIC_FORCEINLINE void __TZ_set_PSPLIM_NS(uint32_t ProcStackPtrLimit)
 726:HW_Lib/STM32H7/HAL_Lib/CMSIS/Core/Include/cmsis_gcc.h **** {
 727:HW_Lib/STM32H7/HAL_Lib/CMSIS/Core/Include/cmsis_gcc.h **** #if (!(defined (__ARM_ARCH_8M_MAIN__ ) && (__ARM_ARCH_8M_MAIN__ == 1)))
 728:HW_Lib/STM32H7/HAL_Lib/CMSIS/Core/Include/cmsis_gcc.h ****   // without main extensions, the non-secure PSPLIM is RAZ/WI
 729:HW_Lib/STM32H7/HAL_Lib/CMSIS/Core/Include/cmsis_gcc.h ****   (void)ProcStackPtrLimit;
 730:HW_Lib/STM32H7/HAL_Lib/CMSIS/Core/Include/cmsis_gcc.h **** #else
 731:HW_Lib/STM32H7/HAL_Lib/CMSIS/Core/Include/cmsis_gcc.h ****   __ASM volatile ("MSR psplim_ns, %0\n" : : "r" (ProcStackPtrLimit));
 732:HW_Lib/STM32H7/HAL_Lib/CMSIS/Core/Include/cmsis_gcc.h **** #endif
 733:HW_Lib/STM32H7/HAL_Lib/CMSIS/Core/Include/cmsis_gcc.h **** }
 734:HW_Lib/STM32H7/HAL_Lib/CMSIS/Core/Include/cmsis_gcc.h **** #endif
 735:HW_Lib/STM32H7/HAL_Lib/CMSIS/Core/Include/cmsis_gcc.h **** 
 736:HW_Lib/STM32H7/HAL_Lib/CMSIS/Core/Include/cmsis_gcc.h **** 
 737:HW_Lib/STM32H7/HAL_Lib/CMSIS/Core/Include/cmsis_gcc.h **** /**
 738:HW_Lib/STM32H7/HAL_Lib/CMSIS/Core/Include/cmsis_gcc.h ****   \brief   Get Main Stack Pointer Limit
 739:HW_Lib/STM32H7/HAL_Lib/CMSIS/Core/Include/cmsis_gcc.h ****   Devices without ARMv8-M Main Extensions (i.e. Cortex-M23) lack the non-secure
 740:HW_Lib/STM32H7/HAL_Lib/CMSIS/Core/Include/cmsis_gcc.h ****   Stack Pointer Limit register hence zero is returned always in non-secure
 741:HW_Lib/STM32H7/HAL_Lib/CMSIS/Core/Include/cmsis_gcc.h ****   mode.
 742:HW_Lib/STM32H7/HAL_Lib/CMSIS/Core/Include/cmsis_gcc.h **** 
ARM GAS  C:\Users\HUAV\AppData\Local\Temp\ccoKuDbb.s 			page 36


 743:HW_Lib/STM32H7/HAL_Lib/CMSIS/Core/Include/cmsis_gcc.h ****   \details Returns the current value of the Main Stack Pointer Limit (MSPLIM).
 744:HW_Lib/STM32H7/HAL_Lib/CMSIS/Core/Include/cmsis_gcc.h ****   \return               MSPLIM Register value
 745:HW_Lib/STM32H7/HAL_Lib/CMSIS/Core/Include/cmsis_gcc.h ****  */
 746:HW_Lib/STM32H7/HAL_Lib/CMSIS/Core/Include/cmsis_gcc.h **** __STATIC_FORCEINLINE uint32_t __get_MSPLIM(void)
 747:HW_Lib/STM32H7/HAL_Lib/CMSIS/Core/Include/cmsis_gcc.h **** {
 748:HW_Lib/STM32H7/HAL_Lib/CMSIS/Core/Include/cmsis_gcc.h **** #if (!(defined (__ARM_ARCH_8M_MAIN__ ) && (__ARM_ARCH_8M_MAIN__ == 1)) && \
 749:HW_Lib/STM32H7/HAL_Lib/CMSIS/Core/Include/cmsis_gcc.h ****     (!defined (__ARM_FEATURE_CMSE) || (__ARM_FEATURE_CMSE < 3)))
 750:HW_Lib/STM32H7/HAL_Lib/CMSIS/Core/Include/cmsis_gcc.h ****   // without main extensions, the non-secure MSPLIM is RAZ/WI
 751:HW_Lib/STM32H7/HAL_Lib/CMSIS/Core/Include/cmsis_gcc.h ****   return 0U;
 752:HW_Lib/STM32H7/HAL_Lib/CMSIS/Core/Include/cmsis_gcc.h **** #else
 753:HW_Lib/STM32H7/HAL_Lib/CMSIS/Core/Include/cmsis_gcc.h ****   uint32_t result;
 754:HW_Lib/STM32H7/HAL_Lib/CMSIS/Core/Include/cmsis_gcc.h ****   __ASM volatile ("MRS %0, msplim" : "=r" (result) );
 755:HW_Lib/STM32H7/HAL_Lib/CMSIS/Core/Include/cmsis_gcc.h ****   return result;
 756:HW_Lib/STM32H7/HAL_Lib/CMSIS/Core/Include/cmsis_gcc.h **** #endif
 757:HW_Lib/STM32H7/HAL_Lib/CMSIS/Core/Include/cmsis_gcc.h **** }
 758:HW_Lib/STM32H7/HAL_Lib/CMSIS/Core/Include/cmsis_gcc.h **** 
 759:HW_Lib/STM32H7/HAL_Lib/CMSIS/Core/Include/cmsis_gcc.h **** 
 760:HW_Lib/STM32H7/HAL_Lib/CMSIS/Core/Include/cmsis_gcc.h **** #if (defined (__ARM_FEATURE_CMSE  ) && (__ARM_FEATURE_CMSE   == 3))
 761:HW_Lib/STM32H7/HAL_Lib/CMSIS/Core/Include/cmsis_gcc.h **** /**
 762:HW_Lib/STM32H7/HAL_Lib/CMSIS/Core/Include/cmsis_gcc.h ****   \brief   Get Main Stack Pointer Limit (non-secure)
 763:HW_Lib/STM32H7/HAL_Lib/CMSIS/Core/Include/cmsis_gcc.h ****   Devices without ARMv8-M Main Extensions (i.e. Cortex-M23) lack the non-secure
 764:HW_Lib/STM32H7/HAL_Lib/CMSIS/Core/Include/cmsis_gcc.h ****   Stack Pointer Limit register hence zero is returned always.
 765:HW_Lib/STM32H7/HAL_Lib/CMSIS/Core/Include/cmsis_gcc.h **** 
 766:HW_Lib/STM32H7/HAL_Lib/CMSIS/Core/Include/cmsis_gcc.h ****   \details Returns the current value of the non-secure Main Stack Pointer Limit(MSPLIM) when in sec
 767:HW_Lib/STM32H7/HAL_Lib/CMSIS/Core/Include/cmsis_gcc.h ****   \return               MSPLIM Register value
 768:HW_Lib/STM32H7/HAL_Lib/CMSIS/Core/Include/cmsis_gcc.h ****  */
 769:HW_Lib/STM32H7/HAL_Lib/CMSIS/Core/Include/cmsis_gcc.h **** __STATIC_FORCEINLINE uint32_t __TZ_get_MSPLIM_NS(void)
 770:HW_Lib/STM32H7/HAL_Lib/CMSIS/Core/Include/cmsis_gcc.h **** {
 771:HW_Lib/STM32H7/HAL_Lib/CMSIS/Core/Include/cmsis_gcc.h **** #if (!(defined (__ARM_ARCH_8M_MAIN__ ) && (__ARM_ARCH_8M_MAIN__ == 1)))
 772:HW_Lib/STM32H7/HAL_Lib/CMSIS/Core/Include/cmsis_gcc.h ****   // without main extensions, the non-secure MSPLIM is RAZ/WI
 773:HW_Lib/STM32H7/HAL_Lib/CMSIS/Core/Include/cmsis_gcc.h ****   return 0U;
 774:HW_Lib/STM32H7/HAL_Lib/CMSIS/Core/Include/cmsis_gcc.h **** #else
 775:HW_Lib/STM32H7/HAL_Lib/CMSIS/Core/Include/cmsis_gcc.h ****   uint32_t result;
 776:HW_Lib/STM32H7/HAL_Lib/CMSIS/Core/Include/cmsis_gcc.h ****   __ASM volatile ("MRS %0, msplim_ns" : "=r" (result) );
 777:HW_Lib/STM32H7/HAL_Lib/CMSIS/Core/Include/cmsis_gcc.h ****   return result;
 778:HW_Lib/STM32H7/HAL_Lib/CMSIS/Core/Include/cmsis_gcc.h **** #endif
 779:HW_Lib/STM32H7/HAL_Lib/CMSIS/Core/Include/cmsis_gcc.h **** }
 780:HW_Lib/STM32H7/HAL_Lib/CMSIS/Core/Include/cmsis_gcc.h **** #endif
 781:HW_Lib/STM32H7/HAL_Lib/CMSIS/Core/Include/cmsis_gcc.h **** 
 782:HW_Lib/STM32H7/HAL_Lib/CMSIS/Core/Include/cmsis_gcc.h **** 
 783:HW_Lib/STM32H7/HAL_Lib/CMSIS/Core/Include/cmsis_gcc.h **** /**
 784:HW_Lib/STM32H7/HAL_Lib/CMSIS/Core/Include/cmsis_gcc.h ****   \brief   Set Main Stack Pointer Limit
 785:HW_Lib/STM32H7/HAL_Lib/CMSIS/Core/Include/cmsis_gcc.h ****   Devices without ARMv8-M Main Extensions (i.e. Cortex-M23) lack the non-secure
 786:HW_Lib/STM32H7/HAL_Lib/CMSIS/Core/Include/cmsis_gcc.h ****   Stack Pointer Limit register hence the write is silently ignored in non-secure
 787:HW_Lib/STM32H7/HAL_Lib/CMSIS/Core/Include/cmsis_gcc.h ****   mode.
 788:HW_Lib/STM32H7/HAL_Lib/CMSIS/Core/Include/cmsis_gcc.h **** 
 789:HW_Lib/STM32H7/HAL_Lib/CMSIS/Core/Include/cmsis_gcc.h ****   \details Assigns the given value to the Main Stack Pointer Limit (MSPLIM).
 790:HW_Lib/STM32H7/HAL_Lib/CMSIS/Core/Include/cmsis_gcc.h ****   \param [in]    MainStackPtrLimit  Main Stack Pointer Limit value to set
 791:HW_Lib/STM32H7/HAL_Lib/CMSIS/Core/Include/cmsis_gcc.h ****  */
 792:HW_Lib/STM32H7/HAL_Lib/CMSIS/Core/Include/cmsis_gcc.h **** __STATIC_FORCEINLINE void __set_MSPLIM(uint32_t MainStackPtrLimit)
 793:HW_Lib/STM32H7/HAL_Lib/CMSIS/Core/Include/cmsis_gcc.h **** {
 794:HW_Lib/STM32H7/HAL_Lib/CMSIS/Core/Include/cmsis_gcc.h **** #if (!(defined (__ARM_ARCH_8M_MAIN__ ) && (__ARM_ARCH_8M_MAIN__ == 1)) && \
 795:HW_Lib/STM32H7/HAL_Lib/CMSIS/Core/Include/cmsis_gcc.h ****     (!defined (__ARM_FEATURE_CMSE) || (__ARM_FEATURE_CMSE < 3)))
 796:HW_Lib/STM32H7/HAL_Lib/CMSIS/Core/Include/cmsis_gcc.h ****   // without main extensions, the non-secure MSPLIM is RAZ/WI
 797:HW_Lib/STM32H7/HAL_Lib/CMSIS/Core/Include/cmsis_gcc.h ****   (void)MainStackPtrLimit;
 798:HW_Lib/STM32H7/HAL_Lib/CMSIS/Core/Include/cmsis_gcc.h **** #else
 799:HW_Lib/STM32H7/HAL_Lib/CMSIS/Core/Include/cmsis_gcc.h ****   __ASM volatile ("MSR msplim, %0" : : "r" (MainStackPtrLimit));
ARM GAS  C:\Users\HUAV\AppData\Local\Temp\ccoKuDbb.s 			page 37


 800:HW_Lib/STM32H7/HAL_Lib/CMSIS/Core/Include/cmsis_gcc.h **** #endif
 801:HW_Lib/STM32H7/HAL_Lib/CMSIS/Core/Include/cmsis_gcc.h **** }
 802:HW_Lib/STM32H7/HAL_Lib/CMSIS/Core/Include/cmsis_gcc.h **** 
 803:HW_Lib/STM32H7/HAL_Lib/CMSIS/Core/Include/cmsis_gcc.h **** 
 804:HW_Lib/STM32H7/HAL_Lib/CMSIS/Core/Include/cmsis_gcc.h **** #if (defined (__ARM_FEATURE_CMSE  ) && (__ARM_FEATURE_CMSE   == 3))
 805:HW_Lib/STM32H7/HAL_Lib/CMSIS/Core/Include/cmsis_gcc.h **** /**
 806:HW_Lib/STM32H7/HAL_Lib/CMSIS/Core/Include/cmsis_gcc.h ****   \brief   Set Main Stack Pointer Limit (non-secure)
 807:HW_Lib/STM32H7/HAL_Lib/CMSIS/Core/Include/cmsis_gcc.h ****   Devices without ARMv8-M Main Extensions (i.e. Cortex-M23) lack the non-secure
 808:HW_Lib/STM32H7/HAL_Lib/CMSIS/Core/Include/cmsis_gcc.h ****   Stack Pointer Limit register hence the write is silently ignored.
 809:HW_Lib/STM32H7/HAL_Lib/CMSIS/Core/Include/cmsis_gcc.h **** 
 810:HW_Lib/STM32H7/HAL_Lib/CMSIS/Core/Include/cmsis_gcc.h ****   \details Assigns the given value to the non-secure Main Stack Pointer Limit (MSPLIM) when in secu
 811:HW_Lib/STM32H7/HAL_Lib/CMSIS/Core/Include/cmsis_gcc.h ****   \param [in]    MainStackPtrLimit  Main Stack Pointer value to set
 812:HW_Lib/STM32H7/HAL_Lib/CMSIS/Core/Include/cmsis_gcc.h ****  */
 813:HW_Lib/STM32H7/HAL_Lib/CMSIS/Core/Include/cmsis_gcc.h **** __STATIC_FORCEINLINE void __TZ_set_MSPLIM_NS(uint32_t MainStackPtrLimit)
 814:HW_Lib/STM32H7/HAL_Lib/CMSIS/Core/Include/cmsis_gcc.h **** {
 815:HW_Lib/STM32H7/HAL_Lib/CMSIS/Core/Include/cmsis_gcc.h **** #if (!(defined (__ARM_ARCH_8M_MAIN__ ) && (__ARM_ARCH_8M_MAIN__ == 1)))
 816:HW_Lib/STM32H7/HAL_Lib/CMSIS/Core/Include/cmsis_gcc.h ****   // without main extensions, the non-secure MSPLIM is RAZ/WI
 817:HW_Lib/STM32H7/HAL_Lib/CMSIS/Core/Include/cmsis_gcc.h ****   (void)MainStackPtrLimit;
 818:HW_Lib/STM32H7/HAL_Lib/CMSIS/Core/Include/cmsis_gcc.h **** #else
 819:HW_Lib/STM32H7/HAL_Lib/CMSIS/Core/Include/cmsis_gcc.h ****   __ASM volatile ("MSR msplim_ns, %0" : : "r" (MainStackPtrLimit));
 820:HW_Lib/STM32H7/HAL_Lib/CMSIS/Core/Include/cmsis_gcc.h **** #endif
 821:HW_Lib/STM32H7/HAL_Lib/CMSIS/Core/Include/cmsis_gcc.h **** }
 822:HW_Lib/STM32H7/HAL_Lib/CMSIS/Core/Include/cmsis_gcc.h **** #endif
 823:HW_Lib/STM32H7/HAL_Lib/CMSIS/Core/Include/cmsis_gcc.h **** 
 824:HW_Lib/STM32H7/HAL_Lib/CMSIS/Core/Include/cmsis_gcc.h **** #endif /* ((defined (__ARM_ARCH_8M_MAIN__ ) && (__ARM_ARCH_8M_MAIN__ == 1)) || \
 825:HW_Lib/STM32H7/HAL_Lib/CMSIS/Core/Include/cmsis_gcc.h ****            (defined (__ARM_ARCH_8M_BASE__ ) && (__ARM_ARCH_8M_BASE__ == 1))    ) */
 826:HW_Lib/STM32H7/HAL_Lib/CMSIS/Core/Include/cmsis_gcc.h **** 
 827:HW_Lib/STM32H7/HAL_Lib/CMSIS/Core/Include/cmsis_gcc.h **** 
 828:HW_Lib/STM32H7/HAL_Lib/CMSIS/Core/Include/cmsis_gcc.h **** /**
 829:HW_Lib/STM32H7/HAL_Lib/CMSIS/Core/Include/cmsis_gcc.h ****   \brief   Get FPSCR
 830:HW_Lib/STM32H7/HAL_Lib/CMSIS/Core/Include/cmsis_gcc.h ****   \details Returns the current value of the Floating Point Status/Control register.
 831:HW_Lib/STM32H7/HAL_Lib/CMSIS/Core/Include/cmsis_gcc.h ****   \return               Floating Point Status/Control register value
 832:HW_Lib/STM32H7/HAL_Lib/CMSIS/Core/Include/cmsis_gcc.h ****  */
 833:HW_Lib/STM32H7/HAL_Lib/CMSIS/Core/Include/cmsis_gcc.h **** __STATIC_FORCEINLINE uint32_t __get_FPSCR(void)
 834:HW_Lib/STM32H7/HAL_Lib/CMSIS/Core/Include/cmsis_gcc.h **** {
 835:HW_Lib/STM32H7/HAL_Lib/CMSIS/Core/Include/cmsis_gcc.h **** #if ((defined (__FPU_PRESENT) && (__FPU_PRESENT == 1U)) && \
 836:HW_Lib/STM32H7/HAL_Lib/CMSIS/Core/Include/cmsis_gcc.h ****      (defined (__FPU_USED   ) && (__FPU_USED    == 1U))     )
 837:HW_Lib/STM32H7/HAL_Lib/CMSIS/Core/Include/cmsis_gcc.h **** #if __has_builtin(__builtin_arm_get_fpscr) 
 838:HW_Lib/STM32H7/HAL_Lib/CMSIS/Core/Include/cmsis_gcc.h **** // Re-enable using built-in when GCC has been fixed
 839:HW_Lib/STM32H7/HAL_Lib/CMSIS/Core/Include/cmsis_gcc.h **** // || (__GNUC__ > 7) || (__GNUC__ == 7 && __GNUC_MINOR__ >= 2)
 840:HW_Lib/STM32H7/HAL_Lib/CMSIS/Core/Include/cmsis_gcc.h ****   /* see https://gcc.gnu.org/ml/gcc-patches/2017-04/msg00443.html */
 841:HW_Lib/STM32H7/HAL_Lib/CMSIS/Core/Include/cmsis_gcc.h ****   return __builtin_arm_get_fpscr();
 842:HW_Lib/STM32H7/HAL_Lib/CMSIS/Core/Include/cmsis_gcc.h **** #else
 843:HW_Lib/STM32H7/HAL_Lib/CMSIS/Core/Include/cmsis_gcc.h ****   uint32_t result;
 844:HW_Lib/STM32H7/HAL_Lib/CMSIS/Core/Include/cmsis_gcc.h **** 
 845:HW_Lib/STM32H7/HAL_Lib/CMSIS/Core/Include/cmsis_gcc.h ****   __ASM volatile ("VMRS %0, fpscr" : "=r" (result) );
 846:HW_Lib/STM32H7/HAL_Lib/CMSIS/Core/Include/cmsis_gcc.h ****   return(result);
 847:HW_Lib/STM32H7/HAL_Lib/CMSIS/Core/Include/cmsis_gcc.h **** #endif
 848:HW_Lib/STM32H7/HAL_Lib/CMSIS/Core/Include/cmsis_gcc.h **** #else
 849:HW_Lib/STM32H7/HAL_Lib/CMSIS/Core/Include/cmsis_gcc.h ****   return(0U);
 850:HW_Lib/STM32H7/HAL_Lib/CMSIS/Core/Include/cmsis_gcc.h **** #endif
 851:HW_Lib/STM32H7/HAL_Lib/CMSIS/Core/Include/cmsis_gcc.h **** }
 852:HW_Lib/STM32H7/HAL_Lib/CMSIS/Core/Include/cmsis_gcc.h **** 
 853:HW_Lib/STM32H7/HAL_Lib/CMSIS/Core/Include/cmsis_gcc.h **** 
 854:HW_Lib/STM32H7/HAL_Lib/CMSIS/Core/Include/cmsis_gcc.h **** /**
 855:HW_Lib/STM32H7/HAL_Lib/CMSIS/Core/Include/cmsis_gcc.h ****   \brief   Set FPSCR
 856:HW_Lib/STM32H7/HAL_Lib/CMSIS/Core/Include/cmsis_gcc.h ****   \details Assigns the given value to the Floating Point Status/Control register.
ARM GAS  C:\Users\HUAV\AppData\Local\Temp\ccoKuDbb.s 			page 38


 857:HW_Lib/STM32H7/HAL_Lib/CMSIS/Core/Include/cmsis_gcc.h ****   \param [in]    fpscr  Floating Point Status/Control value to set
 858:HW_Lib/STM32H7/HAL_Lib/CMSIS/Core/Include/cmsis_gcc.h ****  */
 859:HW_Lib/STM32H7/HAL_Lib/CMSIS/Core/Include/cmsis_gcc.h **** __STATIC_FORCEINLINE void __set_FPSCR(uint32_t fpscr)
 860:HW_Lib/STM32H7/HAL_Lib/CMSIS/Core/Include/cmsis_gcc.h **** {
 861:HW_Lib/STM32H7/HAL_Lib/CMSIS/Core/Include/cmsis_gcc.h **** #if ((defined (__FPU_PRESENT) && (__FPU_PRESENT == 1U)) && \
 862:HW_Lib/STM32H7/HAL_Lib/CMSIS/Core/Include/cmsis_gcc.h ****      (defined (__FPU_USED   ) && (__FPU_USED    == 1U))     )
 863:HW_Lib/STM32H7/HAL_Lib/CMSIS/Core/Include/cmsis_gcc.h **** #if __has_builtin(__builtin_arm_set_fpscr)
 864:HW_Lib/STM32H7/HAL_Lib/CMSIS/Core/Include/cmsis_gcc.h **** // Re-enable using built-in when GCC has been fixed
 865:HW_Lib/STM32H7/HAL_Lib/CMSIS/Core/Include/cmsis_gcc.h **** // || (__GNUC__ > 7) || (__GNUC__ == 7 && __GNUC_MINOR__ >= 2)
 866:HW_Lib/STM32H7/HAL_Lib/CMSIS/Core/Include/cmsis_gcc.h ****   /* see https://gcc.gnu.org/ml/gcc-patches/2017-04/msg00443.html */
 867:HW_Lib/STM32H7/HAL_Lib/CMSIS/Core/Include/cmsis_gcc.h ****   __builtin_arm_set_fpscr(fpscr);
 868:HW_Lib/STM32H7/HAL_Lib/CMSIS/Core/Include/cmsis_gcc.h **** #else
 869:HW_Lib/STM32H7/HAL_Lib/CMSIS/Core/Include/cmsis_gcc.h ****   __ASM volatile ("VMSR fpscr, %0" : : "r" (fpscr) : "vfpcc", "memory");
 870:HW_Lib/STM32H7/HAL_Lib/CMSIS/Core/Include/cmsis_gcc.h **** #endif
 871:HW_Lib/STM32H7/HAL_Lib/CMSIS/Core/Include/cmsis_gcc.h **** #else
 872:HW_Lib/STM32H7/HAL_Lib/CMSIS/Core/Include/cmsis_gcc.h ****   (void)fpscr;
 873:HW_Lib/STM32H7/HAL_Lib/CMSIS/Core/Include/cmsis_gcc.h **** #endif
 874:HW_Lib/STM32H7/HAL_Lib/CMSIS/Core/Include/cmsis_gcc.h **** }
 875:HW_Lib/STM32H7/HAL_Lib/CMSIS/Core/Include/cmsis_gcc.h **** 
 876:HW_Lib/STM32H7/HAL_Lib/CMSIS/Core/Include/cmsis_gcc.h **** 
 877:HW_Lib/STM32H7/HAL_Lib/CMSIS/Core/Include/cmsis_gcc.h **** /*@} end of CMSIS_Core_RegAccFunctions */
 878:HW_Lib/STM32H7/HAL_Lib/CMSIS/Core/Include/cmsis_gcc.h **** 
 879:HW_Lib/STM32H7/HAL_Lib/CMSIS/Core/Include/cmsis_gcc.h **** 
 880:HW_Lib/STM32H7/HAL_Lib/CMSIS/Core/Include/cmsis_gcc.h **** /* ##########################  Core Instruction Access  ######################### */
 881:HW_Lib/STM32H7/HAL_Lib/CMSIS/Core/Include/cmsis_gcc.h **** /** \defgroup CMSIS_Core_InstructionInterface CMSIS Core Instruction Interface
 882:HW_Lib/STM32H7/HAL_Lib/CMSIS/Core/Include/cmsis_gcc.h ****   Access to dedicated instructions
 883:HW_Lib/STM32H7/HAL_Lib/CMSIS/Core/Include/cmsis_gcc.h ****   @{
 884:HW_Lib/STM32H7/HAL_Lib/CMSIS/Core/Include/cmsis_gcc.h **** */
 885:HW_Lib/STM32H7/HAL_Lib/CMSIS/Core/Include/cmsis_gcc.h **** 
 886:HW_Lib/STM32H7/HAL_Lib/CMSIS/Core/Include/cmsis_gcc.h **** /* Define macros for porting to both thumb1 and thumb2.
 887:HW_Lib/STM32H7/HAL_Lib/CMSIS/Core/Include/cmsis_gcc.h ****  * For thumb1, use low register (r0-r7), specified by constraint "l"
 888:HW_Lib/STM32H7/HAL_Lib/CMSIS/Core/Include/cmsis_gcc.h ****  * Otherwise, use general registers, specified by constraint "r" */
 889:HW_Lib/STM32H7/HAL_Lib/CMSIS/Core/Include/cmsis_gcc.h **** #if defined (__thumb__) && !defined (__thumb2__)
 890:HW_Lib/STM32H7/HAL_Lib/CMSIS/Core/Include/cmsis_gcc.h **** #define __CMSIS_GCC_OUT_REG(r) "=l" (r)
 891:HW_Lib/STM32H7/HAL_Lib/CMSIS/Core/Include/cmsis_gcc.h **** #define __CMSIS_GCC_RW_REG(r) "+l" (r)
 892:HW_Lib/STM32H7/HAL_Lib/CMSIS/Core/Include/cmsis_gcc.h **** #define __CMSIS_GCC_USE_REG(r) "l" (r)
 893:HW_Lib/STM32H7/HAL_Lib/CMSIS/Core/Include/cmsis_gcc.h **** #else
 894:HW_Lib/STM32H7/HAL_Lib/CMSIS/Core/Include/cmsis_gcc.h **** #define __CMSIS_GCC_OUT_REG(r) "=r" (r)
 895:HW_Lib/STM32H7/HAL_Lib/CMSIS/Core/Include/cmsis_gcc.h **** #define __CMSIS_GCC_RW_REG(r) "+r" (r)
 896:HW_Lib/STM32H7/HAL_Lib/CMSIS/Core/Include/cmsis_gcc.h **** #define __CMSIS_GCC_USE_REG(r) "r" (r)
 897:HW_Lib/STM32H7/HAL_Lib/CMSIS/Core/Include/cmsis_gcc.h **** #endif
 898:HW_Lib/STM32H7/HAL_Lib/CMSIS/Core/Include/cmsis_gcc.h **** 
 899:HW_Lib/STM32H7/HAL_Lib/CMSIS/Core/Include/cmsis_gcc.h **** /**
 900:HW_Lib/STM32H7/HAL_Lib/CMSIS/Core/Include/cmsis_gcc.h ****   \brief   No Operation
 901:HW_Lib/STM32H7/HAL_Lib/CMSIS/Core/Include/cmsis_gcc.h ****   \details No Operation does nothing. This instruction can be used for code alignment purposes.
 902:HW_Lib/STM32H7/HAL_Lib/CMSIS/Core/Include/cmsis_gcc.h ****  */
 903:HW_Lib/STM32H7/HAL_Lib/CMSIS/Core/Include/cmsis_gcc.h **** #define __NOP()                             __ASM volatile ("nop")
 904:HW_Lib/STM32H7/HAL_Lib/CMSIS/Core/Include/cmsis_gcc.h **** 
 905:HW_Lib/STM32H7/HAL_Lib/CMSIS/Core/Include/cmsis_gcc.h **** /**
 906:HW_Lib/STM32H7/HAL_Lib/CMSIS/Core/Include/cmsis_gcc.h ****   \brief   Wait For Interrupt
 907:HW_Lib/STM32H7/HAL_Lib/CMSIS/Core/Include/cmsis_gcc.h ****   \details Wait For Interrupt is a hint instruction that suspends execution until one of a number o
 908:HW_Lib/STM32H7/HAL_Lib/CMSIS/Core/Include/cmsis_gcc.h ****  */
 909:HW_Lib/STM32H7/HAL_Lib/CMSIS/Core/Include/cmsis_gcc.h **** #define __WFI()                             __ASM volatile ("wfi")
 910:HW_Lib/STM32H7/HAL_Lib/CMSIS/Core/Include/cmsis_gcc.h **** 
 911:HW_Lib/STM32H7/HAL_Lib/CMSIS/Core/Include/cmsis_gcc.h **** 
 912:HW_Lib/STM32H7/HAL_Lib/CMSIS/Core/Include/cmsis_gcc.h **** /**
 913:HW_Lib/STM32H7/HAL_Lib/CMSIS/Core/Include/cmsis_gcc.h ****   \brief   Wait For Event
ARM GAS  C:\Users\HUAV\AppData\Local\Temp\ccoKuDbb.s 			page 39


 914:HW_Lib/STM32H7/HAL_Lib/CMSIS/Core/Include/cmsis_gcc.h ****   \details Wait For Event is a hint instruction that permits the processor to enter
 915:HW_Lib/STM32H7/HAL_Lib/CMSIS/Core/Include/cmsis_gcc.h ****            a low-power state until one of a number of events occurs.
 916:HW_Lib/STM32H7/HAL_Lib/CMSIS/Core/Include/cmsis_gcc.h ****  */
 917:HW_Lib/STM32H7/HAL_Lib/CMSIS/Core/Include/cmsis_gcc.h **** #define __WFE()                             __ASM volatile ("wfe")
 918:HW_Lib/STM32H7/HAL_Lib/CMSIS/Core/Include/cmsis_gcc.h **** 
 919:HW_Lib/STM32H7/HAL_Lib/CMSIS/Core/Include/cmsis_gcc.h **** 
 920:HW_Lib/STM32H7/HAL_Lib/CMSIS/Core/Include/cmsis_gcc.h **** /**
 921:HW_Lib/STM32H7/HAL_Lib/CMSIS/Core/Include/cmsis_gcc.h ****   \brief   Send Event
 922:HW_Lib/STM32H7/HAL_Lib/CMSIS/Core/Include/cmsis_gcc.h ****   \details Send Event is a hint instruction. It causes an event to be signaled to the CPU.
 923:HW_Lib/STM32H7/HAL_Lib/CMSIS/Core/Include/cmsis_gcc.h ****  */
 924:HW_Lib/STM32H7/HAL_Lib/CMSIS/Core/Include/cmsis_gcc.h **** #define __SEV()                             __ASM volatile ("sev")
 925:HW_Lib/STM32H7/HAL_Lib/CMSIS/Core/Include/cmsis_gcc.h **** 
 926:HW_Lib/STM32H7/HAL_Lib/CMSIS/Core/Include/cmsis_gcc.h **** 
 927:HW_Lib/STM32H7/HAL_Lib/CMSIS/Core/Include/cmsis_gcc.h **** /**
 928:HW_Lib/STM32H7/HAL_Lib/CMSIS/Core/Include/cmsis_gcc.h ****   \brief   Instruction Synchronization Barrier
 929:HW_Lib/STM32H7/HAL_Lib/CMSIS/Core/Include/cmsis_gcc.h ****   \details Instruction Synchronization Barrier flushes the pipeline in the processor,
 930:HW_Lib/STM32H7/HAL_Lib/CMSIS/Core/Include/cmsis_gcc.h ****            so that all instructions following the ISB are fetched from cache or memory,
 931:HW_Lib/STM32H7/HAL_Lib/CMSIS/Core/Include/cmsis_gcc.h ****            after the instruction has been completed.
 932:HW_Lib/STM32H7/HAL_Lib/CMSIS/Core/Include/cmsis_gcc.h ****  */
 933:HW_Lib/STM32H7/HAL_Lib/CMSIS/Core/Include/cmsis_gcc.h **** __STATIC_FORCEINLINE void __ISB(void)
 934:HW_Lib/STM32H7/HAL_Lib/CMSIS/Core/Include/cmsis_gcc.h **** {
 935:HW_Lib/STM32H7/HAL_Lib/CMSIS/Core/Include/cmsis_gcc.h ****   __ASM volatile ("isb 0xF":::"memory");
 936:HW_Lib/STM32H7/HAL_Lib/CMSIS/Core/Include/cmsis_gcc.h **** }
 937:HW_Lib/STM32H7/HAL_Lib/CMSIS/Core/Include/cmsis_gcc.h **** 
 938:HW_Lib/STM32H7/HAL_Lib/CMSIS/Core/Include/cmsis_gcc.h **** 
 939:HW_Lib/STM32H7/HAL_Lib/CMSIS/Core/Include/cmsis_gcc.h **** /**
 940:HW_Lib/STM32H7/HAL_Lib/CMSIS/Core/Include/cmsis_gcc.h ****   \brief   Data Synchronization Barrier
 941:HW_Lib/STM32H7/HAL_Lib/CMSIS/Core/Include/cmsis_gcc.h ****   \details Acts as a special kind of Data Memory Barrier.
 942:HW_Lib/STM32H7/HAL_Lib/CMSIS/Core/Include/cmsis_gcc.h ****            It completes when all explicit memory accesses before this instruction complete.
 943:HW_Lib/STM32H7/HAL_Lib/CMSIS/Core/Include/cmsis_gcc.h ****  */
 944:HW_Lib/STM32H7/HAL_Lib/CMSIS/Core/Include/cmsis_gcc.h **** __STATIC_FORCEINLINE void __DSB(void)
 945:HW_Lib/STM32H7/HAL_Lib/CMSIS/Core/Include/cmsis_gcc.h **** {
 946:HW_Lib/STM32H7/HAL_Lib/CMSIS/Core/Include/cmsis_gcc.h ****   __ASM volatile ("dsb 0xF":::"memory");
 623              		.loc 2 946 3
 624              		.syntax unified
 625              	@ 946 "HW_Lib/STM32H7/HAL_Lib/CMSIS/Core/Include/cmsis_gcc.h" 1
 626 0040 BFF34F8F 		dsb 0xF
 627              	@ 0 "" 2
 947:HW_Lib/STM32H7/HAL_Lib/CMSIS/Core/Include/cmsis_gcc.h **** }
 628              		.loc 2 947 1
 629              		.thumb
 630              		.syntax unified
 631 0044 00BF     		nop
 632              	.LBE11:
 633              	.LBE10:
 634              	.LBB12:
 635              	.LBB13:
 935:HW_Lib/STM32H7/HAL_Lib/CMSIS/Core/Include/cmsis_gcc.h **** }
 636              		.loc 2 935 3
 637              		.syntax unified
 638              	@ 935 "HW_Lib/STM32H7/HAL_Lib/CMSIS/Core/Include/cmsis_gcc.h" 1
 639 0046 BFF36F8F 		isb 0xF
 640              	@ 0 "" 2
 936:HW_Lib/STM32H7/HAL_Lib/CMSIS/Core/Include/cmsis_gcc.h **** 
 641              		.loc 2 936 1
 642              		.thumb
 643              		.syntax unified
ARM GAS  C:\Users\HUAV\AppData\Local\Temp\ccoKuDbb.s 			page 40


 644 004a 00BF     		nop
 645              	.LBE13:
 646              	.LBE12:
 649:HW_Lib/STM32H7/HAL_Lib/STM32H7xx_HAL_Driver/Src/stm32h7xx_hal_pwr.c **** 
 650:HW_Lib/STM32H7/HAL_Lib/STM32H7xx_HAL_Driver/Src/stm32h7xx_hal_pwr.c ****   /* Ensure that all instructions are done before entering STOP mode */
 651:HW_Lib/STM32H7/HAL_Lib/STM32H7xx_HAL_Driver/Src/stm32h7xx_hal_pwr.c ****   __DSB ();
 652:HW_Lib/STM32H7/HAL_Lib/STM32H7xx_HAL_Driver/Src/stm32h7xx_hal_pwr.c ****   __ISB ();
 653:HW_Lib/STM32H7/HAL_Lib/STM32H7xx_HAL_Driver/Src/stm32h7xx_hal_pwr.c **** 
 654:HW_Lib/STM32H7/HAL_Lib/STM32H7xx_HAL_Driver/Src/stm32h7xx_hal_pwr.c ****   /* Select STOP mode entry */
 655:HW_Lib/STM32H7/HAL_Lib/STM32H7xx_HAL_Driver/Src/stm32h7xx_hal_pwr.c ****   if (STOPEntry == PWR_STOPENTRY_WFI)
 647              		.loc 1 655 6
 648 004c FB78     		ldrb	r3, [r7, #3]	@ zero_extendqisi2
 649 004e 012B     		cmp	r3, #1
 650 0050 01D1     		bne	.L36
 656:HW_Lib/STM32H7/HAL_Lib/STM32H7xx_HAL_Driver/Src/stm32h7xx_hal_pwr.c ****   {
 657:HW_Lib/STM32H7/HAL_Lib/STM32H7xx_HAL_Driver/Src/stm32h7xx_hal_pwr.c ****     /* Request Wait For Interrupt */
 658:HW_Lib/STM32H7/HAL_Lib/STM32H7xx_HAL_Driver/Src/stm32h7xx_hal_pwr.c ****     __WFI ();
 651              		.loc 1 658 5
 652              		.syntax unified
 653              	@ 658 "HW_Lib/STM32H7/HAL_Lib/STM32H7xx_HAL_Driver/Src/stm32h7xx_hal_pwr.c" 1
 654 0052 30BF     		wfi
 655              	@ 0 "" 2
 656              		.thumb
 657              		.syntax unified
 658 0054 00E0     		b	.L37
 659              	.L36:
 659:HW_Lib/STM32H7/HAL_Lib/STM32H7xx_HAL_Driver/Src/stm32h7xx_hal_pwr.c ****   }
 660:HW_Lib/STM32H7/HAL_Lib/STM32H7xx_HAL_Driver/Src/stm32h7xx_hal_pwr.c ****   else
 661:HW_Lib/STM32H7/HAL_Lib/STM32H7xx_HAL_Driver/Src/stm32h7xx_hal_pwr.c ****   {
 662:HW_Lib/STM32H7/HAL_Lib/STM32H7xx_HAL_Driver/Src/stm32h7xx_hal_pwr.c ****     /* Request Wait For Event */
 663:HW_Lib/STM32H7/HAL_Lib/STM32H7xx_HAL_Driver/Src/stm32h7xx_hal_pwr.c ****     __WFE ();
 660              		.loc 1 663 5
 661              		.syntax unified
 662              	@ 663 "HW_Lib/STM32H7/HAL_Lib/STM32H7xx_HAL_Driver/Src/stm32h7xx_hal_pwr.c" 1
 663 0056 20BF     		wfe
 664              	@ 0 "" 2
 665              		.thumb
 666              		.syntax unified
 667              	.L37:
 664:HW_Lib/STM32H7/HAL_Lib/STM32H7xx_HAL_Driver/Src/stm32h7xx_hal_pwr.c ****   }
 665:HW_Lib/STM32H7/HAL_Lib/STM32H7xx_HAL_Driver/Src/stm32h7xx_hal_pwr.c **** 
 666:HW_Lib/STM32H7/HAL_Lib/STM32H7xx_HAL_Driver/Src/stm32h7xx_hal_pwr.c ****   /* Clear SLEEPDEEP bit of Cortex-Mx in the System Control Register */
 667:HW_Lib/STM32H7/HAL_Lib/STM32H7xx_HAL_Driver/Src/stm32h7xx_hal_pwr.c ****   CLEAR_BIT (SCB->SCR, SCB_SCR_SLEEPDEEP_Msk);
 668              		.loc 1 667 3
 669 0058 064B     		ldr	r3, .L38+4
 670 005a 1B69     		ldr	r3, [r3, #16]
 671 005c 054A     		ldr	r2, .L38+4
 672 005e 23F00403 		bic	r3, r3, #4
 673 0062 1361     		str	r3, [r2, #16]
 668:HW_Lib/STM32H7/HAL_Lib/STM32H7xx_HAL_Driver/Src/stm32h7xx_hal_pwr.c **** }
 674              		.loc 1 668 1
 675 0064 00BF     		nop
 676 0066 0C37     		adds	r7, r7, #12
 677              	.LCFI47:
 678              		.cfi_def_cfa_offset 4
 679 0068 BD46     		mov	sp, r7
 680              	.LCFI48:
ARM GAS  C:\Users\HUAV\AppData\Local\Temp\ccoKuDbb.s 			page 41


 681              		.cfi_def_cfa_register 13
 682              		@ sp needed
 683 006a 5DF8047B 		ldr	r7, [sp], #4
 684              	.LCFI49:
 685              		.cfi_restore 7
 686              		.cfi_def_cfa_offset 0
 687 006e 7047     		bx	lr
 688              	.L39:
 689              		.align	2
 690              	.L38:
 691 0070 00480258 		.word	1476544512
 692 0074 00ED00E0 		.word	-536810240
 693              		.cfi_endproc
 694              	.LFE342:
 696              		.section	.text.HAL_PWR_EnterSTANDBYMode,"ax",%progbits
 697              		.align	1
 698              		.global	HAL_PWR_EnterSTANDBYMode
 699              		.syntax unified
 700              		.thumb
 701              		.thumb_func
 703              	HAL_PWR_EnterSTANDBYMode:
 704              	.LFB343:
 669:HW_Lib/STM32H7/HAL_Lib/STM32H7xx_HAL_Driver/Src/stm32h7xx_hal_pwr.c **** 
 670:HW_Lib/STM32H7/HAL_Lib/STM32H7xx_HAL_Driver/Src/stm32h7xx_hal_pwr.c **** /**
 671:HW_Lib/STM32H7/HAL_Lib/STM32H7xx_HAL_Driver/Src/stm32h7xx_hal_pwr.c ****   * @brief  Enter STANDBY mode.
 672:HW_Lib/STM32H7/HAL_Lib/STM32H7xx_HAL_Driver/Src/stm32h7xx_hal_pwr.c ****   * @note   For single core devices, this API will enter the system in STANDBY
 673:HW_Lib/STM32H7/HAL_Lib/STM32H7xx_HAL_Driver/Src/stm32h7xx_hal_pwr.c ****   *         mode with all domains in DSTANDBY, if RUN_D3/RUN_SRD bit in CPUCR
 674:HW_Lib/STM32H7/HAL_Lib/STM32H7xx_HAL_Driver/Src/stm32h7xx_hal_pwr.c ****   *         register is cleared.
 675:HW_Lib/STM32H7/HAL_Lib/STM32H7xx_HAL_Driver/Src/stm32h7xx_hal_pwr.c ****   *         For dual core devices, this API will enter the domain (containing
 676:HW_Lib/STM32H7/HAL_Lib/STM32H7xx_HAL_Driver/Src/stm32h7xx_hal_pwr.c ****   *         Cortex-Mx that executing this function) in DSTANDBY mode. If all
 677:HW_Lib/STM32H7/HAL_Lib/STM32H7xx_HAL_Driver/Src/stm32h7xx_hal_pwr.c ****   *         Cortex-Mx domains are in DSTANDBY and RUN_D3 bit in CPUCR register
 678:HW_Lib/STM32H7/HAL_Lib/STM32H7xx_HAL_Driver/Src/stm32h7xx_hal_pwr.c ****   *         is cleared, all the system will enter in STANDBY mode.
 679:HW_Lib/STM32H7/HAL_Lib/STM32H7xx_HAL_Driver/Src/stm32h7xx_hal_pwr.c ****   * @note   The system enters Standby mode only when all domains are in DSTANDBY.
 680:HW_Lib/STM32H7/HAL_Lib/STM32H7xx_HAL_Driver/Src/stm32h7xx_hal_pwr.c ****   * @note   When the System exit STANDBY mode by issuing an interrupt or a
 681:HW_Lib/STM32H7/HAL_Lib/STM32H7xx_HAL_Driver/Src/stm32h7xx_hal_pwr.c ****   *         wakeup event, the HSI RC oscillator is selected as system clock.
 682:HW_Lib/STM32H7/HAL_Lib/STM32H7xx_HAL_Driver/Src/stm32h7xx_hal_pwr.c ****   * @note   It is recommended to disable all regulators before entring STANDBY
 683:HW_Lib/STM32H7/HAL_Lib/STM32H7xx_HAL_Driver/Src/stm32h7xx_hal_pwr.c ****   *         mode for power consumption saving purpose.
 684:HW_Lib/STM32H7/HAL_Lib/STM32H7xx_HAL_Driver/Src/stm32h7xx_hal_pwr.c ****   * @retval None.
 685:HW_Lib/STM32H7/HAL_Lib/STM32H7xx_HAL_Driver/Src/stm32h7xx_hal_pwr.c ****   */
 686:HW_Lib/STM32H7/HAL_Lib/STM32H7xx_HAL_Driver/Src/stm32h7xx_hal_pwr.c **** void HAL_PWR_EnterSTANDBYMode (void)
 687:HW_Lib/STM32H7/HAL_Lib/STM32H7xx_HAL_Driver/Src/stm32h7xx_hal_pwr.c **** {
 705              		.loc 1 687 1
 706              		.cfi_startproc
 707              		@ args = 0, pretend = 0, frame = 0
 708              		@ frame_needed = 1, uses_anonymous_args = 0
 709              		@ link register save eliminated.
 710 0000 80B4     		push	{r7}
 711              	.LCFI50:
 712              		.cfi_def_cfa_offset 4
 713              		.cfi_offset 7, -4
 714 0002 00AF     		add	r7, sp, #0
 715              	.LCFI51:
 716              		.cfi_def_cfa_register 7
 688:HW_Lib/STM32H7/HAL_Lib/STM32H7xx_HAL_Driver/Src/stm32h7xx_hal_pwr.c ****   /* Configure the PWR mode for the different Domains */
 689:HW_Lib/STM32H7/HAL_Lib/STM32H7xx_HAL_Driver/Src/stm32h7xx_hal_pwr.c **** #if defined (DUAL_CORE)
 690:HW_Lib/STM32H7/HAL_Lib/STM32H7xx_HAL_Driver/Src/stm32h7xx_hal_pwr.c ****   /* Check CPU ID */
 691:HW_Lib/STM32H7/HAL_Lib/STM32H7xx_HAL_Driver/Src/stm32h7xx_hal_pwr.c ****   if (HAL_GetCurrentCPUID () == CM7_CPUID)
ARM GAS  C:\Users\HUAV\AppData\Local\Temp\ccoKuDbb.s 			page 42


 692:HW_Lib/STM32H7/HAL_Lib/STM32H7xx_HAL_Driver/Src/stm32h7xx_hal_pwr.c ****   {
 693:HW_Lib/STM32H7/HAL_Lib/STM32H7xx_HAL_Driver/Src/stm32h7xx_hal_pwr.c ****     /* Enter DSTANDBY mode when Cortex-M7 enters DEEP-SLEEP */
 694:HW_Lib/STM32H7/HAL_Lib/STM32H7xx_HAL_Driver/Src/stm32h7xx_hal_pwr.c ****     SET_BIT (PWR->CPUCR, (PWR_CPUCR_PDDS_D1 | PWR_CPUCR_PDDS_D3));
 695:HW_Lib/STM32H7/HAL_Lib/STM32H7xx_HAL_Driver/Src/stm32h7xx_hal_pwr.c ****     SET_BIT (PWR->CPU2CR, (PWR_CPU2CR_PDDS_D1 | PWR_CPU2CR_PDDS_D3));
 696:HW_Lib/STM32H7/HAL_Lib/STM32H7xx_HAL_Driver/Src/stm32h7xx_hal_pwr.c ****   }
 697:HW_Lib/STM32H7/HAL_Lib/STM32H7xx_HAL_Driver/Src/stm32h7xx_hal_pwr.c ****   else
 698:HW_Lib/STM32H7/HAL_Lib/STM32H7xx_HAL_Driver/Src/stm32h7xx_hal_pwr.c ****   {
 699:HW_Lib/STM32H7/HAL_Lib/STM32H7xx_HAL_Driver/Src/stm32h7xx_hal_pwr.c ****     /* Enter DSTANDBY mode when Cortex-M4 enters DEEP-SLEEP */
 700:HW_Lib/STM32H7/HAL_Lib/STM32H7xx_HAL_Driver/Src/stm32h7xx_hal_pwr.c ****     SET_BIT (PWR->CPUCR, (PWR_CPUCR_PDDS_D2 | PWR_CPUCR_PDDS_D3));
 701:HW_Lib/STM32H7/HAL_Lib/STM32H7xx_HAL_Driver/Src/stm32h7xx_hal_pwr.c ****     SET_BIT (PWR->CPU2CR, (PWR_CPU2CR_PDDS_D2 | PWR_CPU2CR_PDDS_D3));
 702:HW_Lib/STM32H7/HAL_Lib/STM32H7xx_HAL_Driver/Src/stm32h7xx_hal_pwr.c ****   }
 703:HW_Lib/STM32H7/HAL_Lib/STM32H7xx_HAL_Driver/Src/stm32h7xx_hal_pwr.c **** #else /* Single core devices */
 704:HW_Lib/STM32H7/HAL_Lib/STM32H7xx_HAL_Driver/Src/stm32h7xx_hal_pwr.c ****   /* Enter DSTANDBY mode when Cortex-M7 enters DEEP-SLEEP */
 705:HW_Lib/STM32H7/HAL_Lib/STM32H7xx_HAL_Driver/Src/stm32h7xx_hal_pwr.c ****   SET_BIT (PWR->CPUCR, (PWR_CPUCR_PDDS_D1 | PWR_CPUCR_PDDS_D3));
 717              		.loc 1 705 3
 718 0004 0E4B     		ldr	r3, .L41
 719 0006 1B69     		ldr	r3, [r3, #16]
 720 0008 0D4A     		ldr	r2, .L41
 721 000a 43F00503 		orr	r3, r3, #5
 722 000e 1361     		str	r3, [r2, #16]
 706:HW_Lib/STM32H7/HAL_Lib/STM32H7xx_HAL_Driver/Src/stm32h7xx_hal_pwr.c **** 
 707:HW_Lib/STM32H7/HAL_Lib/STM32H7xx_HAL_Driver/Src/stm32h7xx_hal_pwr.c **** #if defined (PWR_CPUCR_PDDS_D2)
 708:HW_Lib/STM32H7/HAL_Lib/STM32H7xx_HAL_Driver/Src/stm32h7xx_hal_pwr.c ****   /* Enter DSTANDBY mode when Cortex-M7 enters DEEP-SLEEP */
 709:HW_Lib/STM32H7/HAL_Lib/STM32H7xx_HAL_Driver/Src/stm32h7xx_hal_pwr.c ****   SET_BIT (PWR->CPUCR, PWR_CPUCR_PDDS_D2);
 723              		.loc 1 709 3
 724 0010 0B4B     		ldr	r3, .L41
 725 0012 1B69     		ldr	r3, [r3, #16]
 726 0014 0A4A     		ldr	r2, .L41
 727 0016 43F00203 		orr	r3, r3, #2
 728 001a 1361     		str	r3, [r2, #16]
 710:HW_Lib/STM32H7/HAL_Lib/STM32H7xx_HAL_Driver/Src/stm32h7xx_hal_pwr.c **** #endif /* PWR_CPUCR_PDDS_D2 */
 711:HW_Lib/STM32H7/HAL_Lib/STM32H7xx_HAL_Driver/Src/stm32h7xx_hal_pwr.c **** #endif /* defined (DUAL_CORE) */
 712:HW_Lib/STM32H7/HAL_Lib/STM32H7xx_HAL_Driver/Src/stm32h7xx_hal_pwr.c **** 
 713:HW_Lib/STM32H7/HAL_Lib/STM32H7xx_HAL_Driver/Src/stm32h7xx_hal_pwr.c ****   /* Set SLEEPDEEP bit of Cortex System Control Register */
 714:HW_Lib/STM32H7/HAL_Lib/STM32H7xx_HAL_Driver/Src/stm32h7xx_hal_pwr.c ****   SET_BIT (SCB->SCR, SCB_SCR_SLEEPDEEP_Msk);
 729              		.loc 1 714 3
 730 001c 094B     		ldr	r3, .L41+4
 731 001e 1B69     		ldr	r3, [r3, #16]
 732 0020 084A     		ldr	r2, .L41+4
 733 0022 43F00403 		orr	r3, r3, #4
 734 0026 1361     		str	r3, [r2, #16]
 735              	.LBB14:
 736              	.LBB15:
 946:HW_Lib/STM32H7/HAL_Lib/CMSIS/Core/Include/cmsis_gcc.h **** }
 737              		.loc 2 946 3
 738              		.syntax unified
 739              	@ 946 "HW_Lib/STM32H7/HAL_Lib/CMSIS/Core/Include/cmsis_gcc.h" 1
 740 0028 BFF34F8F 		dsb 0xF
 741              	@ 0 "" 2
 742              		.loc 2 947 1
 743              		.thumb
 744              		.syntax unified
 745 002c 00BF     		nop
 746              	.LBE15:
 747              	.LBE14:
 748              	.LBB16:
 749              	.LBB17:
ARM GAS  C:\Users\HUAV\AppData\Local\Temp\ccoKuDbb.s 			page 43


 935:HW_Lib/STM32H7/HAL_Lib/CMSIS/Core/Include/cmsis_gcc.h **** }
 750              		.loc 2 935 3
 751              		.syntax unified
 752              	@ 935 "HW_Lib/STM32H7/HAL_Lib/CMSIS/Core/Include/cmsis_gcc.h" 1
 753 002e BFF36F8F 		isb 0xF
 754              	@ 0 "" 2
 936:HW_Lib/STM32H7/HAL_Lib/CMSIS/Core/Include/cmsis_gcc.h **** 
 755              		.loc 2 936 1
 756              		.thumb
 757              		.syntax unified
 758 0032 00BF     		nop
 759              	.LBE17:
 760              	.LBE16:
 715:HW_Lib/STM32H7/HAL_Lib/STM32H7xx_HAL_Driver/Src/stm32h7xx_hal_pwr.c **** 
 716:HW_Lib/STM32H7/HAL_Lib/STM32H7xx_HAL_Driver/Src/stm32h7xx_hal_pwr.c ****   /* Ensure that all instructions are done before entering STOP mode */
 717:HW_Lib/STM32H7/HAL_Lib/STM32H7xx_HAL_Driver/Src/stm32h7xx_hal_pwr.c ****   __DSB ();
 718:HW_Lib/STM32H7/HAL_Lib/STM32H7xx_HAL_Driver/Src/stm32h7xx_hal_pwr.c ****   __ISB ();
 719:HW_Lib/STM32H7/HAL_Lib/STM32H7xx_HAL_Driver/Src/stm32h7xx_hal_pwr.c **** 
 720:HW_Lib/STM32H7/HAL_Lib/STM32H7xx_HAL_Driver/Src/stm32h7xx_hal_pwr.c ****   /* This option is used to ensure that store operations are completed */
 721:HW_Lib/STM32H7/HAL_Lib/STM32H7xx_HAL_Driver/Src/stm32h7xx_hal_pwr.c **** #if defined (__CC_ARM)
 722:HW_Lib/STM32H7/HAL_Lib/STM32H7xx_HAL_Driver/Src/stm32h7xx_hal_pwr.c ****   __force_stores();
 723:HW_Lib/STM32H7/HAL_Lib/STM32H7xx_HAL_Driver/Src/stm32h7xx_hal_pwr.c **** #endif /* defined (__CC_ARM) */
 724:HW_Lib/STM32H7/HAL_Lib/STM32H7xx_HAL_Driver/Src/stm32h7xx_hal_pwr.c **** 
 725:HW_Lib/STM32H7/HAL_Lib/STM32H7xx_HAL_Driver/Src/stm32h7xx_hal_pwr.c ****   /* Request Wait For Interrupt */
 726:HW_Lib/STM32H7/HAL_Lib/STM32H7xx_HAL_Driver/Src/stm32h7xx_hal_pwr.c ****   __WFI ();
 761              		.loc 1 726 3
 762              		.syntax unified
 763              	@ 726 "HW_Lib/STM32H7/HAL_Lib/STM32H7xx_HAL_Driver/Src/stm32h7xx_hal_pwr.c" 1
 764 0034 30BF     		wfi
 765              	@ 0 "" 2
 727:HW_Lib/STM32H7/HAL_Lib/STM32H7xx_HAL_Driver/Src/stm32h7xx_hal_pwr.c **** }
 766              		.loc 1 727 1
 767              		.thumb
 768              		.syntax unified
 769 0036 00BF     		nop
 770 0038 BD46     		mov	sp, r7
 771              	.LCFI52:
 772              		.cfi_def_cfa_register 13
 773              		@ sp needed
 774 003a 5DF8047B 		ldr	r7, [sp], #4
 775              	.LCFI53:
 776              		.cfi_restore 7
 777              		.cfi_def_cfa_offset 0
 778 003e 7047     		bx	lr
 779              	.L42:
 780              		.align	2
 781              	.L41:
 782 0040 00480258 		.word	1476544512
 783 0044 00ED00E0 		.word	-536810240
 784              		.cfi_endproc
 785              	.LFE343:
 787              		.section	.text.HAL_PWR_EnableSleepOnExit,"ax",%progbits
 788              		.align	1
 789              		.global	HAL_PWR_EnableSleepOnExit
 790              		.syntax unified
 791              		.thumb
 792              		.thumb_func
ARM GAS  C:\Users\HUAV\AppData\Local\Temp\ccoKuDbb.s 			page 44


 794              	HAL_PWR_EnableSleepOnExit:
 795              	.LFB344:
 728:HW_Lib/STM32H7/HAL_Lib/STM32H7xx_HAL_Driver/Src/stm32h7xx_hal_pwr.c **** 
 729:HW_Lib/STM32H7/HAL_Lib/STM32H7xx_HAL_Driver/Src/stm32h7xx_hal_pwr.c **** /**
 730:HW_Lib/STM32H7/HAL_Lib/STM32H7xx_HAL_Driver/Src/stm32h7xx_hal_pwr.c ****   * @brief  Indicate Sleep-On-Exit feature when returning from Handler mode to
 731:HW_Lib/STM32H7/HAL_Lib/STM32H7xx_HAL_Driver/Src/stm32h7xx_hal_pwr.c ****   *         Thread mode.
 732:HW_Lib/STM32H7/HAL_Lib/STM32H7xx_HAL_Driver/Src/stm32h7xx_hal_pwr.c ****   * @note   Set SLEEPONEXIT bit of SCR register. When this bit is set, the
 733:HW_Lib/STM32H7/HAL_Lib/STM32H7xx_HAL_Driver/Src/stm32h7xx_hal_pwr.c ****   *         processor re-enters SLEEP mode when an interruption handling is over.
 734:HW_Lib/STM32H7/HAL_Lib/STM32H7xx_HAL_Driver/Src/stm32h7xx_hal_pwr.c ****   *         Setting this bit is useful when the processor is expected to run
 735:HW_Lib/STM32H7/HAL_Lib/STM32H7xx_HAL_Driver/Src/stm32h7xx_hal_pwr.c ****   *         only on interruptions handling.
 736:HW_Lib/STM32H7/HAL_Lib/STM32H7xx_HAL_Driver/Src/stm32h7xx_hal_pwr.c ****   * @retval None.
 737:HW_Lib/STM32H7/HAL_Lib/STM32H7xx_HAL_Driver/Src/stm32h7xx_hal_pwr.c ****   */
 738:HW_Lib/STM32H7/HAL_Lib/STM32H7xx_HAL_Driver/Src/stm32h7xx_hal_pwr.c **** void HAL_PWR_EnableSleepOnExit (void)
 739:HW_Lib/STM32H7/HAL_Lib/STM32H7xx_HAL_Driver/Src/stm32h7xx_hal_pwr.c **** {
 796              		.loc 1 739 1
 797              		.cfi_startproc
 798              		@ args = 0, pretend = 0, frame = 0
 799              		@ frame_needed = 1, uses_anonymous_args = 0
 800              		@ link register save eliminated.
 801 0000 80B4     		push	{r7}
 802              	.LCFI54:
 803              		.cfi_def_cfa_offset 4
 804              		.cfi_offset 7, -4
 805 0002 00AF     		add	r7, sp, #0
 806              	.LCFI55:
 807              		.cfi_def_cfa_register 7
 740:HW_Lib/STM32H7/HAL_Lib/STM32H7xx_HAL_Driver/Src/stm32h7xx_hal_pwr.c ****   /* Set SLEEPONEXIT bit of Cortex-Mx System Control Register */
 741:HW_Lib/STM32H7/HAL_Lib/STM32H7xx_HAL_Driver/Src/stm32h7xx_hal_pwr.c ****   SET_BIT (SCB->SCR, SCB_SCR_SLEEPONEXIT_Msk);
 808              		.loc 1 741 3
 809 0004 054B     		ldr	r3, .L44
 810 0006 1B69     		ldr	r3, [r3, #16]
 811 0008 044A     		ldr	r2, .L44
 812 000a 43F00203 		orr	r3, r3, #2
 813 000e 1361     		str	r3, [r2, #16]
 742:HW_Lib/STM32H7/HAL_Lib/STM32H7xx_HAL_Driver/Src/stm32h7xx_hal_pwr.c **** }
 814              		.loc 1 742 1
 815 0010 00BF     		nop
 816 0012 BD46     		mov	sp, r7
 817              	.LCFI56:
 818              		.cfi_def_cfa_register 13
 819              		@ sp needed
 820 0014 5DF8047B 		ldr	r7, [sp], #4
 821              	.LCFI57:
 822              		.cfi_restore 7
 823              		.cfi_def_cfa_offset 0
 824 0018 7047     		bx	lr
 825              	.L45:
 826 001a 00BF     		.align	2
 827              	.L44:
 828 001c 00ED00E0 		.word	-536810240
 829              		.cfi_endproc
 830              	.LFE344:
 832              		.section	.text.HAL_PWR_DisableSleepOnExit,"ax",%progbits
 833              		.align	1
 834              		.global	HAL_PWR_DisableSleepOnExit
 835              		.syntax unified
 836              		.thumb
ARM GAS  C:\Users\HUAV\AppData\Local\Temp\ccoKuDbb.s 			page 45


 837              		.thumb_func
 839              	HAL_PWR_DisableSleepOnExit:
 840              	.LFB345:
 743:HW_Lib/STM32H7/HAL_Lib/STM32H7xx_HAL_Driver/Src/stm32h7xx_hal_pwr.c **** 
 744:HW_Lib/STM32H7/HAL_Lib/STM32H7xx_HAL_Driver/Src/stm32h7xx_hal_pwr.c **** /**
 745:HW_Lib/STM32H7/HAL_Lib/STM32H7xx_HAL_Driver/Src/stm32h7xx_hal_pwr.c ****   * @brief  Disable Sleep-On-Exit feature when returning from Handler mode to
 746:HW_Lib/STM32H7/HAL_Lib/STM32H7xx_HAL_Driver/Src/stm32h7xx_hal_pwr.c ****   *         Thread mode.
 747:HW_Lib/STM32H7/HAL_Lib/STM32H7xx_HAL_Driver/Src/stm32h7xx_hal_pwr.c ****   * @note   Clears SLEEPONEXIT bit of SCR register. When this bit is set, the
 748:HW_Lib/STM32H7/HAL_Lib/STM32H7xx_HAL_Driver/Src/stm32h7xx_hal_pwr.c ****   *         processor re-enters SLEEP mode when an interruption handling is over.
 749:HW_Lib/STM32H7/HAL_Lib/STM32H7xx_HAL_Driver/Src/stm32h7xx_hal_pwr.c ****   * @retval None
 750:HW_Lib/STM32H7/HAL_Lib/STM32H7xx_HAL_Driver/Src/stm32h7xx_hal_pwr.c ****   */
 751:HW_Lib/STM32H7/HAL_Lib/STM32H7xx_HAL_Driver/Src/stm32h7xx_hal_pwr.c **** void HAL_PWR_DisableSleepOnExit (void)
 752:HW_Lib/STM32H7/HAL_Lib/STM32H7xx_HAL_Driver/Src/stm32h7xx_hal_pwr.c **** {
 841              		.loc 1 752 1
 842              		.cfi_startproc
 843              		@ args = 0, pretend = 0, frame = 0
 844              		@ frame_needed = 1, uses_anonymous_args = 0
 845              		@ link register save eliminated.
 846 0000 80B4     		push	{r7}
 847              	.LCFI58:
 848              		.cfi_def_cfa_offset 4
 849              		.cfi_offset 7, -4
 850 0002 00AF     		add	r7, sp, #0
 851              	.LCFI59:
 852              		.cfi_def_cfa_register 7
 753:HW_Lib/STM32H7/HAL_Lib/STM32H7xx_HAL_Driver/Src/stm32h7xx_hal_pwr.c ****   /* Clear SLEEPONEXIT bit of Cortex-Mx System Control Register */
 754:HW_Lib/STM32H7/HAL_Lib/STM32H7xx_HAL_Driver/Src/stm32h7xx_hal_pwr.c ****   CLEAR_BIT (SCB->SCR, SCB_SCR_SLEEPONEXIT_Msk);
 853              		.loc 1 754 3
 854 0004 054B     		ldr	r3, .L47
 855 0006 1B69     		ldr	r3, [r3, #16]
 856 0008 044A     		ldr	r2, .L47
 857 000a 23F00203 		bic	r3, r3, #2
 858 000e 1361     		str	r3, [r2, #16]
 755:HW_Lib/STM32H7/HAL_Lib/STM32H7xx_HAL_Driver/Src/stm32h7xx_hal_pwr.c **** }
 859              		.loc 1 755 1
 860 0010 00BF     		nop
 861 0012 BD46     		mov	sp, r7
 862              	.LCFI60:
 863              		.cfi_def_cfa_register 13
 864              		@ sp needed
 865 0014 5DF8047B 		ldr	r7, [sp], #4
 866              	.LCFI61:
 867              		.cfi_restore 7
 868              		.cfi_def_cfa_offset 0
 869 0018 7047     		bx	lr
 870              	.L48:
 871 001a 00BF     		.align	2
 872              	.L47:
 873 001c 00ED00E0 		.word	-536810240
 874              		.cfi_endproc
 875              	.LFE345:
 877              		.section	.text.HAL_PWR_EnableSEVOnPend,"ax",%progbits
 878              		.align	1
 879              		.global	HAL_PWR_EnableSEVOnPend
 880              		.syntax unified
 881              		.thumb
 882              		.thumb_func
ARM GAS  C:\Users\HUAV\AppData\Local\Temp\ccoKuDbb.s 			page 46


 884              	HAL_PWR_EnableSEVOnPend:
 885              	.LFB346:
 756:HW_Lib/STM32H7/HAL_Lib/STM32H7xx_HAL_Driver/Src/stm32h7xx_hal_pwr.c **** 
 757:HW_Lib/STM32H7/HAL_Lib/STM32H7xx_HAL_Driver/Src/stm32h7xx_hal_pwr.c **** /**
 758:HW_Lib/STM32H7/HAL_Lib/STM32H7xx_HAL_Driver/Src/stm32h7xx_hal_pwr.c ****   * @brief  Enable CORTEX SEVONPEND feature.
 759:HW_Lib/STM32H7/HAL_Lib/STM32H7xx_HAL_Driver/Src/stm32h7xx_hal_pwr.c ****   * @note   Sets SEVONPEND bit of SCR register. When this bit is set, any
 760:HW_Lib/STM32H7/HAL_Lib/STM32H7xx_HAL_Driver/Src/stm32h7xx_hal_pwr.c ****   *         pending event / interrupt even if it's disabled or has insufficient
 761:HW_Lib/STM32H7/HAL_Lib/STM32H7xx_HAL_Driver/Src/stm32h7xx_hal_pwr.c ****   *         priority to cause exception entry wakes up the Cortex-Mx.
 762:HW_Lib/STM32H7/HAL_Lib/STM32H7xx_HAL_Driver/Src/stm32h7xx_hal_pwr.c ****   * @retval None.
 763:HW_Lib/STM32H7/HAL_Lib/STM32H7xx_HAL_Driver/Src/stm32h7xx_hal_pwr.c ****   */
 764:HW_Lib/STM32H7/HAL_Lib/STM32H7xx_HAL_Driver/Src/stm32h7xx_hal_pwr.c **** void HAL_PWR_EnableSEVOnPend (void)
 765:HW_Lib/STM32H7/HAL_Lib/STM32H7xx_HAL_Driver/Src/stm32h7xx_hal_pwr.c **** {
 886              		.loc 1 765 1
 887              		.cfi_startproc
 888              		@ args = 0, pretend = 0, frame = 0
 889              		@ frame_needed = 1, uses_anonymous_args = 0
 890              		@ link register save eliminated.
 891 0000 80B4     		push	{r7}
 892              	.LCFI62:
 893              		.cfi_def_cfa_offset 4
 894              		.cfi_offset 7, -4
 895 0002 00AF     		add	r7, sp, #0
 896              	.LCFI63:
 897              		.cfi_def_cfa_register 7
 766:HW_Lib/STM32H7/HAL_Lib/STM32H7xx_HAL_Driver/Src/stm32h7xx_hal_pwr.c ****   /* Set SEVONPEND bit of Cortex-Mx System Control Register */
 767:HW_Lib/STM32H7/HAL_Lib/STM32H7xx_HAL_Driver/Src/stm32h7xx_hal_pwr.c ****   SET_BIT (SCB->SCR, SCB_SCR_SEVONPEND_Msk);
 898              		.loc 1 767 3
 899 0004 054B     		ldr	r3, .L50
 900 0006 1B69     		ldr	r3, [r3, #16]
 901 0008 044A     		ldr	r2, .L50
 902 000a 43F01003 		orr	r3, r3, #16
 903 000e 1361     		str	r3, [r2, #16]
 768:HW_Lib/STM32H7/HAL_Lib/STM32H7xx_HAL_Driver/Src/stm32h7xx_hal_pwr.c **** }
 904              		.loc 1 768 1
 905 0010 00BF     		nop
 906 0012 BD46     		mov	sp, r7
 907              	.LCFI64:
 908              		.cfi_def_cfa_register 13
 909              		@ sp needed
 910 0014 5DF8047B 		ldr	r7, [sp], #4
 911              	.LCFI65:
 912              		.cfi_restore 7
 913              		.cfi_def_cfa_offset 0
 914 0018 7047     		bx	lr
 915              	.L51:
 916 001a 00BF     		.align	2
 917              	.L50:
 918 001c 00ED00E0 		.word	-536810240
 919              		.cfi_endproc
 920              	.LFE346:
 922              		.section	.text.HAL_PWR_DisableSEVOnPend,"ax",%progbits
 923              		.align	1
 924              		.global	HAL_PWR_DisableSEVOnPend
 925              		.syntax unified
 926              		.thumb
 927              		.thumb_func
 929              	HAL_PWR_DisableSEVOnPend:
ARM GAS  C:\Users\HUAV\AppData\Local\Temp\ccoKuDbb.s 			page 47


 930              	.LFB347:
 769:HW_Lib/STM32H7/HAL_Lib/STM32H7xx_HAL_Driver/Src/stm32h7xx_hal_pwr.c **** 
 770:HW_Lib/STM32H7/HAL_Lib/STM32H7xx_HAL_Driver/Src/stm32h7xx_hal_pwr.c **** /**
 771:HW_Lib/STM32H7/HAL_Lib/STM32H7xx_HAL_Driver/Src/stm32h7xx_hal_pwr.c ****   * @brief  Disable CORTEX SEVONPEND feature.
 772:HW_Lib/STM32H7/HAL_Lib/STM32H7xx_HAL_Driver/Src/stm32h7xx_hal_pwr.c ****   * @note   Resets SEVONPEND bit of SCR register. When this bit is reset, only
 773:HW_Lib/STM32H7/HAL_Lib/STM32H7xx_HAL_Driver/Src/stm32h7xx_hal_pwr.c ****   *         enabled pending causes exception entry wakes up the Cortex-Mx.
 774:HW_Lib/STM32H7/HAL_Lib/STM32H7xx_HAL_Driver/Src/stm32h7xx_hal_pwr.c ****   * @retval None.
 775:HW_Lib/STM32H7/HAL_Lib/STM32H7xx_HAL_Driver/Src/stm32h7xx_hal_pwr.c ****   */
 776:HW_Lib/STM32H7/HAL_Lib/STM32H7xx_HAL_Driver/Src/stm32h7xx_hal_pwr.c **** void HAL_PWR_DisableSEVOnPend (void)
 777:HW_Lib/STM32H7/HAL_Lib/STM32H7xx_HAL_Driver/Src/stm32h7xx_hal_pwr.c **** {
 931              		.loc 1 777 1
 932              		.cfi_startproc
 933              		@ args = 0, pretend = 0, frame = 0
 934              		@ frame_needed = 1, uses_anonymous_args = 0
 935              		@ link register save eliminated.
 936 0000 80B4     		push	{r7}
 937              	.LCFI66:
 938              		.cfi_def_cfa_offset 4
 939              		.cfi_offset 7, -4
 940 0002 00AF     		add	r7, sp, #0
 941              	.LCFI67:
 942              		.cfi_def_cfa_register 7
 778:HW_Lib/STM32H7/HAL_Lib/STM32H7xx_HAL_Driver/Src/stm32h7xx_hal_pwr.c ****   /* Clear SEVONPEND bit of Cortex System Control Register */
 779:HW_Lib/STM32H7/HAL_Lib/STM32H7xx_HAL_Driver/Src/stm32h7xx_hal_pwr.c ****   CLEAR_BIT (SCB->SCR, SCB_SCR_SEVONPEND_Msk);
 943              		.loc 1 779 3
 944 0004 054B     		ldr	r3, .L53
 945 0006 1B69     		ldr	r3, [r3, #16]
 946 0008 044A     		ldr	r2, .L53
 947 000a 23F01003 		bic	r3, r3, #16
 948 000e 1361     		str	r3, [r2, #16]
 780:HW_Lib/STM32H7/HAL_Lib/STM32H7xx_HAL_Driver/Src/stm32h7xx_hal_pwr.c **** }
 949              		.loc 1 780 1
 950 0010 00BF     		nop
 951 0012 BD46     		mov	sp, r7
 952              	.LCFI68:
 953              		.cfi_def_cfa_register 13
 954              		@ sp needed
 955 0014 5DF8047B 		ldr	r7, [sp], #4
 956              	.LCFI69:
 957              		.cfi_restore 7
 958              		.cfi_def_cfa_offset 0
 959 0018 7047     		bx	lr
 960              	.L54:
 961 001a 00BF     		.align	2
 962              	.L53:
 963 001c 00ED00E0 		.word	-536810240
 964              		.cfi_endproc
 965              	.LFE347:
 967              		.section	.text.HAL_PWR_PVD_IRQHandler,"ax",%progbits
 968              		.align	1
 969              		.global	HAL_PWR_PVD_IRQHandler
 970              		.syntax unified
 971              		.thumb
 972              		.thumb_func
 974              	HAL_PWR_PVD_IRQHandler:
 975              	.LFB348:
 781:HW_Lib/STM32H7/HAL_Lib/STM32H7xx_HAL_Driver/Src/stm32h7xx_hal_pwr.c **** /**
ARM GAS  C:\Users\HUAV\AppData\Local\Temp\ccoKuDbb.s 			page 48


 782:HW_Lib/STM32H7/HAL_Lib/STM32H7xx_HAL_Driver/Src/stm32h7xx_hal_pwr.c ****   * @}
 783:HW_Lib/STM32H7/HAL_Lib/STM32H7xx_HAL_Driver/Src/stm32h7xx_hal_pwr.c ****   */
 784:HW_Lib/STM32H7/HAL_Lib/STM32H7xx_HAL_Driver/Src/stm32h7xx_hal_pwr.c **** 
 785:HW_Lib/STM32H7/HAL_Lib/STM32H7xx_HAL_Driver/Src/stm32h7xx_hal_pwr.c **** /** @defgroup PWR_Exported_Functions_Group3 Interrupt Handling Functions
 786:HW_Lib/STM32H7/HAL_Lib/STM32H7xx_HAL_Driver/Src/stm32h7xx_hal_pwr.c ****   *  @brief   Interrupt Handling functions
 787:HW_Lib/STM32H7/HAL_Lib/STM32H7xx_HAL_Driver/Src/stm32h7xx_hal_pwr.c ****   *
 788:HW_Lib/STM32H7/HAL_Lib/STM32H7xx_HAL_Driver/Src/stm32h7xx_hal_pwr.c **** @verbatim
 789:HW_Lib/STM32H7/HAL_Lib/STM32H7xx_HAL_Driver/Src/stm32h7xx_hal_pwr.c ****  ===============================================================================
 790:HW_Lib/STM32H7/HAL_Lib/STM32H7xx_HAL_Driver/Src/stm32h7xx_hal_pwr.c ****                     ##### Interrupt Handling Functions #####
 791:HW_Lib/STM32H7/HAL_Lib/STM32H7xx_HAL_Driver/Src/stm32h7xx_hal_pwr.c ****  ===============================================================================
 792:HW_Lib/STM32H7/HAL_Lib/STM32H7xx_HAL_Driver/Src/stm32h7xx_hal_pwr.c ****     [..]
 793:HW_Lib/STM32H7/HAL_Lib/STM32H7xx_HAL_Driver/Src/stm32h7xx_hal_pwr.c ****     This section provides functions allowing to handle the PVD pending
 794:HW_Lib/STM32H7/HAL_Lib/STM32H7xx_HAL_Driver/Src/stm32h7xx_hal_pwr.c ****     interrupts.
 795:HW_Lib/STM32H7/HAL_Lib/STM32H7xx_HAL_Driver/Src/stm32h7xx_hal_pwr.c **** 
 796:HW_Lib/STM32H7/HAL_Lib/STM32H7xx_HAL_Driver/Src/stm32h7xx_hal_pwr.c **** @endverbatim
 797:HW_Lib/STM32H7/HAL_Lib/STM32H7xx_HAL_Driver/Src/stm32h7xx_hal_pwr.c ****   * @{
 798:HW_Lib/STM32H7/HAL_Lib/STM32H7xx_HAL_Driver/Src/stm32h7xx_hal_pwr.c ****   */
 799:HW_Lib/STM32H7/HAL_Lib/STM32H7xx_HAL_Driver/Src/stm32h7xx_hal_pwr.c **** 
 800:HW_Lib/STM32H7/HAL_Lib/STM32H7xx_HAL_Driver/Src/stm32h7xx_hal_pwr.c **** /**
 801:HW_Lib/STM32H7/HAL_Lib/STM32H7xx_HAL_Driver/Src/stm32h7xx_hal_pwr.c ****   * @brief  This function handles the PWR PVD interrupt request.
 802:HW_Lib/STM32H7/HAL_Lib/STM32H7xx_HAL_Driver/Src/stm32h7xx_hal_pwr.c ****   * @note   This API should be called under the PVD_AVD_IRQHandler().
 803:HW_Lib/STM32H7/HAL_Lib/STM32H7xx_HAL_Driver/Src/stm32h7xx_hal_pwr.c ****   * @retval None.
 804:HW_Lib/STM32H7/HAL_Lib/STM32H7xx_HAL_Driver/Src/stm32h7xx_hal_pwr.c ****   */
 805:HW_Lib/STM32H7/HAL_Lib/STM32H7xx_HAL_Driver/Src/stm32h7xx_hal_pwr.c **** void HAL_PWR_PVD_IRQHandler (void)
 806:HW_Lib/STM32H7/HAL_Lib/STM32H7xx_HAL_Driver/Src/stm32h7xx_hal_pwr.c **** {
 976              		.loc 1 806 1
 977              		.cfi_startproc
 978              		@ args = 0, pretend = 0, frame = 0
 979              		@ frame_needed = 1, uses_anonymous_args = 0
 980 0000 80B5     		push	{r7, lr}
 981              	.LCFI70:
 982              		.cfi_def_cfa_offset 8
 983              		.cfi_offset 7, -8
 984              		.cfi_offset 14, -4
 985 0002 00AF     		add	r7, sp, #0
 986              	.LCFI71:
 987              		.cfi_def_cfa_register 7
 807:HW_Lib/STM32H7/HAL_Lib/STM32H7xx_HAL_Driver/Src/stm32h7xx_hal_pwr.c **** #if defined (DUAL_CORE)
 808:HW_Lib/STM32H7/HAL_Lib/STM32H7xx_HAL_Driver/Src/stm32h7xx_hal_pwr.c ****   /* Check Cortex-Mx ID */
 809:HW_Lib/STM32H7/HAL_Lib/STM32H7xx_HAL_Driver/Src/stm32h7xx_hal_pwr.c ****   if (HAL_GetCurrentCPUID () == CM7_CPUID)
 810:HW_Lib/STM32H7/HAL_Lib/STM32H7xx_HAL_Driver/Src/stm32h7xx_hal_pwr.c ****   {
 811:HW_Lib/STM32H7/HAL_Lib/STM32H7xx_HAL_Driver/Src/stm32h7xx_hal_pwr.c ****     /* Check PWR EXTI D1 flag */
 812:HW_Lib/STM32H7/HAL_Lib/STM32H7xx_HAL_Driver/Src/stm32h7xx_hal_pwr.c ****     if(__HAL_PWR_PVD_EXTI_GET_FLAG () != 0U)
 813:HW_Lib/STM32H7/HAL_Lib/STM32H7xx_HAL_Driver/Src/stm32h7xx_hal_pwr.c ****     {
 814:HW_Lib/STM32H7/HAL_Lib/STM32H7xx_HAL_Driver/Src/stm32h7xx_hal_pwr.c ****       /* Clear PWR EXTI D1 pending bit */
 815:HW_Lib/STM32H7/HAL_Lib/STM32H7xx_HAL_Driver/Src/stm32h7xx_hal_pwr.c ****       __HAL_PWR_PVD_EXTI_CLEAR_FLAG ();
 816:HW_Lib/STM32H7/HAL_Lib/STM32H7xx_HAL_Driver/Src/stm32h7xx_hal_pwr.c **** 
 817:HW_Lib/STM32H7/HAL_Lib/STM32H7xx_HAL_Driver/Src/stm32h7xx_hal_pwr.c ****       /* PWR PVD interrupt user callback */
 818:HW_Lib/STM32H7/HAL_Lib/STM32H7xx_HAL_Driver/Src/stm32h7xx_hal_pwr.c ****       HAL_PWR_PVDCallback ();
 819:HW_Lib/STM32H7/HAL_Lib/STM32H7xx_HAL_Driver/Src/stm32h7xx_hal_pwr.c ****     }
 820:HW_Lib/STM32H7/HAL_Lib/STM32H7xx_HAL_Driver/Src/stm32h7xx_hal_pwr.c ****   }
 821:HW_Lib/STM32H7/HAL_Lib/STM32H7xx_HAL_Driver/Src/stm32h7xx_hal_pwr.c ****   else
 822:HW_Lib/STM32H7/HAL_Lib/STM32H7xx_HAL_Driver/Src/stm32h7xx_hal_pwr.c ****   {
 823:HW_Lib/STM32H7/HAL_Lib/STM32H7xx_HAL_Driver/Src/stm32h7xx_hal_pwr.c ****     /* Check PWR EXTI D2 flag */
 824:HW_Lib/STM32H7/HAL_Lib/STM32H7xx_HAL_Driver/Src/stm32h7xx_hal_pwr.c ****     if (__HAL_PWR_PVD_EXTID2_GET_FLAG () != 0U)
 825:HW_Lib/STM32H7/HAL_Lib/STM32H7xx_HAL_Driver/Src/stm32h7xx_hal_pwr.c ****     {
 826:HW_Lib/STM32H7/HAL_Lib/STM32H7xx_HAL_Driver/Src/stm32h7xx_hal_pwr.c ****       /* Clear PWR EXTI D2 pending bit */
ARM GAS  C:\Users\HUAV\AppData\Local\Temp\ccoKuDbb.s 			page 49


 827:HW_Lib/STM32H7/HAL_Lib/STM32H7xx_HAL_Driver/Src/stm32h7xx_hal_pwr.c ****       __HAL_PWR_PVD_EXTID2_CLEAR_FLAG ();
 828:HW_Lib/STM32H7/HAL_Lib/STM32H7xx_HAL_Driver/Src/stm32h7xx_hal_pwr.c **** 
 829:HW_Lib/STM32H7/HAL_Lib/STM32H7xx_HAL_Driver/Src/stm32h7xx_hal_pwr.c ****       /* PWR PVD interrupt user callback */
 830:HW_Lib/STM32H7/HAL_Lib/STM32H7xx_HAL_Driver/Src/stm32h7xx_hal_pwr.c ****       HAL_PWR_PVDCallback ();
 831:HW_Lib/STM32H7/HAL_Lib/STM32H7xx_HAL_Driver/Src/stm32h7xx_hal_pwr.c ****     }
 832:HW_Lib/STM32H7/HAL_Lib/STM32H7xx_HAL_Driver/Src/stm32h7xx_hal_pwr.c ****   }
 833:HW_Lib/STM32H7/HAL_Lib/STM32H7xx_HAL_Driver/Src/stm32h7xx_hal_pwr.c **** #else /* Single core devices */
 834:HW_Lib/STM32H7/HAL_Lib/STM32H7xx_HAL_Driver/Src/stm32h7xx_hal_pwr.c ****   /* PVD EXTI line interrupt detected */
 835:HW_Lib/STM32H7/HAL_Lib/STM32H7xx_HAL_Driver/Src/stm32h7xx_hal_pwr.c ****   if (__HAL_PWR_PVD_EXTI_GET_FLAG () != 0U)
 988              		.loc 1 835 7
 989 0004 4FF0B043 		mov	r3, #1476395008
 990 0008 D3F88830 		ldr	r3, [r3, #136]
 991 000c 03F48033 		and	r3, r3, #65536
 992              		.loc 1 835 6
 993 0010 B3F5803F 		cmp	r3, #65536
 994 0014 0BD1     		bne	.L57
 836:HW_Lib/STM32H7/HAL_Lib/STM32H7xx_HAL_Driver/Src/stm32h7xx_hal_pwr.c ****   {
 837:HW_Lib/STM32H7/HAL_Lib/STM32H7xx_HAL_Driver/Src/stm32h7xx_hal_pwr.c ****     /* Clear PWR EXTI pending bit */
 838:HW_Lib/STM32H7/HAL_Lib/STM32H7xx_HAL_Driver/Src/stm32h7xx_hal_pwr.c ****     __HAL_PWR_PVD_EXTI_CLEAR_FLAG ();
 995              		.loc 1 838 5
 996 0016 4FF0B043 		mov	r3, #1476395008
 997 001a D3F88830 		ldr	r3, [r3, #136]
 998 001e 4FF0B042 		mov	r2, #1476395008
 999 0022 43F48033 		orr	r3, r3, #65536
 1000 0026 C2F88830 		str	r3, [r2, #136]
 839:HW_Lib/STM32H7/HAL_Lib/STM32H7xx_HAL_Driver/Src/stm32h7xx_hal_pwr.c **** 
 840:HW_Lib/STM32H7/HAL_Lib/STM32H7xx_HAL_Driver/Src/stm32h7xx_hal_pwr.c ****     /* PWR PVD interrupt user callback */
 841:HW_Lib/STM32H7/HAL_Lib/STM32H7xx_HAL_Driver/Src/stm32h7xx_hal_pwr.c ****     HAL_PWR_PVDCallback ();
 1001              		.loc 1 841 5
 1002 002a FFF7FEFF 		bl	HAL_PWR_PVDCallback
 1003              	.L57:
 842:HW_Lib/STM32H7/HAL_Lib/STM32H7xx_HAL_Driver/Src/stm32h7xx_hal_pwr.c ****   }
 843:HW_Lib/STM32H7/HAL_Lib/STM32H7xx_HAL_Driver/Src/stm32h7xx_hal_pwr.c **** #endif /* defined (DUAL_CORE) */
 844:HW_Lib/STM32H7/HAL_Lib/STM32H7xx_HAL_Driver/Src/stm32h7xx_hal_pwr.c **** }
 1004              		.loc 1 844 1
 1005 002e 00BF     		nop
 1006 0030 80BD     		pop	{r7, pc}
 1007              		.cfi_endproc
 1008              	.LFE348:
 1010              		.section	.text.HAL_PWR_PVDCallback,"ax",%progbits
 1011              		.align	1
 1012              		.weak	HAL_PWR_PVDCallback
 1013              		.syntax unified
 1014              		.thumb
 1015              		.thumb_func
 1017              	HAL_PWR_PVDCallback:
 1018              	.LFB349:
 845:HW_Lib/STM32H7/HAL_Lib/STM32H7xx_HAL_Driver/Src/stm32h7xx_hal_pwr.c **** 
 846:HW_Lib/STM32H7/HAL_Lib/STM32H7xx_HAL_Driver/Src/stm32h7xx_hal_pwr.c **** /**
 847:HW_Lib/STM32H7/HAL_Lib/STM32H7xx_HAL_Driver/Src/stm32h7xx_hal_pwr.c ****   * @brief  PWR PVD interrupt callback.
 848:HW_Lib/STM32H7/HAL_Lib/STM32H7xx_HAL_Driver/Src/stm32h7xx_hal_pwr.c ****   * @retval None.
 849:HW_Lib/STM32H7/HAL_Lib/STM32H7xx_HAL_Driver/Src/stm32h7xx_hal_pwr.c ****   */
 850:HW_Lib/STM32H7/HAL_Lib/STM32H7xx_HAL_Driver/Src/stm32h7xx_hal_pwr.c **** __weak void HAL_PWR_PVDCallback (void)
 851:HW_Lib/STM32H7/HAL_Lib/STM32H7xx_HAL_Driver/Src/stm32h7xx_hal_pwr.c **** {
 1019              		.loc 1 851 1
 1020              		.cfi_startproc
 1021              		@ args = 0, pretend = 0, frame = 0
ARM GAS  C:\Users\HUAV\AppData\Local\Temp\ccoKuDbb.s 			page 50


 1022              		@ frame_needed = 1, uses_anonymous_args = 0
 1023              		@ link register save eliminated.
 1024 0000 80B4     		push	{r7}
 1025              	.LCFI72:
 1026              		.cfi_def_cfa_offset 4
 1027              		.cfi_offset 7, -4
 1028 0002 00AF     		add	r7, sp, #0
 1029              	.LCFI73:
 1030              		.cfi_def_cfa_register 7
 852:HW_Lib/STM32H7/HAL_Lib/STM32H7xx_HAL_Driver/Src/stm32h7xx_hal_pwr.c ****   /* NOTE : This function should not be modified, when the callback is needed,
 853:HW_Lib/STM32H7/HAL_Lib/STM32H7xx_HAL_Driver/Src/stm32h7xx_hal_pwr.c ****             the HAL_PWR_PVDCallback can be implemented in the user file
 854:HW_Lib/STM32H7/HAL_Lib/STM32H7xx_HAL_Driver/Src/stm32h7xx_hal_pwr.c ****   */
 855:HW_Lib/STM32H7/HAL_Lib/STM32H7xx_HAL_Driver/Src/stm32h7xx_hal_pwr.c **** }
 1031              		.loc 1 855 1
 1032 0004 00BF     		nop
 1033 0006 BD46     		mov	sp, r7
 1034              	.LCFI74:
 1035              		.cfi_def_cfa_register 13
 1036              		@ sp needed
 1037 0008 5DF8047B 		ldr	r7, [sp], #4
 1038              	.LCFI75:
 1039              		.cfi_restore 7
 1040              		.cfi_def_cfa_offset 0
 1041 000c 7047     		bx	lr
 1042              		.cfi_endproc
 1043              	.LFE349:
 1045              		.text
 1046              	.Letext0:
 1047              		.file 3 "d:\\hpm-compile-tool\\gcc-arm-none-eabi-10.3-win\\arm-none-eabi\\include\\machine\\_defau
 1048              		.file 4 "d:\\hpm-compile-tool\\gcc-arm-none-eabi-10.3-win\\arm-none-eabi\\include\\sys\\_stdint.h"
 1049              		.file 5 "HW_Lib/STM32H7/HAL_Lib/CMSIS/Core/Include/core_cm7.h"
 1050              		.file 6 "HW_Lib/STM32H7/HAL_Lib/CMSIS/Device/ST/STM32H7xx/Include/stm32h743xx.h"
 1051              		.file 7 "HW_Lib/STM32H7/HAL_Lib/STM32H7xx_HAL_Driver/Inc/stm32h7xx_hal_pwr.h"
ARM GAS  C:\Users\HUAV\AppData\Local\Temp\ccoKuDbb.s 			page 51


DEFINED SYMBOLS
                            *ABS*:00000000 stm32h7xx_hal_pwr.c
C:\Users\HUAV\AppData\Local\Temp\ccoKuDbb.s:19     .text.HAL_PWR_DeInit:00000000 $t
C:\Users\HUAV\AppData\Local\Temp\ccoKuDbb.s:25     .text.HAL_PWR_DeInit:00000000 HAL_PWR_DeInit
C:\Users\HUAV\AppData\Local\Temp\ccoKuDbb.s:55     .text.HAL_PWR_EnableBkUpAccess:00000000 $t
C:\Users\HUAV\AppData\Local\Temp\ccoKuDbb.s:61     .text.HAL_PWR_EnableBkUpAccess:00000000 HAL_PWR_EnableBkUpAccess
C:\Users\HUAV\AppData\Local\Temp\ccoKuDbb.s:95     .text.HAL_PWR_EnableBkUpAccess:0000001c $d
C:\Users\HUAV\AppData\Local\Temp\ccoKuDbb.s:100    .text.HAL_PWR_DisableBkUpAccess:00000000 $t
C:\Users\HUAV\AppData\Local\Temp\ccoKuDbb.s:106    .text.HAL_PWR_DisableBkUpAccess:00000000 HAL_PWR_DisableBkUpAccess
C:\Users\HUAV\AppData\Local\Temp\ccoKuDbb.s:140    .text.HAL_PWR_DisableBkUpAccess:0000001c $d
C:\Users\HUAV\AppData\Local\Temp\ccoKuDbb.s:145    .text.HAL_PWR_ConfigPVD:00000000 $t
C:\Users\HUAV\AppData\Local\Temp\ccoKuDbb.s:151    .text.HAL_PWR_ConfigPVD:00000000 HAL_PWR_ConfigPVD
C:\Users\HUAV\AppData\Local\Temp\ccoKuDbb.s:286    .text.HAL_PWR_ConfigPVD:000000f0 $d
C:\Users\HUAV\AppData\Local\Temp\ccoKuDbb.s:291    .text.HAL_PWR_EnablePVD:00000000 $t
C:\Users\HUAV\AppData\Local\Temp\ccoKuDbb.s:297    .text.HAL_PWR_EnablePVD:00000000 HAL_PWR_EnablePVD
C:\Users\HUAV\AppData\Local\Temp\ccoKuDbb.s:331    .text.HAL_PWR_EnablePVD:0000001c $d
C:\Users\HUAV\AppData\Local\Temp\ccoKuDbb.s:336    .text.HAL_PWR_DisablePVD:00000000 $t
C:\Users\HUAV\AppData\Local\Temp\ccoKuDbb.s:342    .text.HAL_PWR_DisablePVD:00000000 HAL_PWR_DisablePVD
C:\Users\HUAV\AppData\Local\Temp\ccoKuDbb.s:376    .text.HAL_PWR_DisablePVD:0000001c $d
C:\Users\HUAV\AppData\Local\Temp\ccoKuDbb.s:381    .text.HAL_PWR_EnableWakeUpPin:00000000 $t
C:\Users\HUAV\AppData\Local\Temp\ccoKuDbb.s:387    .text.HAL_PWR_EnableWakeUpPin:00000000 HAL_PWR_EnableWakeUpPin
C:\Users\HUAV\AppData\Local\Temp\ccoKuDbb.s:431    .text.HAL_PWR_EnableWakeUpPin:00000024 $d
C:\Users\HUAV\AppData\Local\Temp\ccoKuDbb.s:437    .text.HAL_PWR_DisableWakeUpPin:00000000 $t
C:\Users\HUAV\AppData\Local\Temp\ccoKuDbb.s:443    .text.HAL_PWR_DisableWakeUpPin:00000000 HAL_PWR_DisableWakeUpPin
C:\Users\HUAV\AppData\Local\Temp\ccoKuDbb.s:487    .text.HAL_PWR_DisableWakeUpPin:00000028 $d
C:\Users\HUAV\AppData\Local\Temp\ccoKuDbb.s:492    .text.HAL_PWR_EnterSLEEPMode:00000000 $t
C:\Users\HUAV\AppData\Local\Temp\ccoKuDbb.s:498    .text.HAL_PWR_EnterSLEEPMode:00000000 HAL_PWR_EnterSLEEPMode
C:\Users\HUAV\AppData\Local\Temp\ccoKuDbb.s:563    .text.HAL_PWR_EnterSLEEPMode:00000030 $d
C:\Users\HUAV\AppData\Local\Temp\ccoKuDbb.s:568    .text.HAL_PWR_EnterSTOPMode:00000000 $t
C:\Users\HUAV\AppData\Local\Temp\ccoKuDbb.s:574    .text.HAL_PWR_EnterSTOPMode:00000000 HAL_PWR_EnterSTOPMode
C:\Users\HUAV\AppData\Local\Temp\ccoKuDbb.s:691    .text.HAL_PWR_EnterSTOPMode:00000070 $d
C:\Users\HUAV\AppData\Local\Temp\ccoKuDbb.s:697    .text.HAL_PWR_EnterSTANDBYMode:00000000 $t
C:\Users\HUAV\AppData\Local\Temp\ccoKuDbb.s:703    .text.HAL_PWR_EnterSTANDBYMode:00000000 HAL_PWR_EnterSTANDBYMode
C:\Users\HUAV\AppData\Local\Temp\ccoKuDbb.s:782    .text.HAL_PWR_EnterSTANDBYMode:00000040 $d
C:\Users\HUAV\AppData\Local\Temp\ccoKuDbb.s:788    .text.HAL_PWR_EnableSleepOnExit:00000000 $t
C:\Users\HUAV\AppData\Local\Temp\ccoKuDbb.s:794    .text.HAL_PWR_EnableSleepOnExit:00000000 HAL_PWR_EnableSleepOnExit
C:\Users\HUAV\AppData\Local\Temp\ccoKuDbb.s:828    .text.HAL_PWR_EnableSleepOnExit:0000001c $d
C:\Users\HUAV\AppData\Local\Temp\ccoKuDbb.s:833    .text.HAL_PWR_DisableSleepOnExit:00000000 $t
C:\Users\HUAV\AppData\Local\Temp\ccoKuDbb.s:839    .text.HAL_PWR_DisableSleepOnExit:00000000 HAL_PWR_DisableSleepOnExit
C:\Users\HUAV\AppData\Local\Temp\ccoKuDbb.s:873    .text.HAL_PWR_DisableSleepOnExit:0000001c $d
C:\Users\HUAV\AppData\Local\Temp\ccoKuDbb.s:878    .text.HAL_PWR_EnableSEVOnPend:00000000 $t
C:\Users\HUAV\AppData\Local\Temp\ccoKuDbb.s:884    .text.HAL_PWR_EnableSEVOnPend:00000000 HAL_PWR_EnableSEVOnPend
C:\Users\HUAV\AppData\Local\Temp\ccoKuDbb.s:918    .text.HAL_PWR_EnableSEVOnPend:0000001c $d
C:\Users\HUAV\AppData\Local\Temp\ccoKuDbb.s:923    .text.HAL_PWR_DisableSEVOnPend:00000000 $t
C:\Users\HUAV\AppData\Local\Temp\ccoKuDbb.s:929    .text.HAL_PWR_DisableSEVOnPend:00000000 HAL_PWR_DisableSEVOnPend
C:\Users\HUAV\AppData\Local\Temp\ccoKuDbb.s:963    .text.HAL_PWR_DisableSEVOnPend:0000001c $d
C:\Users\HUAV\AppData\Local\Temp\ccoKuDbb.s:968    .text.HAL_PWR_PVD_IRQHandler:00000000 $t
C:\Users\HUAV\AppData\Local\Temp\ccoKuDbb.s:974    .text.HAL_PWR_PVD_IRQHandler:00000000 HAL_PWR_PVD_IRQHandler
C:\Users\HUAV\AppData\Local\Temp\ccoKuDbb.s:1017   .text.HAL_PWR_PVDCallback:00000000 HAL_PWR_PVDCallback
C:\Users\HUAV\AppData\Local\Temp\ccoKuDbb.s:1011   .text.HAL_PWR_PVDCallback:00000000 $t

NO UNDEFINED SYMBOLS
