ARM GAS  C:\Users\HUAV\AppData\Local\Temp\ccerV99a.s 			page 1


   1              		.cpu cortex-m7
   2              		.arch armv7e-m
   3              		.fpu fpv5-d16
   4              		.eabi_attribute 28, 1
   5              		.eabi_attribute 20, 1
   6              		.eabi_attribute 21, 1
   7              		.eabi_attribute 23, 3
   8              		.eabi_attribute 24, 1
   9              		.eabi_attribute 25, 1
  10              		.eabi_attribute 26, 1
  11              		.eabi_attribute 30, 6
  12              		.eabi_attribute 34, 1
  13              		.eabi_attribute 18, 4
  14              		.file	"tasks.c"
  15              		.text
  16              	.Ltext0:
  17              		.cfi_sections	.debug_frame
  18              		.global	pxCurrentTCB
  19              		.section	.bss.pxCurrentTCB,"aw",%nobits
  20              		.align	2
  23              	pxCurrentTCB:
  24 0000 00000000 		.space	4
  25              		.section	.bss.pxReadyTasksLists,"aw",%nobits
  26              		.align	2
  29              	pxReadyTasksLists:
  30 0000 00000000 		.space	100
  30      00000000 
  30      00000000 
  30      00000000 
  30      00000000 
  31              		.section	.bss.xDelayedTaskList1,"aw",%nobits
  32              		.align	2
  35              	xDelayedTaskList1:
  36 0000 00000000 		.space	20
  36      00000000 
  36      00000000 
  36      00000000 
  36      00000000 
  37              		.section	.bss.xDelayedTaskList2,"aw",%nobits
  38              		.align	2
  41              	xDelayedTaskList2:
  42 0000 00000000 		.space	20
  42      00000000 
  42      00000000 
  42      00000000 
  42      00000000 
  43              		.section	.bss.pxDelayedTaskList,"aw",%nobits
  44              		.align	2
  47              	pxDelayedTaskList:
  48 0000 00000000 		.space	4
  49              		.section	.bss.pxOverflowDelayedTaskList,"aw",%nobits
  50              		.align	2
  53              	pxOverflowDelayedTaskList:
  54 0000 00000000 		.space	4
  55              		.section	.bss.xPendingReadyList,"aw",%nobits
  56              		.align	2
  59              	xPendingReadyList:
ARM GAS  C:\Users\HUAV\AppData\Local\Temp\ccerV99a.s 			page 2


  60 0000 00000000 		.space	20
  60      00000000 
  60      00000000 
  60      00000000 
  60      00000000 
  61              		.section	.bss.xTasksWaitingTermination,"aw",%nobits
  62              		.align	2
  65              	xTasksWaitingTermination:
  66 0000 00000000 		.space	20
  66      00000000 
  66      00000000 
  66      00000000 
  66      00000000 
  67              		.section	.bss.uxDeletedTasksWaitingCleanUp,"aw",%nobits
  68              		.align	2
  71              	uxDeletedTasksWaitingCleanUp:
  72 0000 00000000 		.space	4
  73              		.section	.bss.xSuspendedTaskList,"aw",%nobits
  74              		.align	2
  77              	xSuspendedTaskList:
  78 0000 00000000 		.space	20
  78      00000000 
  78      00000000 
  78      00000000 
  78      00000000 
  79              		.section	.bss.uxCurrentNumberOfTasks,"aw",%nobits
  80              		.align	2
  83              	uxCurrentNumberOfTasks:
  84 0000 00000000 		.space	4
  85              		.section	.bss.xTickCount,"aw",%nobits
  86              		.align	2
  89              	xTickCount:
  90 0000 00000000 		.space	4
  91              		.section	.bss.uxTopReadyPriority,"aw",%nobits
  92              		.align	2
  95              	uxTopReadyPriority:
  96 0000 00000000 		.space	4
  97              		.section	.bss.xSchedulerRunning,"aw",%nobits
  98              		.align	2
 101              	xSchedulerRunning:
 102 0000 00000000 		.space	4
 103              		.section	.bss.xPendedTicks,"aw",%nobits
 104              		.align	2
 107              	xPendedTicks:
 108 0000 00000000 		.space	4
 109              		.section	.bss.xYieldPending,"aw",%nobits
 110              		.align	2
 113              	xYieldPending:
 114 0000 00000000 		.space	4
 115              		.section	.bss.xNumOfOverflows,"aw",%nobits
 116              		.align	2
 119              	xNumOfOverflows:
 120 0000 00000000 		.space	4
 121              		.section	.bss.uxTaskNumber,"aw",%nobits
 122              		.align	2
 125              	uxTaskNumber:
 126 0000 00000000 		.space	4
ARM GAS  C:\Users\HUAV\AppData\Local\Temp\ccerV99a.s 			page 3


 127              		.section	.bss.xNextTaskUnblockTime,"aw",%nobits
 128              		.align	2
 131              	xNextTaskUnblockTime:
 132 0000 00000000 		.space	4
 133              		.section	.bss.xIdleTaskHandle,"aw",%nobits
 134              		.align	2
 137              	xIdleTaskHandle:
 138 0000 00000000 		.space	4
 139              		.section	.bss.uxSchedulerSuspended,"aw",%nobits
 140              		.align	2
 143              	uxSchedulerSuspended:
 144 0000 00000000 		.space	4
 145              		.section	.text.xTaskCreateStatic,"ax",%progbits
 146              		.align	1
 147              		.global	xTaskCreateStatic
 148              		.syntax unified
 149              		.thumb
 150              		.thumb_func
 152              	xTaskCreateStatic:
 153              	.LFB5:
 154              		.file 1 "System/FreeRTOS/tasks.c"
   1:System/FreeRTOS/tasks.c **** /*
   2:System/FreeRTOS/tasks.c ****  * FreeRTOS Kernel V10.3.1
   3:System/FreeRTOS/tasks.c ****  * Copyright (C) 2020 Amazon.com, Inc. or its affiliates.  All Rights Reserved.
   4:System/FreeRTOS/tasks.c ****  *
   5:System/FreeRTOS/tasks.c ****  * Permission is hereby granted, free of charge, to any person obtaining a copy of
   6:System/FreeRTOS/tasks.c ****  * this software and associated documentation files (the "Software"), to deal in
   7:System/FreeRTOS/tasks.c ****  * the Software without restriction, including without limitation the rights to
   8:System/FreeRTOS/tasks.c ****  * use, copy, modify, merge, publish, distribute, sublicense, and/or sell copies of
   9:System/FreeRTOS/tasks.c ****  * the Software, and to permit persons to whom the Software is furnished to do so,
  10:System/FreeRTOS/tasks.c ****  * subject to the following conditions:
  11:System/FreeRTOS/tasks.c ****  *
  12:System/FreeRTOS/tasks.c ****  * The above copyright notice and this permission notice shall be included in all
  13:System/FreeRTOS/tasks.c ****  * copies or substantial portions of the Software.
  14:System/FreeRTOS/tasks.c ****  *
  15:System/FreeRTOS/tasks.c ****  * THE SOFTWARE IS PROVIDED "AS IS", WITHOUT WARRANTY OF ANY KIND, EXPRESS OR
  16:System/FreeRTOS/tasks.c ****  * IMPLIED, INCLUDING BUT NOT LIMITED TO THE WARRANTIES OF MERCHANTABILITY, FITNESS
  17:System/FreeRTOS/tasks.c ****  * FOR A PARTICULAR PURPOSE AND NONINFRINGEMENT. IN NO EVENT SHALL THE AUTHORS OR
  18:System/FreeRTOS/tasks.c ****  * COPYRIGHT HOLDERS BE LIABLE FOR ANY CLAIM, DAMAGES OR OTHER LIABILITY, WHETHER
  19:System/FreeRTOS/tasks.c ****  * IN AN ACTION OF CONTRACT, TORT OR OTHERWISE, ARISING FROM, OUT OF OR IN
  20:System/FreeRTOS/tasks.c ****  * CONNECTION WITH THE SOFTWARE OR THE USE OR OTHER DEALINGS IN THE SOFTWARE.
  21:System/FreeRTOS/tasks.c ****  *
  22:System/FreeRTOS/tasks.c ****  * http://www.FreeRTOS.org
  23:System/FreeRTOS/tasks.c ****  * http://aws.amazon.com/freertos
  24:System/FreeRTOS/tasks.c ****  *
  25:System/FreeRTOS/tasks.c ****  * 1 tab == 4 spaces!
  26:System/FreeRTOS/tasks.c ****  */
  27:System/FreeRTOS/tasks.c **** 
  28:System/FreeRTOS/tasks.c **** /* Standard includes. */
  29:System/FreeRTOS/tasks.c **** #include <stdlib.h>
  30:System/FreeRTOS/tasks.c **** #include <string.h>
  31:System/FreeRTOS/tasks.c **** 
  32:System/FreeRTOS/tasks.c **** /* Defining MPU_WRAPPERS_INCLUDED_FROM_API_FILE prevents task.h from redefining
  33:System/FreeRTOS/tasks.c **** all the API functions to use the MPU wrappers.  That should only be done when
  34:System/FreeRTOS/tasks.c **** task.h is included from an application file. */
  35:System/FreeRTOS/tasks.c **** #define MPU_WRAPPERS_INCLUDED_FROM_API_FILE
  36:System/FreeRTOS/tasks.c **** 
ARM GAS  C:\Users\HUAV\AppData\Local\Temp\ccerV99a.s 			page 4


  37:System/FreeRTOS/tasks.c **** /* FreeRTOS includes. */
  38:System/FreeRTOS/tasks.c **** #include "FreeRTOS.h"
  39:System/FreeRTOS/tasks.c **** #include "task.h"
  40:System/FreeRTOS/tasks.c **** #include "timers.h"
  41:System/FreeRTOS/tasks.c **** #include "stack_macros.h"
  42:System/FreeRTOS/tasks.c **** 
  43:System/FreeRTOS/tasks.c **** /* Lint e9021, e961 and e750 are suppressed as a MISRA exception justified
  44:System/FreeRTOS/tasks.c **** because the MPU ports require MPU_WRAPPERS_INCLUDED_FROM_API_FILE to be defined
  45:System/FreeRTOS/tasks.c **** for the header files above, but not in this file, in order to generate the
  46:System/FreeRTOS/tasks.c **** correct privileged Vs unprivileged linkage and placement. */
  47:System/FreeRTOS/tasks.c **** #undef MPU_WRAPPERS_INCLUDED_FROM_API_FILE /*lint !e961 !e750 !e9021. */
  48:System/FreeRTOS/tasks.c **** 
  49:System/FreeRTOS/tasks.c **** /* Set configUSE_STATS_FORMATTING_FUNCTIONS to 2 to include the stats formatting
  50:System/FreeRTOS/tasks.c **** functions but without including stdio.h here. */
  51:System/FreeRTOS/tasks.c **** #if ( configUSE_STATS_FORMATTING_FUNCTIONS == 1 )
  52:System/FreeRTOS/tasks.c **** 	/* At the bottom of this file are two optional functions that can be used
  53:System/FreeRTOS/tasks.c **** 	to generate human readable text from the raw data generated by the
  54:System/FreeRTOS/tasks.c **** 	uxTaskGetSystemState() function.  Note the formatting functions are provided
  55:System/FreeRTOS/tasks.c **** 	for convenience only, and are NOT considered part of the kernel. */
  56:System/FreeRTOS/tasks.c **** 	#include <stdio.h>
  57:System/FreeRTOS/tasks.c **** #endif /* configUSE_STATS_FORMATTING_FUNCTIONS == 1 ) */
  58:System/FreeRTOS/tasks.c **** 
  59:System/FreeRTOS/tasks.c **** #if( configUSE_PREEMPTION == 0 )
  60:System/FreeRTOS/tasks.c **** 	/* If the cooperative scheduler is being used then a yield should not be
  61:System/FreeRTOS/tasks.c **** 	performed just because a higher priority task has been woken. */
  62:System/FreeRTOS/tasks.c **** 	#define taskYIELD_IF_USING_PREEMPTION()
  63:System/FreeRTOS/tasks.c **** #else
  64:System/FreeRTOS/tasks.c **** 	#define taskYIELD_IF_USING_PREEMPTION() portYIELD_WITHIN_API()
  65:System/FreeRTOS/tasks.c **** #endif
  66:System/FreeRTOS/tasks.c **** 
  67:System/FreeRTOS/tasks.c **** /* Values that can be assigned to the ucNotifyState member of the TCB. */
  68:System/FreeRTOS/tasks.c **** #define taskNOT_WAITING_NOTIFICATION	( ( uint8_t ) 0 )
  69:System/FreeRTOS/tasks.c **** #define taskWAITING_NOTIFICATION		( ( uint8_t ) 1 )
  70:System/FreeRTOS/tasks.c **** #define taskNOTIFICATION_RECEIVED		( ( uint8_t ) 2 )
  71:System/FreeRTOS/tasks.c **** 
  72:System/FreeRTOS/tasks.c **** /*
  73:System/FreeRTOS/tasks.c ****  * The value used to fill the stack of a task when the task is created.  This
  74:System/FreeRTOS/tasks.c ****  * is used purely for checking the high water mark for tasks.
  75:System/FreeRTOS/tasks.c ****  */
  76:System/FreeRTOS/tasks.c **** #define tskSTACK_FILL_BYTE	( 0xa5U )
  77:System/FreeRTOS/tasks.c **** 
  78:System/FreeRTOS/tasks.c **** /* Bits used to recored how a task's stack and TCB were allocated. */
  79:System/FreeRTOS/tasks.c **** #define tskDYNAMICALLY_ALLOCATED_STACK_AND_TCB 		( ( uint8_t ) 0 )
  80:System/FreeRTOS/tasks.c **** #define tskSTATICALLY_ALLOCATED_STACK_ONLY 			( ( uint8_t ) 1 )
  81:System/FreeRTOS/tasks.c **** #define tskSTATICALLY_ALLOCATED_STACK_AND_TCB		( ( uint8_t ) 2 )
  82:System/FreeRTOS/tasks.c **** 
  83:System/FreeRTOS/tasks.c **** /* If any of the following are set then task stacks are filled with a known
  84:System/FreeRTOS/tasks.c **** value so the high water mark can be determined.  If none of the following are
  85:System/FreeRTOS/tasks.c **** set then don't fill the stack so there is no unnecessary dependency on memset. */
  86:System/FreeRTOS/tasks.c **** #if( ( configCHECK_FOR_STACK_OVERFLOW > 1 ) || ( configUSE_TRACE_FACILITY == 1 ) || ( INCLUDE_uxTas
  87:System/FreeRTOS/tasks.c **** 	#define tskSET_NEW_STACKS_TO_KNOWN_VALUE	1
  88:System/FreeRTOS/tasks.c **** #else
  89:System/FreeRTOS/tasks.c **** 	#define tskSET_NEW_STACKS_TO_KNOWN_VALUE	0
  90:System/FreeRTOS/tasks.c **** #endif
  91:System/FreeRTOS/tasks.c **** 
  92:System/FreeRTOS/tasks.c **** /*
  93:System/FreeRTOS/tasks.c ****  * Macros used by vListTask to indicate which state a task is in.
ARM GAS  C:\Users\HUAV\AppData\Local\Temp\ccerV99a.s 			page 5


  94:System/FreeRTOS/tasks.c ****  */
  95:System/FreeRTOS/tasks.c **** #define tskRUNNING_CHAR		( 'X' )
  96:System/FreeRTOS/tasks.c **** #define tskBLOCKED_CHAR		( 'B' )
  97:System/FreeRTOS/tasks.c **** #define tskREADY_CHAR		( 'R' )
  98:System/FreeRTOS/tasks.c **** #define tskDELETED_CHAR		( 'D' )
  99:System/FreeRTOS/tasks.c **** #define tskSUSPENDED_CHAR	( 'S' )
 100:System/FreeRTOS/tasks.c **** 
 101:System/FreeRTOS/tasks.c **** /*
 102:System/FreeRTOS/tasks.c ****  * Some kernel aware debuggers require the data the debugger needs access to be
 103:System/FreeRTOS/tasks.c ****  * global, rather than file scope.
 104:System/FreeRTOS/tasks.c ****  */
 105:System/FreeRTOS/tasks.c **** #ifdef portREMOVE_STATIC_QUALIFIER
 106:System/FreeRTOS/tasks.c **** 	#define static
 107:System/FreeRTOS/tasks.c **** #endif
 108:System/FreeRTOS/tasks.c **** 
 109:System/FreeRTOS/tasks.c **** /* The name allocated to the Idle task.  This can be overridden by defining
 110:System/FreeRTOS/tasks.c **** configIDLE_TASK_NAME in FreeRTOSConfig.h. */
 111:System/FreeRTOS/tasks.c **** #ifndef configIDLE_TASK_NAME
 112:System/FreeRTOS/tasks.c **** 	#define configIDLE_TASK_NAME "IDLE"
 113:System/FreeRTOS/tasks.c **** #endif
 114:System/FreeRTOS/tasks.c **** 
 115:System/FreeRTOS/tasks.c **** #if ( configUSE_PORT_OPTIMISED_TASK_SELECTION == 0 )
 116:System/FreeRTOS/tasks.c **** 
 117:System/FreeRTOS/tasks.c **** 	/* If configUSE_PORT_OPTIMISED_TASK_SELECTION is 0 then task selection is
 118:System/FreeRTOS/tasks.c **** 	performed in a generic way that is not optimised to any particular
 119:System/FreeRTOS/tasks.c **** 	microcontroller architecture. */
 120:System/FreeRTOS/tasks.c **** 
 121:System/FreeRTOS/tasks.c **** 	/* uxTopReadyPriority holds the priority of the highest priority ready
 122:System/FreeRTOS/tasks.c **** 	state task. */
 123:System/FreeRTOS/tasks.c **** 	#define taskRECORD_READY_PRIORITY( uxPriority )														\
 124:System/FreeRTOS/tasks.c **** 	{																									\
 125:System/FreeRTOS/tasks.c **** 		if( ( uxPriority ) > uxTopReadyPriority )														\
 126:System/FreeRTOS/tasks.c **** 		{																								\
 127:System/FreeRTOS/tasks.c **** 			uxTopReadyPriority = ( uxPriority );														\
 128:System/FreeRTOS/tasks.c **** 		}																								\
 129:System/FreeRTOS/tasks.c **** 	} /* taskRECORD_READY_PRIORITY */
 130:System/FreeRTOS/tasks.c **** 
 131:System/FreeRTOS/tasks.c **** 	/*-----------------------------------------------------------*/
 132:System/FreeRTOS/tasks.c **** 
 133:System/FreeRTOS/tasks.c **** 	#define taskSELECT_HIGHEST_PRIORITY_TASK()															\
 134:System/FreeRTOS/tasks.c **** 	{																									\
 135:System/FreeRTOS/tasks.c **** 	UBaseType_t uxTopPriority = uxTopReadyPriority;														\
 136:System/FreeRTOS/tasks.c **** 																										\
 137:System/FreeRTOS/tasks.c **** 		/* Find the highest priority queue that contains ready tasks. */								\
 138:System/FreeRTOS/tasks.c **** 		while( listLIST_IS_EMPTY( &( pxReadyTasksLists[ uxTopPriority ] ) ) )							\
 139:System/FreeRTOS/tasks.c **** 		{																								\
 140:System/FreeRTOS/tasks.c **** 			configASSERT( uxTopPriority );																\
 141:System/FreeRTOS/tasks.c **** 			--uxTopPriority;																			\
 142:System/FreeRTOS/tasks.c **** 		}																								\
 143:System/FreeRTOS/tasks.c **** 																										\
 144:System/FreeRTOS/tasks.c **** 		/* listGET_OWNER_OF_NEXT_ENTRY indexes through the list, so the tasks of						\
 145:System/FreeRTOS/tasks.c **** 		the	same priority get an equal share of the processor time. */									\
 146:System/FreeRTOS/tasks.c **** 		listGET_OWNER_OF_NEXT_ENTRY( pxCurrentTCB, &( pxReadyTasksLists[ uxTopPriority ] ) );			\
 147:System/FreeRTOS/tasks.c **** 		uxTopReadyPriority = uxTopPriority;																\
 148:System/FreeRTOS/tasks.c **** 	} /* taskSELECT_HIGHEST_PRIORITY_TASK */
 149:System/FreeRTOS/tasks.c **** 
 150:System/FreeRTOS/tasks.c **** 	/*-----------------------------------------------------------*/
ARM GAS  C:\Users\HUAV\AppData\Local\Temp\ccerV99a.s 			page 6


 151:System/FreeRTOS/tasks.c **** 
 152:System/FreeRTOS/tasks.c **** 	/* Define away taskRESET_READY_PRIORITY() and portRESET_READY_PRIORITY() as
 153:System/FreeRTOS/tasks.c **** 	they are only required when a port optimised method of task selection is
 154:System/FreeRTOS/tasks.c **** 	being used. */
 155:System/FreeRTOS/tasks.c **** 	#define taskRESET_READY_PRIORITY( uxPriority )
 156:System/FreeRTOS/tasks.c **** 	#define portRESET_READY_PRIORITY( uxPriority, uxTopReadyPriority )
 157:System/FreeRTOS/tasks.c **** 
 158:System/FreeRTOS/tasks.c **** #else /* configUSE_PORT_OPTIMISED_TASK_SELECTION */
 159:System/FreeRTOS/tasks.c **** 
 160:System/FreeRTOS/tasks.c **** 	/* If configUSE_PORT_OPTIMISED_TASK_SELECTION is 1 then task selection is
 161:System/FreeRTOS/tasks.c **** 	performed in a way that is tailored to the particular microcontroller
 162:System/FreeRTOS/tasks.c **** 	architecture being used. */
 163:System/FreeRTOS/tasks.c **** 
 164:System/FreeRTOS/tasks.c **** 	/* A port optimised version is provided.  Call the port defined macros. */
 165:System/FreeRTOS/tasks.c **** 	#define taskRECORD_READY_PRIORITY( uxPriority )	portRECORD_READY_PRIORITY( uxPriority, uxTopReadyP
 166:System/FreeRTOS/tasks.c **** 
 167:System/FreeRTOS/tasks.c **** 	/*-----------------------------------------------------------*/
 168:System/FreeRTOS/tasks.c **** 
 169:System/FreeRTOS/tasks.c **** 	#define taskSELECT_HIGHEST_PRIORITY_TASK()														\
 170:System/FreeRTOS/tasks.c **** 	{																								\
 171:System/FreeRTOS/tasks.c **** 	UBaseType_t uxTopPriority;																		\
 172:System/FreeRTOS/tasks.c **** 																									\
 173:System/FreeRTOS/tasks.c **** 		/* Find the highest priority list that contains ready tasks. */								\
 174:System/FreeRTOS/tasks.c **** 		portGET_HIGHEST_PRIORITY( uxTopPriority, uxTopReadyPriority );								\
 175:System/FreeRTOS/tasks.c **** 		configASSERT( listCURRENT_LIST_LENGTH( &( pxReadyTasksLists[ uxTopPriority ] ) ) > 0 );		\
 176:System/FreeRTOS/tasks.c **** 		listGET_OWNER_OF_NEXT_ENTRY( pxCurrentTCB, &( pxReadyTasksLists[ uxTopPriority ] ) );		\
 177:System/FreeRTOS/tasks.c **** 	} /* taskSELECT_HIGHEST_PRIORITY_TASK() */
 178:System/FreeRTOS/tasks.c **** 
 179:System/FreeRTOS/tasks.c **** 	/*-----------------------------------------------------------*/
 180:System/FreeRTOS/tasks.c **** 
 181:System/FreeRTOS/tasks.c **** 	/* A port optimised version is provided, call it only if the TCB being reset
 182:System/FreeRTOS/tasks.c **** 	is being referenced from a ready list.  If it is referenced from a delayed
 183:System/FreeRTOS/tasks.c **** 	or suspended list then it won't be in a ready list. */
 184:System/FreeRTOS/tasks.c **** 	#define taskRESET_READY_PRIORITY( uxPriority )														\
 185:System/FreeRTOS/tasks.c **** 	{																									\
 186:System/FreeRTOS/tasks.c **** 		if( listCURRENT_LIST_LENGTH( &( pxReadyTasksLists[ ( uxPriority ) ] ) ) == ( UBaseType_t ) 0 )	\
 187:System/FreeRTOS/tasks.c **** 		{																								\
 188:System/FreeRTOS/tasks.c **** 			portRESET_READY_PRIORITY( ( uxPriority ), ( uxTopReadyPriority ) );							\
 189:System/FreeRTOS/tasks.c **** 		}																								\
 190:System/FreeRTOS/tasks.c **** 	}
 191:System/FreeRTOS/tasks.c **** 
 192:System/FreeRTOS/tasks.c **** #endif /* configUSE_PORT_OPTIMISED_TASK_SELECTION */
 193:System/FreeRTOS/tasks.c **** 
 194:System/FreeRTOS/tasks.c **** /*-----------------------------------------------------------*/
 195:System/FreeRTOS/tasks.c **** 
 196:System/FreeRTOS/tasks.c **** /* pxDelayedTaskList and pxOverflowDelayedTaskList are switched when the tick
 197:System/FreeRTOS/tasks.c **** count overflows. */
 198:System/FreeRTOS/tasks.c **** #define taskSWITCH_DELAYED_LISTS()																	\
 199:System/FreeRTOS/tasks.c **** {																									\
 200:System/FreeRTOS/tasks.c **** 	List_t *pxTemp;																					\
 201:System/FreeRTOS/tasks.c **** 																									\
 202:System/FreeRTOS/tasks.c **** 	/* The delayed tasks list should be empty when the lists are switched. */						\
 203:System/FreeRTOS/tasks.c **** 	configASSERT( ( listLIST_IS_EMPTY( pxDelayedTaskList ) ) );										\
 204:System/FreeRTOS/tasks.c **** 																									\
 205:System/FreeRTOS/tasks.c **** 	pxTemp = pxDelayedTaskList;																		\
 206:System/FreeRTOS/tasks.c **** 	pxDelayedTaskList = pxOverflowDelayedTaskList;													\
 207:System/FreeRTOS/tasks.c **** 	pxOverflowDelayedTaskList = pxTemp;																\
ARM GAS  C:\Users\HUAV\AppData\Local\Temp\ccerV99a.s 			page 7


 208:System/FreeRTOS/tasks.c **** 	xNumOfOverflows++;																				\
 209:System/FreeRTOS/tasks.c **** 	prvResetNextTaskUnblockTime();																	\
 210:System/FreeRTOS/tasks.c **** }
 211:System/FreeRTOS/tasks.c **** 
 212:System/FreeRTOS/tasks.c **** /*-----------------------------------------------------------*/
 213:System/FreeRTOS/tasks.c **** 
 214:System/FreeRTOS/tasks.c **** /*
 215:System/FreeRTOS/tasks.c ****  * Place the task represented by pxTCB into the appropriate ready list for
 216:System/FreeRTOS/tasks.c ****  * the task.  It is inserted at the end of the list.
 217:System/FreeRTOS/tasks.c ****  */
 218:System/FreeRTOS/tasks.c **** #define prvAddTaskToReadyList( pxTCB )																\
 219:System/FreeRTOS/tasks.c **** 	traceMOVED_TASK_TO_READY_STATE( pxTCB );														\
 220:System/FreeRTOS/tasks.c **** 	taskRECORD_READY_PRIORITY( ( pxTCB )->uxPriority );												\
 221:System/FreeRTOS/tasks.c **** 	vListInsertEnd( &( pxReadyTasksLists[ ( pxTCB )->uxPriority ] ), &( ( pxTCB )->xStateListItem ) );
 222:System/FreeRTOS/tasks.c **** 	tracePOST_MOVED_TASK_TO_READY_STATE( pxTCB )
 223:System/FreeRTOS/tasks.c **** /*-----------------------------------------------------------*/
 224:System/FreeRTOS/tasks.c **** 
 225:System/FreeRTOS/tasks.c **** /*
 226:System/FreeRTOS/tasks.c ****  * Several functions take an TaskHandle_t parameter that can optionally be NULL,
 227:System/FreeRTOS/tasks.c ****  * where NULL is used to indicate that the handle of the currently executing
 228:System/FreeRTOS/tasks.c ****  * task should be used in place of the parameter.  This macro simply checks to
 229:System/FreeRTOS/tasks.c ****  * see if the parameter is NULL and returns a pointer to the appropriate TCB.
 230:System/FreeRTOS/tasks.c ****  */
 231:System/FreeRTOS/tasks.c **** #define prvGetTCBFromHandle( pxHandle ) ( ( ( pxHandle ) == NULL ) ? pxCurrentTCB : ( pxHandle ) )
 232:System/FreeRTOS/tasks.c **** 
 233:System/FreeRTOS/tasks.c **** /* The item value of the event list item is normally used to hold the priority
 234:System/FreeRTOS/tasks.c **** of the task to which it belongs (coded to allow it to be held in reverse
 235:System/FreeRTOS/tasks.c **** priority order).  However, it is occasionally borrowed for other purposes.  It
 236:System/FreeRTOS/tasks.c **** is important its value is not updated due to a task priority change while it is
 237:System/FreeRTOS/tasks.c **** being used for another purpose.  The following bit definition is used to inform
 238:System/FreeRTOS/tasks.c **** the scheduler that the value should not be changed - in which case it is the
 239:System/FreeRTOS/tasks.c **** responsibility of whichever module is using the value to ensure it gets set back
 240:System/FreeRTOS/tasks.c **** to its original value when it is released. */
 241:System/FreeRTOS/tasks.c **** #if( configUSE_16_BIT_TICKS == 1 )
 242:System/FreeRTOS/tasks.c **** 	#define taskEVENT_LIST_ITEM_VALUE_IN_USE	0x8000U
 243:System/FreeRTOS/tasks.c **** #else
 244:System/FreeRTOS/tasks.c **** 	#define taskEVENT_LIST_ITEM_VALUE_IN_USE	0x80000000UL
 245:System/FreeRTOS/tasks.c **** #endif
 246:System/FreeRTOS/tasks.c **** 
 247:System/FreeRTOS/tasks.c **** /*
 248:System/FreeRTOS/tasks.c ****  * Task control block.  A task control block (TCB) is allocated for each task,
 249:System/FreeRTOS/tasks.c ****  * and stores task state information, including a pointer to the task's context
 250:System/FreeRTOS/tasks.c ****  * (the task's run time environment, including register values)
 251:System/FreeRTOS/tasks.c ****  */
 252:System/FreeRTOS/tasks.c **** typedef struct tskTaskControlBlock 			/* The old naming convention is used to prevent breaking kern
 253:System/FreeRTOS/tasks.c **** {
 254:System/FreeRTOS/tasks.c **** 	volatile StackType_t	*pxTopOfStack;	/*< Points to the location of the last item placed on the task
 255:System/FreeRTOS/tasks.c **** 
 256:System/FreeRTOS/tasks.c **** 	#if ( portUSING_MPU_WRAPPERS == 1 )
 257:System/FreeRTOS/tasks.c **** 		xMPU_SETTINGS	xMPUSettings;		/*< The MPU settings are defined as part of the port layer.  THIS MU
 258:System/FreeRTOS/tasks.c **** 	#endif
 259:System/FreeRTOS/tasks.c **** 
 260:System/FreeRTOS/tasks.c **** 	ListItem_t			xStateListItem;	/*< The list that the state list item of a task is reference from den
 261:System/FreeRTOS/tasks.c **** 	ListItem_t			xEventListItem;		/*< Used to reference a task from an event list. */
 262:System/FreeRTOS/tasks.c **** 	UBaseType_t			uxPriority;			/*< The priority of the task.  0 is the lowest priority. */
 263:System/FreeRTOS/tasks.c **** 	StackType_t			*pxStack;			/*< Points to the start of the stack. */
 264:System/FreeRTOS/tasks.c **** 	char				pcTaskName[ configMAX_TASK_NAME_LEN ];/*< Descriptive name given to the task when created.
ARM GAS  C:\Users\HUAV\AppData\Local\Temp\ccerV99a.s 			page 8


 265:System/FreeRTOS/tasks.c **** 
 266:System/FreeRTOS/tasks.c **** 	#if ( ( portSTACK_GROWTH > 0 ) || ( configRECORD_STACK_HIGH_ADDRESS == 1 ) )
 267:System/FreeRTOS/tasks.c **** 		StackType_t		*pxEndOfStack;		/*< Points to the highest valid address for the stack. */
 268:System/FreeRTOS/tasks.c **** 	#endif
 269:System/FreeRTOS/tasks.c **** 
 270:System/FreeRTOS/tasks.c **** 	#if ( portSTACK_GROWTH > 0 )
 271:System/FreeRTOS/tasks.c **** 		StackType_t		*pxEndOfStack;		/*< Points to the end of the stack on architectures where the stack 
 272:System/FreeRTOS/tasks.c **** 	#else
 273:System/FreeRTOS/tasks.c ****         UBaseType_t     uxSizeOfStack;      /*< Support For CmBacktrace >*/
 274:System/FreeRTOS/tasks.c ****     #endif /* ( portSTACK_GROWTH > 0 )*/
 275:System/FreeRTOS/tasks.c **** 
 276:System/FreeRTOS/tasks.c **** 	#if ( portCRITICAL_NESTING_IN_TCB == 1 )
 277:System/FreeRTOS/tasks.c **** 		UBaseType_t		uxCriticalNesting;	/*< Holds the critical section nesting depth for ports that do no
 278:System/FreeRTOS/tasks.c **** 	#endif
 279:System/FreeRTOS/tasks.c **** 
 280:System/FreeRTOS/tasks.c **** 	#if ( configUSE_TRACE_FACILITY == 1 )
 281:System/FreeRTOS/tasks.c **** 		UBaseType_t		uxTCBNumber;		/*< Stores a number that increments each time a TCB is created.  It al
 282:System/FreeRTOS/tasks.c **** 		UBaseType_t		uxTaskNumber;		/*< Stores a number specifically for use by third party trace code. *
 283:System/FreeRTOS/tasks.c **** 	#endif
 284:System/FreeRTOS/tasks.c **** 
 285:System/FreeRTOS/tasks.c **** 	#if ( configUSE_MUTEXES == 1 )
 286:System/FreeRTOS/tasks.c **** 		UBaseType_t		uxBasePriority;		/*< The priority last assigned to the task - used by the priority i
 287:System/FreeRTOS/tasks.c **** 		UBaseType_t		uxMutexesHeld;
 288:System/FreeRTOS/tasks.c **** 	#endif
 289:System/FreeRTOS/tasks.c **** 
 290:System/FreeRTOS/tasks.c **** 	#if ( configUSE_APPLICATION_TASK_TAG == 1 )
 291:System/FreeRTOS/tasks.c **** 		TaskHookFunction_t pxTaskTag;
 292:System/FreeRTOS/tasks.c **** 	#endif
 293:System/FreeRTOS/tasks.c **** 
 294:System/FreeRTOS/tasks.c **** 	#if( configNUM_THREAD_LOCAL_STORAGE_POINTERS > 0 )
 295:System/FreeRTOS/tasks.c **** 		void			*pvThreadLocalStoragePointers[ configNUM_THREAD_LOCAL_STORAGE_POINTERS ];
 296:System/FreeRTOS/tasks.c **** 	#endif
 297:System/FreeRTOS/tasks.c **** 
 298:System/FreeRTOS/tasks.c **** 	#if( configGENERATE_RUN_TIME_STATS == 1 )
 299:System/FreeRTOS/tasks.c **** 		uint32_t		ulRunTimeCounter;	/*< Stores the amount of time the task has spent in the Running state
 300:System/FreeRTOS/tasks.c **** 	#endif
 301:System/FreeRTOS/tasks.c **** 
 302:System/FreeRTOS/tasks.c **** 	#if ( configUSE_NEWLIB_REENTRANT == 1 )
 303:System/FreeRTOS/tasks.c **** 		/* Allocate a Newlib reent structure that is specific to this task.
 304:System/FreeRTOS/tasks.c **** 		Note Newlib support has been included by popular demand, but is not
 305:System/FreeRTOS/tasks.c **** 		used by the FreeRTOS maintainers themselves.  FreeRTOS is not
 306:System/FreeRTOS/tasks.c **** 		responsible for resulting newlib operation.  User must be familiar with
 307:System/FreeRTOS/tasks.c **** 		newlib and must provide system-wide implementations of the necessary
 308:System/FreeRTOS/tasks.c **** 		stubs. Be warned that (at the time of writing) the current newlib design
 309:System/FreeRTOS/tasks.c **** 		implements a system-wide malloc() that must be provided with locks.
 310:System/FreeRTOS/tasks.c **** 
 311:System/FreeRTOS/tasks.c **** 		See the third party link http://www.nadler.com/embedded/newlibAndFreeRTOS.html
 312:System/FreeRTOS/tasks.c **** 		for additional information. */
 313:System/FreeRTOS/tasks.c **** 		struct	_reent xNewLib_reent;
 314:System/FreeRTOS/tasks.c **** 	#endif
 315:System/FreeRTOS/tasks.c **** 
 316:System/FreeRTOS/tasks.c **** 	#if( configUSE_TASK_NOTIFICATIONS == 1 )
 317:System/FreeRTOS/tasks.c **** 		volatile uint32_t ulNotifiedValue;
 318:System/FreeRTOS/tasks.c **** 		volatile uint8_t ucNotifyState;
 319:System/FreeRTOS/tasks.c **** 	#endif
 320:System/FreeRTOS/tasks.c **** 
 321:System/FreeRTOS/tasks.c **** 	/* See the comments in FreeRTOS.h with the definition of
ARM GAS  C:\Users\HUAV\AppData\Local\Temp\ccerV99a.s 			page 9


 322:System/FreeRTOS/tasks.c **** 	tskSTATIC_AND_DYNAMIC_ALLOCATION_POSSIBLE. */
 323:System/FreeRTOS/tasks.c **** 	#if( tskSTATIC_AND_DYNAMIC_ALLOCATION_POSSIBLE != 0 ) /*lint !e731 !e9029 Macro has been consolida
 324:System/FreeRTOS/tasks.c **** 		uint8_t	ucStaticallyAllocated; 		/*< Set to pdTRUE if the task is a statically allocated to ensur
 325:System/FreeRTOS/tasks.c **** 	#endif
 326:System/FreeRTOS/tasks.c **** 
 327:System/FreeRTOS/tasks.c **** 	#if( INCLUDE_xTaskAbortDelay == 1 )
 328:System/FreeRTOS/tasks.c **** 		uint8_t ucDelayAborted;
 329:System/FreeRTOS/tasks.c **** 	#endif
 330:System/FreeRTOS/tasks.c **** 
 331:System/FreeRTOS/tasks.c **** 	#if( configUSE_POSIX_ERRNO == 1 )
 332:System/FreeRTOS/tasks.c **** 		int iTaskErrno;
 333:System/FreeRTOS/tasks.c **** 	#endif
 334:System/FreeRTOS/tasks.c **** 
 335:System/FreeRTOS/tasks.c **** } tskTCB;
 336:System/FreeRTOS/tasks.c **** 
 337:System/FreeRTOS/tasks.c **** /* The old tskTCB name is maintained above then typedefed to the new TCB_t name
 338:System/FreeRTOS/tasks.c **** below to enable the use of older kernel aware debuggers. */
 339:System/FreeRTOS/tasks.c **** typedef tskTCB TCB_t;
 340:System/FreeRTOS/tasks.c **** 
 341:System/FreeRTOS/tasks.c **** /*lint -save -e956 A manual analysis and inspection has been used to determine
 342:System/FreeRTOS/tasks.c **** which static variables must be declared volatile. */
 343:System/FreeRTOS/tasks.c **** PRIVILEGED_DATA TCB_t * volatile pxCurrentTCB = NULL;
 344:System/FreeRTOS/tasks.c **** 
 345:System/FreeRTOS/tasks.c **** /* Lists for ready and blocked tasks. --------------------
 346:System/FreeRTOS/tasks.c **** xDelayedTaskList1 and xDelayedTaskList2 could be move to function scople but
 347:System/FreeRTOS/tasks.c **** doing so breaks some kernel aware debuggers and debuggers that rely on removing
 348:System/FreeRTOS/tasks.c **** the static qualifier. */
 349:System/FreeRTOS/tasks.c **** PRIVILEGED_DATA static List_t pxReadyTasksLists[ configMAX_PRIORITIES ];/*< Prioritised ready tasks
 350:System/FreeRTOS/tasks.c **** PRIVILEGED_DATA static List_t xDelayedTaskList1;						/*< Delayed tasks. */
 351:System/FreeRTOS/tasks.c **** PRIVILEGED_DATA static List_t xDelayedTaskList2;						/*< Delayed tasks (two lists are used - one f
 352:System/FreeRTOS/tasks.c **** PRIVILEGED_DATA static List_t * volatile pxDelayedTaskList;				/*< Points to the delayed task list 
 353:System/FreeRTOS/tasks.c **** PRIVILEGED_DATA static List_t * volatile pxOverflowDelayedTaskList;		/*< Points to the delayed task
 354:System/FreeRTOS/tasks.c **** PRIVILEGED_DATA static List_t xPendingReadyList;						/*< Tasks that have been readied while the sc
 355:System/FreeRTOS/tasks.c **** 
 356:System/FreeRTOS/tasks.c **** #if( INCLUDE_vTaskDelete == 1 )
 357:System/FreeRTOS/tasks.c **** 
 358:System/FreeRTOS/tasks.c **** 	PRIVILEGED_DATA static List_t xTasksWaitingTermination;				/*< Tasks that have been deleted - but 
 359:System/FreeRTOS/tasks.c **** 	PRIVILEGED_DATA static volatile UBaseType_t uxDeletedTasksWaitingCleanUp = ( UBaseType_t ) 0U;
 360:System/FreeRTOS/tasks.c **** 
 361:System/FreeRTOS/tasks.c **** #endif
 362:System/FreeRTOS/tasks.c **** 
 363:System/FreeRTOS/tasks.c **** #if ( INCLUDE_vTaskSuspend == 1 )
 364:System/FreeRTOS/tasks.c **** 
 365:System/FreeRTOS/tasks.c **** 	PRIVILEGED_DATA static List_t xSuspendedTaskList;					/*< Tasks that are currently suspended. */
 366:System/FreeRTOS/tasks.c **** 
 367:System/FreeRTOS/tasks.c **** #endif
 368:System/FreeRTOS/tasks.c **** 
 369:System/FreeRTOS/tasks.c **** /* Global POSIX errno. Its value is changed upon context switching to match
 370:System/FreeRTOS/tasks.c **** the errno of the currently running task. */
 371:System/FreeRTOS/tasks.c **** #if ( configUSE_POSIX_ERRNO == 1 )
 372:System/FreeRTOS/tasks.c **** 	int FreeRTOS_errno = 0;
 373:System/FreeRTOS/tasks.c **** #endif
 374:System/FreeRTOS/tasks.c **** 
 375:System/FreeRTOS/tasks.c **** /* Other file private variables. --------------------------------*/
 376:System/FreeRTOS/tasks.c **** PRIVILEGED_DATA static volatile UBaseType_t uxCurrentNumberOfTasks 	= ( UBaseType_t ) 0U;
 377:System/FreeRTOS/tasks.c **** PRIVILEGED_DATA static volatile TickType_t xTickCount 				= ( TickType_t ) configINITIAL_TICK_COUNT
 378:System/FreeRTOS/tasks.c **** PRIVILEGED_DATA static volatile UBaseType_t uxTopReadyPriority 		= tskIDLE_PRIORITY;
ARM GAS  C:\Users\HUAV\AppData\Local\Temp\ccerV99a.s 			page 10


 379:System/FreeRTOS/tasks.c **** PRIVILEGED_DATA static volatile BaseType_t xSchedulerRunning 		= pdFALSE;
 380:System/FreeRTOS/tasks.c **** PRIVILEGED_DATA static volatile TickType_t xPendedTicks 			= ( TickType_t ) 0U;
 381:System/FreeRTOS/tasks.c **** PRIVILEGED_DATA static volatile BaseType_t xYieldPending 			= pdFALSE;
 382:System/FreeRTOS/tasks.c **** PRIVILEGED_DATA static volatile BaseType_t xNumOfOverflows 			= ( BaseType_t ) 0;
 383:System/FreeRTOS/tasks.c **** PRIVILEGED_DATA static UBaseType_t uxTaskNumber 					= ( UBaseType_t ) 0U;
 384:System/FreeRTOS/tasks.c **** PRIVILEGED_DATA static volatile TickType_t xNextTaskUnblockTime		= ( TickType_t ) 0U; /* Initialise
 385:System/FreeRTOS/tasks.c **** PRIVILEGED_DATA static TaskHandle_t xIdleTaskHandle					= NULL;			/*< Holds the handle of the idle 
 386:System/FreeRTOS/tasks.c **** 
 387:System/FreeRTOS/tasks.c **** /* Context switches are held pending while the scheduler is suspended.  Also,
 388:System/FreeRTOS/tasks.c **** interrupts must not manipulate the xStateListItem of a TCB, or any of the
 389:System/FreeRTOS/tasks.c **** lists the xStateListItem can be referenced from, if the scheduler is suspended.
 390:System/FreeRTOS/tasks.c **** If an interrupt needs to unblock a task while the scheduler is suspended then it
 391:System/FreeRTOS/tasks.c **** moves the task's event list item into the xPendingReadyList, ready for the
 392:System/FreeRTOS/tasks.c **** kernel to move the task from the pending ready list into the real ready list
 393:System/FreeRTOS/tasks.c **** when the scheduler is unsuspended.  The pending ready list itself can only be
 394:System/FreeRTOS/tasks.c **** accessed from a critical section. */
 395:System/FreeRTOS/tasks.c **** PRIVILEGED_DATA static volatile UBaseType_t uxSchedulerSuspended	= ( UBaseType_t ) pdFALSE;
 396:System/FreeRTOS/tasks.c **** 
 397:System/FreeRTOS/tasks.c **** #if ( configGENERATE_RUN_TIME_STATS == 1 )
 398:System/FreeRTOS/tasks.c **** 
 399:System/FreeRTOS/tasks.c **** 	/* Do not move these variables to function scope as doing so prevents the
 400:System/FreeRTOS/tasks.c **** 	code working with debuggers that need to remove the static qualifier. */
 401:System/FreeRTOS/tasks.c **** 	PRIVILEGED_DATA static uint32_t ulTaskSwitchedInTime = 0UL;	/*< Holds the value of a timer/counter
 402:System/FreeRTOS/tasks.c **** 	PRIVILEGED_DATA static uint32_t ulTotalRunTime = 0UL;		/*< Holds the total amount of execution tim
 403:System/FreeRTOS/tasks.c **** 
 404:System/FreeRTOS/tasks.c **** #endif
 405:System/FreeRTOS/tasks.c **** 
 406:System/FreeRTOS/tasks.c **** /*lint -restore */
 407:System/FreeRTOS/tasks.c **** 
 408:System/FreeRTOS/tasks.c **** /*-----------------------------------------------------------*/
 409:System/FreeRTOS/tasks.c **** 
 410:System/FreeRTOS/tasks.c **** /* Callback function prototypes. --------------------------*/
 411:System/FreeRTOS/tasks.c **** #if(  configCHECK_FOR_STACK_OVERFLOW > 0 )
 412:System/FreeRTOS/tasks.c **** 
 413:System/FreeRTOS/tasks.c **** 	extern void vApplicationStackOverflowHook( TaskHandle_t xTask, char *pcTaskName );
 414:System/FreeRTOS/tasks.c **** 
 415:System/FreeRTOS/tasks.c **** #endif
 416:System/FreeRTOS/tasks.c **** 
 417:System/FreeRTOS/tasks.c **** #if( configUSE_TICK_HOOK > 0 )
 418:System/FreeRTOS/tasks.c **** 
 419:System/FreeRTOS/tasks.c **** 	extern void vApplicationTickHook( void ); /*lint !e526 Symbol not defined as it is an application 
 420:System/FreeRTOS/tasks.c **** 
 421:System/FreeRTOS/tasks.c **** #endif
 422:System/FreeRTOS/tasks.c **** 
 423:System/FreeRTOS/tasks.c **** #if( configSUPPORT_STATIC_ALLOCATION == 1 )
 424:System/FreeRTOS/tasks.c **** 
 425:System/FreeRTOS/tasks.c **** 	extern void vApplicationGetIdleTaskMemory( StaticTask_t **ppxIdleTaskTCBBuffer, StackType_t **ppxI
 426:System/FreeRTOS/tasks.c **** 
 427:System/FreeRTOS/tasks.c **** #endif
 428:System/FreeRTOS/tasks.c **** 
 429:System/FreeRTOS/tasks.c **** /* File private functions. --------------------------------*/
 430:System/FreeRTOS/tasks.c **** 
 431:System/FreeRTOS/tasks.c **** /**
 432:System/FreeRTOS/tasks.c ****  * Utility task that simply returns pdTRUE if the task referenced by xTask is
 433:System/FreeRTOS/tasks.c ****  * currently in the Suspended state, or pdFALSE if the task referenced by xTask
 434:System/FreeRTOS/tasks.c ****  * is in any other state.
 435:System/FreeRTOS/tasks.c ****  */
ARM GAS  C:\Users\HUAV\AppData\Local\Temp\ccerV99a.s 			page 11


 436:System/FreeRTOS/tasks.c **** #if ( INCLUDE_vTaskSuspend == 1 )
 437:System/FreeRTOS/tasks.c **** 
 438:System/FreeRTOS/tasks.c **** 	static BaseType_t prvTaskIsTaskSuspended( const TaskHandle_t xTask ) PRIVILEGED_FUNCTION;
 439:System/FreeRTOS/tasks.c **** 
 440:System/FreeRTOS/tasks.c **** #endif /* INCLUDE_vTaskSuspend */
 441:System/FreeRTOS/tasks.c **** 
 442:System/FreeRTOS/tasks.c **** /*
 443:System/FreeRTOS/tasks.c ****  * Utility to ready all the lists used by the scheduler.  This is called
 444:System/FreeRTOS/tasks.c ****  * automatically upon the creation of the first task.
 445:System/FreeRTOS/tasks.c ****  */
 446:System/FreeRTOS/tasks.c **** static void prvInitialiseTaskLists( void ) PRIVILEGED_FUNCTION;
 447:System/FreeRTOS/tasks.c **** 
 448:System/FreeRTOS/tasks.c **** /*
 449:System/FreeRTOS/tasks.c ****  * The idle task, which as all tasks is implemented as a never ending loop.
 450:System/FreeRTOS/tasks.c ****  * The idle task is automatically created and added to the ready lists upon
 451:System/FreeRTOS/tasks.c ****  * creation of the first user task.
 452:System/FreeRTOS/tasks.c ****  *
 453:System/FreeRTOS/tasks.c ****  * The portTASK_FUNCTION_PROTO() macro is used to allow port/compiler specific
 454:System/FreeRTOS/tasks.c ****  * language extensions.  The equivalent prototype for this function is:
 455:System/FreeRTOS/tasks.c ****  *
 456:System/FreeRTOS/tasks.c ****  * void prvIdleTask( void *pvParameters );
 457:System/FreeRTOS/tasks.c ****  *
 458:System/FreeRTOS/tasks.c ****  */
 459:System/FreeRTOS/tasks.c **** static portTASK_FUNCTION_PROTO( prvIdleTask, pvParameters );
 460:System/FreeRTOS/tasks.c **** 
 461:System/FreeRTOS/tasks.c **** /*
 462:System/FreeRTOS/tasks.c ****  * Utility to free all memory allocated by the scheduler to hold a TCB,
 463:System/FreeRTOS/tasks.c ****  * including the stack pointed to by the TCB.
 464:System/FreeRTOS/tasks.c ****  *
 465:System/FreeRTOS/tasks.c ****  * This does not free memory allocated by the task itself (i.e. memory
 466:System/FreeRTOS/tasks.c ****  * allocated by calls to pvPortMalloc from within the tasks application code).
 467:System/FreeRTOS/tasks.c ****  */
 468:System/FreeRTOS/tasks.c **** #if ( INCLUDE_vTaskDelete == 1 )
 469:System/FreeRTOS/tasks.c **** 
 470:System/FreeRTOS/tasks.c **** 	static void prvDeleteTCB( TCB_t *pxTCB ) PRIVILEGED_FUNCTION;
 471:System/FreeRTOS/tasks.c **** 
 472:System/FreeRTOS/tasks.c **** #endif
 473:System/FreeRTOS/tasks.c **** 
 474:System/FreeRTOS/tasks.c **** /*
 475:System/FreeRTOS/tasks.c ****  * Used only by the idle task.  This checks to see if anything has been placed
 476:System/FreeRTOS/tasks.c ****  * in the list of tasks waiting to be deleted.  If so the task is cleaned up
 477:System/FreeRTOS/tasks.c ****  * and its TCB deleted.
 478:System/FreeRTOS/tasks.c ****  */
 479:System/FreeRTOS/tasks.c **** static void prvCheckTasksWaitingTermination( void ) PRIVILEGED_FUNCTION;
 480:System/FreeRTOS/tasks.c **** 
 481:System/FreeRTOS/tasks.c **** /*
 482:System/FreeRTOS/tasks.c ****  * The currently executing task is entering the Blocked state.  Add the task to
 483:System/FreeRTOS/tasks.c ****  * either the current or the overflow delayed task list.
 484:System/FreeRTOS/tasks.c ****  */
 485:System/FreeRTOS/tasks.c **** static void prvAddCurrentTaskToDelayedList( TickType_t xTicksToWait, const BaseType_t xCanBlockInde
 486:System/FreeRTOS/tasks.c **** 
 487:System/FreeRTOS/tasks.c **** /*
 488:System/FreeRTOS/tasks.c ****  * Fills an TaskStatus_t structure with information on each task that is
 489:System/FreeRTOS/tasks.c ****  * referenced from the pxList list (which may be a ready list, a delayed list,
 490:System/FreeRTOS/tasks.c ****  * a suspended list, etc.).
 491:System/FreeRTOS/tasks.c ****  *
 492:System/FreeRTOS/tasks.c ****  * THIS FUNCTION IS INTENDED FOR DEBUGGING ONLY, AND SHOULD NOT BE CALLED FROM
ARM GAS  C:\Users\HUAV\AppData\Local\Temp\ccerV99a.s 			page 12


 493:System/FreeRTOS/tasks.c ****  * NORMAL APPLICATION CODE.
 494:System/FreeRTOS/tasks.c ****  */
 495:System/FreeRTOS/tasks.c **** #if ( configUSE_TRACE_FACILITY == 1 )
 496:System/FreeRTOS/tasks.c **** 
 497:System/FreeRTOS/tasks.c **** 	static UBaseType_t prvListTasksWithinSingleList( TaskStatus_t *pxTaskStatusArray, List_t *pxList, 
 498:System/FreeRTOS/tasks.c **** 
 499:System/FreeRTOS/tasks.c **** #endif
 500:System/FreeRTOS/tasks.c **** 
 501:System/FreeRTOS/tasks.c **** /*
 502:System/FreeRTOS/tasks.c ****  * Searches pxList for a task with name pcNameToQuery - returning a handle to
 503:System/FreeRTOS/tasks.c ****  * the task if it is found, or NULL if the task is not found.
 504:System/FreeRTOS/tasks.c ****  */
 505:System/FreeRTOS/tasks.c **** #if ( INCLUDE_xTaskGetHandle == 1 )
 506:System/FreeRTOS/tasks.c **** 
 507:System/FreeRTOS/tasks.c **** 	static TCB_t *prvSearchForNameWithinSingleList( List_t *pxList, const char pcNameToQuery[] ) PRIVI
 508:System/FreeRTOS/tasks.c **** 
 509:System/FreeRTOS/tasks.c **** #endif
 510:System/FreeRTOS/tasks.c **** 
 511:System/FreeRTOS/tasks.c **** /*
 512:System/FreeRTOS/tasks.c ****  * When a task is created, the stack of the task is filled with a known value.
 513:System/FreeRTOS/tasks.c ****  * This function determines the 'high water mark' of the task stack by
 514:System/FreeRTOS/tasks.c ****  * determining how much of the stack remains at the original preset value.
 515:System/FreeRTOS/tasks.c ****  */
 516:System/FreeRTOS/tasks.c **** #if ( ( configUSE_TRACE_FACILITY == 1 ) || ( INCLUDE_uxTaskGetStackHighWaterMark == 1 ) || ( INCLUD
 517:System/FreeRTOS/tasks.c **** 
 518:System/FreeRTOS/tasks.c **** 	static configSTACK_DEPTH_TYPE prvTaskCheckFreeStackSpace( const uint8_t * pucStackByte ) PRIVILEGE
 519:System/FreeRTOS/tasks.c **** 
 520:System/FreeRTOS/tasks.c **** #endif
 521:System/FreeRTOS/tasks.c **** 
 522:System/FreeRTOS/tasks.c **** /*
 523:System/FreeRTOS/tasks.c ****  * Return the amount of time, in ticks, that will pass before the kernel will
 524:System/FreeRTOS/tasks.c ****  * next move a task from the Blocked state to the Running state.
 525:System/FreeRTOS/tasks.c ****  *
 526:System/FreeRTOS/tasks.c ****  * This conditional compilation should use inequality to 0, not equality to 1.
 527:System/FreeRTOS/tasks.c ****  * This is to ensure portSUPPRESS_TICKS_AND_SLEEP() can be called when user
 528:System/FreeRTOS/tasks.c ****  * defined low power mode implementations require configUSE_TICKLESS_IDLE to be
 529:System/FreeRTOS/tasks.c ****  * set to a value other than 1.
 530:System/FreeRTOS/tasks.c ****  */
 531:System/FreeRTOS/tasks.c **** #if ( configUSE_TICKLESS_IDLE != 0 )
 532:System/FreeRTOS/tasks.c **** 
 533:System/FreeRTOS/tasks.c **** 	static TickType_t prvGetExpectedIdleTime( void ) PRIVILEGED_FUNCTION;
 534:System/FreeRTOS/tasks.c **** 
 535:System/FreeRTOS/tasks.c **** #endif
 536:System/FreeRTOS/tasks.c **** 
 537:System/FreeRTOS/tasks.c **** /*
 538:System/FreeRTOS/tasks.c ****  * Set xNextTaskUnblockTime to the time at which the next Blocked state task
 539:System/FreeRTOS/tasks.c ****  * will exit the Blocked state.
 540:System/FreeRTOS/tasks.c ****  */
 541:System/FreeRTOS/tasks.c **** static void prvResetNextTaskUnblockTime( void );
 542:System/FreeRTOS/tasks.c **** 
 543:System/FreeRTOS/tasks.c **** #if ( ( configUSE_TRACE_FACILITY == 1 ) && ( configUSE_STATS_FORMATTING_FUNCTIONS > 0 ) )
 544:System/FreeRTOS/tasks.c **** 
 545:System/FreeRTOS/tasks.c **** 	/*
 546:System/FreeRTOS/tasks.c **** 	 * Helper function used to pad task names with spaces when printing out
 547:System/FreeRTOS/tasks.c **** 	 * human readable tables of task information.
 548:System/FreeRTOS/tasks.c **** 	 */
 549:System/FreeRTOS/tasks.c **** 	static char *prvWriteNameToBuffer( char *pcBuffer, const char *pcTaskName ) PRIVILEGED_FUNCTION;
ARM GAS  C:\Users\HUAV\AppData\Local\Temp\ccerV99a.s 			page 13


 550:System/FreeRTOS/tasks.c **** 
 551:System/FreeRTOS/tasks.c **** #endif
 552:System/FreeRTOS/tasks.c **** 
 553:System/FreeRTOS/tasks.c **** /*
 554:System/FreeRTOS/tasks.c ****  * Called after a Task_t structure has been allocated either statically or
 555:System/FreeRTOS/tasks.c ****  * dynamically to fill in the structure's members.
 556:System/FreeRTOS/tasks.c ****  */
 557:System/FreeRTOS/tasks.c **** static void prvInitialiseNewTask( 	TaskFunction_t pxTaskCode,
 558:System/FreeRTOS/tasks.c **** 									const char * const pcName, 		/*lint !e971 Unqualified char types are allowed for strings a
 559:System/FreeRTOS/tasks.c **** 									const uint32_t ulStackDepth,
 560:System/FreeRTOS/tasks.c **** 									void * const pvParameters,
 561:System/FreeRTOS/tasks.c **** 									UBaseType_t uxPriority,
 562:System/FreeRTOS/tasks.c **** 									TaskHandle_t * const pxCreatedTask,
 563:System/FreeRTOS/tasks.c **** 									TCB_t *pxNewTCB,
 564:System/FreeRTOS/tasks.c **** 									const MemoryRegion_t * const xRegions ) PRIVILEGED_FUNCTION;
 565:System/FreeRTOS/tasks.c **** 
 566:System/FreeRTOS/tasks.c **** /*
 567:System/FreeRTOS/tasks.c ****  * Called after a new task has been created and initialised to place the task
 568:System/FreeRTOS/tasks.c ****  * under the control of the scheduler.
 569:System/FreeRTOS/tasks.c ****  */
 570:System/FreeRTOS/tasks.c **** static void prvAddNewTaskToReadyList( TCB_t *pxNewTCB ) PRIVILEGED_FUNCTION;
 571:System/FreeRTOS/tasks.c **** 
 572:System/FreeRTOS/tasks.c **** /*
 573:System/FreeRTOS/tasks.c ****  * freertos_tasks_c_additions_init() should only be called if the user definable
 574:System/FreeRTOS/tasks.c ****  * macro FREERTOS_TASKS_C_ADDITIONS_INIT() is defined, as that is the only macro
 575:System/FreeRTOS/tasks.c ****  * called by the function.
 576:System/FreeRTOS/tasks.c ****  */
 577:System/FreeRTOS/tasks.c **** #ifdef FREERTOS_TASKS_C_ADDITIONS_INIT
 578:System/FreeRTOS/tasks.c **** 
 579:System/FreeRTOS/tasks.c **** 	static void freertos_tasks_c_additions_init( void ) PRIVILEGED_FUNCTION;
 580:System/FreeRTOS/tasks.c **** 
 581:System/FreeRTOS/tasks.c **** #endif
 582:System/FreeRTOS/tasks.c **** 
 583:System/FreeRTOS/tasks.c **** /*-----------------------------------------------------------*/
 584:System/FreeRTOS/tasks.c **** 
 585:System/FreeRTOS/tasks.c **** #if( configSUPPORT_STATIC_ALLOCATION == 1 )
 586:System/FreeRTOS/tasks.c **** 
 587:System/FreeRTOS/tasks.c **** 	TaskHandle_t xTaskCreateStatic(	TaskFunction_t pxTaskCode,
 588:System/FreeRTOS/tasks.c **** 									const char * const pcName,		/*lint !e971 Unqualified char types are allowed for strings an
 589:System/FreeRTOS/tasks.c **** 									const uint32_t ulStackDepth,
 590:System/FreeRTOS/tasks.c **** 									void * const pvParameters,
 591:System/FreeRTOS/tasks.c **** 									UBaseType_t uxPriority,
 592:System/FreeRTOS/tasks.c **** 									StackType_t * const puxStackBuffer,
 593:System/FreeRTOS/tasks.c **** 									StaticTask_t * const pxTaskBuffer )
 594:System/FreeRTOS/tasks.c **** 	{
 155              		.loc 1 594 2
 156              		.cfi_startproc
 157              		@ args = 12, pretend = 0, frame = 40
 158              		@ frame_needed = 1, uses_anonymous_args = 0
 159 0000 80B5     		push	{r7, lr}
 160              	.LCFI0:
 161              		.cfi_def_cfa_offset 8
 162              		.cfi_offset 7, -8
 163              		.cfi_offset 14, -4
 164 0002 8EB0     		sub	sp, sp, #56
 165              	.LCFI1:
 166              		.cfi_def_cfa_offset 64
ARM GAS  C:\Users\HUAV\AppData\Local\Temp\ccerV99a.s 			page 14


 167 0004 04AF     		add	r7, sp, #16
 168              	.LCFI2:
 169              		.cfi_def_cfa 7, 48
 170 0006 F860     		str	r0, [r7, #12]
 171 0008 B960     		str	r1, [r7, #8]
 172 000a 7A60     		str	r2, [r7, #4]
 173 000c 3B60     		str	r3, [r7]
 595:System/FreeRTOS/tasks.c **** 	TCB_t *pxNewTCB;
 596:System/FreeRTOS/tasks.c **** 	TaskHandle_t xReturn;
 597:System/FreeRTOS/tasks.c **** 
 598:System/FreeRTOS/tasks.c **** 		configASSERT( puxStackBuffer != NULL );
 174              		.loc 1 598 3
 175 000e 7B6B     		ldr	r3, [r7, #52]
 176 0010 002B     		cmp	r3, #0
 177 0012 0AD1     		bne	.L2
 178              	.LBB123:
 179              	.LBB124:
 180              		.file 2 "System/FreeRTOS/portable/GCC/ARM_CM4F/portmacro.h"
   1:System/FreeRTOS/portable/GCC/ARM_CM4F/portmacro.h **** /*
   2:System/FreeRTOS/portable/GCC/ARM_CM4F/portmacro.h ****  * FreeRTOS Kernel V10.3.1
   3:System/FreeRTOS/portable/GCC/ARM_CM4F/portmacro.h ****  * Copyright (C) 2020 Amazon.com, Inc. or its affiliates.  All Rights Reserved.
   4:System/FreeRTOS/portable/GCC/ARM_CM4F/portmacro.h ****  *
   5:System/FreeRTOS/portable/GCC/ARM_CM4F/portmacro.h ****  * Permission is hereby granted, free of charge, to any person obtaining a copy of
   6:System/FreeRTOS/portable/GCC/ARM_CM4F/portmacro.h ****  * this software and associated documentation files (the "Software"), to deal in
   7:System/FreeRTOS/portable/GCC/ARM_CM4F/portmacro.h ****  * the Software without restriction, including without limitation the rights to
   8:System/FreeRTOS/portable/GCC/ARM_CM4F/portmacro.h ****  * use, copy, modify, merge, publish, distribute, sublicense, and/or sell copies of
   9:System/FreeRTOS/portable/GCC/ARM_CM4F/portmacro.h ****  * the Software, and to permit persons to whom the Software is furnished to do so,
  10:System/FreeRTOS/portable/GCC/ARM_CM4F/portmacro.h ****  * subject to the following conditions:
  11:System/FreeRTOS/portable/GCC/ARM_CM4F/portmacro.h ****  *
  12:System/FreeRTOS/portable/GCC/ARM_CM4F/portmacro.h ****  * The above copyright notice and this permission notice shall be included in all
  13:System/FreeRTOS/portable/GCC/ARM_CM4F/portmacro.h ****  * copies or substantial portions of the Software.
  14:System/FreeRTOS/portable/GCC/ARM_CM4F/portmacro.h ****  *
  15:System/FreeRTOS/portable/GCC/ARM_CM4F/portmacro.h ****  * THE SOFTWARE IS PROVIDED "AS IS", WITHOUT WARRANTY OF ANY KIND, EXPRESS OR
  16:System/FreeRTOS/portable/GCC/ARM_CM4F/portmacro.h ****  * IMPLIED, INCLUDING BUT NOT LIMITED TO THE WARRANTIES OF MERCHANTABILITY, FITNESS
  17:System/FreeRTOS/portable/GCC/ARM_CM4F/portmacro.h ****  * FOR A PARTICULAR PURPOSE AND NONINFRINGEMENT. IN NO EVENT SHALL THE AUTHORS OR
  18:System/FreeRTOS/portable/GCC/ARM_CM4F/portmacro.h ****  * COPYRIGHT HOLDERS BE LIABLE FOR ANY CLAIM, DAMAGES OR OTHER LIABILITY, WHETHER
  19:System/FreeRTOS/portable/GCC/ARM_CM4F/portmacro.h ****  * IN AN ACTION OF CONTRACT, TORT OR OTHERWISE, ARISING FROM, OUT OF OR IN
  20:System/FreeRTOS/portable/GCC/ARM_CM4F/portmacro.h ****  * CONNECTION WITH THE SOFTWARE OR THE USE OR OTHER DEALINGS IN THE SOFTWARE.
  21:System/FreeRTOS/portable/GCC/ARM_CM4F/portmacro.h ****  *
  22:System/FreeRTOS/portable/GCC/ARM_CM4F/portmacro.h ****  * http://www.FreeRTOS.org
  23:System/FreeRTOS/portable/GCC/ARM_CM4F/portmacro.h ****  * http://aws.amazon.com/freertos
  24:System/FreeRTOS/portable/GCC/ARM_CM4F/portmacro.h ****  *
  25:System/FreeRTOS/portable/GCC/ARM_CM4F/portmacro.h ****  * 1 tab == 4 spaces!
  26:System/FreeRTOS/portable/GCC/ARM_CM4F/portmacro.h ****  */
  27:System/FreeRTOS/portable/GCC/ARM_CM4F/portmacro.h **** 
  28:System/FreeRTOS/portable/GCC/ARM_CM4F/portmacro.h **** 
  29:System/FreeRTOS/portable/GCC/ARM_CM4F/portmacro.h **** #ifndef PORTMACRO_H
  30:System/FreeRTOS/portable/GCC/ARM_CM4F/portmacro.h **** #define PORTMACRO_H
  31:System/FreeRTOS/portable/GCC/ARM_CM4F/portmacro.h **** 
  32:System/FreeRTOS/portable/GCC/ARM_CM4F/portmacro.h **** #ifdef __cplusplus
  33:System/FreeRTOS/portable/GCC/ARM_CM4F/portmacro.h **** extern "C" {
  34:System/FreeRTOS/portable/GCC/ARM_CM4F/portmacro.h **** #endif
  35:System/FreeRTOS/portable/GCC/ARM_CM4F/portmacro.h **** 
  36:System/FreeRTOS/portable/GCC/ARM_CM4F/portmacro.h **** /*-----------------------------------------------------------
  37:System/FreeRTOS/portable/GCC/ARM_CM4F/portmacro.h ****  * Port specific definitions.
  38:System/FreeRTOS/portable/GCC/ARM_CM4F/portmacro.h ****  *
  39:System/FreeRTOS/portable/GCC/ARM_CM4F/portmacro.h ****  * The settings in this file configure FreeRTOS correctly for the
ARM GAS  C:\Users\HUAV\AppData\Local\Temp\ccerV99a.s 			page 15


  40:System/FreeRTOS/portable/GCC/ARM_CM4F/portmacro.h ****  * given hardware and compiler.
  41:System/FreeRTOS/portable/GCC/ARM_CM4F/portmacro.h ****  *
  42:System/FreeRTOS/portable/GCC/ARM_CM4F/portmacro.h ****  * These settings should not be altered.
  43:System/FreeRTOS/portable/GCC/ARM_CM4F/portmacro.h ****  *-----------------------------------------------------------
  44:System/FreeRTOS/portable/GCC/ARM_CM4F/portmacro.h ****  */
  45:System/FreeRTOS/portable/GCC/ARM_CM4F/portmacro.h **** 
  46:System/FreeRTOS/portable/GCC/ARM_CM4F/portmacro.h **** /* Type definitions. */
  47:System/FreeRTOS/portable/GCC/ARM_CM4F/portmacro.h **** #define portCHAR		char
  48:System/FreeRTOS/portable/GCC/ARM_CM4F/portmacro.h **** #define portFLOAT		float
  49:System/FreeRTOS/portable/GCC/ARM_CM4F/portmacro.h **** #define portDOUBLE		double
  50:System/FreeRTOS/portable/GCC/ARM_CM4F/portmacro.h **** #define portLONG		long
  51:System/FreeRTOS/portable/GCC/ARM_CM4F/portmacro.h **** #define portSHORT		short
  52:System/FreeRTOS/portable/GCC/ARM_CM4F/portmacro.h **** #define portSTACK_TYPE	uint32_t
  53:System/FreeRTOS/portable/GCC/ARM_CM4F/portmacro.h **** #define portBASE_TYPE	long
  54:System/FreeRTOS/portable/GCC/ARM_CM4F/portmacro.h **** 
  55:System/FreeRTOS/portable/GCC/ARM_CM4F/portmacro.h **** typedef portSTACK_TYPE StackType_t;
  56:System/FreeRTOS/portable/GCC/ARM_CM4F/portmacro.h **** typedef long BaseType_t;
  57:System/FreeRTOS/portable/GCC/ARM_CM4F/portmacro.h **** typedef unsigned long UBaseType_t;
  58:System/FreeRTOS/portable/GCC/ARM_CM4F/portmacro.h **** 
  59:System/FreeRTOS/portable/GCC/ARM_CM4F/portmacro.h **** #if( configUSE_16_BIT_TICKS == 1 )
  60:System/FreeRTOS/portable/GCC/ARM_CM4F/portmacro.h **** 	typedef uint16_t TickType_t;
  61:System/FreeRTOS/portable/GCC/ARM_CM4F/portmacro.h **** 	#define portMAX_DELAY ( TickType_t ) 0xffff
  62:System/FreeRTOS/portable/GCC/ARM_CM4F/portmacro.h **** #else
  63:System/FreeRTOS/portable/GCC/ARM_CM4F/portmacro.h **** 	typedef uint32_t TickType_t;
  64:System/FreeRTOS/portable/GCC/ARM_CM4F/portmacro.h **** 	#define portMAX_DELAY ( TickType_t ) 0xffffffffUL
  65:System/FreeRTOS/portable/GCC/ARM_CM4F/portmacro.h **** 
  66:System/FreeRTOS/portable/GCC/ARM_CM4F/portmacro.h **** 	/* 32-bit tick type on a 32-bit architecture, so reads of the tick count do
  67:System/FreeRTOS/portable/GCC/ARM_CM4F/portmacro.h **** 	not need to be guarded with a critical section. */
  68:System/FreeRTOS/portable/GCC/ARM_CM4F/portmacro.h **** 	#define portTICK_TYPE_IS_ATOMIC 1
  69:System/FreeRTOS/portable/GCC/ARM_CM4F/portmacro.h **** #endif
  70:System/FreeRTOS/portable/GCC/ARM_CM4F/portmacro.h **** /*-----------------------------------------------------------*/
  71:System/FreeRTOS/portable/GCC/ARM_CM4F/portmacro.h **** 
  72:System/FreeRTOS/portable/GCC/ARM_CM4F/portmacro.h **** /* Architecture specifics. */
  73:System/FreeRTOS/portable/GCC/ARM_CM4F/portmacro.h **** #define portSTACK_GROWTH			( -1 )
  74:System/FreeRTOS/portable/GCC/ARM_CM4F/portmacro.h **** #define portTICK_PERIOD_MS			( ( TickType_t ) 1000 / configTICK_RATE_HZ )
  75:System/FreeRTOS/portable/GCC/ARM_CM4F/portmacro.h **** #define portBYTE_ALIGNMENT			8
  76:System/FreeRTOS/portable/GCC/ARM_CM4F/portmacro.h **** /*-----------------------------------------------------------*/
  77:System/FreeRTOS/portable/GCC/ARM_CM4F/portmacro.h **** 
  78:System/FreeRTOS/portable/GCC/ARM_CM4F/portmacro.h **** /* Scheduler utilities. */
  79:System/FreeRTOS/portable/GCC/ARM_CM4F/portmacro.h **** #define portYIELD() 															\
  80:System/FreeRTOS/portable/GCC/ARM_CM4F/portmacro.h **** {																				\
  81:System/FreeRTOS/portable/GCC/ARM_CM4F/portmacro.h **** 	/* Set a PendSV to request a context switch. */								\
  82:System/FreeRTOS/portable/GCC/ARM_CM4F/portmacro.h **** 	portNVIC_INT_CTRL_REG = portNVIC_PENDSVSET_BIT;								\
  83:System/FreeRTOS/portable/GCC/ARM_CM4F/portmacro.h **** 																				\
  84:System/FreeRTOS/portable/GCC/ARM_CM4F/portmacro.h **** 	/* Barriers are normally not required but do ensure the code is completely	\
  85:System/FreeRTOS/portable/GCC/ARM_CM4F/portmacro.h **** 	within the specified behaviour for the architecture. */						\
  86:System/FreeRTOS/portable/GCC/ARM_CM4F/portmacro.h **** 	__asm volatile( "dsb" ::: "memory" );										\
  87:System/FreeRTOS/portable/GCC/ARM_CM4F/portmacro.h **** 	__asm volatile( "isb" );													\
  88:System/FreeRTOS/portable/GCC/ARM_CM4F/portmacro.h **** }
  89:System/FreeRTOS/portable/GCC/ARM_CM4F/portmacro.h **** 
  90:System/FreeRTOS/portable/GCC/ARM_CM4F/portmacro.h **** #define portNVIC_INT_CTRL_REG		( * ( ( volatile uint32_t * ) 0xe000ed04 ) )
  91:System/FreeRTOS/portable/GCC/ARM_CM4F/portmacro.h **** #define portNVIC_PENDSVSET_BIT		( 1UL << 28UL )
  92:System/FreeRTOS/portable/GCC/ARM_CM4F/portmacro.h **** #define portEND_SWITCHING_ISR( xSwitchRequired ) if( xSwitchRequired != pdFALSE ) portYIELD()
  93:System/FreeRTOS/portable/GCC/ARM_CM4F/portmacro.h **** #define portYIELD_FROM_ISR( x ) portEND_SWITCHING_ISR( x )
  94:System/FreeRTOS/portable/GCC/ARM_CM4F/portmacro.h **** /*-----------------------------------------------------------*/
  95:System/FreeRTOS/portable/GCC/ARM_CM4F/portmacro.h **** 
  96:System/FreeRTOS/portable/GCC/ARM_CM4F/portmacro.h **** /* Critical section management. */
ARM GAS  C:\Users\HUAV\AppData\Local\Temp\ccerV99a.s 			page 16


  97:System/FreeRTOS/portable/GCC/ARM_CM4F/portmacro.h **** extern void vPortEnterCritical( void );
  98:System/FreeRTOS/portable/GCC/ARM_CM4F/portmacro.h **** extern void vPortExitCritical( void );
  99:System/FreeRTOS/portable/GCC/ARM_CM4F/portmacro.h **** #define portSET_INTERRUPT_MASK_FROM_ISR()		ulPortRaiseBASEPRI()
 100:System/FreeRTOS/portable/GCC/ARM_CM4F/portmacro.h **** #define portCLEAR_INTERRUPT_MASK_FROM_ISR(x)	vPortSetBASEPRI(x)
 101:System/FreeRTOS/portable/GCC/ARM_CM4F/portmacro.h **** #define portDISABLE_INTERRUPTS()				vPortRaiseBASEPRI()
 102:System/FreeRTOS/portable/GCC/ARM_CM4F/portmacro.h **** #define portENABLE_INTERRUPTS()					vPortSetBASEPRI(0)
 103:System/FreeRTOS/portable/GCC/ARM_CM4F/portmacro.h **** #define portENTER_CRITICAL()					vPortEnterCritical()
 104:System/FreeRTOS/portable/GCC/ARM_CM4F/portmacro.h **** #define portEXIT_CRITICAL()						vPortExitCritical()
 105:System/FreeRTOS/portable/GCC/ARM_CM4F/portmacro.h **** 
 106:System/FreeRTOS/portable/GCC/ARM_CM4F/portmacro.h **** /*-----------------------------------------------------------*/
 107:System/FreeRTOS/portable/GCC/ARM_CM4F/portmacro.h **** 
 108:System/FreeRTOS/portable/GCC/ARM_CM4F/portmacro.h **** /* Task function macros as described on the FreeRTOS.org WEB site.  These are
 109:System/FreeRTOS/portable/GCC/ARM_CM4F/portmacro.h **** not necessary for to use this port.  They are defined so the common demo files
 110:System/FreeRTOS/portable/GCC/ARM_CM4F/portmacro.h **** (which build with all the ports) will build. */
 111:System/FreeRTOS/portable/GCC/ARM_CM4F/portmacro.h **** #define portTASK_FUNCTION_PROTO( vFunction, pvParameters ) void vFunction( void *pvParameters )
 112:System/FreeRTOS/portable/GCC/ARM_CM4F/portmacro.h **** #define portTASK_FUNCTION( vFunction, pvParameters ) void vFunction( void *pvParameters )
 113:System/FreeRTOS/portable/GCC/ARM_CM4F/portmacro.h **** /*-----------------------------------------------------------*/
 114:System/FreeRTOS/portable/GCC/ARM_CM4F/portmacro.h **** 
 115:System/FreeRTOS/portable/GCC/ARM_CM4F/portmacro.h **** /* Tickless idle/low power functionality. */
 116:System/FreeRTOS/portable/GCC/ARM_CM4F/portmacro.h **** #ifndef portSUPPRESS_TICKS_AND_SLEEP
 117:System/FreeRTOS/portable/GCC/ARM_CM4F/portmacro.h **** 	extern void vPortSuppressTicksAndSleep( TickType_t xExpectedIdleTime );
 118:System/FreeRTOS/portable/GCC/ARM_CM4F/portmacro.h **** 	#define portSUPPRESS_TICKS_AND_SLEEP( xExpectedIdleTime ) vPortSuppressTicksAndSleep( xExpectedIdl
 119:System/FreeRTOS/portable/GCC/ARM_CM4F/portmacro.h **** #endif
 120:System/FreeRTOS/portable/GCC/ARM_CM4F/portmacro.h **** /*-----------------------------------------------------------*/
 121:System/FreeRTOS/portable/GCC/ARM_CM4F/portmacro.h **** 
 122:System/FreeRTOS/portable/GCC/ARM_CM4F/portmacro.h **** /* Architecture specific optimisations. */
 123:System/FreeRTOS/portable/GCC/ARM_CM4F/portmacro.h **** #ifndef configUSE_PORT_OPTIMISED_TASK_SELECTION
 124:System/FreeRTOS/portable/GCC/ARM_CM4F/portmacro.h **** 	#define configUSE_PORT_OPTIMISED_TASK_SELECTION 1
 125:System/FreeRTOS/portable/GCC/ARM_CM4F/portmacro.h **** #endif
 126:System/FreeRTOS/portable/GCC/ARM_CM4F/portmacro.h **** 
 127:System/FreeRTOS/portable/GCC/ARM_CM4F/portmacro.h **** #if configUSE_PORT_OPTIMISED_TASK_SELECTION == 1
 128:System/FreeRTOS/portable/GCC/ARM_CM4F/portmacro.h **** 
 129:System/FreeRTOS/portable/GCC/ARM_CM4F/portmacro.h **** 	/* Generic helper function. */
 130:System/FreeRTOS/portable/GCC/ARM_CM4F/portmacro.h **** 	__attribute__( ( always_inline ) ) static inline uint8_t ucPortCountLeadingZeros( uint32_t ulBitma
 131:System/FreeRTOS/portable/GCC/ARM_CM4F/portmacro.h **** 	{
 132:System/FreeRTOS/portable/GCC/ARM_CM4F/portmacro.h **** 	uint8_t ucReturn;
 133:System/FreeRTOS/portable/GCC/ARM_CM4F/portmacro.h **** 
 134:System/FreeRTOS/portable/GCC/ARM_CM4F/portmacro.h **** 		__asm volatile ( "clz %0, %1" : "=r" ( ucReturn ) : "r" ( ulBitmap ) : "memory" );
 135:System/FreeRTOS/portable/GCC/ARM_CM4F/portmacro.h **** 		return ucReturn;
 136:System/FreeRTOS/portable/GCC/ARM_CM4F/portmacro.h **** 	}
 137:System/FreeRTOS/portable/GCC/ARM_CM4F/portmacro.h **** 
 138:System/FreeRTOS/portable/GCC/ARM_CM4F/portmacro.h **** 	/* Check the configuration. */
 139:System/FreeRTOS/portable/GCC/ARM_CM4F/portmacro.h **** 	#if( configMAX_PRIORITIES > 32 )
 140:System/FreeRTOS/portable/GCC/ARM_CM4F/portmacro.h **** 		#error configUSE_PORT_OPTIMISED_TASK_SELECTION can only be set to 1 when configMAX_PRIORITIES is 
 141:System/FreeRTOS/portable/GCC/ARM_CM4F/portmacro.h **** 	#endif
 142:System/FreeRTOS/portable/GCC/ARM_CM4F/portmacro.h **** 
 143:System/FreeRTOS/portable/GCC/ARM_CM4F/portmacro.h **** 	/* Store/clear the ready priorities in a bit map. */
 144:System/FreeRTOS/portable/GCC/ARM_CM4F/portmacro.h **** 	#define portRECORD_READY_PRIORITY( uxPriority, uxReadyPriorities ) ( uxReadyPriorities ) |= ( 1UL 
 145:System/FreeRTOS/portable/GCC/ARM_CM4F/portmacro.h **** 	#define portRESET_READY_PRIORITY( uxPriority, uxReadyPriorities ) ( uxReadyPriorities ) &= ~( 1UL 
 146:System/FreeRTOS/portable/GCC/ARM_CM4F/portmacro.h **** 
 147:System/FreeRTOS/portable/GCC/ARM_CM4F/portmacro.h **** 	/*-----------------------------------------------------------*/
 148:System/FreeRTOS/portable/GCC/ARM_CM4F/portmacro.h **** 
 149:System/FreeRTOS/portable/GCC/ARM_CM4F/portmacro.h **** 	#define portGET_HIGHEST_PRIORITY( uxTopPriority, uxReadyPriorities ) uxTopPriority = ( 31UL - ( ui
 150:System/FreeRTOS/portable/GCC/ARM_CM4F/portmacro.h **** 
 151:System/FreeRTOS/portable/GCC/ARM_CM4F/portmacro.h **** #endif /* configUSE_PORT_OPTIMISED_TASK_SELECTION */
 152:System/FreeRTOS/portable/GCC/ARM_CM4F/portmacro.h **** 
 153:System/FreeRTOS/portable/GCC/ARM_CM4F/portmacro.h **** /*-----------------------------------------------------------*/
ARM GAS  C:\Users\HUAV\AppData\Local\Temp\ccerV99a.s 			page 17


 154:System/FreeRTOS/portable/GCC/ARM_CM4F/portmacro.h **** 
 155:System/FreeRTOS/portable/GCC/ARM_CM4F/portmacro.h **** #ifdef configASSERT
 156:System/FreeRTOS/portable/GCC/ARM_CM4F/portmacro.h **** 	void vPortValidateInterruptPriority( void );
 157:System/FreeRTOS/portable/GCC/ARM_CM4F/portmacro.h **** 	#define portASSERT_IF_INTERRUPT_PRIORITY_INVALID() 	vPortValidateInterruptPriority()
 158:System/FreeRTOS/portable/GCC/ARM_CM4F/portmacro.h **** #endif
 159:System/FreeRTOS/portable/GCC/ARM_CM4F/portmacro.h **** 
 160:System/FreeRTOS/portable/GCC/ARM_CM4F/portmacro.h **** /* portNOP() is not required by this port. */
 161:System/FreeRTOS/portable/GCC/ARM_CM4F/portmacro.h **** #define portNOP()
 162:System/FreeRTOS/portable/GCC/ARM_CM4F/portmacro.h **** 
 163:System/FreeRTOS/portable/GCC/ARM_CM4F/portmacro.h **** #define portINLINE	__inline
 164:System/FreeRTOS/portable/GCC/ARM_CM4F/portmacro.h **** 
 165:System/FreeRTOS/portable/GCC/ARM_CM4F/portmacro.h **** #ifndef portFORCE_INLINE
 166:System/FreeRTOS/portable/GCC/ARM_CM4F/portmacro.h **** 	#define portFORCE_INLINE inline __attribute__(( always_inline))
 167:System/FreeRTOS/portable/GCC/ARM_CM4F/portmacro.h **** #endif
 168:System/FreeRTOS/portable/GCC/ARM_CM4F/portmacro.h **** 
 169:System/FreeRTOS/portable/GCC/ARM_CM4F/portmacro.h **** portFORCE_INLINE static BaseType_t xPortIsInsideInterrupt( void )
 170:System/FreeRTOS/portable/GCC/ARM_CM4F/portmacro.h **** {
 171:System/FreeRTOS/portable/GCC/ARM_CM4F/portmacro.h **** uint32_t ulCurrentInterrupt;
 172:System/FreeRTOS/portable/GCC/ARM_CM4F/portmacro.h **** BaseType_t xReturn;
 173:System/FreeRTOS/portable/GCC/ARM_CM4F/portmacro.h **** 
 174:System/FreeRTOS/portable/GCC/ARM_CM4F/portmacro.h **** 	/* Obtain the number of the currently executing interrupt. */
 175:System/FreeRTOS/portable/GCC/ARM_CM4F/portmacro.h **** 	__asm volatile( "mrs %0, ipsr" : "=r"( ulCurrentInterrupt ) :: "memory" );
 176:System/FreeRTOS/portable/GCC/ARM_CM4F/portmacro.h **** 
 177:System/FreeRTOS/portable/GCC/ARM_CM4F/portmacro.h **** 	if( ulCurrentInterrupt == 0 )
 178:System/FreeRTOS/portable/GCC/ARM_CM4F/portmacro.h **** 	{
 179:System/FreeRTOS/portable/GCC/ARM_CM4F/portmacro.h **** 		xReturn = pdFALSE;
 180:System/FreeRTOS/portable/GCC/ARM_CM4F/portmacro.h **** 	}
 181:System/FreeRTOS/portable/GCC/ARM_CM4F/portmacro.h **** 	else
 182:System/FreeRTOS/portable/GCC/ARM_CM4F/portmacro.h **** 	{
 183:System/FreeRTOS/portable/GCC/ARM_CM4F/portmacro.h **** 		xReturn = pdTRUE;
 184:System/FreeRTOS/portable/GCC/ARM_CM4F/portmacro.h **** 	}
 185:System/FreeRTOS/portable/GCC/ARM_CM4F/portmacro.h **** 
 186:System/FreeRTOS/portable/GCC/ARM_CM4F/portmacro.h **** 	return xReturn;
 187:System/FreeRTOS/portable/GCC/ARM_CM4F/portmacro.h **** }
 188:System/FreeRTOS/portable/GCC/ARM_CM4F/portmacro.h **** 
 189:System/FreeRTOS/portable/GCC/ARM_CM4F/portmacro.h **** /*-----------------------------------------------------------*/
 190:System/FreeRTOS/portable/GCC/ARM_CM4F/portmacro.h **** 
 191:System/FreeRTOS/portable/GCC/ARM_CM4F/portmacro.h **** portFORCE_INLINE static void vPortRaiseBASEPRI( void )
 192:System/FreeRTOS/portable/GCC/ARM_CM4F/portmacro.h **** {
 193:System/FreeRTOS/portable/GCC/ARM_CM4F/portmacro.h **** uint32_t ulNewBASEPRI;
 194:System/FreeRTOS/portable/GCC/ARM_CM4F/portmacro.h **** 
 195:System/FreeRTOS/portable/GCC/ARM_CM4F/portmacro.h **** 	__asm volatile
 181              		.loc 2 195 2
 182              		.syntax unified
 183              	@ 195 "System/FreeRTOS/portable/GCC/ARM_CM4F/portmacro.h" 1
 184 0014 4FF05003 			mov r3, #80												
 185 0018 83F31188 		msr basepri, r3											
 186 001c BFF36F8F 		isb														
 187 0020 BFF34F8F 		dsb														
 188              	
 189              	@ 0 "" 2
 190              		.thumb
 191              		.syntax unified
 192 0024 3B62     		str	r3, [r7, #32]
 196:System/FreeRTOS/portable/GCC/ARM_CM4F/portmacro.h **** 	(
 197:System/FreeRTOS/portable/GCC/ARM_CM4F/portmacro.h **** 		"	mov %0, %1												\n"	\
 198:System/FreeRTOS/portable/GCC/ARM_CM4F/portmacro.h **** 		"	msr basepri, %0											\n" \
ARM GAS  C:\Users\HUAV\AppData\Local\Temp\ccerV99a.s 			page 18


 199:System/FreeRTOS/portable/GCC/ARM_CM4F/portmacro.h **** 		"	isb														\n" \
 200:System/FreeRTOS/portable/GCC/ARM_CM4F/portmacro.h **** 		"	dsb														\n" \
 201:System/FreeRTOS/portable/GCC/ARM_CM4F/portmacro.h **** 		:"=r" (ulNewBASEPRI) : "i" ( configMAX_SYSCALL_INTERRUPT_PRIORITY ) : "memory"
 202:System/FreeRTOS/portable/GCC/ARM_CM4F/portmacro.h **** 	);
 203:System/FreeRTOS/portable/GCC/ARM_CM4F/portmacro.h **** }
 193              		.loc 2 203 1
 194 0026 00BF     		nop
 195              	.L3:
 196              	.LBE124:
 197              	.LBE123:
 198              		.loc 1 598 3 discriminator 1
 199 0028 FEE7     		b	.L3
 200              	.L2:
 599:System/FreeRTOS/tasks.c **** 		configASSERT( pxTaskBuffer != NULL );
 201              		.loc 1 599 3
 202 002a BB6B     		ldr	r3, [r7, #56]
 203 002c 002B     		cmp	r3, #0
 204 002e 0AD1     		bne	.L4
 205              	.LBB125:
 206              	.LBB126:
 195:System/FreeRTOS/portable/GCC/ARM_CM4F/portmacro.h **** 	(
 207              		.loc 2 195 2
 208              		.syntax unified
 209              	@ 195 "System/FreeRTOS/portable/GCC/ARM_CM4F/portmacro.h" 1
 210 0030 4FF05003 			mov r3, #80												
 211 0034 83F31188 		msr basepri, r3											
 212 0038 BFF36F8F 		isb														
 213 003c BFF34F8F 		dsb														
 214              	
 215              	@ 0 "" 2
 216              		.thumb
 217              		.syntax unified
 218 0040 FB61     		str	r3, [r7, #28]
 219              		.loc 2 203 1
 220 0042 00BF     		nop
 221              	.L5:
 222              	.LBE126:
 223              	.LBE125:
 224              		.loc 1 599 3 discriminator 2
 225 0044 FEE7     		b	.L5
 226              	.L4:
 227              	.LBB127:
 600:System/FreeRTOS/tasks.c **** 
 601:System/FreeRTOS/tasks.c **** 		#if( configASSERT_DEFINED == 1 )
 602:System/FreeRTOS/tasks.c **** 		{
 603:System/FreeRTOS/tasks.c **** 			/* Sanity check that the size of the structure used to declare a
 604:System/FreeRTOS/tasks.c **** 			variable of type StaticTask_t equals the size of the real task
 605:System/FreeRTOS/tasks.c **** 			structure. */
 606:System/FreeRTOS/tasks.c **** 			volatile size_t xSize = sizeof( StaticTask_t );
 228              		.loc 1 606 20
 229 0046 6023     		movs	r3, #96
 230 0048 3B61     		str	r3, [r7, #16]
 607:System/FreeRTOS/tasks.c **** 			configASSERT( xSize == sizeof( TCB_t ) );
 231              		.loc 1 607 4
 232 004a 3B69     		ldr	r3, [r7, #16]
 233 004c 602B     		cmp	r3, #96
 234 004e 0AD0     		beq	.L6
ARM GAS  C:\Users\HUAV\AppData\Local\Temp\ccerV99a.s 			page 19


 235              	.LBB128:
 236              	.LBB129:
 195:System/FreeRTOS/portable/GCC/ARM_CM4F/portmacro.h **** 	(
 237              		.loc 2 195 2
 238              		.syntax unified
 239              	@ 195 "System/FreeRTOS/portable/GCC/ARM_CM4F/portmacro.h" 1
 240 0050 4FF05003 			mov r3, #80												
 241 0054 83F31188 		msr basepri, r3											
 242 0058 BFF36F8F 		isb														
 243 005c BFF34F8F 		dsb														
 244              	
 245              	@ 0 "" 2
 246              		.thumb
 247              		.syntax unified
 248 0060 BB61     		str	r3, [r7, #24]
 249              		.loc 2 203 1
 250 0062 00BF     		nop
 251              	.L7:
 252              	.LBE129:
 253              	.LBE128:
 254              		.loc 1 607 4 discriminator 3
 255 0064 FEE7     		b	.L7
 256              	.L6:
 608:System/FreeRTOS/tasks.c **** 			( void ) xSize; /* Prevent lint warning when configASSERT() is not used. */
 257              		.loc 1 608 4
 258 0066 3B69     		ldr	r3, [r7, #16]
 259              	.LBE127:
 609:System/FreeRTOS/tasks.c **** 		}
 610:System/FreeRTOS/tasks.c **** 		#endif /* configASSERT_DEFINED */
 611:System/FreeRTOS/tasks.c **** 
 612:System/FreeRTOS/tasks.c **** 
 613:System/FreeRTOS/tasks.c **** 		if( ( pxTaskBuffer != NULL ) && ( puxStackBuffer != NULL ) )
 260              		.loc 1 613 5
 261 0068 BB6B     		ldr	r3, [r7, #56]
 262 006a 002B     		cmp	r3, #0
 263 006c 1ED0     		beq	.L8
 264              		.loc 1 613 32 discriminator 1
 265 006e 7B6B     		ldr	r3, [r7, #52]
 266 0070 002B     		cmp	r3, #0
 267 0072 1BD0     		beq	.L8
 614:System/FreeRTOS/tasks.c **** 		{
 615:System/FreeRTOS/tasks.c **** 			/* The memory used for the task's TCB and stack are passed into this
 616:System/FreeRTOS/tasks.c **** 			function - use them. */
 617:System/FreeRTOS/tasks.c **** 			pxNewTCB = ( TCB_t * ) pxTaskBuffer; /*lint !e740 !e9087 Unusual cast is ok as the structures ar
 268              		.loc 1 617 13
 269 0074 BB6B     		ldr	r3, [r7, #56]
 270 0076 7B62     		str	r3, [r7, #36]
 618:System/FreeRTOS/tasks.c **** 			pxNewTCB->pxStack = ( StackType_t * ) puxStackBuffer;
 271              		.loc 1 618 22
 272 0078 7B6A     		ldr	r3, [r7, #36]
 273 007a 7A6B     		ldr	r2, [r7, #52]
 274 007c 1A63     		str	r2, [r3, #48]
 619:System/FreeRTOS/tasks.c **** 
 620:System/FreeRTOS/tasks.c **** 			#if( tskSTATIC_AND_DYNAMIC_ALLOCATION_POSSIBLE != 0 ) /*lint !e731 !e9029 Macro has been consoli
 621:System/FreeRTOS/tasks.c **** 			{
 622:System/FreeRTOS/tasks.c **** 				/* Tasks can be created statically or dynamically, so note this
 623:System/FreeRTOS/tasks.c **** 				task was created statically in case the task is later deleted. */
ARM GAS  C:\Users\HUAV\AppData\Local\Temp\ccerV99a.s 			page 20


 624:System/FreeRTOS/tasks.c **** 				pxNewTCB->ucStaticallyAllocated = tskSTATICALLY_ALLOCATED_STACK_AND_TCB;
 275              		.loc 1 624 37
 276 007e 7B6A     		ldr	r3, [r7, #36]
 277 0080 0222     		movs	r2, #2
 278 0082 83F85D20 		strb	r2, [r3, #93]
 625:System/FreeRTOS/tasks.c **** 			}
 626:System/FreeRTOS/tasks.c **** 			#endif /* tskSTATIC_AND_DYNAMIC_ALLOCATION_POSSIBLE */
 627:System/FreeRTOS/tasks.c **** 
 628:System/FreeRTOS/tasks.c **** 			prvInitialiseNewTask( pxTaskCode, pcName, ulStackDepth, pvParameters, uxPriority, &xReturn, pxNe
 279              		.loc 1 628 4
 280 0086 0023     		movs	r3, #0
 281 0088 0393     		str	r3, [sp, #12]
 282 008a 7B6A     		ldr	r3, [r7, #36]
 283 008c 0293     		str	r3, [sp, #8]
 284 008e 07F11403 		add	r3, r7, #20
 285 0092 0193     		str	r3, [sp, #4]
 286 0094 3B6B     		ldr	r3, [r7, #48]
 287 0096 0093     		str	r3, [sp]
 288 0098 3B68     		ldr	r3, [r7]
 289 009a 7A68     		ldr	r2, [r7, #4]
 290 009c B968     		ldr	r1, [r7, #8]
 291 009e F868     		ldr	r0, [r7, #12]
 292 00a0 FFF7FEFF 		bl	prvInitialiseNewTask
 629:System/FreeRTOS/tasks.c **** 			prvAddNewTaskToReadyList( pxNewTCB );
 293              		.loc 1 629 4
 294 00a4 786A     		ldr	r0, [r7, #36]
 295 00a6 FFF7FEFF 		bl	prvAddNewTaskToReadyList
 296 00aa 01E0     		b	.L9
 297              	.L8:
 630:System/FreeRTOS/tasks.c **** 		}
 631:System/FreeRTOS/tasks.c **** 		else
 632:System/FreeRTOS/tasks.c **** 		{
 633:System/FreeRTOS/tasks.c **** 			xReturn = NULL;
 298              		.loc 1 633 12
 299 00ac 0023     		movs	r3, #0
 300 00ae 7B61     		str	r3, [r7, #20]
 301              	.L9:
 634:System/FreeRTOS/tasks.c **** 		}
 635:System/FreeRTOS/tasks.c **** 
 636:System/FreeRTOS/tasks.c **** 		return xReturn;
 302              		.loc 1 636 10
 303 00b0 7B69     		ldr	r3, [r7, #20]
 637:System/FreeRTOS/tasks.c **** 	}
 304              		.loc 1 637 2
 305 00b2 1846     		mov	r0, r3
 306 00b4 2837     		adds	r7, r7, #40
 307              	.LCFI3:
 308              		.cfi_def_cfa_offset 8
 309 00b6 BD46     		mov	sp, r7
 310              	.LCFI4:
 311              		.cfi_def_cfa_register 13
 312              		@ sp needed
 313 00b8 80BD     		pop	{r7, pc}
 314              		.cfi_endproc
 315              	.LFE5:
 317              		.section	.text.xTaskCreate,"ax",%progbits
 318              		.align	1
ARM GAS  C:\Users\HUAV\AppData\Local\Temp\ccerV99a.s 			page 21


 319              		.global	xTaskCreate
 320              		.syntax unified
 321              		.thumb
 322              		.thumb_func
 324              	xTaskCreate:
 325              	.LFB6:
 638:System/FreeRTOS/tasks.c **** 
 639:System/FreeRTOS/tasks.c **** #endif /* SUPPORT_STATIC_ALLOCATION */
 640:System/FreeRTOS/tasks.c **** /*-----------------------------------------------------------*/
 641:System/FreeRTOS/tasks.c **** 
 642:System/FreeRTOS/tasks.c **** #if( ( portUSING_MPU_WRAPPERS == 1 ) && ( configSUPPORT_STATIC_ALLOCATION == 1 ) )
 643:System/FreeRTOS/tasks.c **** 
 644:System/FreeRTOS/tasks.c **** 	BaseType_t xTaskCreateRestrictedStatic( const TaskParameters_t * const pxTaskDefinition, TaskHandl
 645:System/FreeRTOS/tasks.c **** 	{
 646:System/FreeRTOS/tasks.c **** 	TCB_t *pxNewTCB;
 647:System/FreeRTOS/tasks.c **** 	BaseType_t xReturn = errCOULD_NOT_ALLOCATE_REQUIRED_MEMORY;
 648:System/FreeRTOS/tasks.c **** 
 649:System/FreeRTOS/tasks.c **** 		configASSERT( pxTaskDefinition->puxStackBuffer != NULL );
 650:System/FreeRTOS/tasks.c **** 		configASSERT( pxTaskDefinition->pxTaskBuffer != NULL );
 651:System/FreeRTOS/tasks.c **** 
 652:System/FreeRTOS/tasks.c **** 		if( ( pxTaskDefinition->puxStackBuffer != NULL ) && ( pxTaskDefinition->pxTaskBuffer != NULL ) )
 653:System/FreeRTOS/tasks.c **** 		{
 654:System/FreeRTOS/tasks.c **** 			/* Allocate space for the TCB.  Where the memory comes from depends
 655:System/FreeRTOS/tasks.c **** 			on the implementation of the port malloc function and whether or
 656:System/FreeRTOS/tasks.c **** 			not static allocation is being used. */
 657:System/FreeRTOS/tasks.c **** 			pxNewTCB = ( TCB_t * ) pxTaskDefinition->pxTaskBuffer;
 658:System/FreeRTOS/tasks.c **** 
 659:System/FreeRTOS/tasks.c **** 			/* Store the stack location in the TCB. */
 660:System/FreeRTOS/tasks.c **** 			pxNewTCB->pxStack = pxTaskDefinition->puxStackBuffer;
 661:System/FreeRTOS/tasks.c **** 
 662:System/FreeRTOS/tasks.c **** 			#if( tskSTATIC_AND_DYNAMIC_ALLOCATION_POSSIBLE != 0 )
 663:System/FreeRTOS/tasks.c **** 			{
 664:System/FreeRTOS/tasks.c **** 				/* Tasks can be created statically or dynamically, so note this
 665:System/FreeRTOS/tasks.c **** 				task was created statically in case the task is later deleted. */
 666:System/FreeRTOS/tasks.c **** 				pxNewTCB->ucStaticallyAllocated = tskSTATICALLY_ALLOCATED_STACK_AND_TCB;
 667:System/FreeRTOS/tasks.c **** 			}
 668:System/FreeRTOS/tasks.c **** 			#endif /* tskSTATIC_AND_DYNAMIC_ALLOCATION_POSSIBLE */
 669:System/FreeRTOS/tasks.c **** 
 670:System/FreeRTOS/tasks.c **** 			prvInitialiseNewTask(	pxTaskDefinition->pvTaskCode,
 671:System/FreeRTOS/tasks.c **** 									pxTaskDefinition->pcName,
 672:System/FreeRTOS/tasks.c **** 									( uint32_t ) pxTaskDefinition->usStackDepth,
 673:System/FreeRTOS/tasks.c **** 									pxTaskDefinition->pvParameters,
 674:System/FreeRTOS/tasks.c **** 									pxTaskDefinition->uxPriority,
 675:System/FreeRTOS/tasks.c **** 									pxCreatedTask, pxNewTCB,
 676:System/FreeRTOS/tasks.c **** 									pxTaskDefinition->xRegions );
 677:System/FreeRTOS/tasks.c **** 
 678:System/FreeRTOS/tasks.c **** 			prvAddNewTaskToReadyList( pxNewTCB );
 679:System/FreeRTOS/tasks.c **** 			xReturn = pdPASS;
 680:System/FreeRTOS/tasks.c **** 		}
 681:System/FreeRTOS/tasks.c **** 
 682:System/FreeRTOS/tasks.c **** 		return xReturn;
 683:System/FreeRTOS/tasks.c **** 	}
 684:System/FreeRTOS/tasks.c **** 
 685:System/FreeRTOS/tasks.c **** #endif /* ( portUSING_MPU_WRAPPERS == 1 ) && ( configSUPPORT_STATIC_ALLOCATION == 1 ) */
 686:System/FreeRTOS/tasks.c **** /*-----------------------------------------------------------*/
 687:System/FreeRTOS/tasks.c **** 
 688:System/FreeRTOS/tasks.c **** #if( ( portUSING_MPU_WRAPPERS == 1 ) && ( configSUPPORT_DYNAMIC_ALLOCATION == 1 ) )
ARM GAS  C:\Users\HUAV\AppData\Local\Temp\ccerV99a.s 			page 22


 689:System/FreeRTOS/tasks.c **** 
 690:System/FreeRTOS/tasks.c **** 	BaseType_t xTaskCreateRestricted( const TaskParameters_t * const pxTaskDefinition, TaskHandle_t *p
 691:System/FreeRTOS/tasks.c **** 	{
 692:System/FreeRTOS/tasks.c **** 	TCB_t *pxNewTCB;
 693:System/FreeRTOS/tasks.c **** 	BaseType_t xReturn = errCOULD_NOT_ALLOCATE_REQUIRED_MEMORY;
 694:System/FreeRTOS/tasks.c **** 
 695:System/FreeRTOS/tasks.c **** 		configASSERT( pxTaskDefinition->puxStackBuffer );
 696:System/FreeRTOS/tasks.c **** 
 697:System/FreeRTOS/tasks.c **** 		if( pxTaskDefinition->puxStackBuffer != NULL )
 698:System/FreeRTOS/tasks.c **** 		{
 699:System/FreeRTOS/tasks.c **** 			/* Allocate space for the TCB.  Where the memory comes from depends
 700:System/FreeRTOS/tasks.c **** 			on the implementation of the port malloc function and whether or
 701:System/FreeRTOS/tasks.c **** 			not static allocation is being used. */
 702:System/FreeRTOS/tasks.c **** 			pxNewTCB = ( TCB_t * ) pvPortMalloc( sizeof( TCB_t ) );
 703:System/FreeRTOS/tasks.c **** 
 704:System/FreeRTOS/tasks.c **** 			if( pxNewTCB != NULL )
 705:System/FreeRTOS/tasks.c **** 			{
 706:System/FreeRTOS/tasks.c **** 				/* Store the stack location in the TCB. */
 707:System/FreeRTOS/tasks.c **** 				pxNewTCB->pxStack = pxTaskDefinition->puxStackBuffer;
 708:System/FreeRTOS/tasks.c **** 
 709:System/FreeRTOS/tasks.c **** 				#if( tskSTATIC_AND_DYNAMIC_ALLOCATION_POSSIBLE != 0 )
 710:System/FreeRTOS/tasks.c **** 				{
 711:System/FreeRTOS/tasks.c **** 					/* Tasks can be created statically or dynamically, so note
 712:System/FreeRTOS/tasks.c **** 					this task had a statically allocated stack in case it is
 713:System/FreeRTOS/tasks.c **** 					later deleted.  The TCB was allocated dynamically. */
 714:System/FreeRTOS/tasks.c **** 					pxNewTCB->ucStaticallyAllocated = tskSTATICALLY_ALLOCATED_STACK_ONLY;
 715:System/FreeRTOS/tasks.c **** 				}
 716:System/FreeRTOS/tasks.c **** 				#endif /* tskSTATIC_AND_DYNAMIC_ALLOCATION_POSSIBLE */
 717:System/FreeRTOS/tasks.c **** 
 718:System/FreeRTOS/tasks.c **** 				prvInitialiseNewTask(	pxTaskDefinition->pvTaskCode,
 719:System/FreeRTOS/tasks.c **** 										pxTaskDefinition->pcName,
 720:System/FreeRTOS/tasks.c **** 										( uint32_t ) pxTaskDefinition->usStackDepth,
 721:System/FreeRTOS/tasks.c **** 										pxTaskDefinition->pvParameters,
 722:System/FreeRTOS/tasks.c **** 										pxTaskDefinition->uxPriority,
 723:System/FreeRTOS/tasks.c **** 										pxCreatedTask, pxNewTCB,
 724:System/FreeRTOS/tasks.c **** 										pxTaskDefinition->xRegions );
 725:System/FreeRTOS/tasks.c **** 
 726:System/FreeRTOS/tasks.c **** 				prvAddNewTaskToReadyList( pxNewTCB );
 727:System/FreeRTOS/tasks.c **** 				xReturn = pdPASS;
 728:System/FreeRTOS/tasks.c **** 			}
 729:System/FreeRTOS/tasks.c **** 		}
 730:System/FreeRTOS/tasks.c **** 
 731:System/FreeRTOS/tasks.c **** 		return xReturn;
 732:System/FreeRTOS/tasks.c **** 	}
 733:System/FreeRTOS/tasks.c **** 
 734:System/FreeRTOS/tasks.c **** #endif /* portUSING_MPU_WRAPPERS */
 735:System/FreeRTOS/tasks.c **** /*-----------------------------------------------------------*/
 736:System/FreeRTOS/tasks.c **** 
 737:System/FreeRTOS/tasks.c **** #if( configSUPPORT_DYNAMIC_ALLOCATION == 1 )
 738:System/FreeRTOS/tasks.c **** 
 739:System/FreeRTOS/tasks.c **** 	BaseType_t xTaskCreate(	TaskFunction_t pxTaskCode,
 740:System/FreeRTOS/tasks.c **** 							const char * const pcName,		/*lint !e971 Unqualified char types are allowed for strings and 
 741:System/FreeRTOS/tasks.c **** 							const configSTACK_DEPTH_TYPE usStackDepth,
 742:System/FreeRTOS/tasks.c **** 							void * const pvParameters,
 743:System/FreeRTOS/tasks.c **** 							UBaseType_t uxPriority,
 744:System/FreeRTOS/tasks.c **** 							TaskHandle_t * const pxCreatedTask )
 745:System/FreeRTOS/tasks.c **** 	{
ARM GAS  C:\Users\HUAV\AppData\Local\Temp\ccerV99a.s 			page 23


 326              		.loc 1 745 2
 327              		.cfi_startproc
 328              		@ args = 8, pretend = 0, frame = 32
 329              		@ frame_needed = 1, uses_anonymous_args = 0
 330 0000 80B5     		push	{r7, lr}
 331              	.LCFI5:
 332              		.cfi_def_cfa_offset 8
 333              		.cfi_offset 7, -8
 334              		.cfi_offset 14, -4
 335 0002 8CB0     		sub	sp, sp, #48
 336              	.LCFI6:
 337              		.cfi_def_cfa_offset 56
 338 0004 04AF     		add	r7, sp, #16
 339              	.LCFI7:
 340              		.cfi_def_cfa 7, 40
 341 0006 F860     		str	r0, [r7, #12]
 342 0008 B960     		str	r1, [r7, #8]
 343 000a 3B60     		str	r3, [r7]
 344 000c 1346     		mov	r3, r2	@ movhi
 345 000e FB80     		strh	r3, [r7, #6]	@ movhi
 346              	.LBB130:
 746:System/FreeRTOS/tasks.c **** 	TCB_t *pxNewTCB;
 747:System/FreeRTOS/tasks.c **** 	BaseType_t xReturn;
 748:System/FreeRTOS/tasks.c **** 
 749:System/FreeRTOS/tasks.c **** 		/* If the stack grows down then allocate the stack then the TCB so the stack
 750:System/FreeRTOS/tasks.c **** 		does not grow into the TCB.  Likewise if the stack grows up then allocate
 751:System/FreeRTOS/tasks.c **** 		the TCB then the stack. */
 752:System/FreeRTOS/tasks.c **** 		#if( portSTACK_GROWTH > 0 )
 753:System/FreeRTOS/tasks.c **** 		{
 754:System/FreeRTOS/tasks.c **** 			/* Allocate space for the TCB.  Where the memory comes from depends on
 755:System/FreeRTOS/tasks.c **** 			the implementation of the port malloc function and whether or not static
 756:System/FreeRTOS/tasks.c **** 			allocation is being used. */
 757:System/FreeRTOS/tasks.c **** 			pxNewTCB = ( TCB_t * ) pvPortMalloc( sizeof( TCB_t ) );
 758:System/FreeRTOS/tasks.c **** 
 759:System/FreeRTOS/tasks.c **** 			if( pxNewTCB != NULL )
 760:System/FreeRTOS/tasks.c **** 			{
 761:System/FreeRTOS/tasks.c **** 				/* Allocate space for the stack used by the task being created.
 762:System/FreeRTOS/tasks.c **** 				The base of the stack memory stored in the TCB so the task can
 763:System/FreeRTOS/tasks.c **** 				be deleted later if required. */
 764:System/FreeRTOS/tasks.c **** 				pxNewTCB->pxStack = ( StackType_t * ) pvPortMalloc( ( ( ( size_t ) usStackDepth ) * sizeof( Sta
 765:System/FreeRTOS/tasks.c **** 
 766:System/FreeRTOS/tasks.c **** 				if( pxNewTCB->pxStack == NULL )
 767:System/FreeRTOS/tasks.c **** 				{
 768:System/FreeRTOS/tasks.c **** 					/* Could not allocate the stack.  Delete the allocated TCB. */
 769:System/FreeRTOS/tasks.c **** 					vPortFree( pxNewTCB );
 770:System/FreeRTOS/tasks.c **** 					pxNewTCB = NULL;
 771:System/FreeRTOS/tasks.c **** 				}
 772:System/FreeRTOS/tasks.c **** 			}
 773:System/FreeRTOS/tasks.c **** 		}
 774:System/FreeRTOS/tasks.c **** 		#else /* portSTACK_GROWTH */
 775:System/FreeRTOS/tasks.c **** 		{
 776:System/FreeRTOS/tasks.c **** 		StackType_t *pxStack;
 777:System/FreeRTOS/tasks.c **** 
 778:System/FreeRTOS/tasks.c **** 			/* Allocate space for the stack used by the task being created. */
 779:System/FreeRTOS/tasks.c **** 			pxStack = pvPortMalloc( ( ( ( size_t ) usStackDepth ) * sizeof( StackType_t ) ) ); /*lint !e9079
 347              		.loc 1 779 32
 348 0010 FB88     		ldrh	r3, [r7, #6]
ARM GAS  C:\Users\HUAV\AppData\Local\Temp\ccerV99a.s 			page 24


 349              		.loc 1 779 14
 350 0012 9B00     		lsls	r3, r3, #2
 351 0014 1846     		mov	r0, r3
 352 0016 FFF7FEFF 		bl	pvPortMalloc
 353 001a 7861     		str	r0, [r7, #20]
 780:System/FreeRTOS/tasks.c **** 
 781:System/FreeRTOS/tasks.c **** 			if( pxStack != NULL )
 354              		.loc 1 781 6
 355 001c 7B69     		ldr	r3, [r7, #20]
 356 001e 002B     		cmp	r3, #0
 357 0020 0ED0     		beq	.L12
 782:System/FreeRTOS/tasks.c **** 			{
 783:System/FreeRTOS/tasks.c **** 				/* Allocate space for the TCB. */
 784:System/FreeRTOS/tasks.c **** 				pxNewTCB = ( TCB_t * ) pvPortMalloc( sizeof( TCB_t ) ); /*lint !e9087 !e9079 All values returne
 358              		.loc 1 784 28
 359 0022 6020     		movs	r0, #96
 360 0024 FFF7FEFF 		bl	pvPortMalloc
 361 0028 F861     		str	r0, [r7, #28]
 785:System/FreeRTOS/tasks.c **** 
 786:System/FreeRTOS/tasks.c **** 				if( pxNewTCB != NULL )
 362              		.loc 1 786 7
 363 002a FB69     		ldr	r3, [r7, #28]
 364 002c 002B     		cmp	r3, #0
 365 002e 03D0     		beq	.L13
 787:System/FreeRTOS/tasks.c **** 				{
 788:System/FreeRTOS/tasks.c **** 					/* Store the stack location in the TCB. */
 789:System/FreeRTOS/tasks.c **** 					pxNewTCB->pxStack = pxStack;
 366              		.loc 1 789 24
 367 0030 FB69     		ldr	r3, [r7, #28]
 368 0032 7A69     		ldr	r2, [r7, #20]
 369 0034 1A63     		str	r2, [r3, #48]
 370 0036 05E0     		b	.L14
 371              	.L13:
 790:System/FreeRTOS/tasks.c **** 				}
 791:System/FreeRTOS/tasks.c **** 				else
 792:System/FreeRTOS/tasks.c **** 				{
 793:System/FreeRTOS/tasks.c **** 					/* The stack cannot be used as the TCB was not created.  Free
 794:System/FreeRTOS/tasks.c **** 					it again. */
 795:System/FreeRTOS/tasks.c **** 					vPortFree( pxStack );
 372              		.loc 1 795 6
 373 0038 7869     		ldr	r0, [r7, #20]
 374 003a FFF7FEFF 		bl	vPortFree
 375 003e 01E0     		b	.L14
 376              	.L12:
 796:System/FreeRTOS/tasks.c **** 				}
 797:System/FreeRTOS/tasks.c **** 			}
 798:System/FreeRTOS/tasks.c **** 			else
 799:System/FreeRTOS/tasks.c **** 			{
 800:System/FreeRTOS/tasks.c **** 				pxNewTCB = NULL;
 377              		.loc 1 800 14
 378 0040 0023     		movs	r3, #0
 379 0042 FB61     		str	r3, [r7, #28]
 380              	.L14:
 381              	.LBE130:
 801:System/FreeRTOS/tasks.c **** 			}
 802:System/FreeRTOS/tasks.c **** 		}
 803:System/FreeRTOS/tasks.c **** 		#endif /* portSTACK_GROWTH */
ARM GAS  C:\Users\HUAV\AppData\Local\Temp\ccerV99a.s 			page 25


 804:System/FreeRTOS/tasks.c **** 
 805:System/FreeRTOS/tasks.c **** 		if( pxNewTCB != NULL )
 382              		.loc 1 805 5
 383 0044 FB69     		ldr	r3, [r7, #28]
 384 0046 002B     		cmp	r3, #0
 385 0048 17D0     		beq	.L15
 806:System/FreeRTOS/tasks.c **** 		{
 807:System/FreeRTOS/tasks.c **** 			#if( tskSTATIC_AND_DYNAMIC_ALLOCATION_POSSIBLE != 0 ) /*lint !e9029 !e731 Macro has been consoli
 808:System/FreeRTOS/tasks.c **** 			{
 809:System/FreeRTOS/tasks.c **** 				/* Tasks can be created statically or dynamically, so note this
 810:System/FreeRTOS/tasks.c **** 				task was created dynamically in case it is later deleted. */
 811:System/FreeRTOS/tasks.c **** 				pxNewTCB->ucStaticallyAllocated = tskDYNAMICALLY_ALLOCATED_STACK_AND_TCB;
 386              		.loc 1 811 37
 387 004a FB69     		ldr	r3, [r7, #28]
 388 004c 0022     		movs	r2, #0
 389 004e 83F85D20 		strb	r2, [r3, #93]
 812:System/FreeRTOS/tasks.c **** 			}
 813:System/FreeRTOS/tasks.c **** 			#endif /* tskSTATIC_AND_DYNAMIC_ALLOCATION_POSSIBLE */
 814:System/FreeRTOS/tasks.c **** 
 815:System/FreeRTOS/tasks.c **** 			prvInitialiseNewTask( pxTaskCode, pcName, ( uint32_t ) usStackDepth, pvParameters, uxPriority, p
 390              		.loc 1 815 4
 391 0052 FA88     		ldrh	r2, [r7, #6]
 392 0054 0023     		movs	r3, #0
 393 0056 0393     		str	r3, [sp, #12]
 394 0058 FB69     		ldr	r3, [r7, #28]
 395 005a 0293     		str	r3, [sp, #8]
 396 005c FB6A     		ldr	r3, [r7, #44]
 397 005e 0193     		str	r3, [sp, #4]
 398 0060 BB6A     		ldr	r3, [r7, #40]
 399 0062 0093     		str	r3, [sp]
 400 0064 3B68     		ldr	r3, [r7]
 401 0066 B968     		ldr	r1, [r7, #8]
 402 0068 F868     		ldr	r0, [r7, #12]
 403 006a FFF7FEFF 		bl	prvInitialiseNewTask
 816:System/FreeRTOS/tasks.c **** 			prvAddNewTaskToReadyList( pxNewTCB );
 404              		.loc 1 816 4
 405 006e F869     		ldr	r0, [r7, #28]
 406 0070 FFF7FEFF 		bl	prvAddNewTaskToReadyList
 817:System/FreeRTOS/tasks.c **** 			xReturn = pdPASS;
 407              		.loc 1 817 12
 408 0074 0123     		movs	r3, #1
 409 0076 BB61     		str	r3, [r7, #24]
 410 0078 02E0     		b	.L16
 411              	.L15:
 818:System/FreeRTOS/tasks.c **** 		}
 819:System/FreeRTOS/tasks.c **** 		else
 820:System/FreeRTOS/tasks.c **** 		{
 821:System/FreeRTOS/tasks.c **** 			xReturn = errCOULD_NOT_ALLOCATE_REQUIRED_MEMORY;
 412              		.loc 1 821 12
 413 007a 4FF0FF33 		mov	r3, #-1
 414 007e BB61     		str	r3, [r7, #24]
 415              	.L16:
 822:System/FreeRTOS/tasks.c **** 		}
 823:System/FreeRTOS/tasks.c **** 
 824:System/FreeRTOS/tasks.c **** 		return xReturn;
 416              		.loc 1 824 10
 417 0080 BB69     		ldr	r3, [r7, #24]
ARM GAS  C:\Users\HUAV\AppData\Local\Temp\ccerV99a.s 			page 26


 825:System/FreeRTOS/tasks.c **** 	}
 418              		.loc 1 825 2
 419 0082 1846     		mov	r0, r3
 420 0084 2037     		adds	r7, r7, #32
 421              	.LCFI8:
 422              		.cfi_def_cfa_offset 8
 423 0086 BD46     		mov	sp, r7
 424              	.LCFI9:
 425              		.cfi_def_cfa_register 13
 426              		@ sp needed
 427 0088 80BD     		pop	{r7, pc}
 428              		.cfi_endproc
 429              	.LFE6:
 431              		.section	.text.prvInitialiseNewTask,"ax",%progbits
 432              		.align	1
 433              		.syntax unified
 434              		.thumb
 435              		.thumb_func
 437              	prvInitialiseNewTask:
 438              	.LFB7:
 826:System/FreeRTOS/tasks.c **** 
 827:System/FreeRTOS/tasks.c **** #endif /* configSUPPORT_DYNAMIC_ALLOCATION */
 828:System/FreeRTOS/tasks.c **** /*-----------------------------------------------------------*/
 829:System/FreeRTOS/tasks.c **** 
 830:System/FreeRTOS/tasks.c **** static void prvInitialiseNewTask( 	TaskFunction_t pxTaskCode,
 831:System/FreeRTOS/tasks.c **** 									const char * const pcName,		/*lint !e971 Unqualified char types are allowed for strings an
 832:System/FreeRTOS/tasks.c **** 									const uint32_t ulStackDepth,
 833:System/FreeRTOS/tasks.c **** 									void * const pvParameters,
 834:System/FreeRTOS/tasks.c **** 									UBaseType_t uxPriority,
 835:System/FreeRTOS/tasks.c **** 									TaskHandle_t * const pxCreatedTask,
 836:System/FreeRTOS/tasks.c **** 									TCB_t *pxNewTCB,
 837:System/FreeRTOS/tasks.c **** 									const MemoryRegion_t * const xRegions )
 838:System/FreeRTOS/tasks.c **** {
 439              		.loc 1 838 1
 440              		.cfi_startproc
 441              		@ args = 16, pretend = 0, frame = 32
 442              		@ frame_needed = 1, uses_anonymous_args = 0
 443 0000 80B5     		push	{r7, lr}
 444              	.LCFI10:
 445              		.cfi_def_cfa_offset 8
 446              		.cfi_offset 7, -8
 447              		.cfi_offset 14, -4
 448 0002 88B0     		sub	sp, sp, #32
 449              	.LCFI11:
 450              		.cfi_def_cfa_offset 40
 451 0004 00AF     		add	r7, sp, #0
 452              	.LCFI12:
 453              		.cfi_def_cfa_register 7
 454 0006 F860     		str	r0, [r7, #12]
 455 0008 B960     		str	r1, [r7, #8]
 456 000a 7A60     		str	r2, [r7, #4]
 457 000c 3B60     		str	r3, [r7]
 839:System/FreeRTOS/tasks.c **** StackType_t *pxTopOfStack;
 840:System/FreeRTOS/tasks.c **** UBaseType_t x;
 841:System/FreeRTOS/tasks.c **** 
 842:System/FreeRTOS/tasks.c **** 	#if( portUSING_MPU_WRAPPERS == 1 )
 843:System/FreeRTOS/tasks.c **** 		/* Should the task be created in privileged mode? */
ARM GAS  C:\Users\HUAV\AppData\Local\Temp\ccerV99a.s 			page 27


 844:System/FreeRTOS/tasks.c **** 		BaseType_t xRunPrivileged;
 845:System/FreeRTOS/tasks.c **** 		if( ( uxPriority & portPRIVILEGE_BIT ) != 0U )
 846:System/FreeRTOS/tasks.c **** 		{
 847:System/FreeRTOS/tasks.c **** 			xRunPrivileged = pdTRUE;
 848:System/FreeRTOS/tasks.c **** 		}
 849:System/FreeRTOS/tasks.c **** 		else
 850:System/FreeRTOS/tasks.c **** 		{
 851:System/FreeRTOS/tasks.c **** 			xRunPrivileged = pdFALSE;
 852:System/FreeRTOS/tasks.c **** 		}
 853:System/FreeRTOS/tasks.c **** 		uxPriority &= ~portPRIVILEGE_BIT;
 854:System/FreeRTOS/tasks.c **** 	#endif /* portUSING_MPU_WRAPPERS == 1 */
 855:System/FreeRTOS/tasks.c **** 
 856:System/FreeRTOS/tasks.c **** 	/* Avoid dependency on memset() if it is not required. */
 857:System/FreeRTOS/tasks.c **** 	#if( tskSET_NEW_STACKS_TO_KNOWN_VALUE == 1 )
 858:System/FreeRTOS/tasks.c **** 	{
 859:System/FreeRTOS/tasks.c **** 		/* Fill the stack with a known value to assist debugging. */
 860:System/FreeRTOS/tasks.c **** 		( void ) memset( pxNewTCB->pxStack, ( int ) tskSTACK_FILL_BYTE, ( size_t ) ulStackDepth * sizeof(
 458              		.loc 1 860 28
 459 000e 3B6B     		ldr	r3, [r7, #48]
 460 0010 186B     		ldr	r0, [r3, #48]
 461              		.loc 1 860 12
 462 0012 7B68     		ldr	r3, [r7, #4]
 463 0014 9B00     		lsls	r3, r3, #2
 464 0016 1A46     		mov	r2, r3
 465 0018 A521     		movs	r1, #165
 466 001a FFF7FEFF 		bl	memset
 861:System/FreeRTOS/tasks.c **** 	}
 862:System/FreeRTOS/tasks.c **** 	#endif /* tskSET_NEW_STACKS_TO_KNOWN_VALUE */
 863:System/FreeRTOS/tasks.c **** 
 864:System/FreeRTOS/tasks.c **** 	/* Calculate the top of stack address.  This depends on whether the stack
 865:System/FreeRTOS/tasks.c **** 	grows from high memory to low (as per the 80x86) or vice versa.
 866:System/FreeRTOS/tasks.c **** 	portSTACK_GROWTH is used to make the result positive or negative as required
 867:System/FreeRTOS/tasks.c **** 	by the port. */
 868:System/FreeRTOS/tasks.c **** 	#if( portSTACK_GROWTH < 0 )
 869:System/FreeRTOS/tasks.c **** 	{
 870:System/FreeRTOS/tasks.c **** 		pxTopOfStack = &( pxNewTCB->pxStack[ ulStackDepth - ( uint32_t ) 1 ] );
 467              		.loc 1 870 29
 468 001e 3B6B     		ldr	r3, [r7, #48]
 469 0020 1A6B     		ldr	r2, [r3, #48]
 470              		.loc 1 870 38
 471 0022 7968     		ldr	r1, [r7, #4]
 472 0024 6FF04043 		mvn	r3, #-1073741824
 473 0028 0B44     		add	r3, r3, r1
 474 002a 9B00     		lsls	r3, r3, #2
 475              		.loc 1 870 16
 476 002c 1344     		add	r3, r3, r2
 477 002e BB61     		str	r3, [r7, #24]
 871:System/FreeRTOS/tasks.c **** 		pxTopOfStack = ( StackType_t * ) ( ( ( portPOINTER_SIZE_TYPE ) pxTopOfStack ) & ( ~( ( portPOINTE
 478              		.loc 1 871 40
 479 0030 BB69     		ldr	r3, [r7, #24]
 480              		.loc 1 871 81
 481 0032 23F00703 		bic	r3, r3, #7
 482              		.loc 1 871 16
 483 0036 BB61     		str	r3, [r7, #24]
 872:System/FreeRTOS/tasks.c **** 
 873:System/FreeRTOS/tasks.c **** 		/* Check the alignment of the calculated top of stack is correct. */
 874:System/FreeRTOS/tasks.c **** 		configASSERT( ( ( ( portPOINTER_SIZE_TYPE ) pxTopOfStack & ( portPOINTER_SIZE_TYPE ) portBYTE_ALI
ARM GAS  C:\Users\HUAV\AppData\Local\Temp\ccerV99a.s 			page 28


 484              		.loc 1 874 3
 485 0038 BB69     		ldr	r3, [r7, #24]
 486 003a 03F00703 		and	r3, r3, #7
 487 003e 002B     		cmp	r3, #0
 488 0040 0AD0     		beq	.L19
 489              	.LBB131:
 490              	.LBB132:
 195:System/FreeRTOS/portable/GCC/ARM_CM4F/portmacro.h **** 	(
 491              		.loc 2 195 2
 492              		.syntax unified
 493              	@ 195 "System/FreeRTOS/portable/GCC/ARM_CM4F/portmacro.h" 1
 494 0042 4FF05003 			mov r3, #80												
 495 0046 83F31188 		msr basepri, r3											
 496 004a BFF36F8F 		isb														
 497 004e BFF34F8F 		dsb														
 498              	
 499              	@ 0 "" 2
 500              		.thumb
 501              		.syntax unified
 502 0052 7B61     		str	r3, [r7, #20]
 503              		.loc 2 203 1
 504 0054 00BF     		nop
 505              	.L20:
 506              	.LBE132:
 507              	.LBE131:
 508              		.loc 1 874 3 discriminator 1
 509 0056 FEE7     		b	.L20
 510              	.L19:
 875:System/FreeRTOS/tasks.c **** 
 876:System/FreeRTOS/tasks.c **** 		#if( configRECORD_STACK_HIGH_ADDRESS == 1 )
 877:System/FreeRTOS/tasks.c **** 		{
 878:System/FreeRTOS/tasks.c **** 			/* Also record the stack's high address, which may assist
 879:System/FreeRTOS/tasks.c **** 			debugging. */
 880:System/FreeRTOS/tasks.c **** 			pxNewTCB->pxEndOfStack = pxTopOfStack;
 881:System/FreeRTOS/tasks.c **** 		}
 882:System/FreeRTOS/tasks.c **** 		#endif /* configRECORD_STACK_HIGH_ADDRESS */
 883:System/FreeRTOS/tasks.c **** 	}
 884:System/FreeRTOS/tasks.c **** 	#else /* portSTACK_GROWTH */
 885:System/FreeRTOS/tasks.c **** 	{
 886:System/FreeRTOS/tasks.c **** 		pxTopOfStack = pxNewTCB->pxStack;
 887:System/FreeRTOS/tasks.c **** 
 888:System/FreeRTOS/tasks.c **** 		/* Check the alignment of the stack buffer is correct. */
 889:System/FreeRTOS/tasks.c **** 		configASSERT( ( ( ( portPOINTER_SIZE_TYPE ) pxNewTCB->pxStack & ( portPOINTER_SIZE_TYPE ) portBYT
 890:System/FreeRTOS/tasks.c **** 
 891:System/FreeRTOS/tasks.c **** 		/* The other extreme of the stack space is required if stack checking is
 892:System/FreeRTOS/tasks.c **** 		performed. */
 893:System/FreeRTOS/tasks.c **** 		pxNewTCB->pxEndOfStack = pxNewTCB->pxStack + ( ulStackDepth - ( uint32_t ) 1 );
 894:System/FreeRTOS/tasks.c **** 	}
 895:System/FreeRTOS/tasks.c **** 	#endif /* portSTACK_GROWTH */
 896:System/FreeRTOS/tasks.c **** 
 897:System/FreeRTOS/tasks.c **** 	/* Store the task name in the TCB. */
 898:System/FreeRTOS/tasks.c **** 	if( pcName != NULL )
 511              		.loc 1 898 4
 512 0058 BB68     		ldr	r3, [r7, #8]
 513 005a 002B     		cmp	r3, #0
 514 005c 1FD0     		beq	.L21
 899:System/FreeRTOS/tasks.c **** 	{
ARM GAS  C:\Users\HUAV\AppData\Local\Temp\ccerV99a.s 			page 29


 900:System/FreeRTOS/tasks.c **** 		for( x = ( UBaseType_t ) 0; x < ( UBaseType_t ) configMAX_TASK_NAME_LEN; x++ )
 515              		.loc 1 900 10
 516 005e 0023     		movs	r3, #0
 517 0060 FB61     		str	r3, [r7, #28]
 518              		.loc 1 900 3
 519 0062 12E0     		b	.L22
 520              	.L25:
 901:System/FreeRTOS/tasks.c **** 		{
 902:System/FreeRTOS/tasks.c **** 			pxNewTCB->pcTaskName[ x ] = pcName[ x ];
 521              		.loc 1 902 38
 522 0064 BA68     		ldr	r2, [r7, #8]
 523 0066 FB69     		ldr	r3, [r7, #28]
 524 0068 1344     		add	r3, r3, r2
 525 006a 1978     		ldrb	r1, [r3]	@ zero_extendqisi2
 526              		.loc 1 902 30
 527 006c 3A6B     		ldr	r2, [r7, #48]
 528 006e FB69     		ldr	r3, [r7, #28]
 529 0070 1344     		add	r3, r3, r2
 530 0072 3433     		adds	r3, r3, #52
 531 0074 0A46     		mov	r2, r1
 532 0076 1A70     		strb	r2, [r3]
 903:System/FreeRTOS/tasks.c **** 
 904:System/FreeRTOS/tasks.c **** 			/* Don't copy all configMAX_TASK_NAME_LEN if the string is shorter than
 905:System/FreeRTOS/tasks.c **** 			configMAX_TASK_NAME_LEN characters just in case the memory after the
 906:System/FreeRTOS/tasks.c **** 			string is not accessible (extremely unlikely). */
 907:System/FreeRTOS/tasks.c **** 			if( pcName[ x ] == ( char ) 0x00 )
 533              		.loc 1 907 14
 534 0078 BA68     		ldr	r2, [r7, #8]
 535 007a FB69     		ldr	r3, [r7, #28]
 536 007c 1344     		add	r3, r3, r2
 537 007e 1B78     		ldrb	r3, [r3]	@ zero_extendqisi2
 538              		.loc 1 907 6
 539 0080 002B     		cmp	r3, #0
 540 0082 06D0     		beq	.L29
 900:System/FreeRTOS/tasks.c **** 		{
 541              		.loc 1 900 77 discriminator 2
 542 0084 FB69     		ldr	r3, [r7, #28]
 543 0086 0133     		adds	r3, r3, #1
 544 0088 FB61     		str	r3, [r7, #28]
 545              	.L22:
 900:System/FreeRTOS/tasks.c **** 		{
 546              		.loc 1 900 3 discriminator 1
 547 008a FB69     		ldr	r3, [r7, #28]
 548 008c 0F2B     		cmp	r3, #15
 549 008e E9D9     		bls	.L25
 550 0090 00E0     		b	.L24
 551              	.L29:
 908:System/FreeRTOS/tasks.c **** 			{
 909:System/FreeRTOS/tasks.c **** 				break;
 552              		.loc 1 909 5
 553 0092 00BF     		nop
 554              	.L24:
 910:System/FreeRTOS/tasks.c **** 			}
 911:System/FreeRTOS/tasks.c **** 			else
 912:System/FreeRTOS/tasks.c **** 			{
 913:System/FreeRTOS/tasks.c **** 				mtCOVERAGE_TEST_MARKER();
 914:System/FreeRTOS/tasks.c **** 			}
ARM GAS  C:\Users\HUAV\AppData\Local\Temp\ccerV99a.s 			page 30


 915:System/FreeRTOS/tasks.c **** 		}
 916:System/FreeRTOS/tasks.c **** 
 917:System/FreeRTOS/tasks.c **** 		/* Ensure the name string is terminated in the case that the string length
 918:System/FreeRTOS/tasks.c **** 		was greater or equal to configMAX_TASK_NAME_LEN. */
 919:System/FreeRTOS/tasks.c **** 		pxNewTCB->pcTaskName[ configMAX_TASK_NAME_LEN - 1 ] = '\0';
 555              		.loc 1 919 55
 556 0094 3B6B     		ldr	r3, [r7, #48]
 557 0096 0022     		movs	r2, #0
 558 0098 83F84320 		strb	r2, [r3, #67]
 559 009c 03E0     		b	.L26
 560              	.L21:
 920:System/FreeRTOS/tasks.c **** 	}
 921:System/FreeRTOS/tasks.c **** 	else
 922:System/FreeRTOS/tasks.c **** 	{
 923:System/FreeRTOS/tasks.c **** 		/* The task has not been given a name, so just ensure there is a NULL
 924:System/FreeRTOS/tasks.c **** 		terminator when it is read out. */
 925:System/FreeRTOS/tasks.c **** 		pxNewTCB->pcTaskName[ 0 ] = 0x00;
 561              		.loc 1 925 29
 562 009e 3B6B     		ldr	r3, [r7, #48]
 563 00a0 0022     		movs	r2, #0
 564 00a2 83F83420 		strb	r2, [r3, #52]
 565              	.L26:
 926:System/FreeRTOS/tasks.c **** 	}
 927:System/FreeRTOS/tasks.c **** 
 928:System/FreeRTOS/tasks.c **** 	/* This is used as an array index so must ensure it's not too large.  First
 929:System/FreeRTOS/tasks.c **** 	remove the privilege bit if one is present. */
 930:System/FreeRTOS/tasks.c **** 	if( uxPriority >= ( UBaseType_t ) configMAX_PRIORITIES )
 566              		.loc 1 930 4
 567 00a6 BB6A     		ldr	r3, [r7, #40]
 568 00a8 042B     		cmp	r3, #4
 569 00aa 01D9     		bls	.L27
 931:System/FreeRTOS/tasks.c **** 	{
 932:System/FreeRTOS/tasks.c **** 		uxPriority = ( UBaseType_t ) configMAX_PRIORITIES - ( UBaseType_t ) 1U;
 570              		.loc 1 932 14
 571 00ac 0423     		movs	r3, #4
 572 00ae BB62     		str	r3, [r7, #40]
 573              	.L27:
 933:System/FreeRTOS/tasks.c **** 	}
 934:System/FreeRTOS/tasks.c **** 	else
 935:System/FreeRTOS/tasks.c **** 	{
 936:System/FreeRTOS/tasks.c **** 		mtCOVERAGE_TEST_MARKER();
 937:System/FreeRTOS/tasks.c **** 	}
 938:System/FreeRTOS/tasks.c **** 
 939:System/FreeRTOS/tasks.c **** 	pxNewTCB->uxPriority = uxPriority;
 574              		.loc 1 939 23
 575 00b0 3B6B     		ldr	r3, [r7, #48]
 576 00b2 BA6A     		ldr	r2, [r7, #40]
 577 00b4 DA62     		str	r2, [r3, #44]
 940:System/FreeRTOS/tasks.c **** 	#if ( configUSE_MUTEXES == 1 )
 941:System/FreeRTOS/tasks.c **** 	{
 942:System/FreeRTOS/tasks.c **** 		pxNewTCB->uxBasePriority = uxPriority;
 578              		.loc 1 942 28
 579 00b6 3B6B     		ldr	r3, [r7, #48]
 580 00b8 BA6A     		ldr	r2, [r7, #40]
 581 00ba 1A65     		str	r2, [r3, #80]
 943:System/FreeRTOS/tasks.c **** 		pxNewTCB->uxMutexesHeld = 0;
 582              		.loc 1 943 27
ARM GAS  C:\Users\HUAV\AppData\Local\Temp\ccerV99a.s 			page 31


 583 00bc 3B6B     		ldr	r3, [r7, #48]
 584 00be 0022     		movs	r2, #0
 585 00c0 5A65     		str	r2, [r3, #84]
 944:System/FreeRTOS/tasks.c **** 	}
 945:System/FreeRTOS/tasks.c **** 	#endif /* configUSE_MUTEXES */
 946:System/FreeRTOS/tasks.c **** 
 947:System/FreeRTOS/tasks.c **** 	vListInitialiseItem( &( pxNewTCB->xStateListItem ) );
 586              		.loc 1 947 2
 587 00c2 3B6B     		ldr	r3, [r7, #48]
 588 00c4 0433     		adds	r3, r3, #4
 589 00c6 1846     		mov	r0, r3
 590 00c8 FFF7FEFF 		bl	vListInitialiseItem
 948:System/FreeRTOS/tasks.c **** 	vListInitialiseItem( &( pxNewTCB->xEventListItem ) );
 591              		.loc 1 948 2
 592 00cc 3B6B     		ldr	r3, [r7, #48]
 593 00ce 1833     		adds	r3, r3, #24
 594 00d0 1846     		mov	r0, r3
 595 00d2 FFF7FEFF 		bl	vListInitialiseItem
 949:System/FreeRTOS/tasks.c **** 
 950:System/FreeRTOS/tasks.c **** 	/* Set the pxNewTCB as a link back from the ListItem_t.  This is so we can get
 951:System/FreeRTOS/tasks.c **** 	back to	the containing TCB from a generic item in a list. */
 952:System/FreeRTOS/tasks.c **** 	listSET_LIST_ITEM_OWNER( &( pxNewTCB->xStateListItem ), pxNewTCB );
 596              		.loc 1 952 2
 597 00d6 3B6B     		ldr	r3, [r7, #48]
 598 00d8 3A6B     		ldr	r2, [r7, #48]
 599 00da 1A61     		str	r2, [r3, #16]
 953:System/FreeRTOS/tasks.c **** 
 954:System/FreeRTOS/tasks.c **** 	/* Event lists are always in priority order. */
 955:System/FreeRTOS/tasks.c **** 	listSET_LIST_ITEM_VALUE( &( pxNewTCB->xEventListItem ), ( TickType_t ) configMAX_PRIORITIES - ( Ti
 600              		.loc 1 955 2
 601 00dc BB6A     		ldr	r3, [r7, #40]
 602 00de C3F10502 		rsb	r2, r3, #5
 603 00e2 3B6B     		ldr	r3, [r7, #48]
 604 00e4 9A61     		str	r2, [r3, #24]
 956:System/FreeRTOS/tasks.c **** 	listSET_LIST_ITEM_OWNER( &( pxNewTCB->xEventListItem ), pxNewTCB );
 605              		.loc 1 956 2
 606 00e6 3B6B     		ldr	r3, [r7, #48]
 607 00e8 3A6B     		ldr	r2, [r7, #48]
 608 00ea 5A62     		str	r2, [r3, #36]
 957:System/FreeRTOS/tasks.c **** 
 958:System/FreeRTOS/tasks.c **** 	#if ( portCRITICAL_NESTING_IN_TCB == 1 )
 959:System/FreeRTOS/tasks.c **** 	{
 960:System/FreeRTOS/tasks.c **** 		pxNewTCB->uxCriticalNesting = ( UBaseType_t ) 0U;
 961:System/FreeRTOS/tasks.c **** 	}
 962:System/FreeRTOS/tasks.c **** 	#endif /* portCRITICAL_NESTING_IN_TCB */
 963:System/FreeRTOS/tasks.c **** 
 964:System/FreeRTOS/tasks.c **** 	#if ( configUSE_APPLICATION_TASK_TAG == 1 )
 965:System/FreeRTOS/tasks.c **** 	{
 966:System/FreeRTOS/tasks.c **** 		pxNewTCB->pxTaskTag = NULL;
 967:System/FreeRTOS/tasks.c **** 	}
 968:System/FreeRTOS/tasks.c **** 	#endif /* configUSE_APPLICATION_TASK_TAG */
 969:System/FreeRTOS/tasks.c **** 
 970:System/FreeRTOS/tasks.c **** 	#if ( configGENERATE_RUN_TIME_STATS == 1 )
 971:System/FreeRTOS/tasks.c **** 	{
 972:System/FreeRTOS/tasks.c **** 		pxNewTCB->ulRunTimeCounter = 0UL;
 973:System/FreeRTOS/tasks.c **** 	}
 974:System/FreeRTOS/tasks.c **** 	#endif /* configGENERATE_RUN_TIME_STATS */
ARM GAS  C:\Users\HUAV\AppData\Local\Temp\ccerV99a.s 			page 32


 975:System/FreeRTOS/tasks.c **** 
 976:System/FreeRTOS/tasks.c **** 	#if ( portUSING_MPU_WRAPPERS == 1 )
 977:System/FreeRTOS/tasks.c **** 	{
 978:System/FreeRTOS/tasks.c **** 		vPortStoreTaskMPUSettings( &( pxNewTCB->xMPUSettings ), xRegions, pxNewTCB->pxStack, ulStackDepth
 979:System/FreeRTOS/tasks.c **** 	}
 980:System/FreeRTOS/tasks.c **** 	#else
 981:System/FreeRTOS/tasks.c **** 	{
 982:System/FreeRTOS/tasks.c **** 		/* Avoid compiler warning about unreferenced parameter. */
 983:System/FreeRTOS/tasks.c **** 		( void ) xRegions;
 984:System/FreeRTOS/tasks.c **** 	}
 985:System/FreeRTOS/tasks.c **** 	#endif
 986:System/FreeRTOS/tasks.c **** 
 987:System/FreeRTOS/tasks.c **** 	#if( configNUM_THREAD_LOCAL_STORAGE_POINTERS != 0 )
 988:System/FreeRTOS/tasks.c **** 	{
 989:System/FreeRTOS/tasks.c **** 		for( x = 0; x < ( UBaseType_t ) configNUM_THREAD_LOCAL_STORAGE_POINTERS; x++ )
 990:System/FreeRTOS/tasks.c **** 		{
 991:System/FreeRTOS/tasks.c **** 			pxNewTCB->pvThreadLocalStoragePointers[ x ] = NULL;
 992:System/FreeRTOS/tasks.c **** 		}
 993:System/FreeRTOS/tasks.c **** 	}
 994:System/FreeRTOS/tasks.c **** 	#endif
 995:System/FreeRTOS/tasks.c **** 
 996:System/FreeRTOS/tasks.c **** 	#if ( configUSE_TASK_NOTIFICATIONS == 1 )
 997:System/FreeRTOS/tasks.c **** 	{
 998:System/FreeRTOS/tasks.c **** 		pxNewTCB->ulNotifiedValue = 0;
 609              		.loc 1 998 29
 610 00ec 3B6B     		ldr	r3, [r7, #48]
 611 00ee 0022     		movs	r2, #0
 612 00f0 9A65     		str	r2, [r3, #88]
 999:System/FreeRTOS/tasks.c **** 		pxNewTCB->ucNotifyState = taskNOT_WAITING_NOTIFICATION;
 613              		.loc 1 999 27
 614 00f2 3B6B     		ldr	r3, [r7, #48]
 615 00f4 0022     		movs	r2, #0
 616 00f6 83F85C20 		strb	r2, [r3, #92]
1000:System/FreeRTOS/tasks.c **** 	}
1001:System/FreeRTOS/tasks.c **** 	#endif
1002:System/FreeRTOS/tasks.c **** 
1003:System/FreeRTOS/tasks.c **** 	#if ( configUSE_NEWLIB_REENTRANT == 1 )
1004:System/FreeRTOS/tasks.c **** 	{
1005:System/FreeRTOS/tasks.c **** 		/* Initialise this task's Newlib reent structure.
1006:System/FreeRTOS/tasks.c **** 		See the third party link http://www.nadler.com/embedded/newlibAndFreeRTOS.html
1007:System/FreeRTOS/tasks.c **** 		for additional information. */
1008:System/FreeRTOS/tasks.c **** 		_REENT_INIT_PTR( ( &( pxNewTCB->xNewLib_reent ) ) );
1009:System/FreeRTOS/tasks.c **** 	}
1010:System/FreeRTOS/tasks.c **** 	#endif
1011:System/FreeRTOS/tasks.c **** 
1012:System/FreeRTOS/tasks.c **** 	#if( INCLUDE_xTaskAbortDelay == 1 )
1013:System/FreeRTOS/tasks.c **** 	{
1014:System/FreeRTOS/tasks.c **** 		pxNewTCB->ucDelayAborted = pdFALSE;
1015:System/FreeRTOS/tasks.c **** 	}
1016:System/FreeRTOS/tasks.c **** 	#endif
1017:System/FreeRTOS/tasks.c **** 
1018:System/FreeRTOS/tasks.c **** 	/* Initialize the TCB stack to look as if the task was already running,
1019:System/FreeRTOS/tasks.c **** 	but had been interrupted by the scheduler.  The return address is set
1020:System/FreeRTOS/tasks.c **** 	to the start of the task function. Once the stack has been initialised
1021:System/FreeRTOS/tasks.c **** 	the top of stack variable is updated. */
1022:System/FreeRTOS/tasks.c **** 	#if( portUSING_MPU_WRAPPERS == 1 )
1023:System/FreeRTOS/tasks.c **** 	{
ARM GAS  C:\Users\HUAV\AppData\Local\Temp\ccerV99a.s 			page 33


1024:System/FreeRTOS/tasks.c **** 		/* If the port has capability to detect stack overflow,
1025:System/FreeRTOS/tasks.c **** 		pass the stack end address to the stack initialization
1026:System/FreeRTOS/tasks.c **** 		function as well. */
1027:System/FreeRTOS/tasks.c **** 		#if( portHAS_STACK_OVERFLOW_CHECKING == 1 )
1028:System/FreeRTOS/tasks.c **** 		{
1029:System/FreeRTOS/tasks.c **** 			#if( portSTACK_GROWTH < 0 )
1030:System/FreeRTOS/tasks.c **** 			{
1031:System/FreeRTOS/tasks.c **** 				pxNewTCB->pxTopOfStack = pxPortInitialiseStack( pxTopOfStack, pxNewTCB->pxStack, pxTaskCode, pv
1032:System/FreeRTOS/tasks.c **** 			}
1033:System/FreeRTOS/tasks.c **** 			#else /* portSTACK_GROWTH */
1034:System/FreeRTOS/tasks.c **** 			{
1035:System/FreeRTOS/tasks.c **** 				pxNewTCB->pxTopOfStack = pxPortInitialiseStack( pxTopOfStack, pxNewTCB->pxEndOfStack, pxTaskCod
1036:System/FreeRTOS/tasks.c **** 			}
1037:System/FreeRTOS/tasks.c **** 			#endif /* portSTACK_GROWTH */
1038:System/FreeRTOS/tasks.c **** 		}
1039:System/FreeRTOS/tasks.c **** 		#else /* portHAS_STACK_OVERFLOW_CHECKING */
1040:System/FreeRTOS/tasks.c **** 		{
1041:System/FreeRTOS/tasks.c **** 			pxNewTCB->pxTopOfStack = pxPortInitialiseStack( pxTopOfStack, pxTaskCode, pvParameters, xRunPriv
1042:System/FreeRTOS/tasks.c **** 		}
1043:System/FreeRTOS/tasks.c **** 		#endif /* portHAS_STACK_OVERFLOW_CHECKING */
1044:System/FreeRTOS/tasks.c **** 	}
1045:System/FreeRTOS/tasks.c **** 	#else /* portUSING_MPU_WRAPPERS */
1046:System/FreeRTOS/tasks.c **** 	{
1047:System/FreeRTOS/tasks.c **** 		/* If the port has capability to detect stack overflow,
1048:System/FreeRTOS/tasks.c **** 		pass the stack end address to the stack initialization
1049:System/FreeRTOS/tasks.c **** 		function as well. */
1050:System/FreeRTOS/tasks.c **** 		#if( portHAS_STACK_OVERFLOW_CHECKING == 1 )
1051:System/FreeRTOS/tasks.c **** 		{
1052:System/FreeRTOS/tasks.c **** 			#if( portSTACK_GROWTH < 0 )
1053:System/FreeRTOS/tasks.c **** 			{
1054:System/FreeRTOS/tasks.c **** 				pxNewTCB->pxTopOfStack = pxPortInitialiseStack( pxTopOfStack, pxNewTCB->pxStack, pxTaskCode, pv
1055:System/FreeRTOS/tasks.c **** 			}
1056:System/FreeRTOS/tasks.c **** 			#else /* portSTACK_GROWTH */
1057:System/FreeRTOS/tasks.c **** 			{
1058:System/FreeRTOS/tasks.c **** 				pxNewTCB->pxTopOfStack = pxPortInitialiseStack( pxTopOfStack, pxNewTCB->pxEndOfStack, pxTaskCod
1059:System/FreeRTOS/tasks.c **** 			}
1060:System/FreeRTOS/tasks.c **** 			#endif /* portSTACK_GROWTH */
1061:System/FreeRTOS/tasks.c **** 		}
1062:System/FreeRTOS/tasks.c **** 		#else /* portHAS_STACK_OVERFLOW_CHECKING */
1063:System/FreeRTOS/tasks.c **** 		{
1064:System/FreeRTOS/tasks.c **** 			pxNewTCB->pxTopOfStack = pxPortInitialiseStack( pxTopOfStack, pxTaskCode, pvParameters );
 617              		.loc 1 1064 29
 618 00fa 3A68     		ldr	r2, [r7]
 619 00fc F968     		ldr	r1, [r7, #12]
 620 00fe B869     		ldr	r0, [r7, #24]
 621 0100 FFF7FEFF 		bl	pxPortInitialiseStack
 622 0104 0246     		mov	r2, r0
 623              		.loc 1 1064 27
 624 0106 3B6B     		ldr	r3, [r7, #48]
 625 0108 1A60     		str	r2, [r3]
1065:System/FreeRTOS/tasks.c **** 		}
1066:System/FreeRTOS/tasks.c **** 		#endif /* portHAS_STACK_OVERFLOW_CHECKING */
1067:System/FreeRTOS/tasks.c **** 	}
1068:System/FreeRTOS/tasks.c **** 	#endif /* portUSING_MPU_WRAPPERS */
1069:System/FreeRTOS/tasks.c **** 
1070:System/FreeRTOS/tasks.c **** 	if( pxCreatedTask != NULL )
 626              		.loc 1 1070 4
ARM GAS  C:\Users\HUAV\AppData\Local\Temp\ccerV99a.s 			page 34


 627 010a FB6A     		ldr	r3, [r7, #44]
 628 010c 002B     		cmp	r3, #0
 629 010e 05D0     		beq	.L30
1071:System/FreeRTOS/tasks.c **** 	{
1072:System/FreeRTOS/tasks.c **** 		/* Pass the handle out in an anonymous way.  The handle can be used to
1073:System/FreeRTOS/tasks.c **** 		change the created task's priority, delete the created task, etc.*/
1074:System/FreeRTOS/tasks.c **** 		*pxCreatedTask = ( TaskHandle_t ) pxNewTCB;
 630              		.loc 1 1074 18
 631 0110 FB6A     		ldr	r3, [r7, #44]
 632 0112 3A6B     		ldr	r2, [r7, #48]
 633 0114 1A60     		str	r2, [r3]
1075:System/FreeRTOS/tasks.c **** 		pxNewTCB->uxSizeOfStack = ulStackDepth;
 634              		.loc 1 1075 27
 635 0116 3B6B     		ldr	r3, [r7, #48]
 636 0118 7A68     		ldr	r2, [r7, #4]
 637 011a 5A64     		str	r2, [r3, #68]
 638              	.L30:
1076:System/FreeRTOS/tasks.c **** 	}
1077:System/FreeRTOS/tasks.c **** 	else
1078:System/FreeRTOS/tasks.c **** 	{
1079:System/FreeRTOS/tasks.c **** 		mtCOVERAGE_TEST_MARKER();
1080:System/FreeRTOS/tasks.c **** 	}
1081:System/FreeRTOS/tasks.c **** }
 639              		.loc 1 1081 1
 640 011c 00BF     		nop
 641 011e 2037     		adds	r7, r7, #32
 642              	.LCFI13:
 643              		.cfi_def_cfa_offset 8
 644 0120 BD46     		mov	sp, r7
 645              	.LCFI14:
 646              		.cfi_def_cfa_register 13
 647              		@ sp needed
 648 0122 80BD     		pop	{r7, pc}
 649              		.cfi_endproc
 650              	.LFE7:
 652              		.section	.text.prvAddNewTaskToReadyList,"ax",%progbits
 653              		.align	1
 654              		.syntax unified
 655              		.thumb
 656              		.thumb_func
 658              	prvAddNewTaskToReadyList:
 659              	.LFB8:
1082:System/FreeRTOS/tasks.c **** /*-----------------------------------------------------------*/
1083:System/FreeRTOS/tasks.c **** 
1084:System/FreeRTOS/tasks.c **** static void prvAddNewTaskToReadyList( TCB_t *pxNewTCB )
1085:System/FreeRTOS/tasks.c **** {
 660              		.loc 1 1085 1
 661              		.cfi_startproc
 662              		@ args = 0, pretend = 0, frame = 8
 663              		@ frame_needed = 1, uses_anonymous_args = 0
 664 0000 80B5     		push	{r7, lr}
 665              	.LCFI15:
 666              		.cfi_def_cfa_offset 8
 667              		.cfi_offset 7, -8
 668              		.cfi_offset 14, -4
 669 0002 82B0     		sub	sp, sp, #8
 670              	.LCFI16:
ARM GAS  C:\Users\HUAV\AppData\Local\Temp\ccerV99a.s 			page 35


 671              		.cfi_def_cfa_offset 16
 672 0004 00AF     		add	r7, sp, #0
 673              	.LCFI17:
 674              		.cfi_def_cfa_register 7
 675 0006 7860     		str	r0, [r7, #4]
1086:System/FreeRTOS/tasks.c **** 	/* Ensure interrupts don't access the task lists while the lists are being
1087:System/FreeRTOS/tasks.c **** 	updated. */
1088:System/FreeRTOS/tasks.c **** 	taskENTER_CRITICAL();
 676              		.loc 1 1088 2
 677 0008 FFF7FEFF 		bl	vPortEnterCritical
1089:System/FreeRTOS/tasks.c **** 	{
1090:System/FreeRTOS/tasks.c **** 		uxCurrentNumberOfTasks++;
 678              		.loc 1 1090 25
 679 000c 2C4B     		ldr	r3, .L36
 680 000e 1B68     		ldr	r3, [r3]
 681 0010 0133     		adds	r3, r3, #1
 682 0012 2B4A     		ldr	r2, .L36
 683 0014 1360     		str	r3, [r2]
1091:System/FreeRTOS/tasks.c **** 		if( pxCurrentTCB == NULL )
 684              		.loc 1 1091 20
 685 0016 2B4B     		ldr	r3, .L36+4
 686 0018 1B68     		ldr	r3, [r3]
 687              		.loc 1 1091 5
 688 001a 002B     		cmp	r3, #0
 689 001c 09D1     		bne	.L32
1092:System/FreeRTOS/tasks.c **** 		{
1093:System/FreeRTOS/tasks.c **** 			/* There are no other tasks, or all the other tasks are in
1094:System/FreeRTOS/tasks.c **** 			the suspended state - make this the current task. */
1095:System/FreeRTOS/tasks.c **** 			pxCurrentTCB = pxNewTCB;
 690              		.loc 1 1095 17
 691 001e 294A     		ldr	r2, .L36+4
 692 0020 7B68     		ldr	r3, [r7, #4]
 693 0022 1360     		str	r3, [r2]
1096:System/FreeRTOS/tasks.c **** 
1097:System/FreeRTOS/tasks.c **** 			if( uxCurrentNumberOfTasks == ( UBaseType_t ) 1 )
 694              		.loc 1 1097 31
 695 0024 264B     		ldr	r3, .L36
 696 0026 1B68     		ldr	r3, [r3]
 697              		.loc 1 1097 6
 698 0028 012B     		cmp	r3, #1
 699 002a 10D1     		bne	.L33
1098:System/FreeRTOS/tasks.c **** 			{
1099:System/FreeRTOS/tasks.c **** 				/* This is the first task to be created so do the preliminary
1100:System/FreeRTOS/tasks.c **** 				initialisation required.  We will not recover if this call
1101:System/FreeRTOS/tasks.c **** 				fails, but we will report the failure. */
1102:System/FreeRTOS/tasks.c **** 				prvInitialiseTaskLists();
 700              		.loc 1 1102 5
 701 002c FFF7FEFF 		bl	prvInitialiseTaskLists
 702 0030 0DE0     		b	.L33
 703              	.L32:
1103:System/FreeRTOS/tasks.c **** 			}
1104:System/FreeRTOS/tasks.c **** 			else
1105:System/FreeRTOS/tasks.c **** 			{
1106:System/FreeRTOS/tasks.c **** 				mtCOVERAGE_TEST_MARKER();
1107:System/FreeRTOS/tasks.c **** 			}
1108:System/FreeRTOS/tasks.c **** 		}
1109:System/FreeRTOS/tasks.c **** 		else
ARM GAS  C:\Users\HUAV\AppData\Local\Temp\ccerV99a.s 			page 36


1110:System/FreeRTOS/tasks.c **** 		{
1111:System/FreeRTOS/tasks.c **** 			/* If the scheduler is not already running, make this task the
1112:System/FreeRTOS/tasks.c **** 			current task if it is the highest priority task to be created
1113:System/FreeRTOS/tasks.c **** 			so far. */
1114:System/FreeRTOS/tasks.c **** 			if( xSchedulerRunning == pdFALSE )
 704              		.loc 1 1114 26
 705 0032 254B     		ldr	r3, .L36+8
 706 0034 1B68     		ldr	r3, [r3]
 707              		.loc 1 1114 6
 708 0036 002B     		cmp	r3, #0
 709 0038 09D1     		bne	.L33
1115:System/FreeRTOS/tasks.c **** 			{
1116:System/FreeRTOS/tasks.c **** 				if( pxCurrentTCB->uxPriority <= pxNewTCB->uxPriority )
 710              		.loc 1 1116 21
 711 003a 224B     		ldr	r3, .L36+4
 712 003c 1B68     		ldr	r3, [r3]
 713 003e DA6A     		ldr	r2, [r3, #44]
 714              		.loc 1 1116 45
 715 0040 7B68     		ldr	r3, [r7, #4]
 716 0042 DB6A     		ldr	r3, [r3, #44]
 717              		.loc 1 1116 7
 718 0044 9A42     		cmp	r2, r3
 719 0046 02D8     		bhi	.L33
1117:System/FreeRTOS/tasks.c **** 				{
1118:System/FreeRTOS/tasks.c **** 					pxCurrentTCB = pxNewTCB;
 720              		.loc 1 1118 19
 721 0048 1E4A     		ldr	r2, .L36+4
 722 004a 7B68     		ldr	r3, [r7, #4]
 723 004c 1360     		str	r3, [r2]
 724              	.L33:
1119:System/FreeRTOS/tasks.c **** 				}
1120:System/FreeRTOS/tasks.c **** 				else
1121:System/FreeRTOS/tasks.c **** 				{
1122:System/FreeRTOS/tasks.c **** 					mtCOVERAGE_TEST_MARKER();
1123:System/FreeRTOS/tasks.c **** 				}
1124:System/FreeRTOS/tasks.c **** 			}
1125:System/FreeRTOS/tasks.c **** 			else
1126:System/FreeRTOS/tasks.c **** 			{
1127:System/FreeRTOS/tasks.c **** 				mtCOVERAGE_TEST_MARKER();
1128:System/FreeRTOS/tasks.c **** 			}
1129:System/FreeRTOS/tasks.c **** 		}
1130:System/FreeRTOS/tasks.c **** 
1131:System/FreeRTOS/tasks.c **** 		uxTaskNumber++;
 725              		.loc 1 1131 15
 726 004e 1F4B     		ldr	r3, .L36+12
 727 0050 1B68     		ldr	r3, [r3]
 728 0052 0133     		adds	r3, r3, #1
 729 0054 1D4A     		ldr	r2, .L36+12
 730 0056 1360     		str	r3, [r2]
1132:System/FreeRTOS/tasks.c **** 
1133:System/FreeRTOS/tasks.c **** 		#if ( configUSE_TRACE_FACILITY == 1 )
1134:System/FreeRTOS/tasks.c **** 		{
1135:System/FreeRTOS/tasks.c **** 			/* Add a counter into the TCB for tracing only. */
1136:System/FreeRTOS/tasks.c **** 			pxNewTCB->uxTCBNumber = uxTaskNumber;
 731              		.loc 1 1136 26
 732 0058 1C4B     		ldr	r3, .L36+12
 733 005a 1A68     		ldr	r2, [r3]
ARM GAS  C:\Users\HUAV\AppData\Local\Temp\ccerV99a.s 			page 37


 734 005c 7B68     		ldr	r3, [r7, #4]
 735 005e 9A64     		str	r2, [r3, #72]
1137:System/FreeRTOS/tasks.c **** 		}
1138:System/FreeRTOS/tasks.c **** 		#endif /* configUSE_TRACE_FACILITY */
1139:System/FreeRTOS/tasks.c **** 		traceTASK_CREATE( pxNewTCB );
1140:System/FreeRTOS/tasks.c **** 
1141:System/FreeRTOS/tasks.c **** 		prvAddTaskToReadyList( pxNewTCB );
 736              		.loc 1 1141 3
 737 0060 7B68     		ldr	r3, [r7, #4]
 738 0062 DB6A     		ldr	r3, [r3, #44]
 739 0064 0122     		movs	r2, #1
 740 0066 9A40     		lsls	r2, r2, r3
 741 0068 194B     		ldr	r3, .L36+16
 742 006a 1B68     		ldr	r3, [r3]
 743 006c 1343     		orrs	r3, r3, r2
 744 006e 184A     		ldr	r2, .L36+16
 745 0070 1360     		str	r3, [r2]
 746 0072 7B68     		ldr	r3, [r7, #4]
 747 0074 DA6A     		ldr	r2, [r3, #44]
 748 0076 1346     		mov	r3, r2
 749 0078 9B00     		lsls	r3, r3, #2
 750 007a 1344     		add	r3, r3, r2
 751 007c 9B00     		lsls	r3, r3, #2
 752 007e 154A     		ldr	r2, .L36+20
 753 0080 1A44     		add	r2, r2, r3
 754 0082 7B68     		ldr	r3, [r7, #4]
 755 0084 0433     		adds	r3, r3, #4
 756 0086 1946     		mov	r1, r3
 757 0088 1046     		mov	r0, r2
 758 008a FFF7FEFF 		bl	vListInsertEnd
1142:System/FreeRTOS/tasks.c **** 
1143:System/FreeRTOS/tasks.c **** 		portSETUP_TCB( pxNewTCB );
1144:System/FreeRTOS/tasks.c **** 	}
1145:System/FreeRTOS/tasks.c **** 	taskEXIT_CRITICAL();
 759              		.loc 1 1145 2
 760 008e FFF7FEFF 		bl	vPortExitCritical
1146:System/FreeRTOS/tasks.c **** 
1147:System/FreeRTOS/tasks.c **** 	if( xSchedulerRunning != pdFALSE )
 761              		.loc 1 1147 24
 762 0092 0D4B     		ldr	r3, .L36+8
 763 0094 1B68     		ldr	r3, [r3]
 764              		.loc 1 1147 4
 765 0096 002B     		cmp	r3, #0
 766 0098 0ED0     		beq	.L35
1148:System/FreeRTOS/tasks.c **** 	{
1149:System/FreeRTOS/tasks.c **** 		/* If the created task is of a higher priority than the current task
1150:System/FreeRTOS/tasks.c **** 		then it should run now. */
1151:System/FreeRTOS/tasks.c **** 		if( pxCurrentTCB->uxPriority < pxNewTCB->uxPriority )
 767              		.loc 1 1151 19
 768 009a 0A4B     		ldr	r3, .L36+4
 769 009c 1B68     		ldr	r3, [r3]
 770 009e DA6A     		ldr	r2, [r3, #44]
 771              		.loc 1 1151 42
 772 00a0 7B68     		ldr	r3, [r7, #4]
 773 00a2 DB6A     		ldr	r3, [r3, #44]
 774              		.loc 1 1151 5
 775 00a4 9A42     		cmp	r2, r3
ARM GAS  C:\Users\HUAV\AppData\Local\Temp\ccerV99a.s 			page 38


 776 00a6 07D2     		bcs	.L35
1152:System/FreeRTOS/tasks.c **** 		{
1153:System/FreeRTOS/tasks.c **** 			taskYIELD_IF_USING_PREEMPTION();
 777              		.loc 1 1153 4
 778 00a8 0B4B     		ldr	r3, .L36+24
 779 00aa 4FF08052 		mov	r2, #268435456
 780 00ae 1A60     		str	r2, [r3]
 781              		.syntax unified
 782              	@ 1153 "System/FreeRTOS/tasks.c" 1
 783 00b0 BFF34F8F 		dsb
 784              	@ 0 "" 2
 785              	@ 1153 "System/FreeRTOS/tasks.c" 1
 786 00b4 BFF36F8F 		isb
 787              	@ 0 "" 2
 788              		.thumb
 789              		.syntax unified
 790              	.L35:
1154:System/FreeRTOS/tasks.c **** 		}
1155:System/FreeRTOS/tasks.c **** 		else
1156:System/FreeRTOS/tasks.c **** 		{
1157:System/FreeRTOS/tasks.c **** 			mtCOVERAGE_TEST_MARKER();
1158:System/FreeRTOS/tasks.c **** 		}
1159:System/FreeRTOS/tasks.c **** 	}
1160:System/FreeRTOS/tasks.c **** 	else
1161:System/FreeRTOS/tasks.c **** 	{
1162:System/FreeRTOS/tasks.c **** 		mtCOVERAGE_TEST_MARKER();
1163:System/FreeRTOS/tasks.c **** 	}
1164:System/FreeRTOS/tasks.c **** }
 791              		.loc 1 1164 1
 792 00b8 00BF     		nop
 793 00ba 0837     		adds	r7, r7, #8
 794              	.LCFI18:
 795              		.cfi_def_cfa_offset 8
 796 00bc BD46     		mov	sp, r7
 797              	.LCFI19:
 798              		.cfi_def_cfa_register 13
 799              		@ sp needed
 800 00be 80BD     		pop	{r7, pc}
 801              	.L37:
 802              		.align	2
 803              	.L36:
 804 00c0 00000000 		.word	uxCurrentNumberOfTasks
 805 00c4 00000000 		.word	pxCurrentTCB
 806 00c8 00000000 		.word	xSchedulerRunning
 807 00cc 00000000 		.word	uxTaskNumber
 808 00d0 00000000 		.word	uxTopReadyPriority
 809 00d4 00000000 		.word	pxReadyTasksLists
 810 00d8 04ED00E0 		.word	-536810236
 811              		.cfi_endproc
 812              	.LFE8:
 814              		.section	.text.vTaskDelete,"ax",%progbits
 815              		.align	1
 816              		.global	vTaskDelete
 817              		.syntax unified
 818              		.thumb
 819              		.thumb_func
 821              	vTaskDelete:
ARM GAS  C:\Users\HUAV\AppData\Local\Temp\ccerV99a.s 			page 39


 822              	.LFB9:
1165:System/FreeRTOS/tasks.c **** /*-----------------------------------------------------------*/
1166:System/FreeRTOS/tasks.c **** 
1167:System/FreeRTOS/tasks.c **** #if ( INCLUDE_vTaskDelete == 1 )
1168:System/FreeRTOS/tasks.c **** 
1169:System/FreeRTOS/tasks.c **** 	void vTaskDelete( TaskHandle_t xTaskToDelete )
1170:System/FreeRTOS/tasks.c **** 	{
 823              		.loc 1 1170 2
 824              		.cfi_startproc
 825              		@ args = 0, pretend = 0, frame = 16
 826              		@ frame_needed = 1, uses_anonymous_args = 0
 827 0000 80B5     		push	{r7, lr}
 828              	.LCFI20:
 829              		.cfi_def_cfa_offset 8
 830              		.cfi_offset 7, -8
 831              		.cfi_offset 14, -4
 832 0002 84B0     		sub	sp, sp, #16
 833              	.LCFI21:
 834              		.cfi_def_cfa_offset 24
 835 0004 00AF     		add	r7, sp, #0
 836              	.LCFI22:
 837              		.cfi_def_cfa_register 7
 838 0006 7860     		str	r0, [r7, #4]
1171:System/FreeRTOS/tasks.c **** 	TCB_t *pxTCB;
1172:System/FreeRTOS/tasks.c **** 
1173:System/FreeRTOS/tasks.c **** 		taskENTER_CRITICAL();
 839              		.loc 1 1173 3
 840 0008 FFF7FEFF 		bl	vPortEnterCritical
1174:System/FreeRTOS/tasks.c **** 		{
1175:System/FreeRTOS/tasks.c **** 			/* If null is passed in here then it is the calling task that is
1176:System/FreeRTOS/tasks.c **** 			being deleted. */
1177:System/FreeRTOS/tasks.c **** 			pxTCB = prvGetTCBFromHandle( xTaskToDelete );
 841              		.loc 1 1177 12
 842 000c 7B68     		ldr	r3, [r7, #4]
 843 000e 002B     		cmp	r3, #0
 844 0010 02D1     		bne	.L39
 845              		.loc 1 1177 12 is_stmt 0 discriminator 1
 846 0012 394B     		ldr	r3, .L49
 847 0014 1B68     		ldr	r3, [r3]
 848 0016 00E0     		b	.L40
 849              	.L39:
 850              		.loc 1 1177 12 discriminator 2
 851 0018 7B68     		ldr	r3, [r7, #4]
 852              	.L40:
 853              		.loc 1 1177 10 is_stmt 1 discriminator 4
 854 001a FB60     		str	r3, [r7, #12]
1178:System/FreeRTOS/tasks.c **** 
1179:System/FreeRTOS/tasks.c **** 			/* Remove task from the ready/delayed list. */
1180:System/FreeRTOS/tasks.c **** 			if( uxListRemove( &( pxTCB->xStateListItem ) ) == ( UBaseType_t ) 0 )
 855              		.loc 1 1180 8 discriminator 4
 856 001c FB68     		ldr	r3, [r7, #12]
 857 001e 0433     		adds	r3, r3, #4
 858 0020 1846     		mov	r0, r3
 859 0022 FFF7FEFF 		bl	uxListRemove
 860 0026 0346     		mov	r3, r0
 861              		.loc 1 1180 6 discriminator 4
 862 0028 002B     		cmp	r3, #0
ARM GAS  C:\Users\HUAV\AppData\Local\Temp\ccerV99a.s 			page 40


 863 002a 15D1     		bne	.L41
1181:System/FreeRTOS/tasks.c **** 			{
1182:System/FreeRTOS/tasks.c **** 				taskRESET_READY_PRIORITY( pxTCB->uxPriority );
 864              		.loc 1 1182 5
 865 002c FB68     		ldr	r3, [r7, #12]
 866 002e DA6A     		ldr	r2, [r3, #44]
 867 0030 3249     		ldr	r1, .L49+4
 868 0032 1346     		mov	r3, r2
 869 0034 9B00     		lsls	r3, r3, #2
 870 0036 1344     		add	r3, r3, r2
 871 0038 9B00     		lsls	r3, r3, #2
 872 003a 0B44     		add	r3, r3, r1
 873 003c 1B68     		ldr	r3, [r3]
 874 003e 002B     		cmp	r3, #0
 875 0040 0AD1     		bne	.L41
 876              		.loc 1 1182 5 is_stmt 0 discriminator 1
 877 0042 FB68     		ldr	r3, [r7, #12]
 878 0044 DB6A     		ldr	r3, [r3, #44]
 879 0046 0122     		movs	r2, #1
 880 0048 02FA03F3 		lsl	r3, r2, r3
 881 004c DA43     		mvns	r2, r3
 882 004e 2C4B     		ldr	r3, .L49+8
 883 0050 1B68     		ldr	r3, [r3]
 884 0052 1340     		ands	r3, r3, r2
 885 0054 2A4A     		ldr	r2, .L49+8
 886 0056 1360     		str	r3, [r2]
 887              	.L41:
1183:System/FreeRTOS/tasks.c **** 			}
1184:System/FreeRTOS/tasks.c **** 			else
1185:System/FreeRTOS/tasks.c **** 			{
1186:System/FreeRTOS/tasks.c **** 				mtCOVERAGE_TEST_MARKER();
1187:System/FreeRTOS/tasks.c **** 			}
1188:System/FreeRTOS/tasks.c **** 
1189:System/FreeRTOS/tasks.c **** 			/* Is the task waiting on an event also? */
1190:System/FreeRTOS/tasks.c **** 			if( listLIST_ITEM_CONTAINER( &( pxTCB->xEventListItem ) ) != NULL )
 888              		.loc 1 1190 8 is_stmt 1
 889 0058 FB68     		ldr	r3, [r7, #12]
 890 005a 9B6A     		ldr	r3, [r3, #40]
 891              		.loc 1 1190 6
 892 005c 002B     		cmp	r3, #0
 893 005e 04D0     		beq	.L42
1191:System/FreeRTOS/tasks.c **** 			{
1192:System/FreeRTOS/tasks.c **** 				( void ) uxListRemove( &( pxTCB->xEventListItem ) );
 894              		.loc 1 1192 14
 895 0060 FB68     		ldr	r3, [r7, #12]
 896 0062 1833     		adds	r3, r3, #24
 897 0064 1846     		mov	r0, r3
 898 0066 FFF7FEFF 		bl	uxListRemove
 899              	.L42:
1193:System/FreeRTOS/tasks.c **** 			}
1194:System/FreeRTOS/tasks.c **** 			else
1195:System/FreeRTOS/tasks.c **** 			{
1196:System/FreeRTOS/tasks.c **** 				mtCOVERAGE_TEST_MARKER();
1197:System/FreeRTOS/tasks.c **** 			}
1198:System/FreeRTOS/tasks.c **** 
1199:System/FreeRTOS/tasks.c **** 			/* Increment the uxTaskNumber also so kernel aware debuggers can
1200:System/FreeRTOS/tasks.c **** 			detect that the task lists need re-generating.  This is done before
ARM GAS  C:\Users\HUAV\AppData\Local\Temp\ccerV99a.s 			page 41


1201:System/FreeRTOS/tasks.c **** 			portPRE_TASK_DELETE_HOOK() as in the Windows port that macro will
1202:System/FreeRTOS/tasks.c **** 			not return. */
1203:System/FreeRTOS/tasks.c **** 			uxTaskNumber++;
 900              		.loc 1 1203 16
 901 006a 264B     		ldr	r3, .L49+12
 902 006c 1B68     		ldr	r3, [r3]
 903 006e 0133     		adds	r3, r3, #1
 904 0070 244A     		ldr	r2, .L49+12
 905 0072 1360     		str	r3, [r2]
1204:System/FreeRTOS/tasks.c **** 
1205:System/FreeRTOS/tasks.c **** 			if( pxTCB == pxCurrentTCB )
 906              		.loc 1 1205 14
 907 0074 204B     		ldr	r3, .L49
 908 0076 1B68     		ldr	r3, [r3]
 909              		.loc 1 1205 6
 910 0078 FA68     		ldr	r2, [r7, #12]
 911 007a 9A42     		cmp	r2, r3
 912 007c 0BD1     		bne	.L43
1206:System/FreeRTOS/tasks.c **** 			{
1207:System/FreeRTOS/tasks.c **** 				/* A task is deleting itself.  This cannot complete within the
1208:System/FreeRTOS/tasks.c **** 				task itself, as a context switch to another task is required.
1209:System/FreeRTOS/tasks.c **** 				Place the task in the termination list.  The idle task will
1210:System/FreeRTOS/tasks.c **** 				check the termination list and free up any memory allocated by
1211:System/FreeRTOS/tasks.c **** 				the scheduler for the TCB and stack of the deleted task. */
1212:System/FreeRTOS/tasks.c **** 				vListInsertEnd( &xTasksWaitingTermination, &( pxTCB->xStateListItem ) );
 913              		.loc 1 1212 5
 914 007e FB68     		ldr	r3, [r7, #12]
 915 0080 0433     		adds	r3, r3, #4
 916 0082 1946     		mov	r1, r3
 917 0084 2048     		ldr	r0, .L49+16
 918 0086 FFF7FEFF 		bl	vListInsertEnd
1213:System/FreeRTOS/tasks.c **** 
1214:System/FreeRTOS/tasks.c **** 				/* Increment the ucTasksDeleted variable so the idle task knows
1215:System/FreeRTOS/tasks.c **** 				there is a task that has been deleted and that it should therefore
1216:System/FreeRTOS/tasks.c **** 				check the xTasksWaitingTermination list. */
1217:System/FreeRTOS/tasks.c **** 				++uxDeletedTasksWaitingCleanUp;
 919              		.loc 1 1217 5
 920 008a 204B     		ldr	r3, .L49+20
 921 008c 1B68     		ldr	r3, [r3]
 922 008e 0133     		adds	r3, r3, #1
 923 0090 1E4A     		ldr	r2, .L49+20
 924 0092 1360     		str	r3, [r2]
 925 0094 09E0     		b	.L44
 926              	.L43:
1218:System/FreeRTOS/tasks.c **** 
1219:System/FreeRTOS/tasks.c **** 				/* Call the delete hook before portPRE_TASK_DELETE_HOOK() as
1220:System/FreeRTOS/tasks.c **** 				portPRE_TASK_DELETE_HOOK() does not return in the Win32 port. */
1221:System/FreeRTOS/tasks.c **** 				traceTASK_DELETE( pxTCB );
1222:System/FreeRTOS/tasks.c **** 
1223:System/FreeRTOS/tasks.c **** 				/* The pre-delete hook is primarily for the Windows simulator,
1224:System/FreeRTOS/tasks.c **** 				in which Windows specific clean up operations are performed,
1225:System/FreeRTOS/tasks.c **** 				after which it is not possible to yield away from this task -
1226:System/FreeRTOS/tasks.c **** 				hence xYieldPending is used to latch that a context switch is
1227:System/FreeRTOS/tasks.c **** 				required. */
1228:System/FreeRTOS/tasks.c **** 				portPRE_TASK_DELETE_HOOK( pxTCB, &xYieldPending );
1229:System/FreeRTOS/tasks.c **** 			}
1230:System/FreeRTOS/tasks.c **** 			else
ARM GAS  C:\Users\HUAV\AppData\Local\Temp\ccerV99a.s 			page 42


1231:System/FreeRTOS/tasks.c **** 			{
1232:System/FreeRTOS/tasks.c **** 				--uxCurrentNumberOfTasks;
 927              		.loc 1 1232 5
 928 0096 1E4B     		ldr	r3, .L49+24
 929 0098 1B68     		ldr	r3, [r3]
 930 009a 013B     		subs	r3, r3, #1
 931 009c 1C4A     		ldr	r2, .L49+24
 932 009e 1360     		str	r3, [r2]
1233:System/FreeRTOS/tasks.c **** 				traceTASK_DELETE( pxTCB );
1234:System/FreeRTOS/tasks.c **** 				prvDeleteTCB( pxTCB );
 933              		.loc 1 1234 5
 934 00a0 F868     		ldr	r0, [r7, #12]
 935 00a2 FFF7FEFF 		bl	prvDeleteTCB
1235:System/FreeRTOS/tasks.c **** 
1236:System/FreeRTOS/tasks.c **** 				/* Reset the next expected unblock time in case it referred to
1237:System/FreeRTOS/tasks.c **** 				the task that has just been deleted. */
1238:System/FreeRTOS/tasks.c **** 				prvResetNextTaskUnblockTime();
 936              		.loc 1 1238 5
 937 00a6 FFF7FEFF 		bl	prvResetNextTaskUnblockTime
 938              	.L44:
1239:System/FreeRTOS/tasks.c **** 			}
1240:System/FreeRTOS/tasks.c **** 		}
1241:System/FreeRTOS/tasks.c **** 		taskEXIT_CRITICAL();
 939              		.loc 1 1241 3
 940 00aa FFF7FEFF 		bl	vPortExitCritical
1242:System/FreeRTOS/tasks.c **** 
1243:System/FreeRTOS/tasks.c **** 		/* Force a reschedule if it is the currently running task that has just
1244:System/FreeRTOS/tasks.c **** 		been deleted. */
1245:System/FreeRTOS/tasks.c **** 		if( xSchedulerRunning != pdFALSE )
 941              		.loc 1 1245 25
 942 00ae 194B     		ldr	r3, .L49+28
 943 00b0 1B68     		ldr	r3, [r3]
 944              		.loc 1 1245 5
 945 00b2 002B     		cmp	r3, #0
 946 00b4 1BD0     		beq	.L48
1246:System/FreeRTOS/tasks.c **** 		{
1247:System/FreeRTOS/tasks.c **** 			if( pxTCB == pxCurrentTCB )
 947              		.loc 1 1247 14
 948 00b6 104B     		ldr	r3, .L49
 949 00b8 1B68     		ldr	r3, [r3]
 950              		.loc 1 1247 6
 951 00ba FA68     		ldr	r2, [r7, #12]
 952 00bc 9A42     		cmp	r2, r3
 953 00be 16D1     		bne	.L48
1248:System/FreeRTOS/tasks.c **** 			{
1249:System/FreeRTOS/tasks.c **** 				configASSERT( uxSchedulerSuspended == 0 );
 954              		.loc 1 1249 5
 955 00c0 154B     		ldr	r3, .L49+32
 956 00c2 1B68     		ldr	r3, [r3]
 957 00c4 002B     		cmp	r3, #0
 958 00c6 0AD0     		beq	.L46
 959              	.LBB133:
 960              	.LBB134:
 195:System/FreeRTOS/portable/GCC/ARM_CM4F/portmacro.h **** 	(
 961              		.loc 2 195 2
 962              		.syntax unified
 963              	@ 195 "System/FreeRTOS/portable/GCC/ARM_CM4F/portmacro.h" 1
ARM GAS  C:\Users\HUAV\AppData\Local\Temp\ccerV99a.s 			page 43


 964 00c8 4FF05003 			mov r3, #80												
 965 00cc 83F31188 		msr basepri, r3											
 966 00d0 BFF36F8F 		isb														
 967 00d4 BFF34F8F 		dsb														
 968              	
 969              	@ 0 "" 2
 970              		.thumb
 971              		.syntax unified
 972 00d8 BB60     		str	r3, [r7, #8]
 973              		.loc 2 203 1
 974 00da 00BF     		nop
 975              	.L47:
 976              	.LBE134:
 977              	.LBE133:
 978              		.loc 1 1249 5 discriminator 1
 979 00dc FEE7     		b	.L47
 980              	.L46:
1250:System/FreeRTOS/tasks.c **** 				portYIELD_WITHIN_API();
 981              		.loc 1 1250 5
 982 00de 0F4B     		ldr	r3, .L49+36
 983 00e0 4FF08052 		mov	r2, #268435456
 984 00e4 1A60     		str	r2, [r3]
 985              		.syntax unified
 986              	@ 1250 "System/FreeRTOS/tasks.c" 1
 987 00e6 BFF34F8F 		dsb
 988              	@ 0 "" 2
 989              	@ 1250 "System/FreeRTOS/tasks.c" 1
 990 00ea BFF36F8F 		isb
 991              	@ 0 "" 2
 992              		.thumb
 993              		.syntax unified
 994              	.L48:
1251:System/FreeRTOS/tasks.c **** 			}
1252:System/FreeRTOS/tasks.c **** 			else
1253:System/FreeRTOS/tasks.c **** 			{
1254:System/FreeRTOS/tasks.c **** 				mtCOVERAGE_TEST_MARKER();
1255:System/FreeRTOS/tasks.c **** 			}
1256:System/FreeRTOS/tasks.c **** 		}
1257:System/FreeRTOS/tasks.c **** 	}
 995              		.loc 1 1257 2
 996 00ee 00BF     		nop
 997 00f0 1037     		adds	r7, r7, #16
 998              	.LCFI23:
 999              		.cfi_def_cfa_offset 8
 1000 00f2 BD46     		mov	sp, r7
 1001              	.LCFI24:
 1002              		.cfi_def_cfa_register 13
 1003              		@ sp needed
 1004 00f4 80BD     		pop	{r7, pc}
 1005              	.L50:
 1006 00f6 00BF     		.align	2
 1007              	.L49:
 1008 00f8 00000000 		.word	pxCurrentTCB
 1009 00fc 00000000 		.word	pxReadyTasksLists
 1010 0100 00000000 		.word	uxTopReadyPriority
 1011 0104 00000000 		.word	uxTaskNumber
 1012 0108 00000000 		.word	xTasksWaitingTermination
ARM GAS  C:\Users\HUAV\AppData\Local\Temp\ccerV99a.s 			page 44


 1013 010c 00000000 		.word	uxDeletedTasksWaitingCleanUp
 1014 0110 00000000 		.word	uxCurrentNumberOfTasks
 1015 0114 00000000 		.word	xSchedulerRunning
 1016 0118 00000000 		.word	uxSchedulerSuspended
 1017 011c 04ED00E0 		.word	-536810236
 1018              		.cfi_endproc
 1019              	.LFE9:
 1021              		.section	.text.vTaskDelayUntil,"ax",%progbits
 1022              		.align	1
 1023              		.global	vTaskDelayUntil
 1024              		.syntax unified
 1025              		.thumb
 1026              		.thumb_func
 1028              	vTaskDelayUntil:
 1029              	.LFB10:
1258:System/FreeRTOS/tasks.c **** 
1259:System/FreeRTOS/tasks.c **** #endif /* INCLUDE_vTaskDelete */
1260:System/FreeRTOS/tasks.c **** /*-----------------------------------------------------------*/
1261:System/FreeRTOS/tasks.c **** 
1262:System/FreeRTOS/tasks.c **** #if ( INCLUDE_vTaskDelayUntil == 1 )
1263:System/FreeRTOS/tasks.c **** 
1264:System/FreeRTOS/tasks.c **** 	void vTaskDelayUntil( TickType_t * const pxPreviousWakeTime, const TickType_t xTimeIncrement )
1265:System/FreeRTOS/tasks.c **** 	{
 1030              		.loc 1 1265 2
 1031              		.cfi_startproc
 1032              		@ args = 0, pretend = 0, frame = 40
 1033              		@ frame_needed = 1, uses_anonymous_args = 0
 1034 0000 80B5     		push	{r7, lr}
 1035              	.LCFI25:
 1036              		.cfi_def_cfa_offset 8
 1037              		.cfi_offset 7, -8
 1038              		.cfi_offset 14, -4
 1039 0002 8AB0     		sub	sp, sp, #40
 1040              	.LCFI26:
 1041              		.cfi_def_cfa_offset 48
 1042 0004 00AF     		add	r7, sp, #0
 1043              	.LCFI27:
 1044              		.cfi_def_cfa_register 7
 1045 0006 7860     		str	r0, [r7, #4]
 1046 0008 3960     		str	r1, [r7]
1266:System/FreeRTOS/tasks.c **** 	TickType_t xTimeToWake;
1267:System/FreeRTOS/tasks.c **** 	BaseType_t xAlreadyYielded, xShouldDelay = pdFALSE;
 1047              		.loc 1 1267 30
 1048 000a 0023     		movs	r3, #0
 1049 000c 7B62     		str	r3, [r7, #36]
1268:System/FreeRTOS/tasks.c **** 
1269:System/FreeRTOS/tasks.c **** 		configASSERT( pxPreviousWakeTime );
 1050              		.loc 1 1269 3
 1051 000e 7B68     		ldr	r3, [r7, #4]
 1052 0010 002B     		cmp	r3, #0
 1053 0012 0AD1     		bne	.L52
 1054              	.LBB135:
 1055              	.LBB136:
 195:System/FreeRTOS/portable/GCC/ARM_CM4F/portmacro.h **** 	(
 1056              		.loc 2 195 2
 1057              		.syntax unified
 1058              	@ 195 "System/FreeRTOS/portable/GCC/ARM_CM4F/portmacro.h" 1
ARM GAS  C:\Users\HUAV\AppData\Local\Temp\ccerV99a.s 			page 45


 1059 0014 4FF05003 			mov r3, #80												
 1060 0018 83F31188 		msr basepri, r3											
 1061 001c BFF36F8F 		isb														
 1062 0020 BFF34F8F 		dsb														
 1063              	
 1064              	@ 0 "" 2
 1065              		.thumb
 1066              		.syntax unified
 1067 0024 7B61     		str	r3, [r7, #20]
 1068              		.loc 2 203 1
 1069 0026 00BF     		nop
 1070              	.L53:
 1071              	.LBE136:
 1072              	.LBE135:
 1073              		.loc 1 1269 3 discriminator 1
 1074 0028 FEE7     		b	.L53
 1075              	.L52:
1270:System/FreeRTOS/tasks.c **** 		configASSERT( ( xTimeIncrement > 0U ) );
 1076              		.loc 1 1270 3
 1077 002a 3B68     		ldr	r3, [r7]
 1078 002c 002B     		cmp	r3, #0
 1079 002e 0AD1     		bne	.L54
 1080              	.LBB137:
 1081              	.LBB138:
 195:System/FreeRTOS/portable/GCC/ARM_CM4F/portmacro.h **** 	(
 1082              		.loc 2 195 2
 1083              		.syntax unified
 1084              	@ 195 "System/FreeRTOS/portable/GCC/ARM_CM4F/portmacro.h" 1
 1085 0030 4FF05003 			mov r3, #80												
 1086 0034 83F31188 		msr basepri, r3											
 1087 0038 BFF36F8F 		isb														
 1088 003c BFF34F8F 		dsb														
 1089              	
 1090              	@ 0 "" 2
 1091              		.thumb
 1092              		.syntax unified
 1093 0040 3B61     		str	r3, [r7, #16]
 1094              		.loc 2 203 1
 1095 0042 00BF     		nop
 1096              	.L55:
 1097              	.LBE138:
 1098              	.LBE137:
 1099              		.loc 1 1270 3 discriminator 2
 1100 0044 FEE7     		b	.L55
 1101              	.L54:
1271:System/FreeRTOS/tasks.c **** 		configASSERT( uxSchedulerSuspended == 0 );
 1102              		.loc 1 1271 3
 1103 0046 2A4B     		ldr	r3, .L64
 1104 0048 1B68     		ldr	r3, [r3]
 1105 004a 002B     		cmp	r3, #0
 1106 004c 0AD0     		beq	.L56
 1107              	.LBB139:
 1108              	.LBB140:
 195:System/FreeRTOS/portable/GCC/ARM_CM4F/portmacro.h **** 	(
 1109              		.loc 2 195 2
 1110              		.syntax unified
 1111              	@ 195 "System/FreeRTOS/portable/GCC/ARM_CM4F/portmacro.h" 1
ARM GAS  C:\Users\HUAV\AppData\Local\Temp\ccerV99a.s 			page 46


 1112 004e 4FF05003 			mov r3, #80												
 1113 0052 83F31188 		msr basepri, r3											
 1114 0056 BFF36F8F 		isb														
 1115 005a BFF34F8F 		dsb														
 1116              	
 1117              	@ 0 "" 2
 1118              		.thumb
 1119              		.syntax unified
 1120 005e FB60     		str	r3, [r7, #12]
 1121              		.loc 2 203 1
 1122 0060 00BF     		nop
 1123              	.L57:
 1124              	.LBE140:
 1125              	.LBE139:
 1126              		.loc 1 1271 3 discriminator 3
 1127 0062 FEE7     		b	.L57
 1128              	.L56:
1272:System/FreeRTOS/tasks.c **** 
1273:System/FreeRTOS/tasks.c **** 		vTaskSuspendAll();
 1129              		.loc 1 1273 3
 1130 0064 FFF7FEFF 		bl	vTaskSuspendAll
 1131              	.LBB141:
1274:System/FreeRTOS/tasks.c **** 		{
1275:System/FreeRTOS/tasks.c **** 			/* Minor optimisation.  The tick count cannot change in this
1276:System/FreeRTOS/tasks.c **** 			block. */
1277:System/FreeRTOS/tasks.c **** 			const TickType_t xConstTickCount = xTickCount;
 1132              		.loc 1 1277 21
 1133 0068 224B     		ldr	r3, .L64+4
 1134 006a 1B68     		ldr	r3, [r3]
 1135 006c 3B62     		str	r3, [r7, #32]
1278:System/FreeRTOS/tasks.c **** 
1279:System/FreeRTOS/tasks.c **** 			/* Generate the tick time at which the task wants to wake. */
1280:System/FreeRTOS/tasks.c **** 			xTimeToWake = *pxPreviousWakeTime + xTimeIncrement;
 1136              		.loc 1 1280 18
 1137 006e 7B68     		ldr	r3, [r7, #4]
 1138 0070 1B68     		ldr	r3, [r3]
 1139              		.loc 1 1280 16
 1140 0072 3A68     		ldr	r2, [r7]
 1141 0074 1344     		add	r3, r3, r2
 1142 0076 FB61     		str	r3, [r7, #28]
1281:System/FreeRTOS/tasks.c **** 
1282:System/FreeRTOS/tasks.c **** 			if( xConstTickCount < *pxPreviousWakeTime )
 1143              		.loc 1 1282 26
 1144 0078 7B68     		ldr	r3, [r7, #4]
 1145 007a 1B68     		ldr	r3, [r3]
 1146              		.loc 1 1282 6
 1147 007c 3A6A     		ldr	r2, [r7, #32]
 1148 007e 9A42     		cmp	r2, r3
 1149 0080 0BD2     		bcs	.L58
1283:System/FreeRTOS/tasks.c **** 			{
1284:System/FreeRTOS/tasks.c **** 				/* The tick count has overflowed since this function was
1285:System/FreeRTOS/tasks.c **** 				lasted called.  In this case the only time we should ever
1286:System/FreeRTOS/tasks.c **** 				actually delay is if the wake time has also	overflowed,
1287:System/FreeRTOS/tasks.c **** 				and the wake time is greater than the tick time.  When this
1288:System/FreeRTOS/tasks.c **** 				is the case it is as if neither time had overflowed. */
1289:System/FreeRTOS/tasks.c **** 				if( ( xTimeToWake < *pxPreviousWakeTime ) && ( xTimeToWake > xConstTickCount ) )
 1150              		.loc 1 1289 25
ARM GAS  C:\Users\HUAV\AppData\Local\Temp\ccerV99a.s 			page 47


 1151 0082 7B68     		ldr	r3, [r7, #4]
 1152 0084 1B68     		ldr	r3, [r3]
 1153              		.loc 1 1289 7
 1154 0086 FA69     		ldr	r2, [r7, #28]
 1155 0088 9A42     		cmp	r2, r3
 1156 008a 11D2     		bcs	.L59
 1157              		.loc 1 1289 47 discriminator 1
 1158 008c FA69     		ldr	r2, [r7, #28]
 1159 008e 3B6A     		ldr	r3, [r7, #32]
 1160 0090 9A42     		cmp	r2, r3
 1161 0092 0DD9     		bls	.L59
1290:System/FreeRTOS/tasks.c **** 				{
1291:System/FreeRTOS/tasks.c **** 					xShouldDelay = pdTRUE;
 1162              		.loc 1 1291 19
 1163 0094 0123     		movs	r3, #1
 1164 0096 7B62     		str	r3, [r7, #36]
 1165 0098 0AE0     		b	.L59
 1166              	.L58:
1292:System/FreeRTOS/tasks.c **** 				}
1293:System/FreeRTOS/tasks.c **** 				else
1294:System/FreeRTOS/tasks.c **** 				{
1295:System/FreeRTOS/tasks.c **** 					mtCOVERAGE_TEST_MARKER();
1296:System/FreeRTOS/tasks.c **** 				}
1297:System/FreeRTOS/tasks.c **** 			}
1298:System/FreeRTOS/tasks.c **** 			else
1299:System/FreeRTOS/tasks.c **** 			{
1300:System/FreeRTOS/tasks.c **** 				/* The tick time has not overflowed.  In this case we will
1301:System/FreeRTOS/tasks.c **** 				delay if either the wake time has overflowed, and/or the
1302:System/FreeRTOS/tasks.c **** 				tick time is less than the wake time. */
1303:System/FreeRTOS/tasks.c **** 				if( ( xTimeToWake < *pxPreviousWakeTime ) || ( xTimeToWake > xConstTickCount ) )
 1167              		.loc 1 1303 25
 1168 009a 7B68     		ldr	r3, [r7, #4]
 1169 009c 1B68     		ldr	r3, [r3]
 1170              		.loc 1 1303 7
 1171 009e FA69     		ldr	r2, [r7, #28]
 1172 00a0 9A42     		cmp	r2, r3
 1173 00a2 03D3     		bcc	.L60
 1174              		.loc 1 1303 47 discriminator 1
 1175 00a4 FA69     		ldr	r2, [r7, #28]
 1176 00a6 3B6A     		ldr	r3, [r7, #32]
 1177 00a8 9A42     		cmp	r2, r3
 1178 00aa 01D9     		bls	.L59
 1179              	.L60:
1304:System/FreeRTOS/tasks.c **** 				{
1305:System/FreeRTOS/tasks.c **** 					xShouldDelay = pdTRUE;
 1180              		.loc 1 1305 19
 1181 00ac 0123     		movs	r3, #1
 1182 00ae 7B62     		str	r3, [r7, #36]
 1183              	.L59:
1306:System/FreeRTOS/tasks.c **** 				}
1307:System/FreeRTOS/tasks.c **** 				else
1308:System/FreeRTOS/tasks.c **** 				{
1309:System/FreeRTOS/tasks.c **** 					mtCOVERAGE_TEST_MARKER();
1310:System/FreeRTOS/tasks.c **** 				}
1311:System/FreeRTOS/tasks.c **** 			}
1312:System/FreeRTOS/tasks.c **** 
1313:System/FreeRTOS/tasks.c **** 			/* Update the wake time ready for the next call. */
ARM GAS  C:\Users\HUAV\AppData\Local\Temp\ccerV99a.s 			page 48


1314:System/FreeRTOS/tasks.c **** 			*pxPreviousWakeTime = xTimeToWake;
 1184              		.loc 1 1314 24
 1185 00b0 7B68     		ldr	r3, [r7, #4]
 1186 00b2 FA69     		ldr	r2, [r7, #28]
 1187 00b4 1A60     		str	r2, [r3]
1315:System/FreeRTOS/tasks.c **** 
1316:System/FreeRTOS/tasks.c **** 			if( xShouldDelay != pdFALSE )
 1188              		.loc 1 1316 6
 1189 00b6 7B6A     		ldr	r3, [r7, #36]
 1190 00b8 002B     		cmp	r3, #0
 1191 00ba 06D0     		beq	.L61
1317:System/FreeRTOS/tasks.c **** 			{
1318:System/FreeRTOS/tasks.c **** 				traceTASK_DELAY_UNTIL( xTimeToWake );
1319:System/FreeRTOS/tasks.c **** 
1320:System/FreeRTOS/tasks.c **** 				/* prvAddCurrentTaskToDelayedList() needs the block time, not
1321:System/FreeRTOS/tasks.c **** 				the time to wake, so subtract the current tick count. */
1322:System/FreeRTOS/tasks.c **** 				prvAddCurrentTaskToDelayedList( xTimeToWake - xConstTickCount, pdFALSE );
 1192              		.loc 1 1322 5
 1193 00bc FA69     		ldr	r2, [r7, #28]
 1194 00be 3B6A     		ldr	r3, [r7, #32]
 1195 00c0 D31A     		subs	r3, r2, r3
 1196 00c2 0021     		movs	r1, #0
 1197 00c4 1846     		mov	r0, r3
 1198 00c6 FFF7FEFF 		bl	prvAddCurrentTaskToDelayedList
 1199              	.L61:
 1200              	.LBE141:
1323:System/FreeRTOS/tasks.c **** 			}
1324:System/FreeRTOS/tasks.c **** 			else
1325:System/FreeRTOS/tasks.c **** 			{
1326:System/FreeRTOS/tasks.c **** 				mtCOVERAGE_TEST_MARKER();
1327:System/FreeRTOS/tasks.c **** 			}
1328:System/FreeRTOS/tasks.c **** 		}
1329:System/FreeRTOS/tasks.c **** 		xAlreadyYielded = xTaskResumeAll();
 1201              		.loc 1 1329 21
 1202 00ca FFF7FEFF 		bl	xTaskResumeAll
 1203 00ce B861     		str	r0, [r7, #24]
1330:System/FreeRTOS/tasks.c **** 
1331:System/FreeRTOS/tasks.c **** 		/* Force a reschedule if xTaskResumeAll has not already done so, we may
1332:System/FreeRTOS/tasks.c **** 		have put ourselves to sleep. */
1333:System/FreeRTOS/tasks.c **** 		if( xAlreadyYielded == pdFALSE )
 1204              		.loc 1 1333 5
 1205 00d0 BB69     		ldr	r3, [r7, #24]
 1206 00d2 002B     		cmp	r3, #0
 1207 00d4 07D1     		bne	.L63
1334:System/FreeRTOS/tasks.c **** 		{
1335:System/FreeRTOS/tasks.c **** 			portYIELD_WITHIN_API();
 1208              		.loc 1 1335 4
 1209 00d6 084B     		ldr	r3, .L64+8
 1210 00d8 4FF08052 		mov	r2, #268435456
 1211 00dc 1A60     		str	r2, [r3]
 1212              		.syntax unified
 1213              	@ 1335 "System/FreeRTOS/tasks.c" 1
 1214 00de BFF34F8F 		dsb
 1215              	@ 0 "" 2
 1216              	@ 1335 "System/FreeRTOS/tasks.c" 1
 1217 00e2 BFF36F8F 		isb
 1218              	@ 0 "" 2
ARM GAS  C:\Users\HUAV\AppData\Local\Temp\ccerV99a.s 			page 49


 1219              		.thumb
 1220              		.syntax unified
 1221              	.L63:
1336:System/FreeRTOS/tasks.c **** 		}
1337:System/FreeRTOS/tasks.c **** 		else
1338:System/FreeRTOS/tasks.c **** 		{
1339:System/FreeRTOS/tasks.c **** 			mtCOVERAGE_TEST_MARKER();
1340:System/FreeRTOS/tasks.c **** 		}
1341:System/FreeRTOS/tasks.c **** 	}
 1222              		.loc 1 1341 2
 1223 00e6 00BF     		nop
 1224 00e8 2837     		adds	r7, r7, #40
 1225              	.LCFI28:
 1226              		.cfi_def_cfa_offset 8
 1227 00ea BD46     		mov	sp, r7
 1228              	.LCFI29:
 1229              		.cfi_def_cfa_register 13
 1230              		@ sp needed
 1231 00ec 80BD     		pop	{r7, pc}
 1232              	.L65:
 1233 00ee 00BF     		.align	2
 1234              	.L64:
 1235 00f0 00000000 		.word	uxSchedulerSuspended
 1236 00f4 00000000 		.word	xTickCount
 1237 00f8 04ED00E0 		.word	-536810236
 1238              		.cfi_endproc
 1239              	.LFE10:
 1241              		.section	.text.vTaskDelay,"ax",%progbits
 1242              		.align	1
 1243              		.global	vTaskDelay
 1244              		.syntax unified
 1245              		.thumb
 1246              		.thumb_func
 1248              	vTaskDelay:
 1249              	.LFB11:
1342:System/FreeRTOS/tasks.c **** 
1343:System/FreeRTOS/tasks.c **** #endif /* INCLUDE_vTaskDelayUntil */
1344:System/FreeRTOS/tasks.c **** /*-----------------------------------------------------------*/
1345:System/FreeRTOS/tasks.c **** 
1346:System/FreeRTOS/tasks.c **** #if ( INCLUDE_vTaskDelay == 1 )
1347:System/FreeRTOS/tasks.c **** 
1348:System/FreeRTOS/tasks.c **** 	void vTaskDelay( const TickType_t xTicksToDelay )
1349:System/FreeRTOS/tasks.c **** 	{
 1250              		.loc 1 1349 2
 1251              		.cfi_startproc
 1252              		@ args = 0, pretend = 0, frame = 16
 1253              		@ frame_needed = 1, uses_anonymous_args = 0
 1254 0000 80B5     		push	{r7, lr}
 1255              	.LCFI30:
 1256              		.cfi_def_cfa_offset 8
 1257              		.cfi_offset 7, -8
 1258              		.cfi_offset 14, -4
 1259 0002 84B0     		sub	sp, sp, #16
 1260              	.LCFI31:
 1261              		.cfi_def_cfa_offset 24
 1262 0004 00AF     		add	r7, sp, #0
 1263              	.LCFI32:
ARM GAS  C:\Users\HUAV\AppData\Local\Temp\ccerV99a.s 			page 50


 1264              		.cfi_def_cfa_register 7
 1265 0006 7860     		str	r0, [r7, #4]
1350:System/FreeRTOS/tasks.c **** 	BaseType_t xAlreadyYielded = pdFALSE;
 1266              		.loc 1 1350 13
 1267 0008 0023     		movs	r3, #0
 1268 000a FB60     		str	r3, [r7, #12]
1351:System/FreeRTOS/tasks.c **** 
1352:System/FreeRTOS/tasks.c **** 		/* A delay time of zero just forces a reschedule. */
1353:System/FreeRTOS/tasks.c **** 		if( xTicksToDelay > ( TickType_t ) 0U )
 1269              		.loc 1 1353 5
 1270 000c 7B68     		ldr	r3, [r7, #4]
 1271 000e 002B     		cmp	r3, #0
 1272 0010 17D0     		beq	.L67
1354:System/FreeRTOS/tasks.c **** 		{
1355:System/FreeRTOS/tasks.c **** 			configASSERT( uxSchedulerSuspended == 0 );
 1273              		.loc 1 1355 4
 1274 0012 134B     		ldr	r3, .L72
 1275 0014 1B68     		ldr	r3, [r3]
 1276 0016 002B     		cmp	r3, #0
 1277 0018 0AD0     		beq	.L68
 1278              	.LBB142:
 1279              	.LBB143:
 195:System/FreeRTOS/portable/GCC/ARM_CM4F/portmacro.h **** 	(
 1280              		.loc 2 195 2
 1281              		.syntax unified
 1282              	@ 195 "System/FreeRTOS/portable/GCC/ARM_CM4F/portmacro.h" 1
 1283 001a 4FF05003 			mov r3, #80												
 1284 001e 83F31188 		msr basepri, r3											
 1285 0022 BFF36F8F 		isb														
 1286 0026 BFF34F8F 		dsb														
 1287              	
 1288              	@ 0 "" 2
 1289              		.thumb
 1290              		.syntax unified
 1291 002a BB60     		str	r3, [r7, #8]
 1292              		.loc 2 203 1
 1293 002c 00BF     		nop
 1294              	.L69:
 1295              	.LBE143:
 1296              	.LBE142:
 1297              		.loc 1 1355 4 discriminator 1
 1298 002e FEE7     		b	.L69
 1299              	.L68:
1356:System/FreeRTOS/tasks.c **** 			vTaskSuspendAll();
 1300              		.loc 1 1356 4
 1301 0030 FFF7FEFF 		bl	vTaskSuspendAll
1357:System/FreeRTOS/tasks.c **** 			{
1358:System/FreeRTOS/tasks.c **** 				traceTASK_DELAY();
1359:System/FreeRTOS/tasks.c **** 
1360:System/FreeRTOS/tasks.c **** 				/* A task that is removed from the event list while the
1361:System/FreeRTOS/tasks.c **** 				scheduler is suspended will not get placed in the ready
1362:System/FreeRTOS/tasks.c **** 				list or removed from the blocked list until the scheduler
1363:System/FreeRTOS/tasks.c **** 				is resumed.
1364:System/FreeRTOS/tasks.c **** 
1365:System/FreeRTOS/tasks.c **** 				This task cannot be in an event list as it is the currently
1366:System/FreeRTOS/tasks.c **** 				executing task. */
1367:System/FreeRTOS/tasks.c **** 				prvAddCurrentTaskToDelayedList( xTicksToDelay, pdFALSE );
ARM GAS  C:\Users\HUAV\AppData\Local\Temp\ccerV99a.s 			page 51


 1302              		.loc 1 1367 5
 1303 0034 0021     		movs	r1, #0
 1304 0036 7868     		ldr	r0, [r7, #4]
 1305 0038 FFF7FEFF 		bl	prvAddCurrentTaskToDelayedList
1368:System/FreeRTOS/tasks.c **** 			}
1369:System/FreeRTOS/tasks.c **** 			xAlreadyYielded = xTaskResumeAll();
 1306              		.loc 1 1369 22
 1307 003c FFF7FEFF 		bl	xTaskResumeAll
 1308 0040 F860     		str	r0, [r7, #12]
 1309              	.L67:
1370:System/FreeRTOS/tasks.c **** 		}
1371:System/FreeRTOS/tasks.c **** 		else
1372:System/FreeRTOS/tasks.c **** 		{
1373:System/FreeRTOS/tasks.c **** 			mtCOVERAGE_TEST_MARKER();
1374:System/FreeRTOS/tasks.c **** 		}
1375:System/FreeRTOS/tasks.c **** 
1376:System/FreeRTOS/tasks.c **** 		/* Force a reschedule if xTaskResumeAll has not already done so, we may
1377:System/FreeRTOS/tasks.c **** 		have put ourselves to sleep. */
1378:System/FreeRTOS/tasks.c **** 		if( xAlreadyYielded == pdFALSE )
 1310              		.loc 1 1378 5
 1311 0042 FB68     		ldr	r3, [r7, #12]
 1312 0044 002B     		cmp	r3, #0
 1313 0046 07D1     		bne	.L71
1379:System/FreeRTOS/tasks.c **** 		{
1380:System/FreeRTOS/tasks.c **** 			portYIELD_WITHIN_API();
 1314              		.loc 1 1380 4
 1315 0048 064B     		ldr	r3, .L72+4
 1316 004a 4FF08052 		mov	r2, #268435456
 1317 004e 1A60     		str	r2, [r3]
 1318              		.syntax unified
 1319              	@ 1380 "System/FreeRTOS/tasks.c" 1
 1320 0050 BFF34F8F 		dsb
 1321              	@ 0 "" 2
 1322              	@ 1380 "System/FreeRTOS/tasks.c" 1
 1323 0054 BFF36F8F 		isb
 1324              	@ 0 "" 2
 1325              		.thumb
 1326              		.syntax unified
 1327              	.L71:
1381:System/FreeRTOS/tasks.c **** 		}
1382:System/FreeRTOS/tasks.c **** 		else
1383:System/FreeRTOS/tasks.c **** 		{
1384:System/FreeRTOS/tasks.c **** 			mtCOVERAGE_TEST_MARKER();
1385:System/FreeRTOS/tasks.c **** 		}
1386:System/FreeRTOS/tasks.c **** 	}
 1328              		.loc 1 1386 2
 1329 0058 00BF     		nop
 1330 005a 1037     		adds	r7, r7, #16
 1331              	.LCFI33:
 1332              		.cfi_def_cfa_offset 8
 1333 005c BD46     		mov	sp, r7
 1334              	.LCFI34:
 1335              		.cfi_def_cfa_register 13
 1336              		@ sp needed
 1337 005e 80BD     		pop	{r7, pc}
 1338              	.L73:
 1339              		.align	2
ARM GAS  C:\Users\HUAV\AppData\Local\Temp\ccerV99a.s 			page 52


 1340              	.L72:
 1341 0060 00000000 		.word	uxSchedulerSuspended
 1342 0064 04ED00E0 		.word	-536810236
 1343              		.cfi_endproc
 1344              	.LFE11:
 1346              		.section	.text.eTaskGetState,"ax",%progbits
 1347              		.align	1
 1348              		.global	eTaskGetState
 1349              		.syntax unified
 1350              		.thumb
 1351              		.thumb_func
 1353              	eTaskGetState:
 1354              	.LFB12:
1387:System/FreeRTOS/tasks.c **** 
1388:System/FreeRTOS/tasks.c **** #endif /* INCLUDE_vTaskDelay */
1389:System/FreeRTOS/tasks.c **** /*-----------------------------------------------------------*/
1390:System/FreeRTOS/tasks.c **** 
1391:System/FreeRTOS/tasks.c **** #if( ( INCLUDE_eTaskGetState == 1 ) || ( configUSE_TRACE_FACILITY == 1 ) || ( INCLUDE_xTaskAbortDel
1392:System/FreeRTOS/tasks.c **** 
1393:System/FreeRTOS/tasks.c **** 	eTaskState eTaskGetState( TaskHandle_t xTask )
1394:System/FreeRTOS/tasks.c **** 	{
 1355              		.loc 1 1394 2
 1356              		.cfi_startproc
 1357              		@ args = 0, pretend = 0, frame = 32
 1358              		@ frame_needed = 1, uses_anonymous_args = 0
 1359 0000 80B5     		push	{r7, lr}
 1360              	.LCFI35:
 1361              		.cfi_def_cfa_offset 8
 1362              		.cfi_offset 7, -8
 1363              		.cfi_offset 14, -4
 1364 0002 88B0     		sub	sp, sp, #32
 1365              	.LCFI36:
 1366              		.cfi_def_cfa_offset 40
 1367 0004 00AF     		add	r7, sp, #0
 1368              	.LCFI37:
 1369              		.cfi_def_cfa_register 7
 1370 0006 7860     		str	r0, [r7, #4]
1395:System/FreeRTOS/tasks.c **** 	eTaskState eReturn;
1396:System/FreeRTOS/tasks.c **** 	List_t const * pxStateList, *pxDelayedList, *pxOverflowedDelayedList;
1397:System/FreeRTOS/tasks.c **** 	const TCB_t * const pxTCB = xTask;
 1371              		.loc 1 1397 22
 1372 0008 7B68     		ldr	r3, [r7, #4]
 1373 000a BB61     		str	r3, [r7, #24]
1398:System/FreeRTOS/tasks.c **** 
1399:System/FreeRTOS/tasks.c **** 		configASSERT( pxTCB );
 1374              		.loc 1 1399 3
 1375 000c BB69     		ldr	r3, [r7, #24]
 1376 000e 002B     		cmp	r3, #0
 1377 0010 0AD1     		bne	.L75
 1378              	.LBB144:
 1379              	.LBB145:
 195:System/FreeRTOS/portable/GCC/ARM_CM4F/portmacro.h **** 	(
 1380              		.loc 2 195 2
 1381              		.syntax unified
 1382              	@ 195 "System/FreeRTOS/portable/GCC/ARM_CM4F/portmacro.h" 1
 1383 0012 4FF05003 			mov r3, #80												
 1384 0016 83F31188 		msr basepri, r3											
ARM GAS  C:\Users\HUAV\AppData\Local\Temp\ccerV99a.s 			page 53


 1385 001a BFF36F8F 		isb														
 1386 001e BFF34F8F 		dsb														
 1387              	
 1388              	@ 0 "" 2
 1389              		.thumb
 1390              		.syntax unified
 1391 0022 BB60     		str	r3, [r7, #8]
 1392              		.loc 2 203 1
 1393 0024 00BF     		nop
 1394              	.L76:
 1395              	.LBE145:
 1396              	.LBE144:
 1397              		.loc 1 1399 3 discriminator 1
 1398 0026 FEE7     		b	.L76
 1399              	.L75:
1400:System/FreeRTOS/tasks.c **** 
1401:System/FreeRTOS/tasks.c **** 		if( pxTCB == pxCurrentTCB )
 1400              		.loc 1 1401 13
 1401 0028 234B     		ldr	r3, .L87
 1402 002a 1B68     		ldr	r3, [r3]
 1403              		.loc 1 1401 5
 1404 002c BA69     		ldr	r2, [r7, #24]
 1405 002e 9A42     		cmp	r2, r3
 1406 0030 02D1     		bne	.L77
1402:System/FreeRTOS/tasks.c **** 		{
1403:System/FreeRTOS/tasks.c **** 			/* The task calling this function is querying its own state. */
1404:System/FreeRTOS/tasks.c **** 			eReturn = eRunning;
 1407              		.loc 1 1404 12
 1408 0032 0023     		movs	r3, #0
 1409 0034 FB77     		strb	r3, [r7, #31]
 1410 0036 3AE0     		b	.L78
 1411              	.L77:
1405:System/FreeRTOS/tasks.c **** 		}
1406:System/FreeRTOS/tasks.c **** 		else
1407:System/FreeRTOS/tasks.c **** 		{
1408:System/FreeRTOS/tasks.c **** 			taskENTER_CRITICAL();
 1412              		.loc 1 1408 4
 1413 0038 FFF7FEFF 		bl	vPortEnterCritical
1409:System/FreeRTOS/tasks.c **** 			{
1410:System/FreeRTOS/tasks.c **** 				pxStateList = listLIST_ITEM_CONTAINER( &( pxTCB->xStateListItem ) );
 1414              		.loc 1 1410 17
 1415 003c BB69     		ldr	r3, [r7, #24]
 1416 003e 5B69     		ldr	r3, [r3, #20]
 1417 0040 7B61     		str	r3, [r7, #20]
1411:System/FreeRTOS/tasks.c **** 				pxDelayedList = pxDelayedTaskList;
 1418              		.loc 1 1411 19
 1419 0042 1E4B     		ldr	r3, .L87+4
 1420 0044 1B68     		ldr	r3, [r3]
 1421 0046 3B61     		str	r3, [r7, #16]
1412:System/FreeRTOS/tasks.c **** 				pxOverflowedDelayedList = pxOverflowDelayedTaskList;
 1422              		.loc 1 1412 29
 1423 0048 1D4B     		ldr	r3, .L87+8
 1424 004a 1B68     		ldr	r3, [r3]
 1425 004c FB60     		str	r3, [r7, #12]
1413:System/FreeRTOS/tasks.c **** 			}
1414:System/FreeRTOS/tasks.c **** 			taskEXIT_CRITICAL();
 1426              		.loc 1 1414 4
ARM GAS  C:\Users\HUAV\AppData\Local\Temp\ccerV99a.s 			page 54


 1427 004e FFF7FEFF 		bl	vPortExitCritical
1415:System/FreeRTOS/tasks.c **** 
1416:System/FreeRTOS/tasks.c **** 			if( ( pxStateList == pxDelayedList ) || ( pxStateList == pxOverflowedDelayedList ) )
 1428              		.loc 1 1416 6
 1429 0052 7A69     		ldr	r2, [r7, #20]
 1430 0054 3B69     		ldr	r3, [r7, #16]
 1431 0056 9A42     		cmp	r2, r3
 1432 0058 03D0     		beq	.L79
 1433              		.loc 1 1416 41 discriminator 1
 1434 005a 7A69     		ldr	r2, [r7, #20]
 1435 005c FB68     		ldr	r3, [r7, #12]
 1436 005e 9A42     		cmp	r2, r3
 1437 0060 02D1     		bne	.L80
 1438              	.L79:
1417:System/FreeRTOS/tasks.c **** 			{
1418:System/FreeRTOS/tasks.c **** 				/* The task being queried is referenced from one of the Blocked
1419:System/FreeRTOS/tasks.c **** 				lists. */
1420:System/FreeRTOS/tasks.c **** 				eReturn = eBlocked;
 1439              		.loc 1 1420 13
 1440 0062 0223     		movs	r3, #2
 1441 0064 FB77     		strb	r3, [r7, #31]
 1442 0066 22E0     		b	.L78
 1443              	.L80:
1421:System/FreeRTOS/tasks.c **** 			}
1422:System/FreeRTOS/tasks.c **** 
1423:System/FreeRTOS/tasks.c **** 			#if ( INCLUDE_vTaskSuspend == 1 )
1424:System/FreeRTOS/tasks.c **** 				else if( pxStateList == &xSuspendedTaskList )
 1444              		.loc 1 1424 12
 1445 0068 7B69     		ldr	r3, [r7, #20]
 1446 006a 164A     		ldr	r2, .L87+12
 1447 006c 9342     		cmp	r3, r2
 1448 006e 12D1     		bne	.L81
1425:System/FreeRTOS/tasks.c **** 				{
1426:System/FreeRTOS/tasks.c **** 					/* The task being queried is referenced from the suspended
1427:System/FreeRTOS/tasks.c **** 					list.  Is it genuinely suspended or is it blocked
1428:System/FreeRTOS/tasks.c **** 					indefinitely? */
1429:System/FreeRTOS/tasks.c **** 					if( listLIST_ITEM_CONTAINER( &( pxTCB->xEventListItem ) ) == NULL )
 1449              		.loc 1 1429 10
 1450 0070 BB69     		ldr	r3, [r7, #24]
 1451 0072 9B6A     		ldr	r3, [r3, #40]
 1452              		.loc 1 1429 8
 1453 0074 002B     		cmp	r3, #0
 1454 0076 0BD1     		bne	.L82
1430:System/FreeRTOS/tasks.c **** 					{
1431:System/FreeRTOS/tasks.c **** 						#if( configUSE_TASK_NOTIFICATIONS == 1 )
1432:System/FreeRTOS/tasks.c **** 						{
1433:System/FreeRTOS/tasks.c **** 							/* The task does not appear on the event list item of
1434:System/FreeRTOS/tasks.c **** 							and of the RTOS objects, but could still be in the
1435:System/FreeRTOS/tasks.c **** 							blocked state if it is waiting on its notification
1436:System/FreeRTOS/tasks.c **** 							rather than waiting on an object. */
1437:System/FreeRTOS/tasks.c **** 							if( pxTCB->ucNotifyState == taskWAITING_NOTIFICATION )
 1455              		.loc 1 1437 17
 1456 0078 BB69     		ldr	r3, [r7, #24]
 1457 007a 93F85C30 		ldrb	r3, [r3, #92]
 1458 007e DBB2     		uxtb	r3, r3
 1459              		.loc 1 1437 10
 1460 0080 012B     		cmp	r3, #1
ARM GAS  C:\Users\HUAV\AppData\Local\Temp\ccerV99a.s 			page 55


 1461 0082 02D1     		bne	.L83
1438:System/FreeRTOS/tasks.c **** 							{
1439:System/FreeRTOS/tasks.c **** 								eReturn = eBlocked;
 1462              		.loc 1 1439 17
 1463 0084 0223     		movs	r3, #2
 1464 0086 FB77     		strb	r3, [r7, #31]
 1465 0088 11E0     		b	.L78
 1466              	.L83:
1440:System/FreeRTOS/tasks.c **** 							}
1441:System/FreeRTOS/tasks.c **** 							else
1442:System/FreeRTOS/tasks.c **** 							{
1443:System/FreeRTOS/tasks.c **** 								eReturn = eSuspended;
 1467              		.loc 1 1443 17
 1468 008a 0323     		movs	r3, #3
 1469 008c FB77     		strb	r3, [r7, #31]
 1470 008e 0EE0     		b	.L78
 1471              	.L82:
1444:System/FreeRTOS/tasks.c **** 							}
1445:System/FreeRTOS/tasks.c **** 						}
1446:System/FreeRTOS/tasks.c **** 						#else
1447:System/FreeRTOS/tasks.c **** 						{
1448:System/FreeRTOS/tasks.c **** 							eReturn = eSuspended;
1449:System/FreeRTOS/tasks.c **** 						}
1450:System/FreeRTOS/tasks.c **** 						#endif
1451:System/FreeRTOS/tasks.c **** 					}
1452:System/FreeRTOS/tasks.c **** 					else
1453:System/FreeRTOS/tasks.c **** 					{
1454:System/FreeRTOS/tasks.c **** 						eReturn = eBlocked;
 1472              		.loc 1 1454 15
 1473 0090 0223     		movs	r3, #2
 1474 0092 FB77     		strb	r3, [r7, #31]
 1475 0094 0BE0     		b	.L78
 1476              	.L81:
1455:System/FreeRTOS/tasks.c **** 					}
1456:System/FreeRTOS/tasks.c **** 				}
1457:System/FreeRTOS/tasks.c **** 			#endif
1458:System/FreeRTOS/tasks.c **** 
1459:System/FreeRTOS/tasks.c **** 			#if ( INCLUDE_vTaskDelete == 1 )
1460:System/FreeRTOS/tasks.c **** 				else if( ( pxStateList == &xTasksWaitingTermination ) || ( pxStateList == NULL ) )
 1477              		.loc 1 1460 12
 1478 0096 7B69     		ldr	r3, [r7, #20]
 1479 0098 0B4A     		ldr	r2, .L87+16
 1480 009a 9342     		cmp	r3, r2
 1481 009c 02D0     		beq	.L84
 1482              		.loc 1 1460 59 discriminator 1
 1483 009e 7B69     		ldr	r3, [r7, #20]
 1484 00a0 002B     		cmp	r3, #0
 1485 00a2 02D1     		bne	.L85
 1486              	.L84:
1461:System/FreeRTOS/tasks.c **** 				{
1462:System/FreeRTOS/tasks.c **** 					/* The task being queried is referenced from the deleted
1463:System/FreeRTOS/tasks.c **** 					tasks list, or it is not referenced from any lists at
1464:System/FreeRTOS/tasks.c **** 					all. */
1465:System/FreeRTOS/tasks.c **** 					eReturn = eDeleted;
 1487              		.loc 1 1465 14
 1488 00a4 0423     		movs	r3, #4
 1489 00a6 FB77     		strb	r3, [r7, #31]
ARM GAS  C:\Users\HUAV\AppData\Local\Temp\ccerV99a.s 			page 56


 1490 00a8 01E0     		b	.L78
 1491              	.L85:
1466:System/FreeRTOS/tasks.c **** 				}
1467:System/FreeRTOS/tasks.c **** 			#endif
1468:System/FreeRTOS/tasks.c **** 
1469:System/FreeRTOS/tasks.c **** 			else /*lint !e525 Negative indentation is intended to make use of pre-processor clearer. */
1470:System/FreeRTOS/tasks.c **** 			{
1471:System/FreeRTOS/tasks.c **** 				/* If the task is not in any other state, it must be in the
1472:System/FreeRTOS/tasks.c **** 				Ready (including pending ready) state. */
1473:System/FreeRTOS/tasks.c **** 				eReturn = eReady;
 1492              		.loc 1 1473 13
 1493 00aa 0123     		movs	r3, #1
 1494 00ac FB77     		strb	r3, [r7, #31]
 1495              	.L78:
1474:System/FreeRTOS/tasks.c **** 			}
1475:System/FreeRTOS/tasks.c **** 		}
1476:System/FreeRTOS/tasks.c **** 
1477:System/FreeRTOS/tasks.c **** 		return eReturn;
 1496              		.loc 1 1477 10
 1497 00ae FB7F     		ldrb	r3, [r7, #31]	@ zero_extendqisi2
1478:System/FreeRTOS/tasks.c **** 	} /*lint !e818 xTask cannot be a pointer to const because it is a typedef. */
 1498              		.loc 1 1478 2
 1499 00b0 1846     		mov	r0, r3
 1500 00b2 2037     		adds	r7, r7, #32
 1501              	.LCFI38:
 1502              		.cfi_def_cfa_offset 8
 1503 00b4 BD46     		mov	sp, r7
 1504              	.LCFI39:
 1505              		.cfi_def_cfa_register 13
 1506              		@ sp needed
 1507 00b6 80BD     		pop	{r7, pc}
 1508              	.L88:
 1509              		.align	2
 1510              	.L87:
 1511 00b8 00000000 		.word	pxCurrentTCB
 1512 00bc 00000000 		.word	pxDelayedTaskList
 1513 00c0 00000000 		.word	pxOverflowDelayedTaskList
 1514 00c4 00000000 		.word	xSuspendedTaskList
 1515 00c8 00000000 		.word	xTasksWaitingTermination
 1516              		.cfi_endproc
 1517              	.LFE12:
 1519              		.section	.text.uxTaskPriorityGet,"ax",%progbits
 1520              		.align	1
 1521              		.global	uxTaskPriorityGet
 1522              		.syntax unified
 1523              		.thumb
 1524              		.thumb_func
 1526              	uxTaskPriorityGet:
 1527              	.LFB13:
1479:System/FreeRTOS/tasks.c **** 
1480:System/FreeRTOS/tasks.c **** #endif /* INCLUDE_eTaskGetState */
1481:System/FreeRTOS/tasks.c **** /*-----------------------------------------------------------*/
1482:System/FreeRTOS/tasks.c **** 
1483:System/FreeRTOS/tasks.c **** #if ( INCLUDE_uxTaskPriorityGet == 1 )
1484:System/FreeRTOS/tasks.c **** 
1485:System/FreeRTOS/tasks.c **** 	UBaseType_t uxTaskPriorityGet( const TaskHandle_t xTask )
1486:System/FreeRTOS/tasks.c **** 	{
ARM GAS  C:\Users\HUAV\AppData\Local\Temp\ccerV99a.s 			page 57


 1528              		.loc 1 1486 2
 1529              		.cfi_startproc
 1530              		@ args = 0, pretend = 0, frame = 16
 1531              		@ frame_needed = 1, uses_anonymous_args = 0
 1532 0000 80B5     		push	{r7, lr}
 1533              	.LCFI40:
 1534              		.cfi_def_cfa_offset 8
 1535              		.cfi_offset 7, -8
 1536              		.cfi_offset 14, -4
 1537 0002 84B0     		sub	sp, sp, #16
 1538              	.LCFI41:
 1539              		.cfi_def_cfa_offset 24
 1540 0004 00AF     		add	r7, sp, #0
 1541              	.LCFI42:
 1542              		.cfi_def_cfa_register 7
 1543 0006 7860     		str	r0, [r7, #4]
1487:System/FreeRTOS/tasks.c **** 	TCB_t const *pxTCB;
1488:System/FreeRTOS/tasks.c **** 	UBaseType_t uxReturn;
1489:System/FreeRTOS/tasks.c **** 
1490:System/FreeRTOS/tasks.c **** 		taskENTER_CRITICAL();
 1544              		.loc 1 1490 3
 1545 0008 FFF7FEFF 		bl	vPortEnterCritical
1491:System/FreeRTOS/tasks.c **** 		{
1492:System/FreeRTOS/tasks.c **** 			/* If null is passed in here then it is the priority of the task
1493:System/FreeRTOS/tasks.c **** 			that called uxTaskPriorityGet() that is being queried. */
1494:System/FreeRTOS/tasks.c **** 			pxTCB = prvGetTCBFromHandle( xTask );
 1546              		.loc 1 1494 12
 1547 000c 7B68     		ldr	r3, [r7, #4]
 1548 000e 002B     		cmp	r3, #0
 1549 0010 02D1     		bne	.L90
 1550              		.loc 1 1494 12 is_stmt 0 discriminator 1
 1551 0012 074B     		ldr	r3, .L93
 1552 0014 1B68     		ldr	r3, [r3]
 1553 0016 00E0     		b	.L91
 1554              	.L90:
 1555              		.loc 1 1494 12 discriminator 2
 1556 0018 7B68     		ldr	r3, [r7, #4]
 1557              	.L91:
 1558              		.loc 1 1494 10 is_stmt 1 discriminator 4
 1559 001a FB60     		str	r3, [r7, #12]
1495:System/FreeRTOS/tasks.c **** 			uxReturn = pxTCB->uxPriority;
 1560              		.loc 1 1495 13 discriminator 4
 1561 001c FB68     		ldr	r3, [r7, #12]
 1562 001e DB6A     		ldr	r3, [r3, #44]
 1563 0020 BB60     		str	r3, [r7, #8]
1496:System/FreeRTOS/tasks.c **** 		}
1497:System/FreeRTOS/tasks.c **** 		taskEXIT_CRITICAL();
 1564              		.loc 1 1497 3 discriminator 4
 1565 0022 FFF7FEFF 		bl	vPortExitCritical
1498:System/FreeRTOS/tasks.c **** 
1499:System/FreeRTOS/tasks.c **** 		return uxReturn;
 1566              		.loc 1 1499 10 discriminator 4
 1567 0026 BB68     		ldr	r3, [r7, #8]
1500:System/FreeRTOS/tasks.c **** 	}
 1568              		.loc 1 1500 2 discriminator 4
 1569 0028 1846     		mov	r0, r3
 1570 002a 1037     		adds	r7, r7, #16
ARM GAS  C:\Users\HUAV\AppData\Local\Temp\ccerV99a.s 			page 58


 1571              	.LCFI43:
 1572              		.cfi_def_cfa_offset 8
 1573 002c BD46     		mov	sp, r7
 1574              	.LCFI44:
 1575              		.cfi_def_cfa_register 13
 1576              		@ sp needed
 1577 002e 80BD     		pop	{r7, pc}
 1578              	.L94:
 1579              		.align	2
 1580              	.L93:
 1581 0030 00000000 		.word	pxCurrentTCB
 1582              		.cfi_endproc
 1583              	.LFE13:
 1585              		.section	.text.uxTaskPriorityGetFromISR,"ax",%progbits
 1586              		.align	1
 1587              		.global	uxTaskPriorityGetFromISR
 1588              		.syntax unified
 1589              		.thumb
 1590              		.thumb_func
 1592              	uxTaskPriorityGetFromISR:
 1593              	.LFB14:
1501:System/FreeRTOS/tasks.c **** 
1502:System/FreeRTOS/tasks.c **** #endif /* INCLUDE_uxTaskPriorityGet */
1503:System/FreeRTOS/tasks.c **** /*-----------------------------------------------------------*/
1504:System/FreeRTOS/tasks.c **** 
1505:System/FreeRTOS/tasks.c **** #if ( INCLUDE_uxTaskPriorityGet == 1 )
1506:System/FreeRTOS/tasks.c **** 
1507:System/FreeRTOS/tasks.c **** 	UBaseType_t uxTaskPriorityGetFromISR( const TaskHandle_t xTask )
1508:System/FreeRTOS/tasks.c **** 	{
 1594              		.loc 1 1508 2
 1595              		.cfi_startproc
 1596              		@ args = 0, pretend = 0, frame = 32
 1597              		@ frame_needed = 1, uses_anonymous_args = 0
 1598 0000 80B5     		push	{r7, lr}
 1599              	.LCFI45:
 1600              		.cfi_def_cfa_offset 8
 1601              		.cfi_offset 7, -8
 1602              		.cfi_offset 14, -4
 1603 0002 88B0     		sub	sp, sp, #32
 1604              	.LCFI46:
 1605              		.cfi_def_cfa_offset 40
 1606 0004 00AF     		add	r7, sp, #0
 1607              	.LCFI47:
 1608              		.cfi_def_cfa_register 7
 1609 0006 7860     		str	r0, [r7, #4]
1509:System/FreeRTOS/tasks.c **** 	TCB_t const *pxTCB;
1510:System/FreeRTOS/tasks.c **** 	UBaseType_t uxReturn, uxSavedInterruptState;
1511:System/FreeRTOS/tasks.c **** 
1512:System/FreeRTOS/tasks.c **** 		/* RTOS ports that support interrupt nesting have the concept of a
1513:System/FreeRTOS/tasks.c **** 		maximum	system call (or maximum API call) interrupt priority.
1514:System/FreeRTOS/tasks.c **** 		Interrupts that are	above the maximum system call priority are keep
1515:System/FreeRTOS/tasks.c **** 		permanently enabled, even when the RTOS kernel is in a critical section,
1516:System/FreeRTOS/tasks.c **** 		but cannot make any calls to FreeRTOS API functions.  If configASSERT()
1517:System/FreeRTOS/tasks.c **** 		is defined in FreeRTOSConfig.h then
1518:System/FreeRTOS/tasks.c **** 		portASSERT_IF_INTERRUPT_PRIORITY_INVALID() will result in an assertion
1519:System/FreeRTOS/tasks.c **** 		failure if a FreeRTOS API function is called from an interrupt that has
1520:System/FreeRTOS/tasks.c **** 		been assigned a priority above the configured maximum system call
ARM GAS  C:\Users\HUAV\AppData\Local\Temp\ccerV99a.s 			page 59


1521:System/FreeRTOS/tasks.c **** 		priority.  Only FreeRTOS functions that end in FromISR can be called
1522:System/FreeRTOS/tasks.c **** 		from interrupts	that have been assigned a priority at or (logically)
1523:System/FreeRTOS/tasks.c **** 		below the maximum system call interrupt priority.  FreeRTOS maintains a
1524:System/FreeRTOS/tasks.c **** 		separate interrupt safe API to ensure interrupt entry is as fast and as
1525:System/FreeRTOS/tasks.c **** 		simple as possible.  More information (albeit Cortex-M specific) is
1526:System/FreeRTOS/tasks.c **** 		provided on the following link:
1527:System/FreeRTOS/tasks.c **** 		https://www.freertos.org/RTOS-Cortex-M3-M4.html */
1528:System/FreeRTOS/tasks.c **** 		portASSERT_IF_INTERRUPT_PRIORITY_INVALID();
 1610              		.loc 1 1528 3
 1611 0008 FFF7FEFF 		bl	vPortValidateInterruptPriority
 1612              	.LBB146:
 1613              	.LBB147:
 204:System/FreeRTOS/portable/GCC/ARM_CM4F/portmacro.h **** 
 205:System/FreeRTOS/portable/GCC/ARM_CM4F/portmacro.h **** /*-----------------------------------------------------------*/
 206:System/FreeRTOS/portable/GCC/ARM_CM4F/portmacro.h **** 
 207:System/FreeRTOS/portable/GCC/ARM_CM4F/portmacro.h **** portFORCE_INLINE static uint32_t ulPortRaiseBASEPRI( void )
 208:System/FreeRTOS/portable/GCC/ARM_CM4F/portmacro.h **** {
 209:System/FreeRTOS/portable/GCC/ARM_CM4F/portmacro.h **** uint32_t ulOriginalBASEPRI, ulNewBASEPRI;
 210:System/FreeRTOS/portable/GCC/ARM_CM4F/portmacro.h **** 
 211:System/FreeRTOS/portable/GCC/ARM_CM4F/portmacro.h **** 	__asm volatile
 1614              		.loc 2 211 2
 1615              		.syntax unified
 1616              	@ 211 "System/FreeRTOS/portable/GCC/ARM_CM4F/portmacro.h" 1
 1617 000c EFF31182 			mrs r2, basepri											
 1618 0010 4FF05003 		mov r3, #80												
 1619 0014 83F31188 		msr basepri, r3											
 1620 0018 BFF36F8F 		isb														
 1621 001c BFF34F8F 		dsb														
 1622              	
 1623              	@ 0 "" 2
 1624              		.thumb
 1625              		.syntax unified
 1626 0020 3A61     		str	r2, [r7, #16]
 1627 0022 FB60     		str	r3, [r7, #12]
 212:System/FreeRTOS/portable/GCC/ARM_CM4F/portmacro.h **** 	(
 213:System/FreeRTOS/portable/GCC/ARM_CM4F/portmacro.h **** 		"	mrs %0, basepri											\n" \
 214:System/FreeRTOS/portable/GCC/ARM_CM4F/portmacro.h **** 		"	mov %1, %2												\n"	\
 215:System/FreeRTOS/portable/GCC/ARM_CM4F/portmacro.h **** 		"	msr basepri, %1											\n" \
 216:System/FreeRTOS/portable/GCC/ARM_CM4F/portmacro.h **** 		"	isb														\n" \
 217:System/FreeRTOS/portable/GCC/ARM_CM4F/portmacro.h **** 		"	dsb														\n" \
 218:System/FreeRTOS/portable/GCC/ARM_CM4F/portmacro.h **** 		:"=r" (ulOriginalBASEPRI), "=r" (ulNewBASEPRI) : "i" ( configMAX_SYSCALL_INTERRUPT_PRIORITY ) : "
 219:System/FreeRTOS/portable/GCC/ARM_CM4F/portmacro.h **** 	);
 220:System/FreeRTOS/portable/GCC/ARM_CM4F/portmacro.h **** 
 221:System/FreeRTOS/portable/GCC/ARM_CM4F/portmacro.h **** 	/* This return will not be reached but is necessary to prevent compiler
 222:System/FreeRTOS/portable/GCC/ARM_CM4F/portmacro.h **** 	warnings. */
 223:System/FreeRTOS/portable/GCC/ARM_CM4F/portmacro.h **** 	return ulOriginalBASEPRI;
 1628              		.loc 2 223 9
 1629 0024 3B69     		ldr	r3, [r7, #16]
 1630              	.LBE147:
 1631              	.LBE146:
1529:System/FreeRTOS/tasks.c **** 
1530:System/FreeRTOS/tasks.c **** 		uxSavedInterruptState = portSET_INTERRUPT_MASK_FROM_ISR();
 1632              		.loc 1 1530 27
 1633 0026 FB61     		str	r3, [r7, #28]
1531:System/FreeRTOS/tasks.c **** 		{
1532:System/FreeRTOS/tasks.c **** 			/* If null is passed in here then it is the priority of the calling
1533:System/FreeRTOS/tasks.c **** 			task that is being queried. */
ARM GAS  C:\Users\HUAV\AppData\Local\Temp\ccerV99a.s 			page 60


1534:System/FreeRTOS/tasks.c **** 			pxTCB = prvGetTCBFromHandle( xTask );
 1634              		.loc 1 1534 12
 1635 0028 7B68     		ldr	r3, [r7, #4]
 1636 002a 002B     		cmp	r3, #0
 1637 002c 02D1     		bne	.L97
 1638              		.loc 1 1534 12 is_stmt 0 discriminator 1
 1639 002e 094B     		ldr	r3, .L100
 1640 0030 1B68     		ldr	r3, [r3]
 1641 0032 00E0     		b	.L98
 1642              	.L97:
 1643              		.loc 1 1534 12 discriminator 2
 1644 0034 7B68     		ldr	r3, [r7, #4]
 1645              	.L98:
 1646              		.loc 1 1534 10 is_stmt 1 discriminator 4
 1647 0036 BB61     		str	r3, [r7, #24]
1535:System/FreeRTOS/tasks.c **** 			uxReturn = pxTCB->uxPriority;
 1648              		.loc 1 1535 13 discriminator 4
 1649 0038 BB69     		ldr	r3, [r7, #24]
 1650 003a DB6A     		ldr	r3, [r3, #44]
 1651 003c 7B61     		str	r3, [r7, #20]
 1652 003e FB69     		ldr	r3, [r7, #28]
 1653 0040 BB60     		str	r3, [r7, #8]
 1654              	.LBB148:
 1655              	.LBB149:
 224:System/FreeRTOS/portable/GCC/ARM_CM4F/portmacro.h **** }
 225:System/FreeRTOS/portable/GCC/ARM_CM4F/portmacro.h **** /*-----------------------------------------------------------*/
 226:System/FreeRTOS/portable/GCC/ARM_CM4F/portmacro.h **** 
 227:System/FreeRTOS/portable/GCC/ARM_CM4F/portmacro.h **** portFORCE_INLINE static void vPortSetBASEPRI( uint32_t ulNewMaskValue )
 228:System/FreeRTOS/portable/GCC/ARM_CM4F/portmacro.h **** {
 229:System/FreeRTOS/portable/GCC/ARM_CM4F/portmacro.h **** 	__asm volatile
 1656              		.loc 2 229 2 discriminator 4
 1657 0042 BB68     		ldr	r3, [r7, #8]
 1658              		.syntax unified
 1659              	@ 229 "System/FreeRTOS/portable/GCC/ARM_CM4F/portmacro.h" 1
 1660 0044 83F31188 			msr basepri, r3	
 1661              	@ 0 "" 2
 230:System/FreeRTOS/portable/GCC/ARM_CM4F/portmacro.h **** 	(
 231:System/FreeRTOS/portable/GCC/ARM_CM4F/portmacro.h **** 		"	msr basepri, %0	" :: "r" ( ulNewMaskValue ) : "memory"
 232:System/FreeRTOS/portable/GCC/ARM_CM4F/portmacro.h **** 	);
 233:System/FreeRTOS/portable/GCC/ARM_CM4F/portmacro.h **** }
 1662              		.loc 2 233 1 discriminator 4
 1663              		.thumb
 1664              		.syntax unified
 1665 0048 00BF     		nop
 1666              	.LBE149:
 1667              	.LBE148:
1536:System/FreeRTOS/tasks.c **** 		}
1537:System/FreeRTOS/tasks.c **** 		portCLEAR_INTERRUPT_MASK_FROM_ISR( uxSavedInterruptState );
1538:System/FreeRTOS/tasks.c **** 
1539:System/FreeRTOS/tasks.c **** 		return uxReturn;
 1668              		.loc 1 1539 10 discriminator 4
 1669 004a 7B69     		ldr	r3, [r7, #20]
1540:System/FreeRTOS/tasks.c **** 	}
 1670              		.loc 1 1540 2 discriminator 4
 1671 004c 1846     		mov	r0, r3
 1672 004e 2037     		adds	r7, r7, #32
 1673              	.LCFI48:
ARM GAS  C:\Users\HUAV\AppData\Local\Temp\ccerV99a.s 			page 61


 1674              		.cfi_def_cfa_offset 8
 1675 0050 BD46     		mov	sp, r7
 1676              	.LCFI49:
 1677              		.cfi_def_cfa_register 13
 1678              		@ sp needed
 1679 0052 80BD     		pop	{r7, pc}
 1680              	.L101:
 1681              		.align	2
 1682              	.L100:
 1683 0054 00000000 		.word	pxCurrentTCB
 1684              		.cfi_endproc
 1685              	.LFE14:
 1687              		.section	.text.vTaskPrioritySet,"ax",%progbits
 1688              		.align	1
 1689              		.global	vTaskPrioritySet
 1690              		.syntax unified
 1691              		.thumb
 1692              		.thumb_func
 1694              	vTaskPrioritySet:
 1695              	.LFB15:
1541:System/FreeRTOS/tasks.c **** 
1542:System/FreeRTOS/tasks.c **** #endif /* INCLUDE_uxTaskPriorityGet */
1543:System/FreeRTOS/tasks.c **** /*-----------------------------------------------------------*/
1544:System/FreeRTOS/tasks.c **** 
1545:System/FreeRTOS/tasks.c **** #if ( INCLUDE_vTaskPrioritySet == 1 )
1546:System/FreeRTOS/tasks.c **** 
1547:System/FreeRTOS/tasks.c **** 	void vTaskPrioritySet( TaskHandle_t xTask, UBaseType_t uxNewPriority )
1548:System/FreeRTOS/tasks.c **** 	{
 1696              		.loc 1 1548 2
 1697              		.cfi_startproc
 1698              		@ args = 0, pretend = 0, frame = 32
 1699              		@ frame_needed = 1, uses_anonymous_args = 0
 1700 0000 80B5     		push	{r7, lr}
 1701              	.LCFI50:
 1702              		.cfi_def_cfa_offset 8
 1703              		.cfi_offset 7, -8
 1704              		.cfi_offset 14, -4
 1705 0002 88B0     		sub	sp, sp, #32
 1706              	.LCFI51:
 1707              		.cfi_def_cfa_offset 40
 1708 0004 00AF     		add	r7, sp, #0
 1709              	.LCFI52:
 1710              		.cfi_def_cfa_register 7
 1711 0006 7860     		str	r0, [r7, #4]
 1712 0008 3960     		str	r1, [r7]
1549:System/FreeRTOS/tasks.c **** 	TCB_t *pxTCB;
1550:System/FreeRTOS/tasks.c **** 	UBaseType_t uxCurrentBasePriority, uxPriorityUsedOnEntry;
1551:System/FreeRTOS/tasks.c **** 	BaseType_t xYieldRequired = pdFALSE;
 1713              		.loc 1 1551 13
 1714 000a 0023     		movs	r3, #0
 1715 000c FB61     		str	r3, [r7, #28]
1552:System/FreeRTOS/tasks.c **** 
1553:System/FreeRTOS/tasks.c **** 		configASSERT( ( uxNewPriority < configMAX_PRIORITIES ) );
 1716              		.loc 1 1553 3
 1717 000e 3B68     		ldr	r3, [r7]
 1718 0010 042B     		cmp	r3, #4
 1719 0012 0AD9     		bls	.L103
ARM GAS  C:\Users\HUAV\AppData\Local\Temp\ccerV99a.s 			page 62


 1720              	.LBB150:
 1721              	.LBB151:
 195:System/FreeRTOS/portable/GCC/ARM_CM4F/portmacro.h **** 	(
 1722              		.loc 2 195 2
 1723              		.syntax unified
 1724              	@ 195 "System/FreeRTOS/portable/GCC/ARM_CM4F/portmacro.h" 1
 1725 0014 4FF05003 			mov r3, #80												
 1726 0018 83F31188 		msr basepri, r3											
 1727 001c BFF36F8F 		isb														
 1728 0020 BFF34F8F 		dsb														
 1729              	
 1730              	@ 0 "" 2
 1731              		.thumb
 1732              		.syntax unified
 1733 0024 FB60     		str	r3, [r7, #12]
 203:System/FreeRTOS/portable/GCC/ARM_CM4F/portmacro.h **** 
 1734              		.loc 2 203 1
 1735 0026 00BF     		nop
 1736              	.L104:
 1737              	.LBE151:
 1738              	.LBE150:
 1739              		.loc 1 1553 3 discriminator 1
 1740 0028 FEE7     		b	.L104
 1741              	.L103:
1554:System/FreeRTOS/tasks.c **** 
1555:System/FreeRTOS/tasks.c **** 		/* Ensure the new priority is valid. */
1556:System/FreeRTOS/tasks.c **** 		if( uxNewPriority >= ( UBaseType_t ) configMAX_PRIORITIES )
 1742              		.loc 1 1556 5
 1743 002a 3B68     		ldr	r3, [r7]
 1744 002c 042B     		cmp	r3, #4
 1745 002e 01D9     		bls	.L105
1557:System/FreeRTOS/tasks.c **** 		{
1558:System/FreeRTOS/tasks.c **** 			uxNewPriority = ( UBaseType_t ) configMAX_PRIORITIES - ( UBaseType_t ) 1U;
 1746              		.loc 1 1558 18
 1747 0030 0423     		movs	r3, #4
 1748 0032 3B60     		str	r3, [r7]
 1749              	.L105:
1559:System/FreeRTOS/tasks.c **** 		}
1560:System/FreeRTOS/tasks.c **** 		else
1561:System/FreeRTOS/tasks.c **** 		{
1562:System/FreeRTOS/tasks.c **** 			mtCOVERAGE_TEST_MARKER();
1563:System/FreeRTOS/tasks.c **** 		}
1564:System/FreeRTOS/tasks.c **** 
1565:System/FreeRTOS/tasks.c **** 		taskENTER_CRITICAL();
 1750              		.loc 1 1565 3
 1751 0034 FFF7FEFF 		bl	vPortEnterCritical
1566:System/FreeRTOS/tasks.c **** 		{
1567:System/FreeRTOS/tasks.c **** 			/* If null is passed in here then it is the priority of the calling
1568:System/FreeRTOS/tasks.c **** 			task that is being changed. */
1569:System/FreeRTOS/tasks.c **** 			pxTCB = prvGetTCBFromHandle( xTask );
 1752              		.loc 1 1569 12
 1753 0038 7B68     		ldr	r3, [r7, #4]
 1754 003a 002B     		cmp	r3, #0
 1755 003c 02D1     		bne	.L106
 1756              		.loc 1 1569 12 is_stmt 0 discriminator 1
 1757 003e 414B     		ldr	r3, .L115
 1758 0040 1B68     		ldr	r3, [r3]
ARM GAS  C:\Users\HUAV\AppData\Local\Temp\ccerV99a.s 			page 63


 1759 0042 00E0     		b	.L107
 1760              	.L106:
 1761              		.loc 1 1569 12 discriminator 2
 1762 0044 7B68     		ldr	r3, [r7, #4]
 1763              	.L107:
 1764              		.loc 1 1569 10 is_stmt 1 discriminator 4
 1765 0046 BB61     		str	r3, [r7, #24]
1570:System/FreeRTOS/tasks.c **** 
1571:System/FreeRTOS/tasks.c **** 			traceTASK_PRIORITY_SET( pxTCB, uxNewPriority );
1572:System/FreeRTOS/tasks.c **** 
1573:System/FreeRTOS/tasks.c **** 			#if ( configUSE_MUTEXES == 1 )
1574:System/FreeRTOS/tasks.c **** 			{
1575:System/FreeRTOS/tasks.c **** 				uxCurrentBasePriority = pxTCB->uxBasePriority;
 1766              		.loc 1 1575 27 discriminator 4
 1767 0048 BB69     		ldr	r3, [r7, #24]
 1768 004a 1B6D     		ldr	r3, [r3, #80]
 1769 004c 7B61     		str	r3, [r7, #20]
1576:System/FreeRTOS/tasks.c **** 			}
1577:System/FreeRTOS/tasks.c **** 			#else
1578:System/FreeRTOS/tasks.c **** 			{
1579:System/FreeRTOS/tasks.c **** 				uxCurrentBasePriority = pxTCB->uxPriority;
1580:System/FreeRTOS/tasks.c **** 			}
1581:System/FreeRTOS/tasks.c **** 			#endif
1582:System/FreeRTOS/tasks.c **** 
1583:System/FreeRTOS/tasks.c **** 			if( uxCurrentBasePriority != uxNewPriority )
 1770              		.loc 1 1583 6 discriminator 4
 1771 004e 7A69     		ldr	r2, [r7, #20]
 1772 0050 3B68     		ldr	r3, [r7]
 1773 0052 9A42     		cmp	r2, r3
 1774 0054 6FD0     		beq	.L108
1584:System/FreeRTOS/tasks.c **** 			{
1585:System/FreeRTOS/tasks.c **** 				/* The priority change may have readied a task of higher
1586:System/FreeRTOS/tasks.c **** 				priority than the calling task. */
1587:System/FreeRTOS/tasks.c **** 				if( uxNewPriority > uxCurrentBasePriority )
 1775              		.loc 1 1587 7
 1776 0056 3A68     		ldr	r2, [r7]
 1777 0058 7B69     		ldr	r3, [r7, #20]
 1778 005a 9A42     		cmp	r2, r3
 1779 005c 0DD9     		bls	.L109
1588:System/FreeRTOS/tasks.c **** 				{
1589:System/FreeRTOS/tasks.c **** 					if( pxTCB != pxCurrentTCB )
 1780              		.loc 1 1589 16
 1781 005e 394B     		ldr	r3, .L115
 1782 0060 1B68     		ldr	r3, [r3]
 1783              		.loc 1 1589 8
 1784 0062 BA69     		ldr	r2, [r7, #24]
 1785 0064 9A42     		cmp	r2, r3
 1786 0066 0FD0     		beq	.L110
1590:System/FreeRTOS/tasks.c **** 					{
1591:System/FreeRTOS/tasks.c **** 						/* The priority of a task other than the currently
1592:System/FreeRTOS/tasks.c **** 						running task is being raised.  Is the priority being
1593:System/FreeRTOS/tasks.c **** 						raised above that of the running task? */
1594:System/FreeRTOS/tasks.c **** 						if( uxNewPriority >= pxCurrentTCB->uxPriority )
 1787              		.loc 1 1594 40
 1788 0068 364B     		ldr	r3, .L115
 1789 006a 1B68     		ldr	r3, [r3]
 1790 006c DB6A     		ldr	r3, [r3, #44]
ARM GAS  C:\Users\HUAV\AppData\Local\Temp\ccerV99a.s 			page 64


 1791              		.loc 1 1594 9
 1792 006e 3A68     		ldr	r2, [r7]
 1793 0070 9A42     		cmp	r2, r3
 1794 0072 09D3     		bcc	.L110
1595:System/FreeRTOS/tasks.c **** 						{
1596:System/FreeRTOS/tasks.c **** 							xYieldRequired = pdTRUE;
 1795              		.loc 1 1596 23
 1796 0074 0123     		movs	r3, #1
 1797 0076 FB61     		str	r3, [r7, #28]
 1798 0078 06E0     		b	.L110
 1799              	.L109:
1597:System/FreeRTOS/tasks.c **** 						}
1598:System/FreeRTOS/tasks.c **** 						else
1599:System/FreeRTOS/tasks.c **** 						{
1600:System/FreeRTOS/tasks.c **** 							mtCOVERAGE_TEST_MARKER();
1601:System/FreeRTOS/tasks.c **** 						}
1602:System/FreeRTOS/tasks.c **** 					}
1603:System/FreeRTOS/tasks.c **** 					else
1604:System/FreeRTOS/tasks.c **** 					{
1605:System/FreeRTOS/tasks.c **** 						/* The priority of the running task is being raised,
1606:System/FreeRTOS/tasks.c **** 						but the running task must already be the highest
1607:System/FreeRTOS/tasks.c **** 						priority task able to run so no yield is required. */
1608:System/FreeRTOS/tasks.c **** 					}
1609:System/FreeRTOS/tasks.c **** 				}
1610:System/FreeRTOS/tasks.c **** 				else if( pxTCB == pxCurrentTCB )
 1800              		.loc 1 1610 20
 1801 007a 324B     		ldr	r3, .L115
 1802 007c 1B68     		ldr	r3, [r3]
 1803              		.loc 1 1610 12
 1804 007e BA69     		ldr	r2, [r7, #24]
 1805 0080 9A42     		cmp	r2, r3
 1806 0082 01D1     		bne	.L110
1611:System/FreeRTOS/tasks.c **** 				{
1612:System/FreeRTOS/tasks.c **** 					/* Setting the priority of the running task down means
1613:System/FreeRTOS/tasks.c **** 					there may now be another task of higher priority that
1614:System/FreeRTOS/tasks.c **** 					is ready to execute. */
1615:System/FreeRTOS/tasks.c **** 					xYieldRequired = pdTRUE;
 1807              		.loc 1 1615 21
 1808 0084 0123     		movs	r3, #1
 1809 0086 FB61     		str	r3, [r7, #28]
 1810              	.L110:
1616:System/FreeRTOS/tasks.c **** 				}
1617:System/FreeRTOS/tasks.c **** 				else
1618:System/FreeRTOS/tasks.c **** 				{
1619:System/FreeRTOS/tasks.c **** 					/* Setting the priority of any other task down does not
1620:System/FreeRTOS/tasks.c **** 					require a yield as the running task must be above the
1621:System/FreeRTOS/tasks.c **** 					new priority of the task being modified. */
1622:System/FreeRTOS/tasks.c **** 				}
1623:System/FreeRTOS/tasks.c **** 
1624:System/FreeRTOS/tasks.c **** 				/* Remember the ready list the task might be referenced from
1625:System/FreeRTOS/tasks.c **** 				before its uxPriority member is changed so the
1626:System/FreeRTOS/tasks.c **** 				taskRESET_READY_PRIORITY() macro can function correctly. */
1627:System/FreeRTOS/tasks.c **** 				uxPriorityUsedOnEntry = pxTCB->uxPriority;
 1811              		.loc 1 1627 27
 1812 0088 BB69     		ldr	r3, [r7, #24]
 1813 008a DB6A     		ldr	r3, [r3, #44]
 1814 008c 3B61     		str	r3, [r7, #16]
ARM GAS  C:\Users\HUAV\AppData\Local\Temp\ccerV99a.s 			page 65


1628:System/FreeRTOS/tasks.c **** 
1629:System/FreeRTOS/tasks.c **** 				#if ( configUSE_MUTEXES == 1 )
1630:System/FreeRTOS/tasks.c **** 				{
1631:System/FreeRTOS/tasks.c **** 					/* Only change the priority being used if the task is not
1632:System/FreeRTOS/tasks.c **** 					currently using an inherited priority. */
1633:System/FreeRTOS/tasks.c **** 					if( pxTCB->uxBasePriority == pxTCB->uxPriority )
 1815              		.loc 1 1633 15
 1816 008e BB69     		ldr	r3, [r7, #24]
 1817 0090 1A6D     		ldr	r2, [r3, #80]
 1818              		.loc 1 1633 40
 1819 0092 BB69     		ldr	r3, [r7, #24]
 1820 0094 DB6A     		ldr	r3, [r3, #44]
 1821              		.loc 1 1633 8
 1822 0096 9A42     		cmp	r2, r3
 1823 0098 02D1     		bne	.L111
1634:System/FreeRTOS/tasks.c **** 					{
1635:System/FreeRTOS/tasks.c **** 						pxTCB->uxPriority = uxNewPriority;
 1824              		.loc 1 1635 25
 1825 009a BB69     		ldr	r3, [r7, #24]
 1826 009c 3A68     		ldr	r2, [r7]
 1827 009e DA62     		str	r2, [r3, #44]
 1828              	.L111:
1636:System/FreeRTOS/tasks.c **** 					}
1637:System/FreeRTOS/tasks.c **** 					else
1638:System/FreeRTOS/tasks.c **** 					{
1639:System/FreeRTOS/tasks.c **** 						mtCOVERAGE_TEST_MARKER();
1640:System/FreeRTOS/tasks.c **** 					}
1641:System/FreeRTOS/tasks.c **** 
1642:System/FreeRTOS/tasks.c **** 					/* The base priority gets set whatever. */
1643:System/FreeRTOS/tasks.c **** 					pxTCB->uxBasePriority = uxNewPriority;
 1829              		.loc 1 1643 28
 1830 00a0 BB69     		ldr	r3, [r7, #24]
 1831 00a2 3A68     		ldr	r2, [r7]
 1832 00a4 1A65     		str	r2, [r3, #80]
1644:System/FreeRTOS/tasks.c **** 				}
1645:System/FreeRTOS/tasks.c **** 				#else
1646:System/FreeRTOS/tasks.c **** 				{
1647:System/FreeRTOS/tasks.c **** 					pxTCB->uxPriority = uxNewPriority;
1648:System/FreeRTOS/tasks.c **** 				}
1649:System/FreeRTOS/tasks.c **** 				#endif
1650:System/FreeRTOS/tasks.c **** 
1651:System/FreeRTOS/tasks.c **** 				/* Only reset the event list item value if the value is not
1652:System/FreeRTOS/tasks.c **** 				being used for anything else. */
1653:System/FreeRTOS/tasks.c **** 				if( ( listGET_LIST_ITEM_VALUE( &( pxTCB->xEventListItem ) ) & taskEVENT_LIST_ITEM_VALUE_IN_USE 
 1833              		.loc 1 1653 11
 1834 00a6 BB69     		ldr	r3, [r7, #24]
 1835 00a8 9B69     		ldr	r3, [r3, #24]
 1836              		.loc 1 1653 7
 1837 00aa 002B     		cmp	r3, #0
 1838 00ac 04DB     		blt	.L112
1654:System/FreeRTOS/tasks.c **** 				{
1655:System/FreeRTOS/tasks.c **** 					listSET_LIST_ITEM_VALUE( &( pxTCB->xEventListItem ), ( ( TickType_t ) configMAX_PRIORITIES - (
 1839              		.loc 1 1655 6
 1840 00ae 3B68     		ldr	r3, [r7]
 1841 00b0 C3F10502 		rsb	r2, r3, #5
 1842 00b4 BB69     		ldr	r3, [r7, #24]
 1843 00b6 9A61     		str	r2, [r3, #24]
ARM GAS  C:\Users\HUAV\AppData\Local\Temp\ccerV99a.s 			page 66


 1844              	.L112:
1656:System/FreeRTOS/tasks.c **** 				}
1657:System/FreeRTOS/tasks.c **** 				else
1658:System/FreeRTOS/tasks.c **** 				{
1659:System/FreeRTOS/tasks.c **** 					mtCOVERAGE_TEST_MARKER();
1660:System/FreeRTOS/tasks.c **** 				}
1661:System/FreeRTOS/tasks.c **** 
1662:System/FreeRTOS/tasks.c **** 				/* If the task is in the blocked or suspended list we need do
1663:System/FreeRTOS/tasks.c **** 				nothing more than change its priority variable. However, if
1664:System/FreeRTOS/tasks.c **** 				the task is in a ready list it needs to be removed and placed
1665:System/FreeRTOS/tasks.c **** 				in the list appropriate to its new priority. */
1666:System/FreeRTOS/tasks.c **** 				if( listIS_CONTAINED_WITHIN( &( pxReadyTasksLists[ uxPriorityUsedOnEntry ] ), &( pxTCB->xStateL
 1845              		.loc 1 1666 9
 1846 00b8 BB69     		ldr	r3, [r7, #24]
 1847 00ba 5969     		ldr	r1, [r3, #20]
 1848 00bc 3A69     		ldr	r2, [r7, #16]
 1849 00be 1346     		mov	r3, r2
 1850 00c0 9B00     		lsls	r3, r3, #2
 1851 00c2 1344     		add	r3, r3, r2
 1852 00c4 9B00     		lsls	r3, r3, #2
 1853 00c6 204A     		ldr	r2, .L115+4
 1854 00c8 1344     		add	r3, r3, r2
 1855              		.loc 1 1666 7
 1856 00ca 9942     		cmp	r1, r3
 1857 00cc 28D1     		bne	.L113
1667:System/FreeRTOS/tasks.c **** 				{
1668:System/FreeRTOS/tasks.c **** 					/* The task is currently in its ready list - remove before
1669:System/FreeRTOS/tasks.c **** 					adding it to it's new ready list.  As we are in a critical
1670:System/FreeRTOS/tasks.c **** 					section we can do this even if the scheduler is suspended. */
1671:System/FreeRTOS/tasks.c **** 					if( uxListRemove( &( pxTCB->xStateListItem ) ) == ( UBaseType_t ) 0 )
 1858              		.loc 1 1671 10
 1859 00ce BB69     		ldr	r3, [r7, #24]
 1860 00d0 0433     		adds	r3, r3, #4
 1861 00d2 1846     		mov	r0, r3
 1862 00d4 FFF7FEFF 		bl	uxListRemove
 1863 00d8 0346     		mov	r3, r0
 1864              		.loc 1 1671 8
 1865 00da 002B     		cmp	r3, #0
 1866 00dc 09D1     		bne	.L114
1672:System/FreeRTOS/tasks.c **** 					{
1673:System/FreeRTOS/tasks.c **** 						/* It is known that the task is in its ready list so
1674:System/FreeRTOS/tasks.c **** 						there is no need to check again and the port level
1675:System/FreeRTOS/tasks.c **** 						reset macro can be called directly. */
1676:System/FreeRTOS/tasks.c **** 						portRESET_READY_PRIORITY( uxPriorityUsedOnEntry, uxTopReadyPriority );
 1867              		.loc 1 1676 7
 1868 00de 0122     		movs	r2, #1
 1869 00e0 3B69     		ldr	r3, [r7, #16]
 1870 00e2 02FA03F3 		lsl	r3, r2, r3
 1871 00e6 DA43     		mvns	r2, r3
 1872 00e8 184B     		ldr	r3, .L115+8
 1873 00ea 1B68     		ldr	r3, [r3]
 1874 00ec 1340     		ands	r3, r3, r2
 1875 00ee 174A     		ldr	r2, .L115+8
 1876 00f0 1360     		str	r3, [r2]
 1877              	.L114:
1677:System/FreeRTOS/tasks.c **** 					}
1678:System/FreeRTOS/tasks.c **** 					else
ARM GAS  C:\Users\HUAV\AppData\Local\Temp\ccerV99a.s 			page 67


1679:System/FreeRTOS/tasks.c **** 					{
1680:System/FreeRTOS/tasks.c **** 						mtCOVERAGE_TEST_MARKER();
1681:System/FreeRTOS/tasks.c **** 					}
1682:System/FreeRTOS/tasks.c **** 					prvAddTaskToReadyList( pxTCB );
 1878              		.loc 1 1682 6
 1879 00f2 BB69     		ldr	r3, [r7, #24]
 1880 00f4 DB6A     		ldr	r3, [r3, #44]
 1881 00f6 0122     		movs	r2, #1
 1882 00f8 9A40     		lsls	r2, r2, r3
 1883 00fa 144B     		ldr	r3, .L115+8
 1884 00fc 1B68     		ldr	r3, [r3]
 1885 00fe 1343     		orrs	r3, r3, r2
 1886 0100 124A     		ldr	r2, .L115+8
 1887 0102 1360     		str	r3, [r2]
 1888 0104 BB69     		ldr	r3, [r7, #24]
 1889 0106 DA6A     		ldr	r2, [r3, #44]
 1890 0108 1346     		mov	r3, r2
 1891 010a 9B00     		lsls	r3, r3, #2
 1892 010c 1344     		add	r3, r3, r2
 1893 010e 9B00     		lsls	r3, r3, #2
 1894 0110 0D4A     		ldr	r2, .L115+4
 1895 0112 1A44     		add	r2, r2, r3
 1896 0114 BB69     		ldr	r3, [r7, #24]
 1897 0116 0433     		adds	r3, r3, #4
 1898 0118 1946     		mov	r1, r3
 1899 011a 1046     		mov	r0, r2
 1900 011c FFF7FEFF 		bl	vListInsertEnd
 1901              	.L113:
1683:System/FreeRTOS/tasks.c **** 				}
1684:System/FreeRTOS/tasks.c **** 				else
1685:System/FreeRTOS/tasks.c **** 				{
1686:System/FreeRTOS/tasks.c **** 					mtCOVERAGE_TEST_MARKER();
1687:System/FreeRTOS/tasks.c **** 				}
1688:System/FreeRTOS/tasks.c **** 
1689:System/FreeRTOS/tasks.c **** 				if( xYieldRequired != pdFALSE )
 1902              		.loc 1 1689 7
 1903 0120 FB69     		ldr	r3, [r7, #28]
 1904 0122 002B     		cmp	r3, #0
 1905 0124 07D0     		beq	.L108
1690:System/FreeRTOS/tasks.c **** 				{
1691:System/FreeRTOS/tasks.c **** 					taskYIELD_IF_USING_PREEMPTION();
 1906              		.loc 1 1691 6
 1907 0126 0A4B     		ldr	r3, .L115+12
 1908 0128 4FF08052 		mov	r2, #268435456
 1909 012c 1A60     		str	r2, [r3]
 1910              		.syntax unified
 1911              	@ 1691 "System/FreeRTOS/tasks.c" 1
 1912 012e BFF34F8F 		dsb
 1913              	@ 0 "" 2
 1914              	@ 1691 "System/FreeRTOS/tasks.c" 1
 1915 0132 BFF36F8F 		isb
 1916              	@ 0 "" 2
 1917              		.thumb
 1918              		.syntax unified
 1919              	.L108:
1692:System/FreeRTOS/tasks.c **** 				}
1693:System/FreeRTOS/tasks.c **** 				else
ARM GAS  C:\Users\HUAV\AppData\Local\Temp\ccerV99a.s 			page 68


1694:System/FreeRTOS/tasks.c **** 				{
1695:System/FreeRTOS/tasks.c **** 					mtCOVERAGE_TEST_MARKER();
1696:System/FreeRTOS/tasks.c **** 				}
1697:System/FreeRTOS/tasks.c **** 
1698:System/FreeRTOS/tasks.c **** 				/* Remove compiler warning about unused variables when the port
1699:System/FreeRTOS/tasks.c **** 				optimised task selection is not being used. */
1700:System/FreeRTOS/tasks.c **** 				( void ) uxPriorityUsedOnEntry;
1701:System/FreeRTOS/tasks.c **** 			}
1702:System/FreeRTOS/tasks.c **** 		}
1703:System/FreeRTOS/tasks.c **** 		taskEXIT_CRITICAL();
 1920              		.loc 1 1703 3
 1921 0136 FFF7FEFF 		bl	vPortExitCritical
1704:System/FreeRTOS/tasks.c **** 	}
 1922              		.loc 1 1704 2
 1923 013a 00BF     		nop
 1924 013c 2037     		adds	r7, r7, #32
 1925              	.LCFI53:
 1926              		.cfi_def_cfa_offset 8
 1927 013e BD46     		mov	sp, r7
 1928              	.LCFI54:
 1929              		.cfi_def_cfa_register 13
 1930              		@ sp needed
 1931 0140 80BD     		pop	{r7, pc}
 1932              	.L116:
 1933 0142 00BF     		.align	2
 1934              	.L115:
 1935 0144 00000000 		.word	pxCurrentTCB
 1936 0148 00000000 		.word	pxReadyTasksLists
 1937 014c 00000000 		.word	uxTopReadyPriority
 1938 0150 04ED00E0 		.word	-536810236
 1939              		.cfi_endproc
 1940              	.LFE15:
 1942              		.section	.text.vTaskSuspend,"ax",%progbits
 1943              		.align	1
 1944              		.global	vTaskSuspend
 1945              		.syntax unified
 1946              		.thumb
 1947              		.thumb_func
 1949              	vTaskSuspend:
 1950              	.LFB16:
1705:System/FreeRTOS/tasks.c **** 
1706:System/FreeRTOS/tasks.c **** #endif /* INCLUDE_vTaskPrioritySet */
1707:System/FreeRTOS/tasks.c **** /*-----------------------------------------------------------*/
1708:System/FreeRTOS/tasks.c **** 
1709:System/FreeRTOS/tasks.c **** #if ( INCLUDE_vTaskSuspend == 1 )
1710:System/FreeRTOS/tasks.c **** 
1711:System/FreeRTOS/tasks.c **** 	void vTaskSuspend( TaskHandle_t xTaskToSuspend )
1712:System/FreeRTOS/tasks.c **** 	{
 1951              		.loc 1 1712 2
 1952              		.cfi_startproc
 1953              		@ args = 0, pretend = 0, frame = 16
 1954              		@ frame_needed = 1, uses_anonymous_args = 0
 1955 0000 80B5     		push	{r7, lr}
 1956              	.LCFI55:
 1957              		.cfi_def_cfa_offset 8
 1958              		.cfi_offset 7, -8
 1959              		.cfi_offset 14, -4
ARM GAS  C:\Users\HUAV\AppData\Local\Temp\ccerV99a.s 			page 69


 1960 0002 84B0     		sub	sp, sp, #16
 1961              	.LCFI56:
 1962              		.cfi_def_cfa_offset 24
 1963 0004 00AF     		add	r7, sp, #0
 1964              	.LCFI57:
 1965              		.cfi_def_cfa_register 7
 1966 0006 7860     		str	r0, [r7, #4]
1713:System/FreeRTOS/tasks.c **** 	TCB_t *pxTCB;
1714:System/FreeRTOS/tasks.c **** 
1715:System/FreeRTOS/tasks.c **** 		taskENTER_CRITICAL();
 1967              		.loc 1 1715 3
 1968 0008 FFF7FEFF 		bl	vPortEnterCritical
1716:System/FreeRTOS/tasks.c **** 		{
1717:System/FreeRTOS/tasks.c **** 			/* If null is passed in here then it is the running task that is
1718:System/FreeRTOS/tasks.c **** 			being suspended. */
1719:System/FreeRTOS/tasks.c **** 			pxTCB = prvGetTCBFromHandle( xTaskToSuspend );
 1969              		.loc 1 1719 12
 1970 000c 7B68     		ldr	r3, [r7, #4]
 1971 000e 002B     		cmp	r3, #0
 1972 0010 02D1     		bne	.L118
 1973              		.loc 1 1719 12 is_stmt 0 discriminator 1
 1974 0012 3C4B     		ldr	r3, .L130
 1975 0014 1B68     		ldr	r3, [r3]
 1976 0016 00E0     		b	.L119
 1977              	.L118:
 1978              		.loc 1 1719 12 discriminator 2
 1979 0018 7B68     		ldr	r3, [r7, #4]
 1980              	.L119:
 1981              		.loc 1 1719 10 is_stmt 1 discriminator 4
 1982 001a FB60     		str	r3, [r7, #12]
1720:System/FreeRTOS/tasks.c **** 
1721:System/FreeRTOS/tasks.c **** 			traceTASK_SUSPEND( pxTCB );
1722:System/FreeRTOS/tasks.c **** 
1723:System/FreeRTOS/tasks.c **** 			/* Remove task from the ready/delayed list and place in the
1724:System/FreeRTOS/tasks.c **** 			suspended list. */
1725:System/FreeRTOS/tasks.c **** 			if( uxListRemove( &( pxTCB->xStateListItem ) ) == ( UBaseType_t ) 0 )
 1983              		.loc 1 1725 8 discriminator 4
 1984 001c FB68     		ldr	r3, [r7, #12]
 1985 001e 0433     		adds	r3, r3, #4
 1986 0020 1846     		mov	r0, r3
 1987 0022 FFF7FEFF 		bl	uxListRemove
 1988 0026 0346     		mov	r3, r0
 1989              		.loc 1 1725 6 discriminator 4
 1990 0028 002B     		cmp	r3, #0
 1991 002a 15D1     		bne	.L120
1726:System/FreeRTOS/tasks.c **** 			{
1727:System/FreeRTOS/tasks.c **** 				taskRESET_READY_PRIORITY( pxTCB->uxPriority );
 1992              		.loc 1 1727 5
 1993 002c FB68     		ldr	r3, [r7, #12]
 1994 002e DA6A     		ldr	r2, [r3, #44]
 1995 0030 3549     		ldr	r1, .L130+4
 1996 0032 1346     		mov	r3, r2
 1997 0034 9B00     		lsls	r3, r3, #2
 1998 0036 1344     		add	r3, r3, r2
 1999 0038 9B00     		lsls	r3, r3, #2
 2000 003a 0B44     		add	r3, r3, r1
 2001 003c 1B68     		ldr	r3, [r3]
ARM GAS  C:\Users\HUAV\AppData\Local\Temp\ccerV99a.s 			page 70


 2002 003e 002B     		cmp	r3, #0
 2003 0040 0AD1     		bne	.L120
 2004              		.loc 1 1727 5 is_stmt 0 discriminator 1
 2005 0042 FB68     		ldr	r3, [r7, #12]
 2006 0044 DB6A     		ldr	r3, [r3, #44]
 2007 0046 0122     		movs	r2, #1
 2008 0048 02FA03F3 		lsl	r3, r2, r3
 2009 004c DA43     		mvns	r2, r3
 2010 004e 2F4B     		ldr	r3, .L130+8
 2011 0050 1B68     		ldr	r3, [r3]
 2012 0052 1340     		ands	r3, r3, r2
 2013 0054 2D4A     		ldr	r2, .L130+8
 2014 0056 1360     		str	r3, [r2]
 2015              	.L120:
1728:System/FreeRTOS/tasks.c **** 			}
1729:System/FreeRTOS/tasks.c **** 			else
1730:System/FreeRTOS/tasks.c **** 			{
1731:System/FreeRTOS/tasks.c **** 				mtCOVERAGE_TEST_MARKER();
1732:System/FreeRTOS/tasks.c **** 			}
1733:System/FreeRTOS/tasks.c **** 
1734:System/FreeRTOS/tasks.c **** 			/* Is the task waiting on an event also? */
1735:System/FreeRTOS/tasks.c **** 			if( listLIST_ITEM_CONTAINER( &( pxTCB->xEventListItem ) ) != NULL )
 2016              		.loc 1 1735 8 is_stmt 1
 2017 0058 FB68     		ldr	r3, [r7, #12]
 2018 005a 9B6A     		ldr	r3, [r3, #40]
 2019              		.loc 1 1735 6
 2020 005c 002B     		cmp	r3, #0
 2021 005e 04D0     		beq	.L121
1736:System/FreeRTOS/tasks.c **** 			{
1737:System/FreeRTOS/tasks.c **** 				( void ) uxListRemove( &( pxTCB->xEventListItem ) );
 2022              		.loc 1 1737 14
 2023 0060 FB68     		ldr	r3, [r7, #12]
 2024 0062 1833     		adds	r3, r3, #24
 2025 0064 1846     		mov	r0, r3
 2026 0066 FFF7FEFF 		bl	uxListRemove
 2027              	.L121:
1738:System/FreeRTOS/tasks.c **** 			}
1739:System/FreeRTOS/tasks.c **** 			else
1740:System/FreeRTOS/tasks.c **** 			{
1741:System/FreeRTOS/tasks.c **** 				mtCOVERAGE_TEST_MARKER();
1742:System/FreeRTOS/tasks.c **** 			}
1743:System/FreeRTOS/tasks.c **** 
1744:System/FreeRTOS/tasks.c **** 			vListInsertEnd( &xSuspendedTaskList, &( pxTCB->xStateListItem ) );
 2028              		.loc 1 1744 4
 2029 006a FB68     		ldr	r3, [r7, #12]
 2030 006c 0433     		adds	r3, r3, #4
 2031 006e 1946     		mov	r1, r3
 2032 0070 2748     		ldr	r0, .L130+12
 2033 0072 FFF7FEFF 		bl	vListInsertEnd
1745:System/FreeRTOS/tasks.c **** 
1746:System/FreeRTOS/tasks.c **** 			#if( configUSE_TASK_NOTIFICATIONS == 1 )
1747:System/FreeRTOS/tasks.c **** 			{
1748:System/FreeRTOS/tasks.c **** 				if( pxTCB->ucNotifyState == taskWAITING_NOTIFICATION )
 2034              		.loc 1 1748 14
 2035 0076 FB68     		ldr	r3, [r7, #12]
 2036 0078 93F85C30 		ldrb	r3, [r3, #92]
 2037 007c DBB2     		uxtb	r3, r3
ARM GAS  C:\Users\HUAV\AppData\Local\Temp\ccerV99a.s 			page 71


 2038              		.loc 1 1748 7
 2039 007e 012B     		cmp	r3, #1
 2040 0080 03D1     		bne	.L122
1749:System/FreeRTOS/tasks.c **** 				{
1750:System/FreeRTOS/tasks.c **** 					/* The task was blocked to wait for a notification, but is
1751:System/FreeRTOS/tasks.c **** 					now suspended, so no notification was received. */
1752:System/FreeRTOS/tasks.c **** 					pxTCB->ucNotifyState = taskNOT_WAITING_NOTIFICATION;
 2041              		.loc 1 1752 27
 2042 0082 FB68     		ldr	r3, [r7, #12]
 2043 0084 0022     		movs	r2, #0
 2044 0086 83F85C20 		strb	r2, [r3, #92]
 2045              	.L122:
1753:System/FreeRTOS/tasks.c **** 				}
1754:System/FreeRTOS/tasks.c **** 			}
1755:System/FreeRTOS/tasks.c **** 			#endif
1756:System/FreeRTOS/tasks.c **** 		}
1757:System/FreeRTOS/tasks.c **** 		taskEXIT_CRITICAL();
 2046              		.loc 1 1757 3
 2047 008a FFF7FEFF 		bl	vPortExitCritical
1758:System/FreeRTOS/tasks.c **** 
1759:System/FreeRTOS/tasks.c **** 		if( xSchedulerRunning != pdFALSE )
 2048              		.loc 1 1759 25
 2049 008e 214B     		ldr	r3, .L130+16
 2050 0090 1B68     		ldr	r3, [r3]
 2051              		.loc 1 1759 5
 2052 0092 002B     		cmp	r3, #0
 2053 0094 05D0     		beq	.L123
1760:System/FreeRTOS/tasks.c **** 		{
1761:System/FreeRTOS/tasks.c **** 			/* Reset the next expected unblock time in case it referred to the
1762:System/FreeRTOS/tasks.c **** 			task that is now in the Suspended state. */
1763:System/FreeRTOS/tasks.c **** 			taskENTER_CRITICAL();
 2054              		.loc 1 1763 4
 2055 0096 FFF7FEFF 		bl	vPortEnterCritical
1764:System/FreeRTOS/tasks.c **** 			{
1765:System/FreeRTOS/tasks.c **** 				prvResetNextTaskUnblockTime();
 2056              		.loc 1 1765 5
 2057 009a FFF7FEFF 		bl	prvResetNextTaskUnblockTime
1766:System/FreeRTOS/tasks.c **** 			}
1767:System/FreeRTOS/tasks.c **** 			taskEXIT_CRITICAL();
 2058              		.loc 1 1767 4
 2059 009e FFF7FEFF 		bl	vPortExitCritical
 2060              	.L123:
1768:System/FreeRTOS/tasks.c **** 		}
1769:System/FreeRTOS/tasks.c **** 		else
1770:System/FreeRTOS/tasks.c **** 		{
1771:System/FreeRTOS/tasks.c **** 			mtCOVERAGE_TEST_MARKER();
1772:System/FreeRTOS/tasks.c **** 		}
1773:System/FreeRTOS/tasks.c **** 
1774:System/FreeRTOS/tasks.c **** 		if( pxTCB == pxCurrentTCB )
 2061              		.loc 1 1774 13
 2062 00a2 184B     		ldr	r3, .L130
 2063 00a4 1B68     		ldr	r3, [r3]
 2064              		.loc 1 1774 5
 2065 00a6 FA68     		ldr	r2, [r7, #12]
 2066 00a8 9A42     		cmp	r2, r3
 2067 00aa 27D1     		bne	.L129
1775:System/FreeRTOS/tasks.c **** 		{
ARM GAS  C:\Users\HUAV\AppData\Local\Temp\ccerV99a.s 			page 72


1776:System/FreeRTOS/tasks.c **** 			if( xSchedulerRunning != pdFALSE )
 2068              		.loc 1 1776 26
 2069 00ac 194B     		ldr	r3, .L130+16
 2070 00ae 1B68     		ldr	r3, [r3]
 2071              		.loc 1 1776 6
 2072 00b0 002B     		cmp	r3, #0
 2073 00b2 17D0     		beq	.L125
1777:System/FreeRTOS/tasks.c **** 			{
1778:System/FreeRTOS/tasks.c **** 				/* The current task has just been suspended. */
1779:System/FreeRTOS/tasks.c **** 				configASSERT( uxSchedulerSuspended == 0 );
 2074              		.loc 1 1779 5
 2075 00b4 184B     		ldr	r3, .L130+20
 2076 00b6 1B68     		ldr	r3, [r3]
 2077 00b8 002B     		cmp	r3, #0
 2078 00ba 0AD0     		beq	.L126
 2079              	.LBB152:
 2080              	.LBB153:
 195:System/FreeRTOS/portable/GCC/ARM_CM4F/portmacro.h **** 	(
 2081              		.loc 2 195 2
 2082              		.syntax unified
 2083              	@ 195 "System/FreeRTOS/portable/GCC/ARM_CM4F/portmacro.h" 1
 2084 00bc 4FF05003 			mov r3, #80												
 2085 00c0 83F31188 		msr basepri, r3											
 2086 00c4 BFF36F8F 		isb														
 2087 00c8 BFF34F8F 		dsb														
 2088              	
 2089              	@ 0 "" 2
 2090              		.thumb
 2091              		.syntax unified
 2092 00cc BB60     		str	r3, [r7, #8]
 203:System/FreeRTOS/portable/GCC/ARM_CM4F/portmacro.h **** 
 2093              		.loc 2 203 1
 2094 00ce 00BF     		nop
 2095              	.L127:
 2096              	.LBE153:
 2097              	.LBE152:
 2098              		.loc 1 1779 5 discriminator 1
 2099 00d0 FEE7     		b	.L127
 2100              	.L126:
1780:System/FreeRTOS/tasks.c **** 				portYIELD_WITHIN_API();
 2101              		.loc 1 1780 5
 2102 00d2 124B     		ldr	r3, .L130+24
 2103 00d4 4FF08052 		mov	r2, #268435456
 2104 00d8 1A60     		str	r2, [r3]
 2105              		.syntax unified
 2106              	@ 1780 "System/FreeRTOS/tasks.c" 1
 2107 00da BFF34F8F 		dsb
 2108              	@ 0 "" 2
 2109              	@ 1780 "System/FreeRTOS/tasks.c" 1
 2110 00de BFF36F8F 		isb
 2111              	@ 0 "" 2
1781:System/FreeRTOS/tasks.c **** 			}
1782:System/FreeRTOS/tasks.c **** 			else
1783:System/FreeRTOS/tasks.c **** 			{
1784:System/FreeRTOS/tasks.c **** 				/* The scheduler is not running, but the task that was pointed
1785:System/FreeRTOS/tasks.c **** 				to by pxCurrentTCB has just been suspended and pxCurrentTCB
1786:System/FreeRTOS/tasks.c **** 				must be adjusted to point to a different task. */
ARM GAS  C:\Users\HUAV\AppData\Local\Temp\ccerV99a.s 			page 73


1787:System/FreeRTOS/tasks.c **** 				if( listCURRENT_LIST_LENGTH( &xSuspendedTaskList ) == uxCurrentNumberOfTasks ) /*lint !e931 Rig
1788:System/FreeRTOS/tasks.c **** 				{
1789:System/FreeRTOS/tasks.c **** 					/* No other tasks are ready, so set pxCurrentTCB back to
1790:System/FreeRTOS/tasks.c **** 					NULL so when the next task is created pxCurrentTCB will
1791:System/FreeRTOS/tasks.c **** 					be set to point to it no matter what its relative priority
1792:System/FreeRTOS/tasks.c **** 					is. */
1793:System/FreeRTOS/tasks.c **** 					pxCurrentTCB = NULL;
1794:System/FreeRTOS/tasks.c **** 				}
1795:System/FreeRTOS/tasks.c **** 				else
1796:System/FreeRTOS/tasks.c **** 				{
1797:System/FreeRTOS/tasks.c **** 					vTaskSwitchContext();
1798:System/FreeRTOS/tasks.c **** 				}
1799:System/FreeRTOS/tasks.c **** 			}
1800:System/FreeRTOS/tasks.c **** 		}
1801:System/FreeRTOS/tasks.c **** 		else
1802:System/FreeRTOS/tasks.c **** 		{
1803:System/FreeRTOS/tasks.c **** 			mtCOVERAGE_TEST_MARKER();
1804:System/FreeRTOS/tasks.c **** 		}
1805:System/FreeRTOS/tasks.c **** 	}
 2112              		.loc 1 1805 2
 2113              		.thumb
 2114              		.syntax unified
 2115 00e2 0BE0     		b	.L129
 2116              	.L125:
1787:System/FreeRTOS/tasks.c **** 				{
 2117              		.loc 1 1787 9
 2118 00e4 0A4B     		ldr	r3, .L130+12
 2119 00e6 1A68     		ldr	r2, [r3]
1787:System/FreeRTOS/tasks.c **** 				{
 2120              		.loc 1 1787 56
 2121 00e8 0D4B     		ldr	r3, .L130+28
 2122 00ea 1B68     		ldr	r3, [r3]
1787:System/FreeRTOS/tasks.c **** 				{
 2123              		.loc 1 1787 7
 2124 00ec 9A42     		cmp	r2, r3
 2125 00ee 03D1     		bne	.L128
1793:System/FreeRTOS/tasks.c **** 				}
 2126              		.loc 1 1793 19
 2127 00f0 044B     		ldr	r3, .L130
 2128 00f2 0022     		movs	r2, #0
 2129 00f4 1A60     		str	r2, [r3]
 2130              		.loc 1 1805 2
 2131 00f6 01E0     		b	.L129
 2132              	.L128:
1797:System/FreeRTOS/tasks.c **** 				}
 2133              		.loc 1 1797 6
 2134 00f8 FFF7FEFF 		bl	vTaskSwitchContext
 2135              	.L129:
 2136              		.loc 1 1805 2
 2137 00fc 00BF     		nop
 2138 00fe 1037     		adds	r7, r7, #16
 2139              	.LCFI58:
 2140              		.cfi_def_cfa_offset 8
 2141 0100 BD46     		mov	sp, r7
 2142              	.LCFI59:
 2143              		.cfi_def_cfa_register 13
 2144              		@ sp needed
ARM GAS  C:\Users\HUAV\AppData\Local\Temp\ccerV99a.s 			page 74


 2145 0102 80BD     		pop	{r7, pc}
 2146              	.L131:
 2147              		.align	2
 2148              	.L130:
 2149 0104 00000000 		.word	pxCurrentTCB
 2150 0108 00000000 		.word	pxReadyTasksLists
 2151 010c 00000000 		.word	uxTopReadyPriority
 2152 0110 00000000 		.word	xSuspendedTaskList
 2153 0114 00000000 		.word	xSchedulerRunning
 2154 0118 00000000 		.word	uxSchedulerSuspended
 2155 011c 04ED00E0 		.word	-536810236
 2156 0120 00000000 		.word	uxCurrentNumberOfTasks
 2157              		.cfi_endproc
 2158              	.LFE16:
 2160              		.section	.text.prvTaskIsTaskSuspended,"ax",%progbits
 2161              		.align	1
 2162              		.syntax unified
 2163              		.thumb
 2164              		.thumb_func
 2166              	prvTaskIsTaskSuspended:
 2167              	.LFB17:
1806:System/FreeRTOS/tasks.c **** 
1807:System/FreeRTOS/tasks.c **** #endif /* INCLUDE_vTaskSuspend */
1808:System/FreeRTOS/tasks.c **** /*-----------------------------------------------------------*/
1809:System/FreeRTOS/tasks.c **** 
1810:System/FreeRTOS/tasks.c **** #if ( INCLUDE_vTaskSuspend == 1 )
1811:System/FreeRTOS/tasks.c **** 
1812:System/FreeRTOS/tasks.c **** 	static BaseType_t prvTaskIsTaskSuspended( const TaskHandle_t xTask )
1813:System/FreeRTOS/tasks.c **** 	{
 2168              		.loc 1 1813 2
 2169              		.cfi_startproc
 2170              		@ args = 0, pretend = 0, frame = 24
 2171              		@ frame_needed = 1, uses_anonymous_args = 0
 2172              		@ link register save eliminated.
 2173 0000 80B4     		push	{r7}
 2174              	.LCFI60:
 2175              		.cfi_def_cfa_offset 4
 2176              		.cfi_offset 7, -4
 2177 0002 87B0     		sub	sp, sp, #28
 2178              	.LCFI61:
 2179              		.cfi_def_cfa_offset 32
 2180 0004 00AF     		add	r7, sp, #0
 2181              	.LCFI62:
 2182              		.cfi_def_cfa_register 7
 2183 0006 7860     		str	r0, [r7, #4]
1814:System/FreeRTOS/tasks.c **** 	BaseType_t xReturn = pdFALSE;
 2184              		.loc 1 1814 13
 2185 0008 0023     		movs	r3, #0
 2186 000a 7B61     		str	r3, [r7, #20]
1815:System/FreeRTOS/tasks.c **** 	const TCB_t * const pxTCB = xTask;
 2187              		.loc 1 1815 22
 2188 000c 7B68     		ldr	r3, [r7, #4]
 2189 000e 3B61     		str	r3, [r7, #16]
1816:System/FreeRTOS/tasks.c **** 
1817:System/FreeRTOS/tasks.c **** 		/* Accesses xPendingReadyList so must be called from a critical
1818:System/FreeRTOS/tasks.c **** 		section. */
1819:System/FreeRTOS/tasks.c **** 
ARM GAS  C:\Users\HUAV\AppData\Local\Temp\ccerV99a.s 			page 75


1820:System/FreeRTOS/tasks.c **** 		/* It does not make sense to check if the calling task is suspended. */
1821:System/FreeRTOS/tasks.c **** 		configASSERT( xTask );
 2190              		.loc 1 1821 3
 2191 0010 7B68     		ldr	r3, [r7, #4]
 2192 0012 002B     		cmp	r3, #0
 2193 0014 0AD1     		bne	.L133
 2194              	.LBB154:
 2195              	.LBB155:
 195:System/FreeRTOS/portable/GCC/ARM_CM4F/portmacro.h **** 	(
 2196              		.loc 2 195 2
 2197              		.syntax unified
 2198              	@ 195 "System/FreeRTOS/portable/GCC/ARM_CM4F/portmacro.h" 1
 2199 0016 4FF05003 			mov r3, #80												
 2200 001a 83F31188 		msr basepri, r3											
 2201 001e BFF36F8F 		isb														
 2202 0022 BFF34F8F 		dsb														
 2203              	
 2204              	@ 0 "" 2
 2205              		.thumb
 2206              		.syntax unified
 2207 0026 FB60     		str	r3, [r7, #12]
 203:System/FreeRTOS/portable/GCC/ARM_CM4F/portmacro.h **** 
 2208              		.loc 2 203 1
 2209 0028 00BF     		nop
 2210              	.L134:
 2211              	.LBE155:
 2212              	.LBE154:
 2213              		.loc 1 1821 3 discriminator 1
 2214 002a FEE7     		b	.L134
 2215              	.L133:
1822:System/FreeRTOS/tasks.c **** 
1823:System/FreeRTOS/tasks.c **** 		/* Is the task being resumed actually in the suspended list? */
1824:System/FreeRTOS/tasks.c **** 		if( listIS_CONTAINED_WITHIN( &xSuspendedTaskList, &( pxTCB->xStateListItem ) ) != pdFALSE )
 2216              		.loc 1 1824 7
 2217 002c 3B69     		ldr	r3, [r7, #16]
 2218 002e 5B69     		ldr	r3, [r3, #20]
 2219              		.loc 1 1824 5
 2220 0030 0A4A     		ldr	r2, .L137
 2221 0032 9342     		cmp	r3, r2
 2222 0034 0AD1     		bne	.L135
1825:System/FreeRTOS/tasks.c **** 		{
1826:System/FreeRTOS/tasks.c **** 			/* Has the task already been resumed from within an ISR? */
1827:System/FreeRTOS/tasks.c **** 			if( listIS_CONTAINED_WITHIN( &xPendingReadyList, &( pxTCB->xEventListItem ) ) == pdFALSE )
 2223              		.loc 1 1827 8
 2224 0036 3B69     		ldr	r3, [r7, #16]
 2225 0038 9B6A     		ldr	r3, [r3, #40]
 2226              		.loc 1 1827 6
 2227 003a 094A     		ldr	r2, .L137+4
 2228 003c 9342     		cmp	r3, r2
 2229 003e 05D0     		beq	.L135
1828:System/FreeRTOS/tasks.c **** 			{
1829:System/FreeRTOS/tasks.c **** 				/* Is it in the suspended list because it is in the	Suspended
1830:System/FreeRTOS/tasks.c **** 				state, or because is is blocked with no timeout? */
1831:System/FreeRTOS/tasks.c **** 				if( listIS_CONTAINED_WITHIN( NULL, &( pxTCB->xEventListItem ) ) != pdFALSE ) /*lint !e961.  The
 2230              		.loc 1 1831 9
 2231 0040 3B69     		ldr	r3, [r7, #16]
 2232 0042 9B6A     		ldr	r3, [r3, #40]
ARM GAS  C:\Users\HUAV\AppData\Local\Temp\ccerV99a.s 			page 76


 2233              		.loc 1 1831 7
 2234 0044 002B     		cmp	r3, #0
 2235 0046 01D1     		bne	.L135
1832:System/FreeRTOS/tasks.c **** 				{
1833:System/FreeRTOS/tasks.c **** 					xReturn = pdTRUE;
 2236              		.loc 1 1833 14
 2237 0048 0123     		movs	r3, #1
 2238 004a 7B61     		str	r3, [r7, #20]
 2239              	.L135:
1834:System/FreeRTOS/tasks.c **** 				}
1835:System/FreeRTOS/tasks.c **** 				else
1836:System/FreeRTOS/tasks.c **** 				{
1837:System/FreeRTOS/tasks.c **** 					mtCOVERAGE_TEST_MARKER();
1838:System/FreeRTOS/tasks.c **** 				}
1839:System/FreeRTOS/tasks.c **** 			}
1840:System/FreeRTOS/tasks.c **** 			else
1841:System/FreeRTOS/tasks.c **** 			{
1842:System/FreeRTOS/tasks.c **** 				mtCOVERAGE_TEST_MARKER();
1843:System/FreeRTOS/tasks.c **** 			}
1844:System/FreeRTOS/tasks.c **** 		}
1845:System/FreeRTOS/tasks.c **** 		else
1846:System/FreeRTOS/tasks.c **** 		{
1847:System/FreeRTOS/tasks.c **** 			mtCOVERAGE_TEST_MARKER();
1848:System/FreeRTOS/tasks.c **** 		}
1849:System/FreeRTOS/tasks.c **** 
1850:System/FreeRTOS/tasks.c **** 		return xReturn;
 2240              		.loc 1 1850 10
 2241 004c 7B69     		ldr	r3, [r7, #20]
1851:System/FreeRTOS/tasks.c **** 	} /*lint !e818 xTask cannot be a pointer to const because it is a typedef. */
 2242              		.loc 1 1851 2
 2243 004e 1846     		mov	r0, r3
 2244 0050 1C37     		adds	r7, r7, #28
 2245              	.LCFI63:
 2246              		.cfi_def_cfa_offset 4
 2247 0052 BD46     		mov	sp, r7
 2248              	.LCFI64:
 2249              		.cfi_def_cfa_register 13
 2250              		@ sp needed
 2251 0054 5DF8047B 		ldr	r7, [sp], #4
 2252              	.LCFI65:
 2253              		.cfi_restore 7
 2254              		.cfi_def_cfa_offset 0
 2255 0058 7047     		bx	lr
 2256              	.L138:
 2257 005a 00BF     		.align	2
 2258              	.L137:
 2259 005c 00000000 		.word	xSuspendedTaskList
 2260 0060 00000000 		.word	xPendingReadyList
 2261              		.cfi_endproc
 2262              	.LFE17:
 2264              		.section	.text.vTaskResume,"ax",%progbits
 2265              		.align	1
 2266              		.global	vTaskResume
 2267              		.syntax unified
 2268              		.thumb
 2269              		.thumb_func
 2271              	vTaskResume:
ARM GAS  C:\Users\HUAV\AppData\Local\Temp\ccerV99a.s 			page 77


 2272              	.LFB18:
1852:System/FreeRTOS/tasks.c **** 
1853:System/FreeRTOS/tasks.c **** #endif /* INCLUDE_vTaskSuspend */
1854:System/FreeRTOS/tasks.c **** /*-----------------------------------------------------------*/
1855:System/FreeRTOS/tasks.c **** 
1856:System/FreeRTOS/tasks.c **** #if ( INCLUDE_vTaskSuspend == 1 )
1857:System/FreeRTOS/tasks.c **** 
1858:System/FreeRTOS/tasks.c **** 	void vTaskResume( TaskHandle_t xTaskToResume )
1859:System/FreeRTOS/tasks.c **** 	{
 2273              		.loc 1 1859 2
 2274              		.cfi_startproc
 2275              		@ args = 0, pretend = 0, frame = 16
 2276              		@ frame_needed = 1, uses_anonymous_args = 0
 2277 0000 80B5     		push	{r7, lr}
 2278              	.LCFI66:
 2279              		.cfi_def_cfa_offset 8
 2280              		.cfi_offset 7, -8
 2281              		.cfi_offset 14, -4
 2282 0002 84B0     		sub	sp, sp, #16
 2283              	.LCFI67:
 2284              		.cfi_def_cfa_offset 24
 2285 0004 00AF     		add	r7, sp, #0
 2286              	.LCFI68:
 2287              		.cfi_def_cfa_register 7
 2288 0006 7860     		str	r0, [r7, #4]
1860:System/FreeRTOS/tasks.c **** 	TCB_t * const pxTCB = xTaskToResume;
 2289              		.loc 1 1860 16
 2290 0008 7B68     		ldr	r3, [r7, #4]
 2291 000a FB60     		str	r3, [r7, #12]
1861:System/FreeRTOS/tasks.c **** 
1862:System/FreeRTOS/tasks.c **** 		/* It does not make sense to resume the calling task. */
1863:System/FreeRTOS/tasks.c **** 		configASSERT( xTaskToResume );
 2292              		.loc 1 1863 3
 2293 000c 7B68     		ldr	r3, [r7, #4]
 2294 000e 002B     		cmp	r3, #0
 2295 0010 0AD1     		bne	.L140
 2296              	.LBB156:
 2297              	.LBB157:
 195:System/FreeRTOS/portable/GCC/ARM_CM4F/portmacro.h **** 	(
 2298              		.loc 2 195 2
 2299              		.syntax unified
 2300              	@ 195 "System/FreeRTOS/portable/GCC/ARM_CM4F/portmacro.h" 1
 2301 0012 4FF05003 			mov r3, #80												
 2302 0016 83F31188 		msr basepri, r3											
 2303 001a BFF36F8F 		isb														
 2304 001e BFF34F8F 		dsb														
 2305              	
 2306              	@ 0 "" 2
 2307              		.thumb
 2308              		.syntax unified
 2309 0022 BB60     		str	r3, [r7, #8]
 203:System/FreeRTOS/portable/GCC/ARM_CM4F/portmacro.h **** 
 2310              		.loc 2 203 1
 2311 0024 00BF     		nop
 2312              	.L141:
 2313              	.LBE157:
 2314              	.LBE156:
ARM GAS  C:\Users\HUAV\AppData\Local\Temp\ccerV99a.s 			page 78


 2315              		.loc 1 1863 3 discriminator 1
 2316 0026 FEE7     		b	.L141
 2317              	.L140:
1864:System/FreeRTOS/tasks.c **** 
1865:System/FreeRTOS/tasks.c **** 		/* The parameter cannot be NULL as it is impossible to resume the
1866:System/FreeRTOS/tasks.c **** 		currently executing task. */
1867:System/FreeRTOS/tasks.c **** 		if( ( pxTCB != pxCurrentTCB ) && ( pxTCB != NULL ) )
 2318              		.loc 1 1867 15
 2319 0028 204B     		ldr	r3, .L145
 2320 002a 1B68     		ldr	r3, [r3]
 2321              		.loc 1 1867 5
 2322 002c FA68     		ldr	r2, [r7, #12]
 2323 002e 9A42     		cmp	r2, r3
 2324 0030 37D0     		beq	.L144
 2325              		.loc 1 1867 33 discriminator 1
 2326 0032 FB68     		ldr	r3, [r7, #12]
 2327 0034 002B     		cmp	r3, #0
 2328 0036 34D0     		beq	.L144
1868:System/FreeRTOS/tasks.c **** 		{
1869:System/FreeRTOS/tasks.c **** 			taskENTER_CRITICAL();
 2329              		.loc 1 1869 4
 2330 0038 FFF7FEFF 		bl	vPortEnterCritical
1870:System/FreeRTOS/tasks.c **** 			{
1871:System/FreeRTOS/tasks.c **** 				if( prvTaskIsTaskSuspended( pxTCB ) != pdFALSE )
 2331              		.loc 1 1871 9
 2332 003c F868     		ldr	r0, [r7, #12]
 2333 003e FFF7FEFF 		bl	prvTaskIsTaskSuspended
 2334 0042 0346     		mov	r3, r0
 2335              		.loc 1 1871 7
 2336 0044 002B     		cmp	r3, #0
 2337 0046 2AD0     		beq	.L143
1872:System/FreeRTOS/tasks.c **** 				{
1873:System/FreeRTOS/tasks.c **** 					traceTASK_RESUME( pxTCB );
1874:System/FreeRTOS/tasks.c **** 
1875:System/FreeRTOS/tasks.c **** 					/* The ready list can be accessed even if the scheduler is
1876:System/FreeRTOS/tasks.c **** 					suspended because this is inside a critical section. */
1877:System/FreeRTOS/tasks.c **** 					( void ) uxListRemove(  &( pxTCB->xStateListItem ) );
 2338              		.loc 1 1877 15
 2339 0048 FB68     		ldr	r3, [r7, #12]
 2340 004a 0433     		adds	r3, r3, #4
 2341 004c 1846     		mov	r0, r3
 2342 004e FFF7FEFF 		bl	uxListRemove
1878:System/FreeRTOS/tasks.c **** 					prvAddTaskToReadyList( pxTCB );
 2343              		.loc 1 1878 6
 2344 0052 FB68     		ldr	r3, [r7, #12]
 2345 0054 DB6A     		ldr	r3, [r3, #44]
 2346 0056 0122     		movs	r2, #1
 2347 0058 9A40     		lsls	r2, r2, r3
 2348 005a 154B     		ldr	r3, .L145+4
 2349 005c 1B68     		ldr	r3, [r3]
 2350 005e 1343     		orrs	r3, r3, r2
 2351 0060 134A     		ldr	r2, .L145+4
 2352 0062 1360     		str	r3, [r2]
 2353 0064 FB68     		ldr	r3, [r7, #12]
 2354 0066 DA6A     		ldr	r2, [r3, #44]
 2355 0068 1346     		mov	r3, r2
 2356 006a 9B00     		lsls	r3, r3, #2
ARM GAS  C:\Users\HUAV\AppData\Local\Temp\ccerV99a.s 			page 79


 2357 006c 1344     		add	r3, r3, r2
 2358 006e 9B00     		lsls	r3, r3, #2
 2359 0070 104A     		ldr	r2, .L145+8
 2360 0072 1A44     		add	r2, r2, r3
 2361 0074 FB68     		ldr	r3, [r7, #12]
 2362 0076 0433     		adds	r3, r3, #4
 2363 0078 1946     		mov	r1, r3
 2364 007a 1046     		mov	r0, r2
 2365 007c FFF7FEFF 		bl	vListInsertEnd
1879:System/FreeRTOS/tasks.c **** 
1880:System/FreeRTOS/tasks.c **** 					/* A higher priority task may have just been resumed. */
1881:System/FreeRTOS/tasks.c **** 					if( pxTCB->uxPriority >= pxCurrentTCB->uxPriority )
 2366              		.loc 1 1881 15
 2367 0080 FB68     		ldr	r3, [r7, #12]
 2368 0082 DA6A     		ldr	r2, [r3, #44]
 2369              		.loc 1 1881 43
 2370 0084 094B     		ldr	r3, .L145
 2371 0086 1B68     		ldr	r3, [r3]
 2372 0088 DB6A     		ldr	r3, [r3, #44]
 2373              		.loc 1 1881 8
 2374 008a 9A42     		cmp	r2, r3
 2375 008c 07D3     		bcc	.L143
1882:System/FreeRTOS/tasks.c **** 					{
1883:System/FreeRTOS/tasks.c **** 						/* This yield may not cause the task just resumed to run,
1884:System/FreeRTOS/tasks.c **** 						but will leave the lists in the correct state for the
1885:System/FreeRTOS/tasks.c **** 						next yield. */
1886:System/FreeRTOS/tasks.c **** 						taskYIELD_IF_USING_PREEMPTION();
 2376              		.loc 1 1886 7
 2377 008e 0A4B     		ldr	r3, .L145+12
 2378 0090 4FF08052 		mov	r2, #268435456
 2379 0094 1A60     		str	r2, [r3]
 2380              		.syntax unified
 2381              	@ 1886 "System/FreeRTOS/tasks.c" 1
 2382 0096 BFF34F8F 		dsb
 2383              	@ 0 "" 2
 2384              	@ 1886 "System/FreeRTOS/tasks.c" 1
 2385 009a BFF36F8F 		isb
 2386              	@ 0 "" 2
 2387              		.thumb
 2388              		.syntax unified
 2389              	.L143:
1887:System/FreeRTOS/tasks.c **** 					}
1888:System/FreeRTOS/tasks.c **** 					else
1889:System/FreeRTOS/tasks.c **** 					{
1890:System/FreeRTOS/tasks.c **** 						mtCOVERAGE_TEST_MARKER();
1891:System/FreeRTOS/tasks.c **** 					}
1892:System/FreeRTOS/tasks.c **** 				}
1893:System/FreeRTOS/tasks.c **** 				else
1894:System/FreeRTOS/tasks.c **** 				{
1895:System/FreeRTOS/tasks.c **** 					mtCOVERAGE_TEST_MARKER();
1896:System/FreeRTOS/tasks.c **** 				}
1897:System/FreeRTOS/tasks.c **** 			}
1898:System/FreeRTOS/tasks.c **** 			taskEXIT_CRITICAL();
 2390              		.loc 1 1898 4
 2391 009e FFF7FEFF 		bl	vPortExitCritical
 2392              	.L144:
1899:System/FreeRTOS/tasks.c **** 		}
ARM GAS  C:\Users\HUAV\AppData\Local\Temp\ccerV99a.s 			page 80


1900:System/FreeRTOS/tasks.c **** 		else
1901:System/FreeRTOS/tasks.c **** 		{
1902:System/FreeRTOS/tasks.c **** 			mtCOVERAGE_TEST_MARKER();
1903:System/FreeRTOS/tasks.c **** 		}
1904:System/FreeRTOS/tasks.c **** 	}
 2393              		.loc 1 1904 2
 2394 00a2 00BF     		nop
 2395 00a4 1037     		adds	r7, r7, #16
 2396              	.LCFI69:
 2397              		.cfi_def_cfa_offset 8
 2398 00a6 BD46     		mov	sp, r7
 2399              	.LCFI70:
 2400              		.cfi_def_cfa_register 13
 2401              		@ sp needed
 2402 00a8 80BD     		pop	{r7, pc}
 2403              	.L146:
 2404 00aa 00BF     		.align	2
 2405              	.L145:
 2406 00ac 00000000 		.word	pxCurrentTCB
 2407 00b0 00000000 		.word	uxTopReadyPriority
 2408 00b4 00000000 		.word	pxReadyTasksLists
 2409 00b8 04ED00E0 		.word	-536810236
 2410              		.cfi_endproc
 2411              	.LFE18:
 2413              		.section	.text.xTaskResumeFromISR,"ax",%progbits
 2414              		.align	1
 2415              		.global	xTaskResumeFromISR
 2416              		.syntax unified
 2417              		.thumb
 2418              		.thumb_func
 2420              	xTaskResumeFromISR:
 2421              	.LFB19:
1905:System/FreeRTOS/tasks.c **** 
1906:System/FreeRTOS/tasks.c **** #endif /* INCLUDE_vTaskSuspend */
1907:System/FreeRTOS/tasks.c **** 
1908:System/FreeRTOS/tasks.c **** /*-----------------------------------------------------------*/
1909:System/FreeRTOS/tasks.c **** 
1910:System/FreeRTOS/tasks.c **** #if ( ( INCLUDE_xTaskResumeFromISR == 1 ) && ( INCLUDE_vTaskSuspend == 1 ) )
1911:System/FreeRTOS/tasks.c **** 
1912:System/FreeRTOS/tasks.c **** 	BaseType_t xTaskResumeFromISR( TaskHandle_t xTaskToResume )
1913:System/FreeRTOS/tasks.c **** 	{
 2422              		.loc 1 1913 2
 2423              		.cfi_startproc
 2424              		@ args = 0, pretend = 0, frame = 40
 2425              		@ frame_needed = 1, uses_anonymous_args = 0
 2426 0000 80B5     		push	{r7, lr}
 2427              	.LCFI71:
 2428              		.cfi_def_cfa_offset 8
 2429              		.cfi_offset 7, -8
 2430              		.cfi_offset 14, -4
 2431 0002 8AB0     		sub	sp, sp, #40
 2432              	.LCFI72:
 2433              		.cfi_def_cfa_offset 48
 2434 0004 00AF     		add	r7, sp, #0
 2435              	.LCFI73:
 2436              		.cfi_def_cfa_register 7
 2437 0006 7860     		str	r0, [r7, #4]
ARM GAS  C:\Users\HUAV\AppData\Local\Temp\ccerV99a.s 			page 81


1914:System/FreeRTOS/tasks.c **** 	BaseType_t xYieldRequired = pdFALSE;
 2438              		.loc 1 1914 13
 2439 0008 0023     		movs	r3, #0
 2440 000a 7B62     		str	r3, [r7, #36]
1915:System/FreeRTOS/tasks.c **** 	TCB_t * const pxTCB = xTaskToResume;
 2441              		.loc 1 1915 16
 2442 000c 7B68     		ldr	r3, [r7, #4]
 2443 000e 3B62     		str	r3, [r7, #32]
1916:System/FreeRTOS/tasks.c **** 	UBaseType_t uxSavedInterruptStatus;
1917:System/FreeRTOS/tasks.c **** 
1918:System/FreeRTOS/tasks.c **** 		configASSERT( xTaskToResume );
 2444              		.loc 1 1918 3
 2445 0010 7B68     		ldr	r3, [r7, #4]
 2446 0012 002B     		cmp	r3, #0
 2447 0014 0AD1     		bne	.L148
 2448              	.LBB158:
 2449              	.LBB159:
 195:System/FreeRTOS/portable/GCC/ARM_CM4F/portmacro.h **** 	(
 2450              		.loc 2 195 2
 2451              		.syntax unified
 2452              	@ 195 "System/FreeRTOS/portable/GCC/ARM_CM4F/portmacro.h" 1
 2453 0016 4FF05003 			mov r3, #80												
 2454 001a 83F31188 		msr basepri, r3											
 2455 001e BFF36F8F 		isb														
 2456 0022 BFF34F8F 		dsb														
 2457              	
 2458              	@ 0 "" 2
 2459              		.thumb
 2460              		.syntax unified
 2461 0026 BB61     		str	r3, [r7, #24]
 203:System/FreeRTOS/portable/GCC/ARM_CM4F/portmacro.h **** 
 2462              		.loc 2 203 1
 2463 0028 00BF     		nop
 2464              	.L149:
 2465              	.LBE159:
 2466              	.LBE158:
 2467              		.loc 1 1918 3 discriminator 1
 2468 002a FEE7     		b	.L149
 2469              	.L148:
1919:System/FreeRTOS/tasks.c **** 
1920:System/FreeRTOS/tasks.c **** 		/* RTOS ports that support interrupt nesting have the concept of a
1921:System/FreeRTOS/tasks.c **** 		maximum	system call (or maximum API call) interrupt priority.
1922:System/FreeRTOS/tasks.c **** 		Interrupts that are	above the maximum system call priority are keep
1923:System/FreeRTOS/tasks.c **** 		permanently enabled, even when the RTOS kernel is in a critical section,
1924:System/FreeRTOS/tasks.c **** 		but cannot make any calls to FreeRTOS API functions.  If configASSERT()
1925:System/FreeRTOS/tasks.c **** 		is defined in FreeRTOSConfig.h then
1926:System/FreeRTOS/tasks.c **** 		portASSERT_IF_INTERRUPT_PRIORITY_INVALID() will result in an assertion
1927:System/FreeRTOS/tasks.c **** 		failure if a FreeRTOS API function is called from an interrupt that has
1928:System/FreeRTOS/tasks.c **** 		been assigned a priority above the configured maximum system call
1929:System/FreeRTOS/tasks.c **** 		priority.  Only FreeRTOS functions that end in FromISR can be called
1930:System/FreeRTOS/tasks.c **** 		from interrupts	that have been assigned a priority at or (logically)
1931:System/FreeRTOS/tasks.c **** 		below the maximum system call interrupt priority.  FreeRTOS maintains a
1932:System/FreeRTOS/tasks.c **** 		separate interrupt safe API to ensure interrupt entry is as fast and as
1933:System/FreeRTOS/tasks.c **** 		simple as possible.  More information (albeit Cortex-M specific) is
1934:System/FreeRTOS/tasks.c **** 		provided on the following link:
1935:System/FreeRTOS/tasks.c **** 		https://www.freertos.org/RTOS-Cortex-M3-M4.html */
1936:System/FreeRTOS/tasks.c **** 		portASSERT_IF_INTERRUPT_PRIORITY_INVALID();
ARM GAS  C:\Users\HUAV\AppData\Local\Temp\ccerV99a.s 			page 82


 2470              		.loc 1 1936 3
 2471 002c FFF7FEFF 		bl	vPortValidateInterruptPriority
 2472              	.LBB160:
 2473              	.LBB161:
 211:System/FreeRTOS/portable/GCC/ARM_CM4F/portmacro.h **** 	(
 2474              		.loc 2 211 2
 2475              		.syntax unified
 2476              	@ 211 "System/FreeRTOS/portable/GCC/ARM_CM4F/portmacro.h" 1
 2477 0030 EFF31182 			mrs r2, basepri											
 2478 0034 4FF05003 		mov r3, #80												
 2479 0038 83F31188 		msr basepri, r3											
 2480 003c BFF36F8F 		isb														
 2481 0040 BFF34F8F 		dsb														
 2482              	
 2483              	@ 0 "" 2
 2484              		.thumb
 2485              		.syntax unified
 2486 0044 7A61     		str	r2, [r7, #20]
 2487 0046 3B61     		str	r3, [r7, #16]
 223:System/FreeRTOS/portable/GCC/ARM_CM4F/portmacro.h **** }
 2488              		.loc 2 223 9
 2489 0048 7B69     		ldr	r3, [r7, #20]
 2490              	.LBE161:
 2491              	.LBE160:
1937:System/FreeRTOS/tasks.c **** 
1938:System/FreeRTOS/tasks.c **** 		uxSavedInterruptStatus = portSET_INTERRUPT_MASK_FROM_ISR();
 2492              		.loc 1 1938 28
 2493 004a FB61     		str	r3, [r7, #28]
1939:System/FreeRTOS/tasks.c **** 		{
1940:System/FreeRTOS/tasks.c **** 			if( prvTaskIsTaskSuspended( pxTCB ) != pdFALSE )
 2494              		.loc 1 1940 8
 2495 004c 386A     		ldr	r0, [r7, #32]
 2496 004e FFF7FEFF 		bl	prvTaskIsTaskSuspended
 2497 0052 0346     		mov	r3, r0
 2498              		.loc 1 1940 6
 2499 0054 002B     		cmp	r3, #0
 2500 0056 2FD0     		beq	.L151
1941:System/FreeRTOS/tasks.c **** 			{
1942:System/FreeRTOS/tasks.c **** 				traceTASK_RESUME_FROM_ISR( pxTCB );
1943:System/FreeRTOS/tasks.c **** 
1944:System/FreeRTOS/tasks.c **** 				/* Check the ready lists can be accessed. */
1945:System/FreeRTOS/tasks.c **** 				if( uxSchedulerSuspended == ( UBaseType_t ) pdFALSE )
 2501              		.loc 1 1945 30
 2502 0058 1D4B     		ldr	r3, .L155
 2503 005a 1B68     		ldr	r3, [r3]
 2504              		.loc 1 1945 7
 2505 005c 002B     		cmp	r3, #0
 2506 005e 25D1     		bne	.L152
1946:System/FreeRTOS/tasks.c **** 				{
1947:System/FreeRTOS/tasks.c **** 					/* Ready lists can be accessed so move the task from the
1948:System/FreeRTOS/tasks.c **** 					suspended list to the ready list directly. */
1949:System/FreeRTOS/tasks.c **** 					if( pxTCB->uxPriority >= pxCurrentTCB->uxPriority )
 2507              		.loc 1 1949 15
 2508 0060 3B6A     		ldr	r3, [r7, #32]
 2509 0062 DA6A     		ldr	r2, [r3, #44]
 2510              		.loc 1 1949 43
 2511 0064 1B4B     		ldr	r3, .L155+4
ARM GAS  C:\Users\HUAV\AppData\Local\Temp\ccerV99a.s 			page 83


 2512 0066 1B68     		ldr	r3, [r3]
 2513 0068 DB6A     		ldr	r3, [r3, #44]
 2514              		.loc 1 1949 8
 2515 006a 9A42     		cmp	r2, r3
 2516 006c 01D3     		bcc	.L153
1950:System/FreeRTOS/tasks.c **** 					{
1951:System/FreeRTOS/tasks.c **** 						xYieldRequired = pdTRUE;
 2517              		.loc 1 1951 22
 2518 006e 0123     		movs	r3, #1
 2519 0070 7B62     		str	r3, [r7, #36]
 2520              	.L153:
1952:System/FreeRTOS/tasks.c **** 					}
1953:System/FreeRTOS/tasks.c **** 					else
1954:System/FreeRTOS/tasks.c **** 					{
1955:System/FreeRTOS/tasks.c **** 						mtCOVERAGE_TEST_MARKER();
1956:System/FreeRTOS/tasks.c **** 					}
1957:System/FreeRTOS/tasks.c **** 
1958:System/FreeRTOS/tasks.c **** 					( void ) uxListRemove( &( pxTCB->xStateListItem ) );
 2521              		.loc 1 1958 15
 2522 0072 3B6A     		ldr	r3, [r7, #32]
 2523 0074 0433     		adds	r3, r3, #4
 2524 0076 1846     		mov	r0, r3
 2525 0078 FFF7FEFF 		bl	uxListRemove
1959:System/FreeRTOS/tasks.c **** 					prvAddTaskToReadyList( pxTCB );
 2526              		.loc 1 1959 6
 2527 007c 3B6A     		ldr	r3, [r7, #32]
 2528 007e DB6A     		ldr	r3, [r3, #44]
 2529 0080 0122     		movs	r2, #1
 2530 0082 9A40     		lsls	r2, r2, r3
 2531 0084 144B     		ldr	r3, .L155+8
 2532 0086 1B68     		ldr	r3, [r3]
 2533 0088 1343     		orrs	r3, r3, r2
 2534 008a 134A     		ldr	r2, .L155+8
 2535 008c 1360     		str	r3, [r2]
 2536 008e 3B6A     		ldr	r3, [r7, #32]
 2537 0090 DA6A     		ldr	r2, [r3, #44]
 2538 0092 1346     		mov	r3, r2
 2539 0094 9B00     		lsls	r3, r3, #2
 2540 0096 1344     		add	r3, r3, r2
 2541 0098 9B00     		lsls	r3, r3, #2
 2542 009a 104A     		ldr	r2, .L155+12
 2543 009c 1A44     		add	r2, r2, r3
 2544 009e 3B6A     		ldr	r3, [r7, #32]
 2545 00a0 0433     		adds	r3, r3, #4
 2546 00a2 1946     		mov	r1, r3
 2547 00a4 1046     		mov	r0, r2
 2548 00a6 FFF7FEFF 		bl	vListInsertEnd
 2549 00aa 05E0     		b	.L151
 2550              	.L152:
1960:System/FreeRTOS/tasks.c **** 				}
1961:System/FreeRTOS/tasks.c **** 				else
1962:System/FreeRTOS/tasks.c **** 				{
1963:System/FreeRTOS/tasks.c **** 					/* The delayed or ready lists cannot be accessed so the task
1964:System/FreeRTOS/tasks.c **** 					is held in the pending ready list until the scheduler is
1965:System/FreeRTOS/tasks.c **** 					unsuspended. */
1966:System/FreeRTOS/tasks.c **** 					vListInsertEnd( &( xPendingReadyList ), &( pxTCB->xEventListItem ) );
 2551              		.loc 1 1966 6
ARM GAS  C:\Users\HUAV\AppData\Local\Temp\ccerV99a.s 			page 84


 2552 00ac 3B6A     		ldr	r3, [r7, #32]
 2553 00ae 1833     		adds	r3, r3, #24
 2554 00b0 1946     		mov	r1, r3
 2555 00b2 0B48     		ldr	r0, .L155+16
 2556 00b4 FFF7FEFF 		bl	vListInsertEnd
 2557              	.L151:
 2558 00b8 FB69     		ldr	r3, [r7, #28]
 2559 00ba FB60     		str	r3, [r7, #12]
 2560              	.LBB162:
 2561              	.LBB163:
 229:System/FreeRTOS/portable/GCC/ARM_CM4F/portmacro.h **** 	(
 2562              		.loc 2 229 2
 2563 00bc FB68     		ldr	r3, [r7, #12]
 2564              		.syntax unified
 2565              	@ 229 "System/FreeRTOS/portable/GCC/ARM_CM4F/portmacro.h" 1
 2566 00be 83F31188 			msr basepri, r3	
 2567              	@ 0 "" 2
 2568              		.loc 2 233 1
 2569              		.thumb
 2570              		.syntax unified
 2571 00c2 00BF     		nop
 2572              	.LBE163:
 2573              	.LBE162:
1967:System/FreeRTOS/tasks.c **** 				}
1968:System/FreeRTOS/tasks.c **** 			}
1969:System/FreeRTOS/tasks.c **** 			else
1970:System/FreeRTOS/tasks.c **** 			{
1971:System/FreeRTOS/tasks.c **** 				mtCOVERAGE_TEST_MARKER();
1972:System/FreeRTOS/tasks.c **** 			}
1973:System/FreeRTOS/tasks.c **** 		}
1974:System/FreeRTOS/tasks.c **** 		portCLEAR_INTERRUPT_MASK_FROM_ISR( uxSavedInterruptStatus );
1975:System/FreeRTOS/tasks.c **** 
1976:System/FreeRTOS/tasks.c **** 		return xYieldRequired;
 2574              		.loc 1 1976 10
 2575 00c4 7B6A     		ldr	r3, [r7, #36]
1977:System/FreeRTOS/tasks.c **** 	}
 2576              		.loc 1 1977 2
 2577 00c6 1846     		mov	r0, r3
 2578 00c8 2837     		adds	r7, r7, #40
 2579              	.LCFI74:
 2580              		.cfi_def_cfa_offset 8
 2581 00ca BD46     		mov	sp, r7
 2582              	.LCFI75:
 2583              		.cfi_def_cfa_register 13
 2584              		@ sp needed
 2585 00cc 80BD     		pop	{r7, pc}
 2586              	.L156:
 2587 00ce 00BF     		.align	2
 2588              	.L155:
 2589 00d0 00000000 		.word	uxSchedulerSuspended
 2590 00d4 00000000 		.word	pxCurrentTCB
 2591 00d8 00000000 		.word	uxTopReadyPriority
 2592 00dc 00000000 		.word	pxReadyTasksLists
 2593 00e0 00000000 		.word	xPendingReadyList
 2594              		.cfi_endproc
 2595              	.LFE19:
 2597              		.section	.rodata
ARM GAS  C:\Users\HUAV\AppData\Local\Temp\ccerV99a.s 			page 85


 2598              		.align	2
 2599              	.LC0:
 2600 0000 49444C45 		.ascii	"IDLE\000"
 2600      00
 2601              		.section	.text.vTaskStartScheduler,"ax",%progbits
 2602              		.align	1
 2603              		.global	vTaskStartScheduler
 2604              		.syntax unified
 2605              		.thumb
 2606              		.thumb_func
 2608              	vTaskStartScheduler:
 2609              	.LFB20:
1978:System/FreeRTOS/tasks.c **** 
1979:System/FreeRTOS/tasks.c **** #endif /* ( ( INCLUDE_xTaskResumeFromISR == 1 ) && ( INCLUDE_vTaskSuspend == 1 ) ) */
1980:System/FreeRTOS/tasks.c **** /*-----------------------------------------------------------*/
1981:System/FreeRTOS/tasks.c **** 
1982:System/FreeRTOS/tasks.c **** void vTaskStartScheduler( void )
1983:System/FreeRTOS/tasks.c **** {
 2610              		.loc 1 1983 1
 2611              		.cfi_startproc
 2612              		@ args = 0, pretend = 0, frame = 24
 2613              		@ frame_needed = 1, uses_anonymous_args = 0
 2614 0000 80B5     		push	{r7, lr}
 2615              	.LCFI76:
 2616              		.cfi_def_cfa_offset 8
 2617              		.cfi_offset 7, -8
 2618              		.cfi_offset 14, -4
 2619 0002 8AB0     		sub	sp, sp, #40
 2620              	.LCFI77:
 2621              		.cfi_def_cfa_offset 48
 2622 0004 04AF     		add	r7, sp, #16
 2623              	.LCFI78:
 2624              		.cfi_def_cfa 7, 32
 2625              	.LBB164:
1984:System/FreeRTOS/tasks.c **** BaseType_t xReturn;
1985:System/FreeRTOS/tasks.c **** 
1986:System/FreeRTOS/tasks.c **** 	/* Add the idle task at the lowest priority. */
1987:System/FreeRTOS/tasks.c **** 	#if( configSUPPORT_STATIC_ALLOCATION == 1 )
1988:System/FreeRTOS/tasks.c **** 	{
1989:System/FreeRTOS/tasks.c **** 		StaticTask_t *pxIdleTaskTCBBuffer = NULL;
 2626              		.loc 1 1989 17
 2627 0006 0023     		movs	r3, #0
 2628 0008 BB60     		str	r3, [r7, #8]
1990:System/FreeRTOS/tasks.c **** 		StackType_t *pxIdleTaskStackBuffer = NULL;
 2629              		.loc 1 1990 16
 2630 000a 0023     		movs	r3, #0
 2631 000c 7B60     		str	r3, [r7, #4]
1991:System/FreeRTOS/tasks.c **** 		uint32_t ulIdleTaskStackSize;
1992:System/FreeRTOS/tasks.c **** 
1993:System/FreeRTOS/tasks.c **** 		/* The Idle task is created using user provided RAM - obtain the
1994:System/FreeRTOS/tasks.c **** 		address of the RAM then create the idle task. */
1995:System/FreeRTOS/tasks.c **** 		vApplicationGetIdleTaskMemory( &pxIdleTaskTCBBuffer, &pxIdleTaskStackBuffer, &ulIdleTaskStackSize
 2632              		.loc 1 1995 3
 2633 000e 3A46     		mov	r2, r7
 2634 0010 391D     		adds	r1, r7, #4
 2635 0012 07F10803 		add	r3, r7, #8
 2636 0016 1846     		mov	r0, r3
ARM GAS  C:\Users\HUAV\AppData\Local\Temp\ccerV99a.s 			page 86


 2637 0018 FFF7FEFF 		bl	vApplicationGetIdleTaskMemory
1996:System/FreeRTOS/tasks.c **** 		xIdleTaskHandle = xTaskCreateStatic(	prvIdleTask,
 2638              		.loc 1 1996 21
 2639 001c 3968     		ldr	r1, [r7]
 2640 001e 7B68     		ldr	r3, [r7, #4]
 2641 0020 BA68     		ldr	r2, [r7, #8]
 2642 0022 0292     		str	r2, [sp, #8]
 2643 0024 0193     		str	r3, [sp, #4]
 2644 0026 0023     		movs	r3, #0
 2645 0028 0093     		str	r3, [sp]
 2646 002a 0023     		movs	r3, #0
 2647 002c 0A46     		mov	r2, r1
 2648 002e 1E49     		ldr	r1, .L164
 2649 0030 1E48     		ldr	r0, .L164+4
 2650 0032 FFF7FEFF 		bl	xTaskCreateStatic
 2651 0036 0346     		mov	r3, r0
 2652              		.loc 1 1996 19
 2653 0038 1D4A     		ldr	r2, .L164+8
 2654 003a 1360     		str	r3, [r2]
1997:System/FreeRTOS/tasks.c **** 												configIDLE_TASK_NAME,
1998:System/FreeRTOS/tasks.c **** 												ulIdleTaskStackSize,
1999:System/FreeRTOS/tasks.c **** 												( void * ) NULL, /*lint !e961.  The cast is not redundant for all compilers. */
2000:System/FreeRTOS/tasks.c **** 												portPRIVILEGE_BIT, /* In effect ( tskIDLE_PRIORITY | portPRIVILEGE_BIT ), but tskIDLE_P
2001:System/FreeRTOS/tasks.c **** 												pxIdleTaskStackBuffer,
2002:System/FreeRTOS/tasks.c **** 												pxIdleTaskTCBBuffer ); /*lint !e961 MISRA exception, justified as it is not a redundant
2003:System/FreeRTOS/tasks.c **** 
2004:System/FreeRTOS/tasks.c **** 		if( xIdleTaskHandle != NULL )
 2655              		.loc 1 2004 23
 2656 003c 1C4B     		ldr	r3, .L164+8
 2657 003e 1B68     		ldr	r3, [r3]
 2658              		.loc 1 2004 5
 2659 0040 002B     		cmp	r3, #0
 2660 0042 02D0     		beq	.L158
2005:System/FreeRTOS/tasks.c **** 		{
2006:System/FreeRTOS/tasks.c **** 			xReturn = pdPASS;
 2661              		.loc 1 2006 12
 2662 0044 0123     		movs	r3, #1
 2663 0046 7B61     		str	r3, [r7, #20]
 2664 0048 01E0     		b	.L159
 2665              	.L158:
2007:System/FreeRTOS/tasks.c **** 		}
2008:System/FreeRTOS/tasks.c **** 		else
2009:System/FreeRTOS/tasks.c **** 		{
2010:System/FreeRTOS/tasks.c **** 			xReturn = pdFAIL;
 2666              		.loc 1 2010 12
 2667 004a 0023     		movs	r3, #0
 2668 004c 7B61     		str	r3, [r7, #20]
 2669              	.L159:
 2670              	.LBE164:
2011:System/FreeRTOS/tasks.c **** 		}
2012:System/FreeRTOS/tasks.c **** 	}
2013:System/FreeRTOS/tasks.c **** 	#else
2014:System/FreeRTOS/tasks.c **** 	{
2015:System/FreeRTOS/tasks.c **** 		/* The Idle task is being created using dynamically allocated RAM. */
2016:System/FreeRTOS/tasks.c **** 		xReturn = xTaskCreate(	prvIdleTask,
2017:System/FreeRTOS/tasks.c **** 								configIDLE_TASK_NAME,
2018:System/FreeRTOS/tasks.c **** 								configMINIMAL_STACK_SIZE,
ARM GAS  C:\Users\HUAV\AppData\Local\Temp\ccerV99a.s 			page 87


2019:System/FreeRTOS/tasks.c **** 								( void * ) NULL,
2020:System/FreeRTOS/tasks.c **** 								portPRIVILEGE_BIT, /* In effect ( tskIDLE_PRIORITY | portPRIVILEGE_BIT ), but tskIDLE_PRIOR
2021:System/FreeRTOS/tasks.c **** 								&xIdleTaskHandle ); /*lint !e961 MISRA exception, justified as it is not a redundant explic
2022:System/FreeRTOS/tasks.c **** 	}
2023:System/FreeRTOS/tasks.c **** 	#endif /* configSUPPORT_STATIC_ALLOCATION */
2024:System/FreeRTOS/tasks.c **** 
2025:System/FreeRTOS/tasks.c **** 	#if ( configUSE_TIMERS == 1 )
2026:System/FreeRTOS/tasks.c **** 	{
2027:System/FreeRTOS/tasks.c **** 		if( xReturn == pdPASS )
2028:System/FreeRTOS/tasks.c **** 		{
2029:System/FreeRTOS/tasks.c **** 			xReturn = xTimerCreateTimerTask();
2030:System/FreeRTOS/tasks.c **** 		}
2031:System/FreeRTOS/tasks.c **** 		else
2032:System/FreeRTOS/tasks.c **** 		{
2033:System/FreeRTOS/tasks.c **** 			mtCOVERAGE_TEST_MARKER();
2034:System/FreeRTOS/tasks.c **** 		}
2035:System/FreeRTOS/tasks.c **** 	}
2036:System/FreeRTOS/tasks.c **** 	#endif /* configUSE_TIMERS */
2037:System/FreeRTOS/tasks.c **** 
2038:System/FreeRTOS/tasks.c **** 	if( xReturn == pdPASS )
 2671              		.loc 1 2038 4
 2672 004e 7B69     		ldr	r3, [r7, #20]
 2673 0050 012B     		cmp	r3, #1
 2674 0052 16D1     		bne	.L160
 2675              	.LBB165:
 2676              	.LBB166:
 195:System/FreeRTOS/portable/GCC/ARM_CM4F/portmacro.h **** 	(
 2677              		.loc 2 195 2
 2678              		.syntax unified
 2679              	@ 195 "System/FreeRTOS/portable/GCC/ARM_CM4F/portmacro.h" 1
 2680 0054 4FF05003 			mov r3, #80												
 2681 0058 83F31188 		msr basepri, r3											
 2682 005c BFF36F8F 		isb														
 2683 0060 BFF34F8F 		dsb														
 2684              	
 2685              	@ 0 "" 2
 2686              		.thumb
 2687              		.syntax unified
 2688 0064 3B61     		str	r3, [r7, #16]
 203:System/FreeRTOS/portable/GCC/ARM_CM4F/portmacro.h **** 
 2689              		.loc 2 203 1
 2690 0066 00BF     		nop
 2691              	.LBE166:
 2692              	.LBE165:
2039:System/FreeRTOS/tasks.c **** 	{
2040:System/FreeRTOS/tasks.c **** 		/* freertos_tasks_c_additions_init() should only be called if the user
2041:System/FreeRTOS/tasks.c **** 		definable macro FREERTOS_TASKS_C_ADDITIONS_INIT() is defined, as that is
2042:System/FreeRTOS/tasks.c **** 		the only macro called by the function. */
2043:System/FreeRTOS/tasks.c **** 		#ifdef FREERTOS_TASKS_C_ADDITIONS_INIT
2044:System/FreeRTOS/tasks.c **** 		{
2045:System/FreeRTOS/tasks.c **** 			freertos_tasks_c_additions_init();
2046:System/FreeRTOS/tasks.c **** 		}
2047:System/FreeRTOS/tasks.c **** 		#endif
2048:System/FreeRTOS/tasks.c **** 
2049:System/FreeRTOS/tasks.c **** 		/* Interrupts are turned off here, to ensure a tick does not occur
2050:System/FreeRTOS/tasks.c **** 		before or during the call to xPortStartScheduler().  The stacks of
2051:System/FreeRTOS/tasks.c **** 		the created tasks contain a status word with interrupts switched on
ARM GAS  C:\Users\HUAV\AppData\Local\Temp\ccerV99a.s 			page 88


2052:System/FreeRTOS/tasks.c **** 		so interrupts will automatically get re-enabled when the first task
2053:System/FreeRTOS/tasks.c **** 		starts to run. */
2054:System/FreeRTOS/tasks.c **** 		portDISABLE_INTERRUPTS();
2055:System/FreeRTOS/tasks.c **** 
2056:System/FreeRTOS/tasks.c **** 		#if ( configUSE_NEWLIB_REENTRANT == 1 )
2057:System/FreeRTOS/tasks.c **** 		{
2058:System/FreeRTOS/tasks.c **** 			/* Switch Newlib's _impure_ptr variable to point to the _reent
2059:System/FreeRTOS/tasks.c **** 			structure specific to the task that will run first.
2060:System/FreeRTOS/tasks.c **** 			See the third party link http://www.nadler.com/embedded/newlibAndFreeRTOS.html
2061:System/FreeRTOS/tasks.c **** 			for additional information. */
2062:System/FreeRTOS/tasks.c **** 			_impure_ptr = &( pxCurrentTCB->xNewLib_reent );
2063:System/FreeRTOS/tasks.c **** 		}
2064:System/FreeRTOS/tasks.c **** 		#endif /* configUSE_NEWLIB_REENTRANT */
2065:System/FreeRTOS/tasks.c **** 
2066:System/FreeRTOS/tasks.c **** 		xNextTaskUnblockTime = portMAX_DELAY;
 2693              		.loc 1 2066 24
 2694 0068 124B     		ldr	r3, .L164+12
 2695 006a 4FF0FF32 		mov	r2, #-1
 2696 006e 1A60     		str	r2, [r3]
2067:System/FreeRTOS/tasks.c **** 		xSchedulerRunning = pdTRUE;
 2697              		.loc 1 2067 21
 2698 0070 114B     		ldr	r3, .L164+16
 2699 0072 0122     		movs	r2, #1
 2700 0074 1A60     		str	r2, [r3]
2068:System/FreeRTOS/tasks.c **** 		xTickCount = ( TickType_t ) configINITIAL_TICK_COUNT;
 2701              		.loc 1 2068 14
 2702 0076 114B     		ldr	r3, .L164+20
 2703 0078 0022     		movs	r2, #0
 2704 007a 1A60     		str	r2, [r3]
2069:System/FreeRTOS/tasks.c **** 
2070:System/FreeRTOS/tasks.c **** 		/* If configGENERATE_RUN_TIME_STATS is defined then the following
2071:System/FreeRTOS/tasks.c **** 		macro must be defined to configure the timer/counter used to generate
2072:System/FreeRTOS/tasks.c **** 		the run time counter time base.   NOTE:  If configGENERATE_RUN_TIME_STATS
2073:System/FreeRTOS/tasks.c **** 		is set to 0 and the following line fails to build then ensure you do not
2074:System/FreeRTOS/tasks.c **** 		have portCONFIGURE_TIMER_FOR_RUN_TIME_STATS() defined in your
2075:System/FreeRTOS/tasks.c **** 		FreeRTOSConfig.h file. */
2076:System/FreeRTOS/tasks.c **** 		portCONFIGURE_TIMER_FOR_RUN_TIME_STATS();
2077:System/FreeRTOS/tasks.c **** 
2078:System/FreeRTOS/tasks.c **** 		traceTASK_SWITCHED_IN();
2079:System/FreeRTOS/tasks.c **** 
2080:System/FreeRTOS/tasks.c **** 		/* Setting up the timer tick is hardware specific and thus in the
2081:System/FreeRTOS/tasks.c **** 		portable interface. */
2082:System/FreeRTOS/tasks.c **** 		if( xPortStartScheduler() != pdFALSE )
 2705              		.loc 1 2082 7
 2706 007c FFF7FEFF 		bl	xPortStartScheduler
2083:System/FreeRTOS/tasks.c **** 		{
2084:System/FreeRTOS/tasks.c **** 			/* Should not reach here as if the scheduler is running the
2085:System/FreeRTOS/tasks.c **** 			function will not return. */
2086:System/FreeRTOS/tasks.c **** 		}
2087:System/FreeRTOS/tasks.c **** 		else
2088:System/FreeRTOS/tasks.c **** 		{
2089:System/FreeRTOS/tasks.c **** 			/* Should only reach here if a task calls xTaskEndScheduler(). */
2090:System/FreeRTOS/tasks.c **** 		}
2091:System/FreeRTOS/tasks.c **** 	}
2092:System/FreeRTOS/tasks.c **** 	else
2093:System/FreeRTOS/tasks.c **** 	{
2094:System/FreeRTOS/tasks.c **** 		/* This line will only be reached if the kernel could not be started,
ARM GAS  C:\Users\HUAV\AppData\Local\Temp\ccerV99a.s 			page 89


2095:System/FreeRTOS/tasks.c **** 		because there was not enough FreeRTOS heap to create the idle task
2096:System/FreeRTOS/tasks.c **** 		or the timer task. */
2097:System/FreeRTOS/tasks.c **** 		configASSERT( xReturn != errCOULD_NOT_ALLOCATE_REQUIRED_MEMORY );
2098:System/FreeRTOS/tasks.c **** 	}
2099:System/FreeRTOS/tasks.c **** 
2100:System/FreeRTOS/tasks.c **** 	/* Prevent compiler warnings if INCLUDE_xTaskGetIdleTaskHandle is set to 0,
2101:System/FreeRTOS/tasks.c **** 	meaning xIdleTaskHandle is not used anywhere else. */
2102:System/FreeRTOS/tasks.c **** 	( void ) xIdleTaskHandle;
2103:System/FreeRTOS/tasks.c **** }
 2707              		.loc 1 2103 1
 2708 0080 0EE0     		b	.L163
 2709              	.L160:
2097:System/FreeRTOS/tasks.c **** 	}
 2710              		.loc 1 2097 3
 2711 0082 7B69     		ldr	r3, [r7, #20]
 2712 0084 B3F1FF3F 		cmp	r3, #-1
 2713 0088 0AD1     		bne	.L163
 2714              	.LBB167:
 2715              	.LBB168:
 195:System/FreeRTOS/portable/GCC/ARM_CM4F/portmacro.h **** 	(
 2716              		.loc 2 195 2
 2717              		.syntax unified
 2718              	@ 195 "System/FreeRTOS/portable/GCC/ARM_CM4F/portmacro.h" 1
 2719 008a 4FF05003 			mov r3, #80												
 2720 008e 83F31188 		msr basepri, r3											
 2721 0092 BFF36F8F 		isb														
 2722 0096 BFF34F8F 		dsb														
 2723              	
 2724              	@ 0 "" 2
 2725              		.thumb
 2726              		.syntax unified
 2727 009a FB60     		str	r3, [r7, #12]
 203:System/FreeRTOS/portable/GCC/ARM_CM4F/portmacro.h **** 
 2728              		.loc 2 203 1
 2729 009c 00BF     		nop
 2730              	.L162:
 2731              	.LBE168:
 2732              	.LBE167:
2097:System/FreeRTOS/tasks.c **** 	}
 2733              		.loc 1 2097 3 discriminator 2
 2734 009e FEE7     		b	.L162
 2735              	.L163:
 2736              		.loc 1 2103 1
 2737 00a0 00BF     		nop
 2738 00a2 1837     		adds	r7, r7, #24
 2739              	.LCFI79:
 2740              		.cfi_def_cfa_offset 8
 2741 00a4 BD46     		mov	sp, r7
 2742              	.LCFI80:
 2743              		.cfi_def_cfa_register 13
 2744              		@ sp needed
 2745 00a6 80BD     		pop	{r7, pc}
 2746              	.L165:
 2747              		.align	2
 2748              	.L164:
 2749 00a8 00000000 		.word	.LC0
 2750 00ac 00000000 		.word	prvIdleTask
ARM GAS  C:\Users\HUAV\AppData\Local\Temp\ccerV99a.s 			page 90


 2751 00b0 00000000 		.word	xIdleTaskHandle
 2752 00b4 00000000 		.word	xNextTaskUnblockTime
 2753 00b8 00000000 		.word	xSchedulerRunning
 2754 00bc 00000000 		.word	xTickCount
 2755              		.cfi_endproc
 2756              	.LFE20:
 2758              		.section	.text.vTaskEndScheduler,"ax",%progbits
 2759              		.align	1
 2760              		.global	vTaskEndScheduler
 2761              		.syntax unified
 2762              		.thumb
 2763              		.thumb_func
 2765              	vTaskEndScheduler:
 2766              	.LFB21:
2104:System/FreeRTOS/tasks.c **** /*-----------------------------------------------------------*/
2105:System/FreeRTOS/tasks.c **** 
2106:System/FreeRTOS/tasks.c **** void vTaskEndScheduler( void )
2107:System/FreeRTOS/tasks.c **** {
 2767              		.loc 1 2107 1
 2768              		.cfi_startproc
 2769              		@ args = 0, pretend = 0, frame = 8
 2770              		@ frame_needed = 1, uses_anonymous_args = 0
 2771 0000 80B5     		push	{r7, lr}
 2772              	.LCFI81:
 2773              		.cfi_def_cfa_offset 8
 2774              		.cfi_offset 7, -8
 2775              		.cfi_offset 14, -4
 2776 0002 82B0     		sub	sp, sp, #8
 2777              	.LCFI82:
 2778              		.cfi_def_cfa_offset 16
 2779 0004 00AF     		add	r7, sp, #0
 2780              	.LCFI83:
 2781              		.cfi_def_cfa_register 7
 2782              	.LBB169:
 2783              	.LBB170:
 195:System/FreeRTOS/portable/GCC/ARM_CM4F/portmacro.h **** 	(
 2784              		.loc 2 195 2
 2785              		.syntax unified
 2786              	@ 195 "System/FreeRTOS/portable/GCC/ARM_CM4F/portmacro.h" 1
 2787 0006 4FF05003 			mov r3, #80												
 2788 000a 83F31188 		msr basepri, r3											
 2789 000e BFF36F8F 		isb														
 2790 0012 BFF34F8F 		dsb														
 2791              	
 2792              	@ 0 "" 2
 2793              		.thumb
 2794              		.syntax unified
 2795 0016 7B60     		str	r3, [r7, #4]
 203:System/FreeRTOS/portable/GCC/ARM_CM4F/portmacro.h **** 
 2796              		.loc 2 203 1
 2797 0018 00BF     		nop
 2798              	.LBE170:
 2799              	.LBE169:
2108:System/FreeRTOS/tasks.c **** 	/* Stop the scheduler interrupts and call the portable scheduler end
2109:System/FreeRTOS/tasks.c **** 	routine so the original ISRs can be restored if necessary.  The port
2110:System/FreeRTOS/tasks.c **** 	layer must ensure interrupts enable	bit is left in the correct state. */
2111:System/FreeRTOS/tasks.c **** 	portDISABLE_INTERRUPTS();
ARM GAS  C:\Users\HUAV\AppData\Local\Temp\ccerV99a.s 			page 91


2112:System/FreeRTOS/tasks.c **** 	xSchedulerRunning = pdFALSE;
 2800              		.loc 1 2112 20
 2801 001a 044B     		ldr	r3, .L167
 2802 001c 0022     		movs	r2, #0
 2803 001e 1A60     		str	r2, [r3]
2113:System/FreeRTOS/tasks.c **** 	vPortEndScheduler();
 2804              		.loc 1 2113 2
 2805 0020 FFF7FEFF 		bl	vPortEndScheduler
2114:System/FreeRTOS/tasks.c **** }
 2806              		.loc 1 2114 1
 2807 0024 00BF     		nop
 2808 0026 0837     		adds	r7, r7, #8
 2809              	.LCFI84:
 2810              		.cfi_def_cfa_offset 8
 2811 0028 BD46     		mov	sp, r7
 2812              	.LCFI85:
 2813              		.cfi_def_cfa_register 13
 2814              		@ sp needed
 2815 002a 80BD     		pop	{r7, pc}
 2816              	.L168:
 2817              		.align	2
 2818              	.L167:
 2819 002c 00000000 		.word	xSchedulerRunning
 2820              		.cfi_endproc
 2821              	.LFE21:
 2823              		.section	.text.vTaskSuspendAll,"ax",%progbits
 2824              		.align	1
 2825              		.global	vTaskSuspendAll
 2826              		.syntax unified
 2827              		.thumb
 2828              		.thumb_func
 2830              	vTaskSuspendAll:
 2831              	.LFB22:
2115:System/FreeRTOS/tasks.c **** /*----------------------------------------------------------*/
2116:System/FreeRTOS/tasks.c **** 
2117:System/FreeRTOS/tasks.c **** void vTaskSuspendAll( void )
2118:System/FreeRTOS/tasks.c **** {
 2832              		.loc 1 2118 1
 2833              		.cfi_startproc
 2834              		@ args = 0, pretend = 0, frame = 0
 2835              		@ frame_needed = 1, uses_anonymous_args = 0
 2836              		@ link register save eliminated.
 2837 0000 80B4     		push	{r7}
 2838              	.LCFI86:
 2839              		.cfi_def_cfa_offset 4
 2840              		.cfi_offset 7, -4
 2841 0002 00AF     		add	r7, sp, #0
 2842              	.LCFI87:
 2843              		.cfi_def_cfa_register 7
2119:System/FreeRTOS/tasks.c **** 	/* A critical section is not required as the variable is of type
2120:System/FreeRTOS/tasks.c **** 	BaseType_t.  Please read Richard Barry's reply in the following link to a
2121:System/FreeRTOS/tasks.c **** 	post in the FreeRTOS support forum before reporting this as a bug! -
2122:System/FreeRTOS/tasks.c **** 	http://goo.gl/wu4acr */
2123:System/FreeRTOS/tasks.c **** 
2124:System/FreeRTOS/tasks.c **** 	/* portSOFRWARE_BARRIER() is only implemented for emulated/simulated ports that
2125:System/FreeRTOS/tasks.c **** 	do not otherwise exhibit real time behaviour. */
2126:System/FreeRTOS/tasks.c **** 	portSOFTWARE_BARRIER();
ARM GAS  C:\Users\HUAV\AppData\Local\Temp\ccerV99a.s 			page 92


2127:System/FreeRTOS/tasks.c **** 
2128:System/FreeRTOS/tasks.c **** 	/* The scheduler is suspended if uxSchedulerSuspended is non-zero.  An increment
2129:System/FreeRTOS/tasks.c **** 	is used to allow calls to vTaskSuspendAll() to nest. */
2130:System/FreeRTOS/tasks.c **** 	++uxSchedulerSuspended;
 2844              		.loc 1 2130 2
 2845 0004 044B     		ldr	r3, .L170
 2846 0006 1B68     		ldr	r3, [r3]
 2847 0008 0133     		adds	r3, r3, #1
 2848 000a 034A     		ldr	r2, .L170
 2849 000c 1360     		str	r3, [r2]
2131:System/FreeRTOS/tasks.c **** 
2132:System/FreeRTOS/tasks.c **** 	/* Enforces ordering for ports and optimised compilers that may otherwise place
2133:System/FreeRTOS/tasks.c **** 	the above increment elsewhere. */
2134:System/FreeRTOS/tasks.c **** 	portMEMORY_BARRIER();
 2850              		.loc 1 2134 2
2135:System/FreeRTOS/tasks.c **** }
 2851              		.loc 1 2135 1
 2852 000e 00BF     		nop
 2853 0010 BD46     		mov	sp, r7
 2854              	.LCFI88:
 2855              		.cfi_def_cfa_register 13
 2856              		@ sp needed
 2857 0012 5DF8047B 		ldr	r7, [sp], #4
 2858              	.LCFI89:
 2859              		.cfi_restore 7
 2860              		.cfi_def_cfa_offset 0
 2861 0016 7047     		bx	lr
 2862              	.L171:
 2863              		.align	2
 2864              	.L170:
 2865 0018 00000000 		.word	uxSchedulerSuspended
 2866              		.cfi_endproc
 2867              	.LFE22:
 2869              		.section	.text.xTaskResumeAll,"ax",%progbits
 2870              		.align	1
 2871              		.global	xTaskResumeAll
 2872              		.syntax unified
 2873              		.thumb
 2874              		.thumb_func
 2876              	xTaskResumeAll:
 2877              	.LFB23:
2136:System/FreeRTOS/tasks.c **** /*----------------------------------------------------------*/
2137:System/FreeRTOS/tasks.c **** 
2138:System/FreeRTOS/tasks.c **** #if ( configUSE_TICKLESS_IDLE != 0 )
2139:System/FreeRTOS/tasks.c **** 
2140:System/FreeRTOS/tasks.c **** 	static TickType_t prvGetExpectedIdleTime( void )
2141:System/FreeRTOS/tasks.c **** 	{
2142:System/FreeRTOS/tasks.c **** 	TickType_t xReturn;
2143:System/FreeRTOS/tasks.c **** 	UBaseType_t uxHigherPriorityReadyTasks = pdFALSE;
2144:System/FreeRTOS/tasks.c **** 
2145:System/FreeRTOS/tasks.c **** 		/* uxHigherPriorityReadyTasks takes care of the case where
2146:System/FreeRTOS/tasks.c **** 		configUSE_PREEMPTION is 0, so there may be tasks above the idle priority
2147:System/FreeRTOS/tasks.c **** 		task that are in the Ready state, even though the idle task is
2148:System/FreeRTOS/tasks.c **** 		running. */
2149:System/FreeRTOS/tasks.c **** 		#if( configUSE_PORT_OPTIMISED_TASK_SELECTION == 0 )
2150:System/FreeRTOS/tasks.c **** 		{
2151:System/FreeRTOS/tasks.c **** 			if( uxTopReadyPriority > tskIDLE_PRIORITY )
ARM GAS  C:\Users\HUAV\AppData\Local\Temp\ccerV99a.s 			page 93


2152:System/FreeRTOS/tasks.c **** 			{
2153:System/FreeRTOS/tasks.c **** 				uxHigherPriorityReadyTasks = pdTRUE;
2154:System/FreeRTOS/tasks.c **** 			}
2155:System/FreeRTOS/tasks.c **** 		}
2156:System/FreeRTOS/tasks.c **** 		#else
2157:System/FreeRTOS/tasks.c **** 		{
2158:System/FreeRTOS/tasks.c **** 			const UBaseType_t uxLeastSignificantBit = ( UBaseType_t ) 0x01;
2159:System/FreeRTOS/tasks.c **** 
2160:System/FreeRTOS/tasks.c **** 			/* When port optimised task selection is used the uxTopReadyPriority
2161:System/FreeRTOS/tasks.c **** 			variable is used as a bit map.  If bits other than the least
2162:System/FreeRTOS/tasks.c **** 			significant bit are set then there are tasks that have a priority
2163:System/FreeRTOS/tasks.c **** 			above the idle priority that are in the Ready state.  This takes
2164:System/FreeRTOS/tasks.c **** 			care of the case where the co-operative scheduler is in use. */
2165:System/FreeRTOS/tasks.c **** 			if( uxTopReadyPriority > uxLeastSignificantBit )
2166:System/FreeRTOS/tasks.c **** 			{
2167:System/FreeRTOS/tasks.c **** 				uxHigherPriorityReadyTasks = pdTRUE;
2168:System/FreeRTOS/tasks.c **** 			}
2169:System/FreeRTOS/tasks.c **** 		}
2170:System/FreeRTOS/tasks.c **** 		#endif
2171:System/FreeRTOS/tasks.c **** 
2172:System/FreeRTOS/tasks.c **** 		if( pxCurrentTCB->uxPriority > tskIDLE_PRIORITY )
2173:System/FreeRTOS/tasks.c **** 		{
2174:System/FreeRTOS/tasks.c **** 			xReturn = 0;
2175:System/FreeRTOS/tasks.c **** 		}
2176:System/FreeRTOS/tasks.c **** 		else if( listCURRENT_LIST_LENGTH( &( pxReadyTasksLists[ tskIDLE_PRIORITY ] ) ) > 1 )
2177:System/FreeRTOS/tasks.c **** 		{
2178:System/FreeRTOS/tasks.c **** 			/* There are other idle priority tasks in the ready state.  If
2179:System/FreeRTOS/tasks.c **** 			time slicing is used then the very next tick interrupt must be
2180:System/FreeRTOS/tasks.c **** 			processed. */
2181:System/FreeRTOS/tasks.c **** 			xReturn = 0;
2182:System/FreeRTOS/tasks.c **** 		}
2183:System/FreeRTOS/tasks.c **** 		else if( uxHigherPriorityReadyTasks != pdFALSE )
2184:System/FreeRTOS/tasks.c **** 		{
2185:System/FreeRTOS/tasks.c **** 			/* There are tasks in the Ready state that have a priority above the
2186:System/FreeRTOS/tasks.c **** 			idle priority.  This path can only be reached if
2187:System/FreeRTOS/tasks.c **** 			configUSE_PREEMPTION is 0. */
2188:System/FreeRTOS/tasks.c **** 			xReturn = 0;
2189:System/FreeRTOS/tasks.c **** 		}
2190:System/FreeRTOS/tasks.c **** 		else
2191:System/FreeRTOS/tasks.c **** 		{
2192:System/FreeRTOS/tasks.c **** 			xReturn = xNextTaskUnblockTime - xTickCount;
2193:System/FreeRTOS/tasks.c **** 		}
2194:System/FreeRTOS/tasks.c **** 
2195:System/FreeRTOS/tasks.c **** 		return xReturn;
2196:System/FreeRTOS/tasks.c **** 	}
2197:System/FreeRTOS/tasks.c **** 
2198:System/FreeRTOS/tasks.c **** #endif /* configUSE_TICKLESS_IDLE */
2199:System/FreeRTOS/tasks.c **** /*----------------------------------------------------------*/
2200:System/FreeRTOS/tasks.c **** 
2201:System/FreeRTOS/tasks.c **** BaseType_t xTaskResumeAll( void )
2202:System/FreeRTOS/tasks.c **** {
 2878              		.loc 1 2202 1
 2879              		.cfi_startproc
 2880              		@ args = 0, pretend = 0, frame = 16
 2881              		@ frame_needed = 1, uses_anonymous_args = 0
 2882 0000 80B5     		push	{r7, lr}
 2883              	.LCFI90:
ARM GAS  C:\Users\HUAV\AppData\Local\Temp\ccerV99a.s 			page 94


 2884              		.cfi_def_cfa_offset 8
 2885              		.cfi_offset 7, -8
 2886              		.cfi_offset 14, -4
 2887 0002 84B0     		sub	sp, sp, #16
 2888              	.LCFI91:
 2889              		.cfi_def_cfa_offset 24
 2890 0004 00AF     		add	r7, sp, #0
 2891              	.LCFI92:
 2892              		.cfi_def_cfa_register 7
2203:System/FreeRTOS/tasks.c **** TCB_t *pxTCB = NULL;
 2893              		.loc 1 2203 8
 2894 0006 0023     		movs	r3, #0
 2895 0008 FB60     		str	r3, [r7, #12]
2204:System/FreeRTOS/tasks.c **** BaseType_t xAlreadyYielded = pdFALSE;
 2896              		.loc 1 2204 12
 2897 000a 0023     		movs	r3, #0
 2898 000c BB60     		str	r3, [r7, #8]
2205:System/FreeRTOS/tasks.c **** 
2206:System/FreeRTOS/tasks.c **** 	/* If uxSchedulerSuspended is zero then this function does not match a
2207:System/FreeRTOS/tasks.c **** 	previous call to vTaskSuspendAll(). */
2208:System/FreeRTOS/tasks.c **** 	configASSERT( uxSchedulerSuspended );
 2899              		.loc 1 2208 2
 2900 000e 414B     		ldr	r3, .L183
 2901 0010 1B68     		ldr	r3, [r3]
 2902 0012 002B     		cmp	r3, #0
 2903 0014 0AD1     		bne	.L173
 2904              	.LBB171:
 2905              	.LBB172:
 195:System/FreeRTOS/portable/GCC/ARM_CM4F/portmacro.h **** 	(
 2906              		.loc 2 195 2
 2907              		.syntax unified
 2908              	@ 195 "System/FreeRTOS/portable/GCC/ARM_CM4F/portmacro.h" 1
 2909 0016 4FF05003 			mov r3, #80												
 2910 001a 83F31188 		msr basepri, r3											
 2911 001e BFF36F8F 		isb														
 2912 0022 BFF34F8F 		dsb														
 2913              	
 2914              	@ 0 "" 2
 2915              		.thumb
 2916              		.syntax unified
 2917 0026 3B60     		str	r3, [r7]
 203:System/FreeRTOS/portable/GCC/ARM_CM4F/portmacro.h **** 
 2918              		.loc 2 203 1
 2919 0028 00BF     		nop
 2920              	.L174:
 2921              	.LBE172:
 2922              	.LBE171:
 2923              		.loc 1 2208 2 discriminator 1
 2924 002a FEE7     		b	.L174
 2925              	.L173:
2209:System/FreeRTOS/tasks.c **** 
2210:System/FreeRTOS/tasks.c **** 	/* It is possible that an ISR caused a task to be removed from an event
2211:System/FreeRTOS/tasks.c **** 	list while the scheduler was suspended.  If this was the case then the
2212:System/FreeRTOS/tasks.c **** 	removed task will have been added to the xPendingReadyList.  Once the
2213:System/FreeRTOS/tasks.c **** 	scheduler has been resumed it is safe to move all the pending ready
2214:System/FreeRTOS/tasks.c **** 	tasks from this list into their appropriate ready list. */
2215:System/FreeRTOS/tasks.c **** 	taskENTER_CRITICAL();
ARM GAS  C:\Users\HUAV\AppData\Local\Temp\ccerV99a.s 			page 95


 2926              		.loc 1 2215 2
 2927 002c FFF7FEFF 		bl	vPortEnterCritical
2216:System/FreeRTOS/tasks.c **** 	{
2217:System/FreeRTOS/tasks.c **** 		--uxSchedulerSuspended;
 2928              		.loc 1 2217 3
 2929 0030 384B     		ldr	r3, .L183
 2930 0032 1B68     		ldr	r3, [r3]
 2931 0034 013B     		subs	r3, r3, #1
 2932 0036 374A     		ldr	r2, .L183
 2933 0038 1360     		str	r3, [r2]
2218:System/FreeRTOS/tasks.c **** 
2219:System/FreeRTOS/tasks.c **** 		if( uxSchedulerSuspended == ( UBaseType_t ) pdFALSE )
 2934              		.loc 1 2219 28
 2935 003a 364B     		ldr	r3, .L183
 2936 003c 1B68     		ldr	r3, [r3]
 2937              		.loc 1 2219 5
 2938 003e 002B     		cmp	r3, #0
 2939 0040 61D1     		bne	.L175
2220:System/FreeRTOS/tasks.c **** 		{
2221:System/FreeRTOS/tasks.c **** 			if( uxCurrentNumberOfTasks > ( UBaseType_t ) 0U )
 2940              		.loc 1 2221 31
 2941 0042 354B     		ldr	r3, .L183+4
 2942 0044 1B68     		ldr	r3, [r3]
 2943              		.loc 1 2221 6
 2944 0046 002B     		cmp	r3, #0
 2945 0048 5DD0     		beq	.L175
2222:System/FreeRTOS/tasks.c **** 			{
2223:System/FreeRTOS/tasks.c **** 				/* Move any readied tasks from the pending list into the
2224:System/FreeRTOS/tasks.c **** 				appropriate ready list. */
2225:System/FreeRTOS/tasks.c **** 				while( listLIST_IS_EMPTY( &xPendingReadyList ) == pdFALSE )
 2946              		.loc 1 2225 10
 2947 004a 2EE0     		b	.L176
 2948              	.L177:
2226:System/FreeRTOS/tasks.c **** 				{
2227:System/FreeRTOS/tasks.c **** 					pxTCB = listGET_OWNER_OF_HEAD_ENTRY( ( &xPendingReadyList ) ); /*lint !e9079 void * is used as
 2949              		.loc 1 2227 14
 2950 004c 334B     		ldr	r3, .L183+8
 2951 004e DB68     		ldr	r3, [r3, #12]
 2952              		.loc 1 2227 12
 2953 0050 DB68     		ldr	r3, [r3, #12]
 2954 0052 FB60     		str	r3, [r7, #12]
2228:System/FreeRTOS/tasks.c **** 					( void ) uxListRemove( &( pxTCB->xEventListItem ) );
 2955              		.loc 1 2228 15
 2956 0054 FB68     		ldr	r3, [r7, #12]
 2957 0056 1833     		adds	r3, r3, #24
 2958 0058 1846     		mov	r0, r3
 2959 005a FFF7FEFF 		bl	uxListRemove
2229:System/FreeRTOS/tasks.c **** 					( void ) uxListRemove( &( pxTCB->xStateListItem ) );
 2960              		.loc 1 2229 15
 2961 005e FB68     		ldr	r3, [r7, #12]
 2962 0060 0433     		adds	r3, r3, #4
 2963 0062 1846     		mov	r0, r3
 2964 0064 FFF7FEFF 		bl	uxListRemove
2230:System/FreeRTOS/tasks.c **** 					prvAddTaskToReadyList( pxTCB );
 2965              		.loc 1 2230 6
 2966 0068 FB68     		ldr	r3, [r7, #12]
 2967 006a DB6A     		ldr	r3, [r3, #44]
ARM GAS  C:\Users\HUAV\AppData\Local\Temp\ccerV99a.s 			page 96


 2968 006c 0122     		movs	r2, #1
 2969 006e 9A40     		lsls	r2, r2, r3
 2970 0070 2B4B     		ldr	r3, .L183+12
 2971 0072 1B68     		ldr	r3, [r3]
 2972 0074 1343     		orrs	r3, r3, r2
 2973 0076 2A4A     		ldr	r2, .L183+12
 2974 0078 1360     		str	r3, [r2]
 2975 007a FB68     		ldr	r3, [r7, #12]
 2976 007c DA6A     		ldr	r2, [r3, #44]
 2977 007e 1346     		mov	r3, r2
 2978 0080 9B00     		lsls	r3, r3, #2
 2979 0082 1344     		add	r3, r3, r2
 2980 0084 9B00     		lsls	r3, r3, #2
 2981 0086 274A     		ldr	r2, .L183+16
 2982 0088 1A44     		add	r2, r2, r3
 2983 008a FB68     		ldr	r3, [r7, #12]
 2984 008c 0433     		adds	r3, r3, #4
 2985 008e 1946     		mov	r1, r3
 2986 0090 1046     		mov	r0, r2
 2987 0092 FFF7FEFF 		bl	vListInsertEnd
2231:System/FreeRTOS/tasks.c **** 
2232:System/FreeRTOS/tasks.c **** 					/* If the moved task has a priority higher than the current
2233:System/FreeRTOS/tasks.c **** 					task then a yield must be performed. */
2234:System/FreeRTOS/tasks.c **** 					if( pxTCB->uxPriority >= pxCurrentTCB->uxPriority )
 2988              		.loc 1 2234 15
 2989 0096 FB68     		ldr	r3, [r7, #12]
 2990 0098 DA6A     		ldr	r2, [r3, #44]
 2991              		.loc 1 2234 43
 2992 009a 234B     		ldr	r3, .L183+20
 2993 009c 1B68     		ldr	r3, [r3]
 2994 009e DB6A     		ldr	r3, [r3, #44]
 2995              		.loc 1 2234 8
 2996 00a0 9A42     		cmp	r2, r3
 2997 00a2 02D3     		bcc	.L176
2235:System/FreeRTOS/tasks.c **** 					{
2236:System/FreeRTOS/tasks.c **** 						xYieldPending = pdTRUE;
 2998              		.loc 1 2236 21
 2999 00a4 214B     		ldr	r3, .L183+24
 3000 00a6 0122     		movs	r2, #1
 3001 00a8 1A60     		str	r2, [r3]
 3002              	.L176:
2225:System/FreeRTOS/tasks.c **** 				{
 3003              		.loc 1 2225 12
 3004 00aa 1C4B     		ldr	r3, .L183+8
 3005 00ac 1B68     		ldr	r3, [r3]
2225:System/FreeRTOS/tasks.c **** 				{
 3006              		.loc 1 2225 10
 3007 00ae 002B     		cmp	r3, #0
 3008 00b0 CCD1     		bne	.L177
2237:System/FreeRTOS/tasks.c **** 					}
2238:System/FreeRTOS/tasks.c **** 					else
2239:System/FreeRTOS/tasks.c **** 					{
2240:System/FreeRTOS/tasks.c **** 						mtCOVERAGE_TEST_MARKER();
2241:System/FreeRTOS/tasks.c **** 					}
2242:System/FreeRTOS/tasks.c **** 				}
2243:System/FreeRTOS/tasks.c **** 
2244:System/FreeRTOS/tasks.c **** 				if( pxTCB != NULL )
ARM GAS  C:\Users\HUAV\AppData\Local\Temp\ccerV99a.s 			page 97


 3009              		.loc 1 2244 7
 3010 00b2 FB68     		ldr	r3, [r7, #12]
 3011 00b4 002B     		cmp	r3, #0
 3012 00b6 01D0     		beq	.L178
2245:System/FreeRTOS/tasks.c **** 				{
2246:System/FreeRTOS/tasks.c **** 					/* A task was unblocked while the scheduler was suspended,
2247:System/FreeRTOS/tasks.c **** 					which may have prevented the next unblock time from being
2248:System/FreeRTOS/tasks.c **** 					re-calculated, in which case re-calculate it now.  Mainly
2249:System/FreeRTOS/tasks.c **** 					important for low power tickless implementations, where
2250:System/FreeRTOS/tasks.c **** 					this can prevent an unnecessary exit from low power
2251:System/FreeRTOS/tasks.c **** 					state. */
2252:System/FreeRTOS/tasks.c **** 					prvResetNextTaskUnblockTime();
 3013              		.loc 1 2252 6
 3014 00b8 FFF7FEFF 		bl	prvResetNextTaskUnblockTime
 3015              	.L178:
 3016              	.LBB173:
2253:System/FreeRTOS/tasks.c **** 				}
2254:System/FreeRTOS/tasks.c **** 
2255:System/FreeRTOS/tasks.c **** 				/* If any ticks occurred while the scheduler was suspended then
2256:System/FreeRTOS/tasks.c **** 				they should be processed now.  This ensures the tick count does
2257:System/FreeRTOS/tasks.c **** 				not	slip, and that any delayed tasks are resumed at the correct
2258:System/FreeRTOS/tasks.c **** 				time. */
2259:System/FreeRTOS/tasks.c **** 				{
2260:System/FreeRTOS/tasks.c **** 					TickType_t xPendedCounts = xPendedTicks; /* Non-volatile copy. */
 3017              		.loc 1 2260 17
 3018 00bc 1C4B     		ldr	r3, .L183+28
 3019 00be 1B68     		ldr	r3, [r3]
 3020 00c0 7B60     		str	r3, [r7, #4]
2261:System/FreeRTOS/tasks.c **** 
2262:System/FreeRTOS/tasks.c **** 					if( xPendedCounts > ( TickType_t ) 0U )
 3021              		.loc 1 2262 8
 3022 00c2 7B68     		ldr	r3, [r7, #4]
 3023 00c4 002B     		cmp	r3, #0
 3024 00c6 10D0     		beq	.L179
 3025              	.L181:
2263:System/FreeRTOS/tasks.c **** 					{
2264:System/FreeRTOS/tasks.c **** 						do
2265:System/FreeRTOS/tasks.c **** 						{
2266:System/FreeRTOS/tasks.c **** 							if( xTaskIncrementTick() != pdFALSE )
 3026              		.loc 1 2266 12
 3027 00c8 FFF7FEFF 		bl	xTaskIncrementTick
 3028 00cc 0346     		mov	r3, r0
 3029              		.loc 1 2266 10
 3030 00ce 002B     		cmp	r3, #0
 3031 00d0 02D0     		beq	.L180
2267:System/FreeRTOS/tasks.c **** 							{
2268:System/FreeRTOS/tasks.c **** 								xYieldPending = pdTRUE;
 3032              		.loc 1 2268 23
 3033 00d2 164B     		ldr	r3, .L183+24
 3034 00d4 0122     		movs	r2, #1
 3035 00d6 1A60     		str	r2, [r3]
 3036              	.L180:
2269:System/FreeRTOS/tasks.c **** 							}
2270:System/FreeRTOS/tasks.c **** 							else
2271:System/FreeRTOS/tasks.c **** 							{
2272:System/FreeRTOS/tasks.c **** 								mtCOVERAGE_TEST_MARKER();
2273:System/FreeRTOS/tasks.c **** 							}
ARM GAS  C:\Users\HUAV\AppData\Local\Temp\ccerV99a.s 			page 98


2274:System/FreeRTOS/tasks.c **** 							--xPendedCounts;
 3037              		.loc 1 2274 8
 3038 00d8 7B68     		ldr	r3, [r7, #4]
 3039 00da 013B     		subs	r3, r3, #1
 3040 00dc 7B60     		str	r3, [r7, #4]
2275:System/FreeRTOS/tasks.c **** 						} while( xPendedCounts > ( TickType_t ) 0U );
 3041              		.loc 1 2275 7
 3042 00de 7B68     		ldr	r3, [r7, #4]
 3043 00e0 002B     		cmp	r3, #0
 3044 00e2 F1D1     		bne	.L181
2276:System/FreeRTOS/tasks.c **** 
2277:System/FreeRTOS/tasks.c **** 						xPendedTicks = 0;
 3045              		.loc 1 2277 20
 3046 00e4 124B     		ldr	r3, .L183+28
 3047 00e6 0022     		movs	r2, #0
 3048 00e8 1A60     		str	r2, [r3]
 3049              	.L179:
 3050              	.LBE173:
2278:System/FreeRTOS/tasks.c **** 					}
2279:System/FreeRTOS/tasks.c **** 					else
2280:System/FreeRTOS/tasks.c **** 					{
2281:System/FreeRTOS/tasks.c **** 						mtCOVERAGE_TEST_MARKER();
2282:System/FreeRTOS/tasks.c **** 					}
2283:System/FreeRTOS/tasks.c **** 				}
2284:System/FreeRTOS/tasks.c **** 
2285:System/FreeRTOS/tasks.c **** 				if( xYieldPending != pdFALSE )
 3051              		.loc 1 2285 23
 3052 00ea 104B     		ldr	r3, .L183+24
 3053 00ec 1B68     		ldr	r3, [r3]
 3054              		.loc 1 2285 7
 3055 00ee 002B     		cmp	r3, #0
 3056 00f0 09D0     		beq	.L175
2286:System/FreeRTOS/tasks.c **** 				{
2287:System/FreeRTOS/tasks.c **** 					#if( configUSE_PREEMPTION != 0 )
2288:System/FreeRTOS/tasks.c **** 					{
2289:System/FreeRTOS/tasks.c **** 						xAlreadyYielded = pdTRUE;
 3057              		.loc 1 2289 23
 3058 00f2 0123     		movs	r3, #1
 3059 00f4 BB60     		str	r3, [r7, #8]
2290:System/FreeRTOS/tasks.c **** 					}
2291:System/FreeRTOS/tasks.c **** 					#endif
2292:System/FreeRTOS/tasks.c **** 					taskYIELD_IF_USING_PREEMPTION();
 3060              		.loc 1 2292 6
 3061 00f6 0F4B     		ldr	r3, .L183+32
 3062 00f8 4FF08052 		mov	r2, #268435456
 3063 00fc 1A60     		str	r2, [r3]
 3064              		.syntax unified
 3065              	@ 2292 "System/FreeRTOS/tasks.c" 1
 3066 00fe BFF34F8F 		dsb
 3067              	@ 0 "" 2
 3068              	@ 2292 "System/FreeRTOS/tasks.c" 1
 3069 0102 BFF36F8F 		isb
 3070              	@ 0 "" 2
 3071              		.thumb
 3072              		.syntax unified
 3073              	.L175:
2293:System/FreeRTOS/tasks.c **** 				}
ARM GAS  C:\Users\HUAV\AppData\Local\Temp\ccerV99a.s 			page 99


2294:System/FreeRTOS/tasks.c **** 				else
2295:System/FreeRTOS/tasks.c **** 				{
2296:System/FreeRTOS/tasks.c **** 					mtCOVERAGE_TEST_MARKER();
2297:System/FreeRTOS/tasks.c **** 				}
2298:System/FreeRTOS/tasks.c **** 			}
2299:System/FreeRTOS/tasks.c **** 		}
2300:System/FreeRTOS/tasks.c **** 		else
2301:System/FreeRTOS/tasks.c **** 		{
2302:System/FreeRTOS/tasks.c **** 			mtCOVERAGE_TEST_MARKER();
2303:System/FreeRTOS/tasks.c **** 		}
2304:System/FreeRTOS/tasks.c **** 	}
2305:System/FreeRTOS/tasks.c **** 	taskEXIT_CRITICAL();
 3074              		.loc 1 2305 2
 3075 0106 FFF7FEFF 		bl	vPortExitCritical
2306:System/FreeRTOS/tasks.c **** 
2307:System/FreeRTOS/tasks.c **** 	return xAlreadyYielded;
 3076              		.loc 1 2307 9
 3077 010a BB68     		ldr	r3, [r7, #8]
2308:System/FreeRTOS/tasks.c **** }
 3078              		.loc 1 2308 1
 3079 010c 1846     		mov	r0, r3
 3080 010e 1037     		adds	r7, r7, #16
 3081              	.LCFI93:
 3082              		.cfi_def_cfa_offset 8
 3083 0110 BD46     		mov	sp, r7
 3084              	.LCFI94:
 3085              		.cfi_def_cfa_register 13
 3086              		@ sp needed
 3087 0112 80BD     		pop	{r7, pc}
 3088              	.L184:
 3089              		.align	2
 3090              	.L183:
 3091 0114 00000000 		.word	uxSchedulerSuspended
 3092 0118 00000000 		.word	uxCurrentNumberOfTasks
 3093 011c 00000000 		.word	xPendingReadyList
 3094 0120 00000000 		.word	uxTopReadyPriority
 3095 0124 00000000 		.word	pxReadyTasksLists
 3096 0128 00000000 		.word	pxCurrentTCB
 3097 012c 00000000 		.word	xYieldPending
 3098 0130 00000000 		.word	xPendedTicks
 3099 0134 04ED00E0 		.word	-536810236
 3100              		.cfi_endproc
 3101              	.LFE23:
 3103              		.section	.text.xTaskGetTickCount,"ax",%progbits
 3104              		.align	1
 3105              		.global	xTaskGetTickCount
 3106              		.syntax unified
 3107              		.thumb
 3108              		.thumb_func
 3110              	xTaskGetTickCount:
 3111              	.LFB24:
2309:System/FreeRTOS/tasks.c **** /*-----------------------------------------------------------*/
2310:System/FreeRTOS/tasks.c **** 
2311:System/FreeRTOS/tasks.c **** TickType_t xTaskGetTickCount( void )
2312:System/FreeRTOS/tasks.c **** {
 3112              		.loc 1 2312 1
 3113              		.cfi_startproc
ARM GAS  C:\Users\HUAV\AppData\Local\Temp\ccerV99a.s 			page 100


 3114              		@ args = 0, pretend = 0, frame = 8
 3115              		@ frame_needed = 1, uses_anonymous_args = 0
 3116              		@ link register save eliminated.
 3117 0000 80B4     		push	{r7}
 3118              	.LCFI95:
 3119              		.cfi_def_cfa_offset 4
 3120              		.cfi_offset 7, -4
 3121 0002 83B0     		sub	sp, sp, #12
 3122              	.LCFI96:
 3123              		.cfi_def_cfa_offset 16
 3124 0004 00AF     		add	r7, sp, #0
 3125              	.LCFI97:
 3126              		.cfi_def_cfa_register 7
2313:System/FreeRTOS/tasks.c **** TickType_t xTicks;
2314:System/FreeRTOS/tasks.c **** 
2315:System/FreeRTOS/tasks.c **** 	/* Critical section required if running on a 16 bit processor. */
2316:System/FreeRTOS/tasks.c **** 	portTICK_TYPE_ENTER_CRITICAL();
2317:System/FreeRTOS/tasks.c **** 	{
2318:System/FreeRTOS/tasks.c **** 		xTicks = xTickCount;
 3127              		.loc 1 2318 10
 3128 0006 054B     		ldr	r3, .L187
 3129 0008 1B68     		ldr	r3, [r3]
 3130 000a 7B60     		str	r3, [r7, #4]
2319:System/FreeRTOS/tasks.c **** 	}
2320:System/FreeRTOS/tasks.c **** 	portTICK_TYPE_EXIT_CRITICAL();
2321:System/FreeRTOS/tasks.c **** 
2322:System/FreeRTOS/tasks.c **** 	return xTicks;
 3131              		.loc 1 2322 9
 3132 000c 7B68     		ldr	r3, [r7, #4]
2323:System/FreeRTOS/tasks.c **** }
 3133              		.loc 1 2323 1
 3134 000e 1846     		mov	r0, r3
 3135 0010 0C37     		adds	r7, r7, #12
 3136              	.LCFI98:
 3137              		.cfi_def_cfa_offset 4
 3138 0012 BD46     		mov	sp, r7
 3139              	.LCFI99:
 3140              		.cfi_def_cfa_register 13
 3141              		@ sp needed
 3142 0014 5DF8047B 		ldr	r7, [sp], #4
 3143              	.LCFI100:
 3144              		.cfi_restore 7
 3145              		.cfi_def_cfa_offset 0
 3146 0018 7047     		bx	lr
 3147              	.L188:
 3148 001a 00BF     		.align	2
 3149              	.L187:
 3150 001c 00000000 		.word	xTickCount
 3151              		.cfi_endproc
 3152              	.LFE24:
 3154              		.section	.text.xTaskGetTickCountFromISR,"ax",%progbits
 3155              		.align	1
 3156              		.global	xTaskGetTickCountFromISR
 3157              		.syntax unified
 3158              		.thumb
 3159              		.thumb_func
 3161              	xTaskGetTickCountFromISR:
ARM GAS  C:\Users\HUAV\AppData\Local\Temp\ccerV99a.s 			page 101


 3162              	.LFB25:
2324:System/FreeRTOS/tasks.c **** /*-----------------------------------------------------------*/
2325:System/FreeRTOS/tasks.c **** 
2326:System/FreeRTOS/tasks.c **** TickType_t xTaskGetTickCountFromISR( void )
2327:System/FreeRTOS/tasks.c **** {
 3163              		.loc 1 2327 1
 3164              		.cfi_startproc
 3165              		@ args = 0, pretend = 0, frame = 8
 3166              		@ frame_needed = 1, uses_anonymous_args = 0
 3167 0000 80B5     		push	{r7, lr}
 3168              	.LCFI101:
 3169              		.cfi_def_cfa_offset 8
 3170              		.cfi_offset 7, -8
 3171              		.cfi_offset 14, -4
 3172 0002 82B0     		sub	sp, sp, #8
 3173              	.LCFI102:
 3174              		.cfi_def_cfa_offset 16
 3175 0004 00AF     		add	r7, sp, #0
 3176              	.LCFI103:
 3177              		.cfi_def_cfa_register 7
2328:System/FreeRTOS/tasks.c **** TickType_t xReturn;
2329:System/FreeRTOS/tasks.c **** UBaseType_t uxSavedInterruptStatus;
2330:System/FreeRTOS/tasks.c **** 
2331:System/FreeRTOS/tasks.c **** 	/* RTOS ports that support interrupt nesting have the concept of a maximum
2332:System/FreeRTOS/tasks.c **** 	system call (or maximum API call) interrupt priority.  Interrupts that are
2333:System/FreeRTOS/tasks.c **** 	above the maximum system call priority are kept permanently enabled, even
2334:System/FreeRTOS/tasks.c **** 	when the RTOS kernel is in a critical section, but cannot make any calls to
2335:System/FreeRTOS/tasks.c **** 	FreeRTOS API functions.  If configASSERT() is defined in FreeRTOSConfig.h
2336:System/FreeRTOS/tasks.c **** 	then portASSERT_IF_INTERRUPT_PRIORITY_INVALID() will result in an assertion
2337:System/FreeRTOS/tasks.c **** 	failure if a FreeRTOS API function is called from an interrupt that has been
2338:System/FreeRTOS/tasks.c **** 	assigned a priority above the configured maximum system call priority.
2339:System/FreeRTOS/tasks.c **** 	Only FreeRTOS functions that end in FromISR can be called from interrupts
2340:System/FreeRTOS/tasks.c **** 	that have been assigned a priority at or (logically) below the maximum
2341:System/FreeRTOS/tasks.c **** 	system call	interrupt priority.  FreeRTOS maintains a separate interrupt
2342:System/FreeRTOS/tasks.c **** 	safe API to ensure interrupt entry is as fast and as simple as possible.
2343:System/FreeRTOS/tasks.c **** 	More information (albeit Cortex-M specific) is provided on the following
2344:System/FreeRTOS/tasks.c **** 	link: https://www.freertos.org/RTOS-Cortex-M3-M4.html */
2345:System/FreeRTOS/tasks.c **** 	portASSERT_IF_INTERRUPT_PRIORITY_INVALID();
 3178              		.loc 1 2345 2
 3179 0006 FFF7FEFF 		bl	vPortValidateInterruptPriority
2346:System/FreeRTOS/tasks.c **** 
2347:System/FreeRTOS/tasks.c **** 	uxSavedInterruptStatus = portTICK_TYPE_SET_INTERRUPT_MASK_FROM_ISR();
 3180              		.loc 1 2347 25
 3181 000a 0023     		movs	r3, #0
 3182 000c 7B60     		str	r3, [r7, #4]
2348:System/FreeRTOS/tasks.c **** 	{
2349:System/FreeRTOS/tasks.c **** 		xReturn = xTickCount;
 3183              		.loc 1 2349 11
 3184 000e 044B     		ldr	r3, .L191
 3185 0010 1B68     		ldr	r3, [r3]
 3186 0012 3B60     		str	r3, [r7]
2350:System/FreeRTOS/tasks.c **** 	}
2351:System/FreeRTOS/tasks.c **** 	portTICK_TYPE_CLEAR_INTERRUPT_MASK_FROM_ISR( uxSavedInterruptStatus );
2352:System/FreeRTOS/tasks.c **** 
2353:System/FreeRTOS/tasks.c **** 	return xReturn;
 3187              		.loc 1 2353 9
 3188 0014 3B68     		ldr	r3, [r7]
ARM GAS  C:\Users\HUAV\AppData\Local\Temp\ccerV99a.s 			page 102


2354:System/FreeRTOS/tasks.c **** }
 3189              		.loc 1 2354 1
 3190 0016 1846     		mov	r0, r3
 3191 0018 0837     		adds	r7, r7, #8
 3192              	.LCFI104:
 3193              		.cfi_def_cfa_offset 8
 3194 001a BD46     		mov	sp, r7
 3195              	.LCFI105:
 3196              		.cfi_def_cfa_register 13
 3197              		@ sp needed
 3198 001c 80BD     		pop	{r7, pc}
 3199              	.L192:
 3200 001e 00BF     		.align	2
 3201              	.L191:
 3202 0020 00000000 		.word	xTickCount
 3203              		.cfi_endproc
 3204              	.LFE25:
 3206              		.section	.text.uxTaskGetNumberOfTasks,"ax",%progbits
 3207              		.align	1
 3208              		.global	uxTaskGetNumberOfTasks
 3209              		.syntax unified
 3210              		.thumb
 3211              		.thumb_func
 3213              	uxTaskGetNumberOfTasks:
 3214              	.LFB26:
2355:System/FreeRTOS/tasks.c **** /*-----------------------------------------------------------*/
2356:System/FreeRTOS/tasks.c **** 
2357:System/FreeRTOS/tasks.c **** UBaseType_t uxTaskGetNumberOfTasks( void )
2358:System/FreeRTOS/tasks.c **** {
 3215              		.loc 1 2358 1
 3216              		.cfi_startproc
 3217              		@ args = 0, pretend = 0, frame = 0
 3218              		@ frame_needed = 1, uses_anonymous_args = 0
 3219              		@ link register save eliminated.
 3220 0000 80B4     		push	{r7}
 3221              	.LCFI106:
 3222              		.cfi_def_cfa_offset 4
 3223              		.cfi_offset 7, -4
 3224 0002 00AF     		add	r7, sp, #0
 3225              	.LCFI107:
 3226              		.cfi_def_cfa_register 7
2359:System/FreeRTOS/tasks.c **** 	/* A critical section is not required because the variables are of type
2360:System/FreeRTOS/tasks.c **** 	BaseType_t. */
2361:System/FreeRTOS/tasks.c **** 	return uxCurrentNumberOfTasks;
 3227              		.loc 1 2361 9
 3228 0004 034B     		ldr	r3, .L195
 3229 0006 1B68     		ldr	r3, [r3]
2362:System/FreeRTOS/tasks.c **** }
 3230              		.loc 1 2362 1
 3231 0008 1846     		mov	r0, r3
 3232 000a BD46     		mov	sp, r7
 3233              	.LCFI108:
 3234              		.cfi_def_cfa_register 13
 3235              		@ sp needed
 3236 000c 5DF8047B 		ldr	r7, [sp], #4
 3237              	.LCFI109:
 3238              		.cfi_restore 7
ARM GAS  C:\Users\HUAV\AppData\Local\Temp\ccerV99a.s 			page 103


 3239              		.cfi_def_cfa_offset 0
 3240 0010 7047     		bx	lr
 3241              	.L196:
 3242 0012 00BF     		.align	2
 3243              	.L195:
 3244 0014 00000000 		.word	uxCurrentNumberOfTasks
 3245              		.cfi_endproc
 3246              	.LFE26:
 3248              		.section	.text.pcTaskGetName,"ax",%progbits
 3249              		.align	1
 3250              		.global	pcTaskGetName
 3251              		.syntax unified
 3252              		.thumb
 3253              		.thumb_func
 3255              	pcTaskGetName:
 3256              	.LFB27:
2363:System/FreeRTOS/tasks.c **** /*-----------------------------------------------------------*/
2364:System/FreeRTOS/tasks.c **** 
2365:System/FreeRTOS/tasks.c **** char *pcTaskGetName( TaskHandle_t xTaskToQuery ) /*lint !e971 Unqualified char types are allowed fo
2366:System/FreeRTOS/tasks.c **** {
 3257              		.loc 1 2366 1
 3258              		.cfi_startproc
 3259              		@ args = 0, pretend = 0, frame = 16
 3260              		@ frame_needed = 1, uses_anonymous_args = 0
 3261              		@ link register save eliminated.
 3262 0000 80B4     		push	{r7}
 3263              	.LCFI110:
 3264              		.cfi_def_cfa_offset 4
 3265              		.cfi_offset 7, -4
 3266 0002 85B0     		sub	sp, sp, #20
 3267              	.LCFI111:
 3268              		.cfi_def_cfa_offset 24
 3269 0004 00AF     		add	r7, sp, #0
 3270              	.LCFI112:
 3271              		.cfi_def_cfa_register 7
 3272 0006 7860     		str	r0, [r7, #4]
2367:System/FreeRTOS/tasks.c **** TCB_t *pxTCB;
2368:System/FreeRTOS/tasks.c **** 
2369:System/FreeRTOS/tasks.c **** 	/* If null is passed in here then the name of the calling task is being
2370:System/FreeRTOS/tasks.c **** 	queried. */
2371:System/FreeRTOS/tasks.c **** 	pxTCB = prvGetTCBFromHandle( xTaskToQuery );
 3273              		.loc 1 2371 10
 3274 0008 7B68     		ldr	r3, [r7, #4]
 3275 000a 002B     		cmp	r3, #0
 3276 000c 02D1     		bne	.L198
 3277              		.loc 1 2371 10 is_stmt 0 discriminator 1
 3278 000e 0D4B     		ldr	r3, .L203
 3279 0010 1B68     		ldr	r3, [r3]
 3280 0012 00E0     		b	.L199
 3281              	.L198:
 3282              		.loc 1 2371 10 discriminator 2
 3283 0014 7B68     		ldr	r3, [r7, #4]
 3284              	.L199:
 3285              		.loc 1 2371 8 is_stmt 1 discriminator 4
 3286 0016 FB60     		str	r3, [r7, #12]
2372:System/FreeRTOS/tasks.c **** 	configASSERT( pxTCB );
 3287              		.loc 1 2372 2 discriminator 4
ARM GAS  C:\Users\HUAV\AppData\Local\Temp\ccerV99a.s 			page 104


 3288 0018 FB68     		ldr	r3, [r7, #12]
 3289 001a 002B     		cmp	r3, #0
 3290 001c 0AD1     		bne	.L200
 3291              	.LBB174:
 3292              	.LBB175:
 195:System/FreeRTOS/portable/GCC/ARM_CM4F/portmacro.h **** 	(
 3293              		.loc 2 195 2
 3294              		.syntax unified
 3295              	@ 195 "System/FreeRTOS/portable/GCC/ARM_CM4F/portmacro.h" 1
 3296 001e 4FF05003 			mov r3, #80												
 3297 0022 83F31188 		msr basepri, r3											
 3298 0026 BFF36F8F 		isb														
 3299 002a BFF34F8F 		dsb														
 3300              	
 3301              	@ 0 "" 2
 3302              		.thumb
 3303              		.syntax unified
 3304 002e BB60     		str	r3, [r7, #8]
 203:System/FreeRTOS/portable/GCC/ARM_CM4F/portmacro.h **** 
 3305              		.loc 2 203 1
 3306 0030 00BF     		nop
 3307              	.L201:
 3308              	.LBE175:
 3309              	.LBE174:
 3310              		.loc 1 2372 2 discriminator 1
 3311 0032 FEE7     		b	.L201
 3312              	.L200:
2373:System/FreeRTOS/tasks.c **** 	return &( pxTCB->pcTaskName[ 0 ] );
 3313              		.loc 1 2373 9
 3314 0034 FB68     		ldr	r3, [r7, #12]
 3315 0036 3433     		adds	r3, r3, #52
2374:System/FreeRTOS/tasks.c **** }
 3316              		.loc 1 2374 1
 3317 0038 1846     		mov	r0, r3
 3318 003a 1437     		adds	r7, r7, #20
 3319              	.LCFI113:
 3320              		.cfi_def_cfa_offset 4
 3321 003c BD46     		mov	sp, r7
 3322              	.LCFI114:
 3323              		.cfi_def_cfa_register 13
 3324              		@ sp needed
 3325 003e 5DF8047B 		ldr	r7, [sp], #4
 3326              	.LCFI115:
 3327              		.cfi_restore 7
 3328              		.cfi_def_cfa_offset 0
 3329 0042 7047     		bx	lr
 3330              	.L204:
 3331              		.align	2
 3332              	.L203:
 3333 0044 00000000 		.word	pxCurrentTCB
 3334              		.cfi_endproc
 3335              	.LFE27:
 3337              		.section	.text.uxTaskGetSystemState,"ax",%progbits
 3338              		.align	1
 3339              		.global	uxTaskGetSystemState
 3340              		.syntax unified
 3341              		.thumb
ARM GAS  C:\Users\HUAV\AppData\Local\Temp\ccerV99a.s 			page 105


 3342              		.thumb_func
 3344              	uxTaskGetSystemState:
 3345              	.LFB28:
2375:System/FreeRTOS/tasks.c **** /*-----------------------------------------------------------*/
2376:System/FreeRTOS/tasks.c **** 
2377:System/FreeRTOS/tasks.c **** #if ( INCLUDE_xTaskGetHandle == 1 )
2378:System/FreeRTOS/tasks.c **** 
2379:System/FreeRTOS/tasks.c **** 	static TCB_t *prvSearchForNameWithinSingleList( List_t *pxList, const char pcNameToQuery[] )
2380:System/FreeRTOS/tasks.c **** 	{
2381:System/FreeRTOS/tasks.c **** 	TCB_t *pxNextTCB, *pxFirstTCB, *pxReturn = NULL;
2382:System/FreeRTOS/tasks.c **** 	UBaseType_t x;
2383:System/FreeRTOS/tasks.c **** 	char cNextChar;
2384:System/FreeRTOS/tasks.c **** 	BaseType_t xBreakLoop;
2385:System/FreeRTOS/tasks.c **** 
2386:System/FreeRTOS/tasks.c **** 		/* This function is called with the scheduler suspended. */
2387:System/FreeRTOS/tasks.c **** 
2388:System/FreeRTOS/tasks.c **** 		if( listCURRENT_LIST_LENGTH( pxList ) > ( UBaseType_t ) 0 )
2389:System/FreeRTOS/tasks.c **** 		{
2390:System/FreeRTOS/tasks.c **** 			listGET_OWNER_OF_NEXT_ENTRY( pxFirstTCB, pxList );  /*lint !e9079 void * is used as this macro i
2391:System/FreeRTOS/tasks.c **** 
2392:System/FreeRTOS/tasks.c **** 			do
2393:System/FreeRTOS/tasks.c **** 			{
2394:System/FreeRTOS/tasks.c **** 				listGET_OWNER_OF_NEXT_ENTRY( pxNextTCB, pxList ); /*lint !e9079 void * is used as this macro is
2395:System/FreeRTOS/tasks.c **** 
2396:System/FreeRTOS/tasks.c **** 				/* Check each character in the name looking for a match or
2397:System/FreeRTOS/tasks.c **** 				mismatch. */
2398:System/FreeRTOS/tasks.c **** 				xBreakLoop = pdFALSE;
2399:System/FreeRTOS/tasks.c **** 				for( x = ( UBaseType_t ) 0; x < ( UBaseType_t ) configMAX_TASK_NAME_LEN; x++ )
2400:System/FreeRTOS/tasks.c **** 				{
2401:System/FreeRTOS/tasks.c **** 					cNextChar = pxNextTCB->pcTaskName[ x ];
2402:System/FreeRTOS/tasks.c **** 
2403:System/FreeRTOS/tasks.c **** 					if( cNextChar != pcNameToQuery[ x ] )
2404:System/FreeRTOS/tasks.c **** 					{
2405:System/FreeRTOS/tasks.c **** 						/* Characters didn't match. */
2406:System/FreeRTOS/tasks.c **** 						xBreakLoop = pdTRUE;
2407:System/FreeRTOS/tasks.c **** 					}
2408:System/FreeRTOS/tasks.c **** 					else if( cNextChar == ( char ) 0x00 )
2409:System/FreeRTOS/tasks.c **** 					{
2410:System/FreeRTOS/tasks.c **** 						/* Both strings terminated, a match must have been
2411:System/FreeRTOS/tasks.c **** 						found. */
2412:System/FreeRTOS/tasks.c **** 						pxReturn = pxNextTCB;
2413:System/FreeRTOS/tasks.c **** 						xBreakLoop = pdTRUE;
2414:System/FreeRTOS/tasks.c **** 					}
2415:System/FreeRTOS/tasks.c **** 					else
2416:System/FreeRTOS/tasks.c **** 					{
2417:System/FreeRTOS/tasks.c **** 						mtCOVERAGE_TEST_MARKER();
2418:System/FreeRTOS/tasks.c **** 					}
2419:System/FreeRTOS/tasks.c **** 
2420:System/FreeRTOS/tasks.c **** 					if( xBreakLoop != pdFALSE )
2421:System/FreeRTOS/tasks.c **** 					{
2422:System/FreeRTOS/tasks.c **** 						break;
2423:System/FreeRTOS/tasks.c **** 					}
2424:System/FreeRTOS/tasks.c **** 				}
2425:System/FreeRTOS/tasks.c **** 
2426:System/FreeRTOS/tasks.c **** 				if( pxReturn != NULL )
2427:System/FreeRTOS/tasks.c **** 				{
2428:System/FreeRTOS/tasks.c **** 					/* The handle has been found. */
ARM GAS  C:\Users\HUAV\AppData\Local\Temp\ccerV99a.s 			page 106


2429:System/FreeRTOS/tasks.c **** 					break;
2430:System/FreeRTOS/tasks.c **** 				}
2431:System/FreeRTOS/tasks.c **** 
2432:System/FreeRTOS/tasks.c **** 			} while( pxNextTCB != pxFirstTCB );
2433:System/FreeRTOS/tasks.c **** 		}
2434:System/FreeRTOS/tasks.c **** 		else
2435:System/FreeRTOS/tasks.c **** 		{
2436:System/FreeRTOS/tasks.c **** 			mtCOVERAGE_TEST_MARKER();
2437:System/FreeRTOS/tasks.c **** 		}
2438:System/FreeRTOS/tasks.c **** 
2439:System/FreeRTOS/tasks.c **** 		return pxReturn;
2440:System/FreeRTOS/tasks.c **** 	}
2441:System/FreeRTOS/tasks.c **** 
2442:System/FreeRTOS/tasks.c **** #endif /* INCLUDE_xTaskGetHandle */
2443:System/FreeRTOS/tasks.c **** /*-----------------------------------------------------------*/
2444:System/FreeRTOS/tasks.c **** 
2445:System/FreeRTOS/tasks.c **** #if ( INCLUDE_xTaskGetHandle == 1 )
2446:System/FreeRTOS/tasks.c **** 
2447:System/FreeRTOS/tasks.c **** 	TaskHandle_t xTaskGetHandle( const char *pcNameToQuery ) /*lint !e971 Unqualified char types are a
2448:System/FreeRTOS/tasks.c **** 	{
2449:System/FreeRTOS/tasks.c **** 	UBaseType_t uxQueue = configMAX_PRIORITIES;
2450:System/FreeRTOS/tasks.c **** 	TCB_t* pxTCB;
2451:System/FreeRTOS/tasks.c **** 
2452:System/FreeRTOS/tasks.c **** 		/* Task names will be truncated to configMAX_TASK_NAME_LEN - 1 bytes. */
2453:System/FreeRTOS/tasks.c **** 		configASSERT( strlen( pcNameToQuery ) < configMAX_TASK_NAME_LEN );
2454:System/FreeRTOS/tasks.c **** 
2455:System/FreeRTOS/tasks.c **** 		vTaskSuspendAll();
2456:System/FreeRTOS/tasks.c **** 		{
2457:System/FreeRTOS/tasks.c **** 			/* Search the ready lists. */
2458:System/FreeRTOS/tasks.c **** 			do
2459:System/FreeRTOS/tasks.c **** 			{
2460:System/FreeRTOS/tasks.c **** 				uxQueue--;
2461:System/FreeRTOS/tasks.c **** 				pxTCB = prvSearchForNameWithinSingleList( ( List_t * ) &( pxReadyTasksLists[ uxQueue ] ), pcNam
2462:System/FreeRTOS/tasks.c **** 
2463:System/FreeRTOS/tasks.c **** 				if( pxTCB != NULL )
2464:System/FreeRTOS/tasks.c **** 				{
2465:System/FreeRTOS/tasks.c **** 					/* Found the handle. */
2466:System/FreeRTOS/tasks.c **** 					break;
2467:System/FreeRTOS/tasks.c **** 				}
2468:System/FreeRTOS/tasks.c **** 
2469:System/FreeRTOS/tasks.c **** 			} while( uxQueue > ( UBaseType_t ) tskIDLE_PRIORITY ); /*lint !e961 MISRA exception as the casts
2470:System/FreeRTOS/tasks.c **** 
2471:System/FreeRTOS/tasks.c **** 			/* Search the delayed lists. */
2472:System/FreeRTOS/tasks.c **** 			if( pxTCB == NULL )
2473:System/FreeRTOS/tasks.c **** 			{
2474:System/FreeRTOS/tasks.c **** 				pxTCB = prvSearchForNameWithinSingleList( ( List_t * ) pxDelayedTaskList, pcNameToQuery );
2475:System/FreeRTOS/tasks.c **** 			}
2476:System/FreeRTOS/tasks.c **** 
2477:System/FreeRTOS/tasks.c **** 			if( pxTCB == NULL )
2478:System/FreeRTOS/tasks.c **** 			{
2479:System/FreeRTOS/tasks.c **** 				pxTCB = prvSearchForNameWithinSingleList( ( List_t * ) pxOverflowDelayedTaskList, pcNameToQuery
2480:System/FreeRTOS/tasks.c **** 			}
2481:System/FreeRTOS/tasks.c **** 
2482:System/FreeRTOS/tasks.c **** 			#if ( INCLUDE_vTaskSuspend == 1 )
2483:System/FreeRTOS/tasks.c **** 			{
2484:System/FreeRTOS/tasks.c **** 				if( pxTCB == NULL )
2485:System/FreeRTOS/tasks.c **** 				{
ARM GAS  C:\Users\HUAV\AppData\Local\Temp\ccerV99a.s 			page 107


2486:System/FreeRTOS/tasks.c **** 					/* Search the suspended list. */
2487:System/FreeRTOS/tasks.c **** 					pxTCB = prvSearchForNameWithinSingleList( &xSuspendedTaskList, pcNameToQuery );
2488:System/FreeRTOS/tasks.c **** 				}
2489:System/FreeRTOS/tasks.c **** 			}
2490:System/FreeRTOS/tasks.c **** 			#endif
2491:System/FreeRTOS/tasks.c **** 
2492:System/FreeRTOS/tasks.c **** 			#if( INCLUDE_vTaskDelete == 1 )
2493:System/FreeRTOS/tasks.c **** 			{
2494:System/FreeRTOS/tasks.c **** 				if( pxTCB == NULL )
2495:System/FreeRTOS/tasks.c **** 				{
2496:System/FreeRTOS/tasks.c **** 					/* Search the deleted list. */
2497:System/FreeRTOS/tasks.c **** 					pxTCB = prvSearchForNameWithinSingleList( &xTasksWaitingTermination, pcNameToQuery );
2498:System/FreeRTOS/tasks.c **** 				}
2499:System/FreeRTOS/tasks.c **** 			}
2500:System/FreeRTOS/tasks.c **** 			#endif
2501:System/FreeRTOS/tasks.c **** 		}
2502:System/FreeRTOS/tasks.c **** 		( void ) xTaskResumeAll();
2503:System/FreeRTOS/tasks.c **** 
2504:System/FreeRTOS/tasks.c **** 		return pxTCB;
2505:System/FreeRTOS/tasks.c **** 	}
2506:System/FreeRTOS/tasks.c **** 
2507:System/FreeRTOS/tasks.c **** #endif /* INCLUDE_xTaskGetHandle */
2508:System/FreeRTOS/tasks.c **** /*-----------------------------------------------------------*/
2509:System/FreeRTOS/tasks.c **** 
2510:System/FreeRTOS/tasks.c **** #if ( configUSE_TRACE_FACILITY == 1 )
2511:System/FreeRTOS/tasks.c **** 
2512:System/FreeRTOS/tasks.c **** 	UBaseType_t uxTaskGetSystemState( TaskStatus_t * const pxTaskStatusArray, const UBaseType_t uxArra
2513:System/FreeRTOS/tasks.c **** 	{
 3346              		.loc 1 2513 2
 3347              		.cfi_startproc
 3348              		@ args = 0, pretend = 0, frame = 24
 3349              		@ frame_needed = 1, uses_anonymous_args = 0
 3350 0000 80B5     		push	{r7, lr}
 3351              	.LCFI116:
 3352              		.cfi_def_cfa_offset 8
 3353              		.cfi_offset 7, -8
 3354              		.cfi_offset 14, -4
 3355 0002 86B0     		sub	sp, sp, #24
 3356              	.LCFI117:
 3357              		.cfi_def_cfa_offset 32
 3358 0004 00AF     		add	r7, sp, #0
 3359              	.LCFI118:
 3360              		.cfi_def_cfa_register 7
 3361 0006 F860     		str	r0, [r7, #12]
 3362 0008 B960     		str	r1, [r7, #8]
 3363 000a 7A60     		str	r2, [r7, #4]
2514:System/FreeRTOS/tasks.c **** 	UBaseType_t uxTask = 0, uxQueue = configMAX_PRIORITIES;
 3364              		.loc 1 2514 14
 3365 000c 0023     		movs	r3, #0
 3366 000e 7B61     		str	r3, [r7, #20]
 3367              		.loc 1 2514 26
 3368 0010 0523     		movs	r3, #5
 3369 0012 3B61     		str	r3, [r7, #16]
2515:System/FreeRTOS/tasks.c **** 
2516:System/FreeRTOS/tasks.c **** 		vTaskSuspendAll();
 3370              		.loc 1 2516 3
 3371 0014 FFF7FEFF 		bl	vTaskSuspendAll
ARM GAS  C:\Users\HUAV\AppData\Local\Temp\ccerV99a.s 			page 108


2517:System/FreeRTOS/tasks.c **** 		{
2518:System/FreeRTOS/tasks.c **** 			/* Is there a space in the array for each task in the system? */
2519:System/FreeRTOS/tasks.c **** 			if( uxArraySize >= uxCurrentNumberOfTasks )
 3372              		.loc 1 2519 20
 3373 0018 3A4B     		ldr	r3, .L209
 3374 001a 1B68     		ldr	r3, [r3]
 3375              		.loc 1 2519 6
 3376 001c BA68     		ldr	r2, [r7, #8]
 3377 001e 9A42     		cmp	r2, r3
 3378 0020 68D3     		bcc	.L206
 3379              	.L207:
2520:System/FreeRTOS/tasks.c **** 			{
2521:System/FreeRTOS/tasks.c **** 				/* Fill in an TaskStatus_t structure with information on each
2522:System/FreeRTOS/tasks.c **** 				task in the Ready state. */
2523:System/FreeRTOS/tasks.c **** 				do
2524:System/FreeRTOS/tasks.c **** 				{
2525:System/FreeRTOS/tasks.c **** 					uxQueue--;
 3380              		.loc 1 2525 13 discriminator 1
 3381 0022 3B69     		ldr	r3, [r7, #16]
 3382 0024 013B     		subs	r3, r3, #1
 3383 0026 3B61     		str	r3, [r7, #16]
2526:System/FreeRTOS/tasks.c **** 					uxTask += prvListTasksWithinSingleList( &( pxTaskStatusArray[ uxTask ] ), &( pxReadyTasksLists
 3384              		.loc 1 2526 66 discriminator 1
 3385 0028 7A69     		ldr	r2, [r7, #20]
 3386 002a 1346     		mov	r3, r2
 3387 002c DB00     		lsls	r3, r3, #3
 3388 002e 1344     		add	r3, r3, r2
 3389 0030 9B00     		lsls	r3, r3, #2
 3390 0032 1A46     		mov	r2, r3
 3391              		.loc 1 2526 16 discriminator 1
 3392 0034 FB68     		ldr	r3, [r7, #12]
 3393 0036 9818     		adds	r0, r3, r2
 3394 0038 3A69     		ldr	r2, [r7, #16]
 3395 003a 1346     		mov	r3, r2
 3396 003c 9B00     		lsls	r3, r3, #2
 3397 003e 1344     		add	r3, r3, r2
 3398 0040 9B00     		lsls	r3, r3, #2
 3399 0042 314A     		ldr	r2, .L209+4
 3400 0044 1344     		add	r3, r3, r2
 3401 0046 0122     		movs	r2, #1
 3402 0048 1946     		mov	r1, r3
 3403 004a FFF7FEFF 		bl	prvListTasksWithinSingleList
 3404 004e 0246     		mov	r2, r0
 3405              		.loc 1 2526 13 discriminator 1
 3406 0050 7B69     		ldr	r3, [r7, #20]
 3407 0052 1344     		add	r3, r3, r2
 3408 0054 7B61     		str	r3, [r7, #20]
2527:System/FreeRTOS/tasks.c **** 
2528:System/FreeRTOS/tasks.c **** 				} while( uxQueue > ( UBaseType_t ) tskIDLE_PRIORITY ); /*lint !e961 MISRA exception as the cast
 3409              		.loc 1 2528 5 discriminator 1
 3410 0056 3B69     		ldr	r3, [r7, #16]
 3411 0058 002B     		cmp	r3, #0
 3412 005a E2D1     		bne	.L207
2529:System/FreeRTOS/tasks.c **** 
2530:System/FreeRTOS/tasks.c **** 				/* Fill in an TaskStatus_t structure with information on each
2531:System/FreeRTOS/tasks.c **** 				task in the Blocked state. */
2532:System/FreeRTOS/tasks.c **** 				uxTask += prvListTasksWithinSingleList( &( pxTaskStatusArray[ uxTask ] ), ( List_t * ) pxDelaye
ARM GAS  C:\Users\HUAV\AppData\Local\Temp\ccerV99a.s 			page 109


 3413              		.loc 1 2532 65
 3414 005c 7A69     		ldr	r2, [r7, #20]
 3415 005e 1346     		mov	r3, r2
 3416 0060 DB00     		lsls	r3, r3, #3
 3417 0062 1344     		add	r3, r3, r2
 3418 0064 9B00     		lsls	r3, r3, #2
 3419 0066 1A46     		mov	r2, r3
 3420              		.loc 1 2532 15
 3421 0068 FB68     		ldr	r3, [r7, #12]
 3422 006a 1344     		add	r3, r3, r2
 3423 006c 274A     		ldr	r2, .L209+8
 3424 006e 1168     		ldr	r1, [r2]
 3425 0070 0222     		movs	r2, #2
 3426 0072 1846     		mov	r0, r3
 3427 0074 FFF7FEFF 		bl	prvListTasksWithinSingleList
 3428 0078 0246     		mov	r2, r0
 3429              		.loc 1 2532 12
 3430 007a 7B69     		ldr	r3, [r7, #20]
 3431 007c 1344     		add	r3, r3, r2
 3432 007e 7B61     		str	r3, [r7, #20]
2533:System/FreeRTOS/tasks.c **** 				uxTask += prvListTasksWithinSingleList( &( pxTaskStatusArray[ uxTask ] ), ( List_t * ) pxOverfl
 3433              		.loc 1 2533 65
 3434 0080 7A69     		ldr	r2, [r7, #20]
 3435 0082 1346     		mov	r3, r2
 3436 0084 DB00     		lsls	r3, r3, #3
 3437 0086 1344     		add	r3, r3, r2
 3438 0088 9B00     		lsls	r3, r3, #2
 3439 008a 1A46     		mov	r2, r3
 3440              		.loc 1 2533 15
 3441 008c FB68     		ldr	r3, [r7, #12]
 3442 008e 1344     		add	r3, r3, r2
 3443 0090 1F4A     		ldr	r2, .L209+12
 3444 0092 1168     		ldr	r1, [r2]
 3445 0094 0222     		movs	r2, #2
 3446 0096 1846     		mov	r0, r3
 3447 0098 FFF7FEFF 		bl	prvListTasksWithinSingleList
 3448 009c 0246     		mov	r2, r0
 3449              		.loc 1 2533 12
 3450 009e 7B69     		ldr	r3, [r7, #20]
 3451 00a0 1344     		add	r3, r3, r2
 3452 00a2 7B61     		str	r3, [r7, #20]
2534:System/FreeRTOS/tasks.c **** 
2535:System/FreeRTOS/tasks.c **** 				#if( INCLUDE_vTaskDelete == 1 )
2536:System/FreeRTOS/tasks.c **** 				{
2537:System/FreeRTOS/tasks.c **** 					/* Fill in an TaskStatus_t structure with information on
2538:System/FreeRTOS/tasks.c **** 					each task that has been deleted but not yet cleaned up. */
2539:System/FreeRTOS/tasks.c **** 					uxTask += prvListTasksWithinSingleList( &( pxTaskStatusArray[ uxTask ] ), &xTasksWaitingTermin
 3453              		.loc 1 2539 66
 3454 00a4 7A69     		ldr	r2, [r7, #20]
 3455 00a6 1346     		mov	r3, r2
 3456 00a8 DB00     		lsls	r3, r3, #3
 3457 00aa 1344     		add	r3, r3, r2
 3458 00ac 9B00     		lsls	r3, r3, #2
 3459 00ae 1A46     		mov	r2, r3
 3460              		.loc 1 2539 16
 3461 00b0 FB68     		ldr	r3, [r7, #12]
 3462 00b2 1344     		add	r3, r3, r2
ARM GAS  C:\Users\HUAV\AppData\Local\Temp\ccerV99a.s 			page 110


 3463 00b4 0422     		movs	r2, #4
 3464 00b6 1749     		ldr	r1, .L209+16
 3465 00b8 1846     		mov	r0, r3
 3466 00ba FFF7FEFF 		bl	prvListTasksWithinSingleList
 3467 00be 0246     		mov	r2, r0
 3468              		.loc 1 2539 13
 3469 00c0 7B69     		ldr	r3, [r7, #20]
 3470 00c2 1344     		add	r3, r3, r2
 3471 00c4 7B61     		str	r3, [r7, #20]
2540:System/FreeRTOS/tasks.c **** 				}
2541:System/FreeRTOS/tasks.c **** 				#endif
2542:System/FreeRTOS/tasks.c **** 
2543:System/FreeRTOS/tasks.c **** 				#if ( INCLUDE_vTaskSuspend == 1 )
2544:System/FreeRTOS/tasks.c **** 				{
2545:System/FreeRTOS/tasks.c **** 					/* Fill in an TaskStatus_t structure with information on
2546:System/FreeRTOS/tasks.c **** 					each task in the Suspended state. */
2547:System/FreeRTOS/tasks.c **** 					uxTask += prvListTasksWithinSingleList( &( pxTaskStatusArray[ uxTask ] ), &xSuspendedTaskList,
 3472              		.loc 1 2547 66
 3473 00c6 7A69     		ldr	r2, [r7, #20]
 3474 00c8 1346     		mov	r3, r2
 3475 00ca DB00     		lsls	r3, r3, #3
 3476 00cc 1344     		add	r3, r3, r2
 3477 00ce 9B00     		lsls	r3, r3, #2
 3478 00d0 1A46     		mov	r2, r3
 3479              		.loc 1 2547 16
 3480 00d2 FB68     		ldr	r3, [r7, #12]
 3481 00d4 1344     		add	r3, r3, r2
 3482 00d6 0322     		movs	r2, #3
 3483 00d8 0F49     		ldr	r1, .L209+20
 3484 00da 1846     		mov	r0, r3
 3485 00dc FFF7FEFF 		bl	prvListTasksWithinSingleList
 3486 00e0 0246     		mov	r2, r0
 3487              		.loc 1 2547 13
 3488 00e2 7B69     		ldr	r3, [r7, #20]
 3489 00e4 1344     		add	r3, r3, r2
 3490 00e6 7B61     		str	r3, [r7, #20]
2548:System/FreeRTOS/tasks.c **** 				}
2549:System/FreeRTOS/tasks.c **** 				#endif
2550:System/FreeRTOS/tasks.c **** 
2551:System/FreeRTOS/tasks.c **** 				#if ( configGENERATE_RUN_TIME_STATS == 1)
2552:System/FreeRTOS/tasks.c **** 				{
2553:System/FreeRTOS/tasks.c **** 					if( pulTotalRunTime != NULL )
2554:System/FreeRTOS/tasks.c **** 					{
2555:System/FreeRTOS/tasks.c **** 						#ifdef portALT_GET_RUN_TIME_COUNTER_VALUE
2556:System/FreeRTOS/tasks.c **** 							portALT_GET_RUN_TIME_COUNTER_VALUE( ( *pulTotalRunTime ) );
2557:System/FreeRTOS/tasks.c **** 						#else
2558:System/FreeRTOS/tasks.c **** 							*pulTotalRunTime = portGET_RUN_TIME_COUNTER_VALUE();
2559:System/FreeRTOS/tasks.c **** 						#endif
2560:System/FreeRTOS/tasks.c **** 					}
2561:System/FreeRTOS/tasks.c **** 				}
2562:System/FreeRTOS/tasks.c **** 				#else
2563:System/FreeRTOS/tasks.c **** 				{
2564:System/FreeRTOS/tasks.c **** 					if( pulTotalRunTime != NULL )
 3491              		.loc 1 2564 8
 3492 00e8 7B68     		ldr	r3, [r7, #4]
 3493 00ea 002B     		cmp	r3, #0
 3494 00ec 02D0     		beq	.L206
ARM GAS  C:\Users\HUAV\AppData\Local\Temp\ccerV99a.s 			page 111


2565:System/FreeRTOS/tasks.c **** 					{
2566:System/FreeRTOS/tasks.c **** 						*pulTotalRunTime = 0;
 3495              		.loc 1 2566 24
 3496 00ee 7B68     		ldr	r3, [r7, #4]
 3497 00f0 0022     		movs	r2, #0
 3498 00f2 1A60     		str	r2, [r3]
 3499              	.L206:
2567:System/FreeRTOS/tasks.c **** 					}
2568:System/FreeRTOS/tasks.c **** 				}
2569:System/FreeRTOS/tasks.c **** 				#endif
2570:System/FreeRTOS/tasks.c **** 			}
2571:System/FreeRTOS/tasks.c **** 			else
2572:System/FreeRTOS/tasks.c **** 			{
2573:System/FreeRTOS/tasks.c **** 				mtCOVERAGE_TEST_MARKER();
2574:System/FreeRTOS/tasks.c **** 			}
2575:System/FreeRTOS/tasks.c **** 		}
2576:System/FreeRTOS/tasks.c **** 		( void ) xTaskResumeAll();
 3500              		.loc 1 2576 12
 3501 00f4 FFF7FEFF 		bl	xTaskResumeAll
2577:System/FreeRTOS/tasks.c **** 
2578:System/FreeRTOS/tasks.c **** 		return uxTask;
 3502              		.loc 1 2578 10
 3503 00f8 7B69     		ldr	r3, [r7, #20]
2579:System/FreeRTOS/tasks.c **** 	}
 3504              		.loc 1 2579 2
 3505 00fa 1846     		mov	r0, r3
 3506 00fc 1837     		adds	r7, r7, #24
 3507              	.LCFI119:
 3508              		.cfi_def_cfa_offset 8
 3509 00fe BD46     		mov	sp, r7
 3510              	.LCFI120:
 3511              		.cfi_def_cfa_register 13
 3512              		@ sp needed
 3513 0100 80BD     		pop	{r7, pc}
 3514              	.L210:
 3515 0102 00BF     		.align	2
 3516              	.L209:
 3517 0104 00000000 		.word	uxCurrentNumberOfTasks
 3518 0108 00000000 		.word	pxReadyTasksLists
 3519 010c 00000000 		.word	pxDelayedTaskList
 3520 0110 00000000 		.word	pxOverflowDelayedTaskList
 3521 0114 00000000 		.word	xTasksWaitingTermination
 3522 0118 00000000 		.word	xSuspendedTaskList
 3523              		.cfi_endproc
 3524              	.LFE28:
 3526              		.section	.text.xTaskCatchUpTicks,"ax",%progbits
 3527              		.align	1
 3528              		.global	xTaskCatchUpTicks
 3529              		.syntax unified
 3530              		.thumb
 3531              		.thumb_func
 3533              	xTaskCatchUpTicks:
 3534              	.LFB29:
2580:System/FreeRTOS/tasks.c **** 
2581:System/FreeRTOS/tasks.c **** #endif /* configUSE_TRACE_FACILITY */
2582:System/FreeRTOS/tasks.c **** /*----------------------------------------------------------*/
2583:System/FreeRTOS/tasks.c **** 
ARM GAS  C:\Users\HUAV\AppData\Local\Temp\ccerV99a.s 			page 112


2584:System/FreeRTOS/tasks.c **** #if ( INCLUDE_xTaskGetIdleTaskHandle == 1 )
2585:System/FreeRTOS/tasks.c **** 
2586:System/FreeRTOS/tasks.c **** 	TaskHandle_t xTaskGetIdleTaskHandle( void )
2587:System/FreeRTOS/tasks.c **** 	{
2588:System/FreeRTOS/tasks.c **** 		/* If xTaskGetIdleTaskHandle() is called before the scheduler has been
2589:System/FreeRTOS/tasks.c **** 		started, then xIdleTaskHandle will be NULL. */
2590:System/FreeRTOS/tasks.c **** 		configASSERT( ( xIdleTaskHandle != NULL ) );
2591:System/FreeRTOS/tasks.c **** 		return xIdleTaskHandle;
2592:System/FreeRTOS/tasks.c **** 	}
2593:System/FreeRTOS/tasks.c **** 
2594:System/FreeRTOS/tasks.c **** #endif /* INCLUDE_xTaskGetIdleTaskHandle */
2595:System/FreeRTOS/tasks.c **** /*----------------------------------------------------------*/
2596:System/FreeRTOS/tasks.c **** 
2597:System/FreeRTOS/tasks.c **** /* This conditional compilation should use inequality to 0, not equality to 1.
2598:System/FreeRTOS/tasks.c **** This is to ensure vTaskStepTick() is available when user defined low power mode
2599:System/FreeRTOS/tasks.c **** implementations require configUSE_TICKLESS_IDLE to be set to a value other than
2600:System/FreeRTOS/tasks.c **** 1. */
2601:System/FreeRTOS/tasks.c **** #if ( configUSE_TICKLESS_IDLE != 0 )
2602:System/FreeRTOS/tasks.c **** 
2603:System/FreeRTOS/tasks.c **** 	void vTaskStepTick( const TickType_t xTicksToJump )
2604:System/FreeRTOS/tasks.c **** 	{
2605:System/FreeRTOS/tasks.c **** 		/* Correct the tick count value after a period during which the tick
2606:System/FreeRTOS/tasks.c **** 		was suppressed.  Note this does *not* call the tick hook function for
2607:System/FreeRTOS/tasks.c **** 		each stepped tick. */
2608:System/FreeRTOS/tasks.c **** 		configASSERT( ( xTickCount + xTicksToJump ) <= xNextTaskUnblockTime );
2609:System/FreeRTOS/tasks.c **** 		xTickCount += xTicksToJump;
2610:System/FreeRTOS/tasks.c **** 		traceINCREASE_TICK_COUNT( xTicksToJump );
2611:System/FreeRTOS/tasks.c **** 	}
2612:System/FreeRTOS/tasks.c **** 
2613:System/FreeRTOS/tasks.c **** #endif /* configUSE_TICKLESS_IDLE */
2614:System/FreeRTOS/tasks.c **** /*----------------------------------------------------------*/
2615:System/FreeRTOS/tasks.c **** 
2616:System/FreeRTOS/tasks.c **** BaseType_t xTaskCatchUpTicks( TickType_t xTicksToCatchUp )
2617:System/FreeRTOS/tasks.c **** {
 3535              		.loc 1 2617 1
 3536              		.cfi_startproc
 3537              		@ args = 0, pretend = 0, frame = 16
 3538              		@ frame_needed = 1, uses_anonymous_args = 0
 3539 0000 80B5     		push	{r7, lr}
 3540              	.LCFI121:
 3541              		.cfi_def_cfa_offset 8
 3542              		.cfi_offset 7, -8
 3543              		.cfi_offset 14, -4
 3544 0002 84B0     		sub	sp, sp, #16
 3545              	.LCFI122:
 3546              		.cfi_def_cfa_offset 24
 3547 0004 00AF     		add	r7, sp, #0
 3548              	.LCFI123:
 3549              		.cfi_def_cfa_register 7
 3550 0006 7860     		str	r0, [r7, #4]
2618:System/FreeRTOS/tasks.c **** BaseType_t xYieldRequired = pdFALSE;
 3551              		.loc 1 2618 12
 3552 0008 0023     		movs	r3, #0
 3553 000a FB60     		str	r3, [r7, #12]
2619:System/FreeRTOS/tasks.c **** 
2620:System/FreeRTOS/tasks.c **** 	/* Must not be called with the scheduler suspended as the implementation
2621:System/FreeRTOS/tasks.c **** 	relies on xPendedTicks being wound down to 0 in xTaskResumeAll(). */
ARM GAS  C:\Users\HUAV\AppData\Local\Temp\ccerV99a.s 			page 113


2622:System/FreeRTOS/tasks.c **** 	configASSERT( uxSchedulerSuspended == 0 );
 3554              		.loc 1 2622 2
 3555 000c 0F4B     		ldr	r3, .L215
 3556 000e 1B68     		ldr	r3, [r3]
 3557 0010 002B     		cmp	r3, #0
 3558 0012 0AD0     		beq	.L212
 3559              	.LBB176:
 3560              	.LBB177:
 195:System/FreeRTOS/portable/GCC/ARM_CM4F/portmacro.h **** 	(
 3561              		.loc 2 195 2
 3562              		.syntax unified
 3563              	@ 195 "System/FreeRTOS/portable/GCC/ARM_CM4F/portmacro.h" 1
 3564 0014 4FF05003 			mov r3, #80												
 3565 0018 83F31188 		msr basepri, r3											
 3566 001c BFF36F8F 		isb														
 3567 0020 BFF34F8F 		dsb														
 3568              	
 3569              	@ 0 "" 2
 3570              		.thumb
 3571              		.syntax unified
 3572 0024 BB60     		str	r3, [r7, #8]
 203:System/FreeRTOS/portable/GCC/ARM_CM4F/portmacro.h **** 
 3573              		.loc 2 203 1
 3574 0026 00BF     		nop
 3575              	.L213:
 3576              	.LBE177:
 3577              	.LBE176:
 3578              		.loc 1 2622 2 discriminator 1
 3579 0028 FEE7     		b	.L213
 3580              	.L212:
2623:System/FreeRTOS/tasks.c **** 
2624:System/FreeRTOS/tasks.c **** 	/* Use xPendedTicks to mimic xTicksToCatchUp number of ticks occurring when
2625:System/FreeRTOS/tasks.c **** 	the scheduler is suspended so the ticks are executed in xTaskResumeAll(). */
2626:System/FreeRTOS/tasks.c **** 	vTaskSuspendAll();
 3581              		.loc 1 2626 2
 3582 002a FFF7FEFF 		bl	vTaskSuspendAll
2627:System/FreeRTOS/tasks.c **** 	xPendedTicks += xTicksToCatchUp;
 3583              		.loc 1 2627 15
 3584 002e 084B     		ldr	r3, .L215+4
 3585 0030 1A68     		ldr	r2, [r3]
 3586 0032 7B68     		ldr	r3, [r7, #4]
 3587 0034 1344     		add	r3, r3, r2
 3588 0036 064A     		ldr	r2, .L215+4
 3589 0038 1360     		str	r3, [r2]
2628:System/FreeRTOS/tasks.c **** 	xYieldRequired = xTaskResumeAll();
 3590              		.loc 1 2628 19
 3591 003a FFF7FEFF 		bl	xTaskResumeAll
 3592 003e F860     		str	r0, [r7, #12]
2629:System/FreeRTOS/tasks.c **** 
2630:System/FreeRTOS/tasks.c **** 	return xYieldRequired;
 3593              		.loc 1 2630 9
 3594 0040 FB68     		ldr	r3, [r7, #12]
2631:System/FreeRTOS/tasks.c **** }
 3595              		.loc 1 2631 1
 3596 0042 1846     		mov	r0, r3
 3597 0044 1037     		adds	r7, r7, #16
 3598              	.LCFI124:
ARM GAS  C:\Users\HUAV\AppData\Local\Temp\ccerV99a.s 			page 114


 3599              		.cfi_def_cfa_offset 8
 3600 0046 BD46     		mov	sp, r7
 3601              	.LCFI125:
 3602              		.cfi_def_cfa_register 13
 3603              		@ sp needed
 3604 0048 80BD     		pop	{r7, pc}
 3605              	.L216:
 3606 004a 00BF     		.align	2
 3607              	.L215:
 3608 004c 00000000 		.word	uxSchedulerSuspended
 3609 0050 00000000 		.word	xPendedTicks
 3610              		.cfi_endproc
 3611              	.LFE29:
 3613              		.section	.text.xTaskIncrementTick,"ax",%progbits
 3614              		.align	1
 3615              		.global	xTaskIncrementTick
 3616              		.syntax unified
 3617              		.thumb
 3618              		.thumb_func
 3620              	xTaskIncrementTick:
 3621              	.LFB30:
2632:System/FreeRTOS/tasks.c **** /*----------------------------------------------------------*/
2633:System/FreeRTOS/tasks.c **** 
2634:System/FreeRTOS/tasks.c **** #if ( INCLUDE_xTaskAbortDelay == 1 )
2635:System/FreeRTOS/tasks.c **** 
2636:System/FreeRTOS/tasks.c **** 	BaseType_t xTaskAbortDelay( TaskHandle_t xTask )
2637:System/FreeRTOS/tasks.c **** 	{
2638:System/FreeRTOS/tasks.c **** 	TCB_t *pxTCB = xTask;
2639:System/FreeRTOS/tasks.c **** 	BaseType_t xReturn;
2640:System/FreeRTOS/tasks.c **** 
2641:System/FreeRTOS/tasks.c **** 		configASSERT( pxTCB );
2642:System/FreeRTOS/tasks.c **** 
2643:System/FreeRTOS/tasks.c **** 		vTaskSuspendAll();
2644:System/FreeRTOS/tasks.c **** 		{
2645:System/FreeRTOS/tasks.c **** 			/* A task can only be prematurely removed from the Blocked state if
2646:System/FreeRTOS/tasks.c **** 			it is actually in the Blocked state. */
2647:System/FreeRTOS/tasks.c **** 			if( eTaskGetState( xTask ) == eBlocked )
2648:System/FreeRTOS/tasks.c **** 			{
2649:System/FreeRTOS/tasks.c **** 				xReturn = pdPASS;
2650:System/FreeRTOS/tasks.c **** 
2651:System/FreeRTOS/tasks.c **** 				/* Remove the reference to the task from the blocked list.  An
2652:System/FreeRTOS/tasks.c **** 				interrupt won't touch the xStateListItem because the
2653:System/FreeRTOS/tasks.c **** 				scheduler is suspended. */
2654:System/FreeRTOS/tasks.c **** 				( void ) uxListRemove( &( pxTCB->xStateListItem ) );
2655:System/FreeRTOS/tasks.c **** 
2656:System/FreeRTOS/tasks.c **** 				/* Is the task waiting on an event also?  If so remove it from
2657:System/FreeRTOS/tasks.c **** 				the event list too.  Interrupts can touch the event list item,
2658:System/FreeRTOS/tasks.c **** 				even though the scheduler is suspended, so a critical section
2659:System/FreeRTOS/tasks.c **** 				is used. */
2660:System/FreeRTOS/tasks.c **** 				taskENTER_CRITICAL();
2661:System/FreeRTOS/tasks.c **** 				{
2662:System/FreeRTOS/tasks.c **** 					if( listLIST_ITEM_CONTAINER( &( pxTCB->xEventListItem ) ) != NULL )
2663:System/FreeRTOS/tasks.c **** 					{
2664:System/FreeRTOS/tasks.c **** 						( void ) uxListRemove( &( pxTCB->xEventListItem ) );
2665:System/FreeRTOS/tasks.c **** 
2666:System/FreeRTOS/tasks.c **** 						/* This lets the task know it was forcibly removed from the
2667:System/FreeRTOS/tasks.c **** 						blocked state so it should not re-evaluate its block time and
ARM GAS  C:\Users\HUAV\AppData\Local\Temp\ccerV99a.s 			page 115


2668:System/FreeRTOS/tasks.c **** 						then block again. */
2669:System/FreeRTOS/tasks.c **** 						pxTCB->ucDelayAborted = pdTRUE;
2670:System/FreeRTOS/tasks.c **** 					}
2671:System/FreeRTOS/tasks.c **** 					else
2672:System/FreeRTOS/tasks.c **** 					{
2673:System/FreeRTOS/tasks.c **** 						mtCOVERAGE_TEST_MARKER();
2674:System/FreeRTOS/tasks.c **** 					}
2675:System/FreeRTOS/tasks.c **** 				}
2676:System/FreeRTOS/tasks.c **** 				taskEXIT_CRITICAL();
2677:System/FreeRTOS/tasks.c **** 
2678:System/FreeRTOS/tasks.c **** 				/* Place the unblocked task into the appropriate ready list. */
2679:System/FreeRTOS/tasks.c **** 				prvAddTaskToReadyList( pxTCB );
2680:System/FreeRTOS/tasks.c **** 
2681:System/FreeRTOS/tasks.c **** 				/* A task being unblocked cannot cause an immediate context
2682:System/FreeRTOS/tasks.c **** 				switch if preemption is turned off. */
2683:System/FreeRTOS/tasks.c **** 				#if (  configUSE_PREEMPTION == 1 )
2684:System/FreeRTOS/tasks.c **** 				{
2685:System/FreeRTOS/tasks.c **** 					/* Preemption is on, but a context switch should only be
2686:System/FreeRTOS/tasks.c **** 					performed if the unblocked task has a priority that is
2687:System/FreeRTOS/tasks.c **** 					equal to or higher than the currently executing task. */
2688:System/FreeRTOS/tasks.c **** 					if( pxTCB->uxPriority > pxCurrentTCB->uxPriority )
2689:System/FreeRTOS/tasks.c **** 					{
2690:System/FreeRTOS/tasks.c **** 						/* Pend the yield to be performed when the scheduler
2691:System/FreeRTOS/tasks.c **** 						is unsuspended. */
2692:System/FreeRTOS/tasks.c **** 						xYieldPending = pdTRUE;
2693:System/FreeRTOS/tasks.c **** 					}
2694:System/FreeRTOS/tasks.c **** 					else
2695:System/FreeRTOS/tasks.c **** 					{
2696:System/FreeRTOS/tasks.c **** 						mtCOVERAGE_TEST_MARKER();
2697:System/FreeRTOS/tasks.c **** 					}
2698:System/FreeRTOS/tasks.c **** 				}
2699:System/FreeRTOS/tasks.c **** 				#endif /* configUSE_PREEMPTION */
2700:System/FreeRTOS/tasks.c **** 			}
2701:System/FreeRTOS/tasks.c **** 			else
2702:System/FreeRTOS/tasks.c **** 			{
2703:System/FreeRTOS/tasks.c **** 				xReturn = pdFAIL;
2704:System/FreeRTOS/tasks.c **** 			}
2705:System/FreeRTOS/tasks.c **** 		}
2706:System/FreeRTOS/tasks.c **** 		( void ) xTaskResumeAll();
2707:System/FreeRTOS/tasks.c **** 
2708:System/FreeRTOS/tasks.c **** 		return xReturn;
2709:System/FreeRTOS/tasks.c **** 	}
2710:System/FreeRTOS/tasks.c **** 
2711:System/FreeRTOS/tasks.c **** #endif /* INCLUDE_xTaskAbortDelay */
2712:System/FreeRTOS/tasks.c **** /*----------------------------------------------------------*/
2713:System/FreeRTOS/tasks.c **** 
2714:System/FreeRTOS/tasks.c **** BaseType_t xTaskIncrementTick( void )
2715:System/FreeRTOS/tasks.c **** {
 3622              		.loc 1 2715 1
 3623              		.cfi_startproc
 3624              		@ args = 0, pretend = 0, frame = 24
 3625              		@ frame_needed = 1, uses_anonymous_args = 0
 3626 0000 80B5     		push	{r7, lr}
 3627              	.LCFI126:
 3628              		.cfi_def_cfa_offset 8
 3629              		.cfi_offset 7, -8
 3630              		.cfi_offset 14, -4
ARM GAS  C:\Users\HUAV\AppData\Local\Temp\ccerV99a.s 			page 116


 3631 0002 86B0     		sub	sp, sp, #24
 3632              	.LCFI127:
 3633              		.cfi_def_cfa_offset 32
 3634 0004 00AF     		add	r7, sp, #0
 3635              	.LCFI128:
 3636              		.cfi_def_cfa_register 7
2716:System/FreeRTOS/tasks.c **** TCB_t * pxTCB;
2717:System/FreeRTOS/tasks.c **** TickType_t xItemValue;
2718:System/FreeRTOS/tasks.c **** BaseType_t xSwitchRequired = pdFALSE;
 3637              		.loc 1 2718 12
 3638 0006 0023     		movs	r3, #0
 3639 0008 7B61     		str	r3, [r7, #20]
2719:System/FreeRTOS/tasks.c **** 
2720:System/FreeRTOS/tasks.c **** 	/* Called by the portable layer each time a tick interrupt occurs.
2721:System/FreeRTOS/tasks.c **** 	Increments the tick then checks to see if the new tick value will cause any
2722:System/FreeRTOS/tasks.c **** 	tasks to be unblocked. */
2723:System/FreeRTOS/tasks.c **** 	traceTASK_INCREMENT_TICK( xTickCount );
2724:System/FreeRTOS/tasks.c **** 	if( uxSchedulerSuspended == ( UBaseType_t ) pdFALSE )
 3640              		.loc 1 2724 27
 3641 000a 4E4B     		ldr	r3, .L231
 3642 000c 1B68     		ldr	r3, [r3]
 3643              		.loc 1 2724 4
 3644 000e 002B     		cmp	r3, #0
 3645 0010 40F08E80 		bne	.L218
 3646              	.LBB178:
2725:System/FreeRTOS/tasks.c **** 	{
2726:System/FreeRTOS/tasks.c **** 		/* Minor optimisation.  The tick count cannot change in this
2727:System/FreeRTOS/tasks.c **** 		block. */
2728:System/FreeRTOS/tasks.c **** 		const TickType_t xConstTickCount = xTickCount + ( TickType_t ) 1;
 3647              		.loc 1 2728 49
 3648 0014 4C4B     		ldr	r3, .L231+4
 3649 0016 1B68     		ldr	r3, [r3]
 3650              		.loc 1 2728 20
 3651 0018 0133     		adds	r3, r3, #1
 3652 001a 3B61     		str	r3, [r7, #16]
2729:System/FreeRTOS/tasks.c **** 
2730:System/FreeRTOS/tasks.c **** 		/* Increment the RTOS tick, switching the delayed and overflowed
2731:System/FreeRTOS/tasks.c **** 		delayed lists if it wraps to 0. */
2732:System/FreeRTOS/tasks.c **** 		xTickCount = xConstTickCount;
 3653              		.loc 1 2732 14
 3654 001c 4A4A     		ldr	r2, .L231+4
 3655 001e 3B69     		ldr	r3, [r7, #16]
 3656 0020 1360     		str	r3, [r2]
2733:System/FreeRTOS/tasks.c **** 
2734:System/FreeRTOS/tasks.c **** 		if( xConstTickCount == ( TickType_t ) 0U ) /*lint !e774 'if' does not always evaluate to false as
 3657              		.loc 1 2734 5
 3658 0022 3B69     		ldr	r3, [r7, #16]
 3659 0024 002B     		cmp	r3, #0
 3660 0026 20D1     		bne	.L219
 3661              	.LBB179:
2735:System/FreeRTOS/tasks.c **** 		{
2736:System/FreeRTOS/tasks.c **** 			taskSWITCH_DELAYED_LISTS();
 3662              		.loc 1 2736 4
 3663 0028 484B     		ldr	r3, .L231+8
 3664 002a 1B68     		ldr	r3, [r3]
 3665 002c 1B68     		ldr	r3, [r3]
 3666 002e 002B     		cmp	r3, #0
ARM GAS  C:\Users\HUAV\AppData\Local\Temp\ccerV99a.s 			page 117


 3667 0030 0AD0     		beq	.L220
 3668              	.LBB180:
 3669              	.LBB181:
 195:System/FreeRTOS/portable/GCC/ARM_CM4F/portmacro.h **** 	(
 3670              		.loc 2 195 2
 3671              		.syntax unified
 3672              	@ 195 "System/FreeRTOS/portable/GCC/ARM_CM4F/portmacro.h" 1
 3673 0032 4FF05003 			mov r3, #80												
 3674 0036 83F31188 		msr basepri, r3											
 3675 003a BFF36F8F 		isb														
 3676 003e BFF34F8F 		dsb														
 3677              	
 3678              	@ 0 "" 2
 3679              		.thumb
 3680              		.syntax unified
 3681 0042 3B60     		str	r3, [r7]
 203:System/FreeRTOS/portable/GCC/ARM_CM4F/portmacro.h **** 
 3682              		.loc 2 203 1
 3683 0044 00BF     		nop
 3684              	.L221:
 3685              	.LBE181:
 3686              	.LBE180:
 3687              		.loc 1 2736 4 discriminator 1
 3688 0046 FEE7     		b	.L221
 3689              	.L220:
 3690              		.loc 1 2736 4 is_stmt 0 discriminator 2
 3691 0048 404B     		ldr	r3, .L231+8
 3692 004a 1B68     		ldr	r3, [r3]
 3693 004c FB60     		str	r3, [r7, #12]
 3694 004e 404B     		ldr	r3, .L231+12
 3695 0050 1B68     		ldr	r3, [r3]
 3696 0052 3E4A     		ldr	r2, .L231+8
 3697 0054 1360     		str	r3, [r2]
 3698 0056 3E4A     		ldr	r2, .L231+12
 3699 0058 FB68     		ldr	r3, [r7, #12]
 3700 005a 1360     		str	r3, [r2]
 3701 005c 3D4B     		ldr	r3, .L231+16
 3702 005e 1B68     		ldr	r3, [r3]
 3703 0060 0133     		adds	r3, r3, #1
 3704 0062 3C4A     		ldr	r2, .L231+16
 3705 0064 1360     		str	r3, [r2]
 3706 0066 FFF7FEFF 		bl	prvResetNextTaskUnblockTime
 3707              	.L219:
 3708              	.LBE179:
2737:System/FreeRTOS/tasks.c **** 		}
2738:System/FreeRTOS/tasks.c **** 		else
2739:System/FreeRTOS/tasks.c **** 		{
2740:System/FreeRTOS/tasks.c **** 			mtCOVERAGE_TEST_MARKER();
2741:System/FreeRTOS/tasks.c **** 		}
2742:System/FreeRTOS/tasks.c **** 
2743:System/FreeRTOS/tasks.c **** 		/* See if this tick has made a timeout expire.  Tasks are stored in
2744:System/FreeRTOS/tasks.c **** 		the	queue in the order of their wake time - meaning once one task
2745:System/FreeRTOS/tasks.c **** 		has been found whose block time has not expired there is no need to
2746:System/FreeRTOS/tasks.c **** 		look any further down the list. */
2747:System/FreeRTOS/tasks.c **** 		if( xConstTickCount >= xNextTaskUnblockTime )
 3709              		.loc 1 2747 23 is_stmt 1
 3710 006a 3B4B     		ldr	r3, .L231+20
ARM GAS  C:\Users\HUAV\AppData\Local\Temp\ccerV99a.s 			page 118


 3711 006c 1B68     		ldr	r3, [r3]
 3712              		.loc 1 2747 5
 3713 006e 3A69     		ldr	r2, [r7, #16]
 3714 0070 9A42     		cmp	r2, r3
 3715 0072 48D3     		bcc	.L222
 3716              	.L227:
2748:System/FreeRTOS/tasks.c **** 		{
2749:System/FreeRTOS/tasks.c **** 			for( ;; )
2750:System/FreeRTOS/tasks.c **** 			{
2751:System/FreeRTOS/tasks.c **** 				if( listLIST_IS_EMPTY( pxDelayedTaskList ) != pdFALSE )
 3717              		.loc 1 2751 9
 3718 0074 354B     		ldr	r3, .L231+8
 3719 0076 1B68     		ldr	r3, [r3]
 3720 0078 1B68     		ldr	r3, [r3]
 3721              		.loc 1 2751 7
 3722 007a 002B     		cmp	r3, #0
 3723 007c 04D1     		bne	.L223
2752:System/FreeRTOS/tasks.c **** 				{
2753:System/FreeRTOS/tasks.c **** 					/* The delayed list is empty.  Set xNextTaskUnblockTime
2754:System/FreeRTOS/tasks.c **** 					to the maximum possible value so it is extremely
2755:System/FreeRTOS/tasks.c **** 					unlikely that the
2756:System/FreeRTOS/tasks.c **** 					if( xTickCount >= xNextTaskUnblockTime ) test will pass
2757:System/FreeRTOS/tasks.c **** 					next time through. */
2758:System/FreeRTOS/tasks.c **** 					xNextTaskUnblockTime = portMAX_DELAY; /*lint !e961 MISRA exception as the casts are only redun
 3724              		.loc 1 2758 27
 3725 007e 364B     		ldr	r3, .L231+20
 3726 0080 4FF0FF32 		mov	r2, #-1
 3727 0084 1A60     		str	r2, [r3]
2759:System/FreeRTOS/tasks.c **** 					break;
 3728              		.loc 1 2759 6
 3729 0086 3EE0     		b	.L222
 3730              	.L223:
2760:System/FreeRTOS/tasks.c **** 				}
2761:System/FreeRTOS/tasks.c **** 				else
2762:System/FreeRTOS/tasks.c **** 				{
2763:System/FreeRTOS/tasks.c **** 					/* The delayed list is not empty, get the value of the
2764:System/FreeRTOS/tasks.c **** 					item at the head of the delayed list.  This is the time
2765:System/FreeRTOS/tasks.c **** 					at which the task at the head of the delayed list must
2766:System/FreeRTOS/tasks.c **** 					be removed from the Blocked state. */
2767:System/FreeRTOS/tasks.c **** 					pxTCB = listGET_OWNER_OF_HEAD_ENTRY( pxDelayedTaskList ); /*lint !e9079 void * is used as this
 3731              		.loc 1 2767 14
 3732 0088 304B     		ldr	r3, .L231+8
 3733 008a 1B68     		ldr	r3, [r3]
 3734 008c DB68     		ldr	r3, [r3, #12]
 3735              		.loc 1 2767 12
 3736 008e DB68     		ldr	r3, [r3, #12]
 3737 0090 BB60     		str	r3, [r7, #8]
2768:System/FreeRTOS/tasks.c **** 					xItemValue = listGET_LIST_ITEM_VALUE( &( pxTCB->xStateListItem ) );
 3738              		.loc 1 2768 17
 3739 0092 BB68     		ldr	r3, [r7, #8]
 3740 0094 5B68     		ldr	r3, [r3, #4]
 3741 0096 7B60     		str	r3, [r7, #4]
2769:System/FreeRTOS/tasks.c **** 
2770:System/FreeRTOS/tasks.c **** 					if( xConstTickCount < xItemValue )
 3742              		.loc 1 2770 8
 3743 0098 3A69     		ldr	r2, [r7, #16]
 3744 009a 7B68     		ldr	r3, [r7, #4]
ARM GAS  C:\Users\HUAV\AppData\Local\Temp\ccerV99a.s 			page 119


 3745 009c 9A42     		cmp	r2, r3
 3746 009e 03D2     		bcs	.L224
2771:System/FreeRTOS/tasks.c **** 					{
2772:System/FreeRTOS/tasks.c **** 						/* It is not time to unblock this item yet, but the
2773:System/FreeRTOS/tasks.c **** 						item value is the time at which the task at the head
2774:System/FreeRTOS/tasks.c **** 						of the blocked list must be removed from the Blocked
2775:System/FreeRTOS/tasks.c **** 						state -	so record the item value in
2776:System/FreeRTOS/tasks.c **** 						xNextTaskUnblockTime. */
2777:System/FreeRTOS/tasks.c **** 						xNextTaskUnblockTime = xItemValue;
 3747              		.loc 1 2777 28
 3748 00a0 2D4A     		ldr	r2, .L231+20
 3749 00a2 7B68     		ldr	r3, [r7, #4]
 3750 00a4 1360     		str	r3, [r2]
2778:System/FreeRTOS/tasks.c **** 						break; /*lint !e9011 Code structure here is deedmed easier to understand with multiple breaks
 3751              		.loc 1 2778 7
 3752 00a6 2EE0     		b	.L222
 3753              	.L224:
2779:System/FreeRTOS/tasks.c **** 					}
2780:System/FreeRTOS/tasks.c **** 					else
2781:System/FreeRTOS/tasks.c **** 					{
2782:System/FreeRTOS/tasks.c **** 						mtCOVERAGE_TEST_MARKER();
2783:System/FreeRTOS/tasks.c **** 					}
2784:System/FreeRTOS/tasks.c **** 
2785:System/FreeRTOS/tasks.c **** 					/* It is time to remove the item from the Blocked state. */
2786:System/FreeRTOS/tasks.c **** 					( void ) uxListRemove( &( pxTCB->xStateListItem ) );
 3754              		.loc 1 2786 15
 3755 00a8 BB68     		ldr	r3, [r7, #8]
 3756 00aa 0433     		adds	r3, r3, #4
 3757 00ac 1846     		mov	r0, r3
 3758 00ae FFF7FEFF 		bl	uxListRemove
2787:System/FreeRTOS/tasks.c **** 
2788:System/FreeRTOS/tasks.c **** 					/* Is the task waiting on an event also?  If so remove
2789:System/FreeRTOS/tasks.c **** 					it from the event list. */
2790:System/FreeRTOS/tasks.c **** 					if( listLIST_ITEM_CONTAINER( &( pxTCB->xEventListItem ) ) != NULL )
 3759              		.loc 1 2790 10
 3760 00b2 BB68     		ldr	r3, [r7, #8]
 3761 00b4 9B6A     		ldr	r3, [r3, #40]
 3762              		.loc 1 2790 8
 3763 00b6 002B     		cmp	r3, #0
 3764 00b8 04D0     		beq	.L225
2791:System/FreeRTOS/tasks.c **** 					{
2792:System/FreeRTOS/tasks.c **** 						( void ) uxListRemove( &( pxTCB->xEventListItem ) );
 3765              		.loc 1 2792 16
 3766 00ba BB68     		ldr	r3, [r7, #8]
 3767 00bc 1833     		adds	r3, r3, #24
 3768 00be 1846     		mov	r0, r3
 3769 00c0 FFF7FEFF 		bl	uxListRemove
 3770              	.L225:
2793:System/FreeRTOS/tasks.c **** 					}
2794:System/FreeRTOS/tasks.c **** 					else
2795:System/FreeRTOS/tasks.c **** 					{
2796:System/FreeRTOS/tasks.c **** 						mtCOVERAGE_TEST_MARKER();
2797:System/FreeRTOS/tasks.c **** 					}
2798:System/FreeRTOS/tasks.c **** 
2799:System/FreeRTOS/tasks.c **** 					/* Place the unblocked task into the appropriate ready
2800:System/FreeRTOS/tasks.c **** 					list. */
2801:System/FreeRTOS/tasks.c **** 					prvAddTaskToReadyList( pxTCB );
ARM GAS  C:\Users\HUAV\AppData\Local\Temp\ccerV99a.s 			page 120


 3771              		.loc 1 2801 6
 3772 00c4 BB68     		ldr	r3, [r7, #8]
 3773 00c6 DB6A     		ldr	r3, [r3, #44]
 3774 00c8 0122     		movs	r2, #1
 3775 00ca 9A40     		lsls	r2, r2, r3
 3776 00cc 234B     		ldr	r3, .L231+24
 3777 00ce 1B68     		ldr	r3, [r3]
 3778 00d0 1343     		orrs	r3, r3, r2
 3779 00d2 224A     		ldr	r2, .L231+24
 3780 00d4 1360     		str	r3, [r2]
 3781 00d6 BB68     		ldr	r3, [r7, #8]
 3782 00d8 DA6A     		ldr	r2, [r3, #44]
 3783 00da 1346     		mov	r3, r2
 3784 00dc 9B00     		lsls	r3, r3, #2
 3785 00de 1344     		add	r3, r3, r2
 3786 00e0 9B00     		lsls	r3, r3, #2
 3787 00e2 1F4A     		ldr	r2, .L231+28
 3788 00e4 1A44     		add	r2, r2, r3
 3789 00e6 BB68     		ldr	r3, [r7, #8]
 3790 00e8 0433     		adds	r3, r3, #4
 3791 00ea 1946     		mov	r1, r3
 3792 00ec 1046     		mov	r0, r2
 3793 00ee FFF7FEFF 		bl	vListInsertEnd
2802:System/FreeRTOS/tasks.c **** 
2803:System/FreeRTOS/tasks.c **** 					/* A task being unblocked cannot cause an immediate
2804:System/FreeRTOS/tasks.c **** 					context switch if preemption is turned off. */
2805:System/FreeRTOS/tasks.c **** 					#if (  configUSE_PREEMPTION == 1 )
2806:System/FreeRTOS/tasks.c **** 					{
2807:System/FreeRTOS/tasks.c **** 						/* Preemption is on, but a context switch should
2808:System/FreeRTOS/tasks.c **** 						only be performed if the unblocked task has a
2809:System/FreeRTOS/tasks.c **** 						priority that is equal to or higher than the
2810:System/FreeRTOS/tasks.c **** 						currently executing task. */
2811:System/FreeRTOS/tasks.c **** 						if( pxTCB->uxPriority >= pxCurrentTCB->uxPriority )
 3794              		.loc 1 2811 16
 3795 00f2 BB68     		ldr	r3, [r7, #8]
 3796 00f4 DA6A     		ldr	r2, [r3, #44]
 3797              		.loc 1 2811 44
 3798 00f6 1B4B     		ldr	r3, .L231+32
 3799 00f8 1B68     		ldr	r3, [r3]
 3800 00fa DB6A     		ldr	r3, [r3, #44]
 3801              		.loc 1 2811 9
 3802 00fc 9A42     		cmp	r2, r3
 3803 00fe B9D3     		bcc	.L227
2812:System/FreeRTOS/tasks.c **** 						{
2813:System/FreeRTOS/tasks.c **** 							xSwitchRequired = pdTRUE;
 3804              		.loc 1 2813 24
 3805 0100 0123     		movs	r3, #1
 3806 0102 7B61     		str	r3, [r7, #20]
2751:System/FreeRTOS/tasks.c **** 				{
 3807              		.loc 1 2751 7
 3808 0104 B6E7     		b	.L227
 3809              	.L222:
2814:System/FreeRTOS/tasks.c **** 						}
2815:System/FreeRTOS/tasks.c **** 						else
2816:System/FreeRTOS/tasks.c **** 						{
2817:System/FreeRTOS/tasks.c **** 							mtCOVERAGE_TEST_MARKER();
2818:System/FreeRTOS/tasks.c **** 						}
ARM GAS  C:\Users\HUAV\AppData\Local\Temp\ccerV99a.s 			page 121


2819:System/FreeRTOS/tasks.c **** 					}
2820:System/FreeRTOS/tasks.c **** 					#endif /* configUSE_PREEMPTION */
2821:System/FreeRTOS/tasks.c **** 				}
2822:System/FreeRTOS/tasks.c **** 			}
2823:System/FreeRTOS/tasks.c **** 		}
2824:System/FreeRTOS/tasks.c **** 
2825:System/FreeRTOS/tasks.c **** 		/* Tasks of equal priority to the currently running task will share
2826:System/FreeRTOS/tasks.c **** 		processing time (time slice) if preemption is on, and the application
2827:System/FreeRTOS/tasks.c **** 		writer has not explicitly turned time slicing off. */
2828:System/FreeRTOS/tasks.c **** 		#if ( ( configUSE_PREEMPTION == 1 ) && ( configUSE_TIME_SLICING == 1 ) )
2829:System/FreeRTOS/tasks.c **** 		{
2830:System/FreeRTOS/tasks.c **** 			if( listCURRENT_LIST_LENGTH( &( pxReadyTasksLists[ pxCurrentTCB->uxPriority ] ) ) > ( UBaseType_
 3810              		.loc 1 2830 8
 3811 0106 174B     		ldr	r3, .L231+32
 3812 0108 1B68     		ldr	r3, [r3]
 3813 010a DA6A     		ldr	r2, [r3, #44]
 3814 010c 1449     		ldr	r1, .L231+28
 3815 010e 1346     		mov	r3, r2
 3816 0110 9B00     		lsls	r3, r3, #2
 3817 0112 1344     		add	r3, r3, r2
 3818 0114 9B00     		lsls	r3, r3, #2
 3819 0116 0B44     		add	r3, r3, r1
 3820 0118 1B68     		ldr	r3, [r3]
 3821              		.loc 1 2830 6
 3822 011a 012B     		cmp	r3, #1
 3823 011c 01D9     		bls	.L228
2831:System/FreeRTOS/tasks.c **** 			{
2832:System/FreeRTOS/tasks.c **** 				xSwitchRequired = pdTRUE;
 3824              		.loc 1 2832 21
 3825 011e 0123     		movs	r3, #1
 3826 0120 7B61     		str	r3, [r7, #20]
 3827              	.L228:
2833:System/FreeRTOS/tasks.c **** 			}
2834:System/FreeRTOS/tasks.c **** 			else
2835:System/FreeRTOS/tasks.c **** 			{
2836:System/FreeRTOS/tasks.c **** 				mtCOVERAGE_TEST_MARKER();
2837:System/FreeRTOS/tasks.c **** 			}
2838:System/FreeRTOS/tasks.c **** 		}
2839:System/FreeRTOS/tasks.c **** 		#endif /* ( ( configUSE_PREEMPTION == 1 ) && ( configUSE_TIME_SLICING == 1 ) ) */
2840:System/FreeRTOS/tasks.c **** 
2841:System/FreeRTOS/tasks.c **** 		#if ( configUSE_TICK_HOOK == 1 )
2842:System/FreeRTOS/tasks.c **** 		{
2843:System/FreeRTOS/tasks.c **** 			/* Guard against the tick hook being called when the pended tick
2844:System/FreeRTOS/tasks.c **** 			count is being unwound (when the scheduler is being unlocked). */
2845:System/FreeRTOS/tasks.c **** 			if( xPendedTicks == ( TickType_t ) 0 )
2846:System/FreeRTOS/tasks.c **** 			{
2847:System/FreeRTOS/tasks.c **** 				vApplicationTickHook();
2848:System/FreeRTOS/tasks.c **** 			}
2849:System/FreeRTOS/tasks.c **** 			else
2850:System/FreeRTOS/tasks.c **** 			{
2851:System/FreeRTOS/tasks.c **** 				mtCOVERAGE_TEST_MARKER();
2852:System/FreeRTOS/tasks.c **** 			}
2853:System/FreeRTOS/tasks.c **** 		}
2854:System/FreeRTOS/tasks.c **** 		#endif /* configUSE_TICK_HOOK */
2855:System/FreeRTOS/tasks.c **** 
2856:System/FreeRTOS/tasks.c **** 		#if ( configUSE_PREEMPTION == 1 )
2857:System/FreeRTOS/tasks.c **** 		{
ARM GAS  C:\Users\HUAV\AppData\Local\Temp\ccerV99a.s 			page 122


2858:System/FreeRTOS/tasks.c **** 			if( xYieldPending != pdFALSE )
 3828              		.loc 1 2858 22
 3829 0122 114B     		ldr	r3, .L231+36
 3830 0124 1B68     		ldr	r3, [r3]
 3831              		.loc 1 2858 6
 3832 0126 002B     		cmp	r3, #0
 3833 0128 07D0     		beq	.L229
2859:System/FreeRTOS/tasks.c **** 			{
2860:System/FreeRTOS/tasks.c **** 				xSwitchRequired = pdTRUE;
 3834              		.loc 1 2860 21
 3835 012a 0123     		movs	r3, #1
 3836 012c 7B61     		str	r3, [r7, #20]
 3837 012e 04E0     		b	.L229
 3838              	.L218:
 3839              	.LBE178:
2861:System/FreeRTOS/tasks.c **** 			}
2862:System/FreeRTOS/tasks.c **** 			else
2863:System/FreeRTOS/tasks.c **** 			{
2864:System/FreeRTOS/tasks.c **** 				mtCOVERAGE_TEST_MARKER();
2865:System/FreeRTOS/tasks.c **** 			}
2866:System/FreeRTOS/tasks.c **** 		}
2867:System/FreeRTOS/tasks.c **** 		#endif /* configUSE_PREEMPTION */
2868:System/FreeRTOS/tasks.c **** 	}
2869:System/FreeRTOS/tasks.c **** 	else
2870:System/FreeRTOS/tasks.c **** 	{
2871:System/FreeRTOS/tasks.c **** 		++xPendedTicks;
 3840              		.loc 1 2871 3
 3841 0130 0E4B     		ldr	r3, .L231+40
 3842 0132 1B68     		ldr	r3, [r3]
 3843 0134 0133     		adds	r3, r3, #1
 3844 0136 0D4A     		ldr	r2, .L231+40
 3845 0138 1360     		str	r3, [r2]
 3846              	.L229:
2872:System/FreeRTOS/tasks.c **** 
2873:System/FreeRTOS/tasks.c **** 		/* The tick hook gets called at regular intervals, even if the
2874:System/FreeRTOS/tasks.c **** 		scheduler is locked. */
2875:System/FreeRTOS/tasks.c **** 		#if ( configUSE_TICK_HOOK == 1 )
2876:System/FreeRTOS/tasks.c **** 		{
2877:System/FreeRTOS/tasks.c **** 			vApplicationTickHook();
2878:System/FreeRTOS/tasks.c **** 		}
2879:System/FreeRTOS/tasks.c **** 		#endif
2880:System/FreeRTOS/tasks.c **** 	}
2881:System/FreeRTOS/tasks.c **** 
2882:System/FreeRTOS/tasks.c **** 	return xSwitchRequired;
 3847              		.loc 1 2882 9
 3848 013a 7B69     		ldr	r3, [r7, #20]
2883:System/FreeRTOS/tasks.c **** }
 3849              		.loc 1 2883 1
 3850 013c 1846     		mov	r0, r3
 3851 013e 1837     		adds	r7, r7, #24
 3852              	.LCFI129:
 3853              		.cfi_def_cfa_offset 8
 3854 0140 BD46     		mov	sp, r7
 3855              	.LCFI130:
 3856              		.cfi_def_cfa_register 13
 3857              		@ sp needed
 3858 0142 80BD     		pop	{r7, pc}
ARM GAS  C:\Users\HUAV\AppData\Local\Temp\ccerV99a.s 			page 123


 3859              	.L232:
 3860              		.align	2
 3861              	.L231:
 3862 0144 00000000 		.word	uxSchedulerSuspended
 3863 0148 00000000 		.word	xTickCount
 3864 014c 00000000 		.word	pxDelayedTaskList
 3865 0150 00000000 		.word	pxOverflowDelayedTaskList
 3866 0154 00000000 		.word	xNumOfOverflows
 3867 0158 00000000 		.word	xNextTaskUnblockTime
 3868 015c 00000000 		.word	uxTopReadyPriority
 3869 0160 00000000 		.word	pxReadyTasksLists
 3870 0164 00000000 		.word	pxCurrentTCB
 3871 0168 00000000 		.word	xYieldPending
 3872 016c 00000000 		.word	xPendedTicks
 3873              		.cfi_endproc
 3874              	.LFE30:
 3876              		.section	.text.vTaskSwitchContext,"ax",%progbits
 3877              		.align	1
 3878              		.global	vTaskSwitchContext
 3879              		.syntax unified
 3880              		.thumb
 3881              		.thumb_func
 3883              	vTaskSwitchContext:
 3884              	.LFB31:
2884:System/FreeRTOS/tasks.c **** /*-----------------------------------------------------------*/
2885:System/FreeRTOS/tasks.c **** 
2886:System/FreeRTOS/tasks.c **** #if ( configUSE_APPLICATION_TASK_TAG == 1 )
2887:System/FreeRTOS/tasks.c **** 
2888:System/FreeRTOS/tasks.c **** 	void vTaskSetApplicationTaskTag( TaskHandle_t xTask, TaskHookFunction_t pxHookFunction )
2889:System/FreeRTOS/tasks.c **** 	{
2890:System/FreeRTOS/tasks.c **** 	TCB_t *xTCB;
2891:System/FreeRTOS/tasks.c **** 
2892:System/FreeRTOS/tasks.c **** 		/* If xTask is NULL then it is the task hook of the calling task that is
2893:System/FreeRTOS/tasks.c **** 		getting set. */
2894:System/FreeRTOS/tasks.c **** 		if( xTask == NULL )
2895:System/FreeRTOS/tasks.c **** 		{
2896:System/FreeRTOS/tasks.c **** 			xTCB = ( TCB_t * ) pxCurrentTCB;
2897:System/FreeRTOS/tasks.c **** 		}
2898:System/FreeRTOS/tasks.c **** 		else
2899:System/FreeRTOS/tasks.c **** 		{
2900:System/FreeRTOS/tasks.c **** 			xTCB = xTask;
2901:System/FreeRTOS/tasks.c **** 		}
2902:System/FreeRTOS/tasks.c **** 
2903:System/FreeRTOS/tasks.c **** 		/* Save the hook function in the TCB.  A critical section is required as
2904:System/FreeRTOS/tasks.c **** 		the value can be accessed from an interrupt. */
2905:System/FreeRTOS/tasks.c **** 		taskENTER_CRITICAL();
2906:System/FreeRTOS/tasks.c **** 		{
2907:System/FreeRTOS/tasks.c **** 			xTCB->pxTaskTag = pxHookFunction;
2908:System/FreeRTOS/tasks.c **** 		}
2909:System/FreeRTOS/tasks.c **** 		taskEXIT_CRITICAL();
2910:System/FreeRTOS/tasks.c **** 	}
2911:System/FreeRTOS/tasks.c **** 
2912:System/FreeRTOS/tasks.c **** #endif /* configUSE_APPLICATION_TASK_TAG */
2913:System/FreeRTOS/tasks.c **** /*-----------------------------------------------------------*/
2914:System/FreeRTOS/tasks.c **** 
2915:System/FreeRTOS/tasks.c **** #if ( configUSE_APPLICATION_TASK_TAG == 1 )
2916:System/FreeRTOS/tasks.c **** 
ARM GAS  C:\Users\HUAV\AppData\Local\Temp\ccerV99a.s 			page 124


2917:System/FreeRTOS/tasks.c **** 	TaskHookFunction_t xTaskGetApplicationTaskTag( TaskHandle_t xTask )
2918:System/FreeRTOS/tasks.c **** 	{
2919:System/FreeRTOS/tasks.c **** 	TCB_t *pxTCB;
2920:System/FreeRTOS/tasks.c **** 	TaskHookFunction_t xReturn;
2921:System/FreeRTOS/tasks.c **** 
2922:System/FreeRTOS/tasks.c **** 		/* If xTask is NULL then set the calling task's hook. */
2923:System/FreeRTOS/tasks.c **** 		pxTCB = prvGetTCBFromHandle( xTask );
2924:System/FreeRTOS/tasks.c **** 
2925:System/FreeRTOS/tasks.c **** 		/* Save the hook function in the TCB.  A critical section is required as
2926:System/FreeRTOS/tasks.c **** 		the value can be accessed from an interrupt. */
2927:System/FreeRTOS/tasks.c **** 		taskENTER_CRITICAL();
2928:System/FreeRTOS/tasks.c **** 		{
2929:System/FreeRTOS/tasks.c **** 			xReturn = pxTCB->pxTaskTag;
2930:System/FreeRTOS/tasks.c **** 		}
2931:System/FreeRTOS/tasks.c **** 		taskEXIT_CRITICAL();
2932:System/FreeRTOS/tasks.c **** 
2933:System/FreeRTOS/tasks.c **** 		return xReturn;
2934:System/FreeRTOS/tasks.c **** 	}
2935:System/FreeRTOS/tasks.c **** 
2936:System/FreeRTOS/tasks.c **** #endif /* configUSE_APPLICATION_TASK_TAG */
2937:System/FreeRTOS/tasks.c **** /*-----------------------------------------------------------*/
2938:System/FreeRTOS/tasks.c **** 
2939:System/FreeRTOS/tasks.c **** #if ( configUSE_APPLICATION_TASK_TAG == 1 )
2940:System/FreeRTOS/tasks.c **** 
2941:System/FreeRTOS/tasks.c **** 	TaskHookFunction_t xTaskGetApplicationTaskTagFromISR( TaskHandle_t xTask )
2942:System/FreeRTOS/tasks.c **** 	{
2943:System/FreeRTOS/tasks.c **** 	TCB_t *pxTCB;
2944:System/FreeRTOS/tasks.c **** 	TaskHookFunction_t xReturn;
2945:System/FreeRTOS/tasks.c **** 	UBaseType_t uxSavedInterruptStatus;
2946:System/FreeRTOS/tasks.c **** 
2947:System/FreeRTOS/tasks.c **** 		/* If xTask is NULL then set the calling task's hook. */
2948:System/FreeRTOS/tasks.c **** 		pxTCB = prvGetTCBFromHandle( xTask );
2949:System/FreeRTOS/tasks.c **** 
2950:System/FreeRTOS/tasks.c **** 		/* Save the hook function in the TCB.  A critical section is required as
2951:System/FreeRTOS/tasks.c **** 		the value can be accessed from an interrupt. */
2952:System/FreeRTOS/tasks.c **** 		uxSavedInterruptStatus = portSET_INTERRUPT_MASK_FROM_ISR();
2953:System/FreeRTOS/tasks.c **** 		{
2954:System/FreeRTOS/tasks.c **** 			xReturn = pxTCB->pxTaskTag;
2955:System/FreeRTOS/tasks.c **** 		}
2956:System/FreeRTOS/tasks.c **** 		portCLEAR_INTERRUPT_MASK_FROM_ISR( uxSavedInterruptStatus );
2957:System/FreeRTOS/tasks.c **** 
2958:System/FreeRTOS/tasks.c **** 		return xReturn;
2959:System/FreeRTOS/tasks.c **** 	}
2960:System/FreeRTOS/tasks.c **** 
2961:System/FreeRTOS/tasks.c **** #endif /* configUSE_APPLICATION_TASK_TAG */
2962:System/FreeRTOS/tasks.c **** /*-----------------------------------------------------------*/
2963:System/FreeRTOS/tasks.c **** 
2964:System/FreeRTOS/tasks.c **** #if ( configUSE_APPLICATION_TASK_TAG == 1 )
2965:System/FreeRTOS/tasks.c **** 
2966:System/FreeRTOS/tasks.c **** 	BaseType_t xTaskCallApplicationTaskHook( TaskHandle_t xTask, void *pvParameter )
2967:System/FreeRTOS/tasks.c **** 	{
2968:System/FreeRTOS/tasks.c **** 	TCB_t *xTCB;
2969:System/FreeRTOS/tasks.c **** 	BaseType_t xReturn;
2970:System/FreeRTOS/tasks.c **** 
2971:System/FreeRTOS/tasks.c **** 		/* If xTask is NULL then we are calling our own task hook. */
2972:System/FreeRTOS/tasks.c **** 		if( xTask == NULL )
2973:System/FreeRTOS/tasks.c **** 		{
ARM GAS  C:\Users\HUAV\AppData\Local\Temp\ccerV99a.s 			page 125


2974:System/FreeRTOS/tasks.c **** 			xTCB = pxCurrentTCB;
2975:System/FreeRTOS/tasks.c **** 		}
2976:System/FreeRTOS/tasks.c **** 		else
2977:System/FreeRTOS/tasks.c **** 		{
2978:System/FreeRTOS/tasks.c **** 			xTCB = xTask;
2979:System/FreeRTOS/tasks.c **** 		}
2980:System/FreeRTOS/tasks.c **** 
2981:System/FreeRTOS/tasks.c **** 		if( xTCB->pxTaskTag != NULL )
2982:System/FreeRTOS/tasks.c **** 		{
2983:System/FreeRTOS/tasks.c **** 			xReturn = xTCB->pxTaskTag( pvParameter );
2984:System/FreeRTOS/tasks.c **** 		}
2985:System/FreeRTOS/tasks.c **** 		else
2986:System/FreeRTOS/tasks.c **** 		{
2987:System/FreeRTOS/tasks.c **** 			xReturn = pdFAIL;
2988:System/FreeRTOS/tasks.c **** 		}
2989:System/FreeRTOS/tasks.c **** 
2990:System/FreeRTOS/tasks.c **** 		return xReturn;
2991:System/FreeRTOS/tasks.c **** 	}
2992:System/FreeRTOS/tasks.c **** 
2993:System/FreeRTOS/tasks.c **** #endif /* configUSE_APPLICATION_TASK_TAG */
2994:System/FreeRTOS/tasks.c **** /*-----------------------------------------------------------*/
2995:System/FreeRTOS/tasks.c **** 
2996:System/FreeRTOS/tasks.c **** void vTaskSwitchContext( void )
2997:System/FreeRTOS/tasks.c **** {
 3885              		.loc 1 2997 1
 3886              		.cfi_startproc
 3887              		@ args = 0, pretend = 0, frame = 24
 3888              		@ frame_needed = 1, uses_anonymous_args = 0
 3889              		@ link register save eliminated.
 3890 0000 80B4     		push	{r7}
 3891              	.LCFI131:
 3892              		.cfi_def_cfa_offset 4
 3893              		.cfi_offset 7, -4
 3894 0002 87B0     		sub	sp, sp, #28
 3895              	.LCFI132:
 3896              		.cfi_def_cfa_offset 32
 3897 0004 00AF     		add	r7, sp, #0
 3898              	.LCFI133:
 3899              		.cfi_def_cfa_register 7
2998:System/FreeRTOS/tasks.c **** 	if( uxSchedulerSuspended != ( UBaseType_t ) pdFALSE )
 3900              		.loc 1 2998 27
 3901 0006 274B     		ldr	r3, .L241
 3902 0008 1B68     		ldr	r3, [r3]
 3903              		.loc 1 2998 4
 3904 000a 002B     		cmp	r3, #0
 3905 000c 03D0     		beq	.L234
2999:System/FreeRTOS/tasks.c **** 	{
3000:System/FreeRTOS/tasks.c **** 		/* The scheduler is currently suspended - do not allow a context
3001:System/FreeRTOS/tasks.c **** 		switch. */
3002:System/FreeRTOS/tasks.c **** 		xYieldPending = pdTRUE;
 3906              		.loc 1 3002 17
 3907 000e 264B     		ldr	r3, .L241+4
 3908 0010 0122     		movs	r2, #1
 3909 0012 1A60     		str	r2, [r3]
3003:System/FreeRTOS/tasks.c **** 	}
3004:System/FreeRTOS/tasks.c **** 	else
3005:System/FreeRTOS/tasks.c **** 	{
ARM GAS  C:\Users\HUAV\AppData\Local\Temp\ccerV99a.s 			page 126


3006:System/FreeRTOS/tasks.c **** 		xYieldPending = pdFALSE;
3007:System/FreeRTOS/tasks.c **** 		traceTASK_SWITCHED_OUT();
3008:System/FreeRTOS/tasks.c **** 
3009:System/FreeRTOS/tasks.c **** 		#if ( configGENERATE_RUN_TIME_STATS == 1 )
3010:System/FreeRTOS/tasks.c **** 		{
3011:System/FreeRTOS/tasks.c **** 			#ifdef portALT_GET_RUN_TIME_COUNTER_VALUE
3012:System/FreeRTOS/tasks.c **** 				portALT_GET_RUN_TIME_COUNTER_VALUE( ulTotalRunTime );
3013:System/FreeRTOS/tasks.c **** 			#else
3014:System/FreeRTOS/tasks.c **** 				ulTotalRunTime = portGET_RUN_TIME_COUNTER_VALUE();
3015:System/FreeRTOS/tasks.c **** 			#endif
3016:System/FreeRTOS/tasks.c **** 
3017:System/FreeRTOS/tasks.c **** 			/* Add the amount of time the task has been running to the
3018:System/FreeRTOS/tasks.c **** 			accumulated time so far.  The time the task started running was
3019:System/FreeRTOS/tasks.c **** 			stored in ulTaskSwitchedInTime.  Note that there is no overflow
3020:System/FreeRTOS/tasks.c **** 			protection here so count values are only valid until the timer
3021:System/FreeRTOS/tasks.c **** 			overflows.  The guard against negative values is to protect
3022:System/FreeRTOS/tasks.c **** 			against suspect run time stat counter implementations - which
3023:System/FreeRTOS/tasks.c **** 			are provided by the application, not the kernel. */
3024:System/FreeRTOS/tasks.c **** 			if( ulTotalRunTime > ulTaskSwitchedInTime )
3025:System/FreeRTOS/tasks.c **** 			{
3026:System/FreeRTOS/tasks.c **** 				pxCurrentTCB->ulRunTimeCounter += ( ulTotalRunTime - ulTaskSwitchedInTime );
3027:System/FreeRTOS/tasks.c **** 			}
3028:System/FreeRTOS/tasks.c **** 			else
3029:System/FreeRTOS/tasks.c **** 			{
3030:System/FreeRTOS/tasks.c **** 				mtCOVERAGE_TEST_MARKER();
3031:System/FreeRTOS/tasks.c **** 			}
3032:System/FreeRTOS/tasks.c **** 			ulTaskSwitchedInTime = ulTotalRunTime;
3033:System/FreeRTOS/tasks.c **** 		}
3034:System/FreeRTOS/tasks.c **** 		#endif /* configGENERATE_RUN_TIME_STATS */
3035:System/FreeRTOS/tasks.c **** 
3036:System/FreeRTOS/tasks.c **** 		/* Check for stack overflow, if configured. */
3037:System/FreeRTOS/tasks.c **** 		taskCHECK_FOR_STACK_OVERFLOW();
3038:System/FreeRTOS/tasks.c **** 
3039:System/FreeRTOS/tasks.c **** 		/* Before the currently running task is switched out, save its errno. */
3040:System/FreeRTOS/tasks.c **** 		#if( configUSE_POSIX_ERRNO == 1 )
3041:System/FreeRTOS/tasks.c **** 		{
3042:System/FreeRTOS/tasks.c **** 			pxCurrentTCB->iTaskErrno = FreeRTOS_errno;
3043:System/FreeRTOS/tasks.c **** 		}
3044:System/FreeRTOS/tasks.c **** 		#endif
3045:System/FreeRTOS/tasks.c **** 
3046:System/FreeRTOS/tasks.c **** 		/* Select a new task to run using either the generic C or port
3047:System/FreeRTOS/tasks.c **** 		optimised asm code. */
3048:System/FreeRTOS/tasks.c **** 		taskSELECT_HIGHEST_PRIORITY_TASK(); /*lint !e9079 void * is used as this macro is used with timer
3049:System/FreeRTOS/tasks.c **** 		traceTASK_SWITCHED_IN();
3050:System/FreeRTOS/tasks.c **** 
3051:System/FreeRTOS/tasks.c **** 		/* After the new task is switched in, update the global errno. */
3052:System/FreeRTOS/tasks.c **** 		#if( configUSE_POSIX_ERRNO == 1 )
3053:System/FreeRTOS/tasks.c **** 		{
3054:System/FreeRTOS/tasks.c **** 			FreeRTOS_errno = pxCurrentTCB->iTaskErrno;
3055:System/FreeRTOS/tasks.c **** 		}
3056:System/FreeRTOS/tasks.c **** 		#endif
3057:System/FreeRTOS/tasks.c **** 
3058:System/FreeRTOS/tasks.c **** 		#if ( configUSE_NEWLIB_REENTRANT == 1 )
3059:System/FreeRTOS/tasks.c **** 		{
3060:System/FreeRTOS/tasks.c **** 			/* Switch Newlib's _impure_ptr variable to point to the _reent
3061:System/FreeRTOS/tasks.c **** 			structure specific to this task.
3062:System/FreeRTOS/tasks.c **** 			See the third party link http://www.nadler.com/embedded/newlibAndFreeRTOS.html
ARM GAS  C:\Users\HUAV\AppData\Local\Temp\ccerV99a.s 			page 127


3063:System/FreeRTOS/tasks.c **** 			for additional information. */
3064:System/FreeRTOS/tasks.c **** 			_impure_ptr = &( pxCurrentTCB->xNewLib_reent );
3065:System/FreeRTOS/tasks.c **** 		}
3066:System/FreeRTOS/tasks.c **** 		#endif /* configUSE_NEWLIB_REENTRANT */
3067:System/FreeRTOS/tasks.c **** 	}
3068:System/FreeRTOS/tasks.c **** }
 3910              		.loc 1 3068 1
 3911 0014 3FE0     		b	.L240
 3912              	.L234:
3006:System/FreeRTOS/tasks.c **** 		traceTASK_SWITCHED_OUT();
 3913              		.loc 1 3006 17
 3914 0016 244B     		ldr	r3, .L241+4
 3915 0018 0022     		movs	r2, #0
 3916 001a 1A60     		str	r2, [r3]
 3917              	.LBB182:
3048:System/FreeRTOS/tasks.c **** 		traceTASK_SWITCHED_IN();
 3918              		.loc 1 3048 3
 3919 001c 234B     		ldr	r3, .L241+8
 3920 001e 1B68     		ldr	r3, [r3]
 3921 0020 FB60     		str	r3, [r7, #12]
 3922              	.LBB183:
 3923              	.LBB184:
 134:System/FreeRTOS/portable/GCC/ARM_CM4F/portmacro.h **** 		return ucReturn;
 3924              		.loc 2 134 3
 3925 0022 FB68     		ldr	r3, [r7, #12]
 3926              		.syntax unified
 3927              	@ 134 "System/FreeRTOS/portable/GCC/ARM_CM4F/portmacro.h" 1
 3928 0024 B3FA83F3 		clz r3, r3
 3929              	@ 0 "" 2
 3930              		.thumb
 3931              		.syntax unified
 3932 0028 FB72     		strb	r3, [r7, #11]
 135:System/FreeRTOS/portable/GCC/ARM_CM4F/portmacro.h **** 	}
 3933              		.loc 2 135 10
 3934 002a FB7A     		ldrb	r3, [r7, #11]	@ zero_extendqisi2
 3935              	.LBE184:
 3936              	.LBE183:
3048:System/FreeRTOS/tasks.c **** 		traceTASK_SWITCHED_IN();
 3937              		.loc 1 3048 3
 3938 002c C3F11F03 		rsb	r3, r3, #31
 3939 0030 7B61     		str	r3, [r7, #20]
 3940 0032 1F49     		ldr	r1, .L241+12
 3941 0034 7A69     		ldr	r2, [r7, #20]
 3942 0036 1346     		mov	r3, r2
 3943 0038 9B00     		lsls	r3, r3, #2
 3944 003a 1344     		add	r3, r3, r2
 3945 003c 9B00     		lsls	r3, r3, #2
 3946 003e 0B44     		add	r3, r3, r1
 3947 0040 1B68     		ldr	r3, [r3]
 3948 0042 002B     		cmp	r3, #0
 3949 0044 0AD1     		bne	.L237
 3950              	.LBB185:
 3951              	.LBB186:
 195:System/FreeRTOS/portable/GCC/ARM_CM4F/portmacro.h **** 	(
 3952              		.loc 2 195 2
 3953              		.syntax unified
 3954              	@ 195 "System/FreeRTOS/portable/GCC/ARM_CM4F/portmacro.h" 1
ARM GAS  C:\Users\HUAV\AppData\Local\Temp\ccerV99a.s 			page 128


 3955 0046 4FF05003 			mov r3, #80												
 3956 004a 83F31188 		msr basepri, r3											
 3957 004e BFF36F8F 		isb														
 3958 0052 BFF34F8F 		dsb														
 3959              	
 3960              	@ 0 "" 2
 3961              		.thumb
 3962              		.syntax unified
 3963 0056 7B60     		str	r3, [r7, #4]
 203:System/FreeRTOS/portable/GCC/ARM_CM4F/portmacro.h **** 
 3964              		.loc 2 203 1
 3965 0058 00BF     		nop
 3966              	.L238:
 3967              	.LBE186:
 3968              	.LBE185:
3048:System/FreeRTOS/tasks.c **** 		traceTASK_SWITCHED_IN();
 3969              		.loc 1 3048 3 discriminator 1
 3970 005a FEE7     		b	.L238
 3971              	.L237:
 3972              	.LBB187:
3048:System/FreeRTOS/tasks.c **** 		traceTASK_SWITCHED_IN();
 3973              		.loc 1 3048 3 is_stmt 0 discriminator 2
 3974 005c 7A69     		ldr	r2, [r7, #20]
 3975 005e 1346     		mov	r3, r2
 3976 0060 9B00     		lsls	r3, r3, #2
 3977 0062 1344     		add	r3, r3, r2
 3978 0064 9B00     		lsls	r3, r3, #2
 3979 0066 124A     		ldr	r2, .L241+12
 3980 0068 1344     		add	r3, r3, r2
 3981 006a 3B61     		str	r3, [r7, #16]
 3982 006c 3B69     		ldr	r3, [r7, #16]
 3983 006e 5B68     		ldr	r3, [r3, #4]
 3984 0070 5A68     		ldr	r2, [r3, #4]
 3985 0072 3B69     		ldr	r3, [r7, #16]
 3986 0074 5A60     		str	r2, [r3, #4]
 3987 0076 3B69     		ldr	r3, [r7, #16]
 3988 0078 5A68     		ldr	r2, [r3, #4]
 3989 007a 3B69     		ldr	r3, [r7, #16]
 3990 007c 0833     		adds	r3, r3, #8
 3991 007e 9A42     		cmp	r2, r3
 3992 0080 04D1     		bne	.L239
3048:System/FreeRTOS/tasks.c **** 		traceTASK_SWITCHED_IN();
 3993              		.loc 1 3048 3 discriminator 3
 3994 0082 3B69     		ldr	r3, [r7, #16]
 3995 0084 5B68     		ldr	r3, [r3, #4]
 3996 0086 5A68     		ldr	r2, [r3, #4]
 3997 0088 3B69     		ldr	r3, [r7, #16]
 3998 008a 5A60     		str	r2, [r3, #4]
 3999              	.L239:
3048:System/FreeRTOS/tasks.c **** 		traceTASK_SWITCHED_IN();
 4000              		.loc 1 3048 3 discriminator 5
 4001 008c 3B69     		ldr	r3, [r7, #16]
 4002 008e 5B68     		ldr	r3, [r3, #4]
 4003 0090 DB68     		ldr	r3, [r3, #12]
 4004 0092 084A     		ldr	r2, .L241+16
 4005 0094 1360     		str	r3, [r2]
 4006              	.L240:
ARM GAS  C:\Users\HUAV\AppData\Local\Temp\ccerV99a.s 			page 129


 4007              	.LBE187:
 4008              	.LBE182:
 4009              		.loc 1 3068 1 is_stmt 1
 4010 0096 00BF     		nop
 4011 0098 1C37     		adds	r7, r7, #28
 4012              	.LCFI134:
 4013              		.cfi_def_cfa_offset 4
 4014 009a BD46     		mov	sp, r7
 4015              	.LCFI135:
 4016              		.cfi_def_cfa_register 13
 4017              		@ sp needed
 4018 009c 5DF8047B 		ldr	r7, [sp], #4
 4019              	.LCFI136:
 4020              		.cfi_restore 7
 4021              		.cfi_def_cfa_offset 0
 4022 00a0 7047     		bx	lr
 4023              	.L242:
 4024 00a2 00BF     		.align	2
 4025              	.L241:
 4026 00a4 00000000 		.word	uxSchedulerSuspended
 4027 00a8 00000000 		.word	xYieldPending
 4028 00ac 00000000 		.word	uxTopReadyPriority
 4029 00b0 00000000 		.word	pxReadyTasksLists
 4030 00b4 00000000 		.word	pxCurrentTCB
 4031              		.cfi_endproc
 4032              	.LFE31:
 4034              		.section	.text.vTaskPlaceOnEventList,"ax",%progbits
 4035              		.align	1
 4036              		.global	vTaskPlaceOnEventList
 4037              		.syntax unified
 4038              		.thumb
 4039              		.thumb_func
 4041              	vTaskPlaceOnEventList:
 4042              	.LFB32:
3069:System/FreeRTOS/tasks.c **** /*-----------------------------------------------------------*/
3070:System/FreeRTOS/tasks.c **** 
3071:System/FreeRTOS/tasks.c **** void vTaskPlaceOnEventList( List_t * const pxEventList, const TickType_t xTicksToWait )
3072:System/FreeRTOS/tasks.c **** {
 4043              		.loc 1 3072 1
 4044              		.cfi_startproc
 4045              		@ args = 0, pretend = 0, frame = 16
 4046              		@ frame_needed = 1, uses_anonymous_args = 0
 4047 0000 80B5     		push	{r7, lr}
 4048              	.LCFI137:
 4049              		.cfi_def_cfa_offset 8
 4050              		.cfi_offset 7, -8
 4051              		.cfi_offset 14, -4
 4052 0002 84B0     		sub	sp, sp, #16
 4053              	.LCFI138:
 4054              		.cfi_def_cfa_offset 24
 4055 0004 00AF     		add	r7, sp, #0
 4056              	.LCFI139:
 4057              		.cfi_def_cfa_register 7
 4058 0006 7860     		str	r0, [r7, #4]
 4059 0008 3960     		str	r1, [r7]
3073:System/FreeRTOS/tasks.c **** 	configASSERT( pxEventList );
 4060              		.loc 1 3073 2
ARM GAS  C:\Users\HUAV\AppData\Local\Temp\ccerV99a.s 			page 130


 4061 000a 7B68     		ldr	r3, [r7, #4]
 4062 000c 002B     		cmp	r3, #0
 4063 000e 0AD1     		bne	.L244
 4064              	.LBB188:
 4065              	.LBB189:
 195:System/FreeRTOS/portable/GCC/ARM_CM4F/portmacro.h **** 	(
 4066              		.loc 2 195 2
 4067              		.syntax unified
 4068              	@ 195 "System/FreeRTOS/portable/GCC/ARM_CM4F/portmacro.h" 1
 4069 0010 4FF05003 			mov r3, #80												
 4070 0014 83F31188 		msr basepri, r3											
 4071 0018 BFF36F8F 		isb														
 4072 001c BFF34F8F 		dsb														
 4073              	
 4074              	@ 0 "" 2
 4075              		.thumb
 4076              		.syntax unified
 4077 0020 FB60     		str	r3, [r7, #12]
 203:System/FreeRTOS/portable/GCC/ARM_CM4F/portmacro.h **** 
 4078              		.loc 2 203 1
 4079 0022 00BF     		nop
 4080              	.L245:
 4081              	.LBE189:
 4082              	.LBE188:
 4083              		.loc 1 3073 2 discriminator 1
 4084 0024 FEE7     		b	.L245
 4085              	.L244:
3074:System/FreeRTOS/tasks.c **** 
3075:System/FreeRTOS/tasks.c **** 	/* THIS FUNCTION MUST BE CALLED WITH EITHER INTERRUPTS DISABLED OR THE
3076:System/FreeRTOS/tasks.c **** 	SCHEDULER SUSPENDED AND THE QUEUE BEING ACCESSED LOCKED. */
3077:System/FreeRTOS/tasks.c **** 
3078:System/FreeRTOS/tasks.c **** 	/* Place the event list item of the TCB in the appropriate event list.
3079:System/FreeRTOS/tasks.c **** 	This is placed in the list in priority order so the highest priority task
3080:System/FreeRTOS/tasks.c **** 	is the first to be woken by the event.  The queue that contains the event
3081:System/FreeRTOS/tasks.c **** 	list is locked, preventing simultaneous access from interrupts. */
3082:System/FreeRTOS/tasks.c **** 	vListInsert( pxEventList, &( pxCurrentTCB->xEventListItem ) );
 4086              		.loc 1 3082 43
 4087 0026 074B     		ldr	r3, .L246
 4088 0028 1B68     		ldr	r3, [r3]
 4089              		.loc 1 3082 2
 4090 002a 1833     		adds	r3, r3, #24
 4091 002c 1946     		mov	r1, r3
 4092 002e 7868     		ldr	r0, [r7, #4]
 4093 0030 FFF7FEFF 		bl	vListInsert
3083:System/FreeRTOS/tasks.c **** 
3084:System/FreeRTOS/tasks.c **** 	prvAddCurrentTaskToDelayedList( xTicksToWait, pdTRUE );
 4094              		.loc 1 3084 2
 4095 0034 0121     		movs	r1, #1
 4096 0036 3868     		ldr	r0, [r7]
 4097 0038 FFF7FEFF 		bl	prvAddCurrentTaskToDelayedList
3085:System/FreeRTOS/tasks.c **** }
 4098              		.loc 1 3085 1
 4099 003c 00BF     		nop
 4100 003e 1037     		adds	r7, r7, #16
 4101              	.LCFI140:
 4102              		.cfi_def_cfa_offset 8
 4103 0040 BD46     		mov	sp, r7
ARM GAS  C:\Users\HUAV\AppData\Local\Temp\ccerV99a.s 			page 131


 4104              	.LCFI141:
 4105              		.cfi_def_cfa_register 13
 4106              		@ sp needed
 4107 0042 80BD     		pop	{r7, pc}
 4108              	.L247:
 4109              		.align	2
 4110              	.L246:
 4111 0044 00000000 		.word	pxCurrentTCB
 4112              		.cfi_endproc
 4113              	.LFE32:
 4115              		.section	.text.vTaskPlaceOnUnorderedEventList,"ax",%progbits
 4116              		.align	1
 4117              		.global	vTaskPlaceOnUnorderedEventList
 4118              		.syntax unified
 4119              		.thumb
 4120              		.thumb_func
 4122              	vTaskPlaceOnUnorderedEventList:
 4123              	.LFB33:
3086:System/FreeRTOS/tasks.c **** /*-----------------------------------------------------------*/
3087:System/FreeRTOS/tasks.c **** 
3088:System/FreeRTOS/tasks.c **** void vTaskPlaceOnUnorderedEventList( List_t * pxEventList, const TickType_t xItemValue, const TickT
3089:System/FreeRTOS/tasks.c **** {
 4124              		.loc 1 3089 1
 4125              		.cfi_startproc
 4126              		@ args = 0, pretend = 0, frame = 24
 4127              		@ frame_needed = 1, uses_anonymous_args = 0
 4128 0000 80B5     		push	{r7, lr}
 4129              	.LCFI142:
 4130              		.cfi_def_cfa_offset 8
 4131              		.cfi_offset 7, -8
 4132              		.cfi_offset 14, -4
 4133 0002 86B0     		sub	sp, sp, #24
 4134              	.LCFI143:
 4135              		.cfi_def_cfa_offset 32
 4136 0004 00AF     		add	r7, sp, #0
 4137              	.LCFI144:
 4138              		.cfi_def_cfa_register 7
 4139 0006 F860     		str	r0, [r7, #12]
 4140 0008 B960     		str	r1, [r7, #8]
 4141 000a 7A60     		str	r2, [r7, #4]
3090:System/FreeRTOS/tasks.c **** 	configASSERT( pxEventList );
 4142              		.loc 1 3090 2
 4143 000c FB68     		ldr	r3, [r7, #12]
 4144 000e 002B     		cmp	r3, #0
 4145 0010 0AD1     		bne	.L249
 4146              	.LBB190:
 4147              	.LBB191:
 195:System/FreeRTOS/portable/GCC/ARM_CM4F/portmacro.h **** 	(
 4148              		.loc 2 195 2
 4149              		.syntax unified
 4150              	@ 195 "System/FreeRTOS/portable/GCC/ARM_CM4F/portmacro.h" 1
 4151 0012 4FF05003 			mov r3, #80												
 4152 0016 83F31188 		msr basepri, r3											
 4153 001a BFF36F8F 		isb														
 4154 001e BFF34F8F 		dsb														
 4155              	
 4156              	@ 0 "" 2
ARM GAS  C:\Users\HUAV\AppData\Local\Temp\ccerV99a.s 			page 132


 4157              		.thumb
 4158              		.syntax unified
 4159 0022 7B61     		str	r3, [r7, #20]
 203:System/FreeRTOS/portable/GCC/ARM_CM4F/portmacro.h **** 
 4160              		.loc 2 203 1
 4161 0024 00BF     		nop
 4162              	.L250:
 4163              	.LBE191:
 4164              	.LBE190:
 4165              		.loc 1 3090 2 discriminator 1
 4166 0026 FEE7     		b	.L250
 4167              	.L249:
3091:System/FreeRTOS/tasks.c **** 
3092:System/FreeRTOS/tasks.c **** 	/* THIS FUNCTION MUST BE CALLED WITH THE SCHEDULER SUSPENDED.  It is used by
3093:System/FreeRTOS/tasks.c **** 	the event groups implementation. */
3094:System/FreeRTOS/tasks.c **** 	configASSERT( uxSchedulerSuspended != 0 );
 4168              		.loc 1 3094 2
 4169 0028 114B     		ldr	r3, .L253
 4170 002a 1B68     		ldr	r3, [r3]
 4171 002c 002B     		cmp	r3, #0
 4172 002e 0AD1     		bne	.L251
 4173              	.LBB192:
 4174              	.LBB193:
 195:System/FreeRTOS/portable/GCC/ARM_CM4F/portmacro.h **** 	(
 4175              		.loc 2 195 2
 4176              		.syntax unified
 4177              	@ 195 "System/FreeRTOS/portable/GCC/ARM_CM4F/portmacro.h" 1
 4178 0030 4FF05003 			mov r3, #80												
 4179 0034 83F31188 		msr basepri, r3											
 4180 0038 BFF36F8F 		isb														
 4181 003c BFF34F8F 		dsb														
 4182              	
 4183              	@ 0 "" 2
 4184              		.thumb
 4185              		.syntax unified
 4186 0040 3B61     		str	r3, [r7, #16]
 203:System/FreeRTOS/portable/GCC/ARM_CM4F/portmacro.h **** 
 4187              		.loc 2 203 1
 4188 0042 00BF     		nop
 4189              	.L252:
 4190              	.LBE193:
 4191              	.LBE192:
 4192              		.loc 1 3094 2 discriminator 2
 4193 0044 FEE7     		b	.L252
 4194              	.L251:
3095:System/FreeRTOS/tasks.c **** 
3096:System/FreeRTOS/tasks.c **** 	/* Store the item value in the event list item.  It is safe to access the
3097:System/FreeRTOS/tasks.c **** 	event list item here as interrupts won't access the event list item of a
3098:System/FreeRTOS/tasks.c **** 	task that is not in the Blocked state. */
3099:System/FreeRTOS/tasks.c **** 	listSET_LIST_ITEM_VALUE( &( pxCurrentTCB->xEventListItem ), xItemValue | taskEVENT_LIST_ITEM_VALUE
 4195              		.loc 1 3099 2
 4196 0046 0B4B     		ldr	r3, .L253+4
 4197 0048 1B68     		ldr	r3, [r3]
 4198 004a BA68     		ldr	r2, [r7, #8]
 4199 004c 42F00042 		orr	r2, r2, #-2147483648
 4200 0050 9A61     		str	r2, [r3, #24]
3100:System/FreeRTOS/tasks.c **** 
ARM GAS  C:\Users\HUAV\AppData\Local\Temp\ccerV99a.s 			page 133


3101:System/FreeRTOS/tasks.c **** 	/* Place the event list item of the TCB at the end of the appropriate event
3102:System/FreeRTOS/tasks.c **** 	list.  It is safe to access the event list here because it is part of an
3103:System/FreeRTOS/tasks.c **** 	event group implementation - and interrupts don't access event groups
3104:System/FreeRTOS/tasks.c **** 	directly (instead they access them indirectly by pending function calls to
3105:System/FreeRTOS/tasks.c **** 	the task level). */
3106:System/FreeRTOS/tasks.c **** 	vListInsertEnd( pxEventList, &( pxCurrentTCB->xEventListItem ) );
 4201              		.loc 1 3106 46
 4202 0052 084B     		ldr	r3, .L253+4
 4203 0054 1B68     		ldr	r3, [r3]
 4204              		.loc 1 3106 2
 4205 0056 1833     		adds	r3, r3, #24
 4206 0058 1946     		mov	r1, r3
 4207 005a F868     		ldr	r0, [r7, #12]
 4208 005c FFF7FEFF 		bl	vListInsertEnd
3107:System/FreeRTOS/tasks.c **** 
3108:System/FreeRTOS/tasks.c **** 	prvAddCurrentTaskToDelayedList( xTicksToWait, pdTRUE );
 4209              		.loc 1 3108 2
 4210 0060 0121     		movs	r1, #1
 4211 0062 7868     		ldr	r0, [r7, #4]
 4212 0064 FFF7FEFF 		bl	prvAddCurrentTaskToDelayedList
3109:System/FreeRTOS/tasks.c **** }
 4213              		.loc 1 3109 1
 4214 0068 00BF     		nop
 4215 006a 1837     		adds	r7, r7, #24
 4216              	.LCFI145:
 4217              		.cfi_def_cfa_offset 8
 4218 006c BD46     		mov	sp, r7
 4219              	.LCFI146:
 4220              		.cfi_def_cfa_register 13
 4221              		@ sp needed
 4222 006e 80BD     		pop	{r7, pc}
 4223              	.L254:
 4224              		.align	2
 4225              	.L253:
 4226 0070 00000000 		.word	uxSchedulerSuspended
 4227 0074 00000000 		.word	pxCurrentTCB
 4228              		.cfi_endproc
 4229              	.LFE33:
 4231              		.section	.text.xTaskRemoveFromEventList,"ax",%progbits
 4232              		.align	1
 4233              		.global	xTaskRemoveFromEventList
 4234              		.syntax unified
 4235              		.thumb
 4236              		.thumb_func
 4238              	xTaskRemoveFromEventList:
 4239              	.LFB34:
3110:System/FreeRTOS/tasks.c **** /*-----------------------------------------------------------*/
3111:System/FreeRTOS/tasks.c **** 
3112:System/FreeRTOS/tasks.c **** #if( configUSE_TIMERS == 1 )
3113:System/FreeRTOS/tasks.c **** 
3114:System/FreeRTOS/tasks.c **** 	void vTaskPlaceOnEventListRestricted( List_t * const pxEventList, TickType_t xTicksToWait, const B
3115:System/FreeRTOS/tasks.c **** 	{
3116:System/FreeRTOS/tasks.c **** 		configASSERT( pxEventList );
3117:System/FreeRTOS/tasks.c **** 
3118:System/FreeRTOS/tasks.c **** 		/* This function should not be called by application code hence the
3119:System/FreeRTOS/tasks.c **** 		'Restricted' in its name.  It is not part of the public API.  It is
3120:System/FreeRTOS/tasks.c **** 		designed for use by kernel code, and has special calling requirements -
ARM GAS  C:\Users\HUAV\AppData\Local\Temp\ccerV99a.s 			page 134


3121:System/FreeRTOS/tasks.c **** 		it should be called with the scheduler suspended. */
3122:System/FreeRTOS/tasks.c **** 
3123:System/FreeRTOS/tasks.c **** 
3124:System/FreeRTOS/tasks.c **** 		/* Place the event list item of the TCB in the appropriate event list.
3125:System/FreeRTOS/tasks.c **** 		In this case it is assume that this is the only task that is going to
3126:System/FreeRTOS/tasks.c **** 		be waiting on this event list, so the faster vListInsertEnd() function
3127:System/FreeRTOS/tasks.c **** 		can be used in place of vListInsert. */
3128:System/FreeRTOS/tasks.c **** 		vListInsertEnd( pxEventList, &( pxCurrentTCB->xEventListItem ) );
3129:System/FreeRTOS/tasks.c **** 
3130:System/FreeRTOS/tasks.c **** 		/* If the task should block indefinitely then set the block time to a
3131:System/FreeRTOS/tasks.c **** 		value that will be recognised as an indefinite delay inside the
3132:System/FreeRTOS/tasks.c **** 		prvAddCurrentTaskToDelayedList() function. */
3133:System/FreeRTOS/tasks.c **** 		if( xWaitIndefinitely != pdFALSE )
3134:System/FreeRTOS/tasks.c **** 		{
3135:System/FreeRTOS/tasks.c **** 			xTicksToWait = portMAX_DELAY;
3136:System/FreeRTOS/tasks.c **** 		}
3137:System/FreeRTOS/tasks.c **** 
3138:System/FreeRTOS/tasks.c **** 		traceTASK_DELAY_UNTIL( ( xTickCount + xTicksToWait ) );
3139:System/FreeRTOS/tasks.c **** 		prvAddCurrentTaskToDelayedList( xTicksToWait, xWaitIndefinitely );
3140:System/FreeRTOS/tasks.c **** 	}
3141:System/FreeRTOS/tasks.c **** 
3142:System/FreeRTOS/tasks.c **** #endif /* configUSE_TIMERS */
3143:System/FreeRTOS/tasks.c **** /*-----------------------------------------------------------*/
3144:System/FreeRTOS/tasks.c **** 
3145:System/FreeRTOS/tasks.c **** BaseType_t xTaskRemoveFromEventList( const List_t * const pxEventList )
3146:System/FreeRTOS/tasks.c **** {
 4240              		.loc 1 3146 1
 4241              		.cfi_startproc
 4242              		@ args = 0, pretend = 0, frame = 24
 4243              		@ frame_needed = 1, uses_anonymous_args = 0
 4244 0000 80B5     		push	{r7, lr}
 4245              	.LCFI147:
 4246              		.cfi_def_cfa_offset 8
 4247              		.cfi_offset 7, -8
 4248              		.cfi_offset 14, -4
 4249 0002 86B0     		sub	sp, sp, #24
 4250              	.LCFI148:
 4251              		.cfi_def_cfa_offset 32
 4252 0004 00AF     		add	r7, sp, #0
 4253              	.LCFI149:
 4254              		.cfi_def_cfa_register 7
 4255 0006 7860     		str	r0, [r7, #4]
3147:System/FreeRTOS/tasks.c **** TCB_t *pxUnblockedTCB;
3148:System/FreeRTOS/tasks.c **** BaseType_t xReturn;
3149:System/FreeRTOS/tasks.c **** 
3150:System/FreeRTOS/tasks.c **** 	/* THIS FUNCTION MUST BE CALLED FROM A CRITICAL SECTION.  It can also be
3151:System/FreeRTOS/tasks.c **** 	called from a critical section within an ISR. */
3152:System/FreeRTOS/tasks.c **** 
3153:System/FreeRTOS/tasks.c **** 	/* The event list is sorted in priority order, so the first in the list can
3154:System/FreeRTOS/tasks.c **** 	be removed as it is known to be the highest priority.  Remove the TCB from
3155:System/FreeRTOS/tasks.c **** 	the delayed list, and add it to the ready list.
3156:System/FreeRTOS/tasks.c **** 
3157:System/FreeRTOS/tasks.c **** 	If an event is for a queue that is locked then this function will never
3158:System/FreeRTOS/tasks.c **** 	get called - the lock count on the queue will get modified instead.  This
3159:System/FreeRTOS/tasks.c **** 	means exclusive access to the event list is guaranteed here.
3160:System/FreeRTOS/tasks.c **** 
3161:System/FreeRTOS/tasks.c **** 	This function assumes that a check has already been made to ensure that
ARM GAS  C:\Users\HUAV\AppData\Local\Temp\ccerV99a.s 			page 135


3162:System/FreeRTOS/tasks.c **** 	pxEventList is not empty. */
3163:System/FreeRTOS/tasks.c **** 	pxUnblockedTCB = listGET_OWNER_OF_HEAD_ENTRY( pxEventList ); /*lint !e9079 void * is used as this 
 4256              		.loc 1 3163 19
 4257 0008 7B68     		ldr	r3, [r7, #4]
 4258 000a DB68     		ldr	r3, [r3, #12]
 4259              		.loc 1 3163 17
 4260 000c DB68     		ldr	r3, [r3, #12]
 4261 000e 3B61     		str	r3, [r7, #16]
3164:System/FreeRTOS/tasks.c **** 	configASSERT( pxUnblockedTCB );
 4262              		.loc 1 3164 2
 4263 0010 3B69     		ldr	r3, [r7, #16]
 4264 0012 002B     		cmp	r3, #0
 4265 0014 0AD1     		bne	.L256
 4266              	.LBB194:
 4267              	.LBB195:
 195:System/FreeRTOS/portable/GCC/ARM_CM4F/portmacro.h **** 	(
 4268              		.loc 2 195 2
 4269              		.syntax unified
 4270              	@ 195 "System/FreeRTOS/portable/GCC/ARM_CM4F/portmacro.h" 1
 4271 0016 4FF05003 			mov r3, #80												
 4272 001a 83F31188 		msr basepri, r3											
 4273 001e BFF36F8F 		isb														
 4274 0022 BFF34F8F 		dsb														
 4275              	
 4276              	@ 0 "" 2
 4277              		.thumb
 4278              		.syntax unified
 4279 0026 FB60     		str	r3, [r7, #12]
 203:System/FreeRTOS/portable/GCC/ARM_CM4F/portmacro.h **** 
 4280              		.loc 2 203 1
 4281 0028 00BF     		nop
 4282              	.L257:
 4283              	.LBE195:
 4284              	.LBE194:
 4285              		.loc 1 3164 2 discriminator 1
 4286 002a FEE7     		b	.L257
 4287              	.L256:
3165:System/FreeRTOS/tasks.c **** 	( void ) uxListRemove( &( pxUnblockedTCB->xEventListItem ) );
 4288              		.loc 1 3165 11
 4289 002c 3B69     		ldr	r3, [r7, #16]
 4290 002e 1833     		adds	r3, r3, #24
 4291 0030 1846     		mov	r0, r3
 4292 0032 FFF7FEFF 		bl	uxListRemove
3166:System/FreeRTOS/tasks.c **** 
3167:System/FreeRTOS/tasks.c **** 	if( uxSchedulerSuspended == ( UBaseType_t ) pdFALSE )
 4293              		.loc 1 3167 27
 4294 0036 1D4B     		ldr	r3, .L263
 4295 0038 1B68     		ldr	r3, [r3]
 4296              		.loc 1 3167 4
 4297 003a 002B     		cmp	r3, #0
 4298 003c 1CD1     		bne	.L258
3168:System/FreeRTOS/tasks.c **** 	{
3169:System/FreeRTOS/tasks.c **** 		( void ) uxListRemove( &( pxUnblockedTCB->xStateListItem ) );
 4299              		.loc 1 3169 12
 4300 003e 3B69     		ldr	r3, [r7, #16]
 4301 0040 0433     		adds	r3, r3, #4
 4302 0042 1846     		mov	r0, r3
ARM GAS  C:\Users\HUAV\AppData\Local\Temp\ccerV99a.s 			page 136


 4303 0044 FFF7FEFF 		bl	uxListRemove
3170:System/FreeRTOS/tasks.c **** 		prvAddTaskToReadyList( pxUnblockedTCB );
 4304              		.loc 1 3170 3
 4305 0048 3B69     		ldr	r3, [r7, #16]
 4306 004a DB6A     		ldr	r3, [r3, #44]
 4307 004c 0122     		movs	r2, #1
 4308 004e 9A40     		lsls	r2, r2, r3
 4309 0050 174B     		ldr	r3, .L263+4
 4310 0052 1B68     		ldr	r3, [r3]
 4311 0054 1343     		orrs	r3, r3, r2
 4312 0056 164A     		ldr	r2, .L263+4
 4313 0058 1360     		str	r3, [r2]
 4314 005a 3B69     		ldr	r3, [r7, #16]
 4315 005c DA6A     		ldr	r2, [r3, #44]
 4316 005e 1346     		mov	r3, r2
 4317 0060 9B00     		lsls	r3, r3, #2
 4318 0062 1344     		add	r3, r3, r2
 4319 0064 9B00     		lsls	r3, r3, #2
 4320 0066 134A     		ldr	r2, .L263+8
 4321 0068 1A44     		add	r2, r2, r3
 4322 006a 3B69     		ldr	r3, [r7, #16]
 4323 006c 0433     		adds	r3, r3, #4
 4324 006e 1946     		mov	r1, r3
 4325 0070 1046     		mov	r0, r2
 4326 0072 FFF7FEFF 		bl	vListInsertEnd
 4327 0076 05E0     		b	.L259
 4328              	.L258:
3171:System/FreeRTOS/tasks.c **** 
3172:System/FreeRTOS/tasks.c **** 		#if( configUSE_TICKLESS_IDLE != 0 )
3173:System/FreeRTOS/tasks.c **** 		{
3174:System/FreeRTOS/tasks.c **** 			/* If a task is blocked on a kernel object then xNextTaskUnblockTime
3175:System/FreeRTOS/tasks.c **** 			might be set to the blocked task's time out time.  If the task is
3176:System/FreeRTOS/tasks.c **** 			unblocked for a reason other than a timeout xNextTaskUnblockTime is
3177:System/FreeRTOS/tasks.c **** 			normally left unchanged, because it is automatically reset to a new
3178:System/FreeRTOS/tasks.c **** 			value when the tick count equals xNextTaskUnblockTime.  However if
3179:System/FreeRTOS/tasks.c **** 			tickless idling is used it might be more important to enter sleep mode
3180:System/FreeRTOS/tasks.c **** 			at the earliest possible time - so reset xNextTaskUnblockTime here to
3181:System/FreeRTOS/tasks.c **** 			ensure it is updated at the earliest possible time. */
3182:System/FreeRTOS/tasks.c **** 			prvResetNextTaskUnblockTime();
3183:System/FreeRTOS/tasks.c **** 		}
3184:System/FreeRTOS/tasks.c **** 		#endif
3185:System/FreeRTOS/tasks.c **** 	}
3186:System/FreeRTOS/tasks.c **** 	else
3187:System/FreeRTOS/tasks.c **** 	{
3188:System/FreeRTOS/tasks.c **** 		/* The delayed and ready lists cannot be accessed, so hold this task
3189:System/FreeRTOS/tasks.c **** 		pending until the scheduler is resumed. */
3190:System/FreeRTOS/tasks.c **** 		vListInsertEnd( &( xPendingReadyList ), &( pxUnblockedTCB->xEventListItem ) );
 4329              		.loc 1 3190 3
 4330 0078 3B69     		ldr	r3, [r7, #16]
 4331 007a 1833     		adds	r3, r3, #24
 4332 007c 1946     		mov	r1, r3
 4333 007e 0E48     		ldr	r0, .L263+12
 4334 0080 FFF7FEFF 		bl	vListInsertEnd
 4335              	.L259:
3191:System/FreeRTOS/tasks.c **** 	}
3192:System/FreeRTOS/tasks.c **** 
3193:System/FreeRTOS/tasks.c **** 	if( pxUnblockedTCB->uxPriority > pxCurrentTCB->uxPriority )
ARM GAS  C:\Users\HUAV\AppData\Local\Temp\ccerV99a.s 			page 137


 4336              		.loc 1 3193 20
 4337 0084 3B69     		ldr	r3, [r7, #16]
 4338 0086 DA6A     		ldr	r2, [r3, #44]
 4339              		.loc 1 3193 47
 4340 0088 0C4B     		ldr	r3, .L263+16
 4341 008a 1B68     		ldr	r3, [r3]
 4342 008c DB6A     		ldr	r3, [r3, #44]
 4343              		.loc 1 3193 4
 4344 008e 9A42     		cmp	r2, r3
 4345 0090 05D9     		bls	.L260
3194:System/FreeRTOS/tasks.c **** 	{
3195:System/FreeRTOS/tasks.c **** 		/* Return true if the task removed from the event list has a higher
3196:System/FreeRTOS/tasks.c **** 		priority than the calling task.  This allows the calling task to know if
3197:System/FreeRTOS/tasks.c **** 		it should force a context switch now. */
3198:System/FreeRTOS/tasks.c **** 		xReturn = pdTRUE;
 4346              		.loc 1 3198 11
 4347 0092 0123     		movs	r3, #1
 4348 0094 7B61     		str	r3, [r7, #20]
3199:System/FreeRTOS/tasks.c **** 
3200:System/FreeRTOS/tasks.c **** 		/* Mark that a yield is pending in case the user is not using the
3201:System/FreeRTOS/tasks.c **** 		"xHigherPriorityTaskWoken" parameter to an ISR safe FreeRTOS function. */
3202:System/FreeRTOS/tasks.c **** 		xYieldPending = pdTRUE;
 4349              		.loc 1 3202 17
 4350 0096 0A4B     		ldr	r3, .L263+20
 4351 0098 0122     		movs	r2, #1
 4352 009a 1A60     		str	r2, [r3]
 4353 009c 01E0     		b	.L261
 4354              	.L260:
3203:System/FreeRTOS/tasks.c **** 	}
3204:System/FreeRTOS/tasks.c **** 	else
3205:System/FreeRTOS/tasks.c **** 	{
3206:System/FreeRTOS/tasks.c **** 		xReturn = pdFALSE;
 4355              		.loc 1 3206 11
 4356 009e 0023     		movs	r3, #0
 4357 00a0 7B61     		str	r3, [r7, #20]
 4358              	.L261:
3207:System/FreeRTOS/tasks.c **** 	}
3208:System/FreeRTOS/tasks.c **** 
3209:System/FreeRTOS/tasks.c **** 	return xReturn;
 4359              		.loc 1 3209 9
 4360 00a2 7B69     		ldr	r3, [r7, #20]
3210:System/FreeRTOS/tasks.c **** }
 4361              		.loc 1 3210 1
 4362 00a4 1846     		mov	r0, r3
 4363 00a6 1837     		adds	r7, r7, #24
 4364              	.LCFI150:
 4365              		.cfi_def_cfa_offset 8
 4366 00a8 BD46     		mov	sp, r7
 4367              	.LCFI151:
 4368              		.cfi_def_cfa_register 13
 4369              		@ sp needed
 4370 00aa 80BD     		pop	{r7, pc}
 4371              	.L264:
 4372              		.align	2
 4373              	.L263:
 4374 00ac 00000000 		.word	uxSchedulerSuspended
 4375 00b0 00000000 		.word	uxTopReadyPriority
ARM GAS  C:\Users\HUAV\AppData\Local\Temp\ccerV99a.s 			page 138


 4376 00b4 00000000 		.word	pxReadyTasksLists
 4377 00b8 00000000 		.word	xPendingReadyList
 4378 00bc 00000000 		.word	pxCurrentTCB
 4379 00c0 00000000 		.word	xYieldPending
 4380              		.cfi_endproc
 4381              	.LFE34:
 4383              		.section	.text.vTaskRemoveFromUnorderedEventList,"ax",%progbits
 4384              		.align	1
 4385              		.global	vTaskRemoveFromUnorderedEventList
 4386              		.syntax unified
 4387              		.thumb
 4388              		.thumb_func
 4390              	vTaskRemoveFromUnorderedEventList:
 4391              	.LFB35:
3211:System/FreeRTOS/tasks.c **** /*-----------------------------------------------------------*/
3212:System/FreeRTOS/tasks.c **** 
3213:System/FreeRTOS/tasks.c **** void vTaskRemoveFromUnorderedEventList( ListItem_t * pxEventListItem, const TickType_t xItemValue )
3214:System/FreeRTOS/tasks.c **** {
 4392              		.loc 1 3214 1
 4393              		.cfi_startproc
 4394              		@ args = 0, pretend = 0, frame = 24
 4395              		@ frame_needed = 1, uses_anonymous_args = 0
 4396 0000 80B5     		push	{r7, lr}
 4397              	.LCFI152:
 4398              		.cfi_def_cfa_offset 8
 4399              		.cfi_offset 7, -8
 4400              		.cfi_offset 14, -4
 4401 0002 86B0     		sub	sp, sp, #24
 4402              	.LCFI153:
 4403              		.cfi_def_cfa_offset 32
 4404 0004 00AF     		add	r7, sp, #0
 4405              	.LCFI154:
 4406              		.cfi_def_cfa_register 7
 4407 0006 7860     		str	r0, [r7, #4]
 4408 0008 3960     		str	r1, [r7]
3215:System/FreeRTOS/tasks.c **** TCB_t *pxUnblockedTCB;
3216:System/FreeRTOS/tasks.c **** 
3217:System/FreeRTOS/tasks.c **** 	/* THIS FUNCTION MUST BE CALLED WITH THE SCHEDULER SUSPENDED.  It is used by
3218:System/FreeRTOS/tasks.c **** 	the event flags implementation. */
3219:System/FreeRTOS/tasks.c **** 	configASSERT( uxSchedulerSuspended != pdFALSE );
 4409              		.loc 1 3219 2
 4410 000a 294B     		ldr	r3, .L272
 4411 000c 1B68     		ldr	r3, [r3]
 4412 000e 002B     		cmp	r3, #0
 4413 0010 0AD1     		bne	.L266
 4414              	.LBB196:
 4415              	.LBB197:
 195:System/FreeRTOS/portable/GCC/ARM_CM4F/portmacro.h **** 	(
 4416              		.loc 2 195 2
 4417              		.syntax unified
 4418              	@ 195 "System/FreeRTOS/portable/GCC/ARM_CM4F/portmacro.h" 1
 4419 0012 4FF05003 			mov r3, #80												
 4420 0016 83F31188 		msr basepri, r3											
 4421 001a BFF36F8F 		isb														
 4422 001e BFF34F8F 		dsb														
 4423              	
 4424              	@ 0 "" 2
ARM GAS  C:\Users\HUAV\AppData\Local\Temp\ccerV99a.s 			page 139


 4425              		.thumb
 4426              		.syntax unified
 4427 0022 3B61     		str	r3, [r7, #16]
 203:System/FreeRTOS/portable/GCC/ARM_CM4F/portmacro.h **** 
 4428              		.loc 2 203 1
 4429 0024 00BF     		nop
 4430              	.L267:
 4431              	.LBE197:
 4432              	.LBE196:
 4433              		.loc 1 3219 2 discriminator 1
 4434 0026 FEE7     		b	.L267
 4435              	.L266:
3220:System/FreeRTOS/tasks.c **** 
3221:System/FreeRTOS/tasks.c **** 	/* Store the new item value in the event list. */
3222:System/FreeRTOS/tasks.c **** 	listSET_LIST_ITEM_VALUE( pxEventListItem, xItemValue | taskEVENT_LIST_ITEM_VALUE_IN_USE );
 4436              		.loc 1 3222 2
 4437 0028 3B68     		ldr	r3, [r7]
 4438 002a 43F00042 		orr	r2, r3, #-2147483648
 4439 002e 7B68     		ldr	r3, [r7, #4]
 4440 0030 1A60     		str	r2, [r3]
3223:System/FreeRTOS/tasks.c **** 
3224:System/FreeRTOS/tasks.c **** 	/* Remove the event list form the event flag.  Interrupts do not access
3225:System/FreeRTOS/tasks.c **** 	event flags. */
3226:System/FreeRTOS/tasks.c **** 	pxUnblockedTCB = listGET_LIST_ITEM_OWNER( pxEventListItem ); /*lint !e9079 void * is used as this 
 4441              		.loc 1 3226 17
 4442 0032 7B68     		ldr	r3, [r7, #4]
 4443 0034 DB68     		ldr	r3, [r3, #12]
 4444 0036 7B61     		str	r3, [r7, #20]
3227:System/FreeRTOS/tasks.c **** 	configASSERT( pxUnblockedTCB );
 4445              		.loc 1 3227 2
 4446 0038 7B69     		ldr	r3, [r7, #20]
 4447 003a 002B     		cmp	r3, #0
 4448 003c 0AD1     		bne	.L268
 4449              	.LBB198:
 4450              	.LBB199:
 195:System/FreeRTOS/portable/GCC/ARM_CM4F/portmacro.h **** 	(
 4451              		.loc 2 195 2
 4452              		.syntax unified
 4453              	@ 195 "System/FreeRTOS/portable/GCC/ARM_CM4F/portmacro.h" 1
 4454 003e 4FF05003 			mov r3, #80												
 4455 0042 83F31188 		msr basepri, r3											
 4456 0046 BFF36F8F 		isb														
 4457 004a BFF34F8F 		dsb														
 4458              	
 4459              	@ 0 "" 2
 4460              		.thumb
 4461              		.syntax unified
 4462 004e FB60     		str	r3, [r7, #12]
 203:System/FreeRTOS/portable/GCC/ARM_CM4F/portmacro.h **** 
 4463              		.loc 2 203 1
 4464 0050 00BF     		nop
 4465              	.L269:
 4466              	.LBE199:
 4467              	.LBE198:
 4468              		.loc 1 3227 2 discriminator 2
 4469 0052 FEE7     		b	.L269
 4470              	.L268:
ARM GAS  C:\Users\HUAV\AppData\Local\Temp\ccerV99a.s 			page 140


3228:System/FreeRTOS/tasks.c **** 	( void ) uxListRemove( pxEventListItem );
 4471              		.loc 1 3228 11
 4472 0054 7868     		ldr	r0, [r7, #4]
 4473 0056 FFF7FEFF 		bl	uxListRemove
3229:System/FreeRTOS/tasks.c **** 
3230:System/FreeRTOS/tasks.c **** 	#if( configUSE_TICKLESS_IDLE != 0 )
3231:System/FreeRTOS/tasks.c **** 	{
3232:System/FreeRTOS/tasks.c **** 		/* If a task is blocked on a kernel object then xNextTaskUnblockTime
3233:System/FreeRTOS/tasks.c **** 		might be set to the blocked task's time out time.  If the task is
3234:System/FreeRTOS/tasks.c **** 		unblocked for a reason other than a timeout xNextTaskUnblockTime is
3235:System/FreeRTOS/tasks.c **** 		normally left unchanged, because it is automatically reset to a new
3236:System/FreeRTOS/tasks.c **** 		value when the tick count equals xNextTaskUnblockTime.  However if
3237:System/FreeRTOS/tasks.c **** 		tickless idling is used it might be more important to enter sleep mode
3238:System/FreeRTOS/tasks.c **** 		at the earliest possible time - so reset xNextTaskUnblockTime here to
3239:System/FreeRTOS/tasks.c **** 		ensure it is updated at the earliest possible time. */
3240:System/FreeRTOS/tasks.c **** 		prvResetNextTaskUnblockTime();
3241:System/FreeRTOS/tasks.c **** 	}
3242:System/FreeRTOS/tasks.c **** 	#endif
3243:System/FreeRTOS/tasks.c **** 
3244:System/FreeRTOS/tasks.c **** 	/* Remove the task from the delayed list and add it to the ready list.  The
3245:System/FreeRTOS/tasks.c **** 	scheduler is suspended so interrupts will not be accessing the ready
3246:System/FreeRTOS/tasks.c **** 	lists. */
3247:System/FreeRTOS/tasks.c **** 	( void ) uxListRemove( &( pxUnblockedTCB->xStateListItem ) );
 4474              		.loc 1 3247 11
 4475 005a 7B69     		ldr	r3, [r7, #20]
 4476 005c 0433     		adds	r3, r3, #4
 4477 005e 1846     		mov	r0, r3
 4478 0060 FFF7FEFF 		bl	uxListRemove
3248:System/FreeRTOS/tasks.c **** 	prvAddTaskToReadyList( pxUnblockedTCB );
 4479              		.loc 1 3248 2
 4480 0064 7B69     		ldr	r3, [r7, #20]
 4481 0066 DB6A     		ldr	r3, [r3, #44]
 4482 0068 0122     		movs	r2, #1
 4483 006a 9A40     		lsls	r2, r2, r3
 4484 006c 114B     		ldr	r3, .L272+4
 4485 006e 1B68     		ldr	r3, [r3]
 4486 0070 1343     		orrs	r3, r3, r2
 4487 0072 104A     		ldr	r2, .L272+4
 4488 0074 1360     		str	r3, [r2]
 4489 0076 7B69     		ldr	r3, [r7, #20]
 4490 0078 DA6A     		ldr	r2, [r3, #44]
 4491 007a 1346     		mov	r3, r2
 4492 007c 9B00     		lsls	r3, r3, #2
 4493 007e 1344     		add	r3, r3, r2
 4494 0080 9B00     		lsls	r3, r3, #2
 4495 0082 0D4A     		ldr	r2, .L272+8
 4496 0084 1A44     		add	r2, r2, r3
 4497 0086 7B69     		ldr	r3, [r7, #20]
 4498 0088 0433     		adds	r3, r3, #4
 4499 008a 1946     		mov	r1, r3
 4500 008c 1046     		mov	r0, r2
 4501 008e FFF7FEFF 		bl	vListInsertEnd
3249:System/FreeRTOS/tasks.c **** 
3250:System/FreeRTOS/tasks.c **** 	if( pxUnblockedTCB->uxPriority > pxCurrentTCB->uxPriority )
 4502              		.loc 1 3250 20
 4503 0092 7B69     		ldr	r3, [r7, #20]
 4504 0094 DA6A     		ldr	r2, [r3, #44]
ARM GAS  C:\Users\HUAV\AppData\Local\Temp\ccerV99a.s 			page 141


 4505              		.loc 1 3250 47
 4506 0096 094B     		ldr	r3, .L272+12
 4507 0098 1B68     		ldr	r3, [r3]
 4508 009a DB6A     		ldr	r3, [r3, #44]
 4509              		.loc 1 3250 4
 4510 009c 9A42     		cmp	r2, r3
 4511 009e 02D9     		bls	.L271
3251:System/FreeRTOS/tasks.c **** 	{
3252:System/FreeRTOS/tasks.c **** 		/* The unblocked task has a priority above that of the calling task, so
3253:System/FreeRTOS/tasks.c **** 		a context switch is required.  This function is called with the
3254:System/FreeRTOS/tasks.c **** 		scheduler suspended so xYieldPending is set so the context switch
3255:System/FreeRTOS/tasks.c **** 		occurs immediately that the scheduler is resumed (unsuspended). */
3256:System/FreeRTOS/tasks.c **** 		xYieldPending = pdTRUE;
 4512              		.loc 1 3256 17
 4513 00a0 074B     		ldr	r3, .L272+16
 4514 00a2 0122     		movs	r2, #1
 4515 00a4 1A60     		str	r2, [r3]
 4516              	.L271:
3257:System/FreeRTOS/tasks.c **** 	}
3258:System/FreeRTOS/tasks.c **** }
 4517              		.loc 1 3258 1
 4518 00a6 00BF     		nop
 4519 00a8 1837     		adds	r7, r7, #24
 4520              	.LCFI155:
 4521              		.cfi_def_cfa_offset 8
 4522 00aa BD46     		mov	sp, r7
 4523              	.LCFI156:
 4524              		.cfi_def_cfa_register 13
 4525              		@ sp needed
 4526 00ac 80BD     		pop	{r7, pc}
 4527              	.L273:
 4528 00ae 00BF     		.align	2
 4529              	.L272:
 4530 00b0 00000000 		.word	uxSchedulerSuspended
 4531 00b4 00000000 		.word	uxTopReadyPriority
 4532 00b8 00000000 		.word	pxReadyTasksLists
 4533 00bc 00000000 		.word	pxCurrentTCB
 4534 00c0 00000000 		.word	xYieldPending
 4535              		.cfi_endproc
 4536              	.LFE35:
 4538              		.section	.text.vTaskSetTimeOutState,"ax",%progbits
 4539              		.align	1
 4540              		.global	vTaskSetTimeOutState
 4541              		.syntax unified
 4542              		.thumb
 4543              		.thumb_func
 4545              	vTaskSetTimeOutState:
 4546              	.LFB36:
3259:System/FreeRTOS/tasks.c **** /*-----------------------------------------------------------*/
3260:System/FreeRTOS/tasks.c **** 
3261:System/FreeRTOS/tasks.c **** void vTaskSetTimeOutState( TimeOut_t * const pxTimeOut )
3262:System/FreeRTOS/tasks.c **** {
 4547              		.loc 1 3262 1
 4548              		.cfi_startproc
 4549              		@ args = 0, pretend = 0, frame = 16
 4550              		@ frame_needed = 1, uses_anonymous_args = 0
 4551 0000 80B5     		push	{r7, lr}
ARM GAS  C:\Users\HUAV\AppData\Local\Temp\ccerV99a.s 			page 142


 4552              	.LCFI157:
 4553              		.cfi_def_cfa_offset 8
 4554              		.cfi_offset 7, -8
 4555              		.cfi_offset 14, -4
 4556 0002 84B0     		sub	sp, sp, #16
 4557              	.LCFI158:
 4558              		.cfi_def_cfa_offset 24
 4559 0004 00AF     		add	r7, sp, #0
 4560              	.LCFI159:
 4561              		.cfi_def_cfa_register 7
 4562 0006 7860     		str	r0, [r7, #4]
3263:System/FreeRTOS/tasks.c **** 	configASSERT( pxTimeOut );
 4563              		.loc 1 3263 2
 4564 0008 7B68     		ldr	r3, [r7, #4]
 4565 000a 002B     		cmp	r3, #0
 4566 000c 0AD1     		bne	.L275
 4567              	.LBB200:
 4568              	.LBB201:
 195:System/FreeRTOS/portable/GCC/ARM_CM4F/portmacro.h **** 	(
 4569              		.loc 2 195 2
 4570              		.syntax unified
 4571              	@ 195 "System/FreeRTOS/portable/GCC/ARM_CM4F/portmacro.h" 1
 4572 000e 4FF05003 			mov r3, #80												
 4573 0012 83F31188 		msr basepri, r3											
 4574 0016 BFF36F8F 		isb														
 4575 001a BFF34F8F 		dsb														
 4576              	
 4577              	@ 0 "" 2
 4578              		.thumb
 4579              		.syntax unified
 4580 001e FB60     		str	r3, [r7, #12]
 203:System/FreeRTOS/portable/GCC/ARM_CM4F/portmacro.h **** 
 4581              		.loc 2 203 1
 4582 0020 00BF     		nop
 4583              	.L276:
 4584              	.LBE201:
 4585              	.LBE200:
 4586              		.loc 1 3263 2 discriminator 1
 4587 0022 FEE7     		b	.L276
 4588              	.L275:
3264:System/FreeRTOS/tasks.c **** 	taskENTER_CRITICAL();
 4589              		.loc 1 3264 2
 4590 0024 FFF7FEFF 		bl	vPortEnterCritical
3265:System/FreeRTOS/tasks.c **** 	{
3266:System/FreeRTOS/tasks.c **** 		pxTimeOut->xOverflowCount = xNumOfOverflows;
 4591              		.loc 1 3266 29
 4592 0028 064B     		ldr	r3, .L277
 4593 002a 1A68     		ldr	r2, [r3]
 4594 002c 7B68     		ldr	r3, [r7, #4]
 4595 002e 1A60     		str	r2, [r3]
3267:System/FreeRTOS/tasks.c **** 		pxTimeOut->xTimeOnEntering = xTickCount;
 4596              		.loc 1 3267 30
 4597 0030 054B     		ldr	r3, .L277+4
 4598 0032 1A68     		ldr	r2, [r3]
 4599 0034 7B68     		ldr	r3, [r7, #4]
 4600 0036 5A60     		str	r2, [r3, #4]
3268:System/FreeRTOS/tasks.c **** 	}
ARM GAS  C:\Users\HUAV\AppData\Local\Temp\ccerV99a.s 			page 143


3269:System/FreeRTOS/tasks.c **** 	taskEXIT_CRITICAL();
 4601              		.loc 1 3269 2
 4602 0038 FFF7FEFF 		bl	vPortExitCritical
3270:System/FreeRTOS/tasks.c **** }
 4603              		.loc 1 3270 1
 4604 003c 00BF     		nop
 4605 003e 1037     		adds	r7, r7, #16
 4606              	.LCFI160:
 4607              		.cfi_def_cfa_offset 8
 4608 0040 BD46     		mov	sp, r7
 4609              	.LCFI161:
 4610              		.cfi_def_cfa_register 13
 4611              		@ sp needed
 4612 0042 80BD     		pop	{r7, pc}
 4613              	.L278:
 4614              		.align	2
 4615              	.L277:
 4616 0044 00000000 		.word	xNumOfOverflows
 4617 0048 00000000 		.word	xTickCount
 4618              		.cfi_endproc
 4619              	.LFE36:
 4621              		.section	.text.vTaskInternalSetTimeOutState,"ax",%progbits
 4622              		.align	1
 4623              		.global	vTaskInternalSetTimeOutState
 4624              		.syntax unified
 4625              		.thumb
 4626              		.thumb_func
 4628              	vTaskInternalSetTimeOutState:
 4629              	.LFB37:
3271:System/FreeRTOS/tasks.c **** /*-----------------------------------------------------------*/
3272:System/FreeRTOS/tasks.c **** 
3273:System/FreeRTOS/tasks.c **** void vTaskInternalSetTimeOutState( TimeOut_t * const pxTimeOut )
3274:System/FreeRTOS/tasks.c **** {
 4630              		.loc 1 3274 1
 4631              		.cfi_startproc
 4632              		@ args = 0, pretend = 0, frame = 8
 4633              		@ frame_needed = 1, uses_anonymous_args = 0
 4634              		@ link register save eliminated.
 4635 0000 80B4     		push	{r7}
 4636              	.LCFI162:
 4637              		.cfi_def_cfa_offset 4
 4638              		.cfi_offset 7, -4
 4639 0002 83B0     		sub	sp, sp, #12
 4640              	.LCFI163:
 4641              		.cfi_def_cfa_offset 16
 4642 0004 00AF     		add	r7, sp, #0
 4643              	.LCFI164:
 4644              		.cfi_def_cfa_register 7
 4645 0006 7860     		str	r0, [r7, #4]
3275:System/FreeRTOS/tasks.c **** 	/* For internal use only as it does not use a critical section. */
3276:System/FreeRTOS/tasks.c **** 	pxTimeOut->xOverflowCount = xNumOfOverflows;
 4646              		.loc 1 3276 28
 4647 0008 064B     		ldr	r3, .L280
 4648 000a 1A68     		ldr	r2, [r3]
 4649 000c 7B68     		ldr	r3, [r7, #4]
 4650 000e 1A60     		str	r2, [r3]
3277:System/FreeRTOS/tasks.c **** 	pxTimeOut->xTimeOnEntering = xTickCount;
ARM GAS  C:\Users\HUAV\AppData\Local\Temp\ccerV99a.s 			page 144


 4651              		.loc 1 3277 29
 4652 0010 054B     		ldr	r3, .L280+4
 4653 0012 1A68     		ldr	r2, [r3]
 4654 0014 7B68     		ldr	r3, [r7, #4]
 4655 0016 5A60     		str	r2, [r3, #4]
3278:System/FreeRTOS/tasks.c **** }
 4656              		.loc 1 3278 1
 4657 0018 00BF     		nop
 4658 001a 0C37     		adds	r7, r7, #12
 4659              	.LCFI165:
 4660              		.cfi_def_cfa_offset 4
 4661 001c BD46     		mov	sp, r7
 4662              	.LCFI166:
 4663              		.cfi_def_cfa_register 13
 4664              		@ sp needed
 4665 001e 5DF8047B 		ldr	r7, [sp], #4
 4666              	.LCFI167:
 4667              		.cfi_restore 7
 4668              		.cfi_def_cfa_offset 0
 4669 0022 7047     		bx	lr
 4670              	.L281:
 4671              		.align	2
 4672              	.L280:
 4673 0024 00000000 		.word	xNumOfOverflows
 4674 0028 00000000 		.word	xTickCount
 4675              		.cfi_endproc
 4676              	.LFE37:
 4678              		.section	.text.xTaskCheckForTimeOut,"ax",%progbits
 4679              		.align	1
 4680              		.global	xTaskCheckForTimeOut
 4681              		.syntax unified
 4682              		.thumb
 4683              		.thumb_func
 4685              	xTaskCheckForTimeOut:
 4686              	.LFB38:
3279:System/FreeRTOS/tasks.c **** /*-----------------------------------------------------------*/
3280:System/FreeRTOS/tasks.c **** 
3281:System/FreeRTOS/tasks.c **** BaseType_t xTaskCheckForTimeOut( TimeOut_t * const pxTimeOut, TickType_t * const pxTicksToWait )
3282:System/FreeRTOS/tasks.c **** {
 4687              		.loc 1 3282 1
 4688              		.cfi_startproc
 4689              		@ args = 0, pretend = 0, frame = 32
 4690              		@ frame_needed = 1, uses_anonymous_args = 0
 4691 0000 80B5     		push	{r7, lr}
 4692              	.LCFI168:
 4693              		.cfi_def_cfa_offset 8
 4694              		.cfi_offset 7, -8
 4695              		.cfi_offset 14, -4
 4696 0002 88B0     		sub	sp, sp, #32
 4697              	.LCFI169:
 4698              		.cfi_def_cfa_offset 40
 4699 0004 00AF     		add	r7, sp, #0
 4700              	.LCFI170:
 4701              		.cfi_def_cfa_register 7
 4702 0006 7860     		str	r0, [r7, #4]
 4703 0008 3960     		str	r1, [r7]
3283:System/FreeRTOS/tasks.c **** BaseType_t xReturn;
ARM GAS  C:\Users\HUAV\AppData\Local\Temp\ccerV99a.s 			page 145


3284:System/FreeRTOS/tasks.c **** 
3285:System/FreeRTOS/tasks.c **** 	configASSERT( pxTimeOut );
 4704              		.loc 1 3285 2
 4705 000a 7B68     		ldr	r3, [r7, #4]
 4706 000c 002B     		cmp	r3, #0
 4707 000e 0AD1     		bne	.L283
 4708              	.LBB202:
 4709              	.LBB203:
 195:System/FreeRTOS/portable/GCC/ARM_CM4F/portmacro.h **** 	(
 4710              		.loc 2 195 2
 4711              		.syntax unified
 4712              	@ 195 "System/FreeRTOS/portable/GCC/ARM_CM4F/portmacro.h" 1
 4713 0010 4FF05003 			mov r3, #80												
 4714 0014 83F31188 		msr basepri, r3											
 4715 0018 BFF36F8F 		isb														
 4716 001c BFF34F8F 		dsb														
 4717              	
 4718              	@ 0 "" 2
 4719              		.thumb
 4720              		.syntax unified
 4721 0020 3B61     		str	r3, [r7, #16]
 203:System/FreeRTOS/portable/GCC/ARM_CM4F/portmacro.h **** 
 4722              		.loc 2 203 1
 4723 0022 00BF     		nop
 4724              	.L284:
 4725              	.LBE203:
 4726              	.LBE202:
 4727              		.loc 1 3285 2 discriminator 1
 4728 0024 FEE7     		b	.L284
 4729              	.L283:
3286:System/FreeRTOS/tasks.c **** 	configASSERT( pxTicksToWait );
 4730              		.loc 1 3286 2
 4731 0026 3B68     		ldr	r3, [r7]
 4732 0028 002B     		cmp	r3, #0
 4733 002a 0AD1     		bne	.L285
 4734              	.LBB204:
 4735              	.LBB205:
 195:System/FreeRTOS/portable/GCC/ARM_CM4F/portmacro.h **** 	(
 4736              		.loc 2 195 2
 4737              		.syntax unified
 4738              	@ 195 "System/FreeRTOS/portable/GCC/ARM_CM4F/portmacro.h" 1
 4739 002c 4FF05003 			mov r3, #80												
 4740 0030 83F31188 		msr basepri, r3											
 4741 0034 BFF36F8F 		isb														
 4742 0038 BFF34F8F 		dsb														
 4743              	
 4744              	@ 0 "" 2
 4745              		.thumb
 4746              		.syntax unified
 4747 003c FB60     		str	r3, [r7, #12]
 203:System/FreeRTOS/portable/GCC/ARM_CM4F/portmacro.h **** 
 4748              		.loc 2 203 1
 4749 003e 00BF     		nop
 4750              	.L286:
 4751              	.LBE205:
 4752              	.LBE204:
 4753              		.loc 1 3286 2 discriminator 2
ARM GAS  C:\Users\HUAV\AppData\Local\Temp\ccerV99a.s 			page 146


 4754 0040 FEE7     		b	.L286
 4755              	.L285:
3287:System/FreeRTOS/tasks.c **** 
3288:System/FreeRTOS/tasks.c **** 	taskENTER_CRITICAL();
 4756              		.loc 1 3288 2
 4757 0042 FFF7FEFF 		bl	vPortEnterCritical
 4758              	.LBB206:
3289:System/FreeRTOS/tasks.c **** 	{
3290:System/FreeRTOS/tasks.c **** 		/* Minor optimisation.  The tick count cannot change in this block. */
3291:System/FreeRTOS/tasks.c **** 		const TickType_t xConstTickCount = xTickCount;
 4759              		.loc 1 3291 20
 4760 0046 1D4B     		ldr	r3, .L292
 4761 0048 1B68     		ldr	r3, [r3]
 4762 004a BB61     		str	r3, [r7, #24]
3292:System/FreeRTOS/tasks.c **** 		const TickType_t xElapsedTime = xConstTickCount - pxTimeOut->xTimeOnEntering;
 4763              		.loc 1 3292 62
 4764 004c 7B68     		ldr	r3, [r7, #4]
 4765 004e 5B68     		ldr	r3, [r3, #4]
 4766              		.loc 1 3292 20
 4767 0050 BA69     		ldr	r2, [r7, #24]
 4768 0052 D31A     		subs	r3, r2, r3
 4769 0054 7B61     		str	r3, [r7, #20]
3293:System/FreeRTOS/tasks.c **** 
3294:System/FreeRTOS/tasks.c **** 		#if( INCLUDE_xTaskAbortDelay == 1 )
3295:System/FreeRTOS/tasks.c **** 			if( pxCurrentTCB->ucDelayAborted != ( uint8_t ) pdFALSE )
3296:System/FreeRTOS/tasks.c **** 			{
3297:System/FreeRTOS/tasks.c **** 				/* The delay was aborted, which is not the same as a time out,
3298:System/FreeRTOS/tasks.c **** 				but has the same result. */
3299:System/FreeRTOS/tasks.c **** 				pxCurrentTCB->ucDelayAborted = pdFALSE;
3300:System/FreeRTOS/tasks.c **** 				xReturn = pdTRUE;
3301:System/FreeRTOS/tasks.c **** 			}
3302:System/FreeRTOS/tasks.c **** 			else
3303:System/FreeRTOS/tasks.c **** 		#endif
3304:System/FreeRTOS/tasks.c **** 
3305:System/FreeRTOS/tasks.c **** 		#if ( INCLUDE_vTaskSuspend == 1 )
3306:System/FreeRTOS/tasks.c **** 			if( *pxTicksToWait == portMAX_DELAY )
 4770              		.loc 1 3306 8
 4771 0056 3B68     		ldr	r3, [r7]
 4772 0058 1B68     		ldr	r3, [r3]
 4773              		.loc 1 3306 6
 4774 005a B3F1FF3F 		cmp	r3, #-1
 4775 005e 02D1     		bne	.L287
3307:System/FreeRTOS/tasks.c **** 			{
3308:System/FreeRTOS/tasks.c **** 				/* If INCLUDE_vTaskSuspend is set to 1 and the block time
3309:System/FreeRTOS/tasks.c **** 				specified is the maximum block time then the task should block
3310:System/FreeRTOS/tasks.c **** 				indefinitely, and therefore never time out. */
3311:System/FreeRTOS/tasks.c **** 				xReturn = pdFALSE;
 4776              		.loc 1 3311 13
 4777 0060 0023     		movs	r3, #0
 4778 0062 FB61     		str	r3, [r7, #28]
 4779 0064 23E0     		b	.L288
 4780              	.L287:
3312:System/FreeRTOS/tasks.c **** 			}
3313:System/FreeRTOS/tasks.c **** 			else
3314:System/FreeRTOS/tasks.c **** 		#endif
3315:System/FreeRTOS/tasks.c **** 
3316:System/FreeRTOS/tasks.c **** 		if( ( xNumOfOverflows != pxTimeOut->xOverflowCount ) && ( xConstTickCount >= pxTimeOut->xTimeOnEn
ARM GAS  C:\Users\HUAV\AppData\Local\Temp\ccerV99a.s 			page 147


 4781              		.loc 1 3316 37
 4782 0066 7B68     		ldr	r3, [r7, #4]
 4783 0068 1A68     		ldr	r2, [r3]
 4784              		.loc 1 3316 25
 4785 006a 154B     		ldr	r3, .L292+4
 4786 006c 1B68     		ldr	r3, [r3]
 4787              		.loc 1 3316 5
 4788 006e 9A42     		cmp	r2, r3
 4789 0070 07D0     		beq	.L289
 4790              		.loc 1 3316 89 discriminator 1
 4791 0072 7B68     		ldr	r3, [r7, #4]
 4792 0074 5B68     		ldr	r3, [r3, #4]
 4793              		.loc 1 3316 56 discriminator 1
 4794 0076 BA69     		ldr	r2, [r7, #24]
 4795 0078 9A42     		cmp	r2, r3
 4796 007a 02D3     		bcc	.L289
3317:System/FreeRTOS/tasks.c **** 		{
3318:System/FreeRTOS/tasks.c **** 			/* The tick count is greater than the time at which
3319:System/FreeRTOS/tasks.c **** 			vTaskSetTimeout() was called, but has also overflowed since
3320:System/FreeRTOS/tasks.c **** 			vTaskSetTimeOut() was called.  It must have wrapped all the way
3321:System/FreeRTOS/tasks.c **** 			around and gone past again. This passed since vTaskSetTimeout()
3322:System/FreeRTOS/tasks.c **** 			was called. */
3323:System/FreeRTOS/tasks.c **** 			xReturn = pdTRUE;
 4797              		.loc 1 3323 12
 4798 007c 0123     		movs	r3, #1
 4799 007e FB61     		str	r3, [r7, #28]
 4800 0080 15E0     		b	.L288
 4801              	.L289:
3324:System/FreeRTOS/tasks.c **** 		}
3325:System/FreeRTOS/tasks.c **** 		else if( xElapsedTime < *pxTicksToWait ) /*lint !e961 Explicit casting is only redundant with som
 4802              		.loc 1 3325 27
 4803 0082 3B68     		ldr	r3, [r7]
 4804 0084 1B68     		ldr	r3, [r3]
 4805              		.loc 1 3325 10
 4806 0086 7A69     		ldr	r2, [r7, #20]
 4807 0088 9A42     		cmp	r2, r3
 4808 008a 0BD2     		bcs	.L290
3326:System/FreeRTOS/tasks.c **** 		{
3327:System/FreeRTOS/tasks.c **** 			/* Not a genuine timeout. Adjust parameters for time remaining. */
3328:System/FreeRTOS/tasks.c **** 			*pxTicksToWait -= xElapsedTime;
 4809              		.loc 1 3328 19
 4810 008c 3B68     		ldr	r3, [r7]
 4811 008e 1A68     		ldr	r2, [r3]
 4812 0090 7B69     		ldr	r3, [r7, #20]
 4813 0092 D21A     		subs	r2, r2, r3
 4814 0094 3B68     		ldr	r3, [r7]
 4815 0096 1A60     		str	r2, [r3]
3329:System/FreeRTOS/tasks.c **** 			vTaskInternalSetTimeOutState( pxTimeOut );
 4816              		.loc 1 3329 4
 4817 0098 7868     		ldr	r0, [r7, #4]
 4818 009a FFF7FEFF 		bl	vTaskInternalSetTimeOutState
3330:System/FreeRTOS/tasks.c **** 			xReturn = pdFALSE;
 4819              		.loc 1 3330 12
 4820 009e 0023     		movs	r3, #0
 4821 00a0 FB61     		str	r3, [r7, #28]
 4822 00a2 04E0     		b	.L288
 4823              	.L290:
ARM GAS  C:\Users\HUAV\AppData\Local\Temp\ccerV99a.s 			page 148


3331:System/FreeRTOS/tasks.c **** 		}
3332:System/FreeRTOS/tasks.c **** 		else
3333:System/FreeRTOS/tasks.c **** 		{
3334:System/FreeRTOS/tasks.c **** 			*pxTicksToWait = 0;
 4824              		.loc 1 3334 19
 4825 00a4 3B68     		ldr	r3, [r7]
 4826 00a6 0022     		movs	r2, #0
 4827 00a8 1A60     		str	r2, [r3]
3335:System/FreeRTOS/tasks.c **** 			xReturn = pdTRUE;
 4828              		.loc 1 3335 12
 4829 00aa 0123     		movs	r3, #1
 4830 00ac FB61     		str	r3, [r7, #28]
 4831              	.L288:
 4832              	.LBE206:
3336:System/FreeRTOS/tasks.c **** 		}
3337:System/FreeRTOS/tasks.c **** 	}
3338:System/FreeRTOS/tasks.c **** 	taskEXIT_CRITICAL();
 4833              		.loc 1 3338 2
 4834 00ae FFF7FEFF 		bl	vPortExitCritical
3339:System/FreeRTOS/tasks.c **** 
3340:System/FreeRTOS/tasks.c **** 	return xReturn;
 4835              		.loc 1 3340 9
 4836 00b2 FB69     		ldr	r3, [r7, #28]
3341:System/FreeRTOS/tasks.c **** }
 4837              		.loc 1 3341 1
 4838 00b4 1846     		mov	r0, r3
 4839 00b6 2037     		adds	r7, r7, #32
 4840              	.LCFI171:
 4841              		.cfi_def_cfa_offset 8
 4842 00b8 BD46     		mov	sp, r7
 4843              	.LCFI172:
 4844              		.cfi_def_cfa_register 13
 4845              		@ sp needed
 4846 00ba 80BD     		pop	{r7, pc}
 4847              	.L293:
 4848              		.align	2
 4849              	.L292:
 4850 00bc 00000000 		.word	xTickCount
 4851 00c0 00000000 		.word	xNumOfOverflows
 4852              		.cfi_endproc
 4853              	.LFE38:
 4855              		.section	.text.vTaskMissedYield,"ax",%progbits
 4856              		.align	1
 4857              		.global	vTaskMissedYield
 4858              		.syntax unified
 4859              		.thumb
 4860              		.thumb_func
 4862              	vTaskMissedYield:
 4863              	.LFB39:
3342:System/FreeRTOS/tasks.c **** /*-----------------------------------------------------------*/
3343:System/FreeRTOS/tasks.c **** 
3344:System/FreeRTOS/tasks.c **** void vTaskMissedYield( void )
3345:System/FreeRTOS/tasks.c **** {
 4864              		.loc 1 3345 1
 4865              		.cfi_startproc
 4866              		@ args = 0, pretend = 0, frame = 0
 4867              		@ frame_needed = 1, uses_anonymous_args = 0
ARM GAS  C:\Users\HUAV\AppData\Local\Temp\ccerV99a.s 			page 149


 4868              		@ link register save eliminated.
 4869 0000 80B4     		push	{r7}
 4870              	.LCFI173:
 4871              		.cfi_def_cfa_offset 4
 4872              		.cfi_offset 7, -4
 4873 0002 00AF     		add	r7, sp, #0
 4874              	.LCFI174:
 4875              		.cfi_def_cfa_register 7
3346:System/FreeRTOS/tasks.c **** 	xYieldPending = pdTRUE;
 4876              		.loc 1 3346 16
 4877 0004 034B     		ldr	r3, .L295
 4878 0006 0122     		movs	r2, #1
 4879 0008 1A60     		str	r2, [r3]
3347:System/FreeRTOS/tasks.c **** }
 4880              		.loc 1 3347 1
 4881 000a 00BF     		nop
 4882 000c BD46     		mov	sp, r7
 4883              	.LCFI175:
 4884              		.cfi_def_cfa_register 13
 4885              		@ sp needed
 4886 000e 5DF8047B 		ldr	r7, [sp], #4
 4887              	.LCFI176:
 4888              		.cfi_restore 7
 4889              		.cfi_def_cfa_offset 0
 4890 0012 7047     		bx	lr
 4891              	.L296:
 4892              		.align	2
 4893              	.L295:
 4894 0014 00000000 		.word	xYieldPending
 4895              		.cfi_endproc
 4896              	.LFE39:
 4898              		.section	.text.uxTaskGetTaskNumber,"ax",%progbits
 4899              		.align	1
 4900              		.global	uxTaskGetTaskNumber
 4901              		.syntax unified
 4902              		.thumb
 4903              		.thumb_func
 4905              	uxTaskGetTaskNumber:
 4906              	.LFB40:
3348:System/FreeRTOS/tasks.c **** /*-----------------------------------------------------------*/
3349:System/FreeRTOS/tasks.c **** 
3350:System/FreeRTOS/tasks.c **** #if ( configUSE_TRACE_FACILITY == 1 )
3351:System/FreeRTOS/tasks.c **** 
3352:System/FreeRTOS/tasks.c **** 	UBaseType_t uxTaskGetTaskNumber( TaskHandle_t xTask )
3353:System/FreeRTOS/tasks.c **** 	{
 4907              		.loc 1 3353 2
 4908              		.cfi_startproc
 4909              		@ args = 0, pretend = 0, frame = 16
 4910              		@ frame_needed = 1, uses_anonymous_args = 0
 4911              		@ link register save eliminated.
 4912 0000 80B4     		push	{r7}
 4913              	.LCFI177:
 4914              		.cfi_def_cfa_offset 4
 4915              		.cfi_offset 7, -4
 4916 0002 85B0     		sub	sp, sp, #20
 4917              	.LCFI178:
 4918              		.cfi_def_cfa_offset 24
ARM GAS  C:\Users\HUAV\AppData\Local\Temp\ccerV99a.s 			page 150


 4919 0004 00AF     		add	r7, sp, #0
 4920              	.LCFI179:
 4921              		.cfi_def_cfa_register 7
 4922 0006 7860     		str	r0, [r7, #4]
3354:System/FreeRTOS/tasks.c **** 	UBaseType_t uxReturn;
3355:System/FreeRTOS/tasks.c **** 	TCB_t const *pxTCB;
3356:System/FreeRTOS/tasks.c **** 
3357:System/FreeRTOS/tasks.c **** 		if( xTask != NULL )
 4923              		.loc 1 3357 5
 4924 0008 7B68     		ldr	r3, [r7, #4]
 4925 000a 002B     		cmp	r3, #0
 4926 000c 05D0     		beq	.L298
3358:System/FreeRTOS/tasks.c **** 		{
3359:System/FreeRTOS/tasks.c **** 			pxTCB = xTask;
 4927              		.loc 1 3359 10
 4928 000e 7B68     		ldr	r3, [r7, #4]
 4929 0010 BB60     		str	r3, [r7, #8]
3360:System/FreeRTOS/tasks.c **** 			uxReturn = pxTCB->uxTaskNumber;
 4930              		.loc 1 3360 13
 4931 0012 BB68     		ldr	r3, [r7, #8]
 4932 0014 DB6C     		ldr	r3, [r3, #76]
 4933 0016 FB60     		str	r3, [r7, #12]
 4934 0018 01E0     		b	.L299
 4935              	.L298:
3361:System/FreeRTOS/tasks.c **** 		}
3362:System/FreeRTOS/tasks.c **** 		else
3363:System/FreeRTOS/tasks.c **** 		{
3364:System/FreeRTOS/tasks.c **** 			uxReturn = 0U;
 4936              		.loc 1 3364 13
 4937 001a 0023     		movs	r3, #0
 4938 001c FB60     		str	r3, [r7, #12]
 4939              	.L299:
3365:System/FreeRTOS/tasks.c **** 		}
3366:System/FreeRTOS/tasks.c **** 
3367:System/FreeRTOS/tasks.c **** 		return uxReturn;
 4940              		.loc 1 3367 10
 4941 001e FB68     		ldr	r3, [r7, #12]
3368:System/FreeRTOS/tasks.c **** 	}
 4942              		.loc 1 3368 2
 4943 0020 1846     		mov	r0, r3
 4944 0022 1437     		adds	r7, r7, #20
 4945              	.LCFI180:
 4946              		.cfi_def_cfa_offset 4
 4947 0024 BD46     		mov	sp, r7
 4948              	.LCFI181:
 4949              		.cfi_def_cfa_register 13
 4950              		@ sp needed
 4951 0026 5DF8047B 		ldr	r7, [sp], #4
 4952              	.LCFI182:
 4953              		.cfi_restore 7
 4954              		.cfi_def_cfa_offset 0
 4955 002a 7047     		bx	lr
 4956              		.cfi_endproc
 4957              	.LFE40:
 4959              		.section	.text.vTaskSetTaskNumber,"ax",%progbits
 4960              		.align	1
 4961              		.global	vTaskSetTaskNumber
ARM GAS  C:\Users\HUAV\AppData\Local\Temp\ccerV99a.s 			page 151


 4962              		.syntax unified
 4963              		.thumb
 4964              		.thumb_func
 4966              	vTaskSetTaskNumber:
 4967              	.LFB41:
3369:System/FreeRTOS/tasks.c **** 
3370:System/FreeRTOS/tasks.c **** #endif /* configUSE_TRACE_FACILITY */
3371:System/FreeRTOS/tasks.c **** /*-----------------------------------------------------------*/
3372:System/FreeRTOS/tasks.c **** 
3373:System/FreeRTOS/tasks.c **** #if ( configUSE_TRACE_FACILITY == 1 )
3374:System/FreeRTOS/tasks.c **** 
3375:System/FreeRTOS/tasks.c **** 	void vTaskSetTaskNumber( TaskHandle_t xTask, const UBaseType_t uxHandle )
3376:System/FreeRTOS/tasks.c **** 	{
 4968              		.loc 1 3376 2
 4969              		.cfi_startproc
 4970              		@ args = 0, pretend = 0, frame = 16
 4971              		@ frame_needed = 1, uses_anonymous_args = 0
 4972              		@ link register save eliminated.
 4973 0000 80B4     		push	{r7}
 4974              	.LCFI183:
 4975              		.cfi_def_cfa_offset 4
 4976              		.cfi_offset 7, -4
 4977 0002 85B0     		sub	sp, sp, #20
 4978              	.LCFI184:
 4979              		.cfi_def_cfa_offset 24
 4980 0004 00AF     		add	r7, sp, #0
 4981              	.LCFI185:
 4982              		.cfi_def_cfa_register 7
 4983 0006 7860     		str	r0, [r7, #4]
 4984 0008 3960     		str	r1, [r7]
3377:System/FreeRTOS/tasks.c **** 	TCB_t * pxTCB;
3378:System/FreeRTOS/tasks.c **** 
3379:System/FreeRTOS/tasks.c **** 		if( xTask != NULL )
 4985              		.loc 1 3379 5
 4986 000a 7B68     		ldr	r3, [r7, #4]
 4987 000c 002B     		cmp	r3, #0
 4988 000e 04D0     		beq	.L303
3380:System/FreeRTOS/tasks.c **** 		{
3381:System/FreeRTOS/tasks.c **** 			pxTCB = xTask;
 4989              		.loc 1 3381 10
 4990 0010 7B68     		ldr	r3, [r7, #4]
 4991 0012 FB60     		str	r3, [r7, #12]
3382:System/FreeRTOS/tasks.c **** 			pxTCB->uxTaskNumber = uxHandle;
 4992              		.loc 1 3382 24
 4993 0014 FB68     		ldr	r3, [r7, #12]
 4994 0016 3A68     		ldr	r2, [r7]
 4995 0018 DA64     		str	r2, [r3, #76]
 4996              	.L303:
3383:System/FreeRTOS/tasks.c **** 		}
3384:System/FreeRTOS/tasks.c **** 	}
 4997              		.loc 1 3384 2
 4998 001a 00BF     		nop
 4999 001c 1437     		adds	r7, r7, #20
 5000              	.LCFI186:
 5001              		.cfi_def_cfa_offset 4
 5002 001e BD46     		mov	sp, r7
 5003              	.LCFI187:
ARM GAS  C:\Users\HUAV\AppData\Local\Temp\ccerV99a.s 			page 152


 5004              		.cfi_def_cfa_register 13
 5005              		@ sp needed
 5006 0020 5DF8047B 		ldr	r7, [sp], #4
 5007              	.LCFI188:
 5008              		.cfi_restore 7
 5009              		.cfi_def_cfa_offset 0
 5010 0024 7047     		bx	lr
 5011              		.cfi_endproc
 5012              	.LFE41:
 5014              		.section	.text.prvIdleTask,"ax",%progbits
 5015              		.align	1
 5016              		.syntax unified
 5017              		.thumb
 5018              		.thumb_func
 5020              	prvIdleTask:
 5021              	.LFB42:
3385:System/FreeRTOS/tasks.c **** 
3386:System/FreeRTOS/tasks.c **** #endif /* configUSE_TRACE_FACILITY */
3387:System/FreeRTOS/tasks.c **** 
3388:System/FreeRTOS/tasks.c **** /*
3389:System/FreeRTOS/tasks.c ****  * -----------------------------------------------------------
3390:System/FreeRTOS/tasks.c ****  * The Idle task.
3391:System/FreeRTOS/tasks.c ****  * ----------------------------------------------------------
3392:System/FreeRTOS/tasks.c ****  *
3393:System/FreeRTOS/tasks.c ****  * The portTASK_FUNCTION() macro is used to allow port/compiler specific
3394:System/FreeRTOS/tasks.c ****  * language extensions.  The equivalent prototype for this function is:
3395:System/FreeRTOS/tasks.c ****  *
3396:System/FreeRTOS/tasks.c ****  * void prvIdleTask( void *pvParameters );
3397:System/FreeRTOS/tasks.c ****  *
3398:System/FreeRTOS/tasks.c ****  */
3399:System/FreeRTOS/tasks.c **** static portTASK_FUNCTION( prvIdleTask, pvParameters )
3400:System/FreeRTOS/tasks.c **** {
 5022              		.loc 1 3400 1
 5023              		.cfi_startproc
 5024              		@ args = 0, pretend = 0, frame = 8
 5025              		@ frame_needed = 1, uses_anonymous_args = 0
 5026 0000 80B5     		push	{r7, lr}
 5027              	.LCFI189:
 5028              		.cfi_def_cfa_offset 8
 5029              		.cfi_offset 7, -8
 5030              		.cfi_offset 14, -4
 5031 0002 82B0     		sub	sp, sp, #8
 5032              	.LCFI190:
 5033              		.cfi_def_cfa_offset 16
 5034 0004 00AF     		add	r7, sp, #0
 5035              	.LCFI191:
 5036              		.cfi_def_cfa_register 7
 5037 0006 7860     		str	r0, [r7, #4]
 5038              	.L306:
3401:System/FreeRTOS/tasks.c **** 	/* Stop warnings. */
3402:System/FreeRTOS/tasks.c **** 	( void ) pvParameters;
3403:System/FreeRTOS/tasks.c **** 
3404:System/FreeRTOS/tasks.c **** 	/** THIS IS THE RTOS IDLE TASK - WHICH IS CREATED AUTOMATICALLY WHEN THE
3405:System/FreeRTOS/tasks.c **** 	SCHEDULER IS STARTED. **/
3406:System/FreeRTOS/tasks.c **** 
3407:System/FreeRTOS/tasks.c **** 	/* In case a task that has a secure context deletes itself, in which case
3408:System/FreeRTOS/tasks.c **** 	the idle task is responsible for deleting the task's secure context, if
ARM GAS  C:\Users\HUAV\AppData\Local\Temp\ccerV99a.s 			page 153


3409:System/FreeRTOS/tasks.c **** 	any. */
3410:System/FreeRTOS/tasks.c **** 	portALLOCATE_SECURE_CONTEXT( configMINIMAL_SECURE_STACK_SIZE );
3411:System/FreeRTOS/tasks.c **** 
3412:System/FreeRTOS/tasks.c **** 	for( ;; )
3413:System/FreeRTOS/tasks.c **** 	{
3414:System/FreeRTOS/tasks.c **** 		/* See if any tasks have deleted themselves - if so then the idle task
3415:System/FreeRTOS/tasks.c **** 		is responsible for freeing the deleted task's TCB and stack. */
3416:System/FreeRTOS/tasks.c **** 		prvCheckTasksWaitingTermination();
 5039              		.loc 1 3416 3
 5040 0008 FFF7FEFF 		bl	prvCheckTasksWaitingTermination
3417:System/FreeRTOS/tasks.c **** 
3418:System/FreeRTOS/tasks.c **** 		#if ( configUSE_PREEMPTION == 0 )
3419:System/FreeRTOS/tasks.c **** 		{
3420:System/FreeRTOS/tasks.c **** 			/* If we are not using preemption we keep forcing a task switch to
3421:System/FreeRTOS/tasks.c **** 			see if any other task has become available.  If we are using
3422:System/FreeRTOS/tasks.c **** 			preemption we don't need to do this as any task becoming available
3423:System/FreeRTOS/tasks.c **** 			will automatically get the processor anyway. */
3424:System/FreeRTOS/tasks.c **** 			taskYIELD();
3425:System/FreeRTOS/tasks.c **** 		}
3426:System/FreeRTOS/tasks.c **** 		#endif /* configUSE_PREEMPTION */
3427:System/FreeRTOS/tasks.c **** 
3428:System/FreeRTOS/tasks.c **** 		#if ( ( configUSE_PREEMPTION == 1 ) && ( configIDLE_SHOULD_YIELD == 1 ) )
3429:System/FreeRTOS/tasks.c **** 		{
3430:System/FreeRTOS/tasks.c **** 			/* When using preemption tasks of equal priority will be
3431:System/FreeRTOS/tasks.c **** 			timesliced.  If a task that is sharing the idle priority is ready
3432:System/FreeRTOS/tasks.c **** 			to run then the idle task should yield before the end of the
3433:System/FreeRTOS/tasks.c **** 			timeslice.
3434:System/FreeRTOS/tasks.c **** 
3435:System/FreeRTOS/tasks.c **** 			A critical region is not required here as we are just reading from
3436:System/FreeRTOS/tasks.c **** 			the list, and an occasional incorrect value will not matter.  If
3437:System/FreeRTOS/tasks.c **** 			the ready list at the idle priority contains more than one task
3438:System/FreeRTOS/tasks.c **** 			then a task other than the idle task is ready to execute. */
3439:System/FreeRTOS/tasks.c **** 			if( listCURRENT_LIST_LENGTH( &( pxReadyTasksLists[ tskIDLE_PRIORITY ] ) ) > ( UBaseType_t ) 1 )
 5041              		.loc 1 3439 8
 5042 000c 064B     		ldr	r3, .L307
 5043 000e 1B68     		ldr	r3, [r3]
 5044              		.loc 1 3439 6
 5045 0010 012B     		cmp	r3, #1
 5046 0012 F9D9     		bls	.L306
3440:System/FreeRTOS/tasks.c **** 			{
3441:System/FreeRTOS/tasks.c **** 				taskYIELD();
 5047              		.loc 1 3441 5
 5048 0014 054B     		ldr	r3, .L307+4
 5049 0016 4FF08052 		mov	r2, #268435456
 5050 001a 1A60     		str	r2, [r3]
 5051              		.syntax unified
 5052              	@ 3441 "System/FreeRTOS/tasks.c" 1
 5053 001c BFF34F8F 		dsb
 5054              	@ 0 "" 2
 5055              	@ 3441 "System/FreeRTOS/tasks.c" 1
 5056 0020 BFF36F8F 		isb
 5057              	@ 0 "" 2
3416:System/FreeRTOS/tasks.c **** 
 5058              		.loc 1 3416 3
 5059              		.thumb
 5060              		.syntax unified
 5061 0024 F0E7     		b	.L306
ARM GAS  C:\Users\HUAV\AppData\Local\Temp\ccerV99a.s 			page 154


 5062              	.L308:
 5063 0026 00BF     		.align	2
 5064              	.L307:
 5065 0028 00000000 		.word	pxReadyTasksLists
 5066 002c 04ED00E0 		.word	-536810236
 5067              		.cfi_endproc
 5068              	.LFE42:
 5070              		.section	.text.prvInitialiseTaskLists,"ax",%progbits
 5071              		.align	1
 5072              		.syntax unified
 5073              		.thumb
 5074              		.thumb_func
 5076              	prvInitialiseTaskLists:
 5077              	.LFB43:
3442:System/FreeRTOS/tasks.c **** 			}
3443:System/FreeRTOS/tasks.c **** 			else
3444:System/FreeRTOS/tasks.c **** 			{
3445:System/FreeRTOS/tasks.c **** 				mtCOVERAGE_TEST_MARKER();
3446:System/FreeRTOS/tasks.c **** 			}
3447:System/FreeRTOS/tasks.c **** 		}
3448:System/FreeRTOS/tasks.c **** 		#endif /* ( ( configUSE_PREEMPTION == 1 ) && ( configIDLE_SHOULD_YIELD == 1 ) ) */
3449:System/FreeRTOS/tasks.c **** 
3450:System/FreeRTOS/tasks.c **** 		#if ( configUSE_IDLE_HOOK == 1 )
3451:System/FreeRTOS/tasks.c **** 		{
3452:System/FreeRTOS/tasks.c **** 			extern void vApplicationIdleHook( void );
3453:System/FreeRTOS/tasks.c **** 
3454:System/FreeRTOS/tasks.c **** 			/* Call the user defined function from within the idle task.  This
3455:System/FreeRTOS/tasks.c **** 			allows the application designer to add background functionality
3456:System/FreeRTOS/tasks.c **** 			without the overhead of a separate task.
3457:System/FreeRTOS/tasks.c **** 			NOTE: vApplicationIdleHook() MUST NOT, UNDER ANY CIRCUMSTANCES,
3458:System/FreeRTOS/tasks.c **** 			CALL A FUNCTION THAT MIGHT BLOCK. */
3459:System/FreeRTOS/tasks.c **** 			vApplicationIdleHook();
3460:System/FreeRTOS/tasks.c **** 		}
3461:System/FreeRTOS/tasks.c **** 		#endif /* configUSE_IDLE_HOOK */
3462:System/FreeRTOS/tasks.c **** 
3463:System/FreeRTOS/tasks.c **** 		/* This conditional compilation should use inequality to 0, not equality
3464:System/FreeRTOS/tasks.c **** 		to 1.  This is to ensure portSUPPRESS_TICKS_AND_SLEEP() is called when
3465:System/FreeRTOS/tasks.c **** 		user defined low power mode	implementations require
3466:System/FreeRTOS/tasks.c **** 		configUSE_TICKLESS_IDLE to be set to a value other than 1. */
3467:System/FreeRTOS/tasks.c **** 		#if ( configUSE_TICKLESS_IDLE != 0 )
3468:System/FreeRTOS/tasks.c **** 		{
3469:System/FreeRTOS/tasks.c **** 		TickType_t xExpectedIdleTime;
3470:System/FreeRTOS/tasks.c **** 
3471:System/FreeRTOS/tasks.c **** 			/* It is not desirable to suspend then resume the scheduler on
3472:System/FreeRTOS/tasks.c **** 			each iteration of the idle task.  Therefore, a preliminary
3473:System/FreeRTOS/tasks.c **** 			test of the expected idle time is performed without the
3474:System/FreeRTOS/tasks.c **** 			scheduler suspended.  The result here is not necessarily
3475:System/FreeRTOS/tasks.c **** 			valid. */
3476:System/FreeRTOS/tasks.c **** 			xExpectedIdleTime = prvGetExpectedIdleTime();
3477:System/FreeRTOS/tasks.c **** 
3478:System/FreeRTOS/tasks.c **** 			if( xExpectedIdleTime >= configEXPECTED_IDLE_TIME_BEFORE_SLEEP )
3479:System/FreeRTOS/tasks.c **** 			{
3480:System/FreeRTOS/tasks.c **** 				vTaskSuspendAll();
3481:System/FreeRTOS/tasks.c **** 				{
3482:System/FreeRTOS/tasks.c **** 					/* Now the scheduler is suspended, the expected idle
3483:System/FreeRTOS/tasks.c **** 					time can be sampled again, and this time its value can
3484:System/FreeRTOS/tasks.c **** 					be used. */
ARM GAS  C:\Users\HUAV\AppData\Local\Temp\ccerV99a.s 			page 155


3485:System/FreeRTOS/tasks.c **** 					configASSERT( xNextTaskUnblockTime >= xTickCount );
3486:System/FreeRTOS/tasks.c **** 					xExpectedIdleTime = prvGetExpectedIdleTime();
3487:System/FreeRTOS/tasks.c **** 
3488:System/FreeRTOS/tasks.c **** 					/* Define the following macro to set xExpectedIdleTime to 0
3489:System/FreeRTOS/tasks.c **** 					if the application does not want
3490:System/FreeRTOS/tasks.c **** 					portSUPPRESS_TICKS_AND_SLEEP() to be called. */
3491:System/FreeRTOS/tasks.c **** 					configPRE_SUPPRESS_TICKS_AND_SLEEP_PROCESSING( xExpectedIdleTime );
3492:System/FreeRTOS/tasks.c **** 
3493:System/FreeRTOS/tasks.c **** 					if( xExpectedIdleTime >= configEXPECTED_IDLE_TIME_BEFORE_SLEEP )
3494:System/FreeRTOS/tasks.c **** 					{
3495:System/FreeRTOS/tasks.c **** 						traceLOW_POWER_IDLE_BEGIN();
3496:System/FreeRTOS/tasks.c **** 						portSUPPRESS_TICKS_AND_SLEEP( xExpectedIdleTime );
3497:System/FreeRTOS/tasks.c **** 						traceLOW_POWER_IDLE_END();
3498:System/FreeRTOS/tasks.c **** 					}
3499:System/FreeRTOS/tasks.c **** 					else
3500:System/FreeRTOS/tasks.c **** 					{
3501:System/FreeRTOS/tasks.c **** 						mtCOVERAGE_TEST_MARKER();
3502:System/FreeRTOS/tasks.c **** 					}
3503:System/FreeRTOS/tasks.c **** 				}
3504:System/FreeRTOS/tasks.c **** 				( void ) xTaskResumeAll();
3505:System/FreeRTOS/tasks.c **** 			}
3506:System/FreeRTOS/tasks.c **** 			else
3507:System/FreeRTOS/tasks.c **** 			{
3508:System/FreeRTOS/tasks.c **** 				mtCOVERAGE_TEST_MARKER();
3509:System/FreeRTOS/tasks.c **** 			}
3510:System/FreeRTOS/tasks.c **** 		}
3511:System/FreeRTOS/tasks.c **** 		#endif /* configUSE_TICKLESS_IDLE */
3512:System/FreeRTOS/tasks.c **** 	}
3513:System/FreeRTOS/tasks.c **** }
3514:System/FreeRTOS/tasks.c **** /*-----------------------------------------------------------*/
3515:System/FreeRTOS/tasks.c **** 
3516:System/FreeRTOS/tasks.c **** #if( configUSE_TICKLESS_IDLE != 0 )
3517:System/FreeRTOS/tasks.c **** 
3518:System/FreeRTOS/tasks.c **** 	eSleepModeStatus eTaskConfirmSleepModeStatus( void )
3519:System/FreeRTOS/tasks.c **** 	{
3520:System/FreeRTOS/tasks.c **** 	/* The idle task exists in addition to the application tasks. */
3521:System/FreeRTOS/tasks.c **** 	const UBaseType_t uxNonApplicationTasks = 1;
3522:System/FreeRTOS/tasks.c **** 	eSleepModeStatus eReturn = eStandardSleep;
3523:System/FreeRTOS/tasks.c **** 
3524:System/FreeRTOS/tasks.c **** 		/* This function must be called from a critical section. */
3525:System/FreeRTOS/tasks.c **** 
3526:System/FreeRTOS/tasks.c **** 		if( listCURRENT_LIST_LENGTH( &xPendingReadyList ) != 0 )
3527:System/FreeRTOS/tasks.c **** 		{
3528:System/FreeRTOS/tasks.c **** 			/* A task was made ready while the scheduler was suspended. */
3529:System/FreeRTOS/tasks.c **** 			eReturn = eAbortSleep;
3530:System/FreeRTOS/tasks.c **** 		}
3531:System/FreeRTOS/tasks.c **** 		else if( xYieldPending != pdFALSE )
3532:System/FreeRTOS/tasks.c **** 		{
3533:System/FreeRTOS/tasks.c **** 			/* A yield was pended while the scheduler was suspended. */
3534:System/FreeRTOS/tasks.c **** 			eReturn = eAbortSleep;
3535:System/FreeRTOS/tasks.c **** 		}
3536:System/FreeRTOS/tasks.c **** 		else
3537:System/FreeRTOS/tasks.c **** 		{
3538:System/FreeRTOS/tasks.c **** 			/* If all the tasks are in the suspended list (which might mean they
3539:System/FreeRTOS/tasks.c **** 			have an infinite block time rather than actually being suspended)
3540:System/FreeRTOS/tasks.c **** 			then it is safe to turn all clocks off and just wait for external
3541:System/FreeRTOS/tasks.c **** 			interrupts. */
ARM GAS  C:\Users\HUAV\AppData\Local\Temp\ccerV99a.s 			page 156


3542:System/FreeRTOS/tasks.c **** 			if( listCURRENT_LIST_LENGTH( &xSuspendedTaskList ) == ( uxCurrentNumberOfTasks - uxNonApplicatio
3543:System/FreeRTOS/tasks.c **** 			{
3544:System/FreeRTOS/tasks.c **** 				eReturn = eNoTasksWaitingTimeout;
3545:System/FreeRTOS/tasks.c **** 			}
3546:System/FreeRTOS/tasks.c **** 			else
3547:System/FreeRTOS/tasks.c **** 			{
3548:System/FreeRTOS/tasks.c **** 				mtCOVERAGE_TEST_MARKER();
3549:System/FreeRTOS/tasks.c **** 			}
3550:System/FreeRTOS/tasks.c **** 		}
3551:System/FreeRTOS/tasks.c **** 
3552:System/FreeRTOS/tasks.c **** 		return eReturn;
3553:System/FreeRTOS/tasks.c **** 	}
3554:System/FreeRTOS/tasks.c **** 
3555:System/FreeRTOS/tasks.c **** #endif /* configUSE_TICKLESS_IDLE */
3556:System/FreeRTOS/tasks.c **** /*-----------------------------------------------------------*/
3557:System/FreeRTOS/tasks.c **** 
3558:System/FreeRTOS/tasks.c **** #if ( configNUM_THREAD_LOCAL_STORAGE_POINTERS != 0 )
3559:System/FreeRTOS/tasks.c **** 
3560:System/FreeRTOS/tasks.c **** 	void vTaskSetThreadLocalStoragePointer( TaskHandle_t xTaskToSet, BaseType_t xIndex, void *pvValue 
3561:System/FreeRTOS/tasks.c **** 	{
3562:System/FreeRTOS/tasks.c **** 	TCB_t *pxTCB;
3563:System/FreeRTOS/tasks.c **** 
3564:System/FreeRTOS/tasks.c **** 		if( xIndex < configNUM_THREAD_LOCAL_STORAGE_POINTERS )
3565:System/FreeRTOS/tasks.c **** 		{
3566:System/FreeRTOS/tasks.c **** 			pxTCB = prvGetTCBFromHandle( xTaskToSet );
3567:System/FreeRTOS/tasks.c **** 			configASSERT( pxTCB != NULL );
3568:System/FreeRTOS/tasks.c **** 			pxTCB->pvThreadLocalStoragePointers[ xIndex ] = pvValue;
3569:System/FreeRTOS/tasks.c **** 		}
3570:System/FreeRTOS/tasks.c **** 	}
3571:System/FreeRTOS/tasks.c **** 
3572:System/FreeRTOS/tasks.c **** #endif /* configNUM_THREAD_LOCAL_STORAGE_POINTERS */
3573:System/FreeRTOS/tasks.c **** /*-----------------------------------------------------------*/
3574:System/FreeRTOS/tasks.c **** 
3575:System/FreeRTOS/tasks.c **** #if ( configNUM_THREAD_LOCAL_STORAGE_POINTERS != 0 )
3576:System/FreeRTOS/tasks.c **** 
3577:System/FreeRTOS/tasks.c **** 	void *pvTaskGetThreadLocalStoragePointer( TaskHandle_t xTaskToQuery, BaseType_t xIndex )
3578:System/FreeRTOS/tasks.c **** 	{
3579:System/FreeRTOS/tasks.c **** 	void *pvReturn = NULL;
3580:System/FreeRTOS/tasks.c **** 	TCB_t *pxTCB;
3581:System/FreeRTOS/tasks.c **** 
3582:System/FreeRTOS/tasks.c **** 		if( xIndex < configNUM_THREAD_LOCAL_STORAGE_POINTERS )
3583:System/FreeRTOS/tasks.c **** 		{
3584:System/FreeRTOS/tasks.c **** 			pxTCB = prvGetTCBFromHandle( xTaskToQuery );
3585:System/FreeRTOS/tasks.c **** 			pvReturn = pxTCB->pvThreadLocalStoragePointers[ xIndex ];
3586:System/FreeRTOS/tasks.c **** 		}
3587:System/FreeRTOS/tasks.c **** 		else
3588:System/FreeRTOS/tasks.c **** 		{
3589:System/FreeRTOS/tasks.c **** 			pvReturn = NULL;
3590:System/FreeRTOS/tasks.c **** 		}
3591:System/FreeRTOS/tasks.c **** 
3592:System/FreeRTOS/tasks.c **** 		return pvReturn;
3593:System/FreeRTOS/tasks.c **** 	}
3594:System/FreeRTOS/tasks.c **** 
3595:System/FreeRTOS/tasks.c **** #endif /* configNUM_THREAD_LOCAL_STORAGE_POINTERS */
3596:System/FreeRTOS/tasks.c **** /*-----------------------------------------------------------*/
3597:System/FreeRTOS/tasks.c **** 
3598:System/FreeRTOS/tasks.c **** #if ( portUSING_MPU_WRAPPERS == 1 )
ARM GAS  C:\Users\HUAV\AppData\Local\Temp\ccerV99a.s 			page 157


3599:System/FreeRTOS/tasks.c **** 
3600:System/FreeRTOS/tasks.c **** 	void vTaskAllocateMPURegions( TaskHandle_t xTaskToModify, const MemoryRegion_t * const xRegions )
3601:System/FreeRTOS/tasks.c **** 	{
3602:System/FreeRTOS/tasks.c **** 	TCB_t *pxTCB;
3603:System/FreeRTOS/tasks.c **** 
3604:System/FreeRTOS/tasks.c **** 		/* If null is passed in here then we are modifying the MPU settings of
3605:System/FreeRTOS/tasks.c **** 		the calling task. */
3606:System/FreeRTOS/tasks.c **** 		pxTCB = prvGetTCBFromHandle( xTaskToModify );
3607:System/FreeRTOS/tasks.c **** 
3608:System/FreeRTOS/tasks.c **** 		vPortStoreTaskMPUSettings( &( pxTCB->xMPUSettings ), xRegions, NULL, 0 );
3609:System/FreeRTOS/tasks.c **** 	}
3610:System/FreeRTOS/tasks.c **** 
3611:System/FreeRTOS/tasks.c **** #endif /* portUSING_MPU_WRAPPERS */
3612:System/FreeRTOS/tasks.c **** /*-----------------------------------------------------------*/
3613:System/FreeRTOS/tasks.c **** 
3614:System/FreeRTOS/tasks.c **** static void prvInitialiseTaskLists( void )
3615:System/FreeRTOS/tasks.c **** {
 5078              		.loc 1 3615 1
 5079              		.cfi_startproc
 5080              		@ args = 0, pretend = 0, frame = 8
 5081              		@ frame_needed = 1, uses_anonymous_args = 0
 5082 0000 80B5     		push	{r7, lr}
 5083              	.LCFI192:
 5084              		.cfi_def_cfa_offset 8
 5085              		.cfi_offset 7, -8
 5086              		.cfi_offset 14, -4
 5087 0002 82B0     		sub	sp, sp, #8
 5088              	.LCFI193:
 5089              		.cfi_def_cfa_offset 16
 5090 0004 00AF     		add	r7, sp, #0
 5091              	.LCFI194:
 5092              		.cfi_def_cfa_register 7
3616:System/FreeRTOS/tasks.c **** UBaseType_t uxPriority;
3617:System/FreeRTOS/tasks.c **** 
3618:System/FreeRTOS/tasks.c **** 	for( uxPriority = ( UBaseType_t ) 0U; uxPriority < ( UBaseType_t ) configMAX_PRIORITIES; uxPriorit
 5093              		.loc 1 3618 18
 5094 0006 0023     		movs	r3, #0
 5095 0008 7B60     		str	r3, [r7, #4]
 5096              		.loc 1 3618 2
 5097 000a 0CE0     		b	.L310
 5098              	.L311:
3619:System/FreeRTOS/tasks.c **** 	{
3620:System/FreeRTOS/tasks.c **** 		vListInitialise( &( pxReadyTasksLists[ uxPriority ] ) );
 5099              		.loc 1 3620 3 discriminator 3
 5100 000c 7A68     		ldr	r2, [r7, #4]
 5101 000e 1346     		mov	r3, r2
 5102 0010 9B00     		lsls	r3, r3, #2
 5103 0012 1344     		add	r3, r3, r2
 5104 0014 9B00     		lsls	r3, r3, #2
 5105 0016 124A     		ldr	r2, .L312
 5106 0018 1344     		add	r3, r3, r2
 5107 001a 1846     		mov	r0, r3
 5108 001c FFF7FEFF 		bl	vListInitialise
3618:System/FreeRTOS/tasks.c **** 	{
 5109              		.loc 1 3618 101 discriminator 3
 5110 0020 7B68     		ldr	r3, [r7, #4]
 5111 0022 0133     		adds	r3, r3, #1
ARM GAS  C:\Users\HUAV\AppData\Local\Temp\ccerV99a.s 			page 158


 5112 0024 7B60     		str	r3, [r7, #4]
 5113              	.L310:
3618:System/FreeRTOS/tasks.c **** 	{
 5114              		.loc 1 3618 2 discriminator 1
 5115 0026 7B68     		ldr	r3, [r7, #4]
 5116 0028 042B     		cmp	r3, #4
 5117 002a EFD9     		bls	.L311
3621:System/FreeRTOS/tasks.c **** 	}
3622:System/FreeRTOS/tasks.c **** 
3623:System/FreeRTOS/tasks.c **** 	vListInitialise( &xDelayedTaskList1 );
 5118              		.loc 1 3623 2
 5119 002c 0D48     		ldr	r0, .L312+4
 5120 002e FFF7FEFF 		bl	vListInitialise
3624:System/FreeRTOS/tasks.c **** 	vListInitialise( &xDelayedTaskList2 );
 5121              		.loc 1 3624 2
 5122 0032 0D48     		ldr	r0, .L312+8
 5123 0034 FFF7FEFF 		bl	vListInitialise
3625:System/FreeRTOS/tasks.c **** 	vListInitialise( &xPendingReadyList );
 5124              		.loc 1 3625 2
 5125 0038 0C48     		ldr	r0, .L312+12
 5126 003a FFF7FEFF 		bl	vListInitialise
3626:System/FreeRTOS/tasks.c **** 
3627:System/FreeRTOS/tasks.c **** 	#if ( INCLUDE_vTaskDelete == 1 )
3628:System/FreeRTOS/tasks.c **** 	{
3629:System/FreeRTOS/tasks.c **** 		vListInitialise( &xTasksWaitingTermination );
 5127              		.loc 1 3629 3
 5128 003e 0C48     		ldr	r0, .L312+16
 5129 0040 FFF7FEFF 		bl	vListInitialise
3630:System/FreeRTOS/tasks.c **** 	}
3631:System/FreeRTOS/tasks.c **** 	#endif /* INCLUDE_vTaskDelete */
3632:System/FreeRTOS/tasks.c **** 
3633:System/FreeRTOS/tasks.c **** 	#if ( INCLUDE_vTaskSuspend == 1 )
3634:System/FreeRTOS/tasks.c **** 	{
3635:System/FreeRTOS/tasks.c **** 		vListInitialise( &xSuspendedTaskList );
 5130              		.loc 1 3635 3
 5131 0044 0B48     		ldr	r0, .L312+20
 5132 0046 FFF7FEFF 		bl	vListInitialise
3636:System/FreeRTOS/tasks.c **** 	}
3637:System/FreeRTOS/tasks.c **** 	#endif /* INCLUDE_vTaskSuspend */
3638:System/FreeRTOS/tasks.c **** 
3639:System/FreeRTOS/tasks.c **** 	/* Start with pxDelayedTaskList using list1 and the pxOverflowDelayedTaskList
3640:System/FreeRTOS/tasks.c **** 	using list2. */
3641:System/FreeRTOS/tasks.c **** 	pxDelayedTaskList = &xDelayedTaskList1;
 5133              		.loc 1 3641 20
 5134 004a 0B4B     		ldr	r3, .L312+24
 5135 004c 054A     		ldr	r2, .L312+4
 5136 004e 1A60     		str	r2, [r3]
3642:System/FreeRTOS/tasks.c **** 	pxOverflowDelayedTaskList = &xDelayedTaskList2;
 5137              		.loc 1 3642 28
 5138 0050 0A4B     		ldr	r3, .L312+28
 5139 0052 054A     		ldr	r2, .L312+8
 5140 0054 1A60     		str	r2, [r3]
3643:System/FreeRTOS/tasks.c **** }
 5141              		.loc 1 3643 1
 5142 0056 00BF     		nop
 5143 0058 0837     		adds	r7, r7, #8
 5144              	.LCFI195:
ARM GAS  C:\Users\HUAV\AppData\Local\Temp\ccerV99a.s 			page 159


 5145              		.cfi_def_cfa_offset 8
 5146 005a BD46     		mov	sp, r7
 5147              	.LCFI196:
 5148              		.cfi_def_cfa_register 13
 5149              		@ sp needed
 5150 005c 80BD     		pop	{r7, pc}
 5151              	.L313:
 5152 005e 00BF     		.align	2
 5153              	.L312:
 5154 0060 00000000 		.word	pxReadyTasksLists
 5155 0064 00000000 		.word	xDelayedTaskList1
 5156 0068 00000000 		.word	xDelayedTaskList2
 5157 006c 00000000 		.word	xPendingReadyList
 5158 0070 00000000 		.word	xTasksWaitingTermination
 5159 0074 00000000 		.word	xSuspendedTaskList
 5160 0078 00000000 		.word	pxDelayedTaskList
 5161 007c 00000000 		.word	pxOverflowDelayedTaskList
 5162              		.cfi_endproc
 5163              	.LFE43:
 5165              		.section	.text.prvCheckTasksWaitingTermination,"ax",%progbits
 5166              		.align	1
 5167              		.syntax unified
 5168              		.thumb
 5169              		.thumb_func
 5171              	prvCheckTasksWaitingTermination:
 5172              	.LFB44:
3644:System/FreeRTOS/tasks.c **** /*-----------------------------------------------------------*/
3645:System/FreeRTOS/tasks.c **** 
3646:System/FreeRTOS/tasks.c **** static void prvCheckTasksWaitingTermination( void )
3647:System/FreeRTOS/tasks.c **** {
 5173              		.loc 1 3647 1
 5174              		.cfi_startproc
 5175              		@ args = 0, pretend = 0, frame = 8
 5176              		@ frame_needed = 1, uses_anonymous_args = 0
 5177 0000 80B5     		push	{r7, lr}
 5178              	.LCFI197:
 5179              		.cfi_def_cfa_offset 8
 5180              		.cfi_offset 7, -8
 5181              		.cfi_offset 14, -4
 5182 0002 82B0     		sub	sp, sp, #8
 5183              	.LCFI198:
 5184              		.cfi_def_cfa_offset 16
 5185 0004 00AF     		add	r7, sp, #0
 5186              	.LCFI199:
 5187              		.cfi_def_cfa_register 7
 5188              	.LBB207:
3648:System/FreeRTOS/tasks.c **** 
3649:System/FreeRTOS/tasks.c **** 	/** THIS FUNCTION IS CALLED FROM THE RTOS IDLE TASK **/
3650:System/FreeRTOS/tasks.c **** 
3651:System/FreeRTOS/tasks.c **** 	#if ( INCLUDE_vTaskDelete == 1 )
3652:System/FreeRTOS/tasks.c **** 	{
3653:System/FreeRTOS/tasks.c **** 		TCB_t *pxTCB;
3654:System/FreeRTOS/tasks.c **** 
3655:System/FreeRTOS/tasks.c **** 		/* uxDeletedTasksWaitingCleanUp is used to prevent taskENTER_CRITICAL()
3656:System/FreeRTOS/tasks.c **** 		being called too often in the idle task. */
3657:System/FreeRTOS/tasks.c **** 		while( uxDeletedTasksWaitingCleanUp > ( UBaseType_t ) 0U )
 5189              		.loc 1 3657 8
ARM GAS  C:\Users\HUAV\AppData\Local\Temp\ccerV99a.s 			page 160


 5190 0006 19E0     		b	.L315
 5191              	.L316:
3658:System/FreeRTOS/tasks.c **** 		{
3659:System/FreeRTOS/tasks.c **** 			taskENTER_CRITICAL();
 5192              		.loc 1 3659 4
 5193 0008 FFF7FEFF 		bl	vPortEnterCritical
3660:System/FreeRTOS/tasks.c **** 			{
3661:System/FreeRTOS/tasks.c **** 				pxTCB = listGET_OWNER_OF_HEAD_ENTRY( ( &xTasksWaitingTermination ) ); /*lint !e9079 void * is u
 5194              		.loc 1 3661 13
 5195 000c 104B     		ldr	r3, .L317
 5196 000e DB68     		ldr	r3, [r3, #12]
 5197              		.loc 1 3661 11
 5198 0010 DB68     		ldr	r3, [r3, #12]
 5199 0012 7B60     		str	r3, [r7, #4]
3662:System/FreeRTOS/tasks.c **** 				( void ) uxListRemove( &( pxTCB->xStateListItem ) );
 5200              		.loc 1 3662 14
 5201 0014 7B68     		ldr	r3, [r7, #4]
 5202 0016 0433     		adds	r3, r3, #4
 5203 0018 1846     		mov	r0, r3
 5204 001a FFF7FEFF 		bl	uxListRemove
3663:System/FreeRTOS/tasks.c **** 				--uxCurrentNumberOfTasks;
 5205              		.loc 1 3663 5
 5206 001e 0D4B     		ldr	r3, .L317+4
 5207 0020 1B68     		ldr	r3, [r3]
 5208 0022 013B     		subs	r3, r3, #1
 5209 0024 0B4A     		ldr	r2, .L317+4
 5210 0026 1360     		str	r3, [r2]
3664:System/FreeRTOS/tasks.c **** 				--uxDeletedTasksWaitingCleanUp;
 5211              		.loc 1 3664 5
 5212 0028 0B4B     		ldr	r3, .L317+8
 5213 002a 1B68     		ldr	r3, [r3]
 5214 002c 013B     		subs	r3, r3, #1
 5215 002e 0A4A     		ldr	r2, .L317+8
 5216 0030 1360     		str	r3, [r2]
3665:System/FreeRTOS/tasks.c **** 			}
3666:System/FreeRTOS/tasks.c **** 			taskEXIT_CRITICAL();
 5217              		.loc 1 3666 4
 5218 0032 FFF7FEFF 		bl	vPortExitCritical
3667:System/FreeRTOS/tasks.c **** 
3668:System/FreeRTOS/tasks.c **** 			prvDeleteTCB( pxTCB );
 5219              		.loc 1 3668 4
 5220 0036 7868     		ldr	r0, [r7, #4]
 5221 0038 FFF7FEFF 		bl	prvDeleteTCB
 5222              	.L315:
3657:System/FreeRTOS/tasks.c **** 		{
 5223              		.loc 1 3657 39
 5224 003c 064B     		ldr	r3, .L317+8
 5225 003e 1B68     		ldr	r3, [r3]
3657:System/FreeRTOS/tasks.c **** 		{
 5226              		.loc 1 3657 8
 5227 0040 002B     		cmp	r3, #0
 5228 0042 E1D1     		bne	.L316
 5229              	.LBE207:
3669:System/FreeRTOS/tasks.c **** 		}
3670:System/FreeRTOS/tasks.c **** 	}
3671:System/FreeRTOS/tasks.c **** 	#endif /* INCLUDE_vTaskDelete */
3672:System/FreeRTOS/tasks.c **** }
ARM GAS  C:\Users\HUAV\AppData\Local\Temp\ccerV99a.s 			page 161


 5230              		.loc 1 3672 1
 5231 0044 00BF     		nop
 5232 0046 00BF     		nop
 5233 0048 0837     		adds	r7, r7, #8
 5234              	.LCFI200:
 5235              		.cfi_def_cfa_offset 8
 5236 004a BD46     		mov	sp, r7
 5237              	.LCFI201:
 5238              		.cfi_def_cfa_register 13
 5239              		@ sp needed
 5240 004c 80BD     		pop	{r7, pc}
 5241              	.L318:
 5242 004e 00BF     		.align	2
 5243              	.L317:
 5244 0050 00000000 		.word	xTasksWaitingTermination
 5245 0054 00000000 		.word	uxCurrentNumberOfTasks
 5246 0058 00000000 		.word	uxDeletedTasksWaitingCleanUp
 5247              		.cfi_endproc
 5248              	.LFE44:
 5250              		.section	.text.vTaskGetInfo,"ax",%progbits
 5251              		.align	1
 5252              		.global	vTaskGetInfo
 5253              		.syntax unified
 5254              		.thumb
 5255              		.thumb_func
 5257              	vTaskGetInfo:
 5258              	.LFB45:
3673:System/FreeRTOS/tasks.c **** /*-----------------------------------------------------------*/
3674:System/FreeRTOS/tasks.c **** 
3675:System/FreeRTOS/tasks.c **** #if( configUSE_TRACE_FACILITY == 1 )
3676:System/FreeRTOS/tasks.c **** 
3677:System/FreeRTOS/tasks.c **** 	void vTaskGetInfo( TaskHandle_t xTask, TaskStatus_t *pxTaskStatus, BaseType_t xGetFreeStackSpace, 
3678:System/FreeRTOS/tasks.c **** 	{
 5259              		.loc 1 3678 2
 5260              		.cfi_startproc
 5261              		@ args = 0, pretend = 0, frame = 24
 5262              		@ frame_needed = 1, uses_anonymous_args = 0
 5263 0000 80B5     		push	{r7, lr}
 5264              	.LCFI202:
 5265              		.cfi_def_cfa_offset 8
 5266              		.cfi_offset 7, -8
 5267              		.cfi_offset 14, -4
 5268 0002 86B0     		sub	sp, sp, #24
 5269              	.LCFI203:
 5270              		.cfi_def_cfa_offset 32
 5271 0004 00AF     		add	r7, sp, #0
 5272              	.LCFI204:
 5273              		.cfi_def_cfa_register 7
 5274 0006 F860     		str	r0, [r7, #12]
 5275 0008 B960     		str	r1, [r7, #8]
 5276 000a 7A60     		str	r2, [r7, #4]
 5277 000c FB70     		strb	r3, [r7, #3]
3679:System/FreeRTOS/tasks.c **** 	TCB_t *pxTCB;
3680:System/FreeRTOS/tasks.c **** 
3681:System/FreeRTOS/tasks.c **** 		/* xTask is NULL then get the state of the calling task. */
3682:System/FreeRTOS/tasks.c **** 		pxTCB = prvGetTCBFromHandle( xTask );
 5278              		.loc 1 3682 11
ARM GAS  C:\Users\HUAV\AppData\Local\Temp\ccerV99a.s 			page 162


 5279 000e FB68     		ldr	r3, [r7, #12]
 5280 0010 002B     		cmp	r3, #0
 5281 0012 02D1     		bne	.L320
 5282              		.loc 1 3682 11 is_stmt 0 discriminator 1
 5283 0014 2C4B     		ldr	r3, .L329
 5284 0016 1B68     		ldr	r3, [r3]
 5285 0018 00E0     		b	.L321
 5286              	.L320:
 5287              		.loc 1 3682 11 discriminator 2
 5288 001a FB68     		ldr	r3, [r7, #12]
 5289              	.L321:
 5290              		.loc 1 3682 9 is_stmt 1 discriminator 4
 5291 001c 7B61     		str	r3, [r7, #20]
3683:System/FreeRTOS/tasks.c **** 
3684:System/FreeRTOS/tasks.c **** 		pxTaskStatus->xHandle = ( TaskHandle_t ) pxTCB;
 5292              		.loc 1 3684 25 discriminator 4
 5293 001e BB68     		ldr	r3, [r7, #8]
 5294 0020 7A69     		ldr	r2, [r7, #20]
 5295 0022 1A60     		str	r2, [r3]
3685:System/FreeRTOS/tasks.c **** 		pxTaskStatus->pcTaskName = ( const char * ) &( pxTCB->pcTaskName [ 0 ] );
 5296              		.loc 1 3685 47 discriminator 4
 5297 0024 7B69     		ldr	r3, [r7, #20]
 5298 0026 03F13402 		add	r2, r3, #52
 5299              		.loc 1 3685 28 discriminator 4
 5300 002a BB68     		ldr	r3, [r7, #8]
 5301 002c 5A60     		str	r2, [r3, #4]
3686:System/FreeRTOS/tasks.c **** 		pxTaskStatus->uxCurrentPriority = pxTCB->uxPriority;
 5302              		.loc 1 3686 42 discriminator 4
 5303 002e 7B69     		ldr	r3, [r7, #20]
 5304 0030 DA6A     		ldr	r2, [r3, #44]
 5305              		.loc 1 3686 35 discriminator 4
 5306 0032 BB68     		ldr	r3, [r7, #8]
 5307 0034 1A61     		str	r2, [r3, #16]
3687:System/FreeRTOS/tasks.c **** 		pxTaskStatus->pxStackBase = pxTCB->pxStack;
 5308              		.loc 1 3687 36 discriminator 4
 5309 0036 7B69     		ldr	r3, [r7, #20]
 5310 0038 1A6B     		ldr	r2, [r3, #48]
 5311              		.loc 1 3687 29 discriminator 4
 5312 003a BB68     		ldr	r3, [r7, #8]
 5313 003c DA61     		str	r2, [r3, #28]
3688:System/FreeRTOS/tasks.c **** 		pxTaskStatus->xTaskNumber = pxTCB->uxTCBNumber;
 5314              		.loc 1 3688 36 discriminator 4
 5315 003e 7B69     		ldr	r3, [r7, #20]
 5316 0040 9A6C     		ldr	r2, [r3, #72]
 5317              		.loc 1 3688 29 discriminator 4
 5318 0042 BB68     		ldr	r3, [r7, #8]
 5319 0044 9A60     		str	r2, [r3, #8]
3689:System/FreeRTOS/tasks.c **** 
3690:System/FreeRTOS/tasks.c **** 		#if ( configUSE_MUTEXES == 1 )
3691:System/FreeRTOS/tasks.c **** 		{
3692:System/FreeRTOS/tasks.c **** 			pxTaskStatus->uxBasePriority = pxTCB->uxBasePriority;
 5320              		.loc 1 3692 40 discriminator 4
 5321 0046 7B69     		ldr	r3, [r7, #20]
 5322 0048 1A6D     		ldr	r2, [r3, #80]
 5323              		.loc 1 3692 33 discriminator 4
 5324 004a BB68     		ldr	r3, [r7, #8]
 5325 004c 5A61     		str	r2, [r3, #20]
ARM GAS  C:\Users\HUAV\AppData\Local\Temp\ccerV99a.s 			page 163


3693:System/FreeRTOS/tasks.c **** 		}
3694:System/FreeRTOS/tasks.c **** 		#else
3695:System/FreeRTOS/tasks.c **** 		{
3696:System/FreeRTOS/tasks.c **** 			pxTaskStatus->uxBasePriority = 0;
3697:System/FreeRTOS/tasks.c **** 		}
3698:System/FreeRTOS/tasks.c **** 		#endif
3699:System/FreeRTOS/tasks.c **** 
3700:System/FreeRTOS/tasks.c **** 		#if ( configGENERATE_RUN_TIME_STATS == 1 )
3701:System/FreeRTOS/tasks.c **** 		{
3702:System/FreeRTOS/tasks.c **** 			pxTaskStatus->ulRunTimeCounter = pxTCB->ulRunTimeCounter;
3703:System/FreeRTOS/tasks.c **** 		}
3704:System/FreeRTOS/tasks.c **** 		#else
3705:System/FreeRTOS/tasks.c **** 		{
3706:System/FreeRTOS/tasks.c **** 			pxTaskStatus->ulRunTimeCounter = 0;
 5326              		.loc 1 3706 35 discriminator 4
 5327 004e BB68     		ldr	r3, [r7, #8]
 5328 0050 0022     		movs	r2, #0
 5329 0052 9A61     		str	r2, [r3, #24]
3707:System/FreeRTOS/tasks.c **** 		}
3708:System/FreeRTOS/tasks.c **** 		#endif
3709:System/FreeRTOS/tasks.c **** 
3710:System/FreeRTOS/tasks.c **** 		/* Obtaining the task state is a little fiddly, so is only done if the
3711:System/FreeRTOS/tasks.c **** 		value of eState passed into this function is eInvalid - otherwise the
3712:System/FreeRTOS/tasks.c **** 		state is just set to whatever is passed in. */
3713:System/FreeRTOS/tasks.c **** 		if( eState != eInvalid )
 5330              		.loc 1 3713 5 discriminator 4
 5331 0054 FB78     		ldrb	r3, [r7, #3]	@ zero_extendqisi2
 5332 0056 052B     		cmp	r3, #5
 5333 0058 1AD0     		beq	.L322
3714:System/FreeRTOS/tasks.c **** 		{
3715:System/FreeRTOS/tasks.c **** 			if( pxTCB == pxCurrentTCB )
 5334              		.loc 1 3715 14
 5335 005a 1B4B     		ldr	r3, .L329
 5336 005c 1B68     		ldr	r3, [r3]
 5337              		.loc 1 3715 6
 5338 005e 7A69     		ldr	r2, [r7, #20]
 5339 0060 9A42     		cmp	r2, r3
 5340 0062 03D1     		bne	.L323
3716:System/FreeRTOS/tasks.c **** 			{
3717:System/FreeRTOS/tasks.c **** 				pxTaskStatus->eCurrentState = eRunning;
 5341              		.loc 1 3717 33
 5342 0064 BB68     		ldr	r3, [r7, #8]
 5343 0066 0022     		movs	r2, #0
 5344 0068 1A73     		strb	r2, [r3, #12]
 5345 006a 18E0     		b	.L324
 5346              	.L323:
3718:System/FreeRTOS/tasks.c **** 			}
3719:System/FreeRTOS/tasks.c **** 			else
3720:System/FreeRTOS/tasks.c **** 			{
3721:System/FreeRTOS/tasks.c **** 				pxTaskStatus->eCurrentState = eState;
 5347              		.loc 1 3721 33
 5348 006c BB68     		ldr	r3, [r7, #8]
 5349 006e FA78     		ldrb	r2, [r7, #3]
 5350 0070 1A73     		strb	r2, [r3, #12]
3722:System/FreeRTOS/tasks.c **** 
3723:System/FreeRTOS/tasks.c **** 				#if ( INCLUDE_vTaskSuspend == 1 )
3724:System/FreeRTOS/tasks.c **** 				{
ARM GAS  C:\Users\HUAV\AppData\Local\Temp\ccerV99a.s 			page 164


3725:System/FreeRTOS/tasks.c **** 					/* If the task is in the suspended list then there is a
3726:System/FreeRTOS/tasks.c **** 					chance it is actually just blocked indefinitely - so really
3727:System/FreeRTOS/tasks.c **** 					it should be reported as being in the Blocked state. */
3728:System/FreeRTOS/tasks.c **** 					if( eState == eSuspended )
 5351              		.loc 1 3728 8
 5352 0072 FB78     		ldrb	r3, [r7, #3]	@ zero_extendqisi2
 5353 0074 032B     		cmp	r3, #3
 5354 0076 12D1     		bne	.L324
3729:System/FreeRTOS/tasks.c **** 					{
3730:System/FreeRTOS/tasks.c **** 						vTaskSuspendAll();
 5355              		.loc 1 3730 7
 5356 0078 FFF7FEFF 		bl	vTaskSuspendAll
3731:System/FreeRTOS/tasks.c **** 						{
3732:System/FreeRTOS/tasks.c **** 							if( listLIST_ITEM_CONTAINER( &( pxTCB->xEventListItem ) ) != NULL )
 5357              		.loc 1 3732 12
 5358 007c 7B69     		ldr	r3, [r7, #20]
 5359 007e 9B6A     		ldr	r3, [r3, #40]
 5360              		.loc 1 3732 10
 5361 0080 002B     		cmp	r3, #0
 5362 0082 02D0     		beq	.L325
3733:System/FreeRTOS/tasks.c **** 							{
3734:System/FreeRTOS/tasks.c **** 								pxTaskStatus->eCurrentState = eBlocked;
 5363              		.loc 1 3734 37
 5364 0084 BB68     		ldr	r3, [r7, #8]
 5365 0086 0222     		movs	r2, #2
 5366 0088 1A73     		strb	r2, [r3, #12]
 5367              	.L325:
3735:System/FreeRTOS/tasks.c **** 							}
3736:System/FreeRTOS/tasks.c **** 						}
3737:System/FreeRTOS/tasks.c **** 						( void ) xTaskResumeAll();
 5368              		.loc 1 3737 16
 5369 008a FFF7FEFF 		bl	xTaskResumeAll
 5370 008e 06E0     		b	.L324
 5371              	.L322:
3738:System/FreeRTOS/tasks.c **** 					}
3739:System/FreeRTOS/tasks.c **** 				}
3740:System/FreeRTOS/tasks.c **** 				#endif /* INCLUDE_vTaskSuspend */
3741:System/FreeRTOS/tasks.c **** 			}
3742:System/FreeRTOS/tasks.c **** 		}
3743:System/FreeRTOS/tasks.c **** 		else
3744:System/FreeRTOS/tasks.c **** 		{
3745:System/FreeRTOS/tasks.c **** 			pxTaskStatus->eCurrentState = eTaskGetState( pxTCB );
 5372              		.loc 1 3745 34
 5373 0090 7869     		ldr	r0, [r7, #20]
 5374 0092 FFF7FEFF 		bl	eTaskGetState
 5375 0096 0346     		mov	r3, r0
 5376 0098 1A46     		mov	r2, r3
 5377              		.loc 1 3745 32
 5378 009a BB68     		ldr	r3, [r7, #8]
 5379 009c 1A73     		strb	r2, [r3, #12]
 5380              	.L324:
3746:System/FreeRTOS/tasks.c **** 		}
3747:System/FreeRTOS/tasks.c **** 
3748:System/FreeRTOS/tasks.c **** 		/* Obtaining the stack space takes some time, so the xGetFreeStackSpace
3749:System/FreeRTOS/tasks.c **** 		parameter is provided to allow it to be skipped. */
3750:System/FreeRTOS/tasks.c **** 		if( xGetFreeStackSpace != pdFALSE )
 5381              		.loc 1 3750 5
ARM GAS  C:\Users\HUAV\AppData\Local\Temp\ccerV99a.s 			page 165


 5382 009e 7B68     		ldr	r3, [r7, #4]
 5383 00a0 002B     		cmp	r3, #0
 5384 00a2 09D0     		beq	.L326
3751:System/FreeRTOS/tasks.c **** 		{
3752:System/FreeRTOS/tasks.c **** 			#if ( portSTACK_GROWTH > 0 )
3753:System/FreeRTOS/tasks.c **** 			{
3754:System/FreeRTOS/tasks.c **** 				pxTaskStatus->usStackHighWaterMark = prvTaskCheckFreeStackSpace( ( uint8_t * ) pxTCB->pxEndOfSt
3755:System/FreeRTOS/tasks.c **** 			}
3756:System/FreeRTOS/tasks.c **** 			#else
3757:System/FreeRTOS/tasks.c **** 			{
3758:System/FreeRTOS/tasks.c **** 				pxTaskStatus->usStackHighWaterMark = prvTaskCheckFreeStackSpace( ( uint8_t * ) pxTCB->pxStack )
 5385              		.loc 1 3758 89
 5386 00a4 7B69     		ldr	r3, [r7, #20]
 5387 00a6 1B6B     		ldr	r3, [r3, #48]
 5388              		.loc 1 3758 42
 5389 00a8 1846     		mov	r0, r3
 5390 00aa FFF7FEFF 		bl	prvTaskCheckFreeStackSpace
 5391 00ae 0346     		mov	r3, r0
 5392 00b0 1A46     		mov	r2, r3
 5393              		.loc 1 3758 40
 5394 00b2 BB68     		ldr	r3, [r7, #8]
 5395 00b4 1A84     		strh	r2, [r3, #32]	@ movhi
3759:System/FreeRTOS/tasks.c **** 			}
3760:System/FreeRTOS/tasks.c **** 			#endif
3761:System/FreeRTOS/tasks.c **** 		}
3762:System/FreeRTOS/tasks.c **** 		else
3763:System/FreeRTOS/tasks.c **** 		{
3764:System/FreeRTOS/tasks.c **** 			pxTaskStatus->usStackHighWaterMark = 0;
3765:System/FreeRTOS/tasks.c **** 		}
3766:System/FreeRTOS/tasks.c **** 	}
 5396              		.loc 1 3766 2
 5397 00b6 02E0     		b	.L328
 5398              	.L326:
3764:System/FreeRTOS/tasks.c **** 		}
 5399              		.loc 1 3764 39
 5400 00b8 BB68     		ldr	r3, [r7, #8]
 5401 00ba 0022     		movs	r2, #0
 5402 00bc 1A84     		strh	r2, [r3, #32]	@ movhi
 5403              	.L328:
 5404              		.loc 1 3766 2
 5405 00be 00BF     		nop
 5406 00c0 1837     		adds	r7, r7, #24
 5407              	.LCFI205:
 5408              		.cfi_def_cfa_offset 8
 5409 00c2 BD46     		mov	sp, r7
 5410              	.LCFI206:
 5411              		.cfi_def_cfa_register 13
 5412              		@ sp needed
 5413 00c4 80BD     		pop	{r7, pc}
 5414              	.L330:
 5415 00c6 00BF     		.align	2
 5416              	.L329:
 5417 00c8 00000000 		.word	pxCurrentTCB
 5418              		.cfi_endproc
 5419              	.LFE45:
 5421              		.section	.text.prvListTasksWithinSingleList,"ax",%progbits
 5422              		.align	1
ARM GAS  C:\Users\HUAV\AppData\Local\Temp\ccerV99a.s 			page 166


 5423              		.syntax unified
 5424              		.thumb
 5425              		.thumb_func
 5427              	prvListTasksWithinSingleList:
 5428              	.LFB46:
3767:System/FreeRTOS/tasks.c **** 
3768:System/FreeRTOS/tasks.c **** #endif /* configUSE_TRACE_FACILITY */
3769:System/FreeRTOS/tasks.c **** /*-----------------------------------------------------------*/
3770:System/FreeRTOS/tasks.c **** 
3771:System/FreeRTOS/tasks.c **** #if ( configUSE_TRACE_FACILITY == 1 )
3772:System/FreeRTOS/tasks.c **** 
3773:System/FreeRTOS/tasks.c **** 	static UBaseType_t prvListTasksWithinSingleList( TaskStatus_t *pxTaskStatusArray, List_t *pxList, 
3774:System/FreeRTOS/tasks.c **** 	{
 5429              		.loc 1 3774 2
 5430              		.cfi_startproc
 5431              		@ args = 0, pretend = 0, frame = 40
 5432              		@ frame_needed = 1, uses_anonymous_args = 0
 5433 0000 80B5     		push	{r7, lr}
 5434              	.LCFI207:
 5435              		.cfi_def_cfa_offset 8
 5436              		.cfi_offset 7, -8
 5437              		.cfi_offset 14, -4
 5438 0002 8AB0     		sub	sp, sp, #40
 5439              	.LCFI208:
 5440              		.cfi_def_cfa_offset 48
 5441 0004 00AF     		add	r7, sp, #0
 5442              	.LCFI209:
 5443              		.cfi_def_cfa_register 7
 5444 0006 F860     		str	r0, [r7, #12]
 5445 0008 B960     		str	r1, [r7, #8]
 5446 000a 1346     		mov	r3, r2
 5447 000c FB71     		strb	r3, [r7, #7]
3775:System/FreeRTOS/tasks.c **** 	configLIST_VOLATILE TCB_t *pxNextTCB, *pxFirstTCB;
3776:System/FreeRTOS/tasks.c **** 	UBaseType_t uxTask = 0;
 5448              		.loc 1 3776 14
 5449 000e 0023     		movs	r3, #0
 5450 0010 7B62     		str	r3, [r7, #36]
3777:System/FreeRTOS/tasks.c **** 
3778:System/FreeRTOS/tasks.c **** 		if( listCURRENT_LIST_LENGTH( pxList ) > ( UBaseType_t ) 0 )
 5451              		.loc 1 3778 7
 5452 0012 BB68     		ldr	r3, [r7, #8]
 5453 0014 1B68     		ldr	r3, [r3]
 5454              		.loc 1 3778 5
 5455 0016 002B     		cmp	r3, #0
 5456 0018 3FD0     		beq	.L332
 5457              	.LBB208:
3779:System/FreeRTOS/tasks.c **** 		{
3780:System/FreeRTOS/tasks.c **** 			listGET_OWNER_OF_NEXT_ENTRY( pxFirstTCB, pxList ); /*lint !e9079 void * is used as this macro is
 5458              		.loc 1 3780 4
 5459 001a BB68     		ldr	r3, [r7, #8]
 5460 001c 3B62     		str	r3, [r7, #32]
 5461 001e 3B6A     		ldr	r3, [r7, #32]
 5462 0020 5B68     		ldr	r3, [r3, #4]
 5463 0022 5A68     		ldr	r2, [r3, #4]
 5464 0024 3B6A     		ldr	r3, [r7, #32]
 5465 0026 5A60     		str	r2, [r3, #4]
 5466 0028 3B6A     		ldr	r3, [r7, #32]
ARM GAS  C:\Users\HUAV\AppData\Local\Temp\ccerV99a.s 			page 167


 5467 002a 5A68     		ldr	r2, [r3, #4]
 5468 002c 3B6A     		ldr	r3, [r7, #32]
 5469 002e 0833     		adds	r3, r3, #8
 5470 0030 9A42     		cmp	r2, r3
 5471 0032 04D1     		bne	.L333
 5472              		.loc 1 3780 4 is_stmt 0 discriminator 1
 5473 0034 3B6A     		ldr	r3, [r7, #32]
 5474 0036 5B68     		ldr	r3, [r3, #4]
 5475 0038 5A68     		ldr	r2, [r3, #4]
 5476 003a 3B6A     		ldr	r3, [r7, #32]
 5477 003c 5A60     		str	r2, [r3, #4]
 5478              	.L333:
 5479              		.loc 1 3780 4 discriminator 3
 5480 003e 3B6A     		ldr	r3, [r7, #32]
 5481 0040 5B68     		ldr	r3, [r3, #4]
 5482 0042 DB68     		ldr	r3, [r3, #12]
 5483 0044 FB61     		str	r3, [r7, #28]
 5484              	.L335:
 5485              	.LBE208:
 5486              	.LBB209:
3781:System/FreeRTOS/tasks.c **** 
3782:System/FreeRTOS/tasks.c **** 			/* Populate an TaskStatus_t structure within the
3783:System/FreeRTOS/tasks.c **** 			pxTaskStatusArray array for each task that is referenced from
3784:System/FreeRTOS/tasks.c **** 			pxList.  See the definition of TaskStatus_t in task.h for the
3785:System/FreeRTOS/tasks.c **** 			meaning of each TaskStatus_t structure member. */
3786:System/FreeRTOS/tasks.c **** 			do
3787:System/FreeRTOS/tasks.c **** 			{
3788:System/FreeRTOS/tasks.c **** 				listGET_OWNER_OF_NEXT_ENTRY( pxNextTCB, pxList ); /*lint !e9079 void * is used as this macro is
 5487              		.loc 1 3788 5 is_stmt 1
 5488 0046 BB68     		ldr	r3, [r7, #8]
 5489 0048 BB61     		str	r3, [r7, #24]
 5490 004a BB69     		ldr	r3, [r7, #24]
 5491 004c 5B68     		ldr	r3, [r3, #4]
 5492 004e 5A68     		ldr	r2, [r3, #4]
 5493 0050 BB69     		ldr	r3, [r7, #24]
 5494 0052 5A60     		str	r2, [r3, #4]
 5495 0054 BB69     		ldr	r3, [r7, #24]
 5496 0056 5A68     		ldr	r2, [r3, #4]
 5497 0058 BB69     		ldr	r3, [r7, #24]
 5498 005a 0833     		adds	r3, r3, #8
 5499 005c 9A42     		cmp	r2, r3
 5500 005e 04D1     		bne	.L334
 5501              		.loc 1 3788 5 is_stmt 0 discriminator 1
 5502 0060 BB69     		ldr	r3, [r7, #24]
 5503 0062 5B68     		ldr	r3, [r3, #4]
 5504 0064 5A68     		ldr	r2, [r3, #4]
 5505 0066 BB69     		ldr	r3, [r7, #24]
 5506 0068 5A60     		str	r2, [r3, #4]
 5507              	.L334:
 5508              		.loc 1 3788 5 discriminator 3
 5509 006a BB69     		ldr	r3, [r7, #24]
 5510 006c 5B68     		ldr	r3, [r3, #4]
 5511 006e DB68     		ldr	r3, [r3, #12]
 5512 0070 7B61     		str	r3, [r7, #20]
 5513              	.LBE209:
3789:System/FreeRTOS/tasks.c **** 				vTaskGetInfo( ( TaskHandle_t ) pxNextTCB, &( pxTaskStatusArray[ uxTask ] ), pdTRUE, eState );
 5514              		.loc 1 3789 67 is_stmt 1 discriminator 3
ARM GAS  C:\Users\HUAV\AppData\Local\Temp\ccerV99a.s 			page 168


 5515 0072 7A6A     		ldr	r2, [r7, #36]
 5516 0074 1346     		mov	r3, r2
 5517 0076 DB00     		lsls	r3, r3, #3
 5518 0078 1344     		add	r3, r3, r2
 5519 007a 9B00     		lsls	r3, r3, #2
 5520 007c 1A46     		mov	r2, r3
 5521              		.loc 1 3789 5 discriminator 3
 5522 007e FB68     		ldr	r3, [r7, #12]
 5523 0080 9918     		adds	r1, r3, r2
 5524 0082 FB79     		ldrb	r3, [r7, #7]	@ zero_extendqisi2
 5525 0084 0122     		movs	r2, #1
 5526 0086 7869     		ldr	r0, [r7, #20]
 5527 0088 FFF7FEFF 		bl	vTaskGetInfo
3790:System/FreeRTOS/tasks.c **** 				uxTask++;
 5528              		.loc 1 3790 11 discriminator 3
 5529 008c 7B6A     		ldr	r3, [r7, #36]
 5530 008e 0133     		adds	r3, r3, #1
 5531 0090 7B62     		str	r3, [r7, #36]
3791:System/FreeRTOS/tasks.c **** 			} while( pxNextTCB != pxFirstTCB );
 5532              		.loc 1 3791 4 discriminator 3
 5533 0092 7A69     		ldr	r2, [r7, #20]
 5534 0094 FB69     		ldr	r3, [r7, #28]
 5535 0096 9A42     		cmp	r2, r3
 5536 0098 D5D1     		bne	.L335
 5537              	.L332:
3792:System/FreeRTOS/tasks.c **** 		}
3793:System/FreeRTOS/tasks.c **** 		else
3794:System/FreeRTOS/tasks.c **** 		{
3795:System/FreeRTOS/tasks.c **** 			mtCOVERAGE_TEST_MARKER();
3796:System/FreeRTOS/tasks.c **** 		}
3797:System/FreeRTOS/tasks.c **** 
3798:System/FreeRTOS/tasks.c **** 		return uxTask;
 5538              		.loc 1 3798 10
 5539 009a 7B6A     		ldr	r3, [r7, #36]
3799:System/FreeRTOS/tasks.c **** 	}
 5540              		.loc 1 3799 2
 5541 009c 1846     		mov	r0, r3
 5542 009e 2837     		adds	r7, r7, #40
 5543              	.LCFI210:
 5544              		.cfi_def_cfa_offset 8
 5545 00a0 BD46     		mov	sp, r7
 5546              	.LCFI211:
 5547              		.cfi_def_cfa_register 13
 5548              		@ sp needed
 5549 00a2 80BD     		pop	{r7, pc}
 5550              		.cfi_endproc
 5551              	.LFE46:
 5553              		.section	.text.prvTaskCheckFreeStackSpace,"ax",%progbits
 5554              		.align	1
 5555              		.syntax unified
 5556              		.thumb
 5557              		.thumb_func
 5559              	prvTaskCheckFreeStackSpace:
 5560              	.LFB47:
3800:System/FreeRTOS/tasks.c **** 
3801:System/FreeRTOS/tasks.c **** #endif /* configUSE_TRACE_FACILITY */
3802:System/FreeRTOS/tasks.c **** /*-----------------------------------------------------------*/
ARM GAS  C:\Users\HUAV\AppData\Local\Temp\ccerV99a.s 			page 169


3803:System/FreeRTOS/tasks.c **** 
3804:System/FreeRTOS/tasks.c **** #if ( ( configUSE_TRACE_FACILITY == 1 ) || ( INCLUDE_uxTaskGetStackHighWaterMark == 1 ) || ( INCLUD
3805:System/FreeRTOS/tasks.c **** 
3806:System/FreeRTOS/tasks.c **** 	static configSTACK_DEPTH_TYPE prvTaskCheckFreeStackSpace( const uint8_t * pucStackByte )
3807:System/FreeRTOS/tasks.c **** 	{
 5561              		.loc 1 3807 2
 5562              		.cfi_startproc
 5563              		@ args = 0, pretend = 0, frame = 16
 5564              		@ frame_needed = 1, uses_anonymous_args = 0
 5565              		@ link register save eliminated.
 5566 0000 80B4     		push	{r7}
 5567              	.LCFI212:
 5568              		.cfi_def_cfa_offset 4
 5569              		.cfi_offset 7, -4
 5570 0002 85B0     		sub	sp, sp, #20
 5571              	.LCFI213:
 5572              		.cfi_def_cfa_offset 24
 5573 0004 00AF     		add	r7, sp, #0
 5574              	.LCFI214:
 5575              		.cfi_def_cfa_register 7
 5576 0006 7860     		str	r0, [r7, #4]
3808:System/FreeRTOS/tasks.c **** 	uint32_t ulCount = 0U;
 5577              		.loc 1 3808 11
 5578 0008 0023     		movs	r3, #0
 5579 000a FB60     		str	r3, [r7, #12]
3809:System/FreeRTOS/tasks.c **** 
3810:System/FreeRTOS/tasks.c **** 		while( *pucStackByte == ( uint8_t ) tskSTACK_FILL_BYTE )
 5580              		.loc 1 3810 8
 5581 000c 05E0     		b	.L338
 5582              	.L339:
3811:System/FreeRTOS/tasks.c **** 		{
3812:System/FreeRTOS/tasks.c **** 			pucStackByte -= portSTACK_GROWTH;
 5583              		.loc 1 3812 17
 5584 000e 7B68     		ldr	r3, [r7, #4]
 5585 0010 0133     		adds	r3, r3, #1
 5586 0012 7B60     		str	r3, [r7, #4]
3813:System/FreeRTOS/tasks.c **** 			ulCount++;
 5587              		.loc 1 3813 11
 5588 0014 FB68     		ldr	r3, [r7, #12]
 5589 0016 0133     		adds	r3, r3, #1
 5590 0018 FB60     		str	r3, [r7, #12]
 5591              	.L338:
3810:System/FreeRTOS/tasks.c **** 		{
 5592              		.loc 1 3810 10
 5593 001a 7B68     		ldr	r3, [r7, #4]
 5594 001c 1B78     		ldrb	r3, [r3]	@ zero_extendqisi2
3810:System/FreeRTOS/tasks.c **** 		{
 5595              		.loc 1 3810 8
 5596 001e A52B     		cmp	r3, #165
 5597 0020 F5D0     		beq	.L339
3814:System/FreeRTOS/tasks.c **** 		}
3815:System/FreeRTOS/tasks.c **** 
3816:System/FreeRTOS/tasks.c **** 		ulCount /= ( uint32_t ) sizeof( StackType_t ); /*lint !e961 Casting is not redundant on smaller a
 5598              		.loc 1 3816 11
 5599 0022 FB68     		ldr	r3, [r7, #12]
 5600 0024 9B08     		lsrs	r3, r3, #2
 5601 0026 FB60     		str	r3, [r7, #12]
ARM GAS  C:\Users\HUAV\AppData\Local\Temp\ccerV99a.s 			page 170


3817:System/FreeRTOS/tasks.c **** 
3818:System/FreeRTOS/tasks.c **** 		return ( configSTACK_DEPTH_TYPE ) ulCount;
 5602              		.loc 1 3818 10
 5603 0028 FB68     		ldr	r3, [r7, #12]
 5604 002a 9BB2     		uxth	r3, r3
3819:System/FreeRTOS/tasks.c **** 	}
 5605              		.loc 1 3819 2
 5606 002c 1846     		mov	r0, r3
 5607 002e 1437     		adds	r7, r7, #20
 5608              	.LCFI215:
 5609              		.cfi_def_cfa_offset 4
 5610 0030 BD46     		mov	sp, r7
 5611              	.LCFI216:
 5612              		.cfi_def_cfa_register 13
 5613              		@ sp needed
 5614 0032 5DF8047B 		ldr	r7, [sp], #4
 5615              	.LCFI217:
 5616              		.cfi_restore 7
 5617              		.cfi_def_cfa_offset 0
 5618 0036 7047     		bx	lr
 5619              		.cfi_endproc
 5620              	.LFE47:
 5622              		.section	.text.uxTaskGetStackHighWaterMark,"ax",%progbits
 5623              		.align	1
 5624              		.global	uxTaskGetStackHighWaterMark
 5625              		.syntax unified
 5626              		.thumb
 5627              		.thumb_func
 5629              	uxTaskGetStackHighWaterMark:
 5630              	.LFB48:
3820:System/FreeRTOS/tasks.c **** 
3821:System/FreeRTOS/tasks.c **** #endif /* ( ( configUSE_TRACE_FACILITY == 1 ) || ( INCLUDE_uxTaskGetStackHighWaterMark == 1 ) || ( 
3822:System/FreeRTOS/tasks.c **** /*-----------------------------------------------------------*/
3823:System/FreeRTOS/tasks.c **** 
3824:System/FreeRTOS/tasks.c **** #if ( INCLUDE_uxTaskGetStackHighWaterMark2 == 1 )
3825:System/FreeRTOS/tasks.c **** 
3826:System/FreeRTOS/tasks.c **** 	/* uxTaskGetStackHighWaterMark() and uxTaskGetStackHighWaterMark2() are the
3827:System/FreeRTOS/tasks.c **** 	same except for their return type.  Using configSTACK_DEPTH_TYPE allows the
3828:System/FreeRTOS/tasks.c **** 	user to determine the return type.  It gets around the problem of the value
3829:System/FreeRTOS/tasks.c **** 	overflowing on 8-bit types without breaking backward compatibility for
3830:System/FreeRTOS/tasks.c **** 	applications that expect an 8-bit return type. */
3831:System/FreeRTOS/tasks.c **** 	configSTACK_DEPTH_TYPE uxTaskGetStackHighWaterMark2( TaskHandle_t xTask )
3832:System/FreeRTOS/tasks.c **** 	{
3833:System/FreeRTOS/tasks.c **** 	TCB_t *pxTCB;
3834:System/FreeRTOS/tasks.c **** 	uint8_t *pucEndOfStack;
3835:System/FreeRTOS/tasks.c **** 	configSTACK_DEPTH_TYPE uxReturn;
3836:System/FreeRTOS/tasks.c **** 
3837:System/FreeRTOS/tasks.c **** 		/* uxTaskGetStackHighWaterMark() and uxTaskGetStackHighWaterMark2() are
3838:System/FreeRTOS/tasks.c **** 		the same except for their return type.  Using configSTACK_DEPTH_TYPE
3839:System/FreeRTOS/tasks.c **** 		allows the user to determine the return type.  It gets around the
3840:System/FreeRTOS/tasks.c **** 		problem of the value overflowing on 8-bit types without breaking
3841:System/FreeRTOS/tasks.c **** 		backward compatibility for applications that expect an 8-bit return
3842:System/FreeRTOS/tasks.c **** 		type. */
3843:System/FreeRTOS/tasks.c **** 
3844:System/FreeRTOS/tasks.c **** 		pxTCB = prvGetTCBFromHandle( xTask );
3845:System/FreeRTOS/tasks.c **** 
3846:System/FreeRTOS/tasks.c **** 		#if portSTACK_GROWTH < 0
ARM GAS  C:\Users\HUAV\AppData\Local\Temp\ccerV99a.s 			page 171


3847:System/FreeRTOS/tasks.c **** 		{
3848:System/FreeRTOS/tasks.c **** 			pucEndOfStack = ( uint8_t * ) pxTCB->pxStack;
3849:System/FreeRTOS/tasks.c **** 		}
3850:System/FreeRTOS/tasks.c **** 		#else
3851:System/FreeRTOS/tasks.c **** 		{
3852:System/FreeRTOS/tasks.c **** 			pucEndOfStack = ( uint8_t * ) pxTCB->pxEndOfStack;
3853:System/FreeRTOS/tasks.c **** 		}
3854:System/FreeRTOS/tasks.c **** 		#endif
3855:System/FreeRTOS/tasks.c **** 
3856:System/FreeRTOS/tasks.c **** 		uxReturn = prvTaskCheckFreeStackSpace( pucEndOfStack );
3857:System/FreeRTOS/tasks.c **** 
3858:System/FreeRTOS/tasks.c **** 		return uxReturn;
3859:System/FreeRTOS/tasks.c **** 	}
3860:System/FreeRTOS/tasks.c **** 
3861:System/FreeRTOS/tasks.c **** #endif /* INCLUDE_uxTaskGetStackHighWaterMark2 */
3862:System/FreeRTOS/tasks.c **** /*-----------------------------------------------------------*/
3863:System/FreeRTOS/tasks.c **** 
3864:System/FreeRTOS/tasks.c **** #if ( INCLUDE_uxTaskGetStackHighWaterMark == 1 )
3865:System/FreeRTOS/tasks.c **** 
3866:System/FreeRTOS/tasks.c **** 	UBaseType_t uxTaskGetStackHighWaterMark( TaskHandle_t xTask )
3867:System/FreeRTOS/tasks.c **** 	{
 5631              		.loc 1 3867 2
 5632              		.cfi_startproc
 5633              		@ args = 0, pretend = 0, frame = 24
 5634              		@ frame_needed = 1, uses_anonymous_args = 0
 5635 0000 80B5     		push	{r7, lr}
 5636              	.LCFI218:
 5637              		.cfi_def_cfa_offset 8
 5638              		.cfi_offset 7, -8
 5639              		.cfi_offset 14, -4
 5640 0002 86B0     		sub	sp, sp, #24
 5641              	.LCFI219:
 5642              		.cfi_def_cfa_offset 32
 5643 0004 00AF     		add	r7, sp, #0
 5644              	.LCFI220:
 5645              		.cfi_def_cfa_register 7
 5646 0006 7860     		str	r0, [r7, #4]
3868:System/FreeRTOS/tasks.c **** 	TCB_t *pxTCB;
3869:System/FreeRTOS/tasks.c **** 	uint8_t *pucEndOfStack;
3870:System/FreeRTOS/tasks.c **** 	UBaseType_t uxReturn;
3871:System/FreeRTOS/tasks.c **** 
3872:System/FreeRTOS/tasks.c **** 		pxTCB = prvGetTCBFromHandle( xTask );
 5647              		.loc 1 3872 11
 5648 0008 7B68     		ldr	r3, [r7, #4]
 5649 000a 002B     		cmp	r3, #0
 5650 000c 02D1     		bne	.L342
 5651              		.loc 1 3872 11 is_stmt 0 discriminator 1
 5652 000e 094B     		ldr	r3, .L345
 5653 0010 1B68     		ldr	r3, [r3]
 5654 0012 00E0     		b	.L343
 5655              	.L342:
 5656              		.loc 1 3872 11 discriminator 2
 5657 0014 7B68     		ldr	r3, [r7, #4]
 5658              	.L343:
 5659              		.loc 1 3872 9 is_stmt 1 discriminator 4
 5660 0016 7B61     		str	r3, [r7, #20]
3873:System/FreeRTOS/tasks.c **** 
ARM GAS  C:\Users\HUAV\AppData\Local\Temp\ccerV99a.s 			page 172


3874:System/FreeRTOS/tasks.c **** 		#if portSTACK_GROWTH < 0
3875:System/FreeRTOS/tasks.c **** 		{
3876:System/FreeRTOS/tasks.c **** 			pucEndOfStack = ( uint8_t * ) pxTCB->pxStack;
 5661              		.loc 1 3876 18 discriminator 4
 5662 0018 7B69     		ldr	r3, [r7, #20]
 5663 001a 1B6B     		ldr	r3, [r3, #48]
 5664 001c 3B61     		str	r3, [r7, #16]
3877:System/FreeRTOS/tasks.c **** 		}
3878:System/FreeRTOS/tasks.c **** 		#else
3879:System/FreeRTOS/tasks.c **** 		{
3880:System/FreeRTOS/tasks.c **** 			pucEndOfStack = ( uint8_t * ) pxTCB->pxEndOfStack;
3881:System/FreeRTOS/tasks.c **** 		}
3882:System/FreeRTOS/tasks.c **** 		#endif
3883:System/FreeRTOS/tasks.c **** 
3884:System/FreeRTOS/tasks.c **** 		uxReturn = ( UBaseType_t ) prvTaskCheckFreeStackSpace( pucEndOfStack );
 5665              		.loc 1 3884 30 discriminator 4
 5666 001e 3869     		ldr	r0, [r7, #16]
 5667 0020 FFF7FEFF 		bl	prvTaskCheckFreeStackSpace
 5668 0024 0346     		mov	r3, r0
 5669              		.loc 1 3884 12 discriminator 4
 5670 0026 FB60     		str	r3, [r7, #12]
3885:System/FreeRTOS/tasks.c **** 
3886:System/FreeRTOS/tasks.c **** 		return uxReturn;
 5671              		.loc 1 3886 10 discriminator 4
 5672 0028 FB68     		ldr	r3, [r7, #12]
3887:System/FreeRTOS/tasks.c **** 	}
 5673              		.loc 1 3887 2 discriminator 4
 5674 002a 1846     		mov	r0, r3
 5675 002c 1837     		adds	r7, r7, #24
 5676              	.LCFI221:
 5677              		.cfi_def_cfa_offset 8
 5678 002e BD46     		mov	sp, r7
 5679              	.LCFI222:
 5680              		.cfi_def_cfa_register 13
 5681              		@ sp needed
 5682 0030 80BD     		pop	{r7, pc}
 5683              	.L346:
 5684 0032 00BF     		.align	2
 5685              	.L345:
 5686 0034 00000000 		.word	pxCurrentTCB
 5687              		.cfi_endproc
 5688              	.LFE48:
 5690              		.section	.text.prvDeleteTCB,"ax",%progbits
 5691              		.align	1
 5692              		.syntax unified
 5693              		.thumb
 5694              		.thumb_func
 5696              	prvDeleteTCB:
 5697              	.LFB49:
3888:System/FreeRTOS/tasks.c **** 
3889:System/FreeRTOS/tasks.c **** #endif /* INCLUDE_uxTaskGetStackHighWaterMark */
3890:System/FreeRTOS/tasks.c **** /*-----------------------------------------------------------*/
3891:System/FreeRTOS/tasks.c **** 
3892:System/FreeRTOS/tasks.c **** #if ( INCLUDE_vTaskDelete == 1 )
3893:System/FreeRTOS/tasks.c **** 
3894:System/FreeRTOS/tasks.c **** 	static void prvDeleteTCB( TCB_t *pxTCB )
3895:System/FreeRTOS/tasks.c **** 	{
ARM GAS  C:\Users\HUAV\AppData\Local\Temp\ccerV99a.s 			page 173


 5698              		.loc 1 3895 2
 5699              		.cfi_startproc
 5700              		@ args = 0, pretend = 0, frame = 16
 5701              		@ frame_needed = 1, uses_anonymous_args = 0
 5702 0000 80B5     		push	{r7, lr}
 5703              	.LCFI223:
 5704              		.cfi_def_cfa_offset 8
 5705              		.cfi_offset 7, -8
 5706              		.cfi_offset 14, -4
 5707 0002 84B0     		sub	sp, sp, #16
 5708              	.LCFI224:
 5709              		.cfi_def_cfa_offset 24
 5710 0004 00AF     		add	r7, sp, #0
 5711              	.LCFI225:
 5712              		.cfi_def_cfa_register 7
 5713 0006 7860     		str	r0, [r7, #4]
3896:System/FreeRTOS/tasks.c **** 		/* This call is required specifically for the TriCore port.  It must be
3897:System/FreeRTOS/tasks.c **** 		above the vPortFree() calls.  The call is also used by ports/demos that
3898:System/FreeRTOS/tasks.c **** 		want to allocate and clean RAM statically. */
3899:System/FreeRTOS/tasks.c **** 		portCLEAN_UP_TCB( pxTCB );
3900:System/FreeRTOS/tasks.c **** 
3901:System/FreeRTOS/tasks.c **** 		/* Free up the memory allocated by the scheduler for the task.  It is up
3902:System/FreeRTOS/tasks.c **** 		to the task to free any memory allocated at the application level.
3903:System/FreeRTOS/tasks.c **** 		See the third party link http://www.nadler.com/embedded/newlibAndFreeRTOS.html
3904:System/FreeRTOS/tasks.c **** 		for additional information. */
3905:System/FreeRTOS/tasks.c **** 		#if ( configUSE_NEWLIB_REENTRANT == 1 )
3906:System/FreeRTOS/tasks.c **** 		{
3907:System/FreeRTOS/tasks.c **** 			_reclaim_reent( &( pxTCB->xNewLib_reent ) );
3908:System/FreeRTOS/tasks.c **** 		}
3909:System/FreeRTOS/tasks.c **** 		#endif /* configUSE_NEWLIB_REENTRANT */
3910:System/FreeRTOS/tasks.c **** 
3911:System/FreeRTOS/tasks.c **** 		#if( ( configSUPPORT_DYNAMIC_ALLOCATION == 1 ) && ( configSUPPORT_STATIC_ALLOCATION == 0 ) && ( p
3912:System/FreeRTOS/tasks.c **** 		{
3913:System/FreeRTOS/tasks.c **** 			/* The task can only have been allocated dynamically - free both
3914:System/FreeRTOS/tasks.c **** 			the stack and TCB. */
3915:System/FreeRTOS/tasks.c **** 			vPortFree( pxTCB->pxStack );
3916:System/FreeRTOS/tasks.c **** 			vPortFree( pxTCB );
3917:System/FreeRTOS/tasks.c **** 		}
3918:System/FreeRTOS/tasks.c **** 		#elif( tskSTATIC_AND_DYNAMIC_ALLOCATION_POSSIBLE != 0 ) /*lint !e731 !e9029 Macro has been consol
3919:System/FreeRTOS/tasks.c **** 		{
3920:System/FreeRTOS/tasks.c **** 			/* The task could have been allocated statically or dynamically, so
3921:System/FreeRTOS/tasks.c **** 			check what was statically allocated before trying to free the
3922:System/FreeRTOS/tasks.c **** 			memory. */
3923:System/FreeRTOS/tasks.c **** 			if( pxTCB->ucStaticallyAllocated == tskDYNAMICALLY_ALLOCATED_STACK_AND_TCB )
 5714              		.loc 1 3923 13
 5715 0008 7B68     		ldr	r3, [r7, #4]
 5716 000a 93F85D30 		ldrb	r3, [r3, #93]	@ zero_extendqisi2
 5717              		.loc 1 3923 6
 5718 000e 002B     		cmp	r3, #0
 5719 0010 08D1     		bne	.L348
3924:System/FreeRTOS/tasks.c **** 			{
3925:System/FreeRTOS/tasks.c **** 				/* Both the stack and TCB were allocated dynamically, so both
3926:System/FreeRTOS/tasks.c **** 				must be freed. */
3927:System/FreeRTOS/tasks.c **** 				vPortFree( pxTCB->pxStack );
 5720              		.loc 1 3927 21
 5721 0012 7B68     		ldr	r3, [r7, #4]
 5722 0014 1B6B     		ldr	r3, [r3, #48]
ARM GAS  C:\Users\HUAV\AppData\Local\Temp\ccerV99a.s 			page 174


 5723              		.loc 1 3927 5
 5724 0016 1846     		mov	r0, r3
 5725 0018 FFF7FEFF 		bl	vPortFree
3928:System/FreeRTOS/tasks.c **** 				vPortFree( pxTCB );
 5726              		.loc 1 3928 5
 5727 001c 7868     		ldr	r0, [r7, #4]
 5728 001e FFF7FEFF 		bl	vPortFree
3929:System/FreeRTOS/tasks.c **** 			}
3930:System/FreeRTOS/tasks.c **** 			else if( pxTCB->ucStaticallyAllocated == tskSTATICALLY_ALLOCATED_STACK_ONLY )
3931:System/FreeRTOS/tasks.c **** 			{
3932:System/FreeRTOS/tasks.c **** 				/* Only the stack was statically allocated, so the TCB is the
3933:System/FreeRTOS/tasks.c **** 				only memory that must be freed. */
3934:System/FreeRTOS/tasks.c **** 				vPortFree( pxTCB );
3935:System/FreeRTOS/tasks.c **** 			}
3936:System/FreeRTOS/tasks.c **** 			else
3937:System/FreeRTOS/tasks.c **** 			{
3938:System/FreeRTOS/tasks.c **** 				/* Neither the stack nor the TCB were allocated dynamically, so
3939:System/FreeRTOS/tasks.c **** 				nothing needs to be freed. */
3940:System/FreeRTOS/tasks.c **** 				configASSERT( pxTCB->ucStaticallyAllocated == tskSTATICALLY_ALLOCATED_STACK_AND_TCB	);
3941:System/FreeRTOS/tasks.c **** 				mtCOVERAGE_TEST_MARKER();
3942:System/FreeRTOS/tasks.c **** 			}
3943:System/FreeRTOS/tasks.c **** 		}
3944:System/FreeRTOS/tasks.c **** 		#endif /* configSUPPORT_DYNAMIC_ALLOCATION */
3945:System/FreeRTOS/tasks.c **** 	}
 5729              		.loc 1 3945 2
 5730 0022 18E0     		b	.L352
 5731              	.L348:
3930:System/FreeRTOS/tasks.c **** 			{
 5732              		.loc 1 3930 18
 5733 0024 7B68     		ldr	r3, [r7, #4]
 5734 0026 93F85D30 		ldrb	r3, [r3, #93]	@ zero_extendqisi2
3930:System/FreeRTOS/tasks.c **** 			{
 5735              		.loc 1 3930 11
 5736 002a 012B     		cmp	r3, #1
 5737 002c 03D1     		bne	.L350
3934:System/FreeRTOS/tasks.c **** 			}
 5738              		.loc 1 3934 5
 5739 002e 7868     		ldr	r0, [r7, #4]
 5740 0030 FFF7FEFF 		bl	vPortFree
 5741              		.loc 1 3945 2
 5742 0034 0FE0     		b	.L352
 5743              	.L350:
3940:System/FreeRTOS/tasks.c **** 				mtCOVERAGE_TEST_MARKER();
 5744              		.loc 1 3940 5
 5745 0036 7B68     		ldr	r3, [r7, #4]
 5746 0038 93F85D30 		ldrb	r3, [r3, #93]	@ zero_extendqisi2
 5747 003c 022B     		cmp	r3, #2
 5748 003e 0AD0     		beq	.L352
 5749              	.LBB210:
 5750              	.LBB211:
 195:System/FreeRTOS/portable/GCC/ARM_CM4F/portmacro.h **** 	(
 5751              		.loc 2 195 2
 5752              		.syntax unified
 5753              	@ 195 "System/FreeRTOS/portable/GCC/ARM_CM4F/portmacro.h" 1
 5754 0040 4FF05003 			mov r3, #80												
 5755 0044 83F31188 		msr basepri, r3											
 5756 0048 BFF36F8F 		isb														
ARM GAS  C:\Users\HUAV\AppData\Local\Temp\ccerV99a.s 			page 175


 5757 004c BFF34F8F 		dsb														
 5758              	
 5759              	@ 0 "" 2
 5760              		.thumb
 5761              		.syntax unified
 5762 0050 FB60     		str	r3, [r7, #12]
 203:System/FreeRTOS/portable/GCC/ARM_CM4F/portmacro.h **** 
 5763              		.loc 2 203 1
 5764 0052 00BF     		nop
 5765              	.L351:
 5766              	.LBE211:
 5767              	.LBE210:
3940:System/FreeRTOS/tasks.c **** 				mtCOVERAGE_TEST_MARKER();
 5768              		.loc 1 3940 5 discriminator 1
 5769 0054 FEE7     		b	.L351
 5770              	.L352:
 5771              		.loc 1 3945 2
 5772 0056 00BF     		nop
 5773 0058 1037     		adds	r7, r7, #16
 5774              	.LCFI226:
 5775              		.cfi_def_cfa_offset 8
 5776 005a BD46     		mov	sp, r7
 5777              	.LCFI227:
 5778              		.cfi_def_cfa_register 13
 5779              		@ sp needed
 5780 005c 80BD     		pop	{r7, pc}
 5781              		.cfi_endproc
 5782              	.LFE49:
 5784              		.section	.text.prvResetNextTaskUnblockTime,"ax",%progbits
 5785              		.align	1
 5786              		.syntax unified
 5787              		.thumb
 5788              		.thumb_func
 5790              	prvResetNextTaskUnblockTime:
 5791              	.LFB50:
3946:System/FreeRTOS/tasks.c **** 
3947:System/FreeRTOS/tasks.c **** #endif /* INCLUDE_vTaskDelete */
3948:System/FreeRTOS/tasks.c **** /*-----------------------------------------------------------*/
3949:System/FreeRTOS/tasks.c **** 
3950:System/FreeRTOS/tasks.c **** static void prvResetNextTaskUnblockTime( void )
3951:System/FreeRTOS/tasks.c **** {
 5792              		.loc 1 3951 1
 5793              		.cfi_startproc
 5794              		@ args = 0, pretend = 0, frame = 8
 5795              		@ frame_needed = 1, uses_anonymous_args = 0
 5796              		@ link register save eliminated.
 5797 0000 80B4     		push	{r7}
 5798              	.LCFI228:
 5799              		.cfi_def_cfa_offset 4
 5800              		.cfi_offset 7, -4
 5801 0002 83B0     		sub	sp, sp, #12
 5802              	.LCFI229:
 5803              		.cfi_def_cfa_offset 16
 5804 0004 00AF     		add	r7, sp, #0
 5805              	.LCFI230:
 5806              		.cfi_def_cfa_register 7
3952:System/FreeRTOS/tasks.c **** TCB_t *pxTCB;
ARM GAS  C:\Users\HUAV\AppData\Local\Temp\ccerV99a.s 			page 176


3953:System/FreeRTOS/tasks.c **** 
3954:System/FreeRTOS/tasks.c **** 	if( listLIST_IS_EMPTY( pxDelayedTaskList ) != pdFALSE )
 5807              		.loc 1 3954 6
 5808 0006 0C4B     		ldr	r3, .L357
 5809 0008 1B68     		ldr	r3, [r3]
 5810 000a 1B68     		ldr	r3, [r3]
 5811              		.loc 1 3954 4
 5812 000c 002B     		cmp	r3, #0
 5813 000e 04D1     		bne	.L354
3955:System/FreeRTOS/tasks.c **** 	{
3956:System/FreeRTOS/tasks.c **** 		/* The new current delayed list is empty.  Set xNextTaskUnblockTime to
3957:System/FreeRTOS/tasks.c **** 		the maximum possible value so it is	extremely unlikely that the
3958:System/FreeRTOS/tasks.c **** 		if( xTickCount >= xNextTaskUnblockTime ) test will pass until
3959:System/FreeRTOS/tasks.c **** 		there is an item in the delayed list. */
3960:System/FreeRTOS/tasks.c **** 		xNextTaskUnblockTime = portMAX_DELAY;
 5814              		.loc 1 3960 24
 5815 0010 0A4B     		ldr	r3, .L357+4
 5816 0012 4FF0FF32 		mov	r2, #-1
 5817 0016 1A60     		str	r2, [r3]
3961:System/FreeRTOS/tasks.c **** 	}
3962:System/FreeRTOS/tasks.c **** 	else
3963:System/FreeRTOS/tasks.c **** 	{
3964:System/FreeRTOS/tasks.c **** 		/* The new current delayed list is not empty, get the value of
3965:System/FreeRTOS/tasks.c **** 		the item at the head of the delayed list.  This is the time at
3966:System/FreeRTOS/tasks.c **** 		which the task at the head of the delayed list should be removed
3967:System/FreeRTOS/tasks.c **** 		from the Blocked state. */
3968:System/FreeRTOS/tasks.c **** 		( pxTCB ) = listGET_OWNER_OF_HEAD_ENTRY( pxDelayedTaskList ); /*lint !e9079 void * is used as thi
3969:System/FreeRTOS/tasks.c **** 		xNextTaskUnblockTime = listGET_LIST_ITEM_VALUE( &( ( pxTCB )->xStateListItem ) );
3970:System/FreeRTOS/tasks.c **** 	}
3971:System/FreeRTOS/tasks.c **** }
 5818              		.loc 1 3971 1
 5819 0018 08E0     		b	.L356
 5820              	.L354:
3968:System/FreeRTOS/tasks.c **** 		xNextTaskUnblockTime = listGET_LIST_ITEM_VALUE( &( ( pxTCB )->xStateListItem ) );
 5821              		.loc 1 3968 15
 5822 001a 074B     		ldr	r3, .L357
 5823 001c 1B68     		ldr	r3, [r3]
 5824 001e DB68     		ldr	r3, [r3, #12]
3968:System/FreeRTOS/tasks.c **** 		xNextTaskUnblockTime = listGET_LIST_ITEM_VALUE( &( ( pxTCB )->xStateListItem ) );
 5825              		.loc 1 3968 13
 5826 0020 DB68     		ldr	r3, [r3, #12]
 5827 0022 7B60     		str	r3, [r7, #4]
3969:System/FreeRTOS/tasks.c **** 	}
 5828              		.loc 1 3969 26
 5829 0024 7B68     		ldr	r3, [r7, #4]
 5830 0026 5B68     		ldr	r3, [r3, #4]
3969:System/FreeRTOS/tasks.c **** 	}
 5831              		.loc 1 3969 24
 5832 0028 044A     		ldr	r2, .L357+4
 5833 002a 1360     		str	r3, [r2]
 5834              	.L356:
 5835              		.loc 1 3971 1
 5836 002c 00BF     		nop
 5837 002e 0C37     		adds	r7, r7, #12
 5838              	.LCFI231:
 5839              		.cfi_def_cfa_offset 4
 5840 0030 BD46     		mov	sp, r7
ARM GAS  C:\Users\HUAV\AppData\Local\Temp\ccerV99a.s 			page 177


 5841              	.LCFI232:
 5842              		.cfi_def_cfa_register 13
 5843              		@ sp needed
 5844 0032 5DF8047B 		ldr	r7, [sp], #4
 5845              	.LCFI233:
 5846              		.cfi_restore 7
 5847              		.cfi_def_cfa_offset 0
 5848 0036 7047     		bx	lr
 5849              	.L358:
 5850              		.align	2
 5851              	.L357:
 5852 0038 00000000 		.word	pxDelayedTaskList
 5853 003c 00000000 		.word	xNextTaskUnblockTime
 5854              		.cfi_endproc
 5855              	.LFE50:
 5857              		.section	.text.xTaskGetCurrentTaskHandle,"ax",%progbits
 5858              		.align	1
 5859              		.global	xTaskGetCurrentTaskHandle
 5860              		.syntax unified
 5861              		.thumb
 5862              		.thumb_func
 5864              	xTaskGetCurrentTaskHandle:
 5865              	.LFB51:
3972:System/FreeRTOS/tasks.c **** /*-----------------------------------------------------------*/
3973:System/FreeRTOS/tasks.c **** 
3974:System/FreeRTOS/tasks.c **** #if ( ( INCLUDE_xTaskGetCurrentTaskHandle == 1 ) || ( configUSE_MUTEXES == 1 ) )
3975:System/FreeRTOS/tasks.c **** 
3976:System/FreeRTOS/tasks.c **** 	TaskHandle_t xTaskGetCurrentTaskHandle( void )
3977:System/FreeRTOS/tasks.c **** 	{
 5866              		.loc 1 3977 2
 5867              		.cfi_startproc
 5868              		@ args = 0, pretend = 0, frame = 8
 5869              		@ frame_needed = 1, uses_anonymous_args = 0
 5870              		@ link register save eliminated.
 5871 0000 80B4     		push	{r7}
 5872              	.LCFI234:
 5873              		.cfi_def_cfa_offset 4
 5874              		.cfi_offset 7, -4
 5875 0002 83B0     		sub	sp, sp, #12
 5876              	.LCFI235:
 5877              		.cfi_def_cfa_offset 16
 5878 0004 00AF     		add	r7, sp, #0
 5879              	.LCFI236:
 5880              		.cfi_def_cfa_register 7
3978:System/FreeRTOS/tasks.c **** 	TaskHandle_t xReturn;
3979:System/FreeRTOS/tasks.c **** 
3980:System/FreeRTOS/tasks.c **** 		/* A critical section is not required as this is not called from
3981:System/FreeRTOS/tasks.c **** 		an interrupt and the current TCB will always be the same for any
3982:System/FreeRTOS/tasks.c **** 		individual execution thread. */
3983:System/FreeRTOS/tasks.c **** 		xReturn = pxCurrentTCB;
 5881              		.loc 1 3983 11
 5882 0006 054B     		ldr	r3, .L361
 5883 0008 1B68     		ldr	r3, [r3]
 5884 000a 7B60     		str	r3, [r7, #4]
3984:System/FreeRTOS/tasks.c **** 
3985:System/FreeRTOS/tasks.c **** 		return xReturn;
 5885              		.loc 1 3985 10
ARM GAS  C:\Users\HUAV\AppData\Local\Temp\ccerV99a.s 			page 178


 5886 000c 7B68     		ldr	r3, [r7, #4]
3986:System/FreeRTOS/tasks.c **** 	}
 5887              		.loc 1 3986 2
 5888 000e 1846     		mov	r0, r3
 5889 0010 0C37     		adds	r7, r7, #12
 5890              	.LCFI237:
 5891              		.cfi_def_cfa_offset 4
 5892 0012 BD46     		mov	sp, r7
 5893              	.LCFI238:
 5894              		.cfi_def_cfa_register 13
 5895              		@ sp needed
 5896 0014 5DF8047B 		ldr	r7, [sp], #4
 5897              	.LCFI239:
 5898              		.cfi_restore 7
 5899              		.cfi_def_cfa_offset 0
 5900 0018 7047     		bx	lr
 5901              	.L362:
 5902 001a 00BF     		.align	2
 5903              	.L361:
 5904 001c 00000000 		.word	pxCurrentTCB
 5905              		.cfi_endproc
 5906              	.LFE51:
 5908              		.section	.text.xTaskGetCurrentTaskStack,"ax",%progbits
 5909              		.align	1
 5910              		.global	xTaskGetCurrentTaskStack
 5911              		.syntax unified
 5912              		.thumb
 5913              		.thumb_func
 5915              	xTaskGetCurrentTaskStack:
 5916              	.LFB52:
3987:System/FreeRTOS/tasks.c **** 
3988:System/FreeRTOS/tasks.c **** 	const uint32_t *xTaskGetCurrentTaskStack( TaskHandle_t xTaskToQuery )
3989:System/FreeRTOS/tasks.c **** 	{
 5917              		.loc 1 3989 2
 5918              		.cfi_startproc
 5919              		@ args = 0, pretend = 0, frame = 16
 5920              		@ frame_needed = 1, uses_anonymous_args = 0
 5921              		@ link register save eliminated.
 5922 0000 80B4     		push	{r7}
 5923              	.LCFI240:
 5924              		.cfi_def_cfa_offset 4
 5925              		.cfi_offset 7, -4
 5926 0002 85B0     		sub	sp, sp, #20
 5927              	.LCFI241:
 5928              		.cfi_def_cfa_offset 24
 5929 0004 00AF     		add	r7, sp, #0
 5930              	.LCFI242:
 5931              		.cfi_def_cfa_register 7
 5932 0006 7860     		str	r0, [r7, #4]
3990:System/FreeRTOS/tasks.c **** 		volatile TCB_t *pxTCB;
3991:System/FreeRTOS/tasks.c **** 
3992:System/FreeRTOS/tasks.c **** 		/* If null is passed in here then the name of the calling task is being
3993:System/FreeRTOS/tasks.c **** 		queried. */
3994:System/FreeRTOS/tasks.c **** 		pxTCB = prvGetTCBFromHandle( xTaskToQuery );
 5933              		.loc 1 3994 11
 5934 0008 7B68     		ldr	r3, [r7, #4]
 5935 000a 002B     		cmp	r3, #0
ARM GAS  C:\Users\HUAV\AppData\Local\Temp\ccerV99a.s 			page 179


 5936 000c 02D1     		bne	.L364
 5937              		.loc 1 3994 11 is_stmt 0 discriminator 1
 5938 000e 0D4B     		ldr	r3, .L369
 5939 0010 1B68     		ldr	r3, [r3]
 5940 0012 00E0     		b	.L365
 5941              	.L364:
 5942              		.loc 1 3994 11 discriminator 2
 5943 0014 7B68     		ldr	r3, [r7, #4]
 5944              	.L365:
 5945              		.loc 1 3994 9 is_stmt 1 discriminator 4
 5946 0016 FB60     		str	r3, [r7, #12]
3995:System/FreeRTOS/tasks.c **** 		configASSERT( pxTCB );
 5947              		.loc 1 3995 3 discriminator 4
 5948 0018 FB68     		ldr	r3, [r7, #12]
 5949 001a 002B     		cmp	r3, #0
 5950 001c 0AD1     		bne	.L366
 5951              	.LBB212:
 5952              	.LBB213:
 195:System/FreeRTOS/portable/GCC/ARM_CM4F/portmacro.h **** 	(
 5953              		.loc 2 195 2
 5954              		.syntax unified
 5955              	@ 195 "System/FreeRTOS/portable/GCC/ARM_CM4F/portmacro.h" 1
 5956 001e 4FF05003 			mov r3, #80												
 5957 0022 83F31188 		msr basepri, r3											
 5958 0026 BFF36F8F 		isb														
 5959 002a BFF34F8F 		dsb														
 5960              	
 5961              	@ 0 "" 2
 5962              		.thumb
 5963              		.syntax unified
 5964 002e BB60     		str	r3, [r7, #8]
 203:System/FreeRTOS/portable/GCC/ARM_CM4F/portmacro.h **** 
 5965              		.loc 2 203 1
 5966 0030 00BF     		nop
 5967              	.L367:
 5968              	.LBE213:
 5969              	.LBE212:
 5970              		.loc 1 3995 3 discriminator 1
 5971 0032 FEE7     		b	.L367
 5972              	.L366:
3996:System/FreeRTOS/tasks.c **** 		return ( pxTCB->pxStack );
 5973              		.loc 1 3996 17
 5974 0034 FB68     		ldr	r3, [r7, #12]
 5975 0036 1B6B     		ldr	r3, [r3, #48]
3997:System/FreeRTOS/tasks.c **** 	}
 5976              		.loc 1 3997 2
 5977 0038 1846     		mov	r0, r3
 5978 003a 1437     		adds	r7, r7, #20
 5979              	.LCFI243:
 5980              		.cfi_def_cfa_offset 4
 5981 003c BD46     		mov	sp, r7
 5982              	.LCFI244:
 5983              		.cfi_def_cfa_register 13
 5984              		@ sp needed
 5985 003e 5DF8047B 		ldr	r7, [sp], #4
 5986              	.LCFI245:
 5987              		.cfi_restore 7
ARM GAS  C:\Users\HUAV\AppData\Local\Temp\ccerV99a.s 			page 180


 5988              		.cfi_def_cfa_offset 0
 5989 0042 7047     		bx	lr
 5990              	.L370:
 5991              		.align	2
 5992              	.L369:
 5993 0044 00000000 		.word	pxCurrentTCB
 5994              		.cfi_endproc
 5995              	.LFE52:
 5997              		.section	.text.xTaskGetCurrentTaskStackDeph,"ax",%progbits
 5998              		.align	1
 5999              		.global	xTaskGetCurrentTaskStackDeph
 6000              		.syntax unified
 6001              		.thumb
 6002              		.thumb_func
 6004              	xTaskGetCurrentTaskStackDeph:
 6005              	.LFB53:
3998:System/FreeRTOS/tasks.c **** 
3999:System/FreeRTOS/tasks.c **** 	uint32_t xTaskGetCurrentTaskStackDeph( TaskHandle_t xTaskToQuery  )
4000:System/FreeRTOS/tasks.c **** 	{
 6006              		.loc 1 4000 2
 6007              		.cfi_startproc
 6008              		@ args = 0, pretend = 0, frame = 16
 6009              		@ frame_needed = 1, uses_anonymous_args = 0
 6010              		@ link register save eliminated.
 6011 0000 80B4     		push	{r7}
 6012              	.LCFI246:
 6013              		.cfi_def_cfa_offset 4
 6014              		.cfi_offset 7, -4
 6015 0002 85B0     		sub	sp, sp, #20
 6016              	.LCFI247:
 6017              		.cfi_def_cfa_offset 24
 6018 0004 00AF     		add	r7, sp, #0
 6019              	.LCFI248:
 6020              		.cfi_def_cfa_register 7
 6021 0006 7860     		str	r0, [r7, #4]
4001:System/FreeRTOS/tasks.c **** 		volatile TCB_t *pxTCB;
4002:System/FreeRTOS/tasks.c **** 
4003:System/FreeRTOS/tasks.c **** 		/* If null is passed in here then the name of the calling task is being
4004:System/FreeRTOS/tasks.c **** 		queried. */
4005:System/FreeRTOS/tasks.c **** 		pxTCB = prvGetTCBFromHandle( xTaskToQuery );
 6022              		.loc 1 4005 11
 6023 0008 7B68     		ldr	r3, [r7, #4]
 6024 000a 002B     		cmp	r3, #0
 6025 000c 02D1     		bne	.L372
 6026              		.loc 1 4005 11 is_stmt 0 discriminator 1
 6027 000e 0D4B     		ldr	r3, .L377
 6028 0010 1B68     		ldr	r3, [r3]
 6029 0012 00E0     		b	.L373
 6030              	.L372:
 6031              		.loc 1 4005 11 discriminator 2
 6032 0014 7B68     		ldr	r3, [r7, #4]
 6033              	.L373:
 6034              		.loc 1 4005 9 is_stmt 1 discriminator 4
 6035 0016 FB60     		str	r3, [r7, #12]
4006:System/FreeRTOS/tasks.c **** 		configASSERT( pxTCB );
 6036              		.loc 1 4006 3 discriminator 4
 6037 0018 FB68     		ldr	r3, [r7, #12]
ARM GAS  C:\Users\HUAV\AppData\Local\Temp\ccerV99a.s 			page 181


 6038 001a 002B     		cmp	r3, #0
 6039 001c 0AD1     		bne	.L374
 6040              	.LBB214:
 6041              	.LBB215:
 195:System/FreeRTOS/portable/GCC/ARM_CM4F/portmacro.h **** 	(
 6042              		.loc 2 195 2
 6043              		.syntax unified
 6044              	@ 195 "System/FreeRTOS/portable/GCC/ARM_CM4F/portmacro.h" 1
 6045 001e 4FF05003 			mov r3, #80												
 6046 0022 83F31188 		msr basepri, r3											
 6047 0026 BFF36F8F 		isb														
 6048 002a BFF34F8F 		dsb														
 6049              	
 6050              	@ 0 "" 2
 6051              		.thumb
 6052              		.syntax unified
 6053 002e BB60     		str	r3, [r7, #8]
 203:System/FreeRTOS/portable/GCC/ARM_CM4F/portmacro.h **** 
 6054              		.loc 2 203 1
 6055 0030 00BF     		nop
 6056              	.L375:
 6057              	.LBE215:
 6058              	.LBE214:
 6059              		.loc 1 4006 3 discriminator 1
 6060 0032 FEE7     		b	.L375
 6061              	.L374:
4007:System/FreeRTOS/tasks.c **** 		return ( pxTCB->uxSizeOfStack);
 6062              		.loc 1 4007 17
 6063 0034 FB68     		ldr	r3, [r7, #12]
 6064 0036 5B6C     		ldr	r3, [r3, #68]
4008:System/FreeRTOS/tasks.c **** 	}
 6065              		.loc 1 4008 2
 6066 0038 1846     		mov	r0, r3
 6067 003a 1437     		adds	r7, r7, #20
 6068              	.LCFI249:
 6069              		.cfi_def_cfa_offset 4
 6070 003c BD46     		mov	sp, r7
 6071              	.LCFI250:
 6072              		.cfi_def_cfa_register 13
 6073              		@ sp needed
 6074 003e 5DF8047B 		ldr	r7, [sp], #4
 6075              	.LCFI251:
 6076              		.cfi_restore 7
 6077              		.cfi_def_cfa_offset 0
 6078 0042 7047     		bx	lr
 6079              	.L378:
 6080              		.align	2
 6081              	.L377:
 6082 0044 00000000 		.word	pxCurrentTCB
 6083              		.cfi_endproc
 6084              	.LFE53:
 6086              		.section	.text.xTaskGetSchedulerState,"ax",%progbits
 6087              		.align	1
 6088              		.global	xTaskGetSchedulerState
 6089              		.syntax unified
 6090              		.thumb
 6091              		.thumb_func
ARM GAS  C:\Users\HUAV\AppData\Local\Temp\ccerV99a.s 			page 182


 6093              	xTaskGetSchedulerState:
 6094              	.LFB54:
4009:System/FreeRTOS/tasks.c **** 
4010:System/FreeRTOS/tasks.c **** #endif /* ( ( INCLUDE_xTaskGetCurrentTaskHandle == 1 ) || ( configUSE_MUTEXES == 1 ) ) */
4011:System/FreeRTOS/tasks.c **** /*-----------------------------------------------------------*/
4012:System/FreeRTOS/tasks.c **** 
4013:System/FreeRTOS/tasks.c **** #if ( ( INCLUDE_xTaskGetSchedulerState == 1 ) || ( configUSE_TIMERS == 1 ) )
4014:System/FreeRTOS/tasks.c **** 
4015:System/FreeRTOS/tasks.c **** 	BaseType_t xTaskGetSchedulerState( void )
4016:System/FreeRTOS/tasks.c **** 	{
 6095              		.loc 1 4016 2
 6096              		.cfi_startproc
 6097              		@ args = 0, pretend = 0, frame = 8
 6098              		@ frame_needed = 1, uses_anonymous_args = 0
 6099              		@ link register save eliminated.
 6100 0000 80B4     		push	{r7}
 6101              	.LCFI252:
 6102              		.cfi_def_cfa_offset 4
 6103              		.cfi_offset 7, -4
 6104 0002 83B0     		sub	sp, sp, #12
 6105              	.LCFI253:
 6106              		.cfi_def_cfa_offset 16
 6107 0004 00AF     		add	r7, sp, #0
 6108              	.LCFI254:
 6109              		.cfi_def_cfa_register 7
4017:System/FreeRTOS/tasks.c **** 	BaseType_t xReturn;
4018:System/FreeRTOS/tasks.c **** 
4019:System/FreeRTOS/tasks.c **** 		if( xSchedulerRunning == pdFALSE )
 6110              		.loc 1 4019 25
 6111 0006 0B4B     		ldr	r3, .L384
 6112 0008 1B68     		ldr	r3, [r3]
 6113              		.loc 1 4019 5
 6114 000a 002B     		cmp	r3, #0
 6115 000c 02D1     		bne	.L380
4020:System/FreeRTOS/tasks.c **** 		{
4021:System/FreeRTOS/tasks.c **** 			xReturn = taskSCHEDULER_NOT_STARTED;
 6116              		.loc 1 4021 12
 6117 000e 0123     		movs	r3, #1
 6118 0010 7B60     		str	r3, [r7, #4]
 6119 0012 08E0     		b	.L381
 6120              	.L380:
4022:System/FreeRTOS/tasks.c **** 		}
4023:System/FreeRTOS/tasks.c **** 		else
4024:System/FreeRTOS/tasks.c **** 		{
4025:System/FreeRTOS/tasks.c **** 			if( uxSchedulerSuspended == ( UBaseType_t ) pdFALSE )
 6121              		.loc 1 4025 29
 6122 0014 084B     		ldr	r3, .L384+4
 6123 0016 1B68     		ldr	r3, [r3]
 6124              		.loc 1 4025 6
 6125 0018 002B     		cmp	r3, #0
 6126 001a 02D1     		bne	.L382
4026:System/FreeRTOS/tasks.c **** 			{
4027:System/FreeRTOS/tasks.c **** 				xReturn = taskSCHEDULER_RUNNING;
 6127              		.loc 1 4027 13
 6128 001c 0223     		movs	r3, #2
 6129 001e 7B60     		str	r3, [r7, #4]
 6130 0020 01E0     		b	.L381
ARM GAS  C:\Users\HUAV\AppData\Local\Temp\ccerV99a.s 			page 183


 6131              	.L382:
4028:System/FreeRTOS/tasks.c **** 			}
4029:System/FreeRTOS/tasks.c **** 			else
4030:System/FreeRTOS/tasks.c **** 			{
4031:System/FreeRTOS/tasks.c **** 				xReturn = taskSCHEDULER_SUSPENDED;
 6132              		.loc 1 4031 13
 6133 0022 0023     		movs	r3, #0
 6134 0024 7B60     		str	r3, [r7, #4]
 6135              	.L381:
4032:System/FreeRTOS/tasks.c **** 			}
4033:System/FreeRTOS/tasks.c **** 		}
4034:System/FreeRTOS/tasks.c **** 
4035:System/FreeRTOS/tasks.c **** 		return xReturn;
 6136              		.loc 1 4035 10
 6137 0026 7B68     		ldr	r3, [r7, #4]
4036:System/FreeRTOS/tasks.c **** 	}
 6138              		.loc 1 4036 2
 6139 0028 1846     		mov	r0, r3
 6140 002a 0C37     		adds	r7, r7, #12
 6141              	.LCFI255:
 6142              		.cfi_def_cfa_offset 4
 6143 002c BD46     		mov	sp, r7
 6144              	.LCFI256:
 6145              		.cfi_def_cfa_register 13
 6146              		@ sp needed
 6147 002e 5DF8047B 		ldr	r7, [sp], #4
 6148              	.LCFI257:
 6149              		.cfi_restore 7
 6150              		.cfi_def_cfa_offset 0
 6151 0032 7047     		bx	lr
 6152              	.L385:
 6153              		.align	2
 6154              	.L384:
 6155 0034 00000000 		.word	xSchedulerRunning
 6156 0038 00000000 		.word	uxSchedulerSuspended
 6157              		.cfi_endproc
 6158              	.LFE54:
 6160              		.section	.text.xTaskPriorityInherit,"ax",%progbits
 6161              		.align	1
 6162              		.global	xTaskPriorityInherit
 6163              		.syntax unified
 6164              		.thumb
 6165              		.thumb_func
 6167              	xTaskPriorityInherit:
 6168              	.LFB55:
4037:System/FreeRTOS/tasks.c **** 
4038:System/FreeRTOS/tasks.c **** #endif /* ( ( INCLUDE_xTaskGetSchedulerState == 1 ) || ( configUSE_TIMERS == 1 ) ) */
4039:System/FreeRTOS/tasks.c **** /*-----------------------------------------------------------*/
4040:System/FreeRTOS/tasks.c **** 
4041:System/FreeRTOS/tasks.c **** #if ( configUSE_MUTEXES == 1 )
4042:System/FreeRTOS/tasks.c **** 
4043:System/FreeRTOS/tasks.c **** 	BaseType_t xTaskPriorityInherit( TaskHandle_t const pxMutexHolder )
4044:System/FreeRTOS/tasks.c **** 	{
 6169              		.loc 1 4044 2
 6170              		.cfi_startproc
 6171              		@ args = 0, pretend = 0, frame = 16
 6172              		@ frame_needed = 1, uses_anonymous_args = 0
ARM GAS  C:\Users\HUAV\AppData\Local\Temp\ccerV99a.s 			page 184


 6173 0000 80B5     		push	{r7, lr}
 6174              	.LCFI258:
 6175              		.cfi_def_cfa_offset 8
 6176              		.cfi_offset 7, -8
 6177              		.cfi_offset 14, -4
 6178 0002 84B0     		sub	sp, sp, #16
 6179              	.LCFI259:
 6180              		.cfi_def_cfa_offset 24
 6181 0004 00AF     		add	r7, sp, #0
 6182              	.LCFI260:
 6183              		.cfi_def_cfa_register 7
 6184 0006 7860     		str	r0, [r7, #4]
4045:System/FreeRTOS/tasks.c **** 	TCB_t * const pxMutexHolderTCB = pxMutexHolder;
 6185              		.loc 1 4045 16
 6186 0008 7B68     		ldr	r3, [r7, #4]
 6187 000a BB60     		str	r3, [r7, #8]
4046:System/FreeRTOS/tasks.c **** 	BaseType_t xReturn = pdFALSE;
 6188              		.loc 1 4046 13
 6189 000c 0023     		movs	r3, #0
 6190 000e FB60     		str	r3, [r7, #12]
4047:System/FreeRTOS/tasks.c **** 
4048:System/FreeRTOS/tasks.c **** 		/* If the mutex was given back by an interrupt while the queue was
4049:System/FreeRTOS/tasks.c **** 		locked then the mutex holder might now be NULL.  _RB_ Is this still
4050:System/FreeRTOS/tasks.c **** 		needed as interrupts can no longer use mutexes? */
4051:System/FreeRTOS/tasks.c **** 		if( pxMutexHolder != NULL )
 6191              		.loc 1 4051 5
 6192 0010 7B68     		ldr	r3, [r7, #4]
 6193 0012 002B     		cmp	r3, #0
 6194 0014 5ED0     		beq	.L387
4052:System/FreeRTOS/tasks.c **** 		{
4053:System/FreeRTOS/tasks.c **** 			/* If the holder of the mutex has a priority below the priority of
4054:System/FreeRTOS/tasks.c **** 			the task attempting to obtain the mutex then it will temporarily
4055:System/FreeRTOS/tasks.c **** 			inherit the priority of the task attempting to obtain the mutex. */
4056:System/FreeRTOS/tasks.c **** 			if( pxMutexHolderTCB->uxPriority < pxCurrentTCB->uxPriority )
 6195              		.loc 1 4056 24
 6196 0016 BB68     		ldr	r3, [r7, #8]
 6197 0018 DA6A     		ldr	r2, [r3, #44]
 6198              		.loc 1 4056 51
 6199 001a 314B     		ldr	r3, .L394
 6200 001c 1B68     		ldr	r3, [r3]
 6201 001e DB6A     		ldr	r3, [r3, #44]
 6202              		.loc 1 4056 6
 6203 0020 9A42     		cmp	r2, r3
 6204 0022 4ED2     		bcs	.L388
4057:System/FreeRTOS/tasks.c **** 			{
4058:System/FreeRTOS/tasks.c **** 				/* Adjust the mutex holder state to account for its new
4059:System/FreeRTOS/tasks.c **** 				priority.  Only reset the event list item value if the value is
4060:System/FreeRTOS/tasks.c **** 				not being used for anything else. */
4061:System/FreeRTOS/tasks.c **** 				if( ( listGET_LIST_ITEM_VALUE( &( pxMutexHolderTCB->xEventListItem ) ) & taskEVENT_LIST_ITEM_VA
 6205              		.loc 1 4061 11
 6206 0024 BB68     		ldr	r3, [r7, #8]
 6207 0026 9B69     		ldr	r3, [r3, #24]
 6208              		.loc 1 4061 7
 6209 0028 002B     		cmp	r3, #0
 6210 002a 06DB     		blt	.L389
4062:System/FreeRTOS/tasks.c **** 				{
4063:System/FreeRTOS/tasks.c **** 					listSET_LIST_ITEM_VALUE( &( pxMutexHolderTCB->xEventListItem ), ( TickType_t ) configMAX_PRIOR
ARM GAS  C:\Users\HUAV\AppData\Local\Temp\ccerV99a.s 			page 185


 6211              		.loc 1 4063 6
 6212 002c 2C4B     		ldr	r3, .L394
 6213 002e 1B68     		ldr	r3, [r3]
 6214 0030 DB6A     		ldr	r3, [r3, #44]
 6215 0032 C3F10502 		rsb	r2, r3, #5
 6216 0036 BB68     		ldr	r3, [r7, #8]
 6217 0038 9A61     		str	r2, [r3, #24]
 6218              	.L389:
4064:System/FreeRTOS/tasks.c **** 				}
4065:System/FreeRTOS/tasks.c **** 				else
4066:System/FreeRTOS/tasks.c **** 				{
4067:System/FreeRTOS/tasks.c **** 					mtCOVERAGE_TEST_MARKER();
4068:System/FreeRTOS/tasks.c **** 				}
4069:System/FreeRTOS/tasks.c **** 
4070:System/FreeRTOS/tasks.c **** 				/* If the task being modified is in the ready state it will need
4071:System/FreeRTOS/tasks.c **** 				to be moved into a new list. */
4072:System/FreeRTOS/tasks.c **** 				if( listIS_CONTAINED_WITHIN( &( pxReadyTasksLists[ pxMutexHolderTCB->uxPriority ] ), &( pxMutex
 6219              		.loc 1 4072 9
 6220 003a BB68     		ldr	r3, [r7, #8]
 6221 003c 5969     		ldr	r1, [r3, #20]
 6222 003e BB68     		ldr	r3, [r7, #8]
 6223 0040 DA6A     		ldr	r2, [r3, #44]
 6224 0042 1346     		mov	r3, r2
 6225 0044 9B00     		lsls	r3, r3, #2
 6226 0046 1344     		add	r3, r3, r2
 6227 0048 9B00     		lsls	r3, r3, #2
 6228 004a 264A     		ldr	r2, .L394+4
 6229 004c 1344     		add	r3, r3, r2
 6230              		.loc 1 4072 7
 6231 004e 9942     		cmp	r1, r3
 6232 0050 2FD1     		bne	.L390
4073:System/FreeRTOS/tasks.c **** 				{
4074:System/FreeRTOS/tasks.c **** 					if( uxListRemove( &( pxMutexHolderTCB->xStateListItem ) ) == ( UBaseType_t ) 0 )
 6233              		.loc 1 4074 10
 6234 0052 BB68     		ldr	r3, [r7, #8]
 6235 0054 0433     		adds	r3, r3, #4
 6236 0056 1846     		mov	r0, r3
 6237 0058 FFF7FEFF 		bl	uxListRemove
 6238 005c 0346     		mov	r3, r0
 6239              		.loc 1 4074 8
 6240 005e 002B     		cmp	r3, #0
 6241 0060 0AD1     		bne	.L391
4075:System/FreeRTOS/tasks.c **** 					{
4076:System/FreeRTOS/tasks.c **** 						/* It is known that the task is in its ready list so
4077:System/FreeRTOS/tasks.c **** 						there is no need to check again and the port level
4078:System/FreeRTOS/tasks.c **** 						reset macro can be called directly. */
4079:System/FreeRTOS/tasks.c **** 						portRESET_READY_PRIORITY( pxMutexHolderTCB->uxPriority, uxTopReadyPriority );
 6242              		.loc 1 4079 7
 6243 0062 BB68     		ldr	r3, [r7, #8]
 6244 0064 DB6A     		ldr	r3, [r3, #44]
 6245 0066 0122     		movs	r2, #1
 6246 0068 02FA03F3 		lsl	r3, r2, r3
 6247 006c DA43     		mvns	r2, r3
 6248 006e 1E4B     		ldr	r3, .L394+8
 6249 0070 1B68     		ldr	r3, [r3]
 6250 0072 1340     		ands	r3, r3, r2
 6251 0074 1C4A     		ldr	r2, .L394+8
ARM GAS  C:\Users\HUAV\AppData\Local\Temp\ccerV99a.s 			page 186


 6252 0076 1360     		str	r3, [r2]
 6253              	.L391:
4080:System/FreeRTOS/tasks.c **** 					}
4081:System/FreeRTOS/tasks.c **** 					else
4082:System/FreeRTOS/tasks.c **** 					{
4083:System/FreeRTOS/tasks.c **** 						mtCOVERAGE_TEST_MARKER();
4084:System/FreeRTOS/tasks.c **** 					}
4085:System/FreeRTOS/tasks.c **** 
4086:System/FreeRTOS/tasks.c **** 					/* Inherit the priority before being moved into the new list. */
4087:System/FreeRTOS/tasks.c **** 					pxMutexHolderTCB->uxPriority = pxCurrentTCB->uxPriority;
 6254              		.loc 1 4087 49
 6255 0078 194B     		ldr	r3, .L394
 6256 007a 1B68     		ldr	r3, [r3]
 6257 007c DA6A     		ldr	r2, [r3, #44]
 6258              		.loc 1 4087 35
 6259 007e BB68     		ldr	r3, [r7, #8]
 6260 0080 DA62     		str	r2, [r3, #44]
4088:System/FreeRTOS/tasks.c **** 					prvAddTaskToReadyList( pxMutexHolderTCB );
 6261              		.loc 1 4088 6
 6262 0082 BB68     		ldr	r3, [r7, #8]
 6263 0084 DB6A     		ldr	r3, [r3, #44]
 6264 0086 0122     		movs	r2, #1
 6265 0088 9A40     		lsls	r2, r2, r3
 6266 008a 174B     		ldr	r3, .L394+8
 6267 008c 1B68     		ldr	r3, [r3]
 6268 008e 1343     		orrs	r3, r3, r2
 6269 0090 154A     		ldr	r2, .L394+8
 6270 0092 1360     		str	r3, [r2]
 6271 0094 BB68     		ldr	r3, [r7, #8]
 6272 0096 DA6A     		ldr	r2, [r3, #44]
 6273 0098 1346     		mov	r3, r2
 6274 009a 9B00     		lsls	r3, r3, #2
 6275 009c 1344     		add	r3, r3, r2
 6276 009e 9B00     		lsls	r3, r3, #2
 6277 00a0 104A     		ldr	r2, .L394+4
 6278 00a2 1A44     		add	r2, r2, r3
 6279 00a4 BB68     		ldr	r3, [r7, #8]
 6280 00a6 0433     		adds	r3, r3, #4
 6281 00a8 1946     		mov	r1, r3
 6282 00aa 1046     		mov	r0, r2
 6283 00ac FFF7FEFF 		bl	vListInsertEnd
 6284 00b0 04E0     		b	.L392
 6285              	.L390:
4089:System/FreeRTOS/tasks.c **** 				}
4090:System/FreeRTOS/tasks.c **** 				else
4091:System/FreeRTOS/tasks.c **** 				{
4092:System/FreeRTOS/tasks.c **** 					/* Just inherit the priority. */
4093:System/FreeRTOS/tasks.c **** 					pxMutexHolderTCB->uxPriority = pxCurrentTCB->uxPriority;
 6286              		.loc 1 4093 49
 6287 00b2 0B4B     		ldr	r3, .L394
 6288 00b4 1B68     		ldr	r3, [r3]
 6289 00b6 DA6A     		ldr	r2, [r3, #44]
 6290              		.loc 1 4093 35
 6291 00b8 BB68     		ldr	r3, [r7, #8]
 6292 00ba DA62     		str	r2, [r3, #44]
 6293              	.L392:
4094:System/FreeRTOS/tasks.c **** 				}
ARM GAS  C:\Users\HUAV\AppData\Local\Temp\ccerV99a.s 			page 187


4095:System/FreeRTOS/tasks.c **** 
4096:System/FreeRTOS/tasks.c **** 				traceTASK_PRIORITY_INHERIT( pxMutexHolderTCB, pxCurrentTCB->uxPriority );
4097:System/FreeRTOS/tasks.c **** 
4098:System/FreeRTOS/tasks.c **** 				/* Inheritance occurred. */
4099:System/FreeRTOS/tasks.c **** 				xReturn = pdTRUE;
 6294              		.loc 1 4099 13
 6295 00bc 0123     		movs	r3, #1
 6296 00be FB60     		str	r3, [r7, #12]
 6297 00c0 08E0     		b	.L387
 6298              	.L388:
4100:System/FreeRTOS/tasks.c **** 			}
4101:System/FreeRTOS/tasks.c **** 			else
4102:System/FreeRTOS/tasks.c **** 			{
4103:System/FreeRTOS/tasks.c **** 				if( pxMutexHolderTCB->uxBasePriority < pxCurrentTCB->uxPriority )
 6299              		.loc 1 4103 25
 6300 00c2 BB68     		ldr	r3, [r7, #8]
 6301 00c4 1A6D     		ldr	r2, [r3, #80]
 6302              		.loc 1 4103 56
 6303 00c6 064B     		ldr	r3, .L394
 6304 00c8 1B68     		ldr	r3, [r3]
 6305 00ca DB6A     		ldr	r3, [r3, #44]
 6306              		.loc 1 4103 7
 6307 00cc 9A42     		cmp	r2, r3
 6308 00ce 01D2     		bcs	.L387
4104:System/FreeRTOS/tasks.c **** 				{
4105:System/FreeRTOS/tasks.c **** 					/* The base priority of the mutex holder is lower than the
4106:System/FreeRTOS/tasks.c **** 					priority of the task attempting to take the mutex, but the
4107:System/FreeRTOS/tasks.c **** 					current priority of the mutex holder is not lower than the
4108:System/FreeRTOS/tasks.c **** 					priority of the task attempting to take the mutex.
4109:System/FreeRTOS/tasks.c **** 					Therefore the mutex holder must have already inherited a
4110:System/FreeRTOS/tasks.c **** 					priority, but inheritance would have occurred if that had
4111:System/FreeRTOS/tasks.c **** 					not been the case. */
4112:System/FreeRTOS/tasks.c **** 					xReturn = pdTRUE;
 6309              		.loc 1 4112 14
 6310 00d0 0123     		movs	r3, #1
 6311 00d2 FB60     		str	r3, [r7, #12]
 6312              	.L387:
4113:System/FreeRTOS/tasks.c **** 				}
4114:System/FreeRTOS/tasks.c **** 				else
4115:System/FreeRTOS/tasks.c **** 				{
4116:System/FreeRTOS/tasks.c **** 					mtCOVERAGE_TEST_MARKER();
4117:System/FreeRTOS/tasks.c **** 				}
4118:System/FreeRTOS/tasks.c **** 			}
4119:System/FreeRTOS/tasks.c **** 		}
4120:System/FreeRTOS/tasks.c **** 		else
4121:System/FreeRTOS/tasks.c **** 		{
4122:System/FreeRTOS/tasks.c **** 			mtCOVERAGE_TEST_MARKER();
4123:System/FreeRTOS/tasks.c **** 		}
4124:System/FreeRTOS/tasks.c **** 
4125:System/FreeRTOS/tasks.c **** 		return xReturn;
 6313              		.loc 1 4125 10
 6314 00d4 FB68     		ldr	r3, [r7, #12]
4126:System/FreeRTOS/tasks.c **** 	}
 6315              		.loc 1 4126 2
 6316 00d6 1846     		mov	r0, r3
 6317 00d8 1037     		adds	r7, r7, #16
 6318              	.LCFI261:
ARM GAS  C:\Users\HUAV\AppData\Local\Temp\ccerV99a.s 			page 188


 6319              		.cfi_def_cfa_offset 8
 6320 00da BD46     		mov	sp, r7
 6321              	.LCFI262:
 6322              		.cfi_def_cfa_register 13
 6323              		@ sp needed
 6324 00dc 80BD     		pop	{r7, pc}
 6325              	.L395:
 6326 00de 00BF     		.align	2
 6327              	.L394:
 6328 00e0 00000000 		.word	pxCurrentTCB
 6329 00e4 00000000 		.word	pxReadyTasksLists
 6330 00e8 00000000 		.word	uxTopReadyPriority
 6331              		.cfi_endproc
 6332              	.LFE55:
 6334              		.section	.text.xTaskPriorityDisinherit,"ax",%progbits
 6335              		.align	1
 6336              		.global	xTaskPriorityDisinherit
 6337              		.syntax unified
 6338              		.thumb
 6339              		.thumb_func
 6341              	xTaskPriorityDisinherit:
 6342              	.LFB56:
4127:System/FreeRTOS/tasks.c **** 
4128:System/FreeRTOS/tasks.c **** #endif /* configUSE_MUTEXES */
4129:System/FreeRTOS/tasks.c **** /*-----------------------------------------------------------*/
4130:System/FreeRTOS/tasks.c **** 
4131:System/FreeRTOS/tasks.c **** #if ( configUSE_MUTEXES == 1 )
4132:System/FreeRTOS/tasks.c **** 
4133:System/FreeRTOS/tasks.c **** 	BaseType_t xTaskPriorityDisinherit( TaskHandle_t const pxMutexHolder )
4134:System/FreeRTOS/tasks.c **** 	{
 6343              		.loc 1 4134 2
 6344              		.cfi_startproc
 6345              		@ args = 0, pretend = 0, frame = 24
 6346              		@ frame_needed = 1, uses_anonymous_args = 0
 6347 0000 80B5     		push	{r7, lr}
 6348              	.LCFI263:
 6349              		.cfi_def_cfa_offset 8
 6350              		.cfi_offset 7, -8
 6351              		.cfi_offset 14, -4
 6352 0002 86B0     		sub	sp, sp, #24
 6353              	.LCFI264:
 6354              		.cfi_def_cfa_offset 32
 6355 0004 00AF     		add	r7, sp, #0
 6356              	.LCFI265:
 6357              		.cfi_def_cfa_register 7
 6358 0006 7860     		str	r0, [r7, #4]
4135:System/FreeRTOS/tasks.c **** 	TCB_t * const pxTCB = pxMutexHolder;
 6359              		.loc 1 4135 16
 6360 0008 7B68     		ldr	r3, [r7, #4]
 6361 000a 3B61     		str	r3, [r7, #16]
4136:System/FreeRTOS/tasks.c **** 	BaseType_t xReturn = pdFALSE;
 6362              		.loc 1 4136 13
 6363 000c 0023     		movs	r3, #0
 6364 000e 7B61     		str	r3, [r7, #20]
4137:System/FreeRTOS/tasks.c **** 
4138:System/FreeRTOS/tasks.c **** 		if( pxMutexHolder != NULL )
 6365              		.loc 1 4138 5
ARM GAS  C:\Users\HUAV\AppData\Local\Temp\ccerV99a.s 			page 189


 6366 0010 7B68     		ldr	r3, [r7, #4]
 6367 0012 002B     		cmp	r3, #0
 6368 0014 6ED0     		beq	.L397
4139:System/FreeRTOS/tasks.c **** 		{
4140:System/FreeRTOS/tasks.c **** 			/* A task can only have an inherited priority if it holds the mutex.
4141:System/FreeRTOS/tasks.c **** 			If the mutex is held by a task then it cannot be given from an
4142:System/FreeRTOS/tasks.c **** 			interrupt, and if a mutex is given by the holding task then it must
4143:System/FreeRTOS/tasks.c **** 			be the running state task. */
4144:System/FreeRTOS/tasks.c **** 			configASSERT( pxTCB == pxCurrentTCB );
 6369              		.loc 1 4144 4
 6370 0016 3A4B     		ldr	r3, .L404
 6371 0018 1B68     		ldr	r3, [r3]
 6372 001a 3A69     		ldr	r2, [r7, #16]
 6373 001c 9A42     		cmp	r2, r3
 6374 001e 0AD0     		beq	.L398
 6375              	.LBB216:
 6376              	.LBB217:
 195:System/FreeRTOS/portable/GCC/ARM_CM4F/portmacro.h **** 	(
 6377              		.loc 2 195 2
 6378              		.syntax unified
 6379              	@ 195 "System/FreeRTOS/portable/GCC/ARM_CM4F/portmacro.h" 1
 6380 0020 4FF05003 			mov r3, #80												
 6381 0024 83F31188 		msr basepri, r3											
 6382 0028 BFF36F8F 		isb														
 6383 002c BFF34F8F 		dsb														
 6384              	
 6385              	@ 0 "" 2
 6386              		.thumb
 6387              		.syntax unified
 6388 0030 FB60     		str	r3, [r7, #12]
 203:System/FreeRTOS/portable/GCC/ARM_CM4F/portmacro.h **** 
 6389              		.loc 2 203 1
 6390 0032 00BF     		nop
 6391              	.L399:
 6392              	.LBE217:
 6393              	.LBE216:
 6394              		.loc 1 4144 4 discriminator 1
 6395 0034 FEE7     		b	.L399
 6396              	.L398:
4145:System/FreeRTOS/tasks.c **** 			configASSERT( pxTCB->uxMutexesHeld );
 6397              		.loc 1 4145 4
 6398 0036 3B69     		ldr	r3, [r7, #16]
 6399 0038 5B6D     		ldr	r3, [r3, #84]
 6400 003a 002B     		cmp	r3, #0
 6401 003c 0AD1     		bne	.L400
 6402              	.LBB218:
 6403              	.LBB219:
 195:System/FreeRTOS/portable/GCC/ARM_CM4F/portmacro.h **** 	(
 6404              		.loc 2 195 2
 6405              		.syntax unified
 6406              	@ 195 "System/FreeRTOS/portable/GCC/ARM_CM4F/portmacro.h" 1
 6407 003e 4FF05003 			mov r3, #80												
 6408 0042 83F31188 		msr basepri, r3											
 6409 0046 BFF36F8F 		isb														
 6410 004a BFF34F8F 		dsb														
 6411              	
 6412              	@ 0 "" 2
ARM GAS  C:\Users\HUAV\AppData\Local\Temp\ccerV99a.s 			page 190


 6413              		.thumb
 6414              		.syntax unified
 6415 004e BB60     		str	r3, [r7, #8]
 203:System/FreeRTOS/portable/GCC/ARM_CM4F/portmacro.h **** 
 6416              		.loc 2 203 1
 6417 0050 00BF     		nop
 6418              	.L401:
 6419              	.LBE219:
 6420              	.LBE218:
 6421              		.loc 1 4145 4 discriminator 2
 6422 0052 FEE7     		b	.L401
 6423              	.L400:
4146:System/FreeRTOS/tasks.c **** 			( pxTCB->uxMutexesHeld )--;
 6424              		.loc 1 4146 11
 6425 0054 3B69     		ldr	r3, [r7, #16]
 6426 0056 5B6D     		ldr	r3, [r3, #84]
 6427              		.loc 1 4146 28
 6428 0058 5A1E     		subs	r2, r3, #1
 6429 005a 3B69     		ldr	r3, [r7, #16]
 6430 005c 5A65     		str	r2, [r3, #84]
4147:System/FreeRTOS/tasks.c **** 
4148:System/FreeRTOS/tasks.c **** 			/* Has the holder of the mutex inherited the priority of another
4149:System/FreeRTOS/tasks.c **** 			task? */
4150:System/FreeRTOS/tasks.c **** 			if( pxTCB->uxPriority != pxTCB->uxBasePriority )
 6431              		.loc 1 4150 13
 6432 005e 3B69     		ldr	r3, [r7, #16]
 6433 0060 DA6A     		ldr	r2, [r3, #44]
 6434              		.loc 1 4150 34
 6435 0062 3B69     		ldr	r3, [r7, #16]
 6436 0064 1B6D     		ldr	r3, [r3, #80]
 6437              		.loc 1 4150 6
 6438 0066 9A42     		cmp	r2, r3
 6439 0068 44D0     		beq	.L397
4151:System/FreeRTOS/tasks.c **** 			{
4152:System/FreeRTOS/tasks.c **** 				/* Only disinherit if no other mutexes are held. */
4153:System/FreeRTOS/tasks.c **** 				if( pxTCB->uxMutexesHeld == ( UBaseType_t ) 0 )
 6440              		.loc 1 4153 14
 6441 006a 3B69     		ldr	r3, [r7, #16]
 6442 006c 5B6D     		ldr	r3, [r3, #84]
 6443              		.loc 1 4153 7
 6444 006e 002B     		cmp	r3, #0
 6445 0070 40D1     		bne	.L397
4154:System/FreeRTOS/tasks.c **** 				{
4155:System/FreeRTOS/tasks.c **** 					/* A task can only have an inherited priority if it holds
4156:System/FreeRTOS/tasks.c **** 					the mutex.  If the mutex is held by a task then it cannot be
4157:System/FreeRTOS/tasks.c **** 					given from an interrupt, and if a mutex is given by the
4158:System/FreeRTOS/tasks.c **** 					holding task then it must be the running state task.  Remove
4159:System/FreeRTOS/tasks.c **** 					the holding task from the ready/delayed list. */
4160:System/FreeRTOS/tasks.c **** 					if( uxListRemove( &( pxTCB->xStateListItem ) ) == ( UBaseType_t ) 0 )
 6446              		.loc 1 4160 10
 6447 0072 3B69     		ldr	r3, [r7, #16]
 6448 0074 0433     		adds	r3, r3, #4
 6449 0076 1846     		mov	r0, r3
 6450 0078 FFF7FEFF 		bl	uxListRemove
 6451 007c 0346     		mov	r3, r0
 6452              		.loc 1 4160 8
 6453 007e 002B     		cmp	r3, #0
ARM GAS  C:\Users\HUAV\AppData\Local\Temp\ccerV99a.s 			page 191


 6454 0080 15D1     		bne	.L402
4161:System/FreeRTOS/tasks.c **** 					{
4162:System/FreeRTOS/tasks.c **** 						taskRESET_READY_PRIORITY( pxTCB->uxPriority );
 6455              		.loc 1 4162 7
 6456 0082 3B69     		ldr	r3, [r7, #16]
 6457 0084 DA6A     		ldr	r2, [r3, #44]
 6458 0086 1F49     		ldr	r1, .L404+4
 6459 0088 1346     		mov	r3, r2
 6460 008a 9B00     		lsls	r3, r3, #2
 6461 008c 1344     		add	r3, r3, r2
 6462 008e 9B00     		lsls	r3, r3, #2
 6463 0090 0B44     		add	r3, r3, r1
 6464 0092 1B68     		ldr	r3, [r3]
 6465 0094 002B     		cmp	r3, #0
 6466 0096 0AD1     		bne	.L402
 6467              		.loc 1 4162 7 is_stmt 0 discriminator 1
 6468 0098 3B69     		ldr	r3, [r7, #16]
 6469 009a DB6A     		ldr	r3, [r3, #44]
 6470 009c 0122     		movs	r2, #1
 6471 009e 02FA03F3 		lsl	r3, r2, r3
 6472 00a2 DA43     		mvns	r2, r3
 6473 00a4 184B     		ldr	r3, .L404+8
 6474 00a6 1B68     		ldr	r3, [r3]
 6475 00a8 1340     		ands	r3, r3, r2
 6476 00aa 174A     		ldr	r2, .L404+8
 6477 00ac 1360     		str	r3, [r2]
 6478              	.L402:
4163:System/FreeRTOS/tasks.c **** 					}
4164:System/FreeRTOS/tasks.c **** 					else
4165:System/FreeRTOS/tasks.c **** 					{
4166:System/FreeRTOS/tasks.c **** 						mtCOVERAGE_TEST_MARKER();
4167:System/FreeRTOS/tasks.c **** 					}
4168:System/FreeRTOS/tasks.c **** 
4169:System/FreeRTOS/tasks.c **** 					/* Disinherit the priority before adding the task into the
4170:System/FreeRTOS/tasks.c **** 					new	ready list. */
4171:System/FreeRTOS/tasks.c **** 					traceTASK_PRIORITY_DISINHERIT( pxTCB, pxTCB->uxBasePriority );
4172:System/FreeRTOS/tasks.c **** 					pxTCB->uxPriority = pxTCB->uxBasePriority;
 6479              		.loc 1 4172 31 is_stmt 1
 6480 00ae 3B69     		ldr	r3, [r7, #16]
 6481 00b0 1A6D     		ldr	r2, [r3, #80]
 6482              		.loc 1 4172 24
 6483 00b2 3B69     		ldr	r3, [r7, #16]
 6484 00b4 DA62     		str	r2, [r3, #44]
4173:System/FreeRTOS/tasks.c **** 
4174:System/FreeRTOS/tasks.c **** 					/* Reset the event list item value.  It cannot be in use for
4175:System/FreeRTOS/tasks.c **** 					any other purpose if this task is running, and it must be
4176:System/FreeRTOS/tasks.c **** 					running to give back the mutex. */
4177:System/FreeRTOS/tasks.c **** 					listSET_LIST_ITEM_VALUE( &( pxTCB->xEventListItem ), ( TickType_t ) configMAX_PRIORITIES - ( T
 6485              		.loc 1 4177 6
 6486 00b6 3B69     		ldr	r3, [r7, #16]
 6487 00b8 DB6A     		ldr	r3, [r3, #44]
 6488 00ba C3F10502 		rsb	r2, r3, #5
 6489 00be 3B69     		ldr	r3, [r7, #16]
 6490 00c0 9A61     		str	r2, [r3, #24]
4178:System/FreeRTOS/tasks.c **** 					prvAddTaskToReadyList( pxTCB );
 6491              		.loc 1 4178 6
 6492 00c2 3B69     		ldr	r3, [r7, #16]
ARM GAS  C:\Users\HUAV\AppData\Local\Temp\ccerV99a.s 			page 192


 6493 00c4 DB6A     		ldr	r3, [r3, #44]
 6494 00c6 0122     		movs	r2, #1
 6495 00c8 9A40     		lsls	r2, r2, r3
 6496 00ca 0F4B     		ldr	r3, .L404+8
 6497 00cc 1B68     		ldr	r3, [r3]
 6498 00ce 1343     		orrs	r3, r3, r2
 6499 00d0 0D4A     		ldr	r2, .L404+8
 6500 00d2 1360     		str	r3, [r2]
 6501 00d4 3B69     		ldr	r3, [r7, #16]
 6502 00d6 DA6A     		ldr	r2, [r3, #44]
 6503 00d8 1346     		mov	r3, r2
 6504 00da 9B00     		lsls	r3, r3, #2
 6505 00dc 1344     		add	r3, r3, r2
 6506 00de 9B00     		lsls	r3, r3, #2
 6507 00e0 084A     		ldr	r2, .L404+4
 6508 00e2 1A44     		add	r2, r2, r3
 6509 00e4 3B69     		ldr	r3, [r7, #16]
 6510 00e6 0433     		adds	r3, r3, #4
 6511 00e8 1946     		mov	r1, r3
 6512 00ea 1046     		mov	r0, r2
 6513 00ec FFF7FEFF 		bl	vListInsertEnd
4179:System/FreeRTOS/tasks.c **** 
4180:System/FreeRTOS/tasks.c **** 					/* Return true to indicate that a context switch is required.
4181:System/FreeRTOS/tasks.c **** 					This is only actually required in the corner case whereby
4182:System/FreeRTOS/tasks.c **** 					multiple mutexes were held and the mutexes were given back
4183:System/FreeRTOS/tasks.c **** 					in an order different to that in which they were taken.
4184:System/FreeRTOS/tasks.c **** 					If a context switch did not occur when the first mutex was
4185:System/FreeRTOS/tasks.c **** 					returned, even if a task was waiting on it, then a context
4186:System/FreeRTOS/tasks.c **** 					switch should occur when the last mutex is returned whether
4187:System/FreeRTOS/tasks.c **** 					a task is waiting on it or not. */
4188:System/FreeRTOS/tasks.c **** 					xReturn = pdTRUE;
 6514              		.loc 1 4188 14
 6515 00f0 0123     		movs	r3, #1
 6516 00f2 7B61     		str	r3, [r7, #20]
 6517              	.L397:
4189:System/FreeRTOS/tasks.c **** 				}
4190:System/FreeRTOS/tasks.c **** 				else
4191:System/FreeRTOS/tasks.c **** 				{
4192:System/FreeRTOS/tasks.c **** 					mtCOVERAGE_TEST_MARKER();
4193:System/FreeRTOS/tasks.c **** 				}
4194:System/FreeRTOS/tasks.c **** 			}
4195:System/FreeRTOS/tasks.c **** 			else
4196:System/FreeRTOS/tasks.c **** 			{
4197:System/FreeRTOS/tasks.c **** 				mtCOVERAGE_TEST_MARKER();
4198:System/FreeRTOS/tasks.c **** 			}
4199:System/FreeRTOS/tasks.c **** 		}
4200:System/FreeRTOS/tasks.c **** 		else
4201:System/FreeRTOS/tasks.c **** 		{
4202:System/FreeRTOS/tasks.c **** 			mtCOVERAGE_TEST_MARKER();
4203:System/FreeRTOS/tasks.c **** 		}
4204:System/FreeRTOS/tasks.c **** 
4205:System/FreeRTOS/tasks.c **** 		return xReturn;
 6518              		.loc 1 4205 10
 6519 00f4 7B69     		ldr	r3, [r7, #20]
4206:System/FreeRTOS/tasks.c **** 	}
 6520              		.loc 1 4206 2
 6521 00f6 1846     		mov	r0, r3
ARM GAS  C:\Users\HUAV\AppData\Local\Temp\ccerV99a.s 			page 193


 6522 00f8 1837     		adds	r7, r7, #24
 6523              	.LCFI266:
 6524              		.cfi_def_cfa_offset 8
 6525 00fa BD46     		mov	sp, r7
 6526              	.LCFI267:
 6527              		.cfi_def_cfa_register 13
 6528              		@ sp needed
 6529 00fc 80BD     		pop	{r7, pc}
 6530              	.L405:
 6531 00fe 00BF     		.align	2
 6532              	.L404:
 6533 0100 00000000 		.word	pxCurrentTCB
 6534 0104 00000000 		.word	pxReadyTasksLists
 6535 0108 00000000 		.word	uxTopReadyPriority
 6536              		.cfi_endproc
 6537              	.LFE56:
 6539              		.section	.text.vTaskPriorityDisinheritAfterTimeout,"ax",%progbits
 6540              		.align	1
 6541              		.global	vTaskPriorityDisinheritAfterTimeout
 6542              		.syntax unified
 6543              		.thumb
 6544              		.thumb_func
 6546              	vTaskPriorityDisinheritAfterTimeout:
 6547              	.LFB57:
4207:System/FreeRTOS/tasks.c **** 
4208:System/FreeRTOS/tasks.c **** #endif /* configUSE_MUTEXES */
4209:System/FreeRTOS/tasks.c **** /*-----------------------------------------------------------*/
4210:System/FreeRTOS/tasks.c **** 
4211:System/FreeRTOS/tasks.c **** #if ( configUSE_MUTEXES == 1 )
4212:System/FreeRTOS/tasks.c **** 
4213:System/FreeRTOS/tasks.c **** 	void vTaskPriorityDisinheritAfterTimeout( TaskHandle_t const pxMutexHolder, UBaseType_t uxHighestP
4214:System/FreeRTOS/tasks.c **** 	{
 6548              		.loc 1 4214 2
 6549              		.cfi_startproc
 6550              		@ args = 0, pretend = 0, frame = 32
 6551              		@ frame_needed = 1, uses_anonymous_args = 0
 6552 0000 80B5     		push	{r7, lr}
 6553              	.LCFI268:
 6554              		.cfi_def_cfa_offset 8
 6555              		.cfi_offset 7, -8
 6556              		.cfi_offset 14, -4
 6557 0002 88B0     		sub	sp, sp, #32
 6558              	.LCFI269:
 6559              		.cfi_def_cfa_offset 40
 6560 0004 00AF     		add	r7, sp, #0
 6561              	.LCFI270:
 6562              		.cfi_def_cfa_register 7
 6563 0006 7860     		str	r0, [r7, #4]
 6564 0008 3960     		str	r1, [r7]
4215:System/FreeRTOS/tasks.c **** 	TCB_t * const pxTCB = pxMutexHolder;
 6565              		.loc 1 4215 16
 6566 000a 7B68     		ldr	r3, [r7, #4]
 6567 000c BB61     		str	r3, [r7, #24]
4216:System/FreeRTOS/tasks.c **** 	UBaseType_t uxPriorityUsedOnEntry, uxPriorityToUse;
4217:System/FreeRTOS/tasks.c **** 	const UBaseType_t uxOnlyOneMutexHeld = ( UBaseType_t ) 1;
 6568              		.loc 1 4217 20
 6569 000e 0123     		movs	r3, #1
ARM GAS  C:\Users\HUAV\AppData\Local\Temp\ccerV99a.s 			page 194


 6570 0010 7B61     		str	r3, [r7, #20]
4218:System/FreeRTOS/tasks.c **** 
4219:System/FreeRTOS/tasks.c **** 		if( pxMutexHolder != NULL )
 6571              		.loc 1 4219 5
 6572 0012 7B68     		ldr	r3, [r7, #4]
 6573 0014 002B     		cmp	r3, #0
 6574 0016 77D0     		beq	.L416
4220:System/FreeRTOS/tasks.c **** 		{
4221:System/FreeRTOS/tasks.c **** 			/* If pxMutexHolder is not NULL then the holder must hold at least
4222:System/FreeRTOS/tasks.c **** 			one mutex. */
4223:System/FreeRTOS/tasks.c **** 			configASSERT( pxTCB->uxMutexesHeld );
 6575              		.loc 1 4223 4
 6576 0018 BB69     		ldr	r3, [r7, #24]
 6577 001a 5B6D     		ldr	r3, [r3, #84]
 6578 001c 002B     		cmp	r3, #0
 6579 001e 0AD1     		bne	.L408
 6580              	.LBB220:
 6581              	.LBB221:
 195:System/FreeRTOS/portable/GCC/ARM_CM4F/portmacro.h **** 	(
 6582              		.loc 2 195 2
 6583              		.syntax unified
 6584              	@ 195 "System/FreeRTOS/portable/GCC/ARM_CM4F/portmacro.h" 1
 6585 0020 4FF05003 			mov r3, #80												
 6586 0024 83F31188 		msr basepri, r3											
 6587 0028 BFF36F8F 		isb														
 6588 002c BFF34F8F 		dsb														
 6589              	
 6590              	@ 0 "" 2
 6591              		.thumb
 6592              		.syntax unified
 6593 0030 FB60     		str	r3, [r7, #12]
 203:System/FreeRTOS/portable/GCC/ARM_CM4F/portmacro.h **** 
 6594              		.loc 2 203 1
 6595 0032 00BF     		nop
 6596              	.L409:
 6597              	.LBE221:
 6598              	.LBE220:
 6599              		.loc 1 4223 4 discriminator 1
 6600 0034 FEE7     		b	.L409
 6601              	.L408:
4224:System/FreeRTOS/tasks.c **** 
4225:System/FreeRTOS/tasks.c **** 			/* Determine the priority to which the priority of the task that
4226:System/FreeRTOS/tasks.c **** 			holds the mutex should be set.  This will be the greater of the
4227:System/FreeRTOS/tasks.c **** 			holding task's base priority and the priority of the highest
4228:System/FreeRTOS/tasks.c **** 			priority task that is waiting to obtain the mutex. */
4229:System/FreeRTOS/tasks.c **** 			if( pxTCB->uxBasePriority < uxHighestPriorityWaitingTask )
 6602              		.loc 1 4229 13
 6603 0036 BB69     		ldr	r3, [r7, #24]
 6604 0038 1B6D     		ldr	r3, [r3, #80]
 6605              		.loc 1 4229 6
 6606 003a 3A68     		ldr	r2, [r7]
 6607 003c 9A42     		cmp	r2, r3
 6608 003e 02D9     		bls	.L410
4230:System/FreeRTOS/tasks.c **** 			{
4231:System/FreeRTOS/tasks.c **** 				uxPriorityToUse = uxHighestPriorityWaitingTask;
 6609              		.loc 1 4231 21
 6610 0040 3B68     		ldr	r3, [r7]
ARM GAS  C:\Users\HUAV\AppData\Local\Temp\ccerV99a.s 			page 195


 6611 0042 FB61     		str	r3, [r7, #28]
 6612 0044 02E0     		b	.L411
 6613              	.L410:
4232:System/FreeRTOS/tasks.c **** 			}
4233:System/FreeRTOS/tasks.c **** 			else
4234:System/FreeRTOS/tasks.c **** 			{
4235:System/FreeRTOS/tasks.c **** 				uxPriorityToUse = pxTCB->uxBasePriority;
 6614              		.loc 1 4235 21
 6615 0046 BB69     		ldr	r3, [r7, #24]
 6616 0048 1B6D     		ldr	r3, [r3, #80]
 6617 004a FB61     		str	r3, [r7, #28]
 6618              	.L411:
4236:System/FreeRTOS/tasks.c **** 			}
4237:System/FreeRTOS/tasks.c **** 
4238:System/FreeRTOS/tasks.c **** 			/* Does the priority need to change? */
4239:System/FreeRTOS/tasks.c **** 			if( pxTCB->uxPriority != uxPriorityToUse )
 6619              		.loc 1 4239 13
 6620 004c BB69     		ldr	r3, [r7, #24]
 6621 004e DB6A     		ldr	r3, [r3, #44]
 6622              		.loc 1 4239 6
 6623 0050 FA69     		ldr	r2, [r7, #28]
 6624 0052 9A42     		cmp	r2, r3
 6625 0054 58D0     		beq	.L416
4240:System/FreeRTOS/tasks.c **** 			{
4241:System/FreeRTOS/tasks.c **** 				/* Only disinherit if no other mutexes are held.  This is a
4242:System/FreeRTOS/tasks.c **** 				simplification in the priority inheritance implementation.  If
4243:System/FreeRTOS/tasks.c **** 				the task that holds the mutex is also holding other mutexes then
4244:System/FreeRTOS/tasks.c **** 				the other mutexes may have caused the priority inheritance. */
4245:System/FreeRTOS/tasks.c **** 				if( pxTCB->uxMutexesHeld == uxOnlyOneMutexHeld )
 6626              		.loc 1 4245 14
 6627 0056 BB69     		ldr	r3, [r7, #24]
 6628 0058 5B6D     		ldr	r3, [r3, #84]
 6629              		.loc 1 4245 7
 6630 005a 7A69     		ldr	r2, [r7, #20]
 6631 005c 9A42     		cmp	r2, r3
 6632 005e 53D1     		bne	.L416
4246:System/FreeRTOS/tasks.c **** 				{
4247:System/FreeRTOS/tasks.c **** 					/* If a task has timed out because it already holds the
4248:System/FreeRTOS/tasks.c **** 					mutex it was trying to obtain then it cannot of inherited
4249:System/FreeRTOS/tasks.c **** 					its own priority. */
4250:System/FreeRTOS/tasks.c **** 					configASSERT( pxTCB != pxCurrentTCB );
 6633              		.loc 1 4250 6
 6634 0060 2B4B     		ldr	r3, .L417
 6635 0062 1B68     		ldr	r3, [r3]
 6636 0064 BA69     		ldr	r2, [r7, #24]
 6637 0066 9A42     		cmp	r2, r3
 6638 0068 0AD1     		bne	.L412
 6639              	.LBB222:
 6640              	.LBB223:
 195:System/FreeRTOS/portable/GCC/ARM_CM4F/portmacro.h **** 	(
 6641              		.loc 2 195 2
 6642              		.syntax unified
 6643              	@ 195 "System/FreeRTOS/portable/GCC/ARM_CM4F/portmacro.h" 1
 6644 006a 4FF05003 			mov r3, #80												
 6645 006e 83F31188 		msr basepri, r3											
 6646 0072 BFF36F8F 		isb														
 6647 0076 BFF34F8F 		dsb														
ARM GAS  C:\Users\HUAV\AppData\Local\Temp\ccerV99a.s 			page 196


 6648              	
 6649              	@ 0 "" 2
 6650              		.thumb
 6651              		.syntax unified
 6652 007a BB60     		str	r3, [r7, #8]
 203:System/FreeRTOS/portable/GCC/ARM_CM4F/portmacro.h **** 
 6653              		.loc 2 203 1
 6654 007c 00BF     		nop
 6655              	.L413:
 6656              	.LBE223:
 6657              	.LBE222:
 6658              		.loc 1 4250 6 discriminator 2
 6659 007e FEE7     		b	.L413
 6660              	.L412:
4251:System/FreeRTOS/tasks.c **** 
4252:System/FreeRTOS/tasks.c **** 					/* Disinherit the priority, remembering the previous
4253:System/FreeRTOS/tasks.c **** 					priority to facilitate determining the subject task's
4254:System/FreeRTOS/tasks.c **** 					state. */
4255:System/FreeRTOS/tasks.c **** 					traceTASK_PRIORITY_DISINHERIT( pxTCB, pxTCB->uxBasePriority );
4256:System/FreeRTOS/tasks.c **** 					uxPriorityUsedOnEntry = pxTCB->uxPriority;
 6661              		.loc 1 4256 28
 6662 0080 BB69     		ldr	r3, [r7, #24]
 6663 0082 DB6A     		ldr	r3, [r3, #44]
 6664 0084 3B61     		str	r3, [r7, #16]
4257:System/FreeRTOS/tasks.c **** 					pxTCB->uxPriority = uxPriorityToUse;
 6665              		.loc 1 4257 24
 6666 0086 BB69     		ldr	r3, [r7, #24]
 6667 0088 FA69     		ldr	r2, [r7, #28]
 6668 008a DA62     		str	r2, [r3, #44]
4258:System/FreeRTOS/tasks.c **** 
4259:System/FreeRTOS/tasks.c **** 					/* Only reset the event list item value if the value is not
4260:System/FreeRTOS/tasks.c **** 					being used for anything else. */
4261:System/FreeRTOS/tasks.c **** 					if( ( listGET_LIST_ITEM_VALUE( &( pxTCB->xEventListItem ) ) & taskEVENT_LIST_ITEM_VALUE_IN_USE
 6669              		.loc 1 4261 12
 6670 008c BB69     		ldr	r3, [r7, #24]
 6671 008e 9B69     		ldr	r3, [r3, #24]
 6672              		.loc 1 4261 8
 6673 0090 002B     		cmp	r3, #0
 6674 0092 04DB     		blt	.L414
4262:System/FreeRTOS/tasks.c **** 					{
4263:System/FreeRTOS/tasks.c **** 						listSET_LIST_ITEM_VALUE( &( pxTCB->xEventListItem ), ( TickType_t ) configMAX_PRIORITIES - ( 
 6675              		.loc 1 4263 7
 6676 0094 FB69     		ldr	r3, [r7, #28]
 6677 0096 C3F10502 		rsb	r2, r3, #5
 6678 009a BB69     		ldr	r3, [r7, #24]
 6679 009c 9A61     		str	r2, [r3, #24]
 6680              	.L414:
4264:System/FreeRTOS/tasks.c **** 					}
4265:System/FreeRTOS/tasks.c **** 					else
4266:System/FreeRTOS/tasks.c **** 					{
4267:System/FreeRTOS/tasks.c **** 						mtCOVERAGE_TEST_MARKER();
4268:System/FreeRTOS/tasks.c **** 					}
4269:System/FreeRTOS/tasks.c **** 
4270:System/FreeRTOS/tasks.c **** 					/* If the running task is not the task that holds the mutex
4271:System/FreeRTOS/tasks.c **** 					then the task that holds the mutex could be in either the
4272:System/FreeRTOS/tasks.c **** 					Ready, Blocked or Suspended states.  Only remove the task
4273:System/FreeRTOS/tasks.c **** 					from its current state list if it is in the Ready state as
ARM GAS  C:\Users\HUAV\AppData\Local\Temp\ccerV99a.s 			page 197


4274:System/FreeRTOS/tasks.c **** 					the task's priority is going to change and there is one
4275:System/FreeRTOS/tasks.c **** 					Ready list per priority. */
4276:System/FreeRTOS/tasks.c **** 					if( listIS_CONTAINED_WITHIN( &( pxReadyTasksLists[ uxPriorityUsedOnEntry ] ), &( pxTCB->xState
 6681              		.loc 1 4276 10
 6682 009e BB69     		ldr	r3, [r7, #24]
 6683 00a0 5969     		ldr	r1, [r3, #20]
 6684 00a2 3A69     		ldr	r2, [r7, #16]
 6685 00a4 1346     		mov	r3, r2
 6686 00a6 9B00     		lsls	r3, r3, #2
 6687 00a8 1344     		add	r3, r3, r2
 6688 00aa 9B00     		lsls	r3, r3, #2
 6689 00ac 194A     		ldr	r2, .L417+4
 6690 00ae 1344     		add	r3, r3, r2
 6691              		.loc 1 4276 8
 6692 00b0 9942     		cmp	r1, r3
 6693 00b2 29D1     		bne	.L416
4277:System/FreeRTOS/tasks.c **** 					{
4278:System/FreeRTOS/tasks.c **** 						if( uxListRemove( &( pxTCB->xStateListItem ) ) == ( UBaseType_t ) 0 )
 6694              		.loc 1 4278 11
 6695 00b4 BB69     		ldr	r3, [r7, #24]
 6696 00b6 0433     		adds	r3, r3, #4
 6697 00b8 1846     		mov	r0, r3
 6698 00ba FFF7FEFF 		bl	uxListRemove
 6699 00be 0346     		mov	r3, r0
 6700              		.loc 1 4278 9
 6701 00c0 002B     		cmp	r3, #0
 6702 00c2 0AD1     		bne	.L415
4279:System/FreeRTOS/tasks.c **** 						{
4280:System/FreeRTOS/tasks.c **** 							/* It is known that the task is in its ready list so
4281:System/FreeRTOS/tasks.c **** 							there is no need to check again and the port level
4282:System/FreeRTOS/tasks.c **** 							reset macro can be called directly. */
4283:System/FreeRTOS/tasks.c **** 							portRESET_READY_PRIORITY( pxTCB->uxPriority, uxTopReadyPriority );
 6703              		.loc 1 4283 8
 6704 00c4 BB69     		ldr	r3, [r7, #24]
 6705 00c6 DB6A     		ldr	r3, [r3, #44]
 6706 00c8 0122     		movs	r2, #1
 6707 00ca 02FA03F3 		lsl	r3, r2, r3
 6708 00ce DA43     		mvns	r2, r3
 6709 00d0 114B     		ldr	r3, .L417+8
 6710 00d2 1B68     		ldr	r3, [r3]
 6711 00d4 1340     		ands	r3, r3, r2
 6712 00d6 104A     		ldr	r2, .L417+8
 6713 00d8 1360     		str	r3, [r2]
 6714              	.L415:
4284:System/FreeRTOS/tasks.c **** 						}
4285:System/FreeRTOS/tasks.c **** 						else
4286:System/FreeRTOS/tasks.c **** 						{
4287:System/FreeRTOS/tasks.c **** 							mtCOVERAGE_TEST_MARKER();
4288:System/FreeRTOS/tasks.c **** 						}
4289:System/FreeRTOS/tasks.c **** 
4290:System/FreeRTOS/tasks.c **** 						prvAddTaskToReadyList( pxTCB );
 6715              		.loc 1 4290 7
 6716 00da BB69     		ldr	r3, [r7, #24]
 6717 00dc DB6A     		ldr	r3, [r3, #44]
 6718 00de 0122     		movs	r2, #1
 6719 00e0 9A40     		lsls	r2, r2, r3
 6720 00e2 0D4B     		ldr	r3, .L417+8
ARM GAS  C:\Users\HUAV\AppData\Local\Temp\ccerV99a.s 			page 198


 6721 00e4 1B68     		ldr	r3, [r3]
 6722 00e6 1343     		orrs	r3, r3, r2
 6723 00e8 0B4A     		ldr	r2, .L417+8
 6724 00ea 1360     		str	r3, [r2]
 6725 00ec BB69     		ldr	r3, [r7, #24]
 6726 00ee DA6A     		ldr	r2, [r3, #44]
 6727 00f0 1346     		mov	r3, r2
 6728 00f2 9B00     		lsls	r3, r3, #2
 6729 00f4 1344     		add	r3, r3, r2
 6730 00f6 9B00     		lsls	r3, r3, #2
 6731 00f8 064A     		ldr	r2, .L417+4
 6732 00fa 1A44     		add	r2, r2, r3
 6733 00fc BB69     		ldr	r3, [r7, #24]
 6734 00fe 0433     		adds	r3, r3, #4
 6735 0100 1946     		mov	r1, r3
 6736 0102 1046     		mov	r0, r2
 6737 0104 FFF7FEFF 		bl	vListInsertEnd
 6738              	.L416:
4291:System/FreeRTOS/tasks.c **** 					}
4292:System/FreeRTOS/tasks.c **** 					else
4293:System/FreeRTOS/tasks.c **** 					{
4294:System/FreeRTOS/tasks.c **** 						mtCOVERAGE_TEST_MARKER();
4295:System/FreeRTOS/tasks.c **** 					}
4296:System/FreeRTOS/tasks.c **** 				}
4297:System/FreeRTOS/tasks.c **** 				else
4298:System/FreeRTOS/tasks.c **** 				{
4299:System/FreeRTOS/tasks.c **** 					mtCOVERAGE_TEST_MARKER();
4300:System/FreeRTOS/tasks.c **** 				}
4301:System/FreeRTOS/tasks.c **** 			}
4302:System/FreeRTOS/tasks.c **** 			else
4303:System/FreeRTOS/tasks.c **** 			{
4304:System/FreeRTOS/tasks.c **** 				mtCOVERAGE_TEST_MARKER();
4305:System/FreeRTOS/tasks.c **** 			}
4306:System/FreeRTOS/tasks.c **** 		}
4307:System/FreeRTOS/tasks.c **** 		else
4308:System/FreeRTOS/tasks.c **** 		{
4309:System/FreeRTOS/tasks.c **** 			mtCOVERAGE_TEST_MARKER();
4310:System/FreeRTOS/tasks.c **** 		}
4311:System/FreeRTOS/tasks.c **** 	}
 6739              		.loc 1 4311 2
 6740 0108 00BF     		nop
 6741 010a 2037     		adds	r7, r7, #32
 6742              	.LCFI271:
 6743              		.cfi_def_cfa_offset 8
 6744 010c BD46     		mov	sp, r7
 6745              	.LCFI272:
 6746              		.cfi_def_cfa_register 13
 6747              		@ sp needed
 6748 010e 80BD     		pop	{r7, pc}
 6749              	.L418:
 6750              		.align	2
 6751              	.L417:
 6752 0110 00000000 		.word	pxCurrentTCB
 6753 0114 00000000 		.word	pxReadyTasksLists
 6754 0118 00000000 		.word	uxTopReadyPriority
 6755              		.cfi_endproc
 6756              	.LFE57:
ARM GAS  C:\Users\HUAV\AppData\Local\Temp\ccerV99a.s 			page 199


 6758              		.section	.text.uxTaskResetEventItemValue,"ax",%progbits
 6759              		.align	1
 6760              		.global	uxTaskResetEventItemValue
 6761              		.syntax unified
 6762              		.thumb
 6763              		.thumb_func
 6765              	uxTaskResetEventItemValue:
 6766              	.LFB58:
4312:System/FreeRTOS/tasks.c **** 
4313:System/FreeRTOS/tasks.c **** #endif /* configUSE_MUTEXES */
4314:System/FreeRTOS/tasks.c **** /*-----------------------------------------------------------*/
4315:System/FreeRTOS/tasks.c **** 
4316:System/FreeRTOS/tasks.c **** #if ( portCRITICAL_NESTING_IN_TCB == 1 )
4317:System/FreeRTOS/tasks.c **** 
4318:System/FreeRTOS/tasks.c **** 	void vTaskEnterCritical( void )
4319:System/FreeRTOS/tasks.c **** 	{
4320:System/FreeRTOS/tasks.c **** 		portDISABLE_INTERRUPTS();
4321:System/FreeRTOS/tasks.c **** 
4322:System/FreeRTOS/tasks.c **** 		if( xSchedulerRunning != pdFALSE )
4323:System/FreeRTOS/tasks.c **** 		{
4324:System/FreeRTOS/tasks.c **** 			( pxCurrentTCB->uxCriticalNesting )++;
4325:System/FreeRTOS/tasks.c **** 
4326:System/FreeRTOS/tasks.c **** 			/* This is not the interrupt safe version of the enter critical
4327:System/FreeRTOS/tasks.c **** 			function so	assert() if it is being called from an interrupt
4328:System/FreeRTOS/tasks.c **** 			context.  Only API functions that end in "FromISR" can be used in an
4329:System/FreeRTOS/tasks.c **** 			interrupt.  Only assert if the critical nesting count is 1 to
4330:System/FreeRTOS/tasks.c **** 			protect against recursive calls if the assert function also uses a
4331:System/FreeRTOS/tasks.c **** 			critical section. */
4332:System/FreeRTOS/tasks.c **** 			if( pxCurrentTCB->uxCriticalNesting == 1 )
4333:System/FreeRTOS/tasks.c **** 			{
4334:System/FreeRTOS/tasks.c **** 				portASSERT_IF_IN_ISR();
4335:System/FreeRTOS/tasks.c **** 			}
4336:System/FreeRTOS/tasks.c **** 		}
4337:System/FreeRTOS/tasks.c **** 		else
4338:System/FreeRTOS/tasks.c **** 		{
4339:System/FreeRTOS/tasks.c **** 			mtCOVERAGE_TEST_MARKER();
4340:System/FreeRTOS/tasks.c **** 		}
4341:System/FreeRTOS/tasks.c **** 	}
4342:System/FreeRTOS/tasks.c **** 
4343:System/FreeRTOS/tasks.c **** #endif /* portCRITICAL_NESTING_IN_TCB */
4344:System/FreeRTOS/tasks.c **** /*-----------------------------------------------------------*/
4345:System/FreeRTOS/tasks.c **** 
4346:System/FreeRTOS/tasks.c **** #if ( portCRITICAL_NESTING_IN_TCB == 1 )
4347:System/FreeRTOS/tasks.c **** 
4348:System/FreeRTOS/tasks.c **** 	void vTaskExitCritical( void )
4349:System/FreeRTOS/tasks.c **** 	{
4350:System/FreeRTOS/tasks.c **** 		if( xSchedulerRunning != pdFALSE )
4351:System/FreeRTOS/tasks.c **** 		{
4352:System/FreeRTOS/tasks.c **** 			if( pxCurrentTCB->uxCriticalNesting > 0U )
4353:System/FreeRTOS/tasks.c **** 			{
4354:System/FreeRTOS/tasks.c **** 				( pxCurrentTCB->uxCriticalNesting )--;
4355:System/FreeRTOS/tasks.c **** 
4356:System/FreeRTOS/tasks.c **** 				if( pxCurrentTCB->uxCriticalNesting == 0U )
4357:System/FreeRTOS/tasks.c **** 				{
4358:System/FreeRTOS/tasks.c **** 					portENABLE_INTERRUPTS();
4359:System/FreeRTOS/tasks.c **** 				}
4360:System/FreeRTOS/tasks.c **** 				else
ARM GAS  C:\Users\HUAV\AppData\Local\Temp\ccerV99a.s 			page 200


4361:System/FreeRTOS/tasks.c **** 				{
4362:System/FreeRTOS/tasks.c **** 					mtCOVERAGE_TEST_MARKER();
4363:System/FreeRTOS/tasks.c **** 				}
4364:System/FreeRTOS/tasks.c **** 			}
4365:System/FreeRTOS/tasks.c **** 			else
4366:System/FreeRTOS/tasks.c **** 			{
4367:System/FreeRTOS/tasks.c **** 				mtCOVERAGE_TEST_MARKER();
4368:System/FreeRTOS/tasks.c **** 			}
4369:System/FreeRTOS/tasks.c **** 		}
4370:System/FreeRTOS/tasks.c **** 		else
4371:System/FreeRTOS/tasks.c **** 		{
4372:System/FreeRTOS/tasks.c **** 			mtCOVERAGE_TEST_MARKER();
4373:System/FreeRTOS/tasks.c **** 		}
4374:System/FreeRTOS/tasks.c **** 	}
4375:System/FreeRTOS/tasks.c **** 
4376:System/FreeRTOS/tasks.c **** #endif /* portCRITICAL_NESTING_IN_TCB */
4377:System/FreeRTOS/tasks.c **** /*-----------------------------------------------------------*/
4378:System/FreeRTOS/tasks.c **** 
4379:System/FreeRTOS/tasks.c **** #if ( ( configUSE_TRACE_FACILITY == 1 ) && ( configUSE_STATS_FORMATTING_FUNCTIONS > 0 ) )
4380:System/FreeRTOS/tasks.c **** 
4381:System/FreeRTOS/tasks.c **** 	static char *prvWriteNameToBuffer( char *pcBuffer, const char *pcTaskName )
4382:System/FreeRTOS/tasks.c **** 	{
4383:System/FreeRTOS/tasks.c **** 	size_t x;
4384:System/FreeRTOS/tasks.c **** 
4385:System/FreeRTOS/tasks.c **** 		/* Start by copying the entire string. */
4386:System/FreeRTOS/tasks.c **** 		strcpy( pcBuffer, pcTaskName );
4387:System/FreeRTOS/tasks.c **** 
4388:System/FreeRTOS/tasks.c **** 		/* Pad the end of the string with spaces to ensure columns line up when
4389:System/FreeRTOS/tasks.c **** 		printed out. */
4390:System/FreeRTOS/tasks.c **** 		for( x = strlen( pcBuffer ); x < ( size_t ) ( configMAX_TASK_NAME_LEN - 1 ); x++ )
4391:System/FreeRTOS/tasks.c **** 		{
4392:System/FreeRTOS/tasks.c **** 			pcBuffer[ x ] = ' ';
4393:System/FreeRTOS/tasks.c **** 		}
4394:System/FreeRTOS/tasks.c **** 
4395:System/FreeRTOS/tasks.c **** 		/* Terminate. */
4396:System/FreeRTOS/tasks.c **** 		pcBuffer[ x ] = ( char ) 0x00;
4397:System/FreeRTOS/tasks.c **** 
4398:System/FreeRTOS/tasks.c **** 		/* Return the new end of string. */
4399:System/FreeRTOS/tasks.c **** 		return &( pcBuffer[ x ] );
4400:System/FreeRTOS/tasks.c **** 	}
4401:System/FreeRTOS/tasks.c **** 
4402:System/FreeRTOS/tasks.c **** #endif /* ( configUSE_TRACE_FACILITY == 1 ) && ( configUSE_STATS_FORMATTING_FUNCTIONS > 0 ) */
4403:System/FreeRTOS/tasks.c **** /*-----------------------------------------------------------*/
4404:System/FreeRTOS/tasks.c **** 
4405:System/FreeRTOS/tasks.c **** #if ( ( configUSE_TRACE_FACILITY == 1 ) && ( configUSE_STATS_FORMATTING_FUNCTIONS > 0 ) && ( config
4406:System/FreeRTOS/tasks.c **** 
4407:System/FreeRTOS/tasks.c **** 	void vTaskList( char * pcWriteBuffer )
4408:System/FreeRTOS/tasks.c **** 	{
4409:System/FreeRTOS/tasks.c **** 	TaskStatus_t *pxTaskStatusArray;
4410:System/FreeRTOS/tasks.c **** 	UBaseType_t uxArraySize, x;
4411:System/FreeRTOS/tasks.c **** 	char cStatus;
4412:System/FreeRTOS/tasks.c **** 
4413:System/FreeRTOS/tasks.c **** 		/*
4414:System/FreeRTOS/tasks.c **** 		 * PLEASE NOTE:
4415:System/FreeRTOS/tasks.c **** 		 *
4416:System/FreeRTOS/tasks.c **** 		 * This function is provided for convenience only, and is used by many
4417:System/FreeRTOS/tasks.c **** 		 * of the demo applications.  Do not consider it to be part of the
ARM GAS  C:\Users\HUAV\AppData\Local\Temp\ccerV99a.s 			page 201


4418:System/FreeRTOS/tasks.c **** 		 * scheduler.
4419:System/FreeRTOS/tasks.c **** 		 *
4420:System/FreeRTOS/tasks.c **** 		 * vTaskList() calls uxTaskGetSystemState(), then formats part of the
4421:System/FreeRTOS/tasks.c **** 		 * uxTaskGetSystemState() output into a human readable table that
4422:System/FreeRTOS/tasks.c **** 		 * displays task names, states and stack usage.
4423:System/FreeRTOS/tasks.c **** 		 *
4424:System/FreeRTOS/tasks.c **** 		 * vTaskList() has a dependency on the sprintf() C library function that
4425:System/FreeRTOS/tasks.c **** 		 * might bloat the code size, use a lot of stack, and provide different
4426:System/FreeRTOS/tasks.c **** 		 * results on different platforms.  An alternative, tiny, third party,
4427:System/FreeRTOS/tasks.c **** 		 * and limited functionality implementation of sprintf() is provided in
4428:System/FreeRTOS/tasks.c **** 		 * many of the FreeRTOS/Demo sub-directories in a file called
4429:System/FreeRTOS/tasks.c **** 		 * printf-stdarg.c (note printf-stdarg.c does not provide a full
4430:System/FreeRTOS/tasks.c **** 		 * snprintf() implementation!).
4431:System/FreeRTOS/tasks.c **** 		 *
4432:System/FreeRTOS/tasks.c **** 		 * It is recommended that production systems call uxTaskGetSystemState()
4433:System/FreeRTOS/tasks.c **** 		 * directly to get access to raw stats data, rather than indirectly
4434:System/FreeRTOS/tasks.c **** 		 * through a call to vTaskList().
4435:System/FreeRTOS/tasks.c **** 		 */
4436:System/FreeRTOS/tasks.c **** 
4437:System/FreeRTOS/tasks.c **** 
4438:System/FreeRTOS/tasks.c **** 		/* Make sure the write buffer does not contain a string. */
4439:System/FreeRTOS/tasks.c **** 		*pcWriteBuffer = ( char ) 0x00;
4440:System/FreeRTOS/tasks.c **** 
4441:System/FreeRTOS/tasks.c **** 		/* Take a snapshot of the number of tasks in case it changes while this
4442:System/FreeRTOS/tasks.c **** 		function is executing. */
4443:System/FreeRTOS/tasks.c **** 		uxArraySize = uxCurrentNumberOfTasks;
4444:System/FreeRTOS/tasks.c **** 
4445:System/FreeRTOS/tasks.c **** 		/* Allocate an array index for each task.  NOTE!  if
4446:System/FreeRTOS/tasks.c **** 		configSUPPORT_DYNAMIC_ALLOCATION is set to 0 then pvPortMalloc() will
4447:System/FreeRTOS/tasks.c **** 		equate to NULL. */
4448:System/FreeRTOS/tasks.c **** 		pxTaskStatusArray = pvPortMalloc( uxCurrentNumberOfTasks * sizeof( TaskStatus_t ) ); /*lint !e907
4449:System/FreeRTOS/tasks.c **** 
4450:System/FreeRTOS/tasks.c **** 		if( pxTaskStatusArray != NULL )
4451:System/FreeRTOS/tasks.c **** 		{
4452:System/FreeRTOS/tasks.c **** 			/* Generate the (binary) data. */
4453:System/FreeRTOS/tasks.c **** 			uxArraySize = uxTaskGetSystemState( pxTaskStatusArray, uxArraySize, NULL );
4454:System/FreeRTOS/tasks.c **** 
4455:System/FreeRTOS/tasks.c **** 			/* Create a human readable table from the binary data. */
4456:System/FreeRTOS/tasks.c **** 			for( x = 0; x < uxArraySize; x++ )
4457:System/FreeRTOS/tasks.c **** 			{
4458:System/FreeRTOS/tasks.c **** 				switch( pxTaskStatusArray[ x ].eCurrentState )
4459:System/FreeRTOS/tasks.c **** 				{
4460:System/FreeRTOS/tasks.c **** 					case eRunning:		cStatus = tskRUNNING_CHAR;
4461:System/FreeRTOS/tasks.c **** 										break;
4462:System/FreeRTOS/tasks.c **** 
4463:System/FreeRTOS/tasks.c **** 					case eReady:		cStatus = tskREADY_CHAR;
4464:System/FreeRTOS/tasks.c **** 										break;
4465:System/FreeRTOS/tasks.c **** 
4466:System/FreeRTOS/tasks.c **** 					case eBlocked:		cStatus = tskBLOCKED_CHAR;
4467:System/FreeRTOS/tasks.c **** 										break;
4468:System/FreeRTOS/tasks.c **** 
4469:System/FreeRTOS/tasks.c **** 					case eSuspended:	cStatus = tskSUSPENDED_CHAR;
4470:System/FreeRTOS/tasks.c **** 										break;
4471:System/FreeRTOS/tasks.c **** 
4472:System/FreeRTOS/tasks.c **** 					case eDeleted:		cStatus = tskDELETED_CHAR;
4473:System/FreeRTOS/tasks.c **** 										break;
4474:System/FreeRTOS/tasks.c **** 
ARM GAS  C:\Users\HUAV\AppData\Local\Temp\ccerV99a.s 			page 202


4475:System/FreeRTOS/tasks.c **** 					case eInvalid:		/* Fall through. */
4476:System/FreeRTOS/tasks.c **** 					default:			/* Should not get here, but it is included
4477:System/FreeRTOS/tasks.c **** 										to prevent static checking errors. */
4478:System/FreeRTOS/tasks.c **** 										cStatus = ( char ) 0x00;
4479:System/FreeRTOS/tasks.c **** 										break;
4480:System/FreeRTOS/tasks.c **** 				}
4481:System/FreeRTOS/tasks.c **** 
4482:System/FreeRTOS/tasks.c **** 				/* Write the task name to the string, padding with spaces so it
4483:System/FreeRTOS/tasks.c **** 				can be printed in tabular form more easily. */
4484:System/FreeRTOS/tasks.c **** 				pcWriteBuffer = prvWriteNameToBuffer( pcWriteBuffer, pxTaskStatusArray[ x ].pcTaskName );
4485:System/FreeRTOS/tasks.c **** 
4486:System/FreeRTOS/tasks.c **** 				/* Write the rest of the string. */
4487:System/FreeRTOS/tasks.c **** 				sprintf( pcWriteBuffer, "\t%c\t%u\t%u\t%u\r\n", cStatus, ( unsigned int ) pxTaskStatusArray[ x 
4488:System/FreeRTOS/tasks.c **** 				pcWriteBuffer += strlen( pcWriteBuffer ); /*lint !e9016 Pointer arithmetic ok on char pointers 
4489:System/FreeRTOS/tasks.c **** 			}
4490:System/FreeRTOS/tasks.c **** 
4491:System/FreeRTOS/tasks.c **** 			/* Free the array again.  NOTE!  If configSUPPORT_DYNAMIC_ALLOCATION
4492:System/FreeRTOS/tasks.c **** 			is 0 then vPortFree() will be #defined to nothing. */
4493:System/FreeRTOS/tasks.c **** 			vPortFree( pxTaskStatusArray );
4494:System/FreeRTOS/tasks.c **** 		}
4495:System/FreeRTOS/tasks.c **** 		else
4496:System/FreeRTOS/tasks.c **** 		{
4497:System/FreeRTOS/tasks.c **** 			mtCOVERAGE_TEST_MARKER();
4498:System/FreeRTOS/tasks.c **** 		}
4499:System/FreeRTOS/tasks.c **** 	}
4500:System/FreeRTOS/tasks.c **** 
4501:System/FreeRTOS/tasks.c **** #endif /* ( ( configUSE_TRACE_FACILITY == 1 ) && ( configUSE_STATS_FORMATTING_FUNCTIONS > 0 ) && ( 
4502:System/FreeRTOS/tasks.c **** /*----------------------------------------------------------*/
4503:System/FreeRTOS/tasks.c **** 
4504:System/FreeRTOS/tasks.c **** #if ( ( configGENERATE_RUN_TIME_STATS == 1 ) && ( configUSE_STATS_FORMATTING_FUNCTIONS > 0 ) && ( c
4505:System/FreeRTOS/tasks.c **** 
4506:System/FreeRTOS/tasks.c **** 	void vTaskGetRunTimeStats( char *pcWriteBuffer )
4507:System/FreeRTOS/tasks.c **** 	{
4508:System/FreeRTOS/tasks.c **** 	TaskStatus_t *pxTaskStatusArray;
4509:System/FreeRTOS/tasks.c **** 	UBaseType_t uxArraySize, x;
4510:System/FreeRTOS/tasks.c **** 	uint32_t ulTotalTime, ulStatsAsPercentage;
4511:System/FreeRTOS/tasks.c **** 
4512:System/FreeRTOS/tasks.c **** 		#if( configUSE_TRACE_FACILITY != 1 )
4513:System/FreeRTOS/tasks.c **** 		{
4514:System/FreeRTOS/tasks.c **** 			#error configUSE_TRACE_FACILITY must also be set to 1 in FreeRTOSConfig.h to use vTaskGetRunTime
4515:System/FreeRTOS/tasks.c **** 		}
4516:System/FreeRTOS/tasks.c **** 		#endif
4517:System/FreeRTOS/tasks.c **** 
4518:System/FreeRTOS/tasks.c **** 		/*
4519:System/FreeRTOS/tasks.c **** 		 * PLEASE NOTE:
4520:System/FreeRTOS/tasks.c **** 		 *
4521:System/FreeRTOS/tasks.c **** 		 * This function is provided for convenience only, and is used by many
4522:System/FreeRTOS/tasks.c **** 		 * of the demo applications.  Do not consider it to be part of the
4523:System/FreeRTOS/tasks.c **** 		 * scheduler.
4524:System/FreeRTOS/tasks.c **** 		 *
4525:System/FreeRTOS/tasks.c **** 		 * vTaskGetRunTimeStats() calls uxTaskGetSystemState(), then formats part
4526:System/FreeRTOS/tasks.c **** 		 * of the uxTaskGetSystemState() output into a human readable table that
4527:System/FreeRTOS/tasks.c **** 		 * displays the amount of time each task has spent in the Running state
4528:System/FreeRTOS/tasks.c **** 		 * in both absolute and percentage terms.
4529:System/FreeRTOS/tasks.c **** 		 *
4530:System/FreeRTOS/tasks.c **** 		 * vTaskGetRunTimeStats() has a dependency on the sprintf() C library
4531:System/FreeRTOS/tasks.c **** 		 * function that might bloat the code size, use a lot of stack, and
ARM GAS  C:\Users\HUAV\AppData\Local\Temp\ccerV99a.s 			page 203


4532:System/FreeRTOS/tasks.c **** 		 * provide different results on different platforms.  An alternative,
4533:System/FreeRTOS/tasks.c **** 		 * tiny, third party, and limited functionality implementation of
4534:System/FreeRTOS/tasks.c **** 		 * sprintf() is provided in many of the FreeRTOS/Demo sub-directories in
4535:System/FreeRTOS/tasks.c **** 		 * a file called printf-stdarg.c (note printf-stdarg.c does not provide
4536:System/FreeRTOS/tasks.c **** 		 * a full snprintf() implementation!).
4537:System/FreeRTOS/tasks.c **** 		 *
4538:System/FreeRTOS/tasks.c **** 		 * It is recommended that production systems call uxTaskGetSystemState()
4539:System/FreeRTOS/tasks.c **** 		 * directly to get access to raw stats data, rather than indirectly
4540:System/FreeRTOS/tasks.c **** 		 * through a call to vTaskGetRunTimeStats().
4541:System/FreeRTOS/tasks.c **** 		 */
4542:System/FreeRTOS/tasks.c **** 
4543:System/FreeRTOS/tasks.c **** 		/* Make sure the write buffer does not contain a string. */
4544:System/FreeRTOS/tasks.c **** 		*pcWriteBuffer = ( char ) 0x00;
4545:System/FreeRTOS/tasks.c **** 
4546:System/FreeRTOS/tasks.c **** 		/* Take a snapshot of the number of tasks in case it changes while this
4547:System/FreeRTOS/tasks.c **** 		function is executing. */
4548:System/FreeRTOS/tasks.c **** 		uxArraySize = uxCurrentNumberOfTasks;
4549:System/FreeRTOS/tasks.c **** 
4550:System/FreeRTOS/tasks.c **** 		/* Allocate an array index for each task.  NOTE!  If
4551:System/FreeRTOS/tasks.c **** 		configSUPPORT_DYNAMIC_ALLOCATION is set to 0 then pvPortMalloc() will
4552:System/FreeRTOS/tasks.c **** 		equate to NULL. */
4553:System/FreeRTOS/tasks.c **** 		pxTaskStatusArray = pvPortMalloc( uxCurrentNumberOfTasks * sizeof( TaskStatus_t ) ); /*lint !e907
4554:System/FreeRTOS/tasks.c **** 
4555:System/FreeRTOS/tasks.c **** 		if( pxTaskStatusArray != NULL )
4556:System/FreeRTOS/tasks.c **** 		{
4557:System/FreeRTOS/tasks.c **** 			/* Generate the (binary) data. */
4558:System/FreeRTOS/tasks.c **** 			uxArraySize = uxTaskGetSystemState( pxTaskStatusArray, uxArraySize, &ulTotalTime );
4559:System/FreeRTOS/tasks.c **** 
4560:System/FreeRTOS/tasks.c **** 			/* For percentage calculations. */
4561:System/FreeRTOS/tasks.c **** 			ulTotalTime /= 100UL;
4562:System/FreeRTOS/tasks.c **** 
4563:System/FreeRTOS/tasks.c **** 			/* Avoid divide by zero errors. */
4564:System/FreeRTOS/tasks.c **** 			if( ulTotalTime > 0UL )
4565:System/FreeRTOS/tasks.c **** 			{
4566:System/FreeRTOS/tasks.c **** 				/* Create a human readable table from the binary data. */
4567:System/FreeRTOS/tasks.c **** 				for( x = 0; x < uxArraySize; x++ )
4568:System/FreeRTOS/tasks.c **** 				{
4569:System/FreeRTOS/tasks.c **** 					/* What percentage of the total run time has the task used?
4570:System/FreeRTOS/tasks.c **** 					This will always be rounded down to the nearest integer.
4571:System/FreeRTOS/tasks.c **** 					ulTotalRunTimeDiv100 has already been divided by 100. */
4572:System/FreeRTOS/tasks.c **** 					ulStatsAsPercentage = pxTaskStatusArray[ x ].ulRunTimeCounter / ulTotalTime;
4573:System/FreeRTOS/tasks.c **** 
4574:System/FreeRTOS/tasks.c **** 					/* Write the task name to the string, padding with
4575:System/FreeRTOS/tasks.c **** 					spaces so it can be printed in tabular form more
4576:System/FreeRTOS/tasks.c **** 					easily. */
4577:System/FreeRTOS/tasks.c **** 					pcWriteBuffer = prvWriteNameToBuffer( pcWriteBuffer, pxTaskStatusArray[ x ].pcTaskName );
4578:System/FreeRTOS/tasks.c **** 
4579:System/FreeRTOS/tasks.c **** 					if( ulStatsAsPercentage > 0UL )
4580:System/FreeRTOS/tasks.c **** 					{
4581:System/FreeRTOS/tasks.c **** 						#ifdef portLU_PRINTF_SPECIFIER_REQUIRED
4582:System/FreeRTOS/tasks.c **** 						{
4583:System/FreeRTOS/tasks.c **** 							sprintf( pcWriteBuffer, "\t%lu\t\t%lu%%\r\n", pxTaskStatusArray[ x ].ulRunTimeCounter, ulSta
4584:System/FreeRTOS/tasks.c **** 						}
4585:System/FreeRTOS/tasks.c **** 						#else
4586:System/FreeRTOS/tasks.c **** 						{
4587:System/FreeRTOS/tasks.c **** 							/* sizeof( int ) == sizeof( long ) so a smaller
4588:System/FreeRTOS/tasks.c **** 							printf() library can be used. */
ARM GAS  C:\Users\HUAV\AppData\Local\Temp\ccerV99a.s 			page 204


4589:System/FreeRTOS/tasks.c **** 							sprintf( pcWriteBuffer, "\t%u\t\t%u%%\r\n", ( unsigned int ) pxTaskStatusArray[ x ].ulRunTim
4590:System/FreeRTOS/tasks.c **** 						}
4591:System/FreeRTOS/tasks.c **** 						#endif
4592:System/FreeRTOS/tasks.c **** 					}
4593:System/FreeRTOS/tasks.c **** 					else
4594:System/FreeRTOS/tasks.c **** 					{
4595:System/FreeRTOS/tasks.c **** 						/* If the percentage is zero here then the task has
4596:System/FreeRTOS/tasks.c **** 						consumed less than 1% of the total run time. */
4597:System/FreeRTOS/tasks.c **** 						#ifdef portLU_PRINTF_SPECIFIER_REQUIRED
4598:System/FreeRTOS/tasks.c **** 						{
4599:System/FreeRTOS/tasks.c **** 							sprintf( pcWriteBuffer, "\t%lu\t\t<1%%\r\n", pxTaskStatusArray[ x ].ulRunTimeCounter );
4600:System/FreeRTOS/tasks.c **** 						}
4601:System/FreeRTOS/tasks.c **** 						#else
4602:System/FreeRTOS/tasks.c **** 						{
4603:System/FreeRTOS/tasks.c **** 							/* sizeof( int ) == sizeof( long ) so a smaller
4604:System/FreeRTOS/tasks.c **** 							printf() library can be used. */
4605:System/FreeRTOS/tasks.c **** 							sprintf( pcWriteBuffer, "\t%u\t\t<1%%\r\n", ( unsigned int ) pxTaskStatusArray[ x ].ulRunTim
4606:System/FreeRTOS/tasks.c **** 						}
4607:System/FreeRTOS/tasks.c **** 						#endif
4608:System/FreeRTOS/tasks.c **** 					}
4609:System/FreeRTOS/tasks.c **** 
4610:System/FreeRTOS/tasks.c **** 					pcWriteBuffer += strlen( pcWriteBuffer ); /*lint !e9016 Pointer arithmetic ok on char pointers
4611:System/FreeRTOS/tasks.c **** 				}
4612:System/FreeRTOS/tasks.c **** 			}
4613:System/FreeRTOS/tasks.c **** 			else
4614:System/FreeRTOS/tasks.c **** 			{
4615:System/FreeRTOS/tasks.c **** 				mtCOVERAGE_TEST_MARKER();
4616:System/FreeRTOS/tasks.c **** 			}
4617:System/FreeRTOS/tasks.c **** 
4618:System/FreeRTOS/tasks.c **** 			/* Free the array again.  NOTE!  If configSUPPORT_DYNAMIC_ALLOCATION
4619:System/FreeRTOS/tasks.c **** 			is 0 then vPortFree() will be #defined to nothing. */
4620:System/FreeRTOS/tasks.c **** 			vPortFree( pxTaskStatusArray );
4621:System/FreeRTOS/tasks.c **** 		}
4622:System/FreeRTOS/tasks.c **** 		else
4623:System/FreeRTOS/tasks.c **** 		{
4624:System/FreeRTOS/tasks.c **** 			mtCOVERAGE_TEST_MARKER();
4625:System/FreeRTOS/tasks.c **** 		}
4626:System/FreeRTOS/tasks.c **** 	}
4627:System/FreeRTOS/tasks.c **** 
4628:System/FreeRTOS/tasks.c **** #endif /* ( ( configGENERATE_RUN_TIME_STATS == 1 ) && ( configUSE_STATS_FORMATTING_FUNCTIONS > 0 ) 
4629:System/FreeRTOS/tasks.c **** /*-----------------------------------------------------------*/
4630:System/FreeRTOS/tasks.c **** 
4631:System/FreeRTOS/tasks.c **** TickType_t uxTaskResetEventItemValue( void )
4632:System/FreeRTOS/tasks.c **** {
 6767              		.loc 1 4632 1
 6768              		.cfi_startproc
 6769              		@ args = 0, pretend = 0, frame = 8
 6770              		@ frame_needed = 1, uses_anonymous_args = 0
 6771              		@ link register save eliminated.
 6772 0000 80B4     		push	{r7}
 6773              	.LCFI273:
 6774              		.cfi_def_cfa_offset 4
 6775              		.cfi_offset 7, -4
 6776 0002 83B0     		sub	sp, sp, #12
 6777              	.LCFI274:
 6778              		.cfi_def_cfa_offset 16
 6779 0004 00AF     		add	r7, sp, #0
ARM GAS  C:\Users\HUAV\AppData\Local\Temp\ccerV99a.s 			page 205


 6780              	.LCFI275:
 6781              		.cfi_def_cfa_register 7
4633:System/FreeRTOS/tasks.c **** TickType_t uxReturn;
4634:System/FreeRTOS/tasks.c **** 
4635:System/FreeRTOS/tasks.c **** 	uxReturn = listGET_LIST_ITEM_VALUE( &( pxCurrentTCB->xEventListItem ) );
 6782              		.loc 1 4635 13
 6783 0006 094B     		ldr	r3, .L421
 6784 0008 1B68     		ldr	r3, [r3]
 6785              		.loc 1 4635 11
 6786 000a 9B69     		ldr	r3, [r3, #24]
 6787 000c 7B60     		str	r3, [r7, #4]
4636:System/FreeRTOS/tasks.c **** 
4637:System/FreeRTOS/tasks.c **** 	/* Reset the event list item to its normal value - so it can be used with
4638:System/FreeRTOS/tasks.c **** 	queues and semaphores. */
4639:System/FreeRTOS/tasks.c **** 	listSET_LIST_ITEM_VALUE( &( pxCurrentTCB->xEventListItem ), ( ( TickType_t ) configMAX_PRIORITIES 
 6788              		.loc 1 4639 2
 6789 000e 074B     		ldr	r3, .L421
 6790 0010 1B68     		ldr	r3, [r3]
 6791 0012 DA6A     		ldr	r2, [r3, #44]
 6792 0014 054B     		ldr	r3, .L421
 6793 0016 1B68     		ldr	r3, [r3]
 6794 0018 C2F10502 		rsb	r2, r2, #5
 6795 001c 9A61     		str	r2, [r3, #24]
4640:System/FreeRTOS/tasks.c **** 
4641:System/FreeRTOS/tasks.c **** 	return uxReturn;
 6796              		.loc 1 4641 9
 6797 001e 7B68     		ldr	r3, [r7, #4]
4642:System/FreeRTOS/tasks.c **** }
 6798              		.loc 1 4642 1
 6799 0020 1846     		mov	r0, r3
 6800 0022 0C37     		adds	r7, r7, #12
 6801              	.LCFI276:
 6802              		.cfi_def_cfa_offset 4
 6803 0024 BD46     		mov	sp, r7
 6804              	.LCFI277:
 6805              		.cfi_def_cfa_register 13
 6806              		@ sp needed
 6807 0026 5DF8047B 		ldr	r7, [sp], #4
 6808              	.LCFI278:
 6809              		.cfi_restore 7
 6810              		.cfi_def_cfa_offset 0
 6811 002a 7047     		bx	lr
 6812              	.L422:
 6813              		.align	2
 6814              	.L421:
 6815 002c 00000000 		.word	pxCurrentTCB
 6816              		.cfi_endproc
 6817              	.LFE58:
 6819              		.section	.text.pvTaskIncrementMutexHeldCount,"ax",%progbits
 6820              		.align	1
 6821              		.global	pvTaskIncrementMutexHeldCount
 6822              		.syntax unified
 6823              		.thumb
 6824              		.thumb_func
 6826              	pvTaskIncrementMutexHeldCount:
 6827              	.LFB59:
4643:System/FreeRTOS/tasks.c **** /*-----------------------------------------------------------*/
ARM GAS  C:\Users\HUAV\AppData\Local\Temp\ccerV99a.s 			page 206


4644:System/FreeRTOS/tasks.c **** 
4645:System/FreeRTOS/tasks.c **** #if ( configUSE_MUTEXES == 1 )
4646:System/FreeRTOS/tasks.c **** 
4647:System/FreeRTOS/tasks.c **** 	TaskHandle_t pvTaskIncrementMutexHeldCount( void )
4648:System/FreeRTOS/tasks.c **** 	{
 6828              		.loc 1 4648 2
 6829              		.cfi_startproc
 6830              		@ args = 0, pretend = 0, frame = 0
 6831              		@ frame_needed = 1, uses_anonymous_args = 0
 6832              		@ link register save eliminated.
 6833 0000 80B4     		push	{r7}
 6834              	.LCFI279:
 6835              		.cfi_def_cfa_offset 4
 6836              		.cfi_offset 7, -4
 6837 0002 00AF     		add	r7, sp, #0
 6838              	.LCFI280:
 6839              		.cfi_def_cfa_register 7
4649:System/FreeRTOS/tasks.c **** 		/* If xSemaphoreCreateMutex() is called before any tasks have been created
4650:System/FreeRTOS/tasks.c **** 		then pxCurrentTCB will be NULL. */
4651:System/FreeRTOS/tasks.c **** 		if( pxCurrentTCB != NULL )
 6840              		.loc 1 4651 20
 6841 0004 074B     		ldr	r3, .L426
 6842 0006 1B68     		ldr	r3, [r3]
 6843              		.loc 1 4651 5
 6844 0008 002B     		cmp	r3, #0
 6845 000a 04D0     		beq	.L424
4652:System/FreeRTOS/tasks.c **** 		{
4653:System/FreeRTOS/tasks.c **** 			( pxCurrentTCB->uxMutexesHeld )++;
 6846              		.loc 1 4653 18
 6847 000c 054B     		ldr	r3, .L426
 6848 000e 1B68     		ldr	r3, [r3]
 6849 0010 5A6D     		ldr	r2, [r3, #84]
 6850              		.loc 1 4653 35
 6851 0012 0132     		adds	r2, r2, #1
 6852 0014 5A65     		str	r2, [r3, #84]
 6853              	.L424:
4654:System/FreeRTOS/tasks.c **** 		}
4655:System/FreeRTOS/tasks.c **** 
4656:System/FreeRTOS/tasks.c **** 		return pxCurrentTCB;
 6854              		.loc 1 4656 10
 6855 0016 034B     		ldr	r3, .L426
 6856 0018 1B68     		ldr	r3, [r3]
4657:System/FreeRTOS/tasks.c **** 	}
 6857              		.loc 1 4657 2
 6858 001a 1846     		mov	r0, r3
 6859 001c BD46     		mov	sp, r7
 6860              	.LCFI281:
 6861              		.cfi_def_cfa_register 13
 6862              		@ sp needed
 6863 001e 5DF8047B 		ldr	r7, [sp], #4
 6864              	.LCFI282:
 6865              		.cfi_restore 7
 6866              		.cfi_def_cfa_offset 0
 6867 0022 7047     		bx	lr
 6868              	.L427:
 6869              		.align	2
 6870              	.L426:
ARM GAS  C:\Users\HUAV\AppData\Local\Temp\ccerV99a.s 			page 207


 6871 0024 00000000 		.word	pxCurrentTCB
 6872              		.cfi_endproc
 6873              	.LFE59:
 6875              		.section	.text.ulTaskNotifyTake,"ax",%progbits
 6876              		.align	1
 6877              		.global	ulTaskNotifyTake
 6878              		.syntax unified
 6879              		.thumb
 6880              		.thumb_func
 6882              	ulTaskNotifyTake:
 6883              	.LFB60:
4658:System/FreeRTOS/tasks.c **** 
4659:System/FreeRTOS/tasks.c **** #endif /* configUSE_MUTEXES */
4660:System/FreeRTOS/tasks.c **** /*-----------------------------------------------------------*/
4661:System/FreeRTOS/tasks.c **** 
4662:System/FreeRTOS/tasks.c **** #if( configUSE_TASK_NOTIFICATIONS == 1 )
4663:System/FreeRTOS/tasks.c **** 
4664:System/FreeRTOS/tasks.c **** 	uint32_t ulTaskNotifyTake( BaseType_t xClearCountOnExit, TickType_t xTicksToWait )
4665:System/FreeRTOS/tasks.c **** 	{
 6884              		.loc 1 4665 2
 6885              		.cfi_startproc
 6886              		@ args = 0, pretend = 0, frame = 16
 6887              		@ frame_needed = 1, uses_anonymous_args = 0
 6888 0000 80B5     		push	{r7, lr}
 6889              	.LCFI283:
 6890              		.cfi_def_cfa_offset 8
 6891              		.cfi_offset 7, -8
 6892              		.cfi_offset 14, -4
 6893 0002 84B0     		sub	sp, sp, #16
 6894              	.LCFI284:
 6895              		.cfi_def_cfa_offset 24
 6896 0004 00AF     		add	r7, sp, #0
 6897              	.LCFI285:
 6898              		.cfi_def_cfa_register 7
 6899 0006 7860     		str	r0, [r7, #4]
 6900 0008 3960     		str	r1, [r7]
4666:System/FreeRTOS/tasks.c **** 	uint32_t ulReturn;
4667:System/FreeRTOS/tasks.c **** 
4668:System/FreeRTOS/tasks.c **** 		taskENTER_CRITICAL();
 6901              		.loc 1 4668 3
 6902 000a FFF7FEFF 		bl	vPortEnterCritical
4669:System/FreeRTOS/tasks.c **** 		{
4670:System/FreeRTOS/tasks.c **** 			/* Only block if the notification count is not already non-zero. */
4671:System/FreeRTOS/tasks.c **** 			if( pxCurrentTCB->ulNotifiedValue == 0UL )
 6903              		.loc 1 4671 20
 6904 000e 1E4B     		ldr	r3, .L433
 6905 0010 1B68     		ldr	r3, [r3]
 6906 0012 9B6D     		ldr	r3, [r3, #88]
 6907              		.loc 1 4671 6
 6908 0014 002B     		cmp	r3, #0
 6909 0016 13D1     		bne	.L429
4672:System/FreeRTOS/tasks.c **** 			{
4673:System/FreeRTOS/tasks.c **** 				/* Mark this task as waiting for a notification. */
4674:System/FreeRTOS/tasks.c **** 				pxCurrentTCB->ucNotifyState = taskWAITING_NOTIFICATION;
 6910              		.loc 1 4674 17
 6911 0018 1B4B     		ldr	r3, .L433
 6912 001a 1B68     		ldr	r3, [r3]
ARM GAS  C:\Users\HUAV\AppData\Local\Temp\ccerV99a.s 			page 208


 6913              		.loc 1 4674 33
 6914 001c 0122     		movs	r2, #1
 6915 001e 83F85C20 		strb	r2, [r3, #92]
4675:System/FreeRTOS/tasks.c **** 
4676:System/FreeRTOS/tasks.c **** 				if( xTicksToWait > ( TickType_t ) 0 )
 6916              		.loc 1 4676 7
 6917 0022 3B68     		ldr	r3, [r7]
 6918 0024 002B     		cmp	r3, #0
 6919 0026 0BD0     		beq	.L429
4677:System/FreeRTOS/tasks.c **** 				{
4678:System/FreeRTOS/tasks.c **** 					prvAddCurrentTaskToDelayedList( xTicksToWait, pdTRUE );
 6920              		.loc 1 4678 6
 6921 0028 0121     		movs	r1, #1
 6922 002a 3868     		ldr	r0, [r7]
 6923 002c FFF7FEFF 		bl	prvAddCurrentTaskToDelayedList
4679:System/FreeRTOS/tasks.c **** 					traceTASK_NOTIFY_TAKE_BLOCK();
4680:System/FreeRTOS/tasks.c **** 
4681:System/FreeRTOS/tasks.c **** 					/* All ports are written to allow a yield in a critical
4682:System/FreeRTOS/tasks.c **** 					section (some will yield immediately, others wait until the
4683:System/FreeRTOS/tasks.c **** 					critical section exits) - but it is not something that
4684:System/FreeRTOS/tasks.c **** 					application code should ever do. */
4685:System/FreeRTOS/tasks.c **** 					portYIELD_WITHIN_API();
 6924              		.loc 1 4685 6
 6925 0030 164B     		ldr	r3, .L433+4
 6926 0032 4FF08052 		mov	r2, #268435456
 6927 0036 1A60     		str	r2, [r3]
 6928              		.syntax unified
 6929              	@ 4685 "System/FreeRTOS/tasks.c" 1
 6930 0038 BFF34F8F 		dsb
 6931              	@ 0 "" 2
 6932              	@ 4685 "System/FreeRTOS/tasks.c" 1
 6933 003c BFF36F8F 		isb
 6934              	@ 0 "" 2
 6935              		.thumb
 6936              		.syntax unified
 6937              	.L429:
4686:System/FreeRTOS/tasks.c **** 				}
4687:System/FreeRTOS/tasks.c **** 				else
4688:System/FreeRTOS/tasks.c **** 				{
4689:System/FreeRTOS/tasks.c **** 					mtCOVERAGE_TEST_MARKER();
4690:System/FreeRTOS/tasks.c **** 				}
4691:System/FreeRTOS/tasks.c **** 			}
4692:System/FreeRTOS/tasks.c **** 			else
4693:System/FreeRTOS/tasks.c **** 			{
4694:System/FreeRTOS/tasks.c **** 				mtCOVERAGE_TEST_MARKER();
4695:System/FreeRTOS/tasks.c **** 			}
4696:System/FreeRTOS/tasks.c **** 		}
4697:System/FreeRTOS/tasks.c **** 		taskEXIT_CRITICAL();
 6938              		.loc 1 4697 3
 6939 0040 FFF7FEFF 		bl	vPortExitCritical
4698:System/FreeRTOS/tasks.c **** 
4699:System/FreeRTOS/tasks.c **** 		taskENTER_CRITICAL();
 6940              		.loc 1 4699 3
 6941 0044 FFF7FEFF 		bl	vPortEnterCritical
4700:System/FreeRTOS/tasks.c **** 		{
4701:System/FreeRTOS/tasks.c **** 			traceTASK_NOTIFY_TAKE();
4702:System/FreeRTOS/tasks.c **** 			ulReturn = pxCurrentTCB->ulNotifiedValue;
ARM GAS  C:\Users\HUAV\AppData\Local\Temp\ccerV99a.s 			page 209


 6942              		.loc 1 4702 27
 6943 0048 0F4B     		ldr	r3, .L433
 6944 004a 1B68     		ldr	r3, [r3]
 6945              		.loc 1 4702 13
 6946 004c 9B6D     		ldr	r3, [r3, #88]
 6947 004e FB60     		str	r3, [r7, #12]
4703:System/FreeRTOS/tasks.c **** 
4704:System/FreeRTOS/tasks.c **** 			if( ulReturn != 0UL )
 6948              		.loc 1 4704 6
 6949 0050 FB68     		ldr	r3, [r7, #12]
 6950 0052 002B     		cmp	r3, #0
 6951 0054 0CD0     		beq	.L430
4705:System/FreeRTOS/tasks.c **** 			{
4706:System/FreeRTOS/tasks.c **** 				if( xClearCountOnExit != pdFALSE )
 6952              		.loc 1 4706 7
 6953 0056 7B68     		ldr	r3, [r7, #4]
 6954 0058 002B     		cmp	r3, #0
 6955 005a 04D0     		beq	.L431
4707:System/FreeRTOS/tasks.c **** 				{
4708:System/FreeRTOS/tasks.c **** 					pxCurrentTCB->ulNotifiedValue = 0UL;
 6956              		.loc 1 4708 18
 6957 005c 0A4B     		ldr	r3, .L433
 6958 005e 1B68     		ldr	r3, [r3]
 6959              		.loc 1 4708 36
 6960 0060 0022     		movs	r2, #0
 6961 0062 9A65     		str	r2, [r3, #88]
 6962 0064 04E0     		b	.L430
 6963              	.L431:
4709:System/FreeRTOS/tasks.c **** 				}
4710:System/FreeRTOS/tasks.c **** 				else
4711:System/FreeRTOS/tasks.c **** 				{
4712:System/FreeRTOS/tasks.c **** 					pxCurrentTCB->ulNotifiedValue = ulReturn - ( uint32_t ) 1;
 6964              		.loc 1 4712 18
 6965 0066 084B     		ldr	r3, .L433
 6966 0068 1B68     		ldr	r3, [r3]
 6967              		.loc 1 4712 47
 6968 006a FA68     		ldr	r2, [r7, #12]
 6969 006c 013A     		subs	r2, r2, #1
 6970              		.loc 1 4712 36
 6971 006e 9A65     		str	r2, [r3, #88]
 6972              	.L430:
4713:System/FreeRTOS/tasks.c **** 				}
4714:System/FreeRTOS/tasks.c **** 			}
4715:System/FreeRTOS/tasks.c **** 			else
4716:System/FreeRTOS/tasks.c **** 			{
4717:System/FreeRTOS/tasks.c **** 				mtCOVERAGE_TEST_MARKER();
4718:System/FreeRTOS/tasks.c **** 			}
4719:System/FreeRTOS/tasks.c **** 
4720:System/FreeRTOS/tasks.c **** 			pxCurrentTCB->ucNotifyState = taskNOT_WAITING_NOTIFICATION;
 6973              		.loc 1 4720 16
 6974 0070 054B     		ldr	r3, .L433
 6975 0072 1B68     		ldr	r3, [r3]
 6976              		.loc 1 4720 32
 6977 0074 0022     		movs	r2, #0
 6978 0076 83F85C20 		strb	r2, [r3, #92]
4721:System/FreeRTOS/tasks.c **** 		}
4722:System/FreeRTOS/tasks.c **** 		taskEXIT_CRITICAL();
ARM GAS  C:\Users\HUAV\AppData\Local\Temp\ccerV99a.s 			page 210


 6979              		.loc 1 4722 3
 6980 007a FFF7FEFF 		bl	vPortExitCritical
4723:System/FreeRTOS/tasks.c **** 
4724:System/FreeRTOS/tasks.c **** 		return ulReturn;
 6981              		.loc 1 4724 10
 6982 007e FB68     		ldr	r3, [r7, #12]
4725:System/FreeRTOS/tasks.c **** 	}
 6983              		.loc 1 4725 2
 6984 0080 1846     		mov	r0, r3
 6985 0082 1037     		adds	r7, r7, #16
 6986              	.LCFI286:
 6987              		.cfi_def_cfa_offset 8
 6988 0084 BD46     		mov	sp, r7
 6989              	.LCFI287:
 6990              		.cfi_def_cfa_register 13
 6991              		@ sp needed
 6992 0086 80BD     		pop	{r7, pc}
 6993              	.L434:
 6994              		.align	2
 6995              	.L433:
 6996 0088 00000000 		.word	pxCurrentTCB
 6997 008c 04ED00E0 		.word	-536810236
 6998              		.cfi_endproc
 6999              	.LFE60:
 7001              		.section	.text.xTaskNotifyWait,"ax",%progbits
 7002              		.align	1
 7003              		.global	xTaskNotifyWait
 7004              		.syntax unified
 7005              		.thumb
 7006              		.thumb_func
 7008              	xTaskNotifyWait:
 7009              	.LFB61:
4726:System/FreeRTOS/tasks.c **** 
4727:System/FreeRTOS/tasks.c **** #endif /* configUSE_TASK_NOTIFICATIONS */
4728:System/FreeRTOS/tasks.c **** /*-----------------------------------------------------------*/
4729:System/FreeRTOS/tasks.c **** 
4730:System/FreeRTOS/tasks.c **** #if( configUSE_TASK_NOTIFICATIONS == 1 )
4731:System/FreeRTOS/tasks.c **** 
4732:System/FreeRTOS/tasks.c **** 	BaseType_t xTaskNotifyWait( uint32_t ulBitsToClearOnEntry, uint32_t ulBitsToClearOnExit, uint32_t 
4733:System/FreeRTOS/tasks.c **** 	{
 7010              		.loc 1 4733 2
 7011              		.cfi_startproc
 7012              		@ args = 0, pretend = 0, frame = 24
 7013              		@ frame_needed = 1, uses_anonymous_args = 0
 7014 0000 80B5     		push	{r7, lr}
 7015              	.LCFI288:
 7016              		.cfi_def_cfa_offset 8
 7017              		.cfi_offset 7, -8
 7018              		.cfi_offset 14, -4
 7019 0002 86B0     		sub	sp, sp, #24
 7020              	.LCFI289:
 7021              		.cfi_def_cfa_offset 32
 7022 0004 00AF     		add	r7, sp, #0
 7023              	.LCFI290:
 7024              		.cfi_def_cfa_register 7
 7025 0006 F860     		str	r0, [r7, #12]
 7026 0008 B960     		str	r1, [r7, #8]
ARM GAS  C:\Users\HUAV\AppData\Local\Temp\ccerV99a.s 			page 211


 7027 000a 7A60     		str	r2, [r7, #4]
 7028 000c 3B60     		str	r3, [r7]
4734:System/FreeRTOS/tasks.c **** 	BaseType_t xReturn;
4735:System/FreeRTOS/tasks.c **** 
4736:System/FreeRTOS/tasks.c **** 		taskENTER_CRITICAL();
 7029              		.loc 1 4736 3
 7030 000e FFF7FEFF 		bl	vPortEnterCritical
4737:System/FreeRTOS/tasks.c **** 		{
4738:System/FreeRTOS/tasks.c **** 			/* Only block if a notification is not already pending. */
4739:System/FreeRTOS/tasks.c **** 			if( pxCurrentTCB->ucNotifyState != taskNOTIFICATION_RECEIVED )
 7031              		.loc 1 4739 20
 7032 0012 264B     		ldr	r3, .L441
 7033 0014 1B68     		ldr	r3, [r3]
 7034 0016 93F85C30 		ldrb	r3, [r3, #92]
 7035 001a DBB2     		uxtb	r3, r3
 7036              		.loc 1 4739 6
 7037 001c 022B     		cmp	r3, #2
 7038 001e 1AD0     		beq	.L436
4740:System/FreeRTOS/tasks.c **** 			{
4741:System/FreeRTOS/tasks.c **** 				/* Clear bits in the task's notification value as bits may get
4742:System/FreeRTOS/tasks.c **** 				set	by the notifying task or interrupt.  This can be used to
4743:System/FreeRTOS/tasks.c **** 				clear the value to zero. */
4744:System/FreeRTOS/tasks.c **** 				pxCurrentTCB->ulNotifiedValue &= ~ulBitsToClearOnEntry;
 7039              		.loc 1 4744 35
 7040 0020 224B     		ldr	r3, .L441
 7041 0022 1B68     		ldr	r3, [r3]
 7042 0024 996D     		ldr	r1, [r3, #88]
 7043              		.loc 1 4744 38
 7044 0026 FA68     		ldr	r2, [r7, #12]
 7045 0028 D243     		mvns	r2, r2
 7046              		.loc 1 4744 35
 7047 002a 0A40     		ands	r2, r2, r1
 7048 002c 9A65     		str	r2, [r3, #88]
4745:System/FreeRTOS/tasks.c **** 
4746:System/FreeRTOS/tasks.c **** 				/* Mark this task as waiting for a notification. */
4747:System/FreeRTOS/tasks.c **** 				pxCurrentTCB->ucNotifyState = taskWAITING_NOTIFICATION;
 7049              		.loc 1 4747 17
 7050 002e 1F4B     		ldr	r3, .L441
 7051 0030 1B68     		ldr	r3, [r3]
 7052              		.loc 1 4747 33
 7053 0032 0122     		movs	r2, #1
 7054 0034 83F85C20 		strb	r2, [r3, #92]
4748:System/FreeRTOS/tasks.c **** 
4749:System/FreeRTOS/tasks.c **** 				if( xTicksToWait > ( TickType_t ) 0 )
 7055              		.loc 1 4749 7
 7056 0038 3B68     		ldr	r3, [r7]
 7057 003a 002B     		cmp	r3, #0
 7058 003c 0BD0     		beq	.L436
4750:System/FreeRTOS/tasks.c **** 				{
4751:System/FreeRTOS/tasks.c **** 					prvAddCurrentTaskToDelayedList( xTicksToWait, pdTRUE );
 7059              		.loc 1 4751 6
 7060 003e 0121     		movs	r1, #1
 7061 0040 3868     		ldr	r0, [r7]
 7062 0042 FFF7FEFF 		bl	prvAddCurrentTaskToDelayedList
4752:System/FreeRTOS/tasks.c **** 					traceTASK_NOTIFY_WAIT_BLOCK();
4753:System/FreeRTOS/tasks.c **** 
4754:System/FreeRTOS/tasks.c **** 					/* All ports are written to allow a yield in a critical
ARM GAS  C:\Users\HUAV\AppData\Local\Temp\ccerV99a.s 			page 212


4755:System/FreeRTOS/tasks.c **** 					section (some will yield immediately, others wait until the
4756:System/FreeRTOS/tasks.c **** 					critical section exits) - but it is not something that
4757:System/FreeRTOS/tasks.c **** 					application code should ever do. */
4758:System/FreeRTOS/tasks.c **** 					portYIELD_WITHIN_API();
 7063              		.loc 1 4758 6
 7064 0046 1A4B     		ldr	r3, .L441+4
 7065 0048 4FF08052 		mov	r2, #268435456
 7066 004c 1A60     		str	r2, [r3]
 7067              		.syntax unified
 7068              	@ 4758 "System/FreeRTOS/tasks.c" 1
 7069 004e BFF34F8F 		dsb
 7070              	@ 0 "" 2
 7071              	@ 4758 "System/FreeRTOS/tasks.c" 1
 7072 0052 BFF36F8F 		isb
 7073              	@ 0 "" 2
 7074              		.thumb
 7075              		.syntax unified
 7076              	.L436:
4759:System/FreeRTOS/tasks.c **** 				}
4760:System/FreeRTOS/tasks.c **** 				else
4761:System/FreeRTOS/tasks.c **** 				{
4762:System/FreeRTOS/tasks.c **** 					mtCOVERAGE_TEST_MARKER();
4763:System/FreeRTOS/tasks.c **** 				}
4764:System/FreeRTOS/tasks.c **** 			}
4765:System/FreeRTOS/tasks.c **** 			else
4766:System/FreeRTOS/tasks.c **** 			{
4767:System/FreeRTOS/tasks.c **** 				mtCOVERAGE_TEST_MARKER();
4768:System/FreeRTOS/tasks.c **** 			}
4769:System/FreeRTOS/tasks.c **** 		}
4770:System/FreeRTOS/tasks.c **** 		taskEXIT_CRITICAL();
 7077              		.loc 1 4770 3
 7078 0056 FFF7FEFF 		bl	vPortExitCritical
4771:System/FreeRTOS/tasks.c **** 
4772:System/FreeRTOS/tasks.c **** 		taskENTER_CRITICAL();
 7079              		.loc 1 4772 3
 7080 005a FFF7FEFF 		bl	vPortEnterCritical
4773:System/FreeRTOS/tasks.c **** 		{
4774:System/FreeRTOS/tasks.c **** 			traceTASK_NOTIFY_WAIT();
4775:System/FreeRTOS/tasks.c **** 
4776:System/FreeRTOS/tasks.c **** 			if( pulNotificationValue != NULL )
 7081              		.loc 1 4776 6
 7082 005e 7B68     		ldr	r3, [r7, #4]
 7083 0060 002B     		cmp	r3, #0
 7084 0062 04D0     		beq	.L437
4777:System/FreeRTOS/tasks.c **** 			{
4778:System/FreeRTOS/tasks.c **** 				/* Output the current notification value, which may or may not
4779:System/FreeRTOS/tasks.c **** 				have changed. */
4780:System/FreeRTOS/tasks.c **** 				*pulNotificationValue = pxCurrentTCB->ulNotifiedValue;
 7085              		.loc 1 4780 41
 7086 0064 114B     		ldr	r3, .L441
 7087 0066 1B68     		ldr	r3, [r3]
 7088 0068 9A6D     		ldr	r2, [r3, #88]
 7089              		.loc 1 4780 27
 7090 006a 7B68     		ldr	r3, [r7, #4]
 7091 006c 1A60     		str	r2, [r3]
 7092              	.L437:
4781:System/FreeRTOS/tasks.c **** 			}
ARM GAS  C:\Users\HUAV\AppData\Local\Temp\ccerV99a.s 			page 213


4782:System/FreeRTOS/tasks.c **** 
4783:System/FreeRTOS/tasks.c **** 			/* If ucNotifyValue is set then either the task never entered the
4784:System/FreeRTOS/tasks.c **** 			blocked state (because a notification was already pending) or the
4785:System/FreeRTOS/tasks.c **** 			task unblocked because of a notification.  Otherwise the task
4786:System/FreeRTOS/tasks.c **** 			unblocked because of a timeout. */
4787:System/FreeRTOS/tasks.c **** 			if( pxCurrentTCB->ucNotifyState != taskNOTIFICATION_RECEIVED )
 7093              		.loc 1 4787 20
 7094 006e 0F4B     		ldr	r3, .L441
 7095 0070 1B68     		ldr	r3, [r3]
 7096 0072 93F85C30 		ldrb	r3, [r3, #92]
 7097 0076 DBB2     		uxtb	r3, r3
 7098              		.loc 1 4787 6
 7099 0078 022B     		cmp	r3, #2
 7100 007a 02D0     		beq	.L438
4788:System/FreeRTOS/tasks.c **** 			{
4789:System/FreeRTOS/tasks.c **** 				/* A notification was not received. */
4790:System/FreeRTOS/tasks.c **** 				xReturn = pdFALSE;
 7101              		.loc 1 4790 13
 7102 007c 0023     		movs	r3, #0
 7103 007e 7B61     		str	r3, [r7, #20]
 7104 0080 08E0     		b	.L439
 7105              	.L438:
4791:System/FreeRTOS/tasks.c **** 			}
4792:System/FreeRTOS/tasks.c **** 			else
4793:System/FreeRTOS/tasks.c **** 			{
4794:System/FreeRTOS/tasks.c **** 				/* A notification was already pending or a notification was
4795:System/FreeRTOS/tasks.c **** 				received while the task was waiting. */
4796:System/FreeRTOS/tasks.c **** 				pxCurrentTCB->ulNotifiedValue &= ~ulBitsToClearOnExit;
 7106              		.loc 1 4796 35
 7107 0082 0A4B     		ldr	r3, .L441
 7108 0084 1B68     		ldr	r3, [r3]
 7109 0086 996D     		ldr	r1, [r3, #88]
 7110              		.loc 1 4796 38
 7111 0088 BA68     		ldr	r2, [r7, #8]
 7112 008a D243     		mvns	r2, r2
 7113              		.loc 1 4796 35
 7114 008c 0A40     		ands	r2, r2, r1
 7115 008e 9A65     		str	r2, [r3, #88]
4797:System/FreeRTOS/tasks.c **** 				xReturn = pdTRUE;
 7116              		.loc 1 4797 13
 7117 0090 0123     		movs	r3, #1
 7118 0092 7B61     		str	r3, [r7, #20]
 7119              	.L439:
4798:System/FreeRTOS/tasks.c **** 			}
4799:System/FreeRTOS/tasks.c **** 
4800:System/FreeRTOS/tasks.c **** 			pxCurrentTCB->ucNotifyState = taskNOT_WAITING_NOTIFICATION;
 7120              		.loc 1 4800 16
 7121 0094 054B     		ldr	r3, .L441
 7122 0096 1B68     		ldr	r3, [r3]
 7123              		.loc 1 4800 32
 7124 0098 0022     		movs	r2, #0
 7125 009a 83F85C20 		strb	r2, [r3, #92]
4801:System/FreeRTOS/tasks.c **** 		}
4802:System/FreeRTOS/tasks.c **** 		taskEXIT_CRITICAL();
 7126              		.loc 1 4802 3
 7127 009e FFF7FEFF 		bl	vPortExitCritical
4803:System/FreeRTOS/tasks.c **** 
ARM GAS  C:\Users\HUAV\AppData\Local\Temp\ccerV99a.s 			page 214


4804:System/FreeRTOS/tasks.c **** 		return xReturn;
 7128              		.loc 1 4804 10
 7129 00a2 7B69     		ldr	r3, [r7, #20]
4805:System/FreeRTOS/tasks.c **** 	}
 7130              		.loc 1 4805 2
 7131 00a4 1846     		mov	r0, r3
 7132 00a6 1837     		adds	r7, r7, #24
 7133              	.LCFI291:
 7134              		.cfi_def_cfa_offset 8
 7135 00a8 BD46     		mov	sp, r7
 7136              	.LCFI292:
 7137              		.cfi_def_cfa_register 13
 7138              		@ sp needed
 7139 00aa 80BD     		pop	{r7, pc}
 7140              	.L442:
 7141              		.align	2
 7142              	.L441:
 7143 00ac 00000000 		.word	pxCurrentTCB
 7144 00b0 04ED00E0 		.word	-536810236
 7145              		.cfi_endproc
 7146              	.LFE61:
 7148              		.section	.text.xTaskGenericNotify,"ax",%progbits
 7149              		.align	1
 7150              		.global	xTaskGenericNotify
 7151              		.syntax unified
 7152              		.thumb
 7153              		.thumb_func
 7155              	xTaskGenericNotify:
 7156              	.LFB62:
4806:System/FreeRTOS/tasks.c **** 
4807:System/FreeRTOS/tasks.c **** #endif /* configUSE_TASK_NOTIFICATIONS */
4808:System/FreeRTOS/tasks.c **** /*-----------------------------------------------------------*/
4809:System/FreeRTOS/tasks.c **** 
4810:System/FreeRTOS/tasks.c **** #if( configUSE_TASK_NOTIFICATIONS == 1 )
4811:System/FreeRTOS/tasks.c **** 
4812:System/FreeRTOS/tasks.c **** 	BaseType_t xTaskGenericNotify( TaskHandle_t xTaskToNotify, uint32_t ulValue, eNotifyAction eAction
4813:System/FreeRTOS/tasks.c **** 	{
 7157              		.loc 1 4813 2
 7158              		.cfi_startproc
 7159              		@ args = 0, pretend = 0, frame = 40
 7160              		@ frame_needed = 1, uses_anonymous_args = 0
 7161 0000 80B5     		push	{r7, lr}
 7162              	.LCFI293:
 7163              		.cfi_def_cfa_offset 8
 7164              		.cfi_offset 7, -8
 7165              		.cfi_offset 14, -4
 7166 0002 8AB0     		sub	sp, sp, #40
 7167              	.LCFI294:
 7168              		.cfi_def_cfa_offset 48
 7169 0004 00AF     		add	r7, sp, #0
 7170              	.LCFI295:
 7171              		.cfi_def_cfa_register 7
 7172 0006 F860     		str	r0, [r7, #12]
 7173 0008 B960     		str	r1, [r7, #8]
 7174 000a 3B60     		str	r3, [r7]
 7175 000c 1346     		mov	r3, r2
 7176 000e FB71     		strb	r3, [r7, #7]
ARM GAS  C:\Users\HUAV\AppData\Local\Temp\ccerV99a.s 			page 215


4814:System/FreeRTOS/tasks.c **** 	TCB_t * pxTCB;
4815:System/FreeRTOS/tasks.c **** 	BaseType_t xReturn = pdPASS;
 7177              		.loc 1 4815 13
 7178 0010 0123     		movs	r3, #1
 7179 0012 7B62     		str	r3, [r7, #36]
4816:System/FreeRTOS/tasks.c **** 	uint8_t ucOriginalNotifyState;
4817:System/FreeRTOS/tasks.c **** 
4818:System/FreeRTOS/tasks.c **** 		configASSERT( xTaskToNotify );
 7180              		.loc 1 4818 3
 7181 0014 FB68     		ldr	r3, [r7, #12]
 7182 0016 002B     		cmp	r3, #0
 7183 0018 0AD1     		bne	.L444
 7184              	.LBB224:
 7185              	.LBB225:
 195:System/FreeRTOS/portable/GCC/ARM_CM4F/portmacro.h **** 	(
 7186              		.loc 2 195 2
 7187              		.syntax unified
 7188              	@ 195 "System/FreeRTOS/portable/GCC/ARM_CM4F/portmacro.h" 1
 7189 001a 4FF05003 			mov r3, #80												
 7190 001e 83F31188 		msr basepri, r3											
 7191 0022 BFF36F8F 		isb														
 7192 0026 BFF34F8F 		dsb														
 7193              	
 7194              	@ 0 "" 2
 7195              		.thumb
 7196              		.syntax unified
 7197 002a BB61     		str	r3, [r7, #24]
 203:System/FreeRTOS/portable/GCC/ARM_CM4F/portmacro.h **** 
 7198              		.loc 2 203 1
 7199 002c 00BF     		nop
 7200              	.L445:
 7201              	.LBE225:
 7202              	.LBE224:
 7203              		.loc 1 4818 3 discriminator 1
 7204 002e FEE7     		b	.L445
 7205              	.L444:
4819:System/FreeRTOS/tasks.c **** 		pxTCB = xTaskToNotify;
 7206              		.loc 1 4819 9
 7207 0030 FB68     		ldr	r3, [r7, #12]
 7208 0032 3B62     		str	r3, [r7, #32]
4820:System/FreeRTOS/tasks.c **** 
4821:System/FreeRTOS/tasks.c **** 		taskENTER_CRITICAL();
 7209              		.loc 1 4821 3
 7210 0034 FFF7FEFF 		bl	vPortEnterCritical
4822:System/FreeRTOS/tasks.c **** 		{
4823:System/FreeRTOS/tasks.c **** 			if( pulPreviousNotificationValue != NULL )
 7211              		.loc 1 4823 6
 7212 0038 3B68     		ldr	r3, [r7]
 7213 003a 002B     		cmp	r3, #0
 7214 003c 03D0     		beq	.L446
4824:System/FreeRTOS/tasks.c **** 			{
4825:System/FreeRTOS/tasks.c **** 				*pulPreviousNotificationValue = pxTCB->ulNotifiedValue;
 7215              		.loc 1 4825 42
 7216 003e 3B6A     		ldr	r3, [r7, #32]
 7217 0040 9A6D     		ldr	r2, [r3, #88]
 7218              		.loc 1 4825 35
 7219 0042 3B68     		ldr	r3, [r7]
ARM GAS  C:\Users\HUAV\AppData\Local\Temp\ccerV99a.s 			page 216


 7220 0044 1A60     		str	r2, [r3]
 7221              	.L446:
4826:System/FreeRTOS/tasks.c **** 			}
4827:System/FreeRTOS/tasks.c **** 
4828:System/FreeRTOS/tasks.c **** 			ucOriginalNotifyState = pxTCB->ucNotifyState;
 7222              		.loc 1 4828 26
 7223 0046 3B6A     		ldr	r3, [r7, #32]
 7224 0048 93F85C30 		ldrb	r3, [r3, #92]
 7225 004c FB77     		strb	r3, [r7, #31]
4829:System/FreeRTOS/tasks.c **** 
4830:System/FreeRTOS/tasks.c **** 			pxTCB->ucNotifyState = taskNOTIFICATION_RECEIVED;
 7226              		.loc 1 4830 25
 7227 004e 3B6A     		ldr	r3, [r7, #32]
 7228 0050 0222     		movs	r2, #2
 7229 0052 83F85C20 		strb	r2, [r3, #92]
4831:System/FreeRTOS/tasks.c **** 
4832:System/FreeRTOS/tasks.c **** 			switch( eAction )
 7230              		.loc 1 4832 4
 7231 0056 FB79     		ldrb	r3, [r7, #7]	@ zero_extendqisi2
 7232 0058 042B     		cmp	r3, #4
 7233 005a 28D8     		bhi	.L447
 7234 005c 01A2     		adr	r2, .L449
 7235 005e 52F823F0 		ldr	pc, [r2, r3, lsl #2]
 7236 0062 00BF     		.p2align 2
 7237              	.L449:
 7238 0064 CF000000 		.word	.L463+1
 7239 0068 79000000 		.word	.L452+1
 7240 006c 87000000 		.word	.L451+1
 7241 0070 93000000 		.word	.L450+1
 7242 0074 9B000000 		.word	.L448+1
 7243              		.p2align 1
 7244              	.L452:
4833:System/FreeRTOS/tasks.c **** 			{
4834:System/FreeRTOS/tasks.c **** 				case eSetBits	:
4835:System/FreeRTOS/tasks.c **** 					pxTCB->ulNotifiedValue |= ulValue;
 7245              		.loc 1 4835 29
 7246 0078 3B6A     		ldr	r3, [r7, #32]
 7247 007a 9A6D     		ldr	r2, [r3, #88]
 7248 007c BB68     		ldr	r3, [r7, #8]
 7249 007e 1A43     		orrs	r2, r2, r3
 7250 0080 3B6A     		ldr	r3, [r7, #32]
 7251 0082 9A65     		str	r2, [r3, #88]
4836:System/FreeRTOS/tasks.c **** 					break;
 7252              		.loc 1 4836 6
 7253 0084 26E0     		b	.L454
 7254              	.L451:
4837:System/FreeRTOS/tasks.c **** 
4838:System/FreeRTOS/tasks.c **** 				case eIncrement	:
4839:System/FreeRTOS/tasks.c **** 					( pxTCB->ulNotifiedValue )++;
 7255              		.loc 1 4839 13
 7256 0086 3B6A     		ldr	r3, [r7, #32]
 7257 0088 9B6D     		ldr	r3, [r3, #88]
 7258              		.loc 1 4839 32
 7259 008a 5A1C     		adds	r2, r3, #1
 7260 008c 3B6A     		ldr	r3, [r7, #32]
 7261 008e 9A65     		str	r2, [r3, #88]
4840:System/FreeRTOS/tasks.c **** 					break;
ARM GAS  C:\Users\HUAV\AppData\Local\Temp\ccerV99a.s 			page 217


 7262              		.loc 1 4840 6
 7263 0090 20E0     		b	.L454
 7264              	.L450:
4841:System/FreeRTOS/tasks.c **** 
4842:System/FreeRTOS/tasks.c **** 				case eSetValueWithOverwrite	:
4843:System/FreeRTOS/tasks.c **** 					pxTCB->ulNotifiedValue = ulValue;
 7265              		.loc 1 4843 29
 7266 0092 3B6A     		ldr	r3, [r7, #32]
 7267 0094 BA68     		ldr	r2, [r7, #8]
 7268 0096 9A65     		str	r2, [r3, #88]
4844:System/FreeRTOS/tasks.c **** 					break;
 7269              		.loc 1 4844 6
 7270 0098 1CE0     		b	.L454
 7271              	.L448:
4845:System/FreeRTOS/tasks.c **** 
4846:System/FreeRTOS/tasks.c **** 				case eSetValueWithoutOverwrite :
4847:System/FreeRTOS/tasks.c **** 					if( ucOriginalNotifyState != taskNOTIFICATION_RECEIVED )
 7272              		.loc 1 4847 8
 7273 009a FB7F     		ldrb	r3, [r7, #31]	@ zero_extendqisi2
 7274 009c 022B     		cmp	r3, #2
 7275 009e 03D0     		beq	.L455
4848:System/FreeRTOS/tasks.c **** 					{
4849:System/FreeRTOS/tasks.c **** 						pxTCB->ulNotifiedValue = ulValue;
 7276              		.loc 1 4849 30
 7277 00a0 3B6A     		ldr	r3, [r7, #32]
 7278 00a2 BA68     		ldr	r2, [r7, #8]
 7279 00a4 9A65     		str	r2, [r3, #88]
4850:System/FreeRTOS/tasks.c **** 					}
4851:System/FreeRTOS/tasks.c **** 					else
4852:System/FreeRTOS/tasks.c **** 					{
4853:System/FreeRTOS/tasks.c **** 						/* The value could not be written to the task. */
4854:System/FreeRTOS/tasks.c **** 						xReturn = pdFAIL;
4855:System/FreeRTOS/tasks.c **** 					}
4856:System/FreeRTOS/tasks.c **** 					break;
 7280              		.loc 1 4856 6
 7281 00a6 15E0     		b	.L454
 7282              	.L455:
4854:System/FreeRTOS/tasks.c **** 					}
 7283              		.loc 1 4854 15
 7284 00a8 0023     		movs	r3, #0
 7285 00aa 7B62     		str	r3, [r7, #36]
 7286              		.loc 1 4856 6
 7287 00ac 12E0     		b	.L454
 7288              	.L447:
4857:System/FreeRTOS/tasks.c **** 
4858:System/FreeRTOS/tasks.c **** 				case eNoAction:
4859:System/FreeRTOS/tasks.c **** 					/* The task is being notified without its notify value being
4860:System/FreeRTOS/tasks.c **** 					updated. */
4861:System/FreeRTOS/tasks.c **** 					break;
4862:System/FreeRTOS/tasks.c **** 
4863:System/FreeRTOS/tasks.c **** 				default:
4864:System/FreeRTOS/tasks.c **** 					/* Should not get here if all enums are handled.
4865:System/FreeRTOS/tasks.c **** 					Artificially force an assert by testing a value the
4866:System/FreeRTOS/tasks.c **** 					compiler can't assume is const. */
4867:System/FreeRTOS/tasks.c **** 					configASSERT( pxTCB->ulNotifiedValue == ~0UL );
 7289              		.loc 1 4867 6
 7290 00ae 3B6A     		ldr	r3, [r7, #32]
ARM GAS  C:\Users\HUAV\AppData\Local\Temp\ccerV99a.s 			page 218


 7291 00b0 9B6D     		ldr	r3, [r3, #88]
 7292 00b2 B3F1FF3F 		cmp	r3, #-1
 7293 00b6 0CD0     		beq	.L464
 7294              	.LBB226:
 7295              	.LBB227:
 195:System/FreeRTOS/portable/GCC/ARM_CM4F/portmacro.h **** 	(
 7296              		.loc 2 195 2
 7297              		.syntax unified
 7298              	@ 195 "System/FreeRTOS/portable/GCC/ARM_CM4F/portmacro.h" 1
 7299 00b8 4FF05003 			mov r3, #80												
 7300 00bc 83F31188 		msr basepri, r3											
 7301 00c0 BFF36F8F 		isb														
 7302 00c4 BFF34F8F 		dsb														
 7303              	
 7304              	@ 0 "" 2
 7305              		.thumb
 7306              		.syntax unified
 7307 00c8 7B61     		str	r3, [r7, #20]
 203:System/FreeRTOS/portable/GCC/ARM_CM4F/portmacro.h **** 
 7308              		.loc 2 203 1
 7309 00ca 00BF     		nop
 7310              	.L458:
 7311              	.LBE227:
 7312              	.LBE226:
 7313              		.loc 1 4867 6 discriminator 2
 7314 00cc FEE7     		b	.L458
 7315              	.L463:
4861:System/FreeRTOS/tasks.c **** 
 7316              		.loc 1 4861 6
 7317 00ce 00BF     		nop
 7318 00d0 00E0     		b	.L454
 7319              	.L464:
4868:System/FreeRTOS/tasks.c **** 
4869:System/FreeRTOS/tasks.c **** 					break;
 7320              		.loc 1 4869 6
 7321 00d2 00BF     		nop
 7322              	.L454:
4870:System/FreeRTOS/tasks.c **** 			}
4871:System/FreeRTOS/tasks.c **** 
4872:System/FreeRTOS/tasks.c **** 			traceTASK_NOTIFY();
4873:System/FreeRTOS/tasks.c **** 
4874:System/FreeRTOS/tasks.c **** 			/* If the task is in the blocked state specifically to wait for a
4875:System/FreeRTOS/tasks.c **** 			notification then unblock it now. */
4876:System/FreeRTOS/tasks.c **** 			if( ucOriginalNotifyState == taskWAITING_NOTIFICATION )
 7323              		.loc 1 4876 6
 7324 00d4 FB7F     		ldrb	r3, [r7, #31]	@ zero_extendqisi2
 7325 00d6 012B     		cmp	r3, #1
 7326 00d8 39D1     		bne	.L459
4877:System/FreeRTOS/tasks.c **** 			{
4878:System/FreeRTOS/tasks.c **** 				( void ) uxListRemove( &( pxTCB->xStateListItem ) );
 7327              		.loc 1 4878 14
 7328 00da 3B6A     		ldr	r3, [r7, #32]
 7329 00dc 0433     		adds	r3, r3, #4
 7330 00de 1846     		mov	r0, r3
 7331 00e0 FFF7FEFF 		bl	uxListRemove
4879:System/FreeRTOS/tasks.c **** 				prvAddTaskToReadyList( pxTCB );
 7332              		.loc 1 4879 5
ARM GAS  C:\Users\HUAV\AppData\Local\Temp\ccerV99a.s 			page 219


 7333 00e4 3B6A     		ldr	r3, [r7, #32]
 7334 00e6 DB6A     		ldr	r3, [r3, #44]
 7335 00e8 0122     		movs	r2, #1
 7336 00ea 9A40     		lsls	r2, r2, r3
 7337 00ec 1B4B     		ldr	r3, .L465
 7338 00ee 1B68     		ldr	r3, [r3]
 7339 00f0 1343     		orrs	r3, r3, r2
 7340 00f2 1A4A     		ldr	r2, .L465
 7341 00f4 1360     		str	r3, [r2]
 7342 00f6 3B6A     		ldr	r3, [r7, #32]
 7343 00f8 DA6A     		ldr	r2, [r3, #44]
 7344 00fa 1346     		mov	r3, r2
 7345 00fc 9B00     		lsls	r3, r3, #2
 7346 00fe 1344     		add	r3, r3, r2
 7347 0100 9B00     		lsls	r3, r3, #2
 7348 0102 174A     		ldr	r2, .L465+4
 7349 0104 1A44     		add	r2, r2, r3
 7350 0106 3B6A     		ldr	r3, [r7, #32]
 7351 0108 0433     		adds	r3, r3, #4
 7352 010a 1946     		mov	r1, r3
 7353 010c 1046     		mov	r0, r2
 7354 010e FFF7FEFF 		bl	vListInsertEnd
4880:System/FreeRTOS/tasks.c **** 
4881:System/FreeRTOS/tasks.c **** 				/* The task should not have been on an event list. */
4882:System/FreeRTOS/tasks.c **** 				configASSERT( listLIST_ITEM_CONTAINER( &( pxTCB->xEventListItem ) ) == NULL );
 7355              		.loc 1 4882 5
 7356 0112 3B6A     		ldr	r3, [r7, #32]
 7357 0114 9B6A     		ldr	r3, [r3, #40]
 7358 0116 002B     		cmp	r3, #0
 7359 0118 0AD0     		beq	.L460
 7360              	.LBB228:
 7361              	.LBB229:
 195:System/FreeRTOS/portable/GCC/ARM_CM4F/portmacro.h **** 	(
 7362              		.loc 2 195 2
 7363              		.syntax unified
 7364              	@ 195 "System/FreeRTOS/portable/GCC/ARM_CM4F/portmacro.h" 1
 7365 011a 4FF05003 			mov r3, #80												
 7366 011e 83F31188 		msr basepri, r3											
 7367 0122 BFF36F8F 		isb														
 7368 0126 BFF34F8F 		dsb														
 7369              	
 7370              	@ 0 "" 2
 7371              		.thumb
 7372              		.syntax unified
 7373 012a 3B61     		str	r3, [r7, #16]
 203:System/FreeRTOS/portable/GCC/ARM_CM4F/portmacro.h **** 
 7374              		.loc 2 203 1
 7375 012c 00BF     		nop
 7376              	.L461:
 7377              	.LBE229:
 7378              	.LBE228:
 7379              		.loc 1 4882 5 discriminator 3
 7380 012e FEE7     		b	.L461
 7381              	.L460:
4883:System/FreeRTOS/tasks.c **** 
4884:System/FreeRTOS/tasks.c **** 				#if( configUSE_TICKLESS_IDLE != 0 )
4885:System/FreeRTOS/tasks.c **** 				{
ARM GAS  C:\Users\HUAV\AppData\Local\Temp\ccerV99a.s 			page 220


4886:System/FreeRTOS/tasks.c **** 					/* If a task is blocked waiting for a notification then
4887:System/FreeRTOS/tasks.c **** 					xNextTaskUnblockTime might be set to the blocked task's time
4888:System/FreeRTOS/tasks.c **** 					out time.  If the task is unblocked for a reason other than
4889:System/FreeRTOS/tasks.c **** 					a timeout xNextTaskUnblockTime is normally left unchanged,
4890:System/FreeRTOS/tasks.c **** 					because it will automatically get reset to a new value when
4891:System/FreeRTOS/tasks.c **** 					the tick count equals xNextTaskUnblockTime.  However if
4892:System/FreeRTOS/tasks.c **** 					tickless idling is used it might be more important to enter
4893:System/FreeRTOS/tasks.c **** 					sleep mode at the earliest possible time - so reset
4894:System/FreeRTOS/tasks.c **** 					xNextTaskUnblockTime here to ensure it is updated at the
4895:System/FreeRTOS/tasks.c **** 					earliest possible time. */
4896:System/FreeRTOS/tasks.c **** 					prvResetNextTaskUnblockTime();
4897:System/FreeRTOS/tasks.c **** 				}
4898:System/FreeRTOS/tasks.c **** 				#endif
4899:System/FreeRTOS/tasks.c **** 
4900:System/FreeRTOS/tasks.c **** 				if( pxTCB->uxPriority > pxCurrentTCB->uxPriority )
 7382              		.loc 1 4900 14
 7383 0130 3B6A     		ldr	r3, [r7, #32]
 7384 0132 DA6A     		ldr	r2, [r3, #44]
 7385              		.loc 1 4900 41
 7386 0134 0B4B     		ldr	r3, .L465+8
 7387 0136 1B68     		ldr	r3, [r3]
 7388 0138 DB6A     		ldr	r3, [r3, #44]
 7389              		.loc 1 4900 7
 7390 013a 9A42     		cmp	r2, r3
 7391 013c 07D9     		bls	.L459
4901:System/FreeRTOS/tasks.c **** 				{
4902:System/FreeRTOS/tasks.c **** 					/* The notified task has a priority above the currently
4903:System/FreeRTOS/tasks.c **** 					executing task so a yield is required. */
4904:System/FreeRTOS/tasks.c **** 					taskYIELD_IF_USING_PREEMPTION();
 7392              		.loc 1 4904 6
 7393 013e 0A4B     		ldr	r3, .L465+12
 7394 0140 4FF08052 		mov	r2, #268435456
 7395 0144 1A60     		str	r2, [r3]
 7396              		.syntax unified
 7397              	@ 4904 "System/FreeRTOS/tasks.c" 1
 7398 0146 BFF34F8F 		dsb
 7399              	@ 0 "" 2
 7400              	@ 4904 "System/FreeRTOS/tasks.c" 1
 7401 014a BFF36F8F 		isb
 7402              	@ 0 "" 2
 7403              		.thumb
 7404              		.syntax unified
 7405              	.L459:
4905:System/FreeRTOS/tasks.c **** 				}
4906:System/FreeRTOS/tasks.c **** 				else
4907:System/FreeRTOS/tasks.c **** 				{
4908:System/FreeRTOS/tasks.c **** 					mtCOVERAGE_TEST_MARKER();
4909:System/FreeRTOS/tasks.c **** 				}
4910:System/FreeRTOS/tasks.c **** 			}
4911:System/FreeRTOS/tasks.c **** 			else
4912:System/FreeRTOS/tasks.c **** 			{
4913:System/FreeRTOS/tasks.c **** 				mtCOVERAGE_TEST_MARKER();
4914:System/FreeRTOS/tasks.c **** 			}
4915:System/FreeRTOS/tasks.c **** 		}
4916:System/FreeRTOS/tasks.c **** 		taskEXIT_CRITICAL();
 7406              		.loc 1 4916 3
 7407 014e FFF7FEFF 		bl	vPortExitCritical
ARM GAS  C:\Users\HUAV\AppData\Local\Temp\ccerV99a.s 			page 221


4917:System/FreeRTOS/tasks.c **** 
4918:System/FreeRTOS/tasks.c **** 		return xReturn;
 7408              		.loc 1 4918 10
 7409 0152 7B6A     		ldr	r3, [r7, #36]
4919:System/FreeRTOS/tasks.c **** 	}
 7410              		.loc 1 4919 2
 7411 0154 1846     		mov	r0, r3
 7412 0156 2837     		adds	r7, r7, #40
 7413              	.LCFI296:
 7414              		.cfi_def_cfa_offset 8
 7415 0158 BD46     		mov	sp, r7
 7416              	.LCFI297:
 7417              		.cfi_def_cfa_register 13
 7418              		@ sp needed
 7419 015a 80BD     		pop	{r7, pc}
 7420              	.L466:
 7421              		.align	2
 7422              	.L465:
 7423 015c 00000000 		.word	uxTopReadyPriority
 7424 0160 00000000 		.word	pxReadyTasksLists
 7425 0164 00000000 		.word	pxCurrentTCB
 7426 0168 04ED00E0 		.word	-536810236
 7427              		.cfi_endproc
 7428              	.LFE62:
 7430              		.section	.text.xTaskGenericNotifyFromISR,"ax",%progbits
 7431              		.align	1
 7432              		.global	xTaskGenericNotifyFromISR
 7433              		.syntax unified
 7434              		.thumb
 7435              		.thumb_func
 7437              	xTaskGenericNotifyFromISR:
 7438              	.LFB63:
4920:System/FreeRTOS/tasks.c **** 
4921:System/FreeRTOS/tasks.c **** #endif /* configUSE_TASK_NOTIFICATIONS */
4922:System/FreeRTOS/tasks.c **** /*-----------------------------------------------------------*/
4923:System/FreeRTOS/tasks.c **** 
4924:System/FreeRTOS/tasks.c **** #if( configUSE_TASK_NOTIFICATIONS == 1 )
4925:System/FreeRTOS/tasks.c **** 
4926:System/FreeRTOS/tasks.c **** 	BaseType_t xTaskGenericNotifyFromISR( TaskHandle_t xTaskToNotify, uint32_t ulValue, eNotifyAction 
4927:System/FreeRTOS/tasks.c **** 	{
 7439              		.loc 1 4927 2
 7440              		.cfi_startproc
 7441              		@ args = 4, pretend = 0, frame = 56
 7442              		@ frame_needed = 1, uses_anonymous_args = 0
 7443 0000 80B5     		push	{r7, lr}
 7444              	.LCFI298:
 7445              		.cfi_def_cfa_offset 8
 7446              		.cfi_offset 7, -8
 7447              		.cfi_offset 14, -4
 7448 0002 8EB0     		sub	sp, sp, #56
 7449              	.LCFI299:
 7450              		.cfi_def_cfa_offset 64
 7451 0004 00AF     		add	r7, sp, #0
 7452              	.LCFI300:
 7453              		.cfi_def_cfa_register 7
 7454 0006 F860     		str	r0, [r7, #12]
 7455 0008 B960     		str	r1, [r7, #8]
ARM GAS  C:\Users\HUAV\AppData\Local\Temp\ccerV99a.s 			page 222


 7456 000a 3B60     		str	r3, [r7]
 7457 000c 1346     		mov	r3, r2
 7458 000e FB71     		strb	r3, [r7, #7]
4928:System/FreeRTOS/tasks.c **** 	TCB_t * pxTCB;
4929:System/FreeRTOS/tasks.c **** 	uint8_t ucOriginalNotifyState;
4930:System/FreeRTOS/tasks.c **** 	BaseType_t xReturn = pdPASS;
 7459              		.loc 1 4930 13
 7460 0010 0123     		movs	r3, #1
 7461 0012 7B63     		str	r3, [r7, #52]
4931:System/FreeRTOS/tasks.c **** 	UBaseType_t uxSavedInterruptStatus;
4932:System/FreeRTOS/tasks.c **** 
4933:System/FreeRTOS/tasks.c **** 		configASSERT( xTaskToNotify );
 7462              		.loc 1 4933 3
 7463 0014 FB68     		ldr	r3, [r7, #12]
 7464 0016 002B     		cmp	r3, #0
 7465 0018 0AD1     		bne	.L468
 7466              	.LBB230:
 7467              	.LBB231:
 195:System/FreeRTOS/portable/GCC/ARM_CM4F/portmacro.h **** 	(
 7468              		.loc 2 195 2
 7469              		.syntax unified
 7470              	@ 195 "System/FreeRTOS/portable/GCC/ARM_CM4F/portmacro.h" 1
 7471 001a 4FF05003 			mov r3, #80												
 7472 001e 83F31188 		msr basepri, r3											
 7473 0022 BFF36F8F 		isb														
 7474 0026 BFF34F8F 		dsb														
 7475              	
 7476              	@ 0 "" 2
 7477              		.thumb
 7478              		.syntax unified
 7479 002a 7B62     		str	r3, [r7, #36]
 203:System/FreeRTOS/portable/GCC/ARM_CM4F/portmacro.h **** 
 7480              		.loc 2 203 1
 7481 002c 00BF     		nop
 7482              	.L469:
 7483              	.LBE231:
 7484              	.LBE230:
 7485              		.loc 1 4933 3 discriminator 1
 7486 002e FEE7     		b	.L469
 7487              	.L468:
4934:System/FreeRTOS/tasks.c **** 
4935:System/FreeRTOS/tasks.c **** 		/* RTOS ports that support interrupt nesting have the concept of a
4936:System/FreeRTOS/tasks.c **** 		maximum	system call (or maximum API call) interrupt priority.
4937:System/FreeRTOS/tasks.c **** 		Interrupts that are	above the maximum system call priority are keep
4938:System/FreeRTOS/tasks.c **** 		permanently enabled, even when the RTOS kernel is in a critical section,
4939:System/FreeRTOS/tasks.c **** 		but cannot make any calls to FreeRTOS API functions.  If configASSERT()
4940:System/FreeRTOS/tasks.c **** 		is defined in FreeRTOSConfig.h then
4941:System/FreeRTOS/tasks.c **** 		portASSERT_IF_INTERRUPT_PRIORITY_INVALID() will result in an assertion
4942:System/FreeRTOS/tasks.c **** 		failure if a FreeRTOS API function is called from an interrupt that has
4943:System/FreeRTOS/tasks.c **** 		been assigned a priority above the configured maximum system call
4944:System/FreeRTOS/tasks.c **** 		priority.  Only FreeRTOS functions that end in FromISR can be called
4945:System/FreeRTOS/tasks.c **** 		from interrupts	that have been assigned a priority at or (logically)
4946:System/FreeRTOS/tasks.c **** 		below the maximum system call interrupt priority.  FreeRTOS maintains a
4947:System/FreeRTOS/tasks.c **** 		separate interrupt safe API to ensure interrupt entry is as fast and as
4948:System/FreeRTOS/tasks.c **** 		simple as possible.  More information (albeit Cortex-M specific) is
4949:System/FreeRTOS/tasks.c **** 		provided on the following link:
4950:System/FreeRTOS/tasks.c **** 		http://www.freertos.org/RTOS-Cortex-M3-M4.html */
ARM GAS  C:\Users\HUAV\AppData\Local\Temp\ccerV99a.s 			page 223


4951:System/FreeRTOS/tasks.c **** 		portASSERT_IF_INTERRUPT_PRIORITY_INVALID();
 7488              		.loc 1 4951 3
 7489 0030 FFF7FEFF 		bl	vPortValidateInterruptPriority
4952:System/FreeRTOS/tasks.c **** 
4953:System/FreeRTOS/tasks.c **** 		pxTCB = xTaskToNotify;
 7490              		.loc 1 4953 9
 7491 0034 FB68     		ldr	r3, [r7, #12]
 7492 0036 3B63     		str	r3, [r7, #48]
 7493              	.LBB232:
 7494              	.LBB233:
 211:System/FreeRTOS/portable/GCC/ARM_CM4F/portmacro.h **** 	(
 7495              		.loc 2 211 2
 7496              		.syntax unified
 7497              	@ 211 "System/FreeRTOS/portable/GCC/ARM_CM4F/portmacro.h" 1
 7498 0038 EFF31182 			mrs r2, basepri											
 7499 003c 4FF05003 		mov r3, #80												
 7500 0040 83F31188 		msr basepri, r3											
 7501 0044 BFF36F8F 		isb														
 7502 0048 BFF34F8F 		dsb														
 7503              	
 7504              	@ 0 "" 2
 7505              		.thumb
 7506              		.syntax unified
 7507 004c 3A62     		str	r2, [r7, #32]
 7508 004e FB61     		str	r3, [r7, #28]
 223:System/FreeRTOS/portable/GCC/ARM_CM4F/portmacro.h **** }
 7509              		.loc 2 223 9
 7510 0050 3B6A     		ldr	r3, [r7, #32]
 7511              	.LBE233:
 7512              	.LBE232:
4954:System/FreeRTOS/tasks.c **** 
4955:System/FreeRTOS/tasks.c **** 		uxSavedInterruptStatus = portSET_INTERRUPT_MASK_FROM_ISR();
 7513              		.loc 1 4955 28
 7514 0052 FB62     		str	r3, [r7, #44]
4956:System/FreeRTOS/tasks.c **** 		{
4957:System/FreeRTOS/tasks.c **** 			if( pulPreviousNotificationValue != NULL )
 7515              		.loc 1 4957 6
 7516 0054 3B68     		ldr	r3, [r7]
 7517 0056 002B     		cmp	r3, #0
 7518 0058 03D0     		beq	.L471
4958:System/FreeRTOS/tasks.c **** 			{
4959:System/FreeRTOS/tasks.c **** 				*pulPreviousNotificationValue = pxTCB->ulNotifiedValue;
 7519              		.loc 1 4959 42
 7520 005a 3B6B     		ldr	r3, [r7, #48]
 7521 005c 9A6D     		ldr	r2, [r3, #88]
 7522              		.loc 1 4959 35
 7523 005e 3B68     		ldr	r3, [r7]
 7524 0060 1A60     		str	r2, [r3]
 7525              	.L471:
4960:System/FreeRTOS/tasks.c **** 			}
4961:System/FreeRTOS/tasks.c **** 
4962:System/FreeRTOS/tasks.c **** 			ucOriginalNotifyState = pxTCB->ucNotifyState;
 7526              		.loc 1 4962 26
 7527 0062 3B6B     		ldr	r3, [r7, #48]
 7528 0064 93F85C30 		ldrb	r3, [r3, #92]
 7529 0068 87F82B30 		strb	r3, [r7, #43]
4963:System/FreeRTOS/tasks.c **** 			pxTCB->ucNotifyState = taskNOTIFICATION_RECEIVED;
ARM GAS  C:\Users\HUAV\AppData\Local\Temp\ccerV99a.s 			page 224


 7530              		.loc 1 4963 25
 7531 006c 3B6B     		ldr	r3, [r7, #48]
 7532 006e 0222     		movs	r2, #2
 7533 0070 83F85C20 		strb	r2, [r3, #92]
4964:System/FreeRTOS/tasks.c **** 
4965:System/FreeRTOS/tasks.c **** 			switch( eAction )
 7534              		.loc 1 4965 4
 7535 0074 FB79     		ldrb	r3, [r7, #7]	@ zero_extendqisi2
 7536 0076 042B     		cmp	r3, #4
 7537 0078 28D8     		bhi	.L472
 7538 007a 01A2     		adr	r2, .L474
 7539 007c 52F823F0 		ldr	pc, [r2, r3, lsl #2]
 7540              		.p2align 2
 7541              	.L474:
 7542 0080 ED000000 		.word	.L491+1
 7543 0084 95000000 		.word	.L477+1
 7544 0088 A3000000 		.word	.L476+1
 7545 008c AF000000 		.word	.L475+1
 7546 0090 B7000000 		.word	.L473+1
 7547              		.p2align 1
 7548              	.L477:
4966:System/FreeRTOS/tasks.c **** 			{
4967:System/FreeRTOS/tasks.c **** 				case eSetBits	:
4968:System/FreeRTOS/tasks.c **** 					pxTCB->ulNotifiedValue |= ulValue;
 7549              		.loc 1 4968 29
 7550 0094 3B6B     		ldr	r3, [r7, #48]
 7551 0096 9A6D     		ldr	r2, [r3, #88]
 7552 0098 BB68     		ldr	r3, [r7, #8]
 7553 009a 1A43     		orrs	r2, r2, r3
 7554 009c 3B6B     		ldr	r3, [r7, #48]
 7555 009e 9A65     		str	r2, [r3, #88]
4969:System/FreeRTOS/tasks.c **** 					break;
 7556              		.loc 1 4969 6
 7557 00a0 27E0     		b	.L479
 7558              	.L476:
4970:System/FreeRTOS/tasks.c **** 
4971:System/FreeRTOS/tasks.c **** 				case eIncrement	:
4972:System/FreeRTOS/tasks.c **** 					( pxTCB->ulNotifiedValue )++;
 7559              		.loc 1 4972 13
 7560 00a2 3B6B     		ldr	r3, [r7, #48]
 7561 00a4 9B6D     		ldr	r3, [r3, #88]
 7562              		.loc 1 4972 32
 7563 00a6 5A1C     		adds	r2, r3, #1
 7564 00a8 3B6B     		ldr	r3, [r7, #48]
 7565 00aa 9A65     		str	r2, [r3, #88]
4973:System/FreeRTOS/tasks.c **** 					break;
 7566              		.loc 1 4973 6
 7567 00ac 21E0     		b	.L479
 7568              	.L475:
4974:System/FreeRTOS/tasks.c **** 
4975:System/FreeRTOS/tasks.c **** 				case eSetValueWithOverwrite	:
4976:System/FreeRTOS/tasks.c **** 					pxTCB->ulNotifiedValue = ulValue;
 7569              		.loc 1 4976 29
 7570 00ae 3B6B     		ldr	r3, [r7, #48]
 7571 00b0 BA68     		ldr	r2, [r7, #8]
 7572 00b2 9A65     		str	r2, [r3, #88]
4977:System/FreeRTOS/tasks.c **** 					break;
ARM GAS  C:\Users\HUAV\AppData\Local\Temp\ccerV99a.s 			page 225


 7573              		.loc 1 4977 6
 7574 00b4 1DE0     		b	.L479
 7575              	.L473:
4978:System/FreeRTOS/tasks.c **** 
4979:System/FreeRTOS/tasks.c **** 				case eSetValueWithoutOverwrite :
4980:System/FreeRTOS/tasks.c **** 					if( ucOriginalNotifyState != taskNOTIFICATION_RECEIVED )
 7576              		.loc 1 4980 8
 7577 00b6 97F82B30 		ldrb	r3, [r7, #43]	@ zero_extendqisi2
 7578 00ba 022B     		cmp	r3, #2
 7579 00bc 03D0     		beq	.L480
4981:System/FreeRTOS/tasks.c **** 					{
4982:System/FreeRTOS/tasks.c **** 						pxTCB->ulNotifiedValue = ulValue;
 7580              		.loc 1 4982 30
 7581 00be 3B6B     		ldr	r3, [r7, #48]
 7582 00c0 BA68     		ldr	r2, [r7, #8]
 7583 00c2 9A65     		str	r2, [r3, #88]
4983:System/FreeRTOS/tasks.c **** 					}
4984:System/FreeRTOS/tasks.c **** 					else
4985:System/FreeRTOS/tasks.c **** 					{
4986:System/FreeRTOS/tasks.c **** 						/* The value could not be written to the task. */
4987:System/FreeRTOS/tasks.c **** 						xReturn = pdFAIL;
4988:System/FreeRTOS/tasks.c **** 					}
4989:System/FreeRTOS/tasks.c **** 					break;
 7584              		.loc 1 4989 6
 7585 00c4 15E0     		b	.L479
 7586              	.L480:
4987:System/FreeRTOS/tasks.c **** 					}
 7587              		.loc 1 4987 15
 7588 00c6 0023     		movs	r3, #0
 7589 00c8 7B63     		str	r3, [r7, #52]
 7590              		.loc 1 4989 6
 7591 00ca 12E0     		b	.L479
 7592              	.L472:
4990:System/FreeRTOS/tasks.c **** 
4991:System/FreeRTOS/tasks.c **** 				case eNoAction :
4992:System/FreeRTOS/tasks.c **** 					/* The task is being notified without its notify value being
4993:System/FreeRTOS/tasks.c **** 					updated. */
4994:System/FreeRTOS/tasks.c **** 					break;
4995:System/FreeRTOS/tasks.c **** 
4996:System/FreeRTOS/tasks.c **** 				default:
4997:System/FreeRTOS/tasks.c **** 					/* Should not get here if all enums are handled.
4998:System/FreeRTOS/tasks.c **** 					Artificially force an assert by testing a value the
4999:System/FreeRTOS/tasks.c **** 					compiler can't assume is const. */
5000:System/FreeRTOS/tasks.c **** 					configASSERT( pxTCB->ulNotifiedValue == ~0UL );
 7593              		.loc 1 5000 6
 7594 00cc 3B6B     		ldr	r3, [r7, #48]
 7595 00ce 9B6D     		ldr	r3, [r3, #88]
 7596 00d0 B3F1FF3F 		cmp	r3, #-1
 7597 00d4 0CD0     		beq	.L492
 7598              	.LBB234:
 7599              	.LBB235:
 195:System/FreeRTOS/portable/GCC/ARM_CM4F/portmacro.h **** 	(
 7600              		.loc 2 195 2
 7601              		.syntax unified
 7602              	@ 195 "System/FreeRTOS/portable/GCC/ARM_CM4F/portmacro.h" 1
 7603 00d6 4FF05003 			mov r3, #80												
 7604 00da 83F31188 		msr basepri, r3											
ARM GAS  C:\Users\HUAV\AppData\Local\Temp\ccerV99a.s 			page 226


 7605 00de BFF36F8F 		isb														
 7606 00e2 BFF34F8F 		dsb														
 7607              	
 7608              	@ 0 "" 2
 7609              		.thumb
 7610              		.syntax unified
 7611 00e6 BB61     		str	r3, [r7, #24]
 203:System/FreeRTOS/portable/GCC/ARM_CM4F/portmacro.h **** 
 7612              		.loc 2 203 1
 7613 00e8 00BF     		nop
 7614              	.L483:
 7615              	.LBE235:
 7616              	.LBE234:
 7617              		.loc 1 5000 6 discriminator 2
 7618 00ea FEE7     		b	.L483
 7619              	.L491:
4994:System/FreeRTOS/tasks.c **** 
 7620              		.loc 1 4994 6
 7621 00ec 00BF     		nop
 7622 00ee 00E0     		b	.L479
 7623              	.L492:
5001:System/FreeRTOS/tasks.c **** 					break;
 7624              		.loc 1 5001 6
 7625 00f0 00BF     		nop
 7626              	.L479:
5002:System/FreeRTOS/tasks.c **** 			}
5003:System/FreeRTOS/tasks.c **** 
5004:System/FreeRTOS/tasks.c **** 			traceTASK_NOTIFY_FROM_ISR();
5005:System/FreeRTOS/tasks.c **** 
5006:System/FreeRTOS/tasks.c **** 			/* If the task is in the blocked state specifically to wait for a
5007:System/FreeRTOS/tasks.c **** 			notification then unblock it now. */
5008:System/FreeRTOS/tasks.c **** 			if( ucOriginalNotifyState == taskWAITING_NOTIFICATION )
 7627              		.loc 1 5008 6
 7628 00f2 97F82B30 		ldrb	r3, [r7, #43]	@ zero_extendqisi2
 7629 00f6 012B     		cmp	r3, #1
 7630 00f8 45D1     		bne	.L484
5009:System/FreeRTOS/tasks.c **** 			{
5010:System/FreeRTOS/tasks.c **** 				/* The task should not have been on an event list. */
5011:System/FreeRTOS/tasks.c **** 				configASSERT( listLIST_ITEM_CONTAINER( &( pxTCB->xEventListItem ) ) == NULL );
 7631              		.loc 1 5011 5
 7632 00fa 3B6B     		ldr	r3, [r7, #48]
 7633 00fc 9B6A     		ldr	r3, [r3, #40]
 7634 00fe 002B     		cmp	r3, #0
 7635 0100 0AD0     		beq	.L485
 7636              	.LBB236:
 7637              	.LBB237:
 195:System/FreeRTOS/portable/GCC/ARM_CM4F/portmacro.h **** 	(
 7638              		.loc 2 195 2
 7639              		.syntax unified
 7640              	@ 195 "System/FreeRTOS/portable/GCC/ARM_CM4F/portmacro.h" 1
 7641 0102 4FF05003 			mov r3, #80												
 7642 0106 83F31188 		msr basepri, r3											
 7643 010a BFF36F8F 		isb														
 7644 010e BFF34F8F 		dsb														
 7645              	
 7646              	@ 0 "" 2
 7647              		.thumb
ARM GAS  C:\Users\HUAV\AppData\Local\Temp\ccerV99a.s 			page 227


 7648              		.syntax unified
 7649 0112 7B61     		str	r3, [r7, #20]
 203:System/FreeRTOS/portable/GCC/ARM_CM4F/portmacro.h **** 
 7650              		.loc 2 203 1
 7651 0114 00BF     		nop
 7652              	.L486:
 7653              	.LBE237:
 7654              	.LBE236:
 7655              		.loc 1 5011 5 discriminator 3
 7656 0116 FEE7     		b	.L486
 7657              	.L485:
5012:System/FreeRTOS/tasks.c **** 
5013:System/FreeRTOS/tasks.c **** 				if( uxSchedulerSuspended == ( UBaseType_t ) pdFALSE )
 7658              		.loc 1 5013 30
 7659 0118 204B     		ldr	r3, .L493
 7660 011a 1B68     		ldr	r3, [r3]
 7661              		.loc 1 5013 7
 7662 011c 002B     		cmp	r3, #0
 7663 011e 1CD1     		bne	.L487
5014:System/FreeRTOS/tasks.c **** 				{
5015:System/FreeRTOS/tasks.c **** 					( void ) uxListRemove( &( pxTCB->xStateListItem ) );
 7664              		.loc 1 5015 15
 7665 0120 3B6B     		ldr	r3, [r7, #48]
 7666 0122 0433     		adds	r3, r3, #4
 7667 0124 1846     		mov	r0, r3
 7668 0126 FFF7FEFF 		bl	uxListRemove
5016:System/FreeRTOS/tasks.c **** 					prvAddTaskToReadyList( pxTCB );
 7669              		.loc 1 5016 6
 7670 012a 3B6B     		ldr	r3, [r7, #48]
 7671 012c DB6A     		ldr	r3, [r3, #44]
 7672 012e 0122     		movs	r2, #1
 7673 0130 9A40     		lsls	r2, r2, r3
 7674 0132 1B4B     		ldr	r3, .L493+4
 7675 0134 1B68     		ldr	r3, [r3]
 7676 0136 1343     		orrs	r3, r3, r2
 7677 0138 194A     		ldr	r2, .L493+4
 7678 013a 1360     		str	r3, [r2]
 7679 013c 3B6B     		ldr	r3, [r7, #48]
 7680 013e DA6A     		ldr	r2, [r3, #44]
 7681 0140 1346     		mov	r3, r2
 7682 0142 9B00     		lsls	r3, r3, #2
 7683 0144 1344     		add	r3, r3, r2
 7684 0146 9B00     		lsls	r3, r3, #2
 7685 0148 164A     		ldr	r2, .L493+8
 7686 014a 1A44     		add	r2, r2, r3
 7687 014c 3B6B     		ldr	r3, [r7, #48]
 7688 014e 0433     		adds	r3, r3, #4
 7689 0150 1946     		mov	r1, r3
 7690 0152 1046     		mov	r0, r2
 7691 0154 FFF7FEFF 		bl	vListInsertEnd
 7692 0158 05E0     		b	.L488
 7693              	.L487:
5017:System/FreeRTOS/tasks.c **** 				}
5018:System/FreeRTOS/tasks.c **** 				else
5019:System/FreeRTOS/tasks.c **** 				{
5020:System/FreeRTOS/tasks.c **** 					/* The delayed and ready lists cannot be accessed, so hold
5021:System/FreeRTOS/tasks.c **** 					this task pending until the scheduler is resumed. */
ARM GAS  C:\Users\HUAV\AppData\Local\Temp\ccerV99a.s 			page 228


5022:System/FreeRTOS/tasks.c **** 					vListInsertEnd( &( xPendingReadyList ), &( pxTCB->xEventListItem ) );
 7694              		.loc 1 5022 6
 7695 015a 3B6B     		ldr	r3, [r7, #48]
 7696 015c 1833     		adds	r3, r3, #24
 7697 015e 1946     		mov	r1, r3
 7698 0160 1148     		ldr	r0, .L493+12
 7699 0162 FFF7FEFF 		bl	vListInsertEnd
 7700              	.L488:
5023:System/FreeRTOS/tasks.c **** 				}
5024:System/FreeRTOS/tasks.c **** 
5025:System/FreeRTOS/tasks.c **** 				if( pxTCB->uxPriority > pxCurrentTCB->uxPriority )
 7701              		.loc 1 5025 14
 7702 0166 3B6B     		ldr	r3, [r7, #48]
 7703 0168 DA6A     		ldr	r2, [r3, #44]
 7704              		.loc 1 5025 41
 7705 016a 104B     		ldr	r3, .L493+16
 7706 016c 1B68     		ldr	r3, [r3]
 7707 016e DB6A     		ldr	r3, [r3, #44]
 7708              		.loc 1 5025 7
 7709 0170 9A42     		cmp	r2, r3
 7710 0172 08D9     		bls	.L484
5026:System/FreeRTOS/tasks.c **** 				{
5027:System/FreeRTOS/tasks.c **** 					/* The notified task has a priority above the currently
5028:System/FreeRTOS/tasks.c **** 					executing task so a yield is required. */
5029:System/FreeRTOS/tasks.c **** 					if( pxHigherPriorityTaskWoken != NULL )
 7711              		.loc 1 5029 8
 7712 0174 3B6C     		ldr	r3, [r7, #64]
 7713 0176 002B     		cmp	r3, #0
 7714 0178 02D0     		beq	.L489
5030:System/FreeRTOS/tasks.c **** 					{
5031:System/FreeRTOS/tasks.c **** 						*pxHigherPriorityTaskWoken = pdTRUE;
 7715              		.loc 1 5031 34
 7716 017a 3B6C     		ldr	r3, [r7, #64]
 7717 017c 0122     		movs	r2, #1
 7718 017e 1A60     		str	r2, [r3]
 7719              	.L489:
5032:System/FreeRTOS/tasks.c **** 					}
5033:System/FreeRTOS/tasks.c **** 
5034:System/FreeRTOS/tasks.c **** 					/* Mark that a yield is pending in case the user is not
5035:System/FreeRTOS/tasks.c **** 					using the "xHigherPriorityTaskWoken" parameter to an ISR
5036:System/FreeRTOS/tasks.c **** 					safe FreeRTOS function. */
5037:System/FreeRTOS/tasks.c **** 					xYieldPending = pdTRUE;
 7720              		.loc 1 5037 20
 7721 0180 0B4B     		ldr	r3, .L493+20
 7722 0182 0122     		movs	r2, #1
 7723 0184 1A60     		str	r2, [r3]
 7724              	.L484:
 7725 0186 FB6A     		ldr	r3, [r7, #44]
 7726 0188 3B61     		str	r3, [r7, #16]
 7727              	.LBB238:
 7728              	.LBB239:
 229:System/FreeRTOS/portable/GCC/ARM_CM4F/portmacro.h **** 	(
 7729              		.loc 2 229 2
 7730 018a 3B69     		ldr	r3, [r7, #16]
 7731              		.syntax unified
 7732              	@ 229 "System/FreeRTOS/portable/GCC/ARM_CM4F/portmacro.h" 1
 7733 018c 83F31188 			msr basepri, r3	
ARM GAS  C:\Users\HUAV\AppData\Local\Temp\ccerV99a.s 			page 229


 7734              	@ 0 "" 2
 7735              		.loc 2 233 1
 7736              		.thumb
 7737              		.syntax unified
 7738 0190 00BF     		nop
 7739              	.LBE239:
 7740              	.LBE238:
5038:System/FreeRTOS/tasks.c **** 				}
5039:System/FreeRTOS/tasks.c **** 				else
5040:System/FreeRTOS/tasks.c **** 				{
5041:System/FreeRTOS/tasks.c **** 					mtCOVERAGE_TEST_MARKER();
5042:System/FreeRTOS/tasks.c **** 				}
5043:System/FreeRTOS/tasks.c **** 			}
5044:System/FreeRTOS/tasks.c **** 		}
5045:System/FreeRTOS/tasks.c **** 		portCLEAR_INTERRUPT_MASK_FROM_ISR( uxSavedInterruptStatus );
5046:System/FreeRTOS/tasks.c **** 
5047:System/FreeRTOS/tasks.c **** 		return xReturn;
 7741              		.loc 1 5047 10
 7742 0192 7B6B     		ldr	r3, [r7, #52]
5048:System/FreeRTOS/tasks.c **** 	}
 7743              		.loc 1 5048 2
 7744 0194 1846     		mov	r0, r3
 7745 0196 3837     		adds	r7, r7, #56
 7746              	.LCFI301:
 7747              		.cfi_def_cfa_offset 8
 7748 0198 BD46     		mov	sp, r7
 7749              	.LCFI302:
 7750              		.cfi_def_cfa_register 13
 7751              		@ sp needed
 7752 019a 80BD     		pop	{r7, pc}
 7753              	.L494:
 7754              		.align	2
 7755              	.L493:
 7756 019c 00000000 		.word	uxSchedulerSuspended
 7757 01a0 00000000 		.word	uxTopReadyPriority
 7758 01a4 00000000 		.word	pxReadyTasksLists
 7759 01a8 00000000 		.word	xPendingReadyList
 7760 01ac 00000000 		.word	pxCurrentTCB
 7761 01b0 00000000 		.word	xYieldPending
 7762              		.cfi_endproc
 7763              	.LFE63:
 7765              		.section	.text.vTaskNotifyGiveFromISR,"ax",%progbits
 7766              		.align	1
 7767              		.global	vTaskNotifyGiveFromISR
 7768              		.syntax unified
 7769              		.thumb
 7770              		.thumb_func
 7772              	vTaskNotifyGiveFromISR:
 7773              	.LFB64:
5049:System/FreeRTOS/tasks.c **** 
5050:System/FreeRTOS/tasks.c **** #endif /* configUSE_TASK_NOTIFICATIONS */
5051:System/FreeRTOS/tasks.c **** /*-----------------------------------------------------------*/
5052:System/FreeRTOS/tasks.c **** 
5053:System/FreeRTOS/tasks.c **** #if( configUSE_TASK_NOTIFICATIONS == 1 )
5054:System/FreeRTOS/tasks.c **** 
5055:System/FreeRTOS/tasks.c **** 	void vTaskNotifyGiveFromISR( TaskHandle_t xTaskToNotify, BaseType_t *pxHigherPriorityTaskWoken )
5056:System/FreeRTOS/tasks.c **** 	{
ARM GAS  C:\Users\HUAV\AppData\Local\Temp\ccerV99a.s 			page 230


 7774              		.loc 1 5056 2
 7775              		.cfi_startproc
 7776              		@ args = 0, pretend = 0, frame = 40
 7777              		@ frame_needed = 1, uses_anonymous_args = 0
 7778 0000 80B5     		push	{r7, lr}
 7779              	.LCFI303:
 7780              		.cfi_def_cfa_offset 8
 7781              		.cfi_offset 7, -8
 7782              		.cfi_offset 14, -4
 7783 0002 8AB0     		sub	sp, sp, #40
 7784              	.LCFI304:
 7785              		.cfi_def_cfa_offset 48
 7786 0004 00AF     		add	r7, sp, #0
 7787              	.LCFI305:
 7788              		.cfi_def_cfa_register 7
 7789 0006 7860     		str	r0, [r7, #4]
 7790 0008 3960     		str	r1, [r7]
5057:System/FreeRTOS/tasks.c **** 	TCB_t * pxTCB;
5058:System/FreeRTOS/tasks.c **** 	uint8_t ucOriginalNotifyState;
5059:System/FreeRTOS/tasks.c **** 	UBaseType_t uxSavedInterruptStatus;
5060:System/FreeRTOS/tasks.c **** 
5061:System/FreeRTOS/tasks.c **** 		configASSERT( xTaskToNotify );
 7791              		.loc 1 5061 3
 7792 000a 7B68     		ldr	r3, [r7, #4]
 7793 000c 002B     		cmp	r3, #0
 7794 000e 0AD1     		bne	.L496
 7795              	.LBB240:
 7796              	.LBB241:
 195:System/FreeRTOS/portable/GCC/ARM_CM4F/portmacro.h **** 	(
 7797              		.loc 2 195 2
 7798              		.syntax unified
 7799              	@ 195 "System/FreeRTOS/portable/GCC/ARM_CM4F/portmacro.h" 1
 7800 0010 4FF05003 			mov r3, #80												
 7801 0014 83F31188 		msr basepri, r3											
 7802 0018 BFF36F8F 		isb														
 7803 001c BFF34F8F 		dsb														
 7804              	
 7805              	@ 0 "" 2
 7806              		.thumb
 7807              		.syntax unified
 7808 0020 BB61     		str	r3, [r7, #24]
 203:System/FreeRTOS/portable/GCC/ARM_CM4F/portmacro.h **** 
 7809              		.loc 2 203 1
 7810 0022 00BF     		nop
 7811              	.L497:
 7812              	.LBE241:
 7813              	.LBE240:
 7814              		.loc 1 5061 3 discriminator 1
 7815 0024 FEE7     		b	.L497
 7816              	.L496:
5062:System/FreeRTOS/tasks.c **** 
5063:System/FreeRTOS/tasks.c **** 		/* RTOS ports that support interrupt nesting have the concept of a
5064:System/FreeRTOS/tasks.c **** 		maximum	system call (or maximum API call) interrupt priority.
5065:System/FreeRTOS/tasks.c **** 		Interrupts that are	above the maximum system call priority are keep
5066:System/FreeRTOS/tasks.c **** 		permanently enabled, even when the RTOS kernel is in a critical section,
5067:System/FreeRTOS/tasks.c **** 		but cannot make any calls to FreeRTOS API functions.  If configASSERT()
5068:System/FreeRTOS/tasks.c **** 		is defined in FreeRTOSConfig.h then
ARM GAS  C:\Users\HUAV\AppData\Local\Temp\ccerV99a.s 			page 231


5069:System/FreeRTOS/tasks.c **** 		portASSERT_IF_INTERRUPT_PRIORITY_INVALID() will result in an assertion
5070:System/FreeRTOS/tasks.c **** 		failure if a FreeRTOS API function is called from an interrupt that has
5071:System/FreeRTOS/tasks.c **** 		been assigned a priority above the configured maximum system call
5072:System/FreeRTOS/tasks.c **** 		priority.  Only FreeRTOS functions that end in FromISR can be called
5073:System/FreeRTOS/tasks.c **** 		from interrupts	that have been assigned a priority at or (logically)
5074:System/FreeRTOS/tasks.c **** 		below the maximum system call interrupt priority.  FreeRTOS maintains a
5075:System/FreeRTOS/tasks.c **** 		separate interrupt safe API to ensure interrupt entry is as fast and as
5076:System/FreeRTOS/tasks.c **** 		simple as possible.  More information (albeit Cortex-M specific) is
5077:System/FreeRTOS/tasks.c **** 		provided on the following link:
5078:System/FreeRTOS/tasks.c **** 		http://www.freertos.org/RTOS-Cortex-M3-M4.html */
5079:System/FreeRTOS/tasks.c **** 		portASSERT_IF_INTERRUPT_PRIORITY_INVALID();
 7817              		.loc 1 5079 3
 7818 0026 FFF7FEFF 		bl	vPortValidateInterruptPriority
5080:System/FreeRTOS/tasks.c **** 
5081:System/FreeRTOS/tasks.c **** 		pxTCB = xTaskToNotify;
 7819              		.loc 1 5081 9
 7820 002a 7B68     		ldr	r3, [r7, #4]
 7821 002c 7B62     		str	r3, [r7, #36]
 7822              	.LBB242:
 7823              	.LBB243:
 211:System/FreeRTOS/portable/GCC/ARM_CM4F/portmacro.h **** 	(
 7824              		.loc 2 211 2
 7825              		.syntax unified
 7826              	@ 211 "System/FreeRTOS/portable/GCC/ARM_CM4F/portmacro.h" 1
 7827 002e EFF31182 			mrs r2, basepri											
 7828 0032 4FF05003 		mov r3, #80												
 7829 0036 83F31188 		msr basepri, r3											
 7830 003a BFF36F8F 		isb														
 7831 003e BFF34F8F 		dsb														
 7832              	
 7833              	@ 0 "" 2
 7834              		.thumb
 7835              		.syntax unified
 7836 0042 7A61     		str	r2, [r7, #20]
 7837 0044 3B61     		str	r3, [r7, #16]
 223:System/FreeRTOS/portable/GCC/ARM_CM4F/portmacro.h **** }
 7838              		.loc 2 223 9
 7839 0046 7B69     		ldr	r3, [r7, #20]
 7840              	.LBE243:
 7841              	.LBE242:
5082:System/FreeRTOS/tasks.c **** 
5083:System/FreeRTOS/tasks.c **** 		uxSavedInterruptStatus = portSET_INTERRUPT_MASK_FROM_ISR();
 7842              		.loc 1 5083 28
 7843 0048 3B62     		str	r3, [r7, #32]
5084:System/FreeRTOS/tasks.c **** 		{
5085:System/FreeRTOS/tasks.c **** 			ucOriginalNotifyState = pxTCB->ucNotifyState;
 7844              		.loc 1 5085 26
 7845 004a 7B6A     		ldr	r3, [r7, #36]
 7846 004c 93F85C30 		ldrb	r3, [r3, #92]
 7847 0050 FB77     		strb	r3, [r7, #31]
5086:System/FreeRTOS/tasks.c **** 			pxTCB->ucNotifyState = taskNOTIFICATION_RECEIVED;
 7848              		.loc 1 5086 25
 7849 0052 7B6A     		ldr	r3, [r7, #36]
 7850 0054 0222     		movs	r2, #2
 7851 0056 83F85C20 		strb	r2, [r3, #92]
5087:System/FreeRTOS/tasks.c **** 
5088:System/FreeRTOS/tasks.c **** 			/* 'Giving' is equivalent to incrementing a count in a counting
ARM GAS  C:\Users\HUAV\AppData\Local\Temp\ccerV99a.s 			page 232


5089:System/FreeRTOS/tasks.c **** 			semaphore. */
5090:System/FreeRTOS/tasks.c **** 			( pxTCB->ulNotifiedValue )++;
 7852              		.loc 1 5090 11
 7853 005a 7B6A     		ldr	r3, [r7, #36]
 7854 005c 9B6D     		ldr	r3, [r3, #88]
 7855              		.loc 1 5090 30
 7856 005e 5A1C     		adds	r2, r3, #1
 7857 0060 7B6A     		ldr	r3, [r7, #36]
 7858 0062 9A65     		str	r2, [r3, #88]
5091:System/FreeRTOS/tasks.c **** 
5092:System/FreeRTOS/tasks.c **** 			traceTASK_NOTIFY_GIVE_FROM_ISR();
5093:System/FreeRTOS/tasks.c **** 
5094:System/FreeRTOS/tasks.c **** 			/* If the task is in the blocked state specifically to wait for a
5095:System/FreeRTOS/tasks.c **** 			notification then unblock it now. */
5096:System/FreeRTOS/tasks.c **** 			if( ucOriginalNotifyState == taskWAITING_NOTIFICATION )
 7859              		.loc 1 5096 6
 7860 0064 FB7F     		ldrb	r3, [r7, #31]	@ zero_extendqisi2
 7861 0066 012B     		cmp	r3, #1
 7862 0068 45D1     		bne	.L499
5097:System/FreeRTOS/tasks.c **** 			{
5098:System/FreeRTOS/tasks.c **** 				/* The task should not have been on an event list. */
5099:System/FreeRTOS/tasks.c **** 				configASSERT( listLIST_ITEM_CONTAINER( &( pxTCB->xEventListItem ) ) == NULL );
 7863              		.loc 1 5099 5
 7864 006a 7B6A     		ldr	r3, [r7, #36]
 7865 006c 9B6A     		ldr	r3, [r3, #40]
 7866 006e 002B     		cmp	r3, #0
 7867 0070 0AD0     		beq	.L500
 7868              	.LBB244:
 7869              	.LBB245:
 195:System/FreeRTOS/portable/GCC/ARM_CM4F/portmacro.h **** 	(
 7870              		.loc 2 195 2
 7871              		.syntax unified
 7872              	@ 195 "System/FreeRTOS/portable/GCC/ARM_CM4F/portmacro.h" 1
 7873 0072 4FF05003 			mov r3, #80												
 7874 0076 83F31188 		msr basepri, r3											
 7875 007a BFF36F8F 		isb														
 7876 007e BFF34F8F 		dsb														
 7877              	
 7878              	@ 0 "" 2
 7879              		.thumb
 7880              		.syntax unified
 7881 0082 FB60     		str	r3, [r7, #12]
 203:System/FreeRTOS/portable/GCC/ARM_CM4F/portmacro.h **** 
 7882              		.loc 2 203 1
 7883 0084 00BF     		nop
 7884              	.L501:
 7885              	.LBE245:
 7886              	.LBE244:
 7887              		.loc 1 5099 5 discriminator 2
 7888 0086 FEE7     		b	.L501
 7889              	.L500:
5100:System/FreeRTOS/tasks.c **** 
5101:System/FreeRTOS/tasks.c **** 				if( uxSchedulerSuspended == ( UBaseType_t ) pdFALSE )
 7890              		.loc 1 5101 30
 7891 0088 204B     		ldr	r3, .L505
 7892 008a 1B68     		ldr	r3, [r3]
 7893              		.loc 1 5101 7
ARM GAS  C:\Users\HUAV\AppData\Local\Temp\ccerV99a.s 			page 233


 7894 008c 002B     		cmp	r3, #0
 7895 008e 1CD1     		bne	.L502
5102:System/FreeRTOS/tasks.c **** 				{
5103:System/FreeRTOS/tasks.c **** 					( void ) uxListRemove( &( pxTCB->xStateListItem ) );
 7896              		.loc 1 5103 15
 7897 0090 7B6A     		ldr	r3, [r7, #36]
 7898 0092 0433     		adds	r3, r3, #4
 7899 0094 1846     		mov	r0, r3
 7900 0096 FFF7FEFF 		bl	uxListRemove
5104:System/FreeRTOS/tasks.c **** 					prvAddTaskToReadyList( pxTCB );
 7901              		.loc 1 5104 6
 7902 009a 7B6A     		ldr	r3, [r7, #36]
 7903 009c DB6A     		ldr	r3, [r3, #44]
 7904 009e 0122     		movs	r2, #1
 7905 00a0 9A40     		lsls	r2, r2, r3
 7906 00a2 1B4B     		ldr	r3, .L505+4
 7907 00a4 1B68     		ldr	r3, [r3]
 7908 00a6 1343     		orrs	r3, r3, r2
 7909 00a8 194A     		ldr	r2, .L505+4
 7910 00aa 1360     		str	r3, [r2]
 7911 00ac 7B6A     		ldr	r3, [r7, #36]
 7912 00ae DA6A     		ldr	r2, [r3, #44]
 7913 00b0 1346     		mov	r3, r2
 7914 00b2 9B00     		lsls	r3, r3, #2
 7915 00b4 1344     		add	r3, r3, r2
 7916 00b6 9B00     		lsls	r3, r3, #2
 7917 00b8 164A     		ldr	r2, .L505+8
 7918 00ba 1A44     		add	r2, r2, r3
 7919 00bc 7B6A     		ldr	r3, [r7, #36]
 7920 00be 0433     		adds	r3, r3, #4
 7921 00c0 1946     		mov	r1, r3
 7922 00c2 1046     		mov	r0, r2
 7923 00c4 FFF7FEFF 		bl	vListInsertEnd
 7924 00c8 05E0     		b	.L503
 7925              	.L502:
5105:System/FreeRTOS/tasks.c **** 				}
5106:System/FreeRTOS/tasks.c **** 				else
5107:System/FreeRTOS/tasks.c **** 				{
5108:System/FreeRTOS/tasks.c **** 					/* The delayed and ready lists cannot be accessed, so hold
5109:System/FreeRTOS/tasks.c **** 					this task pending until the scheduler is resumed. */
5110:System/FreeRTOS/tasks.c **** 					vListInsertEnd( &( xPendingReadyList ), &( pxTCB->xEventListItem ) );
 7926              		.loc 1 5110 6
 7927 00ca 7B6A     		ldr	r3, [r7, #36]
 7928 00cc 1833     		adds	r3, r3, #24
 7929 00ce 1946     		mov	r1, r3
 7930 00d0 1148     		ldr	r0, .L505+12
 7931 00d2 FFF7FEFF 		bl	vListInsertEnd
 7932              	.L503:
5111:System/FreeRTOS/tasks.c **** 				}
5112:System/FreeRTOS/tasks.c **** 
5113:System/FreeRTOS/tasks.c **** 				if( pxTCB->uxPriority > pxCurrentTCB->uxPriority )
 7933              		.loc 1 5113 14
 7934 00d6 7B6A     		ldr	r3, [r7, #36]
 7935 00d8 DA6A     		ldr	r2, [r3, #44]
 7936              		.loc 1 5113 41
 7937 00da 104B     		ldr	r3, .L505+16
 7938 00dc 1B68     		ldr	r3, [r3]
ARM GAS  C:\Users\HUAV\AppData\Local\Temp\ccerV99a.s 			page 234


 7939 00de DB6A     		ldr	r3, [r3, #44]
 7940              		.loc 1 5113 7
 7941 00e0 9A42     		cmp	r2, r3
 7942 00e2 08D9     		bls	.L499
5114:System/FreeRTOS/tasks.c **** 				{
5115:System/FreeRTOS/tasks.c **** 					/* The notified task has a priority above the currently
5116:System/FreeRTOS/tasks.c **** 					executing task so a yield is required. */
5117:System/FreeRTOS/tasks.c **** 					if( pxHigherPriorityTaskWoken != NULL )
 7943              		.loc 1 5117 8
 7944 00e4 3B68     		ldr	r3, [r7]
 7945 00e6 002B     		cmp	r3, #0
 7946 00e8 02D0     		beq	.L504
5118:System/FreeRTOS/tasks.c **** 					{
5119:System/FreeRTOS/tasks.c **** 						*pxHigherPriorityTaskWoken = pdTRUE;
 7947              		.loc 1 5119 34
 7948 00ea 3B68     		ldr	r3, [r7]
 7949 00ec 0122     		movs	r2, #1
 7950 00ee 1A60     		str	r2, [r3]
 7951              	.L504:
5120:System/FreeRTOS/tasks.c **** 					}
5121:System/FreeRTOS/tasks.c **** 
5122:System/FreeRTOS/tasks.c **** 					/* Mark that a yield is pending in case the user is not
5123:System/FreeRTOS/tasks.c **** 					using the "xHigherPriorityTaskWoken" parameter in an ISR
5124:System/FreeRTOS/tasks.c **** 					safe FreeRTOS function. */
5125:System/FreeRTOS/tasks.c **** 					xYieldPending = pdTRUE;
 7952              		.loc 1 5125 20
 7953 00f0 0B4B     		ldr	r3, .L505+20
 7954 00f2 0122     		movs	r2, #1
 7955 00f4 1A60     		str	r2, [r3]
 7956              	.L499:
 7957 00f6 3B6A     		ldr	r3, [r7, #32]
 7958 00f8 BB60     		str	r3, [r7, #8]
 7959              	.LBB246:
 7960              	.LBB247:
 229:System/FreeRTOS/portable/GCC/ARM_CM4F/portmacro.h **** 	(
 7961              		.loc 2 229 2
 7962 00fa BB68     		ldr	r3, [r7, #8]
 7963              		.syntax unified
 7964              	@ 229 "System/FreeRTOS/portable/GCC/ARM_CM4F/portmacro.h" 1
 7965 00fc 83F31188 			msr basepri, r3	
 7966              	@ 0 "" 2
 7967              		.loc 2 233 1
 7968              		.thumb
 7969              		.syntax unified
 7970 0100 00BF     		nop
 7971              	.LBE247:
 7972              	.LBE246:
5126:System/FreeRTOS/tasks.c **** 				}
5127:System/FreeRTOS/tasks.c **** 				else
5128:System/FreeRTOS/tasks.c **** 				{
5129:System/FreeRTOS/tasks.c **** 					mtCOVERAGE_TEST_MARKER();
5130:System/FreeRTOS/tasks.c **** 				}
5131:System/FreeRTOS/tasks.c **** 			}
5132:System/FreeRTOS/tasks.c **** 		}
5133:System/FreeRTOS/tasks.c **** 		portCLEAR_INTERRUPT_MASK_FROM_ISR( uxSavedInterruptStatus );
5134:System/FreeRTOS/tasks.c **** 	}
 7973              		.loc 1 5134 2
ARM GAS  C:\Users\HUAV\AppData\Local\Temp\ccerV99a.s 			page 235


 7974 0102 00BF     		nop
 7975 0104 2837     		adds	r7, r7, #40
 7976              	.LCFI306:
 7977              		.cfi_def_cfa_offset 8
 7978 0106 BD46     		mov	sp, r7
 7979              	.LCFI307:
 7980              		.cfi_def_cfa_register 13
 7981              		@ sp needed
 7982 0108 80BD     		pop	{r7, pc}
 7983              	.L506:
 7984 010a 00BF     		.align	2
 7985              	.L505:
 7986 010c 00000000 		.word	uxSchedulerSuspended
 7987 0110 00000000 		.word	uxTopReadyPriority
 7988 0114 00000000 		.word	pxReadyTasksLists
 7989 0118 00000000 		.word	xPendingReadyList
 7990 011c 00000000 		.word	pxCurrentTCB
 7991 0120 00000000 		.word	xYieldPending
 7992              		.cfi_endproc
 7993              	.LFE64:
 7995              		.section	.text.xTaskNotifyStateClear,"ax",%progbits
 7996              		.align	1
 7997              		.global	xTaskNotifyStateClear
 7998              		.syntax unified
 7999              		.thumb
 8000              		.thumb_func
 8002              	xTaskNotifyStateClear:
 8003              	.LFB65:
5135:System/FreeRTOS/tasks.c **** 
5136:System/FreeRTOS/tasks.c **** #endif /* configUSE_TASK_NOTIFICATIONS */
5137:System/FreeRTOS/tasks.c **** /*-----------------------------------------------------------*/
5138:System/FreeRTOS/tasks.c **** 
5139:System/FreeRTOS/tasks.c **** #if( configUSE_TASK_NOTIFICATIONS == 1 )
5140:System/FreeRTOS/tasks.c **** 
5141:System/FreeRTOS/tasks.c **** 	BaseType_t xTaskNotifyStateClear( TaskHandle_t xTask )
5142:System/FreeRTOS/tasks.c **** 	{
 8004              		.loc 1 5142 2
 8005              		.cfi_startproc
 8006              		@ args = 0, pretend = 0, frame = 16
 8007              		@ frame_needed = 1, uses_anonymous_args = 0
 8008 0000 80B5     		push	{r7, lr}
 8009              	.LCFI308:
 8010              		.cfi_def_cfa_offset 8
 8011              		.cfi_offset 7, -8
 8012              		.cfi_offset 14, -4
 8013 0002 84B0     		sub	sp, sp, #16
 8014              	.LCFI309:
 8015              		.cfi_def_cfa_offset 24
 8016 0004 00AF     		add	r7, sp, #0
 8017              	.LCFI310:
 8018              		.cfi_def_cfa_register 7
 8019 0006 7860     		str	r0, [r7, #4]
5143:System/FreeRTOS/tasks.c **** 	TCB_t *pxTCB;
5144:System/FreeRTOS/tasks.c **** 	BaseType_t xReturn;
5145:System/FreeRTOS/tasks.c **** 
5146:System/FreeRTOS/tasks.c **** 		/* If null is passed in here then it is the calling task that is having
5147:System/FreeRTOS/tasks.c **** 		its notification state cleared. */
ARM GAS  C:\Users\HUAV\AppData\Local\Temp\ccerV99a.s 			page 236


5148:System/FreeRTOS/tasks.c **** 		pxTCB = prvGetTCBFromHandle( xTask );
 8020              		.loc 1 5148 11
 8021 0008 7B68     		ldr	r3, [r7, #4]
 8022 000a 002B     		cmp	r3, #0
 8023 000c 02D1     		bne	.L508
 8024              		.loc 1 5148 11 is_stmt 0 discriminator 1
 8025 000e 0E4B     		ldr	r3, .L513
 8026 0010 1B68     		ldr	r3, [r3]
 8027 0012 00E0     		b	.L509
 8028              	.L508:
 8029              		.loc 1 5148 11 discriminator 2
 8030 0014 7B68     		ldr	r3, [r7, #4]
 8031              	.L509:
 8032              		.loc 1 5148 9 is_stmt 1 discriminator 4
 8033 0016 BB60     		str	r3, [r7, #8]
5149:System/FreeRTOS/tasks.c **** 
5150:System/FreeRTOS/tasks.c **** 		taskENTER_CRITICAL();
 8034              		.loc 1 5150 3 discriminator 4
 8035 0018 FFF7FEFF 		bl	vPortEnterCritical
5151:System/FreeRTOS/tasks.c **** 		{
5152:System/FreeRTOS/tasks.c **** 			if( pxTCB->ucNotifyState == taskNOTIFICATION_RECEIVED )
 8036              		.loc 1 5152 13 discriminator 4
 8037 001c BB68     		ldr	r3, [r7, #8]
 8038 001e 93F85C30 		ldrb	r3, [r3, #92]
 8039 0022 DBB2     		uxtb	r3, r3
 8040              		.loc 1 5152 6 discriminator 4
 8041 0024 022B     		cmp	r3, #2
 8042 0026 06D1     		bne	.L510
5153:System/FreeRTOS/tasks.c **** 			{
5154:System/FreeRTOS/tasks.c **** 				pxTCB->ucNotifyState = taskNOT_WAITING_NOTIFICATION;
 8043              		.loc 1 5154 26
 8044 0028 BB68     		ldr	r3, [r7, #8]
 8045 002a 0022     		movs	r2, #0
 8046 002c 83F85C20 		strb	r2, [r3, #92]
5155:System/FreeRTOS/tasks.c **** 				xReturn = pdPASS;
 8047              		.loc 1 5155 13
 8048 0030 0123     		movs	r3, #1
 8049 0032 FB60     		str	r3, [r7, #12]
 8050 0034 01E0     		b	.L511
 8051              	.L510:
5156:System/FreeRTOS/tasks.c **** 			}
5157:System/FreeRTOS/tasks.c **** 			else
5158:System/FreeRTOS/tasks.c **** 			{
5159:System/FreeRTOS/tasks.c **** 				xReturn = pdFAIL;
 8052              		.loc 1 5159 13
 8053 0036 0023     		movs	r3, #0
 8054 0038 FB60     		str	r3, [r7, #12]
 8055              	.L511:
5160:System/FreeRTOS/tasks.c **** 			}
5161:System/FreeRTOS/tasks.c **** 		}
5162:System/FreeRTOS/tasks.c **** 		taskEXIT_CRITICAL();
 8056              		.loc 1 5162 3
 8057 003a FFF7FEFF 		bl	vPortExitCritical
5163:System/FreeRTOS/tasks.c **** 
5164:System/FreeRTOS/tasks.c **** 		return xReturn;
 8058              		.loc 1 5164 10
 8059 003e FB68     		ldr	r3, [r7, #12]
ARM GAS  C:\Users\HUAV\AppData\Local\Temp\ccerV99a.s 			page 237


5165:System/FreeRTOS/tasks.c **** 	}
 8060              		.loc 1 5165 2
 8061 0040 1846     		mov	r0, r3
 8062 0042 1037     		adds	r7, r7, #16
 8063              	.LCFI311:
 8064              		.cfi_def_cfa_offset 8
 8065 0044 BD46     		mov	sp, r7
 8066              	.LCFI312:
 8067              		.cfi_def_cfa_register 13
 8068              		@ sp needed
 8069 0046 80BD     		pop	{r7, pc}
 8070              	.L514:
 8071              		.align	2
 8072              	.L513:
 8073 0048 00000000 		.word	pxCurrentTCB
 8074              		.cfi_endproc
 8075              	.LFE65:
 8077              		.section	.text.ulTaskNotifyValueClear,"ax",%progbits
 8078              		.align	1
 8079              		.global	ulTaskNotifyValueClear
 8080              		.syntax unified
 8081              		.thumb
 8082              		.thumb_func
 8084              	ulTaskNotifyValueClear:
 8085              	.LFB66:
5166:System/FreeRTOS/tasks.c **** 
5167:System/FreeRTOS/tasks.c **** #endif /* configUSE_TASK_NOTIFICATIONS */
5168:System/FreeRTOS/tasks.c **** /*-----------------------------------------------------------*/
5169:System/FreeRTOS/tasks.c **** 
5170:System/FreeRTOS/tasks.c **** #if( configUSE_TASK_NOTIFICATIONS == 1 )
5171:System/FreeRTOS/tasks.c **** 
5172:System/FreeRTOS/tasks.c **** 	uint32_t ulTaskNotifyValueClear( TaskHandle_t xTask, uint32_t ulBitsToClear )
5173:System/FreeRTOS/tasks.c **** 	{
 8086              		.loc 1 5173 2
 8087              		.cfi_startproc
 8088              		@ args = 0, pretend = 0, frame = 16
 8089              		@ frame_needed = 1, uses_anonymous_args = 0
 8090 0000 80B5     		push	{r7, lr}
 8091              	.LCFI313:
 8092              		.cfi_def_cfa_offset 8
 8093              		.cfi_offset 7, -8
 8094              		.cfi_offset 14, -4
 8095 0002 84B0     		sub	sp, sp, #16
 8096              	.LCFI314:
 8097              		.cfi_def_cfa_offset 24
 8098 0004 00AF     		add	r7, sp, #0
 8099              	.LCFI315:
 8100              		.cfi_def_cfa_register 7
 8101 0006 7860     		str	r0, [r7, #4]
 8102 0008 3960     		str	r1, [r7]
5174:System/FreeRTOS/tasks.c **** 	TCB_t *pxTCB;
5175:System/FreeRTOS/tasks.c **** 	uint32_t ulReturn;
5176:System/FreeRTOS/tasks.c **** 
5177:System/FreeRTOS/tasks.c **** 		/* If null is passed in here then it is the calling task that is having
5178:System/FreeRTOS/tasks.c **** 		its notification state cleared. */
5179:System/FreeRTOS/tasks.c **** 		pxTCB = prvGetTCBFromHandle( xTask );
 8103              		.loc 1 5179 11
ARM GAS  C:\Users\HUAV\AppData\Local\Temp\ccerV99a.s 			page 238


 8104 000a 7B68     		ldr	r3, [r7, #4]
 8105 000c 002B     		cmp	r3, #0
 8106 000e 02D1     		bne	.L516
 8107              		.loc 1 5179 11 is_stmt 0 discriminator 1
 8108 0010 0C4B     		ldr	r3, .L519
 8109 0012 1B68     		ldr	r3, [r3]
 8110 0014 00E0     		b	.L517
 8111              	.L516:
 8112              		.loc 1 5179 11 discriminator 2
 8113 0016 7B68     		ldr	r3, [r7, #4]
 8114              	.L517:
 8115              		.loc 1 5179 9 is_stmt 1 discriminator 4
 8116 0018 FB60     		str	r3, [r7, #12]
5180:System/FreeRTOS/tasks.c **** 
5181:System/FreeRTOS/tasks.c **** 		taskENTER_CRITICAL();
 8117              		.loc 1 5181 3 discriminator 4
 8118 001a FFF7FEFF 		bl	vPortEnterCritical
5182:System/FreeRTOS/tasks.c **** 		{
5183:System/FreeRTOS/tasks.c **** 			/* Return the notification as it was before the bits were cleared,
5184:System/FreeRTOS/tasks.c **** 			then clear the bit mask. */
5185:System/FreeRTOS/tasks.c **** 			ulReturn = pxCurrentTCB->ulNotifiedValue;
 8119              		.loc 1 5185 27 discriminator 4
 8120 001e 094B     		ldr	r3, .L519
 8121 0020 1B68     		ldr	r3, [r3]
 8122              		.loc 1 5185 13 discriminator 4
 8123 0022 9B6D     		ldr	r3, [r3, #88]
 8124 0024 BB60     		str	r3, [r7, #8]
5186:System/FreeRTOS/tasks.c **** 			pxTCB->ulNotifiedValue &= ~ulBitsToClear;
 8125              		.loc 1 5186 27 discriminator 4
 8126 0026 FB68     		ldr	r3, [r7, #12]
 8127 0028 9A6D     		ldr	r2, [r3, #88]
 8128              		.loc 1 5186 30 discriminator 4
 8129 002a 3B68     		ldr	r3, [r7]
 8130 002c DB43     		mvns	r3, r3
 8131              		.loc 1 5186 27 discriminator 4
 8132 002e 1A40     		ands	r2, r2, r3
 8133 0030 FB68     		ldr	r3, [r7, #12]
 8134 0032 9A65     		str	r2, [r3, #88]
5187:System/FreeRTOS/tasks.c **** 		}
5188:System/FreeRTOS/tasks.c **** 		taskEXIT_CRITICAL();
 8135              		.loc 1 5188 3 discriminator 4
 8136 0034 FFF7FEFF 		bl	vPortExitCritical
5189:System/FreeRTOS/tasks.c **** 
5190:System/FreeRTOS/tasks.c **** 		return ulReturn;
 8137              		.loc 1 5190 10 discriminator 4
 8138 0038 BB68     		ldr	r3, [r7, #8]
5191:System/FreeRTOS/tasks.c **** 	}
 8139              		.loc 1 5191 2 discriminator 4
 8140 003a 1846     		mov	r0, r3
 8141 003c 1037     		adds	r7, r7, #16
 8142              	.LCFI316:
 8143              		.cfi_def_cfa_offset 8
 8144 003e BD46     		mov	sp, r7
 8145              	.LCFI317:
 8146              		.cfi_def_cfa_register 13
 8147              		@ sp needed
 8148 0040 80BD     		pop	{r7, pc}
ARM GAS  C:\Users\HUAV\AppData\Local\Temp\ccerV99a.s 			page 239


 8149              	.L520:
 8150 0042 00BF     		.align	2
 8151              	.L519:
 8152 0044 00000000 		.word	pxCurrentTCB
 8153              		.cfi_endproc
 8154              	.LFE66:
 8156              		.section	.text.prvAddCurrentTaskToDelayedList,"ax",%progbits
 8157              		.align	1
 8158              		.syntax unified
 8159              		.thumb
 8160              		.thumb_func
 8162              	prvAddCurrentTaskToDelayedList:
 8163              	.LFB67:
5192:System/FreeRTOS/tasks.c **** 
5193:System/FreeRTOS/tasks.c **** #endif /* configUSE_TASK_NOTIFICATIONS */
5194:System/FreeRTOS/tasks.c **** /*-----------------------------------------------------------*/
5195:System/FreeRTOS/tasks.c **** 
5196:System/FreeRTOS/tasks.c **** #if( ( configGENERATE_RUN_TIME_STATS == 1 ) && ( INCLUDE_xTaskGetIdleTaskHandle == 1 ) )
5197:System/FreeRTOS/tasks.c **** 
5198:System/FreeRTOS/tasks.c **** 	uint32_t ulTaskGetIdleRunTimeCounter( void )
5199:System/FreeRTOS/tasks.c **** 	{
5200:System/FreeRTOS/tasks.c **** 		return xIdleTaskHandle->ulRunTimeCounter;
5201:System/FreeRTOS/tasks.c **** 	}
5202:System/FreeRTOS/tasks.c **** 
5203:System/FreeRTOS/tasks.c **** #endif
5204:System/FreeRTOS/tasks.c **** /*-----------------------------------------------------------*/
5205:System/FreeRTOS/tasks.c **** 
5206:System/FreeRTOS/tasks.c **** static void prvAddCurrentTaskToDelayedList( TickType_t xTicksToWait, const BaseType_t xCanBlockInde
5207:System/FreeRTOS/tasks.c **** {
 8164              		.loc 1 5207 1
 8165              		.cfi_startproc
 8166              		@ args = 0, pretend = 0, frame = 16
 8167              		@ frame_needed = 1, uses_anonymous_args = 0
 8168 0000 80B5     		push	{r7, lr}
 8169              	.LCFI318:
 8170              		.cfi_def_cfa_offset 8
 8171              		.cfi_offset 7, -8
 8172              		.cfi_offset 14, -4
 8173 0002 84B0     		sub	sp, sp, #16
 8174              	.LCFI319:
 8175              		.cfi_def_cfa_offset 24
 8176 0004 00AF     		add	r7, sp, #0
 8177              	.LCFI320:
 8178              		.cfi_def_cfa_register 7
 8179 0006 7860     		str	r0, [r7, #4]
 8180 0008 3960     		str	r1, [r7]
5208:System/FreeRTOS/tasks.c **** TickType_t xTimeToWake;
5209:System/FreeRTOS/tasks.c **** const TickType_t xConstTickCount = xTickCount;
 8181              		.loc 1 5209 18
 8182 000a 294B     		ldr	r3, .L527
 8183 000c 1B68     		ldr	r3, [r3]
 8184 000e FB60     		str	r3, [r7, #12]
5210:System/FreeRTOS/tasks.c **** 
5211:System/FreeRTOS/tasks.c **** 	#if( INCLUDE_xTaskAbortDelay == 1 )
5212:System/FreeRTOS/tasks.c **** 	{
5213:System/FreeRTOS/tasks.c **** 		/* About to enter a delayed list, so ensure the ucDelayAborted flag is
5214:System/FreeRTOS/tasks.c **** 		reset to pdFALSE so it can be detected as having been set to pdTRUE
ARM GAS  C:\Users\HUAV\AppData\Local\Temp\ccerV99a.s 			page 240


5215:System/FreeRTOS/tasks.c **** 		when the task leaves the Blocked state. */
5216:System/FreeRTOS/tasks.c **** 		pxCurrentTCB->ucDelayAborted = pdFALSE;
5217:System/FreeRTOS/tasks.c **** 	}
5218:System/FreeRTOS/tasks.c **** 	#endif
5219:System/FreeRTOS/tasks.c **** 
5220:System/FreeRTOS/tasks.c **** 	/* Remove the task from the ready list before adding it to the blocked list
5221:System/FreeRTOS/tasks.c **** 	as the same list item is used for both lists. */
5222:System/FreeRTOS/tasks.c **** 	if( uxListRemove( &( pxCurrentTCB->xStateListItem ) ) == ( UBaseType_t ) 0 )
 8185              		.loc 1 5222 35
 8186 0010 284B     		ldr	r3, .L527+4
 8187 0012 1B68     		ldr	r3, [r3]
 8188              		.loc 1 5222 6
 8189 0014 0433     		adds	r3, r3, #4
 8190 0016 1846     		mov	r0, r3
 8191 0018 FFF7FEFF 		bl	uxListRemove
 8192 001c 0346     		mov	r3, r0
 8193              		.loc 1 5222 4
 8194 001e 002B     		cmp	r3, #0
 8195 0020 0BD1     		bne	.L522
5223:System/FreeRTOS/tasks.c **** 	{
5224:System/FreeRTOS/tasks.c **** 		/* The current task must be in a ready list, so there is no need to
5225:System/FreeRTOS/tasks.c **** 		check, and the port reset macro can be called directly. */
5226:System/FreeRTOS/tasks.c **** 		portRESET_READY_PRIORITY( pxCurrentTCB->uxPriority, uxTopReadyPriority ); /*lint !e931 pxCurrentT
 8196              		.loc 1 5226 3
 8197 0022 244B     		ldr	r3, .L527+4
 8198 0024 1B68     		ldr	r3, [r3]
 8199 0026 DB6A     		ldr	r3, [r3, #44]
 8200 0028 0122     		movs	r2, #1
 8201 002a 02FA03F3 		lsl	r3, r2, r3
 8202 002e DA43     		mvns	r2, r3
 8203 0030 214B     		ldr	r3, .L527+8
 8204 0032 1B68     		ldr	r3, [r3]
 8205 0034 1340     		ands	r3, r3, r2
 8206 0036 204A     		ldr	r2, .L527+8
 8207 0038 1360     		str	r3, [r2]
 8208              	.L522:
5227:System/FreeRTOS/tasks.c **** 	}
5228:System/FreeRTOS/tasks.c **** 	else
5229:System/FreeRTOS/tasks.c **** 	{
5230:System/FreeRTOS/tasks.c **** 		mtCOVERAGE_TEST_MARKER();
5231:System/FreeRTOS/tasks.c **** 	}
5232:System/FreeRTOS/tasks.c **** 
5233:System/FreeRTOS/tasks.c **** 	#if ( INCLUDE_vTaskSuspend == 1 )
5234:System/FreeRTOS/tasks.c **** 	{
5235:System/FreeRTOS/tasks.c **** 		if( ( xTicksToWait == portMAX_DELAY ) && ( xCanBlockIndefinitely != pdFALSE ) )
 8209              		.loc 1 5235 5
 8210 003a 7B68     		ldr	r3, [r7, #4]
 8211 003c B3F1FF3F 		cmp	r3, #-1
 8212 0040 0AD1     		bne	.L523
 8213              		.loc 1 5235 41 discriminator 1
 8214 0042 3B68     		ldr	r3, [r7]
 8215 0044 002B     		cmp	r3, #0
 8216 0046 07D0     		beq	.L523
5236:System/FreeRTOS/tasks.c **** 		{
5237:System/FreeRTOS/tasks.c **** 			/* Add the task to the suspended task list instead of a delayed task
5238:System/FreeRTOS/tasks.c **** 			list to ensure it is not woken by a timing event.  It will block
5239:System/FreeRTOS/tasks.c **** 			indefinitely. */
ARM GAS  C:\Users\HUAV\AppData\Local\Temp\ccerV99a.s 			page 241


5240:System/FreeRTOS/tasks.c **** 			vListInsertEnd( &xSuspendedTaskList, &( pxCurrentTCB->xStateListItem ) );
 8217              		.loc 1 5240 56
 8218 0048 1A4B     		ldr	r3, .L527+4
 8219 004a 1B68     		ldr	r3, [r3]
 8220              		.loc 1 5240 4
 8221 004c 0433     		adds	r3, r3, #4
 8222 004e 1946     		mov	r1, r3
 8223 0050 1A48     		ldr	r0, .L527+12
 8224 0052 FFF7FEFF 		bl	vListInsertEnd
5241:System/FreeRTOS/tasks.c **** 		}
5242:System/FreeRTOS/tasks.c **** 		else
5243:System/FreeRTOS/tasks.c **** 		{
5244:System/FreeRTOS/tasks.c **** 			/* Calculate the time at which the task should be woken if the event
5245:System/FreeRTOS/tasks.c **** 			does not occur.  This may overflow but this doesn't matter, the
5246:System/FreeRTOS/tasks.c **** 			kernel will manage it correctly. */
5247:System/FreeRTOS/tasks.c **** 			xTimeToWake = xConstTickCount + xTicksToWait;
5248:System/FreeRTOS/tasks.c **** 
5249:System/FreeRTOS/tasks.c **** 			/* The list item will be inserted in wake time order. */
5250:System/FreeRTOS/tasks.c **** 			listSET_LIST_ITEM_VALUE( &( pxCurrentTCB->xStateListItem ), xTimeToWake );
5251:System/FreeRTOS/tasks.c **** 
5252:System/FreeRTOS/tasks.c **** 			if( xTimeToWake < xConstTickCount )
5253:System/FreeRTOS/tasks.c **** 			{
5254:System/FreeRTOS/tasks.c **** 				/* Wake time has overflowed.  Place this item in the overflow
5255:System/FreeRTOS/tasks.c **** 				list. */
5256:System/FreeRTOS/tasks.c **** 				vListInsert( pxOverflowDelayedTaskList, &( pxCurrentTCB->xStateListItem ) );
5257:System/FreeRTOS/tasks.c **** 			}
5258:System/FreeRTOS/tasks.c **** 			else
5259:System/FreeRTOS/tasks.c **** 			{
5260:System/FreeRTOS/tasks.c **** 				/* The wake time has not overflowed, so the current block list
5261:System/FreeRTOS/tasks.c **** 				is used. */
5262:System/FreeRTOS/tasks.c **** 				vListInsert( pxDelayedTaskList, &( pxCurrentTCB->xStateListItem ) );
5263:System/FreeRTOS/tasks.c **** 
5264:System/FreeRTOS/tasks.c **** 				/* If the task entering the blocked state was placed at the
5265:System/FreeRTOS/tasks.c **** 				head of the list of blocked tasks then xNextTaskUnblockTime
5266:System/FreeRTOS/tasks.c **** 				needs to be updated too. */
5267:System/FreeRTOS/tasks.c **** 				if( xTimeToWake < xNextTaskUnblockTime )
5268:System/FreeRTOS/tasks.c **** 				{
5269:System/FreeRTOS/tasks.c **** 					xNextTaskUnblockTime = xTimeToWake;
5270:System/FreeRTOS/tasks.c **** 				}
5271:System/FreeRTOS/tasks.c **** 				else
5272:System/FreeRTOS/tasks.c **** 				{
5273:System/FreeRTOS/tasks.c **** 					mtCOVERAGE_TEST_MARKER();
5274:System/FreeRTOS/tasks.c **** 				}
5275:System/FreeRTOS/tasks.c **** 			}
5276:System/FreeRTOS/tasks.c **** 		}
5277:System/FreeRTOS/tasks.c **** 	}
5278:System/FreeRTOS/tasks.c **** 	#else /* INCLUDE_vTaskSuspend */
5279:System/FreeRTOS/tasks.c **** 	{
5280:System/FreeRTOS/tasks.c **** 		/* Calculate the time at which the task should be woken if the event
5281:System/FreeRTOS/tasks.c **** 		does not occur.  This may overflow but this doesn't matter, the kernel
5282:System/FreeRTOS/tasks.c **** 		will manage it correctly. */
5283:System/FreeRTOS/tasks.c **** 		xTimeToWake = xConstTickCount + xTicksToWait;
5284:System/FreeRTOS/tasks.c **** 
5285:System/FreeRTOS/tasks.c **** 		/* The list item will be inserted in wake time order. */
5286:System/FreeRTOS/tasks.c **** 		listSET_LIST_ITEM_VALUE( &( pxCurrentTCB->xStateListItem ), xTimeToWake );
5287:System/FreeRTOS/tasks.c **** 
5288:System/FreeRTOS/tasks.c **** 		if( xTimeToWake < xConstTickCount )
ARM GAS  C:\Users\HUAV\AppData\Local\Temp\ccerV99a.s 			page 242


5289:System/FreeRTOS/tasks.c **** 		{
5290:System/FreeRTOS/tasks.c **** 			/* Wake time has overflowed.  Place this item in the overflow list. */
5291:System/FreeRTOS/tasks.c **** 			vListInsert( pxOverflowDelayedTaskList, &( pxCurrentTCB->xStateListItem ) );
5292:System/FreeRTOS/tasks.c **** 		}
5293:System/FreeRTOS/tasks.c **** 		else
5294:System/FreeRTOS/tasks.c **** 		{
5295:System/FreeRTOS/tasks.c **** 			/* The wake time has not overflowed, so the current block list is used. */
5296:System/FreeRTOS/tasks.c **** 			vListInsert( pxDelayedTaskList, &( pxCurrentTCB->xStateListItem ) );
5297:System/FreeRTOS/tasks.c **** 
5298:System/FreeRTOS/tasks.c **** 			/* If the task entering the blocked state was placed at the head of the
5299:System/FreeRTOS/tasks.c **** 			list of blocked tasks then xNextTaskUnblockTime needs to be updated
5300:System/FreeRTOS/tasks.c **** 			too. */
5301:System/FreeRTOS/tasks.c **** 			if( xTimeToWake < xNextTaskUnblockTime )
5302:System/FreeRTOS/tasks.c **** 			{
5303:System/FreeRTOS/tasks.c **** 				xNextTaskUnblockTime = xTimeToWake;
5304:System/FreeRTOS/tasks.c **** 			}
5305:System/FreeRTOS/tasks.c **** 			else
5306:System/FreeRTOS/tasks.c **** 			{
5307:System/FreeRTOS/tasks.c **** 				mtCOVERAGE_TEST_MARKER();
5308:System/FreeRTOS/tasks.c **** 			}
5309:System/FreeRTOS/tasks.c **** 		}
5310:System/FreeRTOS/tasks.c **** 
5311:System/FreeRTOS/tasks.c **** 		/* Avoid compiler warning when INCLUDE_vTaskSuspend is not 1. */
5312:System/FreeRTOS/tasks.c **** 		( void ) xCanBlockIndefinitely;
5313:System/FreeRTOS/tasks.c **** 	}
5314:System/FreeRTOS/tasks.c **** 	#endif /* INCLUDE_vTaskSuspend */
5315:System/FreeRTOS/tasks.c **** }
 8225              		.loc 1 5315 1
 8226 0056 26E0     		b	.L526
 8227              	.L523:
5247:System/FreeRTOS/tasks.c **** 
 8228              		.loc 1 5247 16
 8229 0058 FA68     		ldr	r2, [r7, #12]
 8230 005a 7B68     		ldr	r3, [r7, #4]
 8231 005c 1344     		add	r3, r3, r2
 8232 005e BB60     		str	r3, [r7, #8]
5250:System/FreeRTOS/tasks.c **** 
 8233              		.loc 1 5250 4
 8234 0060 144B     		ldr	r3, .L527+4
 8235 0062 1B68     		ldr	r3, [r3]
 8236 0064 BA68     		ldr	r2, [r7, #8]
 8237 0066 5A60     		str	r2, [r3, #4]
5252:System/FreeRTOS/tasks.c **** 			{
 8238              		.loc 1 5252 6
 8239 0068 BA68     		ldr	r2, [r7, #8]
 8240 006a FB68     		ldr	r3, [r7, #12]
 8241 006c 9A42     		cmp	r2, r3
 8242 006e 09D2     		bcs	.L525
5256:System/FreeRTOS/tasks.c **** 			}
 8243              		.loc 1 5256 5
 8244 0070 134B     		ldr	r3, .L527+16
 8245 0072 1A68     		ldr	r2, [r3]
5256:System/FreeRTOS/tasks.c **** 			}
 8246              		.loc 1 5256 60
 8247 0074 0F4B     		ldr	r3, .L527+4
 8248 0076 1B68     		ldr	r3, [r3]
5256:System/FreeRTOS/tasks.c **** 			}
ARM GAS  C:\Users\HUAV\AppData\Local\Temp\ccerV99a.s 			page 243


 8249              		.loc 1 5256 5
 8250 0078 0433     		adds	r3, r3, #4
 8251 007a 1946     		mov	r1, r3
 8252 007c 1046     		mov	r0, r2
 8253 007e FFF7FEFF 		bl	vListInsert
 8254              		.loc 1 5315 1
 8255 0082 10E0     		b	.L526
 8256              	.L525:
5262:System/FreeRTOS/tasks.c **** 
 8257              		.loc 1 5262 5
 8258 0084 0F4B     		ldr	r3, .L527+20
 8259 0086 1A68     		ldr	r2, [r3]
5262:System/FreeRTOS/tasks.c **** 
 8260              		.loc 1 5262 52
 8261 0088 0A4B     		ldr	r3, .L527+4
 8262 008a 1B68     		ldr	r3, [r3]
5262:System/FreeRTOS/tasks.c **** 
 8263              		.loc 1 5262 5
 8264 008c 0433     		adds	r3, r3, #4
 8265 008e 1946     		mov	r1, r3
 8266 0090 1046     		mov	r0, r2
 8267 0092 FFF7FEFF 		bl	vListInsert
5267:System/FreeRTOS/tasks.c **** 				{
 8268              		.loc 1 5267 21
 8269 0096 0C4B     		ldr	r3, .L527+24
 8270 0098 1B68     		ldr	r3, [r3]
5267:System/FreeRTOS/tasks.c **** 				{
 8271              		.loc 1 5267 7
 8272 009a BA68     		ldr	r2, [r7, #8]
 8273 009c 9A42     		cmp	r2, r3
 8274 009e 02D2     		bcs	.L526
5269:System/FreeRTOS/tasks.c **** 				}
 8275              		.loc 1 5269 27
 8276 00a0 094A     		ldr	r2, .L527+24
 8277 00a2 BB68     		ldr	r3, [r7, #8]
 8278 00a4 1360     		str	r3, [r2]
 8279              	.L526:
 8280              		.loc 1 5315 1
 8281 00a6 00BF     		nop
 8282 00a8 1037     		adds	r7, r7, #16
 8283              	.LCFI321:
 8284              		.cfi_def_cfa_offset 8
 8285 00aa BD46     		mov	sp, r7
 8286              	.LCFI322:
 8287              		.cfi_def_cfa_register 13
 8288              		@ sp needed
 8289 00ac 80BD     		pop	{r7, pc}
 8290              	.L528:
 8291 00ae 00BF     		.align	2
 8292              	.L527:
 8293 00b0 00000000 		.word	xTickCount
 8294 00b4 00000000 		.word	pxCurrentTCB
 8295 00b8 00000000 		.word	uxTopReadyPriority
 8296 00bc 00000000 		.word	xSuspendedTaskList
 8297 00c0 00000000 		.word	pxOverflowDelayedTaskList
 8298 00c4 00000000 		.word	pxDelayedTaskList
 8299 00c8 00000000 		.word	xNextTaskUnblockTime
ARM GAS  C:\Users\HUAV\AppData\Local\Temp\ccerV99a.s 			page 244


 8300              		.cfi_endproc
 8301              	.LFE67:
 8303              		.text
 8304              	.Letext0:
 8305              		.file 3 "d:\\hpm-compile-tool\\gcc-arm-none-eabi-10.3-win\\lib\\gcc\\arm-none-eabi\\10.3.1\\includ
 8306              		.file 4 "d:\\hpm-compile-tool\\gcc-arm-none-eabi-10.3-win\\arm-none-eabi\\include\\machine\\_defau
 8307              		.file 5 "d:\\hpm-compile-tool\\gcc-arm-none-eabi-10.3-win\\arm-none-eabi\\include\\sys\\_stdint.h"
 8308              		.file 6 "System/FreeRTOS/include/projdefs.h"
 8309              		.file 7 "System/FreeRTOS/include/FreeRTOS.h"
 8310              		.file 8 "System/FreeRTOS/include/list.h"
 8311              		.file 9 "System/FreeRTOS/include/task.h"
ARM GAS  C:\Users\HUAV\AppData\Local\Temp\ccerV99a.s 			page 245


DEFINED SYMBOLS
                            *ABS*:00000000 tasks.c
C:\Users\HUAV\AppData\Local\Temp\ccerV99a.s:23     .bss.pxCurrentTCB:00000000 pxCurrentTCB
C:\Users\HUAV\AppData\Local\Temp\ccerV99a.s:20     .bss.pxCurrentTCB:00000000 $d
C:\Users\HUAV\AppData\Local\Temp\ccerV99a.s:26     .bss.pxReadyTasksLists:00000000 $d
C:\Users\HUAV\AppData\Local\Temp\ccerV99a.s:29     .bss.pxReadyTasksLists:00000000 pxReadyTasksLists
C:\Users\HUAV\AppData\Local\Temp\ccerV99a.s:32     .bss.xDelayedTaskList1:00000000 $d
C:\Users\HUAV\AppData\Local\Temp\ccerV99a.s:35     .bss.xDelayedTaskList1:00000000 xDelayedTaskList1
C:\Users\HUAV\AppData\Local\Temp\ccerV99a.s:38     .bss.xDelayedTaskList2:00000000 $d
C:\Users\HUAV\AppData\Local\Temp\ccerV99a.s:41     .bss.xDelayedTaskList2:00000000 xDelayedTaskList2
C:\Users\HUAV\AppData\Local\Temp\ccerV99a.s:44     .bss.pxDelayedTaskList:00000000 $d
C:\Users\HUAV\AppData\Local\Temp\ccerV99a.s:47     .bss.pxDelayedTaskList:00000000 pxDelayedTaskList
C:\Users\HUAV\AppData\Local\Temp\ccerV99a.s:50     .bss.pxOverflowDelayedTaskList:00000000 $d
C:\Users\HUAV\AppData\Local\Temp\ccerV99a.s:53     .bss.pxOverflowDelayedTaskList:00000000 pxOverflowDelayedTaskList
C:\Users\HUAV\AppData\Local\Temp\ccerV99a.s:56     .bss.xPendingReadyList:00000000 $d
C:\Users\HUAV\AppData\Local\Temp\ccerV99a.s:59     .bss.xPendingReadyList:00000000 xPendingReadyList
C:\Users\HUAV\AppData\Local\Temp\ccerV99a.s:62     .bss.xTasksWaitingTermination:00000000 $d
C:\Users\HUAV\AppData\Local\Temp\ccerV99a.s:65     .bss.xTasksWaitingTermination:00000000 xTasksWaitingTermination
C:\Users\HUAV\AppData\Local\Temp\ccerV99a.s:68     .bss.uxDeletedTasksWaitingCleanUp:00000000 $d
C:\Users\HUAV\AppData\Local\Temp\ccerV99a.s:71     .bss.uxDeletedTasksWaitingCleanUp:00000000 uxDeletedTasksWaitingCleanUp
C:\Users\HUAV\AppData\Local\Temp\ccerV99a.s:74     .bss.xSuspendedTaskList:00000000 $d
C:\Users\HUAV\AppData\Local\Temp\ccerV99a.s:77     .bss.xSuspendedTaskList:00000000 xSuspendedTaskList
C:\Users\HUAV\AppData\Local\Temp\ccerV99a.s:80     .bss.uxCurrentNumberOfTasks:00000000 $d
C:\Users\HUAV\AppData\Local\Temp\ccerV99a.s:83     .bss.uxCurrentNumberOfTasks:00000000 uxCurrentNumberOfTasks
C:\Users\HUAV\AppData\Local\Temp\ccerV99a.s:86     .bss.xTickCount:00000000 $d
C:\Users\HUAV\AppData\Local\Temp\ccerV99a.s:89     .bss.xTickCount:00000000 xTickCount
C:\Users\HUAV\AppData\Local\Temp\ccerV99a.s:92     .bss.uxTopReadyPriority:00000000 $d
C:\Users\HUAV\AppData\Local\Temp\ccerV99a.s:95     .bss.uxTopReadyPriority:00000000 uxTopReadyPriority
C:\Users\HUAV\AppData\Local\Temp\ccerV99a.s:98     .bss.xSchedulerRunning:00000000 $d
C:\Users\HUAV\AppData\Local\Temp\ccerV99a.s:101    .bss.xSchedulerRunning:00000000 xSchedulerRunning
C:\Users\HUAV\AppData\Local\Temp\ccerV99a.s:104    .bss.xPendedTicks:00000000 $d
C:\Users\HUAV\AppData\Local\Temp\ccerV99a.s:107    .bss.xPendedTicks:00000000 xPendedTicks
C:\Users\HUAV\AppData\Local\Temp\ccerV99a.s:110    .bss.xYieldPending:00000000 $d
C:\Users\HUAV\AppData\Local\Temp\ccerV99a.s:113    .bss.xYieldPending:00000000 xYieldPending
C:\Users\HUAV\AppData\Local\Temp\ccerV99a.s:116    .bss.xNumOfOverflows:00000000 $d
C:\Users\HUAV\AppData\Local\Temp\ccerV99a.s:119    .bss.xNumOfOverflows:00000000 xNumOfOverflows
C:\Users\HUAV\AppData\Local\Temp\ccerV99a.s:122    .bss.uxTaskNumber:00000000 $d
C:\Users\HUAV\AppData\Local\Temp\ccerV99a.s:125    .bss.uxTaskNumber:00000000 uxTaskNumber
C:\Users\HUAV\AppData\Local\Temp\ccerV99a.s:128    .bss.xNextTaskUnblockTime:00000000 $d
C:\Users\HUAV\AppData\Local\Temp\ccerV99a.s:131    .bss.xNextTaskUnblockTime:00000000 xNextTaskUnblockTime
C:\Users\HUAV\AppData\Local\Temp\ccerV99a.s:134    .bss.xIdleTaskHandle:00000000 $d
C:\Users\HUAV\AppData\Local\Temp\ccerV99a.s:137    .bss.xIdleTaskHandle:00000000 xIdleTaskHandle
C:\Users\HUAV\AppData\Local\Temp\ccerV99a.s:140    .bss.uxSchedulerSuspended:00000000 $d
C:\Users\HUAV\AppData\Local\Temp\ccerV99a.s:143    .bss.uxSchedulerSuspended:00000000 uxSchedulerSuspended
C:\Users\HUAV\AppData\Local\Temp\ccerV99a.s:146    .text.xTaskCreateStatic:00000000 $t
C:\Users\HUAV\AppData\Local\Temp\ccerV99a.s:152    .text.xTaskCreateStatic:00000000 xTaskCreateStatic
C:\Users\HUAV\AppData\Local\Temp\ccerV99a.s:437    .text.prvInitialiseNewTask:00000000 prvInitialiseNewTask
C:\Users\HUAV\AppData\Local\Temp\ccerV99a.s:658    .text.prvAddNewTaskToReadyList:00000000 prvAddNewTaskToReadyList
C:\Users\HUAV\AppData\Local\Temp\ccerV99a.s:318    .text.xTaskCreate:00000000 $t
C:\Users\HUAV\AppData\Local\Temp\ccerV99a.s:324    .text.xTaskCreate:00000000 xTaskCreate
C:\Users\HUAV\AppData\Local\Temp\ccerV99a.s:432    .text.prvInitialiseNewTask:00000000 $t
C:\Users\HUAV\AppData\Local\Temp\ccerV99a.s:653    .text.prvAddNewTaskToReadyList:00000000 $t
C:\Users\HUAV\AppData\Local\Temp\ccerV99a.s:5076   .text.prvInitialiseTaskLists:00000000 prvInitialiseTaskLists
C:\Users\HUAV\AppData\Local\Temp\ccerV99a.s:804    .text.prvAddNewTaskToReadyList:000000c0 $d
C:\Users\HUAV\AppData\Local\Temp\ccerV99a.s:815    .text.vTaskDelete:00000000 $t
C:\Users\HUAV\AppData\Local\Temp\ccerV99a.s:821    .text.vTaskDelete:00000000 vTaskDelete
C:\Users\HUAV\AppData\Local\Temp\ccerV99a.s:5696   .text.prvDeleteTCB:00000000 prvDeleteTCB
ARM GAS  C:\Users\HUAV\AppData\Local\Temp\ccerV99a.s 			page 246


C:\Users\HUAV\AppData\Local\Temp\ccerV99a.s:5790   .text.prvResetNextTaskUnblockTime:00000000 prvResetNextTaskUnblockTime
C:\Users\HUAV\AppData\Local\Temp\ccerV99a.s:1008   .text.vTaskDelete:000000f8 $d
C:\Users\HUAV\AppData\Local\Temp\ccerV99a.s:1022   .text.vTaskDelayUntil:00000000 $t
C:\Users\HUAV\AppData\Local\Temp\ccerV99a.s:1028   .text.vTaskDelayUntil:00000000 vTaskDelayUntil
C:\Users\HUAV\AppData\Local\Temp\ccerV99a.s:2830   .text.vTaskSuspendAll:00000000 vTaskSuspendAll
C:\Users\HUAV\AppData\Local\Temp\ccerV99a.s:8162   .text.prvAddCurrentTaskToDelayedList:00000000 prvAddCurrentTaskToDelayedList
C:\Users\HUAV\AppData\Local\Temp\ccerV99a.s:2876   .text.xTaskResumeAll:00000000 xTaskResumeAll
C:\Users\HUAV\AppData\Local\Temp\ccerV99a.s:1235   .text.vTaskDelayUntil:000000f0 $d
C:\Users\HUAV\AppData\Local\Temp\ccerV99a.s:1242   .text.vTaskDelay:00000000 $t
C:\Users\HUAV\AppData\Local\Temp\ccerV99a.s:1248   .text.vTaskDelay:00000000 vTaskDelay
C:\Users\HUAV\AppData\Local\Temp\ccerV99a.s:1341   .text.vTaskDelay:00000060 $d
C:\Users\HUAV\AppData\Local\Temp\ccerV99a.s:1347   .text.eTaskGetState:00000000 $t
C:\Users\HUAV\AppData\Local\Temp\ccerV99a.s:1353   .text.eTaskGetState:00000000 eTaskGetState
C:\Users\HUAV\AppData\Local\Temp\ccerV99a.s:1511   .text.eTaskGetState:000000b8 $d
C:\Users\HUAV\AppData\Local\Temp\ccerV99a.s:1520   .text.uxTaskPriorityGet:00000000 $t
C:\Users\HUAV\AppData\Local\Temp\ccerV99a.s:1526   .text.uxTaskPriorityGet:00000000 uxTaskPriorityGet
C:\Users\HUAV\AppData\Local\Temp\ccerV99a.s:1581   .text.uxTaskPriorityGet:00000030 $d
C:\Users\HUAV\AppData\Local\Temp\ccerV99a.s:1586   .text.uxTaskPriorityGetFromISR:00000000 $t
C:\Users\HUAV\AppData\Local\Temp\ccerV99a.s:1592   .text.uxTaskPriorityGetFromISR:00000000 uxTaskPriorityGetFromISR
C:\Users\HUAV\AppData\Local\Temp\ccerV99a.s:1683   .text.uxTaskPriorityGetFromISR:00000054 $d
C:\Users\HUAV\AppData\Local\Temp\ccerV99a.s:1688   .text.vTaskPrioritySet:00000000 $t
C:\Users\HUAV\AppData\Local\Temp\ccerV99a.s:1694   .text.vTaskPrioritySet:00000000 vTaskPrioritySet
C:\Users\HUAV\AppData\Local\Temp\ccerV99a.s:1935   .text.vTaskPrioritySet:00000144 $d
C:\Users\HUAV\AppData\Local\Temp\ccerV99a.s:1943   .text.vTaskSuspend:00000000 $t
C:\Users\HUAV\AppData\Local\Temp\ccerV99a.s:1949   .text.vTaskSuspend:00000000 vTaskSuspend
C:\Users\HUAV\AppData\Local\Temp\ccerV99a.s:3883   .text.vTaskSwitchContext:00000000 vTaskSwitchContext
C:\Users\HUAV\AppData\Local\Temp\ccerV99a.s:2149   .text.vTaskSuspend:00000104 $d
C:\Users\HUAV\AppData\Local\Temp\ccerV99a.s:2161   .text.prvTaskIsTaskSuspended:00000000 $t
C:\Users\HUAV\AppData\Local\Temp\ccerV99a.s:2166   .text.prvTaskIsTaskSuspended:00000000 prvTaskIsTaskSuspended
C:\Users\HUAV\AppData\Local\Temp\ccerV99a.s:2259   .text.prvTaskIsTaskSuspended:0000005c $d
C:\Users\HUAV\AppData\Local\Temp\ccerV99a.s:2265   .text.vTaskResume:00000000 $t
C:\Users\HUAV\AppData\Local\Temp\ccerV99a.s:2271   .text.vTaskResume:00000000 vTaskResume
C:\Users\HUAV\AppData\Local\Temp\ccerV99a.s:2406   .text.vTaskResume:000000ac $d
C:\Users\HUAV\AppData\Local\Temp\ccerV99a.s:2414   .text.xTaskResumeFromISR:00000000 $t
C:\Users\HUAV\AppData\Local\Temp\ccerV99a.s:2420   .text.xTaskResumeFromISR:00000000 xTaskResumeFromISR
C:\Users\HUAV\AppData\Local\Temp\ccerV99a.s:2589   .text.xTaskResumeFromISR:000000d0 $d
C:\Users\HUAV\AppData\Local\Temp\ccerV99a.s:2598   .rodata:00000000 $d
C:\Users\HUAV\AppData\Local\Temp\ccerV99a.s:2602   .text.vTaskStartScheduler:00000000 $t
C:\Users\HUAV\AppData\Local\Temp\ccerV99a.s:2608   .text.vTaskStartScheduler:00000000 vTaskStartScheduler
C:\Users\HUAV\AppData\Local\Temp\ccerV99a.s:2749   .text.vTaskStartScheduler:000000a8 $d
C:\Users\HUAV\AppData\Local\Temp\ccerV99a.s:5020   .text.prvIdleTask:00000000 prvIdleTask
C:\Users\HUAV\AppData\Local\Temp\ccerV99a.s:2759   .text.vTaskEndScheduler:00000000 $t
C:\Users\HUAV\AppData\Local\Temp\ccerV99a.s:2765   .text.vTaskEndScheduler:00000000 vTaskEndScheduler
C:\Users\HUAV\AppData\Local\Temp\ccerV99a.s:2819   .text.vTaskEndScheduler:0000002c $d
C:\Users\HUAV\AppData\Local\Temp\ccerV99a.s:2824   .text.vTaskSuspendAll:00000000 $t
C:\Users\HUAV\AppData\Local\Temp\ccerV99a.s:2865   .text.vTaskSuspendAll:00000018 $d
C:\Users\HUAV\AppData\Local\Temp\ccerV99a.s:2870   .text.xTaskResumeAll:00000000 $t
C:\Users\HUAV\AppData\Local\Temp\ccerV99a.s:3620   .text.xTaskIncrementTick:00000000 xTaskIncrementTick
C:\Users\HUAV\AppData\Local\Temp\ccerV99a.s:3091   .text.xTaskResumeAll:00000114 $d
C:\Users\HUAV\AppData\Local\Temp\ccerV99a.s:3104   .text.xTaskGetTickCount:00000000 $t
C:\Users\HUAV\AppData\Local\Temp\ccerV99a.s:3110   .text.xTaskGetTickCount:00000000 xTaskGetTickCount
C:\Users\HUAV\AppData\Local\Temp\ccerV99a.s:3150   .text.xTaskGetTickCount:0000001c $d
C:\Users\HUAV\AppData\Local\Temp\ccerV99a.s:3155   .text.xTaskGetTickCountFromISR:00000000 $t
C:\Users\HUAV\AppData\Local\Temp\ccerV99a.s:3161   .text.xTaskGetTickCountFromISR:00000000 xTaskGetTickCountFromISR
C:\Users\HUAV\AppData\Local\Temp\ccerV99a.s:3202   .text.xTaskGetTickCountFromISR:00000020 $d
C:\Users\HUAV\AppData\Local\Temp\ccerV99a.s:3207   .text.uxTaskGetNumberOfTasks:00000000 $t
C:\Users\HUAV\AppData\Local\Temp\ccerV99a.s:3213   .text.uxTaskGetNumberOfTasks:00000000 uxTaskGetNumberOfTasks
ARM GAS  C:\Users\HUAV\AppData\Local\Temp\ccerV99a.s 			page 247


C:\Users\HUAV\AppData\Local\Temp\ccerV99a.s:3244   .text.uxTaskGetNumberOfTasks:00000014 $d
C:\Users\HUAV\AppData\Local\Temp\ccerV99a.s:3249   .text.pcTaskGetName:00000000 $t
C:\Users\HUAV\AppData\Local\Temp\ccerV99a.s:3255   .text.pcTaskGetName:00000000 pcTaskGetName
C:\Users\HUAV\AppData\Local\Temp\ccerV99a.s:3333   .text.pcTaskGetName:00000044 $d
C:\Users\HUAV\AppData\Local\Temp\ccerV99a.s:3338   .text.uxTaskGetSystemState:00000000 $t
C:\Users\HUAV\AppData\Local\Temp\ccerV99a.s:3344   .text.uxTaskGetSystemState:00000000 uxTaskGetSystemState
C:\Users\HUAV\AppData\Local\Temp\ccerV99a.s:5427   .text.prvListTasksWithinSingleList:00000000 prvListTasksWithinSingleList
C:\Users\HUAV\AppData\Local\Temp\ccerV99a.s:3517   .text.uxTaskGetSystemState:00000104 $d
C:\Users\HUAV\AppData\Local\Temp\ccerV99a.s:3527   .text.xTaskCatchUpTicks:00000000 $t
C:\Users\HUAV\AppData\Local\Temp\ccerV99a.s:3533   .text.xTaskCatchUpTicks:00000000 xTaskCatchUpTicks
C:\Users\HUAV\AppData\Local\Temp\ccerV99a.s:3608   .text.xTaskCatchUpTicks:0000004c $d
C:\Users\HUAV\AppData\Local\Temp\ccerV99a.s:3614   .text.xTaskIncrementTick:00000000 $t
C:\Users\HUAV\AppData\Local\Temp\ccerV99a.s:3862   .text.xTaskIncrementTick:00000144 $d
C:\Users\HUAV\AppData\Local\Temp\ccerV99a.s:3877   .text.vTaskSwitchContext:00000000 $t
C:\Users\HUAV\AppData\Local\Temp\ccerV99a.s:4026   .text.vTaskSwitchContext:000000a4 $d
C:\Users\HUAV\AppData\Local\Temp\ccerV99a.s:4035   .text.vTaskPlaceOnEventList:00000000 $t
C:\Users\HUAV\AppData\Local\Temp\ccerV99a.s:4041   .text.vTaskPlaceOnEventList:00000000 vTaskPlaceOnEventList
C:\Users\HUAV\AppData\Local\Temp\ccerV99a.s:4111   .text.vTaskPlaceOnEventList:00000044 $d
C:\Users\HUAV\AppData\Local\Temp\ccerV99a.s:4116   .text.vTaskPlaceOnUnorderedEventList:00000000 $t
C:\Users\HUAV\AppData\Local\Temp\ccerV99a.s:4122   .text.vTaskPlaceOnUnorderedEventList:00000000 vTaskPlaceOnUnorderedEventList
C:\Users\HUAV\AppData\Local\Temp\ccerV99a.s:4226   .text.vTaskPlaceOnUnorderedEventList:00000070 $d
C:\Users\HUAV\AppData\Local\Temp\ccerV99a.s:4232   .text.xTaskRemoveFromEventList:00000000 $t
C:\Users\HUAV\AppData\Local\Temp\ccerV99a.s:4238   .text.xTaskRemoveFromEventList:00000000 xTaskRemoveFromEventList
C:\Users\HUAV\AppData\Local\Temp\ccerV99a.s:4374   .text.xTaskRemoveFromEventList:000000ac $d
C:\Users\HUAV\AppData\Local\Temp\ccerV99a.s:4384   .text.vTaskRemoveFromUnorderedEventList:00000000 $t
C:\Users\HUAV\AppData\Local\Temp\ccerV99a.s:4390   .text.vTaskRemoveFromUnorderedEventList:00000000 vTaskRemoveFromUnorderedEventList
C:\Users\HUAV\AppData\Local\Temp\ccerV99a.s:4530   .text.vTaskRemoveFromUnorderedEventList:000000b0 $d
C:\Users\HUAV\AppData\Local\Temp\ccerV99a.s:4539   .text.vTaskSetTimeOutState:00000000 $t
C:\Users\HUAV\AppData\Local\Temp\ccerV99a.s:4545   .text.vTaskSetTimeOutState:00000000 vTaskSetTimeOutState
C:\Users\HUAV\AppData\Local\Temp\ccerV99a.s:4616   .text.vTaskSetTimeOutState:00000044 $d
C:\Users\HUAV\AppData\Local\Temp\ccerV99a.s:4622   .text.vTaskInternalSetTimeOutState:00000000 $t
C:\Users\HUAV\AppData\Local\Temp\ccerV99a.s:4628   .text.vTaskInternalSetTimeOutState:00000000 vTaskInternalSetTimeOutState
C:\Users\HUAV\AppData\Local\Temp\ccerV99a.s:4673   .text.vTaskInternalSetTimeOutState:00000024 $d
C:\Users\HUAV\AppData\Local\Temp\ccerV99a.s:4679   .text.xTaskCheckForTimeOut:00000000 $t
C:\Users\HUAV\AppData\Local\Temp\ccerV99a.s:4685   .text.xTaskCheckForTimeOut:00000000 xTaskCheckForTimeOut
C:\Users\HUAV\AppData\Local\Temp\ccerV99a.s:4850   .text.xTaskCheckForTimeOut:000000bc $d
C:\Users\HUAV\AppData\Local\Temp\ccerV99a.s:4856   .text.vTaskMissedYield:00000000 $t
C:\Users\HUAV\AppData\Local\Temp\ccerV99a.s:4862   .text.vTaskMissedYield:00000000 vTaskMissedYield
C:\Users\HUAV\AppData\Local\Temp\ccerV99a.s:4894   .text.vTaskMissedYield:00000014 $d
C:\Users\HUAV\AppData\Local\Temp\ccerV99a.s:4899   .text.uxTaskGetTaskNumber:00000000 $t
C:\Users\HUAV\AppData\Local\Temp\ccerV99a.s:4905   .text.uxTaskGetTaskNumber:00000000 uxTaskGetTaskNumber
C:\Users\HUAV\AppData\Local\Temp\ccerV99a.s:4960   .text.vTaskSetTaskNumber:00000000 $t
C:\Users\HUAV\AppData\Local\Temp\ccerV99a.s:4966   .text.vTaskSetTaskNumber:00000000 vTaskSetTaskNumber
C:\Users\HUAV\AppData\Local\Temp\ccerV99a.s:5015   .text.prvIdleTask:00000000 $t
C:\Users\HUAV\AppData\Local\Temp\ccerV99a.s:5171   .text.prvCheckTasksWaitingTermination:00000000 prvCheckTasksWaitingTermination
C:\Users\HUAV\AppData\Local\Temp\ccerV99a.s:5065   .text.prvIdleTask:00000028 $d
C:\Users\HUAV\AppData\Local\Temp\ccerV99a.s:5071   .text.prvInitialiseTaskLists:00000000 $t
C:\Users\HUAV\AppData\Local\Temp\ccerV99a.s:5154   .text.prvInitialiseTaskLists:00000060 $d
C:\Users\HUAV\AppData\Local\Temp\ccerV99a.s:5166   .text.prvCheckTasksWaitingTermination:00000000 $t
C:\Users\HUAV\AppData\Local\Temp\ccerV99a.s:5244   .text.prvCheckTasksWaitingTermination:00000050 $d
C:\Users\HUAV\AppData\Local\Temp\ccerV99a.s:5251   .text.vTaskGetInfo:00000000 $t
C:\Users\HUAV\AppData\Local\Temp\ccerV99a.s:5257   .text.vTaskGetInfo:00000000 vTaskGetInfo
C:\Users\HUAV\AppData\Local\Temp\ccerV99a.s:5559   .text.prvTaskCheckFreeStackSpace:00000000 prvTaskCheckFreeStackSpace
C:\Users\HUAV\AppData\Local\Temp\ccerV99a.s:5417   .text.vTaskGetInfo:000000c8 $d
C:\Users\HUAV\AppData\Local\Temp\ccerV99a.s:5422   .text.prvListTasksWithinSingleList:00000000 $t
C:\Users\HUAV\AppData\Local\Temp\ccerV99a.s:5554   .text.prvTaskCheckFreeStackSpace:00000000 $t
C:\Users\HUAV\AppData\Local\Temp\ccerV99a.s:5623   .text.uxTaskGetStackHighWaterMark:00000000 $t
ARM GAS  C:\Users\HUAV\AppData\Local\Temp\ccerV99a.s 			page 248


C:\Users\HUAV\AppData\Local\Temp\ccerV99a.s:5629   .text.uxTaskGetStackHighWaterMark:00000000 uxTaskGetStackHighWaterMark
C:\Users\HUAV\AppData\Local\Temp\ccerV99a.s:5686   .text.uxTaskGetStackHighWaterMark:00000034 $d
C:\Users\HUAV\AppData\Local\Temp\ccerV99a.s:5691   .text.prvDeleteTCB:00000000 $t
C:\Users\HUAV\AppData\Local\Temp\ccerV99a.s:5785   .text.prvResetNextTaskUnblockTime:00000000 $t
C:\Users\HUAV\AppData\Local\Temp\ccerV99a.s:5852   .text.prvResetNextTaskUnblockTime:00000038 $d
C:\Users\HUAV\AppData\Local\Temp\ccerV99a.s:5858   .text.xTaskGetCurrentTaskHandle:00000000 $t
C:\Users\HUAV\AppData\Local\Temp\ccerV99a.s:5864   .text.xTaskGetCurrentTaskHandle:00000000 xTaskGetCurrentTaskHandle
C:\Users\HUAV\AppData\Local\Temp\ccerV99a.s:5904   .text.xTaskGetCurrentTaskHandle:0000001c $d
C:\Users\HUAV\AppData\Local\Temp\ccerV99a.s:5909   .text.xTaskGetCurrentTaskStack:00000000 $t
C:\Users\HUAV\AppData\Local\Temp\ccerV99a.s:5915   .text.xTaskGetCurrentTaskStack:00000000 xTaskGetCurrentTaskStack
C:\Users\HUAV\AppData\Local\Temp\ccerV99a.s:5993   .text.xTaskGetCurrentTaskStack:00000044 $d
C:\Users\HUAV\AppData\Local\Temp\ccerV99a.s:5998   .text.xTaskGetCurrentTaskStackDeph:00000000 $t
C:\Users\HUAV\AppData\Local\Temp\ccerV99a.s:6004   .text.xTaskGetCurrentTaskStackDeph:00000000 xTaskGetCurrentTaskStackDeph
C:\Users\HUAV\AppData\Local\Temp\ccerV99a.s:6082   .text.xTaskGetCurrentTaskStackDeph:00000044 $d
C:\Users\HUAV\AppData\Local\Temp\ccerV99a.s:6087   .text.xTaskGetSchedulerState:00000000 $t
C:\Users\HUAV\AppData\Local\Temp\ccerV99a.s:6093   .text.xTaskGetSchedulerState:00000000 xTaskGetSchedulerState
C:\Users\HUAV\AppData\Local\Temp\ccerV99a.s:6155   .text.xTaskGetSchedulerState:00000034 $d
C:\Users\HUAV\AppData\Local\Temp\ccerV99a.s:6161   .text.xTaskPriorityInherit:00000000 $t
C:\Users\HUAV\AppData\Local\Temp\ccerV99a.s:6167   .text.xTaskPriorityInherit:00000000 xTaskPriorityInherit
C:\Users\HUAV\AppData\Local\Temp\ccerV99a.s:6328   .text.xTaskPriorityInherit:000000e0 $d
C:\Users\HUAV\AppData\Local\Temp\ccerV99a.s:6335   .text.xTaskPriorityDisinherit:00000000 $t
C:\Users\HUAV\AppData\Local\Temp\ccerV99a.s:6341   .text.xTaskPriorityDisinherit:00000000 xTaskPriorityDisinherit
C:\Users\HUAV\AppData\Local\Temp\ccerV99a.s:6533   .text.xTaskPriorityDisinherit:00000100 $d
C:\Users\HUAV\AppData\Local\Temp\ccerV99a.s:6540   .text.vTaskPriorityDisinheritAfterTimeout:00000000 $t
C:\Users\HUAV\AppData\Local\Temp\ccerV99a.s:6546   .text.vTaskPriorityDisinheritAfterTimeout:00000000 vTaskPriorityDisinheritAfterTimeout
C:\Users\HUAV\AppData\Local\Temp\ccerV99a.s:6752   .text.vTaskPriorityDisinheritAfterTimeout:00000110 $d
C:\Users\HUAV\AppData\Local\Temp\ccerV99a.s:6759   .text.uxTaskResetEventItemValue:00000000 $t
C:\Users\HUAV\AppData\Local\Temp\ccerV99a.s:6765   .text.uxTaskResetEventItemValue:00000000 uxTaskResetEventItemValue
C:\Users\HUAV\AppData\Local\Temp\ccerV99a.s:6815   .text.uxTaskResetEventItemValue:0000002c $d
C:\Users\HUAV\AppData\Local\Temp\ccerV99a.s:6820   .text.pvTaskIncrementMutexHeldCount:00000000 $t
C:\Users\HUAV\AppData\Local\Temp\ccerV99a.s:6826   .text.pvTaskIncrementMutexHeldCount:00000000 pvTaskIncrementMutexHeldCount
C:\Users\HUAV\AppData\Local\Temp\ccerV99a.s:6871   .text.pvTaskIncrementMutexHeldCount:00000024 $d
C:\Users\HUAV\AppData\Local\Temp\ccerV99a.s:6876   .text.ulTaskNotifyTake:00000000 $t
C:\Users\HUAV\AppData\Local\Temp\ccerV99a.s:6882   .text.ulTaskNotifyTake:00000000 ulTaskNotifyTake
C:\Users\HUAV\AppData\Local\Temp\ccerV99a.s:6996   .text.ulTaskNotifyTake:00000088 $d
C:\Users\HUAV\AppData\Local\Temp\ccerV99a.s:7002   .text.xTaskNotifyWait:00000000 $t
C:\Users\HUAV\AppData\Local\Temp\ccerV99a.s:7008   .text.xTaskNotifyWait:00000000 xTaskNotifyWait
C:\Users\HUAV\AppData\Local\Temp\ccerV99a.s:7143   .text.xTaskNotifyWait:000000ac $d
C:\Users\HUAV\AppData\Local\Temp\ccerV99a.s:7149   .text.xTaskGenericNotify:00000000 $t
C:\Users\HUAV\AppData\Local\Temp\ccerV99a.s:7155   .text.xTaskGenericNotify:00000000 xTaskGenericNotify
C:\Users\HUAV\AppData\Local\Temp\ccerV99a.s:7238   .text.xTaskGenericNotify:00000064 $d
C:\Users\HUAV\AppData\Local\Temp\ccerV99a.s:7243   .text.xTaskGenericNotify:00000078 $t
C:\Users\HUAV\AppData\Local\Temp\ccerV99a.s:7423   .text.xTaskGenericNotify:0000015c $d
C:\Users\HUAV\AppData\Local\Temp\ccerV99a.s:7431   .text.xTaskGenericNotifyFromISR:00000000 $t
C:\Users\HUAV\AppData\Local\Temp\ccerV99a.s:7437   .text.xTaskGenericNotifyFromISR:00000000 xTaskGenericNotifyFromISR
C:\Users\HUAV\AppData\Local\Temp\ccerV99a.s:7542   .text.xTaskGenericNotifyFromISR:00000080 $d
C:\Users\HUAV\AppData\Local\Temp\ccerV99a.s:7547   .text.xTaskGenericNotifyFromISR:00000094 $t
C:\Users\HUAV\AppData\Local\Temp\ccerV99a.s:7756   .text.xTaskGenericNotifyFromISR:0000019c $d
C:\Users\HUAV\AppData\Local\Temp\ccerV99a.s:7766   .text.vTaskNotifyGiveFromISR:00000000 $t
C:\Users\HUAV\AppData\Local\Temp\ccerV99a.s:7772   .text.vTaskNotifyGiveFromISR:00000000 vTaskNotifyGiveFromISR
C:\Users\HUAV\AppData\Local\Temp\ccerV99a.s:7986   .text.vTaskNotifyGiveFromISR:0000010c $d
C:\Users\HUAV\AppData\Local\Temp\ccerV99a.s:7996   .text.xTaskNotifyStateClear:00000000 $t
C:\Users\HUAV\AppData\Local\Temp\ccerV99a.s:8002   .text.xTaskNotifyStateClear:00000000 xTaskNotifyStateClear
C:\Users\HUAV\AppData\Local\Temp\ccerV99a.s:8073   .text.xTaskNotifyStateClear:00000048 $d
C:\Users\HUAV\AppData\Local\Temp\ccerV99a.s:8078   .text.ulTaskNotifyValueClear:00000000 $t
C:\Users\HUAV\AppData\Local\Temp\ccerV99a.s:8084   .text.ulTaskNotifyValueClear:00000000 ulTaskNotifyValueClear
C:\Users\HUAV\AppData\Local\Temp\ccerV99a.s:8152   .text.ulTaskNotifyValueClear:00000044 $d
ARM GAS  C:\Users\HUAV\AppData\Local\Temp\ccerV99a.s 			page 249


C:\Users\HUAV\AppData\Local\Temp\ccerV99a.s:8157   .text.prvAddCurrentTaskToDelayedList:00000000 $t
C:\Users\HUAV\AppData\Local\Temp\ccerV99a.s:8293   .text.prvAddCurrentTaskToDelayedList:000000b0 $d

UNDEFINED SYMBOLS
pvPortMalloc
vPortFree
memset
vListInitialiseItem
pxPortInitialiseStack
vPortEnterCritical
vListInsertEnd
vPortExitCritical
uxListRemove
vPortValidateInterruptPriority
vApplicationGetIdleTaskMemory
xPortStartScheduler
vPortEndScheduler
vListInsert
vListInitialise
