:020000040800F2
:10000000D87C002021A8010895EC0008E102000836
:100010009BEC0008A1EC0008A7EC00080000000021
:10002000000000000000000000000000D19800085F
:10003000ADEC000800000000219B0008BBEC0008AC
:1000400071A8010871A8010871A8010871A8010828
:1000500071A8010871A80108D7EC0008E5EC0008B8
:10006000F3EC000801ED00080FED00089DED00081D
:10007000CDED0008FDED00082DEE00085DEE000856
:100080008DEE000871A8010871A8010871A8010887
:1000900071A8010871A8010871A801081DED0008E8
:1000A00071A8010871A8010871A8010871A80108C8
:1000B00071A8010871A8010871A8010871A80108B8
:1000C00071A8010871A8010871A8010871A80108A8
:1000D00071A801081DEF000871A8010871A80108A6
:1000E00047ED000871A801080000000071A8010890
:1000F00071A8010871A8010871A8010871A8010878
:1001000071A801087FED000871A8010871A8010815
:1001100059EF000871A8010871A801080DF0000846
:10012000BDEE0008EDEE000871A8010871A80108F5
:1001300071A8010871A8010871A8010871A8010837
:1001400000000000000000000000000000000000AF
:1001500071A8010871A8010871A8010895EF0008AD
:1001600071A8010871A8010871A8010871A8010807
:1001700071A8010871A8010871A801080000000019
:1001800071A8010871A80108D1EF000871A8010841
:1001900071A8010871A8010871A8010871A80108D7
:1001A00071A8010871A8010871A8010871A80108C7
:1001B00071A8010871A8010871A8010871A80108B7
:1001C00071A8010871A8010871A8010871A80108A7
:1001D00071A80108C9EC000871A8010871A80108FC
:1001E00071A8010871A8010871A8010871A8010887
:1001F00071A8010871A8010871A8010871A8010877
:1002000071A8010871A8010871A8010871A8010866
:1002100071A8010849F0000831F0000871A8010830
:1002200071A8010871A801088DED00080000000008
:1002300071A8010871A801080000000071A8010858
:1002400071A8010871A8010871A8010871A8010826
:1002500071A8010871A8010871A8010871A8010816
:1002600071A8010871A8010871A8010871A8010806
:1002700071A8010871A8010871A801080000000018
:1002800071A8010871A8010871A801080000000008
:080290000000000071A8010844
:1002A00010B5054C237833B9044B13B10448AFF3B0
:1002B00000800123237010BD140500200000000001
:1002C0001CD8010808B5034B1BB103490348AFF321
:1002D000008008BD00000000180500201CD801089F
:1002E0007046694600F0D2FCFFF7FEFF10F8012BC4
:1002F00011F8013B012A28BF9A42F7D0D01A704763
:10030000034613F8012B002AFBD1181A0138704755
:1003100001F0FF01102A2BDB10F0070F08D010F8B6
:10032000013B013A8B422DD010F0070F42B3F6D1BA
:10033000F0B441EA012141EA014122F007047FF0D3
:1003400000070023F0E80256083C85EA010586EA2A
:10035000010685FA47F5A3FA87F586FA47F6A5FA66
:1003600087F68EB9EED1F0BC01F0FF0102F0070272
:1003700032B110F8013B013A83EA010313B1F8D11D
:100380000020704701387047002D06BF35460338FE
:10039000073815F0010F07D1013015F4807F02BF37
:1003A000013015F4C03F0130F0BC0138704700BF88
:1003B00053B94AB9002908BF00281CBF4FF0FF31CC
:1003C0004FF0FF3000F074B9ADF1080C6DE904CEC8
:1003D00000F006F8DDF804E0DDE9022304B0704720
:1003E0002DE9F047089D04468E46002B4DD18A42E8
:1003F000944669D9B2FA82F252B101FA02F3C2F11B
:10040000200120FA01F10CFA02FC41EA030E9440AB
:100410004FEA1C48210CBEFBF8F61FFA8CF708FBCC
:1004200016E341EA034306FB07F199420AD91CEBA4
:10043000030306F1FF3080F01F81994240F21C81D6
:10044000023E63445B1AA4B2B3FBF8F008FB10331E
:1004500044EA034400FB07F7A7420AD91CEB040453
:1004600000F1FF3380F00A81A74240F20781644423
:10047000023840EA0640E41B00261DB1D4400023A8
:10048000C5E900433146BDE8F0878B4209D9002D0C
:1004900000F0EF800026C5E9000130463146BDE896
:1004A000F087B3FA83F6002E4AD18B4202D3824200
:1004B00000F2F980841A61EB030301209E46002DAF
:1004C000E0D0C5E9004EDDE702B9FFDEB2FA82F204
:1004D000002A40F09280A1EB0C014FEA1C471FFA62
:1004E0008CFE0126200CB1FBF7F307FB131140EA49
:1004F00001410EFB03F0884208D91CEB010103F116
:10050000FF3802D2884200F2CB804346091AA4B2D7
:10051000B1FBF7F007FB101144EA01440EFB00FEAB
:10052000A64508D91CEB040400F1FF3102D2A64510
:1005300000F2BB800846A4EB0E0440EA03409CE7AF
:10054000C6F12007B34022FA07FC4CEA030C20FA5C
:1005500007F401FA06F31C43F9404FEA1C4900FA7C
:1005600006F3B1FBF9F8200C1FFA8CFE09FB1811F9
:1005700040EA014108FB0EF0884202FA06F20BD96C
:100580001CEB010108F1FF3A80F08880884240F2BC
:100590008580A8F102086144091AA4B2B1FBF9F000
:1005A00009FB101144EA014100FB0EFE8E4508D9FB
:1005B0001CEB010100F1FF346CD28E456AD9023880
:1005C000614440EA0840A0FB0294A1EB0E01A14265
:1005D000C846A64656D353D05DB1B3EB080261EBD3
:1005E0000E0101FA07F722FA06F3F1401F43C5E9AD
:1005F000007100263146BDE8F087C2F12003D840E3
:100600000CFA02FC21FA03F3914001434FEA1C4724
:100610001FFA8CFEB3FBF7F007FB10360B0C43EA16
:10062000064300FB0EF69E4204FA02F408D91CEBC6
:10063000030300F1FF382FD29E422DD902386344C4
:100640009B1B89B2B3FBF7F607FB163341EA034164
:1006500006FB0EF38B4208D91CEB010106F1FF38B3
:1006600016D28B4214D9023E6144C91A46EA0046AA
:1006700038E72E46284605E70646E3E61846F8E63C
:100680004B45A9D2B9EB020864EB0C0E0138A3E785
:100690004646EAE7204694E74046D1E7D0467BE766
:1006A000023B614432E7304609E76444023842E7DE
:1006B000704700BF80B582B000AF0023FB710BF024
:1006C000C3F90346FB7100BFFB7983F00103DBB282
:1006D000002BF9D100F006F8002318460837BD4674
:1006E00080BD0000B0B588B000AF342200211448AE
:1006F0001AF00EF9124B134A1A63114B01221A70A9
:10070000114B1C68114B93E80700A047104B1B6866
:100710009847104B3C1D1D460FCD0FC495E80700B0
:1007200084E807003B1D0021184608F0F0FC034652
:10073000094A136008F0D4FC00BF2037BD46B0BDA5
:10074000600500200C00002004000020940200201E
:100750004800002044D801083005002080B586B04C
:1007600002AF78600023FB602D4B5B6B2D4A136159
:100770002B4B1B6B2B4AD3602A4800F00FF92A4BF6
:100780002A4A2B49274800F03DF92A4B1B78194685
:10079000284B5B781A46274B9B78019300920B46B7
:1007A000254A23491F4800F02DF9244B244A2049AB
:1007B0001C4800F027F9234B1B6823489847234B1C
:1007C0001B6823489847234B1B681E4A92681046B3
:1007D0009847134B1B6B4FF40060984703461E4A23
:1007E00013601D4B1B68002B05D11C4B144A10498C
:1007F0000C4800F007F90A4B5B689847F860184B03
:100800001B68002B04D1FB6803F6B833144A13604D
:10081000F86800F027F8192008F0C5FCEBE700BFE6
:10082000480000203003002060D8010870D801087B
:1008300074D80108C0E2010884D80108A0D80108D2
:10084000A8D801089C0000203405002030010020B9
:1008500060050020B00000205C050020B4D801082D
:100860000000002080B584B000AF78600023FB81D9
:1008700000237B73274B1B687A689A4219D3264B57
:10088000264A2749274800F0BDF8274B274A244924
:10089000244800F0B7F8264B9B680A209847254B60
:1008A0005B6825489847224BDB6A984701237B7396
:1008B00023E0204B1B69002B05D01E4B1B691E48F3
:1008C00098470346FB811D4B1B68002B15D0FB8905
:1008D000002B04D07B6803F6B8330E4A1360154B27
:1008E000DB68164A1168FA8913489847144B9B68CD
:1008F000124A1168FA89104898477B7B002B04D074
:100900000B4B9B6B0F4A1046984700BF1037BD46F4
:1009100080BD00BF00000020D4D80108E0D8010845
:1009200074D8010830030020F0D80108FCD8010871
:10093000480000209C000020340500205C050020B9
:10094000B00000200000020880B483B000AF03466E
:10095000FB71FB79002BFCD100BF00BF0C37BD46FB
:100960005DF8047B7047000080B584B000AFF8608C
:10097000B9601346FB80BB68002B09D0FB88002BB5
:1009800006D0054BDB69FA681068FA88B9689847A1
:1009900000BF1037BD4680BDD401002090B583B0A4
:1009A00000AF78607B68DB687A68146890209847AD
:1009B0000346E3607B681B68DB68002B1BD07B6809
:1009C0001B68002B0BD00E4B1B687A681268104610
:1009D0009847034683F00103DBB2002B03D07B680A
:1009E00000221A6008E07B6801221A717B681B688C
:1009F0007A681A6500E000BF0C37BD4690BD00BFA5
:100A0000D40100200CB480B5C4B000AF07F58873E2
:100A1000A3F58673186007F58873A3F588731960CA
:100A20000023A7F80E3107F58873A3F586731B68BA
:100A30001B7983F00103DBB2002B40F0B48007F593
:100A40008873A3F586731B681B69002B28D007F5F4
:100A50008873A3F586731B68DB68002B20D007F52D
:100A60008873A3F586731B689B68002B18D107F564
:100A70008873A3F586731B68DB684FF40070984792
:100A8000024607F58873A3F586731B689A6007F51D
:100A90008873A3F586731B689B68002B00F0858024
:100AA00007F58873A3F586731B689B684FF4007283
:100AB0000021184619F02CFF07F108034FF480724B
:100AC0000021184619F024FF07F58873A3F58873F1
:100AD00007F10802196810461AF097FC07F108039D
:100AE000D7F8181118461AF081FC07F58873A3F59A
:100AF00086731B689B68002B58D007F58873A3F595
:100B000086731B681B68002B50D007F58E73C7F8DF
:100B1000083107F58873A3F586731B68986807F199
:100B20000802D7F808314FF400711AF043FD03466C
:100B3000A7F80E31B7F80E31B3F5007F04D94FF4A2
:100B40000073A7F80E3112E007F58873A3F58673DA
:100B50001B689A68B7F80E311344022217491846E9
:100B600019F0C8FEB7F80E310233A7F80E3107F5B9
:100B70008873A3F586731B689968B7F80E2107F58B
:100B80008873A3F586731868FFF7EEFE07F5887380
:100B9000A3F586731B689B68B7F80E2100211846E1
:100BA00019F0B6FE02E000BF00E000BF07F588774D
:100BB000BD46BDE8804002B0704700BF0CD90108B7
:100BC00090B400AF6B461C4623461846BD4690BC09
:100BD000704790B400AFEFF309831C4623461846D4
:100BE000BD4690BC704790B400AFEFF308831C463D
:100BF00023461846BD4690BC7047000080B584B0BF
:100C000000AFF860B9607A60FB68194A19491A4860
:100C1000FFF7F8FEBB68194A16491748FFF7F2FEBE
:100C20007A68BB681344164A12491348FFF7EAFE74
:100C30007B68144A0F491048FFF7E4FEFB68203335
:100C4000FB60FA68BB689A4205D37A68BB681344B4
:100C5000FA689A4206D90C4A06490748FFF7D2FEBD
:100C6000012300E0002318461037BD4680BD00BFB9
:100C700010D9010824D901083003002034D9010813
:100C800048D901085CD9010870D90108B0B588B00D
:100C900000AF78603960544A54495548FFF7B2FEB6
:100CA0000023FB613B68BB61FFF78AFF03467B6162
:100CB000FFF799FF03463B61FFF78BFF0346FB609D
:100CC0007B6803F00403002B26D04A4A4749484872
:100CD000FFF798FE07F060FF0346FB61FB691846CB
:100CE00007F042FC0346444A40494148FFF78AFE68
:100CF000FB68BB61BC69FB69184607F05DFF0346F2
:100D00001D46FB69184607F07BFF03461A46294635
:100D10002046FFF773FF0CE0384A34493448FFF7A8
:100D200071FEBB69364A1168364A12681846FFF7E9
:100D300065FF3B68344A2D492D48FFF763FE7B6908
:100D4000324A2A492A48FFF75DFEFB68304A2749A4
:100D50002748FFF757FE3B692E4A24492448FFF7EE
:100D600051FEBB691B682C4A20492148FFF74AFE07
:100D7000BB6904331B68294A1C491D48FFF742FE22
:100D8000BB6908331B68264A18491948FFF73AFE21
:100D9000BB690C331B68234A14491548FFF732FE20
:100DA000BB6910331B68204A10491148FFF72AFE1F
:100DB000BB6914331B681D4A0C490D48FFF722FE1E
:100DC000BB6918331B681A4A08490948FFF71AFE1D
:100DD000BB691C331B68174A04490548FFF712FE1C
:100DE000154B5B689847FEE784D9010824D90108B0
:100DF0003003002094D90108A4D90108B8D901080A
:100E0000D85C0020D87C0020C8D90108DCD90108B2
:100E1000F0D9010804DA010818DA010828DA010813
:100E200038DA010848DA010858DA010868DA0108F6
:100E300078DA010888DA01083000002090B585B022
:100E400000AF3B1D83E80700084B5B68002B01D116
:100E5000002306E0054B5C683B1D93E80700A047B4
:100E6000012318461437BD4690BD00BFB0010020D5
:100E700090B585B000AF3C1D84E80700FB70084BBF
:100E8000DB69002B01D1002306E0054BDC69FB7810
:100E90003A1D07CAA047012318461437BD4690BD26
:100EA000B001002080B582B000AF78607B68002B75
:100EB00001D102231CE07B6800225A607B6800227B
:100EC0001A70786800F018F8034683F00103DBB26B
:100ED000002B01D003230BE0786800F059F803469B
:100EE000002B01D0042303E07B6801221A70002349
:100EF00018460837BD4680BD90B587B002AF786010
:100F0000214B1B88BB810023BB737B68002B03D064
:100F10007B68DB68002B01D1002330E07B68DC6854
:100F20009F2301930323009300230022002101202B
:100F3000A047034683F00103DCB27B681B6907F11D
:100F40000C0210469847034683F00103DBB22343AB
:100F5000DBB2002B01D0002311E03B7B1A047B7B2A
:100F60001B021343BA7B13431A467B685A607B68A3
:100F70005B68064A934201D0002300E00123184633
:100F80001437BD4690BD00BF98DA01081740EF0046
:100F900090B585B002AF78607B68002B03D07B688A
:100FA000DB68002B01D1022354E07B681B7A002B05
:100FB00001D001234EE07B6801221A727B68DC6855
:100FC00066230193002300930023002200210020C8
:100FD000A047034683F00103DBB2002B04D07B68FB
:100FE00000221A72052335E0786800F037F80346CE
:100FF00083F00103DBB2002B04D07B6800221A725D
:10100000062327E07B68DC68992301930023009383
:101010000023002200210020A047034683F00103A3
:10102000DBB2002B04D07B6800221A72052311E08A
:10103000786800F013F8034683F00103DBB2002B5D
:1010400004D07B6800221A72062303E07B6800222A
:101050001A72002318460C37BD4690BD90B587B074
:1010600004AF78607B68002B03D07B689B69002B02
:1010700001D1002317E07B689C69012303930023BF
:1010800002930523019300230093002300220021F3
:101090000120A047034683F00103DBB2002B01D0FF
:1010A000002300E0012318460C37BD4690BD80B5F3
:1010B00082B000AF78607B68002B03D07B68DB696F
:1010C000002B01D1022314E07868FFF761FF03468B
:1010D000002B01D104230CE07B68DB69EB209847EF
:1010E000034683F00103DBB2002B01D0072300E0AD
:1010F000002318460837BD4680BD90B587B004AFC1
:1011000078607B68002B07D07B68DB68002B03D0FE
:101110007B689B69002B01D100232AE07B68DC6897
:1011200006230193002300930023002200210020C6
:10113000A047034683F00103DBB2002B01D000235C
:1011400017E07B689C690223039302230293052323
:101150000193012300930023002200210120A047D6
:10116000034683F00103DBB2002B01D0002300E033
:10117000012318460C37BD4690BD90B585B002AF2F
:10118000786039607B68002B03D07B68DB68002BBC
:1011900001D102233EE07B681B7A002B01D00123A2
:1011A00038E07B6801221A727868FFF7A6FF0346D1
:1011B00083F00103DBB2002B04D07B6800221A729B
:1011C000082327E07B68DC68202301930023009339
:1011D00000233A6801210020A047034683F0010361
:1011E000DBB2002B04D07B6800221A72052311E0C9
:1011F0007868FFF733FF034683F00103DBB2002B6F
:1012000004D07B6800221A72062303E07B68002268
:101210001A72002318460C37BD4690BD90B587B0B2
:1012200004AF78607B68002B03D07B68DB68002B01
:1012300001D102234AE07B681B7A002B01D00123F5
:1012400044E07B6801221A727868FFF756FF034674
:1012500083F00103DBB2002B04D07B6800221A72FA
:10126000082333E07B68DC68C723019300230093E5
:101270000023002200210020A047034683F0010341
:10128000DBB2002B04D07B6800221A7205231DE01C
:101290007B689C6901230393002302930523019338
:1012A000002300930023002200210120A0470346D1
:1012B00083F00103DBB2002B04D07B6800221A729A
:1012C000062303E07B6800221A72002318460C37BD
:1012D000BD4690BD90B589B002AFF860B9607A6044
:1012E0007B8000237B61FB68002B12D0FB68DB68EE
:1012F000002B0ED0FB685B69002B0AD07B68002BAB
:1013000007D07B88002B04D0BB68C3F30B03002BF2
:1013100001D0022362E0FB681B7A002B01D001237D
:101320005CE0FB6801221A720023FB744FE0F8684E
:10133000FFF7E3FE034683F00103DBB2002B04D08A
:10134000FB6800221A72082348E0FB68DC6832233D
:1013500001934FF4807300930023BA6801210420A5
:10136000A047034683F00103DBB2002B04D0FB68E7
:1013700000221A72052331E0FB685B6979687A699B
:101380000A4410469847034683F00103DBB2002B62
:1013900004D0FB6800221A7209231FE0F868FFF7E7
:1013A0005DFE034683F00103DBB2002B04D0FB6833
:1013B00000221A72062311E0BB6803F58073BB603C
:1013C0007B6903F580737B61FB7C0133FB74FB7CE1
:1013D0000F2BACD9FB6800221A72002318461C3769
:1013E000BD4690BD90B587B002AFF860B9607A6035
:1013F0007B80FB68002B0DD0FB68DB68002B09D0DD
:10140000FB681B69002B05D07B68002B02D07B8812
:10141000002B01D102233CE0FB681B7A002B01D09A
:10142000012336E0FB68DC68EB2301937B880093A3
:101430000623BA6804210420A047034683F0010371
:10144000DBB2002B04D0FB6800221A72052320E0D7
:10145000FB681B6978689847034683F00103DBB299
:10146000002B04D0FB6800221A720A2311E0F868EE
:10147000FFF7F4FD034683F00103DBB2002B04D039
:10148000FB6800221A72062303E0FB6800221A722E
:10149000002318461437BD4690BD0000B0B58AB091
:1014A00000AF7860396007F10C031C220021184658
:1014B00019F02EFA3B68002B22D03B681B78002BDA
:1014C0001ED000233B614FF480733B844FF4803384
:1014D000BB614FF48053FB613B685B68FB603B681A
:1014E0005B68104A93420DD14FF400037B614FF4C7
:1014F0000043FB8480237B844FF40063BB8402E0C1
:1015000000BF00E000BF7B681D4607F10C040FCC54
:101510000FC594E8070085E8070078682837BD46BE
:10152000B0BD00BF1740EF0080B483B000AF78605B
:1015300039607B68002B07D07B681B78002B03D0B9
:101540003A68054B134000E0002318460C37BD46AF
:101550005DF8047B704700BF00F0FFFF80B582B0EC
:1015600000AF0346FB71FB79022B01D9002303E096
:1015700000BF00F005F8012318460837BD4680BDBE
:1015800080B400AF00231846BD465DF8047B704769
:1015900080B483B000AF786000BF0C37BD465DF803
:1015A000047B704780B400AF62B600BFBD465DF8F3
:1015B000047B704780B400AF72B600BFBD465DF8D3
:1015C000047B704780B582B000AF00233B600123ED
:1015D000FB713C220021324819F09AF9304B00226D
:1015E0001A77342019F06EF903461A462C4B9A6389
:1015F0002B4B9B6B002B4ED0294B012283F83120C3
:10160000274B002283F83220254B012283F8332018
:10161000234B012283F83420214B022283F835200A
:1016200020480CF08DFF0346002B34D01C4B0122C8
:101630001A771B4B4FF040421A62194B1B6A3B60F2
:10164000174B0022DA62164B00229A621EE0144BFE
:101650009A6A3B6892B21A803B681B889AB2104B18
:101660009B6A9BB29A4209D00023FB710C4B00226B
:101670001A770B4BDB6A0133094AD3623B680022BD
:101680001A80074B9B6A0133054A9362044B9B6A9D
:10169000B3F5001FDBD3FB7918460837BD4680BD84
:1016A00094050020C405002080B58CB000AF7860A0
:1016B0000023FB620023BB6207F10C031C22002104
:1016C000184619F025F907F10C03184608F042F8FE
:1016D0003B6ABB62FB68002B28D0786807F050FE9D
:1016E000F86207F10C03184608F034F8FB68124A58
:1016F0001360BB69104A9360FB6A002B0CD13A6AF5
:10170000BB6AD31A012B07D00023FB620A4B1B696B
:101710000133094A136109E07A680021F86A19F077
:10172000F7F8054BDB680133034AD360FB6A1846C0
:101730003037BD4680BD00BF9405002080B58AB01B
:1017400000AF786000237B6207F108031C220021B0
:10175000184619F0DDF87B68002B26D007F1080346
:10176000184607F0F7FF3B6A7B62786807F0D4FE03
:1017700007F10803184607F0EDFFBB680D4A136038
:101780007B690C4A93603A6A7B6AD31A012B07D1B2
:10179000084B5B690133074A536100237B6004E017
:1017A000044B9B690133034A936100BF2837BD4650
:1017B00080BD00BF9405002080B586B000AF786082
:1017C00000237B61124A7B6893421CD37B6803F041
:1017D0007F43104A934216D17B6804331B687B61B8
:1017E0007B681B68FB60FB6883F3088800BF0A4BBB
:1017F0009B6C984700233B613B6983F3148800BFCF
:101800007B69984700E000BF1837BD4680BD00BF28
:1018100000000208000000084800002080B582B0E7
:1018200000AF7860786807F0BEFC00BF0837BD469F
:1018300080BD80B582B000AF786039607B68002BD6
:1018400006D03B68002B03D03968786807F082FD2A
:1018500000BF0837BD4680BD90B587B000AF786047
:101860000123FB757B68002B01D10023DCE07B6842
:1018700000221A704FF4006200216D4819F048F8F8
:101880004FF4006200216B4819F042F84FF40062F7
:101890000021694819F03CF84FF4006200216748C4
:1018A00019F036F8664B1B6B7820984702467B6828
:1018B0005A607B685B68002B01D10023B4E0604B69
:1018C0001B6B7A685468902098470346E3607B68F6
:1018D0005B68DB68002B07D1594B5B6B7A685268F9
:1018E0001046984700239FE0554B1B6B7A6854685D
:1018F000782098470346E361514B1B6B7A68546824
:1019000078209847034663617B685B684D4A9A601C
:101910007B685B684FF4E1221A607B685B68002299
:101920001A717B685B68484A203307CA83E807005E
:101930007B685B68454A2C3307CA83E807007B68ED
:101940005B6801221A747B685B6800225A747B68AA
:101950005B6801221A767B685B6801225A767B6895
:101960005B684FF40062A3F844207B685B68314AEF
:101970001A647B685B682E4A9A647B685B684FF4E4
:101980000062A3F84C207B685B687A681A65304B6C
:101990001B687A6852681046984703461A46FB7DD2
:1019A0001340002B14BF01230023FB750023FB60B1
:1019B00000233B6107F10C030121184607F007FCE7
:1019C00002467B681A617B681B69002B05D0FB7D92
:1019D00083F00103DBB2002B14D01D4B5B687A68E7
:1019E000526810469847164B5B6B7A685268D2680B
:1019F00010469847124B5B6B7A68526810469847BE
:101A0000002311E07B685B68124A9A637B685B681D
:101A1000114ADA637B68084A9A617B68074A1A624E
:101A20007B6801221A70012318461C37BD4690BD01
:101A30000080072400880724D0050020D00D002056
:101A40004800002000100140A0020020AC0200204D
:101A5000D4010020ED1A0008311B000880B584B0C5
:101A600000AF78600123FB737B68002B06D07B6896
:101A70001B7883F00103DBB2002B01D000232BE0A5
:101A8000174B5B687A685268104698470346FB73A9
:101A9000134B5B68134A12681046984703461A4670
:101AA000FB7B1340002B14BF01230023FB730E4B61
:101AB0005B6B0C4A1268D268104698470A4B5B6B06
:101AC0007A685268D26810469847074B5B6B7A6811
:101AD000526810469847FB7B18461037BD4680BDBC
:101AE000D4010020300300204800002080B586B0DB
:101AF00000AFF860B9601346FB80FB687B617B69CF
:101B0000002B10D07B691B7883F00103DBB2002B24
:101B100009D17B691B69002B06D07B691B691846BC
:101B200007F0E2FB00E000BF1837BD4680BD0000B3
:101B300080B586B000AFF860B9601346FB80FB68E3
:101B40007B617B69002B48D07B691B7883F00103A4
:101B5000DBB2002B41D1BB68002B3ED0FB88002BB1
:101B60003BD07B699B685A1C7B699A607B69DA6809
:101B7000FB881A447B69DA607B691B7D83F0010373
:101B8000DBB2002B11D07B699B697A69928B13447D
:101B9000FA88B968184618F0ADFE7B699A8BFB8805
:101BA00013449AB27B699A8318E07B691B6A7A694D
:101BB000928C1344FA88B968184618F09BFE7B692A
:101BC0009A8CFB8813449AB27B699A84054B1B78E4
:101BD0000133DAB2034B1A7000E000BF1837BD467C
:101BE00080BD00BFD015002080B485B000AF786004
:101BF0000023FB817B6801221A757B689B8BFB812C
:101C00007B6800221A757B689B8C002B04D07B6854
:101C10009A8CFB891344FB81FB8918461437BD4617
:101C20005DF8047B7047000080B586B000AFF860B7
:101C3000B9601346FB800123FB75FB68002B0CD0B9
:101C4000FB681B7883F00103DBB2002B05D1BB6876
:101C5000002B02D0FB88002B01D100232AE0FB6877
:101C60001B690021184607F0F1FA144BDB69FA688A
:101C70005068FA88B968984703461A46FB7D1340B6
:101C8000002B14BF01230023FB75FB681B69642133
:101C9000184607F0DBFA0346002B0CBF0123002394
:101CA000DBB21A46FB7D1340002B14BF0123002337
:101CB000FB75FB7D18461837BD4680BDD40100205A
:101CC00080B586B000AFF860B9601346FB80002392
:101CD000FB82FB88BB82FB68002B0CD0FB681B7867
:101CE00083F00103DBB2002B05D1BB68002B02D0CF
:101CF000FB88002B01D100234DE0FB689B8BFA8809
:101D00009A4202D3FB689B8BBB82FB6801221A7547
:101D1000BB8AFB82FB689B69BA8A1946B86818F0CF
:101D2000E9FDFB689869FB689B8B1A46002118F057
:101D3000EFFDFB6800229A83FB6800221A75FA887F
:101D4000BB8AD31AFB80FB88002B23D0FB689B8CBB
:101D5000002B1FD0FB88BB82FB689B8CBA8A9A42FF
:101D600002D3FB689B8CBB82FA8ABB8A1344FB823A
:101D7000FB681B6ABA8A1946B86818F0BBFDFB6895
:101D8000186AFB689B8C1A46002118F0C1FDFB689D
:101D900000229A84FB8A18461837BD4680BD000091
:101DA0002DE9F043A9B010AF78650023A7F85A30A9
:101DB0000023FB6586220021654818F0A9FD452215
:101DC0000021644818F0A4FD4FF486720021624897
:101DD00018F09EFD5F4BFB655F4B00221A775E4B50
:101DE00000221A715C4B00225A775C4B1B6B4FF43C
:101DF000801098470346584A5361574B5B69002B44
:101E000001D100239FE0564BDB684FF40062554937
:101E100055489847034683F00103DBB2002B01D0FD
:101E2000002390E0514B1B689847034683F0010361
:101E3000DBB2002B01D0002385E04D4B5B68FC6DCD
:101E400007F108004B4A00219847204607F1080394
:101E50004522194618F04EFDFB6D1B68002B07D17B
:101E6000434BDC6886233A4A42490020A04763E09E
:101E70003F4B5B697B60FB6D07F15A020E92344A5F
:101E80000D92D3F805209146D3F809209046D3F857
:101E90000D20964603F111046E4604F1300C3546D0
:101EA0002346186859689A68DB680FC510341036E5
:101EB0006445F4D1334622461068186049464246CC
:101EC000734600207C68A0470346002B03D1B7F877
:101ED0005A30862B07D0204B002283F83D201E4B22
:101EE000002283F83C201C4B93F83D301A461A4BD5
:101EF00093F83C301340002B1ED0174BD3F83E30E4
:101F0000184600F039F80346002B15D0124B00227A
:101F100083F83C20104B002283F83D200E4B00221A
:101F2000DA870022A3F84020114B1C69FB6D196B66
:101F30008623074A0020A047074B01221A77064A4A
:101F40007B6D1360012318466437BD46BDE8F083FE
:101F50001016002096160020D415002048000020FE
:101F6000C0000020C8DA0108FC150020FC01002098
:101F700030010020D8DA010880B584B000AF786065
:101F8000294BFB600023BB60284B1B7F83F00103C0
:101F9000DBB2002B0BD1254B5B69002B07D0244B08
:101FA0009B68002B03D0224B1B69002B01D100231F
:101FB00036E0204B5B681D4A52694FF48011104691
:101FC0009847034683F00103DBB2002B1AD1184B6C
:101FD0009B681949144A8A1A1146F86898470346BB
:101FE00083F00103DBB2002B0CD1114B1B690F4AAC
:101FF00051697A68F8689847034683F00103DBB2B9
:10200000002B01D000230BE0084B5B694FF48012DA
:102010000021184618F07CFC064B1B6898470346C5
:1020200018461037BD4680BD00000208D4150020B8
:10203000FC0100204C0100200000100890B587B082
:1020400002AF78600023BB810023FB723F4B1B7FF4
:1020500083F00103DBB2002B74D13C4B5B7F002B80
:1020600070D13B4B1C68394B9A6B009228330FCBD5
:10207000A0470346BB81354B93F8243083F001031E
:10208000DBB2002B5FD0BB89092B5CD92F4B01221F
:1020900083F824202E4B9C6907F10B0201230021B9
:1020A0002C48A047034683F00103DBB2002B37D155
:1020B0006622FB7A9A4207D0254B1B6A07F10B0177
:1020C000012224489847E1E7214B1C681F4B9A6B7B
:1020D000009228330FCBA0470346BB81BB89092B55
:1020E00020D90023FB7315E0184B00225A77184BB8
:1020F0001B6A07F10B01012216489847FB7B164A21
:10210000D25CFB7A9A4209D1104B01225A77FB7BB1
:102110000133FB73FB7B092BE6D9B7E700BFB5E7BB
:1021200000BF00E000BF094B5B7F012B05D1074BCF
:102130001B681822094978689847044B002283F8E5
:10214000242000E000BF1437BD4690BDD415002008
:10215000C0000020FC15002004DB0108E8DA0108BB
:1021600090B58BB000AFF860B9603B601346FB8060
:1021700000233B620023FB6100237B83394B7B619F
:10218000394B00221A8397F83C30002B62D03B6811
:10219000002B5FD03B683B62386AFEF7B1F803461C
:1021A0009BB201337B837B8B3A681344FB61002332
:1021B000FB840DE0FB8CFA6913441B78202B04D1BF
:1021C000FB8CFA69134400221A70FB8C0133FB84E8
:1021D000FC8CF869FEF794F803469C42EAD3234B43
:1021E0001C6B386AFEF78CF8034601331846A0478B
:1021F00003461D4A93601C4B9B68002B27D01A4B4B
:102200009C68386AFEF77CF8034601331A46396A3F
:10221000204618F06FFBF86918F02BFB03461A46AE
:10222000114BDA60104B002283F83D200E4B002248
:1022300083F83C200C4BDB680B4AC2F83E300C4B59
:102240001C697B69196B86230A4A0020A047064B4C
:1022500000221A61084B5B690848984700BF2C3779
:10226000BD4690BD96160020D415002048000020E1
:102270003001002010160020C0000020FC150020B6
:1022800080B584B000AFF860B9603B601346FB8056
:102290003B7F002B1AD0144B1B8B01339AB2124B8D
:1022A0001A83114B5B69002B09D00F4B5A690E4BF7
:1022B0001B6913443A8B3968184618F01BFB0A4B0C
:1022C0001A693B8B1344084A136105E0064B5B8B8C
:1022D00001339AB2044B5A83044B5B690448984714
:1022E00000BF1037BD4680BDD4150020C0000020BF
:1022F000FC15002080B584B000AFF860B9601346CB
:10230000FB80044B5B690448984700BF1037BD460B
:1023100080BD00BFC0000020FC15002090B585B036
:1023200000AF78600B46FB70484B0022C3F80821D1
:10233000464B00221A83464BFB60464B5B6946487E
:102340009847424B00225A7797F90330012B33D13B
:102350003E4B1B68002B03D0404B9B6832209847B4
:102360003A4BDB68002B27D0384B1B69002B23D05E
:10237000364B1A69354BDB689A421DD3334B012229
:1023800083F83D20314B012283F83C20344B1C69FB
:10239000FB68196B8623334A0020A047324B1B6829
:1023A0009847314B9B68294A52692849C9681046A9
:1023B00098472A4B1B6D984797F9033013F1030F89
:1023C00040D1264B9B6832209847204B1B680E2239
:1023D0002649786898471D4B9C681C4B9B6818469B
:1023E000FDF78EFF03461A460021204618F090FAAA
:1023F000164B5B69154A12690021184618F088FAD5
:10240000124B00221A61114B0022DA600F4B00229E
:1024100083F83D200D4B002283F83C200B4B00221B
:10242000DA870022A3F840200D4B1C69FB68196B6A
:1024300086230C4A0020A047084B5B6B034A926836
:102440001046984700BF1437BD4690BDD4150020F4
:1024500096160020C0000020FC1500204800002037
:1024600030010020101600204C01002010DB010874
:10247000B0B58EB006AFF860B9601346FB8000239C
:10248000FB610023BB820023BB61FB88002B03D0D0
:10249000424B5B689847B861414B5B7F012B11D081
:1024A0003F4B1B68002B0BD0BB68002B08D0FB8870
:1024B000002B05D03A4B1B68FA88B968F868984732
:1024C000002367E0364B1B7F83F00103DBB2002B58
:1024D00003D1334B1B68002B01D100235AE0304B52
:1024E000D3F80831002B18D12E4B1C682B4B1A6BDC
:1024F0002A4B596B2A4B1B682B4804902B4803909E
:102500002B4802902B48019000930B460021F8685D
:10251000A0470346224AC2F80831274B1C68204BCB
:102520009A6B009228330FCBA0470346BB82BB8A2D
:10253000002B18D0194B1B6BBA8A10469847F861CC
:102540000023FB820BE01C4B9C69FB8AFA691A444E
:10255000F98A01231948A047FB8A0133FB82FA8AD2
:10256000BB8A9A42EFD30F4B5C680D4BD3F80851EE
:102570000A4B5B6898470246BB8A0093FB69B969BE
:102580002846A047FB69002B03D0044B5B6BF8691E
:102590009847012318462037BD46B0BD48000020AB
:1025A000D4150020EC000020812200081D23000823
:1025B000F522000861210008C0000020FC15002061
:1025C00080B584B000AFF860B9601346FB80134B50
:1025D0001B7F83F00103DBB2002B1BD10F4B5B7F12
:1025E000012B17D8BB68002B14D00D4BDB69FA8880
:1025F000B9680C489847FB881A46B968F868FFF72D
:1026000037FFF868FFF71AFD044B1B6A0133034AD2
:10261000136200E000BF1037BD4680BDD415002016
:10262000C0000020FC15002080B483B000AF7860AB
:10263000044A7B68136000BF0C37BD465DF8047B1D
:10264000704700BFD4150020B0B592B000AF03466C
:10265000B9607A60FB7300237B6400233B644FF412
:102660008063FB87554B1B7F83F00103DBB2002B9C
:1026700009D1524BD3F80831002B04D14F4BD3F87A
:102680003E30002B01D1002393E04D4B07F11404A1
:102690001D460FCD0FC40FCD0FC495E8030084E88D
:1026A0000300002387F83D3023E07B68002B16D021
:1026B00097F83D309B0048333B4453F8344C97F82F
:1026C0003D309B0048333B4453F8343C1846FDF7FB
:1026D00017FE03469AB27B682146B8689847394B83
:1026E0009B684FF47A70984797F83D30013387F82C
:1026F0003D3097F83D30092BD7D9324B9B684FF4CA
:102700007A7098472D4BD3F83E303B642B4B5B6976
:102710007B64FB7B022B06D0022B23DC002B23D017
:10272000012B16D01EE0254B5B693A6C0021184640
:1027300018F0EEF8244B5B68204A5269396C104659
:102740009847034683F00103DBB2002B0ED0002331
:102750002FE01A4B5B693A6C0021184618F0D8F844
:10276000002326E0002324E000BF1EE000BF1CE0A1
:102770003B6CB3F5806F04D23B6CFB8700233B645A
:1027800003E03B6CA3F580633B647B68002B04D0C3
:10279000FA8F7B68796CB8689847FB8F7A6C134422
:1027A0007B64084B9B68322098473B6C002BDFD141
:1027B000012318464837BD46B0BD00BFD4150020E0
:1027C00020DB0108480000204C01002080B584B0C7
:1027D00000AFF860B9607A607B80FB68002B02D0A4
:1027E0007B88002B01D1002323E0FB68BA681A60C4
:1027F000FB6800229A81FB6800225A81FB68002254
:10280000DA80FB687A889A80FB687A681A61FB68CC
:102810001869FB689B881A46002118F079F8FB6854
:102820001B69002B01D1002303E0FB6803221A720D
:10283000012318461037BD4680BD000080B584B026
:1028400000AFF860B9601346FB80FB68002B02D034
:10285000FB88002B01D100232BE0FB68BA681A60CB
:10286000FB6800229A81FB6800225A81FB680022E3
:10287000DA80FB6805221A72104B1B6BFA8810462F
:1028800098470246FB681A61FB681869FB689B88D9
:102890001A46002118F03CF8FB681B69002B01D197
:1028A000002306E0FB68FA889A80FB6803221A720C
:1028B000012318461037BD4680BD00BF48000020E8
:1028C00080B582B000AF78607B68002B07D07B6852
:1028D0001B69002B03D07B689B88002B01D1002350
:1028E00014E07B6800229A817B6800225A817B6811
:1028F0000022DA807B6803221A727B6818697B6881
:102900009B881A46002118F003F80123184608375F
:10291000BD4680BD80B483B000AF78607B68002B7B
:1029200003D07B689B88002B01D105232CE07B68BA
:102930005A897B689B899A4208D17B68DB88002B87
:1029400004D17B6803221A7203231DE07B689B89F4
:1029500001337A68928893FBF2F101FB02F29B1A31
:102960007A685289934205D07B68DA887B689B88B5
:102970009A4204D17B6804221A72042304E07B6823
:1029800000221A727B681B7A18460C37BD465DF828
:10299000047B704780B586B002AF78603960002351
:1029A000BB8100237B8100233B817B68002B14D0FB
:1029B0003B68002B11D07B689B88002B0DD03B68B7
:1029C0009B88002B09D07B68DB88002B05D03B68F7
:1029D0009A883B68DB889A4201D1002369E03B6812
:1029E0001A6900920FCB00F031F90346BB817B6876
:1029F0001A6900920FCB00F090F903467B81BA89E7
:102A00007B89934228BF13463B810023FB814BE027
:102A10003B689B893A689288B3FBF2F101FB02F2B2
:102A20009B1A9AB23B689A817B685B897A68928824
:102A3000B3FBF2F101FB02F29B1A9AB27B685A8156
:102A40007B681B697A6852891A443B681B6939683C
:102A500089890B4412781A707B681B697A685289DD
:102A6000134400221A707B685B8901339AB27B6839
:102A70005A817B68DB88013B9AB27B68DA803B68CD
:102A80009B8901339AB23B689A813B68DB880133AA
:102A90009AB23B68DA803868FFF73CFF7868FFF746
:102AA00039FFFB890133FB81FA893B899A42AFD315
:102AB000012318461037BD4680BD80B586B000AFF3
:102AC000F860B9601346FB80FB68002B06D0FB68FA
:102AD0009B88002B02D0BB68002B01D1052349E065
:102AE000FB88002B01D1002344E0FB681B7A002BFC
:102AF00003D0FB681B7A032B3AD1FA88FB689B88CA
:102B00001946FB68DB88CB1A9A422FDC0023FB8234
:102B100027E0FB689B89FA689288B3FBF2F101FB1E
:102B200002F29B1A9AB2FB689A81FB8ABA681A442D
:102B3000FB681B69F96889890B4412781A70FB6875
:102B40009B8901339AB2FB689A81FB68DB88013369
:102B50009AB2FB68DA80F868FFF7DCFEFB8A013383
:102B6000FB82FA8AFB889A42D3D301E0012301E079
:102B7000FB681B7A18461837BD4680BD80B586B005
:102B800000AFF860B9601346FB80FB68002B09D0EA
:102B9000FB689B88002B05D0BB68002B02D0FB880C
:102BA000002B01D105234DE0FB881A460021B868AF
:102BB00017F0AEFEFB681B7A002B03D0FB681B7A74
:102BC000042B3DD1FB68DB88FA889A4236D8002373
:102BD000FB822EE0FB685B89FA689288B3FBF2F116
:102BE00001FB02F29B1A9AB2FB685A81FB681B69CF
:102BF000FA6852891A44FB8AB9680B4412781A7031
:102C0000FB681B69FA685289134400221A70FB683A
:102C10005B8901339AB2FB685A81FB68DB88013B10
:102C20009AB2FB68DA80F868FFF774FEFB8A01331A
:102C3000FB82FA8AFB889A42CCD301E0022301E0AE
:102C4000FB681B7A18461837BD4680BD84B090B427
:102C500000AF07F1080484E80F00BA89FB89D31A92
:102C60009BB21846BD4690BC04B0704780B487B094
:102C700000AFF8607A601A460B467B8113463B81B1
:102C8000FB68002B12D0FB689B88002B0ED03B8981
:102C9000002B0BD07B68002B08D0FB68DB887A897F
:102CA0009A4203D2FB68DB88002B01D1002321E08C
:102CB0000023FB7518E0FB681969FB685B891A46FD
:102CC0007B891A44FB7D1344FA68928893FBF2F0E7
:102CD00000FB02F29B1ACA18FB7D79680B4412783C
:102CE0001A70FB7D0133FB75FB7D9BB23A899A42DA
:102CF000E1D8012318461C37BD465DF8047B7047B8
:102D000084B090B400AF07F1080484E80F003B7C66
:102D10001846BD4690BC04B0704784B090B400AF74
:102D200007F1080484E80F00BB89002B02D03B7C2C
:102D3000032B01D1002300E0FB891846BD4690BC5F
:102D400004B0704784B090B400AF07F1080484E881
:102D50000F00BB891846BD4690BC04B07047000008
:102D600080B58AB004AFF860B9607A600023FB8256
:102D70000023BB82FB68002B05D0BB68002B02D070
:102D80007B68002B02D14FF0FF33B3E0FB680022D9
:102D90009A80BB681B78012B03D0BB681B78022B81
:102DA0000DD1BB681B78012B01D1802201E04FF4CB
:102DB0008062FB689A807B68022B0CD82BE0BB6892
:102DC0001B78042B04D1FB6801229A80042391E034
:102DD0004FF0FF338EE0BB6801331B781A46BB68A7
:102DE00002331B781344FF2B15D072B600BFBB68AB
:102DF00001331B781A46BB6802331B7813440093D7
:102E00007B683E4A3E493F48FDF7FCFD62B600BF85
:102E10004FF0FF336EE0FB689B8805331A467B68F2
:102E2000934225D2FB685B69002B1ED0FB681A69B0
:102E3000FB685B69D31AB3F5FA7F16D372B600BF8D
:102E4000FB681969FB685B69FA68928802927A6884
:102E5000019200930B462C4A29492A48FDF7D2FDDE
:102E600062B600BF6FF0040344E06FF0030341E07B
:102E7000FB689B88002B3BD0BB68DA1CFB689B88F7
:102E80001946104600F004FF0346BB827B68023BF4
:102E9000BA6813441B789BB21B029AB27B68013B51
:102EA000B9680B441B789BB21344FB82BA8AFB8A35
:102EB0009A420DD1BB6801331B781A46BB680233B6
:102EC0001B781344FF2B03D1BB681B785BB211E066
:102ED00072B600BFFA8ABB8A009313460B4A0849B0
:102EE0000848FDF78FFD62B600BF6FF0010301E0F7
:102EF0004FF0FF3318461837BD4680BD48DB010848
:102F000080DB0108300300208CDB0108E4DB0108D2
:102F100080B485B000AF786039600023FB73002374
:102F2000BB6009E07A68BB6813441A78FB7B1343E3
:102F3000FB73BB680133BB60BA683B689A42F1D34C
:102F4000FB7B002B0CBF01230023DBB21846143798
:102F5000BD465DF8047B704780B586B000AFF86071
:102F60007A603B600B46FB7200237B617B68002B21
:102F700002D03B68002B01D100234DE07B68442048
:102F8000984778617B69002B04D13B687869984742
:102F9000002341E044220021786917F0B9FC7B69E5
:102FA000FA7A1A707B69FA689A607B697A689A6221
:102FB0007B693A68DA627B693A6A1A637B691B78D3
:102FC000012B0FD17B6840F20540984702467B6990
:102FD0001A627B691B6A002B1DD13B687869984790
:102FE000002319E07B691B78002B14D17B697A6A76
:102FF0005A637B69FA6A1A647B693A6B9A637B69E4
:10300000BA6ADA637B6900225A807B6900229A805F
:103010007B6900229A717B6918461837BD4680BDCE
:1030200080B584B000AF78607B68FB600023BB6034
:10303000FB68002B0FD0FB68DB6A002B0BD0FB6812
:10304000DB6ABB6044220021F86817F061FCBB68B2
:10305000F868984700E000BF1037BD4680BD80B5D6
:1030600084B000AF78600B46FB70FB78FB737B6825
:10307000002B10D07B681B6B002B0CD07B689B68EF
:10308000002B08D07B681B6B7A68906807F10F01F2
:103090000122984700E000BF1037BD4680BD000008
:1030A000B0B586B002AFF860B9607A607A68B96886
:1030B000F868FFF755FE03460533092B00F28480BC
:1030C00001A252F823F000BF93310008D13100086B
:1030D000C931000893310008C9310008C93100081E
:1030E000F1300008F1300008C93100088B310008C8
:1030F0000621F868FFF7B3FFBB68DA1CFB689B8802
:1031000019461046FFF704FF034683F00103DBB2C4
:10311000002B5FD04321F868FFF7A1FFFB689B8875
:10312000002B23D0FB685B6B002B11D0FB685C6B22
:10313000FB689868FB689B8805339AB2BB68D91C0A
:10314000FB689B880125019500930B46B968A04751
:1031500072B600BF7B68224A22492348FDF752FC21
:1031600062B600BFFB6801229A7136E072B600BFFA
:10317000FB689B881D4A1B491B48FDF743FC62B650
:1031800000BFFB6803229A7124E0FB6804229A7155
:1031900023E01521F868FFF762FFFB685B6B002BEB
:1031A0001AD0FB685C6BFB689868FB689B880533EA
:1031B0009AB2BB68D91CFB689B88002501950093D7
:1031C0000B46B968A04707E0FB6803229A7104E048
:1031D00000BF02E000BF00E000BF1037BD46B0BD39
:1031E00004DC010880DB0108300300201CDC01083E
:1031F00090B587B002AFF860B9607A60FB68002BC9
:1032000000F0A1807A68B968F868FFF7A9FD034665
:1032100004331C2B7DD801A252F823F04B33000855
:103220001333000813330008133300081333000866
:10323000913200089132000813330008D732000899
:103240001333000813330008133300081333000846
:103250001333000813330008133300081333000836
:103260001333000813330008133300081333000826
:103270001333000813330008133300081333000816
:10328000133300081333000813330008F932000821
:1032900072B600BF314A32493248FDF7B3FB62B61D
:1032A00000BF0621F868FFF7DAFEFB689B6B002B76
:1032B0004DD0FB689C6BFB689B8805339AB2BB685A
:1032C000D91CFB689B880120019000930B46B968CC
:1032D0000020A0473BE072B600BF234A20492148A6
:1032E000FDF790FB62B600BF1521F868FFF7B7FE47
:1032F000FB6802229A712DE0FB6803229A7172B674
:1033000000BF1A4A16491748FDF77CFB62B600BF9A
:1033100020E01521F868FFF7A2FEFB689B6B002BED
:1033200017D0FB689C6BFB689B8805339AB2BB681F
:10333000D91CFB689B880020019000930B46B9685C
:103340000020A04705E000BF04E000BF02E000BF8E
:1033500000E000BF1437BD4690BD00BF3CDC010853
:1033600080DB01083003002054DC010878DC010810
:1033700080B584B000AFF860B9607A60FB68002B5C
:103380002BD07A68B968F868FFF7EAFC0346042B8B
:103390001FD10621F868FFF762FE4321F868FFF7A6
:1033A0005EFEFB6805229A71FB68DB6B002B06D082
:1033B000FB68DB6BFA689288B9680020984772B6A0
:1033C00000BF084A08490948FDF71CFB62B600BF68
:1033D00004E0FB6803229A7100E000BF1037BD468D
:1033E00080BD00BF98DC010880DB010830030020AD
:1033F00080B584B000AFF860B9607A60FB68002BDC
:1034000007D00621F868FFF72AFEFB6804229A71AC
:1034100000E000BF1037BD4680BD80B582B000AF70
:1034200078607B68002B2CD018217868FFF717FE96
:103430007B689B79032B02D0042B0CD022E07B68A5
:103440001B6C002B07D07B681B6C7A6892686FF04E
:103450000201104698477B681B6C002B06D07B68E6
:103460001B6C7A6892680121104698477B6800229D
:103470005A617B6800221A617B681846FFF7D0FD0D
:1034800000E000BF0837BD4680BD000080B586B0B3
:1034900000AFF860B9607A603B60FB687B617B6974
:1034A000002B57D03B6A002B17D17B699B79002BEF
:1034B0000ED07B695B69002B4ED07B695B697A68B3
:1034C000D31AB3F5FA6F47D37B6903229A7143E0AD
:1034D00043217869FFF7C3FD3EE07B697A681A6192
:1034E000BB68002B02D07B69BA685A617B699B7903
:1034F000052B27D801A252F823F000BF153500088C
:10350000213500082D3500084535000845350008EF
:10351000393500083A6A39687869FFF7C1FD15E066
:103520003A6A39687869FFF763FE0FE03A6A3968EA
:103530007869FFF71DFF09E03A6A39687869FFF793
:1035400057FF03E07B6903229A7100BF7869FFF798
:1035500064FF02E000BF00E000BF1837BD4680BD39
:1035600080B586B000AFF8607A603B600B46FB72B6
:103570000023FB82FB68002B0DD0FB681B78002B1F
:1035800009D0FB681B6A002B05D07B68002B02D09A
:103590003B68002B01D100237DE0FB6800221A83E9
:1035A000FB7A012B02D0022B04D008E0FB688022BA
:1035B0001A8306E0FB684FF480621A8301E000235F
:1035C00069E0FB68186AFB681B8B05331A4600210B
:1035D00017F09EF9FB681B6AFA7A1A70FB681B6A7F
:1035E0000133FA68D27F1A70FB68DA7FFB681B6AC6
:1035F0000233D243D2B21A70FB681B8B1A463B6867
:10360000934209D3FB681B6AD81CFB681B8B1A46C4
:10361000796817F06FF907E0FB681B6A03333A68B3
:103620007968184617F066F9FB681B8B19467868AD
:1036300000F02EFB03469BB2FB8207F11602FB68EB
:103640001B6AF968098B03310B4412781A70FB6806
:103650001A6AFB681B8B04331344FA7D1A70FB68EB
:103660001B8B05339AB2FB681A83FB68DB7F01333F
:10367000DAB2FB68DA77FB681B6B002B0AD0FB68B9
:103680001B6BFA689068FA68116AFA68128B98479F
:10369000012300E0002318461837BD4680BD000016
:1036A00090B58FB000AFF8607A603B600B46FB725C
:1036B0000023FB82FB68002B09D0FB681B6A002BF0
:1036C00005D07B68002B02D03B68002B01D1002382
:1036D00086E0FB6800221A83FB7A012B02D0022BC2
:1036E00004D008E0FB6880221A8306E0FB684FF4F0
:1036F00080621A8301E0002372E007F118032022A0
:103700000021184617F004F9FB681B6A40F20542D5
:103710000021184617F0FCF8FB680022DA77FB68F6
:103720001B6AFA7A1A70FB681B6A0133FA68D27F47
:103730001A70FB68DA7FFB681B6A0233D243D2B28D
:103740001A7007F118003B68274A202117F01AFE6B
:10375000FB681B6A03337968184617F056FEFB684E
:103760001C6A7868FCF7CCFD03460433234407F158
:1037700018021146184617F048FEFB681A6AFB68E3
:103780001B8B1946104600F083FA03469BB2FB825E
:1037900007F11602FB681B6AF968098B03310B44B9
:1037A00012781A70FB681A6AFB681B8B0433134487
:1037B000FA7D1A70FB681B8B05339AB2FB681A837B
:1037C000FB681B6B002B0AD0FB681B6BFA689068C8
:1037D000FA68116AFA68128B9847012300E0002307
:1037E00018463C37BD4690BDACDC010890B587B0AB
:1037F00002AFF860B9607A603B60FB68002B54D080
:103800007B68002B51D03B68002B4ED0FB685B6976
:10381000002B12D0FB685B69BA68D31A44F61F62AA
:1038200093420DD93B6A002B03D097F82430002B2C
:1038300006D1FB6805229A773CE0FB68BA685A61BA
:1038400097F82430013B3A6A13441B78182B28D090
:10385000432B2CD13B687A680221F868FFF720FFE0
:10386000034683F00103DBB2002B03D0FB68052283
:103870009A771FE0FB68BA685A61FB6801229A7761
:10388000FB685B6B002B14D0FB685C6BFB68986873
:103890000123019300230093002300220021A0476D
:1038A00007E0FB6806229A7704E000BF02E000BF51
:1038B00000E000BF1437BD4690BD80B588B000AFB2
:1038C000F860B9607A603B600123FB770023BB613D
:1038D00000237B61FB68002B5DD07B68002B5AD0F6
:1038E0003B68002B57D0FB685B8B002B26D0BB6A54
:1038F000002B03D097F82C30002B0AD1FB685B69B2
:10390000BA68D31AB3F5FA6F47D3FB6805229A77E2
:1039100043E097F82C30013BBA6A13441B78062B1E
:1039200002D0182B04D039E0FB68BA685A6106E06F
:10393000FB6806229A770023FB7700E000BFFB7F3D
:10394000002B2BD0FB685B8B9B021A467B681344D1
:10395000BB61FB689B8B1A46FB685B8BD31A9B028F
:103960007B617B69BA690221F868FFF7F9FDFB68A2
:103970005B8B01339AB2FB685A83FB685A8BFB68F6
:103980009B8B9A420AD1FB6804229A77FB6800223B
:1039900083F8242002E000BF00E000BF2037BD46CE
:1039A00080BD80B586B000AFF860B9607A60FB700A
:1039B0000423FB75FB6893F82430002B2CD07B6824
:1039C000002B07D0FB78012B04D1FB6893F824303F
:1039D000012B0ED9FB685B69002B35D0FB685B6956
:1039E000BA68D31AB3F5FA6F2ED3FB6806229A7120
:1039F0002AE0FB68BA685A617B681B78152B03D0F4
:103A00007B681B78182B0AD1FB6806229A777B68A3
:103A10001B78182B03D118E0FB68BA685A61FB6861
:103A20001B6B002B07D0FB681B6BFA68906807F1D3
:103A3000170101229847FB6893F824300133DAB26A
:103A4000FB6883F8242000E000BF1837BD4680BD26
:103A500080B485B000AFF860B9607A603B60FB6805
:103A6000002B4BD03B68002B48D03B7E002B45D031
:103A70003B7E012B10D13B681B78152B05D0182BF2
:103A80003ED1FB6806229A773BE0FB6800229A77DA
:103A9000FB6800225A6134E03B7E022B23D13B6855
:103AA0001B78062B1FD13B6801331B78432B1AD19F
:103AB000FB6802229A77FB681A69FB685A61FB6807
:103AC00000225A837B689B0A9AB2FB689A837B68C0
:103AD000C3F30903002B14D0FB689B8B01339AB20C
:103AE000FB689A830DE0FB685B69BA68D31AB3F58B
:103AF000FA6F06D3FB6805229A7702E000BF00E068
:103B000000BF1437BD465DF8047B704780B584B0B4
:103B100000AF78601823FB737B689B7F052B02D076
:103B2000062B18D051E07B681B6B002B07D07B68FD
:103B30001B6B7A68906807F10F01012298477B6838
:103B40001B6C002B07D07B681B6C7A6892686FF047
:103B50000601104698477B6800221A617B680022A4
:103B6000DA777B68002283F824207B6800225A6180
:103B70007B6800221A837B6800229A837B6800227C
:103B80005A837B6800229A777B681B6A002B10D0CF
:103B90007B681B6A40F205420021184616F0B8FE09
:103BA0007B68DB6A7A68126A104698477B68002255
:103BB0001A627B681B6C002B06D07B681B6C7A68D2
:103BC000926802211046984700BF00BF1037BD46DB
:103BD00080BD000080B588B002AFF860B9607A603F
:103BE0003B60FB687B617B69002B4CD07B691B7859
:103BF000002B48D07B68002B45D03B68002B42D07F
:103C00003B6A002B3FD07B699B7F042B36D801A2F7
:103C100052F823F0293C0008413C0008553C0008BC
:103C20007D3C00086D3C000897F8283001937B6AC2
:103C300000933B6A3A68B9687869FFF7D7FD1EE0E0
:103C400097F8283000937B6A3A6AB9687869FFF779
:103C5000FFFE14E097F8283001937B6A00933B6ADB
:103C60007A68B9687869FFF728FE08E097F8283085
:103C70007A6AB9687869FFF794FE00E000BF786956
:103C8000FFF744FF00E000BF1837BD4680BD00BF0E
:103C900080B487B000AF786039600023FB820023D6
:103CA000FB737B68002B02D14FF0FF3320E0002331
:103CB0003B6117E0FB8A1B0A9BB2DAB279683B6969
:103CC0000B441B785340FB73FB7B0C4A32F81330D8
:103CD0001AB2FB8A1B021BB253401BB2FB823B6928
:103CE00001333B613A693B689A42E3D3B7F9163036
:103CF00018461C37BD465DF8047B704758DF010845
:103D000080B584B000AF786039600023FB607B68C9
:103D1000002B02D03B68002B01D1002342E000239E
:103D2000BB607B684C2098470346BB607B680820DB
:103D300098470346FB60FB68002B02D0BB68002B52
:103D400011D1FB68002B04D007F10C023B68104630
:103D50009847BB68002B04D007F108023B68104667
:103D6000984700231EE0BB68104A1A60104B1B687E
:103D7000FA68B96810469847034683F00103DBB23E
:103D8000002B0BD007F10C023B681046984707F157
:103D900008023B6810469847002303E0FB68054A89
:103DA0001360FB6818461037BD4680BD00500052B6
:103DB0006C020020C03C0020F0B587B004AF3A6030
:103DC0001A460346FB710B46BB7113467B710A4BC7
:103DD000DC680A4B1868FD79BE797B793A8C796A80
:103DE0000291019200933B6832462946A047034660
:103DF00018460C37BD46F0BD6C020020C03C0020C8
:103E0000F0B589B006AF3A601A460346FB710B461F
:103E1000BB7113467B710C4B1C690C4B1868FD7908
:103E2000BE797B793A8CF96A0491B96A0391796A0F
:103E30000291019200933B6832462946A04703460F
:103E400018460C37BD46F0BD6C020020C03C002077
:103E500080B582B000AF7860054B5B69054A126897
:103E6000796810469847034618460837BD4680BD16
:103E70006C020020C03C002080B582B000AF7860AA
:103E80007B68002B01D1002307E0064B9B68064AA4
:103E90001268796810469847034618460837BD46A9
:103EA00080BD00BF6C020020C03C002080B582B005
:103EB00000AF78607B68002B01D1002307E0064B40
:103EC0005B68064A126879681046984703461846A8
:103ED0000837BD4680BD00BF6C020020C03C0020FA
:103EE00080B582B000AF78607B68002B03D07B6820
:103EF0001B6B002B01D1002382E07B6800225A60FB
:103F00007B6800225A627B6800229A627B680022EA
:103F10009A607B680022DA607B6800221A617B6805
:103F20001B78012B51D1384A38493948FCF76AFDD2
:103F3000384B1B6B2020984702467B68DA627B680F
:103F4000DB6A002B01D100235AE07B68DB6A002288
:103F50001A707B68DB6A304A5268DA607B68DB6A19
:103F60002D4AD268DA617B68DB6A2B4A92689A61D3
:103F70007B68DB6A284A12691A617B68DB6A264A19
:103F800052695A617B681B6BDB69244A13607B684A
:103F90001B6B1B68214A53607B681B6B1B691F4AA4
:103FA00013617B681B6BDB681C4A53617B681B6B6E
:103FB0005B691A4AD3607B681B6B9B69174A9360E5
:103FC0007B681B6B1B6A154A9361144B1B68002BA3
:103FD00013D0124B5B68002B0FD0104B1B69002BCA
:103FE0000BD00E4BDB68002B07D00C4B9B68002BD3
:103FF00003D00A4B9B69002B01D1002300E0012371
:1040000018460837BD4680BDB0DC0108C4DC010895
:104010003003002048000020F8000020E0160020B7
:10402000B0B592B000AF78623962002387F84730AC
:104030007B6A002B07D02A4B5B68002B03D0284BF0
:104040001B68002B01D1002345E007F128031C2247
:104050000021184616F05CFC224A23492348FCF74D
:10406000D1FC1F4B5B687A6AD26A104698470346B8
:1040700087F847301A4B1B687A6AD16A3A4610466D
:10408000984707F128043D460FCD0FC495E8070077
:1040900084E80700BA6A3B6A1A60FA6A7B6A5A6067
:1040A000B7F840301A467B6A5A62BA6B7B6A9A62EA
:1040B0003A6B7B6A9A60B7F842301A467B6ADA60DC
:1040C000BB8F1A467B6A1A6197F84730002B0CBFEA
:1040D00001230023DBB218464837BD46B0BD00BF00
:1040E000E0160020DCDC0108C4DC010830030020FD
:1040F000B0B588B000AFF860B9607A603B6000236B
:104100007B610023FB61FB68002B25D0FB68DB6A29
:10411000002B21D02C4B9B68002B1DD02A4B1B69F8
:10412000002B19D07B68002B16D03B68002B13D0D6
:10413000FB689A6ABB68B3FBF2F101FB02F29B1ABF
:10414000002B09D1FB689A6A3B68B3FBF2F101FBD3
:1041500002F29B1A002B01D0002331E0FB689B6A1E
:104160003A68B2FBF3F37B61BB68FB610023FB762B
:1041700021E0154B1B69FA68D26AF9691046984725
:1041800003461D46104B9C68FB68D86AFB689B6A17
:104190009BB27A68F969A04703462B435BB2002BB8
:1041A00001D000230CE0FB689B6AFA691344FB61B1
:1041B000FB7E0133FB76FB7E7A699A42D9D80123D4
:1041C00018462037BD46B0BDE016002090B589B036
:1041D00000AFF860B9607A603B6000237B61002328
:1041E000FB61FB68002B21D0FB68DB6A002B1DD034
:1041F000274BDB68002B19D07B68002B16D03B685F
:10420000002B13D0FB689A6ABB68B3FBF2F101FB89
:1042100002F29B1A002B09D1FB689A6A3B68B3FB38
:10422000F2F101FB02F29B1A002B01D000232AE0DD
:10423000FB689B6A3A68B2FBF3F37B61BB68FB6186
:104240000023FB761AE0124BDC68FB68D86A3B68F7
:104250009BB27A68F969A0470346002B06D03A68FA
:104260000021786816F054FB00230CE0FB689B6A81
:10427000FA691344FB61FB7E0133FB76FB7E7A69AE
:104280009A42E0D8012318462437BD4690BD00BFAE
:10429000E016002080B588B000AFF860B9607A60A1
:1042A00000237B610023FB61FB68002B1ED0244BA5
:1042B0001B69002B1AD0FB68DB6A002B16D07B68C9
:1042C000002B13D0FB689A6ABB68B3FBF2F101FBC9
:1042D00002F29B1A002B09D1FB689A6A7B68B3FB38
:1042E000F2F101FB02F29B1A002B01D0002323E024
:1042F000FB689B6A7A68B2FBF3F37B61BB68FB6186
:104300000023FB7613E00E4B1B69FA68D26AF96949
:10431000104698470346002B01D000230CE0FB68B1
:104320009B6AFA691344FB61FB7E0133FB76FB7EDB
:104330007A699A42E7D8012318462037BD4680BDE6
:10434000E016002090B593B000AFF860B9607A60D5
:104350003B60BB68BB6300237B6300237B6400235B
:104360003B630023FB6200233B643B68FB63FB6809
:10437000002B19D04E4BDB68002B15D04C4B1B6823
:10438000002B11D04A4B9B69002B0DD0FB68DB6AD8
:10439000002B09D03B68B3F5005F05D87B68002B84
:1043A00002D03B68002B01D100237DE0404B1B680D
:1043B000FA68D16A07F11002104698473B6AFB621F
:1043C0007B697B637A6BBB6B9A4201D900236BE0FC
:1043D000BB697A6B13447B633A68BB6B13447A6B9B
:1043E0009A4201D200235FE0FB6A002B01D1002337
:1043F0005AE02F4B9B69FA68D26AB96B104698470E
:104400007864BA6B7B6CD31A3B64FB6AB3F5005FCC
:1044100001D9002348E03A6CFB6B1344FA6A9A42D4
:1044200003D2FA6A3B6CD31AFB63214BDC68FB684E
:10443000D86AFB6A9BB21F4A796CA0470346002BDF
:1044400001D0002330E03B6C1A4A1344FA6B194642
:10445000786816F04FFAFA6A0021164816F058FAF2
:104460003A68FB6BD31A3B603B68002B01D10123F8
:104470001AE000233B640E4B9B69FA68D06A796CA2
:10448000FA6B0A441146984738633A6B7B6C9A4240
:1044900001D1FB6B3B647A68FB6B13447B603B6828
:1044A000FB633B6B7B64B6E718464C37BD4690BD5B
:1044B000E016002000900724B0B59CB000AFF86271
:1044C000B9627A623B62BB6A3B660023FB650023EC
:1044D000FB660023BB6500237B650023BB663B6A4C
:1044E0007B66FB6A002B1DD0674B1B68002B19D025
:1044F000654B9B69002B15D0634BDB68002B11D0FB
:10450000614B9B68002B0DD05F4B1B69002B09D0C2
:10451000FB6ADB6A002B05D07B6A002B02D03B6A6A
:10452000002B01D10023AAE007F134031C22002153
:10453000184616F0EDF9544B1B68FA6AD16A3A46F0
:104540001046984707F134043D460FCD0FC495E857
:10455000070084E807007B6C7B65BB6BFB65FA6D2D
:104560003B6E9A4201D9002389E0FB6BFA6D13443C
:10457000FB653A6A3B6E1344FA6D9A4201D20023FE
:104580007DE07B6D002B01D1002378E03E4B9B69E1
:10459000FA6AD26A396E10469847F8663A6EFB6E30
:1045A000D31ABB667B6DB3F5005F01D9002366E0CB
:1045B000354BDC68FB6AD86A7B6D9BB2334AF96E77
:1045C000A0470346002B01D0002358E02E4B1B6967
:1045D000FA6AD26AF96E104698470346002B01D05A
:1045E00000234CE0BA6E7B6E13447A6D9A4203D27C
:1045F0007A6DBB6ED31A7B66BB6E244A13447A6E07
:10460000796A184616F076F91F4B9C68FB6AD86ADF
:104610007B6D9BB21D4AF96EA047034687F8533065
:104620007A6D0021194816F073F93A6A7B6ED31A35
:104630003B6297F85330002B04D13B6A002B03D127
:1046400001231CE000231AE00023BB660E4B9B698C
:10465000FA6AD06AF96E7A6E0A4411469847B865CC
:10466000BA6DFB6E9A4201D17B6EBB667A6A7B6E35
:1046700013447B623B6A7B66BB6DFB6698E718461A
:104680007037BD46B0BD00BFE016002000B0072463
:1046900080B58CB000AFF860B9607A60BB68FB622F
:1046A000FB68002B0ED0184B1B68002B0AD0164B52
:1046B0001B69002B06D0FB68DB6A002B02D07B68ED
:1046C000002B01D100231AE00F4B1B68FA68D16A56
:1046D00007F11002104698477B69FA6A9A4201D2A4
:1046E00000230CE0084B1B69FA68D26AF96A10468D
:1046F00098470346002B01D0002300E00123184611
:104700003037BD4680BD00BFE016002080B582B0C6
:1047100000AF7860044B1B6B7868984703461846D7
:104720000837BD4680BD00BF4800002080B582B07C
:1047300000AF78607B68002B0DD07B681B68002B76
:1047400009D0074B5B6B7A681268104698477B6804
:1047500000221A6000E000BF0837BD4680BD00BFE0
:104760004800002080B584B000AF78600023FB6073
:1047700098220021554816F0CBF8544B00221A74A9
:104780007B68002B01D100239BE0504B00229A60F4
:104790004F4B1B684F4950489847F860FB68002B07
:1047A00004D14A4B0222DA7000238AE0474AFB68B0
:1047B000D3607B681B78012B04D9444B0522DA7047
:1047C00000237EE0454B1B6878689847034683F0DA
:1047D0000103DBB2002B04D03C4B0422DA7000232F
:1047E0006FE03A4A7B689360384B05225A70374B2A
:1047F0000022DA70394B5B6839497868984703467C
:1048000083F00103DBB2002B0FD0304B0622DA70AD
:104810002E4B5B78002B06D02C4B5B78013BDAB239
:104820002A4B5A70E3E700234BE07B685B68274A1A
:10483000C2F83B307B685B6803F58013234AC2F8FB
:104840003F30224B05221A7000BF00F029FA0346C0
:1048500083F00103DBB2002B2ED000BF1B4B1B7873
:10486000002B2CD000F0A6F8034683F00103DBB246
:10487000002B12D0154B1B78013BDAB2134B1A7088
:104880007B685B6803F58013104AC2F83F300F4B1A
:104890001B78002BE2D1002313E002F07DF80346E1
:1048A000002B0CD0094B9B780133DAB2074B9A707E
:1048B000064B01221A74C8E7044B01221A74034BF9
:1048C0001B7C18461037BD4680BD00BFFC1600207B
:1048D000F80000202D4700080D47000810010020B7
:1048E0001017002090B583B000AF0023FB804FF479
:1048F00080520021174816F00BF8164A164B104646
:1049000018337F22194615F0F5FF40F6FE71114865
:10491000FFF7BEF903469BB2FB80FA880D4BA3F864
:10492000FE2F0E4B5C690C4B98680B4BD3F83F1075
:104930004FF48053074AA047034683F00103DBB2DC
:10494000002B01D0002300E0012318460C37BD46A0
:1049500090BD00BF94170020FC160020100100201D
:1049600080B584B000AF78600023FB607B68002BCB
:104970000AD00F4B1B7C83F00103DBB2002B03D169
:104980000B4B9B68002B01D104230DE03422002146
:10499000786815F0BDFF064B9B68FB603422F96810
:1049A000786815F0A7FF002318461037BD4680BD74
:1049B000FC16002090B589B000AF0023FB610023F6
:1049C000FB7200237B600023BB61314BD3F83F3087
:1049D0007B614FF48053FB61FF23FB724FF40013A4
:1049E000BB614FF400737B6000233B6146E0BB6911
:1049F000002B05D0BA69FB699A4201D2BB69FB6101
:104A0000244BDB69224A9068FA6979699847034622
:104A100083F00103DBB2002B0DD11E4B9C691C4BB4
:104A20009868FB691C4A7969A047034683F0010333
:104A3000DBB2002B00D0FEE70023FB600AE0164A41
:104A40003B6913441B78FA7A9A4200D0FEE7FB6870
:104A50000133FB60FA68FB699A42F0D37A69FB691B
:104A600013447B61BA69FB69D31ABB61BB69002B34
:104A700001D1012307E03B6901333B613A697B685F
:104A80009A42B4D3002318462437BD4690BD00BFD8
:104A9000FC160020100100209417002090B593B060
:104AA00000AF786000237B6400233B640023FB633A
:104AB0000023BB630023FB620023BB620023FB8453
:104AC00000233B620023FB830023BB617B68002B38
:104AD00001D10023D3E07B685B69BB637B68DB6843
:104AE000FB627B681B69FA6A1344BB6200237B6329
:104AF000BB6B002B29D0BA6BFB6A9A4225D3BA6BE9
:104B0000BB6A9A4221D8604B9C69604B986807F158
:104B100008021023B96BA047034683F00103DBB200
:104B2000002B12D1BB685A4A934203D17B69594A80
:104B3000934201D00023A2E07B6B01337B633B698E
:104B4000002B04D03B69BB63D2E700BF00E000BF8D
:104B50007B681B6A002B00F091807B681B687B647C
:104B600000237B8679E0484B9C69484B98687B68BA
:104B70009A687B685B68B2FBF3F3474A796CA0479D
:104B8000034683F00103DBB2002B01D0002376E063
:104B9000414BBB6100233B8650E03B8E9B01BA69D1
:104BA00013441B78AA2B46D13B8E9B01BA69134450
:104BB00093F83F30BB2B3ED13B8E9B01BA69134427
:104BC00001333B624023FB83FB8B013BFB83FB8B6D
:104BD000013BFB83FB8B023BFB83FB8B1946386A53
:104BE000FFF756F80346FB843B8E9B01BA691344DA
:104BF000B3F83D309BB2FA8C9A4201D000233EE0DC
:104C00003B8E9B01BA69134402330E222349184696
:104C100015F060FE0346002B0DD03B6C01333B6466
:104C20003B8E9B01BA691344B3F82F309BB21A46EE
:104C3000FB6B1344FB633B8E01333B863B8E3F2B68
:104C4000ABD97B689A687B685B68B2FBF3F37A6CDC
:104C500013447B647B8E01337B867A8E7B685B6832
:104C60009A4280D37B681B6A3A6C9A4204D17B6873
:104C7000DB69FA6B9A4201D0002300E00123184659
:104C80004C37BD4690BD00BF10010020FC1600202F
:104C9000EF1001EFFE0110FE94170020F4DC010874
:104CA000B0B5A6B000AF6B461D46012387F897301C
:104CB0000023C7F890300023A7F88E3000237B80B4
:104CC0001723C7F8883018230733DB08DB00ADEB68
:104CD000030D6B460033C7F8843018220021D7F843
:104CE000840015F015FE3B1D7F220021184615F0AB
:104CF0000FFE18224149D7F8840015F0FBFD404B08
:104D0000C7F890303F4B9C693F4B98683E4BD3F8B7
:104D10003F104FF480533D4AA047034683F0010300
:104D2000DBB2002B01D0002363E0384A3B1D114663
:104D30007F22184615F0DEFD3B1DD7F8841018467B
:104D4000FBF7D4FA0346002B0DD1D7F83B30002BEC
:104D500009D0D7F85F30002B05D0D7F83B20D7F823
:104D60005F309A4201D1002343E0284BB3F8FE3F65
:104D70007B8040F6FE712548FEF78AFF0346A7F8C0
:104D80008E307B88B7F88E209A4201D0002330E025
:104D90004FF4805200211D4815F0BAFD3B1D3733FA
:104DA0001846FFF77BFE034683F00103DBB2002BBE
:104DB00002D0002387F897303B1D5B331846FFF77E
:104DC0006DFE034683F00103DBB2002B02D000230B
:104DD00087F8973097F89730002B09D0D7F89030A4
:104DE00018463B1D7F22194615F084FD012300E083
:104DF0000023AD4618469837BD46B0BD04DD010816
:104E00001417002010010020FC1600209417002029
:104E100090B585B000AF786039600023FB607B6897
:104E2000002B02D03B68002B01D1002327E04FF478
:104E300080520021144815F06BFD7B68FB60002355
:104E4000BB6017E0114B5C69114B98684FF48053BD
:104E50000D4AF968A047034683F00103DBB2002B3B
:104E600001D000230BE0FB6803F58053FB60BB68B7
:104E70000133BB60BA683B689A42E3D3012318460A
:104E80001437BD4690BD00BF9417002010010020CC
:104E9000FC1600202DE9F047A8B00CAFF8600B46D7
:104EA0007A60FB7200237B6600233B660023FB6570
:104EB0000023FB6607F1140345220021184615F074
:104EC00027FD794B1B7C83F00103DBB2002B09D15A
:104ED0007B68002B06D07B681B78002B02D0FB7A06
:104EE000012B08D9FB68184607F11403452219461F
:104EF00015F000FDD2E0FB7A19466C4801F06AFF1C
:104F000078667B6E002B07D07B6E1B6A002B03D06C
:104F10007B6EDB69002B08D1FB68184607F1140390
:104F20004522194615F0E6FCB8E07B6E1B68FB666F
:104F3000002387F86B30A2E05D4B9C695A4B986860
:104F40007B6E9A687B6E5B68B2FBF3F3594AF96E2D
:104F5000A047034683F00103DBB2002B08D0FB68B7
:104F6000184607F114034522194615F0C3FC95E0D5
:104F7000504B3B660023A7F8683067E0B7F868300D
:104F80009B013A6E1344FB65FB6D1B78AA2B58D12D
:104F9000FB6D93F83F30BB2B53D1FB6D9C1C7868A5
:104FA000FBF7AEF903461A467968204615F092FCE5
:104FB0000346002B45D1FB6D1A6892465A6891460C
:104FC0009A689046DA68964603F110046E4604F13A
:104FD000300C35462346186859689A68DB680FC557
:104FE000103410366445F4D1504649464246734663
:104FF00001F096FE0346002B23D0FB6E7B61B7F8D1
:105000006830DBB23B76FB6D07F1190003F1400419
:1050100002461946D1F800C04E688D68C968C2F8CA
:1050200000C056609560D16010331030A342EFD1BC
:10503000FB68184607F114034522194615F05AFC7F
:105040002CE0B7F868300133A7F86830B7F868206B
:105050007B6E99687B6E5B68B1FBF3F39B099A42A8
:105060008CD37B6E9A687B6E5B68B2FBF3F3FA6E4F
:105070001344FB6697F86B30013387F86B3097F871
:105080006B207B6E5B689A42FFF456AFFB68184654
:1050900007F114034522194615F02CFCF868703707
:1050A000BD46BDE8F08700BFFC16002014170020A5
:1050B000100100209417002082B0F0B587B000AF37
:1050C000F8607A607B630B46FB7200237B61FB68B0
:1050D000002B0AD07B68002B07D097F83430AA2B1E
:1050E00003D197F87330BB2B01D0012339E0204B5B
:1050F0009C69204B98684FF480531F4AF968A04779
:10510000034683F00103DBB2002B01D0082328E023
:10511000194B7B61FB7A9B017A69134407F13404D4
:105120009C4604F1400E654626460FCE2860696015
:10513000AA60EB6010340CF1100C7445F3D10C4BE9
:105140005C690C4B98684FF480537A69F968A04702
:10515000034683F00103DBB2002B01D0092300E0FA
:10516000002318461C37BD46BDE8F04002B070472A
:1051700010010020FC1600209427002084B090B578
:1051800091B000AF044607F1540080E80E002346BA
:10519000FB710023FB6300237B8700237B630023D9
:1051A0003B630023FB6200237B8500233B850023B8
:1051B0007B6207F10C0318220021184615F0A8FBAA
:1051C000D7F87F30002B00F0C780D7F89430002B41
:1051D00000F0C280B7F883309BB2FB63D7F87F3012
:1051E0007B63A9E0604B9C69604B9868FB6B18334C
:1051F0005F4A796BA047034683F00103DBB2002BC3
:1052000001D01C23A9E05A4B3B633B6B1B68FB603E
:105210003B6B04333B63FB68564A934201D01C232B
:105220009BE03B6B1B889BB23B823B6B02333B6337
:105230003B8A002B01D11C238FE03B6B1B889BB268
:105240007B823B6B02333B637B8A002B01D11C23A7
:1052500083E03B6B1B687B613B6B04333B633B6BC5
:105260001B889BB23B833B6B02333B633B6B1B88CE
:105270009BB27B833B6B02333B633B6B7B623B6B41
:10528000FB627B8A7B857B8D1946F86AFEF700FD01
:1052900003463B857B8A1A463B6B13443B633B6B5F
:1052A0001B889BB2BB833B6B02333B63BB8B3A8D4A
:1052B0009A4201D01C2350E03B6B1B889BB2FB83BE
:1052C0003B6B02333B633B6B1B683B623B6A2A4A86
:1052D000934201D01C2340E07B8A1A467B8BD31A71
:1052E0001A46796AD7F8940015F004FB7B8A1A46AF
:1052F000FB6B9B1AFB637A8A7B8BD31A9AB27B8FE8
:1053000013447B87FB6B002B01DA1C2325E07B69B0
:10531000002B0CD07B8A1A467B8BD31A1A46D7F8FF
:1053200094301344C7F894307B697B6304E0FB6BD3
:10533000002B06D01C2310E0FB6B002B7FF452AF38
:1053400000E000BFD7F89830002B03D0D7F8983092
:105350007A8F1A80002300E01C2318464437BD468C
:10536000BDE8904004B0704710010020FC160020FA
:1053700094170020EF1001EFFE0110FE90B58FB0E2
:1053800000AFB9607A601A460346FB731346BB81CF
:1053900000237B6200233B627C4B7B630023FB6129
:1053A0000023FB8200233B630023BB610023FB62DD
:1053B000002387F82B30764B1B7C83F00103DBB294
:1053C000002B0BD1FB7B012B08D8BB68002B05D031
:1053D0007B68002B02D0BB89002B01D101237CE12B
:1053E000FB7B19466B4801F0F5FC78627B6A002B69
:1053F0000CD07B6ADB68BA689A4207D37B6ADA68AA
:105400007B6A1B691344BA689A4201D9012364E19B
:10541000BB683B63182200215C4815F079FABB8910
:1054200003F003039BB2002B08D0BB89DBB203F06F
:105430000303DBB2C3F1040387F82B30564B9C699E
:10544000534B986818237A6B396BA047034683F057
:105450000103DBB2002B01D008233EE17B6B3B62F2
:105460003B6A1B684D4A93420CD13B6A9B889BB2B6
:10547000002B07D03B6A9B889BB21A467B6A1B694C
:105480009A4201D9112328E13B6A9B889BB21946B5
:10549000BA8997F82B301344994201D01E231CE19E
:1054A0003B6A9B889BB21833BB61384B7B631822E5
:1054B0000021786B15F02CFA00233B627B6B3B627A
:1054C000354B9C69324B9868BB697A6B396BA04746
:1054D000034683F00103DBB2002B01D00823FCE07C
:1054E0007B6B1A683B6A1A607B6B04337B633B6A95
:1054F0001B682A4A934201D01123EEE07B6B1B68A4
:105500009AB23B6A9A807B6B02337B633B6A9B88CF
:105510009BB2002B07D03B6A9B889BB21A467B6AE2
:105520001B699A4201D91123D7E07B6B1B689AB2A1
:105530003B6ADA807B6B02337B633B6ADB889AB21F
:105540003B6A9B889BB29A4201D91123C5E07B6BD1
:105550001A683B6A9A607B6B04337B637B6B1B78B6
:105560009AB23B6A9A817B6B02337B637B6B1B78BD
:105570009AB23B6ADA817B6B02337B633B6ADB89DD
:105580009BB2032B0CD91123A7E000BF9417002076
:10559000FC1600201417002010010020EF1001EF6E
:1055A0007B6BFB613B6ADB889BB21A463B6ADB89FB
:1055B0009BB2D31A1A467968786B15F09BF93B6A4F
:1055C000DB889BB21A463B6ADB899BB2D31A1A4628
:1055D0007B6B13447B633B6ADB899BB2002B07D058
:1055E0003B6ADB899BB21A460021786B15F090F973
:1055F0003B6ADB899BB21A467B6B13447B633B6A35
:10560000DB889BB21946F869FEF742FB03469BB262
:10561000FB823B6ADB889BB21A463B6ADB899BB202
:10562000D31A1A46FB6A1344FB623B6A9B68002B41
:1056300005D1BB89FA6A9A4212D01E234DE03B6A1B
:105640009A687B6ADB689A4208D33B6A9A687B6AED
:10565000D9687B6A1B690B449A4201D911233CE04B
:10566000FA8A7B6B1A803B6ADB889BB21A463B6ADC
:10567000DB899BB2D31A1A467B6813447B607B6B31
:1056800002337B637B6B02337B637B6B1B68154A46
:10569000934201D0112320E03B6A9B68002B18D174
:1056A000BB89FA6A9A4214D10F4B5C690F4B986818
:1056B0003B6ADB889BB218330D4A396BA04703461F
:1056C00083F00103DBB2002B01D0092305E00023A6
:1056D00003E03B6A9B683B63F0E618463C37BD46F7
:1056E00090BD00BFFE0110FE10010020FC1600203E
:1056F0009417002090B58DB000AFF860B9607A6063
:105700003B607B68002B0CD03B68002B09D0FB680A
:10571000002B06D0FA687B689A4202D03B6C002BC3
:1057200001D1012307E107F12003102200211846CF
:1057300015F0EEF807F1100310220021184615F0BD
:10574000E7F87F4B9C697F4B986807F12002102394
:10575000F968A047034683F00103DBB2002B07D1B1
:105760003B6A794A934203D1FB6A784A934201D05B
:105770000123E0E03B685A687B681344FA689A4268
:105780003ED33B685A687B681344FA689A4203D94F
:105790003B68FA689A6020E03B685A687B6A1A4462
:1057A0003B685A60BA6A3B689A6007F1200310228E
:1057B0000021184615F0ACF8614B5C69614B9868A4
:1057C00007F120021023F968A047034683F0010384
:1057D000DBB2002B01D00123ADE0594B5C69594B82
:1057E000986810233A687968A047034683F001035C
:1057F000DBB2002B01D001239DE03B6C7A685A613B
:10580000BB68002B00F086804D4B9C694D4B98681F
:1058100007F110021023B968A047034683F0010383
:10582000DBB2002B07D13B69474A934203D1FB69A6
:10583000464A934201D001237DE0BA687B689A42D0
:1058400006D03B685A687B681344BA689A4201D212
:10585000012370E0BA687B689A4201D202236AE0B1
:105860003B68BA689A603B685A687B681344BA68B8
:105870009A4225D1BA693B689A603B685A687B694D
:105880001A443B685A6007F11003102200211846A1
:1058900015F03EF82A4B5C692A4B986807F1100214
:1058A0001023B968A047034683F00103DBB2002B45
:1058B00001D001233FE0BB69002B01D10023BB6075
:1058C0007A6AFB6813447A689A4205D07B68BB62A7
:1058D0003B68BA689A600CE03B689B68BB627A6A76
:1058E0003B685B6813447B6210220021386815F026
:1058F0000FF8134B5C69134B986807F120021023D3
:10590000F968A047034683F00103DBB2002B01D006
:10591000012310E00A4B5C690A4B986810233A682F
:105920007968A047034683F00103DBB2002B01D066
:10593000012300E0002318463437BD4690BD00BF68
:1059400010010020FC160020EF1001EFFE0110FEF8
:1059500090B58FB002AFF860B9607A600023FB6247
:105960000023BB62002387F827307B68002B0FD011
:10597000BB68002B0CD07B68DB68FA689A4207D3BF
:105980007B68DA687B681B691344FA689A4201D91C
:10599000012359E007F1140310220021184614F0E6
:1059A000B7FFBB681B682A4A93420AD1BB68DB6811
:1059B000284A934205D1BB685A687B689B699A4222
:1059C00001D9182340E07B685B69FB62224B9C692C
:1059D000224B986807F114021023F96AA047034686
:1059E00083F00103DBB2002B01D008232CE07B699C
:1059F000174A934203D13B6A164A934201D01823B7
:105A000022E0FB69BB627B680093BB68FA68B96AF5
:105A1000F86AFFF76FFE034687F8273097F82730BC
:105A2000012B01D119230FE097F82730002B01D16A
:105A3000002309E0BB6AFB627B689A69BB685B680C
:105A40001A447B689A61C1E718463437BD4690BD59
:105A5000EF1001EFFE0110FE10010020FC160020E7
:105A600090B589B000AFF860B9607A600023FB831D
:105A70001823BB830023BB6100237B6100233B61B0
:105A8000FB68002B12D07B68002B0FD0BB68002B6B
:105A90000CD07B68DB68FA689A4207D37B68DA68C7
:105AA0007B681B691344FA689A4201D900238AE093
:105AB000BB681B68464A934201D0002383E0BB6861
:105AC000BB61BB693B61BB680433BB60BB68002240
:105AD0001A80BB680233BB60BB681B88FB83BA8B30
:105AE000FB8B1344BB83BB6800221A80BB68023364
:105AF000BB60BB6800221A60BB680433BB60BB6834
:105B000000221A80BB680233BB60BB6800221A8087
:105B1000BB680233BB60FB8B1A460021B86814F0E7
:105B2000F7FEFB8BBA681344BB60BB6800221A8087
:105B3000BB680233BB60BB6800221A80BB680233BB
:105B4000BB60BB6800221A60BB697B617B691B6814
:105B50001F4A934222D17B6904337B61FB8B03F1A3
:105B600018027B691A607B6904337B617B690022C0
:105B70001A607B6904337B617B69164A1A60164B95
:105B80005C69164B9868BB8B3A69F968A047034675
:105B900083F00103DBB2002B04D001E0002312E00C
:105BA000002310E07B689A69BB8B1A447B689A617A
:105BB0007A68B969F868FFF7CBFE0346002B01D17C
:105BC000012300E0002318462437BD4690BD00BFE6
:105BD000EF1001EFFE0110FE10010020FC16002066
:105BE00090B58DB000AFF860B9607A603B60724BE1
:105BF000FB621823BB62FB68002B0CD0BB68002B38
:105C000009D0BB681B78002B05D07B68002B02D025
:105C10003B68002B01D10023C9E007F110031822D3
:105C20000021184614F074FE4FF48052002162489F
:105C300014F06EFE614B9C69614B9868BB6A5E4ACA
:105C4000F968A047034683F00103DBB2002B01D0C3
:105C50000023ACE0FB6A1B683B613B69594A9342F5
:105C600001D00023A3E0FB6A0433FB62FB6A1B88BC
:105C7000BB82BB8A1A467B68934201D0002396E020
:105C8000FB6A0233FB62FB6A1B88FB82BB8A002B28
:105C900008D0FB8A002B03D0FA8ABB8A9A4201D92A
:105CA000002384E0FB8A1A46BB6A1344BB62434B61
:105CB0009C69434B9868BB6A3F4AF968A047034612
:105CC00083F00103DBB2002B01D000236FE0FB6AFD
:105CD0000233FB62FB6A1B68BB61BB69002B0ED001
:105CE000BA693B68DB689A4207D9BA693B68D968E8
:105CF0003B681B690B449A4201D3002357E0FB6ABF
:105D00000433FB62FB6A0233FB62FB6A1B789BB2C3
:105D1000FB83FB8B032B01D9002348E0FB6A0022A5
:105D20001A70BB69002B0DD0B8693B687A68B968F6
:105D3000FFF756FF034683F00103DBB2002B01D0CF
:105D4000002334E0FB8A1A460021F86A14F0E0FDD3
:105D5000FB6A0233FB62FB8A1A460021F86A14F0E0
:105D6000D7FDFB8A1A46FB6A1344FB62FB6A0022DA
:105D70001A80FB6A0233FB62FB6A00221A80FB6A0C
:105D80000233FB62FB6A1B680F4A934201D0002377
:105D90000DE03A680849F868FFF762FE034683F0B1
:105DA0000103DBB2002B01D0002300E001231846E1
:105DB0003437BD4690BD00BF94170020100100206D
:105DC000FC160020EF1001EFFE0110FE2DE9F0415E
:105DD000BAB010AF0346396587F857300023C7F8CB
:105DE000A4300023C7F8A03007F158034522002152
:105DF000184614F08DFD674B1B7C83F00103DBB26A
:105E0000002B0CD13B6D002B09D03B6D1B78002B78
:105E100005D0386DFAF774FA0346282B01D901230F
:105E2000B2E05D4BC7F8A43097F857301946D7F861
:105E3000A40000F0CFFFC7F8A000D7F8A030002BD7
:105E400009D0D7F8A0301B6A002B04D0D7F8A030B7
:105E5000DB69002B01D10E2396E007F1080397F8C8
:105E600057103A6D1846FFF715F807F1580307F178
:105E700008014522184614F03DFDBB6D002B1BD0D8
:105E8000D7F88830002B17D097F85D30AA2B13D1A4
:105E900097F89C30BB2B0FD1D7F88800B7F88C301F
:105EA0001A46D7F8A030396DFFF79AFE034683F003
:105EB0000103DBB2002B01D0202365E04FF48052B8
:105EC0000021364814F024FDD7F8A0301B6A5A1E72
:105ED000D7F8A0301A62D7F8A030DB69B7F88C2069
:105EE0009A1AD7F8A030DA61FEF7FCFC034683F07B
:105EF0000103DBB2002B01D0202345E007F158035A
:105F0000073329220021184614F002FD07F1580337
:105F100007330E222249184614F0ECFC0023A7F8A0
:105F20008C300023C7F8883007F158030533184632
:105F300000F028FFBB6D7B6097F85CE0D7F85D3020
:105F4000984607F161046E4604F1300C354623464D
:105F5000186859689A68DB680FC5103410366445B4
:105F6000F4D13346224610685168926807C343460D
:105F7000D7F8A02071467868FFF79EF80346002BFB
:105F800001D01B2300E000231846A837BD46BDE81A
:105F9000F08100BFFC160020141700209417002089
:105FA000F4DC0108F0B5D3B000AF3965FA641A46E5
:105FB000034687F857301346A7F854300023C7F834
:105FC00028310023C7F824310023A7F80A31002321
:105FD000C7F820310023C7F844310023C7F8403107
:105FE0000023C7F83C310023C7F838310023C7F835
:105FF00034310023C7F81C31002387F833310023E4
:10600000C7F818310023C7F814310023C7F810313E
:10601000002387F83231012387F8313107F1580323
:1060200045220021184614F073FC07F1C8034022F2
:106030000021184614F06CFC07F1A003182200217F
:10604000184614F065FC07F1B80310220021184629
:1060500014F05EFC3B6D002B0ED0FB6C002B0BD0C4
:10606000B7F85430002B07D00E22C949386D14F010
:1060700031FC0346002B01D101238AE3C54BC7F84D
:10608000183197F857301946D7F8180100F0A2FEDA
:10609000C7F81401D7F81431002B01D10E2378E38F
:1060A000D7F814315B69002B01D1172371E3D7F8BE
:1060B00014311B6A002B16D03B4697F857103A6DE7
:1060C0001846FEF7E7FE07F5A473A3F5A47207F1DF
:1060D000580311464522184614F00CFCBB6D002BEA
:1060E00001D00B2355E3AC4B9C69AC4B9868D7F8B7
:1060F0001431596907F1B8021023A0470346002B59
:1061000000F04683D7F8B830A54A934240F0408368
:10611000D7F8C430A34A934240F03A83386DFAF777
:10612000EFF80346292B00F23383D7F814315B696B
:10613000C7F83431B7F8543003F003039BB2002B97
:106140000AD0B7F85430DBB203F00303DBB2C3F17B
:10615000040387F8323102E0002387F83231D7F8A0
:1061600014311B6A5A1CD7F814311A62D7F814314B
:10617000DB69B7F8541097F832210A441A44D7F86B
:106180001431DA61D7F814311B68C7F838310023AD
:10619000A7F82E31C3E00023C7F84031002387F869
:1061A00033317D4B9C697D4B9868D7F814319A68E0
:1061B000D7F814315B68B2FBF3F37B4AD7F8381198
:1061C000A047034683F00103DBB2002B01D0082374
:1061D000DFE2754BC7F810310023A7F82C3188E0B7
:1061E000B7F82C319B01D7F8102113441B78AA2B48
:1061F00018D1B7F82C319B01D7F81021134493F82C
:106200003F30BB2B0ED1B7F82C319B01D7F81021B2
:10621000134402330E225E49184614F05BFB03461A
:10622000002B12D0B7F82C319B01D7F81021134462
:106230001B78AA2B58D0B7F82C319B01D7F8102126
:10624000134493F83F30BB2B4ED0B7F82C3187F86E
:106250003331B7F82C319B01D7F8102113441C4679
:1062600007F1C80604F1400C354623461868596802
:106270009A68DB680FC5103410366445F4D197F87E
:10628000573087F8C93007F1C803023329220021AB
:10629000184614F03DFB386DFAF732F8024607F164
:1062A000C8030233396D184614F024FB97F83231D5
:1062B0009AB2B7F8543013449BB2A7F8F730D7F826
:1062C00014315B69C7F8F330AA2387F8C830BB23C1
:1062D00087F8073107F1C803184600F053FDD7F8D7
:1062E000F330C7F8403109E0B7F82C310133A7F893
:1062F0002C31B7F82C313F2B7FF672AFD7F84031F5
:10630000002B15D1D7F814319B68D7F838211344E6
:10631000C7F83831B7F82E310133A7F82E31B7F866
:106320002E21D7F814315B689A42FFF434AF00E0B5
:1063300000BFD7F84031002B01D1142329E2B7F870
:106340005430C7F8203197F83231D7F82021134460
:10635000C7F82031D7F820319BB2A7F8A430B7F89E
:10636000A430C7F83C31D7F814319A69D7F82031F6
:1063700018339A42C0F07981094BC7F8A030094B15
:10638000C7F8B430D7F8BC30182B0FD8102300E270
:10639000F4DC01081417002010010020FC16002076
:1063A000EF1001EFFE0110FE94170020FA6CD7F8F1
:1063B00044311344FB64D7F8BC30183BC7F81C3198
:1063C000D7F81C21D7F820319A4232D2D7F81C31A5
:1063D0009BB2A7F8A630B7F8A6301A46D7F84431D2
:1063E0001344C7F84431D7F83C21D7F84431D31AC5
:1063F000C7F83C3197F832319BB2A7F8AE30D7F8E6
:10640000C030C7F8A830D7F8C030C7F83431BC4B1B
:106410009C69BC4B986807F1B8021023D7F8341177
:10642000A047034683F00103DBB2002B39D01623CB
:10643000AFE1D7F84421D7F83C311344C7F84431D1
:10644000D7F83C319BB2A7F8A63097F832319BB20F
:10645000A7F8AE300023C7F8A830B7F8A6301A4620
:10646000D7F8343113441833C7F83431D7F8BC3077
:10647000B7F8A6209B1A183BC7F8BC30D7F8BC3039
:10648000182B0ED8D7F8BC309BB2A7F8AC3000233D
:10649000C7F8BC30D7F8C030C7F83431002387F8CC
:1064A0003131D7F814319B69B7F8A6209A1AD7F87A
:1064B00014319A61944BC7F82431D7F8A020D7F84B
:1064C00024311A60D7F824310433C7F82431B7F8DF
:1064D000A420D7F824311A80D7F824310233C7F822
:1064E0002431B7F8A620D7F824311A80D7F8243100
:1064F0000233C7F82431D7F8A820D7F824311A601E
:10650000D7F824310433C7F82431B7F8AC20D7F8D2
:1065100024311A80D7F824310233C7F82431B7F870
:10652000AE20D7F824311A80D7F824310233C7F8C7
:106530002431D7F82431C7F82831B7F8A6301A46E5
:10654000B7F8AE30D31A1A46F96CD7F8240114F014
:10655000D1F9B7F8A6301A46B7F8AE30D31A1A46B2
:10656000D7F824311344C7F82431B7F8AE30002BE4
:1065700007D0B7F8AE301A460021D7F8240114F03E
:10658000C7F9B7F8AE301A46D7F824311344C7F824
:106590002431B7F8A6301946D7F82801FDF778FB63
:1065A00003469BB2A7F8B030B7F8B020D7F8243133
:1065B0001A80D7F824310233C7F82431B7F8B22053
:1065C000D7F824311A80D7F824310233C7F82431A0
:1065D000D7F8B420D7F824311A60D7F8243104331F
:1065E000C7F82431464B5C69464B9868B7F8A6302B
:1065F0001833454AD7F84011A047034683F00103FA
:10660000DBB2002B01D00923C3E0D7F8A830002B60
:106610001ED1B7F8A4301A46D7F84431934215D1A9
:1066200097F83131002B1FD0354B5C69354B98689A
:1066300007F1B8021023D7F83411A047034683F0BE
:106640000103DBB2002B0FD00923A2E01023A0E04E
:10665000D7F84421D7F81C311344C7F84431D7F890
:10666000A830C7F8403187E600BF254B9C69254B11
:106670009868D7F814319A68D7F814315B68B2FB80
:10668000F3F3214AD7F83811A047034683F00103FA
:10669000DBB2002B01D008237BE01B4BC7F8103185
:1066A00097F833319B01D7F81021134407F1C80440
:1066B0009C4604F1400E654626460FCE2860696070
:1066C000AA60EB6010340CF1100C7445F3D10C4B44
:1066D0005C690C4B9868D7F814319A68D7F8143174
:1066E0005B68B2FBF3F3084AD7F83811A0470346BA
:1066F00083F00103DBB2002B08D0092349E000BF7F
:1067000010010020FC16002094170020D7F8143147
:10671000D7F834215A61214BC7F80C314FF480521D
:106720000021D7F80C0114F0F3F87F22D7F81811E4
:10673000D7F80C0114F0DEF840F6FE71D7F80C0122
:10674000FDF7A6FA03469BB2A7F80A31D7F80C3139
:1067500003F6FE73B7F80A211A80114B5C69114BDE
:106760009868104BD3F83F104FF48053D7F80C21A2
:10677000A047034683F00103DBB2002B01D00923BD
:1067800007E04FF480520021D7F80C0114F0C0F854
:106790000023184607F5A677BD46F0BD94270020D4
:1067A00010010020FC16002090B58FB000AF03460A
:1067B000FB71734BFB6100237B6300237B8600230B
:1067C000FB620023BB6200237B62FB79002B02D0BB
:1067D000012B04D007E0FB6937337B6305E0FB69DD
:1067E0005B337B6301E00023C5E07B6B1B68002B00
:1067F00000F0C0807B6B1A687B6B5B6819461046A3
:10680000FEF706FB0346002B00F0B4807B6BDB68D1
:10681000002B01D10023AEE04FF4805200215948F3
:1068200014F076F87B6B1B691B0B7B867B6B1B69FB
:10683000BB627B6BDB687B624FF48053FB627B6BDC
:106840001B69C3F30B03002B02D07B8E01337B86C5
:1068500000237B8423E04C4B5C694C4B9868FB6ABB
:10686000484A796AA047034683F00103DBB2002B54
:1068700001D000237FE07B6A03F580537B62BA6A14
:10688000FB6AD31ABB62BB6A002B05D0BA6AFB6AEB
:106890009A4201D8BB6AFB627B8C01337B847A8C81
:1068A0007B8E9A42D7D307F10C03102200211846A1
:1068B00014F02EF8364BFB607B6B1B69103B3B6181
:1068C00000237B61334BBB612E4B1C4607F10C034D
:1068D0000FCB84E80F002C4B5C692C4B98687B6BCA
:1068E000D9684FF48053274AA047034683F0010339
:1068F000DBB2002B01D000233DE07B6BDA687B6BC1
:106900005A617B6B1A697B6B9A617B6B002283F8FF
:106910002020002283F82120002283F82220002258
:1069200083F823207B6B00221A7700225A770022FB
:106930009A770022DA77144B9C69144B9868134BB2
:10694000D3F83F104FF480530E4AA047034683F01C
:106950000103DBB2002B01D000230CE0FDF7C2FFE6
:10696000034683F00103DBB2002B01D0002302E0D9
:10697000012300E0002318463C37BD4690BD00BF10
:10698000141700209417002010010020FC1600208E
:10699000EF1001EFFE0110FE90B5A5B000AF00238F
:1069A000C7F88C300023C7F888300023C7F884303C
:1069B000D24BD3F83F30C7F880303B467F220021CE
:1069C000184613F0A5FF24220021CD4813F0A0FFA4
:1069D00024220021CB4813F09BFF1822CA49CB4840
:1069E00013F088FFC54BCA4A383312681146198024
:1069F0000233120C1A70C14B002283F8432000228C
:106A000083F84420002242F0200283F8452000222F
:106A100083F84620B94BD3F83F3003F5805318462E
:106A200000F0F6F9034683F00103DBB2002B01D03E
:106A300000235EE1D7F8803003F50053AF4AC2F877
:106A40004F30AE4B002242F0100283F85320002258
:106A500083F85420002283F85520002283F8562022
:106A6000A64B002283F85720002283F858200022EA
:106A700042F0010283F85920002283F85A209F4BEC
:106A8000002283F85F20002283F86020002242F079
:106A9000010283F86120002283F86220974B0022D4
:106AA00083F86B20002283F86C20002283F86D208D
:106AB000002283F86E20914B002283F86F20002281
:106AC00083F87020002283F87120002283F872205E
:106AD0008A4BD3F84F3003F58833C7F88C30D7F89A
:106AE0008C30A3F58053184600F092F9034683F0EA
:106AF0000103DBB2002B01D00023FAE07F4AD7F874
:106B00008C30C2F873307D4B002242F0100283F8C3
:106B10007720002283F87820002283F87920002251
:106B200083F87A20754B002283F87B20002283F8BB
:106B30007C20002242F0010283F87D20002283F8AD
:106B40007E206E4B002283F88320002283F884206D
:106B5000002242F0100283F88520002283F886206C
:106B6000664B002283F88F20002283F890200022B9
:106B700083F89120002283F89220604B002283F852
:106B80009320002283F89420002283F8952000228D
:106B900083F89620594BD3F8733003F58833C7F840
:106BA0008C30D7F88C30A3F58053184600F030F9BC
:106BB000034683F00103DBB2002B01D0002398E0F1
:106BC0004E4BD3F84330D7F88C209A4200D9FEE7D9
:106BD0004A4BD3F84320D7F88010D7F88C30CB1A23
:106BE0001344C7F88830454BD3F85F20D7F884307A
:106BF000134403F58053C7F88430404BD3F8832007
:106C0000D7F88430134403F58053C7F88430D7F89D
:106C10008820D7F884309A4200D2FEE7D7F888203F
:106C2000D7F88430D31A354AC2F84730334BD3F8FB
:106C30005F20324BD3F883301344304AC2F84B30D4
:106C40002E4AD7F88C30C2F85B30D7F88C3003F579
:106C50008833C7F88C30294AD7F88C30C2F87F3097
:106C6000D7F88C202B4B1344C7F88C30FDF73AFE35
:106C7000034683F00103DBB2002B01D0002338E090
:106C8000254B9C691D4B98681C4BD3F83F107F2304
:106C9000224AA047034683F00103DBB2002B01D058
:106CA000002326E01D4A3B4611467F22184613F07A
:106CB00021FE3B467F221549184613F00BFE034682
:106CC000002B01D0002314E00020FFF76DFD0346E8
:106CD00083F00103DBB2002B08D10120FFF764FD34
:106CE000034683F00103DBB2002B01D0002300E058
:106CF000012318469437BD4690BD00BFFC16002006
:106D00004B1700206F17002004DD01081417002026
:106D100058E1010800101000100100209417002015
:106D200084B080B582B000AF07F1100C8CE80F0082
:106D300007F110037B6040237B8000233B807B684E
:106D400001337B607B88013B7B807B88013B7B80C0
:106D50007B88023B7B807B8819467868FCF798FF2C
:106D600003463B80B7F84D309BB23A889A4201D136
:106D7000012300E0002318460837BD46BDE88040E7
:106D800004B0704780B584B000AF78600023FB602A
:106D900040237B817B68002B01D1002316E07B68B8
:106DA0000133FB607B89013B7B817B89013B7B81DC
:106DB0007B89023B7B817B891946F868FCF768FF79
:106DC00003469AB27B68A3F83D200123184610378A
:106DD000BD4680BD80B483B000AF78600B46FB70C9
:106DE0007B68002B01D100230CE0FB78002B02D044
:106DF000012B03D005E07B68373303E07B685B330E
:106E000000E0002318460C37BD465DF8047B704750
:106E100090B585B000AF78607B68002B01D100236E
:106E20003CE04FF4805255211E4813F071FD1E4B7B
:106E30005C691E4B98684FF480531A4A7968A047E2
:106E4000034683F00103DBB2002B00D0FEE74FF4D2
:106E500080520021134813F05BFD134B9C69134BC8
:106E600098684FF480530F4A7968A047034683F02F
:106E70000103DBB2002B00D0FEE70023FB8108E01A
:106E8000FB89084AD35C552B00D0FEE7FB89013310
:106E9000FB81FB89B3F5805FF2D3012318461437D9
:106EA000BD4690BD9417002010010020FC16002064
:106EB00080B582B000AF084BD3F83B307B60074B06
:106EC0001B69054A9068064A796898470346184640
:106ED0000837BD4680BD00BFFC1600201001002011
:106EE000FFFF0F0090B587B000AF78603960394B75
:106EF0009B68FB60374BD3F83B307B6100233B61E1
:106F00007B68002B0CD03B68002B09D0FB68002B62
:106F100006D0304B1B7C83F00103DBB2002B01D089
:106F2000002353E02C4B1B68002B4BD1FB689B6A62
:106F30001846FDF7EBFB0346274A1360264B1B68F8
:106F4000002B3FD1002341E0244BDC68214B9868A3
:106F5000214B1A68FB689B6A7969A047034683F056
:106F60000103DBB2002B01D000232FE0FB689B6AFA
:106F70003A689A420AD37A683B69D018164B196866
:106F8000FB689B6A1A4613F0B5FC0CE07A683B6913
:106F90001344114A11683A68184613F0ABFC0023F9
:106FA0003B60012312E0FB689B6A3A68D31A3B609E
:106FB000FB689B6A3A6913443B61FB689B6A7A6988
:106FC00013447B613B68002BBED1002318461C375D
:106FD000BD4690BDFC160020943700201001002013
:106FE00090B587B000AF78603960414B9B68FB601B
:106FF0003F4BD3F83B307B6100233B617B68002B28
:107000000CD03B68002B09D0FB68002B06D0384B16
:107010001B7C83F00103DBB2002B01D0002363E073
:10702000344B1B68002B5BD1FB689B6A1846FDF74D
:107030006DFB03462F4A13602E4B1B68002B4FD16C
:10704000002351E0FB689B6A3A689A420FD3294BB0
:1070500018687A683B69D118FB689B6A1A4613F076
:1070600049FCFB689B6A3A68D31A3B601CE0224BE0
:10707000DC681F4B98681F4B1A68FB689B6A79692C
:10708000A047034683F00103DBB2002B01D00023AD
:107090002AE0184B18687A683B6913443A68194625
:1070A00013F028FC00233B60134B9C68104B98683E
:1070B000104B1A68FB689B6A7969A047034683F006
:1070C0000103DBB2002B01D000230DE0FB689B6ABB
:1070D0003A6913443B61FB689B6A7A6913447B619C
:1070E0003B68002BAED1012318461C37BD4690BD2E
:1070F000FC160020983700201001002080B483B0D7
:1071000000AF78607B6803F108027B685A607B6897
:107110004FF0FF329A607B6803F108027B68DA6007
:107120007B6803F108027B681A617B6800221A60A1
:1071300000BF0C37BD465DF8047B704780B483B058
:1071400000AF78607B6800221A6100BF0C37BD4633
:107150005DF8047B704780B485B000AF786039601B
:107160007B685B68FB603B68FA685A60FB689A68FA
:107170003B689A60FB689B683A685A60FB683A68AB
:107180009A603B687A681A617B681B685A1C7B6846
:107190001A6000BF1437BD465DF8047B704780B4A9
:1071A00085B000AF786039603B681B68BB60BB6826
:1071B000B3F1FF3F03D17B681B69FB600CE07B6888
:1071C0000833FB6002E0FB685B68FB60FB685B68A0
:1071D0001B68BA689A42F6D2FB685A683B685A60E4
:1071E0003B685B683A689A603B68FA689A60FB683B
:1071F0003A685A603B687A681A617B681B685A1C57
:107200007B681A6000BF1437BD465DF8047B704789
:1072100080B485B000AF78607B681B69FB607B68D9
:107220005B687A6892689A607B689B687A68526843
:107230005A60FB685B687A689A4203D17B689A68F7
:10724000FB685A607B6800221A61FB681B685A1E43
:10725000FB681A60FB681B6818461437BD465DF86A
:10726000047B704780B485B000AFF860B9607A6085
:10727000FB68074A1A60BB68064A1A607B6880226E
:107280001A6000BF1437BD465DF8047B704700BF2D
:107290009C370020FC37002080B584B000AF7860B8
:1072A00039607B68FB60FB68002B0AD14FF050030C
:1072B00083F31188BFF36F8FBFF34F8FBB6000BFA5
:1072C000FEE702F0CFFBFB681A68FB68DB6BF9682E
:1072D000096C01FB03F31A44FB689A60FB68002207
:1072E0009A63FB681A68FB685A60FB681A68FB6857
:1072F000DB6B013BF968096C01FB03F31A44FB6883
:10730000DA60FB68FF2283F84420FB68FF2283F8E1
:1073100045203B68002B14D1FB681B69002B1AD059
:10732000FB681033184601F07BFA0346002B12D09D
:107330000C4B4FF080521A60BFF34F8FBFF36F8F2B
:1073400009E0FB6810331846FFF7D8FEFB682433CA
:107350001846FFF7D3FE02F0B5FB0123184610379D
:10736000BD4680BD04ED00E080B58EB002AFF86090
:10737000B9607A603B60FB68002B0AD14FF0500384
:1073800083F31188BFF36F8FBFF34F8FBB6200BFD2
:10739000FEE73B68002B0AD14FF0500383F31188BE
:1073A000BFF36F8FBFF34F8F7B6200BFFEE77B6839
:1073B000002B02D0BB68002B01D0012300E000238A
:1073C000002B0AD14FF0500383F31188BFF36F8F66
:1073D000BFF34F8F3B6200BFFEE77B68002B02D1FB
:1073E000BB68002B01D1012300E00023002B0AD150
:1073F0004FF0500383F31188BFF36F8FBFF34F8FAC
:10740000FB6100BFFEE750237B617B69502B0AD0F4
:107410004FF0500383F31188BFF36F8FBFF34F8F8B
:10742000BB6100BFFEE77B693B68FB62FB6A002B28
:107430000DD0FB6A012283F8462097F83820FB6ABA
:10744000009313467A68B968F86800F03FF8FB6A61
:1074500018463037BD4680BD80B58AB002AFF860AF
:10746000B9601346FB71FB68002B0AD14FF0500343
:1074700083F31188BFF36F8FBFF34F8F3B6100BF62
:10748000FEE7FB68BA6802FB03F3FB61FB6950335C
:10749000184601F075FFB861BB69002B11D0BB69BC
:1074A0007B617B6950337B61BB69002283F8462096
:1074B000FA79BB69009313467A69B968F86800F0F5
:1074C00005F8BB6918462037BD4680BD80B584B03D
:1074D00000AFF860B9607A60FB70BB68002B03D125
:1074E000BB69BA691A6002E0BB697A681A60BB6955
:1074F000FA68DA63BB69BA681A640121B869FFF7F0
:10750000CBFEBB69FA7883F84C2000BF1037BD462C
:1075100080BD80B58AB002AFF860B9607A60FB6860
:10752000002B0AD14FF0500383F31188BFF36F8F04
:10753000BFF34F8FBB6100BFFEE7BA68FB689A429A
:107540000AD94FF0500383F31188BFF36F8FBFF355
:107550004F8F7B6100BFFEE7022300937B68002210
:107560000021F868FFF700FFF861FB69002B02D0EB
:10757000FB69BA689A63FB6918462037BD4680BD2F
:1075800080B586B000AF786039607B68002B0AD187
:107590004FF0500383F31188BFF36F8FBFF34F8F0A
:1075A0003B6100BFFEE73A687B689A420AD94FF018
:1075B000500383F31188BFF36F8FBFF34F8FFB60CE
:1075C00000BFFEE7022200217868FFF745FF7861DF
:1075D0007B69002B02D07B693A689A637B69184605
:1075E0001837BD4680BD000080B58EB000AFF86092
:1075F000B9607A603B6000237B63FB683B633B6B55
:10760000002B0AD14FF0500383F31188BFF36F8F23
:10761000BFF34F8FBB6200BFFEE7BB68002B03D1F7
:107620003B6B1B6C002B01D1012300E00023002BDE
:107630000AD14FF0500383F31188BFF36F8FBFF36C
:107640004F8F7B6200BFFEE73B68022B03D13B6B91
:10765000DB6B012B01D1012300E00023002B0AD1B9
:107660004FF0500383F31188BFF36F8FBFF34F8F39
:107670003B6200BFFEE701F0E7FA0346002B02D1B0
:107680007B68002B01D1012300E00023002B0AD1ED
:107690004FF0500383F31188BFF36F8FBFF34F8F09
:1076A000FB6100BFFEE702F0DDF93B6B9A6B3B6BC1
:1076B000DB6B9A4202D33B68022B29D13A68B96846
:1076C000386B00F0C1FAF8623B6B5B6A002B10D09C
:1076D0003B6B2433184601F0A3F80346002B13D06C
:1076E0003F4B4FF080521A60BFF34F8FBFF36F8F45
:1076F0000AE0FB6A002B07D0394B4FF080521A602A
:10770000BFF34F8FBFF36F8F02F0DCF9012363E00B
:107710007B68002B03D102F0D5F900235CE07B6B82
:10772000002B06D107F11403184601F0DBF8012302
:107730007B6302F0C7F900F04BFE02F093F93B6B5C
:1077400093F844305BB2B3F1FF3F03D13B6B0022AF
:1077500083F844203B6B93F845305BB2B3F1FF3FB5
:1077600003D13B6B002283F8452002F0ABF93A1DB0
:1077700007F114031146184601F0CAF80346002B1E
:1077800024D1386B00F058FB0346002B18D03B6B1C
:1077900010337A681146184601F01EF8386B00F075
:1077A000E3FA00F023FE0346002B7FF47CAF0C4B82
:1077B0004FF080521A60BFF34F8FBFF36F8F72E7A5
:1077C000386B00F0D1FA00F011FE6CE7386B00F076
:1077D000CBFA00F00BFE002318463837BD4680BDBB
:1077E00004ED00E080B58EB000AF786039607B6852
:1077F0003B633B6B002B0AD14FF0500383F311889E
:10780000BFF36F8FBFF34F8F3B6200BFFEE73B6B51
:107810001B6C002B0AD04FF0500383F31188BFF389
:107820006F8FBFF34F8FFB6100BFFEE73B6B1B68A1
:10783000002B03D13B6B9B68002B01D1012300E09F
:107840000023002B0AD14FF0500383F31188BFF3BC
:107850006F8FBFF34F8FBB6100BFFEE702F0E4F90B
:10786000EFF311824FF0500383F31188BFF36F8F52
:10787000BFF34F8F7A613B617B69FB623B6B9B6B14
:10788000BB623B6BDB6BBA6A9A422BD23B6B93F8C1
:10789000453087F82730BB6A5A1C3B6B9A6397F9CF
:1078A0002730B3F1FF3F12D13B6B5B6A002B16D040
:1078B0003B6B2433184600F0B3FF0346002B0ED079
:1078C0003B68002B0BD03B6801221A6007E097F859
:1078D00027300133DBB25AB23B6B83F845200123DA
:1078E0007B6301E000237B63FB6AFB60FB6883F33F
:1078F000118800BF7B6B18463837BD4680BD00003D
:1079000080B58EB000AF7860396000237B637B6800
:10791000FB6200233B63FB6A002B0AD14FF050034C
:1079200083F31188BFF36F8FBFF34F8F3B6200BFAC
:10793000FEE7FB6A1B6C002B0AD04FF0500383F369
:107940001188BFF36F8FBFF34F8FFB6100BFFEE75E
:1079500001F07AF90346002B02D13B68002B01D1DC
:10796000012300E00023002B0AD14FF0500383F3E2
:107970001188BFF36F8FBFF34F8FBB6100BFFEE76E
:1079800002F070F8FB6A9B6BBB62BB6A002B24D0D1
:10799000BB6A5A1EFB6A9A63FB6A1B68002B04D100
:1079A00001F0FAFA0246FB6A9A60FB6A1B69002B37
:1079B0000FD0FB6A1033184600F032FF0346002B4D
:1079C00007D0544B4FF080521A60BFF34F8FBFF374
:1079D0006F8F02F077F8012397E03B68002B11D1FD
:1079E0003B6B002B0AD04FF0500383F31188BFF399
:1079F0006F8FBFF34F8F7B6100BFFEE702F062F82D
:107A0000002382E07B6B002B06D107F10C031846A4
:107A100000F068FF01237B6302F054F800F0D8FC0B
:107A200002F020F8FB6A93F844305BB2B3F1FF3FF9
:107A300003D1FB6A002283F84420FB6A93F84530A7
:107A40005BB2B3F1FF3F03D1FB6A002283F845200C
:107A500002F038F83A4607F10C031146184600F0D8
:107A600057FF0346002B32D1F86A00F0CFF90346E6
:107A7000002B26D0FB6A1B68002B09D101F0F2FF16
:107A8000FB6A9B68184601F0FDF8386302F01AF8AB
:107A9000FB6A24333A681146184600F09DFEF86AE6
:107AA00000F062F900F0A2FC0346002B7FF468AFFF
:107AB000184B4FF080521A60BFF34F8FBFF36F8F98
:107AC0005EE7F86A00F050F900F090FC58E7F86AB9
:107AD00000F04AF900F08AFCF86A00F097F90346D2
:107AE000002B3FF44DAF3B6B002B0DD001F0BAFFE4
:107AF000F86A00F091F87862FB6A9B68796A184628
:107B000001F0BCF901F0DEFF002318463837BD460E
:107B100080BD00BF04ED00E080B58EB000AFF8601E
:107B2000B9607A60FB683B633B6B002B0AD14FF076
:107B3000500383F31188BFF36F8FBFF34F8F3B6206
:107B400000BFFEE7BB68002B03D13B6B1B6C002B17
:107B500001D1012300E00023002B0AD14FF0500394
:107B600083F31188BFF36F8FBFF34F8FFB6100BFAB
:107B7000FEE702F059F8EFF311824FF0500383F360
:107B80001188BFF36F8FBFF34F8FBA617B61BB6901
:107B9000FB623B6B9B6BBB62BB6A002B2FD03B6BCA
:107BA00093F8443087F82730B968386B00F0B6F89E
:107BB000BB6A5A1E3B6B9A6397F92730B3F1FF3FBC
:107BC00012D13B6B1B69002B16D03B6B1033184650
:107BD00000F026FE0346002B0ED07B68002B0BD056
:107BE0007B6801221A6007E097F827300133DBB287
:107BF0005AB23B6B83F8442001237B6301E00023EE
:107C00007B63FB6A3B613B6983F3118800BF7B6B3D
:107C100018463837BD4680BD80B485B000AF786067
:107C20007B685B6A002B06D07B681B6B1B68C3F10B
:107C30000503FB6001E00023FB60FB681846143776
:107C4000BD465DF8047B704780B586B000AFF86034
:107C5000B9607A6000237B61FB689B6B3B61FB68CA
:107C60001B6C002B0DD1FB681B68002B4DD1FB68F2
:107C70009B68184601F07CF87861FB6800229A60E6
:107C800043E07B68002B19D1FB685868FB681B6CCC
:107C90001A46B96812F02EFEFB685A68FB681B6C26
:107CA0001A44FB685A60FB685A68FB689B689A42F2
:107CB0002BD3FB681A68FB685A6026E0FB68D8681B
:107CC000FB681B6C1A46B96812F014FEFB68DA6890
:107CD000FB681B6C5B421A44FB68DA60FB68DA687D
:107CE000FB681B689A4207D2FB689A68FB681B6CAA
:107CF0005B421A44FB68DA607B68022B05D13B6962
:107D0000002B02D03B69013B3B613B695A1CFB687D
:107D10009A637B6918461837BD4680BD80B582B02E
:107D200000AF786039607B681B6C002B18D07B68D3
:107D3000DA687B681B6C1A447B68DA607B68DA68F7
:107D40007B689B689A4203D37B681A687B68DA6019
:107D50007B68D9687B681B6C1A46386812F0CAFDCC
:107D600000BF0837BD4680BD80B584B000AF7860E5
:107D700001F078FE7B6893F84530FB7311E07B6877
:107D80005B6A002B12D07B682433184600F048FD54
:107D90000346002B01D000F01DFEFB7B013BDBB254
:107DA000FB7397F90F30002BE9DC00E000BF7B6824
:107DB000FF2283F8452001F085FE01F053FE7B6829
:107DC00093F84430BB7311E07B681B69002B12D021
:107DD0007B681033184600F023FD0346002B01D0CA
:107DE00000F0F8FDBB7B013BDBB2BB7397F90E30B3
:107DF000002BE9DC00E000BF7B68FF2283F8442011
:107E000001F060FE00BF1037BD4680BD80B584B074
:107E100000AF786001F026FE7B689B6B002B02D1DF
:107E20000123FB6001E00023FB6001F04BFEFB68D7
:107E300018461037BD4680BD80B584B000AF78606D
:107E400001F010FE7B689A6B7B68DB6B9A4202D173
:107E50000123FB6001E00023FB6001F033FEFB68BF
:107E600018461037BD4680BD80B58EB004AFF860AF
:107E7000B9607A603B607B6B002B0AD14FF05003F6
:107E800083F31188BFF36F8FBFF34F8F3B6200BF47
:107E9000FEE7BB6B002B0AD14FF0500383F3118830
:107EA000BFF36F8FBFF34F8FFB6100BFFEE760230F
:107EB0003B613B69602B0AD04FF0500383F311887C
:107EC000BFF36F8FBFF34F8FBB6100BFFEE73B690E
:107ED000BB6B002B1ED07B6B002B1BD0BB6B7B6264
:107EE0007B6A7A6B1A637B6A022283F85D20002327
:107EF00003937B6A029307F1140301933B6B009396
:107F00003B687A68B968F86800F050F8786A00F061
:107F1000DFF801E000237B617B6918462837BD4606
:107F200080BD80B58CB004AFF860B9603B6013468B
:107F3000FB80FB889B00184601F022FA78617B6980
:107F4000002B0ED0602001F01BFAF861FB69002BBA
:107F500003D0FB697A691A6305E0786901F0DCFAFD
:107F600001E00023FB61FB69002B17D0FB690022B5
:107F700083F85D20FA8800230393FB690293FB6A70
:107F80000193BB6A00933B68B968F86800F00EF88B
:107F9000F86900F09DF80123BB6102E04FF0FF3368
:107FA000BB61BB6918462037BD4680BD80B588B02F
:107FB00000AFF860B9607A603B603B6B186B7B6820
:107FC0009B001A46A52112F0A3FC3B6B1A6B796843
:107FD0006FF040430B449B001344BB61BB6923F02B
:107FE0000703BB61BB6903F00703002B0AD04FF006
:107FF000500383F31188BFF36F8FBFF34F8F7B6103
:1080000000BFFEE7BB68002B1FD00023FB6112E01E
:10801000BA68FB69134419783A6BFB69134434332B
:108020000A461A70BA68FB6913441B78002B06D005
:10803000FB690133FB61FB690F2BE9D900E000BF4D
:108040003B6B002283F8432003E03B6B002283F864
:108050003420BB6A042B01D90423BB623B6BBA6A90
:10806000DA623B6BBA6A1A653B6B00225A653B6B5E
:1080700004331846FFF762F83B6B18331846FFF7D6
:108080005DF83B6B3A6B1A61BB6AC3F105023B6B4F
:108090009A613B6B3A6B5A623B6B00229A653B6B71
:1080A000002283F85C203A68F968B86901F0B0FBF7
:1080B00002463B6B1A60FB6A002B05D0FB6A3A6BE9
:1080C0001A603B6B7A685A6400BF2037BD4680BD9A
:1080D00080B582B000AF786001F0C4FC2C4B1B6807
:1080E00001332B4A13602B4B1B68002B09D1294A03
:1080F0007B681360264B1B68012B10D100F08EFCAF
:108100000DE0254B1B68002B09D1224B1B68DA6A56
:108110007B68DB6A9A4202D81E4A7B6813601F4B59
:108120001B6801331D4A13601C4B1A687B689A64F4
:108130007B68DB6A01229A40194B1B681343184A7B
:1081400013607B68DA6A13469B0013449B00154A50
:108150001A447B68043319461046FEF7FCFF01F011
:10816000B1FC0D4B1B68002B0ED00A4B1B68DA6A62
:108170007B68DB6A9A4207D20B4B4FF080521A6041
:10818000BFF34F8FBFF36F8F00BF0837BD4680BD71
:10819000D43A0020FC390020E03A0020F03A0020D8
:1081A000DC3A0020003A002004ED00E080B58AB0FF
:1081B00000AF7860396000237B627B68002B0AD1B6
:1081C0004FF0500383F31188BFF36F8FBFF34F8FCE
:1081D0007B6100BFFEE73B68002B0AD14FF05003E4
:1081E00083F31188BFF36F8FBFF34F8F3B6100BFE5
:1081F000FEE72A4B1B68002B0AD04FF0500383F395
:108200001188BFF36F8FBFF34F8FFB6000BFFEE796
:1082100000F0DEF8224B1B683B627B681B683A6803
:108220001344FB617B681B683A6A9A420BD27B68F5
:108230001B68FA699A4211D2FA693B6A9A420DD9CF
:1082400001237B620AE07B681B68FA699A4203D3C8
:10825000FA693B6A9A4201D901237B627B68FA6919
:108260001A607B6A002B06D0FA693B6AD31A002198
:10827000184600F0A5FE00F0B9F8B861BB69002B04
:1082800007D1084B4FF080521A60BFF34F8FBFF3F6
:108290006F8F00BF2837BD4680BD00BFFC3A00206D
:1082A000D83A002004ED00E080B584B000AF7860DB
:1082B0000023FB607B68002B17D0134B1B68002B3F
:1082C0000AD04FF0500383F31188BFF36F8FBFF3D1
:1082D0004F8FBB6000BFFEE700F07AF8002178689E
:1082E00000F06EFE00F082F8F860FB68002B07D10A
:1082F000064B4FF080521A60BFF34F8FBFF36F8F62
:1083000000BF1037BD4680BDFC3A002004ED00E000
:1083100080B58AB004AF0023BB6000237B603A467F
:10832000391D07F108031846FEF79CFF39687B6882
:10833000BA68029201930023009300230A461E4963
:108340001E48FFF791FD03461D4A13601C4B1B6836
:10835000002B02D001237B6101E000237B617B695C
:10836000012B16D14FF0500383F31188BFF36F8FA9
:10837000BFF34F8F3B6100BF124B4FF0FF321A60CB
:10838000114B01221A60114B00221A6001F0C8FA49
:108390000EE07B69B3F1FF3F0AD14FF0500383F346
:1083A0001188BFF36F8FBFF34F8FFB6000BFFEE7F5
:1083B00000BF1837BD4680BD1CDD0108ED890008EF
:1083C000F83A0020F43A0020E03A0020D83A0020A1
:1083D00080B400AF044B1B680133034A136000BF35
:1083E000BD465DF8047B7047FC3A002080B584B040
:1083F00000AF0023FB600023BB60414B1B68002BD8
:108400000AD14FF0500383F31188BFF36F8FBFF38E
:108410004F8F3B6000BFFEE701F024FB384B1B6829
:10842000013B374A1360364B1B68002B61D1354B3B
:108430001B68002B5DD02EE0334BDB68DB68FB60F4
:10844000FB6818331846FEF7E3FEFB680433184652
:10845000FEF7DEFEFB68DB6A01229A402B4B1B68AD
:1084600013432A4A1360FB68DA6A13469B001344DD
:108470009B00274A1A44FB68043319461046FEF74E
:108480006AFEFB68DA6A234B1B68DB6A9A4202D3F6
:10849000214B01221A601C4B1B68002BCCD1FB68BE
:1084A000002B01D000F058FB1C4B1B687B607B68E5
:1084B000002B10D000F07CF80346002B02D0164BA6
:1084C00001221A607B68013B7B607B68002BF1D145
:1084D000124B00221A60104B1B68002B09D001239D
:1084E000BB600F4B4FF080521A60BFF34F8FBFF34A
:1084F0006F8F01F0E7FABB6818461037BD4680BDA4
:10850000FC3A0020D43A0020943A0020DC3A0020C3
:10851000003A0020FC390020E83A0020E43A00202C
:1085200004ED00E080B483B000AF054B1B687B60B6
:108530007B6818460C37BD465DF8047B704700BF6A
:10854000D83A002080B582B000AF01F06DFB002367
:108550007B60044B1B683B603B6818460837BD4690
:1085600080BD00BFD83A002080B485B000AF7860ED
:108570007B68002B02D10D4B1B6800E07B68FB6021
:10858000FB68002B0AD14FF0500383F31188BFF32F
:108590006F8FBFF34F8FBB6000BFFEE7FB683433C4
:1085A00018461437BD465DF8047B7047FC3900203F
:1085B00080B586B000AF00237B614E4B1B68002B5B
:1085C00040F08E804C4B1B6801333B614A4A3B694B
:1085D00013603B69002B20D1484B1B681B68002BA4
:1085E0000AD04FF0500383F31188BFF36F8FBFF3AE
:1085F0004F8F3B6000BFFEE7404B1B68FB60404B6A
:108600001B683E4A13603E4AFB6813603D4B1B6883
:1086100001333C4A136000F09FFA3B4B1B683A69F8
:108620009A4248D3354B1B681B68002B04D1364B4C
:108630004FF0FF321A603EE0304B1B68DB68DB68AE
:10864000BB60BB685B687B603A697B689A4203D217
:108650002D4A7B6813602EE0BB6804331846FEF792
:10866000D7FDBB689B6A002B04D0BB681833184643
:10867000FEF7CEFDBB68DB6A01229A40234B1B68E4
:108680001343224A1360BB68DA6A13469B00134403
:108690009B001F4A1A44BB68043319461046FEF774
:1086A0005AFDBB68DA6A1B4B1B68DB6A9A42B9D376
:1086B00001237B61B6E7174B1B68DA6A144913463E
:1086C0009B0013449B000B441B68012B01D9012321
:1086D0007B61114B1B68002B07D001237B6104E0F9
:1086E0000E4B1B6801330D4A13607B69184618371F
:1086F000BD4680BDFC3A0020D83A00208C3A0020CC
:10870000903A0020EC3A0020F43A0020DC3A0020B5
:10871000003A0020FC390020E83A0020E43A00202A
:1087200080B487B000AF274B1B68002B03D0264BCB
:1087300001221A603FE0244B00221A60234B1B6881
:10874000FB60FB68B3FA83F3FB72FB7AC3F11F0390
:108750007B611F497A6913469B0013449B000B44BD
:108760001B68002B0AD14FF0500383F31188BFF32D
:108770006F8FBFF34F8F7B6000BFFEE77A691346B0
:108780009B0013449B00124A13443B613B695B68A6
:108790005A683B695A603B695A683B6908339A4298
:1087A00004D13B695B685A683B695A603B695B6806
:1087B000DB68084A136000BF1C37BD465DF8047BC8
:1087C000704700BFFC3A0020E83A0020DC3A002065
:1087D000003A0020FC39002080B584B000AF7860FA
:1087E00039607B68002B0AD14FF0500383F3118866
:1087F000BFF36F8FBFF34F8FFB6000BFFEE7074BE8
:108800001B68183319467868FEF7C9FC01213868DF
:1088100000F0D6FB00BF1037BD4680BDFC390020FC
:1088200080B586B000AF78607B68DB68DB683B6151
:108830003B69002B0AD14FF0500383F31188BFF33B
:108840006F8FBFF34F8FFB6000BFFEE73B691833AC
:108850001846FEF7DDFC1D4B1B68002B1CD13B6945
:1088600004331846FEF7D4FC3B69DB6A01229A40C8
:10887000174B1B681343164A13603B69DA6A1346A9
:108880009B0013449B00134A1A443B690433194666
:108890001046FEF760FC05E03B69183319460E48A8
:1088A000FEF759FC3B69DA6A0C4B1B68DB6A9A429B
:1088B00005D901237B610A4B01221A6001E00023E4
:1088C0007B617B6918461837BD4680BDFC3A0020A5
:1088D000DC3A0020003A0020943A0020FC390020C5
:1088E000E83A002080B483B000AF7860064B1A6885
:1088F0007B681A60054B1A687B685A6000BF0C37AA
:10890000BD465DF8047B7047EC3A0020D83A002061
:1089100080B588B000AF786039607B68002B0AD1E1
:108920004FF0500383F31188BFF36F8FBFF34F8F66
:108930003B6100BFFEE73B68002B0AD14FF05003BC
:1089400083F31188BFF36F8FBFF34F8FFB6000BFBE
:10895000FEE701F087F81D4B1B68BB617B685B6815
:10896000BA69D31A7B613B681B68B3F1FF3F02D140
:108970000023FB6123E07B681A68154B1B689A4251
:1089800007D07B685B68BA699A4202D30123FB6116
:1089900015E03B681B687A699A420BD23B681A68FB
:1089A0007B69D21A3B681A607868FFF79BFF002347
:1089B000FB6104E03B6800221A600123FB6101F0C7
:1089C00081F8FB6918462037BD4680BDD83A0020A3
:1089D000EC3A002080B400AF034B01221A6000BFC4
:1089E000BD465DF8047B7047E83A002080B582B050
:1089F00000AF786000F052F8064B1B68012BF9D9E4
:108A0000054B4FF080521A60BFF34F8FBFF36F8F4B
:108A1000F0E700BF003A002004ED00E080B582B02E
:108A200000AF00237B600CE07A6813469B00134480
:108A30009B00124A13441846FEF760FB7B68013323
:108A40007B607B68042BEFD90D48FEF757FB0D4880
:108A5000FEF754FB0C48FEF751FB0C48FEF74EFBAB
:108A60000B48FEF74BFB0B4B054A1A600A4B054AB5
:108A70001A6000BF0837BD4680BD00BF003A002025
:108A8000643A0020783A0020943A0020A83A002066
:108A9000C03A00208C3A0020903A002080B582B085
:108AA00000AF19E000F0DEFF104BDB68DB687B6095
:108AB0007B6804331846FEF7ABFB0D4B1B68013B8C
:108AC0000B4A13600B4B1B68013B0A4A136000F012
:108AD000F9FF786800F010F8064B1B68002BE1D115
:108AE00000BF00BF0837BD4680BD00BFA83A0020C8
:108AF000D43A0020BC3A002080B584B000AF786042
:108B00007B6893F85D30002B08D17B681B6B18469F
:108B100000F002FD786800F0FFFC18E07B6893F835
:108B20005D30012B03D1786800F0F6FC0FE07B6824
:108B300093F85D30022B0AD04FF0500383F3118875
:108B4000BFF36F8FBFF34F8FFB6000BFFEE700BF27
:108B50001037BD4680BD000080B483B000AF0C4B21
:108B60001B681B68002B04D10A4B4FF0FF321A60C0
:108B700008E0074B1B68DB68DB687B607B685B6831
:108B8000044A136000BF0C37BD465DF8047B704794
:108B90008C3A0020F43A002080B483B000AF054B3B
:108BA0001B687B607B6818460C37BD465DF8047B0C
:108BB000704700BFFC39002080B485B000AF7860FA
:108BC0007B68002B02D10D4B1B6800E07B68FB60CB
:108BD000FB68002B0AD14FF0500383F31188BFF3D9
:108BE0006F8FBFF34F8FBB6000BFFEE7FB681B6B4F
:108BF00018461437BD465DF8047B7047FC390020E9
:108C000080B485B000AF78607B68002B02D10D4B3B
:108C10001B6800E07B68FB60FB68002B0AD14FF00B
:108C2000500383F31188BFF36F8FBFF34F8FBB6087
:108C300000BFFEE7FB685B6C18461437BD465DF865
:108C4000047B7047FC39002080B483B000AF0B4B2D
:108C50001B68002B02D101237B6008E0084B1B68D6
:108C6000002B02D102237B6001E000237B607B6844
:108C700018460C37BD465DF8047B7047E03A00208B
:108C8000FC3A002080B584B000AF78607B68BB60A0
:108C90000023FB607B68002B5ED0BB68DA6A314B37
:108CA0001B68DB6A9A424ED2BB689B69002B06DBCD
:108CB0002C4B1B68DB6AC3F10502BB689A61BB6879
:108CC0005969BB68DA6A13469B0013449B00264A25
:108CD000134499422FD1BB6804331846FEF798FA23
:108CE0000346002B0AD1BB68DB6A012202FA03F3B8
:108CF000DA431E4B1B6813401C4A1360194B1B6858
:108D0000DA6ABB68DA62BB68DB6A01229A40174BF9
:108D10001B681343154A1360BB68DA6A13469B004D
:108D200013449B00104A1A44BB680433194610468A
:108D3000FEF711FA04E00B4B1B68DA6ABB68DA62D3
:108D40000123FB6008E0BB681A6D064B1B68DB6AF9
:108D50009A4201D20123FB60FB6818461037BD46DA
:108D600080BD00BFFC390020003A0020DC3A002022
:108D700080B586B000AF78607B683B6100237B6183
:108D80007B68002B6ED03A4B1B683A699A420AD036
:108D90004FF0500383F31188BFF36F8FBFF34F8FF2
:108DA000FB6000BFFEE73B695B6D002B0AD14FF013
:108DB000500383F31188BFF36F8FBFF34F8FBB60F6
:108DC00000BFFEE73B695B6D5A1E3B695A653B6914
:108DD000DA6A3B691B6D9A4244D03B695B6D002B9C
:108DE00040D13B6904331846FEF712FA0346002BC4
:108DF00015D13B69DA6A1F4913469B0013449B0057
:108E00000B441B68002B0AD13B69DB6A012202FA82
:108E100003F3DA43184B1B681340174A13603B698E
:108E20001A6D3B69DA623B69DB6AC3F105023B6993
:108E30009A613B69DB6A01229A400F4B1B6813431E
:108E40000D4A13603B69DA6A13469B0013449B008A
:108E5000084A1A443B69043319461046FEF77BF969
:108E600001237B617B6918461837BD4680BD00BF72
:108E7000FC390020003A0020DC3A002080B588B0A0
:108E800000AF786039607B68BB6101237B617B68E0
:108E9000002B77D0BB695B6D002B0AD14FF05003DC
:108EA00083F31188BFF36F8FBFF34F8FFB6000BF59
:108EB000FEE7BB691B6D3A689A4202D93B68FB61C9
:108EC00002E0BB691B6DFB61BB69DB6AFA699A4210
:108ED00058D0BB695B6D7A699A4253D12B4B1B68A2
:108EE000BA699A420AD14FF0500383F31188BFF355
:108EF0006F8FBFF34F8FBB6000BFFEE7BB69DB6ABC
:108F00003B61BB69FA69DA62BB699B69002B04DBD0
:108F1000FB69C3F10502BB699A61BB6959693A698A
:108F200013469B0013449B00194A1344994229D1CC
:108F3000BB6904331846FEF76BF90346002B0AD1D0
:108F4000BB69DB6A012202FA03F3DA43114B1B68A7
:108F50001340104A1360BB69DB6A01229A400D4B33
:108F60001B6813430B4A1360BB69DA6A13469B0004
:108F700013449B00064A1A44BB6904331946104641
:108F8000FEF7E9F800BF2037BD4680BDFC39002060
:108F9000003A0020DC3A002080B400AF074B1B6889
:108FA000002B04D0054B1B685A6D01325A65034BE8
:108FB0001B681846BD465DF8047B7047FC390020ED
:108FC00080B584B000AF78603960294B1B68FB60C6
:108FD000284B1B6804331846FEF71AF90346002B8A
:108FE0000BD1244B1B68DB6A012202FA03F3DA433C
:108FF000214B1B681340204A13607B68B3F1FF3F8D
:109000000AD13B68002B07D01A4B1B680433194662
:109010001A48FEF7A0F826E0FA687B681344BB60A4
:10902000144B1B68BA685A60BA68FB689A4209D246
:10903000134B1A680F4B1B68043319461046FEF792
:10904000AEF810E00F4B1A680A4B1B680433194640
:109050001046FEF7A4F80C4B1B68BA689A4202D27D
:10906000094ABB68136000BF1037BD4680BD00BF12
:10907000D83A0020FC390020DC3A0020C03A002019
:10908000903A00208C3A0020F43A002080B485B059
:1090900000AF0346FB800023FB60B7F90630842B4A
:1090A00005D0B7F90620FB6813440333FB60FB6867
:1090B00018461437BD465DF8047B704780B483B012
:1090C00000AFEFF305837B607B68002B14BF0123A7
:1090D0000023DBB218460C37BD465DF8047B7047B1
:1090E00080B500AFFFF714F90023184680BD80B5A6
:1090F00000AFFFF7E3FF0346002B03D0FFF722FA90
:10910000034602E0FFF70EFA0346184680BDF0B5AD
:1091100089B004AF786039607B685B69002B20D030
:109120007B689B69002B1CD07B685C687B681D6832
:109130007B681E697B68B3F908301846FFF7A6FF05
:1091400001467B685B697A6892690292019300919B
:109150003B68324629462046FEF786FE0346FB6002
:109160001CE07B685C687B681D687B681B699EB23D
:109170007B68B3F908301846FFF788FF024607F10D
:109180000C03019300923B68324629462046FEF7C5
:10919000C8FE0346012B01D0002300E0FB681846FF
:1091A0001437BD46F0BD80B584B000AF78607B68F1
:1091B000FB60FB68002B01D0FB6800E00123184630
:1091C000FFF772F8002318461037BD4680BD80B502
:1091D00086B002AF786039607B685B68002B16D080
:1091E0003B68012B0AD17B685B6803220092002256
:1091F00000210120FEF7B8F8034623E038683968FB
:109200007B685B681A46FEF784F903461AE03B6800
:10921000012B10D1032200210120FEF71DF9F86077
:10922000FB68002B05D0002300220021F868FEF720
:10923000DBF9FB6806E03B683A6811461846FEF722
:109240009FF9034618461037BD4680BD80B584B0EF
:1092500000AF786039600023BB607B68002B01D1D0
:1092600080233AE00023FB603B68B3F1FF3F03D16A
:109270004FF0FF33FB6009E03B68002B06D03B68F2
:10928000FB60FB68002B01D10123FB60FFF716FF99
:109290000346002B17D007F108031A46002178680F
:1092A000FEF73AFC0346012B01D0FF2315E0BB6813
:1092B000002B11D00B4B4FF080521A60BFF34F8F31
:1092C000BFF36F8F08E0F9687868FEF719FB034673
:1092D000012B01D0FF2300E0002318461037BD46C4
:1092E00080BD00BF04ED00E080B584B000AF7860C1
:1092F0000023FB600023BB60FFF7E0FE0346002B6A
:1093000016D007F1080319467868FEF76BFA034692
:10931000012B01D0FF2317E0BB68002B13D00C4BAF
:109320004FF080521A60BFF34F8FBFF36F8F0AE088
:109330000023002200217868FEF756F90346012B2E
:1093400001D0FF23FB60FB6818461037BD4680BD87
:1093500004ED00E080B584B000AF786039603B6810
:10936000FB60FB68002B01D0FB6800E0012319467D
:109370007868FEF71BFF002318461037BD4680BDF6
:1093800080B58AB000AF78600023FB61FFF720F85A
:109390005B4B1B68002B01D100F020F9594B1A6878
:1093A0007B681340002B40F093807B68002B1DD01E
:1093B00008227B6813447B607B6803F00703002B63
:1093C00014D07B6823F0070308337B607B6803F0CD
:1093D0000703002B0AD04FF0500383F31188BFF32B
:1093E0006F8FBFF34F8F7B6100BFFEE77B68002B61
:1093F0006ED0454B1B687A689A4269D8434B3B62F2
:10940000424B1B687B6204E07B6A3B627B6A1B68A1
:109410007B627B6A5B687A689A4203D97B6A1B68C5
:10942000002BF1D1364B1B687A6A9A4250D03B6AC6
:109430001B6808221344FB617B6A1A683B6A1A6046
:109440007B6A5A687B68D21A08235B009A421FD94C
:109450007A6A7B681344BB61BB6903F00703002B86
:109460000AD04FF0500383F31188BFF36F8FBFF31F
:109470004F8F3B6100BFFEE77B6A5A687B68D21A58
:10948000BB695A607B6A7A685A60B86900F008F96B
:109490001D4B1A687B6A5B68D31A1B4A13601A4B10
:1094A0001A681B4B1B689A4203D2174B1B68184A59
:1094B00013607B6A5A68134B1B681A437B6A5A60B5
:1094C0007B6A00221A60134B1B680133114A136038
:1094D000FEF78CFFFB6903F00703002B0AD04FF067
:1094E000500383F31188BFF36F8FBFF34F8FFB607F
:1094F00000BFFEE7FB6918462837BD4680BD00BFA8
:10950000083B00201C3B00200C3B0020003B0020BF
:10951000103B0020143B002080B586B000AF78607F
:109520007B687B617B68002B4DD008235B427A69A6
:1095300013447B617B693B613B695A68244B1B6820
:109540001340002B0AD14FF0500383F31188BFF36F
:109550006F8FBFF34F8FFB6000BFFEE73B691B6857
:10956000002B0AD04FF0500383F31188BFF36F8FA5
:10957000BFF34F8FBB6000BFFEE73B695A68144BD7
:109580001B681340002B1ED03B691B68002B1AD1AF
:109590003B695A680E4B1B68DB431A403B695A60B3
:1095A000FEF716FF3B695A680A4B1B681344094AC9
:1095B0001360386900F074F8074B1B680133064AE2
:1095C0001360FEF713FF00BF1837BD4680BD00BF14
:1095D0001C3B00200C3B0020183B002080B485B0D1
:1095E00000AF4FF48003BB60274BFB60FB6803F0C8
:1095F0000703002B0CD0FB680733FB60FB6823F0EC
:109600000703FB60BA68FB68D31A1F4A1344BB60A8
:10961000FB687B601D4A7B6813601C4B00225A600C
:109620007B68BA681344FB600822FB689B1AFB60E6
:10963000FB6823F00703FB60FB68154A1360144BBB
:109640001B6800225A60124B1B6800221A607B685C
:109650003B603B68FA68D21A3B685A600C4B1A6848
:109660003B681A603B685B680A4A13603B685B684A
:10967000094A1360094B4FF000421A6000BF1437CB
:10968000BD465DF8047B7047000000C0003B002031
:10969000083B0020103B00200C3B00201C3B00201E
:1096A00080B485B000AF7860284BFB6002E0FB68B7
:1096B0001B68FB60FB681B687A689A42F7D8FB68F6
:1096C000BB60FB685B68BA6813447A689A4208D149
:1096D000FB685A687B685B681A44FB685A60FB68E1
:1096E0007B607B68BB607B685B68BA681A44FB6818
:1096F0001B689A4218D1FB681A68154B1B689A427E
:109700000DD07B685A68FB681B685B681A447B68ED
:109710005A60FB681B681A687B681A6008E00C4B8B
:109720001A687B681A6003E0FB681A687B681A6035
:10973000FA687B689A4202D0FB687A681A6000BFB8
:109740001437BD465DF8047B704700BF003B002026
:10975000083B002080B586B000AF786000233B61F5
:109760000023FB604FF0FF33BB60FEF731FE224B5E
:109770001B687B617B69002B1AD03B6901333B611D
:109780007B695B68FA689A4202D27B695B68FB601E
:109790007B695B68BA689A4202D97B695B68BB6087
:1097A0007B691B687B61154B1B687A699A42E4D11F
:1097B000FEF71CFE7B68FA685A607B68BA689A609C
:1097C0007B683A69DA6000F04DF90D4B1A687B68E6
:1097D0001A600C4B1A687B685A610B4B1A687B68DD
:1097E0009A610A4B1A687B681A6100F06BF900BF36
:1097F0001837BD4680BD00BF003B0020083B00205D
:109800000C3B0020143B0020183B0020103B0020A4
:1098100080B485B000AFF860B9607A60FB68043B43
:10982000FB60FB684FF080721A60FB68043BFB60D2
:10983000BB6823F00102FB681A60FB68043BFB6015
:109840000C4AFB681A60FB68143BFB607A68FB6893
:109850001A60FB68043BFB60FB686FF002021A6051
:10986000FB68203BFB60FB6818461437BD465DF87B
:10987000047B70477998000880B485B000AF00235E
:109880007B60124B1B68B3F1FF3F0AD04FF05003CF
:1098900083F31188BFF36F8FBFF34F8FFB6000BF5F
:1098A000FEE74FF0500383F31188BFF36F8FBFF3D0
:1098B0004F8FBB6000BF00BF7B68002BFCD000BF98
:1098C00000BF1437BD465DF8047B70475801002087
:1098D000074B19680868B0E8F04F80F30988BFF3B8
:1098E0006F8F4FF0000080F311887047AFF3008056
:1098F000FC39002000BF00BF08480068006880F302
:1099000008884FF0000080F3148862B661B6BFF398
:109910004F8FBFF36F8F00DF00BF00BF08ED00E087
:1099200080B586B000AF464B1B68464A93420AD1C9
:109930004FF0500383F31188BFF36F8FBFF34F8F46
:109940003B6100BFFEE73E4B1B683F4A93420AD192
:109950004FF0500383F31188BFF36F8FBFF34F8F26
:10996000FB6000BFFEE7394B7B617B691B78DBB294
:109970007B607B69FF221A707B691B78DBB2FB700E
:10998000FB78DBB203F05003DAB2314B1A70314B83
:1099900007221A6009E02F4B1B68013B2D4A136018
:1099A000FB78DBB25B00DBB2FB70FB78DBB203F071
:1099B0008003802BEFD0274B1B68C3F10703042BD8
:1099C0000AD04FF0500383F31188BFF36F8FBFF3BA
:1099D0004F8FBB6000BFFEE71E4B1B681B021D4A7A
:1099E00013601C4B1B6803F4E0631A4A13607B6826
:1099F000DAB27B691A70184B1B68174A43F470037C
:109A00001360154B1B68144A43F07043136000F059
:109A1000DDF8124B00221A6000F0FCF8104B1B68B6
:109A20000F4A43F040431360FFF766FFFEF778FEEE
:109A3000FFF722FF002318461837BD4680BD00BF40
:109A400000ED00E071C20F4170C20F4100E400E080
:109A5000203B0020243B002020ED00E058010020A6
:109A600034EF00E080B483B000AF4FF0500383F3D5
:109A70001188BFF36F8FBFF34F8F7B6000BF0F4B19
:109A80001B6801330D4A13600C4B1B68012B0FD16F
:109A90000B4B1B68DBB2002B0AD04FF0500383F353
:109AA0001188BFF36F8FBFF34F8F3B6000BFFEE79E
:109AB00000BF0C37BD465DF8047B7047580100209D
:109AC00004ED00E080B483B000AF124B1B68002BA4
:109AD0000AD14FF0500383F31188BFF36F8FBFF3A8
:109AE0004F8F7B6000BFFEE70A4B1B68013B094AB2
:109AF0001360084B1B68002B05D100233B603B68BB
:109B000083F3118800BF00BF0C37BD465DF8047BAE
:109B1000704700BF58010020000000000000000056
:109B2000EFF30980BFF36F8F154B1A681EF0100F0B
:109B300008BF20ED108A20E9F04F10602DE90900E0
:109B40004FF0500080F31188BFF34F8FBFF36F8F3A
:109B5000FEF7E6FD4FF0000080F3118809BC19689C
:109B60000868B0E8F04F1EF0100F08BFB0EC108A84
:109B700080F30988BFF36F8F704700BFAFF3008099
:109B8000FC39002000BF00BF80B582B000AF4FF0AD
:109B9000500383F31188BFF36F8FBFF34F8F7B6048
:109BA00000BFFEF705FD0346002B03D0064B4FF028
:109BB00080521A6000233B603B6883F3118800BF2A
:109BC00000BF0837BD4680BD04ED00E080B400AFA3
:109BD0000B4B00221A600B4B00221A600A4B1B68C9
:109BE0000A4AA2FB03239B09094A013B1360044B69
:109BF00007221A6000BFBD465DF8047B704700BFB6
:109C000010E000E018E000E084020020D34D621074
:109C100014E000E0DFF80C00016841F4700101601D
:109C2000704700BF88ED00E080B485B000AFEFF36F
:109C30000583FB60FB680F2B14D9174AFB6813449C
:109C40001B78FB72154B1B78FA7A9A420AD24FF0B6
:109C5000500383F31188BFF36F8FBFF34F8F7B6087
:109C600000BFFEE70E4B1B6803F4E0620D4B1B6860
:109C70009A420AD94FF0500383F31188BFF36F8FD4
:109C8000BFF34F8F3B6000BFFEE700BF1437BD46F8
:109C90005DF8047B704700BFF0E300E0203B00204C
:109CA0000CED00E0243B002080B485B000AF78606C
:109CB0007B68FB600023FB72FB681B78302B0CD1A8
:109CC000FB6801331B78782B04D0FB6801331B78C9
:109CD000582B02D10323FB7216E0FB681B78302B54
:109CE0000CD1FB6801331B78622B04D0FB68013375
:109CF0001B78422B02D10123FB7205E0FB681B7825
:109D0000302B0ED10223FB720BE0FB681B782E2B4D
:109D100007D1FB6801331B78002B02D00423FB72B0
:109D200005E0FB685A1CFA601B78002BEDD1FB7A2A
:109D300018461437BD465DF8047B704780B483B085
:109D400000AF0346FB71FB792F2B06D9FB79392B2A
:109D500003D8FB79303BDBB214E0FB79602B06D9EA
:109D6000FB79662B03D8FB79573BDBB20AE0FB7922
:109D7000402B06D9FB79462B03D8FB79373BDBB266
:109D800000E0002318460C37BD465DF8047B7047A1
:109D900080B485B000AF78607B680133BB6000237E
:109DA000FB73BB681B785C2B49D1BB6801331B7804
:109DB000302B3DD0302B3EDB742B3CDC622B3ADB6E
:109DC000623B122B37D801A252F823F0199E0008EB
:109DD000379E0008379E0008379E0008379E00080F
:109DE000379E0008379E0008379E0008379E0008FF
:109DF000379E0008379E0008379E0008259E000801
:109E0000379E0008379E0008379E00081F9E0008F6
:109E1000379E00082B9E00080823FB7312E00D23D9
:109E2000FB730FE00A23FB730CE00923FB7309E0CB
:109E30000023FB7306E0BB685B78FB7302E0BB6842
:109E40001B78FB73FB7B18461437BD465DF8047B1B
:109E5000704700BF90B585B000AF78607B68FB604D
:109E600000237B817B681B78222B2DD17B680133FB
:109E70007B607B68FB6027E0FB681B785C2B0DD167
:109E8000FB68591E7B897A68D4180846FFF780FF63
:109E900003462370FB680133FB600FE0FB681B780F
:109EA000222B05D17B897A68134400221A7005E0C1
:109EB0007B897A681344FA6812781A70FB68013358
:109EC000FB607B8901337B81FB681B78002BD3D13E
:109ED0007B897A68134400221A707B68184614370D
:109EE000BD4690BD90B58BB000AF78600023FB7489
:109EF0000A2387F827307B683B620023FB77012326
:109F0000BB770023BB614FF00003FB6000237B6144
:109F10007B681B782D2B01D1FF23BB7797F91E306F
:109F2000B3F1FF3F01D1012300E000237A6813441D
:109F30001846FFF7B9FE0346FB74FB7C032B06D0E3
:109F4000032B16DC012B0ED0022B06D011E01023C0
:109F500087F827300223FB770CE0082387F82730A7
:109F60000123FB7706E0022387F827300223FB77E3
:109F700000E000BFFB7F97F91E20B2F1FF3F01D147
:109F8000012200E0002213447A6813443B621FE080
:109F90003B6A1B782E2B05D101237B613B6A013381
:109FA0003B6215E097F82730BA6902FB03F43B6A7D
:109FB0001B781846FFF7C2FE03462344BB617A694B
:109FC00013469B0013445B007B613B6A01333B6299
:109FD0003B6A1B78002BDBD1FB7C042B1CD17B69FB
:109FE000002B19D0BB6907EE903AF8EE676A7B69DF
:109FF00007EE903AF8EE677A86EEA77A97F91E3068
:10A0000007EE903AF8EEE77A67EE277AC7ED037A23
:10A0100007F10C031B6804E097F91E30BA6902FBD4
:10A0200003F318462C37BD4690BD80B584B000AF11
:10A03000786039603B68591C7B689A6D00237868AA
:10A0400000F09FFEF860FB68002B05D0F968786887
:10A0500000F0F4FE034600E0002318461037BD462A
:10A0600080BD80B582B000AF786039603B681B78F6
:10A07000272B09D13B6801331B78002B04D03868AB
:10A08000FFF786FE034629E03B681B782D2B07D09F
:10A090003B681B782F2B08D93B681B78392B04D8D9
:10A0A0003868FFF71FFF034618E03B681B78242B36
:10A0B0000AD13B6801331B78002B05D039687868DA
:10A0C000FFF7B3FF034609E03B681B78002B04D081
:10A0D0003868FFF7BFFE034600E000231846083744
:10A0E000BD4680BDF0B595B004AF78613961FA60C6
:10A0F000BB6007F1180320220021184610F008FC6D
:10A100003B699B78C3F30303DBB21A46FB689342B7
:10A1100005DC3B699B78C3F30303DBB201E0FB681A
:10A12000013BBB630023FB6315E0FB6B01339B002A
:10A13000BA6813441B6819467869FFF792FF024614
:10A14000FB6B9B00383307F108010B4443F8282CC4
:10A15000FB6B0133FB63FB68013BFA6B9A42E4DB68
:10A16000BB6B072B65D801A252F823F08DA1000824
:10A1700097A10008A5A10008B5A10008C5A1000885
:10A18000D7A10008EFA100080DA200083B699B6859
:10A19000984703464FE03B699B68BA691046984769
:10A1A000034648E03B699B68BA69F96910469847DD
:10A1B000034640E03B699B68B869F9693A6A984789
:10A1C000034638E03B699C68B869F9693A6A7B6A7A
:10A1D000A04703462FE03B699C68B869F9693A6A71
:10A1E0007D6ABB6A00932B46A047034623E03B6988
:10A1F0009C68B869F9693D6A7E6ABB6AFA6A01922D
:10A20000009333462A46A047034614E03B699C6806
:10A21000B869FD693E6A7B6A7B60BB6AFA6A396B22
:10A220000291019200937B6832462946A04703467B
:10A2300001E04FF0FF3318464437BD46F0BD00BF84
:10A2400080B483B000AF0023FB801EE0B7F9063076
:10A25000134A52F82330002B11D0B7F90630104AB8
:10A2600052F8233093F8603003F00203DBB2002B86
:10A2700005D0B7F906300A4A52F823300AE0B7F998
:10A2800006309BB201339BB2FB80B7F90630042B3A
:10A29000DCDD002318460C37BD465DF8047B7047B3
:10A2A000283B002080B582B000AF78600B46FB7081
:10A2B0007B689B6EFA1C01211046984700BF083747
:10A2C000BD4680BD90B585B000AF78603960002391
:10A2D000FB817B689B6E002B01D100230AE07B6829
:10A2E0009C6E3868F6F70CF803469BB2194638683E
:10A2F000A047FB8918461437BD4690BD80B582B093
:10A3000000AF78600B46FB707B6893F8603003F019
:10A310000103DBB2002B22D0FB78002B03D01549C0
:10A320007868FFF7CFFF7B681B685B681946786821
:10A33000FFF7C8FF10497868FFF7C4FF7B689B6888
:10A34000002B02D07B689B6800E00C4B19467868B4
:10A35000FFF7B8FF0A497868FFF7B4FF05E0094B3B
:10A360001B6B19467868FFF7ADFF00BF0837BD4685
:10A3700080BD00BF1CDF010820DF010824DF0108C9
:10A3800028DF01085C01002080B483B000AF786052
:10A3900039603B681B78002B0FD03B685B7803F07B
:10A3A0000F03DBB2082B08D03B681A787B681B6868
:10A3B0001B781340DBB2002B10D07B6893F8603021
:10A3C00003F00103DBB2002B06D13B685B7803F09E
:10A3D0001003DBB2002B01D0002301E04FF0FF336C
:10A3E00018460C37BD465DF8047B704780B485B0D5
:10A3F00000AF786039600823FB733B6808330022A4
:10A400001A7018E07B68DBB203F00F03BB73BB7BF1
:10A41000092B03D9BB7B5733DBB202E0BB7B303364
:10A42000DBB2FA7B013AFA73FA7B39680A4413709B
:10A430007B681B097B607B68002BE3D1FB7BC3F14E
:10A440000803DBB25BB218461437BD465DF8047BE7
:10A450007047000080B485B000AF786039600B238E
:10A46000FB737B68BB607B68002B02DA7B685B4216
:10A47000BB603B680B3300221A701DE0BA68204BAA
:10A4800083FB02139910D317C91A0B469B000B4488
:10A490005B00D11ACAB2FB7B013BFB73FB7B3968C3
:10A4A0000B443032D2B21A70BB68154A82FB0312D9
:10A4B0009210DB17D31ABB60BB68002BDED17B6820
:10A4C000002B07DAFB7B013BFB73FB7B3A681344F1
:10A4D0002D221A707B68002B07D1FB7B013BFB739D
:10A4E000FB7B3A68134430221A70FB7BC3F10B03E9
:10A4F000DBB25BB218461437BD465DF8047B70478B
:10A500006766666680B485B000AF78603960002306
:10A51000FB810AE0FB893A681A44FB8979680B449D
:10A5200012781A70FB890133FB81FB893A68134466
:10A530001B78002BEED1FB897A68134400221A7035
:10A54000FB8918461437BD465DF8047B704780B41C
:10A5500085B000AF786039600023FB810023BB81A8
:10A560000FE0BB897A6813441A78BB8939680B44B9
:10A570001B789A4212D1FB890133FB81BB890133DD
:10A58000BB81BB897A6813441B78002B07D0BB8939
:10A590003A6813441B78002BE3D100E000BFFB892D
:10A5A00018461437BD465DF8047B704780B584B00B
:10A5B00000AF78600023FB7306E0FB7B184A302174
:10A5C000D154FB7B0133FB73FB7B082BF5D97B68F4
:10A5D0005B78C3F30303DBB2012B02D87B685B68B3
:10A5E0001AE07B685B78C3F30303DBB2072B02D866
:10A5F0007B685B6810E07B685B78C3F30303DBB2C6
:10A60000082B02D87B685B6806E07B685B680449BE
:10A610001846FFF7EBFE024B18461037BD4680BDCB
:10A620003C3B002080B483B000AF78607B685B78EF
:10A63000C3F30303DBB2012B02D87B68DB6815E0B0
:10A640007B685B78C3F30303DBB2072B02D87B681C
:10A65000DB680BE07B685B78C3F30303DBB2082B9A
:10A6600002D87B68DB6801E07B68DB6818460C3742
:10A67000BD465DF8047B704780B584B000AF78605C
:10A6800039603868FFF792FF034619467868FFF78C
:10A6900019FE0346C3F116039BB2FB81B7F90E30D6
:10A6A000002B02DDB7F90E3000E00423FB812D21E1
:10A6B0007868FFF7F7FDFB89013B9BB2FB81B7F997
:10A6C0000E30002BF3D13B685B78C3F30303DBB29E
:10A6D000012B06D81D4B1B6C19467868FFF7F2FD5D
:10A6E0002FE03B685B78C3F30303DBB2072B06D88C
:10A6F000164B5B6C19467868FFF7E4FD21E03B6878
:10A700005B78C3F30303DBB2082B06D80F4B9B6CBB
:10A7100019467868FFF7D6FD13E03B685B78C3F312
:10A720000303DBB2092B06D8084BDB6C19467868AB
:10A73000FFF7C8FD05E0054B1B6D19467868FFF76C
:10A74000C1FD00BF1037BD4680BD00BF5C010020C9
:10A7500080B584B000AF78607B689B6DBB601D4B9B
:10A760009B6819467868FFF7ADFD0023FB8125E063
:10A77000B7F90E301B01BA6813445B78C3F30303C7
:10A78000DBB2012B14D8B7F90E301B01BA681344A1
:10A7900019467868FFF7F8FD0346002B08D1B7F992
:10A7A0000E301B01BA68134419467868FFF764FF3E
:10A7B000B7F90E309BB201339BB2FB81B7F90E3073
:10A7C0007A68B2F85C209342D2DB00BF00BF10373A
:10A7D000BD4680BD5C01002080B584B000AF7860CC
:10A7E0007B689B6DBB60234BDB6819467868FFF77D
:10A7F00069FD0023FB8130E0B7F90E301B01BA6818
:10A8000013445B78C3F30303DBB2012B1FD9B7F901
:10A810000E301B01BA6813445B78C3F30303DBB249
:10A82000072B14D8B7F90E301B01BA681344194628
:10A830007868FFF7A9FD0346002B08D1B7F90E3061
:10A840001B01BA68134419467868FFF715FFB7F97A
:10A850000E309BB201339BB2FB81B7F90E307A68A0
:10A86000B2F85C209342C7DB00BF00BF1037BD4683
:10A8700080BD00BF5C01002080B584B000AF78606F
:10A880007B689B6DBB60234B1B6919467868FFF79B
:10A8900019FD0023FB8130E0B7F90E301B01BA68C7
:10A8A00013445B78C3F30303DBB2072B1FD9B7F95B
:10A8B0000E301B01BA6813445B78C3F30303DBB2A9
:10A8C000082B14D8B7F90E301B01BA681344194687
:10A8D0007868FFF759FD0346002B08D1B7F90E3011
:10A8E0001B01BA68134419467868FFF7C5FEB7F92B
:10A8F0000E309BB201339BB2FB81B7F90E307A6800
:10A90000B2F85C209342C7DB00BF00BF1037BD46E2
:10A9100080BD00BF5C01002080B584B000AF7860CE
:10A920007B689B6DBB60234B5B6919467868FFF7BA
:10A93000C9FC0023FB8130E0B7F90E301B01BA6877
:10A9400013445B78C3F30303DBB2082B1FD9B7F9B9
:10A950000E301B01BA6813445B78C3F30303DBB208
:10A96000092B14D8B7F90E301B01BA6813441946E5
:10A970007868FFF709FD0346002B08D1B7F90E30C0
:10A980001B01BA68134419467868FFF775FEB7F9DA
:10A990000E309BB201339BB2FB81B7F90E307A685F
:10A9A000B2F85C209342C7DB00BF00BF1037BD4642
:10A9B00080BD00BF5C01002080B582B000AF786030
:10A9C0007868FFF7C5FE00BF0837BD4680BD0000B0
:10A9D00080B582B000AF78600B46FB7003E007499A
:10A9E0007868FFF76FFCFB785A1EFA70002BF6D1DF
:10A9F00000BF00BF0837BD4680BD00BF2CDF010887
:10AA000080B584B000AF78607B689A897B68DB8909
:10AA1000D31A9BB2FB8109E020217868FFF742FC42
:10AA2000B7F90E309BB2013B9BB2FB81B7F90E30F8
:10AA3000002BF1DC7B689B89DBB219467868FFF755
:10AA4000C7FF00BF1037BD4680BD80B584B000AFE2
:10AA500078600B46FB7097F90330B3F1FF3F0CBFF2
:10AA600001230023DBB27B727B68DB89002B04D1DE
:10AA700097F90330012B00F0A7807B68DA897B68A7
:10AA80009B899A4205D197F90330B3F1FF3F00F05B
:10AA90009B807B68DA897B689B899A421BD197F9F6
:10AAA0000330012B17D17B68DB89013B9AB27B68AD
:10AAB000DA817B689B89013B9AB27B689A817B68CB
:10AAC0001B697A689289134400221A700121786800
:10AAD000FFF77EFF79E07B7AFB811AE07B681B69D8
:10AAE0007A68D2891146B7F90E200A441A447B6865
:10AAF00019697B68DB891846B7F90E300344013BBE
:10AB00000B4412781A70B7F90E309BB201339BB226
:10AB1000FB81B7F90E207B689B8919467B68DB892E
:10AB2000CB1A9A42DADB7B689B89013B9AB27B683D
:10AB30009A817B7A002B09D17B68DB89013B9AB231
:10AB40007B68DA8108217868FFF7ACFB7B681B69BA
:10AB50007A689289134400221A707B68DB89BB8172
:10AB60000FE07B681A69B7F90C3013441B7819465B
:10AB70007868FFF797FBB7F90C309BB201339BB2B3
:10AB8000BB81B7F90C307A6892899342E9DB2021C6
:10AB90007868FFF787FB7B689A897B68DB89D31A23
:10ABA0009BB201339BB27B8109E008217868FFF7F3
:10ABB00079FBB7F90A309BB2013B9BB27B81B7F9B5
:10ABC0000A30002BF1DC00E000BF1037BD4680BD2D
:10ABD00090B484B000AF78600023FB730123BB7393
:10ABE0000023BB810DE0B7F90C307A6804339B0079
:10ABF000134400225A60B7F90C309BB201339BB268
:10AC0000BB81B7F90C30072BEDDD7B680022DA86BB
:10AC100000237B8156E0FB7B002B0DD17B681A69FA
:10AC20007B8913441B78202B3FD07B681A697B8972
:10AC300013441B78002B38D07B681A697B89134436
:10AC40001B78222B06D1FB7B002B0CBF012300239A
:10AC5000DBB2FB73BB7B012B14D17B68DB8E072B34
:10AC60000ED87B6819697A897B68DB8E581C84B2A0
:10AC70007868C4860A44796804339B000B445A60A0
:10AC80000023BB737B681A697B8913441B785C2B98
:10AC900014D17B681A697B89013313441B78002B1C
:10ACA0000CD07B8901337B8108E07B681A697B8942
:10ACB000134400221A700123BB7300E000BF7B899C
:10ACC00001337B817B689B897A899A42A3D300BF39
:10ACD00000BF1037BD4690BC704780B584B000AF50
:10ACE00078600023FB8142E0FB897A6804339B0093
:10ACF00013445B681B78222B14D1FB897A680433D8
:10AD00009B0013445B6800221A70FB897A68043345
:10AD10009B0013445A68FB890132796804339B0015
:10AD20000B445A60FB897A6804339B0013445B68C8
:10AD30001846F5F7E5FA0346BB81FB897A680433C8
:10AD40009B0013445A68BB89013B13441B78222B98
:10AD50000AD1FB897A6804339B0013445A68BB8983
:10AD6000013B134400221A70FB890133FB817B688D
:10AD7000DB8EFA899A42B7D300BF00BF1037BD46B9
:10AD800080BD80B586B000AFF860B9607A607B8026
:10AD9000FB68B3F85C207B68F968896D5B1A1B0956
:10ADA0009BB2D31ABB820023FB823DE0FB8A1B01CE
:10ADB0007A6813445B7803F00F03DBB2092B2FD0C2
:10ADC000FB8A1B017A6813441946F868FFF7DCFA1E
:10ADD0000346002B24D1FB8A1B017A6813441846D2
:10ADE000FFF7E4FB38617B88002B0BD13969B86829
:10ADF000F5F77CFA0346002B13D1FB8A1B017A6816
:10AE0000134416E07B881A463969B86810F005FBD0
:10AE10000346002B05D1FB8A1B017A68134408E026
:10AE200000BFFB8A0133FB82FA8ABB8A9A42BDD3F8
:10AE3000002318461837BD4680BD000080B584B099
:10AE400000AF786039600023FB603B685B78C3F338
:10AE50000303DBB2023B052B34D801A252F823F0E6
:10AE600079AE000883AE00088FAE000899AE0008E6
:10AE700099AE0008A1AE00083B689B681B68FB60A8
:10AE800021E03B689B68B3F90030FB601BE03B6846
:10AE90009B681B78FB6016E03B689B68FB6012E0D8
:10AEA0003B689B685B68002B09D03B689B685B68CC
:10AEB0003A689268126810469847034600E00023FB
:10AEC000FB6000E000BFFB6818461037BD4680BD40
:10AED00080B584B000AFF860B9607A60BB685B7819
:10AEE00003F04003DBB2002B06D0324B1B6A19463D
:10AEF000F868FFF7E7F954E0BB685B78C3F3030336
:10AF0000DBB2023B052B49D801A252F823F000BF67
:10AF100029AF000833AF00083FAF00084BAF00086F
:10AF20005BAF000869AF0008BB689B687A681A606D
:10AF300037E0BB689B687A6812B21A8031E0BB6860
:10AF40009B687A68D2B21A702BE0BB689B687A68FB
:10AF500011461846FFF7D6FA23E0164BDB6919466F
:10AF6000F868FFF7AFF91CE0BB689B689B68002B93
:10AF700016D0BB689B681B68002B09D0BB689B6818
:10AF80009B68BA689268126879681046984707E02B
:10AF9000BB689B689B687868984701E000BF00E049
:10AFA00000BFB968F86800F007F803461846103784
:10AFB000BD4680BD5C01002080B588B000AF7860E0
:10AFC0003960344A07F10C0307CA83E8070039687F
:10AFD0007868FFF733FFB8613B685B6819467868AB
:10AFE000FFF770F92C497868FFF76CF93B685B78DC
:10AFF000C3F30303DBB2052B0DD128497868FFF7B3
:10B0000061F9BB6919467868FFF75CF923497868EC
:10B01000FFF758F935E007F10C031946B869FFF757
:10B0200019FA0346C3F10B0307F10C021344194646
:10B030007868FFF747F91A497868FFF743F9002362
:10B04000FB830CE0B7F91E3020333B44302203F879
:10B05000142CB7F91E309BB201339BB2FB83B7F9B6
:10B060001E300A2BEEDDBB6907F10C0211461846B3
:10B07000FFF7BCF907F10C0319467868FFF722F9CE
:10B0800000BF08497868FFF71DF9BB6918462037EB
:10B09000BD4680BD40DF010830DF010834DF010814
:10B0A00038DF01081CDF010880B584B000AF78608C
:10B0B0003960FFF7C5F8F860FB68002B01D1002369
:10B0C00032E0FB689A6D00237968F868FFF759FE53
:10B0D000B860BB68002B07D1154B9B6A1946F8680E
:10B0E000FFF7F0F800231FE0BB685B78C3F30303AE
:10B0F000DBB2012B06D9BB685B78C3F30303DBB279
:10B10000072B0BD97968F868FFF7DCF8084B5B6A06
:10B110001946F868FFF7D6F8002305E03A68B968E1
:10B12000F868FFF7D5FE034618461037BD4680BDC8
:10B130005C01002080B584B000AF786039600023E6
:10B14000FB607A6892F8603043F0020382F8603066
:10B150003B685B7803F00F03DBB2002B18D17868F3
:10B16000FFF7BBFD3B689B687A68D28E10467A6811
:10B17000143211469847F8603B685B7803F020036F
:10B18000DBB2002B3FD1F968786800F0C1F83AE0F3
:10B190003B685B7803F00F03DBB2012B15D17B68B2
:10B1A000DB8E1A467B68143339687868FEF79AFF9D
:10B1B000F8603B685B7803F02003DBB2002B22D100
:10B1C000F968786800F0A4F81DE03B685B78C3F389
:10B1D0000303DBB2012B0BD93B685B78C3F303039A
:10B1E000DBB2072B04D839687868FFF7E5FE0AE080
:10B1F0003B685B7803F00F03DBB2082B03D139689F
:10B20000786800F03DF87A6892F860306FF3410397
:10B2100082F86030FB6818461037BD4680BD0000DC
:10B2200080B582B000AF78607B681A697B681B6864
:10B230009B6819461046F5F759F80346002B0DD1C7
:10B240007A6892F8603043F0010382F860300B4B6B
:10B250001B6819467868FFF735F805E0074B5B6B0C
:10B2600019467868FFF72EF87B6800229A817B6880
:10B270000022DA8100BF0837BD4680BD5C01002096
:10B2800080B582B000AF786039607B683A681A6038
:10B290003B689B68002B13D03B689B681B78002B96
:10B2A0000ED07B68DB8E012B0CD93B689A687B68DB
:10B2B0009B6919461046F5F719F80346002B01D192
:10B2C000012300E0002303F00103D9B27A6892F869
:10B2D000603061F3000382F860300C4B9B6B1946C1
:10B2E0007868FEF7EFFF7B6893F8603003F00103A6
:10B2F000DBB2002B05D0054B1B6819467868FEF7BA
:10B30000E1FF00BF0837BD4680BD00BF5C010020E3
:10B3100080B586B000AF78603960234A07F1080332
:10B3200007CA83E8070021497868FEF7CBFF07F1D9
:10B33000080319463868FFF78DF80346C3F10B037D
:10B3400007F10802134419467868FEF7BBFF184955
:10B350007868FEF7B7FF0023FB820CE0B7F91630E0
:10B3600018333B44302203F8102CB7F916309BB247
:10B3700001339BB2FB82B7F916300A2BEEDD3B6836
:10B3800007F1080211461846FFF730F807F10803E5
:10B3900019467868FEF796FF06497868FEF792FF2F
:10B3A00000BF1837BD4680BD40DF01084CDF0108F3
:10B3B00038DF01081CDF010880B582B000AF78607B
:10B3C0007B680022A3F854207B68B3F85030002B30
:10B3D00018D07B68B3F85230002B04D07B68B3F8E8
:10B3E0005230013B00E004237A680E339B00134483
:10B3F0005A687B681B6919461046F4F777FF0346C5
:10B40000002B33D07B68B3F852307A680E339B0040
:10B4100013445A687B681B6919461046FFF772F897
:10B420000346002B07D07B68B3F8523001339AB241
:10B430007B68A3F852207B68B3F8503001339AB28E
:10B440007B68A3F850207B68B3F85030052B03D9F4
:10B450007B680522A3F850207B68B3F85230042B98
:10B4600005D97B680022A3F8522000E000BF08370E
:10B47000BD4680BD80B582B000AF78600B46FB70E2
:10B4800097F90330002B28DD7B68B3F9542093B281
:10B49000013B9BB219B27B68A3F8541011467B683C
:10B4A000B3F852207B68B3F85030934238BF13464C
:10B4B0009BB25B42994228DC7B68B3F852207B68E0
:10B4C000B3F85030934238BF13469BB25B429BB2F5
:10B4D0001AB27B68A3F8542017E097F90330002BC9
:10B4E00053DA7B68B3F954309BB201339BB21AB282
:10B4F0007B68A3F854207B68B3F95430002B04DD3B
:10B500007B680022A3F8542042E07868FFF778FABD
:10B510007B68B3F95430002B07D17B6800229A81F5
:10B520007B689A897B68DA8132E07B6818697B687E
:10B53000B3F8523005337A68B2F954209918164B93
:10B5400083FB01235A10CB17D21A13469B001344D6
:10B55000CA1A796802F10E039B000B445B68194616
:10B56000FEF7D0FF03461A467B689A817B689B8969
:10B57000002B0CD07B689A897B68DA817B681B6919
:10B5800019467868FEF79EFE02E000BF00E000BFAB
:10B590000837BD4680BD00BF6766666680B584B06B
:10B5A00000AF78607B689B89002B3FD07B681B696C
:10B5B0007A689289134400221A707B6893F860308D
:10B5C00003F00103DBB2002B2CD07868FFF7F4FE08
:10B5D0007868FFF7FDFA7B680022DA817B68DA89F8
:10B5E0007B689A817B68DB8E002B21D012497868BA
:10B5F000FEF768FE7B6859697B689A6D002378685E
:10B60000FFF7BFFBF860FB68002B04D0F96878688F
:10B61000FFF790FD0DE0094B9B6919467868FEF72E
:10B6200051FE06E07868FFF7FBFD02E000BF00E096
:10B6300000BF1037BD4680BD1CDF01085C01002043
:10B6400080B582B000AF786001217868FFF712FF03
:10B6500000BF0837BD4680BD80B582B000AF7860BE
:10B660004FF0FF317868FFF705FF00BF0837BD4690
:10B6700080BD80B582B000AF78607B68DA897B6876
:10B680009B899A420DD27B681A697B68DB89591CB9
:10B6900088B27968C88113441B7819467868FEF728
:10B6A00001FE00BF0837BD4680BD80B582B000AF47
:10B6B00078607B68DB89002B09D008217868FEF769
:10B6C000F1FD7B68DB89013B9AB27B68DA8100BFC0
:10B6D0000837BD4680BD000090B587B000AF7860E8
:10B6E0007B689B8E7B820023BB820023FB827B686E
:10B6F0009B89002B07D17868FFF75EF901217868F4
:10B70000FEF7FCFDB6E07B689B89002B00F0B28061
:10B710007B681B697A689289134400221A707B68DF
:10B720009B6DFB6000233B825AE0B7F910301B0190
:10B73000FA68134419467868FEF726FE0346002B84
:10B7400048D17B681C69B7F910301B01FA681344B3
:10B750001846FEF72BFF034619462046FEF7F7FE74
:10B7600003461A467B689B899A4233D1FB8A002B99
:10B770002BD0FB8A012B03D140497868FEF7A2FD4C
:10B78000BB8A1B01FA68134419467868FEF774FFF8
:10B79000BB8A1B01FA6813441846FEF707FF0446EC
:10B7A000B7F910301B01FA6813441846FEF7FEFE85
:10B7B000034619462046FEF7CAFE03467B817A8A75
:10B7C0007B89934228BF13467B823B8ABB82FB8ADC
:10B7D0000133FB82B7F910309BB201339BB23B823D
:10B7E000B7F910307A68B2F85C2093429DDBFB8A8F
:10B7F000002B3ED0FB8A012B02D17868FFF700F9BD
:10B80000FB8A002B11D07B681C69BB8A1B01FA687C
:10B8100013441846FEF7CAFE034619462046FEF7B3
:10B8200071FE03461A467B689A81FB8A012B0ED96A
:10B83000BB8A1B01FA68134419467868FEF71CFF9F
:10B8400001217868FEF75AFD7B687A8A9A817B68C5
:10B850001B697A689289134400221A707B689A895E
:10B860007B68DA817B681B6919467868FEF72AFDD8
:10B8700000E000BF1C37BD4690BD00BF1CDF0108C3
:10B8800080B582B000AF786001217868FFF7DDF8FD
:10B8900000BF0837BD4680BD80B582B000AF78607C
:10B8A0004FF0FF317868FFF7D0F800BF0837BD468A
:10B8B00080BD80B582B000AF78607868FFF76EFE1B
:10B8C00001217868FEF71AFD00BF0837BD4680BD2C
:10B8D00080B584B000AF78603960FEF7B1FCF860E5
:10B8E000FB68002B3CD07B68012B03D1F868FFF785
:10B8F00063F836E07B68012B33DD3B68043319685D
:10B90000FB689A6D0023F868FFF73BFAB860BB68E4
:10B91000002B1ED0144BDB6A1946F868FEF7D2FCE8
:10B92000B868FEF743FE03461946F868FEF7CAFCFE
:10B930000E49F868FEF7C6FCB868FEF773FE0346CA
:10B940001946F868FEF7BEFC0849F868FEF7BAFC2D
:10B9500007E0054B9B691946F868FEF7B3FC00E069
:10B9600000BF1037BD4680BD5C0100201CDF010810
:10B9700080B582B000AFFEF763FC78607B68002B77
:10B9800002D07868FEF778FF00BF0837BD4680BD5B
:10B9900080B582B000AFFEF753FC78607B68002B67
:10B9A00002D07868FEF7D4FE00BF0837BD4680BDE0
:10B9B00080B582B000AFFEF743FC78607B68002B57
:10B9C00002D07868FEF708FF00BF0837BD4680BD8B
:10B9D00080B582B000AFFEF733FC78607B68002B47
:10B9E00002D07868FEF798FF00BF0837BD4680BDDB
:10B9F00080B582B000AFFEF723FC78607B68002B37
:10BA000005D0054B9B6B19467868FEF75BFC00BFC1
:10BA10000837BD4680BD00BF5C01002080B400AF88
:10BA2000BFF34F8F00BF064BDB6803F4E0620449AD
:10BA3000044B1343CB60BFF34F8F00BF00BFFDE744
:10BA400000ED00E00400FA0590B585B000AF00F00D
:10BA50007DF83D4B5B6903F40033002B1BD1BFF332
:10BA60004F8F00BFBFF36F8F00BF374B0022C3F86B
:10BA70005022BFF34F8F00BFBFF36F8F00BF324B19
:10BA80005B69314A43F400335361BFF34F8F00BF0A
:10BA9000BFF36F8F00E000BF2B4B5B6903F4803373
:10BAA000002B38D1284B0022C3F88420BFF34F8FDE
:10BAB00000BF254BD3F88030FB60FB685B0BC3F302
:10BAC0000E03BB60FB68DB08C3F309037B60BB6844
:10BAD0005A0143F6E07313407A6892071A491343F8
:10BAE000C1F860327B685A1E7A60002BEFD1BB68C8
:10BAF0005A1EBA60002BE5D1BFF34F8F00BF124B27
:10BB00005B69114A43F480335361BFF34F8F00BF29
:10BB1000BFF36F8F00E000BF03F02EFB00F044F88E
:10BB200003461C4600F074FA03461C4000F0CCF8B3
:10BB300003462340002B14BF01230023DBB2184629
:10BB40001437BD4690BD00BF00ED00E080B584B065
:10BB500000AF3B4600221A605A609A60DA6003F038
:10BB60000FFD01233B704FF040437B6018233B7275
:10BB70000323FB720023FB730123BB7300237B733E
:10BB800002237B700023BB7200237B7200233B7374
:10BB90003B46184603F02CFD042003F009FD00BFCE
:10BBA0001037BD4680BD000080B59EB000AF07F1E4
:10BBB0002C034C22002118460EF0AAFE07F10C03BC
:10BBC0002022002118460EF0A3FE02200DF01AFEDE
:10BBD0000023BB60394BDB6A384A23F00103D36290
:10BBE000364BDB6A03F00103BB60354B9B69344A7B
:10BBF00043F440439361324B9B6903F44043BB6081
:10BC0000BB6800BF2E4B9B6903F40053B3F5005F84
:10BC1000F8D12C4BD3F8E0302A4A43F08003C2F825
:10BC2000E030284BD3F8E03003F080037B607B6882
:10BC30002123FB624FF480333B6301237B640223A7
:10BC40003B6502237B650523BB658023FB650223DF
:10BC50003B6602237B660223BB660823FB66002348
:10BC60003B6700237B6707F12C03184603F004FDB4
:10BC70000346002B01D000231CE03F23FB6003237D
:10BC80003B6100237B610823BB614023FB614023B0
:10BC90003B624FF480637B624023BB6207F10C037D
:10BCA0000221184604F016F90346002B01D00023A8
:10BCB00000E0012318467837BD4680BD00040058D7
:10BCC000004802580044025880B500AF144B154A92
:10BCD0001A60134B0F225A60114B00229A60104BCE
:10BCE00042F2FC62DA600E4B00221A610C4B802299
:10BCF0009A610B4804F07AFC0346002B01D0002324
:10BD00000BE0074804F026FD0346002B01D000237A
:10BD100003E0054B01221A700123184680BD00BFC5
:10BD2000943B002000440140E03B002080B500AF80
:10BD3000084B1B78002B09D0074804F00BFD034685
:10BD4000002B01D0002302E0012300E0002318466D
:10BD500080BD00BFE03B0020943B002080B500AFD9
:10BD6000084B1B78002B09D0074804F06BFD0346F5
:10BD7000002B01D0002302E0012300E0002318463D
:10BD800080BD00BFE03B0020943B002080B400AFAA
:10BD9000084B1B78002B07D0074B1B68DB6A074A50
:10BDA000A2FB03239B0900E000231846BD465DF873
:10BDB000047B7047E03B0020943B0020D34D621091
:10BDC00080B400AF064B1B78002B03D0054B1B68DB
:10BDD000DB6A00E000231846BD465DF8047B70472F
:10BDE000E03B0020943B002080B485B000AF786039
:10BDF0007B68FB600023BB601E4B1B78002B32D09E
:10BE00001D4B1B68DB6ABB60FA68BB68D31AFB601A
:10BE1000FB68642B03DDFB6813F1640F07DB164B33
:10BE20001B687A68DA62144A7B68D36019E0FB68A1
:10BE3000642B09DD104B1B68BA686432DA62BB6898
:10BE400064330D4AD3600CE0FB6813F1640F08DA29
:10BE5000094B1B68BA68643ADA62BB68643B064AFD
:10BE6000D360012300E0002318461437BD465DF877
:10BE7000047B7047E03B0020943B002080B400AF7F
:10BE8000064B1B78002B03D0054B1B685B6A00E058
:10BE900000231846BD465DF8047B7047E03B002058
:10BEA000943B002080B485B000AF78607B68FB6075
:10BEB0000D4B1B78002B0FD00C4B1B68DB6AFA680C
:10BEC0009A4203D9094B1B68DB6AFB60074B1B686E
:10BED000FA685A62012300E0002318461437BD4671
:10BEE0005DF8047B704700BFE03B0020943B0020DE
:10BEF00080B500AF084804F0A5FC084804F0A2FC97
:10BF0000054804F0CAFB054804F0C7FB6FF00100C8
:10BF100003F01BFB00BF80BD943B0020483B00208A
:10BF200080B584B000AF78607B681B681D4A93427F
:10BF300017D11D4BD3F8F0301B4A43F40033C2F83D
:10BF4000F030194BD3F8F03003F40033FB60FB689A
:10BF500000220E21752003F0D0FA752003F0E7FAD5
:10BF60001BE07B681B68114A934216D10E4BD3F835
:10BF7000F0300D4A43F48023C2F8F0300A4BD3F876
:10BF8000F03003F48023BB60BB68002202217620DE
:10BF900003F0B3FA762003F0CAFA00BF1037BD46AB
:10BFA00080BD00BF004401400044025800480140E9
:10BFB00080B582B000AF78607B681B68114A9342FD
:10BFC0000BD1114BD3F8F0300F4A23F40033C2F8F1
:10BFD000F030752003F0B9FA0FE07B681B680B4A5C
:10BFE00093420AD1084BD3F8F030074A23F4802358
:10BFF000C2F8F030762003F0A8FA00BF0837BD463B
:10C0000080BD00BF00440140004402580048014088
:10C0100080B500AF124B134A1A60114B00225A60D0
:10C020000F4B00229A600E4B0F4ADA600C4B002235
:10C030001A610B4B00229A61094804F0D7FA0346B3
:10C04000002B01D0002308E0054804F083FB0346E1
:10C05000002B01D0002300E00123184680BD00BF63
:10C06000483B0020004801400071020080B582B0CA
:10C0700000AF0C4BD3F8F4300A4A43F00203C2F885
:10C08000F430084BD3F8F43003F002037B607B6894
:10C0900000220F216FF0010003F02FFA00BF0837D4
:10C0A000BD4680BD0044025880B582B000AF012378
:10C0B0007B607B6883F3138800BFFFF7AFFC80B41D
:10C0C00087B000AF0346FB80FB8807EE903AF8EE9E
:10C0D000677AC7ED037A00237B610023FB7407F1C5
:10C0E0000C031B687B617B69DB0DFB74FB7C7F3B76
:10C0F000FB74FB7C18461C37BD465DF8047B70471B
:10C1000080B48FB000AF78607B68704A93420FD1E3
:10C110006F4BD3F8E0306E4A43F00103C2F8E030D1
:10C120006B4BD3F8E03003F001037B637B6BC6E01D
:10C130007B68684A93420FD1654BD3F8E030644A7C
:10C1400043F00203C2F8E030614BD3F8E03003F073
:10C1500002033B633B6BB2E07B685F4A93420FD1C3
:10C160005B4BD3F8E0305A4A43F00403C2F8E030A6
:10C17000574BD3F8E03003F00403FB62FB6A9EE008
:10C180007B68564A93420FD1514BD3F8E030504A66
:10C1900043F00803C2F8E0304D4BD3F8E03003F031
:10C1A0000803BB62BB6A8AE07B684D4A93420FD1A9
:10C1B000474BD3F8E030464A43F01003C2F8E03072
:10C1C000434BD3F8E03003F010037B627B6A76E0E8
:10C1D0007B68444A93420FD13D4BD3F8E0303C4A50
:10C1E00043F02003C2F8E030394BD3F8E03003F0DD
:10C1F00020033B623B6A62E07B683B4A93420FD17B
:10C20000334BD3F8E030324A43F04003C2F8E03019
:10C210002F4BD3F8E03003F04003FB61FB694EE0A5
:10C220007B68324A93420FD1294BD3F8E030284A39
:10C2300043F08003C2F8E030254BD3F8E03003F040
:10C240008003BB61BB693AE07B68294A93420FD106
:10C250001F4BD3F8E0301E4A43F48073C2F8E0303D
:10C260001B4BD3F8E03003F480737B617B6926E0DD
:10C270007B68204A93420FD1154BD3F8E030144A23
:10C2800043F40073C2F8E030114BD3F8E03003F40C
:10C2900000733B613B6912E07B68174A93420ED101
:10C2A0000B4BD3F8E0300A4A43F48063C2F8E03025
:10C2B000074BD3F8E03003F48063FB60FB6800BFFA
:10C2C0003C37BD465DF8047B704700BF0000025854
:10C2D000004402580004025800080258000C02589A
:10C2E000001002580014025800180258001C02588E
:10C2F00000200258002402580028025880B584B05B
:10C3000000AF3B1D83E807003B89B3F5004F00F009
:10C310008E80B3F5004F00F38C80B3F5804F00F0B2
:10C320008680B3F5804F00F38480B3F5005F7ED044
:10C33000B3F5005F7DDCB3F5805F78D0B3F5805F47
:10C3400077DCB3F5006F72D0B3F5006F71DCB3F535
:10C35000806F6CD0B3F5806F6BDCB3F5007F64D079
:10C36000B3F5007F65DCB3F5807F5ED0B3F5807FE9
:10C370005FDC802B59D0802B5BDC202B48DC002B32
:10C3800057DD013B1F2B54D801A252F823F000BF08
:10C3900017C400081BC4000833C400081FC40008E9
:10C3A00033C4000833C4000833C4000823C40008A1
:10C3B00033C4000833C4000833C4000833C4000881
:10C3C00033C4000833C4000833C4000827C400087D
:10C3D00033C4000833C4000833C4000833C4000861
:10C3E00033C4000833C4000833C4000833C4000851
:10C3F00033C4000833C4000833C4000833C4000841
:10C4000033C4000833C4000833C400082BC4000838
:10C41000402B0AD00DE0062310E007230EE008238E
:10C420000CE009230AE00A2308E0172306E028238A
:10C4300004E00120F4F788FA00BF00231846103703
:10C44000BD4680BD90B58BB000AF3C1D84E80700B1
:10C45000FB707B68002B01D1002350E03B1D93E86B
:10C460000700FFF74BFF0346184603F06EF8FB7812
:10C47000032B0ED0032B10DC012B02D0022B04D097
:10C480000BE04FF488137B620BE04FF404137B62E4
:10C4900007E04FF444137B6203E04FF404137B6224
:10C4A00000BF7B681846FFF72BFE3B893B617B6A28
:10C4B0007B610023BB610323FB617B683989BA7A06
:10C4C00018460AF06DF97B6807F11002114618460C
:10C4D00009F09EFF3B1D93E80700FFF70FFF03469F
:10C4E00000220521184603F008F83B1D93E80700D9
:10C4F000FFF704FF0346184603F019F80123184616
:10C500002C37BD4690BD000090B585B000AF3C1DF6
:10C5100084E807003B603B891846FFF7D0FD0346DF
:10C520001946044A3B6842F8213001231846143763
:10C53000BD4690BDE43B002090B58BB000AF3C1DE4
:10C5400084E807003B607B681846FFF7D9FD3B890C
:10C550007B613B68022B04D03B68122B01D0002387
:10C560000FE03B68BB610023FB6102233B62FB6879
:10C570007B627B6807F114021146184609F048FFF8
:10C58000012318462C37BD4690BD80B58AB000AF58
:10C590003B1D83E807007B681846FFF7B1FD3B8928
:10C5A0007B610023BB610223FB6102233B627B684A
:10C5B00007F114021146184609F02AFF0123184614
:10C5C0002837BD4680BD000090B58BB000AF3C1D44
:10C5D00084E807003B607B68002B01D1002338E032
:10C5E0007B681846FFF78CFD3B897B614FF4041391
:10C5F000BB610023FB6103233B627B683989BA7A04
:10C6000018460AF0CDF87B6807F114021146184667
:10C6100009F0FEFE3B891846FFF751FD0346194617
:10C620000E4A3B6842F821303B1D93E80700FFF7B4
:10C6300065FE034600220521184602F05EFF3B1D01
:10C6400093E80700FFF75AFE0346184602F06FFF13
:10C65000012318462C37BD4690BD00BFE43B0020A7
:10C6600080B58AB000AF3B1D83E807007B68002BD4
:10C6700001D1002319E07B681846FFF741FD3B8993
:10C680007B610123BB610123FB6102233B627B6869
:10C690003989BA7A18460AF083F87B6807F11402E0
:10C6A0001146184609F0B4FE012318462837BD4646
:10C6B00080BD80B584B000AF3B1D83E807007B6878
:10C6C0003A89114618460AF053F80346002B14BF66
:10C6D00001230023DBB218461037BD4680BD90B55C
:10C6E00085B000AF3C1D84E80700FB707B6839898A
:10C6F000FA7818460AF054F800BF1437BD4690BDCA
:10C7000080B582B000AF0346FB80FB881846FFF778
:10C71000D6FCFB881846FFF7D2FC03461A46094BA5
:10C7200053F82230002B09D0FB881846FFF7C7FCCE
:10C7300003461A46034B53F82230984700BF083788
:10C74000BD4680BDE43B002090B5B7B000AF786037
:10C7500007F11803BC22002118460EF0D9F8FF2378
:10C7600087F8D7307B68002B03D07B689B68002B51
:10C7700002D14FF0FF33B2E07B689B685A4A934284
:10C7800022D10123BB610023C7F88C3007F11803C5
:10C79000184604F08FFA0346002B02D04FF0FF3307
:10C7A0009DE0524BD3F8F030504A43F01003C2F8EA
:10C7B000F0304E4BD3F8F03003F010037B617B690F
:10C7C000002387F8D7307AE07B689B68484A934219
:10C7D00022D10223BB610023C7F88C3007F1180374
:10C7E000184604F067FA0346002B02D04FF0FF33DF
:10C7F00075E03E4BD3F8E8303C4A43F40023C2F8DE
:10C80000E8303A4BD3F8E83003F400233B613B694E
:10C81000012387F8D73052E07B689B68354A934202
:10C8200022D10123BB610023C7F8903007F1180320
:10C83000184604F03FFA0346002B02D04FF0FF33B6
:10C840004DE02A4BD3F8F030284A43F02003C2F8D9
:10C85000F030264BD3F8F03003F02003FB60FB6888
:10C86000022387F8D7302AE07B689B68224A9342EC
:10C8700022D10223BB610023C7F88C3007F11803D3
:10C88000184604F017FA0346002B02D04FF0FF338E
:10C8900025E0164BD3F8E830144A43F08043C2F841
:10C8A000E830124BD3F8E83003F08043BB60BB683C
:10C8B000032387F8D73002E04FF0FF330FE00F4B30
:10C8C000DC687A6802232C3207CAA0470B4BDC686D
:10C8D0007A680223203207CAA04797F9D730184652
:10C8E000DC37BD4690BD00BF001001400044025837
:10C8F000004C00400014014000780040B0010020CE
:10C9000090B5C3B002AF786007F1840378220021AC
:10C9100018460DF0FDFF07F10C03782200211846A0
:10C920000DF0F6FFFF2387F8FF30002387F8FE3075
:10C93000002387F8FD300023C7F890304FF4806360
:10C94000C7F894300023C7F898300023C7F89C300C
:10C950000023C7F8A0304FF48033C7F8A430002379
:10C96000C7F8A8304023C7F88C300023BB614FF4D0
:10C970008063FB6100233B6200237B620023BB6278
:10C980004FF48033FB6200233B6300237B617B68B1
:10C99000002B03D07B689B68002B02D14FF0FF3344
:10C9A000C9E07B689B68664A934208D129233B61B2
:10C9B0002A23C7F88830002387F8FF302CE07B68F3
:10C9C0009B68604A934208D13F233B614023C7F8EC
:10C9D0008830012387F8FF301EE07B689B685A4A45
:10C9E000934208D147233B614823C7F8883002238C
:10C9F00087F8FF3010E07B689B68544A934208D167
:10CA00004F233B615023C7F88830032387F8FF305A
:10CA100002E04FF0FF338EE07B685B6907F1840131
:10CA2000782218460DF066FF7B68DB6907F10C0180
:10CA3000782218460DF05EFF454B5B687A6892F9E4
:10CA400018007A6892F919107A68D26998470346F3
:10CA500087F8FE303E4B5B687A6892F910007A687E
:10CA600092F911107A6852699847034687F8FD30A9
:10CA700097F8FE3083F00103DBB2002B09D097F862
:10CA8000FD3083F00103DBB2002B02D04FF0FF3307
:10CA900051E097F8FE30002B23D07B68DB69184605
:10CAA00009F0B2FE0346002B02D04FF0FF3342E004
:10CAB0007B68DB687A68D269DA677B68DB697A68E9
:10CAC000D2689A63224B5C697B6893F918007B6893
:10CAD00093F91910002301930023009300230522EA
:10CAE000A04797F8FD30002B23D07B685B69184680
:10CAF00009F08AFE0346002B02D04FF0FF331AE004
:10CB00007B68DB687A6852699A677B685B697A68D8
:10CB1000D2689A630E4B5C697B6893F910007B685E
:10CB200093F91110002301930023009300230522A1
:10CB3000A04797F9FF30184607F58277BD4690BDAC
:10CB400000100140004C00400014014000780040FB
:10CB50005002002080B584B000AF78600B46FB70B7
:10CB6000FF237B737B68002B03D07B689B68002BC3
:10CB700002D14FF0FF3341E07B689B68214A93422A
:10CB800004D12523FB8100237B7320E07B689B6815
:10CB90001D4A934204D13423FB8101237B7316E0A9
:10CBA0007B689B68194A934204D14723FB81022387
:10CBB0007B730CE07B689B68154A934204D1522337
:10CBC000FB8103237B7302E04FF0FF3316E0FB7819
:10CBD000002B0CD0B7F90E3000220521184602F0C8
:10CBE0008CFCB7F90E30184602F0A1FC04E0B7F94E
:10CBF0000E30184602F0A9FC97F90D301846103790
:10CC0000BD4680BD00100140004C004000140140B2
:10CC10000078004080B584B000AF78607B68002267
:10CC200083F854207868FFF78FFD0346FB7397F96C
:10CC30000F30002B03DB7B68DB68002B01D1002366
:10CC4000EBE07B68DB687A6892681A607B68DB6877
:10CC50007A6812685A607B68DB6800229A607B6899
:10CC6000DB680022DA607B68DB6800221A617B687F
:10CC7000DB680C225A617B68DB6800229A617B6862
:10CC8000DB680022DA617B68DB6800221A627B685D
:10CC9000DB6800225A627B68DB6800229A627B684C
:10CCA000DB684FF48052DA637B681B79002B04D079
:10CCB0007B68DB684FF400429A637B68DB68184648
:10CCC00005F060FB0346002B01D00023A5E07B6844
:10CCD000012283F855207868FFF712FE0346002BE7
:10CCE00003DA7B68022283F8552002F0CBFAB860A1
:10CCF00000BF02F0C7FA0246BB68D31A312BF8D93D
:10CD00007B68DB680021184608F0CDFA0346002B4B
:10CD100001D0002381E07B68DB680021184608F021
:10CD200000FB0346002B01D0002376E07B68DB6824
:10CD3000184608F07FFA0346002B01D000236CE070
:10CD400097F90F3037497A6841F823207B685833C8
:10CD50002022002118460DF0DBFD7B6893F855304A
:10CD6000012B02D0022B0BD015E07B68DB681B681F
:10CD70001A687B68DB681B6842F010021A600CE0DE
:10CD80007B68DB681B689A687B68DB681B6842F01D
:10CD900020029A6001E000233FE07B68DB681B68AB
:10CDA0001A687B68DB681B6822F480721A600121B4
:10CDB0007868FFF7CFFE0346002B01DA00232CE052
:10CDC0007B6893F85530012B15D17B681B6C002BC9
:10CDD00004D07B68B3F84430002B01D100231CE061
:10CDE0007B68D8687B68196C7B68B3F844301A4656
:10CDF00005F0E6FC0CE07B6893F85530022B07D178
:10CE00007B68D8687B684E330122194605F0F0FB39
:10CE10007B68012283F85420012318461037BD4651
:10CE200080BD00BF243C002080B582B000AF786098
:10CE30007B68002B0BD07B6893F8543083F00103A0
:10CE4000DBB2002B03D17B68DB68002B01D1002310
:10CE500090E07B68DB681B68484A934208D1484BE6
:10CE6000D3F8F030464A23F01003C2F8F0302BE03C
:10CE70007B68DB681B68434A934208D1404BD3F878
:10CE8000E8303F4A23F40023C2F8E8301CE07B6816
:10CE9000DB681B683C4A934208D1394BD3F8F03029
:10CEA000374A23F02003C2F8F0300DE07B68DB68DE
:10CEB0001B68364A934207D1314BD3F8E830304AE9
:10CEC00023F08043C2F8E8307B6893F85530012B9B
:10CED0000FD17B68DB68184605F0C8FC7B68DB680F
:10CEE0001B681A687B68DB681B6822F010021A60F6
:10CEF00013E07B6893F85530022B0ED17B68DB681A
:10CF0000184605F047FD7B68DB681B681A687B687C
:10CF1000DB681B6822F020021A6000217868FFF7A6
:10CF200019FE0346002B01DA002323E07B68DB684F
:10CF3000184605F077FA7B685B69002B0AD0144B22
:10CF40001B687A6892F910007A6892F911107A6871
:10CF5000526998477B68DB69002B0AD00C4B1B6831
:10CF60007A6892F918007A6892F919107A68D26989
:10CF70009847012318460837BD4680BD0010014080
:10CF800000440258004C004000140140007800406A
:10CF90005002002080B582B000AF786039607B68B5
:10CFA000002B07D17B6893F8543083F00103DBB288
:10CFB000002B01D000230EE07B68DB683A689A60A2
:10CFC0007B68DB68184605F0DDF90346002B01D0CD
:10CFD000002300E0012318460837BD4680BD80B518
:10CFE00082B000AF786039607B68002B07D17B6826
:10CFF00093F8543083F00103DBB2002B01D00023FF
:10D000000EE07B68DB683A681A617B68DB6818466B
:10D0100005F0B8F90346002B01D0002300E00123FE
:10D0200018460837BD4680BD80B582B000AF786035
:10D0300039607B68002B07D17B6893F8543083F00C
:10D040000103DBB2002B01D000230EE07B68DB681C
:10D050003A68DA607B68DB68184605F093F90346A6
:10D06000002B01D0002300E0012318460837BD46FD
:10D0700080BD80B582B000AF78600B46FB707B68E6
:10D08000002B07D17B6893F8543083F00103DBB2A7
:10D09000002B01D000231AE07B68FA781A71FB7824
:10D0A000002B05D07B68DB684FF400429A6303E0F5
:10D0B0007B68DB6800229A637B68DB68184605F0B2
:10D0C00061F90346002B01D0002300E0012318463C
:10D0D0000837BD4680BD000080B483B000AF034672
:10D0E000FB71FB79032B01D9002304E0FB79054A8E
:10D0F00052F82330DB6818460C37BD465DF8047BD8
:10D10000704700BF243C002080B584B000AFF860B9
:10D11000B9601346FB80FB68002B05D0BB68002B71
:10D1200002D0FB88002B01D100232FE0FB685B6954
:10D13000002B23D0FB68DB68FA88B968184605F035
:10D14000ADFA0346002B05D0002B10DB013B012B71
:10D150000DD805E0FB68DB6D5A1CFB68DA6514E04E
:10D16000FB681B6F5A1CFB681A6700230EE0FB6804
:10D170005B6F5A1CFB685A67002307E0FB68D8689E
:10D18000FA880A23B96805F09DF90123184610377B
:10D19000BD4680BD80B584B000AF0346FB7100235F
:10D1A000FB60FB791F4A52F82330002B36D0FB7905
:10D1B0001C4A52F82330DB68FB60FB681B689B68E5
:10D1C00003F04003402B29D1FB68D3F88830222B91
:10D1D00024D1FB681B689A68FB681B6822F0400238
:10D1E0009A60FB68DB6F002B04D0FB68DB6F18468E
:10D1F0000AF086FAFB681B681A68FB681B6822F451
:10D2000090721A60FB681B689A68FB681B6822F0C2
:10D2100001029A60FB682022C3F8882000BF103703
:10D22000BD4680BD243C002080B483B000AF786050
:10D2300039607B68002B04D07B683A68DA6301238D
:10D2400000E0002318460C37BD465DF8047B7047AC
:10D2500080B483B000AF786039607B68002B04D065
:10D260007B683A689A63012300E0002318460C3774
:10D27000BD465DF8047B704780B58AB000AF0346B9
:10D28000FB710023FB8400233B620023FB61FB79DD
:10D29000864A52F82330002B00F07581FB79834ACF
:10D2A00052F8233093F85530DBB2012B40F06B81FC
:10D2B000FB797E4A52F82330DB687D4A13607C4B51
:10D2C0001B681B68DB693B62794B1B681B681B682A
:10D2D000FB61FB79754A52F82330DB69754A1360AC
:10D2E000734B1B68002B00F05081724B1B68002BA6
:10D2F00000F04B813B6A03F01003002B00F04581E6
:10D30000FB6903F01003002B00F03F81684B1B68A2
:10D310001B6810221A62FB79644A52F82330B3F872
:10D3200044309AB2634B1B681B6863498B4259D0E7
:10D33000604B1B681B6861498B4253D05D4B1B6877
:10D340001B685F498B424DD05A4B1B681B685D4977
:10D350008B4247D0574B1B681B685B498B4241D0BF
:10D36000544B1B681B6859498B423BD0514B1B687F
:10D370001B6857498B4235D04E4B1B681B6855497B
:10D380008B422FD04B4B1B681B6853498B4229D0D3
:10D39000484B1B681B6851498B4223D0454B1B6887
:10D3A0001B684F498B421DD0424B1B681B684D497F
:10D3B0008B4217D03F4B1B681B684B498B4211D0E7
:10D3C0003C4B1B681B6849498B420BD0394B1B688F
:10D3D0001B6847498B4205D0364B1B681B68454983
:10D3E0008B4205D1334B1B681B685B689BB204E022
:10D3F000304B1B681B685B689BB2D31AFB84FB79BC
:10D400001846FFF7C7FEFB79284A52F823301B6CF9
:10D41000FA79264951F82220B2F8442092B2BB6131
:10D420007A617B69002B1DDDBB6903F01F027B69FC
:10D4300013443B61BB69FB60BFF34F8F00BF2E4AB3
:10D44000FB68C2F85C32FB682033FB603B69203B21
:10D450003B613B69002BF2DCBFF34F8F00BFBFF392
:10D460006F8F00BF00BFFB8C002B47D0FB790F4AAA
:10D4700052F82330DB6B002B10D0FB790B4A52F8AB
:10D480002330DB6BFA79094951F82220106DFA79C3
:10D49000064951F82220116CFA8C9847FB79034A0F
:10D4A00052F823309A6D01329A655AE0243C0020EC
:10D4B000343C0020383C002010000240280002408C
:10D4C00040000240580002407000024088000240C4
:10D4D000A0000240B80002401004024028040240AC
:10D4E0004004024058040240700402408804024094
:10D4F000A0040240B804024000ED00E0FB79254A98
:10D5000052F823301A6E01321A66234B1B681B68CF
:10D510005B6A3B6A03F00803002B04D01E4B1B68B8
:10D520001B6808221A623B6A03F00203002B04D036
:10D53000194B1B681B6802221A623B6A03F0040342
:10D54000002B04D0144B1B681B6804221A623B6A30
:10D5500003F00103002B04D00F4B1B681B68012252
:10D560001A620D4B1868FB790A4A52F82330196C7D
:10D57000FB79084A52F82330B3F844309BB21A467C
:10D5800005F01EF902E000BF00E000BF2837BD46ED
:10D5900080BD00BF243C0020343C002090B585B005
:10D5A00000AF78600023FB737B681B684D4A934291
:10D5B00002D10023FB7316E07B681B684A4A934242
:10D5C00002D10123FB730EE07B681B68474A93423C
:10D5D00002D10223FB7306E07B681B68444A934236
:10D5E0007BD10323FB73FB7B424A52F82330002B91
:10D5F00074D0FB7B3F4A52F8233093F85530DBB2AE
:10D60000012B39D1FB7B3B4A52F82330DB6B002BDB
:10D6100016D0FB7B374A52F82330DB6BFA7B354957
:10D6200051F82220106DFA7B324951F82220116CFA
:10D63000FA7B304C54F82220B2F8442092B298473A
:10D64000FB7B2C4A52F82330D868FB7B294A52F8DE
:10D650002330196CFB7B274A52F82330B3F844304F
:10D660009BB21A4605F0ACF8FB7B224A52F82330F5
:10D670009A6E01329A6631E0FB7B1E4A52F82330E3
:10D6800093F85530DBB2022B28D1FB7B194A52F8B4
:10D690002330DB6B002B11D0FB7B164A52F8233072
:10D6A000DB6BFA7B134951F82220106DFA7B11498C
:10D6B00051F8222002F14E0101229847FB7B0D4ACE
:10D6C00052F82330D868FB7B0A4A52F823304E3395
:10D6D0000122194604F08CFF00E000BF1437BD465C
:10D6E00090BD00BF00100140004C004000140140FC
:10D6F00000780040243C002080B584B000AF786002
:10D700000023FB737B68002B40D07B681B68224A98
:10D71000934202D10023FB7316E07B681B681F4A0B
:10D72000934202D10123FB730EE07B681B681C4A05
:10D73000934202D10223FB7306E07B681B68194AFF
:10D74000934225D10323FB73FB7B174A52F8233006
:10D75000002B1ED0FB7B144A52F82330DA6E0132C4
:10D76000DA66FB7B104A52F823309B6B002B10D0FB
:10D77000FB7B0D4A52F823309B6BFA7B0A4951F828
:10D780002220106D00220021984702E000BF00E037
:10D7900000BF1037BD4680BD00100140004C004066
:10D7A0000014014000780040243C002080B584B083
:10D7B00000AF78600023FB737B68002B58D07B6838
:10D7C0001B682E4A934202D10023FB7316E07B684C
:10D7D0001B682B4A934202D10123FB730EE07B6846
:10D7E0001B68284A934202D10223FB7306E07B6840
:10D7F0001B68254A93423DD10323FB73FB7B234ADD
:10D8000052F82330002B36D07B68D3F88C30002BB5
:10D8100031D0FB7B1D4A52F823301A6E01321A6652
:10D82000FB7B1A4A52F8233093F85530DBB2022BB7
:10D8300021D17B68D3F88C30002B1CD0FB7B134AA2
:10D8400052F823305A6E01325A667B681B685B6A55
:10D85000BB73FB7B0D4A52F82330D868FB7B0B4A25
:10D8600052F823304E330122194604F0C1FE02E083
:10D8700000BF00E000BF1037BD4680BD0010014072
:10D88000004C00400014014000780040243C00207F
:10D8900080B592B000AF40F6FF737B6407F0C4FE22
:10D8A00007F05EFE00BF2F4B1B6903F00103012B45
:10D8B000F9D02C4B4FF480325A612A4B2A4A5A61D4
:10D8C000284B2A4A5A61274B284AC3F814210123BE
:10D8D0003B600123FB6100237B60FF23BB603B4671
:10D8E000184608F029F907F0D9FE0346002B01D0AD
:10D8F000002333E00123FB613B46184608F0C0F9E2
:10D90000BB68DBB27B647B6C002B01D0002325E07D
:10D9100001233B600223FB6100237B60FF23BB608C
:10D920003B46184608F008F907F0B8FE0346002BFE
:10D9300001D0002312E00223FB613B46184608F0A9
:10D940009FF9BB68DBB27B647B6C002B01D00023AA
:10D9500004E007F03FFE07F089FE01231846483730
:10D96000BD4680BD00200052000001800000EE177F
:10D9700080B500AF07F02EFE07F078FE00BF80BD37
:10D9800080B487B000AFF860B9607A60BB68002BE4
:10D990001FD0FB68B3F1006F1BD3FA687B681A4491
:10D9A0003D4B1B884FF6FF718B420ED03A4B1B88C4
:10D9B000002B07D0384B1B889902384B0B4003F1E2
:10D9C000006304E04FF0026301E04FF00263934212
:10D9D00001D800235AE000BF314B1B6903F001035B
:10D9E000012BF9D0BFF34F8F00BFBFF36F8F00BF84
:10D9F0002C4B5B692B4A23F400335361294B0022E3
:10DA0000C3F85022BFF34F8F00BFBFF36F8F00BF2B
:10DA100000BF00237B6110E07B699A00FB68134420
:10DA200019467B699B00BA6813440A681A60BFF301
:10DA30004F8F00BF7B6901337B617B689B087A69EC
:10DA40009A42E9D3174B5B6903F40033002B1BD1D7
:10DA5000BFF34F8F00BFBFF36F8F00BF114B00228A
:10DA6000C3F85022BFF34F8F00BFBFF36F8F00BFCB
:10DA70000C4B5B690B4A43F400335361BFF34F8F88
:10DA800000BFBFF36F8F00E000BF012318461C37B3
:10DA9000BD465DF8047B704780E8F11F00FC3F0045
:10DAA0000020005200ED00E080B58EB000AFF860BD
:10DAB000B9607A6000233B6107F1140300221A6009
:10DAC0005A609A60DA601A615A619A6100237B8613
:10DAD000FB68B3F1006F0ED9FB68564A93420AD82F
:10DAE000BB68002B07D07B68002B04D007F038FD03
:10DAF0000346002B01D0002397E0FB6803F07F630F
:10DB0000B3F1006F07D1FA687B6813444A4A934225
:10DB100001D9002389E0FB6803F07F63B3F1016F53
:10DB200007D1FA687B681344424A934201D9002323
:10DB30007BE000237B6371E07A687B6BD31A202B38
:10DB400028BF20237B867B8E202B29D1FA687B6B14
:10DB5000D118BA687B6B13441A46012007F06EFC9B
:10DB60000346002B03D007F035FD00235DE0FA6883
:10DB70007B6B134407F1100120221846FFF700FFCA
:10DB8000BA687B6B134407F11001202218460CF091
:10DB9000A1FE0346002B3ED007F01CFD002344E00D
:10DBA000FA687B6B134407F1100120221846FFF737
:10DBB000E7FEBA687B6BD1187A8E07F1100318461E
:10DBC0000CF098FEFA687B6B134407F110021946BB
:10DBD000012007F033FC0346002B03D007F0FAFCCA
:10DBE000002322E0FA687B6B13447A8E07F1100160
:10DBF0001846FFF7C5FEBA687B6B13447A8E07F1AF
:10DC0000100118460CF066FE0346002B03D007F007
:10DC1000E1FC002309E07B6B20337B637A6B7B683C
:10DC20009A4289D307F0D6FC012318463837BD46FF
:10DC300080BD00BFFEFF1F08FEFF0F0880B58CB03F
:10DC400000AF786039600023FB617B68B3F1006F3F
:10DC500025D37A683B681A44534B1B884FF6FF71F3
:10DC60008B420ED0504B1B88002B07D04E4B1B888D
:10DC700099024E4B0B4003F1006304E04FF0026346
:10DC800001E04FF00263934209D97B68C3F31003AC
:10DC9000002B04D107F064FC0346002B01D00023C5
:10DCA0007EE07B68BB623B687B62BB6AB3F1016F5D
:10DCB0004DD2BA6A7B6A1344B3F1016F47D3BB6A92
:10DCC000C3F101637B627B6A5B0C87F82F307B6A50
:10DCD000C3F31003002B04D097F82F30013387F8DB
:10DCE0002F3007F1080303F1080207F1080304339A
:10DCF0001946B86A00F05CF8034683F00103DBB212
:10DD0000002B03D007F066FC002349E00023BB6032
:10DD100097F82F307B612023BB6107F11C0207F1CC
:10DD200008031146184607F03DFE034687F82330E6
:10DD300097F82330002B03D007F04CFC00232FE092
:10DD40004FF00163BB623A687B6AD31A7B627B6ADD
:10DD50005B0C87F82F307B6AC3F31003002B04D0D1
:10DD600097F82F30013387F82F3007F1080303F1BC
:10DD7000080207F1080304331946B86A00F018F8DE
:10DD8000034683F00103DBB2002B03D007F022FC33
:10DD9000002305E00023BB6097F82F307B6101234F
:10DDA00018463037BD4680BD80E8F11F00FC3F00BB
:10DDB00080B485B000AFF860B9607A60FB68002B72
:10DDC00000F0BF80FB68B3F1006F05D3BB68002B88
:10DDD00002D07B68002B01D10023B3E0FB6803F085
:10DDE0007F63B3F1006F23D1594B1B884FF6FF724D
:10DDF00093420ED0564B1B88002B07D0544B1B88E8
:10DE00009A02544B134003F1006304E04FF00263A5
:10DE100001E04FF00263FA68934201D8002391E0D9
:10DE2000BB6801221A60FB6803F17843FB602BE0BA
:10DE3000FB6803F07F63B3F1016F23D1444B1B8870
:10DE40004FF6FF7293420ED0414B1B88002B07D038
:10DE50003F4B1B889A023F4B134003F1016304E0E0
:10DE60004FF0036301E04FF00363FA68934201D877
:10DE7000002367E0BB6802221A60FB68A3F101631C
:10DE8000FB6001E000235DE0FB68B3F5003F03D2D7
:10DE90007B6800221A6052E0FB68B3F5003F07D3AD
:10DEA000FB68B3F5802F03D27B6801221A6046E03D
:10DEB000FB68B3F5802F07D3FB68B3F5C02F03D2FF
:10DEC0007B6802221A603AE0FB68B3F5C02F07D3E3
:10DED000FB68B3F5002F03D27B6803221A602EE0A3
:10DEE000FB68B3F5002F07D3FB68B3F5202F03D2EF
:10DEF0007B6804221A6022E0FB68B3F5202F07D369
:10DF0000FB68B3F5402F03D27B6805221A6016E048
:10DF1000FB68B3F5402F07D3FB68B3F5602F03D23E
:10DF20007B6806221A600AE0FB68B3F5602F06D30F
:10DF3000FB68B3F5801F02D27B6807221A600123B9
:10DF400000E0002318461437BD465DF8047B704797
:10DF500080E8F11F00FC3F0080B485B000AF0346AD
:10DF60000A46FB711346BB7197F90730002B03DBA0
:10DF700097F90630002B01DA002356E097F90730B5
:10DF8000002B26D197F90630072B22DC97F90630B3
:10DF9000002B1EDB284B1B7883F00103DBB2002B28
:10DFA00011D0264BD3F8D830244A43F00103C2F8ED
:10DFB000D830224BD3F8D83003F00103FB60FB6864
:10DFC0001D4B01221A7097F906301D4A52F8233072
:10DFD0002BE097F90730012B26D197F90630062B55
:10DFE00022DC97F90630002B1EDB164B1B7883F0E2
:10DFF0000103DBB2002B11D0104BD3F8D8300F4AFD
:10E0000043F00203C2F8D8300C4BD3F8D83003F0F9
:10E010000203BB60BB680B4B01221A7097F90630F4
:10E02000094A52F8233000E0002318461437BD4651
:10E030005DF8047B704700BF7C3C00200044025820
:10E04000100200207D3C00203002002080B584B00A
:10E0500000AF03463A60FB710B46BB713B68002B77
:10E0600045D097F90730002B41DB97F90730012B9A
:10E070003DDC97F90630002B39DB97F90630072B8A
:10E0800035DC1E4B1B78002B0BD01D4BD3F8D83042
:10E090001B4A23F00103C2F8D830184B00221A7033
:10E0A0000EE0184B1B78002B0AD0154BD3F8D83054
:10E0B000134A23F00203C2F8D830124B00221A7020
:10E0C000386808F0FDFE97F9062097F907301146E9
:10E0D000184600F0F7F80346FB81B7F90E30002B25
:10E0E00007DBB7F90E30184601F02FFA02E000BF47
:10E0F00000E000BF1037BD4680BD00BF7C3C002063
:10E10000004402587D3C002080B584B000AF034637
:10E110003A60FB710B46BB710023FB6097F9073037
:10E12000002B03DB97F90630002B01DA00232DE0EA
:10E1300097F90730012B28DC97F90730002B24DBF7
:10E1400097F90630072B20DC97F90630002B1CDBF3
:10E1500097F9062097F9073011461846FFF7FCFE9D
:10E16000F860FB68002B01D100230FE03B68FA68E0
:10E170001A6097F9072097F906300649D200134430
:10E180003A6841F82320012300E0002318461037A5
:10E19000BD4680BD3C3C002080B483B000AF034648
:10E1A0000A46FB711346BB7197F90730002B03DB5E
:10E1B00097F90630002B01DA00231CE097F90730AD
:10E1C000012B17DC97F90730002B13DB97F906308A
:10E1D000072B0FDC97F90630002B0BDB97F9072094
:10E1E00097F906300749D2001344002241F8232052
:10E1F000012300E0002318460C37BD465DF8047B80
:10E20000704700BF3C3C002080B483B000AF0346A1
:10E210000A46FB711346BB7197F90730002B03DBED
:10E2200097F90630002B01DA00231AE097F907303E
:10E23000012B15DC97F90730002B11DB97F906301D
:10E24000072B0DDC97F90630002B09DB97F9072027
:10E2500097F906300649D200134451F8233000E004
:10E26000002318460C37BD465DF8047B704700BF9D
:10E270003C3C002080B586B000AFBA607B600346AE
:10E28000FB730B46BB7397F90E2097F90F301146BD
:10E29000184600F017F80346FB82B7F91630002B3A
:10E2A0000CDBB7F916307A68B968184601F025F921
:10E2B000B7F91630184601F03AF900E000BF1837F8
:10E2C000BD4680BD80B483B000AF03460A46FB71F3
:10E2D0001346BB7197F90730002B03DB97F9063023
:10E2E000002B02DA4FF0FF335DE097F90730002B87
:10E2F00029D197F90630072B22D801A252F823F032
:10E3000021E3000825E3000829E300082DE30008C5
:10E3100031E3000835E3000839E300083DE3000875
:10E320000B2340E00C233EE00D233CE00E233AE0BB
:10E330000F2338E0102336E0112334E02F2332E09E
:10E340004FF0FF332FE097F90730012B29D197F9D0
:10E350000630072B22D801A252F823F07DE30008F3
:10E3600081E3000885E3000889E300088DE30008E5
:10E3700091E3000895E3000899E30008382312E0D0
:10E38000392310E03A230EE03B230CE03C230AE063
:10E39000442308E0452306E0462304E04FF0FF3322
:10E3A00001E04FF0FF3318460C37BD465DF8047BA3
:10E3B000704700BF80B483B000AF0346FB71FB79A8
:10E3C000072B2BD801A252F823F000BFEDE3000881
:10E3D000F3E30008F9E30008FFE3000805E40008A0
:10E3E0000BE4000811E4000817E400080F4B1B6859
:10E3F00015E00E4B5B6812E00C4B9B680FE00B4B7B
:10E40000DB680CE0094B1B6909E0084B5B6906E01F
:10E41000064B9B6903E0054BDB6900E000231846CF
:10E420000C37BD465DF8047B704700BF803C002080
:10E4300080B483B000AF0346FB71FB79002B02D0A0
:10E44000012B02D003E0002302E0012300E00123BE
:10E4500018460C37BD465DF8047B704780B483B026
:10E4600000AF0346FB71FB79002B02D0012B02D0D9
:10E4700003E0002302E0402300E0402318460C376D
:10E48000BD465DF8047B704780B483B000AF03469F
:10E49000FB71FB79022B0AD0022B0ADC002B02D085
:10E4A000012B02D005E0002304E0042302E008234E
:10E4B00000E0002318460C37BD465DF8047B70472A
:10E4C00080B483B000AF0346FB71FB79032B13D8F4
:10E4D00001A252F823F000BFE9E40008EDE40008CF
:10E4E000F1E40008F5E40008002306E0012304E05D
:10E4F000022302E0032300E0002318460C37BD4648
:10E500005DF8047B704700BF80B483B000AF034662
:10E51000FB71FB79022B0AD0022B0ADC002B02D004
:10E52000012B02D005E0002304E0102302E02023A9
:10E5300000E0002318460C37BD465DF8047B7047A9
:10E5400090B5BFB000AF786007F13C03BC2200215A
:10E5500018460CF0DDF907F1200300221A605A601A
:10E560009A60DA601A615A619A610023FB607B68E5
:10E57000002B17D07B689B68002B13D07B685B78DF
:10E58000012B0FD87B689B78012B0BD87B68DB783D
:10E59000022B07D87B685B79022B03D87B681B7939
:10E5A000032B01D90023F7E07B6800221A707C4B13
:10E5B000D3F8D4307A4A43F48053C2F8D430784B3D
:10E5C000D3F8D43003F48053BB60BB687B689B688E
:10E5D0003422002118460CF09BF90CF057F84FF04C
:10E5E0008073FB630023C7F8803007F13C031846B3
:10E5F00002F060FB0346002B01D00023CCE07B68D7
:10E600009B68684A1A607B689A787B689C681046A9
:10E61000FFF70EFF034663607B681A797B689C688E
:10E620001046FFF74DFF0346A3607B685A797B686D
:10E630009C681046FFF728FF0346E3607B68DA78A2
:10E640007B689C681046FFF75FFF034623617B6889
:10E650005A787B689C681046FFF700FF03466361A9
:10E660007B689B684FF4C0729A617B689B6800224C
:10E67000DA617B689B684FF400621A627B689B6872
:10E680004FF480525A627B689B684FF400529A6242
:10E6900002233B6207237B620423BB620723FB62E6
:10E6A00002233B6302237B630223BB637B689B687B
:10E6B00007F12002114618460BF0BAFE0346002B64
:10E6C00001D0002368E001233B6110237B6101231B
:10E6D000BB610023FB617B689B6807F110014FF46D
:10E6E000805218460BF0EAFE0346002B01D00023AF
:10E6F00052E0012000F0D2FD02233B6110237B6138
:10E700000123BB610023FB617B689B6807F110015B
:10E710004FF4805218460BF0D1FE0346002B01D077
:10E72000002339E003233B6110237B610823BB6195
:10E730000023FB617B689B6807F110014FF4805256
:10E7400018460BF0BBFE40F23123FB6004233B6113
:10E7500010237B610123BB61FB68FB617B689B68C5
:10E7600007F110014FF4805218460BF0A7FE034644
:10E77000002B01D000230FE07B689B6840F25D21F5
:10E7800018460BF0D0FE0346002B01D0002303E017
:10E790007B6801221A7001231846FC37BD4690BDE4
:10E7A000004402584041005280B5B2B000AF7860DA
:10E7B000396007F10C03BC22002118460CF0A8F8C0
:10E7C0007B68002B02D03B68002B01D100235DE069
:10E7D0007B6800221A707B683A685A604FF00073B9
:10E7E000FB6000237B6507F10C03184602F062FA18
:10E7F0000346002B01D0002348E00BF0BDFE254B63
:10E80000D3F8D430234A43F48043C2F8D430214BA8
:10E81000D3F8D43003F48043BB60BB687B685B688B
:10E8200018460BF09DF80346002B01D000232DE085
:10E830007B685B6801225A607B685B6820229A6073
:10E840007B685B681022DA607B685B6816221A615D
:10E850007B685B6800225A617B685B6801229A6171
:10E860007B685B680022DA617B685B6800221A6261
:10E870007B685B6818460AF0FFFF0346002B01D057
:10E88000002303E07B6801221A7001231846C83771
:10E89000BD4680BD0044025880B582B000AF7860AC
:10E8A00039607B68002B0AD07B685B68002B06D040
:10E8B0007B681B7883F00103DBB2002B01D00023BF
:10E8C0000DE07B685B6841F28832396818460BF0CE
:10E8D000D9F80346002B01D1012300E0002318469C
:10E8E0000837BD4680BD80B582B000AF7860396022
:10E8F0007B68002B0AD07B685B68002B06D07B68A6
:10E900001B7883F00103DBB2002B01D000230DE064
:10E910007B685B6841F28832396818460BF044F92D
:10E920000346002B01D1012300E0002318460837DD
:10E93000BD4680BDB0B5A8B004AFF864B9647A64D0
:10E940003B64BB6CD9B27B6CDCB2D7F8A4309BB211
:10E950003846D7F8A82002920193D7F8A030009348
:10E960003B6C224600F002F907F154043D460FCDFE
:10E970000FC40FCD0FC40FCD0FC495E8070084E876
:10E980000700FB6C002B11D0FB6C5B68002B0DD0DB
:10E99000FB6C1B7883F00103DBB2002B06D197F8E8
:10E9A000543083F00103DBB2002B01D000230FE0D1
:10E9B000FB6C586807F15403043341F2883219465E
:10E9C0000BF002F80346002B01D0002300E00123E6
:10E9D00018469037BD46B0BDB0B5AEB004AFF864D0
:10E9E000B9647A643B6407F154033C220021184661
:10E9F0000BF08EFF07F190031822002118460BF050
:10EA000087FFFB6C002B0AD0FB6C5B68002B06D0E9
:10EA1000FB6C1B7883F00103DBB2002B01D00023D9
:10EA20004EE0BB6CD9B27B6CDCB2D7F8BC309BB289
:10EA30003846D7F8C02002920193D7F8B830009337
:10EA40003B6C224600F092F807F154043D460FCD8E
:10EA50000FC40FCD0FC40FCD0FC495E8070084E895
:10EA6000070097F8543083F00103DBB2002B01D08C
:10EA7000002325E0D7F8C430C7F89030D7F8C83065
:10EA8000C7F894300023C7F8A0300123C7F89C30A2
:10EA90001023C7F898304FF48003C7F8A430FB6CFC
:10EAA000586807F1900207F15403191D41F28833A9
:10EAB0000BF017F90346002B01D0002300E00123DF
:10EAC0001846A837BD46B0BD80B592B000AF78609B
:10EAD000396007F110033822002118460BF018FFA7
:10EAE00007F108030822002118460BF011FF7B688C
:10EAF000002B0AD07B685B68002B06D07B681B78F4
:10EB000083F00103DBB2002B01D000232AE04FF495
:10EB10008073BB624FF40053FB6100233B6300230F
:10EB2000FB6300233B6400237B644FF44063FB6280
:10EB30004FF040737B6306237B623B683B6100239D
:10EB4000FB600023BB607B685B6807F1080207F18C
:10EB5000100118460BF03CF90346002B01D00023AE
:10EB600000E0012318464837BD4680BDB0B495B0DB
:10EB700000AFF8607B600B46FB721346BB7200234C
:10EB80003B754FF480733B634FF400537B6200236B
:10EB9000BB6300237B640023BB640023FB64FB7A1C
:10EBA000042B1CD801A252F823F000BFC1EB0008CF
:10EBB000C7EB0008CFEB0008DFEB0008D7EB00083D
:10EBC0000023FB631AE04FF08073FB6316E04FF005
:10EBD0000073FB6312E04FF04073FB630EE0FB68D1
:10EBE0001D4607F114040FCC0FC50FCC0FC50FCC79
:10EBF0000FC594E8070085E8070046E0BB7A042BC0
:10EC00001BD801A252F823F01DEC000823EC0008E9
:10EC10002BEC00083BEC000833EC000800237B637E
:10EC20001AE04FF480637B6316E04FF400637B636C
:10EC300012E04FF440637B630EE0FB681D4607F172
:10EC400014040FCC0FC50FCC0FC50FCC0FC594E823
:10EC5000070085E8070018E07B68FB61B7F86430BF
:10EC60003B643B6EFB62BB6EBB6101233B75FB6883
:10EC70001D4607F114040FCC0FC50FCC0FC50FCCE8
:10EC80000FC594E8070085E80700F8685437BD46CB
:10EC9000B0BC704780B400AFFEE780B400AFFEE7C1
:10ECA00080B400AFFEE780B400AFFEE780B400AFF1
:10ECB00000BFBD465DF8047B704780B400AF00BF65
:10ECC000BD465DF8047B704780B400AF00BFBD4611
:10ECD0005DF8047B704780B500AF012007F079FD37
:10ECE00000BF80BD80B500AF022007F072FD00BFFD
:10ECF00080BD80B500AF042007F06BFD00BF80BD74
:10ED000080B500AF082007F064FD00BF80BD80B56E
:10ED100000AF102007F05DFD00BF80BD80B500AFE3
:10ED2000202007F056FD402007F053FD802007F01B
:10ED300050FD4FF4807007F04CFD4FF4007007F069
:10ED400048FD00BF80BD80B500AF4FF4806007F084
:10ED500040FD4FF4006007F03CFD4FF4805007F099
:10ED600038FD4FF4005007F034FD4FF4804007F0B9
:10ED700030FD4FF4004007F02CFD00BF80BD80B493
:10ED800000AF00BFBD465DF8047B704780B400AFA4
:10ED900000BFBD465DF8047B7047000080B582B0BF
:10EDA00000AF00237B60084BDB6800210020984700
:10EDB00078607B68002B02D0786809F005FA00BF04
:10EDC0000837BD4680BD00BF5002002080B582B02C
:10EDD00000AF00237B60084BDB68012100209847CF
:10EDE00078607B68002B02D0786809F0EDF900BFED
:10EDF0000837BD4680BD00BF5002002080B582B0FC
:10EE000000AF00237B60084BDB680221002098479D
:10EE100078607B68002B02D0786809F0D5F900BFD4
:10EE20000837BD4680BD00BF5002002080B582B0CB
:10EE300000AF00237B60084BDB680321002098476C
:10EE400078607B68002B02D0786809F0BDF900BFBC
:10EE50000837BD4680BD00BF5002002080B582B09B
:10EE600000AF00237B60084BDB680421002098473B
:10EE700078607B68002B02D0786809F0A5F900BFA4
:10EE80000837BD4680BD00BF5002002080B582B06B
:10EE900000AF00237B60084BDB680521002098470A
:10EEA00078607B68002B02D0786809F08DF900BF8C
:10EEB0000837BD4680BD00BF5002002080B582B03B
:10EEC00000AF00237B60084BDB68002101209847DE
:10EED00078607B68002B02D0786809F075F900BF74
:10EEE0000837BD4680BD00BF5002002080B582B00B
:10EEF00000AF00237B60084BDB68012101209847AD
:10EF000078607B68002B02D0786809F05DF900BF5B
:10EF10000837BD4680BD00BF5002002080B582B0DA
:10EF200000AF00237B600020FEF7A6F90020FEF76B
:10EF3000D3F878607B68002B07D07B681B68054A94
:10EF4000934202D1786803F0EFFD00BF0837BD4659
:10EF500080BD00BF0010014080B582B000AF00232B
:10EF60007B600120FEF788F90120FEF7B5F8786094
:10EF70007B68002B07D07B681B68054A934202D14F
:10EF8000786803F0D1FD00BF0837BD4680BD00BFE3
:10EF9000004C004080B582B000AF00237B600220AF
:10EFA000FEF76AF90220FEF797F878607B68002B7D
:10EFB00007D07B681B68054A934202D1786803F04A
:10EFC000B3FD00BF0837BD4680BD00BF001401403F
:10EFD00080B582B000AF00237B600320FEF74CF9C0
:10EFE0000320FEF779F878607B68002B07D07B68F8
:10EFF0001B68054A934202D1786803F095FD00BF73
:10F000000837BD4680BD00BF0078004080B582B0A3
:10F0100000AF0620FFF7CEF978607B68002B02D0A6
:10F02000786801F03EFC00BF0837BD4680BD000097
:10F0300080B500AF00F012F9024801F032FC00BFC9
:10F0400080BD00BF483B002080B500AFF9F7FCFD54
:10F050000346012B01D0FAF797FD024801F021FC8D
:10F0600000BF80BD943B002080B400AF374BD3F885
:10F070008830364A43F47003C2F88830344B1B683A
:10F0800003F00F03062B07D8314B1B6823F00F0347
:10F090002F4A43F0070313602E4B1B682D4A43F0A1
:10F0A000010313602B4B00221A612A4B1A6829496D
:10F0B000294B13400B60264B1B6803F00803002B01
:10F0C00007D0234B1B6823F00F03214A43F00703AB
:10F0D0001360204B00229A611E4B0022DA611D4B07
:10F0E00000221A621B4B1D4A9A621A4B1C4ADA62B2
:10F0F000184B1C4A1A63174B00225A63154B194AC6
:10F100009A63144B0022DA63124B164A1A64114BAD
:10F1100000225A640F4B1B680E4A23F480231360AD
:10F120000C4B00221A66104B1A68104B1340B3F1B7
:10F13000005F02D20E4B01221A600E4B43F2D20244
:10F140001A6000BFBD465DF8047B704700ED00E02B
:10F1500000200052004402587FEDF6EA000202024D
:10F160000000FF01800201010010005C0000FFFFB1
:10F17000088100510040005280B582B000AF0320EA
:10F1800000F0B0F901F05CF80246154B9B691B0AD0
:10F1900003F00F031349CB5C03F01F0322FA03F3C0
:10F1A0007B600F4B9B6903F00F030E4AD35C03F0A7
:10F1B0001F037A6822FA03F30B4A13600B4A7B6839
:10F1C00013600E2000F014F80346002B01D0012339
:10F1D00002E0FCF74BFF002318460837BD4680BD10
:10F1E0000044025880E201088802002084020020C6
:10F1F00080B582B000AF7860154B1B78002B01D131
:10F20000012321E0134B1A68114B1B7819464FF468
:10F210007A73B3FBF1F3B2FBF3F3184600F0A3F9F2
:10F220000346002B01D001230EE07B680F2B0AD888
:10F23000002279684FF0FF3000F05FF9064A7B68E2
:10F240001360002300E0012318460837BD4680BD47
:10F2500090020020840200208C02002080B400AFC5
:10F26000064B1B781A46064B1B681344044A13606E
:10F2700000BFBD465DF8047B704700BF90020020D0
:10F28000A03C002080B400AF034B1B681846BD466D
:10F290005DF8047B704700BFA03C002080B584B0BF
:10F2A00000AF7860FFF7EEFFB8607B68FB60FB683B
:10F2B000B3F1FF3F05D00A4B1B781A46FB68134495
:10F2C000FB6000BFFFF7DEFF0246BB68D31AFA6897
:10F2D0009A42F7D800BF00BF1037BD4680BD00BFBF
:10F2E0009002002080B400AF034B1B681B0C184633
:10F2F000BD465DF8047B70470010005C80B485B0AB
:10F3000000AF78607B6803F00703FB600B4BDB68A2
:10F31000BB60BA684FF6FF031340BB60FB681A027C
:10F32000BB681A43064B1343BB60044ABB68D360F7
:10F3300000BF1437BD465DF8047B704700ED00E068
:10F340000000FA0580B400AF044BDB681B0A03F031
:10F3500007031846BD465DF8047B704700ED00E0EA
:10F3600080B483B000AF0346FB80B7F90630002BB2
:10F370000BDBFB8803F01F020749B7F906305B0976
:10F38000012000FA02F241F8232000BF0C37BD46ED
:10F390005DF8047B704700BF00E100E080B483B0FB
:10F3A00000AF0346FB80B7F90630002B12DBFB8869
:10F3B00003F01F020A49B7F906305B09012000FA81
:10F3C00002F2203341F82320BFF34F8F00BFBFF379
:10F3D0006F8F00BF00BF0C37BD465DF8047B7047E0
:10F3E00000E100E080B483B000AF03463960FB80E9
:10F3F000B7F90630002B0ADB3B68DAB20C49B7F9E3
:10F4000006301201D2B20B4483F800230AE03B68B5
:10F41000DAB20849FB8803F00F03043B1201D2B2B1
:10F420000B441A7600BF0C37BD465DF8047B70476D
:10F4300000E100E000ED00E080B489B000AFF860CA
:10F44000B9607A60FB6803F00703FB61FB69C3F1F5
:10F450000703042B28BF0423BB61FB690433062B7D
:10F4600002D9FB69033B00E000237B614FF0FF32D0
:10F47000BB6902FA03F3DA43BB681A407B699A401E
:10F480004FF0FF317B6901FA03F3D9437B680B40EE
:10F49000134318462437BD465DF8047B70470000CF
:10F4A00080B582B000AF78607B68013BB3F1807FAC
:10F4B00001D301230FE00A4A7B68013B53600F210F
:10F4C0004FF0FF30FFF78EFF054B00229A60044B90
:10F4D00007221A60002318460837BD4680BD00BFCA
:10F4E00010E000E080B582B000AF78607868FFF788
:10F4F00005FF00BF0837BD4680BD80B586B000AFB0
:10F500000346B9607A60FB81FFF71CFF78617A6877
:10F51000B9687869FFF790FF0246B7F90E301146D7
:10F520001846FFF75FFF00BF1837BD4680BD80B5A6
:10F5300082B000AF0346FB80B7F906301846FFF7EC
:10F540000FFF00BF0837BD4680BD80B582B000AF59
:10F550000346FB80B7F906301846FFF71FFF00BFD0
:10F560000837BD4680BD80B582B000AF786078684E
:10F57000FFF796FF034618460837BD4680BD0000DA
:10F5800080B400AFBFF35F8F00BF074B5B6A064AD2
:10F5900023F480335362054B00225A6000BFBD46FE
:10F5A0005DF8047B704700BF00ED00E090ED00E0E7
:10F5B00080B483B000AF78600B4A7B6843F00103EE
:10F5C00053600A4B5B6A094A43F480335362BFF3CA
:10F5D0004F8F00BFBFF36F8F00BF00BF0C37BD461A
:10F5E0005DF8047B704700BF90ED00E000ED00E0A7
:10F5F00080B483B000AF78607B685A781D4B9A6006
:10F600007B681B78002B29D01A4A7B685B68D36023
:10F610007B681B7B1A077B68DB7A1B061A437B68B7
:10F620009B7ADB041A437B685B7B9B041A437B68F1
:10F630009B7B5B041A437B68DB7B1B041A437B6860
:10F640005B7A1B021A437B681B7A5B0013437A6860
:10F6500012781146074A0B43136105E0054B00225F
:10F66000DA60044B00221A6100BF0C37BD465DF81A
:10F67000047B704790ED00E080B58CB000AF7860FF
:10F680007B68002B02D1012300F01DBC7B681B6846
:10F6900003F00103002B00F08780994B1B6903F0F6
:10F6A0003803FB62964B9B6ABB62FB6A102B07D048
:10F6B000FB6A182B10D1BB6A03F00303022B0BD19A
:10F6C0008F4B1B6803F40033002B6CD07B685B68A6
:10F6D000002B68D10123F6E37B685B68B3F5803FBC
:10F6E00006D1874B1B68864A43F4803313602EE0B3
:10F6F0007B685B68002B0CD1814B1B68804A23F42C
:10F70000803313607E4B1B687D4A23F48023136093
:10F710001DE07B685B68B3F5A02F0CD1784B1B68AC
:10F72000774A43F480231360754B1B68744A43F493
:10F73000803313600BE0724B1B68714A23F48033F3
:10F7400013606F4B1B686E4A23F4802313607B6841
:10F750005B68002B13D0FFF795FD786208E0FFF798
:10F7600091FD02467B6AD31A642B01D90323AAE3D5
:10F77000634B1B6803F40033002BF0D014E0FFF759
:10F7800081FD786208E0FFF77DFD02467B6AD31AAF
:10F79000642B01D9032396E3594B1B6803F4003310
:10F7A000002BF0D100E000BF7B681B6803F0020370
:10F7B000002B00F0CB80524B1B6903F038033B62F7
:10F7C0004F4B9B6AFB613B6A002B07D03B6A182BAF
:10F7D00056D1FB6903F00303002B51D1484B1B6842
:10F7E00003F00403002B05D07B68DB68002B01D1FC
:10F7F000012368E3424B1B6823F019027B68DB6836
:10F800003F4913430B60FFF73DFD786208E0FFF7C7
:10F8100039FD02467B6AD31A022B01D9032352E336
:10F82000374B1B6803F00403002BF0D0FFF75AFDA1
:10F83000034641F20302934217D87B681B69402BB1
:10F8400008D12F4B5B6823F47C332D4A43F40033FB
:10F8500053607BE02A4B5B6823F47C327B681B6936
:10F860001B03274913434B6070E0254B5B6823F073
:10F87000FE427B681B691B06214913434B6065E010
:10F880007B68DB68002B48D01D4B1B6823F01902F6
:10F890007B68DB681A4913430B60FFF7F3FC78625F
:10F8A00008E0FFF7EFFC02467B6AD31A022B01D96E
:10F8B000032308E3124B1B6803F00403002BF0D072
:10F8C000FFF710FD034641F2030293421AD87B680A
:10F8D0001B69402B08D10A4B5B6823F47C33084A30
:10F8E00043F40033536031E0054B5B6823F47C3212
:10F8F0007B681B691B03024913434B6026E000BF72
:10F90000004402589A4B5B6823F0FE427B681B69F7
:10F910001B06974913434B6018E0954B1B68944AAC
:10F9200023F001031360FFF7ADFC786208E0FFF7F6
:10F93000A9FC02467B6AD31A022B01D90323C2E237
:10F940008B4B1B6803F00403002BF0D17B681B6812
:10F9500003F01003002B00F0A980854B1B6903F016
:10F960003803BB61824B9B6A7B61BB69082B07D064
:10F97000BB69182B3AD17B6903F00303012B35D106
:10F980007B4B1B6803F48073002B05D07B68DB691D
:10F99000802B01D0012396E2FFF7A4FC034641F23D
:10F9A0000302934217D87B681B6A202B08D1704B47
:10F9B0005B6823F0F8436E4A43F08043536075E080
:10F9C0006B4B5B6823F0F8427B681B6A9B066849B7
:10F9D00013434B606AE0664BDB6823F07C527B6824
:10F9E0001B6A1B0662491343CB605FE07B68DB69DF
:10F9F000002B42D05E4B1B685D4A43F080031360CE
:10FA0000FFF740FC786208E0FFF73CFC02467B6AA7
:10FA1000D31A022B01D9032355E2554B1B6803F47B
:10FA20008073002BF0D0FFF75DFC034641F2030228
:10FA3000934217D87B681B6A202B08D14C4B5B681C
:10FA400023F0F8434A4A43F0804353602EE0484B8A
:10FA50005B6823F0F8427B681B6A9B0644491343AA
:10FA60004B6023E0424BDB6823F07C527B681B6ACF
:10FA70001B063F491343CB6018E03D4B1B683C4AD3
:10FA800023F080031360FFF7FDFB786208E0FFF7C7
:10FA9000F9FB02467B6AD31A022B01D9032312E237
:10FAA000334B1B6803F48073002BF0D17B681B6819
:10FAB00003F00803002B36D07B685B69002B19D05C
:10FAC0002B4B5B6F2A4A43F001035367FFF7DAFBC6
:10FAD000786208E0FFF7D6FB02467B6AD31A022B56
:10FAE00001D90323EFE1224B5B6F03F00203002BEC
:10FAF000F0D018E01E4B5B6F1D4A23F001035367E3
:10FB0000FFF7C0FB786208E0FFF7BCFB02467B6AA8
:10FB1000D31A022B01D90323D5E1154B5B6F03F0F8
:10FB20000203002BF0D17B681B6803F02003002B3D
:10FB300039D07B689B69002B1CD00D4B1B680C4A8D
:10FB400043F480531360FFF79DFB786208E0FFF7F2
:10FB500099FB02467B6AD31A022B01D90323B2E137
:10FB6000034B1B6803F40053002BF0D01BE000BFD5
:10FB7000004402589B4B1B689A4A23F4805313603D
:10FB8000FFF780FB786208E0FFF77CFB02467B6AA8
:10FB9000D31A022B01D9032395E1924B1B6803F47E
:10FBA0000053002BF0D17B681B6803F00403002B8B
:10FBB00000F081808C4B1B688B4A43F48073136088
:10FBC000FFF760FB786208E0FFF75CFB02467B6AA8
:10FBD000D31A642B01D9032375E1834B1B6803F40B
:10FBE0008073002BF0D07B689B68012B06D17D4B86
:10FBF0001B6F7C4A43F0010313672DE07B689B6811
:10FC0000002B0CD1774B1B6F764A23F0010313674F
:10FC1000744B1B6F734A23F0040313671CE07B686B
:10FC20009B68052B0CD16F4B1B6F6E4A43F004038E
:10FC300013676C4B1B6F6B4A43F0010313670BE0B8
:10FC4000684B1B6F674A23F001031367654B1B6FFB
:10FC5000644A23F0040313677B689B68002B15D06C
:10FC6000FFF710FB78620AE0FFF70CFB02467B6AA5
:10FC7000D31A41F28832934201D9032323E1594B2D
:10FC80001B6F03F00203002BEED014E0FFF7FAFA2B
:10FC900078620AE0FFF7F6FA02467B6AD31A41F26D
:10FCA0008832934201D903230DE14E4B1B6F03F0C1
:10FCB0000203002BEED17B685B6A002B00F002810F
:10FCC000484B1B6903F03803182B00F0BD807B689C
:10FCD0005B6A022B40F09E80424B1B68414A23F036
:10FCE00080731360FFF7CEFA786208E0FFF7CAFA74
:10FCF00002467B6AD31A022B01D90323E3E0394B76
:10FD00001B6803F00073002BF0D1364B9A6A374B17
:10FD100013407A68916A7A68D26A12010A433149BB
:10FD200013438B627B681B6B013BC3F308027B6848
:10FD30005B6B013B5B029BB21A437B689B6B013B95
:10FD40001B0403F4FE031A437B68DB6B013B1B06B9
:10FD500003F0FE43234913430B63224BDB6A214A22
:10FD600023F00103D3621F4B5A6B214B13407A6877
:10FD7000926CD2001B4913434B631A4BDB6A23F08E
:10FD80000C027B681B6C17491343CB62154BDB6A73
:10FD900023F002027B685B6C12491343CB62114B68
:10FDA000DB6A104A43F48033D3620E4BDB6A0D4AA0
:10FDB00043F40033D3620B4BDB6A0A4A43F48023DB
:10FDC000D362084BDB6A074A43F00103D362054B59
:10FDD0001B68044A43F080731360FFF753FA78629C
:10FDE00011E000BF00440258004802580CFCFFFF1D
:10FDF0000700FFFFFFF746FA02467B6AD31A022B81
:10FE000001D903235FE0324B1B6803F00073002B22
:10FE1000F0D057E02E4B1B682D4A23F080731360FF
:10FE2000FFF730FA786208E0FFF72CFA02467B6AA7
:10FE3000D31A022B01D9032345E0254B1B6803F09D
:10FE40000073002BF0D13DE0214B9B6A3B61204BBE
:10FE50001B6BFB607B685B6A012B31D03B6903F055
:10FE600003027B689B6A9A422AD13B691B0903F013
:10FE70003F027B68DB6A9A4222D1FB68C3F3080227
:10FE80007B681B6B013B9A421AD1FB685B0A03F04B
:10FE90007F027B685B6B013B9A4211D1FB681B0CB4
:10FEA00003F07F027B689B6B013B9A4208D1FB68A1
:10FEB0001B0E03F07F027B68DB6B013B9A4201D093
:10FEC000012300E0002318463037BD4680BD00BF47
:10FED0000044025880B586B000AF786039607B6816
:10FEE000002B01D101239CE18A4B1B6803F00F0317
:10FEF0003A689A4210D9874B1B6823F00F02854954
:10FF00003B6813430B60834B1B6803F00F033A6895
:10FF10009A4201D0012384E17B681B6803F004034B
:10FF2000002B10D07B681A697B4B9B6903F0700330
:10FF30009A4208D9784B9B6923F070027B681B6951
:10FF4000754913438B617B681B6803F00803002B22
:10FF500010D07B685A69704BDB6903F070039A42DA
:10FF600008D96D4BDB6923F070027B685B696A49D5
:10FF70001343CB617B681B6803F01003002B10D088
:10FF80007B689A69644BDB6903F4E0639A4208D9A1
:10FF9000614BDB6923F4E0627B689B695E49134334
:10FFA000CB617B681B6803F02003002B10D07B68BB
:10FFB000DA69594B1B6A03F070039A4208D9564B11
:10FFC0001B6A23F070027B68DB69534913430B62A1
:10FFD0007B681B6803F00203002B10D07B68DA6893
:10FFE0004D4B9B6903F00F039A4208D94A4B9B691A
:10FFF00023F00F027B68DB68474913438B617B6802
:020000040801F1
:100000001B6803F00103002B55D0434B9B6923F47D
:1000100070627B689B68404913438B617B685B68B7
:10002000022B07D13C4B1B6803F40033002B21D17A
:100030000123F6E07B685B68032B07D1364B1B6816
:1000400003F00073002B15D10123EAE07B685B68A5
:10005000012B07D1304B1B6803F48073002B09D1AF
:100060000123DEE02C4B1B6803F00403002B01D1BD
:100070000123D6E0284B1B6923F007027B685B68ED
:10008000254913430B61FFF7FDF878610AE0FFF79C
:10009000F9F802467B69D31A41F28832934201D9BA
:1000A0000323BEE01C4B1B6903F038027B685B68CE
:1000B000DB009A42EBD17B681B6803F00203002B44
:1000C00010D07B68DA68144B9B6903F00F039A42E7
:1000D00008D2114B9B6923F00F027B68DB680E4945
:1000E00013438B610B4B1B6803F00F033A689A4272
:1000F00014D2084B1B6823F00F0206493B681343D8
:100100000B60044B1B6803F00F033A689A4205D05A
:10011000012386E000200052004402587B681B68DF
:1001200003F00403002B10D07B681A693F4B9B69D6
:1001300003F070039A4208D23C4B9B6923F0700293
:100140007B681B69394913438B617B681B6803F02B
:100150000803002B10D07B685A69344BDB6903F02D
:1001600070039A4208D2314BDB6923F070027B683E
:100170005B692E491343CB617B681B6803F0100356
:10018000002B10D07B689A69284BDB6903F4E0638D
:100190009A4208D2254BDB6923F4E0627B689B69B5
:1001A00022491343CB617B681B6803F02003002BBB
:1001B00010D07B68DA691D4B1B6A03F070039A420A
:1001C00008D21A4B1B6A23F070027B68DB6917495F
:1001D00013430B6200F034F80246144B9B691B0A70
:1001E00003F00F031249CB5C03F01F0322FA03F361
:1001F0003B610E4B9B6903F00F030D4AD35C03F088
:100200001F033A6922FA03F30A4A13600A4A3B6958
:1002100013600A4B1B681846FEF7EAFF0346FB73A0
:10022000FB7B18461837BD4680BD00BF004402580E
:1002300080E2010888020020840200208C02002055
:1002400080B489B000AFB34B1B6903F03803182B9F
:1002500000F2558101A252F823F000BFC10201084B
:10026000FF040108FF040108FF040108FF0401085E
:10027000FF040108FF040108FF040108E702010868
:10028000FF040108FF040108FF040108FF0401083E
:10029000FF040108FF040108FF040108ED02010842
:1002A000FF040108FF040108FF040108FF0401081E
:1002B000FF040108FF040108FF040108F30201081C
:1002C000944B1B6803F02003002B09D0914B1B6853
:1002D000DB0803F00303904A22FA03F3BB6111E148
:1002E0008D4BBB610EE18D4BBB610BE18C4BBB6158
:1002F00008E1884B9B6A03F003037B61854B9B6A93
:100300001B0903F03F033B61824BDB6A03F00103EF
:10031000FB60804B5B6BDB08C3F30C03FA6802FBEA
:1003200003F307EE903AF8EE677AC7ED027A3B697D
:10033000002B00F0E1807B69022B00F083807B6959
:10034000022B00F2A1807B69002B03D07B69012B7B
:1003500056D099E06F4B1B6803F02003002B2DD083
:100360006C4B1B68DB0803F003036B4A22FA03F3B0
:100370007B607B6807EE903AF8EE676A3B6907EEB0
:10038000903AF8EE677A86EEA77A624B1B6BC3F35E
:10039000080307EE903AF8EE676A97ED026ADFED20
:1003A000615AC6EE257A76EEA77AF7EE006A77EE06
:1003B000A67A67EE277AC7ED077A87E03B6907EEF2
:1003C000903AF8EE677ADFED586A86EEA77A514BDD
:1003D0001B6BC3F3080307EE903AF8EE676A97EDDC
:1003E000026ADFED505AC6EE257A76EEA77AF7EE6E
:1003F000006A77EEA67A67EE277AC7ED077A65E09E
:100400003B6907EE903AF8EE677ADFED486A86EED0
:10041000A77A404B1B6BC3F3080307EE903AF8EE44
:10042000676A97ED026ADFED3F5AC6EE257A76EEEF
:10043000A77AF7EE006A77EEA67A67EE277AC7ED1D
:10044000077A43E03B6907EE903AF8EE677ADFED12
:10045000386A86EEA77A2F4B1B6BC3F3080307EEAF
:10046000903AF8EE676A97ED026ADFED2E5AC6EE13
:10047000257A76EEA77AF7EE006A77EEA67A67EE2F
:10048000277AC7ED077A21E03B6907EE903AF8EE4C
:10049000677ADFED266A86EEA77A1E4B1B6BC3F3E5
:1004A000080307EE903AF8EE676A97ED026ADFED0F
:1004B0001D5AC6EE257A76EEA77AF7EE006A77EE39
:1004C000A67A67EE277AC7ED077A00BF114B1B6B40
:1004D0005B0A03F07F0301333B603B6807EE903A11
:1004E000B8EE677AD7ED076AC6EE877AFCEEE77A50
:1004F00017EE903ABB6105E00023BB6102E0074BB9
:10050000BB6100BFBB6918462437BD465DF8047B5C
:10051000704700BF004402580090D00300093D001E
:1005200040787D01000000460024744C0024744A89
:1005300020BCBE4B80B582B000AFFFF781FE024603
:10054000104B9B691B0A03F00F030F49CB5C03F0B0
:100550001F0322FA03F37B600A4B9B6903F00F032E
:10056000094AD35C03F01F037A6822FA03F3074AAF
:100570001360074A7B681360044B1B6818460837F2
:10058000BD4680BD0044025880E201088802002078
:100590008402002080B500AFFFF7CCFF0246064B77
:1005A000DB691B0903F007030449CB5C03F01F035D
:1005B00022FA03F3184680BD0044025880E2010885
:1005C00080B500AFFFF7B6FF0246064BDB691B0A9A
:1005D00003F007030449CB5C03F01F0322FA03F383
:1005E000184680BD0044025880E2010880B582B000
:1005F00000AF78607B68002B01D1012349E07B6864
:1006000093F83D30DBB2002B06D17B68002283F8E3
:100610003C207868FBF784FC7B68022283F83D204D
:100620007B681A687B6804331946104600F08AFA22
:100630007B68012283F848207B68012283F83E20F2
:100640007B68012283F83F207B68012283F84020E9
:100650007B68012283F841207B68012283F84220D5
:100660007B68012283F843207B68012283F84420C1
:100670007B68012283F845207B68012283F84620AD
:100680007B68012283F847207B68012283F83D20A4
:10069000002318460837BD4680BD80B582B000AF44
:1006A00078607B68022283F83D207B681B681A6AA9
:1006B00041F211131340002B0FD17B681B681A6A9B
:1006C00040F244431340002B07D17B681B681A6833
:1006D0007B681B6822F001021A607868FBF768FCEF
:1006E0007B68002283F848207B68002283F83E2044
:1006F0007B68002283F83F207B68002283F840203B
:100700007B68002283F841207B68002283F8422026
:100710007B68002283F843207B68002283F8442012
:100720007B68002283F845207B68002283F84620FE
:100730007B68002283F847207B68002283F83D20F5
:100740007B68002283F83C20002318460837BD460A
:1007500080BD000080B485B000AF78607B6893F8FE
:100760003D30DBB2012B01D0012354E07B68022233
:1007700083F83D207B681B68DA687B681B6842F061
:100780000102DA607B681B68264A934222D07B68AC
:100790001B68B3F1804F1DD07B681B68224A9342CF
:1007A00018D07B681B68214A934213D07B681B6872
:1007B0001F4A93420ED07B681B681E4A934209D0A1
:1007C0007B681B681C4A934204D07B681B681B4AE9
:1007D000934215D17B681B689A68194B1340FB60E4
:1007E000FB68062B15D0FB68B3F5803F11D07B6802
:1007F0001B681A687B681B6842F001021A6008E0F7
:100800007B681B681A687B681B6842F001021A60EB
:1008100000E000BF002318461437BD465DF8047B96
:10082000704700BF00000140000400400008004085
:10083000000C00400004014000180040004001404E
:100840000700010080B483B000AF78607B681B684C
:10085000DA687B681B6822F00102DA607B681B683B
:100860001A6A41F211131340002B0FD17B681B68E9
:100870001A6A40F244431340002B07D17B681B687F
:100880001A687B681B6822F001021A607B680122EB
:1008900083F83D20002318460C37BD465DF8047BE5
:1008A000704780B582B000AF78607B681B681B69B9
:1008B00003F00203022B22D17B681B68DB6803F084
:1008C0000203022B1BD17B681B686FF002021A61C6
:1008D0007B6801221A777B681B689B6903F003031E
:1008E000002B03D0786800F00FF905E0786800F07D
:1008F00001F9786800F012F97B6800221A777B68AA
:100900001B681B6903F00403042B22D17B681B685E
:10091000DB6803F00403042B1BD17B681B686FF0BA
:1009200004021A617B6802221A777B681B689B6944
:1009300003F44073002B03D0786800F0E5F805E07D
:10094000786800F0D7F8786800F0E8F87B68002253
:100950001A777B681B681B6903F00803082B22D1F8
:100960007B681B68DB6803F00803082B1BD17B68DE
:100970001B686FF008021A617B6804221A777B6893
:100980001B68DB6903F00303002B03D0786800F0D9
:10099000BBF805E0786800F0ADF8786800F0BEF8C4
:1009A0007B6800221A777B681B681B6903F01003C1
:1009B000102B22D17B681B68DB6803F01003102B1F
:1009C0001BD17B681B686FF010021A617B680822DC
:1009D0001A777B681B68DB6903F44073002B03D034
:1009E000786800F091F805E0786800F083F878689E
:1009F00000F094F87B6800221A777B681B681B69FB
:100A000003F00103012B0ED17B681B68DB6803F048
:100A10000103012B07D17B681B686FF001021A618B
:100A2000786800F05DF87B681B681B6903F0800341
:100A3000802B0ED17B681B68DB6803F08003802B62
:100A400007D17B681B686FF080021A61786800F03C
:100A50001DF97B681B681B6903F48073B3F5807F05
:100A60000ED17B681B68DB6803F08003802B07D105
:100A70007B681B686FF480721A61786800F010F967
:100A80007B681B681B6903F04003402B0ED17B6819
:100A90001B68DB6803F04003402B07D17B681B68B1
:100AA0006FF040021A61786800F042F87B681B68BA
:100AB0001B6903F02003202B0ED17B681B68DB68C9
:100AC00003F02003202B07D17B681B686FF0200206
:100AD0001A61786800F0D0F800BF0837BD4680BDC5
:100AE00080B483B000AF786000BF0C37BD465DF8BE
:100AF000047B704780B483B000AF786000BF0C37D0
:100B0000BD465DF8047B704780B483B000AF786069
:100B100000BF0C37BD465DF8047B704780B483B0DE
:100B200000AF786000BF0C37BD465DF8047B7047AE
:100B300080B483B000AF786000BF0C37BD465DF86D
:100B4000047B704780B485B000AF786039607B6803
:100B50001B68FB607B68404A934213D07B68B3F10B
:100B6000804F0FD07B683D4A93420BD07B683C4A54
:100B7000934207D07B683B4A934203D07B683A4A52
:100B8000934208D1FB6823F07003FB603B685B680D
:100B9000FA681343FB607B682F4A93421FD07B683F
:100BA000B3F1804F1BD07B682C4A934217D07B68EF
:100BB0002B4A934213D07B682A4A93420FD07B681A
:100BC000294A93420BD07B68284A934207D07B681E
:100BD000274A934203D07B68264A934208D1FB6898
:100BE00023F44073FB603B68DB68FA681343FB60E7
:100BF000FB6823F080023B685B691343FB607B6802
:100C0000FA681A603B689A687B68DA623B681A681F
:100C10007B689A627B68104A93420FD07B68124AC5
:100C200093420BD07B68114A934207D07B68104AED
:100C3000934203D07B680F4A934203D13B681A6901
:100C40007B681A637B6801225A6100BF1437BD4676
:100C50005DF8047B704700BF0000014000040040C5
:100C600000080040000C004000040140004001402A
:100C7000004401400048014080B483B000AF786078
:100C800000BF0C37BD465DF8047B704780B483B06D
:100C900000AF786000BF0C37BD465DF8047B70473D
:100CA00080B483B000AF786000BF0C37BD465DF8FC
:100CB000047B704780B586B000AF78600023FB7579
:100CC0000023BB757B681B6803F00063002B3FD0DB
:100CD0007B685B6EB3F5401F2AD0B3F5401F24D864
:100CE000B3F5001F18D0B3F5001F1ED8002B03D09A
:100CF000B3F5801F07D018E0A34BDB6AA24A43F488
:100D00000033D36215E07B6804330221184601F0FA
:100D1000D5F90346FB750CE07B68243302211846A5
:100D200001F07EFA0346FB7503E00123FB7500E04A
:100D300000BFFB7D002B09D1934B1B6D23F44012A8
:100D40007B685B6E904913430B6501E0FB7DBB75CF
:100D50007B681B6803F48073002B3DD07B685B6D60
:100D6000042B26D801A252F823F000BF810D010800
:100D70008F0D0108A10D0108B90D0108B90D010879
:100D8000814BDB6A804A43F40033D36215E07B6811
:100D900004330021184601F091F90346FB750CE07D
:100DA0007B6824330021184601F03AFA0346FB75AC
:100DB00003E00123FB7500E000BFFB7D002B09D1A0
:100DC000714B1B6D23F007027B685B6D6E4913430B
:100DD0000B6501E0FB7DBB757B681B6803F400734A
:100DE000002B42D07B689B6DB3F5807F2BD0B3F591
:100DF000807F25D8C02B28D0C02B21D8802B16D09F
:100E0000802B1DD8002B02D0402B07D018E05E4B62
:100E1000DB6A5D4A43F40033D36217E07B68043336
:100E20000021184601F04AF90346FB750EE07B6885
:100E300024330021184601F0F3F90346FB7505E061
:100E40000123FB7502E000BF00E000BFFB7D002B2B
:100E500009D14D4B1B6D23F4E0727B689B6D4A49B1
:100E600013430B6501E0FB7DBB757B681B6803F4D6
:100E70008063002B49D07B68D3F8A430B3F5000F12
:100E800030D0B3F5000F2AD8B3F5C00F2CD0B3F58E
:100E9000C00F24D8B3F5800F18D0B3F5800F1ED83B
:100EA000002B03D0B3F5001F07D018E0364BDB6AE8
:100EB000354A43F40033D36217E07B6804330021E2
:100EC000184601F0FBF80346FB750EE07B682433FF
:100ED0000021184601F0A4F90346FB7505E0012343
:100EE000FB7502E000BF00E000BFFB7D002B0AD1D4
:100EF000254B9B6D23F460027B68D3F8A430224914
:100F000013438B6501E0FB7DBB757B681B6803F4B5
:100F10000063002B4BD07B68D3F8A830B3F1806F0F
:100F200030D0B3F1806F2AD8B3F1407F2ED0B3F127
:100F3000407F24D8B3F1007F18D0B3F1007F1ED8D2
:100F4000002B03D0B3F1807F07D018E00E4BDB6A93
:100F50000D4A43F40033D36219E07B680433002167
:100F6000184601F0ABF80346FB7510E07B682433AC
:100F70000021184601F054F90346FB7507E00123F0
:100F8000FB7504E000BF02E00044025800BFFB7D97
:100F9000002B0AD1994B9B6D23F0E0627B68D3F85C
:100FA000A830964913438B6501E0FB7DBB757B68D8
:100FB0001B6803F00073002B32D07B689B6C302BD6
:100FC0001CD0302B17D8202B0CD0202B13D8002B63
:100FD00016D0102B0FD1894BDB6A884A43F40033BB
:100FE000D3620EE07B6804330221184601F066F8F4
:100FF0000346FB7505E00123FB7502E000BF00E03E
:1010000000BFFB7D002B09D17C4BDB6C23F0300251
:101010007B689B6C79491343CB6401E0FB7DBB7516
:101020007B681B6803F48053002B47D07B68DB6D23
:10103000B3F5804F30D0B3F5804F2AD8B3F5405F79
:101040002CD0B3F5405F24D8B3F5005F18D0B3F5CA
:10105000005F1ED8002B03D0B3F5805F07D018E0E7
:10106000664BDB6A654A43F40033D36217E07B6862
:1010700004330021184601F021F80346FB750EE009
:101080007B6824330021184601F0CAF80346FB753B
:1010900005E00123FB7502E000BF00E000BFFB7D1F
:1010A000002B09D1554B1B6D23F4E0427B68DB6DAF
:1010B000524913430B6501E0FB7DBB757B681B68E0
:1010C00003F40053002B49D07B681B6EB3F5A02FAF
:1010D0002ED0B3F5A02F28D8B3F5802F2AD0B3F5A2
:1010E000802F22D8B3F5403F26D0B3F5403F1CD81F
:1010F000B3F5003F10D0B3F5003F16D8002B1DD03C
:10110000B3F5803F11D17B6804330121184600F00C
:10111000D5FF0346FB7512E07B6824330121184696
:1011200001F07EF80346FB7509E00123FB7506E03C
:1011300000BF04E000BF02E000BF00E000BFFB7D95
:10114000002B09D12D4B1B6D23F4E0227B681B6E15
:101150002A4913430B6501E0FB7DBB757B681B6867
:1011600003F48043002B4DD07B68D3F8AC30B3F14F
:10117000A04F2ED0B3F1A04F28D8B3F1804F2AD082
:10118000B3F1804F22D8B3F1405F26D0B3F1405F76
:101190001CD8B3F1005F10D0B3F1005F16D8002B5C
:1011A0001DD0B3F1805F11D17B6804330121184653
:1011B00000F084FF0346FB7512E07B6824330121B5
:1011C000184601F02DF80346FB7509E00123FB7575
:1011D00006E000BF04E000BF02E000BF00E000BF87
:1011E000FB7D002B0CD1054B9B6D23F0E0427B680F
:1011F000D3F8AC30014913438B6503E00044025837
:10120000FB7DBB757B681B6803F40043002B2FD06C
:101210007B68DB6EB3F1005F0ED0B3F1005F14D8D2
:10122000002B15D0B3F1805F0FD1AF4BDB6AAE4A14
:1012300043F40033D3620CE07B6804330121184689
:1012400000F03CFF0346FB7503E00123FB7500E063
:1012500000BFFB7D002B09D1A34B1B6D23F0405237
:101260007B68DB6EA04913430B6501E0FB7DBB751A
:101270007B681B6803F08073002B32D07B685B6C4B
:10128000032B1BD801A252F823F000BFC3120108A0
:101290009D120108AB120108C3120108924BDB6AD0
:1012A000914A43F40033D3620CE07B68043302219B
:1012B000184600F003FF0346FB7503E00123FB75AE
:1012C00000E000BFFB7D002B09D1874BDB6C23F0D6
:1012D00003027B685B6C84491343CB6401E0FB7DB4
:1012E000BB757B681B6803F48003002B00F08680CD
:1012F0007E4B1B687D4A43F480731360FDF7C2FF89
:10130000386109E0FDF7BEFF02463B69D31A642B42
:1013100002D90323FB7505E0744B1B6803F480734B
:10132000002BEFD0FB7D002B66D16F4B1A6F7B68D3
:10133000D3F8B030534003F44073002B13D06A4B02
:101340001B6F23F44073FB60674B1B6F664A43F4CB
:1013500080331367644B1B6F634A23F48033136736
:10136000614AFB6813677B68D3F8B030B3F5807FC0
:1013700015D1FDF787FF38610BE0FDF783FF0246CB
:101380003B69D31A41F28832934202D90323FB7599
:1013900005E0554B1B6F03F00203002BEDD0FB7DE6
:1013A000002B26D17B68D3F8B03003F44073B3F53B
:1013B000407F0DD14C4B1B6923F47C527B68D3F8E2
:1013C000B03019094A4B0B40474913430B6105E004
:1013D000454B1B69444A23F47C531361424B1A6FFB
:1013E0007B68D3F8B030C3F30B033F4913430B675B
:1013F00004E0FB7DBB7501E0FB7DBB757B681B6872
:1014000003F00103002B00F085807B689B6F282B85
:1014100066D801A252F823F0F5140108E11401087E
:10142000E1140108E1140108E1140108E1140108C4
:10143000E1140108E1140108BD140108E1140108D8
:10144000E1140108E1140108E1140108E1140108A4
:10145000E1140108E1140108CF140108E1140108A6
:10146000E1140108E1140108E1140108E114010884
:10147000E1140108E1140108F5140108E114010860
:10148000E1140108E1140108E1140108E114010864
:10149000E1140108E1140108F5140108E114010840
:1014A000E1140108E1140108E1140108E114010844
:1014B000E1140108E1140108F51401087B68043304
:1014C0000121184600F0FAFD0346FB7513E07B6826
:1014D00024330121184600F0A3FE0346FB750AE001
:1014E0000123FB7507E000BF004402580048025882
:1014F000CFFFFF0000BFFB7D002B09D1964B5B6D3A
:1015000023F038027B689B6F934913434B6501E0DE
:10151000FB7DBB757B681B6803F00203002B38D092
:101520007B685B6F052B21D801A252F823F000BF26
:1015300073150108491501085B15010873150108A9
:1015400073150108731501087B68043301211846DF
:1015500000F0B4FD0346FB750CE07B6824330121E9
:10156000184600F05DFE0346FB7503E00123FB75A2
:1015700000E000BFFB7D002B09D1774B5B6D23F0B2
:1015800007027B685B6F744913434B6501E0FB7D89
:10159000BB757B681B6803F00403002B3AD07B68A3
:1015A000D3F89030052B21D801A252F823F000BFC8
:1015B000F3150108C9150108DB150108F315010829
:1015C000F3150108F31501087B680433012118465F
:1015D00000F074FD0346FB750CE07B6824330121A9
:1015E000184600F01DFE0346FB7503E00123FB7562
:1015F00000E000BFFB7D002B0AD1574B9B6D23F011
:1016000007027B68D3F89030534913438B6501E0A0
:10161000FB7DBB757B681B6803F02003002B4BD060
:101620007B68D3F88C30B3F1A04F2ED0B3F1A04F2C
:1016300028D8B3F1804F2AD0B3F1804F22D8B3F12C
:10164000405F26D0B3F1405F1CD8B3F1005F10D0EB
:10165000B3F1005F16D8002B1DD0B3F1805F11D11C
:101660007B6804330021184600F028FD0346FB7513
:1016700012E07B6824330221184600F0D1FD0346B6
:10168000FB7509E00123FB7506E000BF04E000BF25
:1016900002E000BF00E000BFFB7D002B0AD12E4B13
:1016A0005B6D23F0E0427B68D3F88C302A4913430A
:1016B0004B6501E0FB7DBB757B681B6803F0400355
:1016C000002B4DD07B68D3F89830B3F5A05F2ED0B7
:1016D000B3F5A05F28D8B3F5805F2AD0B3F5805F5B
:1016E00022D8B3F5406F26D0B3F5406F1CD8B3F5C0
:1016F000006F10D0B3F5006F16D8002B1DD0B3F5D6
:10170000806F11D17B6804330021184600F0D6FCAD
:101710000346FB7512E07B6824330221184600F073
:101720007FFD0346FB7509E00123FB7506E000BF62
:1017300004E000BF02E000BF00E000BFFB7D002B23
:101740000CD1054B9B6D23F4E0527B68D3F89830A5
:10175000014913438B6503E000440258FB7DBB75D0
:101760007B681B6803F08003002B4BD07B68D3F8A9
:101770009C30B3F5204F2ED0B3F5204F28D8B3F5C9
:10178000004F2AD0B3F5004F22D8B3F5C04F26D072
:10179000B3F5C04F1CD8B3F5804F10D0B3F5804FD0
:1017A00016D8002B1DD0B3F5005F11D17B68043330
:1017B0000021184600F082FC0346FB7512E07B68AE
:1017C00024330221184600F02BFD0346FB7509E087
:1017D0000123FB7506E000BF04E000BF02E000BF8C
:1017E00000E000BFFB7D002B0AD19D4B9B6D23F4D5
:1017F00060427B68D3F89C30994913438B6501E0C4
:10180000FB7DBB757B681B6803F00803002B1AD0B7
:101810007B68D3F88030B3F5805F0AD17B682433CE
:101820000221184600F0FCFC0346002B01D00123E6
:10183000BB758B4B5B6D23F440527B68D3F88030D3
:10184000874913434B657B681B6803F01003002B2B
:101850001AD07B68D3F89430B3F5807F0AD17B68C7
:1018600024330221184600F0DBFC0346002B01D094
:101870000123BB757A4B9B6D23F440727B68D3F8D0
:101880009430774913438B657B681B6803F400230E
:10189000002B34D07B68D3F8A030B3F5003F1DD0C7
:1018A000B3F5003F17D8002B03D0B3F5803F09D024
:1018B00011E07B6804330021184600F0FFFB03466B
:1018C000FB750CE07B6824330221184600F0A8FC6D
:1018D0000346FB7503E00123FB7500E000BFFB7DC1
:1018E000002B0AD15E4B9B6D23F440327B68D3F80A
:1018F000A0305B4913438B6501E0FB7DBB757B68C2
:101900001B6803F48023002B33D07B68D3F884302A
:10191000B3F5401F1CD0B3F5401F16D8B3F5801F98
:1019200003D0B3F5001F07D00FE04D4BDB6A4C4AE4
:1019300043F40033D3620CE07B6824330121184662
:1019400000F06EFC0346FB7503E00123FB7500E02D
:1019500000BFFB7D002B0AD1414B5B6D23F440128D
:101960007B68D3F884303E4913434B6501E0FB7D2F
:10197000BB757B681B6803F48033002B29D07B6820
:10198000DB6C002B03D0B3F5803F07D00FE0344B66
:10199000DB6A334A43F40033D3620BE07B680433E1
:1019A0000221184600F08AFB0346FB7502E0012382
:1019B000FB7500BFFB7D002B09D1294BDB6C23F4A9
:1019C00080327B68DB6C26491343CB6401E0FB7DEE
:1019D000BB757B681B6803F00053002B0AD07B6843
:1019E00024330221184600F01BFC0346002B01D0D3
:1019F0000123BB757B681B6803F40033002B33D0D5
:101A00007B68DB6FB3F5407F17D0B3F5407F11D80B
:101A1000B3F5007F13D0B3F5007F0BD8002B10D0A7
:101A2000B3F5807F06D10E4BDB6A0D4A43F40033D9
:101A3000D36207E00123FB7504E000BF02E000BFB2
:101A400000E000BFFB7D002B0CD1054B5B6D23F448
:101A500040727B68DB6F024913434B6504E000BFB3
:101A600000440258FB7DBB757B681B6803F4801340
:101A7000002B08D0314B1B6D23F000427B681B6F9D
:101A80002E4913430B657B681B6803F08053002BC2
:101A900009D02A4B1B6923F480427B68D3F8B43009
:101AA000264913430B617B681B6803F40013002B6A
:101AB00008D0224B1B6D23F080727B689B6E1F4900
:101AC00013430B657B681B6803F08043002B0DD02C
:101AD0001A4B1B69194A23F400431361174B1A6907
:101AE0007B68D3F8B830154913430B617B681B68DA
:101AF000002B08DA114BDB6C23F040527B681B6D26
:101B00000E491343CB647B681B6803F40003002B6E
:101B100009D00A4B5B6D23F440027B68D3F8883010
:101B2000064913434B65BB7D002B01D1002300E028
:101B3000012318461837BD4680BD00BF0044025837
:101B400080B500AFFEF7F6FC0246064B1B6A1B0988
:101B500003F007030449CB5C03F01F0322FA03F3ED
:101B6000184680BD0044025880E2010880B489B064
:101B700000AF7860A14B9B6A03F00303BB619F4BEE
:101B80009B6A1B0B03F03F037B619C4BDB6A1B09C9
:101B900003F001033B61994BDB6BDB08C3F30C03E0
:101BA0003A6902FB03F307EE903AF8EE677AC7ED65
:101BB000037A7B69002B00F01181BB69022B00F0D6
:101BC0008380BB69022B00F2A180BB69002B03D08C
:101BD000BB69012B56D099E0884B1B6803F02003AA
:101BE000002B2DD0854B1B68DB0803F00303844AD0
:101BF00022FA03F3BB60BB6807EE903AF8EE676A1F
:101C00007B6907EE903AF8EE677A86EEA77A7B4B0F
:101C10009B6BC3F3080307EE903AF8EE676A97ED03
:101C2000036ADFED785AC6EE257A76EEA77AF7EEEC
:101C3000006A77EEA67A67EE277AC7ED077A87E023
:101C40007B6907EE903AF8EE677ADFED6F6A86EE11
:101C5000A77A6A4B9B6BC3F3080307EE903AF8EE42
:101C6000676A97ED036ADFED675AC6EE257A76EE6E
:101C7000A77AF7EE006A77EEA67A67EE277AC7EDC5
:101C8000077A65E07B6907EE903AF8EE677ADFED58
:101C90005F6A86EEA77A594B9B6BC3F3080307EE86
:101CA000903AF8EE676A97ED036ADFED565AC6EE92
:101CB000257A76EEA77AF7EE006A77EEA67A67EED7
:101CC000277AC7ED077A43E07B6907EE903AF8EE92
:101CD000677ADFED4F6A86EEA77A484B9B6BC3F3BA
:101CE000080307EE903AF8EE676A97ED036ADFEDB6
:101CF000455AC6EE257A76EEA77AF7EE006A77EEB9
:101D0000A67A67EE277AC7ED077A21E07B6907EEAE
:101D1000903AF8EE677ADFED3D6A86EEA77A374BA8
:101D20009B6BC3F3080307EE903AF8EE676A97EDF2
:101D3000036ADFED345AC6EE257A76EEA77AF7EE1F
:101D4000006A77EEA67A67EE277AC7ED077A00BFBA
:101D50002A4B9B6B5B0A03F07F0307EE903AF8EE89
:101D6000677AB7EE007A37EE877AD7ED076AC6EE64
:101D7000877AFCEEE77A17EE902A7B681A601F4B91
:101D80009B6B1B0C03F07F0307EE903AF8EE677A2B
:101D9000B7EE007A37EE877AD7ED076AC6EE877A14
:101DA000FCEEE77A17EE902A7B685A60134B9B6B28
:101DB0001B0E03F07F0307EE903AF8EE677AB7EE5A
:101DC000007A37EE877AD7ED076AC6EE877AFCEE9F
:101DD000E77A17EE902A7B689A6008E07B68002219
:101DE0001A607B6800225A607B6800229A6000BFFC
:101DF0002437BD465DF8047B704700BF004402589D
:101E00000090D003000000460024744C0024744A63
:101E100020BCBE4B80B489B000AF7860A14B9B6AF8
:101E200003F00303BB619F4B9B6A1B0D03F03F0351
:101E30007B619C4BDB6A1B0A03F001033B61994BFE
:101E40005B6CDB08C3F30C033A6902FB03F307EE98
:101E5000903AF8EE677AC7ED037A7B69002B00F0C1
:101E60001181BB69022B00F08380BB69022B00F259
:101E7000A180BB69002B03D0BB69012B56D099E030
:101E8000884B1B6803F02003002B2DD0854B1B686B
:101E9000DB0803F00303844A22FA03F3BB60BB6848
:101EA00007EE903AF8EE676A7B6907EE903AF8EE33
:101EB000677A86EEA77A7B4B1B6CC3F3080307EEA9
:101EC000903AF8EE676A97ED036ADFED785AC6EE4E
:101ED000257A76EEA77AF7EE006A77EEA67A67EEB5
:101EE000277AC7ED077A87E07B6907EE903AF8EE2C
:101EF000677ADFED6F6A86EEA77A6A4B1B6CC3F3D5
:101F0000080307EE903AF8EE676A97ED036ADFED93
:101F1000675AC6EE257A76EEA77AF7EE006A77EE74
:101F2000A67A67EE277AC7ED077A65E07B6907EE48
:101F3000903AF8EE677ADFED5F6A86EEA77A594B42
:101F40001B6CC3F3080307EE903AF8EE676A97ED4F
:101F5000036ADFED565AC6EE257A76EEA77AF7EEDB
:101F6000006A77EEA67A67EE277AC7ED077A43E034
:101F70007B6907EE903AF8EE677ADFED4F6A86EEFE
:101F8000A77A484B1B6CC3F3080307EE903AF8EEB0
:101F9000676A97ED036ADFED455AC6EE257A76EE5D
:101FA000A77AF7EE006A77EEA67A67EE277AC7ED92
:101FB000077A21E07B6907EE903AF8EE677ADFED69
:101FC0003D6A86EEA77A374B1B6CC3F3080307EE16
:101FD000903AF8EE676A97ED036ADFED345AC6EE81
:101FE000257A76EEA77AF7EE006A77EEA67A67EEA4
:101FF000277AC7ED077A00BF2A4B1B6C5B0A03F0F8
:102000007F0307EE903AF8EE677AB7EE007A37EE84
:10201000877AD7ED076AC6EE877AFCEEE77A17EE85
:10202000902A7B681A601F4B1B6C1B0C03F07F030C
:1020300007EE903AF8EE677AB7EE007A37EE877AD5
:10204000D7ED076AC6EE877AFCEEE77A17EE902A9C
:102050007B685A60134B1B6C1B0E03F07F0307EE6B
:10206000903AF8EE677AB7EE007A37EE877AD7EDD6
:10207000076AC6EE877AFCEEE77A17EE902A7B684D
:102080009A6008E07B6800221A607B6800225A6030
:102090007B6800229A6000BF2437BD465DF8047B50
:1020A000704700BF004402580090D0030000004673
:1020B0000024744C0024744A20BCBE4B80B584B00C
:1020C00000AF786039600023FB73534B9B6A03F0C9
:1020D0000303032B01D1012399E04F4B1B684E4AA8
:1020E00023F080631360FDF7CDF8B86008E0FDF7DA
:1020F000C9F80246BB68D31A022B01D9032386E034
:10210000454B1B6803F00063002BF0D1424B9B6AE8
:1021100023F47C327B681B681B033F4913438B62AB
:102120007B685B68013BC3F308027B689B68013BEB
:102130005B029BB21A437B68DB68013B1B0403F420
:10214000FE031A437B681B69013B1B0603F0FE4339
:10215000314913438B63304BDB6A23F0C0027B6849
:102160005B692D491343CB622B4BDB6A23F02002C2
:102170007B689B6928491343CB62274BDB6A264A5D
:1021800023F01003D362244BDA6B244B13407A689C
:10219000D269D20020491343CB631F4BDB6A1E4A2E
:1021A00043F01003D3623B68002B06D11A4BDB6A65
:1021B000194A43F40023D3620FE03B68012B06D198
:1021C000154BDB6A144A43F48013D36205E0124BCB
:1021D000DB6A114A43F40013D3620F4B1B680E4AAB
:1021E00043F080631360FDF74DF8B86008E0FDF739
:1021F00049F80246BB68D31A022B01D9032306E033
:10220000054B1B6803F00063002BF0D0FB7B1846E6
:102210001037BD4680BD00BF004402580700FFFFD5
:1022200080B584B000AF786039600023FB73534BF6
:102230009B6A03F00303032B01D1012399E04F4B69
:102240001B684E4A23F080531360FDF71BF8B860FB
:1022500008E0FDF717F80246BB68D31A022B01D934
:10226000032386E0454B1B6803F00053002BF0D19D
:10227000424B9B6A23F07C727B681B681B053F49BD
:1022800013438B627B685B68013BC3F308027B6886
:102290009B68013B5B029BB21A437B68DB68013B96
:1022A0001B0403F4FE031A437B681B69013B1B06F6
:1022B00003F0FE43314913430B64304BDB6A23F4D4
:1022C00040627B685B692D491343CB622B4BDB6A11
:1022D00023F400727B689B6928491343CB62274B28
:1022E000DB6A264A23F48073D362244B5A6C244B56
:1022F00013407A68D269D200204913434B641F4BC4
:10230000DB6A1E4A43F48073D3623B68002B06D11C
:102310001A4BDB6A194A43F48003D3620FE03B682F
:10232000012B06D1154BDB6A144A43F40003D36238
:1023300005E0124BDB6A114A43F08073D3620F4B06
:102340001B680E4A43F080531360FCF79BFFB86094
:1023500008E0FCF797FF0246BB68D31A022B01D9AD
:10236000032306E0054B1B6803F00053002BF0D05D
:10237000FB7B18461037BD4680BD00BF00440258A5
:102380000700FFFF80B582B000AF78607B68002B4C
:1023900001D1012342E07B68D3F88430002B06D1C1
:1023A0007B68002283F88020786800F077F87B68EB
:1023B0002422C3F884207B681B681A687B681B682A
:1023C00022F001021A60786800F076FF0346012BC4
:1023D00001D1012322E07B689B6A002B02D0786840
:1023E00001F0D2FC7B681B685A687B681B6822F48A
:1023F00090425A607B681B689A687B681B6822F071
:102400002A029A607B681B681A687B681B6842F026
:1024100001021A60786801F059FD03461846083732
:10242000BD4680BD80B582B000AF78607B68002B70
:1024300001D101232EE07B682422C3F884207B682D
:102440001B681A687B681B6822F001021A607B68AF
:102450001B6800221A607B681B6800225A607B6838
:102460001B6800229A60786800F022F87B680022DE
:10247000C3F88C207B680022C3F884207B6800228C
:10248000C3F888207B680022DA667B68002283F824
:102490008020002318460837BD4680BD80B483B035
:1024A00000AF786000BF0C37BD465DF8047B704715
:1024B00080B483B000AF786000BF0C37BD465DF8D4
:1024C000047B704780B58AB002AFF860B9603B60AA
:1024D0001346FB80FB68D3F88430202B40F08380C8
:1024E000BB68002B02D0FB88002B01D101237BE0CD
:1024F000FB6893F88030012B01D1022374E0FB6864
:10250000012283F88020FB680022C3F88C20FB683E
:102510002122C3F88420FCF7B5FE7861FB68FA88B5
:10252000A3F85420FB68FA88A3F85620FB689B6840
:10253000B3F5805F08D1FB681B69002B04D1002331
:10254000FB61BB68BB6103E0BB68FB610023BB614F
:10255000FB68002283F880202CE03B6800937B69B5
:1025600000228021F86801F0FCFC0346002B01D01A
:10257000032339E0FB69002B0BD1BB691B881A468A
:10258000FB681B68C2F308029A62BB690233BB6135
:1025900007E0FB691A78FB681B689A62FB690133E4
:1025A000FB61FB68B3F856309BB2013B9AB2FB6803
:1025B000A3F85620FB68B3F856309BB2002BCCD161
:1025C0003B6800937B6900224021F86801F0C9FC58
:1025D0000346002B01D0032306E0FB682022C3F84A
:1025E0008420002300E0022318462037BD4680BD2A
:1025F00080B58AB000AFF860B9601346FB80FB6815
:10260000D3F88830202B42D1BB68002B02D0FB8846
:10261000002B01D101233BE0FB6893F88030012BB4
:1026200001D1022334E0FB68012283F88020FB689B
:102630000022DA66FB681B68174A93421FD0FB68CA
:102640001B685B6803F40003002B18D0FB681B6851
:102650007B617B6953E8003F3B613B6943F08063EA
:102660007B62FB681B681A467B6A3B62FA61F96908
:102670003A6A41E80023BB61BB69002BE6D1FB88C5
:102680001A46B968F86801F035FD034600E00223F8
:1026900018462837BD4680BD000C005880B58AB06A
:1026A00000AFF860B9601346FB80FB68D3F8843054
:1026B000202B7AD1BB68002B02D0FB88002B01D1E4
:1026C000012373E0FB6893F88030012B01D10223D2
:1026D0006CE0FB68012283F88020FB68BA681A6509
:1026E000FB68FA88A3F85420FB68FA88A3F8562000
:1026F000FB680022C3F88C20FB682122C3F88420E9
:10270000FB689B6F002B2CD0FB689B6F294ADA6318
:10271000FB689B6F284A1A64FB689B6F274ADA6440
:10272000FB689B6F00221A65FB68986FFB681B6D46
:102730001946FB681B6828331A46FB8804F076FDAF
:102740000346002B0DD0FB681022C3F88C20FB68D9
:10275000002283F88020FB682022C3F88420012314
:1027600024E0FB681B6840221A62FB68002283F8A1
:102770008020FB681B6808337B617B6953E8003F5E
:102780003B613B6943F080037B62FB681B68083355
:102790007A6A3A62FB61F9693A6A41E80023BB61EF
:1027A000BB69002BE5D1002300E00223184628373F
:1027B000BD4680BDE94501087F460108F54701088F
:1027C00080B58AB000AFF860B9601346FB80FB6843
:1027D000D3F88830202B42D1BB68002B02D0FB8875
:1027E000002B01D101233BE0FB6893F88030012BE3
:1027F00001D1022334E0FB68012283F88020FB68CA
:102800000022DA66FB681B68174A93421FD0FB68F8
:102810001B685B6803F40003002B18D0FB681B687F
:102820007B617B6953E8003F3B613B6943F0806318
:102830007B62FB681B681A467B6A3B62FA61F96936
:102840003A6A41E80023BB61BB69002BE6D1FB88F3
:102850001A46B968F86801F077FD034600E00223E4
:1028600018462837BD4680BD000C005880B590B092
:1028700000AF78607B68D3F88430FB637B68D3F863
:102880008830BB637B681B689B6803F08003802BE8
:1028900039D1FB6B212B36D17B681B6808333B6237
:1028A0003B6A53E8003FFB61FB6923F080037B63D5
:1028B0007B681B6808337A6BFA62BB62B96AFA6A92
:1028C00041E800237B627B6A002BE5D17B689B6F2C
:1028D000002B15D07B689B6F184604F011FF034650
:1028E000002B0DD07B689B6F184606F097FB0346C4
:1028F000202B05D17B681022C3F88C20032344E0F1
:10290000786801F0C9FD7B681B689B6803F0400391
:10291000402B39D1BB6B222B36D17B681B68083327
:10292000FB60FB6853E8003FBB60BB6823F04003DB
:102930003B637B681B6808333A6BBA617B617969DA
:10294000BA6941E800233B613B69002BE5D17B6814
:10295000DB6F002B15D07B68DB6F184604F0D0FED0
:102960000346002B0DD07B68DB6F184606F056FB44
:102970000346202B05D17B681022C3F88C2003234B
:1029800003E0786801F0CAFD002318464037BD46D1
:1029900080BD000080B59AB000AF78607B681B688E
:1029A000BB64BB6C53E8003F7B647B6C23F4907387
:1029B0007B667B681B681A467B6E7B653A65396D62
:1029C0007A6D41E80023FB64FB6C002BE6D17B6849
:1029D0001B6808337B637B6B53E8003F3B633A6BB8
:1029E0004F4B13403B667B681B6808333A6E3A6472
:1029F000FB63F96B3A6C41E80023BB63BB6B002BB4
:102A0000E5D17B68DB6E012B18D17B681B683B62CC
:102A10003B6A53E8003FFB61FB6923F01003FB6551
:102A20007B681B681A46FB6DFB62BA62B96AFA6A78
:102A300041E800237B627B6A002BE6D17B681B6840
:102A40009B6803F04003402B4FD17B681B68083321
:102A5000FB60FB6853E8003FBB60BB6823F04003AA
:102A6000BB657B681B680833BA6DBA617B617969A5
:102A7000BA6941E800233B613B69002BE5D17B68E3
:102A8000DB6F002B13D07B68DB6F264A1A657B68EF
:102A9000DB6F184605F052F90346002B3AD07B68ED
:102AA000DB6F1B6D7A68D26F1046984732E07B6807
:102AB0000022A3F85E207B6800229A657B681B6871
:102AC0000F221A627B681B689A697B681B6842F058
:102AD00008029A617B682022C3F888207B68002264
:102AE000DA66786800F0D2FB14E07B680022A3F875
:102AF0005E207B6800229A657B681B680F221A6241
:102B00007B682022C3F888207B680022DA66786818
:102B100000F0BCFB002318466837BD4680BD00BFEF
:102B2000FEFFFFEFA148010880B5BAB000AF7860A2
:102B30007B681B68DB69C7F8E4307B681B681B682F
:102B4000C7F8E0307B681B689B68C7F8DC30D7F8B3
:102B5000E42040F60F031340C7F8D830D7F8D83038
:102B6000002B1BD1D7F8E43003F02003002B15D045
:102B7000D7F8E03003F02003002B05D1D7F8DC3084
:102B800003F08053002B09D07B681B6F002B00F0F3
:102B90005A837B681B6F7868984754E3D7F8D8301E
:102BA000002B00F01F81D7F8DC208B4B1340002B4B
:102BB00006D1D7F8E020894B1340002B00F012819A
:102BC000D7F8E43003F00103002B11D0D7F8E03040
:102BD00003F48073002B0BD07B681B6801221A6200
:102BE0007B68D3F88C3043F001027B68C3F88C20FB
:102BF000D7F8E43003F00203002B11D0D7F8DC3013
:102C000003F00103002B0BD07B681B6802221A62C1
:102C10007B68D3F88C3043F004027B68C3F88C20C7
:102C2000D7F8E43003F00403002B11D0D7F8DC30E0
:102C300003F00103002B0BD07B681B6804221A628F
:102C40007B68D3F88C3043F002027B68C3F88C2099
:102C5000D7F8E43003F00803002B17D0D7F8E030A2
:102C600003F02003002B05D1D7F8DC205A4B13408A
:102C7000002B0BD07B681B6808221A627B68D3F894
:102C80008C3043F008027B68C3F88C20D7F8E4301E
:102C900003F40063002B12D0D7F8E03003F0806318
:102CA000002B0CD07B681B684FF400621A627B68B3
:102CB000D3F88C3043F020027B68C3F88C207B680B
:102CC000D3F88C30002B00F0C082D7F8E43003F04A
:102CD0002003002B13D0D7F8E03003F02003002BA3
:102CE00005D1D7F8DC3003F08053002B07D07B6888
:102CF0001B6F002B03D07B681B6F786898477B683D
:102D0000D3F88C30C7F8D4307B681B689B6803F01D
:102D10004003402B05D0D7F8D43003F02803002B14
:102D20004FD0786801F0FAFB7B681B689B6803F062
:102D30004003402B41D17B681B680833C7F89C30A7
:102D4000D7F89C3053E8003FC7F89830D7F8983050
:102D500023F04003C7F8D0307B681B680833D7F8EE
:102D6000D020C7F8A820C7F8A430D7F8A410D7F807
:102D7000A82041E80023C7F8A030D7F8A030002BE6
:102D8000D9D17B68DB6F002B13D07B68DB6F144AD3
:102D90001A657B68DB6F184604F0D0FF0346002BF2
:102DA00017D07B68DB6F1B6D7A68D26F104698472F
:102DB0000FE07868FAF7FAFC0BE07868FAF7F6FCAF
:102DC00007E07868FAF7F2FC7B680022C3F88C20F1
:102DD0003BE200BF39E200BF010000102001000407
:102DE000754801087B68DB6E012B40F0CE81D7F877
:102DF000E43003F01003002B00F0C781D7F8E03077
:102E000003F01003002B00F0C0817B681B681022C8
:102E10001A627B681B689B6803F04003402B40F0FC
:102E20003B817B68DB6F1B688B4A934259D07B6880
:102E3000DB6F1B68894A934253D07B68DB6F1B684A
:102E4000874A93424DD07B68DB6F1B68854A93426B
:102E500047D07B68DB6F1B68834A934241D07B6815
:102E6000DB6F1B68814A93423BD07B68DB6F1B683A
:102E70007F4A934235D07B68DB6F1B687D4A934263
:102E80002FD07B68DB6F1B687B4A934229D07B681D
:102E9000DB6F1B68794A934223D07B68DB6F1B682A
:102EA000774A93421DD07B68DB6F1B68754A93425B
:102EB00017D07B68DB6F1B68734A934211D07B6825
:102EC000DB6F1B68714A93420BD07B68DB6F1B681A
:102ED0006F4A934205D07B68DB6F1B686D4A934253
:102EE00005D17B68DB6F1B685B689BB204E07B6885
:102EF000DB6F1B685B689BB2A7F8BE30B7F8BE30CB
:102F0000002B00F0A4817B68B3F85C30B7F8BE20DA
:102F10009A4280F09C817B68B7F8BE20A3F85E20BF
:102F20007B68DB6FDB69B3F5807F00F086807B68B0
:102F30001B68C7F88830D7F8883053E8003FC7F8D7
:102F40008430D7F8843023F48073C7F8B8307B68B6
:102F50001B681A46D7F8B830C7F89430C7F89020E5
:102F6000D7F89010D7F8942041E80023C7F88C30A8
:102F7000D7F88C30002BDAD17B681B6808337B676D
:102F80007B6F53E8003F3B673B6F23F00103C7F8BB
:102F9000B4307B681B680833D7F8B420C7F88020AA
:102FA000FB67F96FD7F8802041E80023BB67BB6F50
:102FB000002BE1D17B681B6808333B663B6E53E80E
:102FC000003FFB65FB6D23F04003C7F8B0307B6822
:102FD0001B680833D7F8B020FA66BB66B96EFA6E84
:102FE00041E800237B667B6E002BE3D17B682022C7
:102FF000C3F888207B680022DA667B681B68FB6464
:10300000FB6C53E8003FBB64BB6C23F01003C7F8B4
:10301000AC307B681B681A46D7F8AC30BB657A6564
:10302000796DBA6D41E800233B653B6D002BE4D11F
:103030007B68DB6F184604F063FB7B68B3F85C20A9
:103040007B68B3F85E309BB2D31A9BB2194678689E
:1030500000F026F9FBE000BF10000240280002400B
:1030600040000240580002407000024088000240C8
:10307000A0000240B80002401004024028040240B0
:103080004004024058040240700402408804024098
:10309000A0040240B80402407B68B3F85C207B685F
:1030A000B3F85E309BB2D31AA7F8CE307B68B3F882
:1030B0005E309BB2002B00F0CC80B7F8CE30002BF6
:1030C00000F0C7807B681B68BB63BB6B53E8003FA5
:1030D0007B637B6B23F49073C7F8C8307B681B68F5
:1030E0001A46D7F8C8307B643A64396C7A6C41E888
:1030F0000023FB63FB6B002BE4D17B681B68083368
:103100007B627B6A53E8003F3B623A6A544B134050
:10311000C7F8C4307B681B680833D7F8C4203A630B
:10312000FB62F96A3A6B41E80023BB62BB6A002B81
:10313000E3D17B682022C3F888207B680022DA660E
:103140007B6800221A677B681B683B613B6953E818
:10315000003FFB60FB6823F01003C7F8C0307B68BA
:103160001B681A46D7F8C030FB61BA61B969FA69C1
:1031700041E800237B617B69002BE4D1B7F8CE30B6
:103180001946786800F08CF863E0D7F8E43003F46F
:103190008013002B0ED0D7F8DC3003F48003002B13
:1031A00008D07B681B684FF480121A62786802F0BE
:1031B00023F851E0D7F8E43003F08003002B14D05B
:1031C000D7F8E03003F08003002B05D1D7F8DC30CE
:1031D00003F40003002B08D07B685B6F002B3AD010
:1031E0007B685B6F7868984735E0D7F8E43003F088
:1031F0004003002B09D0D7F8E03003F04003002B48
:1032000003D0786801F071FB26E0D7F8E43003F4CE
:103210000003002B09D0D7F8E03003F08043002BE7
:1032200003D0786801F0FCFF16E0D7F8E43003F033
:103230008073002B10D0D7F8E030002B0CDA7868C0
:1032400001F0E4FF08E000BF06E000BF04E000BFBB
:1032500002E000BF00E000BFE837BD4680BD00BF10
:10326000FEFFFFEF80B483B000AF786000BF0C3783
:10327000BD465DF8047B704780B483B000AF7860D2
:1032800000BF0C37BD465DF8047B704780B483B047
:1032900000AF786000BF0C37BD465DF8047B704717
:1032A00080B483B000AF78600B467B8000BF0C37E2
:1032B000BD465DF8047B70472DE9B04F92B000AF7A
:1032C0007861002387F842307B699A687B691B69C3
:1032D0001A437B695B691A437B69DB6913437B642F
:1032E0007B691B681A68BE4B13407A691268796C57
:1032F0000B4313607B691B685B6823F440517B6957
:10330000DA687B691B680A435A607B699B697B6446
:103310007B691B68B34A934204D07B691B6A7A6C51
:1033200013437B647B691B689A68AF4B13407A69CF
:103330001268796C0B4393607B691B68DB6A23F02E
:103340000F017B695A6A7B691B680A43DA627B69F1
:103350001B68A64A934277D1A54B5B6D03F03803F7
:10336000282B6DD801A252F823F000BF11340108B8
:103370004134010841340108413401084134010855
:10338000413401084134010841340108193401086D
:103390004134010841340108413401084134010835
:1033A0004134010841340108413401082134010845
:1033B0004134010841340108413401084134010815
:1033C000413401084134010841340108293401081D
:1033D00041340108413401084134010841340108F5
:1033E00041340108413401084134010831340108F5
:1033F00041340108413401084134010841340108D5
:1034000041340108413401084134010839340108CC
:10341000012387F8433022E2042387F843301EE279
:10342000082387F843301AE2102387F8433016E266
:10343000202387F8433012E2402387F843300EE21E
:10344000802387F843300AE27B691B68694A93420C
:1034500030D1674B5B6D03F00703052B26D801A223
:1034600052F823F07D340108853401088D340108B9
:10347000953401089D340108A5340108002387F81C
:103480004330ECE1042387F84330E8E1082387F870
:103490004330E4E1102387F84330E0E1202387F84C
:1034A0004330DCE1402387F84330D8E1802387F8BC
:1034B0004330D4E17B691B684F4A934230D14C4B77
:1034C0005B6D03F00703052B26D801A252F823F009
:1034D000E9340108F1340108F93401080135010823
:1034E0000935010811350108002387F84330B6E19A
:1034F000042387F84330B2E1082387F84330AEE174
:10350000102387F84330AAE1202387F84330A6E14F
:10351000402387F84330A2E1802387F843309EE1BF
:103520007B691B68354A934230D1314B5B6D03F0A8
:103530000703052B26D801A252F823F055350108C0
:103540005D350108653501086D35010875350108DF
:103550007D350108002387F8433080E1042387F894
:1035600043307CE1082387F8433078E1102387F863
:10357000433074E1202387F8433070E1402387F81B
:1035800043306CE1802387F8433068E17B691B6836
:103590001B4A934242D1164B5B6D03F00703052B88
:1035A00038D801A252F823F0C1350108C935010805
:1035B000D1350108D9350108053601080D36010855
:1035C000002387F843304AE1042387F8433046E17B
:1035D000082387F8433042E1102387F843303EE167
:1035E000F369FFCF000C0058FFF4FF1100100140F9
:1035F000004402580044004000480040004C004095
:1036000000500040202387F8433028E1402387F80A
:10361000433024E1802387F8433020E17B691B6835
:10362000CB4A934276D1CB4B5B6D03F03803282B0A
:103630006CD801A252F823F0DD3601080D370108DD
:103640000D3701080D3701080D3701080D37010846
:103650000D3701080D370108E53601080D3701085F
:103660000D3701080D3701080D3701080D37010826
:103670000D3701080D370108ED3601080D37010837
:103680000D3701080D3701080D3701080D37010806
:103690000D3701080D370108F53601080D3701080F
:1036A0000D3701080D3701080D3701080D370108E6
:1036B0000D3701080D370108FD3601080D370108E7
:1036C0000D3701080D3701080D3701080D370108C6
:1036D0000D3701080D37010805370108012387F868
:1036E0004330BCE0042387F84330B8E0082387F870
:1036F0004330B4E0102387F84330B0E0202387F84C
:103700004330ACE0402387F84330A8E0802387F8BB
:103710004330A4E07B691B688F4A934230D18D4BC4
:103720005B6D03F00703052B26D801A252F823F0A6
:103730004937010851370108593701086137010835
:103740006937010871370108002387F8433086E0A4
:10375000042387F8433082E0082387F843307EE073
:10376000102387F843307AE0202387F8433076E04F
:10377000402387F8433072E0802387F843306EE0BF
:103780007B691B68754A934230D1724B5B6D03F0C5
:103790000703052B26D801A252F823F0B5370108FC
:1037A000BD370108C5370108CD370108D5370108F5
:1037B000DD370108002387F8433050E0042387F801
:1037C00043304CE0082387F8433048E0102387F863
:1037D000433044E0202387F8433040E0402387F81B
:1037E00043303CE0802387F8433038E07B691B6836
:1037F0005B4A934230D1574B9B6D03F00703052B77
:1038000026D801A252F823F02138010829380108EE
:1038100031380108393801084138010849380108B0
:10382000022387F843301AE0042387F8433016E078
:10383000082387F8433012E0102387F843300EE066
:10384000202387F843300AE0402387F8433006E01E
:10385000802387F8433002E0802387F843307B6978
:103860001B683F4A934240F0F88097F84330202B82
:1038700046DC022BC0F28280023B1E2B7ED801A2C6
:1038800052F823F0073901087D3901080F39010882
:103890007D3901087D3901087D3901081F3901088A
:1038A0007D3901087D3901087D3901087D3901081C
:1038B0007D3901087D3901087D3901082F3901085A
:1038C0007D3901087D3901087D3901087D390108FC
:1038D0007D3901087D3901087D3901087D390108EC
:1038E0007D3901087D3901087D3901087D390108DC
:1038F0007D3901087D3901087D3901086F390108DA
:10390000402B37D03AE0FEF71BF9F8633CE007F1B3
:1039100024031846FEF72AF9BB6AFB6334E007F17B
:1039200018031846FEF776FAFB69FB632CE0094B97
:103930001B6803F02003002B16D0064B1B68DB0826
:1039400003F00303074A22FA03F3FB631CE000BF02
:10395000001401400044025800780040007C004000
:10396000000C00580090D0039D4BFB630CE09D4B76
:10397000FB6309E04FF40043FB6305E00023FB63B6
:10398000012387F8423000BFFB6B002B00F0DE8183
:103990007B695B6A944A32F813301A46FB6BB3FBBF
:1039A000F2F33B637B695A6813465B0013443A6B3E
:1039B0009A4205D37B695B681B033A6B9A4203D931
:1039C000012387F84230C1E1FB6B0022BB60FA6043
:1039D0007B695B6A844A32F813309BB200223B60F9
:1039E0007A60D7E90023D7E90201ECF7E1FC02464F
:1039F0000B46104619464FF000024FF000030B0231
:103A000043EA1063020279694968490800200C46BC
:103A1000054612EB040843EB05097B695B6800224D
:103A20009A46934652465B4640464946ECF7C0FCF0
:103A300002460B461346BB63BB6BB3F5407F08D30E
:103A4000BB6BB3F5801F04D27B691B68BA6BDA606D
:103A50007CE1012387F8423078E17B69DB69B3F5CB
:103A6000004F40F0C58097F84330202B48DC002BF6
:103A70007BDB202B79D801A252F823F0073B010809
:103A80000F3B01086B3B01086B3B0108173B01082A
:103A90006B3B01086B3B01086B3B0108273B0108AE
:103AA0006B3B01086B3B01086B3B01086B3B01085A
:103AB0006B3B01086B3B01086B3B0108373B01087E
:103AC0006B3B01086B3B01086B3B01086B3B01083A
:103AD0006B3B01086B3B01086B3B01086B3B01082A
:103AE0006B3B01086B3B01086B3B01086B3B01081A
:103AF0006B3B01086B3B01086B3B01085D3B010818
:103B0000402B2ED031E0FCF745FDF86333E0FCF7A5
:103B100057FDF8632FE007F124031846FEF726F857
:103B2000BB6AFB6327E007F118031846FEF772F93A
:103B3000FB69FB631FE02D4B1B6803F02003002B88
:103B400009D02A4B1B68DB0803F00303244A22FA3E
:103B500003F3FB630FE0224BFB630CE0214BFB63A1
:103B600009E04FF40043FB6305E00023FB630123FE
:103B700087F8423000BFFB6B002B00F0E7807B69C9
:103B80005B6A194A32F813301A46FB6BB3FBF2F347
:103B90005A007B695B685B081A447B695B68B2FB0F
:103BA000F3F3BB63BB6B0F2B16D9BB6BB3F5803F35
:103BB00012D2BB6B9BB223F00F03FB86BB6B5B087F
:103BC0009BB203F007039AB2FB8E1343FB867B691B
:103BD0001B68FA8EDA60B9E0012387F84230B5E05D
:103BE0000090D00300093D0090E201080044025813
:103BF00097F84330202B49DC002B7CDB202B7AD834
:103C000001A252F823F000BF933C01089B3C01083D
:103C1000F73C0108F73C0108A33C0108F73C010808
:103C2000F73C0108F73C0108B33C0108F73C0108E8
:103C3000F73C0108F73C0108F73C0108F73C010894
:103C4000F73C0108F73C0108C33C0108F73C0108B8
:103C5000F73C0108F73C0108F73C0108F73C010874
:103C6000F73C0108F73C0108F73C0108F73C010864
:103C7000F73C0108F73C0108F73C0108F73C010854
:103C8000F73C0108F73C0108E93C0108402B2ED025
:103C900031E0FCF77FFCF86333E0FCF791FCF8635C
:103CA0002FE007F124031846FDF760FFBB6AFB63B2
:103CB00027E007F118031846FEF7ACF8FB69FB6331
:103CC0001FE02D4B1B6803F02003002B09D02A4B6B
:103CD0001B68DB0803F00303284A22FA03F3FB63A3
:103CE0000FE0264BFB630CE0254BFB6309E04FF430
:103CF0000043FB6305E00023FB63012387F84230A8
:103D000000BFFB6B002B21D07B695B6A1D4A32F838
:103D100013301A46FB6BB3FBF2F27B695B685B08FE
:103D20001A447B695B68B2FBF3F3BB63BB6B0F2B7D
:103D300009D9BB6BB3F5803F05D2BB6B9AB27B69E7
:103D40001B68DA6002E0012387F842307B690122B8
:103D5000A3F86A207B690122A3F868207B6900220E
:103D60001A677B6900225A6797F84230184648372D
:103D7000BD46BDE8B08F00BF004402580090D0039C
:103D800000093D0090E2010880B483B000AF786084
:103D90007B689B6A03F00103002B0AD07B681B68D9
:103DA0005B6823F400317B68DA6A7B681B680A432E
:103DB0005A607B689B6A03F00203002B0AD07B6881
:103DC0001B685B6823F480317B681A6B7B681B6817
:103DD0000A435A607B689B6A03F00403002B0AD0F5
:103DE0007B681B685B6823F480217B685A6B7B6867
:103DF0001B680A435A607B689B6A03F00803002B28
:103E00000AD07B681B685B6823F400417B689A6B6F
:103E10007B681B680A435A607B689B6A03F0100347
:103E2000002B0AD07B681B689B6823F480517B6859
:103E3000DA6B7B681B680A439A607B689B6A03F0B5
:103E40002003002B0AD07B681B689B6823F4005179
:103E50007B681A6C7B681B680A439A607B689B6A64
:103E600003F04003002B1AD07B681B685B6823F4C7
:103E700080117B685A6C7B681B680A435A607B68B8
:103E80005B6CB3F5801F0AD17B681B685B6823F409
:103E9000C0017B689A6C7B681B680A435A607B6828
:103EA0009B6A03F08003002B0AD07B681B685B6869
:103EB00023F400217B68DA6C7B681B680A435A6034
:103EC00000BF0C37BD465DF8047B704780B586B0F7
:103ED00002AF78607B680022C3F88C20FBF7D2F930
:103EE000F8607B681B681B6803F00803082B0ED181
:103EF0006FF07E430093FB6800224FF40011786856
:103F000000F02FF80346002B01D0032325E07B6847
:103F10001B681B6803F00403042B0ED16FF07E4373
:103F20000093FB6800224FF48001786800F019F8D4
:103F30000346002B01D003230FE07B682022C3F847
:103F400084207B682022C3F888207B680022DA6600
:103F50007B68002283F88020002318461037BD4676
:103F600080BD80B59CB000AFF860B9603B6013467F
:103F7000FB71A9E0BB6FB3F1FF3F00F0A580FBF739
:103F800081F902463B68D31ABA6F9A4202D3BB6FDB
:103F9000002B40D1FB681B683B653B6D53E8003F3D
:103FA000FB64FB6C23F4D0737B66FB681B681A46CA
:103FB0007B6EFB65BA65B96DFA6D41E800237B65E0
:103FC0007B6D002BE6D1FB681B680833FB63FB6B42
:103FD00053E8003FBB63BB6B23F001033B66FB6808
:103FE0001B6808333A6EBA647B64796CBA6C41E83A
:103FF00000233B643B6C002BE5D1FB682022C3F817
:104000008420FB682022C3F88820FB68002283F804
:104010008020032369E0FB681B681B6803F004032E
:10402000002B51D0FB681B68DB6903F40063B3F518
:10403000006F49D1FB681B684FF400621A62FB688D
:104040001B68BB62BB6A53E8003F7B627B6A23F458
:10405000D073FB66FB681B681A46FB6E7B633A6392
:10406000396B7A6B41E80023FB62FB6A002BE6D1D7
:10407000FB681B6808337B617B6953E8003F3B6149
:104080003B6923F00103BB66FB681B680833BA6E0B
:104090003A62FB61F9693A6A41E80023BB61BB6996
:1040A000002BE5D1FB682022C3F88420FB68202286
:1040B000C3F88820FB682022C3F88C20FB6800220C
:1040C00083F88020032310E0FB681B68DA69BB6873
:1040D0001340BA689A420CBF01230023DBB21A4690
:1040E000FB799A423FF446AF002318467037BD462D
:1040F00080BD000080B4A3B000AFF860B960134683
:10410000FB80FB68BA689A65FB68FA88A3F85C20B4
:10411000FB68FA88A3F85E20FB6800221A67FB6838
:104120009B68B3F5805F0ED1FB681B69002B05D13E
:10413000FB6840F2FF12A3F860202DE0FB68FF222D
:10414000A3F8602028E0FB689B68002B0DD1FB687A
:104150001B69002B04D1FB68FF22A3F860201BE041
:10416000FB687F22A3F8602016E0FB689B68B3F130
:10417000805F0DD1FB681B69002B04D1FB687F2297
:10418000A3F8602008E0FB683F22A3F8602003E06A
:10419000FB680022A3F86020FB680022C3F88C2093
:1041A000FB682222C3F88820FB681B6808337B6603
:1041B0007B6E53E8003F3B663B6E43F00103C7F85C
:1041C0008430FB681B680833D7F884203A67FB66A5
:1041D000F96E3A6F41E80023BB66BB6E002BE3D15A
:1041E000FB685B6EB3F1005F53D1FB68B3F86830D6
:1041F000FA889A424DD3FB689B68B3F5805F07D17C
:10420000FB681B69002B03D1FB684B4A1A6702E06D
:10421000FB684A4A1A67FB68002283F88020FB6823
:104220001B69002B1AD0FB681B683B653B6D53E88C
:10423000003FFB64FB6C43F48073C7F88030FB687D
:104240001B681A46D7F88030FB65BA65B96DFA6D00
:1042500041E800237B657B6D002BE4D1FB681B6884
:104260000833FB63FB6B53E8003FBB63BB6B43F05E
:104270008053FB67FB681B680833FA6FBA647B6482
:10428000796CBA6C41E800233B643B6C002BE5D1B0
:104290004AE0FB689B68B3F5805F07D1FB681B6948
:1042A000002B03D1FB68264A1A6702E0FB68254A07
:1042B0001A67FB68002283F88020FB681B69002BCB
:1042C00019D0FB681B68BB62BB6A53E8003F7B6286
:1042D0007B6A43F490737B67FB681B681A467B6FAD
:1042E0007B633A63396B7A6B41E80023FB62FB6ABC
:1042F000002BE6D118E0FB681B687B617B6953E803
:10430000003F3B613B6943F02003BB67FB681B68D0
:104310001A46BB6F3B62FA61F9693A6A41E80023C9
:10432000BB61BB69002BE6D1002318468C37BD4624
:104330005DF8047B704700BFF94E0108014C01088D
:10434000A14A01084149010880B596B000AFF86064
:10435000B9601346FB80FB68BA689A65FB68FA8807
:10436000A3F85C20FB680022C3F88C20FB682222A3
:10437000C3F88820FB68DB6F002B2CD0FB68DB6F59
:10438000424ADA63FB68DB6F414A1A64FB68DB6F01
:10439000404ADA64FB68DB6F00221A65FB68D86F5D
:1043A000FB681B6824331946FB689B6D1A46FB8823
:1043B00002F03CFF0346002B0DD0FB681022C3F82F
:1043C0008C20FB68002283F88020FB682022C3F841
:1043D0008820012355E0FB68002283F88020FB68D9
:1043E0001B69002B18D0FB681B68FB63FB6B53E851
:1043F000003FBB63BB6B43F480737B65FB681B684A
:104400001A467B6DBB647A64796CBA6C41E8002310
:104410003B643B6C002BE6D1FB681B680833BB6236
:10442000BB6A53E8003F7B627B6A43F001033B6554
:10443000FB681B6808333A6D7A633B63396B7A6BB0
:1044400041E80023FB62FB6A002BE5D1FB681B6897
:1044500008337B617B6953E8003F3B613B6943F074
:104460004003FB64FB681B680833FA6C3A62FB612B
:10447000F9693A6A41E80023BB61BB69002BE5D1C9
:10448000002318465837BD4680BD00BF9B46010833
:10449000BD470108F547010880B48FB000AF7860D0
:1044A0007B681B683B623B6A53E8003FFB61FB692A
:1044B00023F0C0037B637B681B681A467B6BFB623F
:1044C000BA62B96AFA6A41E800237B627B6A002B10
:1044D000E6D17B681B680833FB60FB6853E8003F4C
:1044E000BB60BB6823F400033B637B681B68083335
:1044F0003A6BBA617B617969BA6941E800233B6133
:104500003B69002BE5D17B682022C3F8842000BFE3
:104510003C37BD465DF8047B7047000080B495B021
:1045200000AF78607B681B687B637B6B53E8003F60
:104530003B633B6B23F49073FB647B681B681A46F8
:10454000FB6C3B64FA63F96B3A6C41E80023BB6394
:10455000BB6B002BE6D17B681B6808333B623B6A70
:1045600053E8003FFB61FA691E4B1340BB647B6854
:104570001B680833BA6CFA62BB62B96AFA6A41E82E
:1045800000237B627B6A002BE5D17B68DB6E012B0D
:1045900018D17B681B68FB60FB6853E8003FBB6079
:1045A000BB6823F010037B647B681B681A467B6C36
:1045B000BB617A617969BA6941E800233B613B6973
:1045C000002BE6D17B682022C3F888207B6800227C
:1045D000DA667B6800221A6700BF5437BD465DF873
:1045E000047B7047FEFFFFEF80B590B000AF7860AE
:1045F0007B689B6BFB637B68DB69B3F5807F37D09F
:10460000FB6B0022A3F85620FB6B1B6808337B6210
:104610007B6A53E8003F3B623B6A23F08003BB6345
:10462000FB6B1B680833BA6B3A63FB62F96A3A6B3F
:1046300041E80023BB62BB6A002BE5D1FB6B1B6822
:104640003B613B6953E8003FFB60FB6843F040037C
:104650007B63FB6B1B681A467B6BFB61BA61B969B4
:10466000FA6941E800237B617B69002BE6D102E017
:10467000F86BF9F741F800BF4037BD4680BD80B503
:1046800084B000AF78607B689B6BFB60F868FEF7D6
:10469000E9FD00BF1037BD4680BD80B59CB000AFBE
:1046A00078607B689B6BFB667B68DB69B3F5807F1A
:1046B00071D0FB6E0022A3F85E20FB6E1B68FB64CA
:1046C000FB6C53E8003FBB64BB6C23F48073BB6698
:1046D000FB6E1B681A46BB6EBB657A65796DBA6D59
:1046E00041E800233B653B6D002BE6D1FB6E1B6868
:1046F0000833BB63BB6B53E8003F7B637B6B23F0EA
:1047000001037B66FB6E1B6808337A6E7A643B6438
:10471000396C7A6C41E80023FB63FB6B002BE5D11D
:10472000FB6E1B6808337B627B6A53E8003F3B6289
:104730003B6A23F040033B66FB6E1B6808333A6E0E
:104740003A63FB62F96A3A6B41E80023BB62BB6AD9
:10475000002BE5D1FB6E2022C3F88820FB6EDB6EB8
:10476000012B18D1FB6E1B683B613B6953E8003F8E
:10477000FB60FB6823F01003FB65FB6E1B681A46A9
:10478000FB6DFB61BA61B969FA6941E800237B619D
:104790007B69002BE6D1FB6EDB6E012B07D1FB6E34
:1047A000B3F85C301946F86EFEF77AFD02E0F86E59
:1047B000F8F7F4FE00BF7037BD4680BD80B584B009
:1047C00000AF78607B689B6BFB60FB68DB6E012B46
:1047D00009D1FB68B3F85C305B089BB21946F868F6
:1047E000FEF75EFD02E0F868FEF746FD00BF1037F9
:1047F000BD4680BD80B586B000AF78607B689B6B9E
:104800007B617B69D3F884303B617B69D3F8883066
:10481000FB607B691B689B6803F08003802B09D1D8
:104820003B69212B06D17B690022A3F856207869C9
:10483000FFF732FE7B691B689B6803F04003402B47
:1048400009D1FB68222B06D17B690022A3F85E20E8
:104850007869FFF763FE7B69D3F88C3043F0100270
:104860007B69C3F88C207869F8F7A0FF00BF183780
:10487000BD4680BD80B584B000AF78607B689B6B1F
:10488000FB60FB680022A3F85E20FB680022A3F80F
:104890005620F868F8F78AFF00BF1037BD4680BD84
:1048A00080B584B000AF78607B689B6BFB60FB6871
:1048B0000022A3F85E20FB681B680F221A62FB68C7
:1048C0001B689A69FB681B6842F008029A61FB68E2
:1048D0002022C3F88820FB680022DA66F868FEF719
:1048E000D5FC00BF1037BD4680BD80B588B000AF95
:1048F00078607B681B68FB60FB6853E8003FBB6027
:10490000BB6823F04003FB617B681B681A46FB69A8
:10491000BB617A617969BA6941E800233B613B690F
:10492000002BE6D17B682022C3F884207B6800221C
:104930005A677868F8F7E0FE00BF2037BD4680BDB3
:1049400080B596B000AF78607B68B3F86030A7F8A8
:1049500056307B68D3F88830222B40F095807B68F6
:104960001B685B6AA7F85430B7F85430D9B2B7F86F
:104970005630DAB27B689B6D0A40D2B21A707B68FF
:104980009B6D5A1C7B689A657B68B3F85E309BB25E
:10499000013B9AB27B68A3F85E207B68B3F85E3077
:1049A0009BB2002B78D17B681B68BB63BB6B53E861
:1049B000003F7B637B6B23F490733B657B681B68D4
:1049C0001A463B6D7B643A64396C7A6C41E800238B
:1049D000FB63FB6B002BE6D17B681B6808337B62B3
:1049E0007B6A53E8003F3B623B6A23F00103FB64B0
:1049F0007B681B680833FA6C3A63FB62F96A3A6BAE
:104A000041E80023BB62BB6A002BE5D17B68202212
:104A1000C3F888207B6800221A677B68DB6E012B55
:104A20002ED17B680022DA667B681B683B613B699C
:104A300053E8003FFB60FB6823F01003BB647B6816
:104A40001B681A46BB6CFB61BA61B969FA6941E837
:104A500000237B617B69002BE6D17B681B68DB69E7
:104A600003F01003102B03D17B681B6810221A621D
:104A70007B68B3F85C3019467868FEF711FC0BE0F0
:104A80007868F8F78BFD07E07B681B689A697B689C
:104A90001B6842F008029A6100BF5837BD4680BDCE
:104AA00080B596B000AF78607B68B3F86030A7F847
:104AB00056307B68D3F88830222B40F095807B6895
:104AC0001B685B6AA7F854307B689B6D3B65B7F841
:104AD0005420B7F8563013409AB23B6D1A807B6869
:104AE0009B6D9A1C7B689A657B68B3F85E309BB2BD
:104AF000013B9AB27B68A3F85E207B68B3F85E3016
:104B00009BB2002B78D17B681B687B637B6B53E87F
:104B1000003F3B633B6B23F49073FB647B681B6833
:104B20001A46FB6C3B64FA63F96B3A6C41E800236C
:104B3000BB63BB6B002BE6D17B681B6808333B6211
:104B40003B6A53E8003FFB61FB6923F00103BB6450
:104B50007B681B680833BA6CFA62BB62B96AFA6A8E
:104B600041E800237B627B6A002BE5D17B68202231
:104B7000C3F888207B6800221A677B68DB6E012BF4
:104B80002ED17B680022DA667B681B68FB60FB68BD
:104B900053E8003FBB60BB6823F010037B647B6875
:104BA0001B681A467B6CBB617A617969BA6941E816
:104BB00000233B613B69002BE6D17B681B68DB6906
:104BC00003F01003102B03D17B681B6810221A62BC
:104BD0007B68B3F85C3019467868FEF761FB0BE040
:104BE0007868F8F7DBFC07E07B681B689A697B68EC
:104BF0001B6842F008029A6100BF5837BD4680BD6D
:104C000080B5A6B000AF78607B68B3F86030A7F8D5
:104C100092307B681B68DB69C7F894307B681B683F
:104C20001B68C7F88C307B681B689B68C7F88830A6
:104C30007B68D3F88830222B40F04D817B68B3F835
:104C40006830A7F88630F4E07B681B685B6AA7F8D9
:104C50008430B7F88430D9B2B7F89230DAB27B68D2
:104C60009B6D0A40D2B21A707B689B6D5A1C7B68A0
:104C70009A657B68B3F85E309BB2013B9AB27B6861
:104C8000A3F85E207B681B68DB69C7F89430D7F80F
:104C9000943003F00703002B53D0D7F8943003F07F
:104CA0000103002B11D0D7F88C3003F48073002B54
:104CB0000BD07B681B6801221A627B68D3F88C30AA
:104CC00043F001027B68C3F88C20D7F8943003F0DE
:104CD0000203002B11D0D7F8883003F00103002B1A
:104CE0000BD07B681B6802221A627B68D3F88C3079
:104CF00043F004027B68C3F88C20D7F8943003F0AB
:104D00000403002B11D0D7F8883003F00103002BE7
:104D10000BD07B681B6804221A627B68D3F88C3046
:104D200043F002027B68C3F88C207B68D3F88C3098
:104D3000002B06D07868F8F739FD7B680022C3F8AD
:104D40008C207B68B3F85E309BB2002B71D17B68FE
:104D50001B68FB65FB6D53E8003FBB65BB6D23F42F
:104D60008073C7F880307B681B681A46D7F880309C
:104D7000BB667A66796EBA6E41E800233B663B6E8D
:104D8000002BE4D17B681B680833BB64BB6C53E821
:104D9000003F7B647A6C564B1340FB677B681B6853
:104DA0000833FA6F7A653B65396D7A6D41E8002307
:104DB000FB64FB6C002BE5D17B682022C3F88820C4
:104DC0007B6800221A677B68DB6E012B2ED17B6823
:104DD0000022DA667B681B687B637B6B53E8003FCD
:104DE0003B633B6B23F01003BB677B681B681A4671
:104DF000BB6F3B64FA63F96B3A6C41E80023BB6319
:104E0000BB6B002BE6D17B681B68DB6903F01003EA
:104E1000102B03D17B681B6810221A627B68B3F8E1
:104E20005C3019467868FEF73BFA02E07868F8F7DC
:104E3000B5FBB7F88630002B06D0D7F8943003F0D6
:104E40002003002B7FF400AF7B68B3F85E30A7F837
:104E50007630B7F87630002B45D07B68B3F86830F1
:104E6000B7F876209A423ED27B681B6808333B62D3
:104E70003B6A53E8003FFB61FB6923F080533B67CB
:104E80007B681B6808333A6FFA62BB62B96AFA6AD8
:104E900041E800237B627B6A002BE5D17B68154AE1
:104EA0001A677B681B68FB60FB6853E8003FBB60C8
:104EB000BB6843F02003FB667B681B681A46FB6EE9
:104EC000BB617A617969BA6941E800233B613B695A
:104ED000002BE6D107E07B681B689A697B681B683A
:104EE00042F008029A6100BF9837BD4680BD00BFFE
:104EF000FEFFFFEF4149010880B5A8B000AF786020
:104F00007B68B3F86030A7F89A307B681B68DB6970
:104F1000C7F89C307B681B681B68C7F894307B68B7
:104F20001B689B68C7F890307B68D3F88830222BC9
:104F300040F051817B68B3F86830A7F88E30F8E014
:104F40007B681B685B6AA7F88C307B689B6DC7F831
:104F50008830B7F88C20B7F89A3013409AB2D7F857
:104F600088301A807B689B6D9A1C7B689A657B6889
:104F7000B3F85E309BB2013B9AB27B68A3F85E2027
:104F80007B681B68DB69C7F89C30D7F89C3003F05E
:104F90000703002B53D0D7F89C3003F00103002BFC
:104FA00011D0D7F8943003F48073002B0BD07B68BA
:104FB0001B6801221A627B68D3F88C3043F001022F
:104FC0007B68C3F88C20D7F89C3003F00203002BD9
:104FD00011D0D7F8903003F00103002B0BD07B6881
:104FE0001B6802221A627B68D3F88C3043F00402FB
:104FF0007B68C3F88C20D7F89C3003F00403002BA7
:1050000011D0D7F8903003F00103002B0BD07B6850
:105010001B6804221A627B68D3F88C3043F00202CA
:105020007B68C3F88C207B68D3F88C30002B06D0CB
:105030007868F8F7BBFB7B680022C3F88C207B689C
:10504000B3F85E309BB2002B73D17B681B683B6664
:105050003B6E53E8003FFB65FB6D23F48073C7F89C
:1050600084307B681B681A46D7F88430FB66BA66C2
:10507000B96EFA6E41E800237B667B6E002BE4D1AB
:105080007B681B680833FB64FB6C53E8003FBB6420
:10509000BA6C574B1340C7F880307B681B680833E5
:1050A000D7F88020BA657B65796DBA6D41E8002339
:1050B0003B653B6D002BE3D17B682022C3F8882041
:1050C0007B6800221A677B68DB6E012B2ED17B6820
:1050D0000022DA667B681B68BB63BB6B53E8003F4A
:1050E0007B637B6B23F01003FB677B681B681A46AE
:1050F000FB6F7B643A64396C7A6C41E80023FB6394
:10510000FB6B002BE6D17B681B68DB6903F01003A7
:10511000102B03D17B681B6810221A627B68B3F8DE
:105120005C3019467868FEF7BBF802E07868F8F75B
:1051300035FAB7F88E30002B06D0D7F89C3003F044
:105140002003002B7FF4FCAE7B68B3F85E30A7F839
:105150007A30B7F87A30002B45D07B68B3F86830E6
:10516000B7F87A209A423ED27B681B6808337B628C
:105170007B6A53E8003F3B623B6A23F080537B67C6
:105180007B681B6808337A6F3A63FB62F96A3A6B93
:1051900041E80023BB62BB6A002BE5D17B68154A5E
:1051A0001A677B681B683B613B6953E8003FFB6003
:1051B000FB6843F020033B677B681B681A463B6F24
:1051C000FB61BA61B969FA6941E800237B617B69D7
:1051D000002BE6D107E07B681B689A697B681B6837
:1051E00042F008029A6100BFA037BD4680BD00BFF3
:1051F000FEFFFFEFA14A010880B483B000AF7860E2
:1052000000BF0C37BD465DF8047B704780B483B0A7
:1052100000AF786000BF0C37BD465DF8047B704777
:1052200080B483B000AF786000BF0C37BD465DF836
:10523000047B704780B485B000AF78607B6893F8DA
:105240008030012B01D1022327E07B68012283F803
:1052500080207B682422C3F884207B681B681B683D
:10526000FB607B681B681A687B681B6822F0010280
:105270001A60FB6823F00053FB607B6800225A66CB
:105280007B681B68FA681A607B682022C3F8842058
:105290007B68002283F88020002318461437BD461F
:1052A0005DF8047B704780B584B000AF78603960EA
:1052B0007B6893F88030012B01D102232DE07B68BD
:1052C000012283F880207B682422C3F884207B6835
:1052D0001B681B68FB607B681B681A687B681B681F
:1052E00022F001021A607B681B689B6823F0604112
:1052F0007B681B683A680A439A60786800F050F847
:105300007B681B68FA681A607B682022C3F88420D7
:105310007B68002283F88020002318461037BD46A2
:1053200080BD80B584B000AF786039607B6893F849
:105330008030012B01D102232DE07B68012283F80C
:1053400080207B682422C3F884207B681B681B684C
:10535000FB607B681B681A687B681B6822F001028F
:105360001A607B681B689B6823F060617B681B6820
:105370003A680A439A60786800F012F87B681B6804
:10538000FA681A607B682022C3F884207B680022B8
:1053900083F88020002318461037BD4680BD0000EA
:1053A00080B485B000AF78607B685B6E002B08D15D
:1053B0007B680122A3F86A207B680122A3F8682099
:1053C00031E01023FB731023BB737B681B689B6861
:1053D0005B0EDBB203F007037B737B681B689B6883
:1053E0005B0FDBB203F007033B73BB7B3A7B1149D6
:1053F0008A5C02FB03F33A7B0F498A5C93FBF2F36E
:105400009AB27B68A3F86A20FB7B7A7B09498A5CA5
:1054100002FB03F37A7B08498A5C93FBF2F39AB2AE
:105420007B68A3F8682000BF1437BD465DF8047B95
:10543000704700BFA8E20108B0E2010880B58AB059
:1054400000AFF860B9607A60BB683B627B68FB6163
:105450000823FB75404B1B7D012B01D1022376E015
:105460003D4B01221A75BB68B3F1006F06D3BB68D0
:10547000B3F1016F02D20123BB610CE0BB68B3F151
:10548000016F06D3BB68B3F1026F02D20223BB6186
:1054900001E001235BE0304B00229A61B9694CF2D4
:1054A000503000F02DF9034687F8273097F8273061
:1054B000002B47D1BB69012B06D1284BDB68274A5B
:1054C00043F00203D36007E0244BD3F80C31234AA6
:1054D00043F00203C2F80C31BFF36F8F00BFBFF37C
:1054E0004F8F00BFFB691A683B6A1A603B6A04333E
:1054F0003B62FB690433FB61FB7D013BFB75FB7D7C
:10550000002BEFD1BFF36F8F00BFBFF34F8F00BFF2
:10551000B9694CF2503000F0F3F8034687F82730B1
:10552000BB69012B06D10D4BDB680C4A23F002034B
:10553000D36007E0094BD3F80C31084A23F002038B
:10554000C2F80C31044B00221A7597F82730184620
:105550002837BD4680BD00BFA43C0020002000527B
:1055600080B400AF184BDB6803F00103002B0DD0B3
:10557000154B164A5A60144B154A5A60124BDB6899
:1055800003F00103002B01D0012318E00E4BD3F8E8
:105590000C3103F00103002B10D00B4B0B4AC3F866
:1055A0000421094B0A4AC3F80421074BD3F80C31F4
:1055B00003F00103002B01D0012300E00023184673
:1055C000BD465DF8047B704700200052230167450B
:1055D000AB89EFCD80B400AF124BDB68114A43F0CA
:1055E0000103D3600F4BDB6803F00103002B01D1F3
:1055F000012311E00B4BD3F80C310A4A43F00103AD
:10560000C2F80C31074BD3F80C3103F00103002B27
:1056100001D1012300E000231846BD465DF8047B5C
:10562000704700BF0020005280B400AF0C4B9B6954
:1056300003F00103002B0DD0094B0A4A9A60084B76
:10564000094A9A60064B9B6903F00103002B01D0C5
:10565000012300E000231846BD465DF8047B704737
:10566000002000523B2A19087F6E5D4C80B400AFC9
:10567000094B9B69084A43F001039361064B9B6900
:1056800003F00103002B01D1012300E000231846A1
:10569000BD465DF8047B70470020005280B582B0A3
:1056A00000AF01214CF2503000F002F90346002B0C
:1056B00002D00123FB710CE002214CF2503000F0CB
:1056C000F7F80346002B02D00123FB7101E0002311
:1056D000FB71FB79002B0BD1084B9B69074A43F008
:1056E000020393614CF2503000F0A6F80346FB71C0
:1056F000FB7918460837BD4680BD00BF0020005228
:1057000080B586B000AF7860396004237B610023E8
:105710003B61F9F7B7FDF8603B68022B13D1414BB1
:105720007B6110E07B68B3F1FF3F0CD0F9F7AAFD75
:105730000246FB68D31A7A689A4202D37B68002B30
:1057400001D103236AE07A69374B13407A699A42A0
:105750000AD1364B1A697B6913407A699A420CBFA9
:1057600001230023DBB20CE0304BD3F81031DA43D5
:105770007B69134023F00043002B0CBF012300235F
:10578000DBB2002BCED13B68012B05D1274B1A6928
:10579000274B13403B6107E0244BD3F81021244BE7
:1057A000134043F000433B613B6923F00043002B6F
:1057B00017D0204B9A693B6913431E4A93613A699B
:1057C000194B13403A699A4203D1184A3B69536115
:1057D00005E0164A3B6923F00043C2F81431012367
:1057E0001CE03B68012B0BD1104B1B6903F4803389
:1057F000B3F5803F11D10D4B4FF480325A610CE06C
:105800000A4BD3F8103103F48033B3F5803F04D151
:10581000064B4FF48032C3F8142100231846183782
:10582000BD4680BD040000800F00EF1F0020005225
:105830000000EE17A43C002080B584B000AF786073
:10584000F9F720FDF86010E07B68B3F1FF3F0CD062
:10585000F9F718FD0246FB68D31A7A689A4202D318
:105860007B68002B01D103231AE00F4BDB6903F0A7
:105870000103002BE8D10C4BDB6903F08043002BC4
:105880000DD00A4B9B6943F08043084A9361064B55
:105890005B6A054A43F080435362012300E0002322
:1058A00018461037BD4680BD00200052A43C0020A1
:1058B00080B584B000AF78603960F9F7E3FCB86078
:1058C0003B68012B02D10823FB6013E0314BFB60E6
:1058D00010E07B68B3F1FF3F0CD0F9F7D3FC024630
:1058E000BB68D31A7A689A4202D37B68002B01D135
:1058F00003234BE0FA68284B1340FA689A420AD116
:10590000264B1A69FB681340FA689A420CBF0123C0
:105910000023DBB20CE0214BD3F81031DA43FB68F3
:10592000134023F00043002B0CBF01230023DBB204
:10593000002BCED13B68012B12D1184B1B6903F011
:105940008053B3F1805F20D1154B9B6943F08053A6
:10595000134A9361114B4FF080525A61012315E0B5
:105960000E4BD3F8103103F08053B3F1805F0CD1AC
:105970000B4B9B6943F01043094A9361074B4FF06F
:105980008052C3F81421012300E000231846103789
:10599000BD4680BD080000800F00EF1F00200052B0
:1059A000A43C002080B584B000AF7860396000234B
:1059B000FB735E4B1B7D012B01D10223B2E05B4BDD
:1059C00001221A75594B00229A617B685B6803F0CB
:1059D0000103002B09D001214CF25030FFF790FE5B
:1059E0000346002B01D00123FB737B685B6803F047
:1059F0000203002B09D002214CF25030FFF780FE49
:105A00000346002B01D00123FB73FB7B002B40F0EE
:105A100085807B681B68012B36D17B681A697B689F
:105A20005B681946104600F087F97B685B6803F0F5
:105A30000103002B0FD001214CF25030FFF760FE24
:105A40000346002B01D00123FB73394BDB68384A36
:105A500023F00803D3607B685B6803F00203002B2C
:105A60005CD002214CF25030FFF74AFE0346002B77
:105A700001D00123FB732E4BD3F80C312C4A23F0B9
:105A80000803C2F80C3149E03B684FF0FF321A605E
:105A90007B689B68BB6039E07B6859687B681B69E1
:105AA0001A46B86800F0B2F97B685B6803F001033E
:105AB000002B0CD001214CF25030FFF721FE0346A1
:105AC000FB731B4BDA681A491A4B1340CB607B6897
:105AD0005B6803F00203002B0ED002214CF2503021
:105AE000FFF70EFE0346FB73114BD3F80C21104950
:105AF000104B1340C1F80C31FB7B002B03D03B68EB
:105B0000BA681A600AE0BB680133BB607B68DA6878
:105B10007B689B681344BA689A42BDD3034B00224A
:105B20001A75FB7B18461037BD4680BDA43C00208B
:105B300000200052FBF8FFFF80B584B000AF786012
:105B40004E4B1B7D012B01D1022392E04B4B0122D6
:105B50001A754A4B00229A6101214CF25030FFF72E
:105B6000CFFD0346002B02D00123FB730CE0022182
:105B70004CF25030FFF7C4FD0346002B02D0012346
:105B8000FB7301E00023FB73FB7B002B6DD17B6873
:105B90001B6803F00103002B14D07B685B68012BAA
:105BA00008D17B689A687B68DB691946104600F06B
:105BB0006BF907E07B689A687B68DB6919461046D9
:105BC00000F08CF97B681B6803F00203002B04D003
:105BD0007B68DB68184600F0D7F97B681B6803F028
:105BE0000403002B07D07B685A697B689B691946C0
:105BF000104600F0F9F97B681B6803F00803002BDE
:105C000009D07B68186A7B68596A7B689A6A7B68E6
:105C1000DB6900F0A1FA7B681B6803F01003002B1E
:105C200004D07B681B69184600F00EFB7B681B687C
:105C300003F04003002B08D07B68D86A7B68196B9F
:105C40007B685B6B1A4600F021FB7B681B6803F0E6
:105C50002003002B09D07B68986B7B68D96B7B682D
:105C60001A6C7B68DB6900F057FB044B00221A7545
:105C7000FB7B18461037BD4680BD00BFA43C00200A
:105C800080B582B000AF78607B6816221A6000F0A1
:105C90008FF902467B68DA6000F048FA02467B68BA
:105CA0009A6100F0E5FA02467B681A617B68DB695D
:105CB000012B03D07B68DB69022B29D17B681B6831
:105CC00043F029027B681A607B68181D7B6803F12A
:105CD00008017B68DB691A4600F028F97B6803F14C
:105CE00020007B6803F124017B6803F128027B68B4
:105CF000DB6900F067FA7B6803F138007B6803F129
:105D00003C017B6803F140027B68DB6900F03EFBED
:105D10007B6803F130027B6834331946104600F08B
:105D2000DFFA7B681B6843F040027B681A6000BFA3
:105D30000837BD4680BD000080B483B000AF7860F6
:105D400039603B6803F00303032B22D12E4BDB6841
:105D50002D4A23F03003D3602B4BD3F80C312A4A61
:105D600023F03003C2F80C31274BDA6826497B68F0
:105D70001343CB60244BD3F80C2123497B68134396
:105D8000C1F80C31204B9B691F4A43F0100393610B
:105D900033E03B6803F00103002B11D01A4BDB68A2
:105DA000194A23F03003D360174BDA6816497B6831
:105DB0001343CB60144BDB68134A43F08803D36072
:105DC0003B6803F00203002B17D00F4BD3F80C31C4
:105DD0000D4A23F03003C2F80C310B4BD3F80C21E1
:105DE00009497B681343C1F80C31074BD3F80C31D8
:105DF000054A43F08803C2F80C3100BF0C37BD469A
:105E00005DF8047B704700BF0020005280B485B06D
:105E100000AFF860B9607A60BB6803F00103002B43
:105E200010D0184BDB68174A23F4E663D360154B98
:105E3000DA68FB6819027B680B431343114A43F08D
:105E40008403D360BB6803F00203002B14D00D4B16
:105E5000D3F80C310B4A23F4E663C2F80C31094B3A
:105E6000D3F80C21FB6819027B680B431343054AE6
:105E700043F08403C2F80C3100BF1437BD465DF80F
:105E8000047B70470020005280B483B000AF78607C
:105E900039603B6803F00103002B07D00E4BDA6B2F
:105EA0007B68DBB2DB430C491340CB633B6803F0F8
:105EB0000203002B09D0084BD3F83C217B68DBB2EE
:105EC000DB4305491340C1F83C3100BF0C37BD46E8
:105ED0005DF8047B704700BF0020005280B483B09F
:105EE00000AF786039603B6803F00103002B06D0F7
:105EF0000D4BDA6B7B68DBB20B491343CB633B681A
:105F000003F00203002B08D0074BD3F83C217B6839
:105F1000DBB205491343C1F83C3100BF0C37BD4625
:105F20005DF8047B704700BF0020005280B487B04A
:105F300000AFF860B9607A6000237B617B68012B59
:105F400002D1104B9B6B7B617B68022B03D10D4B05
:105F5000D3F838317B617B69DB43DAB2BB681A6006
:105F6000BB681B68002B03D1FB6800221A6002E0AB
:105F7000FB6801221A6000BF1C37BD465DF8047B38
:105F8000704700BF0020005280B483B000AF78603B
:105F9000064B1B6A23F47F4204497B6813430B6260
:105FA00000BF0C37BD465DF8047B704700200052EF
:105FB00080B483B000AF0B4BDB6903F47F437B609D
:105FC0007B68B3F52A4F06D07B68B3F54C4F02D0FF
:105FD0004FF4AA4300E07B6818460C37BD465DF8D5
:105FE000047B70470020005280B485B000AF786019
:105FF00039600023FB600023BB607B6803F0010372
:10600000002B09D03B6803F01003FA681343FB60D0
:10601000BB6843F01003BB607B6803F00203002BF6
:1060200009D03B6803F04003FA681343FB60BB6888
:1060300043F04003BB607B6803F00403002B09D0EE
:106040003B6803F08003FA681343FB60BB6843F0CE
:106050008003BB607B6803F00803002B09D03B681A
:1060600003F40033FA681343FB60BB6843F4003366
:10607000BB607B6803F01003002B09D03B6803F47E
:106080008023FA681343FB60BB6843F48023BB6042
:106090007B6803F02003002B09D03B6803F4C01396
:1060A000FA681343FB60BB6843F4C013BB607B68B2
:1060B00003F04003002B09D03B6803F40013FA6897
:1060C0001343FB60BB6843F40013BB607B6803F4BD
:1060D0008073002B09D03B6803F00043FA68134338
:1060E000FB60BB6843F00043BB607B6803F0800348
:1060F000002B09D03B6803F00053FA681343FB60A0
:10610000BB6843F00053BB60074B1A6ABB68DB43B4
:106110001A400549FB6813430B6200BF1437BD46A4
:106120005DF8047B704700BF0020005280B483B04C
:1061300000AF074BDB697B607A68064B13407B60DE
:106140007B6818460C37BD465DF8047B704700BF7E
:1061500000200052F300FFFF80B485B000AFF8606C
:10616000B9607A603B603B6803F00103002B0DD0FF
:10617000BB6803F178431A0A7B6803F178431B0A72
:106180001B041A430E49FB681343CB623B6803F0C0
:106190000203002B0ED0BB68A3F101631A0A7B68CF
:1061A000A3F101631B0A1B041A430549FB6813434F
:1061B000C1F82C3100BF1437BD465DF8047B704731
:1061C0000020005280B487B000AFF860B9607A60F8
:1061D0003B6000237B6100233B613B68012B05D1C1
:1061E000174B9B6A7B614FF000633B613B68022B5E
:1061F00006D1134BD3F828317B614FF001633B612B
:106200007B6903F00042FB681A607B691A020D4B40
:1062100013403A691A44BB681A607B691B0CC3F3CC
:106220000B027B681A607B681B681A023B691A4480
:106230007B681A6000BF1C37BD465DF8047B704761
:106240000020005200FF0F0080B483B000AF7860E0
:10625000064B1B6A23F00C0204497B6813430B6254
:1062600000BF0C37BD465DF8047B7047002000522C
:1062700080B400AF044BDB6903F00C031846BD4645
:106280005DF8047B704700BF0020005280B485B0E9
:1062900000AFF860B9607A60FB6803F00103002B7F
:1062A00008D00D4B5A6C0D4B1340BA68120C0A49BA
:1062B00013434B64FB6803F00203002B06D0064B2C
:1062C0005B6C9AB204497B6813434B6400BF14377C
:1062D000BD465DF8047B7047002000520000FFFFC0
:1062E00080B485B000AF78603960094B1B6CFB60EF
:1062F000FB681A047B681A60FA68064B13403A6818
:10630000136000BF1437BD465DF8047B704700BFC3
:10631000002000520000FFFF80B485B000AFF8609D
:10632000B9607A603B603B6803F00103002B0FD03B
:10633000BB6803F178431A0A7B6803F178431B0AB0
:106340001B041A43FB6803F000430F4913434B63DC
:106350003B6803F00203002B10D0BB68A3F101637C
:106360001A0A7B68A3F101631B0A1B041A43FB682A
:1063700003F0004304491343C1F8343100BF14371C
:10638000BD465DF8047B70470020005280B487B0A2
:1063900000AFF860B9607A603B6000237B61002346
:1063A0003B613B68012B05D1174B1B6B7B614FF0A9
:1063B00000633B613B68022B06D1134BD3F83031AD
:1063C0007B614FF001633B617B6903F00042FB6836
:1063D0001A607B691A020D4B13403A691A44BB6874
:1063E0001A607B691B0CC3F30B027B681A607B6825
:1063F0001B681A023B691A447B681A6000BF1C378D
:10640000BD465DF8047B70470020005200FF0F007E
:1064100080B489B000AF786039600023FB61894B9C
:106420007B6194E13B681A680121FB6901FA03F37F
:1064300013403B613B69002B00F086813B685B6841
:1064400003F00303012B05D03B685B6803F00303F3
:10645000022B30D17B689B68BB61FB695B00032228
:1064600002FA03F3DB43BA691340BB613B68DA68A5
:10647000FB695B0002FA03F3BA691343BB617B68F3
:10648000BA699A607B685B68BB610122FB6902FAAA
:1064900003F3DB43BA691340BB613B685B681B09CC
:1064A00003F00102FB6902FA03F3BA691343BB610B
:1064B0007B68BA695A603B685B6803F00303032B8F
:1064C00017D07B68DB68BB61FB695B00032202FAC3
:1064D00003F3DB43BA691340BB613B689A68FB690D
:1064E0005B0002FA03F3BA691343BB617B68BA69C4
:1064F000DA603B685B6803F00303022B23D1FB697E
:10650000DA087B68083253F82230BB61FB6903F07C
:1065100007039B000F2202FA03F3DB43BA6913401F
:10652000BB613B681A69FB6903F007039B0002FA31
:1065300003F3BA691343BB61FB69DA087B6808326D
:10654000B96943F822107B681B68BB61FB695B007B
:10655000032202FA03F3DB43BA691340BB613B68D1
:106560005B6803F00302FB695B0002FA03F3BA699C
:106570001343BB617B68BA691A603B685B6803F4CC
:106580004033002B00F0E0802F4BD3F8F4302E4A3C
:1065900043F00203C2F8F4302B4BD3F8F43003F08D
:1065A0000203FB60FB68294AFB699B08023352F82F
:1065B0002330BB61FB6903F003039B000F2202FA47
:1065C00003F3DB43BA691340BB617B68204A934203
:1065D00052D07B681F4A934231D07B681E4A934257
:1065E0002BD07B681D4A934225D07B681C4A93427E
:1065F0001FD07B681B4A934219D07B681A4A93428A
:1066000013D07B68194A93420DD07B68184A934295
:1066100007D07B68174A934201D109232DE00A2352
:106620002BE0082329E0072327E0062325E00523A4
:1066300023E0042321E003231FE002231DE00123C4
:106640001BE000BF800000580044025800040058BE
:10665000000002580004025800080258000C0258BA
:10666000001002580014025800180258001C02586A
:1066700000200258002402580023FA6902F00302A5
:1066800092009340BA691343BB613849FB699B0888
:106690000233BA6941F823204FF0B0431B68BB6155
:1066A0003B69DB43BA691340BB613B685B6803F439
:1066B0008013002B03D0BA693B691343BB614FF0D1
:1066C000B042BB6913604FF0B0435B68BB613B698C
:1066D000DB43BA691340BB613B685B6803F400139A
:1066E000002B03D0BA693B691343BB614FF0B04242
:1066F000BB6953607B695B68BB613B69DB43BA691B
:106700001340BB613B685B6803F40033002B03D08C
:10671000BA693B691343BB617B69BA695A607B699B
:106720001B68BB613B69DB43BA691340BB613B68D3
:106730005B6803F48033002B03D0BA693B691343D1
:10674000BB617B69BA691A60FB690133FB613B6815
:106750001A68FB6922FA03F3002B7FF463AE00BFD3
:1067600000BF2437BD465DF8047B70470004005825
:1067700080B485B000AF78600B467B807B681A6977
:106780007B881340002B02D00123FB7301E0002320
:10679000FB73FB7B18461437BD465DF8047B7047DE
:1067A00080B483B000AF78600B467B8013467B706B
:1067B0007B78002B03D07A887B689A6103E07B8822
:1067C0001A047B689A6100BF0C37BD465DF8047BF4
:1067D000704780B582B000AF0346FB804FF0B043F6
:1067E000D3F88820FB881340002B08D04FF0B0422C
:1067F000FB88C2F88830FB881846F5F781FF00BF98
:106800000837BD4680BD000080B586B000AF786017
:10681000F8F738FD38617B68002B01D1012316E3BE
:106820007B681B68664A93424AD07B681B68654A4E
:10683000934245D07B681B68634A934240D07B6893
:106840001B68624A93423BD07B681B68604A934254
:1068500036D07B681B685F4A934231D07B681B68E7
:106860005D4A93422CD07B681B685C4A934227D0D8
:106870007B681B685A4A934222D07B681B68594A3E
:1068800093421DD07B681B68574A934218D07B689F
:106890001B68564A934213D07B681B68544A934244
:1068A0000ED07B681B68534A934209D07B681B68F3
:1068B000514A934204D07B681B68504A934201D1ED
:1068C000012300E00023002B00F03B817B680222C3
:1068D00083F835207B68002283F834207B681B68AE
:1068E000374A93424AD07B681B68364A934245D068
:1068F0007B681B68344A934240D07B681B68334AEC
:1069000093423BD07B681B68314A934236D07B6808
:106910001B68304A934231D07B681B682E4A9342F1
:106920002CD07B681B682D4A934227D07B681B685C
:106930002B4A934222D07B681B682A4A93421DD07F
:106940007B681B68284A934218D07B681B68274ADB
:10695000934213D07B681B68254A93420ED07B6814
:106960001B68244A934209D07B681B68224A9342E1
:1069700004D07B681B68214A934208D17B681B685E
:106980001A687B681B6822F001021A6007E07B68C6
:106990001B681A687B681B6822F001021A602FE0EE
:1069A000F8F770FC02463B69D31A052B28D97B689F
:1069B00020225A657B68032283F83520012346E2B2
:1069C00010000240280002404000024058000240EF
:1069D0007000024088000240A0000240B80002405F
:1069E00010040240280402404004024058040240BF
:1069F0007004024088040240A0040240B80402402F
:106A00007B681B681B6803F00103002BC8D17B68FF
:106A10001B681B687B617A69834B13407B617B68D1
:106A20009A687B68DB681A437B681B691A437B683A
:106A30005B691A437B689B691A437B68DB691A436D
:106A40007B681B6A13437A6913437B617B685B6ACB
:106A5000042B07D17B68DA6A7B681B6B13437A6966
:106A600013437B61714B1A68714B1340B3F1005FA4
:106A700028D37B685B68282B03D97B685B682E2B47
:106A800017D97B685B683E2B03D97B685B68422B18
:106A90000FD97B685B68462B03D97B685B68482B02
:106AA00007D97B685B684E2B05D97B685B68522BE6
:106AB00001D8012300E00023002B03D07B6943F4BD
:106AC00080137B617B681B687A691A607B681B682E
:106AD0005B697B617B6923F007037B617B685B6A91
:106AE0007A6913437B617B685B6A042B17D17B68EF
:106AF0009B6A7A6913437B617B68DB6A002B0ED04B
:106B0000786802F0F5FC0346002B08D07B68402231
:106B10005A657B68012283F83520012397E17B6861
:106B20001B687A695A61786802F030FC0346BB60E2
:106B30007B68DB6D03F01F033F229A40BB689A60BD
:106B4000CDE07B681B683B4A934222D07B681B6880
:106B5000394A93421DD07B681B68384A934218D04B
:106B60007B681B68364A934213D07B681B68354AA2
:106B700093420ED07B681B68334A934209D07B68EE
:106B80001B68324A934204D07B681B68304A9342A8
:106B900001D1012300E00023002B00F097807B68E7
:106BA0001B68244A934221D07B681B68224A934287
:106BB0001CD07B681B68214A934217D07B681B68F6
:106BC0001F4A934212D07B681B681E4A93420DD025
:106BD0007B681B681C4A934208D07B681B681B4A71
:106BE000934203D07B681B68194A934200BF7B68BD
:106BF000022283F835207B68002283F834207B68EA
:106C00001B681B687B617A69124B13407B617B6850
:106C10009B68402B20D07B689B68802B02D14FF46F
:106C200080431AE0002318E03F8010FE0010005C53
:106C30000000FFFF085402581C54025830540258F8
:106C400044540258585402586C5402588054025804
:106C5000945402580F00FEFF10237A68D268D208BD
:106C60001A437B681B69DB081A437B685B69DB0896
:106C70001A437B689B69DB081A437B68DB69DB0886
:106C80001A437B681B6A1B0913437A6913437B61B0
:106C90007B681B687A691A607B681B681A466E4BB2
:106CA00013446E4AA2FB03231B099A007B68DA6532
:106CB000786802F06BFB0346FB607B68DB6D03F0DA
:106CC0001F0301229A40FB685A6008E07B6840225B
:106CD0005A657B68032283F835200123B7E07B687F
:106CE0001B685F4A934272D07B681B685D4A93427F
:106CF0006DD07B681B685C4A934268D07B681B68D8
:106D00005A4A934263D07B681B68594A93425ED0CB
:106D10007B681B68574A934259D07B681B68564A68
:106D2000934254D07B681B68544A93424FD07B688F
:106D30001B68534A93424AD07B681B68514A93426E
:106D400045D07B681B68504A934240D07B681B68E3
:106D50004E4A93423BD07B681B684D4A934236D0E3
:106D60007B681B684B4A934231D07B681B684A4A58
:106D700093422CD07B681B68484A934227D07B689B
:106D80001B68474A934222D07B681B68454A93425E
:106D90001DD07B681B68444A934218D07B681B68EF
:106DA000424A934213D07B681B68414A93420ED0FB
:106DB0007B681B683F4A934209D07B681B683E4A48
:106DC000934204D07B681B683C4A934201D1012363
:106DD00000E00023002B32D0786802F005FC7B68CD
:106DE0009B68802B02D17B6800225A607B685A68BE
:106DF0007B681B6ED2B21A607B685B6E7A68926E9B
:106E00005A607B685B68002B10D07B685B68082B3E
:106E10000CD8786802F082FC7B68DB6E00221A6076
:106E20007B681B6F7A68526F5A6008E07B680022AB
:106E3000DA667B6800221A677B6800225A677B68E3
:106E400000225A657B68012283F83520002318460A
:106E50001837BD4680BD00BFF8ABFDA7CDCCCCCC6C
:106E6000100002402800024040000240580002404A
:106E70007000024088000240A0000240B8000240BA
:106E8000100402402804024040040240580402401A
:106E90007004024088040240A0040240B80402408A
:106EA000085402581C540258305402584454025892
:106EB000585402586C540258805402589454025842
:106EC00080B584B000AF78607B68002B01D10123CE
:106ED000A8E17B681B68824A93424AD07B681B68A2
:106EE000804A934245D07B681B687F4A934240D0DA
:106EF0007B681B687D4A93423BD07B681B687C4A59
:106F0000934236D07B681B687A4A934231D07B68C3
:106F10001B68794A93422CD07B681B68774A93425E
:106F200027D07B681B68764A934222D07B681B6817
:106F3000744A93421DD07B681B68734A934218D0F1
:106F40007B681B68714A934213D07B681B68704A48
:106F500093420ED07B681B686E4A934209D07B68CF
:106F60001B686D4A934204D07B681B686B4A93424E
:106F700008D17B681B681A687B681B6822F00102D5
:106F80001A6007E07B681B681A687B681B6822F040
:106F900001021A607B681B68514A93424AD07B68A1
:106FA0001B68504A934245D07B681B684E4A934207
:106FB00040D07B681B684D4A93423BD07B681B687E
:106FC0004B4A934236D07B681B684A4A934231D081
:106FD0007B681B68484A93422CD07B681B68474AF1
:106FE000934227D07B681B68454A934222D07B6836
:106FF0001B68444A93421DD07B681B68424A9342F7
:1070000018D07B681B68414A934213D07B681B6889
:107010003F4A93420ED07B681B683E4A934209D098
:107020007B681B683C4A934204D07B681B683B4AE0
:10703000934201D1012300E00023002B25D07B687F
:107040001B6800221A607B681B6800225A607B68FC
:107050001B6800229A607B681B680022DA607B68EC
:107060001B6800221A617B681B6821225A617868BC
:1070700002F08CF90346BB607B68DB6D03F01F03F5
:107080003F229A40BB689A6081E07B681B68244A73
:10709000934222D07B681B68224A93421DD07B68B2
:1070A0001B68214A934218D07B681B681F4A934291
:1070B00013D07B681B681E4A93420ED07B681B6806
:1070C0001C4A934209D07B681B681B4A934204D038
:1070D0007B681B68194A934232D1012331E000BF1B
:1070E00010000240280002404000024058000240C8
:1070F0007000024088000240A0000240B800024038
:107100001004024028040240400402405804024097
:107110007004024088040240A0040240B804024007
:10712000085402581C54025830540258445402580F
:10713000585402586C5402588054025894540258BF
:107140000023002B21D07B681B6800221A607B681B
:107150001B6800225A607B681B6800229A607B686B
:107160001B680022DA607B681B6800221A6178685D
:1071700002F00CF90346FB607B68DB6D03F01F0334
:1071800001229A40FB685A6001E001234AE07868D6
:1071900002F02AFA7B681B6E002B08D07B681B6EFE
:1071A00000221A607B685B6E7A68926E5A607B6818
:1071B0005B68002B0FD07B685B68082B0BD8786866
:1071C00002F0ACFA7B68DB6E00221A607B681B6FF2
:1071D0007A68526F5A607B680022DA667B68002208
:1071E0001A677B6800225A677B680022DA637B6833
:1071F00000221A647B6800225A647B6800229A6429
:107200007B680022DA647B6800221A657B680022B2
:107210005A657B68002283F835207B68002283F85A
:107220003420002318461037BD4680BD80B586B097
:1072300000AFF860B9607A603B600023FB75FB68C3
:10724000002B01D1012326E2FB6893F83430012B97
:1072500001D102231FE2FB68012283F83420FB687E
:1072600093F83530DBB2012B40F00A82FB68022232
:1072700083F83520FB6800225A65FB681B68684A62
:1072800093424AD0FB681B68664A934245D0FB682C
:107290001B68654A934240D0FB681B68634A93426F
:1072A0003BD0FB681B68624A934236D0FB681B6880
:1072B000604A934231D0FB681B685F4A93422CD0EE
:1072C000FB681B685D4A934227D0FB681B685C4AD9
:1072D000934222D0FB681B685A4A93421DD0FB6838
:1072E0001B68594A934218D0FB681B68574A93425F
:1072F00013D0FB681B68564A93420ED0FB681B688C
:10730000544A934209D0FB681B68534A934204D005
:10731000FB681B68514A934208D1FB681B681A68D6
:10732000FB681B6822F001021A6007E0FB681B681B
:107330001A68FB681B6822F001021A603B687A68D1
:10734000B968F86801F076FEFB681B68344A93421E
:107350004AD0FB681B68334A934245D0FB681B68E0
:10736000314A934240D0FB681B68304A93423BD07D
:10737000FB681B682E4A934236D0FB681B682D4A77
:10738000934231D0FB681B682B4A93422CD0FB6898
:107390001B682A4A934227D0FB681B68284A9342FD
:1073A00022D0FB681B68274A93421DD0FB681B68EC
:1073B000254A934218D0FB681B68244A934213D095
:1073C000FB681B68224A93420ED0FB681B68214A67
:1073D000934209D0FB681B681F4A934204D0FB68A4
:1073E0001B681E4A934201D1012300E00023002BB9
:1073F00036D0FB681B681B6823F01E02FB681B6805
:1074000042F016021A60FB681B6C002B3ED0FB6832
:107410001B681A68FB681B6842F008021A6035E0B6
:107420001000024028000240400002405800024084
:107430007000024088000240A0000240B8000240F4
:107440001004024028040240400402405804024054
:107450007004024088040240A0040240B8040240C4
:10746000FB681B681B6823F00E02FB681B6842F078
:107470000A021A60FB681B6C002B07D0FB681B68B4
:107480001A68FB681B6842F004021A60FB681B68FC
:10749000834A934272D0FB681B68824A93426DD044
:1074A000FB681B68804A934268D0FB681B687F4A70
:1074B000934263D0FB681B687D4A93425ED0FB68B1
:1074C0001B687C4A934259D0FB681B687A4A9342F6
:1074D00054D0FB681B68794A93424FD0FB681B6805
:1074E000774A93424AD0FB681B68764A934245D05C
:1074F000FB681B68744A934240D0FB681B68734A60
:1075000093423BD0FB681B68714A934236D0FB68BC
:107510001B68704A934231D0FB681B686E4A9342E5
:107520002CD0FB681B686D4A934227D0FB681B6810
:107530006B4A934222D0FB681B686A4A93421DD073
:10754000FB681B68684A934218D0FB681B68674A4F
:10755000934213D0FB681B68654A93420ED0FB68C8
:107560001B68644A934209D0FB681B68624A9342D5
:1075700004D0FB681B68614A934201D1012300E0FB
:107580000023002B1AD0FB681B6E1B6803F48033AA
:10759000002B07D0FB681B6E1A68FB681B6E42F459
:1075A00080721A60FB68DB6E002B07D0FB68DB6E15
:1075B0001A68FB68DB6E42F480721A60FB681B6815
:1075C000374A93424AD0FB681B68364A934245D0FB
:1075D000FB681B68344A934240D0FB681B68334AFF
:1075E00093423BD0FB681B68314A934236D0FB681C
:1075F0001B68304A934231D0FB681B682E4A934285
:107600002CD0FB681B682D4A934227D0FB681B686F
:107610002B4A934222D0FB681B682A4A93421DD012
:10762000FB681B68284A934218D0FB681B68274AEE
:10763000934213D0FB681B68254A93420ED0FB6827
:107640001B68244A934209D0FB681B68224A934274
:1076500004D0FB681B68214A934208D1FB681B6871
:107660001A68FB681B6842F001021A6012E0FB68AE
:107670001B681A68FB681B6842F001021A6009E087
:10768000FB684FF400625A65FB68002283F83420DF
:107690000123FB75FB7D18461837BD4680BD00BF32
:1076A0001000024028000240400002405800024002
:1076B0007000024088000240A0000240B800024072
:1076C00010040240280402404004024058040240D2
:1076D0007004024088040240A0040240B804024042
:1076E000085402581C54025830540258445402584A
:1076F000585402586C5402588054025894540258FA
:1077000080B586B000AF7860F7F7BCFD38617B6864
:10771000002B01D10123DCE27B6893F83530DBB22A
:10772000022B08D07B6880225A657B68002283F890
:1077300034200123CDE27B681B68764A93424AD00D
:107740007B681B68744A934245D07B681B68734A08
:10775000934240D07B681B68714A93423BD07B6860
:107760001B68704A934236D07B681B686E4A93420E
:1077700031D07B681B686D4A93422CD07B681B68B4
:107780006B4A934227D07B681B686A4A934222D097
:107790007B681B68684A93421DD07B681B68674AF8
:1077A000934218D07B681B68654A934213D07B686C
:1077B0001B68644A93420ED07B681B68624A9342FE
:1077C00009D07B681B68614A934204D07B681B68C0
:1077D0005F4A934201D1012300E00023002B13D024
:1077E0007B681B681A687B681B6822F01E021A609F
:1077F0007B681B685A697B681B6822F080025A61AB
:107800007B681B687B610AE07B681B681A687B6881
:107810001B6822F00E021A607B681B687B617B6824
:107820001B683C4A934272D07B681B683A4A934279
:107830006DD07B681B68394A934268D07B681B68AF
:10784000374A934263D07B681B68364A93425ED0C6
:107850007B681B68344A934259D07B681B68334A63
:10786000934254D07B681B68314A93424FD07B6867
:107870001B68304A93424AD07B681B682E4A934269
:1078800045D07B681B682D4A934240D07B681B68BB
:107890002B4A93423BD07B681B682A4A934236D0DE
:1078A0007B681B68284A934231D07B681B68274A53
:1078B00093422CD07B681B68254A934227D07B6873
:1078C0001B68244A934222D07B681B68224A934259
:1078D0001DD07B681B68214A934218D07B681B68C7
:1078E0001F4A934213D07B681B681E4A93420ED0F6
:1078F0007B681B681C4A934209D07B681B681B4A43
:10790000934204D07B681B68194A934232D1012309
:1079100031E000BF10000240280002404000024059
:10792000580002407000024088000240A00002405F
:10793000B800024010040240280402404004024003
:10794000580402407004024088040240A00402402F
:10795000B8040240085402581C54025830540258CB
:1079600044540258585402586C54025880540258D7
:10797000945402580023002B07D07B681B6E1A68B2
:107980007B681B6E22F480721A607B681B686D4AEC
:1079900093424AD07B681B686B4A934245D07B6810
:1079A0001B686A4A934240D07B681B68684A9342CE
:1079B0003BD07B681B68674A934236D07B681B6864
:1079C000654A934231D07B681B68644A93422CD04D
:1079D0007B681B68624A934227D07B681B68614AB8
:1079E000934222D07B681B685F4A93421DD07B681C
:1079F0001B685E4A934218D07B681B685C4A9342BE
:107A000013D07B681B685B4A93420ED07B681B686F
:107A1000594A934209D07B681B68584A934204D064
:107A20007B681B68564A934208D17B681B681A68BA
:107A30007B681B6822F001021A6007E07B681B6804
:107A40001A687B681B6822F001021A6013E0F7F7DE
:107A500019FC02463B69D31A052B0CD97B682022FE
:107A60005A657B68032283F835207B68002283F8FF
:107A7000342001232DE17B691B6803F00103002BF7
:107A8000E5D17B681B682F4A93424AD07B681B680C
:107A90002D4A934245D07B681B682C4A934240D0C4
:107AA0007B681B682A4A93423BD07B681B68294A43
:107AB000934236D07B681B68274A934231D07B685B
:107AC0001B68264A93422CD07B681B68244A934249
:107AD00027D07B681B68234A934222D07B681B68AF
:107AE000214A93421DD07B681B68204A934218D0DC
:107AF0007B681B681E4A934213D07B681B681D4A33
:107B000093420ED07B681B681B4A934209D07B6866
:107B10001B681A4A934204D07B681B68184A934238
:107B200001D1012300E00023002B2BD07B689B6D4B
:107B3000BB607B68DB6D03F01F033F229A40BB688C
:107B40009A602AE0100002402800024040000240F3
:107B5000580002407000024088000240A00002402D
:107B6000B8000240100402402804024040040240D1
:107B7000580402407004024088040240A0040240FD
:107B8000B80402407B689B6DFB607B68DB6D03F093
:107B90001F0301229A40FB685A607B681B684F4AAA
:107BA000934272D07B681B684D4A93426DD07B68CC
:107BB0001B684C4A934268D07B681B684A4A9342D0
:107BC00063D07B681B68494A93425ED07B681B6820
:107BD000474A934259D07B681B68464A934254D027
:107BE0007B681B68444A93424FD07B681B68434ABA
:107BF00093424AD07B681B68414A934245D07B68D8
:107C00001B68404A934240D07B681B683E4A9342BF
:107C10003BD07B681B683D4A934236D07B681B682B
:107C20003B4A934231D07B681B683A4A93422CD03E
:107C30007B681B68384A934227D07B681B68374AA9
:107C4000934222D07B681B68354A93421DD07B68E3
:107C50001B68344A934218D07B681B68324A9342AF
:107C600013D07B681B68314A93420ED07B681B6837
:107C70002F4A934209D07B681B682E4A934204D056
:107C80007B681B682C4A934201D1012300E000234A
:107C9000002B15D07B685B6E7A68926E5A607B68A9
:107CA000DB6E002B0CD07B68DB6E1A687B68DB6EAA
:107CB00022F480721A607B681B6F7A68526F5A6078
:107CC0007B68012283F835207B68002283F834200A
:107CD000002318461837BD4680BD00BF1000024083
:107CE000280002404000024058000240700002405C
:107CF00088000240A0000240B80002401004024088
:107D0000280402404004024058040240700402402B
:107D100088040240A0040240B804024008540258FB
:107D20001C540258305402584454025858540258B3
:107D30006C540258805402589454025880B584B050
:107D400000AF78607B68002B01D1012337E27B68AC
:107D500093F83530DBB2022B04D07B6880225A6561
:107D600001232CE27B681B685C4A93424AD07B6803
:107D70001B685B4A934245D07B681B68594A934213
:107D800040D07B681B68584A93423BD07B681B6895
:107D9000564A934236D07B681B68554A934231D08D
:107DA0007B681B68534A93422CD07B681B68524AFD
:107DB000934227D07B681B68504A934222D07B684D
:107DC0001B684F4A93421DD07B681B684D4A934203
:107DD00018D07B681B684C4A934213D07B681B68A1
:107DE0004A4A93420ED07B681B68494A934209D0A5
:107DF0007B681B68474A934204D07B681B68464AED
:107E0000934201D1012300E00023002B00F0868083
:107E10007B68042283F835207B681B682F4A9342D5
:107E20004AD07B681B682E4A934245D07B681B680A
:107E30002C4A934240D07B681B682B4A93423BD02C
:107E40007B681B68294A934236D07B681B68284AA6
:107E5000934231D07B681B68264A93422CD07B68C2
:107E60001B68254A934227D07B681B68234A9342AC
:107E700022D07B681B68224A93421DD07B681B6816
:107E8000204A934218D07B681B681F4A934213D044
:107E90007B681B681D4A93420ED07B681B681C4A96
:107EA000934209D07B681B681A4A934204D07B68CE
:107EB0001B68194A934208D17B681B681A687B6863
:107EC0001B6822F001021A6078E17B681B681A685F
:107ED0007B681B6822F001021A606FE1100002400B
:107EE000280002404000024058000240700002405A
:107EF00088000240A0000240B80002401004024086
:107F00002804024040040240580402407004024029
:107F100088040240A0040240B80402407B681B6849
:107F20001A687B681B6822F00E021A607B681B6867
:107F30006C4A93424AD07B681B686B4A934245D097
:107F40007B681B68694A934240D07B681B68684A1B
:107F500093423BD07B681B68664A934236D07B686D
:107F60001B68654A934231D07B681B68634A934221
:107F70002CD07B681B68624A934227D07B681B68C1
:107F8000604A934222D07B681B685F4A93421DD0AF
:107F90007B681B685D4A934218D07B681B685C4A0B
:107FA000934213D07B681B685A4A93420ED07B6879
:107FB0001B68594A934209D07B681B68574A934211
:107FC00004D07B681B68564A934208D17B681B68C3
:107FD0001A687B681B6822F001021A6007E07B6860
:107FE0001B681A687B681B6822F001021A607B68B4
:107FF0001B683C4A934272D07B681B683A4A9342A2
:108000006DD07B681B68394A934268D07B681B68D7
:10801000374A934263D07B681B68364A93425ED0EE
:108020007B681B68344A934259D07B681B68334A8B
:10803000934254D07B681B68314A93424FD07B688F
:108040001B68304A93424AD07B681B682E4A934291
:1080500045D07B681B682D4A934240D07B681B68E3
:108060002B4A93423BD07B681B682A4A934236D006
:108070007B681B68284A934231D07B681B68274A7B
:1080800093422CD07B681B68254A934227D07B689B
:108090001B68244A934222D07B681B68224A934281
:1080A0001DD07B681B68214A934218D07B681B68EF
:1080B0001F4A934213D07B681B681E4A93420ED01E
:1080C0007B681B681C4A934209D07B681B681B4A6B
:1080D000934204D07B681B68194A934232D1012332
:1080E00031E000BF10000240280002404000024082
:1080F000580002407000024088000240A000024088
:10810000B80002401004024028040240400402402B
:10811000580402407004024088040240A004024057
:10812000B8040240085402581C54025830540258F3
:1081300044540258585402586C54025880540258FF
:10814000945402580023002B28D07B681B6E1A68B9
:108150007B681B6E22F480721A607B689B6DFB60EB
:108160007B68DB6D03F01F0301229A40FB685A60B5
:108170007B685B6E7A68926E5A607B68DB6E002B60
:108180000CD07B68DB6E1A687B68DB6E22F4807231
:108190001A607B681B6F7A68526F5A607B68012295
:1081A00083F835207B68002283F834207B681B6DC0
:1081B000002B03D07B681B6D786898470023184616
:1081C0001037BD4680BD00BF80B58AB000AF786073
:1081D0000023FB60674B1B68674AA2FB03239B0AD3
:1081E0007B627B689B6D3B627B689B6DFB613B6A3E
:1081F0001B68BB61FB691B687B617B681B685F4A0E
:1082000093424AD07B681B685D4A934245D07B68A5
:108210001B685C4A934240D07B681B685A4A934271
:108220003BD07B681B68594A934236D07B681B68F9
:10823000574A934231D07B681B68564A93422CD0F0
:108240007B681B68544A934227D07B681B68534A5B
:10825000934222D07B681B68514A93421DD07B68B1
:108260001B68504A934218D07B681B684E4A934261
:1082700013D07B681B684D4A93420ED07B681B6805
:108280004B4A934209D07B681B684A4A934204D008
:108290007B681B68484A934201D1012300E0002318
:1082A000002B00F02B847B68DB6D03F01F0308229A
:1082B0009A40BB691340002B00F0A2807B681B68CA
:1082C0002E4A93424AD07B681B682D4A934245D080
:1082D0007B681B682B4A934240D07B681B682A4A04
:1082E00093423BD07B681B68284A934236D07B6818
:1082F0001B68274A934231D07B681B68254A93420A
:108300002CD07B681B68244A934227D07B681B686B
:10831000224A934222D07B681B68214A93421DD097
:108320007B681B681F4A934218D07B681B681E4AF3
:10833000934213D07B681B681C4A93420ED07B6823
:108340001B681B4A934209D07B681B68194A9342F9
:1083500004D07B681B68184A93422FD17B681B6846
:108360001B6803F00403002B14BF01230023DBB2BE
:108370002EE000BF84020020B5814E1B1000024099
:1083800028000240400002405800024070000240B5
:1083900088000240A0000240B800024010040240E1
:1083A0002804024040040240580402407004024085
:1083B00088040240A0040240B80402407B681B68A5
:1083C0001B6803F00803002B14BF01230023DBB25A
:1083D000002B15D07B681B681A687B681B6822F02D
:1083E00004021A607B68DB6D03F01F0308229A40C9
:1083F0003B6A9A607B685B6D43F001027B685A655B
:108400007B68DB6D03F01F03BA6922FA03F303F004
:108410000103002B6ED07B681B68694A93424AD0E7
:108420007B681B68674A934245D07B681B68664A35
:10843000934240D07B681B68644A93423BD07B6880
:108440001B68634A934236D07B681B68614A93423B
:1084500031D07B681B68604A93422CD07B681B68D4
:108460005E4A934227D07B681B685D4A934222D0C4
:108470007B681B685B4A93421DD07B681B685A4A25
:10848000934218D07B681B68584A934213D07B688C
:108490001B68574A93420ED07B681B68554A93422B
:1084A00009D07B681B68544A934204D07B681B68E0
:1084B000524A93420AD17B681B685B6903F08003D0
:1084C000002B14BF01230023DBB203E07B681B6891
:1084D0001B680023002B0DD07B68DB6D03F01F03AE
:1084E00001229A403B6A9A607B685B6D43F002020E
:1084F0007B685A657B68DB6D03F01F0304229A409A
:10850000BB691340002B00F08F807B681B682C4AEE
:1085100093424AD07B681B682A4A934245D07B68C5
:108520001B68294A934240D07B681B68274A9342C4
:108530003BD07B681B68264A934236D07B681B6819
:10854000244A934231D07B681B68234A93422CD043
:108550007B681B68214A934227D07B681B68204AAE
:10856000934222D07B681B681E4A93421DD07B68D1
:108570001B681D4A934218D07B681B681B4A9342B4
:1085800013D07B681B681A4A93420ED07B681B6825
:10859000184A934209D07B681B68174A934204D05B
:1085A0007B681B68154A93422AD17B681B681B684D
:1085B00003F00203002B14BF01230023DBB223E0EE
:1085C00010000240280002404000024058000240D3
:1085D0007000024088000240A0000240B800024043
:1085E00010040240280402404004024058040240A3
:1085F0007004024088040240A0040240B804024013
:108600007B681B681B680023002B0DD07B68DB6D2B
:1086100003F01F0304229A403B6A9A607B685B6DFB
:1086200043F004027B685A657B68DB6D03F01F032F
:1086300010229A40BB691340002B00F0A6807B6893
:108640001B68854A93424AD07B681B68834A9342E1
:1086500045D07B681B68824A934240D07B681B6888
:10866000804A93423BD07B681B687F4A934236D056
:108670007B681B687D4A934231D07B681B687C4ACB
:1086800093422CD07B681B687A4A934227D07B6840
:108690001B68794A934222D07B681B68774A9342D1
:1086A0001DD07B681B68764A934218D07B681B6894
:1086B000744A934213D07B681B68734A93420ED06E
:1086C0007B681B68714A934209D07B681B68704ABB
:1086D000934204D07B681B686E4A93420AD17B6840
:1086E0001B681B6803F00803002B14BF0123002341
:1086F000DBB209E07B681B681B6803F00403002BF6
:1087000014BF01230023DBB2002B3ED07B68DB6D5E
:1087100003F01F0310229A403B6A9A607B681B6833
:108720001B6803F48023002B18D07B681B681B6830
:1087300003F40023002B08D17B681B6C002B24D092
:108740007B681B6C786898471FE07B689B6C002BEC
:108750001BD07B689B6C7868984716E07B681B6829
:108760001B6803F48073002B07D17B681B681A68B1
:108770007B681B6822F008021A607B681B6C002B68
:1087800003D07B681B6C786898477B68DB6D03F0CF
:108790001F0320229A40BB691340002B00F0108178
:1087A0007B681B682C4A93424AD07B681B682B4A23
:1087B000934245D07B681B68294A934240D07B682E
:1087C0001B68284A93423BD07B681B68264A934229
:1087D00036D07B681B68254A934231D07B681B6882
:1087E000234A93422CD07B681B68224A934227D0AD
:1087F0007B681B68204A934222D07B681B681F4A13
:1088000093421DD07B681B681D4A934218D07B6839
:108810001B681C4A934213D07B681B681A4A934218
:108820000ED07B681B68194A934209D07B681B688D
:10883000174A934204D07B681B68164A93422BD197
:108840007B681B681B6803F01003002B14BF012317
:108850000023DBB22AE000BF1000024028000240E3
:108860004000024058000240700002408800024070
:10887000A0000240B8000240100402402804024058
:108880004004024058040240700402408804024040
:10889000A0040240B80402407B681B681B6803F018
:1088A0000203002B14BF01230023DBB2002B00F0D6
:1088B00087807B68DB6D03F01F0320229A403B6AB0
:1088C0009A607B6893F83530DBB2042B39D17B6832
:1088D0001B681A687B681B6822F016021A607B68A6
:1088E0001B685A697B681B6822F080025A617B68AA
:1088F0001B6C002B03D17B689B6C002B07D07B6823
:108900001B681A687B681B6822F008021A607B6883
:10891000DB6D03F01F033F229A403B6A9A607B683D
:10892000012283F835207B68002283F834207B689D
:108930001B6D002B00F04A837B681B6D786898479D
:1089400044E37B681B681B6803F48023002B18D06A
:108950007B681B681B6803F40023002B08D17B682D
:108960005B6C002B2CD07B685B6C7868984727E0A9
:108970007B68DB6B002B23D07B68DB6B78689847C8
:108980001EE07B681B681B6803F48073002B0FD10B
:108990007B681B681A687B681B6822F010021A60EB
:1089A0007B68012283F835207B68002283F834201D
:1089B0007B68DB6B002B03D07B68DB6B78689847A8
:1089C0007B685B6D002B00F006837B685B6D03F0BA
:1089D0000103002B00F088807B68042283F8352097
:1089E0007B681B687A4A93424AD07B681B68794A45
:1089F000934245D07B681B68774A934240D07B689E
:108A00001B68764A93423BD07B681B68744A93424A
:108A100036D07B681B68734A934231D07B681B68F1
:108A2000714A93422CD07B681B68704A934227D0CE
:108A30007B681B686E4A934222D07B681B686D4A34
:108A400093421DD07B681B686B4A934218D07B68A9
:108A50001B686A4A934213D07B681B68684A93423A
:108A60000ED07B681B68674A934209D07B681B68FD
:108A7000654A934204D07B681B68644A934208D1DC
:108A80007B681B681A687B681B6822F001021A6009
:108A900007E07B681B681A687B681B6822F001028C
:108AA0001A60FB680133FB607A6A9A4207D37B68DD
:108AB0001B681B6803F00103002BF2D100E000BF2C
:108AC0007B681B681B6803F00103002B04D07B68E4
:108AD000032283F8352003E07B68012283F83520E8
:108AE0007B68002283F834207B68DB6C002B00F06D
:108AF00072827B68DB6C786898476CE27B681B68E5
:108B0000434A934222D07B681B68424A93421DD05D
:108B10007B681B68404A934218D07B681B683F4AB9
:108B2000934213D07B681B683D4A93420ED07B680A
:108B30001B683C4A934209D07B681B683A4A9342BF
:108B400004D07B681B68394A934201D1012300E0BD
:108B50000023002B00F03F827B681B681B683B6191
:108B60007B68DB6D03F01F0304229A407B6913408E
:108B7000002B00F0CD803B6903F00403002B00F0D4
:108B8000C7807B68DB6D03F01F0304229A40FB69FA
:108B90005A603B6903F40043002B49D03B6903F45E
:108BA0008033002B09D17B689B6C002B00F0108276
:108BB0007B689B6C786898470AE27B681B6C002B8B
:108BC00000F006827B681B6C7868984700E200BF63
:108BD00010000240280002404000024058000240BD
:108BE0007000024088000240A0000240B80002402D
:108BF000100402402804024040040240580402408D
:108C00007004024088040240A0040240B8040240FC
:108C1000085402581C540258305402584454025804
:108C2000585402586C5402588054025894540258B4
:108C30003B6903F02003002B60D17B681B687F4AEF
:108C400093424AD07B681B687D4A934245D07B683B
:108C50001B687C4A934240D07B681B687A4A9342E7
:108C60003BD07B681B68794A934236D07B681B688F
:108C7000774A934231D07B681B68764A93422CD066
:108C80007B681B68744A934227D07B681B68734AD1
:108C9000934222D07B681B68714A93421DD07B6847
:108CA0001B68704A934218D07B681B686E4A9342D7
:108CB00013D07B681B686D4A93420ED07B681B689B
:108CC0006B4A934209D07B681B686A4A934204D07E
:108CD0007B681B68684A934208D17B681B681A68E6
:108CE0007B681B6822F008021A6007E07B681B683B
:108CF0001A687B681B6822F004021A607B681B6C90
:108D0000002B00F065817B681B6C786898475FE1F9
:108D10007B68DB6D03F01F0302229A407B691340DE
:108D2000002B00F0C5803B6903F00203002B00F02C
:108D3000BF807B68DB6D03F01F0302229A40FB6952
:108D40005A603B6903F40043002B18D03B6903F4DD
:108D50008033002B09D17B685B6C002B00F03A81DB
:108D60007B685B6C7868984734E17B68DB6B002B31
:108D700000F030817B68DB6B786898472AE13B69BB
:108D800003F02003002B40F089807B681B682B4A8E
:108D900093424AD07B681B68294A934245D07B683E
:108DA0001B68284A934240D07B681B68264A93423E
:108DB0003BD07B681B68254A934236D07B681B6892
:108DC000234A934231D07B681B68224A93422CD0BD
:108DD0007B681B68204A934227D07B681B681F4A28
:108DE000934222D07B681B681D4A93421DD07B684A
:108DF0001B681C4A934218D07B681B681A4A93422E
:108E000013D07B681B68194A93420ED07B681B689D
:108E1000174A934209D07B681B68164A934204D0D4
:108E20007B681B68144A934228D17B681B681A68C8
:108E30007B681B6822F014021A6027E010000240D1
:108E400028000240400002405800024070000240EA
:108E500088000240A0000240B80002401004024016
:108E600028040240400402405804024070040240BA
:108E700088040240A0040240B80402407B681B68DA
:108E80001A687B681B6822F00A021A607B6801225C
:108E900083F835207B68002283F834207B68DB6B05
:108EA000002B00F097807B68DB6B7868984791E037
:108EB0007B68DB6D03F01F0308229A407B69134037
:108EC000002B00F088803B6903F00803002B00F0C2
:108ED00082807B681B68414A93424AD07B681B684A
:108EE0003F4A934245D07B681B683E4A934240D03C
:108EF0007B681B683C4A93423BD07B681B683B4ABB
:108F0000934236D07B681B68394A934231D07B68E4
:108F10001B68384A93422CD07B681B68364A9342C0
:108F200027D07B681B68354A934222D07B681B6838
:108F3000334A93421DD07B681B68324A934218D053
:108F40007B681B68304A934213D07B681B682F4AAA
:108F500093420ED07B681B682D4A934209D07B68F0
:108F60001B682C4A934204D07B681B682A4A9342B0
:108F700008D17B681B681A687B681B6822F01C029A
:108F80001A6007E07B681B681A687B681B6822F020
:108F90000E021A607B68DB6D03F01F0301229A400A
:108FA000FB695A607B6801225A657B68012283F85D
:108FB00035207B68002283F834207B68DB6C002B33
:108FC00009D07B68DB6C7868984704E000BF02E05A
:108FD00000BF00E000BF2837BD4680BD1000024042
:108FE0002800024040000240580002407000024049
:108FF00088000240A0000240B80002401004024075
:109000002804024040040240580402407004024018
:1090100088040240A0040240B804024080B483B037
:1090200000AF78607B685B6D18460C37BD465DF815
:10903000047B704780B487B000AFF860B9607A6095
:109040003B60FB689B6D7B61FB689B6D3B61FB68D4
:109050001B687F4A934272D0FB681B687D4A93422B
:109060006DD0FB681B687C4A934268D0FB681B6824
:109070007A4A934263D0FB681B68794A93425ED078
:10908000FB681B68774A934259D0FB681B68764A95
:10909000934254D0FB681B68744A93424FD0FB68DC
:1090A0001B68734A93424AD0FB681B68714A93421B
:1090B00045D0FB681B68704A934240D0FB681B6830
:1090C0006E4A93423BD0FB681B686D4A934236D090
:1090D000FB681B686B4A934231D0FB681B686A4A85
:1090E00093422CD0FB681B68684A934227D0FB68E8
:1090F0001B68674A934222D0FB681B68654A93420B
:109100001DD0FB681B68644A934218D0FB681B683B
:10911000624A934213D0FB681B68614A93420ED0A7
:10912000FB681B685F4A934209D0FB681B685E4A74
:10913000934204D0FB681B685C4A934201D101232F
:1091400000E00023002B0DD0FB685B6EFA68926E86
:109150005A60FB68DB6E002B04D0FB681B6FFA685B
:10916000526F5A60FB681B68394A93424AD0FB68C9
:109170001B68384A934245D0FB681B68364A9342C5
:1091800040D0FB681B68354A93423BD0FB681B68A4
:10919000334A934236D0FB681B68324A934231D03F
:1091A000FB681B68304A93422CD0FB681B682F4A2F
:1091B000934227D0FB681B682D4A934222D0FB685C
:1091C0001B682C4A93421DD0FB681B682A4A9342B5
:1091D00018D0FB681B68294A934213D0FB681B68B0
:1091E000274A93420ED0FB681B68264A934209D057
:1091F000FB681B68244A934204D0FB681B68234A1F
:10920000934201D1012300E00023002B59D0FB68D9
:10921000DB6D03F01F033F229A407B699A60FB6875
:109220001B681A68FB681B6822F480221A60FB68BE
:109230001B683A685A60FB689B68402B38D1FB6812
:109240001B687A689A60FB681B68BA68DA6086E017
:109250001000024028000240400002405800024036
:109260007000024088000240A0000240B8000240A6
:109270001004024028040240400402405804024006
:109280007004024088040240A0040240B804024076
:10929000085402581C54025830540258445402587E
:1092A000585402586C54025880540258945402582E
:1092B000FB681B68BA689A60FB681B687A68DA60AA
:1092C0004DE0FB681B68294A934222D0FB681B686B
:1092D000274A93421DD0FB681B68264A934218D048
:1092E000FB681B68244A934213D0FB681B68234A1F
:1092F00093420ED0FB681B68214A934209D0FB6859
:109300001B68204A934204D0FB681B681E4A9342A4
:1093100001D1012300E00023002B20D0FB68DB6D8E
:1093200003F01F0301229A403B695A60FB681B68E7
:109330003A685A60FB689B68402B08D1FB681B6841
:109340007A689A60FB681B68BA68DA6007E0FB68B5
:109350001B68BA689A60FB681B687A68DA6000BFAD
:109360001C37BD465DF8047B704700BF08540258A7
:109370001C5402583054025844540258585402584D
:109380006C540258805402589454025880B485B0EA
:1093900000AF78607B681B68424A93424AD07B6882
:1093A0001B68414A934245D07B681B683F4A934201
:1093B00040D07B681B683E4A93423BD07B681B6869
:1093C0003C4A934236D07B681B683B4A934231D07B
:1093D0007B681B68394A93422CD07B681B68384AEB
:1093E000934227D07B681B68364A934222D07B6821
:1093F0001B68354A93421DD07B681B68334A9342F1
:1094000018D07B681B68324A934213D07B681B6874
:10941000304A93420ED07B681B682F4A934209D092
:109420007B681B682D4A934204D07B681B682C4ADA
:10943000934201D1012300E00023002B24D07B685C
:109440001B68DBB2103B274AA2FB03231B09FB600E
:10945000FB6803F00703244AD35C1A467B68DA658D
:10946000FB68032B08D97B681B681A461F4B134007
:109470001A1D7B689A650DE07B681B681A461B4BBA
:1094800013407A68936505E07B681B6823F0FF0250
:109490007B689A657B689B6D18461437BD465DF8FE
:1094A000047B704710000240280002404000024048
:1094B000580002407000024088000240A0000240B4
:1094C000B800024010040240280402404004024058
:1094D000580402407004024088040240A004024084
:1094E000B8040240ABAAAAAAB8E2010800FCFFFF38
:1094F00080B485B000AF78600023FB737B689B6904
:10950000002B20D17B689B6A032B58D801A252F80C
:1095100023F000BF2595010837950108259501081E
:10952000BF9501087B68DB6A03F08073002B48D08D
:109530000123FB7345E07B68DB6AB3F1C07F42D156
:109540000123FB733FE07B689B69B3F5005F23D188
:109550007B689B6A032B38D801A252F823F000BF26
:1095600071950108779501087195010889950108A1
:109570000123FB7330E07B68DB6A03F08073002B10
:1095800025D00123FB7322E07B68DB6AB3F1C07F47
:109590001FD10123FB731CE07B689B6A022B02D95D
:1095A000032B03D018E00123FB7315E07B68DB6A13
:1095B00003F08073002B0ED00123FB730BE000BF80
:1095C0000AE000BF08E000BF06E000BF04E000BF03
:1095D00002E000BF00E000BFFB7B18461437BD4629
:1095E0005DF8047B704700BF80B485B000AF786041
:1095F0007B681B68BB607B681B68384A934222D03B
:109600007B681B68364A93421DD07B681B68354ACD
:10961000934218D07B681B68334A934213D07B680F
:109620001B68324A93420ED07B681B68304A9342D3
:1096300009D07B681B682F4A934204D07B681B6863
:109640002D4A934201D1012300E00023002B1AD0C0
:109650007B681B68DBB2083B284AA2FB03231B097B
:10966000FB60FA68264B13449B001A467B681A6617
:109670007B68244A5A66FB6803F01F0301229A4064
:109680007B689A6624E07B681B68DBB2103B1E4A4D
:10969000A2FB03231B09FB60BB681C4A934206D84C
:1096A000BB681B4A934202D9FB680833FB60FA6827
:1096B000184B13449B001A467B681A667B68164A4F
:1096C0005A66FB6803F01F0301229A407B689A6682
:1096D00000BF1437BD465DF8047B7047085402583C
:1096E0001C540258305402584454025858540258DA
:1096F0006C5402588054025894540258CDCCCCCCAF
:109700000096001680580258ABAAAAAAB8040240D4
:109710000F040240008200108008024080B485B02F
:1097200000AF78607B685B68DBB2FB60FB68002B96
:109730004AD0FB68082B47D87B681B68254A9342B0
:1097400022D07B681B68244A93421DD07B681B682B
:10975000224A934218D07B681B68214A934213D057
:109760007B681B681F4A93420ED07B681B681E4AA9
:10977000934209D07B681B681C4A934204D07B68E3
:109780001B681B4A934201D1012300E00023002BF8
:109790000AD0FA68174B13449B001A467B68DA66B6
:1097A0007B68154A1A6709E0FA68144B13449B005A
:1097B0001A467B68DA667B68114A1A67FB68013BC8
:1097C00001229A407B685A6700BF1437BD465DF896
:1097D000047B7047085402581C54025830540258F5
:1097E00044540258585402586C5402588054025839
:1097F000945402583F960016405902583F82001078
:109800004009024080B584B000AF7860194BDB6836
:1098100003F00403042B0AD0164BDB6803F00703A4
:109820007A689A4201D001231FE000231DE0114B0A
:10983000DB6823F007020F497B681343CB60F5F721
:1098400021FDF86009E0F5F71DFD0246FB68D31A1B
:10985000B3F57A7F01D9012307E0064B5B6803F477
:109860000053B3F5005FEED1002318461037BD4614
:1098700080BD00BF0048025880B586B002AF786056
:10988000F5F700FDF8607B68002B01D101235FE054
:109890007B6893F84130DBB2002B07D1786800F089
:1098A0007FF841F28831786800F0F4FA7B681B6831
:1098B0001B6823F470617B689B68013B1A027B681C
:1098C0001B680A431A607B689B6C0093FB6800224C
:1098D0002021786800F0ECFA0346FB72FB7A002B3B
:1098E00035D17B681B681A681B4B13407A68526835
:1098F00011067A68D26811437A68D26911437A688E
:10990000126A11437A6812680B4313607B681B6804
:109910005A68124B13407A68126911047A685269C6
:1099200011437A68926911437A6812680B43536055
:109930007B681B681A687B681B6842F001021A602A
:109940007B6800225A647B68012283F84120FB7AFD
:1099500018461037BD4680BD2FFFFF00FEF8E0FF20
:1099600080B582B000AF78607B68002B01D1012305
:1099700012E07B681B681A687B681B6822F0010292
:109980001A60786800F016F87B6800225A647B68D9
:10999000002283F84120002318460837BD4680BDC9
:1099A00080B483B000AF786000BF0C37BD465DF86F
:1099B000047B704780B483B000AF786000BF0C3781
:1099C000BD465DF8047B704780B588B002AFF86093
:1099D000B9607A60F5F756FC3861FB6893F840305F
:1099E000DBB2012B01D1022348E0FB68012283F89E
:1099F0004020FB6893F84130DBB2012B37D1FB6884
:109A000000225A64FB68022283F841207B6800939D
:109A10003B6900222021F86800F04AFA0346FB75F2
:109A2000FB7D002B25D10022B968F86800F077FA99
:109A3000BB685B6A002B15D17B6800933B690122F0
:109A40000221F86800F034FA0346FB75FB7D002B19
:109A50000FD1FB681B680222DA60FB68012283F8E1
:109A6000412006E0FB68012283F8412001E0022347
:109A7000FB75FB68002283F84020FB7D18461837F1
:109A8000BD4680BD80B58AB002AFF860B9607A602B
:109A90000023FB77F5F7F6FBB861FB681B68203302
:109AA0007B61FB6893F84030DBB2012B01D10223CC
:109AB00076E0FB68012283F84020FB6893F8413090
:109AC000DBB2012B65D1FB6800225A64BB68002B16
:109AD00056D0FB68122283F84120FB681B681B6983
:109AE0005A1CFB68DA62FB681B681B695A1CFB681E
:109AF0009A62FB68BA685A62FB681B685A69FB681D
:109B00001B6822F040625A611BE07B680093BB69CE
:109B100001220421F86800F0CBF90346FB77FB7FB4
:109B2000002B13D1FB685B6A1A787B691A70FB689B
:109B30005B6A5A1CFB685A62FB68DB6A5A1EFB6848
:109B4000DA62FB68DB6A002BDFD100E000BFFB7F3D
:109B5000002B10D17B680093BB6901220221F868B9
:109B600000F0A6F90346FB77FB7F002B03D1FB68CF
:109B70001B680222DA60FB68012283F841200AE0B8
:109B8000FB685B6C43F00802FB685A640123FB77B7
:109B900001E00223FB77FB68002283F84020FB7F73
:109BA00018462037BD4680BD80B58AB002AFF86048
:109BB000B9607A600023FB77F5F764FBB861FB6856
:109BC0001B689B697B61FB681B6820333B61FB68FA
:109BD00093F84030DBB2012B01D102237DE0FB681A
:109BE000012283F84020FB6893F84130DBB2012B5F
:109BF0006CD1FB6800225A64BB68002B5DD0FB6807
:109C0000222283F84120FB681B681B695A1CFB68F1
:109C10009A63FB681B681B695A1CFB685A63FB68E4
:109C2000BA681A63FB681B685B6923F04062FB68D3
:109C30001B6842F080625A61FB681B687A699A610E
:109C40001CE07B680093BB6901220621F86800F0E4
:109C50002FF90346FB77FB7F002B14D1FB681B6BAE
:109C60003A691278D2B21A70FB681B6B5A1CFB68F7
:109C70001A63FB689B6B5A1EFB689A63FB689B6BBD
:109C8000002BDED100E000BFFB7F002B10D17B68F2
:109C90000093BB6901220221F86800F009F903462C
:109CA000FB77FB7F002B03D1FB681B680222DA6085
:109CB000FB68012283F841200AE0FB685B6C43F0FB
:109CC0000802FB685A640123FB7701E00223FB775B
:109CD000FB68002283F84020FB7F18462037BD46F2
:109CE00080BD80B588B002AFF860B9607A603B6033
:109CF000F5F7C8FA3861FB6893F84030DBB2012B06
:109D000001D1022360E0FB68012283F84020FB6858
:109D100093F84130DBB2012B4FD1FB6800225A642B
:109D2000FB68422283F841203B6800933B69002294
:109D30002021F86800F0BCF80346FB75FB7D002B82
:109D40003DD1FB681B687A6812689A62FB681B68E1
:109D50007A6852685A62FB681B687A689268DA62AD
:109D6000FB681B681B6823F440027B681B691A436D
:109D7000FB681B6842F480021A607B68DA68BB6883
:109D80009A624FF00062B968F86800F0C8F83B6862
:109D900000933B6901220821F86800F089F8034626
:109DA000FB75FB7D002B0AD1FB681B680822DA607B
:109DB000FB68012283F8412001E00223FB75FB6868
:109DC000002283F84020FB7D18461837BD4680BD31
:109DD00080B588B002AFF860B9607A60F5F752FAE2
:109DE0003861FB6893F84030DBB2012B01D10223CC
:109DF0004CE0FB68012283F84020FB6893F8413077
:109E0000DBB2012B3BD1FB6800225A64FB68822243
:109E100083F84120FB689B6C00933B690022202162
:109E2000F86800F045F80346FB75FB7D002B28D150
:109E3000FB681B681B6823F008017B685A68FB6895
:109E40001B680A431A607B685B68082B10D1FB68AB
:109E50001B687A6812681A63FB681B681022DA6054
:109E6000FB681B681A68FB681B6842F480121A6062
:109E70004FF04062B968F86800F051F801E0022341
:109E8000FB75FB68002283F84020FB7D18461837DD
:109E9000BD4680BD80B483B000AF786039607B6818
:109EA0003A689A6400BF0C37BD465DF8047B704782
:109EB00080B584B000AFF860B9603B601346FB71B9
:109EC0001AE0BB69B3F1FF3F16D0F5F7DBF90246A4
:109ED0003B68D31ABA699A4202D3BB69002B0BD1F3
:109EE000FB68042283F84120FB685B6C43F00102AD
:109EF000FB685A6401230EE0FB681B689A68BB6824
:109F00001340002B14BF01230023DBB21A46FB7958
:109F10009A42D6D1002318461037BD4680BD80B482
:109F200085B000AFF860B9607A60BB685B6A002BEF
:109F300009D07B68B3F1406F05D0BB689A6AFB68B3
:109F40001B68013A1A61BB689B69002B00F0B9805D
:109F5000BB681B6A002B5FD0FB681B68BA689268FD
:109F6000DA61BB68DB69002B31D0BB68DA6ABB6899
:109F70001B6B1A43BB685B6B1A43BB685B6A1A4373
:109F8000BB685B699B041A43BB681B691A43BB68C7
:109F90001B6A1A43BB68DB681A43BB68DB691A4358
:109FA000BB689B691A43BB681B6842EA0301FB68F4
:109FB0001B687A680A435A617B68B3F1406F00F00E
:109FC0002E81FB681B68BA6852689A6127E1BB68FA
:109FD000DA6ABB681B6B1A43BB685B6B1A43BB68CE
:109FE0005B6A1A43BB685B699B041A43BB681B69C5
:109FF0001A43BB681B6A1A43BB68DB691A43BB6818
:10A000009B691A43BB681B6842EA0301FB681B6833
:10A010007A680A435A6102E1BB68DB69002B2ED0E3
:10A02000BB68DA6ABB681B6B1A43BB685B6B1A437D
:10A03000BB685B6A1A43BB685B699B041A43BB68D5
:10A040001B6A1A43BB68DB681A43BB68DB691A43A7
:10A05000BB689B691A43BB681B6842EA0301FB6843
:10A060001B687A680A435A617B68B3F1406F00F05D
:10A07000D680FB681B68BA6852689A61CFE0BB68FB
:10A08000DA6ABB681B6B1A43BB685B6B1A43BB681D
:10A090005B6A1A43BB685B699B041A43BB681B6A13
:10A0A0001A43BB68DB691A43BB689B691A43BB68E8
:10A0B0001B6842EA0301FB681B687A680A435A611D
:10A0C000ADE0BB681B6A002B58D0FB681B68BA6800
:10A0D0009268DA61BB68DB69002B2DD0BB68DA6A55
:10A0E000BB681B6B1A43BB685B6B1A43BB685B6A3C
:10A0F0001A43BB685B699B041A43BB681B691A431C
:10A10000BB681B6A1A43BB68DB681A43BB68DB6920
:10A110001A43BB689B6942EA0301FB681B687A68C3
:10A120000A435A617B68B3F1406F78D0FB681B68C3
:10A13000BA6852689A6172E0BB68DA6ABB681B6BE6
:10A140001A43BB685B6B1A43BB685B6A1A43BB6804
:10A150005B699B041A43BB681B691A43BB681B6A93
:10A160001A43BB68DB691A43BB689B6942EA030177
:10A17000FB681B687A680A435A6150E0BB68DB6978
:10A18000002B2AD0BB68DA6ABB681B6B1A43BB681A
:10A190005B6B1A43BB685B6A1A43BB685B699B04D1
:10A1A0001A43BB681B6A1A43BB68DB681A43BB6867
:10A1B000DB691A43BB689B6942EA0301FB681B68C1
:10A1C0007A680A435A617B68B3F1406F27D0FB6815
:10A1D0001B68BA6852689A6121E0BB685B6A002B11
:10A1E0001DD0BB68DA6ABB681B6B1A43BB685B6B2C
:10A1F0001A43BB685B6A1A43BB685B699B041A43DA
:10A20000BB681B6A1A43BB68DB691A43BB689B695E
:10A2100042EA0301FB681B687A680A435A6100BF7F
:10A220001437BD465DF8047B7047000080B483B0EE
:10A2300000AF786039603B681B68002B21D17B68D8
:10A240001A68274B13403A6851683A68926811437C
:10A250003A68D26811433A68126911433A68526900
:10A2600011433A68926911433A68D26911433A68D6
:10A27000126A11433A68526A0A431A437B681A60A9
:10A2800026E07B681B6823F4F8423B68D9693B6889
:10A290001B6A19433B685B6A0B431A437B681A606D
:10A2A0007B685A680E4B13403A6851683A68926866
:10A2B00011433A68D26811433A68126911433A6807
:10A2C000526911433A6892690A431A437B685A609B
:10A2D000002318460C37BD465DF8047B704700BF6D
:10A2E0000080FFFF80B485B000AFF860B9607A608D
:10A2F0007B68002B28D1FB689B6803F07042BB6829
:10A300001B68591EBB685B68013B1B011943BB6896
:10A310009B68013B1B021943BB68DB68013B1B03C5
:10A320001943BB681B69013B1B041943BB685B698C
:10A33000013B1B051943BB689B69013B1B060B4393
:10A340001A43FB689A602DE0FB689A68194B13402A
:10A35000BA68D268013A1103BA685269013A120523
:10A360000A431A43FB689A60FB68DB6803F070429B
:10A37000BB681B68591EBB685B68013B1B01194326
:10A38000BB689B68013B1B021943BB681B69013B0F
:10A390001B041943BB689B69013B1B060B431A4313
:10A3A000FB68DA60002318461437BD465DF8047B6D
:10A3B000704700BFFF0F0FFF80B485B000AFF8609B
:10A3C000B9607A60FB681A690C4B1340BA6811686F
:10A3D000BA6852681143BA689268013A520111434F
:10A3E000BA68D26852020A431A43FB681A61002312
:10A3F00018461437BD465DF8047B70470000C0FF67
:10A4000080B483B000AF786039607B685A69074BCD
:10A4100013403A6852001A437B685A610023184679
:10A420000C37BD465DF8047B704700BF01C0FFFFDD
:10A4300080B582B000AF786039607B68002B01D1B5
:10A4400001232BE07B6893F82C30DBB2002B06D184
:10A450007B68002283F82D20786800F025F87B685F
:10A46000022283F82C207B681A687B680433194623
:10A470001046FFF7DBFE7B6818687B685B681A464E
:10A480003968FFF72FFF074B1B68064A43F000436C
:10A4900013607B68012283F82C20002318460837BC
:10A4A000BD4680BD0040005280B483B000AF7860EC
:10A4B00000BF0C37BD465DF8047B704780B586B0A1
:10A4C00000AFF860B9607A60FB6893F82C30FB75D8
:10A4D000FB7D022B01D1022321E0FB7D012B02D069
:10A4E000FB7D052B18D1FB68022283F82C20FB682A
:10A4F0001B687A68B9681846FFF75EFFBB681B687F
:10A50000022B04D1FB68052283F82C2006E0FB68AF
:10A51000012283F82C2001E0012300E000231846EB
:10A520001837BD4680BD80B582B000AF7860396015
:10A530007B6893F82C30DBB2022B01D1022316E0AA
:10A540007B6893F82C30DBB2012B0FD17B680222A1
:10A5500083F82C207B681B6839681846FFF750FF8A
:10A560007B68012283F82C20002300E00123184699
:10A570000837BD4680BD000080B588B000AF07F148
:10A580000C0300221A605A609A60DA601A613B4B31
:10A59000D3F8E030394A43F00203C2F8E030374BD9
:10A5A000D3F8E03003F00203BB60BB68334BD3F851
:10A5B000E030324A43F00803C2F8E0302F4BD3F8C2
:10A5C000E03003F008037B607B682C4BD3F8E0306D
:10A5D0002A4A43F01003C2F8E030284BD3F8E030A9
:10A5E00003F010033B603B6802233B6100237B6167
:10A5F0000323BB610423FB600923FB6107F10C0308
:10A6000019461F48FBF704FF4023FB600A23FB6148
:10A6100007F10C0319461A48FBF7FAFE4FF40063E2
:10A62000FB600923FB6107F10C0319461548FBF792
:10A63000EFFE4FF48053FB600923FB6107F10C032D
:10A6400019461048FBF7E4FE0423FB600923FB6175
:10A6500007F10C0319460C48FBF7DAFE4FF40053E0
:10A66000FB600923FB6107F10C0319460548FBF762
:10A67000CFFE00BF2037BD4680BD00BF004402585A
:10A6800000040258000C02580010025880B58CB02B
:10A6900000AF07F11C0300221A605A609A60DA606A
:10A6A0001A61594BD3F8E030574A43F02003C2F8FF
:10A6B000E030554BD3F8E03003F02003BB61BB69B9
:10A6C000514BD3F8E030504A43F08003C2F8E030F9
:10A6D0004D4BD3F8E03003F080037B617B694A4B3C
:10A6E000D3F8E030484A43F04003C2F8E030464B2C
:10A6F000D3F8E03003F040033B613B69424BD3F8B1
:10A70000E030414A43F01003C2F8E0303E4BD3F84A
:10A71000E03003F01003FB60FB683B4BD3F8E03004
:10A72000394A43F00203C2F8E030374BD3F8E03047
:10A7300003F00203BB60BB68334BD3F8E030324A0E
:10A7400043F00803C2F8E0302F4BD3F8E03003F0B9
:10A7500008037B607B684FF63F03FB6102233B628B
:10A7600000237B620323BB620C23FB6207F11C0303
:10A7700019462648FBF74CFE2C23FB6102233B6263
:10A7800000237B620323BB620C23FB6207F11C03E3
:10A7900019461F48FBF73CFE48F23713FB610223C2
:10A7A0003B6200237B620323BB620C23FB6207F145
:10A7B0001C0319461748FBF72BFE4FF68373FB610A
:10A7C00002233B6200237B620323BB620C23FB62F8
:10A7D00007F11C0319461048FBF71AFE4CF20373ED
:10A7E000FB6102233B6200237B620323BB620C23D9
:10A7F000FB6207F11C0319460848FBF709FE00BF7E
:10A800003037BD4680BD00BF0044025800140258D6
:10A81000001C02580018025800100258000C025880
:10A82000DFF834D0F4F720FC0C480D490D4A002322
:10A8300002E0D458C4500433C4188C42F9D30A4AF5
:10A840000A4C002301E013600432A242FBD300F063
:10A8500015F8E5F72FFF7047D87C00200000002096
:10A860001405002018E8010814050020D83C002039
:10A87000FEE70A22002100F067BE000070B50D4D12
:10A880000D4C641BA4100026A64209D10B4D0C4CA4
:10A8900002F0C4FF641BA4100026A64205D170BDBF
:10A8A00055F8043B98470136EEE755F8043B9847C6
:10A8B0000136F2E710E8010810E8010810E8010885
:10A8C00014E80108024B0146186800F095B800BF73
:10A8D0004403002010B501390244904201D1002008
:10A8E00005E0037811F8014FA34201D0181B10BDF9
:10A8F0000130F2E70A44914200F1FF3300D1704782
:10A9000010B511F8014B03F8014F9142F9D110BD78
:10A9100002440346934200D1704703F8011BF9E754
:10A9200037B5002944D051F8043C0190002BA1F127
:10A930000404B8BFE41801F04FFC1E4A01981368E4
:10A9400033B96360146003B0BDE8304001F04ABC25
:10A95000A34208D9256861198B4201BF19685B6859
:10A9600049192160EDE71A465B680BB1A342FAD999
:10A9700011685518A5420BD1246821445418A342EC
:10A980001160E0D11C685B68536021441160DAE714
:10A9900002D90C230360D6E7256861198B4204BFF6
:10A9A00019685B68636004BF491921605460CAE795
:10A9B00003B030BDC43C002070B50E4E0C4631686B
:10A9C000054611B900F0CEFC30602146284600F063
:10A9D000C9FC431C0AD0C41C24F00304A04207D0C5
:10A9E000211A284600F0BEFC013001D14FF0FF349F
:10A9F000204670BDC83C00202DE9F041CD1C25F05B
:10AA0000030508350C2D38BF0C25002D074601DB4A
:10AA1000A94205D90C233B6000263046BDE8F081F1
:10AA20002E4E01F0D9FB33681C4634BB294638460C
:10AA3000FFF7C2FF431C04464DD134682646002E62
:10AA400040D123683146384604EB030800F08AFC05
:10AA500080453AD1216803356D1A25F00305083584
:10AA60000C2D38BF0C2529463846FFF7A5FF0130CD
:10AA70002BD023682B4423600EE02268521B1ED487
:10AA80000B2A16D96119A342256018BF5960636863
:10AA900008BF316062514B60384604F10B0601F08B
:10AAA000A1FB26F00706231DF21AB6D09B1BA3506C
:10AAB000B3E76268A3420CBF32605A60ECE72346FA
:10AAC0006468B2E734467668B9E70C233B603846E1
:10AAD00001F088FBA1E72560DEE700BFC43C002051
:10AAE000F0B52DED028BB0EE408B85B017460D9D75
:10AAF0000C9E18EE902A25F02005002AB6BF2D22C4
:10AB00000022B1EE408B462D0C461A7004D0452D24
:10AB100000D10134022100E0032103AB019302AB19
:10AB2000009322463346B0EE480B00F0DDFD472D82
:10AB300001D1FB071AD5462D00EB04020CD1037896
:10AB4000302B07D1B5EE408BF1EE10FA1CBFC4F1EB
:10AB50000104346033681A44B5EE408BF1EE10FA0C
:10AB600008BF03923021039B934207D3039B0E9AA5
:10AB70001B1A136005B0BDEC028BF0BD5C1C039486
:10AB80001970F0E7F7B503460029B8BF494203F84A
:10AB9000022BB4BF2D222B22092942702ADD0DF190
:10ABA0000704A4460A27A6460A4691FBF7F607FBC8
:10ABB00016153035632A04F1FF340EF8015C314676
:10ABC000F1DC3031AEF1020504F8011C441C2946C9
:10ABD00061450AD30DF10902A2EB0E02654588BF5B
:10ABE00000221344181A03B0F0BD11F8012B04F829
:10ABF000012FEDE7302330318370C170031DF1E781
:10AC00002DE9F04F8BB00C46DDF8508016461F46FC
:10AC1000054601F0DDFAD0F800B05846E5F770FBC4
:10AC200000230893D8F8003094F81890226807336E
:10AC300023F0070303F10801C8F800108246D3E9A6
:10AC40000001C4E912019FED987B94ED120BB0EE68
:10AC5000C06BB4EE476BF1EE10FA24DDB5EEC00B1D
:10AC6000F1EE10FA02D52D2384F84330904B914831
:10AC7000B9F1470F94BF984680460323236122F021
:10AC800004020023226004930097334609AA214658
:10AC9000284600F0D3F9013040F08A804FF0FF30B1
:10ACA0000BB0BDE8F08FB4EE400BF1EE10FA09D70F
:10ACB00010EE903A002BBCBF2D2384F843307E4821
:10ACC0007E4BD5E7636809F0DF010491591C3CD144
:10ACD000062363600023039308ABCDE9019342F49C
:10ACE000806207AB6168009322600DF11B03284668
:10ACF000FFF7F6FE049B0799472B804608D1C81C36
:10AD000002DB6368994241DDA9F102095FFA89F922
:10AD1000B9F1650F20D801394A4604F15000079176
:10AD2000FFF730FF089A04901318012A236102DC10
:10AD30002268D20701D5013323619DF81B30002B17
:10AD4000A2D02D2384F843309EE704994729C1D12E
:10AD5000002BBFD10123BCE7B9F1660F18D1002940
:10AD600063680BDD216113B92268D00702D5013376
:10AD70000B4423610023A1650493DEE713B9226825
:10AD8000D20701D50233F4E70123F2E74FF0670958
:10AD9000089B994205DB23682161D807EAD54B1C43
:10ADA000E7E70029D4BFC1F1020201221344E0E722
:10ADB00023685A0507D42369424631462846B847D6
:10ADC00001302AD16AE7B9F1650F40F2E28094EDD3
:10ADD000127BB5EE407BF1EE10FA33D1384A0123F5
:10ADE00031462846B84701303FF458AFDDE9072324
:10ADF0009A4202DB2368D8070FD553465A4631469C
:10AE00002846B84701303FF449AF4FF0000804F13D
:10AE10001A09089B013B434509DC23689B0700F1A5
:10AE20000881E068099B9842B8BF184638E70123BB
:10AE30004A4631462846B84701303FF42FAF08F163
:10AE40000108E6E7079B002B3CDC1D4A0123314645
:10AE50002846B84701303FF421AFDDE9072313430B
:10AE600002D12368D907D8D553465A4631462846D9
:10AE7000B84701303FF412AF4FF0000904F11A0A4D
:10AE8000079B5B424B4501DC089B95E7012352463B
:10AE900031462846B84701303FF400AF09F10109B7
:10AEA000EEE700BFAFF30080FFFFFFFFFFFFEF7F84
:10AEB000C8E20108CCE20108D4E20108D0E20108AE
:10AEC000D8E20108089AA36D9A42A8BF1A46002A40
:10AED000914638DC0023059329EAE97904F11A0246
:10AEE000A36D05990493A3EB09038B4233DCDDE9E1
:10AEF00007239A423CDB2368DA0739D4089B049A7B
:10AF000007999A1AA3EB01099145A8BF9146B9F197
:10AF1000000F35DC4FF0000829EAE97904F11A0A3C
:10AF2000DDE907239B1AA3EB090343457FF775AFC0
:10AF30000123524631462846B84701303FF4AEAEB1
:10AF400008F10108ECE71346314642462846B84767
:10AF50000130BFD1A2E60123314628460492B8470A
:10AF600001303FF49BAE059B049A01330593B7E78C
:10AF700053465A4631462846B8470130BED18DE681
:10AF8000049A4B46424431462846B8470130C1D165
:10AF900084E6089A012A01DCDB0737D50123424603
:10AFA00031462846B84701303FF478AE53465A46FA
:10AFB00031462846B84701303FF470AE94ED127B1D
:10AFC000B5EE407BF1EE10FA1BD0089B08F10102B0
:10AFD000013B31462846B84701300ED15EE60123D9
:10AFE0004A4631462846B84701303FF457AE08F18B
:10AFF0000108089B013B4345F1DC049B04F150022E
:10B00000DBE64FF0000804F11A09F2E7012342469B
:10B01000DFE701234A4631462846B84701303FF46E
:10B020003DAE08F10108E36809995B1A4345F0DC7D
:10B03000F7E64FF0000804F11909F4E72DE9F047AD
:10B04000164699468A680B69DDF820809342B8BF9E
:10B050001346336091F8432007460C460AB101338A
:10B0600033602368990642BF336802333360256832
:10B0700015F0060506D104F1190AE36832689B1A37
:10B08000AB4226DC94F84320131E226818BF01232C
:10B0900092062BD404F1430249463846C04701309A
:10B0A0001ED02368E568326803F00603042B08BF4E
:10B0B000AD1AA36822690CBF25EAE5750025934205
:10B0C000C4BF9B1AED1800261A34B5421AD10020CD
:10B0D00008E00123524649463846C047013003D1B3
:10B0E0004FF0FF30BDE8F0870135C6E7E1185A1C84
:10B0F000302081F84300224494F8451082F8431030
:10B100000233C7E70123224649463846C04701308B
:10B11000E6D00136D9E700002DE9FF470F7E0C9DF0
:10B12000782F914680460C469A4601F1430207D893
:10B13000622F0AD8002F00F0D880582F00F0A3808B
:10B1400004F1420584F842703AE0A7F16303152B3D
:10B15000F6D801A151F823F0B1B10108C5B1010839
:10B1600041B1010841B1010841B1010841B10108F3
:10B17000C5B1010841B1010841B1010841B101085F
:10B1800041B10108D1B20108F5B10108B3B201081B
:10B1900041B1010841B10108F3B2010841B1010810
:10B1A000F5B1010841B1010841B10108BBB2010884
:10B1B0002B681A1D1B682A6004F1420584F842308E
:10B1C0000123A3E020682968060601F104030AD5DB
:10B1D0000E682B60002E03DA2D23764284F843306C
:10B1E0005E480A2319E00E682B6010F0400F18BF6C
:10B1F00036B2EFE72B682068191D2960010601D5DA
:10B200001E6802E04606FBD51E8854486F2F0CBF0F
:10B2100008230A23002184F843106568A560002DE7
:10B22000A2BF216821F0040121600EB9002D4DD08C
:10B230001546B6FBF3F103FB1167C75D05F8017D09
:10B240003746BB420E46F4D9082B0BD12368DE07E4
:10B2500008D5236961689942DEBF302305F8013CB7
:10B2600005F1FF35521B2261CDF800A04B4603AA21
:10B2700021464046FFF7E2FE01304CD14FF0FF304F
:10B2800004B0BDE8F087354881F845702968236827
:10B2900051F8046B29601D0614D5DF0744BF43F045
:10B2A000200323601EB9236823F0200323601023AA
:10B2B000B0E7236843F0200323607823284884F80C
:10B2C0004530E3E7590648BFB6B2E6E71546BBE7A7
:10B2D0002B6826686169181D286035061B6801D532
:10B2E000196002E07006FBD5198000232361154622
:10B2F000BAE72B681A1D2A601D686268002128467B
:10B30000E5F706F808B1401B60606368236100231D
:10B3100084F84330A8E723692A4649464046D04787
:10B320000130ABD023689B0713D4E068039B98429D
:10B33000B8BF1846A4E70123324649464046D047E5
:10B3400001309BD00135E36803995B1AAB42F2DC14
:10B35000EBE7002504F11906F5E700BFDAE2010882
:10B36000EBE2010838B5064D0023044608462B6081
:10B3700002F03CFA431C02D12B6803B1236038BDB4
:10B38000CC3C00200CB430B5174B0C1E1D689DB092
:10B3900008DA8B232B604FF0FF301DB0BDE8304042
:10B3A00002B070474FF40273ADF8143014BF04F1CB
:10B3B000FF332346049307934FF6FF7302900690E2
:10B3C000ADF81630209A21AB02A92846019301F06E
:10B3D00005FB431CBCBF8B232B60002CDDD0029BE4
:10B3E00000221A70D9E700BF4403002010B50246BE
:10B3F000147813460132002CFAD1013B11F8012BCD
:10B4000003F8012F002AF9D110BD034611F8012BD2
:10B4100003F8012B002AF9D1704710B57AB1034621
:10B420000139841813F8010B11F8012F904201D152
:10B43000A34201D1801A10BD0028F3D1FAE71046CB
:10B44000F9E70000012B2DE9F04701D0242B06D9A4
:10B4500000F0B8FE162303600020BDE8F087DFF897
:10B46000E4C00D462E4615F8014B14F80C7017F089
:10B470000807F7D12D2C32D12C780127B51C002BD1
:10B480005BD0102B09D1302C07D12C7804F0DF04CD
:10B49000582C4DD16C781023023507F1004808F183
:10B4A000FF384FF0000CB8FBF3F9664603FB198A2E
:10B4B000A4F1300EBEF1090F16D87446A34224DD64
:10B4C000BCF1000F1EDBB1451CD301D1A24519DB35
:10B4D00006FB03464FF0010C15F8014BE8E72B2C57
:10B4E00004BF2C78B51CCAE7A4F1410EBEF1190FB8
:10B4F00001D8373CE2E7A4F1610EBEF1190F04D880
:10B50000573CDBE74FF0FF3CE6E7BCF1000F05DA04
:10B5100022230360464642B930469EE707B1764291
:10B52000002AF9D0BCF1000F00D0691E1160F3E7CA
:10B530003024002BB1D10823AFE7302CA5D00A234B
:10B54000ABE700BFFDE2010813460A460146024888
:10B550000068FFF777BF00BF4403002030B51446F2
:10B56000002C9BB005461A4605DA8B2303604FF08A
:10B57000FF301BB030BD4FF40273ADF80C3014BF78
:10B5800004F1FF332346029305934FF6FF730091B6
:10B590000491ADF80E3069461E9B01F01FFA431C62
:10B5A000BCBF8B232B60002CE3D0009B00221A70C1
:10B5B000DFE7000007B5009313460A46014603483B
:10B5C0000068FFF7CBFF03B05DF804FB44030020E5
:10B5D0002DE9F74F03690C69A3420746C0F2818049
:10B5E000013C01F1140800F1140505EB84030193FB
:10B5F00058F8243055F8242001339A424FEA840B3E
:10B6000008EB8409B2FBF3F631D34FF0000E40464D
:10B61000AC46F24650F8042B93B206FB03E34FEA24
:10B62000134E9BB2AAEB0303DCF800A0120C13FA32
:10B630008AF306FB02E20093009B4FEA124E92B29D
:10B64000C2EB1A4202EB2342BDF80030814543EAC7
:10B6500002434CF8043B4FEA224ADBD255F80B3048
:10B660002BB9019B043B9D421A462ED33C613846C0
:10B6700001F040F8002824DB013628464FF0000C8A
:10B6800058F8042BD0F800E093B2ACEB0303120C93
:10B6900013FA8EF3C2EB1E4202EB23429BB243EA43
:10B6A0000243C14540F8043B4FEA224CE8D255F82A
:10B6B000242005EB840322B9043B9D421A460AD399
:10B6C0003C61304603B0BDE8F08F1268043B002AAD
:10B6D000CCD1013CC7E71268043B002AF0D1013C01
:10B6E000EBE70020EEE700002DE9F04F2DED028B97
:10B6F000456A91B08DED020B59EC108B1C9C0691A4
:10B70000064608920C9375B91020FFF7DBF8024645
:10B71000706220B9AA4BEA21AA4801F0B5FAC0E943
:10B7200001550560C560736A196851B15A684A606D
:10B73000012393408B60304600F09AFD736A00222B
:10B740001A60B9F10003BBBF23F000430393002349
:10B750000122ACBF236022609B4B039CA3431CD1FE
:10B760000C9A42F20F731360C4F3130353EA0803F5
:10B7700000F0FD841D9B63B9944B1FE0944B019333
:10B7800008331D9A1360019811B0BDEC028BBDE81F
:10B79000F08F8E4B01930333F3E79DED028BB5EEF3
:10B7A000408BF1EE10FA0BD10C9A012313601D9B14
:10B7B000002B00F0D98487481860431E0193E2E70C
:10B7C0000FA90EAA3046B0EE480B01F039F8C4F3C9
:10B7D0000A5105460E98002946D018EE904AC4F347
:10B7E000130453EC182B44F07F5343F44013A1F29D
:10B7F000FF31002443EC162BB7EE087B9FED6A5B0C
:10B8000036EE477B9FED6A6BA7EE056B9FED6A5B9B
:10B8100007EE901AB8EEE74BB0EE467BA4EE057B40
:10B82000FDEEC76BB5EEC07BF1EE10FA16EE90BAE6
:10B830000A9408D5B8EEE66BB4EE476BF1EE10FA59
:10B8400018BF0BF1FF3BBBF1160F2FD8624B03EB78
:10B85000CB0393ED007BB4EEC78BF1EE10FA01D56C
:10B860000BF1FF3B002322E00F99014401F2324328
:10B87000202BC1BFC3F1400304FA03F301F21244C9
:10B8800028FA04F8D6BFC3F1200343EA080808FAEF
:10B8900003F807EE908AB8EE677B013917EE904AFD
:10B8A00053EC172BA4F1F8730124A3E701230B93A6
:10B8B000431A5A1E45BFC3F101030493002300231A
:10B8C000059254BF04930593BBF1000F18DB059B51
:10B8D000CDF824B05B4405930023069A092A49D881
:10B8E000052AC4BF043A0692069AA2F10202CCBF0E
:10B8F00000240124032A48D8DFE802F00B2E2C3A5A
:10B90000049B0022A3EB0B0304930992CBF10003E9
:10B91000E3E700220792089A002A39DC4FF0010A77
:10B92000D1465246CDF820A0776A002179600420E4
:10B9300000F1140C944579682FD930460D9300F02E
:10B9400057FC0D9B01900246002849D1234B4FF430
:10B95000D571E1E60122DDE700220792089A0BEBA0
:10B96000020A0AF101094A46012AB8BF0122DBE7AF
:10B970000122F2E701240022CDE906244FF0FF3A2C
:10B980000021D14612220891CEE701220792F5E765
:10B99000DDF820A0D1465246C6E70131796040006B
:10B9A000C6E700BFAFF3008061436F63A787D23F54
:10B9B000B3C8608B288AC63FFB799F501344D33F9E
:10B9C0000AE4010821E401080000F07F06E4010810
:10B9D000FDE30108D9E2010858E501089FE40108E8
:10B9E000726A01991160B9F10E0F6CD8002C6AD0FF
:10B9F000BBF1000F40F3A080C1490BF00F0201EB37
:10BA0000C2021BF4807F92ED007B4FEA2B1100F005
:10BA10008780BC4A92ED086B88EE066B8DED026B59
:10BA200001F00F010322B74800297BD19DED026B85
:10BA300086EE077B8DED027B0B99002900F0A2803A
:10BA4000B7EE006B9DED027BB4EEC67BF1EE10FA13
:10BA500040F19880B9F1000F00F09480BAF1000F26
:10BA60002FDDB2EE046B27EE067B8DED027B0BF132
:10BA7000FF37013250469DED026BB1EE0C5B07EED5
:10BA8000902AB8EEE77BA7EE065B15EE904A52ECE3
:10BA9000151BA4F15072002877D1B1EE047B36EE6D
:10BAA000476B42EC171BB4EEC76BF1EE10FA00F3D4
:10BAB0006382B1EE477BB4EEC76BF1EE10FA00F192
:10BAC00058828DED028B0F9A002AC0F21D81BBF1C6
:10BAD0000E0F00F319818A4B03EBCB0393ED006B40
:10BAE000089B002B80F2B780B9F1000F00F3B38000
:10BAF00040F03F82B1EE047B26EE076B9DED027BAA
:10BB0000B4EEC76BF1EE10FA4C464F4680F2158248
:10BB1000DDF80480312308F8013B0BF1010B11E241
:10BB2000022280E7CC0704D590ED006B013227EEAE
:10BB3000067B4910083077E722D0CBF10001704A2C
:10BB400001F00F0002EBC00292ED007B28EE077BB4
:10BB50008DED027B6B4809110024022229B9002CCB
:10BB60003FF46AAF8DED027B66E7CF0705D590ED18
:10BB7000006B0132012427EE067B49100830EDE707
:10BB8000022259E75F46484675E742EC171B5C4ABC
:10BB900002EBC00212ED024B019A1418079A52B33D
:10BBA000B6EE003BB7EE002BDDF8048083EE045BBD
:10BBB000B2EE043B35EE477BFDEEC64B14EE902A09
:10BBC000B8EEE45B303236EE456BB4EEC76BF1EEA7
:10BBD00010FA08F8012B39D432EE465BB4EEC75B9D
:10BBE000F1EE10FA72D4A0453FF46BAF27EE037B61
:10BBF00026EE036BE0E7DDF8048027EE047B2146A8
:10BC0000B2EE043BFDEEC64B14EE902A303208F83B
:10BC1000012BA045B8EEE45B36EE456B18D1B6EECD
:10BC2000005B37EE054BB4EEC46BF1EE10FA4DDC61
:10BC300035EE477BB4EEC76BF1EE10FA7FF541AFFE
:10BC40008846013918F8013C302BF9D0BB462AE070
:10BC500026EE036BD6E79DED027BB2EE044BDDF8DA
:10BC6000048087EE065BBDEEC55B15EE103A3033FF
:10BC700008F8013B019BA8EB03039945B8EEC53BCF
:10BC8000A3EE467B33D137EE077BB4EEC67BF1EEF5
:10BC900010FA1ADCB4EE467BF1EE10FA03D115EE81
:10BCA000103AD90711D42946304600F0E1FA0023B2
:10BCB0000C9A88F800300BF1010313601D9B002BD8
:10BCC0003FF461ADC3F800805DE55F4643469846AA
:10BCD00013F8012D392A06D1019A9A42F7D1019918
:10BCE000302201370A701A7801321A70AEE727EE57
:10BCF000047BB5EE407BF1EE10FAB2D1D3E700BF82
:10BD000058E5010830E501080799002900F0D080C6
:10BD10000699012900F3B4800A99002900F0AC804B
:10BD200002F23342DDF810801C460A93049B134450
:10BD30000493059B012113443046059300F050FB0A
:10BD40000A9B0746B8F1000F0DDD059A002A0ADDAF
:10BD500042450499A8BF4246891A04910599A8EB67
:10BD600002088A1A059203B3079A002A00F0A580F8
:10BD7000002C13DD3946224630460D9300F0F0FBCF
:10BD80002A4601460746304600F040FB29460A9005
:10BD9000304600F06DFA0A9A0D9B15461A1B04D026
:10BDA0002946304600F0DCFB05460121304600F014
:10BDB00017FB099B002B044640F381801A4601467D
:10BDC000304600F0CDFB069B012B04467ADD0023B4
:10BDD0000A93226904EB8202106900F0B1FAC0F103
:10BDE0002000059B184410F01F0000F08C80C0F16B
:10BDF0002002042A40F38580C0F11C00049B034408
:10BE00000493059B034480440593049B002B05DDAC
:10BE100029461A46304600F0FDFB0546059B002BDF
:10BE200005DD21461A46304600F0F4FB04460B9B24
:10BE3000002B6AD02146284600F05CFC002864DA1A
:10BE4000002329460A22304600F034FA079B0BF102
:10BE5000FF3B0546002B00F09181394600230A2262
:10BE6000304600F027FABAF1000F074600F38D8044
:10BE7000069B022B50DC88E00E9AC2F1360251E795
:10BE800009F1FF34A342BFBF099AE31AD2180992FD
:10BE9000B6BF23461C1B0024B9F1000FB5BF049A9E
:10BEA000DDF81080A2EB09084A46B8BF00223CE743
:10BEB000DDF81080079F1C4644E71A4670E7069B92
:10BEC000012B18DC029BB3B9039BC3F31302A2B985
:10BED00023F00042120D12058AB1049B0133049332
:10BEE000059B0133059301230A93099B002B7FF4E3
:10BEF00070AF012075E70023F6E7029BF4E70A9292
:10BF0000F3E782D010461C3078E7B9F1000F37DC38
:10BF1000069B022B34DDCA46BAF1000F0DD1214633
:10BF200053460522304600F0C5F90146044628462E
:10BF300000F0E0FB00283FF7EBAD089BDDF8048044
:10BF40006FEA030B4FF000092146304600F090F9EC
:10BF5000002F3FF4A8AEB9F1000F05D0B94503D0CA
:10BF60004946304600F084F93946304600F080F901
:10BF700099E600242746E0E7BB4604460746C7E5A6
:10BF8000079BCA46002B00F00081B8F1000F05DDC9
:10BF900039464246304600F03DFB07460A9B002BDF
:10BFA0005DD07968304600F023F9804628B9824B8D
:10BFB000024640F2EA21FFF7AFBB3A690232920033
:10BFC00007F10C010C30FEF795FC0122414630468A
:10BFD00000F020FB019B01330493019B5344089321
:10BFE000029B03F00103B94607930746049B2146D1
:10BFF000013B28460293FFF7EBFA034630330590E6
:10C0000049462846099300F075FB3A468246214688
:10C01000304600F08BFBC268099B80460ABB014694
:10C02000284600F067FB099B024641463046CDE9B1
:10C03000093200F01DF9069B0A9ADDF8108043EAE8
:10C040000201079B0B43099B0DD1392B29D0BAF173
:10C05000000F01DD059B3133029A137074E73846F7
:10C06000B8E70122E1E7BAF1000F06DB069941EAE1
:10C070000A0A07995AEA010120D1002AECDD294673
:10C0800001223046049300F0C5FA2146054600F02F
:10C0900031FB0028049B02DCDED1DA07DCD5392B2A
:10C0A000D8D1029A3923137043469846013B18F8B9
:10C0B000012C392A51D001321A7045E7002A03DDDC
:10C0C000392BEED00133C7E7049A089902F8013CF6
:10C0D0008A422BD0294600230A22304600F0EAF893
:10C0E000B94505464FF000034FF00A024946304675
:10C0F00007D100F0DFF881460746049B0133049323
:10C1000074E700F0D7F83946814600230A2230460A
:10C1100000F0D0F80746F0E7BAF1000F019ACCBF63
:10C12000D0464FF0010890444FF000092946012203
:10C130003046029300F06EFA2146054600F0DAFA26
:10C140000028B1DC02D1029BDB07ADD44346984600
:10C1500013F8012D302AFAD0F6E6019A9A42A4D1BA
:10C160000BF1010B312378E7144BFFF727BB1D9B25
:10C17000002B7FF403AB124BFFF720BBBAF1000F8B
:10C1800003DC069B022B3FF7C7AEDDF80480214697
:10C190002846FFF71DFA00F1300308F8013B019A29
:10C1A000A8EB02029245B7DD294600230A22304659
:10C1B00000F080F80546EAE79FE40108D8E20108AC
:10C1C000FDE30108014B1868704700BF44030020DD
:10C1D0000048704798040020014800F04DBF00BFA0
:10C1E000D03C0020014800F048BF00BFD03C0020F8
:10C1F00070B5466A04460D4676B91020FEF762FB1C
:10C200000246606220B9184B1848662100F03CFDD8
:10C21000C0E901660660C660666AF36883B1636A56
:10C22000DB6853F82500B8B9012101FA05F6721D43
:10C230009200204600F060FB60B1C0E901560EE0BC
:10C2400021220421204600F057FB636AF060DB687E
:10C25000002BE4D1002070BD026843F825200023A4
:10C26000C0E90333F7E700BF0AE40108B0E40108BE
:10C2700070B5466A05460C4676B91020FEF722FBDB
:10C280000246686220B9094B09488A2100F0FCFC8B
:10C29000C0E901660660C6603CB16B6A6268DB6833
:10C2A00053F82210216043F8224070BD0AE40108CF
:10C2B000B0E401082DE9F0410D6907460C461E4621
:10C2C00001F1140C0020DCF8003099B202FB01618E
:10C2D0001E0C0B0C02FB063389B2013001EB03414B
:10C2E00085424CF8041B4FEA1346ECDC0EB3A368FE
:10C2F000AB4219DC616838460131FFF779FF8046AF
:10C3000028B902460C4B0D48B52100F0BDFC22694E
:10C31000023204F10C0192000C30FEF7EBFA2146D8
:10C320003846FFF7A5FF444604EB850301355E61FF
:10C3300025612046BDE8F0819FE40108B0E40108D2
:10C34000030C1B04D3B90004102310F07F4F04BF6B
:10C350000002083310F0704F04BF0001043310F0E6
:10C36000404F04BF80000233002805DB10F0804FEF
:10C3700003F1010308BF2023184670470023E4E7B8
:10C38000036813F0070201460BD0DA0723D498079D
:10C3900049BF5B089B0801200B605CBF0B6002205B
:10C3A000704798B2A8B91B0C1020DAB20AB908304D
:10C3B0001B0A1A0704BF1B0904309A0704BF9B0815
:10C3C0000230DA0703D45B0800F1010005D00B60EE
:10C3D00070471046E9E700207047202070470000B2
:10C3E00010B50C460121FFF703FF024628B9054BA3
:10C3F00005484FF4A07100F047FC0123446103613C
:10C4000010BD00BF9FE40108B0E401082DE9F04F22
:10C4100091460A69D9F810309A42B8BF0B460C46CB
:10C42000BCBF4C4699462769D9F810A0A36861683B
:10C4300007EB0A06B34285B0B8BF0131FFF7D8FE5B
:10C4400030B90246444B454840F25D1100F01CFCF7
:10C4500000F1140505EB86082B460022434521D345
:10C4600004F1140303EB870709F1140303EB8A02B9
:10C4700002923A1B153A22F00302043204F115012C
:10C480008F4238BF04220192029A03939A420CD839
:10C49000002E03DD58F8043D002B5AD0066105B08C
:10C4A000BDE8F08F43F8042BD8E7B3F800A0BAF149
:10C4B000000F24D004F1140EA9464FF0000C5EF8D2
:10C4C000042BD9F800101FFA82FB89B20AFB0B116A
:10C4D0004FEA124BD9F8002061444FEA124C0AFB94
:10C4E0000BC202EB114289B241EA0241774549F899
:10C4F000041B4FEA124CE2D8019A45F802C0039A95
:10C50000B2F802900433B9F1000F20D0296804F189
:10C51000140CAE464FF0000ABCF800B0BEF8022082
:10C5200009FB0B22924489B241EA0A414EF8041BEE
:10C530005CF8042BBEF80010120C09FB021101EB91
:10C540001A4167454FEA114AE6D8019AA9500435C5
:10C550009AE7013E9CE700BF9FE40108B0E40108B0
:10C560002DE9F843154612F0030206460F4607D0A0
:10C57000254C013A002354F82220FFF79BFE074682
:10C58000AD103DD0746A7CB91020FEF79BF90246CD
:10C59000706228B91D4B1E484FF4D77100F074FB30
:10C5A000C0E901440460C460D6F82480D8F808408B
:10C5B0004CB940F271213046FFF712FF0023C8F852
:10C5C0000800044603604FF00009EB070AD539461E
:10C5D00022463046FFF71AFF394680463046FFF7BD
:10C5E00047FE47466D100BD0206838B922462146D9
:10C5F0003046FFF70BFF2060C0F800900446E4E7E8
:10C600003846BDE8F88300BF20E601080AE40108C7
:10C61000B0E401082DE9F0470C464968236903EBB3
:10C620006218A368074691464FEA621A08F10106AC
:10C63000B3420BDB3846FFF7DBFD054648B902463F
:10C640002A4B2B4840F2D91100F01EFB01315B0050
:10C65000EEE7002300F1140100F1100218465345E3
:10C6600037DB20692AEAEA7A04F1140319F01F097A
:10C6700001EB8A0103EB80002FD0C9F1200E8A461E
:10C680004FF0000C1A6802FA09F242EA0C024AF86A
:10C69000042B53F8042B984222FA0EFCF2D8031B09
:10C6A000153B23F00303043304F11502904238BF15
:10C6B000042341F803C0BCF1000F01D008F10206C9
:10C6C000013E38462E612146FFF7D2FD2846BDE8DF
:10C6D000F08742F8040F0133C1E7043953F8042B03
:10C6E00041F8042F9842F9D8EAE700BF9FE4010817
:10C6F000B0E4010830B502690C69121B0ED100F1DB
:10C700001403143103EB840001EB840150F8045D41
:10C7100051F8044DA54203D005D30122104630BD87
:10C720008342F3D3FAE74FF0FF32F7E72DE9F84FF2
:10C730000C460646114620469046FFF7DBFF051ED5
:10C7400010D129463046FFF753FD30B93A4B024627
:10C7500040F23221394800F097FA0123C0E904354C
:10C76000BDE8F88FA4BF4346A0463046D8F8041071
:10C77000A6BF1C4600250125FFF73AFD20B92E4B28
:10C7800002464FF41071E5E7D8F810702669C560CD
:10C7900004F1140908F1140500F1140E05EB870CDF
:10C7A00009EB860608F11002F246002159F8043B15
:10C7B00052F804BF1FFA83F811FA8BF11B0CA1EB9E
:10C7C0000808C3EB1B4303EB28431FFA88F819142E
:10C7D0004E4548EA03434AF8043BE7D8331B153B70
:10C7E00023F0030304331534A64238BF04231D4449
:10C7F00073449E462E4666450ED30CF10302521B2F
:10C8000022F00302033DAC4538BF00221A4452F81F
:10C81000043D7BB10761A3E756F8048B11FA88F257
:10C82000141404EB184492B242EA04424EF8042B6A
:10C830002114E0E7013FEAE79FE40108B0E40108C2
:10C840002DE9F7438946012157EC106B9046FFF71D
:10C85000CFFC044630B90246254B264840F20A3147
:10C8600000F012FAC7F30A55C7F3130335BB002EC5
:10C87000019328D068460096FFF782FD009900B327
:10C88000019AC0F1200302FA03F30B43C240636133
:10C890000192019BA361002B14BF0222012222619D
:10C8A000D5B1A5F233450544C9F80050C0F13500B3
:10C8B000C8F80000204603B0BDE8F08343F48013BD
:10C8C000D5E76161E5E701A8FFF75AFD019B6361C8
:10C8D000012222612030E3E704EB8203A0F2324020
:10C8E000C9F800001869FFF72BFDC0EB4210DFE725
:10C8F0009FE40108B0E4010837B5A1FB02244CB95C
:10C9000011460192FEF778F8019A054630B928469B
:10C9100003B030BD0C2202600025F8E72146FDF788
:10C92000F7FFF4E72DE9F0478E689E4282460C46F9
:10C9300090461F4638D88A8912F4906F32D0256805
:10C940000969A5EB0109656905EB450505EBD57599
:10C9500001334B446D109D4238BF1D46530531D500
:10C960002946FEF749F8064650B90C23CAF80030AC
:10C97000A38943F04003A3814FF0FF30BDE8F08767
:10C9800021694A46FDF7B6FFA38923F4906343F07B
:10C990008003A381266165614E44A5EB09052660ED
:10C9A000A5603E46BE4200D93E462068324641461A
:10C9B00000F088FBA3689B1BA360236833442360BB
:10C9C0000020DBE72A4600F097FB06460028E1D16D
:10C9D00021695046FDF7A4FFC7E700002DE9F04F9D
:10C9E00098468B891B069DB007460D4614460ED50A
:10C9F0000B6963B94021FDF7FFFF2860286120B96A
:10CA00000C233B604FF0FF30D1E040236B610023EB
:10CA1000099320238DF82930CDF80C803023DFF8DE
:10CA2000A8818DF82A304FF0010923469A4613F861
:10CA3000012B0AB1252AF9D1BAEB040B0BD05B46C6
:10CA4000224629463846FFF76DFF013000F0AA80E4
:10CA5000099A5A4409929AF80030002B00F0A280FB
:10CA600000234FF0FF32CDE905230AF1010A0493B8
:10CA700007938DF853301A935446052214F8011B7E
:10CA80005148E3F745FC049AD8B9D00644BF2023A7
:10CA90008DF85330110744BF2B238DF853309AF88B
:10CAA00000302A2B15D0079A544600204FF00A0C6C
:10CAB000214611F8013B303B092B4ED9B0B107920A
:10CAC00014E0A0EB080309FA03F313430493A2460E
:10CAD000D2E7039B191D1B680391002BBBBF5B4270
:10CAE00042F0020207930793B8BF049223782E2BDB
:10CAF0000CD163782A2B35D1039B1A1D1B68039236
:10CB0000002BB8BF4FF0FF3302340593DFF8C8A005
:10CB1000217803225046E3F7FBFB40B14023A0EB12
:10CB20000A0003FA00F0049B03430134049314F851
:10CB3000011B26488DF828100622E3F7E9FB0028A0
:10CB400038D0234B1BBB039B073323F00703083369
:10CB50000393099B3344099367E70CFB02320C46AD
:10CB60000120A5E700230134059319464FF00A0C74
:10CB7000204610F8012B303A092A03D9002BC5D0E2
:10CB80000591C3E70CFB012104460123F0E703AB49
:10CB900000932A460F4B04A93846FEF731F8421C91
:10CBA0000646D6D1AB895B063FF52CAF09981DB080
:10CBB000BDE8F08F03AB00932A46064B04A9384624
:10CBC000FEF7AAFAEBE700BF2CE6010836E60108FB
:10CBD00001AC010825C9010832E6010810B50C4670
:10CBE000B1F90E1000F010FC0028ABBF636DA389F3
:10CBF0001B1823F48053ACBF6365A38110BD2DE9DE
:10CC0000F0411F468B89DB0505460C46164605D5C7
:10CC1000B1F90E100223002200F030FAA389B4F912
:10CC20000E1023F48053A38132463B462846BDE8CC
:10CC3000F04100F017B810B50C46B1F90E1000F035
:10CC40001DFA431CA38915BF606523F4805343F488
:10CC50008053A38118BFA38110BDB1F90E1000F05D
:10CC600031B8000038B5074D044608461146002289
:10CC70002A601A4600F0C8FD431C02D12B6803B19C
:10CC8000236038BDCC3C00201FB514461A46094B22
:10CC90001B680546D8684CB1074B0091CDE90134BB
:10CCA00006492B4600F0B6F900F08EFC044B1C46FA
:10CCB000F3E700BF440300203DE601084AE601080F
:10CCC00078E6010838B5064D0023044608462B6077
:10CCD00000F054FD431C02D12B6803B1236038BD22
:10CCE000CC3C00208A892DE9F041054610070C460E
:10CCF00058D44B68002B05DC0B6C002B02DC0020A9
:10CD0000BDE8F081E66A002EF9D0002312F48052CB
:10CD10002F682B6032D0606DA3895A0705D56368F0
:10CD2000C01A636B0BB1236CC01A00230246E66A7B
:10CD3000216A2846B047431CA38906D129681D29CA
:10CD40002CD82A4ACA40D60728D500226260D904C6
:10CD50002269226004D5421C01D12B6803B96065A9
:10CD6000616B2F600029CAD004F14403994202D0BC
:10CD70002846FDF7D5FD00206063C1E7216A012345
:10CD80002846B047411CC7D12B68002BC4D01D2BAF
:10CD900001D0162B01D12F60B1E7A38943F04003E6
:10CDA000A381ADE70F69002FA9D093070E6808BFD4
:10CDB0004B690F6018BF0023A6EB07088B60B8F122
:10CDC000000F9CDD216AA66A43463A462846B047D2
:10CDD000002806DCA38943F04003A3814FF0FF3015
:10CDE0008EE70744A8EB0008E9E700BF01004020F8
:10CDF00038B50B6905460C4613B90025284638BDE1
:10CE000018B183690BB900F087F8144B9C421BD111
:10CE10006C68B4F90C30002BEFD0626ED00704D4EC
:10CE2000990502D4A06D00F027F928462146FFF7A6
:10CE300059FF636EDA070546E0D4A3899B05DDD46C
:10CE4000A06D00F01AF9D9E7054B9C4201D1AC68FE
:10CE5000DFE7044B9C4208BFEC68DAE79CE6010878
:10CE6000BCE601087CE60108002310B50446C0E9D1
:10CE70000033C0E90433836081814366C2818361EA
:10CE8000194608225C30FDF743FD054B6362054BF4
:10CE9000A362054BE362054B2462236310BD00BF10
:10CEA000DDCB0108FFCB010837CC01085BCC0108C2
:10CEB000014900F0C1B800BFF1CD010870B568228A
:10CEC0004D1E55430E4605F17401FDF795FD0446D0
:10CED00040B10021C0E900160C30A06005F16802E5
:10CEE000FDF716FD204670BD014800F0C5B800BF33
:10CEF000D13C0020014800F0C0B800BFD13C002068
:10CF0000014800F0B9B800BFD23C0020014800F051
:10CF1000B4B800BFD23C002010B50446FFF7F0FFC4
:10CF2000A3691BB1BDE81040FFF7F0BFC4E912339D
:10CF30002365134B134A1B68A262A34204BF01235B
:10CF4000A361204600F020F86060204600F01CF845
:10CF5000A060204600F018F80022E060042160681C
:10CF6000FFF782FFA06801220921FFF77DFFE0683B
:10CF700002221221FFF778FF0123A361D2E700BF4D
:10CF8000C4E20108B1CE0108F8B50746FFF7ACFFCF
:10CF90001E4B1E68B36913B93046FFF7BDFF483614
:10CFA000D6E90134013B03D533680BB33668F7E7A4
:10CFB000B4F90C50D5B9164BE36004F1580065661E
:10CFC00000F059F8FFF796FFC4E90155C4E904558C
:10CFD0002560A5610822294604F15C00FDF798FC54
:10CFE000C4E90D55C4E912552046F8BD6834D9E7A7
:10CFF00004213846FFF762FF044630600028D5D18F
:10D00000FFF778FF0C233B60EEE700BFC4E20108A6
:10D010000100FFFF0EB403B5014603AB054853F80A
:10D02000042B0068019300F0BFF802B05DF804EB38
:10D0300003B07047440300202DE9F84306468846B4
:10D0400000F148040027D4E90195B9F1010905D59B
:10D050002468002CF7D13846BDE8F883AB89012B52
:10D0600007D9B5F90E30013303D029463046C04701
:10D0700007436835E9E770477047704738B5074D93
:10D0800004460846114600222A601A4600F09EFB1C
:10D09000431C02D12B6803B1236038BDCC3C002077
:10D0A00082B001B901A942B14BB113780B6012787B
:10D0B000101E18BF012002B070471046FBE76FF04A
:10D0C0000100F8E7884210B501EB020402D984425E
:10D0D000234607D8431EA14208D011F8012B03F8BC
:10D0E000012FF8E7024401468A4200D110BD13F82F
:10D0F000014D02F8014DF7E72DE9F0418046144655
:10D100000E4621B9BDE8F0411146FDF775BC2AB9BC
:10D11000FDF706FC25462846BDE8F08100F0C0FA80
:10D120008442074602D8B4EB500F12D8214640463D
:10D13000FDF762FC05460028EDD0BC422246314690
:10D1400028BF3A46FDF7D6FB31464046FDF7E8FBDF
:10D15000E1E73546DFE79368013B002B10B49360AD
:10D1600008DA9469A34201DB0A2903D15DF8044B74
:10D1700000F05CB91368581C1060197008465DF81F
:10D18000044B7047F8B506460F461446D518AC4216
:10D1900001D1002007E014F8011B3A463046FFF7A2
:10D1A000DAFF431CF3D1F8BD2DE9F04F0D469DB0D9
:10D1B00014469846064618B183690BB9FFF7ACFED2
:10D1C000894B9D421BD175686B6ED90705D4AB891D
:10D1D0009A0502D4A86DFFF74FFFAB891B0701D555
:10D1E0002B69EBB92946304600F080F9C0B16B6E6F
:10D1F000DC070ED54FF0FF301DB0BDE8F08F7B4B44
:10D200009D4201D1B568DFE7794B9D4208BFF568C3
:10D21000DAE7AB899805EDD4A86DFFF72EFFE9E7B3
:10D220000023099320238DF82930CDF80C8030237A
:10D23000DFF8C0818DF82A304FF0010923469A4665
:10D2400013F8012B0AB1252AF9D1BAEB040B0BD044
:10D250005B46224629463046FFF794FF013000F036
:10D26000AA80099A5A4409929AF80030002B00F0DB
:10D27000A28000234FF0FF32CDE905230AF1010A15
:10D28000049307938DF853301A935446052214F8EB
:10D29000011B5848E3F73CF8049AD8B9D10644BFBB
:10D2A00020238DF85330130744BF2B238DF85330C0
:10D2B0009AF800302A2B15D0079A544600204FF0D8
:10D2C0000A0C214611F8013B303B092B4ED9B0B175
:10D2D000079214E0A0EB080309FA03F31343049345
:10D2E000A246D2E7039B191D1B680391002BBBBF0D
:10D2F0005B4242F0020207930793B8BF049223787F
:10D300002E2B0CD163782A2B35D1039B1A1D1B6859
:10D310000392002BB8BF4FF0FF3302340593DFF8C0
:10D32000E4A0217803225046E2F7F2FF40B1402307
:10D33000A0EB0A0003FA00F0049B034301340493BA
:10D3400014F8011B2C488DF828100622E2F7E0FFA4
:10D3500000283FD0294B1BBB039B073323F0070357
:10D3600008330393099B3B44099367E70CFB0232A4
:10D370000C460120A5E700230134059319464FF020
:10D380000A0C204610F8012B303A092A03D9002B49
:10D39000C5D00591C3E70CFB012104460123F0E74A
:10D3A00003AB00932A46164B04A93046FDF728FC30
:10D3B0000746781CD6D16B6ED90705D4AB899A0580
:10D3C00002D4A86DFFF759FEAB895B063FF512AF9B
:10D3D000099811E703AB00932A46094B04A930468C
:10D3E000FDF79AFEE4E700BF9CE60108BCE60108F1
:10D3F0007CE601082CE6010836E6010801AC0108CC
:10D4000085D1010832E6010838B5074D04460846C3
:10D41000114600222A601A4600F0E0F9431C02D1AE
:10D420002B6803B1236038BDCC3C0020F8B50E4614
:10D430001446054618B183690BB9FFF76DFD214B02
:10D440009C422BD16C68A369A360A3891A072FD5CE
:10D4500023696BB323692068C01A6369F6B28342FB
:10D46000374604DC21462846FFF7C2FC30BBA368E0
:10D47000013BA36023685A1C22601E70636901305F
:10D48000834204D0A389DB0706D50A2E04D12146A6
:10D490002846FFF7ADFC88B93846F8BD0A4B9C42D8
:10D4A00001D1AC68CFE7094B9C4208BFEC68CAE7E2
:10D4B0002146284600F01AF80028CBD04FF0FF375D
:10D4C000EAE700BF9CE60108BCE601087CE601082B
:10D4D00049B1FF2A85BF8A2303600A704FF0FF30ED
:10D4E00098BF01207047084670470000324B70B566
:10D4F0001D6806460C4625B1AB6913B92846FFF7EF
:10D500000BFD2E4B9C420FD16C68A389B4F90C2003
:10D5100019072CD4DD0611D40923336042F04003EF
:10D52000A3814FF0FF303EE0254B9C4201D1AC6817
:10D53000EBE7244B9C4208BFEC68E6E7580712D59E
:10D54000616B41B104F14403994202D03046FDF7CA
:10D55000E7F900236363A38923F02403A381002355
:10D56000636023692360A38943F00803A3812369CF
:10D570004BB9A38903F42073B3F5007F03D0214690
:10D58000304600F04DF8A089B4F90C2010F00103EA
:10D590000AD00023A36063695B42A361236943B996
:10D5A00010F08000BAD170BD810758BF6369A360D5
:10D5B000F4E70020F7E700BF440300209CE60108E1
:10D5C000BCE601087CE6010808B5062000F098F8E2
:10D5D000012000F021F970B50E46B1F90E100029B6
:10D5E00096B014461D4608DAB6F90C3000222A60BF
:10D5F0001A0610D44FF480630EE06A4600F09CF8DF
:10D600000028F1DB019A02F47042A2F500535A425D
:10D610005A412A60EEE740230020236016B070BD17
:10D620008B8973B59D0706460C4607D504F1470361
:10D63000236023610123636102B070BD01AB6A46C0
:10D64000FFF7C9FF009905463046FDF7D5F948B9FF
:10D65000B4F90C309A05EFD423F0030343F002032E
:10D66000A381E3E70D4BB362A389206043F08003FD
:10D67000A381009B6361019B20615BB1B4F90E1033
:10D68000304600F06BF828B1A38923F0030343F080
:10D690000103A381A0890543A581CDE7B1CE01088F
:10D6A00051F8043C181F002BBCBF0B58C018704722
:10D6B0001F2938B504460D4604D9162303604FF0E0
:10D6C000FF3038BD426C12B152F821304BB92046C0
:10D6D00000F030F82A4601462046BDE8384000F008
:10D6E00017B8012B0AD0591C03D11623036001205F
:10D6F000E7E7002442F82540284698470020E0E765
:10D70000024B01461868FFF7D3BF00BF4403002057
:10D7100038B5074D00230446084611462B6000F03B
:10D720004DF8431C02D12B6803B1236038BD00BF04
:10D73000CC3C002000F032B838B5074D0023044639
:10D74000084611462B6000F021F8431C02D12B68DB
:10D7500003B1236038BD00BFCC3C002038B5064D76
:10D760000023044608462B6000F020F8431C02D139
:10D770002B6803B1236038BDCC3C0020024B5822FB
:10D780001A604FF0FF307047CC3C0020024B58220B
:10D790001A604FF0FF307047CC3C0020024B5822FB
:10D7A0001A604FF0FF307047CC3C0020024B5822EB
:10D7B0001A600020704700BFCC3C0020024B58226A
:10D7C0001A604FF0FF307047CC3C0020024B5822CB
:10D7D0001A604FF0FF307047CC3C0020024B5822BB
:10D7E0001A604FF0FF307047CC3C0020044A0549D6
:10D7F0001368002B08BF0B4618441060184670478A
:10D80000D43C0020D83C0020024B58221A604FF034
:10D81000FF307047CC3C0020FEE700BFF8B500BFEA
:10D82000F8BC08BC9E467047F8B500BFF8BC08BC01
:04D830009E46704759
:10D838004D61696E5461736B0000000038D80108AF
:10D848005D070008FEFF0000000000000004000063
:10D858000000000000000000486172647761726592
:10D86800204E455552450000257300005B20535952
:10D878005320494E464F205D2000000048617264E5
:10D88800776172652056657273696F6E2025642E04
:10D8980025642E2564000000537461727400000032
:10D8A800426F6F746C6F616465720000546D705FD5
:10D8B8004672696D776172655F427566206D616C4D
:10D8C8006C6F63206572726F7200000054696D6539
:10D8D800204F757400000000576169742046697212
:10D8E8006D776172650000004A756D7020746F2055
:10D8F80041505000426F6F746C6F616465722065AF
:10D90800786974000D0A0000737461636B5F616469
:10D918006472203A20253038580D0A005B204445AF
:10D9280042554720494E464F205D2000737461637D
:10D938006B5F73746172743A20253038580D0A0091
:10D94800737461636B5F656E6420203A20253038FC
:10D95800780D0A00737461636B5F64657074683A6C
:10D968002025640D0A000000537461636B204F7614
:10D978006572666C6F770D0A0000000048415244DA
:10D98800204641554C540D0A0000000054485245A9
:10D998004144204D4F44450D0A000000546872650B
:10D9A8006164204E616D653A2025730D0A00000000
:10D9B8004D41494E20535441434B0D0A000000008D
:10D9C80073702020202020203A20253038780D0A36
:10D9D800000000006375725F737020203A202530C4
:10D9E80038780D0A00000000707370202020202075
:10D9F8003A20253038780D0A000000006D73702039
:10DA0800202020203A20253038780D0A0000000018
:10DA1800723020203A20253038780D0A00000000A6
:10DA2800723120203A20253038780D0A0000000095
:10DA3800723220203A20253038780D0A0000000084
:10DA4800723320203A20253038780D0A0000000073
:10DA5800723132203A20253038780D0A0000000053
:10DA68006C7220203A20253038780D0A000000001A
:10DA7800706320203A20253038780D0A0000000015
:10DA8800707372203A20253038780D0A00000000A3
:10DA980000000000310D0A00320D0A00330D0A00A3
:10DAA800340D0A00350D0A00360D0A00370D0A003C
:10DAB800380D0A00390D0A0031300D0A0000000047
:10DAC800557067726164655F517565756500000022
:10DAD800557067726164655F496E666F000000008B
:10DAE8000D0A73776974636820746F20666F7263B8
:10DAF80065206D6F64650D0A00000000666F726333
:10DB0800655F6D6F64650000594D6F64656D2065D4
:10DB180072726F720D0A00009CDA0108A0DA01081F
:10DB2800A4DA0108A8DA0108ACDA0108B0DA0108B9
:10DB3800B4DA0108B8DA0108BCDA0108C0DA010869
:10DB48005061636B206461746120696E76616C69F1
:10DB580064652073697A652025642C206275666681
:10DB68005B315D202B20627566665B325D203D204F
:10DB780030782530327800005B20594D4F44454DB0
:10DB8800205D0000726563656976652074696D655E
:10DB9800206F75742C207379735F74696D65202507
:10DBA800642C206C6174657374207570646174658D
:10DBB8005F74696D652025642072656365697665A3
:10DBC8002073697A65202564206465662070616326
:10DBD8006B2073697A6520256400000072656365AF
:10DBE800697665207061636B2043524320657272C9
:10DBF8006F722C202564202F2025640049646C65F1
:10DC08002070726F63207265632073697A652025BE
:10DC18006400000049646C652070726F6320696E4F
:10DC280076616C6964207061636B2073697A652022
:10DC38002564000041636B2070726F632074726109
:10DC48006E736D69742041434B00000041636B2083
:10DC580070726F63207265636569766520454F54FD
:10DC68002061636B2077697468204E414B00000087
:10DC780041636B2070726F632072656365697665B6
:10DC88002043414E20726571756573740000000071
:10DC980066696C65207472616E736D697420646F57
:10DCA8006E650000256C6400205732355178782065
:10DCB80073656C6563746564000000005B205354F1
:10DCC8004F524147452044455620494E464F205D16
:10DCD80020000000204D6F64756C6520696E6974C2
:10DCE80069616C697A696E67000000004974656D46
:10DCF8005F4176616C6961626C6500005B457874B0
:10DD080065726E616C466C6173682053746F7261E2
:10DD180067655D0049444C45000000000D0A0D0A86
:10DD28002F2A2A2A2A2A2A2A2A2A2A2A2A20204242
:10DD3800697452746F7320202A2A2A2A2A2A2A2AC6
:10DD48002A2A2A2A5C720A0D0A5465616D204D61DF
:10DD580074653A2020202020202020385F4221545A
:10DD6800300D0A20202020202020202020202020C4
:10DD780020202020205748590D0A0D0A4275696C49
:10DD8800643A2020202020202020202020204D61BF
:10DD98007920313520323032352031313A32313A3A
:10DDA80031360D0A5368656C6C20202056657273F5
:10DDB800696F6E3A2020332E302E360D0A0000008F
:10DDC8000D0A5761726E696E673A20436F6D6D6117
:10DDD8006E6420697320746F6F206C6F6E670D0A14
:10DDE800000000000D0A436F6D6D616E64204C6980
:10DDF80073743A0D0A0000000D0A566172204C69CE
:10DE080073743A0D0A0000000D0A55736572204CB0
:10DE18006973743A0D0A00000D0A4B6579204C6944
:10DE280073743A0D0A000000436F6D6D616E6420D3
:10DE38006E6F7420466F756E640D0A0063616E27FD
:10DE4800742073657420706F696E7465720D0A00B2
:10DE580063616E2774207365742072656164206F36
:10DE68006E6C79207661720D0A00000020697320BB
:10DE78006E6F742061207661720D0A0056617220FF
:10DE88006E6F7420466F756E740D0A00636F6D6D4A
:10DE9800616E642068656C70206F66200000000069
:10DEA8000D0A506C6561736520696E707574207019
:10DEB800617373776F72643A000000000D0A706135
:10DEC8007373776F7264206572726F720D0A000047
:10DED8001B5B324A1B5B3148000000001B5B324B66
:10DEE8000D000000434D44200D0A00005641520029
:10DEF80055534552000000004B4559004E4F4E45C2
:10DF080000000000502E302E576465722053717542
:10DF1800616400000D0A00003A0000002F000000B4
:10DF28002420000008200800203D200022000000D6
:10DF38002C20307800000000303030303030303065
:10DF48003030300052657475726E3A20000000005F
:10DF580000002110422063308440A550C660E7705D
:10DF6800088129914AA16BB18CC1ADD1CEE1EFF105
:10DF78003112100273325222B5529442F772D662AD
:10DF8800399318837BB35AA3BDD39CC3FFF3DEE355
:10DF98006224433420040114E664C774A4448554FD
:10DFA8006AA54BB528850995EEE5CFF5ACC58DD5A5
:10DFB8005336722611163006D776F6669556B4464D
:10DFC8005BB77AA719973887DFF7FEE79DD7BCC7F5
:10DFD800C448E5588668A77840086118022823389D
:10DFE800CCC9EDD98EE9AFF9488969990AA92BB945
:10DFF800F55AD44AB77A966A711A500A333A122AED
:10E00800FDDBDCCBBFFB9EEB799B588B3BBB1AAB94
:10E01800A66C877CE44CC55C222C033C600C411C3C
:10E02800AEED8FFDECCDCDDD2AAD0BBD688D499DE4
:10E03800977EB66ED55EF44E133E322E511E700E8C
:10E048009FFFBEEFDDDFFCCF1BBF3AAF599F788F34
:10E058008891A981CAB1EBA10CD12DC14EF16FE114
:10E068008010A100C230E32004502540467067604C
:10E07800B9839893FBA3DAB33DC31CD37FE35EF364
:10E08800B1029012F322D23235421452776256729C
:10E09800EAB5CBA5A89589856EF54FE52CD50DC5B4
:10E0A800E234C324A01481046674476424540544EC
:10E0B800DBA7FAB79987B8975FE77EF71DC73CD704
:10E0C800D326F2369106B01657667676154634563C
:10E0D8004CD96DC90EF92FE9C899E9898AB9ABA954
:10E0E8004458654806782768C018E1088238A3288C
:10E0F8007DCB5CDB3FEB1EFBF98BD89BBBAB9ABBA4
:10E10800754A545A376A167AF10AD01AB32A923ADB
:10E118002EFD0FED6CDD4DCDAABD8BADE89DC98DF3
:10E12800267C076C645C454CA23C832CE01CC10C2B
:10E138001FEF3EFF5DCF7CDF9BAFBABFD98FF89F43
:10E14800176E367E554E745E932EB23ED10EF01E7B
:10E1580000000200502E302E5764657220537175EE
:10E16800616400000000000064656661756C7420DD
:10E178007573657200000000736574566172000063
:10E18800736574207661720075700000646F776E35
:10E198000000000072696768740000006C656674AE
:10E1A80000000000746162006261636B73706163F8
:10E1B800650000006261636B737061636500000055
:10E1C80064656C6574650000656E746572000000B6
:10E1D800656E74657200000068656C700000000070
:10E1E80073686F7720636F6D6D616E6420696E660A
:10E1F8006F0D0A68656C705B636D645D00000000FC
:10E2080075736572730000006C69737420616C6CBF
:10E218002075736572000000636D64730000000070
:10E228006C69737420616C6C20636D64000000007D
:10E2380076617273000000006C69737420616C6C05
:10E2480020766172000000006B65797300000000A1
:10E258006C69737420616C6C206B65790000000038
:10E26800636C656172000000636C65617220636FA6
:10E278006E736F6C6500000000000000010203046B
:10E288000102030406070809010002000400060051
:10E2980008000A000C001000200040008000000167
:10E2A800010101030701000008040204080101013B
:10E2B800000610160006101600000500480300208E
:10E2C800494E4600696E66004E414E006E616E0012
:10E2D80030003031323334353637383941424344EF
:10E2E8004546003031323334353637383961626368
:10E2F8006465660000202020202020202020282877
:10E3080028282820202020202020202020202020ED
:10E31800202020202088101010101010101010102D
:10E32800101010101004040404040404040404105D
:10E3380010101010101041414141414101010101EB
:10E3480001010101010101010101010101010101B5
:10E3580010101010101042424242424202020202C1
:10E368000202020202020202020202020202020285
:10E378001010101020000000000000000000000035
:10E388000000000000000000000000000000000085
:10E398000000000000000000000000000000000075
:10E3A8000000000000000000000000000000000065
:10E3B8000000000000000000000000000000000055
:10E3C8000000000000000000000000000000000045
:10E3D8000000000000000000000000000000000035
:10E3E8000000000000000000000000000000000025
:10E3F8000000000000496E66696E697479004E611C
:10E408004E005245454E54206D616C6C6F6320730D
:10E418007563636565646564002F6D6E742F776F2F
:10E42800726B73706163652F776F726B7370616362
:10E43800652F4743432D31302D706970656C696EC7
:10E44800652F6A656E6B696E732D4743432D3130B6
:10E458002D706970656C696E652D3333385F3230A5
:10E468003231313031385F3136333435313632304C
:10E47800332F7372632F6E65776C69622F6E6577C1
:10E488006C69622F6C6962632F7374646C69622FA4
:10E4980064746F612E630042616C6C6F63207375E6
:10E4A80063636565646564002F6D6E742F776F72A2
:10E4B8006B73706163652F776F726B7370616365DF
:10E4C8002F4743432D31302D706970656C696E6537
:10E4D8002F6A656E6B696E732D4743432D31302D5E
:10E4E800706970656C696E652D3333385F32303210
:10E4F80031313031385F31363334353136323033BB
:10E508002F7372632F6E65776C69622F6E65776CF7
:10E5180069622F6C6962632F7374646C69622F6D12
:10E52800707265632E6300000080E03779C3414351
:10E53800176E05B5B5B89346F5F93FE9034F384D61
:10E54800321D30F94877825A3CBF737FDD4F15750D
:10E55800000000000000F03F000000000000244020
:10E5680000000000000059400000000000408F40FB
:10E57800000000000088C34000000000006AF84066
:10E588000000000080842E4100000000D01263418A
:10E598000000000084D797410000000065CDCD4100
:10E5A800000000205FA00242000000E876483742E1
:10E5B800000000A2941A6D42000040E59C30A2427F
:10E5C8000000901EC4BCD64200003426F56B0C43F4
:10E5D8000080E03779C3414300A0D885573476439B
:10E5E80000C84E676DC1AB43003D9160E458E143FC
:10E5F800408CB5781DAF154450EFE2D6E41A4B4471
:10E6080092D54D06CFF08044F64AE1C7022DB544B5
:10E61800B49DD9794378EA44050000001900000048
:10E628007D000000232D302B2000686C4C006566AF
:10E6380067454647002C2066756E6374696F6E3AAD
:10E648002000617373657274696F6E2022257322CE
:10E65800206661696C65643A2066696C65202225CC
:10E6680073222C206C696E65202564257325730A36
:10E678000000000000000000000000000000000092
:10E688000000000000000000000000000000000082
:10E698000000000000000000000000000000000072
:10E6A8000000000000000000000000000000000062
:10E6B8000000000000000000000000000000000052
:10E6C8000000000000000000000000000000000042
:10E6D800000000004300504F534958002E0000002E
:10E6E800000800005CE101086CE1010870E1010824
:10E6F8000021000080E10108A9B0000888E10108B4
:10E708000009000000415B1B41B6000890E10108C8
:10E718000009000000425B1B59B6000894E101089B
:10E728000019000000435B1B73B600089CE1010858
:10E738000019000000445B1BABB60008A4E1010807
:10E748000009000000000009D9B60008ACE1010882
:10E75800001900000000000881B80008B0E10108B5
:10E76800001900000000007F81B80008BCE1010822
:10E77800001900007E335B1B99B80008C8E1010846
:10E78800001900000000000AB3B80008D0E1010831
:10E79800001900000000000DB3B80008D8E1010816
:10E7A80000200000E0E10108D1B80008E8E1010814
:10E7B8000021000008E2010871B9000810E2010810
:10E7C8000021000020E2010891B9000828E20108B0
:10E7D8000021000038E20108B1B9000840E2010850
:10E7E8000021000050E20108D1B9000858E20108F0
:10E7F8000021000068E20108F1B9000870E2010890
:08E80800D81BFE7F0100000097
:04E81000C502000835
:04E81400A102000855
:10E81800640000003D0E0008710E0008A50E0008F7
:10E82800910F0008AF1000081D1200087B110008A6
:10E83800E5130008D51200089D14000829150008E2
:10E848005D150008811500089115000800000000FA
:10E858000000000000000000C5150008EF90000847
:10E868001D180008331800087DBE0008C1BD000847
:10E878008DBD0008A5BE0008E9BD00085DBD000803
:10E888002DBD0008F1BE0008A91600083D170008B4
:10E89800B9170008659A0008C59A00085597000836
:10E8A800B5150008A5150008A9C0000859180008E2
:10E8B8005D1A0008291C0008C11C0008E91B000893
:10E8C800A11D000829260008C125000849260008BE
:10E8D8001B2D0008452D00084D2C00083D28000878
:10E8E800CD270008C12800086D2C0008BB2A0008A5
:10E8F8007D2B0008012D000895290008592F0008D4
:10E908008D340008D53B0008013D0008B93D0008DA
:10E91800013E0008513E0008793E0008AD3E00085F
:10E92800E13E000821400008F1400008CD41000800
:10E9380095420008B944000845430008914600087C
:10E9480065470008954E0008CD5D0008A55F0008E2
:10E958007D5300087D51000861490008B16E000828
:10E96800E56E0008E16F0008AAAAAAAA24DD01083A
:10E97800C8DD0108ECDD010800DE010810DE010831
:10E9880020DE010830DE010844DE010858DE0108F7
:10E9980074DE010884DE010894DE0108A8DE01089F
:10E9A800C4DE0108D8DE0108E4DE0108ECDE010857
:10E9B800F4DE0108F8DE010800DF010804DF0108C1
:10E9C800C9C5000861C600088BC5000839C500081C
:10E9D800B3C6000809C5000845C40008DFC600081A
:10E9E8000000000015CC000829CE0008DFCF000881
:10E9F80029D0000895CF000873D000080000000057
:10EA080009D1000829D2000851D2000891D800087D
:10EA180071D900083DDC000881D90008A9DA00088E
:10EA28001000024028000240400002405800024006
:10EA38007000024088000240A0000240B800024076
:10EA480010040240280402404004024058040240D6
:10EA58007004024088040240A0040240B804024046
:10EA68004DE0000809E1000899E1000809E2000802
:10EA780059DF000875E2000800000000A9E7000857
:10EA880099E80008E7E8000835E90008D9E900082E
:10EA9800C9EA00080090D0030090D00310000000DD
:10EAA80001000000001C0258800001000000000066
:10EAB8000000025800020000070000000000025891
:10EAC8000004000007000000000807000000000024
:10EAD800004C004000000000FFFF000000000000A4
:10EAE800FFFF0000000000000004025800020000C0
:10EAF800080000000004025800010000080000009F
:10EB080000000000000000000000000000000000FD
:10EB180000000000000000000000000000000000ED
:10EB280000000000000000000000000000000000DD
:10EB380000000000000000000000000000000000CD
:10EB4800B8020020000000000000000000000000E3
:10EB58000000000048030020000000009CE60108B7
:10EB6800BCE601087CE60108000000000000000087
:10EB7800000000000000000000000000000000008D
:10EB8800000000000000000000000000000000007D
:10EB9800000000000000000000000000000000006D
:10EBA800000000000000000000000000000000005D
:10EBB800000000000000000043000000000000000A
:10EBC800000000000000000000000000000000003D
:10EBD80000000000000000004300000000000000EA
:10EBE800000000000000000000000000000000001D
:10EBF80000000000000000004300000000000000CA
:10EC080000000000000000000000000000000000FC
:10EC180000000000000000004300000000000000A9
:10EC280000000000000000000000000000000000DC
:10EC38000000000000000000430000000000000089
:10EC480000000000000000000000000000000000BC
:10EC58000000000000000000430000000000000069
:10EC6800000000000000000000000000000000009C
:10EC78000000000000000000430000000000000049
:10EC8800000000000000000000000000000000007C
:10EC98000000000000000000D1D40108A1D0010844
:10ECA80000000000FCE20108E4E6010878E601083B
:10ECB80078E6010878E6010878E6010878E60108B0
:10ECC80078E6010878E6010878E6010878E60108A0
:10ECD800FFFFFFFFFFFFFFFFFFFFFFFFFFFF00003A
:10ECE80001004153434949000000000000000000B2
:10ECF800000000000000000000000000000000000C
:10ED08000000415343494900000000000000000092
:10ED180000000000000000000000000000000000EB
:04ED280000000000E7
:040000050801A82125
:00000001FF
